time,open,high,low,close,Volume,volume
1999-11-18,29.42,32.33,25.87,28.45,,44739900.0
1999-11-19,27.77,27.81,25.74,26.11,,10897100.0
1999-11-22,26.71,28.45,25.9,28.45,,4705200.0
1999-11-23,27.48,28.21,26.03,26.03,,4274400.0
1999-11-24,25.95,27.12,25.87,26.55,,3464400.0
1999-11-26,26.44,26.84,26.35,26.64,,1237100.0
1999-11-29,26.51,27.44,26.23,27.24,,2914700.0
1999-11-30,27.16,27.77,26.47,27.28,,3083000.0
1999-12-01,27.28,28.09,27.08,27.77,,2115400.0
1999-12-02,28.29,29.1,27.93,28.54,,2195900.0
1999-12-03,29.06,29.55,28.65,28.78,,2175700.0
1999-12-06,29.26,30.03,29.22,29.58,,1610000.0
1999-12-07,29.58,29.75,28.65,29.26,,1585100.0
1999-12-08,29.26,29.51,28.98,29.22,,1350400.0
1999-12-09,29.26,29.71,29.26,29.62,,1451400.0
1999-12-10,29.55,29.71,28.94,28.94,,1190800.0
1999-12-13,29.42,29.91,28.7,29.42,,2875900.0
1999-12-14,29.35,29.35,27.2,27.81,,1665900.0
1999-12-15,27.16,27.36,26.51,26.96,,2087100.0
1999-12-16,27.16,31.04,27.16,30.55,,1848300.0
1999-12-17,29.99,30.47,29.38,29.71,,2652400.0
1999-12-20,29.91,30.35,29.83,30.32,,856100.0
1999-12-21,30.19,30.19,29.75,30.15,,1616200.0
1999-12-22,30.15,30.75,29.95,30.75,,1363200.0
1999-12-23,30.72,32.33,30.68,32.17,,1544700.0
1999-12-27,32.29,34.4,32.05,34.15,,1451800.0
1999-12-28,35.08,39.77,34.88,39.77,,2546500.0
1999-12-29,40.74,51.12,40.7,46.56,,7524000.0
1999-12-30,49.15,51.73,48.01,51.25,,4771900.0
1999-12-31,51.41,51.69,49.31,49.99,,1381400.0
2000-01-03,50.92,51.05,43.57,46.56,,3343600.0
2000-01-04,44.06,44.54,41.87,43.0,,3408500.0
2000-01-05,42.84,42.88,39.65,39.81,,4119200.0
2000-01-06,39.85,40.09,37.59,38.8,,1812900.0
2000-01-07,38.19,42.64,38.15,42.03,,2016900.0
2000-01-10,44.62,45.03,43.69,44.58,,1536800.0
2000-01-11,44.58,44.58,42.96,43.97,,1327600.0
2000-01-12,43.97,43.97,41.42,43.09,,1022800.0
2000-01-13,44.22,45.14,42.68,43.73,,811400.0
2000-01-14,43.33,44.86,43.33,44.22,,942000.0
2000-01-18,44.38,47.13,44.06,46.24,,1503400.0
2000-01-19,46.56,46.56,45.14,45.27,,1877600.0
2000-01-20,45.75,45.83,43.65,44.06,,1436300.0
2000-01-21,44.7,44.86,42.96,44.46,,1372200.0
2000-01-24,44.3,46.44,43.97,44.3,,1499200.0
2000-01-25,44.46,45.03,42.96,43.77,,825300.0
2000-01-26,43.93,44.78,43.89,44.17,,731300.0
2000-01-27,45.19,45.59,43.49,44.26,,621300.0
2000-01-28,44.94,44.94,43.61,44.01,,1151100.0
2000-01-31,43.69,43.73,41.87,42.8,,744200.0
2000-02-01,42.84,46.56,42.84,45.91,,1004500.0
2000-02-02,46.48,49.47,46.27,49.47,,1391400.0
2000-02-03,48.62,50.28,47.73,50.28,,1272900.0
2000-02-04,50.28,50.28,48.5,49.31,,819500.0
2000-02-07,50.24,51.73,49.31,51.41,,911500.0
2000-02-08,52.22,53.15,50.6,51.09,,836700.0
2000-02-09,50.2,50.89,48.95,48.98,,846100.0
2000-02-10,49.79,50.96,48.7,49.59,,763100.0
2000-02-11,49.47,49.67,48.38,48.74,,537700.0
2000-02-14,48.66,49.75,48.38,49.43,,599200.0
2000-02-15,49.51,53.67,49.51,52.95,,1443200.0
2000-02-16,51.73,52.95,51.33,52.38,,1288800.0
2000-02-17,52.38,62.73,50.2,62.73,,675900.0
2000-02-18,57.23,62.0,56.94,60.62,,2904200.0
2000-02-22,62.08,62.97,58.2,59.17,,1593700.0
2000-02-23,59.25,64.67,59.25,64.02,,1208900.0
2000-02-24,65.57,74.62,64.99,69.06,,2114700.0
2000-02-25,66.86,73.65,66.8,69.9,,1465100.0
2000-02-28,69.9,70.61,63.53,65.31,,1198400.0
2000-02-29,65.57,68.03,65.51,67.19,,685300.0
2000-03-01,67.58,72.3,67.45,70.55,,742400.0
2000-03-02,71.07,71.13,66.28,68.09,,850000.0
2000-03-03,67.83,72.3,67.83,69.84,,869700.0
2000-03-06,73.07,104.76,72.75,102.82,,4072600.0
2000-03-07,100.88,104.11,84.71,91.82,,5515600.0
2000-03-08,94.41,98.29,90.53,98.29,,2828300.0
2000-03-09,95.06,99.58,93.76,98.94,,1798700.0
2000-03-10,98.94,100.17,90.53,91.82,,1773500.0
2000-03-13,84.13,89.82,83.74,84.91,,1878900.0
2000-03-14,86.01,87.95,76.89,84.07,,2520000.0
2000-03-15,82.84,82.84,73.27,73.91,,2179000.0
2000-03-16,75.01,79.54,72.43,76.37,,1981100.0
2000-03-17,77.15,82.13,76.37,78.31,,1118600.0
2000-03-20,77.86,78.57,73.07,73.59,,1016200.0
2000-03-21,71.65,74.37,68.42,74.37,,1808500.0
2000-03-22,73.46,78.18,70.55,77.21,,1407700.0
2000-03-23,77.15,80.06,75.66,77.4,,1396200.0
2000-03-24,76.79,78.25,75.17,77.6,,880200.0
2000-03-27,76.43,77.28,73.2,73.91,,605700.0
2000-03-28,73.72,78.83,73.4,77.02,,996100.0
2000-03-29,76.95,78.25,71.13,72.43,,894400.0
2000-03-30,69.97,72.75,64.1,67.9,,1455100.0
2000-03-31,68.55,68.55,58.2,67.25,,2670200.0
2000-04-03,66.61,66.8,59.33,63.37,,1452700.0
2000-04-04,63.37,66.22,53.03,60.46,,2517800.0
2000-04-05,59.98,64.59,58.28,62.69,,1508700.0
2000-04-06,63.62,67.9,62.76,67.9,,983600.0
2000-04-07,69.52,80.83,69.26,78.89,,2128200.0
2000-04-10,78.89,78.89,68.16,69.77,,2114500.0
2000-04-11,65.31,67.83,64.38,65.25,,1356300.0
2000-04-12,63.37,64.18,53.67,55.61,,3112700.0
2000-04-13,56.91,62.73,56.26,58.2,,2672800.0
2000-04-14,56.74,57.84,52.38,53.47,,2047700.0
2000-04-17,51.77,53.43,47.24,51.41,,1972500.0
2000-04-18,50.44,56.91,48.58,56.26,,2688300.0
2000-04-19,56.26,58.16,54.32,56.42,,1733900.0
2000-04-20,56.83,59.33,56.5,58.16,,1039400.0
2000-04-24,56.34,59.74,55.0,59.25,,1215000.0
2000-04-25,61.19,61.79,58.2,58.2,,803500.0
2000-04-26,61.52,61.56,59.25,59.41,,698500.0
2000-04-27,57.64,60.3,57.55,58.68,,1631800.0
2000-04-28,58.2,58.24,56.22,57.31,,1272800.0
2000-05-01,57.31,62.24,57.31,61.68,,1356000.0
2000-05-02,63.53,67.32,63.01,65.18,,3046800.0
2000-05-03,63.05,63.37,57.96,59.17,,1664800.0
2000-05-04,59.17,59.17,57.07,58.36,,850000.0
2000-05-05,58.32,60.42,57.96,59.13,,903700.0
2000-05-08,59.41,59.41,54.68,54.8,,771300.0
2000-05-09,55.29,55.94,50.8,51.86,,1229300.0
2000-05-10,51.09,51.53,48.98,49.79,,1145500.0
2000-05-11,50.12,51.33,49.15,49.51,,1203100.0
2000-05-12,54.32,63.37,53.19,58.56,,9703800.0
2000-05-15,58.2,58.85,55.13,57.03,,3178000.0
2000-05-16,58.28,62.69,56.91,57.88,,4127900.0
2000-05-17,53.83,54.16,49.67,50.44,,8906100.0
2000-05-18,50.44,51.05,45.91,45.91,,4401600.0
2000-05-19,47.01,48.3,42.76,43.09,,3763300.0
2000-05-22,43.33,43.97,38.76,40.34,,5594200.0
2000-05-23,40.05,40.9,36.57,37.51,,3730100.0
2000-05-24,37.34,38.76,34.92,38.15,,5691900.0
2000-05-25,38.31,44.46,37.67,44.46,,5492200.0
2000-05-26,43.33,44.3,41.59,42.03,,3545300.0
2000-05-30,42.8,49.43,42.72,48.74,,3818900.0
2000-05-31,47.85,50.56,47.04,47.61,,3153300.0
2000-06-01,48.14,49.35,47.04,47.21,,2824200.0
2000-06-02,47.53,53.03,47.53,52.86,,12222000.0
2000-06-05,52.38,54.16,49.47,51.09,,7613100.0
2000-06-06,48.62,48.82,44.66,45.91,,8713000.0
2000-06-07,45.27,46.72,42.36,43.33,,8170500.0
2000-06-08,43.33,45.14,43.2,44.7,,6846400.0
2000-06-09,45.1,47.08,45.1,45.83,,6631000.0
2000-06-12,46.97,46.97,42.19,42.68,,4059300.0
2000-06-13,41.71,46.4,41.71,44.66,,5521000.0
2000-06-14,45.75,46.24,43.33,43.81,,4013500.0
2000-06-15,43.93,43.93,41.91,42.64,,4862500.0
2000-06-16,42.8,43.04,40.09,40.5,,4640700.0
2000-06-19,40.18,44.62,40.18,43.97,,4872300.0
2000-06-20,44.58,49.07,44.22,47.61,,8382100.0
2000-06-21,47.45,51.69,47.41,50.76,,6421800.0
2000-06-22,51.57,51.61,48.1,48.98,,4816700.0
2000-06-23,47.81,50.12,47.77,48.58,,2839400.0
2000-06-26,48.5,49.35,47.89,48.58,,2735600.0
2000-06-27,48.42,49.67,47.94,48.78,,2940000.0
2000-06-28,50.92,51.86,50.28,51.41,,7078100.0
2000-06-29,51.65,51.69,48.5,49.07,,6195100.0
2000-06-30,49.59,51.41,47.63,47.69,,5922900.0
2000-07-03,47.85,47.98,46.4,47.65,,2285900.0
2000-07-05,46.64,47.01,45.03,45.43,,3862600.0
2000-07-06,45.27,45.55,44.17,44.7,,3005300.0
2000-07-07,45.27,45.55,43.16,43.65,,4286300.0
2000-07-10,43.81,45.43,43.73,44.3,,3836000.0
2000-07-11,43.97,44.33,42.76,43.53,,2987600.0
2000-07-12,44.9,45.67,44.01,44.62,,2712800.0
2000-07-13,44.62,46.88,44.46,45.91,,4177800.0
2000-07-14,46.24,50.6,46.24,49.83,,5438900.0
2000-07-17,49.71,52.34,49.31,50.6,,4410700.0
2000-07-18,50.44,50.44,47.85,49.55,,2619100.0
2000-07-19,49.15,49.18,47.04,47.89,,2531500.0
2000-07-20,47.77,49.35,34.92,34.92,,2540500.0
2000-07-21,33.3,33.3,29.91,31.08,,26067300.0
2000-07-24,32.33,32.46,30.88,32.01,,10005100.0
2000-07-25,31.72,32.01,28.94,28.94,,6534900.0
2000-07-26,29.71,30.15,27.68,27.81,,8144000.0
2000-07-27,28.61,29.06,26.11,26.35,,7045500.0
2000-07-28,27.0,27.08,25.54,26.67,,6879100.0
2000-07-31,26.55,27.28,25.95,26.35,,5760500.0
2000-08-01,26.31,26.64,25.54,26.19,,4242500.0
2000-08-02,25.95,26.64,25.54,25.95,,4827500.0
2000-08-03,25.3,26.51,24.94,26.51,,6146000.0
2000-08-04,26.19,26.8,25.63,25.9,,3685600.0
2000-08-07,26.27,26.67,25.18,25.7,,3977700.0
2000-08-08,25.67,25.67,24.7,25.1,,3659600.0
2000-08-09,25.06,25.79,24.9,25.42,,3348000.0
2000-08-10,25.26,25.74,25.02,25.22,,2234400.0
2000-08-11,25.7,26.39,25.18,26.27,,2454400.0
2000-08-14,27.16,28.17,26.84,28.13,,3960000.0
2000-08-15,28.29,28.61,27.64,27.81,,3209900.0
2000-08-16,27.64,28.13,27.48,28.13,,2247000.0
2000-08-17,27.89,30.55,27.89,30.07,,6818600.0
2000-08-18,37.34,37.59,35.6,36.46,,12720800.0
2000-08-21,37.67,39.12,37.06,39.12,,6134600.0
2000-08-22,39.05,39.12,38.19,39.12,,3556200.0
2000-08-23,38.72,39.16,38.35,39.12,,2334500.0
2000-08-24,39.05,39.25,38.24,38.64,,2168100.0
2000-08-25,38.6,38.84,37.54,37.83,,1748300.0
2000-08-28,37.71,38.08,37.02,37.91,,2653000.0
2000-08-29,37.91,41.39,37.83,40.74,,4298300.0
2000-08-30,40.94,41.35,39.37,39.69,,2474800.0
2000-08-31,39.85,40.18,38.64,39.45,,2489200.0
2000-09-01,39.25,40.54,38.88,40.02,,2244800.0
2000-09-05,39.89,40.42,39.61,39.97,,1462800.0
2000-09-06,39.89,40.34,38.68,38.8,,1599000.0
2000-09-07,38.8,40.18,38.31,40.02,,1518600.0
2000-09-08,39.16,39.48,38.24,38.31,,1441900.0
2000-09-11,38.15,38.15,36.21,36.7,,2130800.0
2000-09-12,36.09,37.43,35.57,35.57,,2024500.0
2000-09-13,36.7,36.7,34.63,35.57,,2520200.0
2000-09-14,35.97,37.02,35.93,36.05,,2553000.0
2000-09-15,36.01,38.03,35.97,36.86,,2698700.0
2000-09-18,36.94,37.31,33.95,34.92,,3383900.0
2000-09-19,34.63,34.92,33.63,34.84,,2287600.0
2000-09-20,34.63,34.84,33.46,33.95,,1407800.0
2000-09-21,34.03,34.03,30.39,31.04,,2095700.0
2000-09-22,31.08,32.33,30.96,32.33,,2464400.0
2000-09-25,32.49,33.59,31.16,31.24,,1708500.0
2000-09-26,31.36,31.89,29.18,29.22,,2181800.0
2000-09-27,29.87,30.23,28.7,29.75,,2801700.0
2000-09-28,29.78,31.32,29.78,31.01,,3021900.0
2000-09-29,31.24,32.17,30.92,31.65,,2630500.0
2000-10-02,31.77,33.23,31.77,32.69,,2151800.0
2000-10-03,32.98,35.89,32.53,34.36,,3974300.0
2000-10-04,34.2,37.91,33.95,37.43,,3956500.0
2000-10-05,37.47,37.47,35.33,35.65,,2860400.0
2000-10-06,36.09,36.17,33.1,33.75,,1997000.0
2000-10-09,33.71,33.71,32.42,32.78,,1546200.0
2000-10-10,33.39,34.23,31.29,32.05,,2210600.0
2000-10-11,31.04,31.24,28.98,29.62,,3954100.0
2000-10-12,30.27,30.48,28.01,28.94,,2987600.0
2000-10-13,28.13,29.14,27.68,28.7,,3630500.0
2000-10-16,29.02,31.49,28.81,30.03,,2973700.0
2000-10-17,30.11,30.15,27.57,28.01,,2062400.0
2000-10-18,26.23,27.44,25.38,26.44,,4032800.0
2000-10-19,27.48,29.06,27.36,28.29,,3290300.0
2000-10-20,28.29,30.84,28.25,30.11,,3328800.0
2000-10-23,30.11,33.55,29.42,33.02,,3601700.0
2000-10-24,33.02,33.14,30.72,31.08,,2586600.0
2000-10-25,29.02,29.3,27.32,27.57,,3768600.0
2000-10-26,27.57,28.81,27.16,28.45,,4563000.0
2000-10-27,29.67,30.55,29.06,29.58,,3238300.0
2000-10-30,28.98,29.75,28.29,29.42,,1945300.0
2000-10-31,29.51,30.8,29.51,29.95,,2799000.0
2000-11-01,29.75,30.59,29.46,30.27,,2430700.0
2000-11-02,30.48,31.49,30.32,31.12,,2455500.0
2000-11-03,30.8,30.84,29.62,30.27,,1700100.0
2000-11-06,30.35,30.35,29.67,29.99,,1692300.0
2000-11-07,29.51,29.95,29.46,29.71,,1567600.0
2000-11-08,29.71,30.55,28.41,28.7,,1707000.0
2000-11-09,28.86,28.86,26.87,28.17,,2837900.0
2000-11-10,27.16,27.64,25.42,25.5,,3548000.0
2000-11-13,25.34,26.35,24.61,25.42,,4275600.0
2000-11-14,26.11,27.84,26.03,27.57,,2827700.0
2000-11-15,27.64,28.54,27.32,28.05,,1723800.0
2000-11-16,27.77,28.25,26.67,26.92,,1984200.0
2000-11-17,28.45,30.72,28.33,30.64,,5628100.0
2000-11-20,30.32,30.35,28.33,28.86,,2962100.0
2000-11-21,31.45,32.66,29.95,31.45,,7225100.0
2000-11-22,31.45,31.69,29.42,31.04,,2624100.0
2000-11-24,31.61,33.3,31.49,32.94,,1249300.0
2000-11-27,32.94,33.59,32.33,32.66,,2142700.0
2000-11-28,32.66,34.11,32.62,32.78,,2532300.0
2000-11-29,33.39,34.92,33.02,34.84,,3136700.0
2000-11-30,34.27,34.4,32.74,33.75,,3549800.0
2000-12-01,34.23,35.37,34.11,34.27,,2595600.0
2000-12-04,33.66,34.31,32.66,32.98,,2070900.0
2000-12-05,34.11,36.01,33.99,35.6,,3914400.0
2000-12-06,35.73,36.82,33.63,33.63,,3123700.0
2000-12-07,33.95,35.49,33.23,34.92,,2188800.0
2000-12-08,36.46,38.72,36.3,38.44,,3154500.0
2000-12-11,37.91,38.35,36.86,37.34,,2275600.0
2000-12-12,37.75,37.95,36.86,37.02,,1526600.0
2000-12-13,38.24,38.4,37.38,37.63,,2929600.0
2000-12-14,37.67,38.56,37.54,38.31,,3037800.0
2000-12-15,38.31,38.6,35.24,36.78,,4328300.0
2000-12-18,36.78,37.67,36.41,36.86,,2434500.0
2000-12-19,36.86,38.72,36.74,36.9,,2345200.0
2000-12-20,35.33,35.37,32.69,33.95,,3361000.0
2000-12-21,33.95,34.82,32.26,33.23,,2878200.0
2000-12-22,33.06,36.05,33.02,35.37,,1830300.0
2000-12-26,35.4,35.69,34.27,34.6,,1129500.0
2000-12-27,34.63,36.21,34.63,36.17,,2681300.0
2000-12-28,35.97,36.46,35.17,35.77,,1261300.0
2000-12-29,35.81,36.5,34.68,35.4,,1480200.0
2001-01-02,34.84,34.84,31.72,32.9,,1617800.0
2001-01-03,31.77,36.54,30.75,36.3,,3220800.0
2001-01-04,36.78,38.6,35.77,37.67,,3146200.0
2001-01-05,37.02,37.67,34.6,35.6,,2344100.0
2001-01-08,35.08,36.05,33.83,34.43,,1626100.0
2001-01-09,34.6,35.53,33.5,34.27,,1769800.0
2001-01-10,33.95,35.93,33.87,35.77,,1721000.0
2001-01-11,36.14,37.31,34.72,37.22,,2515800.0
2001-01-12,37.22,37.51,36.01,36.3,,1823500.0
2001-01-16,36.37,37.67,35.77,37.63,,1860500.0
2001-01-17,38.11,40.86,38.11,40.05,,5996500.0
2001-01-18,40.05,43.97,39.05,43.69,,4991800.0
2001-01-19,43.65,43.65,41.75,42.39,,4424300.0
2001-01-22,42.44,42.44,39.69,40.58,,2018900.0
2001-01-23,40.54,41.39,39.77,40.58,,2194500.0
2001-01-24,40.74,40.98,37.51,37.51,,3779600.0
2001-01-25,36.66,37.11,34.92,35.73,,3064600.0
2001-01-26,35.12,36.01,34.07,35.33,,2668000.0
2001-01-29,35.89,36.54,34.92,35.19,,2182600.0
2001-01-30,35.79,35.79,35.24,35.4,,1709200.0
2001-01-31,35.57,36.05,34.47,35.28,,1828000.0
2001-02-01,34.53,34.95,33.79,34.79,,2496800.0
2001-02-02,34.84,35.4,33.63,33.76,,2160900.0
2001-02-05,34.66,34.88,31.04,31.82,,2645900.0
2001-02-06,31.94,33.95,31.94,32.96,,2320000.0
2001-02-07,32.59,33.04,31.78,32.42,,1269300.0
2001-02-08,32.49,35.4,32.49,35.06,,2953600.0
2001-02-09,35.06,35.38,33.64,33.95,,1748000.0
2001-02-12,33.82,34.27,32.56,33.06,,2156200.0
2001-02-13,32.98,33.37,30.63,30.63,,3140000.0
2001-02-14,31.2,31.69,30.89,31.04,,3077500.0
2001-02-15,32.14,35.57,32.07,34.82,,2828900.0
2001-02-16,32.33,32.66,31.46,32.33,,3580200.0
2001-02-20,31.82,31.98,27.81,28.45,,4540600.0
2001-02-21,27.16,27.32,25.35,26.0,,6697900.0
2001-02-22,25.83,26.25,24.9,25.26,,4806900.0
2001-02-23,25.27,25.46,22.99,24.77,,3868800.0
2001-02-26,24.37,25.06,24.12,24.77,,2662500.0
2001-02-27,24.41,25.65,23.86,24.67,,2608300.0
2001-02-28,24.83,25.09,23.15,23.28,,2525900.0
2001-03-01,23.21,25.22,22.24,24.77,,3641500.0
2001-03-02,23.57,26.02,23.56,24.59,,2455000.0
2001-03-05,24.6,25.37,23.99,24.61,,1454100.0
2001-03-06,25.28,26.72,25.28,26.25,,2673600.0
2001-03-07,27.35,27.41,26.25,26.49,,1957600.0
2001-03-08,26.49,26.66,25.61,25.87,,2030200.0
2001-03-09,25.28,25.52,23.7,23.96,,2017700.0
2001-03-12,23.28,23.67,22.63,22.64,,2435000.0
2001-03-13,23.02,23.85,22.73,23.65,,1895400.0
2001-03-14,22.76,23.73,22.59,22.83,,2636100.0
2001-03-15,22.96,23.65,22.33,22.54,,2061700.0
2001-03-16,22.24,23.12,21.96,22.47,,2965600.0
2001-03-19,22.37,24.28,21.73,23.92,,1720700.0
2001-03-20,23.44,23.44,22.18,22.18,,3020900.0
2001-03-21,21.35,21.82,19.14,20.43,,6207200.0
2001-03-22,20.63,22.62,20.59,22.5,,3294000.0
2001-03-23,22.5,25.54,22.5,24.46,,3630000.0
2001-03-26,24.0,24.34,23.37,23.97,,2086500.0
2001-03-27,23.93,23.95,23.11,23.88,,1927600.0
2001-03-28,22.7,22.78,21.02,21.15,,3046400.0
2001-03-29,20.69,21.46,19.4,19.4,,6253600.0
2001-03-30,19.79,20.58,19.53,19.87,,3849100.0
2001-04-02,20.85,21.06,19.59,19.95,,2512500.0
2001-04-03,19.46,19.72,18.11,19.08,,3635800.0
2001-04-04,18.57,19.01,17.95,18.16,,2052600.0
2001-04-05,18.59,20.18,18.57,19.8,,2396600.0
2001-04-06,16.81,18.04,16.17,17.98,,5268200.0
2001-04-09,17.8,18.27,17.48,17.85,,2070200.0
2001-04-10,18.24,19.71,18.02,19.3,,2123700.0
2001-04-11,20.21,21.08,20.05,20.49,,2382700.0
2001-04-12,20.05,22.31,19.41,21.96,,2387400.0
2001-04-16,21.47,21.7,20.9,21.55,,1555000.0
2001-04-17,20.85,21.97,20.54,21.55,,1290100.0
2001-04-18,22.31,25.14,22.12,24.57,,3571800.0
2001-04-19,24.18,26.19,24.18,25.21,,2779900.0
2001-04-20,25.21,26.51,24.9,26.12,,2551700.0
2001-04-23,25.54,25.87,24.72,25.87,,2052900.0
2001-04-24,25.15,25.38,23.6,24.07,,1933000.0
2001-04-25,23.93,25.22,23.62,25.11,,1668300.0
2001-04-26,24.73,26.49,24.57,24.58,,2125200.0
2001-04-27,25.48,26.0,24.73,25.08,,1225700.0
2001-04-30,25.48,26.03,25.12,25.23,,1208900.0
2001-05-01,24.51,25.51,24.28,25.35,,1532500.0
2001-05-02,25.8,26.16,25.36,25.69,,1288400.0
2001-05-03,25.38,25.38,24.5,24.86,,1188600.0
2001-05-04,24.7,25.28,23.99,24.81,,1786500.0
2001-05-07,24.31,25.28,24.18,25.05,,1478300.0
2001-05-08,25.15,25.61,24.46,24.84,,1145400.0
2001-05-09,24.51,25.83,24.25,25.22,,1800700.0
2001-05-10,25.87,26.63,25.26,25.36,,1765500.0
2001-05-11,25.41,26.11,25.41,25.67,,1473400.0
2001-05-14,25.75,25.76,24.59,25.06,,1249700.0
2001-05-15,24.48,25.14,23.93,24.22,,1693300.0
2001-05-16,23.58,24.9,22.96,24.9,,2288300.0
2001-05-17,24.57,25.54,24.26,25.04,,2139900.0
2001-05-18,24.57,25.19,23.09,23.28,,6660100.0
2001-05-21,23.28,24.77,23.09,24.57,,4515700.0
2001-05-22,25.06,25.74,24.46,25.38,,2514100.0
2001-05-23,24.8,24.86,24.25,24.53,,2492000.0
2001-05-24,24.53,24.64,23.47,23.47,,1964900.0
2001-05-25,23.8,24.9,23.8,24.37,,1471800.0
2001-05-29,24.35,24.35,22.98,23.25,,1590400.0
2001-05-30,22.05,22.5,21.16,21.26,,2537500.0
2001-05-31,21.34,21.99,20.85,21.69,,3306700.0
2001-06-01,22.31,22.47,20.8,21.97,,1709300.0
2001-06-04,21.99,22.11,21.53,21.66,,1579000.0
2001-06-05,21.66,22.21,21.66,22.05,,2352500.0
2001-06-06,22.05,22.57,21.68,22.16,,1434900.0
2001-06-07,21.66,23.57,21.66,23.18,,2095300.0
2001-06-08,22.79,23.09,22.54,22.64,,941100.0
2001-06-11,22.24,22.63,21.44,21.84,,2280700.0
2001-06-12,21.35,21.76,20.76,21.53,,2057000.0
2001-06-13,21.66,21.94,21.11,21.11,,1136400.0
2001-06-14,20.79,20.8,19.63,20.11,,2383500.0
2001-06-15,19.41,20.02,18.75,19.7,,2862400.0
2001-06-18,19.59,20.09,18.93,19.4,,1783000.0
2001-06-19,19.72,19.84,18.75,18.96,,2357900.0
2001-06-20,18.96,19.01,17.62,18.38,,3309100.0
2001-06-21,18.59,19.17,18.31,19.13,,2232200.0
2001-06-22,18.75,19.63,18.6,19.01,,2458300.0
2001-06-25,19.04,19.37,18.88,19.17,,1656600.0
2001-06-26,18.95,19.37,18.42,18.88,,2509000.0
2001-06-27,18.4,19.72,18.4,19.3,,2418000.0
2001-06-28,19.4,20.63,19.4,20.49,,3012200.0
2001-06-29,20.37,22.05,19.92,21.02,,4018400.0
2001-07-02,21.02,21.66,20.71,21.4,,1539600.0
2001-07-03,21.47,21.47,20.9,21.03,,671600.0
2001-07-05,21.02,21.3,20.4,20.8,,1484400.0
2001-07-06,20.63,20.63,18.84,19.5,,1592200.0
2001-07-09,19.5,19.82,19.15,19.34,,992800.0
2001-07-10,19.34,19.66,18.16,18.3,,2423300.0
2001-07-11,18.33,18.59,16.94,17.38,,3102100.0
2001-07-12,18.43,20.37,18.3,19.88,,2467100.0
2001-07-13,19.88,20.75,19.28,19.59,,1990000.0
2001-07-16,19.5,19.81,18.43,18.69,,1595000.0
2001-07-17,18.27,19.36,18.11,19.08,,2097400.0
2001-07-18,18.17,18.91,18.17,18.42,,1045200.0
2001-07-19,18.52,19.72,18.52,18.73,,1346400.0
2001-07-20,18.57,19.0,18.04,18.69,,1470400.0
2001-07-23,18.75,18.98,17.82,17.92,,1479600.0
2001-07-24,17.85,18.07,17.46,17.75,,1773100.0
2001-07-25,17.72,18.0,17.41,18.0,,1640200.0
2001-07-26,18.11,19.11,17.88,18.89,,1820700.0
2001-07-27,18.85,19.52,18.63,19.46,,1322700.0
2001-07-30,18.79,19.37,18.79,19.02,,1294000.0
2001-07-31,18.79,19.59,18.38,18.5,,1533100.0
2001-08-01,19.08,20.62,18.9,20.53,,2514000.0
2001-08-02,20.37,21.15,20.14,20.53,,1843300.0
2001-08-03,20.18,20.92,20.12,20.24,,1014400.0
2001-08-06,20.25,20.36,19.73,19.93,,1221600.0
2001-08-07,19.93,20.56,19.72,20.07,,1057300.0
2001-08-08,19.21,19.79,18.7,18.72,,2213000.0
2001-08-09,18.72,18.72,18.12,18.52,,1156200.0
2001-08-10,18.53,18.62,17.79,18.49,,1712100.0
2001-08-13,18.75,18.98,18.24,18.7,,861200.0
2001-08-14,18.75,19.21,18.75,19.1,,1560700.0
2001-08-15,18.69,18.87,17.76,18.01,,1158100.0
2001-08-16,17.62,17.94,17.2,17.78,,1797600.0
2001-08-17,17.65,17.65,16.93,17.1,,1541400.0
2001-08-20,16.88,17.05,16.35,16.87,,1600900.0
2001-08-21,16.3,17.46,15.71,17.1,,5450000.0
2001-08-22,17.36,17.45,16.81,17.06,,1812800.0
2001-08-23,17.06,17.32,16.74,16.92,,2602100.0
2001-08-24,17.14,18.14,17.01,17.97,,1401000.0
2001-08-27,18.13,18.13,17.49,17.56,,982700.0
2001-08-28,17.59,17.98,17.3,17.78,,1345100.0
2001-08-29,17.72,17.85,17.53,17.56,,1383900.0
2001-08-30,17.4,17.82,16.75,16.85,,1424500.0
2001-08-31,16.75,17.3,16.72,17.14,,1029700.0
2001-09-04,17.04,17.43,16.55,16.7,,1336500.0
2001-09-05,16.39,16.67,15.69,15.91,,2946400.0
2001-09-06,15.75,15.88,15.0,15.52,,2814000.0
2001-09-07,15.0,15.68,14.94,15.1,,1683200.0
2001-09-10,14.55,14.99,14.46,14.91,,1964500.0
2001-09-17,13.68,14.54,13.58,14.06,,2540000.0
2001-09-18,13.9,14.49,13.58,14.05,,1525100.0
2001-09-19,14.87,14.87,13.0,14.71,,2926800.0
2001-09-20,14.23,14.23,13.28,13.46,,2088600.0
2001-09-21,13.22,13.22,11.64,13.03,,2917100.0
2001-09-24,13.26,14.03,13.06,13.58,,1988300.0
2001-09-25,13.71,13.71,11.96,12.79,,2465100.0
2001-09-26,12.9,13.06,11.96,12.48,,2269700.0
2001-09-27,12.33,12.44,11.91,12.44,,1807600.0
2001-09-28,12.55,12.88,12.29,12.64,,2181100.0
2001-10-01,12.38,12.59,12.11,12.2,,1402500.0
2001-10-02,13.0,13.0,12.29,12.98,,2425000.0
2001-10-03,13.89,13.89,12.64,13.74,,2930900.0
2001-10-04,14.39,14.39,13.62,14.03,,2614800.0
2001-10-05,13.94,13.94,13.19,13.64,,1946700.0
2001-10-08,14.23,14.23,13.32,13.85,,1480500.0
2001-10-09,13.88,13.88,13.22,13.44,,1303000.0
2001-10-10,13.29,14.21,13.26,14.19,,1461100.0
2001-10-11,14.31,15.75,14.31,15.6,,2878900.0
2001-10-12,15.08,15.36,14.81,15.11,,2642100.0
2001-10-15,15.14,15.26,14.47,15.02,,1816300.0
2001-10-16,14.87,15.51,14.87,15.4,,1188700.0
2001-10-17,15.84,16.03,14.94,15.27,,1997000.0
2001-10-18,14.78,15.07,14.57,14.68,,995000.0
2001-10-19,14.62,15.2,14.52,15.11,,1134400.0
2001-10-22,14.68,15.35,14.61,15.27,,1031200.0
2001-10-23,15.27,15.94,15.26,15.42,,1360700.0
2001-10-24,15.68,15.68,15.03,15.66,,1171400.0
2001-10-25,15.2,15.6,14.42,15.6,,1724300.0
2001-10-26,15.46,15.89,15.43,15.74,,1376800.0
2001-10-29,15.43,15.44,14.59,14.83,,1235400.0
2001-10-30,14.87,14.87,14.26,14.36,,1375800.0
2001-10-31,14.49,15.0,14.32,14.4,,1233400.0
2001-11-01,14.3,14.87,14.27,14.81,,1103800.0
2001-11-02,14.97,15.16,14.75,15.07,,945400.0
2001-11-05,15.16,16.04,15.16,15.83,,1958700.0
2001-11-06,15.99,16.48,15.62,16.48,,1648100.0
2001-11-07,16.34,16.34,15.87,15.97,,1121600.0
2001-11-08,15.91,16.64,15.88,16.0,,1924200.0
2001-11-09,15.78,16.13,15.71,16.04,,937200.0
2001-11-12,15.75,16.04,15.27,15.93,,1505600.0
2001-11-13,15.65,16.17,15.64,16.13,,2126800.0
2001-11-14,16.24,16.62,16.17,16.37,,1751100.0
2001-11-15,16.17,16.42,15.66,16.19,,1911500.0
2001-11-16,15.46,15.68,14.61,15.6,,8262200.0
2001-11-19,15.52,16.0,15.23,15.78,,9296800.0
2001-11-20,15.68,15.69,15.26,15.38,,9714000.0
2001-11-21,15.44,15.78,15.31,15.73,,6107800.0
2001-11-23,16.23,16.23,15.69,16.23,,1799400.0
2001-11-26,16.26,17.01,16.19,16.97,,4920600.0
2001-11-27,17.84,17.84,16.88,17.46,,5948600.0
2001-11-28,17.62,17.62,16.97,17.43,,4284900.0
2001-11-29,17.3,17.69,16.85,17.57,,3271700.0
2001-11-30,17.78,17.78,17.45,17.63,,3364000.0
2001-12-03,17.91,17.91,17.4,17.79,,2396100.0
2001-12-04,17.91,18.2,17.61,18.2,,2442300.0
2001-12-05,18.27,19.35,18.16,19.35,,4858500.0
2001-12-06,19.39,19.39,18.95,19.24,,2227600.0
2001-12-07,19.96,19.96,19.02,19.5,,4156100.0
2001-12-10,19.37,19.88,18.88,19.37,,2616000.0
2001-12-11,19.37,19.54,18.92,18.94,,2243700.0
2001-12-12,19.04,19.95,19.02,19.86,,3600900.0
2001-12-13,19.21,19.25,18.44,18.44,,2453600.0
2001-12-14,18.14,18.75,18.11,18.64,,2178300.0
2001-12-17,18.42,19.06,18.3,18.69,,3476000.0
2001-12-18,18.73,19.02,18.36,18.64,,2155000.0
2001-12-19,18.14,18.81,18.11,18.46,,1801100.0
2001-12-20,18.2,18.27,17.73,17.91,,2848500.0
2001-12-21,17.83,18.3,17.83,18.07,,2669900.0
2001-12-24,18.42,18.49,18.17,18.44,,891400.0
2001-12-26,18.56,18.68,18.17,18.17,,1764700.0
2001-12-27,18.11,18.73,18.11,18.65,,1366200.0
2001-12-28,18.75,18.88,18.46,18.72,,1144800.0
2001-12-31,18.56,18.82,18.4,18.44,,1532200.0
2002-01-02,18.44,18.97,18.4,18.91,,2159300.0
2002-01-03,20.18,20.18,19.02,20.11,,3260600.0
2002-01-04,21.3,21.3,20.47,21.2,,5118200.0
2002-01-07,21.27,21.27,20.82,21.11,,3809200.0
2002-01-08,21.11,21.27,20.85,21.18,,2495400.0
2002-01-09,21.16,21.53,20.49,20.67,,2116800.0
2002-01-10,20.67,20.67,20.24,20.51,,1238100.0
2002-01-11,20.51,20.63,19.86,20.07,,1416200.0
2002-01-14,19.72,19.8,19.44,19.67,,2229800.0
2002-01-15,19.67,20.14,19.52,19.69,,1860000.0
2002-01-16,19.27,19.27,18.53,18.66,,2558900.0
2002-01-17,18.69,19.07,18.51,18.99,,1426000.0
2002-01-18,18.64,18.73,18.26,18.42,,1949400.0
2002-01-22,18.36,18.43,17.49,17.56,,1553900.0
2002-01-23,17.41,18.58,17.41,18.11,,2202300.0
2002-01-24,18.91,18.91,18.3,18.62,,1039900.0
2002-01-25,18.62,18.95,18.33,18.79,,1695300.0
2002-01-28,19.27,19.27,18.66,19.16,,2064200.0
2002-01-29,19.01,19.46,18.75,18.91,,1572300.0
2002-01-30,18.6,19.08,18.2,19.04,,1887300.0
2002-01-31,18.95,19.65,18.86,19.63,,1971900.0
2002-02-01,19.54,19.54,18.86,19.15,,1098700.0
2002-02-04,18.82,19.21,18.31,18.48,,1110200.0
2002-02-05,18.33,18.69,17.45,17.56,,2815600.0
2002-02-06,17.72,17.82,17.09,17.45,,2653500.0
2002-02-07,17.6,17.61,16.99,17.07,,1868700.0
2002-02-08,17.07,17.24,16.06,16.8,,3096600.0
2002-02-11,16.49,17.4,16.49,17.29,,2051600.0
2002-02-12,17.13,17.41,16.78,16.92,,2353500.0
2002-02-13,17.08,17.49,17.08,17.37,,2105600.0
2002-02-14,17.4,17.65,17.11,17.65,,2220100.0
2002-02-15,17.89,17.89,17.59,17.78,,2012300.0
2002-02-19,17.33,17.38,16.81,16.85,,1679300.0
2002-02-20,19.27,19.27,18.11,18.66,,5025000.0
2002-02-21,18.79,19.14,18.17,18.21,,2415900.0
2002-02-22,18.24,18.53,17.98,18.27,,1469600.0
2002-02-25,18.43,19.14,18.4,18.75,,1340300.0
2002-02-26,18.75,19.33,18.68,19.21,,1971500.0
2002-02-27,19.39,20.65,19.3,19.81,,4580800.0
2002-02-28,20.69,20.75,20.08,20.14,,2751400.0
2002-03-01,20.34,21.53,20.3,21.33,,4482700.0
2002-03-04,21.37,22.73,21.21,22.61,,4162400.0
2002-03-05,22.47,23.21,22.18,22.57,,3441800.0
2002-03-06,22.5,22.79,22.12,22.26,,2929200.0
2002-03-07,22.63,22.76,22.32,22.5,,1820500.0
2002-03-08,22.67,23.51,22.65,23.34,,3645800.0
2002-03-11,23.34,23.92,23.33,23.42,,3198000.0
2002-03-12,23.38,23.38,22.73,23.29,,2968300.0
2002-03-13,23.15,23.18,22.87,23.08,,4996800.0
2002-03-14,23.25,23.25,22.89,23.06,,2542100.0
2002-03-15,23.22,24.25,23.12,24.13,,3266600.0
2002-03-18,24.13,24.57,23.76,23.97,,3886100.0
2002-03-19,23.97,24.18,23.42,23.67,,2195900.0
2002-03-20,23.28,23.47,22.18,22.22,,3912000.0
2002-03-21,22.9,22.9,22.17,22.84,,1655600.0
2002-03-22,22.7,22.88,22.05,22.23,,1658600.0
2002-03-25,22.27,22.53,21.53,21.59,,1764900.0
2002-03-26,21.73,22.24,21.51,21.68,,2671100.0
2002-03-27,22.04,22.04,21.37,21.5,,3846900.0
2002-03-28,21.95,22.87,21.79,22.61,,2681500.0
2002-04-01,23.8,23.8,22.44,23.62,,2581800.0
2002-04-02,23.54,23.58,22.87,23.09,,4902800.0
2002-04-03,23.6,23.89,22.38,22.67,,3012400.0
2002-04-04,22.78,22.91,21.98,22.08,,2139000.0
2002-04-05,22.15,22.46,21.79,21.92,,1048300.0
2002-04-08,21.5,22.39,21.27,22.12,,2008900.0
2002-04-09,22.04,22.26,21.06,21.21,,2099500.0
2002-04-10,21.34,21.6,21.22,21.46,,3719600.0
2002-04-11,21.15,21.27,20.69,20.79,,3395900.0
2002-04-12,20.84,21.11,20.62,20.92,,2278500.0
2002-04-15,20.92,21.21,20.66,20.98,,1722400.0
2002-04-16,21.31,21.99,21.22,21.92,,6692700.0
2002-04-17,22.15,22.65,21.95,22.61,,3086900.0
2002-04-18,22.41,22.47,21.68,22.37,,2738500.0
2002-04-19,22.63,22.81,22.52,22.63,,2657800.0
2002-04-22,22.35,22.41,21.46,21.82,,2077500.0
2002-04-23,21.82,22.18,20.88,20.89,,5850000.0
2002-04-24,21.05,21.2,20.12,20.13,,2890900.0
2002-04-25,19.98,20.19,19.37,20.01,,2459900.0
2002-04-26,20.05,20.18,19.27,19.37,,1756000.0
2002-04-29,19.24,19.71,19.01,19.17,,2876500.0
2002-04-30,19.3,19.76,19.07,19.43,,1942700.0
2002-05-01,19.4,19.95,18.75,19.68,,2466200.0
2002-05-02,19.53,19.54,18.75,18.82,,2833100.0
2002-05-03,18.75,18.8,18.33,18.44,,2505300.0
2002-05-06,18.29,18.87,18.0,18.01,,1779000.0
2002-05-07,18.36,18.43,17.95,17.98,,2540200.0
2002-05-08,18.62,19.79,18.59,19.43,,2382700.0
2002-05-09,19.24,19.45,18.53,18.58,,3575500.0
2002-05-10,18.59,18.71,17.73,18.07,,2687700.0
2002-05-13,18.07,18.73,17.91,18.4,,1627100.0
2002-05-14,19.59,20.21,19.27,20.08,,3078700.0
2002-05-15,19.4,19.82,19.22,19.24,,2436000.0
2002-05-16,19.24,19.27,18.91,19.14,,2409500.0
2002-05-17,19.21,19.43,18.43,19.41,,3686500.0
2002-05-20,19.14,19.23,18.89,19.01,,1851900.0
2002-05-21,19.08,19.39,18.28,18.46,,1788200.0
2002-05-22,18.46,18.72,17.92,18.18,,2672600.0
2002-05-23,18.18,18.3,17.7,18.0,,2126400.0
2002-05-24,18.0,18.07,17.56,17.65,,1888500.0
2002-05-28,17.69,18.04,17.4,17.55,,1328400.0
2002-05-29,17.41,17.52,17.27,17.27,,1226200.0
2002-05-30,17.2,17.27,16.46,16.9,,2960100.0
2002-05-31,16.9,17.34,16.81,17.05,,2138300.0
2002-06-03,17.13,17.17,16.33,16.51,,1333200.0
2002-06-04,16.51,16.64,16.14,16.48,,2009000.0
2002-06-05,16.39,16.52,15.84,16.23,,2077100.0
2002-06-06,15.88,16.74,15.68,15.93,,1582000.0
2002-06-07,15.36,15.61,15.21,15.33,,2397800.0
2002-06-10,15.33,16.32,15.08,15.99,,2615300.0
2002-06-11,16.01,16.81,16.01,16.33,,4992100.0
2002-06-12,16.33,16.62,15.65,15.95,,2433300.0
2002-06-13,16.04,16.09,15.46,15.52,,2835700.0
2002-06-14,15.03,15.47,14.87,15.2,,2160000.0
2002-06-17,15.49,16.53,15.42,16.3,,3117300.0
2002-06-18,16.36,16.79,16.02,16.34,,2408600.0
2002-06-19,15.99,16.15,15.42,15.71,,2832800.0
2002-06-20,15.65,16.0,15.38,15.52,,2750500.0
2002-06-21,15.52,15.64,15.22,15.49,,2999100.0
2002-06-24,15.52,16.0,15.22,15.62,,3115500.0
2002-06-25,15.97,16.1,15.21,15.23,,1961800.0
2002-06-26,14.88,15.13,14.49,15.0,,2350500.0
2002-06-27,15.03,15.84,15.0,15.67,,1415900.0
2002-06-28,15.51,15.81,15.23,15.29,,2284900.0
2002-07-01,15.16,15.46,14.76,14.96,,1875000.0
2002-07-02,14.78,14.96,13.91,14.19,,2903500.0
2002-07-03,14.06,14.93,13.92,14.87,,3378900.0
2002-07-05,14.87,15.68,14.84,15.49,,1751200.0
2002-07-08,15.52,15.56,14.59,14.87,,2720000.0
2002-07-09,14.81,15.36,14.55,14.65,,1915500.0
2002-07-10,14.91,15.07,14.27,14.28,,1735800.0
2002-07-11,14.23,15.51,13.97,15.23,,2706500.0
2002-07-12,15.36,15.71,14.95,15.44,,3160500.0
2002-07-15,15.21,15.42,14.45,15.24,,2051700.0
2002-07-16,14.78,15.82,14.68,15.06,,2730700.0
2002-07-17,15.22,15.58,14.25,14.69,,2571100.0
2002-07-18,14.68,14.97,13.99,14.05,,2205400.0
2002-07-19,13.89,14.04,13.18,13.42,,3318600.0
2002-07-22,13.22,13.52,12.74,12.93,,3243600.0
2002-07-23,12.97,13.2,12.56,12.76,,2947300.0
2002-07-24,12.61,12.67,11.69,12.25,,4524000.0
2002-07-25,12.06,12.15,10.35,10.86,,4512300.0
2002-07-26,11.03,11.37,10.93,11.19,,2489700.0
2002-07-29,11.35,11.85,11.35,11.85,,2147200.0
2002-07-30,11.85,12.21,11.38,11.98,,3397500.0
2002-07-31,12.06,12.22,11.54,12.21,,1637400.0
2002-08-01,11.98,12.21,11.38,11.48,,2778500.0
2002-08-02,11.19,11.28,10.51,10.89,,1880300.0
2002-08-05,10.99,11.03,9.98,10.14,,1366900.0
2002-08-06,10.3,10.83,10.3,10.52,,1420600.0
2002-08-07,10.98,11.04,10.31,10.91,,1606100.0
2002-08-08,10.99,11.19,10.32,11.12,,2114700.0
2002-08-09,10.75,11.02,10.59,10.81,,1612300.0
2002-08-12,10.54,10.79,10.35,10.64,,1128200.0
2002-08-13,10.64,10.81,10.26,10.28,,2307100.0
2002-08-14,10.2,10.37,9.74,10.37,,2497000.0
2002-08-15,10.57,10.62,10.28,10.37,,2384100.0
2002-08-16,10.34,10.83,10.03,10.32,,3422400.0
2002-08-19,10.26,11.41,10.22,11.28,,3001000.0
2002-08-20,10.51,11.25,10.18,10.48,,7678300.0
2002-08-21,10.57,11.15,10.39,11.03,,2624400.0
2002-08-22,10.97,11.12,10.68,11.01,,2460200.0
2002-08-23,10.9,10.91,10.36,10.36,,1820100.0
2002-08-26,10.36,10.6,10.36,10.48,,1596100.0
2002-08-27,10.48,10.54,9.7,9.9,,3321100.0
2002-08-28,9.82,9.87,9.58,9.6,,3298700.0
2002-08-29,9.28,9.4,9.18,9.18,,5953400.0
2002-08-30,8.99,8.99,8.62,8.68,,3875700.0
2002-09-03,8.62,8.63,8.25,8.31,,5013800.0
2002-09-04,8.43,8.83,8.41,8.73,,3318300.0
2002-09-05,8.6,8.88,8.47,8.87,,5056100.0
2002-09-06,9.09,9.28,8.98,9.15,,3804400.0
2002-09-09,9.12,9.57,8.57,9.53,,3779000.0
2002-09-10,9.59,10.09,9.45,9.87,,3457000.0
2002-09-11,10.4,10.4,9.89,9.98,,2107900.0
2002-09-12,9.98,10.3,9.85,9.87,,3167100.0
2002-09-13,9.86,10.0,9.44,9.69,,2388300.0
2002-09-16,9.64,9.82,9.26,9.43,,1929300.0
2002-09-17,9.64,9.73,9.44,9.54,,2242700.0
2002-09-18,9.51,9.57,9.22,9.54,,4046200.0
2002-09-19,9.44,9.44,9.05,9.1,,2470800.0
2002-09-20,9.13,9.25,8.89,9.03,,2937100.0
2002-09-23,8.99,9.02,8.56,8.63,,2807400.0
2002-09-24,8.57,8.86,8.46,8.54,,3143300.0
2002-09-25,8.67,9.25,8.61,9.1,,2101000.0
2002-09-26,9.13,9.25,8.72,8.91,,2978000.0
2002-09-27,8.85,9.06,8.46,8.46,,2437800.0
2002-09-30,8.31,8.7,7.99,8.45,,2661700.0
2002-10-01,8.57,8.57,8.12,8.44,,3076200.0
2002-10-02,8.43,8.7,8.08,8.08,,2014100.0
2002-10-03,8.08,8.2,7.91,7.95,,2346300.0
2002-10-04,7.97,8.02,7.6,7.63,,2272500.0
2002-10-07,7.64,8.08,7.45,7.45,,2553200.0
2002-10-08,7.51,8.02,7.49,7.91,,3503800.0
2002-10-09,7.76,7.84,7.05,7.05,,3284900.0
2002-10-10,7.08,7.2,6.98,7.02,,4853400.0
2002-10-11,7.08,7.28,6.92,7.05,,3775300.0
2002-10-14,6.92,7.23,6.79,7.12,,2318900.0
2002-10-15,7.35,7.76,7.13,7.68,,2482000.0
2002-10-16,7.5,7.63,7.16,7.27,,2865400.0
2002-10-17,7.73,7.82,7.63,7.82,,2639400.0
2002-10-18,7.8,7.88,7.31,7.82,,3313200.0
2002-10-21,7.7,8.15,7.49,8.1,,2439200.0
2002-10-22,7.77,8.02,7.73,7.95,,2478000.0
2002-10-23,7.89,8.05,7.57,7.76,,3879500.0
2002-10-24,7.93,8.76,7.89,8.44,,3087400.0
2002-10-25,8.39,8.47,8.12,8.37,,2116200.0
2002-10-28,8.5,9.01,8.5,8.74,,1927800.0
2002-10-29,8.54,8.73,7.99,8.23,,2367700.0
2002-10-30,8.23,9.02,8.21,8.97,,2594200.0
2002-10-31,9.04,9.2,8.77,8.89,,3078300.0
2002-11-01,8.83,9.47,8.54,9.43,,2138800.0
2002-11-04,9.54,10.12,9.51,9.72,,2955400.0
2002-11-05,9.7,9.9,9.5,9.75,,1595500.0
2002-11-06,9.71,9.89,9.42,9.67,,1575700.0
2002-11-07,9.53,9.54,9.06,9.19,,1696200.0
2002-11-08,9.05,9.34,8.91,9.09,,1783200.0
2002-11-11,8.91,9.05,8.73,8.76,,1176200.0
2002-11-12,8.76,9.15,8.76,8.92,,1537100.0
2002-11-13,8.73,8.92,8.53,8.67,,2172900.0
2002-11-14,8.67,9.06,8.54,9.04,,1679800.0
2002-11-15,8.9,9.34,8.79,8.92,,2353300.0
2002-11-18,8.86,9.1,8.74,8.79,,2143500.0
2002-11-19,9.54,11.04,9.51,10.73,,13242600.0
2002-11-20,10.73,11.12,10.35,11.0,,4733100.0
2002-11-21,11.25,11.99,11.25,11.79,,5630200.0
2002-11-22,11.8,12.12,11.64,11.8,,3379800.0
2002-11-25,11.7,12.67,11.62,12.63,,3824300.0
2002-11-26,12.69,12.69,12.08,12.13,,2935000.0
2002-11-27,12.25,12.67,12.2,12.66,,1769000.0
2002-11-29,12.67,12.71,12.38,12.55,,861200.0
2002-12-02,12.77,13.03,12.22,12.48,,1987500.0
2002-12-03,12.32,12.33,11.64,11.68,,2846600.0
2002-12-04,11.35,11.36,10.81,11.06,,3844100.0
2002-12-05,11.22,11.3,10.93,10.96,,1548000.0
2002-12-06,10.88,11.1,10.64,10.86,,2175200.0
2002-12-09,10.73,10.86,10.57,10.61,,2601700.0
2002-12-10,10.61,11.11,10.61,11.1,,2271500.0
2002-12-11,10.97,11.5,10.88,11.2,,2231500.0
2002-12-12,11.15,11.41,10.99,11.11,,2582100.0
2002-12-13,10.99,11.12,10.73,11.12,,2122700.0
2002-12-16,11.12,11.47,11.1,11.39,,1507400.0
2002-12-17,11.39,11.59,11.07,11.25,,1294600.0
2002-12-18,11.12,12.23,10.73,10.9,,1446700.0
2002-12-19,10.73,11.1,10.65,10.84,,1984900.0
2002-12-20,10.86,11.64,10.86,11.64,,3652700.0
2002-12-23,11.58,12.07,11.54,11.99,,3042500.0
2002-12-24,11.88,11.96,11.72,11.79,,793600.0
2002-12-26,11.85,12.07,11.79,11.83,,1223200.0
2002-12-27,11.74,11.96,11.71,11.77,,1114700.0
2002-12-30,11.67,11.81,11.35,11.65,,1643300.0
2002-12-31,11.61,11.76,11.5,11.61,,1164500.0
2003-01-02,11.78,12.41,11.73,12.38,,2418500.0
2003-01-03,12.29,12.57,12.17,12.32,,1875900.0
2003-01-06,12.29,13.0,12.29,12.91,,3969600.0
2003-01-07,12.88,13.13,12.73,12.79,,2419800.0
2003-01-08,12.74,12.74,12.14,12.17,,2284600.0
2003-01-09,12.25,12.77,12.25,12.66,,3224400.0
2003-01-10,12.55,12.93,12.41,12.87,,2996400.0
2003-01-13,12.92,13.08,12.55,12.69,,1285200.0
2003-01-14,12.69,12.97,12.62,12.87,,2868100.0
2003-01-15,12.88,12.93,12.11,12.21,,2722800.0
2003-01-16,12.42,12.6,12.0,12.08,,2071000.0
2003-01-17,11.92,11.92,11.52,11.67,,1508100.0
2003-01-21,11.9,11.96,11.41,11.44,,1804900.0
2003-01-22,11.35,11.48,11.24,11.26,,2198100.0
2003-01-23,11.41,11.53,11.08,11.23,,2454300.0
2003-01-24,11.24,11.36,10.8,10.8,,2545500.0
2003-01-27,10.58,10.81,10.42,10.5,,1909700.0
2003-01-28,10.56,10.93,10.48,10.86,,2255000.0
2003-01-29,10.56,10.93,10.48,10.86,,2045300.0
2003-01-30,10.99,10.99,10.35,10.44,,1397200.0
2003-01-31,10.35,10.8,10.23,10.66,,2228400.0
2003-02-03,10.66,10.88,10.51,10.66,,1410900.0
2003-02-04,10.66,10.66,10.19,10.54,,1366400.0
2003-02-05,10.54,10.88,10.41,10.55,,2489000.0
2003-02-06,10.55,10.55,7.93,7.93,,16184600.0
2003-02-07,7.93,7.99,7.31,7.4,,8229400.0
2003-02-10,7.4,7.73,7.37,7.59,,6566600.0
2003-02-11,7.75,7.92,7.7,7.79,,3864000.0
2003-02-12,7.79,8.11,7.76,8.04,,4749100.0
2003-02-13,8.23,8.29,7.86,8.05,,4152000.0
2003-02-14,7.99,8.15,7.84,8.08,,2077700.0
2003-02-18,8.16,8.26,8.08,8.21,,2139200.0
2003-02-19,8.18,8.19,7.98,8.1,,2603800.0
2003-02-20,8.13,8.36,8.03,8.15,,3053000.0
2003-02-21,8.37,8.86,8.17,8.7,,4564300.0
2003-02-24,8.6,8.6,8.35,8.4,,2031400.0
2003-02-25,8.37,8.53,8.17,8.52,,1954400.0
2003-02-26,8.52,8.65,8.24,8.28,,2253800.0
2003-02-27,8.33,8.53,8.33,8.47,,1720300.0
2003-02-28,8.52,8.73,8.46,8.54,,1832100.0
2003-03-03,8.67,8.83,8.35,8.42,,1460100.0
2003-03-04,8.43,8.49,8.25,8.31,,1602600.0
2003-03-05,8.26,8.43,8.16,8.43,,2177400.0
2003-03-06,8.36,8.45,8.15,8.45,,1627900.0
2003-03-07,8.38,8.66,8.3,8.66,,2037100.0
2003-03-10,8.5,8.5,8.27,8.36,,2238200.0
2003-03-11,8.31,8.39,8.05,8.12,,1553800.0
2003-03-12,8.12,8.12,7.83,8.02,,2557300.0
2003-03-13,8.31,8.43,8.08,8.43,,1839800.0
2003-03-14,8.54,8.76,8.51,8.66,,1687600.0
2003-03-17,8.66,9.14,8.41,9.09,,1809800.0
2003-03-18,9.09,9.57,9.0,9.57,,3120300.0
2003-03-19,9.47,9.57,9.05,9.48,,3151600.0
2003-03-20,9.34,9.7,9.15,9.59,,2069600.0
2003-03-21,9.7,9.7,9.38,9.57,,1840400.0
2003-03-24,9.47,9.53,9.18,9.22,,1476400.0
2003-03-25,9.2,9.23,9.04,9.18,,2458600.0
2003-03-26,9.13,9.16,8.99,9.08,,1611800.0
2003-03-27,9.05,9.22,8.93,9.14,,1422800.0
2003-03-28,9.08,9.17,8.96,9.0,,817100.0
2003-03-31,8.65,8.71,8.41,8.5,,1846100.0
2003-04-01,8.52,8.78,8.5,8.73,,1166800.0
2003-04-02,8.96,9.41,8.94,9.29,,2447300.0
2003-04-03,9.29,9.44,9.09,9.31,,1430700.0
2003-04-04,9.39,9.39,9.11,9.29,,2223100.0
2003-04-07,9.56,9.78,9.19,9.23,,1717400.0
2003-04-08,9.23,9.4,9.13,9.26,,1307900.0
2003-04-09,9.27,9.39,8.7,8.88,,2408400.0
2003-04-10,8.89,9.14,8.87,9.1,,1639600.0
2003-04-11,9.31,9.41,8.94,9.05,,1448100.0
2003-04-14,9.02,9.14,8.98,9.12,,1430700.0
2003-04-15,9.12,9.23,9.01,9.17,,2161700.0
2003-04-16,9.34,9.64,9.3,9.44,,1775200.0
2003-04-17,9.38,9.67,9.31,9.66,,1107500.0
2003-04-21,9.67,9.89,9.57,9.88,,1658800.0
2003-04-22,9.8,10.08,9.75,10.04,,2155200.0
2003-04-23,9.99,10.61,9.96,10.5,,2217600.0
2003-04-24,10.39,10.46,10.2,10.28,,1772300.0
2003-04-25,10.28,10.29,9.99,10.1,,2783300.0
2003-04-28,10.03,10.35,9.98,10.35,,1506400.0
2003-04-29,10.27,10.5,10.06,10.42,,1760200.0
2003-04-30,10.37,10.51,10.2,10.36,,1799500.0
2003-05-01,10.36,10.51,10.06,10.47,,1440400.0
2003-05-02,10.44,10.55,10.37,10.51,,2323100.0
2003-05-05,10.56,10.63,10.31,10.35,,2787500.0
2003-05-06,10.28,10.48,10.25,10.39,,2125100.0
2003-05-07,10.25,10.5,10.21,10.34,,1944400.0
2003-05-08,10.19,10.38,10.18,10.36,,2793200.0
2003-05-09,10.38,10.59,10.37,10.56,,1443800.0
2003-05-12,10.17,10.6,10.17,10.54,,3329400.0
2003-05-13,10.54,10.67,10.4,10.5,,1270500.0
2003-05-14,10.55,10.59,10.35,10.53,,1606800.0
2003-05-15,10.64,10.83,10.54,10.81,,1851300.0
2003-05-16,10.67,10.7,10.35,10.68,,1912400.0
2003-05-19,10.41,10.5,10.01,10.03,,2748700.0
2003-05-20,10.38,10.6,10.31,10.37,,3873000.0
2003-05-21,10.33,10.39,10.06,10.25,,2142400.0
2003-05-22,10.26,10.51,10.25,10.45,,2189900.0
2003-05-23,10.41,10.6,10.3,10.51,,2417800.0
2003-05-27,10.31,11.15,10.23,11.09,,2796200.0
2003-05-28,11.08,11.45,11.06,11.41,,3149600.0
2003-05-29,11.36,11.64,11.26,11.41,,1960700.0
2003-05-30,11.41,11.85,11.41,11.72,,2480300.0
2003-06-02,12.29,12.37,12.0,12.11,,4507100.0
2003-06-03,12.11,12.34,12.04,12.32,,2891100.0
2003-06-04,12.29,12.9,12.28,12.87,,2056200.0
2003-06-05,12.77,12.8,12.44,12.71,,2961200.0
2003-06-06,12.77,12.87,12.42,12.49,,3144100.0
2003-06-09,12.29,12.49,12.05,12.15,,1858600.0
2003-06-10,12.16,12.27,11.97,12.16,,2320100.0
2003-06-11,12.16,12.29,10.73,12.22,,1862400.0
2003-06-12,12.22,12.22,11.85,12.18,,1098700.0
2003-06-13,12.16,12.38,12.1,12.23,,2455400.0
2003-06-16,12.27,12.49,12.24,12.44,,1927200.0
2003-06-17,12.59,12.61,12.35,12.44,,1431000.0
2003-06-18,12.42,12.79,12.29,12.65,,1346600.0
2003-06-19,12.67,12.76,12.29,12.45,,1781000.0
2003-06-20,12.61,12.64,12.29,12.33,,2249200.0
2003-06-23,12.29,12.34,12.16,12.22,,1522800.0
2003-06-24,12.16,12.21,11.87,12.12,,2033500.0
2003-06-25,11.98,12.29,11.98,12.23,,2315200.0
2003-06-26,12.22,12.58,12.06,12.51,,2414000.0
2003-06-27,12.38,12.89,12.32,12.64,,2504600.0
2003-06-30,12.61,12.78,12.58,12.64,,1691200.0
2003-07-01,12.58,12.87,12.48,12.87,,3151500.0
2003-07-02,12.9,13.15,12.78,13.13,,3892000.0
2003-07-03,13.05,13.06,12.82,12.93,,1802100.0
2003-07-07,13.02,13.77,13.02,13.77,,4271200.0
2003-07-08,13.77,14.04,13.5,14.02,,2095700.0
2003-07-09,14.01,14.19,13.59,14.08,,2351100.0
2003-07-10,13.83,13.83,13.42,13.62,,1810400.0
2003-07-11,13.68,14.07,13.59,14.03,,2226200.0
2003-07-14,14.19,14.49,14.17,14.32,,3555800.0
2003-07-15,14.42,14.64,14.23,14.38,,3841800.0
2003-07-16,14.41,14.46,13.85,14.19,,3313100.0
2003-07-17,14.03,14.1,13.44,13.64,,3835500.0
2003-07-18,13.71,13.85,13.51,13.73,,1465800.0
2003-07-21,13.58,13.88,13.2,13.26,,2658500.0
2003-07-22,13.45,13.9,13.45,13.89,,2246900.0
2003-07-23,13.92,14.02,13.55,14.0,,1672000.0
2003-07-24,14.04,14.4,13.91,13.98,,2358700.0
2003-07-25,14.0,14.1,13.77,14.05,,1446900.0
2003-07-28,14.0,14.32,13.92,14.21,,1429000.0
2003-07-29,14.22,14.28,14.01,14.19,,2009700.0
2003-07-30,14.19,14.21,13.88,13.94,,1598000.0
2003-07-31,14.03,14.3,13.9,14.05,,1559600.0
2003-08-01,14.05,14.13,13.79,13.94,,1374600.0
2003-08-04,13.92,14.1,13.66,13.94,,1180100.0
2003-08-05,13.88,14.03,13.45,13.47,,2021100.0
2003-08-06,13.42,13.52,13.14,13.31,,1408300.0
2003-08-07,13.24,13.44,13.13,13.37,,1149200.0
2003-08-08,13.41,13.59,13.27,13.38,,1015700.0
2003-08-11,13.44,13.63,13.38,13.59,,989900.0
2003-08-12,13.61,13.77,13.48,13.74,,1085600.0
2003-08-13,13.77,13.99,13.64,13.9,,1232200.0
2003-08-14,13.87,14.09,13.68,14.07,,1246400.0
2003-08-15,14.01,14.14,13.93,14.08,,481200.0
2003-08-18,14.08,14.56,14.07,14.52,,1913500.0
2003-08-19,15.04,15.77,14.98,15.71,,6866600.0
2003-08-20,15.47,15.86,15.42,15.77,,3147600.0
2003-08-21,15.8,16.35,15.79,16.1,,1855800.0
2003-08-22,16.28,16.36,15.67,15.72,,2946000.0
2003-08-25,15.64,15.77,15.51,15.59,,1327900.0
2003-08-26,15.44,15.55,15.25,15.52,,2301800.0
2003-08-27,15.49,15.99,15.44,15.84,,3229700.0
2003-08-28,15.84,15.89,15.62,15.71,,2331600.0
2003-08-29,15.62,15.74,15.57,15.73,,1902800.0
2003-09-02,15.78,16.0,15.65,15.95,,3536900.0
2003-09-03,15.91,15.97,15.71,15.84,,3728100.0
2003-09-04,15.84,16.29,15.84,16.26,,3061600.0
2003-09-05,16.26,16.57,16.06,16.49,,4030300.0
2003-09-08,16.44,17.12,16.44,17.09,,3397400.0
2003-09-09,17.01,17.09,16.62,16.74,,2428300.0
2003-09-10,16.43,16.54,15.78,15.84,,2869700.0
2003-09-11,15.89,16.28,15.81,16.19,,2079000.0
2003-09-12,16.19,16.24,15.88,16.15,,2017700.0
2003-09-15,16.04,16.17,15.79,15.84,,1335700.0
2003-09-16,15.73,16.06,15.68,15.95,,2927200.0
2003-09-17,15.97,16.0,15.68,15.91,,2357600.0
2003-09-18,15.75,15.99,15.65,15.88,,2012200.0
2003-09-19,15.91,16.22,15.88,16.19,,3367600.0
2003-09-22,15.88,15.96,15.65,15.8,,1654100.0
2003-09-23,15.72,15.97,15.72,15.94,,1306100.0
2003-09-24,15.94,15.94,14.92,14.92,,3432100.0
2003-09-25,14.98,15.4,14.72,14.76,,2290400.0
2003-09-26,14.68,14.83,14.43,14.47,,1572500.0
2003-09-29,14.52,14.81,14.36,14.65,,1407300.0
2003-09-30,14.56,14.56,14.29,14.3,,1465400.0
2003-10-01,14.32,14.56,14.25,14.39,,2385800.0
2003-10-02,14.29,14.34,14.12,14.22,,2410700.0
2003-10-03,14.94,15.18,14.37,14.87,,3772400.0
2003-10-06,14.87,15.02,14.75,14.89,,977600.0
2003-10-07,14.81,15.24,14.68,15.15,,1940500.0
2003-10-08,15.31,15.36,15.02,15.14,,1645900.0
2003-10-09,15.14,15.49,15.14,15.28,,1504800.0
2003-10-10,15.22,15.38,15.18,15.33,,894800.0
2003-10-13,15.39,15.51,15.33,15.44,,963500.0
2003-10-14,15.39,15.62,15.34,15.56,,1592400.0
2003-10-15,15.76,15.84,15.55,15.67,,2216000.0
2003-10-16,15.65,15.77,15.53,15.73,,1662800.0
2003-10-17,15.71,15.71,15.42,15.51,,1812900.0
2003-10-20,15.46,15.51,15.29,15.41,,926400.0
2003-10-21,15.37,15.66,15.33,15.53,,1531900.0
2003-10-22,15.39,15.42,15.07,15.18,,1055100.0
2003-10-23,15.18,15.18,14.65,14.85,,1671900.0
2003-10-24,14.85,14.93,14.65,14.92,,1235600.0
2003-10-27,14.95,14.97,14.69,14.79,,1087900.0
2003-10-28,14.87,15.52,14.86,15.52,,2032400.0
2003-10-29,15.51,15.64,15.38,15.58,,1791900.0
2003-10-30,15.68,16.37,15.64,16.04,,4712800.0
2003-10-31,16.13,16.18,15.93,16.11,,1933900.0
2003-11-03,16.16,16.43,16.15,16.35,,2266300.0
2003-11-04,16.35,16.52,16.26,16.43,,2495000.0
2003-11-05,16.33,16.59,16.26,16.55,,1496800.0
2003-11-06,16.55,16.99,16.55,16.99,,2585400.0
2003-11-07,16.99,17.59,16.84,17.34,,3289400.0
2003-11-10,17.27,17.32,16.66,16.73,,2051600.0
2003-11-11,16.62,16.94,16.49,16.79,,1864700.0
2003-11-12,16.74,17.46,16.64,17.38,,2770900.0
2003-11-13,17.43,17.53,17.07,17.14,,2318900.0
2003-11-14,17.14,17.72,17.14,17.21,,3283100.0
2003-11-17,17.21,17.46,16.55,17.3,,4911100.0
2003-11-18,18.69,18.98,17.9,17.96,,8439300.0
2003-11-19,17.87,18.05,17.72,17.91,,2566900.0
2003-11-20,17.75,18.09,17.61,17.61,,1848000.0
2003-11-21,17.61,17.65,17.3,17.58,,2374900.0
2003-11-24,17.61,18.01,17.58,17.91,,2757800.0
2003-11-25,17.91,18.1,17.78,17.96,,2107800.0
2003-11-26,17.98,18.24,17.98,18.13,,1492300.0
2003-11-28,18.04,18.31,18.04,18.29,,953200.0
2003-12-01,18.39,18.39,18.17,18.29,,2285200.0
2003-12-02,18.29,18.36,17.93,17.98,,2346000.0
2003-12-03,17.98,18.34,17.98,18.3,,3578700.0
2003-12-04,18.27,18.36,17.97,18.1,,3392800.0
2003-12-05,17.88,18.29,17.32,17.41,,2198100.0
2003-12-08,17.41,17.81,17.3,17.76,,2137100.0
2003-12-09,17.92,18.04,17.34,17.37,,2645200.0
2003-12-10,17.3,17.52,17.0,17.16,,3299800.0
2003-12-11,17.22,17.72,17.22,17.65,,1928900.0
2003-12-12,17.69,17.73,17.51,17.62,,1655800.0
2003-12-15,17.74,17.94,17.46,17.53,,2462500.0
2003-12-16,17.43,17.85,17.35,17.76,,1844500.0
2003-12-17,17.79,17.8,17.3,17.58,,1689900.0
2003-12-18,17.46,18.17,17.46,17.99,,2674800.0
2003-12-19,18.25,18.27,18.0,18.1,,4168200.0
2003-12-22,18.11,18.43,18.0,18.35,,2045400.0
2003-12-23,18.24,18.36,18.18,18.28,,1975200.0
2003-12-24,18.2,18.27,18.08,18.15,,530800.0
2003-12-26,18.09,18.19,18.05,18.07,,472900.0
2003-12-29,18.09,18.5,18.04,18.49,,1454700.0
2003-12-30,18.46,18.65,18.43,18.56,,1260400.0
2003-12-31,18.53,19.02,18.46,18.91,,2313500.0
2004-01-02,18.91,18.94,18.61,18.62,,2031100.0
2004-01-05,19.08,19.12,18.89,19.11,,3744300.0
2004-01-06,19.11,19.72,19.06,19.71,,3520100.0
2004-01-07,19.72,19.96,19.59,19.96,,3026900.0
2004-01-08,19.98,20.9,19.94,20.87,,5236400.0
2004-01-09,20.76,20.98,20.63,20.73,,2880300.0
2004-01-12,20.73,20.96,20.43,20.95,,2673000.0
2004-01-13,20.98,21.08,20.72,20.85,,3932500.0
2004-01-14,20.85,20.93,20.69,20.78,,3439500.0
2004-01-15,20.85,21.31,20.7,21.28,,4491400.0
2004-01-16,21.29,22.23,21.18,22.15,,4234900.0
2004-01-20,22.15,22.17,21.7,21.99,,3709300.0
2004-01-21,22.05,22.6,21.85,22.48,,4371400.0
2004-01-22,22.48,22.67,21.97,21.97,,3581400.0
2004-01-23,21.98,22.09,21.49,21.62,,2155400.0
2004-01-26,21.4,24.48,21.35,21.93,,3519500.0
2004-01-27,24.15,25.09,23.28,23.34,,21899200.0
2004-01-28,23.49,23.77,23.25,23.25,,5511000.0
2004-01-29,23.32,23.6,22.67,23.05,,3919600.0
2004-01-30,23.04,23.97,22.86,23.84,,5561100.0
2004-02-02,23.89,24.09,23.42,23.55,,3058100.0
2004-02-03,23.31,23.76,23.28,23.59,,3739800.0
2004-02-04,23.47,23.47,22.79,22.83,,2757900.0
2004-02-05,22.81,23.1,22.74,22.78,,2238600.0
2004-02-06,22.76,23.83,22.73,23.83,,3457100.0
2004-02-09,23.86,24.22,23.81,23.99,,3440200.0
2004-02-10,23.86,24.24,23.8,24.17,,1938200.0
2004-02-11,24.12,24.32,23.86,24.18,,2803400.0
2004-02-12,24.02,24.2,23.76,23.87,,2128500.0
2004-02-13,23.91,24.09,23.73,23.98,,1999000.0
2004-02-17,23.98,24.33,23.84,24.24,,2979800.0
2004-02-18,23.28,23.73,22.83,23.27,,8819100.0
2004-02-19,23.54,23.73,23.28,23.34,,3786500.0
2004-02-20,23.34,23.34,22.6,22.67,,3480900.0
2004-02-23,22.58,22.59,21.58,21.81,,3696800.0
2004-02-24,21.66,22.05,21.47,21.82,,4343500.0
2004-02-25,21.53,22.14,21.53,21.95,,2594300.0
2004-02-26,21.95,22.26,21.81,22.12,,2020600.0
2004-02-27,22.12,22.26,21.84,22.11,,3074400.0
2004-03-01,22.08,22.3,21.93,22.2,,2758200.0
2004-03-02,22.2,22.46,22.08,22.13,,2030600.0
2004-03-03,22.13,22.17,21.82,21.97,,1823800.0
2004-03-04,21.99,22.03,21.83,21.95,,1582700.0
2004-03-05,21.82,22.63,21.79,22.51,,2663600.0
2004-03-08,22.5,22.55,21.74,21.74,,2185600.0
2004-03-09,22.22,22.22,21.18,21.23,,4257200.0
2004-03-10,21.34,21.46,20.41,20.41,,5575500.0
2004-03-11,20.3,20.69,19.53,19.53,,6176700.0
2004-03-12,19.53,20.63,19.53,20.47,,4681900.0
2004-03-15,20.44,20.58,18.97,19.57,,3279800.0
2004-03-16,19.56,19.71,19.22,19.52,,3519900.0
2004-03-17,19.59,20.66,19.59,20.45,,4115400.0
2004-03-18,20.18,20.23,19.7,19.79,,3475900.0
2004-03-19,19.98,20.14,19.68,19.76,,3155000.0
2004-03-22,19.63,19.8,19.28,19.5,,3196700.0
2004-03-23,19.53,19.59,18.63,18.69,,4726700.0
2004-03-24,18.71,19.24,18.62,18.93,,3893700.0
2004-03-25,19.21,20.02,19.08,19.85,,3388700.0
2004-03-26,19.73,20.16,19.65,19.91,,2362500.0
2004-03-29,20.05,20.43,20.05,20.22,,2513300.0
2004-03-30,20.24,20.42,20.05,20.34,,2159300.0
2004-03-31,20.37,20.67,20.3,20.45,,2512600.0
2004-04-01,20.45,20.69,20.38,20.46,,2249800.0
2004-04-02,20.73,20.95,20.51,20.9,,3461000.0
2004-04-05,20.84,21.07,20.67,20.98,,2234300.0
2004-04-06,20.76,21.15,20.6,21.06,,2119500.0
2004-04-07,20.82,21.0,20.37,20.6,,2398700.0
2004-04-08,20.66,21.13,20.41,20.58,,1649800.0
2004-04-12,20.58,20.87,20.53,20.61,,948200.0
2004-04-13,20.63,20.63,19.83,20.05,,2510800.0
2004-04-14,19.89,20.12,19.69,19.89,,2284400.0
2004-04-15,19.98,19.99,19.01,19.33,,2931500.0
2004-04-16,19.92,19.98,19.12,19.48,,2959900.0
2004-04-19,19.43,19.71,19.28,19.66,,1797500.0
2004-04-20,19.76,19.77,18.58,18.58,,2870700.0
2004-04-21,18.79,19.04,18.75,18.78,,4114700.0
2004-04-22,18.75,19.21,18.46,18.99,,2677200.0
2004-04-23,18.93,19.24,18.79,19.08,,2438400.0
2004-04-26,19.08,19.28,18.66,18.81,,2193500.0
2004-04-27,18.82,19.13,18.56,18.63,,1698500.0
2004-04-28,18.49,18.56,18.19,18.3,,2204900.0
2004-04-29,18.2,18.35,17.66,17.98,,2272400.0
2004-04-30,18.01,18.16,17.4,17.47,,2182800.0
2004-05-03,17.49,17.91,17.33,17.63,,2967500.0
2004-05-04,17.75,17.78,16.81,17.29,,5242500.0
2004-05-05,17.28,17.61,17.19,17.34,,3815000.0
2004-05-06,17.2,17.27,16.94,17.03,,1766800.0
2004-05-07,16.94,17.32,16.88,17.01,,2876600.0
2004-05-10,16.72,16.84,16.2,16.43,,4945800.0
2004-05-11,16.62,16.97,16.49,16.94,,3879200.0
2004-05-12,16.95,17.07,16.35,16.92,,4098000.0
2004-05-13,16.65,16.95,16.44,16.83,,2935500.0
2004-05-14,16.83,17.03,16.43,16.55,,2287500.0
2004-05-17,16.46,16.55,16.16,16.5,,3285800.0
2004-05-18,16.94,17.11,15.84,16.43,,9217500.0
2004-05-19,16.62,16.88,16.27,16.3,,5705600.0
2004-05-20,16.23,16.23,15.71,15.71,,3985000.0
2004-05-21,15.78,15.92,15.6,15.77,,2647200.0
2004-05-24,15.86,16.0,15.68,15.75,,3215000.0
2004-05-25,15.78,16.01,15.39,15.99,,4814000.0
2004-05-26,16.07,16.27,16.0,16.14,,3791900.0
2004-05-27,16.22,16.55,16.17,16.43,,3937100.0
2004-05-28,16.43,16.69,16.28,16.62,,3417900.0
2004-06-01,16.46,16.74,16.43,16.68,,4549900.0
2004-06-02,16.69,16.73,16.3,16.43,,3056700.0
2004-06-03,16.36,16.47,16.2,16.2,,3284400.0
2004-06-04,16.36,16.52,16.26,16.31,,2598200.0
2004-06-07,16.46,17.19,16.44,17.14,,3609900.0
2004-06-08,17.16,17.21,16.96,17.18,,2559600.0
2004-06-09,17.18,17.29,16.92,16.94,,3256200.0
2004-06-10,16.91,17.05,16.83,17.01,,1652800.0
2004-06-14,16.97,16.97,16.65,16.69,,2493800.0
2004-06-15,16.78,16.97,16.7,16.84,,2680100.0
2004-06-16,16.88,16.88,16.68,16.86,,1519700.0
2004-06-17,16.73,16.75,16.41,16.53,,2238000.0
2004-06-18,16.53,16.91,16.41,16.74,,2599800.0
2004-06-21,16.74,16.84,16.5,16.54,,1614300.0
2004-06-22,16.51,17.02,16.44,16.9,,2769900.0
2004-06-23,16.94,17.52,16.94,17.49,,2662500.0
2004-06-24,17.77,18.2,17.71,17.74,,4144500.0
2004-06-25,17.74,19.11,17.67,19.08,,7521700.0
2004-06-28,19.08,19.08,18.69,18.72,,3286400.0
2004-06-29,18.65,19.19,18.64,19.15,,2941500.0
2004-06-30,19.14,19.18,18.85,18.93,,2995000.0
2004-07-01,18.83,18.85,18.2,18.52,,3296700.0
2004-07-02,18.44,18.47,18.16,18.28,,1655400.0
2004-07-06,18.16,18.75,17.73,17.73,,2596200.0
2004-07-07,17.67,17.97,17.65,17.67,,2348400.0
2004-07-08,17.65,17.77,17.37,17.38,,2109500.0
2004-07-09,17.46,17.74,17.32,17.36,,1903700.0
2004-07-12,17.14,17.14,16.75,17.01,,3157700.0
2004-07-13,17.01,17.23,16.9,16.99,,2008100.0
2004-07-14,16.78,17.18,16.59,16.68,,2592400.0
2004-07-15,16.88,16.91,16.53,16.71,,2438900.0
2004-07-16,16.78,16.88,16.33,16.37,,1814900.0
2004-07-19,16.3,16.58,16.17,16.3,,1842900.0
2004-07-20,16.22,16.87,16.05,16.68,,3049900.0
2004-07-21,16.75,17.1,15.81,15.84,,3901200.0
2004-07-22,15.77,16.11,15.58,16.07,,3369000.0
2004-07-23,15.94,15.94,15.24,15.24,,3854600.0
2004-07-26,15.26,15.38,14.84,15.0,,2891000.0
2004-07-27,14.91,15.16,14.76,15.03,,3302300.0
2004-07-28,14.94,15.04,14.63,14.75,,3927300.0
2004-07-29,14.91,15.32,14.91,15.23,,3788400.0
2004-07-30,15.2,15.53,15.03,15.4,,3095400.0
2004-08-02,15.4,15.62,15.2,15.54,,1913600.0
2004-08-03,15.52,15.55,14.89,14.99,,2373000.0
2004-08-04,14.96,15.0,14.52,14.84,,2510200.0
2004-08-05,14.8,14.98,14.57,14.58,,1427700.0
2004-08-06,14.34,14.47,14.08,14.13,,1900900.0
2004-08-09,14.14,14.34,14.0,14.23,,1682400.0
2004-08-10,14.29,14.87,14.27,14.78,,2954900.0
2004-08-11,14.78,14.78,13.83,14.08,,5044000.0
2004-08-12,14.08,14.08,12.62,12.73,,7577100.0
2004-08-13,13.83,13.98,12.93,13.27,,8295100.0
2004-08-16,13.16,13.48,13.15,13.4,,2289100.0
2004-08-17,13.53,13.77,13.48,13.7,,3281600.0
2004-08-18,13.73,14.08,13.68,14.08,,2687100.0
2004-08-19,14.08,14.21,13.97,14.1,,2203400.0
2004-08-20,14.08,14.44,13.97,14.36,,1464900.0
2004-08-23,14.45,14.55,14.19,14.32,,1845300.0
2004-08-24,14.36,14.38,13.88,13.97,,1984700.0
2004-08-25,13.95,14.25,13.76,14.2,,2613400.0
2004-08-26,14.19,14.29,13.85,13.95,,2817900.0
2004-08-27,14.01,14.12,13.94,13.99,,1410800.0
2004-08-30,13.9,13.93,13.62,13.66,,2156300.0
2004-08-31,13.56,13.58,12.95,13.26,,5992100.0
2004-09-01,13.21,13.55,13.08,13.38,,3304000.0
2004-09-02,13.39,13.77,13.17,13.71,,1914500.0
2004-09-03,13.68,13.68,13.09,13.17,,1985600.0
2004-09-07,13.35,13.53,13.28,13.31,,2550100.0
2004-09-08,13.15,13.26,13.02,13.05,,2076700.0
2004-09-09,13.15,13.77,13.14,13.68,,2823900.0
2004-09-10,13.61,14.69,13.59,14.69,,5494200.0
2004-09-13,14.76,15.0,14.68,14.8,,3283500.0
2004-09-14,14.76,14.85,14.47,14.81,,1879300.0
2004-09-15,14.78,14.78,14.36,14.47,,1599100.0
2004-09-16,14.46,14.81,14.46,14.51,,1581100.0
2004-09-17,14.54,14.86,14.54,14.81,,3271400.0
2004-09-20,14.76,15.26,14.55,15.03,,3025600.0
2004-09-21,15.03,15.16,14.83,15.08,,2541400.0
2004-09-22,14.92,14.96,14.58,14.66,,1774800.0
2004-09-23,14.6,14.86,14.47,14.63,,2300700.0
2004-09-24,14.61,14.65,14.1,14.11,,1969800.0
2004-09-27,14.03,14.09,13.77,13.81,,2942400.0
2004-09-28,13.84,13.87,13.55,13.77,,1973100.0
2004-09-29,13.71,14.28,13.71,13.97,,2154800.0
2004-09-30,13.9,14.2,13.75,13.95,,2485700.0
2004-10-01,14.03,14.89,14.03,14.87,,3158900.0
2004-10-04,15.13,15.38,15.01,15.22,,3710000.0
2004-10-05,15.2,15.27,14.86,15.01,,3315800.0
2004-10-06,14.91,14.92,14.68,14.89,,2716100.0
2004-10-07,14.78,14.89,14.66,14.7,,2531100.0
2004-10-08,14.67,14.79,14.32,14.38,,2281800.0
2004-10-11,14.61,14.68,14.29,14.33,,3162400.0
2004-10-12,14.23,14.24,13.99,14.17,,4090300.0
2004-10-13,14.49,14.69,14.42,14.5,,3077000.0
2004-10-14,14.5,14.54,14.2,14.32,,2495200.0
2004-10-15,14.46,14.94,14.41,14.74,,2814000.0
2004-10-18,14.74,14.89,14.49,14.85,,2349800.0
2004-10-19,14.98,15.18,14.69,14.69,,3324300.0
2004-10-20,14.56,15.36,14.56,15.35,,3588800.0
2004-10-21,15.36,15.97,15.26,15.88,,3798600.0
2004-10-22,15.88,15.89,15.4,15.46,,2813100.0
2004-10-25,15.31,15.61,15.29,15.49,,1788300.0
2004-10-26,15.46,15.73,15.27,15.73,,2397100.0
2004-10-27,15.67,16.24,15.61,16.15,,2660800.0
2004-10-28,16.15,16.36,15.95,16.04,,2112000.0
2004-10-29,16.04,16.34,15.98,16.21,,2360500.0
2004-11-01,16.13,16.3,15.91,15.98,,2024400.0
2004-11-02,15.82,16.42,15.77,16.11,,2572200.0
2004-11-03,16.72,16.72,15.88,16.06,,3755400.0
2004-11-04,16.06,16.19,15.95,16.14,,2183700.0
2004-11-05,16.1,16.48,16.06,16.3,,2454400.0
2004-11-08,16.11,16.74,16.11,16.66,,2297500.0
2004-11-09,16.46,16.75,16.35,16.53,,1627300.0
2004-11-10,16.55,16.61,16.19,16.2,,1579900.0
2004-11-11,16.24,16.73,16.23,16.61,,2489400.0
2004-11-12,15.04,15.04,14.16,14.6,,19359600.0
2004-11-15,14.41,15.09,14.39,14.74,,5459700.0
2004-11-16,14.62,14.89,14.59,14.84,,3408800.0
2004-11-17,14.89,15.13,14.89,15.11,,3461900.0
2004-11-18,14.95,15.16,14.88,15.13,,2524300.0
2004-11-19,15.16,15.16,14.82,14.96,,2063300.0
2004-11-22,14.88,14.97,14.74,14.92,,1874100.0
2004-11-23,14.81,14.89,14.71,14.76,,2131300.0
2004-11-24,14.72,15.03,14.7,14.99,,1609900.0
2004-11-26,14.91,15.11,14.91,14.98,,620000.0
2004-11-29,14.96,15.06,14.76,14.91,,1406500.0
2004-11-30,14.76,14.92,14.74,14.8,,1461100.0
2004-12-01,14.89,15.33,14.89,15.32,,1953600.0
2004-12-02,15.32,15.88,15.31,15.55,,2930100.0
2004-12-03,15.64,16.04,15.54,15.66,,1988900.0
2004-12-06,15.62,15.79,15.5,15.72,,1336600.0
2004-12-07,15.69,15.96,15.43,15.44,,1777400.0
2004-12-08,15.45,15.46,15.18,15.22,,1727000.0
2004-12-09,15.18,15.44,14.8,15.33,,2083500.0
2004-12-10,15.68,15.68,15.18,15.32,,1669200.0
2004-12-13,15.42,15.56,15.29,15.42,,1567700.0
2004-12-14,15.35,15.69,15.35,15.65,,1938200.0
2004-12-15,15.65,15.93,13.7,15.64,,2251200.0
2004-12-16,15.39,15.6,15.29,15.31,,1804600.0
2004-12-17,15.19,15.52,15.18,15.4,,2615800.0
2004-12-20,15.46,15.64,15.23,15.24,,1553100.0
2004-12-21,15.21,15.48,15.2,15.4,,1815700.0
2004-12-22,15.42,15.63,15.3,15.52,,1608100.0
2004-12-23,15.47,15.58,15.39,15.5,,1200700.0
2004-12-27,15.47,15.58,15.33,15.39,,2225700.0
2004-12-28,15.39,15.66,15.39,15.53,,1227700.0
2004-12-29,15.43,15.8,15.41,15.77,,1465900.0
2004-12-30,15.67,15.82,15.57,15.58,,1233300.0
2004-12-31,15.58,15.67,15.53,15.58,,1180600.0
2005-01-03,15.58,15.64,15.2,15.44,,2416900.0
2005-01-04,15.38,15.51,14.91,15.03,,2680200.0
2005-01-05,14.98,15.29,14.95,15.03,,2788700.0
2005-01-06,15.13,15.16,14.67,14.7,,2259400.0
2005-01-07,14.67,14.84,14.63,14.69,,1877200.0
2005-01-10,14.66,14.69,14.4,14.61,,2822700.0
2005-01-11,14.36,14.49,14.3,14.36,,2197400.0
2005-01-12,14.36,14.49,14.12,14.34,,2687300.0
2005-01-13,14.26,14.31,14.01,14.04,,2382600.0
2005-01-14,14.06,14.32,14.06,14.26,,2039800.0
2005-01-18,14.17,14.55,14.03,14.5,,2520400.0
2005-01-19,14.45,14.55,14.24,14.27,,2604300.0
2005-01-20,14.27,14.59,14.26,14.39,,4029300.0
2005-01-21,14.39,14.39,14.05,14.1,,3694600.0
2005-01-24,14.11,14.14,13.86,13.86,,3531300.0
2005-01-25,13.91,14.23,13.87,14.1,,2112100.0
2005-01-26,14.17,14.27,14.11,14.23,,2061800.0
2005-01-27,14.17,14.38,14.03,14.23,,1915100.0
2005-01-28,14.16,14.26,13.91,13.97,,2098800.0
2005-01-31,14.19,14.39,14.16,14.3,,1900500.0
2005-02-01,14.23,14.58,14.23,14.56,,2029000.0
2005-02-02,14.57,14.72,14.45,14.68,,1733900.0
2005-02-03,14.56,14.67,14.13,14.29,,1984200.0
2005-02-04,14.26,14.54,14.24,14.52,,2246400.0
2005-02-07,14.74,15.01,14.68,14.95,,2763700.0
2005-02-08,14.96,15.51,14.91,15.36,,3131900.0
2005-02-09,15.38,15.38,14.85,14.93,,1793200.0
2005-02-10,14.93,15.07,14.87,14.9,,1330200.0
2005-02-11,14.86,15.4,14.75,15.34,,1992000.0
2005-02-14,15.22,15.54,15.15,15.53,,2808900.0
2005-02-15,15.16,15.86,15.07,15.77,,7135600.0
2005-02-16,15.64,15.69,15.33,15.47,,2819400.0
2005-02-17,15.37,15.62,15.29,15.33,,2474500.0
2005-02-18,15.33,15.37,15.18,15.24,,2013300.0
2005-02-22,15.14,15.52,15.1,15.18,,1722300.0
2005-02-23,15.23,15.26,14.79,14.86,,3214100.0
2005-02-24,14.81,15.03,14.74,15.0,,3894800.0
2005-02-25,15.04,15.27,14.9,15.23,,3565900.0
2005-02-28,15.23,15.56,15.23,15.52,,2655800.0
2005-03-01,15.55,15.9,15.55,15.83,,3129900.0
2005-03-02,15.71,15.89,15.59,15.74,,1717700.0
2005-03-03,15.74,15.94,15.64,15.8,,1946000.0
2005-03-04,15.85,15.89,15.52,15.59,,1687000.0
2005-03-07,15.63,16.09,15.55,16.0,,2269400.0
2005-03-08,15.91,16.16,15.62,15.75,,2299600.0
2005-03-09,15.66,15.86,15.49,15.53,,2155300.0
2005-03-10,15.51,15.6,15.28,15.46,,1827500.0
2005-03-11,15.43,15.55,15.04,15.09,,1638400.0
2005-03-14,15.07,15.36,15.03,15.31,,2214000.0
2005-03-15,15.32,15.45,15.02,15.04,,1544200.0
2005-03-16,15.0,15.18,14.47,14.57,,3670900.0
2005-03-17,14.55,14.72,14.53,14.65,,2122800.0
2005-03-18,14.56,14.61,14.32,14.45,,6475600.0
2005-03-21,14.39,14.77,14.37,14.6,,2207600.0
2005-03-22,14.65,14.74,14.45,14.6,,2795300.0
2005-03-23,14.61,14.68,14.55,14.57,,2255200.0
2005-03-24,14.57,14.74,14.33,14.62,,2472900.0
2005-03-28,14.68,14.71,14.52,14.56,,1688100.0
2005-03-29,14.56,14.7,14.47,14.54,,2892100.0
2005-03-30,14.39,14.45,14.07,14.4,,3965000.0
2005-03-31,14.41,14.45,14.19,14.36,,2708400.0
2005-04-01,14.49,14.57,14.25,14.27,,3374700.0
2005-04-04,14.18,14.18,13.76,13.84,,4883500.0
2005-04-05,13.87,13.89,13.63,13.81,,4176800.0
2005-04-06,13.81,14.06,13.81,14.01,,2142100.0
2005-04-07,13.97,13.99,13.83,13.95,,2913000.0
2005-04-08,13.94,14.06,13.82,13.82,,1915500.0
2005-04-11,13.8,13.82,13.59,13.67,,2990200.0
2005-04-12,13.58,13.88,13.45,13.81,,2619000.0
2005-04-13,13.74,13.87,13.42,13.46,,2344600.0
2005-04-14,13.46,13.59,13.33,13.37,,2092700.0
2005-04-15,13.24,13.28,13.0,13.19,,3417600.0
2005-04-18,13.17,13.44,13.17,13.37,,2451300.0
2005-04-19,13.37,13.53,13.36,13.43,,2580700.0
2005-04-20,13.48,13.58,13.23,13.26,,1947100.0
2005-04-21,13.37,13.82,13.37,13.82,,2209800.0
2005-04-22,13.72,13.79,13.52,13.64,,2119500.0
2005-04-25,13.7,13.9,13.57,13.79,,2194900.0
2005-04-26,13.76,14.02,13.71,13.8,,1990100.0
2005-04-27,13.76,13.87,13.55,13.73,,1738000.0
2005-04-28,13.64,13.7,13.35,13.35,,1880800.0
2005-04-29,13.45,13.48,13.22,13.42,,2584000.0
2005-05-02,13.42,13.6,13.4,13.56,,1551300.0
2005-05-03,13.52,13.78,13.51,13.7,,1614700.0
2005-05-04,13.71,13.85,13.66,13.74,,2848900.0
2005-05-05,13.7,13.87,13.57,13.63,,2563100.0
2005-05-06,13.68,13.94,13.66,13.9,,1557600.0
2005-05-09,13.84,14.21,13.78,14.16,,1989300.0
2005-05-10,14.01,14.17,13.97,14.14,,1928100.0
2005-05-11,14.13,14.38,14.1,14.36,,2126600.0
2005-05-12,14.01,14.69,14.01,14.21,,3922600.0
2005-05-13,14.23,14.41,14.14,14.22,,3190700.0
2005-05-16,14.13,14.16,13.83,13.94,,4541200.0
2005-05-17,13.72,14.61,13.72,14.54,,4394400.0
2005-05-18,14.51,14.99,14.38,14.82,,2715400.0
2005-05-19,14.82,14.95,14.78,14.92,,1534100.0
2005-05-20,14.94,15.17,14.76,15.14,,1689400.0
2005-05-23,15.08,15.32,15.07,15.28,,2291500.0
2005-05-24,15.27,15.51,15.15,15.45,,2119600.0
2005-05-25,15.33,15.36,15.1,15.22,,1524000.0
2005-05-26,15.22,15.42,15.22,15.36,,1292500.0
2005-05-27,15.36,15.49,15.31,15.46,,827100.0
2005-05-31,15.36,15.62,15.33,15.53,,2054100.0
2005-06-01,15.53,15.77,15.49,15.64,,1408700.0
2005-06-02,15.51,15.73,15.49,15.64,,1589900.0
2005-06-03,15.65,15.65,15.49,15.56,,1207900.0
2005-06-06,16.0,16.0,15.68,15.86,,3248900.0
2005-06-07,15.84,15.97,15.6,15.66,,1986800.0
2005-06-08,15.77,15.95,15.71,15.81,,1547700.0
2005-06-09,15.77,16.0,15.73,15.97,,2830900.0
2005-06-10,15.85,16.08,15.81,15.84,,1369700.0
2005-06-13,15.81,16.01,15.78,15.95,,1506100.0
2005-06-14,15.95,16.04,15.89,15.97,,1128200.0
2005-06-15,16.02,16.11,15.82,15.94,,1197900.0
2005-06-16,16.0,16.03,15.87,15.89,,1095300.0
2005-06-17,16.07,16.08,15.93,16.02,,2139200.0
2005-06-20,15.88,16.17,15.86,16.11,,1491100.0
2005-06-21,16.07,16.17,15.96,15.96,,1387200.0
2005-06-22,16.02,16.1,15.84,15.93,,1425900.0
2005-06-23,15.93,16.2,15.91,16.05,,2619900.0
2005-06-24,16.02,16.03,15.6,15.6,,1842300.0
2005-06-27,15.49,15.49,15.0,15.09,,2388700.0
2005-06-28,15.1,15.22,15.05,15.19,,2007400.0
2005-06-29,15.16,15.25,14.99,15.02,,1287600.0
2005-06-30,14.92,15.0,14.84,14.89,,1724500.0
2005-07-01,15.0,15.23,14.96,15.13,,1632900.0
2005-07-05,15.04,15.39,14.96,15.27,,1425200.0
2005-07-06,15.31,15.55,15.24,15.29,,1631200.0
2005-07-07,15.13,15.45,14.96,15.44,,2462100.0
2005-07-08,15.49,15.8,15.46,15.74,,2414600.0
2005-07-11,16.17,16.92,16.17,16.6,,7059600.0
2005-07-12,16.18,16.85,16.18,16.77,,2598300.0
2005-07-13,16.66,16.88,16.6,16.77,,2067100.0
2005-07-14,16.85,16.97,16.55,16.64,,1474400.0
2005-07-15,16.71,16.71,16.45,16.59,,1448900.0
2005-07-18,16.55,16.6,16.35,16.6,,1426800.0
2005-07-19,16.6,16.86,16.46,16.78,,1621800.0
2005-07-20,16.74,16.91,16.55,16.76,,2347200.0
2005-07-21,16.76,16.9,16.64,16.72,,2076900.0
2005-07-22,16.67,16.68,16.41,16.55,,1441500.0
2005-07-25,16.51,16.68,16.48,16.55,,1177100.0
2005-07-26,16.55,16.94,16.55,16.8,,2010500.0
2005-07-27,16.85,17.22,16.81,17.07,,2359500.0
2005-07-28,17.07,17.12,16.97,17.08,,983900.0
2005-07-29,17.02,17.12,16.9,16.97,,953800.0
2005-08-01,16.96,17.3,16.96,17.14,,1343800.0
2005-08-02,17.21,17.32,17.15,17.22,,1281600.0
2005-08-03,17.08,17.31,16.89,17.31,,1402800.0
2005-08-04,17.27,17.27,16.88,16.94,,1695800.0
2005-08-05,16.78,16.92,16.7,16.73,,1390600.0
2005-08-08,16.71,16.73,16.35,16.37,,2421700.0
2005-08-09,16.43,16.62,16.37,16.54,,1218100.0
2005-08-10,16.63,16.71,16.28,16.36,,1372000.0
2005-08-11,16.36,16.89,16.32,16.89,,1561000.0
2005-08-12,16.91,17.24,16.91,17.08,,3850100.0
2005-08-15,19.21,19.95,18.98,19.61,,22264800.0
2005-08-16,19.11,19.71,19.1,19.71,,7075300.0
2005-08-17,19.72,20.14,19.71,20.12,,5098100.0
2005-08-18,19.88,20.08,19.85,19.98,,5083600.0
2005-08-19,19.98,20.02,19.79,19.82,,2929800.0
2005-08-22,19.66,19.92,19.66,19.85,,3833100.0
2005-08-23,19.79,19.89,19.56,19.56,,7131200.0
2005-08-24,19.4,19.89,19.4,19.5,,4549700.0
2005-08-25,19.43,20.1,19.37,19.92,,5436100.0
2005-08-26,19.85,20.19,19.85,20.11,,4844600.0
2005-08-29,19.92,20.38,19.92,20.21,,3464400.0
2005-08-30,20.27,20.74,20.25,20.71,,4245500.0
2005-08-31,20.71,20.84,20.53,20.8,,2157500.0
2005-09-01,20.63,20.96,20.62,20.88,,4315200.0
2005-09-02,20.88,20.95,20.73,20.78,,1870300.0
2005-09-06,20.63,21.03,20.63,21.0,,2714600.0
2005-09-07,20.87,21.09,20.87,21.01,,3304500.0
2005-09-08,20.98,21.05,20.66,20.82,,3644100.0
2005-09-09,20.81,21.13,20.77,21.09,,2526700.0
2005-09-12,21.2,21.63,21.11,21.55,,5005600.0
2005-09-13,21.31,21.48,21.28,21.4,,5361500.0
2005-09-14,21.24,21.29,21.06,21.1,,2409700.0
2005-09-15,21.27,21.44,21.18,21.36,,2988800.0
2005-09-16,21.51,21.99,21.38,21.93,,8022700.0
2005-09-19,21.82,21.87,21.6,21.76,,2825500.0
2005-09-20,21.87,22.28,21.87,22.01,,3937600.0
2005-09-21,21.87,21.97,21.57,21.75,,3024600.0
2005-09-22,21.66,21.82,21.42,21.78,,3729300.0
2005-09-23,21.66,21.93,21.55,21.79,,3565300.0
2005-09-26,21.86,21.97,21.64,21.73,,2737500.0
2005-09-27,21.73,21.82,21.6,21.64,,2811300.0
2005-09-28,21.7,21.81,21.37,21.49,,2796300.0
2005-09-29,21.4,21.55,21.01,21.13,,6137100.0
2005-09-30,21.14,21.33,21.1,21.18,,4864900.0
2005-10-03,21.23,21.53,21.23,21.33,,4766700.0
2005-10-04,21.37,21.44,20.91,20.99,,3431700.0
2005-10-05,20.77,20.78,20.13,20.21,,3914400.0
2005-10-06,20.29,20.3,19.9,20.09,,3773600.0
2005-10-07,20.32,20.62,20.19,20.57,,3433200.0
2005-10-10,20.56,20.66,20.25,20.27,,2237000.0
2005-10-11,20.29,20.45,20.01,20.07,,3550400.0
2005-10-12,19.98,20.11,19.44,19.68,,3907400.0
2005-10-13,19.56,19.78,19.47,19.77,,2186900.0
2005-10-14,21.4,21.4,19.71,20.0,,2472900.0
2005-10-17,19.94,20.01,19.69,19.94,,2226300.0
2005-10-18,19.88,19.94,19.67,19.82,,2151400.0
2005-10-19,19.82,20.3,19.66,20.16,,3783700.0
2005-10-20,20.18,20.43,19.85,19.93,,2616900.0
2005-10-21,19.98,20.29,19.87,20.1,,2229200.0
2005-10-24,20.1,20.34,20.02,20.16,,1682400.0
2005-10-25,20.11,20.3,20.01,20.16,,2439400.0
2005-10-26,20.11,20.33,20.03,20.04,,1720400.0
2005-10-27,19.92,20.01,19.74,19.77,,1281700.0
2005-10-28,19.81,20.08,19.38,20.05,,2380700.0
2005-10-31,20.05,20.78,20.01,20.7,,3046200.0
2005-11-01,20.7,21.01,20.63,20.78,,1921700.0
2005-11-02,20.76,21.26,20.73,21.13,,1758000.0
2005-11-03,21.2,21.35,21.08,21.15,,1493000.0
2005-11-04,21.12,21.34,21.11,21.21,,2044100.0
2005-11-07,21.08,21.31,21.01,21.27,,1679900.0
2005-11-08,21.16,21.4,21.16,21.32,,4539100.0
2005-11-09,21.27,21.46,21.22,21.36,,3155800.0
2005-11-10,21.36,21.45,21.26,21.37,,2850500.0
2005-11-11,21.19,21.36,21.15,21.29,,2252800.0
2005-11-14,21.21,21.53,21.19,21.27,,3538100.0
2005-11-15,22.5,22.6,22.26,22.31,,15631000.0
2005-11-16,22.15,22.37,22.1,22.15,,4248600.0
2005-11-17,22.12,22.5,22.09,22.48,,5857400.0
2005-11-18,22.5,22.6,22.36,22.57,,4925000.0
2005-11-21,22.37,22.69,22.37,22.62,,4072500.0
2005-11-22,22.54,23.15,22.54,23.0,,3847900.0
2005-11-23,22.92,23.14,22.92,23.05,,2512300.0
2005-11-25,23.05,23.13,23.03,23.08,,1073400.0
2005-11-28,23.02,23.05,22.9,23.05,,3296500.0
2005-11-29,23.02,23.16,22.91,22.95,,3218700.0
2005-11-30,22.89,23.14,22.89,23.06,,2488200.0
2005-12-01,23.06,23.34,23.02,23.27,,3959100.0
2005-12-02,23.15,23.18,22.75,22.95,,5779000.0
2005-12-05,22.96,23.15,22.55,22.63,,5133500.0
2005-12-06,22.63,22.74,22.53,22.59,,6809500.0
2005-12-07,22.63,22.63,22.24,22.3,,5745800.0
2005-12-08,22.34,22.45,22.08,22.36,,5671000.0
2005-12-09,22.44,22.87,22.41,22.81,,8991300.0
2005-12-12,22.78,23.18,22.78,23.05,,8644100.0
2005-12-13,23.04,23.28,23.03,23.27,,12511800.0
2005-12-14,23.25,23.28,22.89,22.98,,14446300.0
2005-12-15,22.96,23.01,22.75,22.77,,2634700.0
2005-12-16,22.88,22.92,22.81,22.83,,3272700.0
2005-12-19,22.78,22.96,22.62,22.67,,3376100.0
2005-12-20,22.63,22.67,22.31,22.52,,2942100.0
2005-12-21,22.63,22.87,22.54,22.54,,4211400.0
2005-12-22,22.54,22.71,22.5,22.68,,2988700.0
2005-12-23,22.63,22.73,22.5,22.57,,1277800.0
2005-12-27,22.5,22.54,21.95,21.97,,2139500.0
2005-12-28,22.12,22.15,21.73,21.92,,2792200.0
2005-12-29,21.99,22.0,21.64,21.64,,2170400.0
2005-12-30,21.52,21.64,21.4,21.53,,2320900.0
2006-01-03,21.6,21.71,21.22,21.66,,3796200.0
2006-01-04,21.7,21.88,21.58,21.72,,3001300.0
2006-01-05,21.63,22.29,21.63,22.29,,3458800.0
2006-01-06,22.31,22.5,22.04,22.41,,4396500.0
2006-01-09,22.41,22.5,22.26,22.34,,2920500.0
2006-01-10,22.15,22.63,22.05,22.63,,2153700.0
2006-01-11,22.63,22.68,22.37,22.63,,2056500.0
2006-01-12,22.47,22.54,22.1,22.13,,3923000.0
2006-01-13,22.07,22.15,21.72,21.96,,2933900.0
2006-01-17,21.77,21.83,21.53,21.83,,2501200.0
2006-01-18,21.82,22.36,21.6,21.68,,2824600.0
2006-01-19,22.31,22.79,22.3,22.63,,3130300.0
2006-01-20,22.54,22.63,21.99,22.15,,3717200.0
2006-01-23,22.12,22.36,22.08,22.15,,1575900.0
2006-01-24,22.15,22.34,22.08,22.19,,1760200.0
2006-01-25,22.2,22.23,22.09,22.16,,1383000.0
2006-01-26,22.27,22.3,21.79,22.06,,2285100.0
2006-01-27,22.05,22.31,22.04,22.08,,2022400.0
2006-01-30,22.05,22.29,22.05,22.24,,1310900.0
2006-01-31,22.15,22.19,21.93,21.93,,2924400.0
2006-02-01,21.86,22.63,21.84,22.61,,2896300.0
2006-02-02,22.31,22.5,21.99,22.16,,1552700.0
2006-02-03,22.08,22.37,22.01,22.2,,1430600.0
2006-02-06,22.16,22.63,22.07,22.46,,1618800.0
2006-02-07,22.34,22.43,21.68,21.99,,2147400.0
2006-02-08,22.02,22.37,22.02,22.34,,1785600.0
2006-02-09,22.6,22.89,22.6,22.72,,4551600.0
2006-02-10,22.63,23.2,22.63,23.2,,5582000.0
2006-02-13,22.04,22.84,22.0,22.28,,6355800.0
2006-02-14,22.36,22.78,22.21,22.5,,3651000.0
2006-02-15,22.34,22.7,22.05,22.63,,3432200.0
2006-02-16,22.56,22.76,22.44,22.49,,2350300.0
2006-02-17,22.37,22.72,22.33,22.63,,3222400.0
2006-02-21,22.59,22.87,22.58,22.72,,3220400.0
2006-02-22,22.72,22.92,22.7,22.92,,2691200.0
2006-02-23,22.96,23.47,22.94,23.28,,5031200.0
2006-02-24,23.34,23.46,23.12,23.23,,2098600.0
2006-02-27,23.18,23.76,23.18,23.66,,3512400.0
2006-02-28,23.44,23.6,23.25,23.28,,2331200.0
2006-03-01,23.34,23.74,23.34,23.74,,1908500.0
2006-03-02,23.64,23.67,23.41,23.49,,2086400.0
2006-03-03,23.32,23.67,23.31,23.42,,1519300.0
2006-03-06,23.41,23.5,23.2,23.4,,1548600.0
2006-03-07,23.29,23.57,23.22,23.51,,2751700.0
2006-03-08,23.51,23.81,23.41,23.64,,2559000.0
2006-03-09,23.76,23.79,23.39,23.42,,2927600.0
2006-03-10,23.41,23.64,23.12,23.53,,2127400.0
2006-03-13,23.54,23.91,23.54,23.88,,3255700.0
2006-03-14,23.81,23.89,23.58,23.82,,3067200.0
2006-03-15,23.71,24.31,23.55,24.27,,4014600.0
2006-03-16,24.23,24.57,24.23,24.4,,3603200.0
2006-03-17,24.41,24.66,24.33,24.52,,5054400.0
2006-03-20,24.47,24.51,24.17,24.39,,1727400.0
2006-03-21,24.31,24.39,23.93,24.0,,2571400.0
2006-03-22,23.98,24.04,23.8,23.99,,3285700.0
2006-03-23,24.02,24.15,23.71,24.06,,2079400.0
2006-03-24,23.99,24.25,23.96,24.17,,1785300.0
2006-03-27,24.0,24.01,23.72,23.72,,2019700.0
2006-03-28,23.7,23.75,23.42,23.45,,2006600.0
2006-03-29,23.47,23.98,23.47,23.9,,2727900.0
2006-03-30,23.86,24.25,23.84,24.12,,2532200.0
2006-03-31,24.12,24.35,24.12,24.28,,2734200.0
2006-04-03,24.51,24.81,24.38,24.64,,3023900.0
2006-04-04,24.59,24.7,24.47,24.61,,1827300.0
2006-04-05,24.59,24.77,24.53,24.72,,1726900.0
2006-04-06,24.67,24.93,24.64,24.9,,2354600.0
2006-04-07,24.82,24.9,24.35,24.48,,2270900.0
2006-04-10,24.42,24.57,23.7,23.87,,2149700.0
2006-04-11,23.99,24.09,23.57,23.91,,1608900.0
2006-04-12,23.86,23.99,23.45,23.49,,1424900.0
2006-04-13,23.38,23.75,23.35,23.71,,1169400.0
2006-04-17,23.71,23.95,23.6,23.84,,1682300.0
2006-04-18,23.98,24.71,23.89,24.57,,3646100.0
2006-04-19,24.52,25.03,24.51,24.97,,3015700.0
2006-04-20,25.01,25.51,24.98,25.2,,3494100.0
2006-04-21,25.25,25.31,24.94,25.1,,2289900.0
2006-04-24,25.01,25.04,24.72,24.84,,1816300.0
2006-04-25,24.85,25.21,24.83,25.14,,2262800.0
2006-04-26,25.19,25.22,24.9,25.09,,1695000.0
2006-04-27,25.05,25.57,25.01,25.22,,2935800.0
2006-04-28,25.15,25.19,24.82,24.84,,1985000.0
2006-05-01,24.93,25.22,24.83,25.06,,2130000.0
2006-05-02,25.06,25.28,25.04,25.24,,1717400.0
2006-05-03,25.19,25.23,24.94,25.17,,1368200.0
2006-05-04,25.17,25.4,25.03,25.13,,2022700.0
2006-05-05,25.23,25.38,25.12,25.32,,1464500.0
2006-05-08,25.28,25.51,25.19,25.22,,2187300.0
2006-05-09,25.31,25.31,24.96,25.14,,1616500.0
2006-05-10,25.03,25.21,24.88,25.01,,1980400.0
2006-05-11,24.83,25.06,24.68,25.01,,2556900.0
2006-05-12,24.83,24.93,24.04,24.09,,3387000.0
2006-05-15,24.15,24.66,24.06,24.55,,3421100.0
2006-05-16,23.54,23.66,22.43,22.54,,9654600.0
2006-05-17,22.5,22.76,22.37,22.5,,4387400.0
2006-05-18,22.93,22.99,22.48,22.53,,3136500.0
2006-05-19,22.6,22.72,22.34,22.62,,4083800.0
2006-05-22,22.59,22.61,22.08,22.27,,3512900.0
2006-05-23,22.33,22.71,22.25,22.3,,2855600.0
2006-05-24,22.24,22.65,21.66,22.06,,3256500.0
2006-05-25,22.24,22.28,21.65,21.93,,3792600.0
2006-05-26,22.08,22.5,21.99,22.39,,2193400.0
2006-05-30,22.35,22.41,22.0,22.04,,2638600.0
2006-05-31,22.03,22.6,22.03,22.56,,3898200.0
2006-06-01,22.44,22.73,22.38,22.65,,3102200.0
2006-06-02,22.69,23.03,22.56,22.97,,2625700.0
2006-06-05,22.83,22.87,22.19,22.21,,3104700.0
2006-06-06,22.37,22.38,21.79,22.01,,3184700.0
2006-06-07,22.02,22.26,21.73,21.92,,2241900.0
2006-06-08,21.79,21.81,21.21,21.67,,3052000.0
2006-06-09,21.67,22.02,21.51,21.95,,2352600.0
2006-06-12,21.55,21.88,20.81,21.08,,5103400.0
2006-06-13,21.02,21.19,20.24,20.34,,7520600.0
2006-06-14,20.34,20.66,20.27,20.64,,4400800.0
2006-06-15,20.72,21.66,20.71,21.59,,4037100.0
2006-06-16,21.48,21.68,21.38,21.57,,2524600.0
2006-06-19,21.6,21.69,20.85,20.93,,1987900.0
2006-06-20,20.92,21.12,20.74,20.81,,1492400.0
2006-06-21,20.8,21.26,20.8,21.12,,1383200.0
2006-06-22,21.12,21.16,20.76,20.87,,1322200.0
2006-06-23,20.5,20.69,19.3,20.17,,6082900.0
2006-06-26,20.24,20.4,20.09,20.33,,2812900.0
2006-06-27,19.79,20.3,19.65,19.68,,3627700.0
2006-06-28,19.68,19.93,19.44,19.76,,2492200.0
2006-06-29,19.83,20.4,19.72,20.38,,2692700.0
2006-06-30,20.41,20.76,20.4,20.41,,3885400.0
2006-07-03,20.52,20.69,20.36,20.6,,996700.0
2006-07-05,20.48,20.53,20.08,20.26,,2480000.0
2006-07-06,20.25,20.61,20.25,20.46,,1469400.0
2006-07-07,20.37,20.37,19.88,20.06,,1698700.0
2006-07-10,20.16,20.3,19.74,19.88,,1566500.0
2006-07-11,19.82,19.82,18.99,19.52,,5217600.0
2006-07-12,19.52,19.52,18.03,18.43,,6978800.0
2006-07-13,18.4,18.64,18.24,18.41,,3897000.0
2006-07-14,18.4,18.62,18.2,18.55,,2504800.0
2006-07-17,18.53,18.68,18.45,18.65,,2461000.0
2006-07-18,18.64,18.75,17.9,18.3,,2617900.0
2006-07-19,18.35,19.08,18.35,19.01,,2241100.0
2006-07-20,19.08,19.37,18.57,18.6,,2447100.0
2006-07-21,18.69,18.69,17.77,18.02,,3514500.0
2006-07-24,18.04,18.92,18.04,18.78,,3565200.0
2006-07-25,18.78,19.28,18.68,18.86,,2654600.0
2006-07-26,18.8,18.82,17.98,17.98,,5702100.0
2006-07-27,18.11,18.22,17.78,17.8,,3550400.0
2006-07-28,17.87,18.22,17.76,18.05,,3168000.0
2006-07-31,17.98,18.46,17.88,18.39,,1698400.0
2006-08-01,18.31,18.33,17.94,18.14,,2677800.0
2006-08-02,18.11,18.47,17.98,18.19,,2430000.0
2006-08-03,18.01,18.55,17.94,18.24,,1590400.0
2006-08-04,18.5,18.75,17.94,18.14,,1517400.0
2006-08-07,18.07,18.11,17.79,17.94,,1473600.0
2006-08-08,17.94,17.98,17.43,17.51,,2084500.0
2006-08-09,17.74,18.27,17.56,17.64,,1653400.0
2006-08-10,17.58,18.02,17.51,17.98,,2387500.0
2006-08-11,17.58,17.9,17.52,17.59,,1638800.0
2006-08-14,17.74,18.67,17.73,18.41,,3845400.0
2006-08-15,19.98,20.6,19.85,20.12,,6259800.0
2006-08-16,20.52,20.87,19.94,20.7,,4125400.0
2006-08-17,20.69,20.91,20.51,20.87,,2216100.0
2006-08-18,20.87,20.87,20.32,20.56,,2932400.0
2006-08-21,20.5,20.51,20.18,20.25,,1393500.0
2006-08-22,20.16,20.36,19.95,19.98,,2301400.0
2006-08-23,19.92,20.15,19.74,19.75,,1284300.0
2006-08-24,19.85,20.05,19.72,19.77,,1718800.0
2006-08-25,19.7,19.83,19.63,19.7,,1961100.0
2006-08-28,19.68,20.02,19.67,19.92,,1557200.0
2006-08-29,19.97,20.34,19.96,20.28,,2240400.0
2006-08-30,20.41,20.76,20.38,20.69,,2507400.0
2006-08-31,20.81,20.85,20.45,20.8,,1821200.0
2006-09-01,20.8,20.85,20.38,20.38,,2224800.0
2006-09-05,20.27,20.47,19.96,20.41,,2079300.0
2006-09-06,20.27,20.28,19.82,19.85,,2372500.0
2006-09-07,19.76,20.01,19.6,19.68,,2349300.0
2006-09-08,19.72,19.95,19.69,19.84,,1210000.0
2006-09-11,19.76,20.29,19.76,20.1,,4995600.0
2006-09-12,20.1,20.47,20.05,20.37,,3010800.0
2006-09-13,20.43,20.49,20.18,20.27,,1941100.0
2006-09-14,20.11,20.2,19.88,20.05,,2232200.0
2006-09-15,20.06,20.08,19.72,19.99,,4692100.0
2006-09-18,20.0,20.25,19.91,20.16,,2440900.0
2006-09-19,20.18,20.35,19.94,20.34,,2712400.0
2006-09-20,20.58,21.14,20.56,21.08,,3547800.0
2006-09-21,21.31,21.6,21.23,21.39,,3673100.0
2006-09-22,21.31,21.33,20.82,21.0,,2524900.0
2006-09-25,21.04,21.45,20.87,21.27,,1918200.0
2006-09-26,21.22,21.5,21.04,21.3,,2303800.0
2006-09-27,21.31,21.37,20.77,20.87,,4046000.0
2006-09-28,20.82,21.35,20.73,21.33,,3867700.0
2006-09-29,21.34,21.45,21.11,21.14,,1455800.0
2006-10-02,21.02,21.2,20.77,20.9,,2832000.0
2006-10-03,20.74,21.07,20.73,20.85,,2303100.0
2006-10-04,20.79,21.42,20.78,21.37,,2533100.0
2006-10-05,21.24,21.35,21.02,21.27,,1699400.0
2006-10-06,21.11,21.6,20.96,21.53,,2098700.0
2006-10-09,21.37,21.71,21.19,21.61,,2789000.0
2006-10-10,21.57,21.73,21.48,21.57,,2049800.0
2006-10-11,21.34,21.77,21.2,21.46,,2566500.0
2006-10-12,21.48,21.81,21.45,21.71,,1693700.0
2006-10-13,21.66,22.49,21.66,22.31,,2980100.0
2006-10-16,22.31,22.39,22.12,22.19,,1868800.0
2006-10-17,21.92,22.37,21.92,22.24,,5016800.0
2006-10-18,22.41,22.71,22.34,22.64,,3838800.0
2006-10-19,22.54,22.7,22.41,22.58,,2149900.0
2006-10-20,22.61,22.66,22.41,22.58,,1939400.0
2006-10-23,22.69,22.9,22.35,22.5,,1917600.0
2006-10-24,22.47,22.6,22.36,22.59,,1804700.0
2006-10-25,22.57,22.67,22.43,22.65,,1605000.0
2006-10-26,22.71,22.94,22.57,22.9,,929500.0
2006-10-27,22.9,22.92,22.5,22.56,,2364000.0
2006-10-30,22.5,22.68,22.41,22.57,,1140900.0
2006-10-31,22.63,23.16,22.61,23.02,,2784400.0
2006-11-01,21.7,22.34,21.7,22.04,,3258900.0
2006-11-02,21.97,21.97,21.47,21.6,,2054100.0
2006-11-03,21.68,21.8,21.27,21.29,,2802900.0
2006-11-06,21.29,22.06,21.27,22.01,,3615300.0
2006-11-07,21.99,22.15,21.75,21.75,,1871100.0
2006-11-08,21.59,21.91,21.53,21.77,,1962100.0
2006-11-09,21.88,22.14,21.86,22.04,,3364200.0
2006-11-10,22.04,22.25,22.01,22.21,,2027900.0
2006-11-13,22.18,22.73,22.15,22.63,,4149700.0
2006-11-14,21.4,21.62,20.85,21.34,,12080100.0
2006-11-15,21.34,21.62,21.27,21.43,,3475700.0
2006-11-16,21.46,21.95,21.34,21.76,,3273600.0
2006-11-17,21.64,21.88,21.53,21.82,,2492800.0
2006-11-20,21.7,21.97,21.47,21.82,,2239100.0
2006-11-21,21.82,21.82,21.63,21.75,,3407100.0
2006-11-22,21.7,21.73,21.53,21.61,,4274200.0
2006-11-24,21.48,21.79,21.47,21.7,,963900.0
2006-11-27,21.63,21.64,20.98,21.09,,2663500.0
2006-11-28,21.08,21.27,20.89,21.08,,3658700.0
2006-11-29,21.08,21.11,20.51,20.72,,6047000.0
2006-11-30,20.73,20.79,20.56,20.59,,4429800.0
2006-12-01,20.67,20.74,20.49,20.67,,2431300.0
2006-12-04,20.69,21.18,20.69,21.09,,3185100.0
2006-12-05,21.34,21.88,21.18,21.44,,4093700.0
2006-12-06,21.46,21.55,21.27,21.38,,1904700.0
2006-12-07,21.53,21.76,21.44,21.48,,2353200.0
2006-12-08,21.47,21.79,21.37,21.62,,1427500.0
2006-12-11,21.57,21.79,21.51,21.71,,1386000.0
2006-12-12,21.66,22.26,21.38,21.9,,4218500.0
2006-12-13,21.9,21.99,21.74,21.88,,2329600.0
2006-12-14,21.82,22.16,21.82,22.03,,3012000.0
2006-12-15,22.0,22.19,21.92,22.04,,2582200.0
2006-12-18,22.04,22.18,21.93,22.04,,1136300.0
2006-12-19,21.79,22.18,21.77,22.06,,1404600.0
2006-12-20,22.08,22.6,22.01,22.02,,4245000.0
2006-12-21,21.97,22.24,21.86,22.15,,2090700.0
2006-12-22,22.04,22.24,21.77,21.81,,1718900.0
2006-12-26,21.79,22.19,21.76,22.12,,941100.0
2006-12-27,22.24,22.5,22.2,22.44,,1450400.0
2006-12-28,22.32,22.98,22.32,22.87,,3704100.0
2006-12-29,22.79,23.08,22.49,22.54,,1747700.0
2007-01-03,22.63,22.94,22.02,22.18,,2574600.0
2007-01-04,22.18,22.37,21.64,22.25,,2073700.0
2007-01-05,22.18,22.24,21.99,22.04,,2676600.0
2007-01-08,21.97,22.04,21.78,21.97,,1557200.0
2007-01-09,22.04,22.19,21.75,21.99,,1386200.0
2007-01-10,22.01,22.01,21.58,21.79,,2157400.0
2007-01-11,22.01,22.01,21.57,21.79,,2088300.0
2007-01-12,21.77,22.01,21.69,21.73,,1405900.0
2007-01-16,21.67,21.94,21.56,21.69,,3096500.0
2007-01-17,21.62,21.65,21.18,21.26,,2663100.0
2007-01-18,21.18,21.2,20.63,20.85,,3627700.0
2007-01-19,20.92,21.3,20.9,21.21,,2504300.0
2007-01-22,21.13,21.17,21.01,21.06,,3370600.0
2007-01-23,20.95,21.29,20.89,21.15,,2675000.0
2007-01-24,21.15,21.34,20.99,21.09,,2848400.0
2007-01-25,21.07,21.26,20.7,20.73,,1860200.0
2007-01-26,20.69,21.02,20.69,20.93,,1793700.0
2007-01-29,20.86,20.99,20.64,20.69,,2023800.0
2007-01-30,20.69,20.74,20.61,20.69,,1436200.0
2007-01-31,20.69,20.76,20.63,20.69,,2270000.0
2007-02-01,20.8,21.02,20.69,20.82,,2606900.0
2007-02-02,20.87,20.87,20.34,20.44,,5377400.0
2007-02-05,20.46,20.62,20.2,20.58,,2512100.0
2007-02-06,20.68,20.8,20.53,20.69,,2515100.0
2007-02-07,20.73,21.15,20.73,21.06,,3420200.0
2007-02-08,20.98,21.19,20.87,21.13,,2536800.0
2007-02-09,21.12,21.33,21.04,21.12,,2358800.0
2007-02-12,21.09,21.18,21.03,21.07,,1459600.0
2007-02-13,21.12,21.39,21.04,21.33,,2437600.0
2007-02-14,21.24,21.6,21.24,21.3,,2885000.0
2007-02-15,21.33,22.08,21.31,21.88,,4086900.0
2007-02-16,21.81,21.82,21.05,21.19,,5641000.0
2007-02-20,21.0,21.15,20.8,21.01,,4063100.0
2007-02-21,20.91,21.33,20.89,21.18,,4010500.0
2007-02-22,21.22,21.44,21.22,21.34,,3354400.0
2007-02-23,21.51,21.6,21.24,21.51,,3164100.0
2007-02-26,21.51,21.57,21.35,21.52,,2962300.0
2007-02-27,21.27,21.37,20.47,20.76,,4319300.0
2007-02-28,20.76,20.85,20.44,20.53,,3043000.0
2007-03-01,20.14,20.47,19.92,20.33,,2909300.0
2007-03-02,20.27,20.39,19.85,19.87,,2455500.0
2007-03-05,19.66,20.14,19.57,19.85,,2141800.0
2007-03-06,19.94,20.05,19.66,19.94,,2996500.0
2007-03-07,19.92,20.04,19.81,19.9,,2548100.0
2007-03-08,20.05,20.68,20.05,20.52,,4499700.0
2007-03-09,20.55,20.69,20.34,20.54,,3721900.0
2007-03-12,20.5,20.78,20.48,20.78,,2732900.0
2007-03-13,20.59,20.71,20.42,20.48,,2987800.0
2007-03-14,20.48,20.74,20.38,20.69,,3027300.0
2007-03-15,20.62,20.7,20.34,20.5,,2150300.0
2007-03-16,20.44,20.64,20.39,20.53,,2149900.0
2007-03-19,20.68,20.81,20.55,20.6,,1403500.0
2007-03-20,20.63,20.96,20.58,20.73,,2536800.0
2007-03-21,20.79,20.84,20.62,20.75,,2325900.0
2007-03-22,20.89,21.2,20.69,21.07,,3434900.0
2007-03-23,21.0,21.79,21.0,21.48,,3358500.0
2007-03-26,21.35,21.56,20.96,21.56,,2964000.0
2007-03-27,21.53,21.86,21.45,21.75,,3008400.0
2007-03-28,21.52,21.82,21.45,21.65,,2539600.0
2007-03-29,21.83,21.96,21.65,21.8,,3582400.0
2007-03-30,21.78,21.89,21.68,21.79,,2560800.0
2007-04-02,21.75,21.99,21.66,21.96,,2244000.0
2007-04-03,22.03,22.43,21.99,22.34,,3187500.0
2007-04-04,22.42,22.52,22.35,22.51,,2415400.0
2007-04-05,22.5,22.6,22.43,22.45,,2664900.0
2007-04-09,22.52,22.76,22.47,22.67,,2599400.0
2007-04-10,22.52,22.63,22.48,22.57,,1948400.0
2007-04-11,22.55,22.6,22.35,22.39,,2600000.0
2007-04-12,22.4,22.6,22.32,22.55,,1978200.0
2007-04-13,22.52,22.7,22.14,22.29,,3272400.0
2007-04-16,22.31,22.64,22.26,22.62,,1999700.0
2007-04-17,22.53,23.15,22.5,23.0,,3890500.0
2007-04-18,22.76,23.05,22.66,22.94,,2881100.0
2007-04-19,22.92,23.05,22.72,22.79,,2266100.0
2007-04-20,23.08,23.12,22.76,22.94,,3196000.0
2007-04-23,22.85,23.02,22.3,22.89,,2215200.0
2007-04-24,22.96,23.04,22.76,22.85,,1953000.0
2007-04-25,22.88,22.94,22.74,22.74,,3700600.0
2007-04-26,22.82,22.89,22.65,22.68,,4365300.0
2007-04-27,22.54,22.66,22.38,22.45,,2972500.0
2007-04-30,22.48,22.54,22.21,22.23,,2927200.0
2007-05-01,22.3,23.27,22.24,23.27,,4413900.0
2007-05-02,23.21,23.64,23.15,23.53,,3205900.0
2007-05-03,23.5,23.65,23.41,23.57,,2583700.0
2007-05-04,23.57,23.93,23.48,23.93,,3045500.0
2007-05-07,23.89,24.16,23.84,24.07,,2406200.0
2007-05-08,23.96,24.2,23.91,24.15,,2291800.0
2007-05-09,23.98,24.25,23.93,24.21,,1918700.0
2007-05-10,23.93,24.04,23.27,23.29,,3397000.0
2007-05-11,23.23,23.49,22.94,23.42,,4088800.0
2007-05-14,23.58,23.76,23.09,23.22,,3620800.0
2007-05-15,24.14,24.88,24.14,24.43,,8367200.0
2007-05-16,24.23,24.48,24.17,24.46,,2709200.0
2007-05-17,24.18,24.57,24.18,24.33,,2492900.0
2007-05-18,24.3,24.72,24.28,24.57,,2735600.0
2007-05-21,24.31,24.9,24.31,24.78,,3519100.0
2007-05-22,24.8,25.06,24.71,24.92,,3968400.0
2007-05-23,25.1,25.2,24.89,24.95,,2609500.0
2007-05-24,24.48,25.12,24.31,24.37,,3132400.0
2007-05-25,24.39,24.92,24.25,24.81,,2990600.0
2007-05-29,24.9,24.94,24.64,24.78,,2125700.0
2007-05-30,24.64,24.83,24.59,24.76,,1978800.0
2007-05-31,24.69,24.79,24.64,24.68,,2169500.0
2007-06-01,24.72,24.81,24.48,24.75,,1900400.0
2007-06-04,24.58,24.98,24.57,24.89,,1595100.0
2007-06-05,24.71,24.94,24.7,24.88,,1963000.0
2007-06-06,24.69,24.9,24.67,24.81,,2128200.0
2007-06-07,24.65,24.81,24.09,24.09,,2551800.0
2007-06-08,24.12,24.28,23.89,24.27,,2656400.0
2007-06-11,24.17,24.52,24.02,24.39,,1504700.0
2007-06-12,24.21,24.46,23.99,24.23,,2158000.0
2007-06-13,24.46,24.88,24.39,24.88,,2004500.0
2007-06-14,24.81,25.21,24.81,25.12,,1580800.0
2007-06-15,25.21,25.22,24.83,25.04,,2802000.0
2007-06-18,25.09,25.37,25.04,25.15,,2069000.0
2007-06-19,25.1,25.5,25.09,25.42,,1649800.0
2007-06-20,25.42,25.48,24.97,25.05,,1937200.0
2007-06-21,25.05,25.33,24.79,25.31,,1752100.0
2007-06-22,25.17,25.25,24.59,24.99,,2539500.0
2007-06-25,25.0,25.22,24.64,24.88,,2471800.0
2007-06-26,24.95,25.02,24.58,24.83,,1651000.0
2007-06-27,24.69,24.94,24.53,24.89,,1645600.0
2007-06-28,24.9,25.12,24.61,24.88,,1909900.0
2007-06-29,25.01,25.21,24.66,24.86,,1870000.0
2007-07-02,25.03,25.4,24.86,25.35,,1817100.0
2007-07-03,25.35,25.72,25.23,25.66,,1589300.0
2007-07-05,25.79,25.79,25.3,25.59,,2537700.0
2007-07-06,25.54,25.8,25.43,25.75,,2099800.0
2007-07-09,25.61,25.85,25.61,25.79,,1765300.0
2007-07-10,25.78,25.82,25.54,25.67,,2190200.0
2007-07-11,25.54,25.8,25.54,25.8,,1815800.0
2007-07-12,25.8,26.12,25.7,26.12,,2806100.0
2007-07-13,25.99,26.01,25.8,25.84,,2604700.0
2007-07-16,25.69,25.87,25.68,25.76,,1414500.0
2007-07-17,25.57,25.8,25.52,25.74,,2718100.0
2007-07-18,25.47,25.7,25.33,25.62,,2047100.0
2007-07-19,25.73,25.9,25.61,25.79,,2033500.0
2007-07-20,25.79,25.79,25.46,25.47,,2263900.0
2007-07-23,25.87,26.04,25.47,25.76,,2487600.0
2007-07-24,25.87,26.14,25.25,25.34,,2085800.0
2007-07-25,25.74,25.74,25.06,25.32,,2158900.0
2007-07-26,25.48,25.48,24.5,24.86,,3699700.0
2007-07-27,24.73,24.95,24.34,24.34,,3218700.0
2007-07-30,24.23,24.66,24.09,24.63,,2775200.0
2007-07-31,24.73,24.99,24.51,24.67,,3411900.0
2007-08-01,24.61,25.08,24.46,24.68,,5171000.0
2007-08-02,25.21,25.22,24.6,24.97,,2800600.0
2007-08-03,25.03,25.14,24.56,24.56,,3813300.0
2007-08-06,24.74,24.77,24.3,24.77,,2704100.0
2007-08-07,24.44,25.02,24.41,24.77,,2960700.0
2007-08-08,24.77,24.99,24.53,24.88,,3134000.0
2007-08-09,24.61,25.09,23.01,23.21,,3367900.0
2007-08-10,23.67,23.67,22.81,23.12,,3463500.0
2007-08-13,23.28,23.98,23.28,23.49,,3259300.0
2007-08-14,23.15,23.99,23.15,23.49,,2934000.0
2007-08-15,20.33,21.38,20.14,20.95,,7896500.0
2007-08-16,20.89,21.33,20.55,21.2,,6799600.0
2007-08-17,21.24,22.63,21.11,21.88,,5440700.0
2007-08-20,21.81,21.92,21.4,21.73,,3546000.0
2007-08-21,21.66,22.01,21.57,21.95,,2170700.0
2007-08-22,22.06,22.3,21.91,22.23,,2030000.0
2007-08-23,22.31,22.52,22.08,22.4,,2139900.0
2007-08-24,22.43,22.8,22.32,22.76,,1660200.0
2007-08-27,22.71,22.85,22.55,22.72,,1783400.0
2007-08-28,22.6,22.78,22.37,22.42,,3081300.0
2007-08-29,22.62,23.03,22.59,23.03,,1888900.0
2007-08-30,22.94,23.38,22.78,23.17,,1788900.0
2007-08-31,23.47,23.63,23.32,23.54,,2265300.0
2007-09-04,23.66,23.72,23.29,23.58,,1584700.0
2007-09-05,23.35,23.41,23.19,23.38,,2086500.0
2007-09-06,23.29,23.65,23.18,23.65,,1520400.0
2007-09-07,23.34,23.58,23.31,23.46,,2044800.0
2007-09-10,23.56,23.6,23.12,23.34,,2005900.0
2007-09-11,23.41,23.6,23.29,23.48,,2185200.0
2007-09-12,23.36,23.6,23.27,23.47,,1806900.0
2007-09-13,23.56,23.6,23.42,23.5,,1366200.0
2007-09-14,23.43,23.66,23.26,23.38,,1748400.0
2007-09-17,23.27,23.44,23.13,23.3,,998400.0
2007-09-18,23.37,24.18,23.37,24.06,,1969300.0
2007-09-19,24.09,24.27,23.96,24.09,,2298900.0
2007-09-20,24.0,24.09,23.84,23.94,,1550000.0
2007-09-21,24.0,24.18,23.67,23.87,,3171200.0
2007-09-24,23.78,23.93,23.51,23.64,,1698300.0
2007-09-25,23.54,23.9,23.51,23.78,,1555600.0
2007-09-26,24.02,24.02,23.76,23.88,,1963800.0
2007-09-27,23.93,24.06,23.78,23.91,,1901200.0
2007-09-28,23.86,24.03,23.68,23.85,,2267100.0
2007-10-01,23.91,24.25,23.86,23.93,,3638700.0
2007-10-02,23.86,24.09,23.86,23.93,,2082200.0
2007-10-03,23.89,23.96,23.56,23.82,,1349600.0
2007-10-04,23.84,24.14,23.84,24.06,,1992900.0
2007-10-05,24.18,24.53,24.15,24.44,,1547000.0
2007-10-08,24.4,24.57,24.33,24.5,,999000.0
2007-10-09,24.51,24.7,24.49,24.68,,1313200.0
2007-10-10,24.62,24.7,24.37,24.49,,1186400.0
2007-10-11,24.57,24.73,24.06,24.11,,1746700.0
2007-10-12,24.17,24.45,24.04,24.32,,874500.0
2007-10-15,24.51,24.99,24.32,24.69,,2105900.0
2007-10-16,24.94,25.43,24.61,24.77,,2622700.0
2007-10-17,24.93,25.12,24.55,24.81,,2299600.0
2007-10-18,24.86,24.96,24.6,24.85,,693400.0
2007-10-19,24.84,24.84,24.07,24.12,,1777200.0
2007-10-22,23.87,23.98,23.39,23.67,,1360500.0
2007-10-23,23.89,24.17,23.73,24.14,,1427000.0
2007-10-24,23.97,24.13,23.55,23.86,,2655900.0
2007-10-25,23.93,24.01,23.28,23.43,,1520200.0
2007-10-26,23.67,23.93,22.92,23.3,,1300700.0
2007-10-29,23.43,23.6,23.21,23.3,,1451600.0
2007-10-30,23.2,23.4,22.94,23.19,,1199400.0
2007-10-31,23.37,23.86,23.18,23.83,,1717200.0
2007-11-01,23.71,23.97,23.43,23.45,,1923100.0
2007-11-02,23.51,23.76,23.16,23.29,,1313100.0
2007-11-05,22.96,23.27,22.73,23.08,,2133300.0
2007-11-06,23.14,23.44,22.89,23.36,,2218500.0
2007-11-07,23.04,23.39,22.65,22.69,,2128000.0
2007-11-08,22.8,22.8,22.07,22.62,,2377900.0
2007-11-09,22.28,22.31,21.52,21.59,,3195800.0
2007-11-12,21.26,21.97,21.26,21.67,,2807500.0
2007-11-13,21.81,21.99,21.59,21.93,,1834900.0
2007-11-14,22.02,22.3,21.85,22.12,,1838000.0
2007-11-15,21.8,22.6,21.7,21.79,,2436100.0
2007-11-16,22.63,23.9,22.59,23.75,,6350100.0
2007-11-19,23.55,23.78,23.1,23.15,,3506100.0
2007-11-20,23.14,23.87,23.14,23.61,,2845900.0
2007-11-21,23.46,24.0,23.25,23.73,,2326100.0
2007-11-23,23.84,23.94,23.64,23.87,,855300.0
2007-11-26,23.82,24.29,23.63,23.63,,2332200.0
2007-11-27,23.58,24.03,23.54,23.82,,2497800.0
2007-11-28,23.95,24.62,23.83,24.54,,2290500.0
2007-11-29,24.51,24.66,24.2,24.23,,3087600.0
2007-11-30,24.57,24.57,24.3,24.46,,1882700.0
2007-12-03,24.24,24.7,24.24,24.41,,1445900.0
2007-12-04,24.35,24.66,24.2,24.24,,3030500.0
2007-12-05,24.52,24.7,24.26,24.47,,2015500.0
2007-12-06,24.46,24.7,24.24,24.54,,2331900.0
2007-12-07,24.53,24.73,24.41,24.58,,1224200.0
2007-12-10,24.52,24.68,24.44,24.5,,1457000.0
2007-12-11,24.49,24.5,23.56,23.58,,2488600.0
2007-12-12,24.17,24.68,23.65,23.98,,2183100.0
2007-12-13,23.65,24.06,23.65,23.9,,1976300.0
2007-12-14,23.63,23.9,23.45,23.48,,2031700.0
2007-12-17,23.42,23.58,22.88,22.92,,2133600.0
2007-12-18,23.04,23.27,22.62,22.7,,2001900.0
2007-12-19,22.7,23.12,22.69,22.96,,2171400.0
2007-12-20,23.05,23.6,23.03,23.55,,1978900.0
2007-12-21,23.79,24.15,23.67,24.05,,2639600.0
2007-12-24,23.93,24.11,23.84,23.91,,769000.0
2007-12-26,23.82,24.26,23.8,24.23,,1397800.0
2007-12-27,24.11,24.27,24.02,24.02,,1880200.0
2007-12-28,23.98,24.26,23.98,24.24,,2349300.0
2007-12-31,24.12,24.15,23.67,23.76,,2034900.0
2008-01-02,23.71,23.8,23.36,23.47,,1858900.0
2008-01-03,23.47,23.51,23.2,23.24,,1995400.0
2008-01-04,23.01,23.18,22.45,22.48,,3533100.0
2008-01-07,22.85,23.2,22.67,22.85,,3505800.0
2008-01-08,22.92,23.12,22.73,22.82,,4063500.0
2008-01-09,22.56,23.09,22.45,22.88,,3836000.0
2008-01-10,22.72,24.09,22.72,23.91,,4428900.0
2008-01-11,23.83,24.19,23.27,23.28,,2934200.0
2008-01-14,23.42,24.46,23.41,23.69,,1973300.0
2008-01-15,23.29,23.5,23.06,23.27,,2771700.0
2008-01-16,23.12,23.46,22.63,23.07,,4043600.0
2008-01-17,23.09,23.36,22.76,22.86,,3680300.0
2008-01-18,22.74,22.74,21.4,21.77,,7021300.0
2008-01-22,20.47,21.42,20.21,21.24,,4934900.0
2008-01-23,20.69,21.7,20.34,21.62,,4812300.0
2008-01-24,21.64,22.0,21.52,21.73,,3060500.0
2008-01-25,22.02,22.02,21.34,21.46,,2741800.0
2008-01-28,21.45,21.7,21.2,21.68,,2374500.0
2008-01-29,21.73,21.76,21.44,21.65,,1737900.0
2008-01-30,21.64,22.57,21.44,22.1,,2674700.0
2008-01-31,21.71,22.07,21.55,21.9,,6063100.0
2008-02-01,21.99,22.41,21.84,22.28,,6279800.0
2008-02-04,22.24,22.54,22.21,22.28,,1819400.0
2008-02-05,21.86,22.37,21.71,21.72,,3349200.0
2008-02-06,22.09,22.35,21.68,21.75,,3346000.0
2008-02-07,21.59,21.66,20.82,20.96,,5518800.0
2008-02-08,20.82,20.9,20.57,20.69,,5493400.0
2008-02-11,20.48,20.69,20.42,20.6,,4600900.0
2008-02-12,20.77,20.89,20.56,20.6,,3866800.0
2008-02-13,20.73,21.44,20.64,21.13,,6019000.0
2008-02-14,20.75,21.23,20.08,20.4,,6685500.0
2008-02-15,20.39,20.4,19.71,19.82,,3673000.0
2008-02-19,20.01,20.11,19.83,20.0,,3903500.0
2008-02-20,19.79,20.44,19.77,20.39,,3447700.0
2008-02-21,20.42,20.67,20.34,20.44,,3986500.0
2008-02-22,20.32,20.42,19.9,20.31,,2225400.0
2008-02-25,20.31,20.56,20.18,20.37,,3057600.0
2008-02-26,20.26,20.63,20.2,20.61,,6529000.0
2008-02-27,20.52,20.98,20.47,20.71,,2070000.0
2008-02-28,20.51,20.63,20.15,20.47,,2522300.0
2008-02-29,20.21,20.32,19.73,19.79,,3546800.0
2008-03-03,19.83,19.94,19.59,19.88,,2025500.0
2008-03-04,19.66,19.87,19.37,19.73,,3295100.0
2008-03-05,19.64,19.91,19.5,19.79,,2690800.0
2008-03-06,19.73,19.85,19.46,19.49,,2113200.0
2008-03-07,19.37,19.82,19.28,19.44,,2874700.0
2008-03-10,19.41,19.5,19.07,19.1,,2457800.0
2008-03-11,19.5,19.66,19.04,19.62,,3065700.0
2008-03-12,19.5,20.23,19.5,19.68,,2858000.0
2008-03-13,19.38,19.81,19.2,19.72,,3164300.0
2008-03-14,19.83,19.83,18.98,19.17,,2907600.0
2008-03-17,18.68,19.39,18.68,19.19,,3166400.0
2008-03-18,19.4,19.72,19.07,19.7,,2629900.0
2008-03-19,19.73,19.94,18.98,18.98,,2396100.0
2008-03-20,19.05,19.23,18.77,19.18,,4333500.0
2008-03-24,19.23,19.77,19.14,19.63,,1760200.0
2008-03-25,19.59,19.71,19.41,19.61,,1426600.0
2008-03-26,19.53,19.56,19.33,19.39,,1759400.0
2008-03-27,19.4,19.43,18.89,18.9,,2644600.0
2008-03-28,18.95,19.23,18.95,19.13,,3196500.0
2008-03-31,19.08,19.34,18.95,19.29,,2249200.0
2008-04-01,19.34,20.03,19.34,19.98,,2255000.0
2008-04-02,20.03,20.47,19.97,20.2,,2466300.0
2008-04-03,20.03,20.5,20.03,20.35,,1775500.0
2008-04-04,20.35,20.67,20.25,20.51,,1425400.0
2008-04-07,20.51,20.69,20.38,20.41,,1330500.0
2008-04-08,20.26,20.41,20.16,20.38,,1593400.0
2008-04-09,20.34,20.43,19.88,20.09,,1521200.0
2008-04-10,20.05,20.21,19.9,20.01,,2337300.0
2008-04-11,19.88,19.92,19.4,19.48,,1836500.0
2008-04-14,19.48,19.79,19.33,19.56,,1322900.0
2008-04-15,19.63,19.7,18.62,18.85,,4687500.0
2008-04-16,19.07,19.79,18.97,19.66,,2882600.0
2008-04-17,19.73,19.85,19.32,19.46,,1966100.0
2008-04-18,19.81,20.24,19.75,20.03,,2172800.0
2008-04-21,19.87,20.04,19.65,19.83,,1798900.0
2008-04-22,19.71,19.79,19.37,19.5,,1512000.0
2008-04-23,19.49,20.17,19.48,20.07,,2317800.0
2008-04-24,20.07,20.53,19.95,20.33,,2384000.0
2008-04-25,20.4,20.56,20.01,20.39,,2077600.0
2008-04-28,20.43,20.49,19.79,19.83,,2521400.0
2008-04-29,19.76,20.02,19.63,19.76,,2908400.0
2008-04-30,19.82,19.88,19.41,19.54,,3219500.0
2008-05-01,19.53,20.14,19.33,20.11,,3225700.0
2008-05-02,20.27,20.78,20.26,20.74,,3578400.0
2008-05-05,20.78,20.78,20.32,20.45,,1547600.0
2008-05-06,20.27,20.7,20.1,20.58,,1698400.0
2008-05-07,20.56,20.8,20.49,20.53,,2016700.0
2008-05-08,20.82,20.85,20.34,20.68,,1569200.0
2008-05-09,20.42,20.78,20.31,20.63,,2730800.0
2008-05-12,20.74,20.95,20.58,20.93,,3258300.0
2008-05-13,20.95,21.01,20.71,20.84,,1697900.0
2008-05-14,20.98,21.5,20.84,21.04,,2928200.0
2008-05-15,22.1,23.12,22.02,22.85,,8864200.0
2008-05-16,22.9,22.9,22.37,22.69,,3287000.0
2008-05-19,22.54,23.84,22.47,23.43,,4869900.0
2008-05-20,23.27,23.27,22.64,23.03,,2748300.0
2008-05-21,23.03,23.51,22.98,23.09,,2481300.0
2008-05-22,23.07,23.45,23.01,23.29,,2180500.0
2008-05-23,23.2,23.39,23.04,23.23,,2379700.0
2008-05-27,23.09,23.6,23.05,23.55,,2970400.0
2008-05-28,23.56,23.98,23.41,23.89,,3067100.0
2008-05-29,23.88,24.12,23.6,24.01,,2794700.0
2008-05-30,24.04,24.25,23.84,24.18,,2566200.0
2008-06-02,23.88,24.1,23.67,23.86,,3406600.0
2008-06-03,23.98,24.22,23.68,23.85,,2533500.0
2008-06-04,23.83,24.16,23.65,23.92,,3402300.0
2008-06-05,23.96,24.41,23.87,24.35,,2071900.0
2008-06-06,24.15,24.17,23.55,23.61,,2536700.0
2008-06-09,23.68,23.96,23.43,23.87,,2665400.0
2008-06-10,23.52,23.87,23.5,23.76,,1721100.0
2008-06-11,23.37,23.82,23.37,23.44,,1886000.0
2008-06-12,23.52,24.24,23.52,23.86,,2495900.0
2008-06-13,23.89,24.13,23.67,24.13,,2173000.0
2008-06-16,23.93,24.4,23.62,24.15,,4738800.0
2008-06-17,24.24,24.43,23.8,24.19,,3396900.0
2008-06-18,23.99,24.3,23.92,24.17,,2642900.0
2008-06-19,24.2,24.57,24.1,24.51,,2592100.0
2008-06-20,24.25,24.42,23.93,24.29,,4313000.0
2008-06-23,24.35,24.45,23.96,23.98,,3057700.0
2008-06-24,23.88,23.96,23.4,23.69,,2898700.0
2008-06-25,23.21,24.11,23.21,23.89,,2549100.0
2008-06-26,23.65,23.69,22.98,23.09,,2730500.0
2008-06-27,23.02,23.26,22.88,23.01,,3587500.0
2008-06-30,23.09,23.27,22.86,22.98,,2965000.0
2008-07-01,22.66,23.13,22.58,23.0,,3233700.0
2008-07-02,23.04,23.32,22.81,22.87,,2641400.0
2008-07-03,22.98,23.08,22.37,22.46,,3865800.0
2008-07-07,22.51,23.09,22.33,22.68,,4100000.0
2008-07-08,22.64,23.29,22.6,23.23,,3346900.0
2008-07-09,23.35,23.39,22.69,22.69,,2078500.0
2008-07-10,22.77,22.95,22.54,22.87,,2449000.0
2008-07-11,22.65,23.38,22.4,23.08,,2419600.0
2008-07-14,22.65,23.31,22.65,22.72,,2059900.0
2008-07-15,22.46,22.79,22.34,22.52,,3102200.0
2008-07-16,22.44,22.92,22.42,22.71,,2960500.0
2008-07-17,22.24,22.83,22.24,22.72,,3077700.0
2008-07-18,22.74,23.05,22.45,23.0,,2693400.0
2008-07-21,23.13,23.13,22.69,22.85,,1423000.0
2008-07-22,22.64,22.74,22.34,22.72,,2626600.0
2008-07-23,22.79,23.34,22.72,23.28,,2806500.0
2008-07-24,23.2,23.38,22.96,23.08,,2655700.0
2008-07-25,23.17,23.46,23.14,23.42,,2515900.0
2008-07-28,23.4,23.54,23.16,23.17,,2336100.0
2008-07-29,22.94,23.54,22.94,23.36,,1966400.0
2008-07-30,23.43,23.87,23.34,23.74,,1691400.0
2008-07-31,23.61,23.71,23.29,23.32,,1938500.0
2008-08-01,23.37,23.45,22.8,23.19,,2487800.0
2008-08-04,23.12,23.26,22.83,22.85,,1695900.0
2008-08-05,23.09,23.45,22.95,23.34,,2449300.0
2008-08-06,23.21,23.7,23.1,23.69,,1898300.0
2008-08-07,23.56,23.89,23.45,23.47,,1939600.0
2008-08-08,23.43,24.09,23.42,23.93,,2476900.0
2008-08-11,23.98,24.09,23.73,23.93,,1888600.0
2008-08-12,23.76,23.97,23.75,23.91,,2170400.0
2008-08-13,23.79,23.97,23.21,23.64,,2084400.0
2008-08-14,23.42,23.71,23.04,23.4,,3115300.0
2008-08-15,23.73,23.8,23.28,23.52,,2617000.0
2008-08-18,23.54,23.54,23.0,23.14,,3005600.0
2008-08-19,23.05,23.12,22.7,22.79,,2359900.0
2008-08-20,22.81,22.85,22.32,22.5,,1986200.0
2008-08-21,22.19,22.53,22.19,22.39,,2085900.0
2008-08-22,22.46,22.92,22.46,22.88,,1612200.0
2008-08-25,22.7,22.87,22.46,22.49,,1880200.0
2008-08-26,22.41,22.53,22.19,22.45,,396400.0
2008-08-27,22.42,22.64,22.13,22.46,,475900.0
2008-08-28,22.57,22.96,22.5,22.96,,1401700.0
2008-08-29,22.81,22.83,22.39,22.48,,1667800.0
2008-09-02,22.69,23.09,22.17,22.3,,2057700.0
2008-09-03,22.21,22.31,21.57,21.86,,2757700.0
2008-09-04,21.68,21.68,20.78,20.81,,2615600.0
2008-09-05,20.69,21.29,20.53,21.2,,2301400.0
2008-09-08,21.59,21.68,21.06,21.32,,2178900.0
2008-09-09,21.44,21.44,20.73,20.73,,1868300.0
2008-09-10,20.89,20.98,20.56,20.62,,2578800.0
2008-09-11,20.37,20.69,20.12,20.65,,2654100.0
2008-09-12,20.54,20.76,20.4,20.73,,2192300.0
2008-09-15,20.27,20.6,19.92,19.94,,2208900.0
2008-09-16,19.71,20.37,19.09,20.19,,2956700.0
2008-09-17,19.78,19.86,19.14,19.24,,3829000.0
2008-09-18,19.4,20.34,19.01,20.29,,3739200.0
2008-09-19,20.7,21.34,20.49,21.28,,3566700.0
2008-09-22,21.2,21.2,20.06,20.12,,2779600.0
2008-09-23,20.22,20.41,19.75,19.96,,3070200.0
2008-09-24,19.9,20.09,19.61,19.88,,3008900.0
2008-09-25,19.99,20.09,19.76,19.9,,4715700.0
2008-09-26,19.9,20.04,19.49,20.0,,4511500.0
2008-09-29,19.64,19.78,18.52,18.89,,5177200.0
2008-09-30,19.01,19.46,18.58,19.18,,4151300.0
2008-10-01,18.87,19.35,18.64,19.19,,2609800.0
2008-10-02,18.96,19.01,18.13,18.2,,3250500.0
2008-10-03,18.42,18.94,18.29,18.29,,3225500.0
2008-10-06,17.98,17.98,16.63,17.45,,4525300.0
2008-10-07,17.63,17.78,16.21,16.24,,3867200.0
2008-10-08,15.88,16.81,15.75,16.15,,3329900.0
2008-10-09,16.17,16.62,14.65,14.72,,4634400.0
2008-10-10,14.09,15.29,13.35,14.54,,5867700.0
2008-10-13,15.15,16.55,14.87,16.55,,2964200.0
2008-10-14,17.14,17.78,15.51,15.91,,3595900.0
2008-10-15,15.73,15.77,14.21,14.32,,3047100.0
2008-10-16,14.28,15.07,13.3,15.02,,3771900.0
2008-10-17,14.79,15.29,14.27,14.62,,2076000.0
2008-10-20,14.78,15.42,14.45,15.42,,1809500.0
2008-10-21,15.14,15.48,14.63,14.7,,2227700.0
2008-10-22,14.62,14.62,13.28,13.73,,3103000.0
2008-10-23,13.81,13.85,12.77,13.4,,4592700.0
2008-10-24,12.49,13.17,12.22,12.77,,3400400.0
2008-10-27,12.58,12.87,12.12,12.23,,3147200.0
2008-10-28,12.49,13.68,12.25,13.68,,3410100.0
2008-10-29,13.75,14.49,13.33,13.77,,3622800.0
2008-10-30,14.22,14.64,14.07,14.57,,2472900.0
2008-10-31,14.32,14.99,14.1,14.35,,4251100.0
2008-11-03,14.31,15.01,14.25,14.87,,2239300.0
2008-11-04,15.18,16.21,15.16,15.93,,3214400.0
2008-11-05,15.66,15.91,15.03,15.04,,2148100.0
2008-11-06,14.87,15.11,13.78,13.86,,3177500.0
2008-11-07,13.9,14.5,13.75,14.12,,2744300.0
2008-11-10,14.36,14.69,13.82,14.04,,2362300.0
2008-11-11,13.9,14.03,13.28,13.54,,2175500.0
2008-11-12,13.29,13.32,12.43,12.53,,2561400.0
2008-11-13,12.49,13.64,11.67,13.56,,3937800.0
2008-11-14,13.28,14.47,12.75,13.42,,4563600.0
2008-11-17,12.8,12.98,12.09,12.36,,4685400.0
2008-11-18,12.44,12.59,11.77,12.29,,3016600.0
2008-11-19,12.22,12.53,11.4,11.41,,2644900.0
2008-11-20,10.96,11.52,10.41,10.48,,3347600.0
2008-11-21,10.7,11.21,10.2,11.18,,3135900.0
2008-11-24,11.32,12.42,11.11,12.03,,3573900.0
2008-11-25,12.55,12.55,11.7,12.0,,4537600.0
2008-11-26,11.65,12.12,11.41,12.09,,3266500.0
2008-11-28,12.03,12.2,11.92,12.18,,950800.0
2008-12-01,11.91,11.91,11.15,11.16,,2754100.0
2008-12-02,11.34,11.64,10.96,11.41,,2980000.0
2008-12-03,11.14,11.84,10.99,11.77,,3112000.0
2008-12-04,11.56,11.89,11.15,11.32,,2478700.0
2008-12-05,11.23,11.3,10.59,11.16,,4798400.0
2008-12-08,11.43,11.68,11.03,11.15,,5592300.0
2008-12-09,11.0,11.71,10.79,11.59,,9380200.0
2008-12-10,11.66,11.79,11.21,11.76,,8629600.0
2008-12-11,11.52,11.91,11.43,11.72,,5989600.0
2008-12-12,11.32,11.4,10.76,11.25,,6139400.0
2008-12-15,11.25,11.32,10.5,10.66,,4452600.0
2008-12-16,10.61,10.97,10.44,10.55,,6610500.0
2008-12-17,10.48,10.67,10.33,10.56,,8940600.0
2008-12-18,10.62,10.81,10.39,10.53,,11193900.0
2008-12-19,10.85,10.87,10.42,10.53,,14798800.0
2008-12-22,10.54,10.54,10.02,10.22,,4101800.0
2008-12-23,10.37,10.37,9.93,10.1,,3017200.0
2008-12-24,10.09,10.17,10.01,10.07,,930000.0
2008-12-26,10.09,10.17,9.95,9.99,,3019400.0
2008-12-29,10.0,10.0,9.54,9.69,,3574800.0
2008-12-30,9.76,9.79,9.62,9.62,,7262900.0
2008-12-31,9.65,10.24,9.65,10.11,,4588700.0
2009-01-02,10.09,10.54,10.03,10.5,,3030200.0
2009-01-05,10.42,11.05,10.35,10.86,,5129700.0
2009-01-06,11.06,12.1,10.92,11.72,,8465100.0
2009-01-07,11.54,11.94,11.44,11.79,,7134600.0
2009-01-08,11.74,11.95,11.51,11.87,,4465600.0
2009-01-09,11.84,12.24,11.65,11.98,,4947800.0
2009-01-12,12.2,12.36,11.88,11.98,,6174100.0
2009-01-13,11.77,12.52,11.77,12.33,,6510900.0
2009-01-14,11.9,12.09,11.67,11.93,,6544200.0
2009-01-15,11.94,12.51,11.76,12.36,,6559300.0
2009-01-16,12.59,12.92,12.21,12.62,,5137300.0
2009-01-20,12.94,12.96,11.93,12.0,,5391600.0
2009-01-21,12.16,12.49,12.01,12.45,,4035500.0
2009-01-22,12.23,12.41,11.93,12.22,,4157300.0
2009-01-23,12.01,12.32,11.65,12.05,,4440700.0
2009-01-26,12.09,12.52,12.03,12.23,,4147300.0
2009-01-27,12.23,12.34,11.83,12.09,,4730800.0
2009-01-28,12.23,12.53,12.11,12.26,,5345600.0
2009-01-29,12.14,12.19,11.92,12.01,,3278700.0
2009-01-30,12.05,12.16,11.61,11.69,,3055000.0
2009-02-02,11.5,11.79,11.49,11.66,,3813100.0
2009-02-03,11.66,11.83,11.48,11.78,,3438600.0
2009-02-04,11.81,12.25,11.77,11.95,,2764700.0
2009-02-05,11.79,12.52,11.56,12.49,,6225900.0
2009-02-06,12.49,12.73,12.34,12.48,,3059600.0
2009-02-09,12.38,12.55,12.09,12.31,,3342800.0
2009-02-10,12.24,12.34,11.73,11.81,,3771300.0
2009-02-11,11.96,12.0,11.7,11.88,,3135700.0
2009-02-12,11.7,12.05,11.61,12.05,,4429300.0
2009-02-13,12.01,12.28,11.88,11.94,,3027600.0
2009-02-17,11.43,11.63,11.15,11.41,,5343200.0
2009-02-18,10.35,11.14,10.26,10.38,,10706900.0
2009-02-19,10.41,10.47,10.02,10.06,,5649700.0
2009-02-20,9.91,9.99,9.68,9.82,,5113700.0
2009-02-23,9.91,9.98,9.2,9.23,,4743600.0
2009-02-24,9.34,9.73,9.25,9.64,,3786200.0
2009-02-25,9.45,9.65,9.25,9.48,,4696300.0
2009-02-26,9.6,9.67,9.14,9.19,,4783800.0
2009-02-27,8.99,9.21,8.92,8.97,,3930200.0
2009-03-02,8.79,8.86,8.15,8.2,,4288200.0
2009-03-03,8.34,8.45,8.03,8.2,,5046600.0
2009-03-04,8.35,8.77,8.23,8.61,,3882400.0
2009-03-05,8.39,8.56,8.09,8.11,,6922900.0
2009-03-06,8.06,8.46,7.77,8.18,,4864500.0
2009-03-09,8.08,8.39,7.99,8.04,,4304400.0
2009-03-10,8.22,8.71,8.17,8.68,,4709800.0
2009-03-11,8.77,9.03,8.66,8.75,,3832800.0
2009-03-12,8.7,8.98,8.45,8.93,,3660000.0
2009-03-13,8.96,9.14,8.92,9.05,,2609800.0
2009-03-16,9.14,9.21,8.9,8.9,,2166200.0
2009-03-17,8.99,9.32,8.86,9.32,,2542700.0
2009-03-18,9.34,9.66,9.24,9.4,,3577900.0
2009-03-19,9.44,9.65,9.34,9.53,,2792900.0
2009-03-20,9.54,9.67,9.24,9.33,,4246800.0
2009-03-23,9.7,10.28,9.7,10.28,,4630400.0
2009-03-24,10.13,10.38,10.11,10.21,,2718900.0
2009-03-25,10.35,10.62,10.05,10.32,,2929400.0
2009-03-26,10.38,11.11,10.22,11.08,,5979400.0
2009-03-27,10.86,10.97,10.48,10.48,,3216400.0
2009-03-30,10.23,10.26,9.79,9.95,,3970500.0
2009-03-31,10.04,10.15,9.87,9.94,,4735900.0
2009-04-01,9.78,10.43,9.71,10.35,,3956200.0
2009-04-02,10.6,10.84,10.46,10.55,,4283100.0
2009-04-03,10.15,10.73,10.15,10.64,,2879000.0
2009-04-06,10.55,10.55,10.18,10.33,,3356000.0
2009-04-07,10.13,10.18,9.95,10.09,,3560900.0
2009-04-08,9.99,10.57,9.99,10.48,,3438400.0
2009-04-09,10.62,11.08,10.62,10.99,,3251200.0
2009-04-13,10.87,10.97,10.74,10.79,,3125500.0
2009-04-14,10.77,10.84,10.61,10.68,,2227600.0
2009-04-15,10.62,10.77,10.41,10.58,,2490800.0
2009-04-16,10.68,10.99,10.42,10.88,,5736200.0
2009-04-17,10.88,11.12,10.76,11.0,,2971800.0
2009-04-20,10.97,11.0,10.44,10.62,,4818800.0
2009-04-21,10.67,10.88,10.55,10.73,,3041100.0
2009-04-22,10.62,11.14,10.57,10.84,,2838000.0
2009-04-23,10.83,10.83,10.38,10.61,,3765500.0
2009-04-24,10.68,11.04,10.48,10.93,,2791000.0
2009-04-27,10.79,11.13,10.79,10.94,,3133700.0
2009-04-28,10.81,11.19,10.64,11.02,,3532800.0
2009-04-29,11.13,11.76,11.06,11.66,,3946000.0
2009-04-30,11.7,12.25,11.7,11.81,,3560800.0
2009-05-01,11.78,12.29,11.76,12.16,,2889300.0
2009-05-04,12.16,12.56,12.12,12.56,,2779000.0
2009-05-05,12.52,12.55,12.01,12.11,,3501900.0
2009-05-06,12.26,12.47,12.14,12.44,,3085500.0
2009-05-07,12.51,12.52,12.02,12.14,,2568600.0
2009-05-08,12.26,12.55,12.21,12.51,,2573600.0
2009-05-11,12.33,12.4,12.01,12.18,,2127100.0
2009-05-12,12.2,12.4,12.08,12.28,,2164100.0
2009-05-13,12.07,12.21,11.54,11.67,,3025700.0
2009-05-14,11.61,11.94,11.21,11.85,,3352100.0
2009-05-15,11.65,11.78,11.16,11.41,,5238100.0
2009-05-18,11.39,11.56,11.19,11.56,,2651800.0
2009-05-19,11.56,11.99,11.23,11.88,,3021900.0
2009-05-20,12.0,12.29,11.91,12.05,,2619700.0
2009-05-21,11.78,11.89,11.31,11.43,,3175900.0
2009-05-22,11.48,11.58,11.28,11.44,,2577200.0
2009-05-26,11.42,11.7,11.25,11.67,,2476100.0
2009-05-27,11.7,11.83,11.53,11.57,,2688000.0
2009-05-28,11.7,11.77,11.32,11.63,,2236500.0
2009-05-29,11.67,11.79,11.49,11.79,,1980900.0
2009-06-01,11.92,12.42,11.92,12.21,,4123400.0
2009-06-02,12.2,12.8,12.18,12.64,,3743700.0
2009-06-03,12.6,12.67,12.39,12.5,,4018700.0
2009-06-04,12.54,13.08,12.54,12.96,,3153200.0
2009-06-05,13.06,13.15,12.77,12.87,,2310700.0
2009-06-08,12.76,12.89,12.39,12.7,,2146300.0
2009-06-09,12.78,12.84,12.59,12.75,,2950000.0
2009-06-10,12.88,12.91,12.38,12.58,,2705100.0
2009-06-11,12.6,13.0,12.56,12.75,,3310900.0
2009-06-12,12.72,12.72,12.25,12.52,,2627700.0
2009-06-15,12.37,12.39,11.96,12.22,,2355800.0
2009-06-16,12.23,12.36,11.97,12.01,,2983300.0
2009-06-17,12.06,12.12,11.85,11.89,,3122600.0
2009-06-18,11.86,12.22,11.75,12.11,,2351800.0
2009-06-19,12.29,12.35,12.09,12.22,,4815900.0
2009-06-22,12.13,12.2,11.86,11.9,,2894100.0
2009-06-23,11.96,12.09,11.87,12.0,,2560900.0
2009-06-24,12.09,12.34,12.06,12.29,,3899000.0
2009-06-25,12.26,12.98,12.2,12.91,,5052700.0
2009-06-26,12.86,13.22,12.79,13.18,,3425300.0
2009-06-29,13.22,13.26,13.01,13.21,,2203000.0
2009-06-30,13.23,13.3,12.92,13.13,,3886300.0
2009-07-01,13.17,13.55,13.08,13.33,,3392500.0
2009-07-02,13.06,13.06,12.47,12.77,,4391200.0
2009-07-06,12.73,12.73,12.47,12.64,,2513300.0
2009-07-07,12.65,12.73,12.25,12.28,,2545700.0
2009-07-08,12.29,12.39,11.96,12.16,,3293200.0
2009-07-09,12.2,12.3,12.08,12.21,,3106300.0
2009-07-10,12.14,12.33,12.11,12.26,,2443200.0
2009-07-13,12.27,12.55,12.12,12.54,,2353600.0
2009-07-14,12.45,12.67,12.45,12.6,,1668000.0
2009-07-15,12.73,13.38,12.63,13.3,,3135900.0
2009-07-16,13.24,13.52,13.22,13.47,,2915500.0
2009-07-17,13.48,13.59,13.28,13.55,,2055700.0
2009-07-20,13.66,14.03,13.61,13.94,,2218600.0
2009-07-21,14.03,14.13,13.88,13.89,,4173300.0
2009-07-22,13.86,13.97,13.66,13.9,,4630500.0
2009-07-23,13.86,14.4,13.8,14.3,,3898600.0
2009-07-24,14.12,14.41,14.11,14.4,,2528000.0
2009-07-27,14.03,14.84,14.03,14.65,,5244300.0
2009-07-28,14.58,15.45,14.58,15.06,,6372400.0
2009-07-29,15.03,15.12,14.52,14.63,,5005100.0
2009-07-30,14.8,15.27,14.79,14.98,,4162700.0
2009-07-31,15.0,15.22,14.85,15.02,,2533700.0
2009-08-03,15.27,15.53,15.18,15.49,,2765400.0
2009-08-04,15.42,15.75,15.33,15.63,,2735500.0
2009-08-05,15.67,15.78,15.16,15.22,,2540300.0
2009-08-06,15.2,15.31,14.96,15.05,,3636600.0
2009-08-07,15.29,15.42,15.19,15.35,,2353200.0
2009-08-10,15.31,15.44,15.13,15.41,,2578800.0
2009-08-11,15.33,15.59,15.18,15.45,,3405100.0
2009-08-12,15.49,15.99,15.46,15.77,,3402900.0
2009-08-13,15.87,16.04,15.75,15.9,,2160200.0
2009-08-14,15.89,15.99,15.35,15.55,,3085100.0
2009-08-17,15.44,15.46,15.05,15.24,,4063800.0
2009-08-18,15.86,16.81,15.62,16.43,,13374100.0
2009-08-19,16.26,16.42,16.15,16.33,,5442700.0
2009-08-20,16.26,16.44,16.24,16.37,,3234200.0
2009-08-21,16.55,16.56,16.31,16.52,,3475900.0
2009-08-24,16.58,16.64,16.38,16.49,,2224800.0
2009-08-25,16.49,16.62,16.31,16.39,,3089200.0
2009-08-26,16.45,16.58,16.26,16.48,,3333500.0
2009-08-27,16.49,16.53,16.32,16.52,,7017700.0
2009-08-28,16.6,16.85,16.57,16.7,,3969500.0
2009-08-31,16.46,16.64,16.37,16.61,,5106500.0
2009-09-01,16.5,17.03,16.48,16.72,,6642300.0
2009-09-02,16.79,16.79,16.14,16.31,,6461500.0
2009-09-03,16.47,16.52,16.17,16.35,,4637000.0
2009-09-04,16.41,16.76,16.26,16.72,,3255700.0
2009-09-08,16.72,17.08,16.69,17.08,,4118600.0
2009-09-09,17.01,17.58,16.92,17.56,,3676500.0
2009-09-10,17.51,18.03,17.42,18.02,,4298800.0
2009-09-11,18.03,18.21,17.94,18.14,,4390800.0
2009-09-14,18.02,18.22,17.87,18.17,,3514400.0
2009-09-15,17.88,18.35,17.88,18.31,,3318100.0
2009-09-16,18.32,18.6,18.32,18.51,,3233200.0
2009-09-17,18.49,18.64,18.22,18.42,,3919000.0
2009-09-18,18.55,18.58,17.99,18.35,,4436700.0
2009-09-21,18.58,19.0,18.51,18.63,,5618700.0
2009-09-22,18.73,18.73,18.36,18.45,,4730800.0
2009-09-23,18.49,18.64,18.2,18.28,,4454800.0
2009-09-24,18.35,18.4,17.83,18.0,,2975100.0
2009-09-25,17.96,18.0,17.77,17.83,,3689200.0
2009-09-28,17.91,18.26,17.78,18.04,,2100100.0
2009-09-29,17.98,18.19,17.92,18.04,,3125500.0
2009-09-30,18.11,18.15,17.79,18.0,,4530800.0
2009-10-01,17.22,17.67,17.01,17.21,,5458600.0
2009-10-02,17.08,17.12,16.78,17.01,,3574400.0
2009-10-05,17.0,17.45,16.95,17.34,,3191200.0
2009-10-06,17.57,17.76,17.41,17.6,,2887400.0
2009-10-07,17.5,17.59,17.39,17.52,,1589600.0
2009-10-08,17.78,17.94,17.66,17.72,,3365500.0
2009-10-09,17.71,17.81,17.69,17.76,,2086300.0
2009-10-12,17.84,17.92,17.67,17.76,,1895100.0
2009-10-13,17.72,17.8,17.56,17.65,,1422700.0
2009-10-14,17.9,17.93,17.76,17.84,,2770600.0
2009-10-15,17.78,17.89,17.72,17.86,,2827700.0
2009-10-16,17.73,17.78,17.42,17.6,,3026700.0
2009-10-19,17.68,17.82,17.5,17.72,,2038700.0
2009-10-20,17.66,17.71,17.05,17.12,,3933200.0
2009-10-21,17.13,17.63,17.08,17.38,,4431500.0
2009-10-22,17.52,17.52,17.03,17.38,,2766300.0
2009-10-23,17.59,17.59,16.84,16.94,,2811300.0
2009-10-26,16.94,17.27,16.61,16.63,,2905700.0
2009-10-27,16.62,16.85,16.52,16.64,,3434900.0
2009-10-28,16.53,16.63,16.3,16.37,,3935800.0
2009-10-29,16.48,16.75,16.39,16.64,,2493400.0
2009-10-30,16.63,16.69,15.91,16.0,,5442300.0
2009-11-02,16.0,16.36,15.97,16.21,,4059800.0
2009-11-03,16.18,16.29,16.0,16.19,,2307500.0
2009-11-04,16.26,16.54,16.17,16.2,,3146800.0
2009-11-05,16.37,16.94,16.36,16.9,,2640000.0
2009-11-06,17.12,17.12,16.77,16.92,,2443500.0
2009-11-09,17.09,17.43,17.04,17.43,,1903800.0
2009-11-10,17.47,17.59,17.32,17.46,,2644300.0
2009-11-11,17.67,17.76,17.47,17.76,,3234800.0
2009-11-12,17.86,17.91,17.64,17.74,,3496200.0
2009-11-13,18.09,18.68,17.94,18.5,,6263400.0
2009-11-16,18.27,19.08,18.17,18.99,,4435600.0
2009-11-17,18.79,19.21,18.79,19.16,,3172700.0
2009-11-18,19.07,19.08,18.84,19.05,,2806800.0
2009-11-19,18.81,18.99,18.54,18.84,,2213500.0
2009-11-20,18.71,18.79,18.54,18.69,,1978000.0
2009-11-23,18.96,19.1,18.82,18.93,,1679100.0
2009-11-24,18.91,18.96,18.68,18.91,,1550300.0
2009-11-25,18.88,19.1,18.88,19.1,,1505500.0
2009-11-27,18.4,18.81,18.11,18.66,,922500.0
2009-11-30,18.61,18.72,18.47,18.7,,2555200.0
2009-12-01,18.82,19.07,18.8,19.04,,2268600.0
2009-12-02,19.08,19.2,18.98,19.07,,2629400.0
2009-12-03,19.08,19.44,19.08,19.21,,3583700.0
2009-12-04,19.4,19.71,19.04,19.31,,3537000.0
2009-12-07,19.19,19.39,19.18,19.32,,2889500.0
2009-12-08,19.12,19.25,18.9,19.13,,1915400.0
2009-12-09,19.1,19.1,18.74,18.91,,3111300.0
2009-12-10,19.04,19.36,19.0,19.2,,1835400.0
2009-12-11,19.24,19.32,19.12,19.17,,1407600.0
2009-12-14,19.26,19.4,19.22,19.38,,1334200.0
2009-12-15,19.32,19.45,19.21,19.33,,1872000.0
2009-12-16,19.4,19.45,19.19,19.25,,2050800.0
2009-12-17,19.04,19.24,18.97,19.04,,1930700.0
2009-12-18,19.1,19.29,18.9,19.01,,3303500.0
2009-12-21,19.14,19.36,18.95,19.34,,3148600.0
2009-12-22,19.34,19.61,19.28,19.52,,2481900.0
2009-12-23,19.53,19.66,19.5,19.59,,2218400.0
2009-12-24,19.57,19.65,19.53,19.61,,756800.0
2009-12-28,19.61,19.68,19.55,19.66,,1679300.0
2009-12-29,19.66,19.7,19.54,19.61,,3107200.0
2009-12-30,19.47,20.2,19.35,20.11,,3995000.0
2009-12-31,20.07,20.54,20.0,20.09,,3737200.0
2010-01-04,20.3,20.45,20.13,20.24,,2729300.0
2010-01-05,20.18,20.19,19.89,20.02,,2994300.0
2010-01-06,19.95,20.05,19.89,19.95,,2320300.0
2010-01-07,19.9,19.93,19.72,19.92,,2214000.0
2010-01-08,19.81,19.95,19.66,19.92,,2670900.0
2010-01-11,19.97,20.08,19.83,19.93,,3420300.0
2010-01-12,19.76,19.82,19.54,19.69,,2053700.0
2010-01-13,19.7,19.9,19.43,19.85,,2445600.0
2010-01-14,19.78,20.2,19.72,20.14,,4409000.0
2010-01-15,20.19,20.28,19.61,19.68,,3309500.0
2010-01-19,19.63,19.94,19.63,19.92,,2549100.0
2010-01-20,19.74,19.83,19.52,19.81,,3282600.0
2010-01-21,20.05,20.12,19.52,19.74,,4350100.0
2010-01-22,19.63,19.63,18.81,18.86,,3049400.0
2010-01-25,19.02,19.17,18.9,19.04,,2581200.0
2010-01-26,18.99,19.08,18.74,18.94,,1929100.0
2010-01-27,18.88,18.94,18.58,18.86,,3120300.0
2010-01-28,18.84,18.99,18.42,18.55,,3531600.0
2010-01-29,18.71,18.86,18.05,18.13,,4236800.0
2010-02-01,18.21,18.96,18.19,18.84,,3995300.0
2010-02-02,18.9,19.13,18.81,19.08,,4209400.0
2010-02-03,19.01,19.33,18.99,19.1,,4353100.0
2010-02-04,18.95,19.04,18.71,18.8,,4744200.0
2010-02-05,18.69,18.92,18.22,18.86,,6828800.0
2010-02-08,18.89,19.19,18.84,18.88,,4952900.0
2010-02-09,19.1,19.22,18.87,19.02,,3684300.0
2010-02-10,19.05,19.07,18.68,18.91,,2328700.0
2010-02-11,18.91,19.15,18.6,18.99,,4994600.0
2010-02-12,19.82,19.88,19.12,19.39,,8195900.0
2010-02-16,19.55,19.62,19.38,19.56,,4692100.0
2010-02-17,19.63,19.88,19.48,19.81,,3498700.0
2010-02-18,19.77,20.05,19.68,20.03,,2370500.0
2010-02-19,19.94,20.22,19.8,20.18,,2994400.0
2010-02-22,20.23,20.23,19.95,20.14,,2888500.0
2010-02-23,20.1,20.15,19.74,19.95,,3123300.0
2010-02-24,20.03,20.2,19.96,20.2,,2822500.0
2010-02-25,19.94,20.13,19.55,20.1,,3418100.0
2010-02-26,20.16,20.38,20.03,20.34,,3346300.0
2010-03-01,20.32,20.78,20.32,20.75,,3378800.0
2010-03-02,20.69,21.04,20.6,20.93,,4304900.0
2010-03-03,20.96,21.04,20.89,20.98,,4592000.0
2010-03-04,20.98,20.99,20.59,20.86,,4363500.0
2010-03-05,21.23,21.5,21.1,21.44,,5504500.0
2010-03-08,21.41,21.44,21.22,21.34,,5019900.0
2010-03-09,21.29,21.55,21.26,21.51,,5066800.0
2010-03-10,21.47,21.82,21.4,21.77,,3359600.0
2010-03-11,21.59,21.73,21.5,21.71,,2820000.0
2010-03-12,21.74,21.84,21.55,21.61,,2872500.0
2010-03-15,21.55,21.66,21.37,21.54,,2588900.0
2010-03-16,21.59,21.71,21.48,21.61,,2350500.0
2010-03-17,21.62,21.75,21.55,21.59,,2808300.0
2010-03-18,21.53,21.71,21.44,21.64,,3215100.0
2010-03-19,21.68,21.77,21.42,21.61,,4207800.0
2010-03-22,21.51,21.88,21.4,21.81,,2823100.0
2010-03-23,21.84,22.12,21.77,22.06,,3716600.0
2010-03-24,21.97,22.06,21.9,21.92,,2712100.0
2010-03-25,22.05,22.47,22.03,22.34,,4965200.0
2010-03-26,22.41,22.44,22.06,22.19,,3366100.0
2010-03-29,22.19,22.44,22.17,22.24,,3846700.0
2010-03-30,22.28,22.44,22.28,22.39,,4277800.0
2010-03-31,22.34,22.36,22.17,22.24,,3786400.0
2010-04-01,22.34,22.55,22.15,22.34,,2221100.0
2010-04-05,22.37,22.53,22.34,22.52,,2669500.0
2010-04-06,22.4,22.43,22.26,22.35,,2502900.0
2010-04-07,22.29,22.34,22.07,22.17,,2338700.0
2010-04-08,22.05,22.08,21.69,21.98,,3004200.0
2010-04-09,22.01,22.13,21.9,22.13,,2795900.0
2010-04-12,22.12,22.2,22.02,22.12,,2957500.0
2010-04-13,22.08,22.13,21.91,21.92,,2586900.0
2010-04-14,21.95,22.37,21.95,22.25,,8324900.0
2010-04-15,22.28,23.22,22.13,23.04,,9147800.0
2010-04-16,22.98,23.21,22.68,22.81,,5769800.0
2010-04-19,22.85,22.92,22.4,22.74,,2865800.0
2010-04-20,22.88,23.59,22.88,23.47,,4999900.0
2010-04-21,23.4,23.53,23.14,23.36,,2247800.0
2010-04-22,23.15,23.59,22.81,23.56,,3334800.0
2010-04-23,23.53,23.72,23.34,23.69,,2613500.0
2010-04-26,23.71,23.92,23.58,23.81,,2828000.0
2010-04-27,23.67,23.9,23.36,23.42,,4361500.0
2010-04-28,23.58,23.83,23.54,23.69,,3136200.0
2010-04-29,23.88,24.18,23.83,24.07,,2315700.0
2010-04-30,24.09,24.2,23.43,23.45,,3001200.0
2010-05-03,23.6,23.86,23.52,23.78,,1859200.0
2010-05-04,23.51,23.51,22.71,22.87,,3247100.0
2010-05-05,22.58,22.83,22.28,22.48,,3297500.0
2010-05-06,22.32,22.52,19.83,21.52,,6456800.0
2010-05-07,21.4,21.52,20.37,20.61,,7979300.0
2010-05-10,21.46,22.13,21.33,22.11,,4057100.0
2010-05-11,21.78,22.32,21.64,22.03,,3376400.0
2010-05-12,22.09,22.63,22.07,22.51,,2841800.0
2010-05-13,22.52,22.82,22.26,22.49,,4399100.0
2010-05-14,22.24,22.45,21.62,21.9,,3380300.0
2010-05-17,22.0,22.31,21.72,22.11,,4166500.0
2010-05-18,21.99,22.02,20.58,20.74,,11814400.0
2010-05-19,20.7,21.18,20.69,21.07,,5153200.0
2010-05-20,20.52,20.65,20.05,20.07,,4712900.0
2010-05-21,19.61,20.56,19.52,20.27,,5911200.0
2010-05-24,20.2,20.45,20.03,20.3,,3781800.0
2010-05-25,19.72,20.21,19.38,20.2,,3825600.0
2010-05-26,20.38,20.85,20.29,20.36,,3811800.0
2010-05-27,20.83,21.2,20.76,21.18,,2674600.0
2010-05-28,21.18,21.24,20.8,20.93,,2454000.0
2010-06-01,20.75,20.93,20.32,20.36,,2777600.0
2010-06-02,20.5,20.84,20.21,20.84,,2555200.0
2010-06-03,20.91,21.05,20.66,20.95,,2697400.0
2010-06-04,20.44,20.51,19.54,19.62,,4324700.0
2010-06-07,19.74,19.85,19.44,19.46,,4077700.0
2010-06-08,19.52,19.64,18.95,19.3,,6002900.0
2010-06-09,19.39,19.7,19.01,19.09,,4329100.0
2010-06-10,19.41,19.71,19.25,19.69,,3361700.0
2010-06-11,19.43,19.9,19.43,19.87,,1936000.0
2010-06-14,20.14,20.69,20.02,20.34,,4163800.0
2010-06-15,20.56,20.84,20.4,20.82,,2558300.0
2010-06-16,20.69,21.2,20.56,21.1,,3062100.0
2010-06-17,21.21,21.21,20.71,21.0,,2271200.0
2010-06-18,21.05,21.3,20.95,21.09,,2666900.0
2010-06-21,21.38,21.58,20.84,20.97,,2929900.0
2010-06-22,20.96,21.29,20.69,20.71,,2042100.0
2010-06-23,20.74,20.91,20.36,20.67,,2305600.0
2010-06-24,20.52,20.64,19.81,19.89,,4153400.0
2010-06-25,19.99,20.07,19.68,19.85,,3833900.0
2010-06-28,19.81,19.96,19.59,19.77,,2220600.0
2010-06-29,19.42,19.52,18.75,18.89,,4739800.0
2010-06-30,18.86,19.07,18.31,18.38,,3768100.0
2010-07-01,18.43,18.5,17.74,18.29,,5002500.0
2010-07-02,18.34,18.36,17.84,17.97,,3314700.0
2010-07-06,18.33,18.47,17.8,17.94,,3778200.0
2010-07-07,17.97,18.52,17.93,18.47,,3300800.0
2010-07-08,18.6,18.72,18.35,18.63,,3661000.0
2010-07-09,18.68,18.72,18.4,18.53,,2372400.0
2010-07-12,18.44,18.57,18.13,18.24,,3748300.0
2010-07-13,18.41,18.72,18.38,18.59,,4092900.0
2010-07-14,18.51,18.91,18.48,18.55,,4209200.0
2010-07-15,18.51,18.58,18.19,18.36,,4133800.0
2010-07-16,18.24,18.29,17.44,17.48,,6347900.0
2010-07-19,17.65,17.92,17.5,17.81,,5664900.0
2010-07-20,17.48,17.82,17.29,17.8,,4361100.0
2010-07-21,17.9,18.24,17.72,17.83,,4452900.0
2010-07-22,18.07,18.67,18.07,18.57,,3649500.0
2010-07-23,18.47,19.02,18.4,18.95,,3715400.0
2010-07-26,18.9,19.19,18.82,19.17,,2125700.0
2010-07-27,19.23,19.23,18.63,18.67,,3341100.0
2010-07-28,18.62,18.93,18.58,18.61,,3115700.0
2010-07-29,18.73,18.85,17.96,18.2,,4408600.0
2010-07-30,17.96,18.22,17.89,18.06,,3694400.0
2010-08-02,18.33,18.73,18.24,18.64,,2898700.0
2010-08-03,18.5,18.58,17.98,18.0,,4240200.0
2010-08-04,18.02,18.33,17.94,18.29,,2352600.0
2010-08-05,18.13,18.51,18.08,18.4,,2068300.0
2010-08-06,18.22,18.59,18.15,18.58,,3377800.0
2010-08-09,18.7,19.32,18.67,19.28,,3689000.0
2010-08-10,19.04,19.19,18.84,19.05,,3486700.0
2010-08-11,18.66,18.69,18.09,18.25,,2827200.0
2010-08-12,17.88,17.96,17.72,17.8,,3256700.0
2010-08-13,17.71,18.01,17.65,17.69,,2447000.0
2010-08-16,17.53,17.9,17.46,17.56,,3316100.0
2010-08-17,18.59,19.1,18.38,18.93,,7300800.0
2010-08-18,18.97,19.18,18.8,19.04,,3044000.0
2010-08-19,18.91,18.92,18.25,18.46,,3383300.0
2010-08-20,18.27,18.53,18.1,18.47,,3373900.0
2010-08-23,18.58,18.62,18.05,18.08,,3122800.0
2010-08-24,17.8,17.89,17.52,17.69,,2934800.0
2010-08-25,17.55,18.0,17.25,17.91,,4369600.0
2010-08-26,18.03,18.19,17.78,17.79,,2951200.0
2010-08-27,17.91,18.14,17.48,18.08,,3346000.0
2010-08-30,17.96,18.22,17.9,17.9,,2592900.0
2010-08-31,17.83,17.85,17.3,17.44,,5341500.0
2010-09-01,17.75,18.4,17.74,18.29,,3639900.0
2010-09-02,18.41,18.91,18.33,18.89,,2720300.0
2010-09-03,19.07,19.39,19.07,19.3,,2263900.0
2010-09-07,19.2,19.21,18.72,18.75,,2207300.0
2010-09-08,18.8,18.91,18.62,18.65,,2806600.0
2010-09-09,18.91,19.01,18.7,18.71,,2101000.0
2010-09-10,18.72,18.87,18.57,18.69,,1774700.0
2010-09-13,18.9,19.05,18.72,18.84,,2958100.0
2010-09-14,18.77,18.99,18.53,18.86,,2630000.0
2010-09-15,18.85,19.15,18.59,19.02,,3743900.0
2010-09-16,18.97,19.53,18.92,19.43,,4467300.0
2010-09-17,19.61,20.0,19.54,19.76,,4766200.0
2010-09-20,19.9,20.14,19.77,20.07,,3680600.0
2010-09-21,20.03,20.24,19.91,20.14,,2917400.0
2010-09-22,20.03,20.27,19.88,19.89,,3860200.0
2010-09-23,19.72,19.99,19.63,19.76,,2799600.0
2010-09-24,20.03,20.8,20.03,20.75,,3636600.0
2010-09-27,20.74,20.78,20.49,20.69,,2766000.0
2010-09-28,20.67,20.98,20.51,20.91,,2858900.0
2010-09-29,20.76,21.12,20.76,21.07,,3382700.0
2010-09-30,21.19,21.69,21.11,21.58,,6075600.0
2010-10-01,21.79,22.17,21.59,21.81,,5893100.0
2010-10-04,21.7,21.73,20.94,21.07,,4889700.0
2010-10-05,21.31,21.59,21.25,21.37,,4223700.0
2010-10-06,21.35,21.42,20.88,21.13,,3234800.0
2010-10-07,21.29,21.68,21.24,21.47,,3737200.0
2010-10-08,21.48,21.93,21.33,21.86,,2863400.0
2010-10-11,21.84,21.97,21.7,21.82,,1917200.0
2010-10-12,21.73,21.93,21.53,21.78,,3442200.0
2010-10-13,21.95,22.3,21.92,22.19,,3198500.0
2010-10-14,22.17,22.21,22.01,22.13,,2913100.0
2010-10-15,22.37,22.46,22.04,22.3,,2781700.0
2010-10-18,22.3,22.48,22.07,22.41,,2067000.0
2010-10-19,22.07,22.28,21.7,22.0,,3991900.0
2010-10-20,22.08,22.54,22.04,22.41,,2494000.0
2010-10-21,22.5,22.63,22.26,22.47,,3059100.0
2010-10-22,22.46,22.58,22.32,22.47,,2518900.0
2010-10-25,22.65,22.74,22.47,22.57,,2651000.0
2010-10-26,22.39,22.63,22.24,22.5,,3200100.0
2010-10-27,22.3,22.48,22.1,22.37,,1656800.0
2010-10-28,22.72,22.85,22.26,22.58,,2396000.0
2010-10-29,22.52,22.64,22.39,22.5,,1933900.0
2010-11-01,22.59,22.71,22.23,22.47,,2064000.0
2010-11-02,22.62,22.76,22.49,22.67,,2095900.0
2010-11-03,22.75,22.81,22.35,22.7,,2398300.0
2010-11-04,22.96,23.31,22.9,23.27,,2758700.0
2010-11-05,23.26,23.54,23.18,23.53,,2334200.0
2010-11-08,23.38,23.53,23.18,23.4,,1863900.0
2010-11-09,23.4,23.4,22.79,22.94,,3191100.0
2010-11-10,22.93,23.06,22.56,22.8,,3319900.0
2010-11-11,22.5,23.15,22.3,23.1,,3787500.0
2010-11-12,23.21,24.28,22.96,23.51,,7074800.0
2010-11-15,23.63,23.68,23.13,23.41,,4829800.0
2010-11-16,23.16,23.18,22.5,22.66,,4931900.0
2010-11-17,22.63,22.86,22.53,22.77,,2780000.0
2010-11-18,23.05,23.54,22.97,23.43,,2957900.0
2010-11-19,23.39,23.58,23.14,23.58,,2135400.0
2010-11-22,23.38,23.65,23.15,23.46,,2286000.0
2010-11-23,23.19,23.19,22.71,22.91,,2289200.0
2010-11-24,23.03,23.56,22.98,23.5,,2164900.0
2010-11-26,23.25,23.56,23.13,23.51,,783000.0
2010-11-29,23.25,23.29,22.83,23.05,,3442800.0
2010-11-30,22.78,22.89,22.63,22.65,,4353800.0
2010-12-01,23.05,23.38,23.03,23.36,,4127900.0
2010-12-02,23.27,23.82,23.21,23.75,,3031000.0
2010-12-03,23.6,24.31,23.59,24.24,,3265700.0
2010-12-06,24.12,24.18,23.96,24.01,,1651800.0
2010-12-07,24.31,24.5,24.25,24.3,,4116400.0
2010-12-08,24.31,24.42,24.02,24.35,,3359900.0
2010-12-09,24.48,24.61,24.42,24.61,,3412300.0
2010-12-10,24.57,25.15,24.57,24.92,,5546000.0
2010-12-13,24.92,25.28,24.79,25.03,,4697000.0
2010-12-14,25.09,25.37,25.08,25.15,,3203200.0
2010-12-15,25.23,25.34,24.87,24.88,,3291700.0
2010-12-16,24.97,25.72,24.88,25.7,,4307500.0
2010-12-17,25.71,26.51,25.6,26.22,,6694300.0
2010-12-20,25.93,26.3,25.52,26.27,,4023700.0
2010-12-21,26.29,26.55,26.2,26.4,,3615300.0
2010-12-22,26.29,26.55,26.12,26.55,,2753600.0
2010-12-23,26.45,26.72,26.45,26.56,,1638400.0
2010-12-27,26.44,27.2,26.44,27.11,,3725300.0
2010-12-28,27.11,27.21,26.77,26.84,,3020000.0
2010-12-29,26.86,27.17,26.84,26.96,,1914900.0
2010-12-30,26.93,27.06,26.8,26.89,,1586000.0
2010-12-31,26.79,26.97,26.67,26.79,,1466900.0
2011-01-03,26.87,27.25,26.78,27.08,,3572300.0
2011-01-04,27.15,27.22,26.63,26.83,,3588900.0
2011-01-05,26.68,26.98,26.51,26.77,,3232500.0
2011-01-06,26.75,27.06,26.65,26.82,,3361300.0
2011-01-07,26.85,27.03,26.54,26.91,,2726000.0
2011-01-10,26.78,27.63,26.71,27.3,,3145900.0
2011-01-11,27.5,28.01,27.41,27.77,,3315500.0
2011-01-12,27.94,28.07,27.78,27.89,,2463200.0
2011-01-13,27.73,27.95,27.72,27.79,,1676500.0
2011-01-14,27.67,28.05,27.65,27.97,,2215700.0
2011-01-18,28.05,28.74,28.01,28.68,,2981600.0
2011-01-19,28.6,28.64,27.33,27.44,,4536300.0
2011-01-20,27.13,27.53,26.81,27.35,,4874800.0
2011-01-21,27.48,27.97,27.18,27.23,,3004600.0
2011-01-24,27.28,27.67,27.2,27.66,,2067500.0
2011-01-25,27.66,28.14,27.34,27.61,,3132800.0
2011-01-26,27.69,27.79,27.19,27.53,,3927400.0
2011-01-27,27.66,27.86,27.4,27.45,,3189700.0
2011-01-28,27.48,27.5,26.44,26.5,,3629800.0
2011-01-31,26.65,27.05,26.44,27.05,,3691000.0
2011-02-01,27.2,27.61,27.11,27.19,,3388300.0
2011-02-02,27.0,27.1,26.4,26.66,,3970800.0
2011-02-03,26.47,26.63,26.01,26.51,,3522800.0
2011-02-04,26.58,27.89,26.47,27.8,,5196800.0
2011-02-07,28.1,28.88,28.05,28.74,,4569900.0
2011-02-08,28.87,28.91,28.34,28.56,,3734600.0
2011-02-09,28.46,28.56,27.91,28.08,,3779400.0
2011-02-10,27.95,28.46,27.53,28.45,,3275800.0
2011-02-11,28.3,29.2,28.23,29.11,,4436100.0
2011-02-14,29.1,29.37,28.92,28.96,,3480200.0
2011-02-15,28.96,29.1,27.57,27.58,,7327100.0
2011-02-16,27.74,28.2,27.61,28.17,,4159800.0
2011-02-17,28.05,28.45,27.82,28.4,,2621800.0
2011-02-18,28.36,28.64,28.23,28.4,,4390300.0
2011-02-22,27.98,28.29,27.41,27.48,,4143700.0
2011-02-23,27.52,27.64,25.83,26.16,,7074200.0
2011-02-24,26.09,26.87,25.98,26.61,,4455500.0
2011-02-25,26.64,27.42,26.6,27.39,,4297400.0
2011-02-28,27.44,27.58,26.75,27.21,,3070300.0
2011-03-01,27.15,27.48,26.29,26.31,,4091400.0
2011-03-02,26.23,26.88,26.1,26.81,,3377300.0
2011-03-03,27.24,27.9,27.24,27.69,,4358000.0
2011-03-04,28.03,30.27,28.03,30.23,,13350600.0
2011-03-07,29.91,30.26,29.35,29.66,,7407300.0
2011-03-08,29.75,29.88,29.54,29.73,,3895100.0
2011-03-09,29.52,29.78,28.84,29.78,,3483300.0
2011-03-10,29.33,29.56,28.92,29.02,,4855700.0
2011-03-11,29.14,29.42,28.39,29.32,,4441200.0
2011-03-14,29.16,29.36,28.52,29.0,,5663700.0
2011-03-15,28.03,28.56,27.53,28.34,,6910300.0
2011-03-16,28.19,28.3,27.07,27.37,,5042700.0
2011-03-17,27.89,28.12,27.09,27.45,,4351100.0
2011-03-18,27.89,28.25,27.6,27.77,,3883600.0
2011-03-21,28.14,28.69,28.11,28.42,,3134700.0
2011-03-22,28.39,28.42,27.64,27.93,,2418900.0
2011-03-23,27.77,28.35,27.64,28.24,,3761100.0
2011-03-24,28.45,28.52,28.09,28.39,,2751500.0
2011-03-25,28.46,28.78,28.28,28.48,,2084700.0
2011-03-28,28.61,28.89,28.37,28.43,,2982700.0
2011-03-29,28.41,28.85,28.14,28.81,,2295700.0
2011-03-30,28.96,29.21,28.87,29.16,,2514100.0
2011-03-31,29.05,29.11,28.75,28.96,,2194900.0
2011-04-01,29.02,29.41,28.96,29.19,,2212300.0
2011-04-04,29.14,29.36,28.69,28.99,,2133900.0
2011-04-05,28.94,29.42,28.85,29.32,,3136800.0
2011-04-06,29.43,29.55,28.92,29.29,,2351900.0
2011-04-07,29.25,29.38,28.62,29.02,,2102400.0
2011-04-08,29.22,29.53,28.95,29.03,,2001500.0
2011-04-11,28.97,29.33,28.87,29.09,,1578800.0
2011-04-12,28.93,29.36,28.63,29.06,,2771600.0
2011-04-13,29.24,30.22,29.23,30.13,,5098300.0
2011-04-14,29.92,30.21,29.49,30.15,,4649200.0
2011-04-15,30.14,31.03,29.96,30.72,,4901000.0
2011-04-18,30.3,30.3,29.31,30.12,,4578700.0
2011-04-19,30.21,30.26,29.94,30.22,,4381400.0
2011-04-20,30.7,31.58,30.66,31.45,,3625000.0
2011-04-21,31.64,31.94,31.54,31.91,,3064500.0
2011-04-25,31.74,31.8,31.02,31.16,,3339800.0
2011-04-26,31.32,32.49,31.31,31.94,,4800000.0
2011-04-27,31.98,32.4,31.83,32.35,,2721800.0
2011-04-28,32.23,32.68,32.11,32.54,,2254300.0
2011-04-29,32.53,32.77,32.22,32.27,,2369500.0
2011-05-02,32.49,32.82,32.35,32.62,,2616500.0
2011-05-03,32.64,32.77,32.4,32.72,,2256300.0
2011-05-04,32.69,32.79,31.78,32.01,,3730500.0
2011-05-05,31.93,32.3,31.7,31.8,,3462600.0
2011-05-06,32.33,32.68,31.85,32.16,,2584600.0
2011-05-09,32.24,32.35,31.98,32.26,,2024900.0
2011-05-10,32.4,32.81,32.06,32.77,,4167800.0
2011-05-11,32.66,32.75,32.11,32.35,,3018400.0
2011-05-12,32.23,32.71,31.94,32.55,,3623300.0
2011-05-13,34.96,35.78,33.44,34.0,,10089900.0
2011-05-16,33.75,34.27,33.67,33.83,,5187200.0
2011-05-17,33.43,33.57,32.86,33.09,,4520100.0
2011-05-18,33.06,33.52,32.98,33.45,,3972600.0
2011-05-19,33.59,33.61,33.01,33.08,,5160700.0
2011-05-20,33.08,33.12,32.61,32.79,,3350800.0
2011-05-23,32.21,32.21,31.36,31.75,,4265800.0
2011-05-24,31.84,31.84,31.29,31.49,,3437200.0
2011-05-25,31.21,31.89,31.12,31.7,,3736200.0
2011-05-26,31.51,32.07,31.44,31.94,,3268500.0
2011-05-27,31.94,32.17,31.8,32.07,,2141600.0
2011-05-31,32.13,32.35,31.83,32.25,,2642400.0
2011-06-01,32.2,32.2,30.96,31.04,,4159700.0
2011-06-02,31.15,31.45,30.95,31.16,,3329700.0
2011-06-03,30.64,31.01,30.28,30.67,,2891300.0
2011-06-06,30.55,30.72,30.39,30.43,,2061600.0
2011-06-07,30.72,31.07,30.49,30.85,,4128400.0
2011-06-08,30.73,31.08,30.61,30.87,,4712700.0
2011-06-09,30.94,31.77,30.85,31.5,,3281200.0
2011-06-10,31.33,31.65,31.12,31.16,,3919400.0
2011-06-13,31.21,31.3,30.46,30.74,,4025400.0
2011-06-14,31.27,32.26,31.18,31.67,,4800400.0
2011-06-15,31.34,31.34,30.55,30.63,,3502500.0
2011-06-16,30.55,30.88,29.99,30.43,,3036500.0
2011-06-17,30.83,31.08,30.59,30.67,,4284400.0
2011-06-20,30.45,31.38,30.28,31.29,,3811400.0
2011-06-21,31.49,32.54,31.47,32.22,,3532000.0
2011-06-22,32.05,32.23,31.64,31.65,,2289200.0
2011-06-23,31.16,32.0,30.68,31.93,,3476400.0
2011-06-24,31.89,31.9,31.27,31.36,,2646300.0
2011-06-27,31.27,31.78,30.94,31.59,,3062600.0
2011-06-28,31.71,32.79,31.52,32.64,,3311400.0
2011-06-29,32.84,33.07,32.57,32.71,,3490300.0
2011-06-30,32.68,33.62,32.66,33.05,,3495900.0
2011-07-01,33.13,33.71,32.93,33.63,,2807600.0
2011-07-05,33.58,33.63,33.17,33.41,,1866000.0
2011-07-06,33.31,33.55,33.15,33.51,,2518800.0
2011-07-07,33.9,34.03,33.34,33.87,,2421300.0
2011-07-08,33.01,33.47,31.53,32.48,,7940800.0
2011-07-11,31.98,32.27,31.64,31.74,,2982600.0
2011-07-12,31.42,31.46,30.78,31.08,,4196600.0
2011-07-13,31.2,31.49,30.52,31.13,,5209000.0
2011-07-14,31.21,31.21,30.42,30.61,,3738600.0
2011-07-15,30.79,30.79,30.11,30.44,,3780300.0
2011-07-18,30.21,30.24,28.98,29.4,,6616100.0
2011-07-19,29.59,30.44,29.56,30.35,,3567500.0
2011-07-20,30.36,30.42,29.89,30.34,,3825300.0
2011-07-21,30.48,30.59,30.07,30.34,,4247400.0
2011-07-22,30.36,30.48,30.08,30.32,,2070200.0
2011-07-25,29.87,30.21,29.81,30.0,,1843100.0
2011-07-26,29.64,29.78,28.85,29.0,,5128600.0
2011-07-27,28.74,28.74,27.35,27.46,,6543800.0
2011-07-28,27.4,27.66,27.08,27.28,,7492500.0
2011-07-29,26.86,27.73,26.7,27.26,,3836900.0
2011-08-01,27.56,27.66,26.18,26.38,,5665600.0
2011-08-02,26.09,26.6,25.17,25.18,,5679700.0
2011-08-03,25.27,25.43,24.51,25.35,,4711900.0
2011-08-04,25.11,25.11,23.83,23.87,,6164200.0
2011-08-05,24.31,24.57,22.87,23.66,,9001200.0
2011-08-08,22.92,23.23,20.93,21.06,,9480700.0
2011-08-09,21.51,22.14,20.76,22.12,,8170700.0
2011-08-10,21.55,21.82,20.55,20.6,,10161300.0
2011-08-11,20.77,22.62,20.6,22.32,,8069900.0
2011-08-12,22.6,23.89,22.25,23.42,,9430600.0
2011-08-15,23.75,24.29,23.56,24.25,,6493800.0
2011-08-16,23.91,24.66,23.3,23.69,,7709000.0
2011-08-17,23.84,24.09,22.75,23.15,,4705500.0
2011-08-18,22.37,22.38,20.69,20.84,,7357200.0
2011-08-19,20.52,21.18,20.07,20.1,,6063300.0
2011-08-22,20.69,20.82,19.67,19.72,,6803800.0
2011-08-23,19.87,20.85,19.54,20.6,,8532100.0
2011-08-24,20.6,21.42,20.41,21.39,,5674800.0
2011-08-25,21.62,21.91,21.06,21.36,,6785600.0
2011-08-26,21.11,22.6,20.77,22.55,,7350000.0
2011-08-29,22.92,23.84,22.79,23.75,,7728800.0
2011-08-30,23.59,23.98,23.2,23.68,,3897500.0
2011-08-31,23.77,24.61,23.57,23.84,,5399600.0
2011-09-01,23.8,24.15,23.07,23.18,,4857800.0
2011-09-02,22.57,22.68,21.98,22.24,,5670000.0
2011-09-06,21.2,22.01,20.79,21.93,,7563100.0
2011-09-07,22.26,23.21,22.26,23.08,,6352400.0
2011-09-08,22.9,22.96,21.92,22.08,,6198900.0
2011-09-09,21.76,22.33,21.37,21.57,,4476800.0
2011-09-12,21.22,21.69,20.74,21.6,,5290300.0
2011-09-13,21.68,22.63,21.59,22.49,,5494600.0
2011-09-14,22.71,24.08,22.39,23.65,,6879200.0
2011-09-15,24.0,24.07,23.33,23.95,,4867300.0
2011-09-16,24.05,24.19,23.1,23.51,,5001800.0
2011-09-19,22.9,22.9,21.93,22.61,,5956300.0
2011-09-20,22.86,23.6,22.66,22.67,,4309200.0
2011-09-21,22.69,22.7,20.82,20.85,,8347300.0
2011-09-22,20.1,20.43,19.87,20.23,,6316600.0
2011-09-23,20.05,20.84,19.94,20.49,,4342900.0
2011-09-26,20.72,21.03,20.29,20.95,,5482000.0
2011-09-27,21.6,22.35,21.44,21.7,,4764300.0
2011-09-28,21.76,21.79,20.42,20.46,,4643200.0
2011-09-29,21.02,21.27,20.28,21.03,,4770700.0
2011-09-30,20.58,20.8,20.08,20.21,,4196200.0
2011-10-03,19.98,20.07,19.0,19.01,,5196900.0
2011-10-04,18.67,20.07,18.54,20.05,,5400000.0
2011-10-05,20.13,20.8,19.85,20.77,,4909500.0
2011-10-06,20.67,21.7,20.34,21.69,,5007200.0
2011-10-07,20.89,21.11,19.68,20.29,,8089600.0
2011-10-10,20.78,21.63,20.71,21.54,,3855000.0
2011-10-11,21.26,22.06,21.06,21.94,,3915600.0
2011-10-12,22.12,22.36,21.6,21.84,,7601400.0
2011-10-13,21.55,21.6,20.62,21.0,,8445300.0
2011-10-14,21.44,21.7,21.35,21.56,,5820500.0
2011-10-17,21.35,21.64,21.18,21.38,,4999200.0
2011-10-18,21.36,21.81,20.78,21.65,,6051600.0
2011-10-19,21.54,21.87,21.24,21.33,,3493100.0
2011-10-20,21.42,21.89,21.0,21.81,,4820100.0
2011-10-21,22.17,22.92,22.12,22.81,,4310200.0
2011-10-24,23.01,24.4,22.92,24.28,,6109300.0
2011-10-25,23.89,24.18,23.16,23.23,,5272600.0
2011-10-26,23.27,23.32,22.52,23.14,,6226900.0
2011-10-27,24.44,26.12,23.97,24.47,,8921900.0
2011-10-28,25.76,26.55,25.67,26.44,,6317400.0
2011-10-31,25.77,25.85,23.97,23.97,,7473900.0
2011-11-01,22.79,23.32,22.41,22.82,,7594200.0
2011-11-02,23.16,23.64,22.96,23.38,,4039600.0
2011-11-03,23.8,24.22,23.31,24.01,,4647700.0
2011-11-04,23.65,23.97,23.16,23.87,,3163600.0
2011-11-07,23.8,24.48,23.57,24.4,,3927800.0
2011-11-08,24.59,25.08,24.28,25.06,,3594200.0
2011-11-09,24.19,24.34,23.08,23.32,,6587800.0
2011-11-10,23.86,24.24,23.53,23.84,,3815200.0
2011-11-11,24.31,24.7,24.06,24.22,,3916500.0
2011-11-14,24.01,24.45,23.93,24.28,,2608000.0
2011-11-15,24.55,24.94,24.06,24.73,,4189300.0
2011-11-16,24.15,25.47,24.05,24.95,,8279100.0
2011-11-17,24.79,24.94,23.86,24.06,,4500800.0
2011-11-18,24.25,24.25,23.67,23.8,,3807900.0
2011-11-21,23.16,23.28,22.56,23.14,,4004900.0
2011-11-22,23.03,23.36,22.66,23.01,,2653300.0
2011-11-23,22.64,22.71,21.73,21.73,,4256400.0
2011-11-25,21.61,22.24,21.48,21.88,,2286300.0
2011-11-28,22.72,23.2,22.45,22.74,,3078000.0
2011-11-29,22.87,23.05,22.54,22.65,,2820200.0
2011-11-30,23.65,24.37,23.62,24.25,,3346700.0
2011-12-01,24.12,24.82,23.96,24.46,,3179200.0
2011-12-02,24.83,24.95,23.71,23.77,,3494500.0
2011-12-05,24.27,24.5,23.78,23.97,,3272700.0
2011-12-06,24.01,24.15,23.59,23.91,,2483400.0
2011-12-07,23.71,23.93,23.03,23.71,,3017900.0
2011-12-08,23.43,23.53,22.19,22.26,,4322600.0
2011-12-09,22.54,22.94,22.28,22.85,,2542500.0
2011-12-12,22.51,22.58,21.56,21.81,,3912900.0
2011-12-13,22.03,22.24,21.32,21.44,,3051500.0
2011-12-14,21.34,21.63,21.02,21.29,,3274500.0
2011-12-15,21.68,21.84,21.46,21.63,,3202700.0
2011-12-16,21.81,22.14,21.51,21.64,,3122800.0
2011-12-19,21.75,21.95,21.43,21.49,,3565300.0
2011-12-20,21.98,22.49,21.95,22.36,,3671600.0
2011-12-21,22.26,22.41,21.89,22.22,,2683300.0
2011-12-22,21.93,22.66,21.93,22.53,,1885900.0
2011-12-23,22.53,22.88,22.43,22.87,,1385500.0
2011-12-27,22.76,23.0,22.74,22.79,,1398300.0
2011-12-28,22.79,22.86,22.0,22.06,,1835900.0
2011-12-29,22.08,22.72,22.01,22.67,,1909300.0
2011-12-30,22.59,22.96,22.52,22.59,,1381200.0
2012-01-03,23.18,23.92,23.11,23.59,,2973100.0
2012-01-04,23.38,23.51,23.01,23.4,,3327500.0
2012-01-05,23.2,24.13,23.1,23.93,,4894600.0
2012-01-06,23.98,24.29,23.8,24.18,,3370100.0
2012-01-09,24.33,24.84,24.23,24.82,,3168500.0
2012-01-10,25.1,25.49,24.97,25.28,,3190000.0
2012-01-11,25.14,25.41,24.92,25.17,,2813000.0
2012-01-12,25.31,25.59,24.81,25.56,,2842200.0
2012-01-13,25.26,25.36,24.9,25.26,,3618300.0
2012-01-17,25.71,26.12,25.67,25.86,,4158000.0
2012-01-18,25.87,26.73,25.77,26.69,,3170800.0
2012-01-19,26.75,27.36,26.58,27.06,,3091800.0
2012-01-20,27.01,27.09,26.31,26.51,,3906500.0
2012-01-23,26.44,26.65,26.21,26.51,,3393100.0
2012-01-24,26.46,27.8,26.38,27.55,,5459700.0
2012-01-25,27.72,28.59,27.35,28.49,,4658600.0
2012-01-26,28.63,29.0,27.47,27.59,,5785700.0
2012-01-27,27.41,27.77,27.33,27.6,,2428000.0
2012-01-30,27.11,27.93,26.98,27.91,,2922700.0
2012-01-31,28.02,28.16,27.36,27.46,,3360500.0
2012-02-01,27.86,28.72,27.79,28.58,,4150000.0
2012-02-02,28.59,28.78,28.23,28.27,,2226600.0
2012-02-03,28.71,29.29,28.59,29.28,,3487200.0
2012-02-06,28.93,29.05,28.65,28.88,,2984700.0
2012-02-07,28.94,29.02,28.6,28.84,,2547400.0
2012-02-08,28.91,29.13,28.72,29.08,,2169600.0
2012-02-09,29.1,29.33,28.65,29.16,,2241000.0
2012-02-10,28.61,28.63,28.14,28.54,,2645800.0
2012-02-13,28.9,28.91,28.14,28.35,,3427500.0
2012-02-14,28.28,28.62,28.02,28.31,,2617600.0
2012-02-15,28.78,28.78,28.08,28.22,,2496800.0
2012-02-16,27.81,28.42,27.0,28.34,,7082800.0
2012-02-17,28.48,28.54,27.79,27.9,,4068200.0
2012-02-21,27.98,28.05,27.43,27.55,,2835400.0
2012-02-22,27.52,27.99,27.38,27.63,,2473000.0
2012-02-23,27.63,28.22,27.48,28.07,,2401300.0
2012-02-24,28.15,28.45,27.79,27.82,,2936000.0
2012-02-27,27.62,28.18,27.45,28.03,,2053900.0
2012-02-28,28.13,28.27,27.93,28.21,,2117700.0
2012-02-29,28.32,28.64,28.05,28.21,,2992600.0
2012-03-01,28.28,28.63,28.13,28.56,,2378300.0
2012-03-02,28.56,28.71,28.09,28.27,,2128600.0
2012-03-05,28.19,28.27,27.52,27.66,,3570000.0
2012-03-06,27.35,27.5,27.09,27.34,,3756500.0
2012-03-07,27.46,28.24,27.37,28.1,,3494000.0
2012-03-08,28.39,28.85,27.91,28.63,,3826200.0
2012-03-09,28.61,29.14,28.61,28.81,,3060500.0
2012-03-12,28.74,28.88,28.05,28.21,,2639900.0
2012-03-13,28.43,29.21,28.3,29.17,,2339700.0
2012-03-14,29.19,29.25,28.88,29.08,,2740700.0
2012-03-15,29.16,29.69,29.0,29.66,,2126000.0
2012-03-16,29.7,29.75,29.33,29.5,,2279400.0
2012-03-19,29.39,29.55,29.2,29.33,,2387300.0
2012-03-20,29.16,29.2,28.78,28.99,,1728700.0
2012-03-21,29.03,29.18,28.71,28.92,,1572600.0
2012-03-22,28.45,28.45,27.95,28.27,,3103800.0
2012-03-23,28.17,28.65,27.9,28.65,,3369400.0
2012-03-26,29.02,29.18,28.86,29.13,,3467100.0
2012-03-27,29.13,29.93,29.09,29.53,,3804100.0
2012-03-28,29.37,29.4,28.51,28.83,,3089300.0
2012-03-29,28.52,28.8,28.42,28.75,,2288400.0
2012-03-30,29.01,29.07,28.52,28.85,,2322400.0
2012-04-02,28.85,29.24,28.66,29.08,,2261600.0
2012-04-03,29.0,29.26,28.81,29.05,,2755900.0
2012-04-04,28.74,28.81,28.1,28.35,,2390800.0
2012-04-05,28.3,29.15,28.23,29.02,,4959500.0
2012-04-09,28.6,28.6,28.22,28.23,,3707300.0
2012-04-10,28.19,28.35,27.19,27.41,,4332400.0
2012-04-11,27.85,27.91,27.48,27.53,,2431100.0
2012-04-12,27.62,28.31,27.54,28.21,,1563000.0
2012-04-13,28.0,28.07,27.34,27.38,,2392100.0
2012-04-16,27.6,27.69,27.09,27.21,,2465800.0
2012-04-17,27.48,27.71,27.43,27.64,,2075200.0
2012-04-18,27.41,27.6,27.23,27.43,,1720600.0
2012-04-19,27.49,27.6,26.94,27.17,,2718500.0
2012-04-20,27.33,27.79,27.25,27.29,,1990600.0
2012-04-23,26.81,26.83,26.29,26.75,,2188000.0
2012-04-24,26.17,26.23,25.37,25.79,,7658400.0
2012-04-25,26.12,26.88,26.12,26.69,,3655800.0
2012-04-26,26.65,27.27,26.63,27.21,,2449300.0
2012-04-27,27.35,27.65,26.93,27.58,,2947900.0
2012-04-30,27.55,27.7,27.21,27.34,,1863900.0
2012-05-01,27.24,28.04,27.09,27.85,,2586200.0
2012-05-02,27.67,27.93,27.41,27.89,,2394900.0
2012-05-03,27.97,27.97,27.34,27.36,,1715400.0
2012-05-04,27.32,27.41,26.55,26.58,,2196200.0
2012-05-07,26.36,26.63,26.1,26.48,,2616600.0
2012-05-08,26.35,26.39,25.61,26.1,,4291200.0
2012-05-09,25.7,26.17,25.6,25.88,,4309700.0
2012-05-10,26.32,26.51,25.72,25.76,,2354600.0
2012-05-11,25.62,26.11,25.54,25.57,,3861800.0
2012-05-14,25.19,25.56,24.91,25.21,,3953200.0
2012-05-15,26.51,26.94,26.19,26.25,,6997900.0
2012-05-16,26.36,26.57,25.73,25.77,,3559600.0
2012-05-17,27.16,27.16,25.68,25.68,,4935800.0
2012-05-18,25.92,26.07,25.03,25.1,,5161700.0
2012-05-21,25.17,26.0,25.15,25.92,,2782700.0
2012-05-22,25.96,26.7,25.68,26.24,,4420700.0
2012-05-23,25.94,26.59,25.53,26.42,,3446200.0
2012-05-24,26.47,26.67,26.22,26.59,,2568800.0
2012-05-25,26.59,26.87,26.44,26.58,,1883800.0
2012-05-29,26.88,27.38,26.85,27.34,,4074800.0
2012-05-30,26.99,26.99,26.44,26.8,,3074300.0
2012-05-31,26.87,26.97,26.1,26.35,,4211200.0
2012-06-01,25.41,25.56,24.67,24.77,,5421100.0
2012-06-04,24.85,25.04,23.95,24.52,,5159100.0
2012-06-05,24.38,25.01,24.25,24.82,,3721400.0
2012-06-06,25.1,25.78,24.87,25.78,,3696700.0
2012-06-07,26.28,26.29,25.74,25.9,,4531300.0
2012-06-08,25.68,25.83,25.55,25.67,,3036200.0
2012-06-11,25.96,26.02,25.22,25.26,,2040800.0
2012-06-12,25.24,25.61,24.98,25.58,,1801800.0
2012-06-13,25.41,25.81,25.16,25.28,,2055400.0
2012-06-14,25.33,25.7,25.19,25.5,,2314900.0
2012-06-15,25.71,25.96,25.58,25.93,,2887500.0
2012-06-18,25.83,26.05,25.57,26.02,,2624900.0
2012-06-19,26.23,26.78,26.18,26.67,,3014200.0
2012-06-20,26.69,26.86,26.09,26.34,,3218600.0
2012-06-21,26.37,26.62,25.3,25.35,,3102900.0
2012-06-22,25.59,25.65,24.87,25.3,,3675000.0
2012-06-25,24.91,24.98,24.23,24.41,,2983400.0
2012-06-26,24.63,24.79,24.38,24.62,,2519200.0
2012-06-27,24.91,25.07,24.73,24.85,,1541800.0
2012-06-28,24.66,24.72,24.1,24.45,,2001500.0
2012-06-29,24.92,25.54,24.92,25.5,,2645800.0
2012-07-02,25.68,25.74,25.02,25.28,,1737500.0
2012-07-03,25.22,25.81,25.22,25.69,,970700.0
2012-07-05,25.51,25.89,25.34,25.58,,1605500.0
2012-07-06,25.21,25.23,24.42,24.67,,3336400.0
2012-07-09,24.66,24.86,24.3,24.44,,2270000.0
2012-07-10,24.8,25.07,24.11,24.36,,2201600.0
2012-07-11,24.33,24.44,23.92,24.16,,1930800.0
2012-07-12,23.97,23.98,23.55,23.73,,2897100.0
2012-07-13,23.75,24.33,23.63,24.07,,3381600.0
2012-07-16,23.92,24.1,23.77,23.93,,1751400.0
2012-07-17,23.96,24.31,23.72,24.26,,2065500.0
2012-07-18,24.13,25.2,24.13,24.92,,2804900.0
2012-07-19,24.79,25.08,24.66,24.99,,2123400.0
2012-07-20,24.83,24.83,24.33,24.4,,1839600.0
2012-07-23,23.92,23.95,23.57,23.84,,2199000.0
2012-07-24,23.78,23.82,22.95,23.14,,3858500.0
2012-07-25,23.34,23.74,23.24,23.48,,1778200.0
2012-07-26,24.0,24.37,23.65,23.79,,3055400.0
2012-07-27,23.94,24.78,23.84,24.65,,2885400.0
2012-07-30,24.64,24.89,24.49,24.81,,3281300.0
2012-07-31,24.71,25.15,24.7,24.88,,2184800.0
2012-08-01,25.17,25.17,24.64,24.81,,1898400.0
2012-08-02,24.63,24.84,24.07,24.53,,2224200.0
2012-08-03,25.04,25.65,25.02,25.41,,1824900.0
2012-08-06,25.81,25.93,25.47,25.49,,2007900.0
2012-08-07,25.57,26.36,25.5,26.15,,2201300.0
2012-08-08,26.18,26.47,26.06,26.42,,1934600.0
2012-08-09,26.35,26.62,26.28,26.51,,2191200.0
2012-08-10,26.27,26.35,25.88,26.33,,1959600.0
2012-08-13,26.17,26.45,26.09,26.24,,1860800.0
2012-08-14,26.39,26.61,26.15,26.31,,1994400.0
2012-08-15,26.2,26.54,25.86,26.3,,2838300.0
2012-08-16,24.37,24.8,23.89,24.14,,12796100.0
2012-08-17,24.19,24.23,23.92,24.18,,5377700.0
2012-08-20,24.05,24.16,23.75,23.83,,3973000.0
2012-08-21,23.98,24.18,23.82,24.13,,5375900.0
2012-08-22,24.07,24.35,23.91,24.34,,4383600.0
2012-08-23,24.19,24.4,24.09,24.35,,4492200.0
2012-08-24,24.21,24.7,24.17,24.59,,2877300.0
2012-08-27,24.57,24.57,24.23,24.33,,3058100.0
2012-08-28,24.29,24.34,23.98,24.01,,4960600.0
2012-08-29,24.09,24.24,24.0,24.15,,5025400.0
2012-08-30,24.02,24.19,23.98,24.07,,2417900.0
2012-08-31,24.26,24.37,23.95,24.15,,2296400.0
2012-09-04,24.02,24.35,23.85,24.07,,3850000.0
2012-09-05,24.08,24.17,23.79,23.87,,4073700.0
2012-09-06,24.11,24.4,23.85,24.35,,4784400.0
2012-09-07,24.35,25.07,24.22,24.96,,3991300.0
2012-09-10,24.9,25.17,24.72,24.86,,2876700.0
2012-09-11,24.85,24.87,24.58,24.58,,2928400.0
2012-09-12,24.64,24.84,24.36,24.36,,4698800.0
2012-09-13,24.34,25.0,24.16,24.94,,5386200.0
2012-09-14,24.98,26.08,24.95,25.81,,6735100.0
2012-09-17,25.64,25.87,25.5,25.75,,3646500.0
2012-09-18,25.7,25.9,25.63,25.7,,3593900.0
2012-09-19,25.68,26.0,25.57,25.91,,2948800.0
2012-09-20,25.7,25.83,25.19,25.49,,4443300.0
2012-09-21,25.68,25.87,25.34,25.34,,3525000.0
2012-09-24,25.26,25.34,24.93,25.14,,2045900.0
2012-09-25,25.25,25.3,24.89,24.9,,3543700.0
2012-09-26,25.0,25.0,24.61,24.87,,3740000.0
2012-09-27,25.01,25.23,24.85,25.07,,3414700.0
2012-09-28,25.07,25.16,24.62,25.05,,4866500.0
2012-10-01,25.08,25.75,25.0,25.32,,4222900.0
2012-10-02,25.46,25.66,25.11,25.32,,3200300.0
2012-10-03,25.41,25.6,25.16,25.39,,2503700.0
2012-10-04,25.55,25.82,25.32,25.54,,5566500.0
2012-10-05,25.7,25.78,25.22,25.32,,2798400.0
2012-10-08,25.14,25.35,25.08,25.19,,2697000.0
2012-10-09,25.19,25.48,24.84,24.85,,3041500.0
2012-10-10,24.89,24.91,24.25,24.37,,3011700.0
2012-10-11,24.61,24.87,24.51,24.51,,3006100.0
2012-10-12,24.55,24.61,24.18,24.25,,2669300.0
2012-10-15,24.31,24.53,24.1,24.22,,2645000.0
2012-10-16,24.41,24.74,24.4,24.7,,2346500.0
2012-10-17,24.75,24.92,24.56,24.79,,3862900.0
2012-10-18,24.49,24.49,23.75,23.87,,6470200.0
2012-10-19,23.76,23.76,23.22,23.29,,3989300.0
2012-10-22,23.23,23.52,23.15,23.45,,2436900.0
2012-10-23,23.05,23.28,23.05,23.13,,3298500.0
2012-10-24,23.22,23.43,23.09,23.35,,4091200.0
2012-10-25,23.58,23.6,23.29,23.52,,3289000.0
2012-10-26,23.56,23.65,23.26,23.41,,3730500.0
2012-10-31,23.45,23.68,23.36,23.45,,3416300.0
2012-11-01,23.48,24.2,23.42,24.17,,3192400.0
2012-11-02,24.34,24.34,23.93,24.1,,3351600.0
2012-11-05,24.1,24.57,24.01,24.5,,2710600.0
2012-11-06,24.51,25.07,24.46,24.94,,3725600.0
2012-11-07,24.61,24.7,24.26,24.48,,3229800.0
2012-11-08,24.48,24.53,24.0,24.03,,3062700.0
2012-11-09,23.86,24.2,23.82,24.04,,3916400.0
2012-11-12,24.14,24.2,23.94,23.99,,2073400.0
2012-11-13,23.88,24.01,23.64,23.67,,3540600.0
2012-11-14,23.73,23.94,23.51,23.54,,3169600.0
2012-11-15,23.54,23.87,23.25,23.29,,5226100.0
2012-11-16,23.32,23.35,23.09,23.33,,6603100.0
2012-11-19,24.11,24.74,24.11,24.44,,5121200.0
2012-11-20,23.41,24.05,23.32,23.63,,10520700.0
2012-11-21,23.66,23.76,23.22,23.35,,4003900.0
2012-11-23,23.56,24.04,23.46,24.03,,2246300.0
2012-11-26,23.9,24.41,23.84,24.41,,3283000.0
2012-11-27,24.34,24.53,24.09,24.33,,3435400.0
2012-11-28,24.18,24.77,24.06,24.74,,3454000.0
2012-11-29,24.81,25.13,24.76,24.98,,3970800.0
2012-11-30,25.0,25.07,24.75,24.94,,2406200.0
2012-12-03,25.15,25.34,24.68,24.7,,2714500.0
2012-12-04,24.72,24.9,24.55,24.84,,2188400.0
2012-12-05,24.85,25.37,24.81,25.19,,3927500.0
2012-12-06,25.11,25.24,24.83,24.96,,3568700.0
2012-12-07,25.08,25.09,24.61,24.63,,3326400.0
2012-12-10,24.62,25.18,24.57,25.12,,3048800.0
2012-12-11,25.24,26.02,25.23,25.86,,4459100.0
2012-12-12,25.93,26.61,25.86,26.39,,6184500.0
2012-12-13,26.31,26.33,25.82,25.93,,3472700.0
2012-12-14,25.88,26.23,25.86,25.96,,2631900.0
2012-12-17,26.04,26.57,25.91,26.54,,3454600.0
2012-12-18,26.55,27.19,26.48,26.96,,4648800.0
2012-12-19,27.02,27.04,26.44,26.44,,4744300.0
2012-12-20,26.44,26.96,26.33,26.94,,3808700.0
2012-12-21,26.5,26.74,25.84,26.74,,4715800.0
2012-12-24,26.64,26.82,26.57,26.76,,1115900.0
2012-12-26,26.78,26.86,26.56,26.64,,2559600.0
2012-12-27,26.66,26.7,26.13,26.54,,2019800.0
2012-12-28,26.27,26.38,25.99,26.01,,2325100.0
2012-12-31,25.92,26.75,25.89,26.74,,3367600.0
2013-01-02,27.54,27.54,26.87,27.35,,6287700.0
2013-01-03,27.39,27.52,27.15,27.45,,4114300.0
2013-01-04,27.52,28.05,27.34,27.99,,4601500.0
2013-01-07,27.82,27.95,27.68,27.79,,2567600.0
2013-01-08,27.74,27.94,27.49,27.57,,2787500.0
2013-01-09,28.08,28.38,27.88,28.31,,4104400.0
2013-01-10,28.5,28.81,28.3,28.52,,3949100.0
2013-01-11,28.51,28.73,28.32,28.36,,2321000.0
2013-01-14,28.36,28.43,28.01,28.43,,2309800.0
2013-01-15,28.13,28.33,27.97,28.24,,3411200.0
2013-01-16,28.18,28.24,28.0,28.11,,2159900.0
2013-01-17,28.5,29.02,28.42,28.65,,4749200.0
2013-01-18,28.77,28.84,28.47,28.83,,2385600.0
2013-01-22,28.71,29.16,28.64,29.15,,2263400.0
2013-01-23,29.09,29.14,28.81,28.93,,2676000.0
2013-01-24,29.1,29.51,29.02,29.17,,3112000.0
2013-01-25,29.21,29.75,29.17,29.58,,3167300.0
2013-01-28,29.51,29.66,29.34,29.5,,2371300.0
2013-01-29,29.36,29.37,29.06,29.15,,2951300.0
2013-01-30,29.11,29.32,28.85,29.0,,2942700.0
2013-01-31,28.96,29.3,28.94,29.24,,3383300.0
2013-02-01,29.44,29.82,29.09,29.58,,2827800.0
2013-02-04,29.26,29.37,28.66,28.9,,3471000.0
2013-02-05,29.1,29.43,28.96,29.39,,2160500.0
2013-02-06,29.2,29.47,29.07,29.45,,2756400.0
2013-02-07,29.32,29.43,29.02,29.39,,3142400.0
2013-02-08,29.43,29.62,29.39,29.44,,1824800.0
2013-02-11,29.5,29.5,29.03,29.13,,2915500.0
2013-02-12,29.26,29.35,29.06,29.14,,2373800.0
2013-02-13,29.26,29.54,29.18,29.22,,2052400.0
2013-02-14,29.2,29.24,28.97,29.11,,3845700.0
2013-02-15,28.39,28.89,27.57,27.59,,14656600.0
2013-02-19,27.57,28.16,27.57,28.09,,4116200.0
2013-02-20,27.98,27.98,27.58,27.58,,3870000.0
2013-02-21,27.52,27.52,27.08,27.19,,3415200.0
2013-02-22,27.32,27.47,27.15,27.3,,3354900.0
2013-02-25,27.49,27.57,26.96,26.96,,3622500.0
2013-02-26,26.53,26.96,26.25,26.76,,6185900.0
2013-02-27,26.77,27.37,26.66,27.25,,3564200.0
2013-02-28,27.28,27.47,27.07,27.09,,3459200.0
2013-03-01,26.89,27.42,26.6,27.38,,3089400.0
2013-03-04,27.26,27.55,27.11,27.45,,2435100.0
2013-03-05,27.66,28.21,27.65,27.86,,3289000.0
2013-03-06,28.08,28.42,28.02,28.24,,2997000.0
2013-03-07,28.28,28.39,27.96,28.24,,2414200.0
2013-03-08,28.41,28.42,28.09,28.1,,3256300.0
2013-03-11,28.07,28.09,27.25,27.96,,5472700.0
2013-03-12,27.95,28.08,27.81,27.83,,635600.0
2013-03-13,27.79,28.11,27.7,28.08,,430002.0
2013-03-14,28.1,28.33,28.08,28.29,,2839900.0
2013-03-15,28.15,28.22,28.0,28.09,,2579600.0
2013-03-18,27.73,27.89,27.55,27.79,,1847600.0
2013-03-19,27.87,27.96,27.16,27.43,,6246500.0
2013-03-20,27.59,27.94,27.57,27.89,,3240400.0
2013-03-21,27.72,27.92,27.19,27.2,,4409100.0
2013-03-22,27.29,27.29,26.72,26.94,,5447400.0
2013-03-25,27.1,27.2,26.64,26.86,,2797600.0
2013-03-26,27.04,27.31,26.98,27.31,,2511800.0
2013-03-27,27.04,27.55,26.91,27.49,,3369900.0
2013-03-28,27.56,27.56,27.18,27.49,,2148000.0
2013-04-01,27.4,27.49,26.71,26.81,,2540900.0
2013-04-02,26.93,27.09,26.58,26.63,,2354400.0
2013-04-03,26.61,26.85,26.41,26.54,,5279000.0
2013-04-04,26.55,27.16,26.55,27.12,,3918700.0
2013-04-05,26.67,27.41,26.64,27.21,,4958900.0
2013-04-08,27.14,27.34,26.96,27.28,,2395300.0
2013-04-09,27.33,27.59,27.2,27.28,,1659500.0
2013-04-10,27.33,27.75,27.29,27.68,,2169300.0
2013-04-11,27.74,28.77,27.72,28.72,,5626400.0
2013-04-12,28.52,29.33,28.44,29.31,,6083000.0
2013-04-15,29.14,29.17,28.13,28.19,,7749600.0
2013-04-16,28.46,28.65,28.06,28.42,,4505200.0
2013-04-17,28.21,28.23,27.46,27.63,,4493000.0
2013-04-18,27.36,27.67,27.17,27.4,,3976900.0
2013-04-19,27.43,27.65,27.28,27.51,,3074100.0
2013-04-22,27.53,27.67,27.07,27.41,,2340500.0
2013-04-23,27.64,28.06,27.59,27.91,,3522500.0
2013-04-24,27.98,28.18,27.75,28.06,,3020600.0
2013-04-25,28.19,28.33,27.94,27.98,,2119900.0
2013-04-26,27.79,27.88,26.65,27.05,,5281400.0
2013-04-29,27.27,27.3,26.88,27.15,,2540900.0
2013-04-30,26.98,27.28,26.82,27.14,,3451400.0
2013-05-01,27.13,27.34,27.02,27.05,,2726300.0
2013-05-02,27.17,27.32,27.01,27.17,,3437700.0
2013-05-03,27.46,27.87,27.21,27.21,,4740100.0
2013-05-06,27.14,27.59,27.11,27.51,,2819400.0
2013-05-07,27.62,27.78,27.44,27.77,,3524100.0
2013-05-08,27.77,28.13,27.7,28.12,,2119800.0
2013-05-09,28.14,28.29,27.92,28.27,,3158700.0
2013-05-10,28.24,28.72,28.19,28.57,,4662100.0
2013-05-13,28.44,28.53,27.98,28.19,,4257400.0
2013-05-14,28.15,28.86,28.08,28.8,,6082700.0
2013-05-15,29.41,30.45,29.4,29.92,,10289000.0
2013-05-16,29.75,30.02,29.45,29.46,,4891000.0
2013-05-17,29.48,30.01,29.46,29.84,,3247900.0
2013-05-20,29.79,31.08,29.73,30.35,,5698400.0
2013-05-21,30.32,30.76,30.26,30.62,,4020700.0
2013-05-22,30.6,31.09,30.17,30.28,,5421400.0
2013-05-23,29.93,30.08,29.6,29.96,,3777500.0
2013-05-24,29.71,29.92,29.64,29.86,,2225400.0
2013-05-28,30.19,30.74,30.19,30.41,,4793900.0
2013-05-29,30.11,30.36,29.73,30.16,,3621200.0
2013-05-30,30.26,30.81,30.13,30.16,,3090900.0
2013-05-31,30.07,30.43,29.75,29.77,,4608400.0
2013-06-03,29.9,30.02,29.5,29.81,,3689700.0
2013-06-04,30.24,30.42,29.72,29.75,,3364200.0
2013-06-05,29.68,29.72,29.14,29.16,,2495100.0
2013-06-06,29.14,29.48,28.95,29.48,,3780100.0
2013-06-07,29.58,30.07,29.43,29.57,,2781500.0
2013-06-10,29.7,29.7,29.13,29.29,,2730800.0
2013-06-11,28.96,29.23,28.82,29.08,,3914400.0
2013-06-12,29.33,29.36,28.68,28.76,,2730700.0
2013-06-13,28.73,29.18,28.59,29.14,,2594700.0
2013-06-14,29.04,29.19,28.72,28.82,,1677700.0
2013-06-17,29.07,29.39,28.94,29.07,,2000200.0
2013-06-18,29.07,29.35,28.99,29.34,,2521200.0
2013-06-19,29.3,29.39,28.49,28.5,,5805900.0
2013-06-20,28.23,28.23,27.41,27.72,,6307900.0
2013-06-21,27.9,28.31,27.75,28.15,,3653600.0
2013-06-24,27.79,28.0,27.55,27.71,,2871200.0
2013-06-25,27.51,28.04,27.51,27.82,,2935700.0
2013-06-26,28.23,28.35,27.69,27.73,,3693800.0
2013-06-27,27.87,28.35,27.85,28.21,,3445100.0
2013-06-28,28.24,28.44,28.06,28.08,,5556300.0
2013-07-01,28.27,28.75,28.18,28.63,,4283600.0
2013-07-02,28.57,28.83,28.21,28.3,,2986500.0
2013-07-03,28.12,28.54,28.06,28.35,,1940600.0
2013-07-05,28.54,29.09,28.5,29.05,,2097800.0
2013-07-08,29.15,29.34,28.98,29.13,,2570100.0
2013-07-09,29.29,29.53,29.12,29.29,,3476200.0
2013-07-10,29.32,29.98,29.23,29.76,,3277600.0
2013-07-11,30.01,30.2,29.84,30.03,,2131500.0
2013-07-12,30.07,30.18,29.94,30.05,,1978700.0
2013-07-15,30.01,30.39,30.0,30.28,,2432800.0
2013-07-16,30.27,30.52,30.06,30.15,,2026800.0
2013-07-17,30.18,30.28,29.93,29.95,,1195500.0
2013-07-18,29.99,30.24,29.92,30.15,,1998200.0
2013-07-19,30.1,30.39,30.01,30.34,,1179400.0
2013-07-22,30.36,30.77,30.28,30.74,,1834800.0
2013-07-23,30.41,30.76,30.41,30.52,,2932200.0
2013-07-24,30.65,30.74,30.54,30.71,,1831500.0
2013-07-25,30.62,30.8,30.47,30.64,,1420300.0
2013-07-26,30.41,30.58,29.84,29.95,,3692300.0
2013-07-29,29.94,30.01,29.54,29.78,,1962100.0
2013-07-30,29.92,29.95,29.44,29.46,,2791900.0
2013-07-31,29.58,29.75,29.33,29.38,,2807400.0
2013-08-01,29.89,30.34,29.76,30.24,,2737500.0
2013-08-02,30.25,30.55,30.2,30.46,,2399200.0
2013-08-05,30.38,30.47,30.08,30.17,,1875400.0
2013-08-06,30.16,30.35,29.95,30.26,,2280900.0
2013-08-07,30.13,30.51,29.96,30.39,,1702100.0
2013-08-08,30.54,30.57,29.97,30.11,,1702400.0
2013-08-09,30.11,30.51,30.09,30.36,,1958400.0
2013-08-12,30.14,30.55,30.03,30.51,,1247200.0
2013-08-13,30.51,30.85,30.37,30.82,,2078200.0
2013-08-14,30.72,30.87,30.45,30.55,,1987500.0
2013-08-15,31.26,31.64,30.77,30.84,,6708300.0
2013-08-16,30.74,31.01,30.55,30.73,,3624700.0
2013-08-19,30.62,30.83,30.49,30.5,,1727600.0
2013-08-20,30.49,31.04,30.32,30.89,,2294300.0
2013-08-21,30.82,31.03,30.63,30.8,,1949100.0
2013-08-22,30.8,31.74,30.74,31.5,,3148000.0
2013-08-23,31.5,31.52,31.22,31.31,,1701000.0
2013-08-26,31.29,31.66,31.12,31.26,,2012200.0
2013-08-27,30.92,31.12,30.74,30.85,,2133200.0
2013-08-28,30.79,30.85,30.55,30.7,,1590400.0
2013-08-29,30.62,30.89,30.49,30.74,,1900700.0
2013-08-30,30.8,30.85,30.45,30.63,,1358600.0
2013-09-03,30.89,31.2,30.61,30.82,,1565600.0
2013-09-04,30.82,31.5,30.7,31.44,,2522000.0
2013-09-05,31.41,31.58,31.25,31.31,,1313200.0
2013-09-06,31.33,31.39,30.95,31.15,,1332900.0
2013-09-09,31.26,31.56,31.06,31.49,,1668900.0
2013-09-10,31.55,31.96,31.55,31.89,,1821300.0
2013-09-11,31.92,32.19,31.67,32.15,,1783400.0
2013-09-12,32.12,32.14,31.85,31.93,,1468500.0
2013-09-13,31.92,31.93,31.68,31.83,,2141100.0
2013-09-16,32.22,32.3,31.91,32.01,,1859900.0
2013-09-17,32.0,32.39,31.93,32.1,,1578400.0
2013-09-18,32.03,32.41,31.71,32.39,,2044200.0
2013-09-19,34.76,35.12,33.33,33.48,,18146400.0
2013-09-20,33.52,34.41,33.48,34.25,,10691900.0
2013-09-23,34.09,34.31,33.74,33.93,,2716900.0
2013-09-24,33.9,34.1,33.63,33.89,,2203800.0
2013-09-25,33.88,34.24,33.78,34.04,,2865100.0
2013-09-26,34.13,34.23,33.8,34.21,,2680300.0
2013-09-27,34.13,34.3,33.84,33.99,,2110100.0
2013-09-30,33.59,33.98,33.41,33.74,,2650000.0
2013-10-01,33.37,34.28,33.37,34.16,,2997000.0
2013-10-02,33.96,34.04,33.67,33.95,,2020800.0
2013-10-03,33.94,33.95,33.51,33.61,,1878500.0
2013-10-04,33.68,34.14,33.62,34.09,,1867900.0
2013-10-07,33.8,33.96,33.62,33.66,,1382100.0
2013-10-08,33.69,33.79,32.84,33.0,,2408600.0
2013-10-09,33.07,33.16,32.51,32.88,,2430600.0
2013-10-10,33.11,33.7,33.11,33.57,,2426300.0
2013-10-11,33.49,34.01,33.35,33.88,,1500900.0
2013-10-14,33.7,33.86,33.25,33.81,,2110500.0
2013-10-15,33.63,33.7,33.31,33.49,,1961900.0
2013-10-16,33.72,34.22,33.53,33.94,,2488000.0
2013-10-17,33.74,34.69,33.66,34.66,,3548400.0
2013-10-18,34.84,35.05,34.65,34.88,,2880900.0
2013-10-21,34.92,34.98,34.16,34.22,,2556400.0
2013-10-22,34.3,34.36,33.47,33.59,,4280500.0
2013-10-23,33.41,33.49,33.11,33.34,,2348600.0
2013-10-24,33.36,33.72,33.36,33.65,,1785900.0
2013-10-25,33.8,34.17,33.63,34.15,,2398300.0
2013-10-28,34.09,34.22,33.65,33.9,,1778700.0
2013-10-29,33.91,34.16,33.72,34.03,,1194000.0
2013-10-30,34.07,34.11,33.48,33.67,,1360000.0
2013-10-31,33.67,33.79,33.21,33.41,,1895500.0
2013-11-01,33.52,33.95,33.47,33.64,,1931000.0
2013-11-04,33.83,33.88,33.54,33.71,,1409900.0
2013-11-05,33.69,33.81,33.48,33.71,,1578100.0
2013-11-06,33.7,33.78,33.44,33.6,,1428700.0
2013-11-07,33.63,33.7,32.81,32.95,,3548800.0
2013-11-08,33.01,33.53,32.92,33.43,,1860600.0
2013-11-11,33.33,33.84,33.26,33.77,,1984500.0
2013-11-12,33.7,33.84,33.41,33.7,,2357200.0
2013-11-13,33.5,33.77,33.35,33.7,,2110100.0
2013-11-14,33.7,33.7,33.15,33.27,,2834900.0
2013-11-15,35.57,36.69,35.34,36.16,,11014300.0
2013-11-18,35.84,36.19,35.33,35.58,,4131500.0
2013-11-19,35.33,35.67,35.25,35.43,,2473000.0
2013-11-20,35.44,35.72,35.2,35.24,,2321500.0
2013-11-21,35.42,35.91,35.35,35.61,,2417600.0
2013-11-22,35.61,35.77,35.38,35.45,,1910800.0
2013-11-25,35.62,35.63,34.9,34.96,,1750200.0
2013-11-26,35.06,35.5,35.04,35.32,,3196300.0
2013-11-27,35.4,35.55,35.31,35.42,,1189800.0
2013-11-29,35.45,35.53,35.19,35.26,,870400.0
2013-12-02,35.2,35.33,34.96,35.03,,1459200.0
2013-12-03,34.84,35.0,34.6,34.84,,2476900.0
2013-12-04,34.78,35.44,34.7,35.27,,2415800.0
2013-12-05,35.12,35.42,34.96,35.22,,1810400.0
2013-12-06,35.39,36.16,35.39,36.09,,3053300.0
2013-12-09,36.07,36.49,36.03,36.25,,2118500.0
2013-12-10,36.15,36.51,35.96,36.43,,2326900.0
2013-12-11,36.44,36.66,35.99,36.1,,2344600.0
2013-12-12,35.96,36.55,35.74,36.38,,2714300.0
2013-12-13,36.44,36.8,36.14,36.31,,2022600.0
2013-12-16,36.37,36.73,36.25,36.36,,1685500.0
2013-12-17,36.84,37.71,36.74,37.11,,3208000.0
2013-12-18,37.19,38.14,37.11,38.11,,4136300.0
2013-12-19,37.9,38.07,37.57,37.77,,1893200.0
2013-12-20,37.83,37.96,37.46,37.5,,2954000.0
2013-12-23,37.82,37.95,37.6,37.88,,1578500.0
2013-12-24,37.85,37.92,37.63,37.67,,779700.0
2013-12-26,37.68,37.99,37.68,37.82,,714400.0
2013-12-27,37.76,37.89,37.69,37.72,,653100.0
2013-12-30,37.64,37.91,37.56,37.82,,1128000.0
2013-12-31,37.91,37.97,37.66,37.73,,941400.0
2014-01-02,37.67,37.67,37.05,37.09,,1916200.0
2014-01-03,37.21,37.84,37.12,37.56,,1866700.0
2014-01-06,37.87,38.07,37.32,37.37,,1777300.0
2014-01-07,37.58,38.02,37.56,37.91,,1463200.0
2014-01-08,37.83,38.62,37.72,38.53,,2659500.0
2014-01-09,38.53,38.72,38.18,38.54,,1757600.0
2014-01-10,38.61,38.94,38.36,38.88,,1623200.0
2014-01-13,38.78,38.99,38.66,38.88,,2946700.0
2014-01-14,39.03,39.56,38.94,39.51,,2562200.0
2014-01-15,39.47,39.83,39.31,39.81,,2335200.0
2014-01-16,39.75,39.92,39.61,39.92,,1836000.0
2014-01-17,40.14,40.14,39.81,40.06,,1699500.0
2014-01-21,40.04,40.17,39.5,40.15,,3008500.0
2014-01-22,40.13,40.39,40.06,40.2,,2769400.0
2014-01-23,39.9,39.92,39.2,39.24,,3063500.0
2014-01-24,39.07,39.23,38.08,38.18,,2656300.0
2014-01-27,38.2,38.51,37.6,38.47,,4669000.0
2014-01-28,38.6,38.85,38.21,38.33,,2536000.0
2014-01-29,38.05,38.41,37.88,38.04,,2163000.0
2014-01-30,38.55,39.66,38.55,39.26,,3743200.0
2014-01-31,38.67,39.03,38.3,38.37,,3436500.0
2014-02-03,38.37,38.59,37.0,37.05,,2929300.0
2014-02-04,37.16,38.19,37.01,38.14,,2911900.0
2014-02-05,37.99,38.07,37.58,37.89,,2283900.0
2014-02-06,37.95,38.5,37.91,38.46,,1609500.0
2014-02-07,38.57,39.24,38.35,39.21,,1966800.0
2014-02-10,39.11,39.22,38.46,38.94,,1760500.0
2014-02-11,38.93,39.59,38.85,39.41,,2135800.0
2014-02-12,39.59,39.89,39.37,39.52,,2346800.0
2014-02-13,39.23,39.84,39.17,39.64,,3092700.0
2014-02-14,37.71,38.12,36.2,36.45,,17844700.0
2014-02-18,36.54,36.98,36.26,36.39,,6553300.0
2014-02-19,36.3,37.38,36.22,36.91,,4838800.0
2014-02-20,37.04,37.96,36.98,37.8,,4629100.0
2014-02-21,37.77,37.87,37.16,37.17,,2407200.0
2014-02-24,37.25,37.6,37.21,37.44,,2392800.0
2014-02-25,37.48,37.98,37.44,37.54,,3375100.0
2014-02-26,37.6,38.02,37.44,37.67,,2400900.0
2014-02-27,37.62,37.79,37.07,37.19,,3123800.0
2014-02-28,37.25,37.68,37.21,37.56,,2859800.0
2014-03-03,37.03,37.69,36.81,37.42,,2488400.0
2014-03-04,37.75,38.27,37.6,38.12,,2841900.0
2014-03-05,38.08,38.27,37.98,38.14,,3113500.0
2014-03-06,38.53,39.14,38.36,38.78,,5178800.0
2014-03-07,38.97,39.06,37.95,38.55,,3247200.0
2014-03-10,38.46,38.49,38.0,38.37,,2563400.0
2014-03-11,38.42,38.47,37.28,37.52,,3421700.0
2014-03-12,37.29,37.66,36.96,37.65,,1652300.0
2014-03-13,37.71,37.87,36.8,36.85,,2318800.0
2014-03-14,36.69,36.94,36.44,36.58,,1745200.0
2014-03-17,36.74,37.22,36.61,36.82,,1437500.0
2014-03-18,36.93,37.48,36.84,37.47,,1294700.0
2014-03-19,37.42,37.71,37.07,37.36,,1804400.0
2014-03-20,37.31,37.56,37.05,37.41,,1808400.0
2014-03-21,37.73,38.12,36.92,37.01,,2762900.0
2014-03-24,37.0,37.1,36.06,36.46,,1985700.0
2014-03-25,36.62,37.09,36.28,36.39,,1727300.0
2014-03-26,36.55,36.94,36.39,36.4,,2560700.0
2014-03-27,36.69,36.69,35.77,36.08,,2969800.0
2014-03-28,36.19,36.45,35.91,36.08,,2006900.0
2014-03-31,36.27,36.98,36.01,36.9,,2190800.0
2014-04-01,37.08,37.36,36.84,37.19,,2090700.0
2014-04-02,37.23,37.41,37.08,37.39,,1919500.0
2014-04-03,37.46,37.7,37.13,37.34,,1603000.0
2014-04-04,37.67,37.77,36.65,36.67,,2307700.0
2014-04-07,36.66,36.72,35.59,35.86,,2584500.0
2014-04-08,35.77,36.29,35.51,36.06,,1842500.0
2014-04-09,36.67,36.78,35.96,36.75,,2017500.0
2014-04-10,36.75,36.8,35.65,35.75,,1966400.0
2014-04-11,35.51,35.75,34.82,34.9,,2592000.0
2014-04-14,35.18,35.22,34.59,34.82,,2840600.0
2014-04-15,34.95,35.29,34.36,35.13,,2172500.0
2014-04-16,35.42,35.56,35.22,35.5,,1243500.0
2014-04-17,35.54,36.3,35.46,36.14,,2062000.0
2014-04-21,36.12,36.24,35.93,36.17,,1185900.0
2014-04-22,36.18,36.77,36.06,36.36,,1475500.0
2014-04-23,36.28,36.51,36.09,36.38,,894200.0
2014-04-24,36.53,36.72,36.08,36.56,,1806400.0
2014-04-25,36.54,36.54,35.76,35.97,,1580500.0
2014-04-28,36.28,36.33,34.96,35.54,,3009000.0
2014-04-29,35.24,35.42,34.37,35.25,,3353800.0
2014-04-30,35.34,35.76,35.07,35.74,,1678600.0
2014-05-01,35.67,36.29,35.49,36.02,,1472400.0
2014-05-02,36.04,36.37,35.77,36.07,,2080900.0
2014-05-05,35.92,36.6,35.64,36.59,,2087300.0
2014-05-06,36.43,36.67,36.02,36.38,,2224200.0
2014-05-07,36.46,36.46,35.89,36.4,,2219200.0
2014-05-08,36.4,37.13,36.17,36.57,,2209100.0
2014-05-09,36.55,36.79,36.25,36.63,,1287900.0
2014-05-12,36.76,37.45,36.69,37.31,,2042100.0
2014-05-13,37.45,37.68,37.3,37.59,,1465500.0
2014-05-14,37.55,37.56,36.84,36.94,,2590900.0
2014-05-15,36.11,37.14,35.55,36.04,,5740200.0
2014-05-16,35.97,36.46,35.66,36.4,,2405800.0
2014-05-19,36.31,36.52,36.18,36.36,,2742100.0
2014-05-20,36.29,36.35,35.85,35.92,,1840100.0
2014-05-21,36.1,36.47,36.01,36.37,,1102300.0
2014-05-22,36.38,36.84,36.3,36.73,,1686100.0
2014-05-23,36.81,37.18,36.49,37.16,,3510600.0
2014-05-27,37.24,37.37,37.06,37.22,,1190600.0
2014-05-28,37.31,37.85,37.24,37.77,,1801700.0
2014-05-29,37.82,37.95,37.46,37.67,,1558700.0
2014-05-30,37.61,37.77,37.2,37.66,,2547200.0
2014-06-02,37.67,37.69,37.24,37.63,,1274800.0
2014-06-03,37.52,38.02,37.49,37.84,,1842300.0
2014-06-04,37.71,38.02,37.67,38.0,,1142900.0
2014-06-05,38.0,38.86,37.97,38.76,,1833100.0
2014-06-06,38.74,39.21,38.6,39.03,,1285800.0
2014-06-09,39.02,39.4,38.82,39.21,,1188800.0
2014-06-10,39.13,39.19,38.74,38.95,,1267800.0
2014-06-11,38.58,39.11,38.56,38.96,,1410600.0
2014-06-12,38.95,39.02,38.49,38.62,,1678000.0
2014-06-13,38.71,38.93,38.48,38.69,,1054900.0
2014-06-16,38.74,38.93,38.46,38.57,,1174400.0
2014-06-17,38.54,39.15,38.49,38.93,,1328500.0
2014-06-18,38.93,39.23,38.71,39.2,,1114700.0
2014-06-19,39.15,39.38,38.46,38.77,,3149500.0
2014-06-20,38.25,39.06,38.25,38.87,,2029400.0
2014-06-23,38.83,38.93,38.34,38.43,,1435600.0
2014-06-24,38.38,38.68,38.08,38.13,,1125800.0
2014-06-25,38.1,38.43,37.97,38.34,,1060500.0
2014-06-26,38.35,38.4,37.96,38.24,,1102400.0
2014-06-27,38.13,38.54,37.9,38.12,,1519000.0
2014-06-30,38.12,38.29,37.9,38.08,,1314400.0
2014-07-01,38.28,38.74,38.04,38.61,,2010800.0
2014-07-02,38.53,38.84,38.3,38.48,,1415000.0
2014-07-03,38.57,38.81,38.46,38.75,,600700.0
2014-07-07,38.58,38.61,38.35,38.53,,949200.0
2014-07-08,38.34,38.4,37.73,37.88,,1615900.0
2014-07-09,37.82,37.84,37.47,37.72,,1278500.0
2014-07-10,37.39,37.54,37.13,37.45,,1189300.0
2014-07-11,37.34,37.61,37.22,37.52,,1183300.0
2014-07-14,37.73,37.83,37.53,37.67,,1487800.0
2014-07-15,37.59,37.71,37.22,37.56,,2094500.0
2014-07-16,37.71,37.85,37.67,37.76,,1868500.0
2014-07-17,37.43,37.45,36.55,36.56,,4404100.0
2014-07-18,36.74,37.29,36.65,37.22,,1706200.0
2014-07-21,37.03,37.75,36.98,37.59,,1983900.0
2014-07-22,37.78,38.56,37.75,38.26,,2411700.0
2014-07-23,38.52,38.65,38.08,38.1,,1453600.0
2014-07-24,38.18,38.28,37.59,37.68,,2534400.0
2014-07-25,37.47,37.61,37.35,37.47,,1719600.0
2014-07-28,37.45,37.47,37.05,37.31,,1510200.0
2014-07-29,37.31,37.36,37.04,37.14,,2003100.0
2014-07-30,37.27,37.66,37.14,37.64,,1371300.0
2014-07-31,37.27,37.51,37.01,37.18,,2708100.0
2014-08-01,36.97,37.39,36.84,37.17,,374537.0
2014-08-04,37.25,37.39,36.86,37.29,,294100.0
2014-08-05,37.06,37.19,36.53,36.62,,1732900.0
2014-08-06,36.61,36.94,36.39,36.85,,1568800.0
2014-08-07,37.11,37.12,36.45,36.49,,1628500.0
2014-08-08,36.66,36.67,36.37,36.62,,1766000.0
2014-08-11,36.75,36.89,36.5,36.59,,1252700.0
2014-08-12,36.45,36.51,35.99,36.02,,2642100.0
2014-08-13,36.11,36.44,35.92,36.31,,1721300.0
2014-08-14,36.31,36.88,36.09,36.87,,3478500.0
2014-08-15,39.08,39.15,38.02,38.17,,5578800.0
2014-08-18,38.28,38.86,38.02,38.79,,2761600.0
2014-08-19,38.79,38.94,38.55,38.82,,1193000.0
2014-08-20,38.66,38.72,38.41,38.67,,1846600.0
2014-08-21,38.69,38.77,38.43,38.44,,1228400.0
2014-08-22,38.38,38.47,38.1,38.21,,1439600.0
2014-08-25,38.37,38.55,38.17,38.28,,967100.0
2014-08-26,38.28,38.38,38.14,38.35,,885300.0
2014-08-27,38.45,38.45,37.98,38.04,,1193000.0
2014-08-28,37.88,38.14,37.77,37.88,,1395400.0
2014-08-29,38.0,38.12,37.84,37.89,,1979900.0
2014-09-02,37.94,38.51,37.94,38.49,,2015600.0
2014-09-03,38.59,38.75,38.37,38.49,,1478000.0
2014-09-04,38.53,38.77,38.18,38.24,,790600.0
2014-09-05,38.17,38.48,37.98,38.39,,907300.0
2014-09-08,38.26,38.42,38.11,38.22,,1345800.0
2014-09-09,38.24,38.32,38.08,38.08,,1286100.0
2014-09-10,38.18,38.33,37.9,38.24,,1477900.0
2014-09-11,38.13,38.26,38.06,38.18,,995900.0
2014-09-12,38.19,38.87,38.19,38.85,,2590400.0
2014-09-15,38.78,38.78,38.28,38.39,,1621100.0
2014-09-16,38.33,38.52,38.03,38.39,,1379800.0
2014-09-17,38.45,39.1,38.39,39.04,,2709900.0
2014-09-18,39.24,39.38,38.65,38.71,,2867000.0
2014-09-19,38.99,39.1,38.51,38.61,,2174000.0
2014-09-22,38.53,38.57,37.96,38.15,,1685977.0
2014-09-23,37.95,38.1,37.73,37.77,,1632067.0
2014-09-24,37.71,38.47,37.64,38.42,,1650302.0
2014-09-25,38.35,38.44,37.71,37.71,,1629559.0
2014-09-26,37.73,37.83,37.26,37.54,,2218441.0
2014-09-29,37.24,37.99,37.16,37.97,,1626565.0
2014-09-30,38.01,38.14,37.75,37.86,,2120557.0
2014-10-01,37.77,37.83,37.33,37.34,,2481276.0
2014-10-02,37.29,37.37,36.74,37.1,,1708052.0
2014-10-03,37.36,37.88,37.31,37.81,,1577280.0
2014-10-06,37.91,37.98,37.49,37.59,,1157370.0
2014-10-07,37.37,37.43,36.54,36.54,,1515558.0
2014-10-08,36.58,37.55,36.41,37.51,,2124682.0
2014-10-09,37.39,37.39,36.56,36.56,,2526263.0
2014-10-10,36.48,36.56,35.49,35.64,,5133638.0
2014-10-13,35.7,36.03,35.04,35.08,,2527277.0
2014-10-14,35.24,35.47,34.4,34.41,,3972861.0
2014-10-15,33.8,34.47,33.09,34.41,,4723905.0
2014-10-16,33.74,34.63,33.59,34.36,,5362096.0
2014-10-17,34.66,35.49,34.56,34.73,,3810818.0
2014-10-20,34.6,34.8,33.79,34.78,,4942206.0
2014-10-21,35.12,35.9,35.12,35.88,,2231876.0
2014-10-22,35.73,35.79,35.21,35.25,,2161086.0
2014-10-23,35.61,36.02,35.61,35.69,,1754719.0
2014-10-24,35.68,35.95,35.55,35.91,,1508194.0
2014-10-27,35.84,35.95,35.61,35.87,,1105293.0
2014-10-28,35.96,36.32,35.8,36.32,,1714329.0
2014-10-29,36.27,36.33,35.97,36.21,,1484268.0
2014-10-30,35.82,36.13,35.71,36.09,,2062828.0
2014-10-31,36.68,36.82,36.44,36.73,,2087828.0
2014-11-03,36.74,37.97,36.36,37.6,,4559796.0
2014-11-04,37.07,37.59,36.68,36.99,,5765189.0
2014-11-05,37.39,37.44,36.81,36.95,,2341387.0
2014-11-06,37.19,38.12,37.07,38.09,,2968264.0
2014-11-07,38.11,38.19,37.62,37.68,,2458734.0
2014-11-10,37.73,38.25,37.64,38.24,,2583931.0
2014-11-11,38.23,38.77,38.06,38.36,,2163823.0
2014-11-12,38.02,38.25,37.77,38.16,,2504261.0
2014-11-13,38.25,38.43,37.99,38.16,,1805461.0
2014-11-14,38.08,38.35,38.01,38.27,,1331282.0
2014-11-17,38.27,38.39,37.94,37.97,,2697114.0
2014-11-18,37.06,37.9,36.87,37.56,,5891377.0
2014-11-19,37.58,38.05,37.47,37.56,,4011947.0
2014-11-20,37.34,38.14,37.34,37.99,,2303826.0
2014-11-21,38.44,39.02,38.39,38.9,,5306170.0
2014-11-24,39.07,39.13,38.66,38.9,,2122424.0
2014-11-25,38.97,39.47,38.95,39.32,,2713879.0
2014-11-26,39.29,39.46,39.16,39.35,,1752695.0
2014-11-28,39.35,39.58,39.21,39.35,,1091780.0
2014-12-01,39.3,39.34,38.28,38.29,,4411159.0
2014-12-02,38.3,38.76,38.25,38.65,,2014436.0
2014-12-03,38.65,39.01,38.5,38.88,,2250275.0
2014-12-04,38.81,39.29,38.69,38.92,,1346823.0
2014-12-05,38.88,39.12,38.74,38.94,,1019549.0
2014-12-08,38.88,39.14,38.13,38.22,,1425753.0
2014-12-09,37.74,38.14,37.73,38.12,,1798143.0
2014-12-10,38.08,38.08,37.11,37.14,,2654911.0
2014-12-11,37.29,37.91,37.28,37.4,,1640864.0
2014-12-12,37.01,37.4,36.56,36.57,,2335465.0
2014-12-15,36.89,36.98,35.58,35.61,,4510349.0
2014-12-16,35.26,36.35,35.08,35.42,,3844794.0
2014-12-17,35.3,36.82,35.07,36.61,,3508188.0
2014-12-18,37.27,37.56,36.93,37.47,,3104066.0
2014-12-19,37.66,38.14,37.62,38.1,,3736336.0
2014-12-22,38.1,38.56,38.1,38.56,,1590221.0
2014-12-23,38.65,38.68,38.08,38.09,,1872341.0
2014-12-24,38.13,38.23,37.71,37.87,,1426901.0
2014-12-26,38.06,38.27,38.01,38.1,,588034.0
2014-12-29,38.08,38.27,38.04,38.05,,976423.0
2014-12-30,37.94,38.29,37.88,38.09,,1323452.0
2014-12-31,38.11,38.48,37.66,37.69,,1423993.0
2015-01-02,38.01,38.13,37.26,37.43,,1530798.0
2015-01-05,37.21,37.34,36.64,36.73,,2042240.0
2015-01-06,36.74,36.94,36.01,36.16,,2084562.0
2015-01-07,36.47,36.74,36.26,36.64,,3359660.0
2015-01-08,37.14,37.82,37.08,37.74,,2116341.0
2015-01-09,37.84,37.84,37.19,37.46,,1640597.0
2015-01-12,37.48,37.58,36.87,37.02,,2771191.0
2015-01-13,37.35,37.56,36.3,36.5,,2013474.0
2015-01-14,36.02,36.09,35.27,36.05,,5134006.0
2015-01-15,36.3,36.37,35.06,35.08,,2630296.0
2015-01-16,34.92,35.5,34.85,35.3,,3003980.0
2015-01-20,35.47,35.68,34.85,35.01,,5033505.0
2015-01-21,34.84,35.45,34.78,35.22,,2721609.0
2015-01-22,35.54,36.79,35.18,36.59,,4856573.0
2015-01-23,36.55,36.55,35.77,35.82,,1519250.0
2015-01-26,35.8,36.15,35.51,36.13,,1511214.0
2015-01-27,35.72,36.23,35.61,35.76,,1703508.0
2015-01-28,36.0,36.04,35.04,35.07,,2033523.0
2015-01-29,35.07,35.51,34.79,35.5,,2329983.0
2015-01-30,35.08,35.37,34.8,34.86,,3054313.0
2015-02-02,34.98,35.77,34.8,35.71,,2508493.0
2015-02-03,36.03,36.58,35.92,36.57,,2950375.0
2015-02-04,36.3,36.42,35.83,36.1,,2567439.0
2015-02-05,36.2,36.75,36.2,36.48,,1826367.0
2015-02-06,36.49,36.74,36.2,36.31,,2697212.0
2015-02-09,36.21,36.39,35.95,36.03,,3586102.0
2015-02-10,36.28,36.7,35.79,36.61,,1408747.0
2015-02-11,36.59,36.74,36.21,36.3,,3336825.0
2015-02-12,36.53,36.97,36.48,36.94,,1317705.0
2015-02-13,36.89,37.2,36.83,37.06,,2211931.0
2015-02-17,36.93,37.41,36.7,37.4,,2874488.0
2015-02-18,37.95,38.95,37.76,38.34,,9007218.0
2015-02-19,38.21,38.37,37.88,37.98,,3737331.0
2015-02-20,37.92,38.87,37.73,38.72,,2971880.0
2015-02-23,38.66,38.73,38.29,38.51,,1967913.0
2015-02-24,38.41,38.86,38.39,38.82,,1922102.0
2015-02-25,39.08,39.22,38.85,38.95,,2343479.0
2015-02-26,38.98,39.11,38.76,39.1,,1505418.0
2015-02-27,39.04,39.1,38.81,38.96,,1676351.0
2015-03-02,39.08,39.45,39.08,39.41,,1847082.0
2015-03-03,39.18,39.29,38.89,39.0,,1635437.0
2015-03-04,38.72,38.91,38.51,38.76,,1305992.0
2015-03-05,38.75,38.99,38.62,38.97,,1376468.0
2015-03-06,38.72,38.81,38.29,38.33,,1528564.0
2015-03-09,38.34,38.66,38.24,38.52,,1492378.0
2015-03-10,38.04,38.09,37.5,37.5,,1961299.0
2015-03-11,37.65,37.96,37.54,37.7,,2064355.0
2015-03-12,37.83,38.06,37.81,37.93,,2719895.0
2015-03-13,37.8,38.26,37.39,37.72,,4704560.0
2015-03-16,37.99,38.61,37.94,38.59,,2551437.0
2015-03-17,38.32,38.48,37.9,38.38,,1504881.0
2015-03-18,38.26,39.11,38.0,38.87,,1295556.0
2015-03-19,38.81,38.99,38.6,38.96,,1085684.0
2015-03-20,39.12,39.25,38.95,38.96,,2315472.0
2015-03-23,38.87,39.17,38.76,38.95,,1835393.0
2015-03-24,38.88,38.88,37.85,37.92,,3625952.0
2015-03-25,38.0,38.48,37.65,37.67,,2776181.0
2015-03-26,37.55,37.81,37.26,37.56,,1573740.0
2015-03-27,37.56,38.1,37.54,38.03,,1932749.0
2015-03-30,38.41,38.73,38.23,38.6,,2064181.0
2015-03-31,38.19,38.65,38.03,38.44,,1659169.0
2015-04-01,38.36,38.41,37.67,38.29,,2170331.0
2015-04-02,38.37,38.98,38.24,38.9,,2135918.0
2015-04-06,38.56,39.04,38.4,38.79,,2379808.0
2015-04-07,38.8,39.34,38.74,39.27,,3072418.0
2015-04-08,39.26,39.4,38.88,39.1,,2443178.0
2015-04-09,39.01,39.4,38.92,39.31,,1332519.0
2015-04-10,39.6,40.3,39.39,40.29,,3370597.0
2015-04-13,40.33,40.33,39.77,39.82,,3708641.0
2015-04-14,39.75,39.97,39.39,39.85,,1777705.0
2015-04-15,40.04,40.3,39.95,40.13,,1445622.0
2015-04-16,39.91,40.12,39.84,39.9,,1070232.0
2015-04-17,39.54,39.83,39.41,39.76,,2333369.0
2015-04-20,40.09,40.19,39.92,39.96,,1410574.0
2015-04-21,40.17,40.25,39.66,39.68,,1719710.0
2015-04-22,39.52,39.64,39.2,39.52,,2726140.0
2015-04-23,39.25,39.65,39.08,39.43,,3973179.0
2015-04-24,39.52,39.61,39.25,39.31,,2200155.0
2015-04-27,39.54,39.57,38.83,38.84,,2298298.0
2015-04-28,38.74,39.14,38.46,39.02,,1803453.0
2015-04-29,38.9,39.04,38.34,38.82,,2160963.0
2015-04-30,38.7,38.8,38.03,38.28,,1726312.0
2015-05-01,38.31,38.79,38.16,38.7,,1880177.0
2015-05-04,38.75,38.93,38.58,38.8,,1073820.0
2015-05-05,38.6,38.72,38.35,38.48,,1254801.0
2015-05-06,38.73,38.73,38.27,38.48,,934611.0
2015-05-07,38.48,38.72,38.22,38.67,,999682.0
2015-05-08,39.07,39.35,39.05,39.32,,1034717.0
2015-05-11,39.22,39.63,39.22,39.43,,975490.0
2015-05-12,39.19,39.32,38.4,38.77,,2617833.0
2015-05-13,38.9,39.22,38.59,38.68,,1992774.0
2015-05-14,39.02,39.07,38.74,38.9,,2883667.0
2015-05-15,38.99,39.1,38.85,38.9,,2147413.0
2015-05-18,38.9,39.51,38.84,39.44,,1965122.0
2015-05-19,38.46,39.63,38.4,39.2,,5277345.0
2015-05-20,39.32,39.63,39.26,39.42,,2652326.0
2015-05-21,39.39,39.53,39.04,39.15,,2126157.0
2015-05-22,39.11,39.48,38.92,39.32,,1484752.0
2015-05-26,39.3,39.44,38.84,38.91,,1919645.0
2015-05-27,39.11,39.72,38.95,39.42,,2507443.0
2015-05-28,39.27,39.52,38.26,38.63,,3347403.0
2015-05-29,38.66,38.7,37.77,38.11,,5022554.0
2015-06-01,38.33,38.33,37.79,37.86,,2440065.0
2015-06-02,37.88,38.06,37.63,38.03,,2947454.0
2015-06-03,38.22,38.27,37.88,38.03,,2722286.0
2015-06-04,37.83,38.01,37.02,37.51,,4091870.0
2015-06-05,37.51,37.63,37.19,37.29,,1760467.0
2015-06-08,37.25,37.33,36.92,36.96,,1353411.0
2015-06-09,36.94,37.31,36.85,37.12,,1439015.0
2015-06-10,37.38,37.55,37.26,37.49,,1789330.0
2015-06-11,37.54,37.56,37.28,37.5,,1576987.0
2015-06-12,37.31,37.46,36.76,36.86,,2769551.0
2015-06-15,36.67,36.67,36.31,36.56,,2361878.0
2015-06-16,36.63,36.83,36.43,36.81,,1422563.0
2015-06-17,36.79,36.82,36.38,36.64,,1519421.0
2015-06-18,36.82,37.06,36.75,36.92,,1865267.0
2015-06-19,36.82,36.95,36.54,36.54,,2658779.0
2015-06-22,36.83,37.02,36.76,36.83,,3909250.0
2015-06-23,36.91,36.96,36.47,36.64,,2053553.0
2015-06-24,36.52,37.42,36.11,37.18,,6127695.0
2015-06-25,36.82,37.49,36.43,37.05,,5265772.0
2015-06-26,37.1,37.26,36.89,37.12,,3350458.0
2015-06-29,36.73,36.91,35.93,35.93,,2516360.0
2015-06-30,36.25,36.35,35.69,35.78,,3037436.0
2015-07-01,36.07,36.45,35.94,36.41,,4486572.0
2015-07-02,36.51,36.77,36.31,36.71,,2160799.0
2015-07-06,36.27,36.78,36.25,36.51,,2509428.0
2015-07-07,36.66,36.91,36.3,36.91,,2927761.0
2015-07-08,36.62,36.62,35.9,35.94,,3390976.0
2015-07-09,36.42,36.48,36.09,36.1,,2237945.0
2015-07-10,36.44,36.58,36.32,36.54,,2107093.0
2015-07-13,36.84,37.1,36.67,37.06,,1579730.0
2015-07-14,37.15,37.71,37.0,37.55,,2801301.0
2015-07-15,37.49,37.58,37.12,37.22,,2247745.0
2015-07-16,37.43,37.51,37.21,37.42,,1826485.0
2015-07-17,37.29,37.41,36.95,37.05,,2412373.0
2015-07-20,37.16,37.22,37.05,37.16,,1155252.0
2015-07-21,37.07,37.11,36.67,36.7,,1160904.0
2015-07-22,36.44,37.49,36.44,37.41,,2949376.0
2015-07-23,37.44,37.44,37.11,37.33,,1708801.0
2015-07-24,37.2,37.26,36.38,36.46,,1844946.0
2015-07-27,36.21,36.78,35.81,36.74,,5261424.0
2015-07-28,37.1,37.54,36.64,37.52,,2768225.0
2015-07-29,37.56,37.78,37.32,37.47,,2014066.0
2015-07-30,37.34,38.07,37.17,38.0,,2440415.0
2015-07-31,38.07,38.16,37.82,37.98,,2247715.0
2015-08-03,37.95,38.15,37.64,38.03,,2104591.0
2015-08-04,37.97,38.35,37.61,37.68,,1448062.0
2015-08-05,37.97,38.2,37.74,37.77,,941866.0
2015-08-06,37.98,37.99,37.02,37.21,,1932226.0
2015-08-07,37.23,37.29,36.76,37.09,,1513076.0
2015-08-10,37.32,37.69,37.25,37.54,,1554542.0
2015-08-11,37.28,37.28,36.45,36.56,,1575708.0
2015-08-12,36.22,36.27,35.5,36.07,,3440282.0
2015-08-13,36.12,36.12,35.67,35.76,,2848432.0
2015-08-14,35.82,35.92,35.54,35.85,,2632739.0
2015-08-17,35.58,36.19,35.36,36.01,,3302058.0
2015-08-18,36.27,37.42,36.17,36.19,,6416891.0
2015-08-19,35.89,35.99,35.52,35.62,,2730429.0
2015-08-20,35.25,35.53,34.78,34.79,,2145028.0
2015-08-21,34.44,34.78,33.55,33.6,,3828206.0
2015-08-24,31.41,33.4,31.14,32.17,,4114990.0
2015-08-25,33.09,33.55,31.81,31.87,,3802732.0
2015-08-26,32.8,33.11,31.97,33.04,,3221877.0
2015-08-27,33.53,34.01,33.29,33.98,,2406297.0
2015-08-28,33.8,34.0,33.53,33.86,,1783861.0
2015-08-31,33.73,33.9,33.34,33.68,,2554666.0
2015-09-01,32.81,33.0,32.06,32.23,,2954093.0
2015-09-02,32.84,32.95,32.35,32.95,,2119191.0
2015-09-03,33.03,33.5,32.95,33.16,,2140822.0
2015-09-04,32.5,32.94,32.37,32.52,,2819027.0
2015-09-08,33.22,33.62,32.94,33.58,,1787408.0
2015-09-09,33.85,34.13,32.87,32.96,,1885293.0
2015-09-10,33.03,33.43,32.87,33.26,,1628726.0
2015-09-11,33.07,33.35,32.87,33.35,,1443721.0
2015-09-14,33.32,33.47,32.76,32.97,,2223319.0
2015-09-15,33.16,33.66,32.94,33.53,,1752721.0
2015-09-16,33.53,34.19,33.45,33.87,,2130117.0
2015-09-17,33.97,34.31,33.66,33.76,,1819067.0
2015-09-18,33.26,33.59,33.01,33.15,,3352296.0
2015-09-21,33.35,33.46,32.84,33.1,,2640363.0
2015-09-22,32.64,32.77,32.41,32.51,,2283337.0
2015-09-23,32.56,32.69,32.29,32.42,,1962552.0
2015-09-24,32.05,32.13,31.67,32.05,,2028940.0
2015-09-25,32.28,32.58,31.72,32.05,,2730672.0
2015-09-28,31.75,31.88,30.99,31.04,,2612153.0
2015-09-29,31.03,31.68,30.92,31.38,,2252364.0
2015-09-30,31.7,32.03,31.32,31.93,,2539760.0
2015-10-01,31.92,32.07,31.14,31.38,,3011460.0
2015-10-02,30.86,32.26,30.8,32.25,,3519448.0
2015-10-05,32.59,32.92,32.41,32.87,,1675429.0
2015-10-06,32.68,32.75,32.12,32.46,,1833679.0
2015-10-07,32.74,33.28,32.65,33.06,,3089575.0
2015-10-08,32.92,33.55,32.87,33.5,,2598314.0
2015-10-09,33.43,33.8,33.38,33.7,,3232938.0
2015-10-12,33.56,33.65,33.36,33.48,,1349866.0
2015-10-13,33.26,33.71,33.05,33.14,,2383212.0
2015-10-14,33.15,33.27,32.53,32.6,,1647407.0
2015-10-15,32.67,33.19,32.36,33.1,,1432995.0
2015-10-16,33.2,33.51,32.9,33.28,,1754319.0
2015-10-19,33.2,33.7,33.11,33.7,,3685845.0
2015-10-20,33.59,33.97,33.52,33.78,,2635777.0
2015-10-21,33.99,34.05,33.3,33.39,,2886412.0
2015-10-22,33.52,34.37,33.49,33.57,,3696278.0
2015-10-23,33.95,34.67,33.65,34.52,,2732645.0
2015-10-26,34.4,34.52,34.13,34.26,,1948411.0
2015-10-27,34.11,34.47,33.92,34.46,,2557172.0
2015-10-28,34.47,34.98,34.2,34.9,,1780126.0
2015-10-29,34.85,35.13,34.68,35.07,,1352267.0
2015-10-30,35.09,35.44,35.05,35.12,,2194619.0
2015-11-02,35.23,35.92,35.16,35.9,,1810819.0
2015-11-03,35.64,35.83,35.5,35.6,,1485779.0
2015-11-04,35.65,35.79,35.35,35.66,,1569620.0
2015-11-05,35.6,35.81,35.28,35.63,,1419963.0
2015-11-06,35.44,35.76,35.33,35.48,,1964478.0
2015-11-09,35.38,35.42,34.86,35.27,,3109588.0
2015-11-10,35.25,35.51,35.06,35.33,,4339800.0
2015-11-11,35.5,35.55,35.02,35.03,,1969168.0
2015-11-12,34.75,35.13,34.64,34.87,,3096336.0
2015-11-13,34.78,34.95,34.07,34.2,,3335092.0
2015-11-16,34.18,34.87,34.05,34.72,,2489888.0
2015-11-17,33.95,35.81,33.95,35.7,,7679493.0
2015-11-18,35.75,36.61,35.68,36.59,,6589609.0
2015-11-19,36.43,36.92,35.64,35.81,,7275136.0
2015-11-20,36.07,36.61,35.83,36.54,,5447723.0
2015-11-23,36.55,37.27,36.41,37.24,,6474141.0
2015-11-24,37.03,37.88,36.96,37.83,,5669066.0
2015-11-25,37.76,38.6,37.65,38.45,,3797067.0
2015-11-27,38.44,39.25,38.29,39.04,,1935738.0
2015-11-30,39.04,39.11,38.71,38.9,,3207714.0
2015-12-01,39.22,39.36,38.18,38.19,,7989220.0
2015-12-02,38.2,38.57,37.55,37.6,,4713210.0
2015-12-03,37.8,37.9,37.16,37.35,,3314529.0
2015-12-04,37.42,38.33,37.33,38.23,,2519309.0
2015-12-07,38.06,38.23,37.71,37.86,,2004492.0
2015-12-08,37.78,38.4,37.6,38.3,,4331832.0
2015-12-09,38.37,38.88,38.06,38.12,,4133291.0
2015-12-10,38.1,38.75,37.81,38.37,,3709236.0
2015-12-11,37.91,37.91,37.26,37.38,,2634362.0
2015-12-14,37.41,37.71,37.11,37.44,,2310338.0
2015-12-15,37.91,38.23,37.73,37.96,,2195375.0
2015-12-16,38.15,38.67,37.83,38.54,,2582642.0
2015-12-17,38.65,38.72,37.92,37.93,,2218837.0
2015-12-18,37.73,37.87,37.28,37.3,,3331879.0
2015-12-21,37.68,38.25,37.62,37.98,,1735159.0
2015-12-22,38.15,38.45,37.87,38.34,,1643172.0
2015-12-23,38.71,38.94,38.5,38.85,,1510716.0
2015-12-24,38.87,39.31,38.76,39.2,,874549.0
2015-12-28,39.09,39.14,38.62,38.86,,1458242.0
2015-12-29,39.14,39.51,38.99,39.4,,1757360.0
2015-12-30,39.4,39.42,39.08,39.23,,834358.0
2015-12-31,39.08,39.5,38.91,39.0,,1450968.0
2016-01-04,38.3,38.42,37.63,37.95,,3287335.0
2016-01-05,37.99,38.2,37.63,37.82,,2587246.0
2016-01-06,37.53,38.23,37.36,37.99,,2103619.0
2016-01-07,37.44,37.45,36.2,36.38,,3504314.0
2016-01-08,36.58,37.04,35.88,36.0,,3736768.0
2016-01-11,36.11,36.28,34.89,35.39,,2818611.0
2016-01-12,35.85,35.99,35.11,35.62,,1989379.0
2016-01-13,35.77,35.88,34.25,34.38,,4206638.0
2016-01-14,34.46,35.33,34.09,35.08,,2893372.0
2016-01-15,34.2,35.03,34.09,34.61,,2994386.0
2016-01-19,35.11,35.37,34.32,34.7,,2506559.0
2016-01-20,34.21,35.08,33.7,34.75,,2469088.0
2016-01-21,34.84,35.29,34.33,34.73,,2298372.0
2016-01-22,35.36,35.61,35.05,35.43,,1834467.0
2016-01-25,34.89,35.47,34.89,35.08,,1831240.0
2016-01-26,35.34,35.41,34.85,34.99,,1755032.0
2016-01-27,34.88,35.37,34.33,34.56,,1479446.0
2016-01-28,34.76,34.76,33.59,33.68,,3479452.0
2016-01-29,33.99,35.16,33.87,35.12,,2959863.0
2016-02-01,34.86,35.39,34.51,35.16,,2666567.0
2016-02-02,34.68,35.03,34.47,34.58,,1742325.0
2016-02-03,34.76,34.85,33.85,34.69,,2128426.0
2016-02-04,34.65,35.25,34.48,34.9,,2833492.0
2016-02-05,34.75,34.8,33.42,33.62,,4424609.0
2016-02-08,33.22,33.37,32.08,32.46,,3888601.0
2016-02-09,31.91,33.36,31.85,32.99,,3464464.0
2016-02-10,33.23,34.26,33.14,33.44,,3169951.0
2016-02-11,32.76,33.22,32.59,32.95,,3224004.0
2016-02-12,33.43,33.79,33.13,33.78,,3923627.0
2016-02-16,34.25,34.67,33.95,34.59,,2903649.0
2016-02-17,32.85,35.57,32.41,35.32,,5382312.0
2016-02-18,35.19,35.41,34.6,34.69,,2231481.0
2016-02-19,34.49,35.07,34.37,34.92,,2339426.0
2016-02-22,35.33,35.62,35.24,35.47,,1792962.0
2016-02-23,35.11,35.41,34.47,34.67,,1282290.0
2016-02-24,34.19,34.98,34.02,34.96,,1454952.0
2016-02-25,35.09,35.17,34.47,35.1,,1453515.0
2016-02-26,35.21,35.37,34.92,35.06,,944266.0
2016-02-29,35.06,35.16,34.82,34.84,,2187405.0
2016-03-01,35.1,36.06,35.08,36.0,,2760200.0
2016-03-02,35.9,36.63,35.83,36.41,,3612508.0
2016-03-03,36.3,36.59,36.14,36.56,,946823.0
2016-03-04,36.51,36.92,36.41,36.69,,1124968.0
2016-03-07,36.41,37.01,36.34,36.78,,1221574.0
2016-03-08,36.35,36.5,35.45,35.53,,1796466.0
2016-03-09,35.73,35.82,35.41,35.57,,1614633.0
2016-03-10,35.6,35.92,35.09,35.43,,1614998.0
2016-03-11,35.85,36.63,35.74,36.59,,1517348.0
2016-03-14,36.36,36.54,35.83,36.4,,929638.0
2016-03-15,36.0,36.11,35.52,35.72,,1059439.0
2016-03-16,35.53,36.48,35.46,36.36,,1956125.0
2016-03-17,36.43,36.79,36.0,36.65,,1895669.0
2016-03-18,36.69,37.76,36.63,37.49,,2504361.0
2016-03-21,37.38,37.44,36.97,36.98,,2172615.0
2016-03-22,36.9,37.35,36.79,37.2,,1552312.0
2016-03-23,37.22,37.3,36.72,36.82,,1554822.0
2016-03-24,36.53,36.8,36.27,36.78,,993627.0
2016-03-28,36.88,37.08,36.51,36.86,,1272724.0
2016-03-29,36.7,37.52,36.48,37.46,,1091198.0
2016-03-30,37.65,37.85,37.21,37.42,,783495.0
2016-03-31,37.32,37.4,36.99,37.17,,3143468.0
2016-04-01,37.01,37.77,36.95,37.71,,2857844.0
2016-04-04,37.72,37.9,37.23,37.43,,2958061.0
2016-04-05,37.16,37.31,36.66,36.72,,1900659.0
2016-04-06,36.75,37.65,36.64,37.64,,1566612.0
2016-04-07,37.31,37.51,36.72,36.92,,1373839.0
2016-04-08,37.13,37.39,36.86,36.99,,1106293.0
2016-04-11,37.29,37.42,36.81,36.86,,1049336.0
2016-04-12,36.92,37.25,36.8,37.18,,992495.0
2016-04-13,36.97,38.35,36.95,38.06,,2495340.0
2016-04-14,38.22,38.43,37.91,38.15,,1347753.0
2016-04-15,38.14,38.31,38.0,38.27,,1442264.0
2016-04-18,38.09,38.77,37.99,38.64,,1536678.0
2016-04-19,38.52,39.04,38.47,38.73,,1640774.0
2016-04-20,38.75,38.99,38.63,38.84,,1243893.0
2016-04-21,38.82,39.28,38.75,39.22,,1670389.0
2016-04-22,39.27,39.27,38.87,39.1,,1396272.0
2016-04-25,39.02,39.16,38.85,38.94,,1500449.0
2016-04-26,39.12,39.18,38.6,38.65,,1868970.0
2016-04-27,38.68,39.05,38.39,38.89,,1189462.0
2016-04-28,38.59,39.08,38.41,38.52,,1549692.0
2016-04-29,38.28,38.39,37.66,38.28,,2028329.0
2016-05-02,38.54,39.05,38.47,39.02,,1285318.0
2016-05-03,38.65,38.81,38.27,38.58,,1333991.0
2016-05-04,38.17,38.54,37.78,37.9,,1602991.0
2016-05-05,38.02,38.38,37.89,38.31,,1083956.0
2016-05-06,38.22,38.93,38.09,38.75,,1403476.0
2016-05-09,38.83,39.08,38.62,38.66,,1741539.0
2016-05-10,38.82,39.29,38.68,39.29,,2094305.0
2016-05-11,39.47,40.41,39.4,39.72,,3328961.0
2016-05-12,39.84,40.17,39.68,39.97,,2504924.0
2016-05-13,39.8,40.16,39.65,39.87,,2429415.0
2016-05-16,39.86,40.29,39.76,40.17,,3979321.0
2016-05-17,42.06,42.41,40.81,41.54,,7130371.0
2016-05-18,41.58,41.85,41.15,41.46,,3476470.0
2016-05-19,41.22,41.93,41.14,41.68,,3660160.0
2016-05-20,41.96,42.3,41.8,41.99,,2567586.0
2016-05-23,41.99,42.06,41.65,41.69,,1689745.0
2016-05-24,41.87,42.37,41.81,42.12,,3236305.0
2016-05-25,42.21,42.66,42.21,42.49,,2352424.0
2016-05-26,42.64,42.66,42.28,42.57,,2569626.0
2016-05-27,42.61,42.89,42.44,42.86,,1823120.0
2016-05-31,42.83,43.03,42.63,42.93,,2256373.0
2016-06-01,42.8,43.12,42.51,42.98,,1734386.0
2016-06-02,42.95,43.17,42.86,42.94,,2209387.0
2016-06-03,42.78,42.89,42.27,42.77,,2395816.0
2016-06-06,42.77,43.04,42.77,42.9,,2359193.0
2016-06-07,42.85,42.98,42.66,42.8,,1500872.0
2016-06-08,42.8,43.2,42.76,43.17,,1552146.0
2016-06-09,43.01,43.2,42.92,43.11,,1204415.0
2016-06-10,42.78,42.82,42.27,42.43,,1261698.0
2016-06-13,42.39,42.58,42.0,42.02,,1272833.0
2016-06-14,41.81,42.04,41.68,42.01,,1624087.0
2016-06-15,42.2,42.45,42.0,42.04,,2029194.0
2016-06-16,41.83,42.49,41.71,42.44,,1784741.0
2016-06-17,42.49,42.49,41.97,42.43,,3434813.0
2016-06-20,42.63,43.36,42.63,43.16,,3161329.0
2016-06-21,43.23,43.34,42.8,43.18,,2112964.0
2016-06-22,43.17,43.47,42.98,43.06,,2412064.0
2016-06-23,43.5,43.67,43.39,43.67,,1487938.0
2016-06-24,41.68,42.15,41.08,41.27,,5263644.0
2016-06-27,40.81,40.89,39.27,39.53,,4328364.0
2016-06-28,39.91,40.33,39.43,40.33,,4300845.0
2016-06-29,40.74,41.14,40.4,40.93,,2402578.0
2016-06-30,40.96,41.64,40.88,41.6,,2181066.0
2016-07-01,41.6,42.02,41.56,41.83,,1591476.0
2016-07-05,41.56,41.59,40.92,41.03,,1813468.0
2016-07-06,40.94,41.78,40.66,41.71,,2312133.0
2016-07-07,41.71,41.96,41.43,41.66,,1861536.0
2016-07-08,42.07,42.72,42.07,42.65,,1838137.0
2016-07-11,42.78,42.93,42.53,42.58,,1094683.0
2016-07-12,42.93,43.76,42.8,43.64,,2237748.0
2016-07-13,43.74,43.91,43.45,43.53,,1852475.0
2016-07-14,43.95,44.06,43.79,43.89,,1192500.0
2016-07-15,44.04,44.04,43.66,43.77,,1202638.0
2016-07-18,43.7,43.96,43.46,43.89,,1362884.0
2016-07-19,43.77,44.08,43.6,44.06,,2583860.0
2016-07-20,44.04,44.25,43.91,44.09,,2124914.0
2016-07-21,44.06,44.21,43.58,43.77,,1226365.0
2016-07-22,43.82,43.88,43.53,43.68,,1512440.0
2016-07-25,43.6,43.63,43.07,43.27,,1720649.0
2016-07-26,43.34,44.03,42.94,44.03,,1792674.0
2016-07-27,44.08,44.51,43.83,44.32,,1572573.0
2016-07-28,44.26,44.78,44.1,44.56,,1945517.0
2016-07-29,44.54,45.18,44.42,45.12,,1881372.0
2016-08-01,45.12,45.12,44.66,44.89,,1604639.0
2016-08-02,44.74,44.78,44.05,44.25,,1595948.0
2016-08-03,44.17,44.25,43.98,44.16,,1508868.0
2016-08-04,44.23,44.39,43.83,43.92,,1700182.0
2016-08-05,44.17,44.59,44.17,44.54,,1250805.0
2016-08-08,44.61,44.71,44.21,44.29,,1311724.0
2016-08-09,44.18,44.66,44.18,44.5,,1006170.0
2016-08-10,44.56,44.62,44.28,44.56,,754137.0
2016-08-11,44.66,45.19,44.52,45.14,,1377024.0
2016-08-12,44.99,45.2,44.74,45.15,,1538976.0
2016-08-15,45.18,45.6,45.13,45.43,,2323589.0
2016-08-16,45.27,45.52,45.13,45.28,,3175994.0
2016-08-17,45.61,45.61,45.09,45.42,,3151431.0
2016-08-18,43.97,44.4,43.23,43.82,,4660295.0
2016-08-19,43.68,44.82,43.68,44.66,,3340438.0
2016-08-22,44.67,44.87,44.44,44.62,,1626833.0
2016-08-23,44.76,45.1,44.72,44.85,,1645348.0
2016-08-24,44.77,44.85,43.73,43.8,,2634707.0
2016-08-25,43.77,44.47,43.71,44.32,,2160074.0
2016-08-26,44.46,44.82,44.14,44.38,,1581245.0
2016-08-29,44.5,44.91,44.37,44.66,,1332975.0
2016-08-30,44.7,44.84,44.15,44.21,,2231203.0
2016-08-31,44.19,44.26,43.9,44.06,,1676587.0
2016-09-01,44.11,44.28,43.9,44.07,,1257886.0
2016-09-02,44.29,44.44,43.98,44.08,,1424454.0
2016-09-06,43.98,44.18,43.82,44.03,,1460928.0
2016-09-07,44.14,44.24,43.95,44.18,,1542576.0
2016-09-08,44.14,44.23,44.02,44.1,,884738.0
2016-09-09,43.62,43.64,42.08,42.09,,2507018.0
2016-09-12,41.82,42.96,41.71,42.91,,1835434.0
2016-09-13,42.54,42.6,41.84,42.11,,3461832.0
2016-09-14,42.21,42.3,41.83,42.07,,1604806.0
2016-09-15,42.07,42.84,42.02,42.62,,1733971.0
2016-09-16,42.57,42.57,41.96,42.01,,2592850.0
2016-09-19,42.11,42.65,42.07,42.16,,1927900.0
2016-09-20,42.51,43.09,42.34,42.87,,2333122.0
2016-09-21,43.12,43.38,42.59,43.18,,1612736.0
2016-09-22,43.5,43.8,43.41,43.77,,1307074.0
2016-09-23,43.54,43.96,43.43,43.71,,1957032.0
2016-09-26,43.57,43.86,43.29,43.68,,2639060.0
2016-09-27,43.64,43.81,43.36,43.8,,1587143.0
2016-09-28,43.98,44.32,43.63,44.25,,1502533.0
2016-09-29,44.13,44.33,43.27,43.53,,1938218.0
2016-09-30,43.72,44.48,43.53,44.27,,1754316.0
2016-10-03,44.02,44.4,44.02,44.32,,1539625.0
2016-10-04,44.25,44.47,43.88,44.03,,1763985.0
2016-10-05,44.22,44.48,44.12,44.33,,1432268.0
2016-10-06,44.2,44.59,44.07,44.47,,1772801.0
2016-10-07,44.5,44.65,44.18,44.54,,1663127.0
2016-10-10,44.73,45.27,44.7,44.83,,1544958.0
2016-10-11,44.36,44.36,42.7,42.95,,2912537.0
2016-10-12,43.04,43.07,42.7,42.75,,1736076.0
2016-10-13,42.16,42.61,42.08,42.46,,1336023.0
2016-10-14,42.66,42.89,42.38,42.38,,997137.0
2016-10-17,42.38,42.75,42.31,42.45,,1160321.0
2016-10-18,42.96,43.09,42.56,42.72,,1949108.0
2016-10-19,42.69,43.39,42.63,43.26,,1769090.0
2016-10-20,43.25,43.45,42.92,43.29,,1493608.0
2016-10-21,42.94,42.94,42.58,42.84,,1011340.0
2016-10-24,43.13,43.2,42.91,43.11,,1666388.0
2016-10-25,42.55,42.86,40.59,40.91,,3949609.0
2016-10-26,40.82,41.2,40.65,40.77,,2146178.0
2016-10-27,41.34,41.54,40.75,40.78,,2393625.0
2016-10-28,40.78,41.24,40.53,40.63,,1471348.0
2016-10-31,40.74,41.08,40.59,40.96,,1556762.0
2016-11-01,41.11,41.47,40.56,40.89,,2133116.0
2016-11-02,40.87,41.11,40.65,40.67,,2240428.0
2016-11-03,40.74,41.37,40.59,41.05,,2510054.0
2016-11-04,41.07,42.23,41.07,41.67,,2220908.0
2016-11-07,42.3,43.02,42.26,42.97,,1723957.0
2016-11-08,42.76,43.21,42.61,42.89,,2136740.0
2016-11-09,42.69,43.33,41.83,43.19,,3501243.0
2016-11-10,43.81,44.54,43.57,44.21,,2558722.0
2016-11-11,43.97,44.06,43.44,43.59,,2219255.0
2016-11-14,43.87,43.93,42.48,42.62,,3443200.0
2016-11-15,42.62,43.25,42.26,42.68,,4710170.0
2016-11-16,43.53,44.94,43.39,43.42,,4026754.0
2016-11-17,43.4,43.4,42.82,43.19,,2070609.0
2016-11-18,43.16,43.43,42.32,42.34,,3148538.0
2016-11-21,42.51,42.53,41.98,42.28,,2540067.0
2016-11-22,42.25,42.46,41.15,41.8,,2831226.0
2016-11-23,41.54,42.1,41.34,41.98,,1926275.0
2016-11-25,42.06,42.31,41.95,42.2,,877140.0
2016-11-28,41.85,42.01,40.97,40.99,,2241795.0
2016-11-29,40.99,41.96,40.91,41.82,,1952118.0
2016-11-30,42.11,42.21,41.31,41.35,,2238575.0
2016-12-01,41.44,41.46,40.35,40.62,,2823273.0
2016-12-02,40.68,41.45,40.68,41.39,,2153515.0
2016-12-05,41.56,42.01,41.56,41.86,,2495020.0
2016-12-06,41.91,42.21,41.55,42.16,,1136658.0
2016-12-07,41.89,42.3,41.47,42.3,,1815238.0
2016-12-08,42.3,43.09,42.09,43.06,,1848936.0
2016-12-09,43.16,43.55,43.11,43.53,,1937622.0
2016-12-12,43.42,43.95,43.35,43.38,,1851517.0
2016-12-13,43.54,43.82,43.4,43.61,,1734678.0
2016-12-14,43.65,43.99,43.25,43.38,,2044052.0
2016-12-15,43.32,43.97,43.17,43.77,,1338905.0
2016-12-16,43.82,44.11,43.07,43.16,,2103155.0
2016-12-19,43.14,43.45,42.64,42.71,,1084164.0
2016-12-20,43.01,43.54,42.81,43.44,,1552366.0
2016-12-21,43.44,43.58,43.11,43.28,,1652288.0
2016-12-22,43.18,43.37,43.06,43.22,,968296.0
2016-12-23,43.32,43.46,43.18,43.43,,727682.0
2016-12-27,43.59,43.86,43.55,43.73,,1535489.0
2016-12-28,43.73,43.9,42.95,42.98,,1177275.0
2016-12-29,43.07,43.37,42.97,43.03,,891398.0
2016-12-30,43.14,43.2,42.78,42.96,,1216100.0
2017-01-03,43.31,44.08,43.13,43.83,,1739726.0
2017-01-04,44.25,44.67,44.14,44.41,,1821264.0
2017-01-05,44.36,44.38,43.71,43.88,,1503763.0
2017-01-06,43.97,45.32,43.9,45.25,,2883483.0
2017-01-09,45.27,45.78,45.17,45.39,,2575328.0
2017-01-10,45.58,45.77,45.09,45.35,,1560549.0
2017-01-11,45.29,46.65,45.21,46.44,,5624332.0
2017-01-12,46.11,46.11,45.24,45.75,,3276952.0
2017-01-13,45.82,46.06,45.64,45.91,,1568923.0
2017-01-17,45.61,45.93,45.42,45.56,,1939449.0
2017-01-18,45.89,45.95,45.26,45.49,,1523508.0
2017-01-19,45.29,45.34,44.79,44.92,,1346142.0
2017-01-20,45.1,45.19,44.7,44.9,,1701695.0
2017-01-23,44.88,45.1,44.53,44.68,,2013878.0
2017-01-24,45.04,45.45,44.36,44.64,,2741915.0
2017-01-25,44.88,45.65,44.7,45.64,,3073228.0
2017-01-26,45.65,45.66,45.18,45.42,,1895562.0
2017-01-27,45.56,46.03,45.54,45.87,,1527822.0
2017-01-30,45.71,45.78,44.68,44.95,,2266487.0
2017-01-31,45.29,46.34,45.27,46.17,,2552612.0
2017-02-01,46.13,46.96,45.9,46.44,,2244604.0
2017-02-02,46.09,46.2,45.7,46.11,,1352525.0
2017-02-03,46.28,46.64,46.26,46.56,,1191855.0
2017-02-06,46.32,46.56,46.16,46.45,,952095.0
2017-02-07,46.6,46.94,46.44,46.8,,2170720.0
2017-02-08,46.55,47.17,46.42,47.08,,2107079.0
2017-02-09,47.24,47.9,47.14,47.59,,2557747.0
2017-02-10,47.62,47.7,47.16,47.48,,2092479.0
2017-02-13,47.74,47.98,47.54,47.63,,1568350.0
2017-02-14,47.37,47.78,47.23,47.51,,3544448.0
2017-02-15,48.22,48.88,47.73,48.67,,5724488.0
2017-02-16,48.73,48.73,47.67,47.93,,2550439.0
2017-02-17,47.76,48.69,47.69,48.68,,2195788.0
2017-02-21,48.71,48.84,48.25,48.42,,2036993.0
2017-02-22,48.38,48.77,48.26,48.41,,1632886.0
2017-02-23,48.5,48.65,48.27,48.53,,1006867.0
2017-02-24,48.44,48.87,48.4,48.78,,1612698.0
2017-02-27,48.78,48.97,48.52,48.71,,1195138.0
2017-02-28,48.58,48.7,48.3,48.37,,1417772.0
2017-03-01,48.67,49.27,48.67,49.07,,2026600.0
2017-03-02,49.07,49.1,48.4,48.44,,1706500.0
2017-03-03,48.44,49.07,48.23,49.01,,1824423.0
2017-03-06,48.69,48.86,48.25,48.32,,1884477.0
2017-03-07,48.14,48.51,47.95,48.28,,2233561.0
2017-03-08,48.33,48.62,48.04,48.47,,1517642.0
2017-03-09,48.48,48.63,48.21,48.49,,1259407.0
2017-03-10,48.74,49.36,48.54,49.17,,1860508.0
2017-03-13,49.16,49.46,49.02,49.45,,1376191.0
2017-03-14,49.25,49.27,48.99,49.23,,1203368.0
2017-03-15,50.26,51.69,49.99,51.01,,4117983.0
2017-03-16,50.38,50.96,49.81,50.02,,2676915.0
2017-03-17,50.03,50.47,49.9,50.26,,1936902.0
2017-03-20,50.28,50.57,49.97,50.11,,1221409.0
2017-03-21,50.24,50.66,49.48,49.65,,1492698.0
2017-03-22,49.77,50.41,49.64,50.09,,1257072.0
2017-03-23,50.01,50.71,49.71,50.14,,1717929.0
2017-03-24,50.96,50.96,49.82,50.05,,2015289.0
2017-03-27,49.59,50.29,49.42,50.2,,1446568.0
2017-03-28,50.24,50.55,50.06,50.39,,1312588.0
2017-03-29,50.22,50.37,49.76,50.08,,1469882.0
2017-03-30,50.03,50.37,49.88,50.27,,1627592.0
2017-03-31,50.16,50.31,49.92,49.97,,1705625.0
2017-04-03,50.0,50.29,49.84,50.28,,1550227.0
2017-04-04,50.28,50.32,49.6,49.74,,2017094.0
2017-04-05,49.83,50.3,49.81,49.82,,1778251.0
2017-04-06,49.81,50.31,49.4,50.24,,1548170.0
2017-04-07,50.16,50.16,49.81,49.94,,1243550.0
2017-04-10,50.0,50.34,49.79,49.83,,1025248.0
2017-04-11,49.81,50.0,49.5,49.94,,1520703.0
2017-04-12,49.95,50.12,49.59,49.67,,1258152.0
2017-04-13,49.56,49.85,49.44,49.46,,863990.0
2017-04-17,49.75,50.76,49.56,50.53,,1569436.0
2017-04-18,50.11,50.66,49.79,50.12,,1241164.0
2017-04-19,50.43,50.49,50.05,50.16,,2096351.0
2017-04-20,50.41,50.47,49.9,50.22,,1569985.0
2017-04-21,50.34,50.46,49.94,50.35,,2189351.0
2017-04-24,50.97,51.54,50.96,51.46,,2257682.0
2017-04-25,51.75,52.17,51.52,51.81,,2041701.0
2017-04-26,51.99,52.3,51.8,51.83,,1832703.0
2017-04-27,51.92,52.46,51.83,52.39,,1529024.0
2017-04-28,52.28,52.32,51.83,52.03,,3076576.0
2017-05-01,52.46,52.92,52.33,52.74,,1897018.0
2017-05-02,52.79,52.9,52.47,52.87,,1673735.0
2017-05-03,52.63,53.17,52.56,53.08,,1702565.0
2017-05-04,53.12,53.64,53.08,53.59,,2609703.0
2017-05-05,53.73,53.84,53.49,53.54,,1567046.0
2017-05-08,53.55,53.71,52.87,53.23,,2189980.0
2017-05-09,53.33,53.77,53.21,53.75,,1559192.0
2017-05-10,53.73,53.82,53.01,53.19,,1566289.0
2017-05-11,53.05,53.29,52.74,53.15,,1335785.0
2017-05-12,53.08,53.31,52.89,53.08,,1567000.0
2017-05-15,53.0,53.65,52.94,53.59,,1472226.0
2017-05-16,55.18,55.18,53.36,53.72,,1031699.0
2017-05-17,53.22,53.28,52.62,52.71,,1829744.0
2017-05-18,52.84,53.19,52.55,52.79,,1933884.0
2017-05-19,53.02,53.23,52.8,53.05,,1652045.0
2017-05-22,53.42,53.42,52.79,53.01,,4042307.0
2017-05-23,56.52,56.69,54.82,55.45,,7510600.0
2017-05-24,55.29,56.09,54.89,55.98,,4060146.0
2017-05-25,56.27,56.43,55.69,56.05,,2772186.0
2017-05-26,55.98,56.45,55.81,56.25,,1534396.0
2017-05-30,56.28,57.17,56.15,57.06,,2573871.0
2017-05-31,56.19,57.48,56.19,57.03,,2519987.0
2017-06-01,56.72,57.44,56.53,57.4,,2097925.0
2017-06-02,57.47,57.8,57.43,57.48,,1665457.0
2017-06-05,57.47,57.51,57.02,57.09,,1473282.0
2017-06-06,56.84,57.23,56.81,56.81,,1966245.0
2017-06-07,56.96,57.44,56.69,57.31,,1617504.0
2017-06-08,57.3,57.4,56.44,56.85,,3481613.0
2017-06-09,57.01,57.14,55.89,55.97,,2352254.0
2017-06-12,55.9,56.15,54.75,55.76,,2579648.0
2017-06-13,55.83,56.37,55.7,56.03,,1527027.0
2017-06-14,56.28,56.5,55.81,56.13,,1202777.0
2017-06-15,55.98,56.04,55.6,55.97,,1091788.0
2017-06-16,56.12,56.51,55.99,56.25,,2156298.0
2017-06-19,56.32,57.35,56.32,57.23,,2379764.0
2017-06-20,57.23,57.58,56.99,57.02,,1820286.0
2017-06-21,57.01,57.21,56.4,56.51,,2247944.0
2017-06-22,56.66,57.47,56.34,57.29,,3473243.0
2017-06-23,57.27,57.27,56.24,56.49,,2839042.0
2017-06-26,56.51,56.67,55.91,55.99,,1526060.0
2017-06-27,55.89,56.31,55.62,55.65,,1060278.0
2017-06-28,56.02,56.43,55.96,56.15,,1187637.0
2017-06-29,56.22,56.49,55.41,55.7,,1356833.0
2017-06-30,55.89,56.43,55.74,56.19,,1585171.0
2017-07-03,56.45,56.82,56.02,56.02,,1489574.0
2017-07-05,56.07,56.89,56.07,56.62,,1638049.0
2017-07-06,56.33,56.62,55.96,56.1,,2247643.0
2017-07-07,56.39,56.91,56.2,56.49,,924564.0
2017-07-10,56.35,56.88,56.25,56.71,,1146033.0
2017-07-11,56.83,56.99,56.33,56.65,,2975992.0
2017-07-12,57.15,57.78,56.99,57.53,,1437930.0
2017-07-13,58.02,58.08,57.47,57.97,,2059648.0
2017-07-14,58.05,58.41,57.71,58.28,,1285461.0
2017-07-17,58.36,58.58,58.17,58.31,,1332749.0
2017-07-18,58.19,58.3,57.74,57.99,,1520053.0
2017-07-19,58.09,58.39,57.95,58.15,,1509141.0
2017-07-20,58.21,58.31,57.61,57.77,,1925629.0
2017-07-21,57.63,58.36,57.56,58.14,,1275630.0
2017-07-24,58.15,58.34,58.02,58.26,,973808.0
2017-07-25,58.33,58.41,57.2,57.35,,1689148.0
2017-07-26,57.39,57.61,56.26,56.57,,2403798.0
2017-07-27,56.67,57.07,56.46,56.75,,1944962.0
2017-07-28,56.75,57.06,56.47,56.92,,1227174.0
2017-07-31,57.14,57.43,56.61,56.64,,1038744.0
2017-08-01,56.88,57.11,56.65,56.78,,1323605.0
2017-08-02,56.84,57.15,56.38,57.03,,1121493.0
2017-08-03,56.98,57.26,56.81,57.19,,982876.0
2017-08-04,57.33,57.54,56.85,56.96,,778762.0
2017-08-07,56.99,57.68,56.84,57.66,,975735.0
2017-08-08,57.47,57.77,56.92,56.97,,1162340.0
2017-08-09,56.91,57.06,56.25,56.54,,1963842.0
2017-08-10,56.22,56.37,55.15,55.49,,2468724.0
2017-08-11,55.61,56.56,55.6,56.2,,1511552.0
2017-08-14,56.65,56.88,56.41,56.48,,2402982.0
2017-08-15,56.56,56.73,56.0,56.25,,2871767.0
2017-08-16,58.88,59.13,57.56,58.87,,6883325.0
2017-08-17,58.73,58.8,57.58,57.65,,3473425.0
2017-08-18,57.56,58.47,57.1,58.02,,2353540.0
2017-08-21,57.87,58.73,57.75,58.49,,1429027.0
2017-08-22,58.61,59.7,58.59,59.64,,1466945.0
2017-08-23,59.42,60.03,59.3,59.46,,1441633.0
2017-08-24,59.56,59.82,59.07,59.38,,1580386.0
2017-08-25,59.74,59.81,59.37,59.59,,1352768.0
2017-08-28,59.78,60.23,59.65,60.12,,1285040.0
2017-08-29,59.72,60.28,59.7,60.15,,1206617.0
2017-08-30,60.06,60.56,60.05,60.53,,1072501.0
2017-08-31,60.63,61.42,60.53,61.31,,1928530.0
2017-09-01,61.48,61.75,60.83,60.99,,1224641.0
2017-09-05,60.65,61.08,60.45,60.9,,910200.0
2017-09-06,61.16,61.4,60.68,61.3,,967758.0
2017-09-07,61.43,61.81,61.09,61.71,,1068264.0
2017-09-08,61.72,62.22,61.42,61.6,,1587688.0
2017-09-11,62.05,62.78,61.94,62.63,,1751606.0
2017-09-12,62.78,62.92,62.42,62.66,,1081873.0
2017-09-13,62.44,62.73,61.96,61.99,,2039348.0
2017-09-14,61.87,62.4,61.73,62.22,,1481003.0
2017-09-15,62.22,62.65,62.16,62.49,,2267001.0
2017-09-18,62.61,62.81,62.24,62.6,,1561980.0
2017-09-19,62.76,62.95,62.52,62.68,,1235835.0
2017-09-20,62.82,62.86,62.31,62.61,,1151167.0
2017-09-21,62.41,62.66,62.17,62.45,,848300.0
2017-09-22,62.38,62.78,62.25,62.32,,1178327.0
2017-09-25,62.33,62.43,61.05,61.32,,1747861.0
2017-09-26,61.24,61.48,60.54,60.73,,1615245.0
2017-09-27,60.88,61.25,60.68,61.0,,1159137.0
2017-09-28,60.87,61.22,60.6,60.61,,1076812.0
2017-09-29,60.63,60.89,60.36,60.82,,1669194.0
2017-10-02,61.03,61.77,60.95,61.58,,1684995.0
2017-10-03,61.76,62.44,61.76,61.84,,1216399.0
2017-10-04,61.84,62.53,61.84,62.49,,743076.0
2017-10-05,62.51,62.64,62.2,62.37,,1948939.0
2017-10-06,62.35,63.01,62.33,62.99,,1252881.0
2017-10-09,63.12,63.38,62.67,63.18,,1542275.0
2017-10-10,63.3,63.47,62.86,63.22,,1142183.0
2017-10-11,63.3,63.57,62.97,63.24,,1763994.0
2017-10-12,63.27,64.17,63.16,64.11,,1435850.0
2017-10-13,64.2,64.38,63.5,63.59,,943084.0
2017-10-16,63.79,63.95,63.38,63.51,,1473375.0
2017-10-17,63.3,63.3,62.64,62.76,,1708025.0
2017-10-18,63.01,63.21,62.72,63.07,,1150451.0
2017-10-19,63.07,63.58,62.71,63.49,,1359061.0
2017-10-20,63.78,64.1,63.67,63.84,,1502810.0
2017-10-23,64.03,64.25,63.53,63.62,,1266729.0
2017-10-24,63.89,64.12,63.49,63.9,,1966591.0
2017-10-25,64.45,65.04,63.63,63.97,,1590110.0
2017-10-26,64.1,64.39,63.79,64.27,,1417947.0
2017-10-27,64.37,64.56,63.99,64.52,,1440956.0
2017-10-30,64.36,64.48,63.7,64.07,,846605.0
2017-10-31,64.3,64.71,64.11,64.58,,1609938.0
2017-11-01,64.74,64.97,64.4,64.57,,1357307.0
2017-11-02,64.63,64.91,64.37,64.67,,1854678.0
2017-11-03,64.63,65.19,64.56,64.9,,1070662.0
2017-11-06,64.81,64.98,64.43,64.76,,991668.0
2017-11-07,64.85,65.16,64.59,64.79,,946235.0
2017-11-08,64.64,64.86,64.33,64.65,,962532.0
2017-11-09,64.47,64.53,63.51,64.05,,1664971.0
2017-11-10,63.93,64.15,63.32,63.42,,1704341.0
2017-11-13,63.08,63.97,62.89,63.72,,1443239.0
2017-11-14,63.58,64.36,63.5,64.04,,1682158.0
2017-11-15,63.88,64.13,63.51,63.89,,1511323.0
2017-11-16,64.07,65.45,64.03,65.25,,2268333.0
2017-11-17,65.05,65.58,64.82,65.3,,1816997.0
2017-11-20,65.76,66.67,65.45,66.41,,4014526.0
2017-11-21,66.5,67.22,64.26,66.36,,5329997.0
2017-11-22,65.63,65.85,64.83,65.2,,3041633.0
2017-11-24,65.35,65.87,65.29,65.84,,1015411.0
2017-11-27,65.71,65.96,65.66,65.79,,1439274.0
2017-11-28,66.03,67.33,65.9,67.01,,2275971.0
2017-11-29,66.92,67.25,64.98,65.2,,1903991.0
2017-11-30,65.47,66.06,64.75,65.73,,1872494.0
2017-12-01,65.68,66.45,63.82,65.2,,2516520.0
2017-12-04,65.44,65.66,62.82,62.88,,2881946.0
2017-12-05,62.84,63.6,62.39,62.49,,2337721.0
2017-12-06,62.54,62.89,62.27,62.55,,1690061.0
2017-12-07,62.57,63.49,62.43,63.32,,2256298.0
2017-12-08,63.54,64.12,63.27,63.96,,2158692.0
2017-12-11,64.01,64.31,63.11,63.6,,2392301.0
2017-12-12,63.6,63.75,63.13,63.66,,2002844.0
2017-12-13,63.82,64.23,63.26,63.3,,1526746.0
2017-12-14,63.3,63.69,63.0,63.14,,1740712.0
2017-12-15,63.6,64.42,63.31,64.18,,2745658.0
2017-12-18,64.44,65.03,64.06,64.23,,2138491.0
2017-12-19,64.49,64.6,64.07,64.31,,1446685.0
2017-12-20,64.37,64.68,63.75,63.98,,1362997.0
2017-12-21,64.08,64.43,63.86,64.09,,1495136.0
2017-12-22,63.99,64.11,63.47,63.93,,1220344.0
2017-12-26,63.89,64.03,63.65,63.84,,532739.0
2017-12-27,63.8,64.04,63.74,63.88,,1029229.0
2017-12-28,64.02,64.06,63.62,64.03,,589501.0
2017-12-29,64.22,64.29,63.68,63.71,,1061239.0
2018-01-02,64.14,64.59,64.07,64.31,,1047772.0
2018-01-03,64.33,66.11,64.31,65.95,,1698861.0
2018-01-04,66.16,66.42,65.44,65.45,,2230690.0
2018-01-05,65.39,66.69,65.39,66.5,,1630448.0
2018-01-08,66.34,66.91,66.17,66.64,,1613377.0
2018-01-09,67.24,68.81,66.76,68.28,,2666108.0
2018-01-10,67.98,67.98,66.7,67.35,,2387600.0
2018-01-11,67.47,67.72,66.88,67.36,,1508985.0
2018-01-12,67.29,68.37,67.07,68.24,,1448144.0
2018-01-16,68.52,68.95,67.6,67.77,,1702685.0
2018-01-17,68.23,68.79,68.11,68.56,,1781796.0
2018-01-18,68.69,68.97,68.18,68.68,,1742864.0
2018-01-19,68.96,69.66,68.56,69.52,,2150370.0
2018-01-22,69.61,69.97,69.07,69.91,,1788904.0
2018-01-23,70.45,70.48,69.69,69.87,,1181067.0
2018-01-24,70.08,70.27,69.5,70.0,,1745307.0
2018-01-25,70.56,70.87,70.07,70.27,,1619933.0
2018-01-26,70.69,71.19,70.01,71.18,,1529734.0
2018-01-29,70.86,71.35,70.69,70.91,,1292338.0
2018-01-30,70.39,70.48,69.38,69.44,,1784489.0
2018-01-31,70.18,70.77,69.68,69.86,,1949108.0
2018-02-01,69.62,70.19,68.98,69.29,,1978455.0
2018-02-02,68.8,69.22,67.76,67.78,,1947113.0
2018-02-05,67.41,68.0,64.86,64.9,,2797258.0
2018-02-06,63.7,65.48,62.91,65.12,,4011492.0
2018-02-07,64.87,65.72,64.61,64.75,,1988104.0
2018-02-08,64.78,64.85,61.87,61.89,,4025789.0
2018-02-09,63.17,64.25,62.11,63.72,,4508293.0
2018-02-12,64.18,65.69,64.09,65.1,,4166983.0
2018-02-13,64.66,65.16,64.37,65.02,,1570583.0
2018-02-14,64.5,66.49,64.33,66.31,,3609450.0
2018-02-15,71.3,71.34,67.76,68.52,,4884299.0
2018-02-16,68.47,69.16,68.14,68.47,,2621697.0
2018-02-20,68.02,68.36,67.26,67.62,,2577134.0
2018-02-21,67.66,69.16,67.52,67.78,,1989132.0
2018-02-22,68.23,68.27,67.08,67.24,,2290240.0
2018-02-23,67.69,67.9,66.65,67.26,,3878648.0
2018-02-26,67.55,67.75,66.61,67.15,,5422043.0
2018-02-27,67.31,67.47,65.64,65.64,,3277061.0
2018-02-28,66.04,66.6,65.24,65.25,,2657196.0
2018-03-01,65.14,65.45,63.54,64.1,,2401795.0
2018-03-02,63.57,64.39,63.41,64.23,,2057260.0
2018-03-05,63.98,64.55,63.28,64.26,,1890858.0
2018-03-06,64.48,65.09,64.17,64.8,,2942050.0
2018-03-07,64.08,66.46,64.03,66.31,,3125788.0
2018-03-08,66.33,66.85,65.83,66.45,,2365939.0
2018-03-09,66.85,68.02,66.6,67.67,,1869878.0
2018-03-12,67.74,68.05,67.23,67.27,,1858146.0
2018-03-13,67.55,68.04,67.0,67.24,,1573113.0
2018-03-14,67.61,67.7,66.3,66.52,,1825085.0
2018-03-15,66.68,67.22,66.47,66.77,,2490222.0
2018-03-16,66.52,66.92,65.69,66.5,,3301577.0
2018-03-19,66.4,66.89,65.7,65.97,,2501900.0
2018-03-20,66.38,66.66,66.07,66.45,,2355102.0
2018-03-21,66.48,66.68,65.99,66.02,,1558358.0
2018-03-22,65.36,65.83,64.06,64.19,,1667733.0
2018-03-23,64.29,64.44,62.73,62.85,,1803736.0
2018-03-26,63.93,64.97,63.42,64.88,,1601171.0
2018-03-27,65.15,65.29,63.3,63.74,,2018736.0
2018-03-28,63.95,64.1,62.61,63.17,,2267763.0
2018-03-29,63.5,64.29,62.89,63.65,,2711285.0
2018-04-02,63.56,63.86,60.77,61.44,,3085753.0
2018-04-03,61.92,62.82,61.62,62.38,,2286132.0
2018-04-04,61.17,62.6,60.69,62.41,,5084054.0
2018-04-05,62.76,63.23,62.46,62.63,,2120181.0
2018-04-06,61.99,62.52,60.44,60.69,,3578587.0
2018-04-09,61.91,63.17,61.1,62.16,,2639750.0
2018-04-10,63.07,63.69,62.84,63.55,,2120887.0
2018-04-11,62.92,63.51,62.76,63.01,,1391380.0
2018-04-12,63.47,64.5,63.36,64.08,,2180892.0
2018-04-13,64.37,64.53,63.77,64.09,,2043908.0
2018-04-16,64.68,65.2,64.36,65.0,,2887820.0
2018-04-17,65.41,65.65,64.91,65.26,,2682621.0
2018-04-18,65.91,67.03,65.46,66.32,,2678311.0
2018-04-19,66.25,66.36,64.23,64.81,,2435090.0
2018-04-20,64.88,65.09,64.19,64.41,,1917243.0
2018-04-23,64.57,65.48,64.39,64.91,,2260555.0
2018-04-24,63.31,64.76,62.97,63.55,,3701595.0
2018-04-25,63.59,63.97,61.9,62.74,,3873833.0
2018-04-26,63.15,63.66,62.84,63.29,,1978569.0
2018-04-27,63.26,63.47,62.9,63.2,,1189195.0
2018-04-30,63.4,63.56,62.68,62.69,,2277705.0
2018-05-01,62.58,63.27,62.45,63.16,,3135146.0
2018-05-02,62.94,63.76,62.72,62.85,,2240482.0
2018-05-03,62.72,63.37,61.85,63.26,,2365851.0
2018-05-04,62.96,64.13,62.5,63.89,,1331017.0
2018-05-07,64.04,64.82,63.96,64.26,,1468735.0
2018-05-08,63.97,64.31,63.74,64.24,,1916103.0
2018-05-09,64.25,65.23,64.03,64.97,,2108506.0
2018-05-10,64.96,65.68,64.96,65.66,,1844868.0
2018-05-11,65.98,66.37,65.71,66.23,,1524184.0
2018-05-14,66.49,67.18,65.8,66.0,,3322635.0
2018-05-15,58.97,61.12,57.88,59.6,,14451191.0
2018-05-16,59.61,60.07,58.79,59.06,,5872508.0
2018-05-17,59.1,60.94,58.89,60.64,,5211271.0
2018-05-18,60.68,61.6,60.56,61.33,,4163534.0
2018-05-21,61.74,62.93,61.68,62.51,,4527295.0
2018-05-22,62.57,62.83,61.69,61.83,,3415571.0
2018-05-23,61.23,61.98,61.23,61.53,,3222446.0
2018-05-24,61.62,61.98,61.1,61.14,,1525894.0
2018-05-25,60.97,61.13,59.92,60.22,,1742002.0
2018-05-29,59.72,59.76,58.45,58.98,,3559198.0
2018-05-30,59.35,60.13,59.12,59.78,,1731482.0
2018-05-31,59.74,59.91,58.98,59.04,,2510357.0
2018-06-01,59.57,60.29,59.54,59.87,,2277946.0
2018-06-04,60.24,60.56,59.85,60.44,,1958048.0
2018-06-05,60.51,60.9,60.16,60.57,,1889520.0
2018-06-06,60.79,62.16,60.13,62.16,,3177630.0
2018-06-07,62.37,63.02,61.79,62.2,,2977186.0
2018-06-08,62.32,63.29,62.12,62.68,,3853848.0
2018-06-11,62.63,63.65,62.54,63.06,,3316711.0
2018-06-12,62.91,63.46,62.58,63.24,,2006950.0
2018-06-13,63.51,63.58,62.91,63.18,,4357708.0
2018-06-14,63.36,63.36,62.66,63.23,,3487894.0
2018-06-15,63.04,63.16,62.16,63.06,,4113230.0
2018-06-18,62.44,62.5,61.53,61.95,,2563129.0
2018-06-19,61.24,61.46,60.27,60.57,,4621382.0
2018-06-20,60.59,60.62,59.72,59.87,,4942091.0
2018-06-21,59.89,60.28,59.38,60.11,,4319387.0
2018-06-22,60.63,60.73,59.82,59.87,,3621863.0
2018-06-25,59.56,59.78,57.98,58.36,,2426792.0
2018-06-26,58.39,59.43,58.19,59.1,,3655622.0
2018-06-27,59.37,60.07,58.26,58.3,,2025823.0
2018-06-28,58.29,58.78,57.61,58.44,,1564067.0
2018-06-29,58.82,59.57,58.71,58.97,,1942768.0
2018-07-02,58.65,58.77,58.11,58.76,,1526468.0
2018-07-03,59.2,59.35,58.37,58.55,,864379.0
2018-07-05,58.77,59.16,58.22,59.07,,2247532.0
2018-07-06,59.19,59.65,58.93,59.54,,2269660.0
2018-07-09,59.68,60.53,59.68,60.34,,1508550.0
2018-07-10,60.57,60.93,60.29,60.86,,1924366.0
2018-07-11,59.83,60.49,59.83,60.09,,1780485.0
2018-07-12,60.54,60.97,60.5,60.65,,1748125.0
2018-07-13,60.72,61.01,60.42,60.58,,963652.0
2018-07-16,60.44,60.44,59.87,59.95,,929264.0
2018-07-17,59.76,60.47,59.41,60.26,,1469834.0
2018-07-18,60.25,60.44,59.98,60.21,,1202284.0
2018-07-19,60.8,61.8,60.6,61.32,,1726698.0
2018-07-20,61.01,61.49,60.87,61.03,,1620195.0
2018-07-23,60.89,61.18,60.57,60.91,,1417517.0
2018-07-24,61.12,62.47,60.88,61.93,,2454398.0
2018-07-25,62.27,63.13,61.98,63.05,,2924515.0
2018-07-26,63.09,63.88,62.92,63.8,,2583476.0
2018-07-27,63.71,63.82,62.48,62.85,,2638902.0
2018-07-30,62.96,63.15,61.66,61.78,,1601219.0
2018-07-31,62.07,63.75,61.69,63.13,,2539265.0
2018-08-01,62.94,63.25,61.78,62.11,,2679180.0
2018-08-02,61.89,62.5,61.65,62.41,,2263190.0
2018-08-03,62.61,62.89,62.09,62.83,,1857308.0
2018-08-06,62.8,63.72,62.45,63.58,,2873080.0
2018-08-07,63.88,64.94,63.69,64.67,,2829039.0
2018-08-08,64.75,65.14,64.37,64.41,,1682000.0
2018-08-09,64.5,64.64,63.67,63.75,,1727776.0
2018-08-10,63.87,63.92,63.02,63.34,,2166251.0
2018-08-13,63.51,64.03,62.77,63.03,,2989306.0
2018-08-14,63.14,64.29,63.14,63.8,,3110109.0
2018-08-15,63.03,63.46,61.39,61.87,,6071456.0
2018-08-16,62.17,62.77,61.95,62.61,,3149532.0
2018-08-17,62.59,62.59,61.44,61.81,,2449200.0
2018-08-20,61.72,62.24,61.62,61.63,,1619930.0
2018-08-21,61.88,62.51,61.77,62.07,,2982791.0
2018-08-22,61.88,62.96,61.7,62.75,,2565558.0
2018-08-23,62.79,63.08,62.64,62.79,,2287703.0
2018-08-24,62.84,63.34,62.7,63.07,,1904191.0
2018-08-27,63.4,63.42,62.95,63.16,,1158772.0
2018-08-28,63.48,64.33,63.42,63.75,,2284317.0
2018-08-29,63.75,64.31,63.47,64.05,,1852130.0
2018-08-30,64.04,64.67,63.91,64.29,,2246705.0
2018-08-31,64.18,64.57,64.09,64.56,,1582405.0
2018-09-04,64.37,64.58,63.9,64.3,,1727990.0
2018-09-05,64.31,64.43,63.81,64.01,,1859604.0
2018-09-06,64.04,64.57,63.88,64.39,,1031539.0
2018-09-07,64.19,64.84,64.07,64.43,,1585499.0
2018-09-10,64.83,65.39,64.73,64.93,,2065707.0
2018-09-11,64.71,65.06,64.51,64.64,,1676778.0
2018-09-12,64.62,65.01,64.28,64.91,,1125411.0
2018-09-13,65.1,66.59,64.99,66.27,,2495037.0
2018-09-14,66.22,66.35,65.54,65.81,,1461065.0
2018-09-17,66.57,66.59,65.96,66.03,,1816610.0
2018-09-18,66.05,66.21,65.39,65.89,,1780417.0
2018-09-19,65.99,66.57,65.84,66.49,,1183395.0
2018-09-20,66.65,68.02,66.62,67.99,,2865626.0
2018-09-21,68.28,68.31,67.45,67.6,,3119673.0
2018-09-24,67.56,67.56,66.62,66.86,,2333572.0
2018-09-25,67.07,67.7,66.83,67.27,,2090165.0
2018-09-26,67.46,67.86,66.96,67.23,,1830443.0
2018-09-27,67.47,67.72,67.01,67.68,,1581665.0
2018-09-28,67.57,67.87,67.35,67.43,,2248094.0
2018-10-01,67.7,68.56,67.67,68.26,,2837493.0
2018-10-02,68.24,68.71,67.99,68.66,,2617455.0
2018-10-03,68.66,69.32,68.58,69.08,,3203130.0
2018-10-04,68.89,69.09,67.51,67.68,,2961931.0
2018-10-05,67.69,68.18,66.52,67.34,,2376806.0
2018-10-08,67.01,67.1,66.06,66.57,,2179365.0
2018-10-09,66.42,66.7,65.82,66.49,,2179198.0
2018-10-10,66.49,66.49,63.8,63.86,,3055653.0
2018-10-11,63.83,64.15,61.9,62.16,,3624612.0
2018-10-12,63.32,64.21,62.55,63.45,,3669509.0
2018-10-15,63.14,63.56,62.61,62.87,,1602860.0
2018-10-16,63.46,64.72,63.21,64.62,,1868279.0
2018-10-17,64.34,64.62,63.52,64.37,,1991212.0
2018-10-18,64.29,64.37,62.51,62.98,,2327330.0
2018-10-19,63.04,63.45,61.53,61.75,,2418302.0
2018-10-22,61.97,62.11,60.86,61.57,,2227932.0
2018-10-23,60.17,60.47,58.79,60.09,,4219761.0
2018-10-24,60.27,61.07,58.44,58.56,,3481246.0
2018-10-25,58.9,60.24,58.5,59.97,,3318277.0
2018-10-26,59.22,60.45,58.56,60.09,,3119947.0
2018-10-29,60.97,61.47,58.56,59.47,,2919874.0
2018-10-30,59.72,61.04,59.08,60.96,,3076720.0
2018-10-31,61.64,63.2,61.49,62.06,,3820987.0
2018-11-01,62.33,62.59,61.86,62.47,,1882438.0
2018-11-02,63.03,63.8,62.68,63.15,,2272114.0
2018-11-05,63.25,63.59,62.48,63.13,,2348704.0
2018-11-06,63.26,63.62,62.9,63.2,,2287255.0
2018-11-07,63.71,65.5,63.49,65.38,,2700613.0
2018-11-08,65.13,65.48,64.54,64.93,,2444607.0
2018-11-09,64.75,64.91,63.89,64.44,,2573534.0
2018-11-12,63.37,63.46,61.74,61.78,,2999960.0
2018-11-13,61.87,62.71,61.25,61.63,,2216456.0
2018-11-14,61.92,62.11,60.61,60.8,,4852556.0
2018-11-15,60.65,62.21,59.91,61.99,,3846090.0
2018-11-16,61.67,62.84,61.67,62.25,,2963305.0
2018-11-19,61.95,62.22,59.77,59.97,,3392057.0
2018-11-20,63.46,65.55,62.2,64.68,,8187326.0
2018-11-21,64.81,65.78,64.36,64.87,,3557551.0
2018-11-23,64.22,65.72,64.22,65.34,,1374274.0
2018-11-26,66.04,66.38,65.51,66.33,,2406265.0
2018-11-27,65.97,66.59,65.81,66.44,,2533581.0
2018-11-28,66.88,68.48,66.51,68.47,,2661339.0
2018-11-29,68.23,69.14,68.23,68.56,,2625819.0
2018-11-30,68.61,69.59,68.34,69.3,,2279473.0
2018-12-03,70.24,71.64,70.11,71.52,,4265221.0
2018-12-04,71.55,71.95,69.57,69.84,,4263802.0
2018-12-06,68.2,68.9,66.96,68.88,,3505914.0
2018-12-07,68.69,69.05,66.72,67.29,,2184502.0
2018-12-10,67.46,67.73,65.68,67.62,,2347157.0
2018-12-11,68.74,69.39,67.72,68.06,,2926016.0
2018-12-12,69.13,69.96,68.58,68.73,,2842861.0
2018-12-13,69.1,69.62,67.91,68.14,,2200718.0
2018-12-14,67.45,67.64,66.22,66.44,,1982726.0
2018-12-17,66.2,66.69,64.56,64.99,,2241705.0
2018-12-18,65.57,66.12,64.55,65.13,,2111981.0
2018-12-19,65.39,66.18,63.04,64.02,,2845468.0
2018-12-20,63.54,63.66,61.87,62.44,,3547814.0
2018-12-21,62.47,63.44,60.56,60.62,,4683100.0
2018-12-24,60.28,60.95,59.6,60.03,,1668490.0
2018-12-26,60.28,62.82,60.12,62.78,,1701769.0
2018-12-27,61.78,63.7,61.3,63.68,,1655033.0
2018-12-28,64.32,64.45,63.1,63.34,,1927748.0
2018-12-31,63.7,64.8,63.7,64.78,,1572136.0
2019-01-02,63.86,63.92,62.7,63.08,,2113304.0
2019-01-03,62.93,63.17,59.54,60.76,,5383926.0
2019-01-04,61.54,63.33,61.54,62.86,,3123654.0
2019-01-07,63.03,64.75,63.0,64.19,,3235055.0
2019-01-08,64.9,65.5,64.05,65.13,,1578055.0
2019-01-09,65.49,66.89,65.3,66.5,,2442291.0
2019-01-10,66.31,67.17,65.87,67.12,,1080882.0
2019-01-11,66.54,67.61,66.2,67.58,,1210791.0
2019-01-14,66.95,67.5,66.9,66.98,,2182673.0
2019-01-15,67.17,67.94,66.85,67.79,,1793061.0
2019-01-16,68.01,68.3,67.19,67.25,,1480321.0
2019-01-17,66.99,68.41,66.99,68.01,,1225840.0
2019-01-18,68.46,69.44,68.03,69.07,,1551657.0
2019-01-22,68.6,68.64,67.67,68.49,,1972650.0
2019-01-23,69.09,69.95,67.93,68.8,,2050294.0
2019-01-24,68.62,69.33,68.55,69.31,,1509599.0
2019-01-25,69.9,70.8,69.68,70.72,,2215271.0
2019-01-28,69.87,70.37,69.53,70.36,,1729625.0
2019-01-29,70.77,71.12,70.29,70.64,,1684521.0
2019-01-30,70.81,72.59,70.56,72.44,,1679472.0
2019-01-31,72.22,73.28,71.7,73.03,,2951321.0
2019-02-01,73.13,73.55,72.61,73.02,,1343915.0
2019-02-04,73.15,73.2,72.33,73.01,,2245893.0
2019-02-05,72.79,73.47,72.78,73.28,,1593537.0
2019-02-06,73.09,73.64,72.98,73.27,,1504860.0
2019-02-07,72.71,73.09,71.89,72.34,,1660637.0
2019-02-08,72.09,72.8,71.79,72.79,,1318051.0
2019-02-11,72.98,73.35,72.74,73.06,,1018208.0
2019-02-12,73.75,74.18,73.39,74.01,,2045501.0
2019-02-13,74.3,74.41,73.69,74.18,,1376358.0
2019-02-14,73.94,74.21,73.48,73.96,,1618269.0
2019-02-15,74.54,75.2,74.39,75.19,,1919672.0
2019-02-19,74.9,75.21,74.33,74.44,,2967968.0
2019-02-20,74.45,75.67,74.26,75.44,,2076523.0
2019-02-21,74.58,75.46,73.46,74.79,,3570828.0
2019-02-22,75.05,75.34,74.74,75.3,,2797669.0
2019-02-25,75.76,76.67,75.72,76.19,,1878041.0
2019-02-26,76.06,76.12,75.3,75.43,,1992595.0
2019-02-27,75.14,76.39,75.14,76.26,,1254403.0
2019-02-28,76.03,76.58,75.75,76.28,,1759103.0
2019-03-01,76.82,78.2,76.82,78.01,,1625899.0
2019-03-04,78.26,78.51,76.37,76.95,,3204122.0
2019-03-05,76.84,76.85,76.21,76.57,,1405644.0
2019-03-06,76.65,76.8,75.6,75.62,,1750488.0
2019-03-07,75.56,75.96,74.91,75.6,,1818134.0
2019-03-08,75.07,75.13,74.32,74.88,,1483484.0
2019-03-11,75.17,76.31,75.15,76.15,,1210929.0
2019-03-12,76.42,76.95,76.01,76.75,,1532269.0
2019-03-13,77.03,77.53,76.84,76.95,,1529133.0
2019-03-14,76.88,77.46,76.88,77.41,,1268470.0
2019-03-15,77.65,78.19,77.61,77.88,,1999067.0
2019-03-18,77.88,78.06,77.29,77.75,,1617696.0
2019-03-19,78.04,78.52,77.81,77.97,,1172573.0
2019-03-20,78.05,78.2,77.06,77.7,,1768328.0
2019-03-21,77.35,79.0,77.35,78.74,,986602.0
2019-03-22,78.3,78.43,75.83,75.85,,1435825.0
2019-03-25,75.95,76.69,75.53,76.36,,923006.0
2019-03-26,77.2,77.82,76.95,77.44,,1428157.0
2019-03-27,77.3,77.56,75.75,75.86,,1446133.0
2019-03-28,76.24,76.62,75.58,76.53,,1615615.0
2019-03-29,76.97,77.46,76.77,77.19,,1585137.0
2019-04-01,77.9,78.68,77.9,78.48,,1522681.0
2019-04-02,78.62,78.67,77.97,78.07,,1203037.0
2019-04-03,78.46,78.92,78.38,78.84,,2141025.0
2019-04-04,78.75,78.95,77.4,77.77,,2180112.0
2019-04-05,78.12,78.82,77.99,78.39,,1502875.0
2019-04-08,78.49,78.62,77.53,78.6,,783350.0
2019-04-09,78.48,78.63,78.2,78.34,,1254742.0
2019-04-10,78.37,79.13,78.37,78.59,,982886.0
2019-04-11,78.78,78.82,77.83,78.01,,1071479.0
2019-04-12,78.35,78.96,77.84,77.92,,1249295.0
2019-04-15,77.94,78.06,76.89,77.36,,1627268.0
2019-04-16,77.76,77.9,74.27,74.62,,3441597.0
2019-04-17,75.2,75.36,71.64,72.58,,4471971.0
2019-04-18,72.87,73.65,72.46,73.29,,2874195.0
2019-04-22,73.06,73.82,72.29,72.71,,2016043.0
2019-04-23,71.47,73.9,70.97,72.7,,4607107.0
2019-04-24,72.97,73.73,72.58,72.92,,1942651.0
2019-04-25,72.41,74.13,72.11,73.82,,1481436.0
2019-04-26,74.07,74.53,73.42,74.49,,1608922.0
2019-04-29,74.54,75.47,74.4,74.41,,2177700.0
2019-04-30,74.51,75.62,74.45,75.53,,1726239.0
2019-05-01,75.52,75.94,74.36,74.54,,1078572.0
2019-05-02,74.48,75.38,74.23,75.24,,946764.0
2019-05-03,75.61,76.55,75.61,76.29,,1303198.0
2019-05-06,74.69,76.41,74.29,76.35,,1624324.0
2019-05-07,75.62,75.79,73.16,73.77,,1732161.0
2019-05-08,73.88,74.38,73.25,73.71,,2243580.0
2019-05-09,72.81,74.15,72.02,74.09,,1717541.0
2019-05-10,73.74,74.22,71.29,74.18,,2849795.0
2019-05-13,72.89,73.04,70.46,71.05,,3547282.0
2019-05-14,71.62,73.77,71.49,73.14,,2557726.0
2019-05-15,64.81,67.26,63.74,65.08,,14523763.0
2019-05-16,65.04,66.8,65.04,66.68,,4567668.0
2019-05-17,65.85,67.23,65.61,66.5,,3935714.0
2019-05-20,66.06,67.32,66.04,66.32,,4029685.0
2019-05-21,66.75,67.78,65.67,65.74,,3928214.0
2019-05-22,65.59,66.04,64.96,65.4,,4985412.0
2019-05-23,64.64,65.28,63.53,65.14,,5358753.0
2019-05-24,65.56,67.25,65.51,65.78,,3852867.0
2019-05-28,65.84,66.26,64.43,64.54,,2984703.0
2019-05-29,64.07,65.42,64.07,64.76,,3722106.0
2019-05-30,65.03,65.33,64.21,64.36,,2947887.0
2019-05-31,63.74,65.01,63.57,64.51,,2829317.0
2019-06-03,64.51,65.53,64.29,64.46,,2560644.0
2019-06-04,65.1,65.43,63.9,65.38,,4402784.0
2019-06-05,66.02,66.4,65.32,65.77,,2289217.0
2019-06-06,65.93,67.05,65.93,66.55,,2468975.0
2019-06-07,67.06,67.56,66.71,66.89,,1547509.0
2019-06-10,67.05,67.88,66.74,67.63,,1477113.0
2019-06-11,69.52,69.86,67.17,67.44,,1748246.0
2019-06-12,67.43,67.63,66.32,67.63,,1546794.0
2019-06-13,67.89,68.04,67.25,67.64,,1886929.0
2019-06-14,67.65,67.79,67.1,67.32,,1602711.0
2019-06-17,67.59,67.93,67.25,67.63,,1149172.0
2019-06-18,68.12,69.49,67.9,69.19,,2350398.0
2019-06-19,69.17,69.98,69.17,69.9,,1916665.0
2019-06-20,70.45,70.64,69.62,70.55,,2077813.0
2019-06-21,70.37,70.76,69.81,70.57,,3096151.0
2019-06-24,70.56,70.89,69.53,70.37,,1251576.0
2019-06-25,70.42,70.85,69.67,69.77,,1340355.0
2019-06-26,69.89,70.41,69.32,69.41,,1583790.0
2019-06-27,69.81,70.51,69.47,70.42,,1480248.0
2019-06-28,70.49,71.88,70.34,71.85,,3159736.0
2019-07-01,72.9,73.18,72.24,73.07,,2756169.0
2019-07-02,73.14,73.46,72.56,72.91,,1876980.0
2019-07-03,73.15,74.18,73.0,74.06,,1153149.0
2019-07-05,73.61,73.74,72.61,73.04,,1493127.0
2019-07-08,72.83,73.28,70.87,71.2,,2217365.0
2019-07-09,70.86,71.43,70.5,70.83,,2092180.0
2019-07-10,70.95,71.3,70.52,70.75,,1785225.0
2019-07-11,71.13,71.14,68.93,69.18,,6562456.0
2019-07-12,68.73,69.69,68.3,69.09,,2542424.0
2019-07-15,68.48,68.48,67.01,68.03,,3955265.0
2019-07-16,67.5,67.85,66.85,67.45,,3067218.0
2019-07-17,67.8,68.04,67.1,67.1,,2402290.0
2019-07-18,67.51,68.09,67.17,67.62,,2713000.0
2019-07-19,68.06,68.06,66.15,66.25,,2694430.0
2019-07-22,66.45,66.99,66.01,66.62,,3103341.0
2019-07-23,66.92,67.66,66.69,67.39,,3304218.0
2019-07-24,66.78,67.09,66.17,67.09,,3190394.0
2019-07-25,67.26,67.51,67.07,67.35,,1904682.0
2019-07-26,67.62,67.68,66.87,67.02,,2392634.0
2019-07-29,67.02,67.98,66.9,67.86,,2750044.0
2019-07-30,66.78,67.67,65.67,67.64,,2871810.0
2019-07-31,67.68,68.14,66.46,66.93,,3846063.0
2019-08-01,67.14,68.15,65.95,66.74,,2494123.0
2019-08-02,66.65,66.66,65.15,65.65,,2803508.0
2019-08-05,64.45,64.77,63.31,63.51,,3273115.0
2019-08-06,64.04,65.26,63.68,65.24,,2436228.0
2019-08-07,64.48,65.83,64.1,65.54,,2172854.0
2019-08-08,65.99,67.03,65.67,67.01,,2014261.0
2019-08-09,66.48,66.48,65.4,66.19,,1866212.0
2019-08-12,65.78,65.94,64.12,64.25,,2294418.0
2019-08-13,64.52,66.32,64.12,65.22,,3170549.0
2019-08-14,64.2,64.63,63.02,63.25,,3509695.0
2019-08-15,69.37,70.05,66.94,67.1,,6701003.0
2019-08-16,67.4,68.64,66.5,68.54,,3367096.0
2019-08-19,69.36,69.7,68.95,69.19,,2050446.0
2019-08-20,68.87,69.68,68.56,68.58,,2171244.0
2019-08-21,69.39,69.75,68.65,69.62,,1897423.0
2019-08-22,69.86,70.17,68.7,69.18,,1643997.0
2019-08-23,68.95,69.11,66.78,67.07,,2990027.0
2019-08-26,67.61,68.12,66.33,67.15,,1827254.0
2019-08-27,67.55,67.82,66.64,67.0,,2032338.0
2019-08-28,66.79,67.75,66.35,67.44,,1673981.0
2019-08-29,68.28,68.74,67.96,68.17,,1611155.0
2019-08-30,68.9,69.86,68.29,68.57,,2356396.0
2019-09-03,68.17,68.5,67.0,67.89,,2227812.0
2019-09-04,68.41,68.68,67.46,68.33,,1820588.0
2019-09-05,69.08,71.08,69.08,70.89,,2997855.0
2019-09-06,71.06,71.71,71.06,71.63,,3117566.0
2019-09-09,71.73,71.93,71.04,71.53,,2978545.0
2019-09-10,70.87,72.35,70.67,72.1,,2838030.0
2019-09-11,72.39,74.26,72.39,74.24,,2800328.0
2019-09-12,74.26,75.3,73.97,74.8,,4009762.0
2019-09-13,74.82,75.26,74.42,75.12,,2673363.0
2019-09-16,74.56,74.66,73.73,74.39,,2862699.0
2019-09-17,74.2,74.22,73.55,73.67,,2722866.0
2019-09-18,73.63,74.8,73.04,74.8,,1993422.0
2019-09-19,74.81,75.36,74.56,75.28,,1779338.0
2019-09-20,75.43,75.93,75.13,75.18,,4615740.0
2019-09-23,74.71,75.59,74.51,75.27,,2233638.0
2019-09-24,75.49,75.59,72.94,73.26,,4317585.0
2019-09-25,73.33,73.82,72.47,73.6,,1811568.0
2019-09-26,73.72,74.21,73.37,73.79,,1328608.0
2019-09-27,74.27,74.55,73.21,73.66,,1639828.0
2019-09-30,73.8,74.51,73.76,74.05,,1713739.0
2019-10-01,73.92,74.3,72.08,72.32,,2221177.0
2019-10-02,71.82,72.03,70.45,70.88,,2031175.0
2019-10-03,70.91,71.39,70.03,71.38,,1909903.0
2019-10-04,71.59,73.35,71.57,73.33,,1289752.0
2019-10-07,72.81,73.14,72.13,72.57,,1065442.0
2019-10-08,71.48,71.48,69.32,70.05,,3034916.0
2019-10-09,70.59,71.35,70.19,71.0,,1519249.0
2019-10-10,70.96,71.92,70.96,71.51,,1460394.0
2019-10-11,73.01,73.64,72.71,72.77,,1216971.0
2019-10-14,72.65,73.25,72.47,72.65,,845358.0
2019-10-15,73.25,73.79,73.13,73.2,,854689.0
2019-10-16,72.77,73.33,72.44,72.74,,2401590.0
2019-10-17,73.14,73.68,72.38,72.4,,1657121.0
2019-10-18,71.51,72.3,71.29,72.06,,2121895.0
2019-10-21,72.36,72.97,72.18,72.94,,1739523.0
2019-10-22,73.13,73.76,72.13,72.18,,1327981.0
2019-10-23,72.49,73.34,72.17,72.46,,1828337.0
2019-10-24,72.5,72.58,71.95,72.48,,1582478.0
2019-10-25,72.19,73.41,71.63,72.85,,835050.0
2019-10-28,73.14,73.98,73.14,73.59,,1143869.0
2019-10-29,72.52,74.1,72.42,73.61,,1113263.0
2019-10-30,73.48,73.59,72.71,73.56,,914825.0
2019-10-31,73.44,73.56,72.57,73.2,,970472.0
2019-11-01,73.93,74.75,73.75,74.38,,1106264.0
2019-11-04,75.07,75.23,74.15,74.16,,1010174.0
2019-11-05,74.23,74.32,72.93,73.01,,2362034.0
2019-11-06,73.15,73.38,72.42,73.24,,1355737.0
2019-11-07,73.77,73.81,73.13,73.35,,860939.0
2019-11-08,73.34,74.07,73.1,74.06,,1231456.0
2019-11-11,73.68,74.26,73.57,74.26,,1149169.0
2019-11-12,74.41,74.94,74.14,74.46,,1008400.0
2019-11-13,74.23,74.89,73.98,74.56,,1104429.0
2019-11-14,74.61,74.84,73.91,74.18,,1113519.0
2019-11-15,74.34,75.67,74.03,75.63,,1700368.0
2019-11-18,75.51,75.86,74.89,75.32,,1641215.0
2019-11-19,75.54,76.81,75.22,76.62,,1704766.0
2019-11-20,76.5,76.69,75.58,75.88,,2429830.0
2019-11-21,76.31,76.31,74.71,75.66,,2142169.0
2019-11-22,75.96,76.52,75.6,76.46,,1869681.0
2019-11-25,76.78,77.75,76.63,77.56,,2640193.0
2019-11-26,75.93,78.3,75.34,78.22,,5329764.0
2019-11-27,78.35,78.6,77.97,78.35,,1628005.0
2019-11-29,78.23,78.51,77.76,78.05,,835780.0
2019-12-02,78.06,78.26,77.33,77.65,,1775635.0
2019-12-03,76.84,77.41,76.5,77.4,,2110132.0
2019-12-04,77.6,78.27,77.48,78.21,,1690909.0
2019-12-05,78.17,78.99,77.79,78.79,,1900031.0
2019-12-06,79.47,79.65,79.07,79.44,,1783441.0
2019-12-09,79.57,79.69,78.8,78.87,,1913684.0
2019-12-10,80.11,80.98,79.92,80.14,,3067680.0
2019-12-11,80.14,80.66,79.79,80.61,,1595285.0
2019-12-12,80.68,82.12,80.37,81.96,,1920781.0
2019-12-13,81.82,81.89,80.78,80.89,,1811165.0
2019-12-16,81.63,82.11,81.17,81.61,,1371246.0
2019-12-17,81.91,82.0,80.96,81.12,,1653196.0
2019-12-18,80.93,81.22,80.55,80.62,,2025494.0
2019-12-19,81.12,81.82,80.75,81.67,,1696006.0
2019-12-20,82.08,82.44,81.48,82.32,,2287793.0
2019-12-23,82.54,82.56,81.91,82.39,,816020.0
2019-12-24,82.57,82.57,82.12,82.43,,271858.0
2019-12-26,82.44,82.76,82.23,82.57,,649078.0
2019-12-27,82.8,82.8,82.24,82.54,,767716.0
2019-12-30,82.64,82.7,81.96,82.22,,742820.0
2019-12-31,82.16,82.64,81.99,82.61,,1176222.0
2020-01-02,83.18,83.62,82.51,83.23,,1410486.0
2020-01-03,81.99,82.63,81.83,81.9,,1118322.0
2020-01-06,81.34,82.14,80.96,82.14,,1992491.0
2020-01-07,81.31,82.56,81.29,82.39,,1722896.0
2020-01-08,83.24,83.74,82.51,83.2,,1847585.0
2020-01-09,83.73,84.93,83.45,84.51,,1912699.0
2020-01-10,84.95,85.45,84.56,84.82,,1417028.0
2020-01-13,85.03,85.53,84.0,84.69,,1630160.0
2020-01-14,84.51,85.42,83.96,85.21,,1675243.0
2020-01-15,84.86,86.29,84.78,85.82,,1630364.0
2020-01-16,86.3,86.66,86.05,86.63,,1480891.0
2020-01-17,87.13,87.43,86.39,87.27,,3718336.0
2020-01-21,86.96,87.3,86.63,86.78,,2697372.0
2020-01-22,87.1,87.77,87.0,87.28,,1665822.0
2020-01-23,86.79,87.14,85.86,86.25,,1228291.0
2020-01-24,86.62,86.63,84.81,85.47,,1164489.0
2020-01-27,83.8,84.41,83.48,83.82,,1867959.0
2020-01-28,84.1,84.71,83.47,84.42,,1652210.0
2020-01-29,84.78,85.57,84.39,84.48,,1131523.0
2020-01-30,82.22,82.34,80.96,81.71,,3026658.0
2020-01-31,81.37,81.67,79.74,79.95,,2850446.0
2020-02-03,80.66,81.04,79.51,79.55,,1919771.0
2020-02-04,80.23,81.25,80.16,80.88,,1676020.0
2020-02-05,81.86,82.8,81.72,82.24,,2345127.0
2020-02-06,82.61,82.69,81.91,82.14,,835477.0
2020-02-07,81.94,82.11,80.3,80.54,,1447606.0
2020-02-10,80.41,81.96,80.31,81.76,,2066861.0
2020-02-11,82.34,82.96,82.16,82.4,,1543151.0
2020-02-12,82.7,83.34,82.59,82.73,,1464200.0
2020-02-13,82.41,82.97,81.98,82.77,,1596270.0
2020-02-14,83.01,83.15,82.43,83.11,,1965354.0
2020-02-18,82.95,83.36,81.86,82.11,,2872477.0
2020-02-19,82.02,83.13,80.81,82.65,,4741298.0
2020-02-20,82.22,82.3,80.72,81.67,,2543584.0
2020-02-21,81.25,82.4,80.76,82.38,,1762536.0
2020-02-24,79.62,79.98,77.49,77.96,,2919240.0
2020-02-25,78.15,78.32,75.23,75.49,,2767995.0
2020-02-26,76.17,77.73,75.62,75.64,,2526026.0
2020-02-27,74.26,77.76,73.96,74.98,,2879357.0
2020-02-28,72.6,74.63,71.83,74.63,,3755580.0
2020-03-02,74.87,79.41,74.8,79.38,,3407549.0
2020-03-03,79.3,82.31,76.77,77.78,,3017230.0
2020-03-04,79.18,81.76,78.17,81.68,,1905295.0
2020-03-05,79.54,80.62,77.18,77.92,,2322637.0
2020-03-06,75.49,76.41,74.08,76.08,,2959913.0
2020-03-09,70.3,71.84,67.95,68.51,,4598185.0
2020-03-10,70.74,71.29,67.46,70.6,,3537258.0
2020-03-11,68.52,69.46,65.43,66.66,,4985869.0
2020-03-12,61.98,65.02,60.19,61.42,,5054964.0
2020-03-13,64.43,67.31,61.73,67.01,,3258243.0
2020-03-16,61.41,64.51,59.2,62.1,,4742810.0
2020-03-17,63.93,68.3,61.92,68.21,,3341762.0
2020-03-18,63.13,67.67,63.12,66.69,,4123865.0
2020-03-19,66.37,66.42,62.14,63.68,,3430695.0
2020-03-20,63.9,68.76,62.91,64.36,,3258439.0
2020-03-23,64.69,65.42,60.13,61.37,,2989558.0
2020-03-24,63.46,66.02,62.56,64.88,,2868885.0
2020-03-25,65.0,69.52,63.05,66.82,,2628144.0
2020-03-26,67.79,72.1,67.45,71.39,,3267458.0
2020-03-27,69.29,70.9,68.06,68.67,,1829770.0
2020-03-30,68.98,71.04,68.98,70.55,,1486203.0
2020-03-31,70.23,70.67,68.44,69.53,,1822122.0
2020-04-01,67.44,68.18,66.16,66.91,,2173595.0
2020-04-02,66.28,70.33,66.15,70.18,,1840311.0
2020-04-03,69.61,70.22,67.62,68.36,,2052642.0
2020-04-06,70.84,72.8,70.14,72.19,,2311963.0
2020-04-07,74.37,75.29,71.86,71.87,,2458009.0
2020-04-08,72.0,74.92,70.62,74.45,,2702954.0
2020-04-09,74.2,76.42,74.0,76.04,,2399863.0
2020-04-13,75.18,75.71,72.83,73.98,,1533000.0
2020-04-14,75.04,76.89,74.98,76.53,,2650262.0
2020-04-15,75.18,76.1,74.75,74.8,,2721130.0
2020-04-16,75.78,76.61,74.24,76.45,,1963426.0
2020-04-17,77.75,78.0,76.02,77.23,,1313389.0
2020-04-20,76.74,76.74,74.73,75.11,,1679446.0
2020-04-21,73.55,73.59,71.56,71.6,,2824291.0
2020-04-22,72.57,73.37,71.62,72.97,,2347360.0
2020-04-23,74.36,75.23,72.86,72.9,,2097688.0
2020-04-24,73.41,73.69,71.86,73.54,,1654283.0
2020-04-27,74.12,74.38,73.62,74.02,,1295830.0
2020-04-28,74.75,74.75,73.14,73.25,,1855939.0
2020-04-29,74.07,77.06,73.92,76.42,,2409376.0
2020-04-30,75.68,76.15,73.77,74.42,,1795163.0
2020-05-01,73.34,73.88,71.42,72.04,,1618594.0
2020-05-04,72.11,72.44,71.27,72.38,,1555396.0
2020-05-05,72.72,75.31,72.64,74.14,,1476069.0
2020-05-06,74.45,76.53,74.41,75.59,,2303584.0
2020-05-07,76.47,77.01,75.27,76.21,,1190564.0
2020-05-08,77.34,77.98,76.88,77.38,,2255008.0
2020-05-11,77.27,79.59,77.18,78.9,,1691580.0
2020-05-12,79.2,79.9,77.45,77.52,,2278944.0
2020-05-13,78.03,79.54,76.72,77.82,,2664855.0
2020-05-14,76.97,79.27,76.42,79.25,,2285878.0
2020-05-15,79.13,80.41,78.85,79.21,,4529394.0
2020-05-18,80.81,81.92,79.89,81.22,,2075974.0
2020-05-19,80.8,81.1,79.5,79.58,,2099206.0
2020-05-20,80.56,80.56,79.09,79.32,,2748146.0
2020-05-21,79.33,79.79,78.11,78.39,,2573553.0
2020-05-22,82.52,85.11,81.74,82.5,,5063071.0
2020-05-26,83.71,84.25,83.14,83.61,,3173416.0
2020-05-27,83.78,83.95,81.91,83.66,,1916278.0
2020-05-28,84.33,85.28,83.55,84.16,,1908661.0
2020-05-29,84.62,85.9,83.94,85.56,,2394489.0
2020-06-01,85.47,87.35,85.37,87.28,,2477636.0
2020-06-02,87.37,87.98,86.51,87.65,,1682843.0
2020-06-03,88.0,88.48,87.62,87.85,,1382490.0
2020-06-04,87.2,89.06,87.2,88.48,,2227450.0
2020-06-05,89.44,90.32,87.46,87.74,,2844671.0
2020-06-08,86.7,87.94,86.46,87.65,,1804745.0
2020-06-09,87.46,87.87,86.71,87.15,,1817258.0
2020-06-10,87.68,87.93,86.85,87.19,,1406662.0
2020-06-11,86.04,86.04,82.54,82.55,,2491265.0
2020-06-12,84.29,84.75,81.54,83.59,,1520001.0
2020-06-15,81.93,84.73,81.26,84.42,,1551383.0
2020-06-16,86.28,86.63,83.98,84.89,,1049239.0
2020-06-17,85.28,86.16,84.9,85.35,,900794.0
2020-06-18,84.88,85.91,84.71,85.63,,1441115.0
2020-06-19,86.8,87.17,85.2,86.14,,1782605.0
2020-06-22,86.05,86.47,85.21,85.94,,1245512.0
2020-06-23,86.58,87.08,86.07,86.67,,1160309.0
2020-06-24,86.48,86.48,83.8,84.03,,1806600.0
2020-06-25,83.9,84.8,82.32,84.71,,1350129.0
2020-06-26,84.68,85.0,83.02,83.39,,2225790.0
2020-06-29,84.2,84.98,83.77,84.91,,1302474.0
2020-06-30,84.95,86.46,84.87,85.97,,1920173.0
2020-07-01,86.47,86.47,84.92,85.71,,1137629.0
2020-07-02,86.41,87.05,86.14,86.27,,1507700.0
2020-07-06,86.6,88.17,86.6,86.88,,1412243.0
2020-07-07,86.42,87.59,86.26,86.78,,1441704.0
2020-07-08,87.08,87.87,86.7,87.1,,1069594.0
2020-07-09,87.21,87.94,86.15,87.47,,1133845.0
2020-07-10,87.4,87.42,86.16,86.99,,938092.0
2020-07-13,87.52,88.76,86.24,86.83,,1646220.0
2020-07-14,86.41,88.32,85.67,88.22,,1361140.0
2020-07-15,89.24,90.53,88.6,90.35,,1897090.0
2020-07-16,90.45,90.67,89.55,90.33,,1226388.0
2020-07-17,90.87,91.94,90.17,91.8,,3457675.0
2020-07-20,92.33,93.6,92.18,92.62,,1236926.0
2020-07-21,92.97,93.83,92.57,93.41,,2169138.0
2020-07-22,93.74,94.24,93.2,93.73,,1313240.0
2020-07-23,93.96,95.42,93.69,94.03,,1386266.0
2020-07-24,93.37,93.6,91.32,92.23,,1142915.0
2020-07-27,92.38,94.89,92.32,94.62,,1177050.0
2020-07-28,94.34,94.6,92.61,92.71,,1373722.0
2020-07-29,93.2,95.0,92.92,94.46,,1125314.0
2020-07-30,93.5,93.74,92.39,93.32,,1663364.0
2020-07-31,93.33,93.79,92.15,93.71,,1551785.0
2020-08-03,94.3,96.66,94.3,96.39,,1994325.0
2020-08-04,96.02,96.29,94.25,94.88,,779236.0
2020-08-05,95.42,96.14,95.04,95.23,,958344.0
2020-08-06,95.06,95.58,93.2,94.8,,1075476.0
2020-08-07,94.43,95.18,94.23,95.12,,897931.0
2020-08-10,95.18,95.29,94.31,94.5,,900865.0
2020-08-11,94.57,94.97,93.58,93.68,,1136985.0
2020-08-12,94.03,95.61,93.89,94.97,,1318189.0
2020-08-13,94.9,96.42,94.53,96.08,,1190775.0
2020-08-14,95.77,96.14,94.26,94.72,,957365.0
2020-08-17,95.01,95.99,94.45,94.86,,1937531.0
2020-08-18,95.05,96.02,94.47,95.2,,2008663.0
2020-08-19,92.64,96.7,91.95,95.29,,2830773.0
2020-08-20,94.74,95.5,94.47,95.12,,1428345.0
2020-08-21,95.21,95.64,94.62,95.62,,1269335.0
2020-08-24,96.09,96.51,94.5,94.94,,1154546.0
2020-08-25,95.21,95.98,94.91,95.66,,1061265.0
2020-08-26,95.51,97.02,95.38,96.63,,1072297.0
2020-08-27,96.49,96.95,94.91,96.33,,1236929.0
2020-08-28,96.31,97.21,95.86,97.18,,866211.0
2020-08-31,97.18,98.29,97.04,97.69,,1077021.0
2020-09-01,98.17,98.53,97.52,98.37,,1159749.0
2020-09-02,98.25,100.84,97.73,100.61,,1462471.0
2020-09-03,100.28,100.4,96.34,96.93,,1992844.0
2020-09-04,97.35,97.39,93.06,94.2,,1753874.0
2020-09-08,93.49,93.84,92.18,92.55,,1225579.0
2020-09-09,93.48,95.79,93.25,95.26,,954420.0
2020-09-10,96.19,97.38,95.57,95.89,,1933185.0
2020-09-11,96.02,96.91,95.35,95.92,,1368561.0
2020-09-14,97.02,97.5,96.28,96.71,,1207651.0
2020-09-15,97.01,98.25,97.01,97.64,,1053823.0
2020-09-16,98.48,98.77,95.41,97.2,,1365682.0
2020-09-17,96.55,97.72,95.9,96.89,,1246412.0
2020-09-18,96.44,97.85,95.78,96.68,,2162445.0
2020-09-21,95.51,95.88,93.87,95.46,,927860.0
2020-09-22,95.18,96.28,94.84,95.94,,845849.0
2020-09-23,95.92,96.22,93.94,94.27,,1148728.0
2020-09-24,93.94,94.33,92.84,93.72,,1157571.0
2020-09-25,93.35,95.46,93.16,95.03,,1028618.0
2020-09-28,95.96,97.02,95.45,96.8,,1336568.0
2020-09-29,97.07,98.57,96.88,97.49,,722378.0
2020-09-30,97.8,99.12,97.58,98.19,,1362186.0
2020-10-01,99.0,99.62,97.8,98.47,,723579.0
2020-10-02,97.48,98.52,97.1,97.29,,712248.0
2020-10-05,98.41,100.82,98.38,100.49,,803927.0
2020-10-06,100.49,100.69,98.89,99.04,,1078014.0
2020-10-07,99.86,102.08,99.81,101.23,,1322141.0
2020-10-08,101.54,101.73,100.5,101.5,,765334.0
2020-10-09,102.16,103.39,101.88,103.06,,708966.0
2020-10-12,103.73,104.27,102.63,102.74,,1003703.0
2020-10-13,102.75,103.3,102.28,102.73,,915482.0
2020-10-14,102.8,103.95,102.24,102.38,,906705.0
2020-10-15,101.44,103.02,101.23,102.63,,722985.0
2020-10-16,103.25,104.8,103.01,103.98,,1039366.0
2020-10-19,104.06,104.87,102.55,102.8,,635992.0
2020-10-20,103.19,104.21,102.87,102.92,,770994.0
2020-10-21,103.22,103.97,101.46,102.16,,893965.0
2020-10-22,102.63,104.36,102.43,104.05,,1064683.0
2020-10-23,104.49,104.64,102.78,103.46,,833937.0
2020-10-26,102.7,103.12,101.1,101.96,,1101954.0
2020-10-27,102.43,103.94,102.43,103.33,,1111491.0
2020-10-28,101.76,102.68,98.99,99.07,,1180759.0
2020-10-29,99.66,100.43,98.2,99.42,,1421852.0
2020-10-30,99.17,99.74,98.09,99.49,,2310001.0
2020-11-02,100.88,102.66,100.65,102.55,,1572506.0
2020-11-03,103.71,105.35,103.43,104.3,,1175149.0
2020-11-04,105.31,107.0,104.5,105.72,,1357382.0
2020-11-05,107.75,109.07,106.87,107.52,,1143082.0
2020-11-06,107.93,110.46,107.51,109.67,,1036556.0
2020-11-09,113.2,114.5,109.52,109.63,,2178042.0
2020-11-10,109.94,110.03,106.21,107.39,,2124829.0
2020-11-11,108.3,108.94,106.06,106.62,,1792823.0
2020-11-12,106.61,108.18,106.12,106.65,,1094278.0
2020-11-13,107.64,108.69,106.98,107.36,,1356781.0
2020-11-16,108.17,108.65,106.68,107.46,,1656148.0
2020-11-17,107.68,107.94,106.46,107.06,,1571458.0
2020-11-18,106.75,107.08,103.03,103.25,,2048056.0
2020-11-19,104.02,106.18,102.51,105.91,,1886381.0
2020-11-20,105.87,109.43,105.55,108.06,,2775652.0
2020-11-23,108.56,109.55,106.76,109.35,,3258707.0
2020-11-24,115.92,115.92,108.59,111.75,,5559774.0
2020-11-25,113.13,113.98,110.52,111.43,,2862483.0
2020-11-27,110.87,112.05,110.06,111.18,,983723.0
2020-11-30,110.98,114.08,110.77,113.92,,3778434.0
2020-12-01,114.58,115.36,112.1,112.42,,1730278.0
2020-12-02,112.68,112.99,111.22,111.65,,1735789.0
2020-12-03,111.24,112.48,110.27,110.68,,1511353.0
2020-12-04,110.7,112.3,110.56,112.21,,1118130.0
2020-12-07,112.26,113.47,111.21,111.48,,2076739.0
2020-12-08,111.42,114.35,111.41,114.02,,1320639.0
2020-12-09,113.41,113.98,111.56,113.43,,1717610.0
2020-12-10,113.96,116.84,113.37,115.78,,1630537.0
2020-12-11,115.64,116.02,114.3,115.46,,1400768.0
2020-12-14,115.58,117.17,113.76,113.76,,1395241.0
2020-12-15,114.31,115.03,113.87,114.39,,1973780.0
2020-12-16,114.58,114.74,113.43,114.25,,1698574.0
2020-12-17,115.04,116.34,114.05,115.93,,2166714.0
2020-12-18,116.19,116.8,115.42,116.26,,3911781.0
2020-12-21,114.7,115.43,113.0,114.77,,2081968.0
2020-12-22,114.99,115.41,113.87,114.38,,1670440.0
2020-12-23,114.99,115.86,114.23,114.31,,1202061.0
2020-12-24,114.05,115.35,113.86,114.32,,733587.0
2020-12-28,115.49,115.75,113.69,114.82,,999823.0
2020-12-29,115.53,116.08,113.85,114.24,,1007399.0
2020-12-30,114.85,115.87,114.34,114.39,,1127009.0
2020-12-31,114.59,115.57,113.63,115.47,,1307192.0
2021-01-04,116.09,117.22,114.31,115.8,,2030667.0
2021-01-05,115.65,117.44,115.24,116.75,,2343967.0
2021-01-06,115.85,120.92,115.38,119.95,,2428483.0
2021-01-07,121.36,124.43,121.14,123.14,,1775882.0
2021-01-08,123.46,124.59,122.84,124.02,,1577237.0
2021-01-11,123.43,126.25,123.21,125.08,,1746955.0
2021-01-12,125.26,125.31,123.18,123.93,,1817678.0
2021-01-13,124.41,124.99,123.71,123.94,,1530403.0
2021-01-14,124.23,125.12,122.81,123.02,,924869.0
2021-01-15,122.93,124.08,121.76,123.19,,2115363.0
2021-01-19,124.33,124.74,123.27,124.3,,1677240.0
2021-01-20,124.65,125.84,124.31,125.05,,1842980.0
2021-01-21,124.71,125.7,123.39,123.96,,1612125.0
2021-01-22,124.04,124.74,123.28,123.31,,1438728.0
2021-01-25,123.66,124.43,121.45,122.48,,1365448.0
2021-01-26,122.5,122.94,120.9,120.96,,1476631.0
2021-01-27,119.16,120.06,115.28,115.96,,1923527.0
2021-01-28,116.15,119.74,115.94,118.65,,1677877.0
2021-01-29,118.31,118.77,116.43,117.3,,1821960.0
2021-02-01,117.8,119.17,117.3,117.94,,1292732.0
2021-02-02,119.57,122.84,119.49,120.24,,1429186.0
2021-02-03,120.55,121.62,118.98,119.23,,1448494.0
2021-02-04,119.58,121.37,118.69,121.1,,1251162.0
2021-02-05,121.53,122.95,120.16,120.23,,1919710.0
2021-02-08,120.96,122.73,119.64,120.46,,2065323.0
2021-02-09,120.46,120.54,119.43,120.29,,1986201.0
2021-02-10,121.61,122.73,120.92,122.09,,1091030.0
2021-02-11,122.69,124.22,122.12,123.92,,1122166.0
2021-02-12,123.89,125.52,123.3,124.92,,1277987.0
2021-02-16,126.22,127.94,124.79,124.89,,2132498.0
2021-02-17,129.62,133.7,126.49,127.01,,4156809.0
2021-02-18,125.91,127.27,124.53,124.63,,1941522.0
2021-02-19,125.34,125.81,123.46,123.83,,1264231.0
2021-02-22,122.94,123.14,120.15,120.55,,1335940.0
2021-02-23,120.56,120.56,117.53,119.49,,2125365.0
2021-02-24,119.34,122.41,119.09,122.03,,1898362.0
2021-02-25,121.82,122.25,119.01,119.18,,1425040.0
2021-02-26,119.99,120.55,117.76,119.15,,1902721.0
2021-03-01,120.11,122.16,119.94,121.5,,1404367.0
2021-03-02,121.59,122.88,120.22,120.68,,1267347.0
2021-03-03,119.84,119.84,116.4,116.45,,1612442.0
2021-03-04,115.85,115.99,110.63,112.24,,2725019.0
2021-03-05,113.11,113.41,109.78,113.36,,2441519.0
2021-03-08,113.53,116.11,112.51,113.3,,2766588.0
2021-03-09,115.05,118.49,114.73,116.97,,2291212.0
2021-03-10,117.71,119.29,116.82,117.12,,1934557.0
2021-03-11,118.52,119.98,118.01,118.92,,1818696.0
2021-03-12,117.69,119.11,116.43,118.53,,1368747.0
2021-03-15,118.03,121.31,117.46,121.07,,1229988.0
2021-03-16,121.77,122.31,119.52,120.06,,1345485.0
2021-03-17,119.41,120.16,118.59,119.59,,1452950.0
2021-03-18,120.64,120.98,119.21,119.66,,2067597.0
2021-03-19,119.93,120.55,118.6,119.75,,2596984.0
2021-03-22,119.25,120.87,118.81,120.65,,1772948.0
2021-03-23,120.2,121.26,118.56,119.06,,1338263.0
2021-03-24,119.2,120.02,117.85,117.95,,1477529.0
2021-03-25,117.97,119.4,117.01,118.98,,967319.0
2021-03-26,119.61,122.7,119.11,122.63,,1441949.0
2021-03-29,121.89,122.81,120.78,122.42,,1539697.0
2021-03-30,121.63,122.69,121.43,121.85,,1033656.0
2021-03-31,122.94,125.4,122.94,124.1,,1815532.0
2021-04-01,124.94,125.23,123.97,124.64,,1126411.0
2021-04-05,126.1,127.68,126.1,127.08,,1096348.0
2021-04-06,127.64,128.9,126.95,128.1,,1623166.0
2021-04-07,127.32,127.64,125.64,126.43,,954555.0
2021-04-08,127.33,128.77,126.96,127.75,,925109.0
2021-04-09,128.51,128.96,127.8,128.95,,1552194.0
2021-04-12,128.49,129.21,127.9,128.32,,1166306.0
2021-04-13,128.64,130.27,128.52,129.98,,1593774.0
2021-04-14,130.11,130.23,128.02,129.01,,1499287.0
2021-04-15,129.03,130.93,129.03,130.29,,2121336.0
2021-04-16,131.04,131.62,130.17,131.56,,4495368.0
2021-04-19,131.36,131.62,130.08,130.5,,1071635.0
2021-04-20,130.01,130.55,128.85,129.48,,1261201.0
2021-04-21,129.89,130.94,129.05,130.82,,1173906.0
2021-04-22,131.02,132.41,130.82,131.51,,1732745.0
2021-04-23,131.55,134.04,131.48,133.61,,1495158.0
2021-04-26,134.13,134.73,133.61,134.25,,1287368.0
2021-04-27,133.85,134.35,133.17,133.41,,1752897.0
2021-04-28,132.94,133.44,131.68,131.77,,1603915.0
2021-04-29,132.37,132.37,130.54,131.14,,2135856.0
2021-04-30,130.89,131.63,130.16,130.64,,1514162.0
2021-05-03,131.27,131.29,129.63,130.2,,1032021.0
2021-05-04,129.15,129.53,127.42,127.96,,1752428.0
2021-05-05,129.12,131.08,128.3,130.37,,1430600.0
2021-05-06,129.34,129.62,127.83,129.43,,1150449.0
2021-05-07,130.2,131.79,130.2,130.89,,1044301.0
2021-05-10,130.75,130.92,128.8,128.91,,1034320.0
2021-05-11,127.34,128.88,126.4,128.47,,1336638.0
2021-05-12,127.41,128.22,125.58,125.75,,1256451.0
2021-05-13,126.7,127.82,126.36,127.1,,805888.0
2021-05-14,127.54,128.73,127.52,128.2,,775091.0
2021-05-17,127.9,128.11,126.99,127.19,,886752.0
2021-05-18,127.03,127.03,125.79,125.86,,1777626.0
2021-05-19,124.73,127.35,124.27,127.28,,1119359.0
2021-05-20,127.68,129.81,127.68,129.18,,1035108.0
2021-05-21,129.69,131.12,129.25,129.33,,1445930.0
2021-05-24,130.51,131.39,129.55,130.34,,1312632.0
2021-05-25,130.41,131.77,130.02,130.24,,1890576.0
2021-05-26,133.24,134.9,130.26,130.3,,2498437.0
2021-05-27,130.32,135.04,130.17,134.45,,3699620.0
2021-05-28,135.49,136.08,134.9,135.03,,1264413.0
2021-06-01,136.04,137.17,132.52,134.12,,2015768.0
2021-06-02,134.04,135.11,132.83,133.5,,1395730.0
2021-06-03,132.94,133.83,132.69,133.31,,1228739.0
2021-06-04,134.61,135.3,134.3,134.8,,1069659.0
2021-06-07,134.99,135.47,134.28,134.56,,935962.0
2021-06-08,135.49,135.8,134.48,135.63,,1143859.0
2021-06-09,136.0,137.22,135.75,136.98,,961367.0
2021-06-10,137.17,140.13,136.86,139.85,,1462432.0
2021-06-11,140.14,140.37,138.71,140.31,,995129.0
2021-06-14,140.28,141.19,139.55,141.15,,934184.0
2021-06-15,141.6,141.9,140.8,141.37,,1035800.0
2021-06-16,141.41,141.82,139.71,140.36,,1661503.0
2021-06-17,140.27,144.36,140.27,143.62,,2822452.0
2021-06-18,143.02,143.53,141.68,141.75,,3220680.0
2021-06-21,142.15,143.39,140.5,143.12,,1266066.0
2021-06-22,143.08,144.36,142.55,143.34,,1366205.0
2021-06-23,143.42,144.73,143.14,143.93,,1455656.0
2021-06-24,144.6,145.0,143.28,143.37,,1426785.0
2021-06-25,143.71,144.44,142.93,143.97,,8445127.0
2021-06-28,144.31,144.71,143.14,144.61,,1645037.0
2021-06-29,144.25,145.5,144.21,145.47,,816711.0
2021-06-30,145.34,145.44,143.37,144.49,,1259303.0
2021-07-01,144.45,145.03,143.71,144.47,,1426535.0
2021-07-02,144.97,145.73,144.13,145.67,,1400683.0
2021-07-06,146.07,146.07,145.33,145.82,,1973342.0
2021-07-07,146.42,146.45,144.95,146.32,,2286351.0
2021-07-08,144.93,145.8,144.16,145.68,,1891736.0
2021-07-09,146.32,147.05,145.76,146.85,,1596790.0
2021-07-12,147.46,147.8,146.01,146.34,,1480456.0
2021-07-13,145.95,146.37,145.05,146.11,,1456502.0
2021-07-14,146.68,146.69,145.31,145.48,,1218451.0
2021-07-15,145.2,146.15,144.71,145.8,,1733572.0
2021-07-16,146.17,146.64,145.13,145.77,,2169757.0
2021-07-19,144.53,144.83,143.84,144.45,,1835098.0
2021-07-20,145.3,148.04,144.7,146.14,,2245988.0
2021-07-21,146.32,146.73,144.47,145.79,,2255711.0
2021-07-22,146.54,147.31,145.52,147.11,,1972884.0
2021-07-23,147.4,149.18,147.24,149.08,,2132038.0
2021-07-26,148.51,148.95,146.6,147.07,,1767670.0
2021-07-27,146.13,146.82,145.71,146.77,,2085729.0
2021-07-28,146.82,148.75,146.33,148.25,,2179785.0
2021-07-29,148.77,150.21,148.21,149.43,,1525377.0
2021-07-30,149.29,150.34,148.8,149.98,,2310071.0
2021-08-02,150.79,151.03,149.29,149.83,,1438321.0
2021-08-03,150.45,150.71,149.52,150.6,,1859655.0
2021-08-04,150.7,151.43,150.24,151.0,,1786735.0
2021-08-05,151.19,151.87,150.09,151.75,,1667633.0
2021-08-06,151.48,152.59,151.2,152.4,,1209255.0
2021-08-09,152.77,153.48,151.73,153.22,,982915.0
2021-08-10,153.59,154.27,152.6,153.2,,1575880.0
2021-08-11,153.37,153.66,152.55,153.2,,1402559.0
2021-08-12,153.19,155.16,152.81,154.8,,1376083.0
2021-08-13,155.04,155.89,154.05,155.86,,1732618.0
2021-08-16,156.01,159.08,155.14,158.64,,2154532.0
2021-08-17,158.3,158.41,155.92,157.5,,2614179.0
2021-08-18,159.74,161.86,158.65,159.57,,2860938.0
2021-08-19,158.31,165.5,158.19,164.12,,2179741.0
2021-08-20,164.27,167.12,163.51,164.57,,2023469.0
2021-08-23,165.84,166.96,164.57,166.4,,2061439.0
2021-08-24,166.62,167.58,165.63,166.96,,1238618.0
2021-08-25,166.47,169.86,166.47,169.63,,1411986.0
2021-08-26,169.72,170.77,168.45,169.91,,1273360.0
2021-08-27,170.34,171.39,169.32,170.13,,1185870.0
2021-08-30,170.18,173.37,170.18,172.98,,1221481.0
2021-08-31,173.35,173.44,171.13,171.75,,1733269.0
2021-09-01,171.33,172.02,170.68,171.73,,1428976.0
2021-09-02,172.71,174.56,171.98,174.25,,1194001.0
2021-09-03,173.9,175.76,173.28,175.48,,971760.0
2021-09-07,175.48,175.56,173.04,173.95,,1252069.0
2021-09-08,173.66,175.38,172.83,174.94,,1174601.0
2021-09-09,175.28,175.56,173.27,173.47,,1010046.0
2021-09-10,173.95,175.51,173.42,173.47,,1086308.0
2021-09-13,173.9,174.23,166.61,168.43,,2274484.0
2021-09-14,168.89,170.29,168.12,168.77,,1337413.0
2021-09-15,168.42,171.42,167.76,170.11,,1535318.0
2021-09-16,170.24,170.24,167.47,169.61,,1141995.0
2021-09-17,170.23,173.6,169.14,170.25,,2405719.0
2021-09-20,166.89,168.92,165.53,167.71,,1599479.0
2021-09-21,168.65,169.92,167.56,167.81,,1059767.0
2021-09-22,168.53,169.65,167.28,168.79,,981018.0
2021-09-23,169.82,170.66,168.83,169.11,,1654791.0
2021-09-24,168.44,169.41,167.57,168.75,,1041912.0
2021-09-27,167.43,167.52,160.78,162.85,,1419754.0
2021-09-28,160.71,160.85,155.42,156.51,,2541015.0
2021-09-29,157.97,158.38,156.44,156.61,,1268214.0
2021-09-30,157.81,159.04,154.12,154.19,,1542804.0
2021-10-01,153.82,154.16,149.81,152.68,,1881934.0
2021-10-04,152.14,153.18,148.24,149.32,,1758404.0
2021-10-05,150.42,152.67,149.3,149.98,,1494305.0
2021-10-06,149.51,151.18,148.6,150.59,,1794778.0
2021-10-07,151.97,154.34,151.86,152.22,,1002863.0
2021-10-08,153.06,153.79,149.07,149.43,,904116.0
2021-10-11,148.47,149.32,146.89,147.03,,1106340.0
2021-10-12,148.16,148.16,143.38,145.0,,1809987.0
2021-10-13,146.11,147.87,145.77,147.22,,1509180.0
2021-10-14,148.6,150.42,148.6,149.55,,1434114.0
2021-10-15,150.09,150.82,149.51,150.21,,1397821.0
2021-10-18,150.57,152.32,149.35,151.69,,1183713.0
2021-10-19,152.85,154.32,152.45,152.52,,1025510.0
2021-10-20,153.8,154.97,153.19,154.45,,1053067.0
2021-10-21,154.56,154.87,151.45,153.81,,1405098.0
2021-10-22,153.82,155.54,153.77,154.82,,772154.0
2021-10-25,154.75,155.36,153.62,155.18,,1088178.0
2021-10-26,156.45,156.73,153.91,155.03,,1016357.0
2021-10-27,155.14,155.34,151.74,152.16,,1472593.0
2021-10-28,152.87,154.64,151.11,152.65,,1752595.0
2021-10-29,152.04,154.43,151.36,154.35,,1999808.0
2021-11-01,154.24,154.85,152.69,153.93,,1326900.0
2021-11-02,154.41,154.85,152.34,154.7,,1714145.0
2021-11-03,154.88,155.13,151.49,155.04,,1256624.0
2021-11-04,154.71,155.76,153.24,154.51,,1015752.0
2021-11-05,153.45,153.68,149.39,153.29,,1775553.0
2021-11-08,153.87,157.94,153.43,157.73,,1466981.0
2021-11-09,157.73,158.99,156.34,156.62,,1016961.0
2021-11-10,156.03,156.79,152.95,156.1,,1093196.0
2021-11-11,157.08,157.82,154.78,155.62,,935490.0
2021-11-12,156.54,157.85,154.56,157.67,,1441915.0
2021-11-15,158.03,159.09,154.36,154.63,,1121448.0
2021-11-16,153.92,159.75,153.83,158.17,,1276264.0
2021-11-17,158.69,158.69,156.71,158.32,,872431.0
2021-11-18,159.29,159.58,157.2,158.93,,1476011.0
2021-11-19,159.76,161.78,159.43,161.02,,1647657.0
2021-11-22,161.71,162.38,159.53,159.53,,2112504.0
2021-11-23,152.78,156.14,148.74,151.69,,3141511.0
2021-11-24,150.69,151.59,148.08,149.92,,2291441.0
2021-11-26,150.23,155.92,148.55,149.04,,1632227.0
2021-11-29,150.01,152.28,148.54,150.36,,1734578.0
2021-11-30,150.29,152.6,146.71,147.89,,3900525.0
2021-12-01,148.11,149.8,145.14,145.25,,1800900.0
2021-12-02,144.96,149.43,144.78,147.98,,1514140.0
2021-12-03,148.79,149.95,144.77,146.35,,1412565.0
2021-12-06,146.36,149.01,144.83,148.45,,1803458.0
2021-12-07,149.79,153.12,149.57,150.73,,1422695.0
2021-12-08,151.67,153.27,150.88,153.19,,1491465.0
2021-12-09,153.38,154.85,151.43,151.53,,1272365.0
2021-12-10,151.45,153.22,151.01,153.14,,1463881.0
2021-12-13,154.2,154.75,152.05,153.17,,1413801.0
2021-12-14,151.8,152.63,147.11,148.85,,1869109.0
2021-12-15,149.71,151.51,147.62,151.23,,2055069.0
2021-12-16,151.22,152.79,147.46,147.79,,2085566.0
2021-12-17,147.35,149.55,145.09,148.4,,2628690.0
2021-12-20,147.75,149.14,145.58,147.42,,2027207.0
2021-12-21,147.99,150.99,147.61,150.89,,1496640.0
2021-12-22,151.37,154.03,151.17,153.65,,1907868.0
2021-12-23,154.15,155.69,153.53,154.65,,1411035.0
2021-12-27,155.65,156.65,154.05,155.57,,951771.0
2021-12-28,156.5,156.6,154.97,156.01,,764279.0
2021-12-29,156.64,158.17,156.0,157.45,,833052.0
2021-12-30,157.9,159.38,157.4,157.67,,771020.0
2021-12-31,157.15,158.23,156.34,156.47,,1296229.0
2022-01-03,156.04,156.47,151.06,153.56,,1606323.0
2022-01-04,152.59,152.73,146.91,148.37,,2233958.0
2022-01-05,148.02,150.25,145.76,145.83,,2370529.0
2022-01-06,146.08,147.17,142.87,146.34,,2298277.0
2022-01-07,146.34,146.94,142.39,142.45,,2058658.0
2022-01-10,140.62,142.6,138.24,142.46,,2548145.0
2022-01-11,142.3,144.2,141.13,143.91,,2028671.0
2022-01-12,145.05,147.59,144.8,146.72,,2250847.0
2022-01-13,146.68,146.75,142.15,142.47,,1741764.0
2022-01-14,141.36,142.45,139.71,141.98,,2225442.0
2022-01-18,139.77,140.57,137.73,137.85,,1852023.0
2022-01-19,138.05,140.92,137.65,137.81,,1462159.0
2022-01-20,138.75,140.47,136.46,136.88,,1861384.0
2022-01-21,136.94,137.87,134.93,134.95,,1878663.0
2022-01-24,133.84,135.91,128.83,135.55,,2155299.0
2022-01-25,132.84,134.07,130.18,132.06,,1705313.0
2022-01-26,133.01,135.47,129.81,131.02,,1999575.0
2022-01-27,132.76,133.82,129.23,129.63,,1715819.0
2022-01-28,130.52,134.84,128.77,134.51,,2174805.0
2022-01-31,134.76,136.87,134.42,136.72,,1702950.0
2022-02-01,137.91,138.64,135.87,138.4,,1655987.0
2022-02-02,138.36,142.06,138.16,141.55,,1475727.0
2022-02-03,139.35,141.1,138.38,139.15,,914265.0
2022-02-04,138.84,139.69,137.07,138.49,,1087398.0
2022-02-07,138.86,139.83,137.21,137.75,,1444112.0
2022-02-08,136.52,138.78,135.72,138.19,,1515402.0
2022-02-09,140.07,142.4,139.5,141.75,,1216888.0
2022-02-10,138.92,141.36,137.96,139.02,,1063719.0
2022-02-11,138.49,139.86,133.7,134.64,,1321937.0
2022-02-14,134.41,135.12,131.6,132.69,,2205269.0
2022-02-15,134.69,135.49,132.22,133.38,,2368248.0
2022-02-16,133.02,133.07,129.65,132.63,,3187467.0
2022-02-17,132.13,132.13,127.29,127.82,,2577819.0
2022-02-18,128.07,130.94,127.58,129.59,,3614196.0
2022-02-22,128.43,130.22,126.85,128.06,,3044217.0
2022-02-23,127.46,131.87,123.6,123.65,,3938702.0
2022-02-24,121.4,126.23,120.77,125.76,,3430243.0
2022-02-25,126.44,131.26,125.54,131.24,,3144478.0
2022-02-28,129.57,130.4,126.75,127.93,,3096424.0
2022-03-01,128.39,130.44,127.66,129.47,,2634071.0
2022-03-02,130.21,131.46,129.34,130.68,,1863110.0
2022-03-03,131.24,135.43,130.95,134.61,,3592139.0
2022-03-04,133.32,134.57,129.68,131.4,,3848511.0
2022-03-07,131.06,131.06,126.04,127.91,,2376504.0
2022-03-08,126.24,130.03,125.16,126.91,,2375483.0
2022-03-09,130.38,131.44,128.75,130.78,,1805585.0
2022-03-10,128.95,132.01,128.84,131.83,,1933127.0
2022-03-11,132.91,133.9,127.74,127.88,,1815769.0
2022-03-14,128.56,129.8,124.54,125.2,,1737149.0
2022-03-15,126.81,128.71,126.46,127.85,,1649205.0
2022-03-16,129.47,133.08,128.85,132.48,,1673086.0
2022-03-17,131.5,134.3,131.12,134.27,,1167918.0
2022-03-18,133.67,136.8,133.67,136.53,,2744506.0
2022-03-21,135.07,137.19,134.46,135.57,,1247085.0
2022-03-22,135.44,137.59,135.09,136.7,,1971700.0
2022-03-23,135.28,135.38,130.96,131.68,,1337390.0
2022-03-24,132.38,134.04,131.1,133.87,,1346742.0
2022-03-25,134.74,135.1,131.21,133.18,,1403630.0
2022-03-28,133.71,134.69,131.96,132.9,,1568085.0
2022-03-29,135.64,136.72,134.65,135.84,,1608646.0
2022-03-30,135.36,135.64,132.01,132.94,,1439798.0
2022-03-31,132.65,134.24,129.83,129.86,,3046440.0
2022-04-01,131.68,132.09,129.4,131.47,,1466879.0
2022-04-04,131.57,133.08,130.62,132.5,,1388006.0
2022-04-05,131.8,133.1,130.58,130.98,,1785503.0
2022-04-06,129.75,131.04,127.64,130.44,,2249499.0
2022-04-07,130.63,134.74,129.96,133.61,,1956231.0
2022-04-08,133.39,134.64,132.35,132.56,,2070939.0
2022-04-11,130.94,131.59,128.23,129.02,,2308213.0
2022-04-12,129.44,129.93,122.89,123.25,,2657493.0
2022-04-13,123.12,126.33,122.77,126.1,,2735911.0
2022-04-14,126.22,126.75,123.42,124.28,,3360677.0
2022-04-18,124.28,124.58,121.02,121.72,,1597266.0
2022-04-19,121.59,124.66,121.58,124.37,,1579969.0
2022-04-20,125.53,128.09,124.67,127.16,,2011105.0
2022-04-21,128.13,128.79,122.71,123.15,,2177667.0
2022-04-22,122.64,122.96,119.08,119.25,,1947222.0
2022-04-25,117.49,119.53,116.21,119.37,,2236881.0
2022-04-26,118.93,119.21,115.24,115.92,,2928082.0
2022-04-27,116.18,118.78,115.52,115.67,,2007479.0
2022-04-28,117.48,119.48,115.91,118.99,,3152172.0
2022-04-29,118.65,121.77,117.01,117.23,,2269171.0
2022-05-02,116.36,118.28,114.5,117.53,,1756159.0
2022-05-03,117.67,121.86,117.05,120.31,,3217838.0
2022-05-04,119.61,124.52,119.36,124.14,,2454301.0
2022-05-05,122.49,123.07,118.73,120.06,,2123645.0
2022-05-06,118.81,119.8,115.98,119.01,,1629034.0
2022-05-09,117.09,117.09,110.71,111.18,,1861704.0
2022-05-10,113.47,115.92,111.21,114.65,,2141753.0
2022-05-11,113.72,115.98,111.89,112.04,,1607013.0
2022-05-12,111.67,114.26,110.85,114.14,,1338023.0
2022-05-13,115.37,118.65,115.26,117.34,,1328411.0
2022-05-16,117.58,118.96,116.8,118.24,,2011653.0
2022-05-17,120.6,121.58,119.37,120.98,,2216184.0
2022-05-18,119.12,119.82,118.25,118.72,,1335997.0
2022-05-19,118.25,121.47,117.49,120.31,,2310072.0
2022-05-20,121.91,123.43,120.35,122.99,,2594718.0
2022-05-23,124.29,124.31,121.64,123.83,,2037143.0
2022-05-24,123.18,123.85,121.68,122.28,,2187684.0
2022-05-25,125.03,125.28,117.14,118.32,,3524637.0
2022-05-26,118.69,122.1,118.65,121.73,,1768031.0
2022-05-27,122.78,128.53,122.36,128.32,,2698841.0
2022-05-31,126.71,127.85,124.55,125.38,,3403072.0
2022-06-01,125.67,126.77,120.34,120.99,,1757620.0
2022-06-02,120.86,126.98,120.21,126.89,,1444413.0
2022-06-03,125.44,126.52,124.25,126.29,,1722770.0
2022-06-06,127.17,127.78,124.8,125.45,,1310578.0
2022-06-07,124.41,128.96,124.41,126.7,,1236306.0
2022-06-08,125.69,126.44,124.24,124.67,,1049455.0
2022-06-09,123.93,124.75,122.01,122.02,,814426.0
2022-06-10,119.55,119.84,117.85,118.51,,1379592.0
2022-06-13,114.49,115.69,113.41,114.29,,1405810.0
2022-06-14,114.01,114.7,111.31,114.03,,1314047.0
2022-06-15,115.24,115.76,111.82,114.48,,1886299.0
2022-06-16,111.85,113.11,111.42,112.99,,1601588.0
2022-06-17,112.81,114.73,110.74,110.78,,2681452.0
2022-06-21,112.45,113.59,111.81,111.93,,1588225.0
2022-06-22,110.73,113.11,110.6,111.85,,2585285.0
2022-06-23,112.64,116.72,112.32,116.57,,1801564.0
2022-06-24,117.9,119.27,116.42,119.22,,3780403.0
2022-06-27,119.75,120.2,117.8,118.51,,1805698.0
2022-06-28,118.39,119.17,114.72,115.06,,1426079.0
2022-06-29,115.19,116.51,114.25,115.88,,906648.0
2022-06-30,114.02,117.9,114.02,116.74,,1611981.0
2022-07-01,116.96,117.92,114.91,117.38,,1119770.0
2022-07-05,115.94,118.82,114.7,118.71,,1484902.0
2022-07-06,118.94,120.46,118.7,119.32,,1642289.0
2022-07-07,119.13,121.33,118.77,121.26,,1221228.0
2022-07-08,119.1,121.32,119.1,120.63,,1267400.0
2022-07-11,119.74,121.56,119.15,121.23,,1304407.0
2022-07-12,120.55,121.51,116.92,117.41,,1196763.0
2022-07-13,115.61,117.86,115.06,116.83,,1378011.0
2022-07-14,115.3,115.92,111.28,114.1,,1347360.0
2022-07-15,115.97,117.05,114.22,117.0,,969438.0
2022-07-18,117.12,117.56,112.7,113.34,,1178166.0
2022-07-19,115.19,117.51,114.58,117.23,,1296959.0
2022-07-20,118.09,119.35,117.42,118.02,,1316597.0
2022-07-21,120.24,125.38,120.24,125.24,,1682559.0
2022-07-22,125.45,126.56,122.4,123.12,,1079466.0
2022-07-25,123.13,123.48,121.3,122.35,,1044007.0
2022-07-26,122.74,123.7,121.47,123.25,,1259957.0
2022-07-27,123.12,126.36,122.79,125.75,,1395945.0
2022-07-28,126.2,129.8,124.83,129.09,,1861392.0
2022-07-29,129.25,132.43,128.89,132.04,,2214917.0
2022-08-01,131.46,133.15,131.21,131.38,,1081837.0
2022-08-02,130.37,132.61,129.08,129.26,,1398687.0
2022-08-03,131.4,133.18,130.98,132.49,,2113206.0
2022-08-04,132.62,132.93,130.7,131.71,,895554.0
2022-08-05,130.24,131.78,129.73,131.56,,675823.0
2022-08-08,132.14,132.35,130.11,130.48,,1257078.0
2022-08-09,130.46,130.46,126.05,126.9,,894724.0
2022-08-10,129.35,130.73,128.15,130.54,,1022142.0
2022-08-11,130.87,133.05,129.57,129.92,,1162499.0
2022-08-12,130.23,131.58,129.41,131.5,,865778.0
2022-08-15,131.23,132.55,130.63,131.84,,1291166.0
2022-08-16,130.85,131.37,129.64,130.73,,1809979.0
2022-08-17,146.55,146.71,137.88,140.1,,4110100.0
2022-08-18,139.7,139.78,136.63,137.82,,1740337.0
2022-08-19,137.21,137.58,135.15,135.5,,1477480.0
2022-08-22,133.22,133.94,131.51,131.88,,1250729.0
2022-08-23,131.06,132.04,130.01,130.6,,1188279.0
2022-08-24,130.98,132.47,130.61,131.62,,1020493.0
2022-08-25,133.22,133.99,131.93,133.92,,969054.0
2022-08-26,133.91,133.96,127.79,127.87,,1252797.0
2022-08-29,126.46,127.36,125.23,126.14,,867312.0
2022-08-30,126.53,127.04,125.2,126.31,,1772371.0
2022-08-31,127.39,128.23,126.03,126.28,,1890926.0
2022-09-01,125.67,127.13,124.27,126.95,,1282033.0
2022-09-02,127.8,128.27,125.17,126.04,,1695916.0
2022-09-06,127.39,128.56,125.76,127.31,,1533527.0
2022-09-07,126.99,129.8,126.63,129.41,,1254602.0
2022-09-08,128.92,133.19,128.7,133.11,,1355167.0
2022-09-09,133.89,135.8,133.35,135.51,,2425230.0
2022-09-12,135.42,137.85,135.12,137.72,,1851144.0
2022-09-13,134.22,135.3,131.39,131.49,,1586967.0
2022-09-14,131.74,133.28,130.06,131.2,,1577007.0
2022-09-15,131.75,133.43,130.62,131.11,,1446479.0
2022-09-16,130.09,130.1,126.31,127.89,,2300604.0
2022-09-19,126.81,128.78,126.39,128.71,,1059566.0
2022-09-20,127.12,127.61,124.87,126.17,,1274706.0
2022-09-21,126.75,128.57,124.38,124.54,,1105658.0
2022-09-22,123.62,124.1,121.86,122.48,,1374943.0
2022-09-23,121.83,122.52,119.57,121.58,,1481866.0
2022-09-26,121.29,122.34,119.76,120.43,,1733060.0
2022-09-27,121.97,122.16,118.75,119.74,,1040450.0
2022-09-28,120.88,122.52,119.73,121.82,,1361213.0
2022-09-29,120.92,122.33,120.4,120.85,,1312774.0
2022-09-30,121.13,123.2,119.51,119.68,,1624289.0
2022-10-03,121.04,125.55,120.01,124.64,,1343211.0
2022-10-04,127.02,129.75,126.81,129.61,,1647799.0
2022-10-05,128.2,131.7,127.72,130.82,,1567683.0
2022-10-06,130.48,131.98,129.79,130.36,,1218384.0
2022-10-07,128.66,129.13,125.22,125.69,,1154691.0
2022-10-10,126.29,126.29,122.6,124.22,,1246005.0
2022-10-11,123.28,126.13,122.45,123.91,,1985348.0
2022-10-12,124.47,125.35,123.55,123.96,,1069633.0
2022-10-13,121.31,127.06,120.67,126.14,,1553552.0
2022-10-14,127.23,128.43,123.75,123.97,,1217213.0
2022-10-17,125.63,129.29,125.63,128.77,,1197928.0
2022-10-18,132.08,132.83,129.4,130.48,,1038147.0
2022-10-19,128.32,128.48,125.49,127.19,,1033987.0
2022-10-20,126.07,127.96,123.88,124.21,,1897350.0
2022-10-21,124.63,128.34,123.11,128.1,,1067047.0
2022-10-24,129.33,131.3,128.02,130.48,,1045328.0
2022-10-25,130.48,133.24,130.48,132.65,,1205999.0
2022-10-26,132.58,137.4,132.16,135.8,,1381919.0
2022-10-27,135.37,136.09,133.47,134.62,,930704.0
2022-10-28,134.51,137.21,133.17,136.86,,901955.0
2022-10-31,135.8,137.02,135.46,136.45,,1307634.0
2022-11-01,137.58,139.41,136.16,138.96,,1182851.0
2022-11-02,138.68,139.0,133.35,133.41,,1806134.0
2022-11-03,131.93,134.0,128.87,132.61,,1199461.0
2022-11-04,133.79,135.12,131.28,134.21,,1272088.0
2022-11-07,134.97,136.18,133.7,136.13,,1213652.0
2022-11-08,136.6,138.75,134.72,136.84,,1028120.0
2022-11-09,136.41,137.51,134.78,135.12,,971246.0
2022-11-10,140.91,144.7,140.57,144.29,,1591960.0
2022-11-11,145.1,147.68,144.34,146.27,,1227498.0
2022-11-14,146.96,147.65,144.29,144.37,,1206578.0
2022-11-15,146.23,147.41,144.48,145.97,,1299334.0
2022-11-16,146.15,146.71,144.34,145.1,,1476733.0
2022-11-17,143.33,143.56,140.21,142.46,,1465186.0
2022-11-18,144.67,145.92,142.17,144.18,,1283616.0
2022-11-21,143.62,145.14,142.45,143.15,,1691900.0
2022-11-22,149.89,155.28,149.89,154.71,,3512716.0
2022-11-23,154.52,155.12,152.23,153.22,,1444152.0
2022-11-25,152.96,154.8,152.59,154.8,,642657.0
2022-11-28,153.73,154.7,149.65,150.21,,1386282.0
2022-11-29,149.79,150.8,148.42,148.87,,954556.0
2022-11-30,149.3,152.85,147.05,152.85,,2867702.0
2022-12-01,154.58,154.83,152.3,153.98,,1372400.0
2022-12-02,151.86,154.58,151.48,153.53,,1183218.0
2022-12-05,151.73,151.78,149.17,150.6,,1124725.0
2022-12-06,150.06,150.9,147.85,149.27,,1172286.0
2022-12-07,149.15,152.24,149.05,151.62,,1011085.0
2022-12-08,152.3,154.83,151.38,154.13,,1289903.0
2022-12-09,153.53,154.55,150.58,150.85,,1020219.0
2022-12-12,151.89,153.84,151.32,153.2,,1071384.0
2022-12-13,157.01,158.06,154.61,155.49,,1534443.0
2022-12-14,155.1,156.26,152.04,152.68,,1344449.0
2022-12-15,150.71,150.94,148.18,148.79,,1483896.0
2022-12-16,147.56,147.89,145.87,147.25,,2436691.0
2022-12-19,146.86,147.08,144.23,144.93,,1277354.0
2022-12-20,145.25,147.13,143.88,145.9,,1548169.0
2022-12-21,146.89,148.21,145.86,148.03,,1248131.0
2022-12-22,146.37,147.14,144.6,146.96,,1166795.0
2022-12-23,146.96,148.19,146.18,147.18,,779426.0
2022-12-27,147.18,147.75,145.28,147.5,,879543.0
2022-12-28,147.72,149.29,145.61,146.06,,784312.0
2022-12-29,147.56,149.81,146.97,149.01,,854392.0
2022-12-30,147.93,148.01,146.02,147.82,,699759.0
2023-01-03,150.1,151.25,146.65,148.2,,1414284.0
2023-01-04,149.79,151.17,148.4,149.81,,1247420.0
2023-01-05,148.16,151.19,146.95,150.25,,1714636.0
2023-01-06,152.47,152.75,141.26,145.86,,2444990.0
2023-01-09,147.86,149.43,145.39,145.66,,1269574.0
2023-01-10,148.34,153.64,146.93,153.33,,1565749.0
2023-01-11,153.33,156.64,153.33,156.23,,1241899.0
2023-01-12,156.22,156.66,153.68,154.57,,809123.0
2023-01-13,153.63,155.35,152.61,155.0,,921756.0
2023-01-17,154.76,156.17,153.13,153.5,,1602206.0
2023-01-18,154.35,156.22,151.76,152.18,,1150652.0
2023-01-19,151.7,153.02,150.28,151.0,,1017395.0
2023-01-20,151.62,154.1,150.54,154.01,,1343724.0
2023-01-23,154.09,157.63,153.76,157.11,,974865.0
2023-01-24,154.36,156.57,152.57,153.78,,1121545.0
2023-01-25,152.11,154.63,150.96,153.85,,736164.0
2023-01-26,155.05,155.73,153.29,154.32,,776264.0
2023-01-27,153.84,155.04,152.91,153.78,,646223.0
2023-01-30,152.61,153.61,149.03,149.88,,1401052.0
2023-01-31,149.75,151.58,148.37,150.22,,1995389.0
2023-02-01,151.43,154.38,149.86,153.55,,1499912.0
2023-02-02,154.74,155.38,152.87,153.6,,1725558.0
2023-02-03,151.29,153.52,150.86,152.66,,992821.0
2023-02-06,150.86,152.51,149.51,150.37,,771456.0
2023-02-07,149.63,153.06,149.28,152.62,,1126669.0
2023-02-08,151.76,153.27,151.35,152.53,,1073479.0
2023-02-09,153.76,154.41,149.68,150.51,,852195.0
2023-02-10,149.94,151.12,149.22,150.68,,934821.0
2023-02-13,151.39,152.77,150.15,152.71,,925379.0
2023-02-14,152.45,153.84,149.59,151.17,,895375.0
2023-02-15,150.36,150.46,148.46,149.89,,982411.0
2023-02-16,146.99,148.32,145.43,146.46,,1101687.0
2023-02-17,145.46,147.12,144.7,146.44,,1194846.0
2023-02-21,144.8,144.85,140.88,141.66,,1693824.0
2023-02-22,141.61,141.68,139.22,140.34,,1691273.0
2023-02-23,140.35,141.82,139.58,141.45,,1511552.0
2023-02-24,139.73,140.5,137.02,139.47,,1522068.0
2023-02-27,141.13,142.0,140.07,140.44,,1149572.0
2023-02-28,140.01,141.62,139.66,140.23,,2342545.0
2023-03-01,136.88,138.28,134.58,135.83,,3133003.0
2023-03-02,134.63,139.98,134.41,139.93,,1879178.0
2023-03-03,140.79,142.67,140.24,142.17,,1147878.0
2023-03-06,141.59,143.65,140.93,141.48,,1153577.0
2023-03-07,141.8,141.9,138.51,138.61,,1088388.0
2023-03-08,138.43,139.85,137.67,139.17,,1136076.0
2023-03-09,139.53,140.26,136.61,137.23,,1328860.0
2023-03-10,137.48,137.73,133.06,134.06,,1895992.0
2023-03-13,133.89,136.59,133.11,135.02,,1771364.0
2023-03-14,136.74,137.89,134.76,136.7,,1255370.0
2023-03-15,134.26,134.26,130.58,132.39,,2016723.0
2023-03-16,132.33,135.37,130.75,135.14,,1789312.0
2023-03-17,135.21,135.24,131.1,131.55,,2045953.0
2023-03-20,131.51,133.72,131.1,132.89,,1704510.0
2023-03-21,133.9,135.74,133.56,135.33,,1392258.0
2023-03-22,135.28,135.85,131.96,132.09,,1268528.0
2023-03-23,133.01,133.42,127.79,129.52,,3297906.0
2023-03-24,128.55,130.36,126.65,130.34,,1571589.0
2023-03-27,131.94,132.97,131.1,131.44,,1216331.0
2023-03-28,130.92,131.68,130.39,131.01,,942618.0
2023-03-29,132.31,132.6,131.01,132.21,,1002779.0
2023-03-30,133.61,133.88,131.69,132.84,,1468195.0
2023-03-31,133.74,137.03,133.21,136.65,,2579848.0
2023-04-03,135.96,136.62,134.56,136.39,,1551755.0
2023-04-04,136.78,137.63,136.07,136.74,,1778667.0
2023-04-05,136.27,137.79,135.22,136.62,,2312060.0
2023-04-06,136.54,136.66,135.14,136.56,,1206189.0
2023-04-10,135.92,136.61,134.41,136.55,,1104566.0
2023-04-11,137.39,138.44,136.68,137.05,,1241084.0
2023-04-12,138.7,139.85,136.35,136.89,,1058466.0
2023-04-13,137.7,139.97,137.51,139.78,,1030933.0
2023-04-14,138.87,139.69,137.45,137.72,,954261.0
2023-04-17,138.13,138.72,137.41,138.7,,1115514.0
2023-04-18,139.23,139.49,136.74,137.52,,1218852.0
2023-04-19,136.9,138.13,136.22,137.45,,1178444.0
2023-04-20,135.4,135.59,133.44,134.09,,1325862.0
2023-04-21,134.76,137.09,134.76,137.03,,1533653.0
2023-04-24,137.32,138.04,136.62,137.01,,856654.0
2023-04-25,135.09,135.32,128.34,128.98,,2154945.0
2023-04-26,126.79,132.42,126.75,131.7,,2996440.0
2023-04-27,131.55,132.44,129.93,131.83,,1125334.0
2023-04-28,132.03,135.47,132.03,133.99,,2032773.0
2023-05-01,134.57,135.68,134.32,134.63,,1012903.0
2023-05-02,133.58,135.7,132.83,133.09,,1629649.0
2023-05-03,134.44,135.09,133.2,133.34,,1529073.0
2023-05-04,133.94,134.59,132.34,132.46,,1103693.0
2023-05-05,133.86,133.97,130.5,131.88,,1890201.0
2023-05-08,132.58,132.78,130.35,131.04,,1005342.0
2023-05-09,127.13,127.13,124.03,126.0,,3437064.0
2023-05-10,127.34,127.53,124.82,126.7,,1255711.0
2023-05-11,125.82,126.34,124.14,126.3,,1580572.0
2023-05-12,127.31,127.31,125.18,126.13,,1422587.0
2023-05-15,126.58,126.83,125.4,126.63,,1262766.0
2023-05-16,125.62,126.04,124.45,124.95,,1190020.0
2023-05-17,125.69,126.43,124.44,126.41,,1968194.0
2023-05-18,126.29,127.95,125.14,127.77,,1637179.0
2023-05-19,128.21,129.08,127.25,127.5,,1480380.0
2023-05-22,127.29,128.37,126.93,127.72,,1764588.0
2023-05-23,127.66,129.15,126.55,127.27,,2784447.0
2023-05-24,113.97,119.8,112.07,119.7,,6850380.0
2023-05-25,120.12,120.12,116.38,118.22,,3218919.0
2023-05-26,118.79,119.44,117.12,119.14,,2089133.0
2023-05-30,118.73,120.01,116.42,116.48,,2094836.0
2023-05-31,115.75,115.9,113.57,114.44,,3992611.0
2023-06-01,115.73,116.38,113.78,115.02,,3966268.0
2023-06-02,116.52,117.15,114.79,116.96,,3263054.0
2023-06-05,117.32,118.49,115.84,117.09,,1991364.0
2023-06-06,117.52,117.95,115.4,116.19,,1758822.0
2023-06-07,115.92,116.12,113.92,115.35,,3643539.0
2023-06-08,114.7,115.66,113.44,113.47,,2558840.0
2023-06-09,114.35,114.77,112.95,114.56,,1981556.0
2023-06-12,114.63,117.39,114.59,117.28,,2747813.0
2023-06-13,117.42,119.87,117.42,118.23,,2502399.0
2023-06-14,118.71,119.68,117.64,118.13,,2663011.0
2023-06-15,117.62,120.44,117.46,119.94,,1791120.0
2023-06-16,120.8,121.86,119.35,119.84,,3941320.0
2023-06-20,117.38,117.53,115.64,116.9,,2108214.0
2023-06-21,116.54,117.84,116.02,117.07,,1393399.0
2023-06-22,117.58,117.68,115.92,117.42,,1736041.0
2023-06-23,116.51,118.44,116.33,118.15,,2632628.0
2023-06-26,117.69,118.53,116.09,117.11,,1673391.0
2023-06-27,117.21,117.69,115.49,115.79,,2326059.0
2023-06-28,115.46,115.86,114.48,115.13,,2196778.0
2023-06-29,114.92,116.99,114.84,116.79,,1885799.0
2023-06-30,117.69,119.63,117.26,119.19,,2487891.0
2023-07-03,118.97,119.79,118.17,118.27,,996224.0
2023-07-05,117.9,119.22,117.56,118.45,,1246207.0
2023-07-06,115.34,117.85,114.64,117.39,,1626625.0
2023-07-07,116.64,118.03,115.86,115.97,,1493322.0
2023-07-10,115.7,118.47,115.54,117.32,,1889164.0
2023-07-11,117.26,117.93,116.61,117.44,,1096749.0
2023-07-12,118.95,119.43,118.1,118.95,,1595607.0
2023-07-13,119.7,119.81,117.94,118.3,,1229777.0
2023-07-14,118.49,119.33,117.21,118.7,,1225454.0
2023-07-17,118.9,118.93,116.63,117.21,,1123041.0
2023-07-18,117.34,118.74,116.96,118.51,,1362720.0
2023-07-19,118.96,122.26,118.8,122.0,,2425546.0
2023-07-20,122.42,123.8,122.05,123.46,,2278819.0
2023-07-21,123.46,127.17,122.06,126.5,,3918224.0
2023-07-24,126.5,128.25,126.07,126.6,,2001244.0
2023-07-25,123.9,128.41,123.05,126.19,,2199425.0
2023-07-26,123.9,127.4,122.32,127.34,,2507461.0
2023-07-27,128.73,128.86,125.53,125.55,,2582545.0
2023-07-28,126.13,126.39,122.08,124.94,,3138804.0
2023-07-31,123.29,123.36,120.15,120.7,,2376273.0
2023-08-01,120.71,122.49,119.4,121.4,,1654982.0
2023-08-02,120.93,127.59,120.44,126.59,,2654666.0
2023-08-03,126.18,126.24,123.87,123.95,,1742622.0
2023-08-04,124.34,126.05,123.98,125.19,,1819474.0
2023-08-07,125.62,126.77,124.59,125.4,,1486955.0
2023-08-08,125.58,127.5,123.97,127.22,,2525181.0
2023-08-09,127.03,128.28,126.41,126.51,,1786062.0
2023-08-10,126.88,128.85,126.19,126.53,,1515854.0
2023-08-11,125.66,126.69,125.24,125.75,,1256697.0
2023-08-14,124.33,126.88,124.09,125.54,,1582433.0
2023-08-15,125.2,126.06,124.15,124.55,,2274843.0
2023-08-16,120.92,122.57,119.31,120.29,,3388870.0
2023-08-17,120.93,121.57,119.6,119.79,,2180809.0
2023-08-18,119.13,119.67,117.99,118.2,,1803875.0
2023-08-21,118.45,118.52,116.68,117.82,,2249263.0
2023-08-22,116.81,117.57,116.3,116.61,,1422276.0
2023-08-23,117.47,118.1,116.68,118.08,,1289258.0
2023-08-24,118.31,119.72,117.54,118.44,,2045907.0
2023-08-25,118.75,119.76,117.48,118.63,,1273320.0
2023-08-28,118.9,119.88,118.29,118.87,,1052442.0
2023-08-29,119.07,121.21,118.56,120.95,,838332.0
2023-08-30,121.26,121.86,120.56,121.6,,1157904.0
2023-08-31,122.03,122.04,119.59,120.01,,2875119.0
2023-09-01,121.61,122.59,120.47,120.84,,840682.0
2023-09-05,120.57,121.46,117.63,117.69,,1270623.0
2023-09-06,117.31,117.62,115.51,116.9,,1668904.0
2023-09-07,116.93,116.97,115.07,115.24,,1316994.0
2023-09-08,114.99,115.19,112.71,112.99,,1789767.0
2023-09-11,113.29,113.38,111.63,112.11,,2046853.0
2023-09-12,112.4,112.97,111.09,111.79,,2035028.0
2023-09-13,109.03,114.88,108.04,112.43,,2520470.0
2023-09-14,112.79,114.3,110.69,113.87,,1815835.0
2023-09-15,113.42,120.85,112.43,114.89,,6889629.0
2023-09-18,113.99,113.99,111.67,111.7,,1818036.0
2023-09-19,111.38,112.23,110.74,111.32,,2222433.0
2023-09-20,112.09,112.47,111.18,111.48,,1744938.0
2023-09-21,111.05,111.21,108.54,108.77,,1327982.0
2023-09-22,108.77,111.17,108.15,110.43,,2050535.0
2023-09-25,109.79,111.05,109.56,110.96,,987394.0
2023-09-26,109.91,111.26,109.71,109.76,,1399831.0
2023-09-27,109.98,110.27,108.65,109.53,,2267914.0
2023-09-28,109.51,111.69,109.47,111.02,,1959912.0
2023-09-29,112.13,112.17,110.47,110.84,,1830120.0
2023-10-02,110.15,111.04,109.03,110.15,,1569034.0
2023-10-03,109.48,111.0,109.3,109.51,,1543379.0
2023-10-04,109.66,111.13,108.64,110.91,,1541741.0
2023-10-05,111.33,111.48,108.03,109.6,,1295683.0
2023-10-06,108.75,111.01,108.62,109.89,,1796054.0
2023-10-09,109.22,110.56,108.38,110.53,,1320327.0
2023-10-10,110.56,113.06,110.27,112.52,,2183040.0
2023-10-11,112.64,112.83,111.29,112.61,,1381524.0
2023-10-12,112.34,112.63,107.6,108.2,,3622519.0
2023-10-13,107.29,109.86,106.1,109.76,,2807637.0
2023-10-16,110.29,112.03,108.9,110.74,,1675542.0
2023-10-17,109.35,112.14,108.47,111.64,,1682751.0
2023-10-18,110.58,110.58,107.8,107.87,,1803500.0
2023-10-19,108.51,110.63,108.12,108.77,,2028933.0
2023-10-20,108.8,109.84,108.44,108.49,,2367336.0
2023-10-23,107.37,109.16,106.67,108.6,,2886025.0
2023-10-24,106.77,107.33,104.65,104.92,,3204185.0
2023-10-25,102.2,103.46,99.4,102.7,,2699609.0
2023-10-26,102.77,104.2,102.54,103.6,,1599149.0
2023-10-27,103.83,104.07,101.71,102.07,,2004018.0
2023-10-30,102.01,102.08,96.14,100.48,,3684907.0
2023-10-31,102.3,103.49,101.25,102.67,,2218807.0
2023-11-01,101.81,102.51,99.58,102.16,,2284563.0
2023-11-02,103.27,103.93,102.0,103.76,,1488985.0
2023-11-03,105.78,108.85,105.4,108.28,,2511311.0
2023-11-06,108.07,108.78,106.44,106.8,,1411996.0
2023-11-07,106.12,110.06,105.82,109.79,,2142253.0
2023-11-08,110.14,110.81,107.73,108.65,,1494951.0
2023-11-09,109.37,109.37,106.81,107.01,,1481269.0
2023-11-10,106.99,107.74,103.38,107.73,,1847851.0
2023-11-13,107.4,107.54,106.24,106.73,,1200324.0
2023-11-14,108.81,111.53,108.72,110.85,,2009745.0
2023-11-15,111.09,113.74,110.58,112.83,,2021381.0
2023-11-16,113.17,113.72,112.79,113.42,,1728065.0
2023-11-17,113.21,113.69,111.3,112.38,,2700771.0
2023-11-20,112.48,113.72,111.63,113.21,,3063839.0
2023-11-21,120.64,123.84,120.41,123.08,,6085765.0
2023-11-22,123.03,124.55,122.97,123.15,,2630687.0
2023-11-24,123.08,125.91,122.64,125.76,,1226728.0
2023-11-27,125.13,125.82,124.04,124.16,,2255398.0
2023-11-28,123.8,125.41,123.26,123.86,,1949787.0
2023-11-29,124.74,126.86,124.74,126.73,,2266253.0
2023-11-30,127.13,127.58,126.1,126.93,,2442906.0
2023-12-01,126.48,128.14,125.65,127.92,,1729630.0
2023-12-04,127.53,128.34,127.0,128.01,,1543257.0
2023-12-05,126.94,127.76,124.92,127.01,,1933846.0
2023-12-06,127.63,128.88,127.05,128.04,,1815713.0
2023-12-07,128.32,129.6,126.94,127.81,,1696641.0
2023-12-08,127.22,128.13,126.11,126.34,,1438074.0
2023-12-11,126.76,128.75,126.36,128.1,,1897134.0
2023-12-12,127.18,128.32,126.14,127.92,,1453450.0
2023-12-13,128.22,133.13,127.9,132.83,,1731449.0
2023-12-14,134.09,137.23,134.09,137.03,,2950536.0
2023-12-15,136.31,137.96,135.36,135.85,,4875971.0
2023-12-18,136.66,137.25,135.93,136.6,,1634687.0
2023-12-19,137.57,138.94,136.39,138.84,,1520282.0
2023-12-20,138.84,140.28,137.2,137.24,,2121066.0
2023-12-21,138.44,138.72,137.06,138.0,,1685889.0
2023-12-22,138.66,139.41,137.85,138.62,,1204144.0
2023-12-26,138.37,139.52,138.14,138.86,,948390.0
2023-12-27,138.83,139.21,138.14,138.87,,1181522.0
2023-12-28,139.59,139.86,138.7,138.82,,892560.0
2023-12-29,138.36,138.99,137.66,138.32,,1014431.0
2024-01-02,137.49,139.87,137.21,138.04,,1441581.0
2024-01-03,137.3,137.3,130.4,130.49,,2074480.0
2024-01-04,129.89,130.83,129.53,130.33,,2446587.0
2024-01-05,129.34,131.29,127.97,129.9,,1392787.0
2024-01-08,129.48,132.89,129.15,132.7,,1311378.0
2024-01-09,131.6,134.95,129.35,130.01,,1434952.0
2024-01-10,129.92,130.49,127.71,130.42,,1326296.0
2024-01-11,129.92,130.01,127.25,129.02,,2060522.0
2024-01-12,129.65,130.94,128.98,129.88,,1285227.0
2024-01-16,128.48,130.14,127.94,129.87,,1382122.0
2024-01-17,129.32,129.95,126.09,127.47,,1257360.0
2024-01-18,127.37,130.06,126.88,129.8,,1404839.0
2024-01-19,129.51,131.32,128.55,130.55,,1523311.0
2024-01-22,130.83,132.05,130.58,131.88,,1512333.0
2024-01-23,132.96,133.26,129.67,130.97,,854928.0
2024-01-24,131.74,132.12,128.77,129.12,,1141175.0
2024-01-25,130.44,130.76,128.77,129.22,,1120939.0
2024-01-26,133.03,133.55,129.97,130.32,,1319766.0
2024-01-29,131.08,132.22,130.61,132.15,,1407250.0
2024-01-30,132.15,133.84,132.01,133.6,,1428810.0
2024-01-31,133.92,133.93,129.33,129.44,,1101452.0
2024-02-01,129.4,132.37,128.6,132.37,,862025.0
2024-02-02,131.17,133.24,129.65,132.29,,1066283.0
2024-02-05,132.06,134.26,131.71,132.14,,2374531.0
2024-02-06,131.97,135.41,130.41,135.17,,1766821.0
2024-02-07,135.83,136.21,131.67,132.11,,1758005.0
2024-02-08,131.75,134.13,131.46,133.39,,1352524.0
2024-02-09,133.25,134.54,132.08,132.66,,909735.0
2024-02-12,132.6,132.6,129.72,131.64,,1231836.0
2024-02-13,129.68,130.97,127.61,129.1,,1031115.0
2024-02-14,130.33,131.66,129.55,131.57,,1405219.0
2024-02-15,132.31,134.9,132.0,134.06,,1514490.0
2024-02-16,132.91,135.58,132.91,134.15,,1066838.0
2024-02-20,132.99,134.64,132.9,133.46,,1563909.0
2024-02-21,132.68,134.76,132.49,134.64,,1134724.0
2024-02-22,131.81,132.35,128.36,131.35,,2664453.0
2024-02-23,132.12,132.68,130.9,131.36,,1877997.0
2024-02-26,131.11,132.24,130.16,130.82,,1677474.0
2024-02-27,130.78,132.5,130.2,131.88,,1772701.0
2024-02-28,139.17,139.17,135.66,136.31,,2537079.0
2024-02-29,136.81,137.33,135.17,136.66,,2622608.0
2024-03-01,136.33,138.44,133.98,138.35,,1531000.0
2024-03-04,138.44,142.76,138.1,142.13,,2169240.0
2024-03-05,142.27,145.65,142.27,143.62,,2622599.0
2024-03-06,144.26,146.69,144.01,145.48,,2357946.0
2024-03-07,146.34,148.88,146.34,148.55,,1942872.0
2024-03-08,148.88,150.81,147.1,147.12,,1588318.0
2024-03-11,147.25,148.52,145.38,146.54,,1397157.0
2024-03-12,146.86,148.71,146.49,147.09,,1191339.0
2024-03-13,147.42,148.35,146.79,147.07,,2231534.0
2024-03-14,147.15,147.5,143.56,144.47,,2096980.0
2024-03-15,143.26,147.89,143.26,146.73,,3775456.0
2024-03-18,147.13,147.6,145.15,145.35,,2281316.0
2024-03-19,145.25,146.82,144.73,146.64,,1976201.0
2024-03-20,146.46,146.96,145.63,146.53,,1526485.0
2024-03-21,146.83,149.38,146.43,147.98,,1574232.0
2024-03-22,148.09,148.52,145.67,146.7,,1076551.0
2024-03-25,146.79,147.32,143.05,144.82,,1710504.0
2024-03-26,144.87,145.52,143.65,143.67,,2021230.0
2024-03-27,144.91,146.73,143.79,146.62,,1212197.0
2024-03-28,146.79,146.93,144.62,144.77,,2176553.0
2024-04-01,145.67,145.99,143.92,145.05,,967395.0
2024-04-02,143.52,143.83,142.09,143.67,,1376340.0
2024-04-03,143.27,144.35,142.3,143.23,,1209275.0
2024-04-04,144.62,144.75,140.64,140.85,,1183934.0
2024-04-05,143.68,144.99,142.93,143.62,,1655568.0
2024-04-08,143.3,145.28,142.51,143.96,,1246737.0
2024-04-09,145.49,146.92,144.99,146.89,,872547.0
2024-04-10,143.92,144.56,143.05,143.66,,1051822.0
2024-04-11,145.14,145.35,143.17,144.5,,720175.0
2024-04-12,143.09,144.16,139.77,140.24,,1124507.0
2024-04-15,141.82,142.75,138.54,139.73,,1506028.0
2024-04-16,139.79,139.87,136.15,136.32,,1345667.0
2024-04-17,136.76,136.98,132.41,134.08,,2084075.0
2024-04-18,130.8,133.97,127.89,131.98,,1936566.0
2024-04-19,132.6,133.27,131.69,132.27,,1303352.0
2024-04-22,133.08,134.55,131.32,133.44,,850521.0
2024-04-23,137.5,139.16,135.54,138.72,,1979443.0
2024-04-24,137.86,139.4,135.74,137.01,,1553274.0
2024-04-25,136.58,136.73,133.65,135.9,,940765.0
2024-04-26,135.98,137.88,134.53,137.26,,754945.0
2024-04-29,137.78,139.38,137.4,139.1,,781155.0
2024-04-30,138.12,139.16,136.49,136.56,,1087383.0
2024-05-01,136.24,140.07,135.66,138.21,,850440.0
2024-05-02,138.75,139.4,136.23,137.04,,1146813.0
2024-05-03,139.2,140.46,137.93,138.97,,1097922.0
2024-05-06,139.05,140.98,137.85,140.12,,1639410.0
2024-05-07,140.63,141.66,139.27,140.78,,1486842.0
2024-05-08,140.63,142.5,139.55,142.3,,1423532.0
2024-05-09,142.61,144.97,142.32,144.64,,1254089.0
2024-05-10,145.38,152.28,144.62,149.24,,2246750.0
2024-05-13,149.01,149.74,146.67,147.25,,1317676.0
2024-05-14,148.23,151.02,147.86,150.75,,1679903.0
2024-05-15,152.47,154.01,151.98,153.54,,1524633.0
2024-05-16,152.04,154.3,152.04,153.77,,1325064.0
2024-05-17,153.97,154.81,152.5,153.69,,1856998.0
2024-05-20,153.43,154.41,152.93,154.1,,906242.0
2024-05-21,153.81,154.11,151.81,153.14,,997114.0
2024-05-22,153.05,153.95,152.11,152.34,,1231261.0
2024-05-23,151.94,151.94,149.59,150.03,,1005202.0
2024-05-24,150.29,150.93,149.04,150.14,,784333.0
2024-05-28,150.3,150.66,147.19,147.69,,1366918.0
2024-05-29,146.23,146.48,144.25,144.97,,1603212.0
2024-05-30,124.86,134.71,124.86,130.96,,5138548.0
2024-05-31,130.54,133.6,129.11,129.96,,5333147.0
2024-06-03,129.55,132.12,129.55,130.94,,3114841.0
2024-06-04,130.78,131.79,129.83,130.39,,2893665.0
2024-06-05,130.09,133.73,129.56,133.1,,2707455.0
2024-06-06,132.0,133.88,131.82,132.36,,2269636.0
2024-06-07,131.49,132.92,130.83,132.52,,2365340.0
2024-06-10,132.41,133.38,131.79,132.57,,1673611.0
2024-06-11,132.18,132.53,131.03,131.65,,2081563.0
2024-06-12,133.17,133.17,131.87,132.7,,2399911.0
2024-06-13,132.13,132.54,129.59,130.12,,2555442.0
2024-06-14,129.55,130.29,128.79,129.4,,2163274.0
2024-06-17,130.65,131.61,129.05,131.37,,2090521.0
2024-06-18,131.67,134.68,131.1,134.43,,3453080.0
2024-06-20,132.8,134.18,132.07,132.27,,2887363.0
2024-06-21,132.39,134.03,131.74,132.79,,4461292.0
2024-06-24,134.83,137.23,133.87,134.61,,3339551.0
2024-06-25,134.53,135.54,133.82,134.22,,2310830.0
2024-06-26,133.52,134.74,132.3,132.63,,1836777.0
2024-06-27,131.74,132.53,130.13,130.35,,1897978.0
2024-06-28,131.2,132.58,127.94,129.18,,9817612.0
2024-07-01,130.24,131.33,126.62,126.96,,2364844.0
2024-07-02,127.23,128.36,125.24,125.58,,1981143.0
2024-07-03,125.92,127.45,125.63,125.93,,1288210.0
2024-07-05,126.2,126.41,125.09,126.17,,1341656.0
2024-07-08,126.48,126.53,125.2,125.87,,2091058.0
2024-07-09,126.04,126.04,123.96,125.22,,1558888.0
2024-07-10,126.22,126.94,125.34,126.87,,1837330.0
2024-07-11,128.59,131.32,127.67,130.61,,1667172.0
2024-07-12,130.96,133.19,130.43,132.02,,1477340.0
2024-07-15,131.8,132.93,130.56,130.8,,1015719.0
2024-07-16,131.78,135.97,131.38,135.84,,1064333.0
2024-07-17,134.94,135.78,133.21,133.29,,1031195.0
2024-07-18,132.11,134.99,131.45,131.76,,2783526.0
2024-07-19,131.75,132.57,130.08,131.57,,1731443.0
2024-07-22,132.85,133.71,131.19,133.21,,2009368.0
2024-07-23,137.39,137.44,130.28,130.44,,1640805.0
2024-07-24,130.66,134.21,129.97,133.94,,2066682.0
2024-07-25,133.73,138.14,133.24,134.76,,1338851.0
2024-07-26,136.47,140.06,135.86,137.1,,1717670.0
2024-07-29,137.36,137.56,135.4,137.16,,1222648.0
2024-07-30,137.82,139.51,136.89,139.27,,1428034.0
2024-07-31,140.16,143.77,139.49,141.17,,2582725.0
2024-08-01,142.01,143.99,141.52,142.63,,2896452.0
2024-08-02,141.75,142.94,135.54,138.82,,2298354.0
2024-08-05,136.33,136.6,132.85,134.48,,1885243.0
2024-08-06,135.2,138.7,134.05,136.04,,1461969.0
2024-08-07,137.03,137.86,133.48,133.74,,1553910.0
2024-08-08,133.93,137.0,133.56,136.54,,976850.0
2024-08-09,136.62,137.64,135.89,136.68,,737614.0
2024-08-12,136.59,136.59,134.26,135.38,,1347172.0
2024-08-13,135.61,137.48,135.11,137.2,,1157979.0
2024-08-14,137.71,138.47,135.66,135.81,,1090040.0
2024-08-15,137.44,139.76,137.44,139.67,,1120379.0
2024-08-16,139.57,140.67,138.3,139.81,,1284834.0
2024-08-19,140.32,141.06,139.06,140.28,,1714079.0
2024-08-20,140.37,141.31,139.21,139.53,,1227757.0
2024-08-21,139.75,140.56,138.92,139.76,,2262977.0
2024-08-22,145.14,145.22,137.93,139.99,,2634529.0
2024-08-23,140.98,142.04,139.93,140.64,,1735656.0
2024-08-26,140.88,140.95,139.73,140.26,,1013194.0
2024-08-27,140.25,140.98,139.49,140.87,,949743.0
2024-08-28,141.3,142.08,140.06,140.83,,1089854.0
2024-08-29,141.84,143.21,140.88,142.3,,1577379.0
2024-08-30,141.93,143.04,140.79,142.69,,1570696.0
2024-09-03,141.4,143.04,137.84,138.74,,1629187.0
2024-09-04,138.17,139.44,136.27,137.94,,1361624.0
2024-09-05,138.14,138.84,136.7,138.14,,1194620.0
2024-09-06,138.23,139.77,136.29,136.98,,1298388.0
2024-09-09,138.58,139.32,136.93,137.87,,1770253.0
2024-09-10,137.31,137.99,135.72,137.81,,1357677.0
2024-09-11,137.12,138.64,134.54,138.48,,1405535.0
2024-09-12,137.98,138.4,134.03,136.17,,1616489.0
2024-09-13,136.59,137.39,136.15,137.09,,917759.0
2024-09-16,138.06,139.56,137.27,138.09,,887044.0
2024-09-17,138.44,139.55,137.17,138.13,,1210176.0
2024-09-18,138.28,140.77,137.21,138.79,,1390546.0
2024-09-19,141.62,143.21,141.23,141.72,,1225954.0
2024-09-20,140.98,141.17,137.66,139.86,,2613595.0
2024-09-23,140.92,140.92,138.38,139.57,,2179480.0
2024-09-24,139.87,143.04,139.09,141.64,,1930083.0
2024-09-25,141.74,142.61,138.99,139.22,,1437304.0
2024-09-26,141.03,146.72,140.31,146.5,,2149759.0
2024-09-27,146.94,149.84,146.94,147.82,,2213029.0
2024-09-30,147.46,148.59,146.47,148.24,,1408312.0
2024-10-01,148.19,148.19,144.02,146.56,,1408643.0
2024-10-02,146.27,147.65,145.11,146.54,,1200066.0
2024-10-03,145.43,145.98,144.09,144.55,,1100049.0
2024-10-04,146.2,146.56,144.2,144.97,,1001140.0
2024-10-07,144.13,144.45,142.83,143.89,,836738.0
2024-10-08,144.0,145.24,143.84,144.61,,914968.0
2024-10-09,145.03,145.59,144.18,144.8,,634673.0
2024-10-10,143.21,144.41,142.59,142.74,,1288934.0
2024-10-11,143.06,145.06,143.06,143.82,,1427375.0
2024-10-14,144.0,145.07,142.82,144.25,,1765112.0
2024-10-15,144.35,146.66,144.07,144.58,,1251198.0
2024-10-16,141.51,142.56,138.44,139.11,,1702132.0
2024-10-17,141.81,142.53,136.48,137.42,,1592884.0
2024-10-18,138.53,139.52,137.24,138.83,,1185274.0
2024-10-21,138.35,138.81,136.22,136.76,,975947.0
2024-10-22,134.69,134.75,131.98,133.46,,1822734.0
2024-10-23,133.27,134.3,131.36,133.03,,1657530.0
2024-10-24,133.14,133.31,130.69,130.69,,1830078.0
2024-10-25,131.18,131.71,129.35,130.19,,1248591.0
2024-10-28,131.75,132.23,130.34,131.54,,1739863.0
2024-10-29,131.14,132.29,130.56,131.23,,941585.0
2024-10-30,131.66,134.11,131.14,131.49,,1550574.0
2024-10-31,130.67,131.44,129.86,130.31,,1596089.0
2024-11-01,139.13,140.97,135.27,136.87,,2077724.0
2024-11-04,137.32,140.64,136.91,139.65,,1795434.0
2024-11-05,138.18,140.79,137.24,140.41,,1240710.0
2024-11-06,143.0,143.07,137.04,137.78,,2528903.0
2024-11-07,138.79,140.07,137.57,139.63,,2182801.0
2024-11-08,137.67,138.66,134.94,136.68,,1918633.0
2024-11-11,137.07,137.46,133.2,133.86,,5405489.0
2024-11-12,133.86,136.04,133.64,133.67,,1490800.0
2024-11-13,133.26,134.87,132.19,134.28,,1103090.0
2024-11-14,133.69,134.35,130.16,130.22,,1971103.0
2024-11-15,129.47,129.71,125.82,127.07,,2631136.0
2024-11-18,126.92,128.09,126.01,126.92,,1444996.0
2024-11-19,125.78,127.12,125.12,125.69,,1838200.0
2024-11-20,125.32,128.71,124.89,128.57,,1696093.0
2024-11-21,129.71,132.19,129.06,132.06,,2882187.0
2024-11-22,132.1,134.32,131.5,133.84,,2067844.0
2024-11-25,134.53,135.61,133.76,134.49,,3355400.0
2024-11-26,127.02,134.81,126.17,134.37,,3444150.0
2024-11-27,134.69,139.0,134.24,138.14,,2336938.0
2024-11-29,137.27,139.1,137.08,137.97,,1183296.0
2024-12-02,137.83,140.02,137.1,139.58,,1702239.0
2024-12-03,138.81,139.59,136.7,139.28,,1715048.0
2024-12-04,139.2,142.41,137.69,140.2,,1948899.0
2024-12-05,139.0,140.57,137.56,137.87,,1994522.0
2024-12-06,139.47,141.79,138.96,140.58,,1298025.0
2024-12-09,140.81,144.57,140.44,144.0,,1547275.0
2024-12-10,144.25,144.9,141.73,141.93,,1261264.0
2024-12-11,142.86,143.59,141.17,141.19,,1848678.0
2024-12-12,140.5,141.72,139.88,140.91,,976363.0
2024-12-13,140.36,140.47,137.29,139.0,,1474294.0
2024-12-16,138.63,139.94,137.0,137.67,,1580702.0
2024-12-17,137.58,139.34,136.2,136.46,,2430649.0
2024-12-18,136.95,137.57,132.91,133.01,,1746949.0
2024-12-19,133.14,134.27,131.62,133.19,,2166908.0
2024-12-20,133.23,135.53,133.23,134.51,,4363950.0
2024-12-23,134.16,134.69,133.17,134.6,,1194949.0
2024-12-24,134.6,136.1,134.15,136.1,,370216.0
2024-12-26,135.01,135.98,134.97,135.83,,556576.0
2024-12-27,134.62,136.22,134.59,135.54,,631818.0
2024-12-30,134.4,135.59,133.24,134.42,,993643.0
