time,open,high,low,close,Volume,volume
2001-07-19,10.57,10.7,10.5,10.62,,34994300.0
2001-07-20,10.53,10.53,10.36,10.51,,9238500.0
2001-07-23,10.5,10.51,10.18,10.5,,7501000.0
2001-07-24,10.46,10.48,10.29,10.4,,3537300.0
2001-07-25,10.29,10.46,10.25,10.46,,4208100.0
2001-07-26,10.46,10.49,10.15,10.15,,6335300.0
2001-07-27,10.16,10.21,10.15,10.16,,3524000.0
2001-07-30,10.15,10.34,10.15,10.29,,3654300.0
2001-07-31,10.3,10.51,10.22,10.47,,1429000.0
2001-08-01,10.5,10.85,10.43,10.85,,2087900.0
2001-08-02,10.78,10.85,10.57,10.78,,1717400.0
2001-08-03,10.78,10.78,10.48,10.6,,983600.0
2001-08-06,10.6,10.65,10.51,10.57,,777400.0
2001-08-07,10.57,10.88,10.57,10.85,,788900.0
2001-08-08,10.78,10.92,10.5,10.5,,2190300.0
2001-08-09,10.53,10.85,10.5,10.85,,928000.0
2001-08-10,10.78,10.78,10.58,10.63,,703300.0
2001-08-13,10.6,10.74,10.43,10.51,,1770400.0
2001-08-14,10.53,10.54,10.25,10.29,,1000800.0
2001-08-15,10.32,10.43,10.29,10.35,,530900.0
2001-08-16,10.34,10.34,9.83,9.83,,1522700.0
2001-08-17,9.84,10.36,9.73,10.16,,2342400.0
2001-08-20,10.22,10.74,10.14,10.74,,1434900.0
2001-08-21,10.67,10.92,10.51,10.82,,1038200.0
2001-08-22,10.72,10.77,10.34,10.74,,829000.0
2001-08-23,10.81,10.81,10.67,10.67,,470000.0
2001-08-24,10.67,10.83,10.5,10.78,,689000.0
2001-08-27,10.83,10.95,10.78,10.83,,827700.0
2001-08-28,10.79,10.9,10.67,10.75,,736900.0
2001-08-29,10.7,10.72,10.5,10.51,,397400.0
2001-08-30,10.53,10.53,10.39,10.46,,640100.0
2001-08-31,10.5,10.57,10.43,10.43,,3337900.0
2001-09-04,10.5,10.95,10.5,10.76,,1068600.0
2001-09-05,10.76,10.76,10.43,10.44,,1053200.0
2001-09-06,10.32,10.51,10.08,10.15,,1384500.0
2001-09-07,10.11,10.25,10.04,10.16,,1408500.0
2001-09-10,10.2,10.61,10.18,10.6,,622100.0
2001-09-17,10.6,10.6,10.13,10.22,,1934300.0
2001-09-18,10.22,10.5,10.04,10.18,,902800.0
2001-09-19,10.28,10.28,9.6,9.76,,2415400.0
2001-09-20,9.73,9.73,8.99,9.06,,3498900.0
2001-09-21,9.1,9.1,8.51,8.92,,2051800.0
2001-09-24,9.3,9.3,9.06,9.24,,1964200.0
2001-09-25,9.24,9.24,8.89,8.96,,1827300.0
2001-09-26,9.07,9.07,8.54,8.54,,3327200.0
2001-09-27,8.58,8.58,8.13,8.29,,2347500.0
2001-09-28,8.47,9.41,8.47,8.92,,2844000.0
2001-10-01,8.85,9.1,8.85,8.89,,878800.0
2001-10-02,8.78,8.89,8.48,8.81,,1900400.0
2001-10-03,9.14,9.14,8.82,9.06,,2539400.0
2001-10-04,9.66,9.66,9.08,9.44,,3108500.0
2001-10-05,9.62,9.62,9.32,9.48,,2172300.0
2001-10-08,9.58,9.58,9.26,9.26,,576100.0
2001-10-09,9.66,9.66,9.37,9.38,,1601100.0
2001-10-10,9.34,9.62,9.31,9.57,,1700400.0
2001-10-11,10.85,10.85,10.29,10.61,,4214100.0
2001-10-12,10.68,11.58,8.92,11.58,,5193300.0
2001-10-15,11.56,12.56,11.56,12.25,,3277900.0
2001-10-16,12.35,12.63,11.83,12.21,,1996000.0
2001-10-17,12.35,12.42,11.79,11.88,,1877100.0
2001-10-18,11.88,11.88,11.63,11.69,,942000.0
2001-10-19,11.69,11.79,11.58,11.79,,2062500.0
2001-10-22,11.9,12.3,11.88,12.25,,469600.0
2001-10-23,12.25,12.41,12.09,12.33,,915400.0
2001-10-24,12.43,12.43,12.3,12.42,,472600.0
2001-10-25,12.42,12.42,11.99,12.42,,265100.0
2001-10-26,12.39,12.44,12.25,12.33,,566500.0
2001-10-29,12.4,12.41,12.18,12.28,,616200.0
2001-10-30,12.22,12.22,12.0,12.14,,574700.0
2001-10-31,12.19,12.32,11.97,12.3,,718600.0
2001-11-01,12.26,13.01,12.26,12.82,,1089900.0
2001-11-02,12.95,13.37,12.67,12.77,,2372800.0
2001-11-05,12.77,12.79,12.44,12.67,,1552700.0
2001-11-06,12.58,12.58,12.14,12.58,,562600.0
2001-11-07,13.23,13.23,12.57,13.23,,1987000.0
2001-11-08,13.09,13.98,13.09,13.96,,1747200.0
2001-11-09,13.82,13.96,13.75,13.96,,1325400.0
2001-11-12,13.82,13.82,13.3,13.64,,2398300.0
2001-11-13,13.79,14.87,13.76,14.56,,1463000.0
2001-11-14,14.7,14.98,13.98,14.15,,1391400.0
2001-11-15,14.03,14.31,14.03,14.17,,628200.0
2001-11-16,14.17,14.87,14.14,14.73,,639100.0
2001-11-19,14.77,15.57,14.77,15.4,,1430000.0
2001-11-20,15.37,15.37,14.8,14.87,,1017400.0
2001-11-21,14.85,14.85,13.86,14.24,,1442600.0
2001-11-23,14.43,14.43,14.18,14.38,,286500.0
2001-11-26,14.47,15.12,14.19,15.05,,1064900.0
2001-11-27,15.12,15.92,15.05,15.75,,1210000.0
2001-11-28,15.47,15.47,14.6,15.29,,1415900.0
2001-11-29,15.28,15.57,14.71,15.0,,1326400.0
2001-11-30,15.02,15.86,14.99,15.82,,2075400.0
2001-12-03,16.8,16.8,15.75,16.03,,1244400.0
2001-12-04,15.92,17.15,15.85,16.94,,2087000.0
2001-12-05,17.08,18.76,17.04,18.65,,3386200.0
2001-12-06,19.02,19.02,18.13,18.37,,3190200.0
2001-12-07,18.16,18.16,17.36,17.4,,1115400.0
2001-12-10,17.5,18.34,17.15,17.22,,1732100.0
2001-12-11,17.18,17.41,17.15,17.33,,1713200.0
2001-12-12,17.32,17.71,17.18,17.62,,2044100.0
2001-12-13,17.58,17.59,16.24,16.31,,1446600.0
2001-12-14,16.34,16.69,15.85,16.55,,1156200.0
2001-12-17,16.66,17.85,16.6,17.82,,1428100.0
2001-12-18,18.02,18.27,17.86,18.16,,2640200.0
2001-12-19,18.13,18.46,17.81,18.22,,1160100.0
2001-12-20,19.32,19.6,17.93,18.93,,2425100.0
2001-12-21,18.65,19.07,18.28,18.3,,1900500.0
2001-12-24,18.3,18.3,18.16,18.21,,181100.0
2001-12-26,18.28,18.37,18.21,18.37,,667000.0
2001-12-27,18.36,18.41,18.2,18.4,,702000.0
2001-12-28,18.4,18.61,18.2,18.58,,1174700.0
2001-12-31,18.59,18.85,18.27,18.84,,920700.0
2002-01-02,18.83,18.84,18.16,18.35,,900500.0
2002-01-03,18.39,18.39,17.71,17.77,,698200.0
2002-01-04,19.74,19.74,17.67,19.39,,2708500.0
2002-01-07,19.44,19.46,18.51,18.51,,1113600.0
2002-01-08,18.52,19.11,16.88,19.09,,1746900.0
2002-01-09,18.9,19.84,18.38,19.3,,3008600.0
2002-01-10,19.58,19.7,19.08,19.47,,2384900.0
2002-01-11,19.32,19.42,18.21,18.53,,3910300.0
2002-01-14,17.92,17.95,17.37,17.46,,4285500.0
2002-01-15,17.5,18.2,17.5,17.77,,3987000.0
2002-01-16,17.79,18.67,17.43,18.2,,3153700.0
2002-01-17,18.2,18.37,18.09,18.2,,1226800.0
2002-01-18,18.16,18.19,17.91,18.03,,758100.0
2002-01-22,17.97,17.97,17.43,17.47,,1914100.0
2002-01-23,17.5,17.5,17.02,17.18,,2515200.0
2002-01-24,17.67,18.37,17.67,17.99,,1689200.0
2002-01-25,17.95,18.02,17.64,17.64,,1057900.0
2002-01-28,17.66,17.66,16.19,16.8,,3010300.0
2002-01-29,17.04,17.09,16.64,16.71,,2563400.0
2002-01-30,16.62,17.49,16.31,17.46,,1677500.0
2002-01-31,17.85,18.3,17.85,18.04,,1785300.0
2002-02-01,19.81,19.81,18.06,19.6,,2698000.0
2002-02-04,19.53,19.56,18.91,19.11,,1659800.0
2002-02-05,18.86,19.18,18.77,19.04,,1007200.0
2002-02-06,19.04,19.05,18.81,18.91,,825700.0
2002-02-07,18.9,19.35,18.68,19.25,,3080600.0
2002-02-08,18.9,19.42,18.69,19.4,,1346400.0
2002-02-11,19.18,19.63,18.62,18.76,,1225300.0
2002-02-12,18.06,18.34,17.99,18.18,,1278100.0
2002-02-13,18.2,18.3,17.95,18.06,,1198100.0
2002-02-14,18.2,18.9,17.92,18.9,,1449900.0
2002-02-15,19.25,19.25,18.44,19.21,,964900.0
2002-02-19,19.21,19.21,18.79,18.86,,814300.0
2002-02-20,19.15,19.15,18.79,18.97,,1156200.0
2002-02-21,18.83,18.83,17.46,18.2,,1514200.0
2002-02-22,18.06,18.06,17.29,17.94,,2449100.0
2002-02-25,18.17,18.37,17.32,17.64,,2103500.0
2002-02-26,17.71,18.09,17.52,17.97,,787100.0
2002-02-27,18.9,19.07,17.85,18.02,,1830800.0
2002-02-28,18.16,18.48,18.06,18.33,,1782900.0
2002-03-01,18.41,18.41,18.23,18.34,,560300.0
2002-03-04,18.34,19.03,18.34,18.76,,1758700.0
2002-03-05,18.9,19.49,18.9,19.42,,2029800.0
2002-03-06,19.25,19.63,19.21,19.28,,770000.0
2002-03-07,19.29,19.49,18.76,19.0,,1056000.0
2002-03-08,19.42,21.35,19.42,20.92,,2507500.0
2002-03-11,21.14,21.26,20.65,20.93,,1379200.0
2002-03-12,21.16,21.16,20.36,20.86,,1616000.0
2002-03-13,20.82,20.84,20.25,20.4,,702500.0
2002-03-14,20.32,20.32,19.83,20.07,,1106700.0
2002-03-15,19.96,20.29,19.77,20.29,,892800.0
2002-03-18,20.3,20.79,20.3,20.59,,838500.0
2002-03-19,19.6,19.7,17.5,18.2,,8931800.0
2002-03-20,18.2,19.04,17.68,18.58,,3732200.0
2002-03-21,19.21,19.21,18.55,19.17,,1457900.0
2002-03-22,19.28,19.77,19.08,19.34,,1225100.0
2002-03-25,19.34,19.34,18.65,18.93,,917300.0
2002-03-26,18.86,19.16,18.48,18.7,,426800.0
2002-03-27,18.84,18.84,18.49,18.56,,517700.0
2002-03-28,18.55,18.9,18.28,18.69,,904700.0
2002-04-01,18.69,18.69,18.37,18.65,,992600.0
2002-04-02,17.74,18.27,17.74,18.2,,1685100.0
2002-04-03,17.94,18.27,17.69,18.21,,1223600.0
2002-04-04,18.19,18.2,17.44,17.57,,2005200.0
2002-04-05,17.57,17.91,17.57,17.61,,2232300.0
2002-04-08,16.62,16.94,16.09,16.82,,4992800.0
2002-04-09,16.85,17.32,16.83,17.09,,4387500.0
2002-04-10,17.15,17.39,16.97,16.97,,3001300.0
2002-04-11,16.34,16.45,15.03,15.78,,4328000.0
2002-04-12,15.92,16.08,15.43,15.76,,2328700.0
2002-04-15,15.88,15.88,15.58,15.71,,1178400.0
2002-04-16,15.75,16.94,15.75,16.62,,1584800.0
2002-04-17,16.65,16.88,16.52,16.78,,1409100.0
2002-04-18,16.73,16.73,16.11,16.17,,1078900.0
2002-04-19,16.03,17.26,16.03,17.13,,3423600.0
2002-04-22,16.97,17.13,16.82,17.09,,1148300.0
2002-04-23,16.99,17.11,16.55,16.76,,1451800.0
2002-04-24,16.62,16.73,16.03,16.2,,1897500.0
2002-04-25,15.68,16.2,15.4,15.73,,1785300.0
2002-04-26,15.71,15.73,15.26,15.26,,1581100.0
2002-04-29,15.32,15.33,14.06,14.18,,2037600.0
2002-04-30,14.24,15.08,14.05,15.01,,1552400.0
2002-05-01,14.96,14.97,14.17,14.75,,1883900.0
2002-05-02,14.77,15.05,14.7,14.84,,2146900.0
2002-05-03,14.73,14.73,13.82,13.91,,3315900.0
2002-05-06,13.93,14.35,13.91,14.14,,1666900.0
2002-05-07,14.15,14.55,14.12,14.46,,1462200.0
2002-05-08,15.54,15.85,15.22,15.55,,2003300.0
2002-05-09,15.05,15.26,14.07,14.14,,2551700.0
2002-05-10,14.87,14.97,13.65,14.32,,2037900.0
2002-05-13,14.42,14.84,14.31,14.8,,1121800.0
2002-05-14,15.05,15.29,14.8,15.29,,1764000.0
2002-05-15,15.26,16.15,15.08,15.55,,1669900.0
2002-05-16,14.35,14.45,13.93,14.0,,8267900.0
2002-05-17,14.0,14.17,13.96,14.0,,33453400.0
2002-05-20,14.0,15.18,13.72,15.02,,20891200.0
2002-05-21,15.18,15.33,14.56,14.63,,6467200.0
2002-05-22,14.47,14.61,14.31,14.49,,6725800.0
2002-05-23,14.7,14.75,14.45,14.71,,5913700.0
2002-05-24,14.67,14.77,14.46,14.57,,2190900.0
2002-05-28,14.66,14.8,14.56,14.8,,2776000.0
2002-05-29,14.68,14.77,14.56,14.75,,1915700.0
2002-05-30,14.75,14.75,14.38,14.5,,1794300.0
2002-05-31,14.64,14.77,14.47,14.59,,3056000.0
2002-06-03,14.52,14.52,14.19,14.22,,2583700.0
2002-06-04,14.21,14.22,13.37,13.74,,5704400.0
2002-06-05,13.68,13.84,13.68,13.78,,4015300.0
2002-06-06,13.79,13.86,13.51,13.66,,5180900.0
2002-06-07,13.51,14.08,13.51,13.96,,3005700.0
2002-06-10,14.21,14.35,14.01,14.24,,2083200.0
2002-06-11,14.14,14.44,14.14,14.27,,1870200.0
2002-06-12,14.35,14.35,13.75,14.08,,2625600.0
2002-06-13,14.0,14.07,13.82,13.83,,2771800.0
2002-06-14,13.83,14.05,13.54,14.0,,3848700.0
2002-06-17,14.17,14.5,14.1,14.45,,3424500.0
2002-06-18,14.56,14.69,14.49,14.66,,1780800.0
2002-06-19,14.59,14.59,14.26,14.29,,1098900.0
2002-06-20,14.29,14.34,13.89,13.98,,2289300.0
2002-06-21,13.86,13.93,13.57,13.79,,2386400.0
2002-06-24,13.67,13.86,13.35,13.4,,3360900.0
2002-06-25,13.58,13.68,13.12,13.12,,2814300.0
2002-06-26,12.6,13.36,12.25,13.12,,3623400.0
2002-06-27,13.19,13.45,13.0,13.17,,967800.0
2002-06-28,13.23,13.64,13.23,13.3,,1571200.0
2002-07-01,13.3,13.3,11.57,11.72,,5758000.0
2002-07-02,11.82,12.11,11.62,11.83,,5323700.0
2002-07-03,11.82,12.42,11.23,12.25,,3582400.0
2002-07-05,12.46,12.81,12.4,12.53,,1190200.0
2002-07-08,12.39,12.42,12.0,12.3,,5472700.0
2002-07-09,12.38,12.39,11.44,11.62,,3892200.0
2002-07-10,11.55,11.88,10.57,10.67,,7509200.0
2002-07-11,10.51,11.09,10.43,10.88,,6081300.0
2002-07-12,10.67,10.81,9.79,9.87,,8898500.0
2002-07-15,9.83,10.22,9.73,10.11,,6102600.0
2002-07-16,10.15,10.64,10.15,10.46,,4151900.0
2002-07-17,10.64,10.92,10.43,10.46,,4234300.0
2002-07-18,10.32,10.53,9.68,9.73,,9051100.0
2002-07-19,9.73,10.64,9.71,10.39,,3939000.0
2002-07-22,10.39,10.7,10.04,10.39,,2544200.0
2002-07-23,10.32,10.38,10.11,10.16,,2072100.0
2002-07-24,9.73,10.71,9.59,10.71,,2307200.0
2002-07-25,10.67,10.67,10.08,10.32,,2426200.0
2002-07-26,10.32,10.53,10.15,10.41,,1814100.0
2002-07-29,10.53,11.65,10.53,11.53,,2377200.0
2002-07-30,11.55,12.25,11.23,11.92,,2308700.0
2002-07-31,11.57,11.66,11.28,11.55,,3322900.0
2002-08-01,11.55,11.69,11.37,11.54,,2391200.0
2002-08-02,11.44,11.59,11.27,11.44,,1684100.0
2002-08-05,11.44,11.44,10.66,10.69,,1597800.0
2002-08-06,10.67,11.53,10.67,11.39,,1430400.0
2002-08-07,11.48,11.59,11.13,11.53,,849300.0
2002-08-08,11.56,11.8,11.37,11.68,,1234100.0
2002-08-09,11.65,11.76,11.13,11.56,,1484500.0
2002-08-12,11.49,11.62,11.48,11.51,,627400.0
2002-08-13,11.34,11.69,11.25,11.28,,2234900.0
2002-08-14,11.2,11.51,11.06,11.37,,1964500.0
2002-08-15,11.48,12.25,11.48,11.98,,1033800.0
2002-08-16,11.8,12.7,11.8,12.54,,1278600.0
2002-08-19,12.54,13.13,12.54,13.1,,1085300.0
2002-08-20,13.1,13.23,12.75,13.09,,1103900.0
2002-08-21,13.44,13.44,12.81,13.09,,1163200.0
2002-08-22,13.09,13.3,12.82,12.95,,1731800.0
2002-08-23,12.85,12.86,12.44,12.53,,563800.0
2002-08-26,12.18,12.39,12.18,12.25,,1577100.0
2002-08-27,12.21,12.21,11.38,11.41,,2558200.0
2002-08-28,11.36,11.58,11.08,11.13,,1688300.0
2002-08-29,11.16,11.51,11.13,11.41,,1270100.0
2002-08-30,11.53,11.68,11.41,11.51,,930700.0
2002-09-03,11.51,11.51,10.92,11.02,,1984200.0
2002-09-04,11.13,11.34,10.99,11.27,,1090800.0
2002-09-05,11.27,11.27,10.93,11.04,,1965200.0
2002-09-06,11.11,11.33,11.07,11.2,,666300.0
2002-09-09,11.13,11.55,11.03,11.37,,501000.0
2002-09-10,11.49,11.63,11.2,11.3,,348700.0
2002-09-11,11.34,11.62,11.18,11.41,,1685700.0
2002-09-12,11.37,11.62,11.34,11.41,,1003900.0
2002-09-13,11.2,11.26,10.67,11.02,,2727700.0
2002-09-16,11.02,11.44,11.02,11.3,,1610700.0
2002-09-17,11.45,11.62,11.13,11.3,,1364800.0
2002-09-18,11.21,11.21,10.73,11.12,,949700.0
2002-09-19,10.32,10.43,9.73,9.87,,12088100.0
2002-09-20,9.87,10.32,9.67,10.24,,3810900.0
2002-09-23,10.24,10.35,10.08,10.33,,2898800.0
2002-09-24,10.26,10.29,9.6,9.66,,3594000.0
2002-09-25,9.87,10.16,9.69,9.97,,2280300.0
2002-09-26,10.18,10.46,9.94,10.11,,1663800.0
2002-09-27,10.11,10.11,9.78,9.9,,2160500.0
2002-09-30,9.8,10.08,9.3,9.99,,1718600.0
2002-10-01,9.94,10.43,9.66,10.43,,3960800.0
2002-10-02,10.32,10.36,9.52,9.82,,3505500.0
2002-10-03,9.8,9.81,9.03,9.06,,3741000.0
2002-10-04,9.1,9.23,7.98,8.54,,7461100.0
2002-10-07,7.98,8.82,7.91,8.65,,3754700.0
2002-10-08,8.55,9.19,8.43,9.06,,2809800.0
2002-10-09,8.85,9.08,8.54,8.72,,3580400.0
2002-10-10,8.05,9.66,7.98,9.34,,6457900.0
2002-10-11,9.66,10.43,9.59,10.03,,3196700.0
2002-10-14,10.04,10.36,9.94,10.15,,932400.0
2002-10-15,11.06,11.72,10.78,11.71,,3996500.0
2002-10-16,11.23,11.24,10.5,11.18,,2670600.0
2002-10-17,11.88,12.39,11.15,11.75,,2844700.0
2002-10-18,11.41,11.97,11.41,11.86,,1417300.0
2002-10-21,11.62,12.11,11.55,12.09,,1739100.0
2002-10-22,11.72,12.16,11.56,11.89,,1703100.0
2002-10-23,11.76,12.28,11.72,12.25,,4157900.0
2002-10-24,12.28,12.35,11.86,12.03,,1282100.0
2002-10-25,11.9,12.39,11.86,12.33,,2112000.0
2002-10-28,12.33,12.5,12.07,12.21,,1762500.0
2002-10-29,12.04,12.04,11.6,11.72,,1652900.0
2002-10-30,11.73,11.79,11.14,11.63,,2324000.0
2002-10-31,11.63,12.0,11.63,11.81,,1578400.0
2002-11-01,11.67,11.95,11.51,11.83,,1444800.0
2002-11-04,12.0,12.14,11.69,11.83,,2124900.0
2002-11-05,11.23,11.85,11.16,11.49,,1558600.0
2002-11-06,11.74,11.98,11.28,11.86,,2280900.0
2002-11-07,12.07,12.31,11.99,12.25,,3282200.0
2002-11-08,12.18,12.39,11.97,12.26,,1707100.0
2002-11-11,12.0,12.21,11.83,12.14,,1282200.0
2002-11-12,12.16,12.44,12.01,12.25,,1233900.0
2002-11-13,12.07,12.6,12.07,12.56,,1352900.0
2002-11-14,12.6,13.44,12.6,13.3,,5449400.0
2002-11-15,12.88,13.19,12.85,13.1,,2957000.0
2002-11-18,13.1,13.51,13.08,13.51,,3750800.0
2002-11-19,13.37,13.42,12.95,13.12,,2324700.0
2002-11-20,12.53,12.95,12.18,12.95,,5268900.0
2002-11-21,12.88,13.14,12.78,13.07,,2815700.0
2002-11-22,12.97,13.19,12.78,12.95,,2400700.0
2002-11-25,13.0,13.02,12.37,12.72,,2516100.0
2002-11-26,12.69,12.7,12.21,12.39,,2049200.0
2002-11-27,12.6,13.12,12.53,13.11,,2088100.0
2002-11-29,13.61,13.75,12.88,13.47,,1406700.0
2002-12-02,13.98,14.33,13.86,14.01,,4574900.0
2002-12-03,13.69,13.97,13.47,13.63,,1337300.0
2002-12-04,13.47,13.47,12.49,12.7,,2797200.0
2002-12-05,12.86,13.16,12.35,12.68,,1451200.0
2002-12-06,12.6,12.67,12.25,12.38,,1584100.0
2002-12-09,12.32,12.7,12.25,12.51,,1524900.0
2002-12-10,12.51,12.74,12.44,12.6,,2411000.0
2002-12-11,12.6,12.69,12.42,12.53,,892800.0
2002-12-12,12.51,12.56,12.25,12.42,,906600.0
2002-12-13,12.39,12.39,11.9,12.33,,2314500.0
2002-12-16,12.33,12.59,12.32,12.46,,940200.0
2002-12-17,12.16,12.74,12.14,12.65,,2332700.0
2002-12-18,12.55,12.65,12.35,12.59,,1093300.0
2002-12-19,12.59,12.63,12.28,12.28,,750200.0
2002-12-20,12.28,12.28,11.36,12.0,,3825000.0
2002-12-23,12.07,12.42,11.97,12.04,,1496300.0
2002-12-24,11.79,12.32,11.73,12.23,,463800.0
2002-12-26,12.25,12.58,12.25,12.5,,651200.0
2002-12-27,12.42,12.67,12.29,12.38,,992400.0
2002-12-30,12.39,12.65,12.28,12.47,,1152400.0
2002-12-31,12.54,12.65,12.32,12.59,,611000.0
2003-01-02,12.6,13.07,12.49,13.03,,684200.0
2003-01-03,12.89,13.38,12.89,13.12,,1238800.0
2003-01-06,13.17,13.58,13.17,13.37,,1867400.0
2003-01-07,13.47,13.91,12.95,13.11,,3048800.0
2003-01-08,13.02,13.28,12.95,13.02,,1168100.0
2003-01-09,13.02,13.02,12.74,12.86,,2201900.0
2003-01-10,12.68,12.91,11.69,11.84,,5538200.0
2003-01-13,11.88,12.28,11.88,12.18,,2112500.0
2003-01-14,12.21,12.25,11.83,11.9,,2193900.0
2003-01-15,11.91,11.91,11.34,11.48,,1635000.0
2003-01-16,11.53,11.58,10.86,11.02,,4729200.0
2003-01-17,10.86,11.48,10.81,11.41,,2874000.0
2003-01-21,11.13,11.2,10.75,11.01,,3013100.0
2003-01-22,10.71,11.09,10.61,10.96,,3079500.0
2003-01-23,11.27,11.88,11.21,11.79,,4868700.0
2003-01-24,11.69,11.79,11.57,11.63,,2217200.0
2003-01-27,11.46,11.6,11.21,11.42,,2159900.0
2003-01-28,11.42,11.61,11.37,11.49,,1933000.0
2003-01-29,11.42,11.61,11.37,11.49,,1972600.0
2003-01-30,11.37,11.62,11.28,11.34,,2240000.0
2003-01-31,11.23,11.62,11.16,11.58,,4342900.0
2003-02-03,11.6,11.75,11.34,11.41,,2266000.0
2003-02-04,11.24,11.62,11.19,11.44,,1293100.0
2003-02-05,11.45,11.58,11.37,11.46,,1223900.0
2003-02-06,11.32,11.44,11.16,11.19,,1346500.0
2003-02-07,11.23,11.23,10.46,10.58,,2300900.0
2003-02-10,10.51,10.74,10.5,10.71,,1882300.0
2003-02-11,10.72,11.14,10.72,10.78,,1336400.0
2003-02-12,10.53,10.6,10.21,10.25,,1599300.0
2003-02-13,10.25,10.5,10.13,10.28,,1341400.0
2003-02-14,10.36,10.72,10.33,10.69,,736100.0
2003-02-18,10.85,11.27,10.85,11.2,,1577800.0
2003-02-19,11.2,11.41,11.06,11.2,,589000.0
2003-02-20,11.21,11.23,10.88,10.92,,826700.0
2003-02-21,10.9,10.95,10.74,10.95,,1048200.0
2003-02-24,10.85,10.88,10.6,10.62,,1134500.0
2003-02-25,10.5,11.08,10.39,11.08,,1264300.0
2003-02-26,10.99,11.12,10.76,10.92,,992300.0
2003-02-27,10.92,10.93,10.45,10.5,,1365900.0
2003-02-28,10.55,10.81,10.43,10.74,,3224800.0
2003-03-03,10.92,11.06,10.86,11.0,,1497700.0
2003-03-04,10.88,11.02,10.79,10.93,,846300.0
2003-03-05,10.99,11.06,10.88,11.04,,1235300.0
2003-03-06,11.06,11.25,11.05,11.22,,2125500.0
2003-03-07,11.06,11.06,10.91,11.06,,1868800.0
2003-03-10,10.88,10.99,10.64,10.64,,664200.0
2003-03-11,10.62,10.62,9.9,9.92,,3057100.0
2003-03-12,9.94,10.02,9.65,9.65,,5790500.0
2003-03-13,9.65,9.78,9.41,9.68,,5376700.0
2003-03-14,9.75,10.46,9.72,10.2,,2991500.0
2003-03-17,10.15,10.71,10.02,10.65,,1206800.0
2003-03-18,10.74,11.02,10.72,10.97,,2095600.0
2003-03-19,10.95,11.16,10.74,10.78,,2960200.0
2003-03-20,10.78,10.98,10.6,10.77,,1962300.0
2003-03-21,11.13,11.32,11.02,11.11,,1628700.0
2003-03-24,10.88,11.13,10.83,11.13,,1395500.0
2003-03-25,10.92,11.19,10.92,11.02,,1050500.0
2003-03-26,11.06,11.18,10.89,10.95,,889200.0
2003-03-27,10.89,11.16,10.85,10.98,,380800.0
2003-03-28,10.98,11.19,10.96,10.97,,690400.0
2003-03-31,10.78,11.04,10.6,10.85,,571500.0
2003-04-01,10.92,10.95,10.45,10.48,,1173600.0
2003-04-02,10.67,11.09,10.67,11.0,,2394000.0
2003-04-03,10.99,11.21,10.75,10.92,,1799400.0
2003-04-04,11.02,11.02,10.57,10.69,,2049100.0
2003-04-07,11.3,11.37,10.65,10.67,,3008800.0
2003-04-08,10.71,10.71,10.39,10.44,,5115700.0
2003-04-09,10.45,10.53,9.94,9.95,,4060500.0
2003-04-10,9.92,10.25,9.59,10.1,,4826300.0
2003-04-11,10.29,10.29,9.76,9.84,,4637800.0
2003-04-14,9.84,10.53,9.41,10.43,,6074800.0
2003-04-15,10.32,10.32,10.08,10.31,,4080200.0
2003-04-16,10.38,10.39,9.97,10.08,,1981700.0
2003-04-17,10.15,10.53,10.15,10.32,,1959200.0
2003-04-21,10.37,10.55,10.32,10.5,,932900.0
2003-04-22,10.44,11.16,10.44,11.11,,2571600.0
2003-04-23,11.0,11.23,10.87,11.23,,2611300.0
2003-04-24,11.09,11.19,10.99,11.0,,1433900.0
2003-04-25,10.93,11.07,10.84,10.95,,1874700.0
2003-04-28,10.88,11.05,10.68,11.05,,1162400.0
2003-04-29,10.83,11.09,10.76,11.05,,1778000.0
2003-04-30,10.88,11.28,10.85,11.21,,1607400.0
2003-05-01,11.22,11.69,11.21,11.32,,2965000.0
2003-05-02,11.37,11.69,11.32,11.68,,1533700.0
2003-05-05,11.6,11.75,11.52,11.62,,1972000.0
2003-05-06,11.3,11.72,11.3,11.67,,2495500.0
2003-05-07,11.58,11.84,11.55,11.74,,806100.0
2003-05-08,11.44,11.79,11.44,11.51,,1112500.0
2003-05-09,11.48,11.84,11.4,11.79,,1961900.0
2003-05-12,11.71,11.74,11.51,11.69,,1924900.0
2003-05-13,11.65,11.74,11.58,11.69,,762900.0
2003-05-14,11.69,11.91,11.69,11.89,,1090900.0
2003-05-15,11.9,12.09,11.84,12.09,,1207100.0
2003-05-16,11.98,12.23,11.9,12.23,,1460100.0
2003-05-19,12.06,12.16,11.81,11.95,,1265500.0
2003-05-20,11.93,12.0,11.56,11.78,,1520900.0
2003-05-21,11.62,11.66,11.37,11.42,,1150400.0
2003-05-22,11.48,11.75,11.48,11.74,,877100.0
2003-05-23,11.69,12.21,11.69,12.14,,1568600.0
2003-05-27,11.83,11.97,11.67,11.69,,1688800.0
2003-05-28,11.37,11.67,11.37,11.58,,1797700.0
2003-05-29,11.68,11.86,11.68,11.83,,1305800.0
2003-05-30,11.9,12.28,11.88,12.26,,4290600.0
2003-06-02,12.26,12.48,12.23,12.24,,1587500.0
2003-06-03,11.98,12.24,11.94,12.05,,1331700.0
2003-06-04,12.0,13.02,12.0,12.98,,2099500.0
2003-06-05,12.6,13.17,12.56,12.91,,2706200.0
2003-06-06,12.91,12.98,12.54,12.74,,2155400.0
2003-06-09,12.56,12.62,12.3,12.35,,916300.0
2003-06-10,12.3,12.38,12.07,12.2,,1516900.0
2003-06-11,12.35,12.49,11.85,12.04,,4216900.0
2003-06-12,12.04,12.11,11.62,11.69,,2847700.0
2003-06-13,11.79,11.79,11.37,11.4,,2055300.0
2003-06-16,11.65,12.24,11.56,12.19,,3327500.0
2003-06-17,12.24,12.28,12.07,12.28,,3125300.0
2003-06-18,12.18,12.32,12.13,12.23,,2748500.0
2003-06-19,12.42,12.6,12.21,12.49,,2672400.0
2003-06-20,12.6,12.67,12.32,12.51,,2020000.0
2003-06-23,12.44,12.63,12.42,12.58,,2595700.0
2003-06-24,12.32,12.46,12.07,12.35,,1221500.0
2003-06-25,12.14,12.32,12.1,12.13,,1453000.0
2003-06-26,12.02,12.6,12.02,12.6,,1378200.0
2003-06-27,12.6,12.74,12.49,12.5,,1249700.0
2003-06-30,12.46,12.72,12.42,12.66,,912300.0
2003-07-01,12.58,12.66,12.35,12.59,,841600.0
2003-07-02,12.51,12.65,12.46,12.49,,666100.0
2003-07-03,12.49,12.74,12.46,12.7,,934500.0
2003-07-07,12.6,12.74,12.58,12.61,,1367400.0
2003-07-08,12.6,13.59,12.6,13.57,,3075400.0
2003-07-09,13.4,13.58,13.17,13.45,,2679600.0
2003-07-10,13.37,13.38,13.26,13.37,,2461700.0
2003-07-11,13.37,13.37,13.16,13.22,,2697000.0
2003-07-14,13.4,13.68,13.19,13.19,,2185900.0
2003-07-15,13.89,14.56,13.66,14.38,,7611000.0
2003-07-16,14.24,14.35,13.79,14.24,,3736100.0
2003-07-17,14.1,14.11,13.79,13.89,,2374800.0
2003-07-18,13.96,14.49,13.94,14.45,,1506900.0
2003-07-21,13.65,14.0,13.5,13.5,,2703200.0
2003-07-22,13.5,13.99,13.5,13.9,,1555700.0
2003-07-23,13.91,14.0,13.79,13.96,,1414200.0
2003-07-24,14.0,14.06,13.82,13.82,,1996600.0
2003-07-25,13.82,14.0,13.82,13.94,,1800100.0
2003-07-28,14.03,14.16,13.75,13.89,,1962800.0
2003-07-29,13.94,13.99,13.78,13.89,,1666100.0
2003-07-30,13.89,13.89,13.72,13.82,,691300.0
2003-07-31,13.84,13.89,13.57,13.59,,1996200.0
2003-08-01,13.94,14.27,13.7,14.23,,3171000.0
2003-08-04,13.89,14.3,13.86,14.09,,2110900.0
2003-08-05,13.93,14.14,13.63,13.63,,1548300.0
2003-08-06,13.63,13.69,13.3,13.44,,2333300.0
2003-08-07,13.37,14.01,13.37,13.89,,2080700.0
2003-08-08,13.69,14.33,13.69,14.01,,2350200.0
2003-08-11,14.0,14.02,13.54,13.67,,1759300.0
2003-08-12,13.75,13.89,13.72,13.79,,2542600.0
2003-08-13,13.86,13.93,13.68,13.68,,1471000.0
2003-08-14,13.68,14.48,13.12,14.26,,6790100.0
2003-08-15,14.03,14.61,14.03,14.42,,1460700.0
2003-08-18,14.38,14.4,14.14,14.31,,941800.0
2003-08-19,14.38,14.87,14.35,14.81,,1580700.0
2003-08-20,14.82,14.82,14.49,14.69,,1142000.0
2003-08-21,14.52,14.91,14.45,14.91,,2230400.0
2003-08-22,15.34,15.4,14.73,15.08,,2219200.0
2003-08-25,14.77,14.89,14.51,14.68,,881100.0
2003-08-26,14.68,14.71,14.38,14.69,,718200.0
2003-08-27,14.7,14.72,14.57,14.65,,934000.0
2003-08-28,14.69,14.71,14.44,14.61,,1179600.0
2003-08-29,14.47,14.87,14.39,14.81,,812100.0
2003-09-02,14.82,15.68,14.82,15.64,,3191300.0
2003-09-03,15.75,16.52,15.71,16.39,,4507900.0
2003-09-04,16.1,16.74,16.1,16.64,,3572900.0
2003-09-05,16.69,16.69,16.1,16.26,,3163600.0
2003-09-08,16.26,16.26,15.99,16.07,,1717700.0
2003-09-09,15.96,16.18,15.85,16.06,,2250700.0
2003-09-10,15.92,15.99,15.55,15.59,,1809800.0
2003-09-11,15.61,15.91,15.4,15.4,,2068000.0
2003-09-12,15.68,15.77,15.22,15.77,,4702400.0
2003-09-15,15.8,16.18,15.56,16.14,,3125400.0
2003-09-16,15.99,16.41,15.89,16.36,,2620400.0
2003-09-17,15.75,16.31,14.7,15.82,,6617000.0
2003-09-18,15.75,15.96,15.75,15.96,,2963700.0
2003-09-19,16.06,16.06,15.65,15.69,,3040900.0
2003-09-22,15.57,15.57,15.08,15.1,,3195500.0
2003-09-23,15.1,15.2,14.84,14.97,,4810800.0
2003-09-24,14.98,15.64,14.87,15.57,,25320600.0
2003-09-25,15.61,15.92,15.5,15.82,,7354500.0
2003-09-26,15.63,15.72,15.27,15.41,,4033000.0
2003-09-29,15.4,15.56,14.91,15.41,,4437600.0
2003-09-30,15.66,15.75,15.2,15.64,,3045600.0
2003-10-01,15.73,15.8,15.41,15.59,,5181600.0
2003-10-02,15.67,15.88,15.54,15.87,,3164100.0
2003-10-03,15.92,16.03,15.66,15.71,,3496100.0
2003-10-06,15.82,16.38,15.71,16.16,,2770200.0
2003-10-07,15.94,16.26,15.87,16.18,,2978300.0
2003-10-08,16.34,16.77,16.16,16.59,,3567900.0
2003-10-09,15.92,16.17,15.48,15.48,,10721100.0
2003-10-10,15.57,15.83,15.52,15.66,,4457800.0
2003-10-13,15.66,15.97,15.48,15.59,,1575800.0
2003-10-14,15.94,15.95,15.65,15.9,,2383200.0
2003-10-15,15.71,15.99,15.5,15.58,,3197700.0
2003-10-16,15.5,15.66,15.25,15.51,,2657800.0
2003-10-17,15.54,15.69,15.33,15.33,,2994900.0
2003-10-20,15.33,15.54,15.26,15.4,,2607100.0
2003-10-21,15.82,15.85,15.59,15.69,,2428000.0
2003-10-22,15.69,16.03,15.55,16.03,,3630500.0
2003-10-23,15.99,16.66,15.8,15.87,,2573500.0
2003-10-24,15.87,15.94,15.37,15.66,,2502900.0
2003-10-27,15.65,15.8,15.53,15.67,,1577100.0
2003-10-28,16.01,16.39,15.96,16.29,,4893300.0
2003-10-29,16.29,16.69,16.18,16.53,,1994900.0
2003-10-30,16.57,16.8,16.53,16.59,,2173000.0
2003-10-31,16.61,16.71,16.31,16.38,,2406200.0
2003-11-03,16.5,16.92,16.5,16.92,,2706200.0
2003-11-04,16.8,17.13,16.73,17.04,,3097000.0
2003-11-05,16.69,17.18,16.45,17.01,,2657500.0
2003-11-06,16.97,17.18,16.91,17.08,,1553900.0
2003-11-07,17.15,17.64,17.12,17.53,,2744100.0
2003-11-10,17.25,17.39,17.04,17.19,,2218300.0
2003-11-11,17.25,17.28,16.7,17.18,,1983100.0
2003-11-12,17.18,17.69,17.11,17.69,,1864500.0
2003-11-13,17.52,17.76,17.24,17.27,,2747300.0
2003-11-14,17.44,17.56,16.98,17.04,,1771000.0
2003-11-17,16.97,17.08,16.7,17.08,,1780800.0
2003-11-18,17.08,17.15,16.83,16.88,,896100.0
2003-11-19,16.66,16.89,16.65,16.83,,1465800.0
2003-11-20,16.83,17.13,16.74,16.95,,1190900.0
2003-11-21,16.96,17.04,16.75,16.91,,923000.0
2003-11-24,16.8,17.46,16.8,17.4,,1713300.0
2003-11-25,17.29,17.4,17.12,17.12,,1583700.0
2003-11-26,16.95,17.5,16.81,17.31,,1564000.0
2003-11-28,17.38,17.49,17.23,17.43,,567700.0
2003-12-01,17.48,17.98,17.44,17.74,,2603300.0
2003-12-02,17.59,18.2,17.28,17.95,,2320200.0
2003-12-03,18.16,18.42,17.96,18.18,,3260500.0
2003-12-04,17.71,18.06,17.71,17.92,,2236300.0
2003-12-05,17.74,17.78,17.58,17.73,,2905300.0
2003-12-08,17.51,17.74,17.41,17.53,,2052400.0
2003-12-09,17.53,17.88,17.51,17.67,,1254100.0
2003-12-10,17.6,17.63,17.28,17.59,,1884800.0
2003-12-11,17.39,17.67,16.83,17.51,,1729600.0
2003-12-12,17.36,17.55,17.36,17.51,,1081600.0
2003-12-15,17.71,17.71,17.41,17.44,,1316600.0
2003-12-16,17.43,17.43,16.86,17.19,,1955700.0
2003-12-17,17.08,17.17,16.9,17.11,,2228200.0
2003-12-18,17.18,17.52,17.14,17.39,,2173000.0
2003-12-19,17.5,17.92,17.44,17.92,,3237300.0
2003-12-22,17.74,17.88,17.62,17.83,,2222900.0
2003-12-23,17.95,18.29,17.83,18.2,,2159100.0
2003-12-24,18.2,18.44,17.99,18.43,,798800.0
2003-12-26,18.23,18.36,18.15,18.21,,490100.0
2003-12-29,18.13,18.42,18.1,18.42,,1163500.0
2003-12-30,18.51,18.58,18.32,18.35,,880100.0
2003-12-31,18.44,18.44,18.2,18.42,,1471500.0
2004-01-02,18.3,18.86,17.97,18.14,,1560900.0
2004-01-05,18.21,18.74,18.21,18.66,,1971300.0
2004-01-06,18.49,18.58,18.27,18.44,,2054400.0
2004-01-07,18.48,18.54,17.92,18.02,,2678700.0
2004-01-08,18.18,18.2,17.22,17.42,,5382400.0
2004-01-09,17.46,17.72,17.29,17.65,,3836400.0
2004-01-12,18.13,18.16,17.81,18.14,,5133000.0
2004-01-13,15.92,16.1,15.29,15.86,,25370200.0
2004-01-14,15.99,16.64,15.93,16.58,,8349600.0
2004-01-15,16.59,16.78,16.42,16.52,,6572100.0
2004-01-16,16.64,16.73,16.38,16.42,,4908700.0
2004-01-20,16.8,16.8,16.34,16.64,,3488700.0
2004-01-21,16.78,17.06,16.13,16.9,,3053300.0
2004-01-22,16.83,17.81,16.82,17.41,,4911900.0
2004-01-23,17.41,17.49,16.81,16.87,,3077100.0
2004-01-26,16.8,17.32,16.8,17.27,,2550800.0
2004-01-27,17.31,17.31,16.39,16.8,,3311900.0
2004-01-28,17.25,17.26,16.48,16.63,,2770000.0
2004-01-29,16.97,16.98,16.4,16.57,,3393000.0
2004-01-30,16.66,16.95,16.55,16.57,,1857400.0
2004-02-02,16.52,16.73,16.08,16.18,,4522600.0
2004-02-03,16.11,16.36,15.85,16.27,,3210500.0
2004-02-04,16.1,16.11,15.78,15.82,,3330800.0
2004-02-05,15.99,16.17,15.83,15.85,,3008500.0
2004-02-06,15.85,16.2,15.82,15.98,,3382700.0
2004-02-09,16.08,16.13,15.89,15.94,,2299800.0
2004-02-10,15.96,16.13,15.87,15.96,,1895700.0
2004-02-11,16.06,16.16,15.83,16.02,,3235300.0
2004-02-12,16.13,16.46,16.1,16.13,,2961100.0
2004-02-13,16.47,16.78,16.36,16.42,,2526400.0
2004-02-17,16.43,16.64,16.2,16.55,,1546000.0
2004-02-18,16.55,16.62,16.29,16.33,,1905900.0
2004-02-19,16.4,16.51,16.1,16.1,,2443600.0
2004-02-20,16.27,16.3,15.82,15.91,,2568800.0
2004-02-23,16.08,16.09,15.3,15.42,,3547000.0
2004-02-24,15.55,16.2,15.53,16.06,,6124800.0
2004-02-25,16.07,16.22,15.85,16.11,,1934900.0
2004-02-26,16.11,16.22,15.94,16.16,,2136700.0
2004-02-27,16.13,16.26,16.04,16.17,,2701400.0
2004-03-01,16.11,16.17,15.97,16.15,,2425500.0
2004-03-02,16.18,16.38,16.11,16.25,,1570600.0
2004-03-03,16.15,16.17,15.83,16.1,,2589000.0
2004-03-04,16.15,16.45,16.12,16.37,,2125800.0
2004-03-05,16.2,16.68,16.14,16.52,,3720800.0
2004-03-08,16.69,16.83,16.46,16.46,,2113700.0
2004-03-09,16.43,16.51,16.31,16.39,,1514900.0
2004-03-10,16.38,16.67,16.16,16.27,,1787300.0
2004-03-11,15.92,16.34,15.83,15.89,,2505600.0
2004-03-12,15.99,16.13,15.85,15.94,,1720200.0
2004-03-15,16.24,16.25,15.98,16.08,,1834000.0
2004-03-16,16.1,16.53,16.1,16.46,,2558900.0
2004-03-17,16.59,16.83,16.52,16.57,,2543800.0
2004-03-18,16.56,16.76,16.56,16.75,,1460900.0
2004-03-19,16.8,17.04,16.67,16.85,,2007400.0
2004-03-22,16.62,16.85,16.34,16.47,,1519100.0
2004-03-23,16.41,16.74,16.41,16.66,,1833900.0
2004-03-24,16.55,16.78,16.55,16.62,,1188400.0
2004-03-25,16.59,16.7,16.47,16.56,,2678500.0
2004-03-26,16.56,16.83,16.48,16.72,,1703300.0
2004-03-29,16.73,16.99,16.73,16.83,,1318500.0
2004-03-30,17.18,17.43,16.62,17.11,,5392100.0
2004-03-31,17.2,17.46,17.11,17.36,,2229400.0
2004-04-01,17.23,17.5,17.2,17.38,,2194800.0
2004-04-02,17.5,17.77,17.44,17.59,,2675300.0
2004-04-05,17.6,18.14,17.6,17.99,,2561300.0
2004-04-06,17.88,17.89,17.5,17.6,,1955200.0
2004-04-07,17.63,17.74,17.46,17.6,,1823700.0
2004-04-08,17.67,17.87,17.55,17.67,,1847800.0
2004-04-12,17.67,18.07,17.64,17.99,,1258900.0
2004-04-13,18.09,18.14,17.76,17.83,,1849400.0
2004-04-14,17.71,17.89,17.68,17.72,,1422500.0
2004-04-15,17.74,17.85,17.49,17.6,,1199000.0
2004-04-16,17.6,17.6,17.0,17.2,,3071800.0
2004-04-19,17.2,17.72,17.2,17.71,,2991600.0
2004-04-20,17.7,17.79,17.41,17.44,,1419500.0
2004-04-21,17.44,17.48,17.02,17.33,,1843500.0
2004-04-22,16.8,17.14,16.62,16.95,,4292700.0
2004-04-23,16.94,17.4,16.8,17.25,,4584800.0
2004-04-26,17.2,17.32,16.97,17.07,,2976900.0
2004-04-27,16.97,17.05,16.85,16.97,,1962700.0
2004-04-28,16.73,16.88,16.55,16.63,,4075000.0
2004-04-29,16.48,16.83,16.46,16.62,,17690600.0
2004-04-30,16.76,16.76,16.48,16.64,,4244400.0
2004-05-03,16.61,16.78,16.55,16.78,,2775800.0
2004-05-04,16.71,16.9,16.59,16.76,,2812500.0
2004-05-05,16.9,17.22,16.87,16.94,,3462400.0
2004-05-06,17.01,17.01,16.7,16.89,,2663100.0
2004-05-07,16.62,16.85,16.5,16.58,,4080000.0
2004-05-10,16.03,16.56,16.02,16.2,,3908900.0
2004-05-11,16.38,16.74,16.3,16.66,,3544000.0
2004-05-12,16.49,16.61,16.11,16.53,,2003100.0
2004-05-13,16.46,16.84,16.42,16.69,,2287600.0
2004-05-14,16.62,16.91,16.38,16.69,,2298100.0
2004-05-17,16.41,16.45,16.13,16.27,,2223500.0
2004-05-18,16.38,16.57,16.32,16.53,,2120300.0
2004-05-19,16.57,16.8,16.57,16.59,,1637900.0
2004-05-20,16.54,16.54,16.2,16.36,,1712400.0
2004-05-21,16.33,16.6,16.3,16.56,,1873300.0
2004-05-24,16.73,16.78,16.46,16.62,,2799500.0
2004-05-25,16.59,16.62,16.31,16.61,,2494400.0
2004-05-26,16.51,16.94,16.45,16.84,,2244600.0
2004-05-27,16.82,17.27,16.78,17.1,,2921700.0
2004-05-28,17.01,17.27,17.01,17.23,,1680300.0
2004-06-01,17.21,18.07,17.16,17.75,,7004300.0
2004-06-02,17.99,18.16,17.43,17.48,,4660500.0
2004-06-03,17.46,17.76,17.26,17.55,,2822400.0
2004-06-04,17.74,17.74,17.38,17.46,,1511900.0
2004-06-07,17.5,17.72,17.45,17.62,,1502500.0
2004-06-08,17.74,17.93,17.63,17.83,,2031500.0
2004-06-09,17.84,17.84,17.01,17.38,,3867900.0
2004-06-10,17.39,17.66,17.36,17.6,,2031600.0
2004-06-14,17.6,17.62,17.41,17.48,,1423800.0
2004-06-15,17.5,17.6,17.29,17.39,,1158200.0
2004-06-16,17.53,17.75,17.43,17.72,,2186300.0
2004-06-17,18.37,18.93,18.16,18.75,,10099800.0
2004-06-18,18.79,19.18,18.79,19.04,,5186600.0
2004-06-21,19.07,19.21,18.67,18.71,,2913700.0
2004-06-22,18.81,18.85,18.58,18.63,,2969500.0
2004-06-23,18.55,19.39,18.55,19.29,,4924400.0
2004-06-24,19.25,19.5,19.18,19.19,,2621400.0
2004-06-25,19.23,19.48,19.12,19.23,,3964900.0
2004-06-28,19.18,19.31,19.04,19.11,,1910100.0
2004-06-29,18.86,19.02,18.8,19.01,,3437300.0
2004-06-30,18.95,19.46,18.95,19.23,,2248500.0
2004-07-01,19.26,19.45,19.04,19.37,,2304100.0
2004-07-02,19.21,19.67,19.21,19.53,,2315700.0
2004-07-06,19.25,19.42,18.93,19.07,,3109100.0
2004-07-07,18.86,19.28,18.48,19.07,,3985400.0
2004-07-08,18.97,19.18,18.76,19.07,,2398800.0
2004-07-09,18.98,19.1,18.78,18.89,,2204900.0
2004-07-12,18.65,18.72,18.4,18.53,,1994200.0
2004-07-13,18.13,18.3,17.97,17.99,,4844300.0
2004-07-14,18.01,18.41,17.8,18.14,,4002200.0
2004-07-15,18.27,18.35,18.07,18.2,,2251400.0
2004-07-16,18.2,18.2,17.91,17.97,,2284100.0
2004-07-19,17.93,18.16,17.71,17.94,,2086000.0
2004-07-20,17.71,18.15,17.71,18.06,,1861800.0
2004-07-21,17.89,18.26,17.79,17.9,,2334000.0
2004-07-22,17.5,17.82,17.41,17.61,,4002000.0
2004-07-23,17.44,17.6,17.34,17.44,,2413400.0
2004-07-26,17.44,17.5,16.9,17.1,,2946100.0
2004-07-27,17.15,17.48,17.14,17.22,,3529500.0
2004-07-28,17.25,17.27,16.74,16.98,,4031000.0
2004-07-29,17.16,17.43,17.09,17.3,,3297800.0
2004-07-30,17.33,17.45,17.12,17.24,,1444800.0
2004-08-02,17.16,17.48,16.95,17.39,,2003100.0
2004-08-03,17.39,17.39,17.15,17.27,,1488900.0
2004-08-04,17.17,17.63,17.09,17.45,,2121800.0
2004-08-05,17.4,17.59,17.22,17.39,,2075200.0
2004-08-06,17.32,17.36,17.04,17.05,,1735000.0
2004-08-09,17.04,17.19,16.83,16.97,,1129500.0
2004-08-10,16.83,17.29,16.81,17.22,,2372700.0
2004-08-11,17.01,17.08,16.76,16.92,,1756800.0
2004-08-12,16.87,16.87,16.31,16.42,,3962800.0
2004-08-13,16.27,16.72,16.27,16.6,,1989800.0
2004-08-16,16.66,17.3,16.63,17.18,,3190000.0
2004-08-17,17.41,17.5,17.3,17.34,,3237700.0
2004-08-18,17.34,17.86,17.27,17.8,,4111800.0
2004-08-19,17.81,18.21,17.67,18.12,,4379900.0
2004-08-20,18.03,18.39,18.02,18.23,,1869700.0
2004-08-23,18.06,18.55,18.06,18.37,,2335300.0
2004-08-24,18.39,18.67,18.21,18.3,,2514800.0
2004-08-25,18.23,18.37,18.09,18.33,,2105100.0
2004-08-26,18.4,18.58,17.98,18.0,,2273100.0
2004-08-27,18.04,18.18,17.91,18.14,,1451000.0
2004-08-30,17.99,18.14,17.93,18.02,,936000.0
2004-08-31,17.97,18.37,17.92,18.27,,1721800.0
2004-09-01,18.3,18.67,18.28,18.53,,1751500.0
2004-09-02,18.46,18.64,18.28,18.42,,1506700.0
2004-09-03,18.25,18.4,18.09,18.13,,1752000.0
2004-09-07,18.1,18.41,18.1,18.32,,1883200.0
2004-09-08,18.46,18.68,18.41,18.52,,3084500.0
2004-09-09,18.46,18.74,18.38,18.61,,1779100.0
2004-09-10,18.65,18.74,18.53,18.74,,1470100.0
2004-09-13,18.74,18.74,18.34,18.34,,1853600.0
2004-09-14,18.44,18.8,18.43,18.7,,1618000.0
2004-09-15,18.48,18.72,18.23,18.63,,2330900.0
2004-09-16,18.63,19.02,18.63,18.88,,2834100.0
2004-09-17,18.88,18.98,18.65,18.67,,1607000.0
2004-09-20,18.55,18.78,18.49,18.75,,1529200.0
2004-09-21,18.69,18.96,18.66,18.93,,1430700.0
2004-09-22,18.83,18.96,18.62,18.83,,1455400.0
2004-09-23,18.72,18.98,18.67,18.83,,1135900.0
2004-09-24,18.72,18.93,18.72,18.77,,1511600.0
2004-09-27,18.69,18.7,18.55,18.65,,1559400.0
2004-09-28,18.69,18.81,18.65,18.69,,3252100.0
2004-09-29,18.56,18.95,18.51,18.92,,2659100.0
2004-09-30,18.93,19.07,18.87,18.93,,3163200.0
2004-10-01,18.91,19.23,18.86,19.07,,2173800.0
2004-10-04,18.41,19.3,18.41,19.18,,2928400.0
2004-10-05,19.07,19.18,18.83,18.84,,2593700.0
2004-10-06,19.02,19.02,18.7,18.89,,1613500.0
2004-10-07,18.79,18.9,18.6,18.67,,1382900.0
2004-10-08,18.68,18.74,18.58,18.73,,1232800.0
2004-10-11,18.76,18.93,18.56,18.83,,1644900.0
2004-10-12,18.76,18.92,18.48,18.6,,3563500.0
2004-10-13,16.94,16.94,15.83,16.75,,28324800.0
2004-10-14,16.9,17.06,16.45,16.46,,10408000.0
2004-10-15,16.41,16.67,16.2,16.46,,5249400.0
2004-10-18,16.39,16.58,16.32,16.55,,3714400.0
2004-10-19,16.83,16.93,16.46,16.78,,4446900.0
2004-10-20,16.83,16.98,16.66,16.94,,3993000.0
2004-10-21,16.89,17.11,16.66,17.0,,1885900.0
2004-10-22,16.85,16.88,16.52,16.69,,3552400.0
2004-10-25,16.54,16.76,16.34,16.6,,3437100.0
2004-10-26,16.53,16.76,16.35,16.75,,2039700.0
2004-10-27,16.74,17.22,16.69,17.11,,2916600.0
2004-10-28,17.04,17.26,16.92,17.11,,2324600.0
2004-10-29,17.04,17.19,16.54,16.95,,2296700.0
2004-11-01,16.9,17.08,16.74,16.83,,2156300.0
2004-11-02,16.95,17.2,16.95,17.1,,1888700.0
2004-11-03,17.42,17.43,17.16,17.25,,2157800.0
2004-11-04,17.21,17.59,16.88,17.59,,2562900.0
2004-11-05,17.52,17.64,17.37,17.49,,2156700.0
2004-11-08,17.16,17.36,17.07,17.08,,3941400.0
2004-11-09,17.22,17.48,17.09,17.24,,3112600.0
2004-11-10,17.32,17.36,16.9,16.94,,3216900.0
2004-11-11,16.95,17.14,16.9,17.01,,2672100.0
2004-11-12,17.06,17.27,16.94,17.16,,2735400.0
2004-11-15,17.29,17.76,17.15,17.63,,4672600.0
2004-11-16,17.6,17.89,17.51,17.65,,5927400.0
2004-11-17,17.81,18.19,17.75,18.09,,3263300.0
2004-11-18,18.12,18.23,17.99,18.16,,3364300.0
2004-11-19,18.16,18.16,17.67,17.79,,2257900.0
2004-11-22,17.69,17.85,17.55,17.67,,1782300.0
2004-11-23,17.69,17.75,17.5,17.64,,1754200.0
2004-11-24,17.72,18.16,17.68,18.09,,1755200.0
2004-11-26,18.05,18.2,18.05,18.16,,449100.0
2004-11-29,18.06,18.27,18.03,18.16,,1834000.0
2004-11-30,18.2,18.35,18.13,18.16,,1735900.0
2004-12-01,18.2,18.83,18.2,18.77,,3849600.0
2004-12-02,18.67,18.97,18.51,18.96,,2520300.0
2004-12-03,18.9,19.0,18.85,18.91,,2260700.0
2004-12-06,18.9,19.04,18.84,18.91,,2566100.0
2004-12-07,18.83,19.0,18.77,18.84,,2529000.0
2004-12-08,18.84,18.84,18.42,18.56,,2775100.0
2004-12-09,18.56,18.6,18.16,18.34,,3623800.0
2004-12-10,18.67,18.67,18.16,18.56,,3111400.0
2004-12-13,18.56,18.72,18.52,18.59,,2241500.0
2004-12-14,18.68,18.93,18.6,18.88,,1950800.0
2004-12-15,18.83,19.2,18.81,19.14,,2640400.0
2004-12-16,19.19,19.21,18.81,18.93,,2892300.0
2004-12-17,18.79,19.23,18.78,19.15,,4260700.0
2004-12-20,19.02,19.06,18.83,18.9,,2280900.0
2004-12-21,18.8,19.21,18.65,19.13,,2279400.0
2004-12-22,18.99,19.25,18.94,19.25,,1395600.0
2004-12-23,19.11,19.32,19.04,19.28,,1106200.0
2004-12-27,19.16,19.32,19.02,19.04,,1300100.0
2004-12-28,18.91,19.1,18.77,19.06,,2179600.0
2004-12-29,19.06,19.06,18.81,18.89,,1755600.0
2004-12-30,18.93,18.93,18.76,18.83,,1506800.0
2004-12-31,18.87,19.03,18.83,18.9,,1076700.0
2005-01-03,18.86,18.87,18.34,18.46,,2425500.0
2005-01-04,18.37,18.4,17.95,18.02,,4101800.0
2005-01-05,17.92,18.11,17.71,17.95,,3302600.0
2005-01-06,17.83,18.0,17.57,17.79,,3295400.0
2005-01-07,18.72,18.88,18.44,18.63,,10569900.0
2005-01-10,18.65,18.95,18.65,18.87,,3244400.0
2005-01-11,18.72,18.87,18.46,18.55,,3818000.0
2005-01-12,18.46,18.54,18.28,18.47,,3251100.0
2005-01-13,18.51,18.61,18.31,18.32,,1761100.0
2005-01-14,18.32,18.56,18.31,18.4,,2231800.0
2005-01-18,17.99,18.36,17.9,18.27,,3481700.0
2005-01-19,18.21,18.29,18.16,18.2,,2711000.0
2005-01-20,17.97,18.2,17.95,17.97,,2468400.0
2005-01-21,17.96,18.01,17.57,17.61,,2749100.0
2005-01-24,17.67,17.85,17.28,17.43,,4158500.0
2005-01-25,17.43,17.8,17.43,17.64,,2203900.0
2005-01-26,17.68,17.88,17.55,17.78,,1732400.0
2005-01-27,17.81,18.11,17.65,17.97,,3040300.0
2005-01-28,17.92,18.07,17.87,17.92,,1812700.0
2005-01-31,17.99,18.25,17.99,18.23,,2403400.0
2005-02-01,17.88,18.27,17.88,18.19,,1543800.0
2005-02-02,18.11,18.25,17.94,18.08,,1702400.0
2005-02-03,18.13,18.17,17.62,17.83,,2637900.0
2005-02-04,17.74,18.02,17.74,18.01,,1774800.0
2005-02-07,17.9,18.12,17.81,18.04,,1226500.0
2005-02-08,17.97,18.14,17.89,18.09,,1447500.0
2005-02-09,18.01,18.13,17.81,17.86,,1142000.0
2005-02-10,17.79,17.93,17.76,17.79,,2334300.0
2005-02-11,17.77,17.94,17.48,17.64,,4395300.0
2005-02-14,17.52,17.68,17.22,17.25,,3979900.0
2005-02-15,17.19,17.48,17.18,17.43,,2607300.0
2005-02-16,17.42,17.59,17.39,17.53,,4525000.0
2005-02-17,17.53,17.53,17.13,17.16,,3321300.0
2005-02-18,17.23,17.46,17.16,17.43,,3016200.0
2005-02-22,17.36,17.59,17.27,17.36,,3091800.0
2005-02-23,17.34,17.45,17.12,17.3,,2045500.0
2005-02-24,17.2,17.35,17.07,17.13,,3038200.0
2005-02-25,17.23,17.6,17.23,17.6,,2322500.0
2005-02-28,17.46,18.23,17.44,17.88,,4649700.0
2005-03-01,17.9,18.18,17.76,17.91,,1826900.0
2005-03-02,17.92,17.92,17.65,17.79,,1515800.0
2005-03-03,17.76,17.83,17.51,17.58,,1242600.0
2005-03-04,17.67,17.95,17.56,17.76,,2314600.0
2005-03-07,17.71,17.9,17.56,17.84,,1924800.0
2005-03-08,17.72,17.88,17.7,17.72,,1481200.0
2005-03-09,17.67,17.79,17.57,17.62,,1967800.0
2005-03-10,17.59,17.6,17.34,17.46,,1238500.0
2005-03-11,17.29,17.36,17.08,17.12,,2740100.0
2005-03-14,17.13,17.21,16.95,17.13,,2075600.0
2005-03-15,17.27,17.31,16.73,16.78,,4659600.0
2005-03-16,16.83,16.88,16.71,16.82,,3713600.0
2005-03-17,16.87,16.96,16.68,16.76,,3258000.0
2005-03-18,16.76,16.76,16.47,16.56,,2367900.0
2005-03-21,16.67,16.89,16.61,16.81,,2493900.0
2005-03-22,16.81,17.32,16.81,16.99,,4733500.0
2005-03-23,16.9,17.06,16.85,17.01,,2869800.0
2005-03-24,17.01,17.12,16.92,17.08,,1950300.0
2005-03-28,17.13,17.36,17.13,17.2,,1727400.0
2005-03-29,17.04,17.25,16.91,16.91,,2515900.0
2005-03-30,16.95,17.22,16.92,17.19,,1481100.0
2005-03-31,17.19,17.36,16.9,16.9,,2137700.0
2005-04-01,17.48,17.64,17.02,17.11,,3865800.0
2005-04-04,16.94,17.13,16.89,17.04,,3196200.0
2005-04-05,17.11,17.43,17.07,17.4,,2361300.0
2005-04-06,17.39,17.6,17.39,17.48,,2329500.0
2005-04-07,17.5,17.53,17.16,17.42,,3057400.0
2005-04-08,16.62,16.8,16.13,16.59,,14040100.0
2005-04-11,16.59,16.59,15.92,16.34,,3397700.0
2005-04-12,16.43,16.43,16.16,16.41,,2996200.0
2005-04-13,16.58,16.59,16.13,16.18,,3895300.0
2005-04-14,16.2,16.36,15.91,16.0,,5004900.0
2005-04-15,15.83,15.94,15.72,15.75,,6730500.0
2005-04-18,15.82,15.92,15.71,15.8,,5378200.0
2005-04-19,15.73,15.98,15.64,15.71,,3545400.0
2005-04-20,15.75,15.87,15.31,15.33,,6627800.0
2005-04-21,15.4,15.63,15.22,15.4,,7034500.0
2005-04-22,15.37,15.4,14.92,15.22,,6470600.0
2005-04-25,15.2,15.33,15.15,15.29,,3787700.0
2005-04-26,15.19,15.31,15.01,15.08,,2454800.0
2005-04-27,14.84,15.14,14.73,15.03,,3882000.0
2005-04-28,14.94,15.17,14.91,15.13,,4956900.0
2005-04-29,15.22,15.38,15.06,15.19,,3798000.0
2005-05-02,15.15,15.43,15.12,15.38,,3440100.0
2005-05-03,15.54,15.61,15.37,15.47,,3185200.0
2005-05-04,15.43,15.58,15.31,15.47,,2930600.0
2005-05-05,15.36,15.53,15.15,15.27,,3178600.0
2005-05-06,15.22,15.43,15.15,15.4,,2767800.0
2005-05-09,15.36,15.47,15.27,15.45,,2667300.0
2005-05-10,15.35,15.5,15.27,15.3,,2267000.0
2005-05-11,15.27,15.48,15.26,15.34,,2491500.0
2005-05-12,15.31,15.61,15.31,15.39,,1909300.0
2005-05-13,14.7,15.58,14.7,15.43,,4231900.0
2005-05-16,15.5,15.5,15.26,15.41,,890000.0
2005-05-17,15.29,15.45,15.27,15.43,,1264600.0
2005-05-18,15.38,15.91,15.36,15.75,,4768500.0
2005-05-19,15.68,16.03,15.68,15.95,,2824500.0
2005-05-20,15.85,16.14,15.85,15.9,,2618700.0
2005-05-23,15.85,16.12,15.76,15.93,,2339800.0
2005-05-24,15.77,15.94,15.65,15.87,,4198400.0
2005-05-25,15.9,15.9,15.61,15.64,,2718600.0
2005-05-26,15.76,16.23,15.76,16.13,,3542700.0
2005-05-27,16.11,16.33,16.11,16.17,,3498600.0
2005-05-31,16.02,16.29,16.02,16.29,,3361600.0
2005-06-01,16.27,16.42,16.17,16.35,,2370500.0
2005-06-02,16.38,16.66,16.34,16.55,,1556400.0
2005-06-03,16.42,16.52,16.27,16.42,,1862700.0
2005-06-06,16.29,16.6,16.24,16.57,,2062400.0
2005-06-07,16.62,16.88,16.56,16.74,,2455000.0
2005-06-08,16.74,16.76,16.43,16.52,,1496600.0
2005-06-09,16.53,16.58,16.4,16.57,,1794500.0
2005-06-10,16.57,16.76,16.53,16.76,,1148500.0
2005-06-13,16.67,16.88,16.62,16.69,,1662400.0
2005-06-14,16.64,16.67,16.29,16.33,,2426500.0
2005-06-15,16.33,16.49,16.04,16.09,,2170500.0
2005-06-16,16.1,16.42,16.06,16.34,,2791500.0
2005-06-17,16.34,16.61,16.22,16.53,,1762300.0
2005-06-20,16.51,16.82,16.38,16.69,,3211000.0
2005-06-21,16.66,16.8,16.64,16.71,,1480500.0
2005-06-22,16.71,16.78,16.66,16.74,,1995700.0
2005-06-23,16.69,16.69,16.1,16.1,,2739600.0
2005-06-24,16.15,16.15,15.84,16.03,,2373600.0
2005-06-27,16.04,16.1,15.82,15.9,,1009400.0
2005-06-28,16.04,16.32,16.01,16.28,,1233600.0
2005-06-29,16.2,16.25,15.82,15.83,,2241800.0
2005-06-30,15.79,16.04,15.79,15.87,,4404300.0
2005-07-01,15.89,16.29,15.88,16.29,,1673800.0
2005-07-05,16.28,16.29,15.93,16.19,,2953100.0
2005-07-06,16.17,16.55,16.16,16.52,,2735800.0
2005-07-07,16.49,16.53,15.54,15.54,,4963800.0
2005-07-08,16.69,17.05,16.59,16.95,,9795800.0
2005-07-11,16.81,17.09,16.8,16.95,,3230100.0
2005-07-12,16.95,16.97,16.54,16.62,,3562900.0
2005-07-13,16.53,16.59,16.41,16.46,,3035100.0
2005-07-14,16.48,17.13,16.45,16.53,,3286600.0
2005-07-15,16.48,16.55,16.33,16.45,,2448800.0
2005-07-18,16.43,16.76,16.42,16.65,,2255300.0
2005-07-19,16.8,17.29,16.79,17.19,,4716300.0
2005-07-20,16.94,17.2,16.9,17.17,,3128400.0
2005-07-21,17.11,17.49,17.08,17.39,,3113000.0
2005-07-22,17.22,17.39,17.08,17.36,,2560300.0
2005-07-25,17.22,17.48,17.01,17.39,,2473100.0
2005-07-26,17.29,17.53,17.15,17.49,,2025800.0
2005-07-27,17.5,17.57,17.37,17.53,,3170500.0
2005-07-28,17.51,17.57,17.48,17.51,,3792200.0
2005-07-29,17.39,17.55,17.37,17.53,,3496100.0
2005-08-01,17.36,17.57,17.33,17.5,,2199700.0
2005-08-02,17.5,17.86,17.5,17.86,,3090700.0
2005-08-03,17.75,17.98,17.71,17.93,,2725300.0
2005-08-04,17.76,17.99,17.65,17.71,,2433100.0
2005-08-05,17.55,17.7,17.5,17.6,,2857800.0
2005-08-08,17.52,17.65,17.38,17.5,,2282100.0
2005-08-09,17.48,17.83,17.48,17.78,,2056200.0
2005-08-10,17.78,17.92,17.66,17.77,,1718700.0
2005-08-11,17.71,17.84,17.6,17.65,,2575500.0
2005-08-12,17.48,17.63,17.42,17.6,,1437200.0
2005-08-15,17.53,17.67,17.47,17.57,,952500.0
2005-08-16,17.46,17.63,17.46,17.55,,1844100.0
2005-08-17,17.52,17.52,17.23,17.41,,2716000.0
2005-08-18,17.39,17.59,17.39,17.57,,1615400.0
2005-08-19,17.55,17.63,17.46,17.51,,1211800.0
2005-08-22,17.54,17.63,17.26,17.41,,2168600.0
2005-08-23,17.38,17.53,17.29,17.29,,1536800.0
2005-08-24,17.3,17.41,17.22,17.26,,2048800.0
2005-08-25,17.26,17.56,17.22,17.49,,1267500.0
2005-08-26,17.36,17.44,17.22,17.25,,1550700.0
2005-08-29,17.15,17.26,17.09,17.15,,2132700.0
2005-08-30,17.13,17.15,16.98,17.09,,1659400.0
2005-08-31,17.06,17.13,16.91,17.08,,2726500.0
2005-09-01,17.15,17.65,17.11,17.44,,2509200.0
2005-09-02,17.44,17.73,17.4,17.72,,1572000.0
2005-09-06,17.72,18.02,17.71,18.0,,2119400.0
2005-09-07,18.02,18.09,17.92,18.05,,2276300.0
2005-09-08,18.03,18.16,17.95,18.06,,2297400.0
2005-09-09,18.04,18.09,17.83,17.93,,2031600.0
2005-09-12,17.9,18.16,17.85,18.0,,1948300.0
2005-09-13,17.71,17.8,17.58,17.58,,2182600.0
2005-09-14,17.81,17.93,17.58,17.91,,1957800.0
2005-09-15,17.57,17.88,17.57,17.79,,1675500.0
2005-09-16,17.88,18.56,17.76,18.39,,8296600.0
2005-09-19,18.28,18.39,17.86,18.06,,2831700.0
2005-09-20,18.02,18.26,17.89,18.05,,1155000.0
2005-09-21,18.07,18.09,17.81,17.88,,2389900.0
2005-09-22,17.5,17.74,17.26,17.64,,1880000.0
2005-09-23,17.57,17.7,17.41,17.63,,816200.0
2005-09-26,17.54,17.7,17.46,17.7,,1298300.0
2005-09-27,17.69,17.76,17.5,17.58,,1355300.0
2005-09-28,17.55,17.65,17.36,17.53,,1715400.0
2005-09-29,17.36,17.6,17.25,17.53,,2060800.0
2005-09-30,17.5,18.0,17.48,17.82,,1744200.0
2005-10-03,17.73,17.92,17.66,17.87,,1962800.0
2005-10-04,18.19,18.19,17.7,17.75,,2524100.0
2005-10-05,17.74,17.85,17.46,17.46,,1043800.0
2005-10-06,17.44,17.67,17.32,17.67,,2217100.0
2005-10-07,18.38,18.86,18.31,18.67,,7922700.0
2005-10-10,18.23,18.53,17.9,17.94,,3927500.0
2005-10-11,18.02,18.03,17.58,17.68,,3079300.0
2005-10-12,17.43,17.74,17.41,17.55,,2074800.0
2005-10-13,17.38,17.71,17.38,17.71,,1742400.0
2005-10-14,18.03,18.22,17.91,18.08,,3262500.0
2005-10-17,17.89,18.08,17.86,18.07,,1911000.0
2005-10-18,18.06,18.41,17.93,18.25,,3183900.0
2005-10-19,18.4,18.71,18.2,18.64,,3088000.0
2005-10-20,18.49,18.65,18.43,18.61,,3314700.0
2005-10-21,18.42,18.61,18.42,18.49,,1880100.0
2005-10-24,18.39,18.76,18.39,18.76,,2024400.0
2005-10-25,18.63,18.66,18.1,18.36,,1624500.0
2005-10-26,18.33,18.75,18.29,18.52,,1643500.0
2005-10-27,18.45,18.52,18.23,18.5,,1122500.0
2005-10-28,18.43,18.63,18.26,18.53,,2451700.0
2005-10-31,18.39,18.66,18.2,18.64,,2873300.0
2005-11-01,18.48,18.77,18.42,18.75,,2828700.0
2005-11-02,18.63,18.91,18.63,18.65,,2791300.0
2005-11-03,18.66,18.74,18.44,18.5,,2233200.0
2005-11-04,18.49,18.74,18.43,18.69,,1664500.0
2005-11-07,18.49,18.76,18.46,18.71,,2035200.0
2005-11-08,18.67,18.76,18.45,18.72,,1455500.0
2005-11-09,18.67,18.76,18.53,18.74,,1790600.0
2005-11-10,18.64,18.88,18.56,18.87,,1474100.0
2005-11-11,18.8,18.88,18.78,18.81,,1039500.0
2005-11-14,18.47,18.91,18.47,18.83,,1682200.0
2005-11-15,18.77,18.9,18.77,18.82,,1474500.0
2005-11-16,18.89,19.43,18.83,19.33,,3059600.0
2005-11-17,19.31,20.0,19.29,19.99,,3561500.0
2005-11-18,19.97,19.99,19.45,19.78,,3092200.0
2005-11-21,19.69,19.82,19.48,19.81,,1609300.0
2005-11-22,19.71,19.83,19.63,19.66,,1378500.0
2005-11-23,19.61,19.66,19.41,19.43,,1621000.0
2005-11-25,19.37,19.87,19.37,19.76,,855700.0
2005-11-28,19.67,19.7,19.49,19.62,,924500.0
2005-11-29,19.64,20.18,19.62,20.0,,3783100.0
2005-11-30,19.94,20.28,19.93,20.14,,3324400.0
2005-12-01,20.19,20.92,20.17,20.64,,4302100.0
2005-12-02,20.65,20.78,20.46,20.67,,2173600.0
2005-12-05,20.61,20.82,20.27,20.38,,2573000.0
2005-12-06,20.36,20.54,20.33,20.44,,1903400.0
2005-12-07,20.46,20.5,20.29,20.36,,1825600.0
2005-12-08,20.29,20.36,19.89,20.0,,1996400.0
2005-12-09,20.12,20.23,19.85,20.01,,2616600.0
2005-12-12,20.02,20.32,20.01,20.12,,2202300.0
2005-12-13,20.12,20.21,20.0,20.04,,3909000.0
2005-12-14,20.12,20.61,20.12,20.46,,3496000.0
2005-12-15,20.48,20.51,20.19,20.24,,1567200.0
2005-12-16,20.23,20.36,20.15,20.25,,2492900.0
2005-12-19,20.16,20.22,19.97,19.97,,1557800.0
2005-12-20,19.9,20.32,19.9,20.24,,2713900.0
2005-12-21,20.19,20.35,20.1,20.35,,1678000.0
2005-12-22,20.31,20.47,20.02,20.3,,1749900.0
2005-12-23,20.22,20.5,20.19,20.5,,1039000.0
2005-12-27,20.53,20.6,20.37,20.44,,1503800.0
2005-12-28,20.44,20.49,20.34,20.46,,957600.0
2005-12-29,20.46,20.51,20.3,20.41,,1154600.0
2005-12-30,20.34,20.46,20.01,20.45,,1434400.0
2006-01-03,20.43,20.9,20.41,20.75,,3843400.0
2006-01-04,20.81,20.87,20.58,20.87,,1953800.0
2006-01-05,20.88,21.12,20.78,21.02,,4119300.0
2006-01-06,21.96,22.21,21.18,22.06,,7378900.0
2006-01-09,21.82,22.06,21.78,22.0,,1904800.0
2006-01-10,21.39,21.59,21.38,21.53,,5564700.0
2006-01-11,21.53,21.7,21.29,21.7,,3241700.0
2006-01-12,21.63,21.96,21.63,21.67,,2459400.0
2006-01-13,21.46,21.5,21.3,21.4,,2486100.0
2006-01-17,20.9,21.94,20.9,21.84,,4440700.0
2006-01-18,21.55,21.96,21.54,21.86,,3454900.0
2006-01-19,21.89,22.13,21.82,22.02,,2672600.0
2006-01-20,22.04,22.37,22.03,22.09,,3899700.0
2006-01-23,21.89,21.93,21.6,21.77,,2321400.0
2006-01-24,21.64,21.75,21.32,21.67,,3193000.0
2006-01-25,21.87,22.11,21.8,21.94,,4443800.0
2006-01-26,21.96,22.14,21.92,22.11,,3769400.0
2006-01-27,22.1,22.38,22.1,22.26,,3693200.0
2006-01-30,21.96,22.31,21.95,22.26,,3508500.0
2006-01-31,22.91,22.91,22.06,22.33,,3603400.0
2006-02-01,22.21,22.52,22.14,22.47,,2681800.0
2006-02-02,22.47,22.63,22.38,22.43,,2393000.0
2006-02-03,22.28,22.42,22.21,22.29,,1491900.0
2006-02-06,22.28,22.67,22.25,22.66,,3522200.0
2006-02-07,22.49,23.16,22.43,22.87,,4777300.0
2006-02-08,22.87,23.18,22.86,22.98,,4686400.0
2006-02-09,22.98,23.13,22.48,22.48,,3844800.0
2006-02-10,22.42,22.68,22.32,22.65,,2656500.0
2006-02-13,22.28,22.91,22.05,22.79,,3091600.0
2006-02-14,22.69,22.83,22.59,22.59,,2184300.0
2006-02-15,22.59,23.01,22.59,22.92,,2587200.0
2006-02-16,22.99,23.28,22.81,23.25,,2332000.0
2006-02-17,23.33,23.33,23.02,23.16,,1811100.0
2006-02-21,23.06,23.14,22.84,22.91,,1564100.0
2006-02-22,22.94,23.04,22.74,22.98,,1693500.0
2006-02-23,23.02,23.03,22.82,22.94,,1760300.0
2006-02-24,22.94,23.01,22.77,22.95,,2290800.0
2006-02-27,22.79,23.41,22.77,23.33,,1728200.0
2006-02-28,23.25,23.28,22.94,23.13,,1709300.0
2006-03-01,23.23,23.33,23.07,23.11,,3170700.0
2006-03-02,23.15,23.15,22.6,23.09,,3038800.0
2006-03-03,23.02,23.12,22.92,23.03,,1526500.0
2006-03-06,23.03,23.04,22.82,22.93,,928600.0
2006-03-07,22.79,22.85,22.27,22.58,,2488100.0
2006-03-08,22.49,22.58,22.12,22.33,,3141000.0
2006-03-09,22.44,22.56,22.22,22.26,,1661600.0
2006-03-10,22.35,22.4,22.23,22.35,,2403700.0
2006-03-13,22.35,22.49,22.25,22.35,,1860800.0
2006-03-14,22.28,22.71,22.25,22.43,,1681600.0
2006-03-15,22.36,22.67,22.28,22.59,,2360900.0
2006-03-16,22.63,22.73,22.49,22.55,,2095700.0
2006-03-17,22.5,22.68,22.31,22.32,,2265000.0
2006-03-20,22.26,22.58,22.21,22.27,,1968200.0
2006-03-21,22.26,22.87,22.14,22.61,,2614700.0
2006-03-22,22.57,22.97,22.43,22.91,,1940200.0
2006-03-23,22.85,22.93,22.7,22.78,,1313200.0
2006-03-24,22.78,22.89,22.0,22.31,,4709100.0
2006-03-27,22.31,22.35,21.43,21.83,,4503300.0
2006-03-28,21.87,22.02,21.68,21.89,,2755100.0
2006-03-29,20.38,20.7,19.98,20.62,,18658900.0
2006-03-30,20.44,21.31,20.44,21.29,,7232900.0
2006-03-31,21.29,21.51,21.16,21.3,,4134000.0
2006-04-03,21.29,21.29,20.81,21.19,,4233600.0
2006-04-04,21.19,21.59,20.92,21.5,,3216800.0
2006-04-05,21.2,21.39,20.99,21.04,,2618300.0
2006-04-06,20.9,21.02,20.61,20.82,,3327100.0
2006-04-07,20.81,20.97,20.56,20.56,,3032100.0
2006-04-10,20.56,20.65,20.41,20.55,,2286000.0
2006-04-11,20.51,20.51,20.26,20.36,,3689500.0
2006-04-12,20.4,20.92,20.39,20.82,,2367900.0
2006-04-13,20.68,21.07,20.66,20.89,,1684700.0
2006-04-17,20.72,21.21,20.69,21.02,,1786800.0
2006-04-18,20.97,21.73,20.97,21.66,,4497800.0
2006-04-19,21.43,21.66,21.32,21.39,,3187700.0
2006-04-20,21.39,21.53,21.33,21.36,,1595900.0
2006-04-21,21.29,21.47,21.12,21.26,,1508300.0
2006-04-24,21.04,21.21,20.85,21.04,,1464200.0
2006-04-25,21.0,21.07,20.88,21.0,,1204600.0
2006-04-26,20.97,21.28,20.9,20.97,,1291800.0
2006-04-27,20.92,21.14,20.65,21.03,,1975700.0
2006-04-28,20.93,20.93,20.54,20.59,,2263600.0
2006-05-01,20.56,21.1,20.56,20.87,,1980400.0
2006-05-02,20.84,21.09,20.83,20.86,,1402700.0
2006-05-03,20.82,21.01,20.71,20.8,,2037400.0
2006-05-04,20.77,20.97,20.67,20.79,,1769300.0
2006-05-05,20.58,20.92,20.58,20.86,,1662200.0
2006-05-08,20.56,20.97,20.56,20.9,,2375900.0
2006-05-09,20.68,21.02,20.68,20.83,,1575800.0
2006-05-10,20.73,20.94,20.61,20.9,,1751800.0
2006-05-11,20.87,21.25,20.84,20.98,,2224400.0
2006-05-12,20.74,21.05,20.61,20.66,,2253800.0
2006-05-15,20.33,20.44,20.09,20.44,,3075600.0
2006-05-16,20.35,20.52,20.26,20.52,,2183400.0
2006-05-17,20.47,20.6,20.21,20.3,,1627300.0
2006-05-18,20.23,20.3,19.63,19.65,,3166100.0
2006-05-19,19.59,19.61,18.97,19.61,,5563600.0
2006-05-22,18.98,19.44,18.54,19.31,,6358700.0
2006-05-23,19.62,19.95,19.37,19.38,,4136300.0
2006-05-24,19.3,19.76,19.12,19.73,,3805200.0
2006-05-25,19.73,19.97,19.44,19.85,,3255500.0
2006-05-26,19.8,19.9,19.61,19.8,,1568000.0
2006-05-30,19.71,19.73,19.44,19.63,,1661900.0
2006-05-31,19.62,19.97,19.55,19.94,,3467300.0
2006-06-01,19.94,20.07,19.68,19.89,,2044000.0
2006-06-02,19.9,19.9,19.67,19.76,,1774700.0
2006-06-05,19.71,19.72,19.39,19.46,,2264900.0
2006-06-06,19.45,19.49,19.08,19.44,,2600800.0
2006-06-07,19.44,19.47,19.15,19.15,,2820400.0
2006-06-08,19.11,19.2,18.64,19.15,,3420300.0
2006-06-09,19.37,19.41,19.02,19.2,,1696000.0
2006-06-12,19.04,19.12,18.79,18.85,,1393400.0
2006-06-13,18.54,18.64,18.23,18.42,,3433100.0
2006-06-14,18.4,18.75,18.33,18.4,,2688800.0
2006-06-15,18.69,18.86,18.47,18.58,,3288900.0
2006-06-16,18.71,18.83,18.2,18.26,,4393400.0
2006-06-19,18.19,18.54,18.19,18.4,,3559100.0
2006-06-20,18.4,18.75,18.35,18.62,,3395500.0
2006-06-21,18.75,19.54,18.65,19.33,,3049100.0
2006-06-22,19.34,19.34,18.84,19.02,,1735900.0
2006-06-23,19.05,19.37,19.02,19.2,,2054400.0
2006-06-26,19.3,19.54,19.28,19.31,,1508300.0
2006-06-27,19.17,19.44,18.98,19.16,,1971000.0
2006-06-28,19.16,19.46,19.1,19.44,,1658700.0
2006-06-29,19.83,20.75,19.42,19.9,,2596200.0
2006-06-30,20.51,20.68,19.65,20.06,,3736100.0
2006-07-03,20.06,20.19,19.64,20.18,,1702500.0
2006-07-05,20.18,20.35,19.68,20.14,,3399200.0
2006-07-06,19.97,20.36,19.95,20.0,,1881500.0
2006-07-07,19.73,20.05,19.73,19.83,,1403000.0
2006-07-10,19.83,20.19,19.68,19.81,,2368200.0
2006-07-11,19.73,19.73,19.38,19.61,,2482800.0
2006-07-12,19.58,20.11,19.58,20.0,,2247400.0
2006-07-13,19.87,20.01,19.76,19.87,,2103800.0
2006-07-14,19.8,20.22,19.69,20.1,,1778200.0
2006-07-17,19.88,20.17,19.84,19.91,,2094200.0
2006-07-18,19.88,19.95,19.45,19.83,,2085900.0
2006-07-19,19.83,20.53,19.78,20.48,,1985700.0
2006-07-20,20.17,20.35,19.87,19.97,,1890000.0
2006-07-21,19.88,19.9,19.56,19.78,,1994700.0
2006-07-24,19.63,20.09,19.55,19.98,,1303900.0
2006-07-25,19.79,20.46,19.74,20.39,,1819500.0
2006-07-26,20.01,20.22,19.91,20.04,,1308900.0
2006-07-27,20.05,20.36,20.0,20.23,,1718900.0
2006-07-28,20.19,20.5,20.19,20.48,,1261800.0
2006-07-31,20.01,20.8,20.01,20.73,,2153200.0
2006-08-01,20.44,20.51,20.07,20.18,,1454600.0
2006-08-02,20.32,20.53,20.27,20.37,,1511900.0
2006-08-03,20.09,20.63,20.06,20.62,,2313300.0
2006-08-04,20.47,20.71,20.24,20.42,,1757900.0
2006-08-07,20.13,20.45,20.11,20.4,,1839500.0
2006-08-08,20.41,20.67,20.21,20.25,,1948200.0
2006-08-09,20.34,20.4,19.83,19.85,,1326900.0
2006-08-10,19.59,20.0,19.57,19.87,,1330400.0
2006-08-11,19.59,19.83,19.48,19.6,,1310200.0
2006-08-14,19.6,19.94,19.54,19.68,,1457300.0
2006-08-15,19.8,19.94,19.72,19.88,,1305300.0
2006-08-16,19.89,20.49,19.89,20.39,,1632300.0
2006-08-17,20.31,20.56,20.29,20.5,,1349500.0
2006-08-18,20.48,20.65,20.39,20.61,,1229800.0
2006-08-21,20.53,20.6,20.19,20.24,,1214900.0
2006-08-22,20.21,20.44,19.88,19.88,,1616600.0
2006-08-23,19.88,20.17,19.68,20.0,,1620700.0
2006-08-24,20.12,20.2,19.83,20.17,,1526000.0
2006-08-25,20.26,20.27,19.78,20.09,,1436300.0
2006-08-28,19.97,20.4,19.42,20.34,,1592900.0
2006-08-29,20.26,20.34,20.07,20.27,,1048000.0
2006-08-30,20.27,20.49,20.11,20.4,,1099300.0
2006-08-31,20.34,21.01,20.34,21.01,,2262600.0
2006-09-01,21.11,21.24,21.04,21.19,,1327500.0
2006-09-05,21.07,21.38,20.99,21.03,,1695800.0
2006-09-06,21.04,21.04,20.4,20.45,,1807800.0
2006-09-07,20.44,20.45,20.04,20.11,,2120200.0
2006-09-08,20.05,20.39,20.05,20.26,,1669400.0
2006-09-11,20.19,20.36,20.03,20.1,,1827700.0
2006-09-12,20.1,20.48,20.05,20.36,,1480500.0
2006-09-13,20.44,20.95,20.36,20.87,,2320400.0
2006-09-14,20.65,20.83,20.46,20.78,,985500.0
2006-09-15,20.8,20.89,20.54,20.54,,1326500.0
2006-09-18,20.56,20.87,20.56,20.73,,1198100.0
2006-09-19,20.73,20.81,20.39,20.62,,839500.0
2006-09-20,20.62,20.9,20.62,20.82,,692700.0
2006-09-21,20.8,20.9,20.55,20.63,,657800.0
2006-09-22,20.75,20.95,20.53,20.78,,1325500.0
2006-09-25,20.9,21.24,20.89,21.07,,2065000.0
2006-09-26,20.85,21.06,20.59,20.87,,2694500.0
2006-09-27,20.67,20.94,20.63,20.8,,2832000.0
2006-09-28,21.96,22.52,21.67,22.38,,8779200.0
2006-09-29,22.67,23.48,22.4,22.46,,7800300.0
2006-10-02,22.35,22.45,21.84,21.84,,3362200.0
2006-10-03,21.6,22.05,21.14,21.91,,4038900.0
2006-10-04,21.82,22.29,21.72,22.21,,3213400.0
2006-10-05,21.97,22.26,21.96,22.13,,1884600.0
2006-10-06,21.88,21.98,21.63,21.82,,2225900.0
2006-10-09,21.78,22.31,21.78,22.28,,2069300.0
2006-10-10,22.06,22.63,22.05,22.33,,2867900.0
2006-10-11,22.46,22.9,22.42,22.88,,2078300.0
2006-10-12,22.66,22.88,22.57,22.7,,1827000.0
2006-10-13,22.61,23.11,22.59,23.06,,3156300.0
2006-10-16,22.56,22.97,22.54,22.86,,2298400.0
2006-10-17,22.74,22.79,22.51,22.62,,2110900.0
2006-10-18,22.78,22.91,22.69,22.85,,3043200.0
2006-10-19,22.71,22.81,22.56,22.59,,1380700.0
2006-10-20,22.7,22.76,22.49,22.56,,1530300.0
2006-10-23,22.32,22.97,22.32,22.96,,2490000.0
2006-10-24,22.96,23.27,22.88,23.19,,3003700.0
2006-10-25,23.01,23.21,22.82,23.19,,1694900.0
2006-10-26,23.1,23.58,22.89,23.49,,1983500.0
2006-10-27,23.34,23.46,23.18,23.27,,1370200.0
2006-10-30,23.02,24.05,23.0,23.87,,3504300.0
2006-10-31,23.72,23.72,23.28,23.57,,2379100.0
2006-11-01,23.42,23.77,23.4,23.62,,2466600.0
2006-11-02,23.23,23.97,23.22,23.87,,2751600.0
2006-11-03,23.72,23.99,23.45,23.7,,1919300.0
2006-11-06,23.34,24.13,23.34,24.13,,2393400.0
2006-11-07,24.06,24.07,23.66,23.7,,2173000.0
2006-11-08,23.59,23.98,23.56,23.95,,2168800.0
2006-11-09,23.92,23.98,23.75,23.9,,1983900.0
2006-11-10,23.9,24.25,23.89,24.25,,1698300.0
2006-11-13,24.02,24.25,23.92,24.19,,2458300.0
2006-11-14,24.26,24.46,24.07,24.43,,2200500.0
2006-11-15,23.99,24.76,23.99,24.6,,2585900.0
2006-11-16,24.58,25.04,24.56,25.04,,2021900.0
2006-11-17,25.04,25.18,24.97,25.17,,1953700.0
2006-11-20,25.11,25.11,24.63,24.76,,2552700.0
2006-11-21,24.85,24.99,24.6,24.7,,2305900.0
2006-11-22,24.68,24.81,24.38,24.53,,2124600.0
2006-11-24,24.53,24.68,24.31,24.58,,763300.0
2006-11-27,24.45,24.45,23.75,23.86,,2561500.0
2006-11-28,23.92,24.0,23.65,23.79,,1930400.0
2006-11-29,23.8,23.9,23.67,23.77,,1628600.0
2006-11-30,23.95,24.2,23.79,24.13,,1696200.0
2006-12-01,24.2,24.33,23.95,24.21,,1271900.0
2006-12-04,24.15,24.7,24.12,24.63,,1698400.0
2006-12-05,24.66,24.95,24.55,24.84,,1785300.0
2006-12-06,24.84,25.01,24.64,24.7,,1380400.0
2006-12-07,24.65,24.76,24.45,24.68,,965400.0
2006-12-08,24.83,24.87,24.49,24.71,,1687200.0
2006-12-11,24.65,24.74,24.45,24.45,,1860100.0
2006-12-12,24.57,24.9,24.38,24.75,,1504700.0
2006-12-13,24.81,24.93,24.61,24.86,,1230400.0
2006-12-14,24.96,25.19,24.92,25.03,,1106800.0
2006-12-15,25.01,25.15,24.86,24.92,,1700900.0
2006-12-18,25.06,25.34,24.73,24.76,,1548600.0
2006-12-19,24.65,24.91,24.35,24.78,,1721200.0
2006-12-20,24.78,25.19,24.78,25.12,,1509700.0
2006-12-21,26.71,27.21,25.83,26.26,,7626700.0
2006-12-22,26.26,26.31,25.99,26.1,,1715300.0
2006-12-26,25.98,26.09,25.81,25.99,,1365400.0
2006-12-27,25.94,26.29,25.94,26.17,,1802400.0
2006-12-28,26.05,26.7,26.04,26.69,,2192500.0
2006-12-29,26.53,26.72,26.42,26.45,,2087400.0
2007-01-03,26.17,26.5,25.9,26.05,,3079900.0
2007-01-04,25.86,26.66,25.78,26.64,,2384800.0
2007-01-05,26.32,26.49,26.1,26.27,,1766300.0
2007-01-08,26.14,26.77,26.14,26.65,,2157200.0
2007-01-09,26.57,26.82,26.39,26.58,,2729200.0
2007-01-10,26.37,26.78,26.31,26.74,,2401600.0
2007-01-11,26.67,26.77,26.5,26.63,,2468800.0
2007-01-12,26.63,27.2,26.6,27.2,,3950500.0
2007-01-16,26.86,26.97,26.5,26.57,,3508600.0
2007-01-17,26.71,27.11,26.7,26.87,,3171500.0
2007-01-18,26.87,27.0,26.55,26.6,,4177600.0
2007-01-19,26.64,26.66,26.21,26.32,,3582900.0
2007-01-22,26.32,26.34,26.13,26.27,,3165200.0
2007-01-23,26.28,26.64,26.23,26.38,,2747400.0
2007-01-24,26.27,26.42,26.02,26.29,,3213100.0
2007-01-25,26.42,26.58,26.04,26.16,,2991300.0
2007-01-26,26.27,26.34,25.71,26.16,,2343100.0
2007-01-29,26.04,26.45,26.0,26.45,,2191000.0
2007-01-30,26.39,26.66,26.32,26.5,,2216300.0
2007-01-31,26.5,27.11,26.42,27.03,,3732000.0
2007-02-01,27.03,27.28,26.95,27.28,,3266800.0
2007-02-02,27.28,27.64,27.28,27.63,,2832800.0
2007-02-05,27.73,27.78,27.31,27.68,,2709100.0
2007-02-06,27.63,27.74,27.54,27.61,,2282000.0
2007-02-07,27.57,28.0,27.53,28.0,,2213400.0
2007-02-08,27.89,27.93,27.58,27.81,,1925400.0
2007-02-09,27.81,27.88,27.55,27.78,,1775200.0
2007-02-12,27.43,27.7,27.33,27.46,,2752300.0
2007-02-13,27.71,27.78,27.52,27.73,,2101400.0
2007-02-14,27.73,28.11,27.71,28.07,,2450300.0
2007-02-15,27.89,28.02,27.75,27.78,,1960500.0
2007-02-16,27.81,27.92,27.54,27.75,,2797500.0
2007-02-20,27.61,27.96,27.61,27.78,,1879700.0
2007-02-21,27.75,27.76,27.5,27.55,,2061800.0
2007-02-22,27.51,27.53,27.3,27.43,,3809600.0
2007-02-23,27.33,27.48,27.18,27.39,,2333900.0
2007-02-26,27.39,27.56,27.07,27.18,,2407400.0
2007-02-27,26.72,26.78,26.14,26.35,,2243900.0
2007-02-28,26.41,26.97,25.28,25.62,,6286000.0
2007-03-01,25.1,25.44,24.83,25.21,,4441800.0
2007-03-02,25.6,25.74,25.32,25.6,,3536800.0
2007-03-05,25.24,26.24,24.99,24.99,,2763300.0
2007-03-06,24.55,25.67,24.55,25.23,,4667200.0
2007-03-07,25.35,25.39,25.05,25.15,,3139900.0
2007-03-08,25.42,25.73,25.33,25.59,,1662800.0
2007-03-09,25.77,26.11,25.64,25.86,,2546100.0
2007-03-12,25.73,26.27,25.59,26.04,,2311800.0
2007-03-13,25.85,25.89,25.45,25.55,,1628100.0
2007-03-14,25.46,25.71,25.23,25.39,,2386100.0
2007-03-15,25.34,25.42,25.01,25.06,,2428700.0
2007-03-16,25.04,25.28,24.8,25.25,,2656500.0
2007-03-19,25.34,25.69,25.21,25.63,,1642600.0
2007-03-20,25.74,26.14,25.51,25.99,,2134000.0
2007-03-21,25.98,26.29,25.9,26.22,,1802900.0
2007-03-22,25.59,26.86,25.59,26.31,,1865100.0
2007-03-23,26.25,26.44,25.99,26.07,,1806000.0
2007-03-26,26.75,26.75,25.99,26.32,,2885800.0
2007-03-27,26.36,26.48,25.94,25.94,,4037500.0
2007-03-28,26.5,27.05,26.29,26.92,,7617300.0
2007-03-29,27.05,27.7,27.04,27.7,,3843300.0
2007-03-30,27.64,27.89,27.37,27.6,,2882600.0
2007-04-02,27.48,27.96,27.48,27.78,,3226300.0
2007-04-03,27.74,27.78,27.55,27.55,,2175300.0
2007-04-04,27.25,27.75,27.21,27.73,,3151100.0
2007-04-05,27.58,27.81,27.58,27.67,,1483500.0
2007-04-09,27.46,27.63,27.28,27.45,,2224300.0
2007-04-10,27.45,27.64,27.21,27.28,,2346600.0
2007-04-11,27.23,27.45,27.02,27.33,,4221900.0
2007-04-12,27.21,27.57,26.9,27.51,,3490200.0
2007-04-13,28.11,28.11,27.39,27.71,,1935900.0
2007-04-16,27.71,27.78,27.55,27.77,,1919300.0
2007-04-17,27.75,27.93,27.74,27.87,,2233300.0
2007-04-18,27.63,27.84,27.43,27.7,,3070300.0
2007-04-19,27.61,27.75,27.35,27.41,,1848500.0
2007-04-20,27.57,27.66,27.4,27.55,,2693200.0
2007-04-23,27.51,27.81,27.5,27.61,,1303700.0
2007-04-24,27.69,27.81,27.53,27.74,,1582500.0
2007-04-25,27.78,28.24,27.65,28.17,,2497300.0
2007-04-26,28.19,28.34,27.63,27.73,,1728000.0
2007-04-27,27.8,27.86,27.55,27.7,,1301400.0
2007-04-30,27.64,28.13,27.57,28.0,,2081900.0
2007-05-01,27.93,28.07,27.78,27.95,,1185200.0
2007-05-02,27.88,28.07,27.74,27.9,,1487700.0
2007-05-03,28.06,28.21,27.71,28.11,,1419800.0
2007-05-04,28.03,28.16,27.78,28.0,,1483600.0
2007-05-07,27.68,27.76,27.33,27.43,,1886400.0
2007-05-08,27.34,27.53,27.29,27.5,,2046600.0
2007-05-09,27.35,27.88,27.25,27.83,,1614500.0
2007-05-10,27.72,27.73,27.38,27.45,,1768300.0
2007-05-11,27.59,27.73,27.28,27.45,,1571100.0
2007-05-14,27.22,27.39,26.96,27.31,,2153000.0
2007-05-15,27.4,27.7,27.14,27.5,,2610200.0
2007-05-16,27.61,28.75,27.61,28.59,,3823300.0
2007-05-17,28.49,28.72,28.29,28.32,,1849700.0
2007-05-18,28.34,28.56,28.18,28.41,,1562700.0
2007-05-21,28.28,28.44,28.14,28.4,,1617700.0
2007-05-22,28.07,28.49,27.6,28.37,,1914900.0
2007-05-23,28.34,28.89,28.34,28.67,,2215000.0
2007-05-24,28.62,28.99,28.53,28.59,,2196300.0
2007-05-25,29.23,29.23,28.81,29.16,,1872800.0
2007-05-29,29.11,29.32,28.91,29.31,,2225000.0
2007-05-30,28.91,29.18,28.64,29.1,,2075900.0
2007-05-31,29.26,29.5,29.01,29.32,,2064100.0
2007-06-01,29.29,29.65,29.25,29.55,,2183800.0
2007-06-04,29.9,29.9,29.27,29.53,,1847500.0
2007-06-05,29.57,29.96,29.36,29.9,,2382900.0
2007-06-06,29.59,29.65,29.05,29.36,,2565600.0
2007-06-07,29.36,29.36,28.45,28.51,,1994000.0
2007-06-08,28.51,28.64,28.08,28.43,,2115800.0
2007-06-11,28.34,28.46,28.18,28.33,,1635500.0
2007-06-12,28.21,28.41,28.07,28.29,,2229900.0
2007-06-13,28.43,28.46,27.61,28.26,,4585300.0
2007-06-14,28.17,28.61,28.17,28.29,,3278500.0
2007-06-15,28.39,28.94,28.12,28.64,,5521000.0
2007-06-18,28.78,29.72,28.78,29.72,,3271400.0
2007-06-19,29.43,29.84,29.4,29.65,,2744200.0
2007-06-20,29.75,30.33,29.69,30.12,,5466300.0
2007-06-21,30.04,30.1,29.66,29.91,,3593900.0
2007-06-22,29.92,30.58,29.67,30.53,,26390300.0
2007-06-25,30.36,30.53,30.17,30.18,,5197100.0
2007-06-26,30.43,31.53,30.26,30.65,,7879900.0
2007-06-27,30.89,30.9,30.31,30.76,,5351200.0
2007-06-28,30.97,31.08,30.61,30.67,,5362600.0
2007-06-29,30.86,31.08,30.18,30.71,,5061800.0
2007-07-02,30.52,30.81,30.25,30.46,,4452200.0
2007-07-03,29.96,30.4,29.79,30.23,,2537900.0
2007-07-05,30.0,30.66,29.73,30.66,,3991200.0
2007-07-06,30.47,30.83,30.47,30.79,,3661500.0
2007-07-09,30.4,30.76,30.28,30.7,,4081000.0
2007-07-10,30.3,30.38,29.8,29.86,,4458200.0
2007-07-11,29.79,30.26,29.57,30.2,,3206400.0
2007-07-12,30.2,30.58,29.94,30.45,,3594700.0
2007-07-13,30.28,30.35,30.06,30.3,,2116700.0
2007-07-16,30.18,30.58,30.11,30.43,,1899500.0
2007-07-17,30.32,30.39,29.95,30.01,,3450900.0
2007-07-18,29.77,30.16,29.58,30.05,,3103400.0
2007-07-19,30.25,30.79,29.95,30.79,,4251200.0
2007-07-20,30.51,31.05,30.43,31.01,,3197500.0
2007-07-23,30.82,31.51,30.75,31.37,,4086900.0
2007-07-24,30.74,31.15,30.27,30.48,,2379300.0
2007-07-25,30.44,30.48,29.85,30.0,,3067900.0
2007-07-26,29.91,30.0,29.5,29.54,,3285300.0
2007-07-27,28.93,29.97,28.49,29.87,,3897800.0
2007-07-30,29.86,30.18,29.74,30.16,,3103800.0
2007-07-31,30.14,30.61,30.08,30.17,,4134800.0
2007-08-01,30.11,30.48,29.24,29.75,,3792000.0
2007-08-02,29.29,30.43,28.96,30.21,,3247500.0
2007-08-03,30.28,30.36,29.35,29.36,,2273300.0
2007-08-06,29.6,30.19,29.34,29.87,,2311900.0
2007-08-07,29.57,30.05,29.35,30.05,,2288600.0
2007-08-08,30.68,30.68,29.5,29.66,,2296200.0
2007-08-09,28.49,29.52,28.0,28.5,,3696200.0
2007-08-10,28.64,28.64,27.84,28.06,,2862400.0
2007-08-13,28.19,28.86,27.93,28.71,,2694100.0
2007-08-14,28.87,29.47,28.02,28.14,,2861600.0
2007-08-15,27.93,28.47,27.74,27.82,,2623000.0
2007-08-16,27.47,27.52,26.67,26.82,,3956800.0
2007-08-17,27.35,28.0,26.95,27.78,,2580200.0
2007-08-20,27.86,28.51,27.8,28.36,,2145900.0
2007-08-21,28.21,28.77,28.08,28.62,,2446100.0
2007-08-22,28.77,29.2,28.72,28.83,,2025100.0
2007-08-23,29.36,29.5,28.6,28.94,,2834100.0
2007-08-24,29.05,29.43,28.51,28.68,,2445600.0
2007-08-27,28.6,28.93,28.47,28.79,,1958100.0
2007-08-28,28.79,28.79,28.31,28.36,,1717300.0
2007-08-29,28.66,29.04,28.41,28.82,,1183100.0
2007-08-30,28.43,29.69,28.39,29.43,,3127800.0
2007-08-31,29.72,30.08,29.15,29.51,,2596400.0
2007-09-04,29.54,29.75,29.3,29.62,,1470500.0
2007-09-05,29.3,29.4,28.84,29.31,,2660100.0
2007-09-06,29.36,29.41,28.81,29.03,,2403000.0
2007-09-07,28.66,28.83,27.76,28.66,,3079300.0
2007-09-10,28.75,28.87,28.13,28.54,,2153600.0
2007-09-11,28.75,28.75,28.08,28.34,,2667500.0
2007-09-12,28.28,28.45,27.98,28.44,,2310600.0
2007-09-13,28.64,28.8,28.48,28.49,,2472900.0
2007-09-14,28.42,28.47,28.14,28.4,,2095200.0
2007-09-17,28.42,28.53,27.76,27.86,,2483900.0
2007-09-18,28.05,28.17,26.67,27.55,,6808100.0
2007-09-19,27.58,28.36,27.56,28.08,,3549600.0
2007-09-20,27.73,28.32,27.57,28.11,,4592000.0
2007-09-21,28.29,28.51,27.93,28.43,,2410700.0
2007-09-24,28.3,29.24,28.0,28.21,,5396600.0
2007-09-25,28.18,28.18,27.07,27.23,,5451400.0
2007-09-26,27.63,27.73,27.07,27.08,,4357900.0
2007-09-27,27.17,27.96,27.16,27.23,,5502900.0
2007-09-28,27.93,28.9,27.93,28.82,,7379100.0
2007-10-01,28.82,29.34,28.8,29.27,,3028500.0
2007-10-02,29.01,29.01,28.46,28.69,,3802600.0
2007-10-03,28.41,28.72,28.39,28.51,,2481100.0
2007-10-04,28.5,28.74,28.46,28.59,,2601700.0
2007-10-05,28.48,29.07,28.19,28.3,,4343600.0
2007-10-08,28.29,28.59,28.03,28.46,,2270900.0
2007-10-09,28.46,28.87,28.2,28.84,,3064900.0
2007-10-10,28.7,30.44,28.57,30.23,,6154100.0
2007-10-11,30.1,30.42,29.49,29.63,,3516500.0
2007-10-12,29.63,30.61,29.47,30.53,,3702700.0
2007-10-15,29.95,30.25,29.47,29.65,,2894600.0
2007-10-16,29.3,29.62,28.92,29.13,,3662400.0
2007-10-17,29.51,29.76,28.97,29.59,,5280500.0
2007-10-18,29.39,29.81,29.16,29.69,,5459000.0
2007-10-19,29.31,29.65,28.36,28.4,,3204500.0
2007-10-22,28.14,28.47,27.41,28.32,,3321300.0
2007-10-23,28.39,28.89,28.28,28.82,,2378200.0
2007-10-24,28.83,28.9,27.82,28.3,,2453400.0
2007-10-25,28.16,28.16,27.56,27.85,,3727000.0
2007-10-26,28.09,28.51,27.87,28.35,,3987500.0
2007-10-29,28.29,28.5,27.9,28.35,,3173200.0
2007-10-30,28.35,28.45,27.81,27.99,,2988900.0
2007-10-31,28.21,28.48,27.63,28.24,,4267100.0
2007-11-01,28.11,28.62,27.75,27.83,,3725600.0
2007-11-02,27.91,27.91,26.99,27.77,,3999600.0
2007-11-05,27.81,27.81,26.09,27.16,,7261600.0
2007-11-06,27.18,27.18,25.94,26.23,,8063600.0
2007-11-07,26.23,26.23,25.89,25.98,,4198500.0
2007-11-08,25.94,25.94,24.08,25.44,,7447500.0
2007-11-09,25.01,25.58,25.01,25.21,,4893400.0
2007-11-12,25.4,26.26,25.0,25.79,,4163300.0
2007-11-13,26.08,26.75,25.94,26.62,,3707200.0
2007-11-14,26.91,26.91,25.59,25.73,,4228200.0
2007-11-15,25.51,26.61,25.31,26.52,,7167200.0
2007-11-16,26.6,26.91,26.35,26.61,,3265700.0
2007-11-19,26.78,26.78,25.24,25.31,,6098200.0
2007-11-20,25.31,25.93,24.92,25.34,,3789000.0
2007-11-21,25.31,25.31,24.63,25.0,,3759500.0
2007-11-23,25.32,25.46,24.97,25.43,,1074900.0
2007-11-26,25.53,25.53,24.39,24.5,,4110200.0
2007-11-27,24.69,24.69,23.89,24.43,,3831300.0
2007-11-28,24.59,25.77,24.58,25.21,,5075200.0
2007-11-29,25.33,25.34,24.68,25.06,,4161400.0
2007-11-30,25.26,25.55,24.79,25.0,,3073100.0
2007-12-03,24.95,25.21,24.6,24.67,,3018400.0
2007-12-04,24.77,24.86,24.35,24.48,,2729800.0
2007-12-05,24.82,25.31,24.79,25.02,,4106700.0
2007-12-06,25.16,25.65,25.08,25.56,,2570100.0
2007-12-07,25.17,25.76,25.17,25.63,,2686600.0
2007-12-10,25.89,26.55,25.7,26.43,,2620600.0
2007-12-11,26.65,26.69,25.31,25.49,,4481200.0
2007-12-12,26.12,26.12,24.7,25.06,,4101900.0
2007-12-13,25.05,25.33,24.97,25.14,,2486000.0
2007-12-14,24.77,25.04,23.98,24.59,,4058700.0
2007-12-17,24.53,24.78,24.19,24.77,,3381000.0
2007-12-18,25.3,25.8,24.97,25.62,,6107900.0
2007-12-19,25.82,25.94,25.06,25.29,,6548800.0
2007-12-20,27.01,27.48,26.76,26.94,,6632600.0
2007-12-21,27.3,27.67,26.88,27.48,,4599600.0
2007-12-24,27.51,27.8,27.48,27.52,,691200.0
2007-12-26,27.46,27.77,27.18,27.46,,2173900.0
2007-12-27,27.4,27.44,26.63,26.66,,2299100.0
2007-12-28,27.05,27.05,26.59,26.67,,1607200.0
2007-12-31,26.88,26.88,25.97,26.06,,2664900.0
2008-01-02,26.22,26.51,25.85,26.08,,3455600.0
2008-01-03,26.4,26.4,25.5,25.63,,3424300.0
2008-01-04,25.44,25.6,25.0,25.25,,4636400.0
2008-01-07,25.42,25.55,24.24,24.57,,4086100.0
2008-01-08,24.82,25.48,24.55,24.57,,5045300.0
2008-01-09,24.86,24.86,23.83,24.45,,4734900.0
2008-01-10,24.39,24.58,23.95,24.31,,3512900.0
2008-01-11,24.33,24.33,23.64,23.72,,3567100.0
2008-01-14,24.23,24.48,23.88,24.24,,4044200.0
2008-01-15,23.8,24.39,23.76,24.23,,5216600.0
2008-01-16,23.98,24.96,23.88,24.62,,5807300.0
2008-01-17,24.66,24.87,23.97,24.16,,6275200.0
2008-01-18,24.31,24.56,24.21,24.43,,3091400.0
2008-01-22,24.37,24.95,23.15,24.09,,5913400.0
2008-01-23,24.11,24.11,23.08,23.92,,4780100.0
2008-01-24,23.92,24.59,23.74,24.5,,4892400.0
2008-01-25,24.9,24.9,24.32,24.49,,2762200.0
2008-01-28,24.49,24.56,23.96,24.54,,3705700.0
2008-01-29,24.56,25.03,24.45,24.98,,1050400.0
2008-01-30,24.93,24.95,24.27,24.61,,1270100.0
2008-01-31,24.58,25.29,24.23,25.04,,4254000.0
2008-02-01,24.71,25.66,24.63,25.34,,4145300.0
2008-02-04,25.47,25.47,24.48,24.71,,3180200.0
2008-02-05,24.24,24.5,24.02,24.24,,4578100.0
2008-02-06,24.66,24.68,24.3,24.45,,3332900.0
2008-02-07,24.22,24.22,23.67,24.01,,6956500.0
2008-02-08,24.01,24.65,24.01,24.56,,4707900.0
2008-02-11,24.74,24.8,24.19,24.71,,4322700.0
2008-02-12,24.53,25.51,24.53,25.43,,3918800.0
2008-02-13,25.31,25.92,25.15,25.92,,3378700.0
2008-02-14,25.86,26.01,25.52,25.76,,3001200.0
2008-02-15,25.54,25.59,24.82,25.0,,3908500.0
2008-02-19,25.73,25.92,24.9,25.16,,3610500.0
2008-02-20,24.89,24.89,24.42,24.66,,4136900.0
2008-02-21,24.62,24.78,24.4,24.47,,2722500.0
2008-02-22,24.45,24.64,24.17,24.61,,2334400.0
2008-02-25,25.21,25.22,24.63,25.15,,2029400.0
2008-02-26,25.33,26.51,25.05,26.3,,4372100.0
2008-02-27,26.05,27.04,25.97,26.8,,5343700.0
2008-02-28,26.69,26.69,26.16,26.62,,2669700.0
2008-02-29,26.66,26.66,25.35,25.5,,3728000.0
2008-03-03,25.28,25.57,24.95,25.23,,2272700.0
2008-03-04,25.17,25.29,24.59,25.08,,3304300.0
2008-03-05,25.31,25.49,25.08,25.39,,2740500.0
2008-03-06,25.56,25.56,25.05,25.15,,2230200.0
2008-03-07,24.99,25.09,24.21,24.41,,2743700.0
2008-03-10,24.59,24.59,23.82,23.87,,2415600.0
2008-03-11,24.37,24.82,24.03,24.64,,2171000.0
2008-03-12,24.87,24.87,24.35,24.47,,1799500.0
2008-03-13,24.16,24.76,23.78,24.63,,2328600.0
2008-03-14,24.65,24.82,23.9,24.12,,2611300.0
2008-03-17,23.97,24.19,23.45,23.91,,3279000.0
2008-03-18,24.53,25.0,24.03,24.95,,2391200.0
2008-03-19,25.27,25.42,24.79,24.87,,2698600.0
2008-03-20,24.63,25.05,24.35,25.03,,2402500.0
2008-03-24,25.44,26.44,25.31,26.26,,2893000.0
2008-03-25,26.39,26.4,25.53,25.59,,2583800.0
2008-03-26,26.03,26.03,25.2,25.58,,2121400.0
2008-03-27,25.32,26.0,24.58,25.64,,6313200.0
2008-03-28,26.2,26.74,24.74,25.55,,9344600.0
2008-03-31,25.66,25.89,25.17,25.44,,3449200.0
2008-04-01,25.45,26.22,25.31,25.94,,3062900.0
2008-04-02,26.1,26.1,25.65,25.86,,5113200.0
2008-04-03,25.86,26.32,25.53,26.21,,3682600.0
2008-04-04,26.12,26.69,26.06,26.6,,3480900.0
2008-04-07,26.76,27.37,26.68,26.88,,4609800.0
2008-04-08,26.88,28.2,26.62,27.48,,6435600.0
2008-04-09,27.27,27.61,26.62,26.73,,5576000.0
2008-04-10,26.87,27.6,26.62,27.54,,5037600.0
2008-04-11,27.37,27.37,26.33,26.41,,2593600.0
2008-04-14,26.36,26.81,26.3,26.44,,3365200.0
2008-04-15,26.55,26.75,26.08,26.44,,3731500.0
2008-04-16,26.96,27.29,26.59,27.19,,3141100.0
2008-04-17,27.05,27.66,26.8,27.61,,3300200.0
2008-04-18,27.87,28.65,26.76,28.42,,4133200.0
2008-04-21,28.14,28.2,27.32,27.79,,3229900.0
2008-04-22,27.07,27.59,27.07,27.36,,3222100.0
2008-04-23,27.59,27.92,27.36,27.73,,2192000.0
2008-04-24,27.59,28.21,27.41,28.03,,2187100.0
2008-04-25,28.07,28.27,27.86,28.16,,2635100.0
2008-04-28,27.98,28.35,27.63,28.28,,3345800.0
2008-04-29,28.24,28.57,27.95,28.04,,2800600.0
2008-04-30,28.16,28.16,27.16,27.16,,3114400.0
2008-05-01,27.14,27.83,27.13,27.76,,2076700.0
2008-05-02,28.09,28.27,27.93,28.26,,2708400.0
2008-05-05,27.88,28.31,27.83,28.04,,2062000.0
2008-05-06,28.01,28.2,27.64,27.95,,2149400.0
2008-05-07,27.84,27.84,26.94,27.01,,3702700.0
2008-05-08,27.12,27.68,27.12,27.45,,2419800.0
2008-05-09,27.33,27.61,27.1,27.3,,1751600.0
2008-05-12,27.41,27.72,26.8,27.48,,3346100.0
2008-05-13,27.41,27.64,27.09,27.34,,2736900.0
2008-05-14,27.34,27.71,27.31,27.53,,2692000.0
2008-05-15,27.64,27.71,27.3,27.64,,2359800.0
2008-05-16,27.82,28.01,27.53,27.69,,2167800.0
2008-05-19,27.96,28.03,27.7,27.86,,2030500.0
2008-05-20,27.88,27.89,27.01,27.39,,1850100.0
2008-05-21,27.38,27.4,26.71,26.91,,2372400.0
2008-05-22,27.1,27.21,26.73,26.99,,1473500.0
2008-05-23,26.82,26.83,26.4,26.78,,2440600.0
2008-05-27,26.75,27.47,26.75,27.21,,1907300.0
2008-05-28,27.41,27.92,27.01,27.77,,2935400.0
2008-05-29,27.77,29.09,27.71,28.95,,4148800.0
2008-05-30,28.97,30.41,28.8,29.52,,4107000.0
2008-06-02,29.34,30.08,29.1,29.48,,4487500.0
2008-06-03,29.44,29.99,29.22,29.47,,2423500.0
2008-06-04,29.28,29.47,28.79,29.2,,2692100.0
2008-06-05,29.18,29.73,28.83,29.68,,1887200.0
2008-06-06,29.42,29.46,28.8,28.84,,1883600.0
2008-06-09,28.84,29.27,28.13,28.35,,2570000.0
2008-06-10,28.16,28.63,27.97,28.52,,1878100.0
2008-06-11,28.59,28.71,27.83,27.9,,1673500.0
2008-06-12,28.09,28.81,27.91,28.11,,2454900.0
2008-06-13,28.4,28.61,27.83,28.35,,1972100.0
2008-06-16,28.41,28.84,27.8,28.62,,2209400.0
2008-06-17,28.79,28.88,28.2,28.38,,2302800.0
2008-06-18,28.38,28.46,27.9,28.09,,2121000.0
2008-06-19,27.89,28.81,27.85,28.69,,1754400.0
2008-06-20,28.32,28.62,28.06,28.29,,2309100.0
2008-06-23,28.54,28.54,28.12,28.16,,2424800.0
2008-06-24,28.16,28.16,27.5,27.73,,2961200.0
2008-06-25,28.35,28.71,27.78,28.48,,2313100.0
2008-06-26,28.16,28.21,27.68,28.1,,2930900.0
2008-06-27,28.96,29.99,28.96,29.9,,8825800.0
2008-06-30,29.88,29.88,29.09,29.45,,6136700.0
2008-07-01,28.81,29.26,28.22,29.2,,4921900.0
2008-07-02,29.2,29.44,28.58,29.26,,4271200.0
2008-07-03,29.37,29.37,28.46,29.23,,1960700.0
2008-07-07,29.35,29.47,28.71,28.83,,5240200.0
2008-07-08,28.68,29.65,28.68,29.65,,4102400.0
2008-07-09,29.65,29.65,28.83,28.93,,3620100.0
2008-07-10,29.04,29.17,28.66,28.92,,3558600.0
2008-07-11,28.64,28.64,27.77,28.26,,3704600.0
2008-07-14,28.64,28.84,27.83,28.38,,4532600.0
2008-07-15,28.21,28.57,27.64,27.98,,3287800.0
2008-07-16,28.09,28.28,27.72,28.2,,3854400.0
2008-07-17,28.4,28.63,27.78,28.58,,3134100.0
2008-07-18,28.47,28.63,28.15,28.49,,1909000.0
2008-07-21,28.9,28.93,28.53,28.65,,3152000.0
2008-07-22,28.66,29.09,28.22,29.09,,3271100.0
2008-07-23,29.0,29.62,28.83,29.44,,4660900.0
2008-07-24,29.57,29.57,28.82,29.08,,2826200.0
2008-07-25,29.29,29.48,29.04,29.35,,3863000.0
2008-07-28,28.97,29.44,28.11,28.86,,3037200.0
2008-07-29,28.84,29.94,28.77,29.87,,6774300.0
2008-07-30,29.72,30.36,29.58,30.31,,7847600.0
2008-07-31,30.14,30.38,29.96,30.2,,5895800.0
2008-08-01,30.25,30.25,29.63,30.05,,2068300.0
2008-08-04,30.02,30.16,29.77,29.94,,3105100.0
2008-08-05,30.18,30.18,29.56,29.86,,2287000.0
2008-08-06,29.97,29.97,29.47,29.86,,3495400.0
2008-08-07,29.76,30.32,29.62,30.14,,4474900.0
2008-08-08,30.2,30.34,29.65,30.19,,2658700.0
2008-08-11,30.2,30.35,29.79,30.14,,3559800.0
2008-08-12,30.23,30.23,29.51,29.67,,2296500.0
2008-08-13,29.74,29.74,28.97,29.48,,3749500.0
2008-08-14,29.43,29.78,29.29,29.58,,1367700.0
2008-08-15,29.74,29.89,29.42,29.67,,1879100.0
2008-08-18,29.65,29.89,29.29,29.5,,2162200.0
2008-08-19,29.3,29.38,29.09,29.2,,1325800.0
2008-08-20,29.29,29.52,29.01,29.07,,1576200.0
2008-08-21,29.07,29.12,28.86,28.97,,1960200.0
2008-08-22,29.18,29.4,28.95,29.3,,2100200.0
2008-08-25,29.25,29.25,28.29,28.38,,2284700.0
2008-08-26,28.46,28.74,28.28,28.69,,1851700.0
2008-08-27,28.82,29.47,28.66,29.4,,2313300.0
2008-08-28,29.39,30.05,29.39,29.91,,2945400.0
2008-08-29,29.94,30.15,29.76,29.91,,2735300.0
2008-09-02,30.22,30.59,30.02,30.35,,3929700.0
2008-09-03,30.2,30.23,28.42,28.92,,8512100.0
2008-09-04,28.9,29.01,28.09,28.16,,3077700.0
2008-09-05,28.06,28.32,27.8,28.18,,2699500.0
2008-09-08,28.58,29.29,28.27,28.71,,2745700.0
2008-09-09,28.71,28.93,27.56,27.73,,5357800.0
2008-09-10,27.72,28.66,27.53,27.65,,3637000.0
2008-09-11,27.26,27.27,26.21,26.49,,6840700.0
2008-09-12,26.31,26.74,25.93,26.65,,5654700.0
2008-09-15,25.19,26.61,25.16,26.2,,2807000.0
2008-09-16,26.1,27.06,25.8,26.54,,5466500.0
2008-09-17,26.33,26.39,25.39,25.51,,3357500.0
2008-09-18,25.57,26.26,24.95,25.97,,4455100.0
2008-09-19,26.77,31.13,25.68,28.04,,7477500.0
2008-09-22,28.14,28.14,26.71,26.81,,3300600.0
2008-09-23,26.99,27.64,26.71,26.94,,3477600.0
2008-09-24,26.8,26.88,26.11,26.46,,2584500.0
2008-09-25,26.54,27.33,26.09,26.88,,4042400.0
2008-09-26,27.05,28.93,26.83,28.61,,6001000.0
2008-09-29,28.37,28.79,26.84,27.48,,5984700.0
2008-09-30,27.75,27.82,25.52,27.48,,8170600.0
2008-10-01,27.22,27.22,26.04,26.8,,4119600.0
2008-10-02,26.83,27.29,26.14,26.4,,4106900.0
2008-10-03,26.71,26.71,25.34,25.45,,3407600.0
2008-10-06,24.6,24.91,23.15,24.59,,7553200.0
2008-10-07,24.64,25.0,22.83,23.09,,7725800.0
2008-10-08,22.22,24.29,21.63,23.87,,8334400.0
2008-10-09,24.25,25.35,22.38,22.42,,5744100.0
2008-10-10,20.73,24.08,18.47,21.56,,8580900.0
2008-10-13,22.93,25.25,22.53,25.08,,5683500.0
2008-10-14,25.81,26.28,23.98,24.61,,4644600.0
2008-10-15,25.26,25.26,23.12,23.24,,4909000.0
2008-10-16,23.92,24.93,21.94,23.02,,7797700.0
2008-10-17,22.35,24.05,22.1,23.42,,6087700.0
2008-10-20,23.88,24.29,23.1,23.76,,4144600.0
2008-10-21,23.09,23.91,22.94,23.19,,3240800.0
2008-10-22,23.42,23.42,21.99,22.35,,4452300.0
2008-10-23,22.62,22.79,21.25,21.94,,5034600.0
2008-10-24,20.82,22.08,20.0,21.53,,3407000.0
2008-10-27,21.03,21.92,20.42,20.54,,5123700.0
2008-10-28,20.85,22.55,20.65,22.5,,4121200.0
2008-10-29,22.5,23.87,21.85,22.96,,4150400.0
2008-10-30,23.89,24.24,22.87,23.93,,4002200.0
2008-10-31,24.29,24.84,23.83,24.65,,4669400.0
2008-11-03,24.78,24.78,23.62,24.01,,3722400.0
2008-11-04,24.08,24.82,23.82,24.66,,2842500.0
2008-11-05,24.67,24.67,23.27,23.4,,3707800.0
2008-11-06,23.17,23.34,21.81,21.95,,4072100.0
2008-11-07,22.25,22.84,21.94,22.76,,3597400.0
2008-11-10,22.76,23.48,22.23,22.39,,2682900.0
2008-11-11,22.3,22.5,21.83,22.05,,3035500.0
2008-11-12,21.91,22.18,20.88,20.95,,4608600.0
2008-11-13,20.81,21.93,20.11,21.91,,6433900.0
2008-11-14,21.28,22.38,20.68,21.38,,6853800.0
2008-11-17,21.29,21.38,20.51,20.55,,3717000.0
2008-11-18,20.82,21.29,20.62,21.29,,4370500.0
2008-11-19,21.29,21.47,20.14,20.14,,2902900.0
2008-11-20,19.83,20.74,19.61,19.92,,4218300.0
2008-11-21,20.38,21.31,19.85,21.27,,6412500.0
2008-11-24,21.35,22.67,21.35,22.37,,4813300.0
2008-11-25,22.38,23.06,21.15,21.96,,5191500.0
2008-11-26,21.73,22.81,21.43,22.81,,3235500.0
2008-11-28,22.8,23.15,22.38,23.11,,1526800.0
2008-12-01,22.38,22.48,21.68,21.68,,3301700.0
2008-12-02,21.64,22.45,21.53,22.39,,4156000.0
2008-12-03,21.78,23.09,21.78,23.03,,2995300.0
2008-12-04,22.03,22.82,21.3,21.73,,5059100.0
2008-12-05,21.51,21.52,20.08,21.09,,6397000.0
2008-12-08,21.63,21.63,20.96,21.14,,5216800.0
2008-12-09,21.15,22.18,20.94,21.63,,5171600.0
2008-12-10,21.78,21.8,21.0,21.24,,3510000.0
2008-12-11,20.9,21.2,20.22,20.56,,4318800.0
2008-12-12,19.98,21.38,19.58,21.32,,6501700.0
2008-12-15,21.2,21.76,20.55,21.66,,5568500.0
2008-12-16,21.67,22.26,21.47,22.0,,5228500.0
2008-12-17,21.94,22.78,21.71,22.56,,3809700.0
2008-12-18,22.65,23.12,22.38,22.68,,4360500.0
2008-12-19,23.78,24.6,22.75,24.02,,6936600.0
2008-12-22,23.7,24.14,23.29,23.87,,4761000.0
2008-12-23,23.83,24.2,23.3,23.64,,3485900.0
2008-12-24,23.35,23.6,23.28,23.38,,1128800.0
2008-12-26,23.25,23.77,23.23,23.55,,1257000.0
2008-12-29,23.73,23.84,23.31,23.76,,1823000.0
2008-12-30,23.8,24.19,23.57,24.19,,2809500.0
2008-12-31,24.02,24.53,24.02,24.46,,3026300.0
2009-01-02,24.27,25.21,24.27,25.11,,3787400.0
2009-01-05,24.95,25.49,24.42,25.23,,4469100.0
2009-01-06,24.55,25.32,24.47,24.91,,4020100.0
2009-01-07,24.51,25.4,23.53,25.2,,5442100.0
2009-01-08,24.81,25.1,24.76,24.94,,3203800.0
2009-01-09,24.99,25.45,24.7,25.16,,4375800.0
2009-01-12,25.1,25.1,24.33,24.64,,4756400.0
2009-01-13,24.65,25.96,24.32,25.41,,8009800.0
2009-01-14,25.26,25.26,23.72,24.2,,7292400.0
2009-01-15,24.09,24.55,23.39,24.35,,4892400.0
2009-01-16,24.61,24.76,23.91,24.38,,4162900.0
2009-01-20,24.23,24.39,23.67,23.78,,5273800.0
2009-01-21,24.24,24.95,23.79,24.6,,4841900.0
2009-01-22,24.47,24.47,23.53,23.61,,6358200.0
2009-01-23,23.06,23.75,23.06,23.41,,3644200.0
2009-01-26,23.63,24.09,23.12,23.88,,3890500.0
2009-01-27,23.88,24.42,23.72,24.15,,2971800.0
2009-01-28,24.2,24.95,23.83,24.74,,3492200.0
2009-01-29,24.35,24.42,23.5,24.0,,3337200.0
2009-01-30,24.12,24.12,23.34,23.54,,5184200.0
2009-02-02,23.29,23.79,23.07,23.73,,2680700.0
2009-02-03,23.64,24.61,23.44,24.52,,5120400.0
2009-02-04,24.52,24.94,24.45,24.7,,3291100.0
2009-02-05,24.44,24.52,23.77,24.32,,4022900.0
2009-02-06,24.39,24.86,24.11,24.7,,2740100.0
2009-02-09,24.66,24.88,24.29,24.61,,2333700.0
2009-02-10,24.26,24.8,23.81,23.88,,3738600.0
2009-02-11,24.13,24.24,23.64,23.79,,3524900.0
2009-02-12,23.58,23.61,22.79,23.47,,4933600.0
2009-02-13,23.23,23.79,22.77,23.09,,4453000.0
2009-02-17,22.89,23.05,22.35,22.62,,4051700.0
2009-02-18,22.38,23.63,22.38,23.13,,4896900.0
2009-02-19,23.26,23.6,22.91,22.98,,3429500.0
2009-02-20,22.07,22.85,22.0,22.36,,4982700.0
2009-02-23,22.64,22.64,21.53,21.55,,3443900.0
2009-02-24,21.68,21.92,21.24,21.85,,3295200.0
2009-02-25,21.69,22.39,21.65,22.11,,3430000.0
2009-02-26,22.38,22.53,21.47,21.62,,3634500.0
2009-02-27,21.28,22.15,20.93,21.77,,3819100.0
2009-03-02,21.33,21.5,20.75,20.77,,4099000.0
2009-03-03,20.98,22.13,20.35,20.74,,7133300.0
2009-03-04,21.03,21.18,20.63,21.02,,5051500.0
2009-03-05,20.92,21.0,20.46,20.68,,3502100.0
2009-03-06,20.65,21.09,20.48,20.88,,4348300.0
2009-03-09,20.87,20.94,20.14,20.21,,4304000.0
2009-03-10,20.38,21.1,20.29,21.08,,4307700.0
2009-03-11,21.23,21.87,21.15,21.57,,5421000.0
2009-03-12,21.7,22.55,21.28,22.41,,6188700.0
2009-03-13,22.52,22.69,22.2,22.47,,3510200.0
2009-03-16,22.7,22.75,22.02,22.36,,2986900.0
2009-03-17,22.44,22.73,22.0,22.73,,3161500.0
2009-03-18,22.74,23.27,22.5,23.09,,3804700.0
2009-03-19,23.16,23.38,22.53,22.77,,3927300.0
2009-03-20,22.64,22.97,22.36,22.53,,3897200.0
2009-03-23,22.62,23.66,22.62,23.66,,3490000.0
2009-03-24,23.26,23.55,23.13,23.29,,2741500.0
2009-03-25,23.26,23.74,23.0,23.58,,2602500.0
2009-03-26,23.58,23.87,23.29,23.84,,7349700.0
2009-03-27,20.6,21.15,20.03,20.63,,26465000.0
2009-03-30,20.33,21.07,20.14,20.76,,9028700.0
2009-03-31,20.65,20.96,20.35,20.5,,9315600.0
2009-04-01,20.33,20.96,20.2,20.62,,8635200.0
2009-04-02,20.68,21.41,20.36,20.68,,7269900.0
2009-04-03,20.82,21.38,20.66,20.91,,6230600.0
2009-04-06,20.88,21.15,20.63,21.06,,4678300.0
2009-04-07,20.86,21.04,20.56,20.58,,4836700.0
2009-04-08,20.76,20.8,20.15,20.47,,5101400.0
2009-04-09,21.21,21.65,20.39,20.67,,5172700.0
2009-04-13,20.86,20.95,20.69,20.81,,3793500.0
2009-04-14,20.8,20.88,20.38,20.74,,4269400.0
2009-04-15,20.8,20.81,20.21,20.43,,4875900.0
2009-04-16,20.47,20.81,20.28,20.51,,5014700.0
2009-04-17,20.43,20.5,19.64,20.23,,8071000.0
2009-04-20,19.97,20.25,19.79,20.15,,5171900.0
2009-04-21,19.93,20.3,19.8,19.89,,6571000.0
2009-04-22,19.86,20.68,19.77,19.98,,7785600.0
2009-04-23,20.14,20.57,19.91,20.56,,6210300.0
2009-04-24,21.18,22.0,20.8,21.83,,9399500.0
2009-04-27,21.57,21.79,20.88,21.65,,6251700.0
2009-04-28,21.59,21.64,21.22,21.56,,3452700.0
2009-04-29,21.78,22.17,21.49,22.06,,4966000.0
2009-04-30,22.15,22.31,21.81,21.95,,8199400.0
2009-05-01,22.09,22.37,21.85,22.27,,5242300.0
2009-05-04,22.26,22.75,22.19,22.75,,4517500.0
2009-05-05,22.75,22.85,22.45,22.69,,3863500.0
2009-05-06,22.75,22.91,22.44,22.49,,4797400.0
2009-05-07,22.74,22.74,22.23,22.42,,4144000.0
2009-05-08,22.73,22.73,21.87,21.93,,5243500.0
2009-05-11,21.62,22.17,21.57,21.98,,4523000.0
2009-05-12,21.92,22.0,21.74,21.87,,3846800.0
2009-05-13,21.26,21.74,21.17,21.5,,3272300.0
2009-05-14,21.47,21.68,21.29,21.61,,4546700.0
2009-05-15,21.52,21.79,21.25,21.5,,3625200.0
2009-05-18,21.69,22.45,21.29,22.44,,3849800.0
2009-05-19,22.29,22.49,21.97,22.38,,2339500.0
2009-05-20,22.38,22.83,22.34,22.63,,2945900.0
2009-05-21,22.35,22.38,22.1,22.29,,2766400.0
2009-05-22,22.41,22.81,22.4,22.62,,4293700.0
2009-05-26,22.61,23.11,22.36,23.05,,3513600.0
2009-05-27,22.98,23.08,22.64,22.7,,3791500.0
2009-05-28,22.64,22.82,22.12,22.38,,3982800.0
2009-05-29,22.67,22.67,21.97,22.32,,4316900.0
2009-06-01,22.5,23.44,22.34,23.35,,3714400.0
2009-06-02,23.36,23.44,23.12,23.29,,2520800.0
2009-06-03,23.12,23.12,22.14,22.65,,3659400.0
2009-06-04,22.58,22.59,22.31,22.53,,4112600.0
2009-06-05,22.66,23.06,22.66,22.78,,2944000.0
2009-06-08,22.74,22.74,21.91,22.16,,6429100.0
2009-06-09,22.22,22.82,22.22,22.59,,4265200.0
2009-06-10,22.69,22.93,22.59,22.86,,3259800.0
2009-06-11,22.83,23.6,22.76,23.38,,3513900.0
2009-06-12,23.33,23.56,23.12,23.47,,2385700.0
2009-06-15,23.68,23.99,23.53,23.66,,4772400.0
2009-06-16,23.75,23.86,23.39,23.49,,3311100.0
2009-06-17,23.44,24.18,23.38,24.12,,4174700.0
2009-06-18,24.05,24.17,23.72,23.88,,2923500.0
2009-06-19,23.96,24.06,23.5,23.67,,3902500.0
2009-06-22,23.52,23.7,23.11,23.21,,4384300.0
2009-06-23,23.35,23.6,23.13,23.25,,2424700.0
2009-06-24,23.52,23.7,23.21,23.44,,3540300.0
2009-06-25,23.44,23.71,23.19,23.6,,3254400.0
2009-06-26,24.15,25.24,23.87,25.15,,9954700.0
2009-06-29,25.18,25.23,24.58,24.93,,5300300.0
2009-06-30,24.86,25.0,24.65,24.96,,5070600.0
2009-07-01,24.82,25.23,24.82,25.17,,3360900.0
2009-07-02,25.02,25.14,24.49,24.81,,4149200.0
2009-07-06,24.59,24.76,24.17,24.71,,4194400.0
2009-07-07,24.7,24.73,24.24,24.29,,3075000.0
2009-07-08,24.23,24.37,23.88,24.35,,4625500.0
2009-07-09,24.5,24.53,24.06,24.16,,3968700.0
2009-07-10,24.0,24.74,24.0,24.39,,2760000.0
2009-07-13,24.36,24.89,24.07,24.88,,3501600.0
2009-07-14,24.71,25.16,24.58,25.14,,3352000.0
2009-07-15,25.26,25.43,25.14,25.39,,3035700.0
2009-07-16,25.39,25.73,25.19,25.64,,2447900.0
2009-07-17,25.51,25.68,25.35,25.68,,2906100.0
2009-07-20,25.7,25.84,25.45,25.61,,2478700.0
2009-07-21,25.73,25.73,25.23,25.55,,2457800.0
2009-07-22,24.61,25.52,24.29,25.21,,4270500.0
2009-07-23,25.14,26.2,25.09,26.2,,5155500.0
2009-07-24,25.85,26.47,25.72,26.45,,3159200.0
2009-07-27,26.26,26.45,26.05,26.19,,3367700.0
2009-07-28,26.11,26.34,25.86,26.31,,2988700.0
2009-07-29,26.23,26.31,25.98,26.08,,2745800.0
2009-07-30,26.18,26.38,26.12,26.2,,2393000.0
2009-07-31,26.23,26.46,26.11,26.16,,3107800.0
2009-08-03,26.34,26.84,26.0,26.84,,4260700.0
2009-08-04,26.58,26.84,26.35,26.6,,3637100.0
2009-08-05,26.61,26.75,26.11,26.39,,2695500.0
2009-08-06,26.56,26.56,26.05,26.22,,2043900.0
2009-08-07,26.48,26.7,26.21,26.59,,2092500.0
2009-08-10,26.51,26.82,26.37,26.8,,2547900.0
2009-08-11,26.55,26.75,26.37,26.49,,2344800.0
2009-08-12,26.48,26.84,26.23,26.7,,3082500.0
2009-08-13,26.75,27.14,26.51,27.11,,4468500.0
2009-08-14,26.78,26.99,26.68,26.94,,4169400.0
2009-08-17,26.37,26.89,26.37,26.81,,3245500.0
2009-08-18,26.71,27.18,26.55,27.08,,3105600.0
2009-08-19,26.93,27.28,26.81,27.28,,2889800.0
2009-08-20,27.26,27.4,26.96,27.11,,3558900.0
2009-08-21,27.16,27.23,26.38,26.45,,6521400.0
2009-08-24,26.37,26.78,26.31,26.52,,3327800.0
2009-08-25,26.45,26.54,25.76,25.84,,6952000.0
2009-08-26,26.0,26.37,25.82,26.16,,6331200.0
2009-08-27,26.11,26.24,25.93,26.2,,5032800.0
2009-08-28,26.23,26.36,25.4,25.51,,8440100.0
2009-08-31,25.25,25.43,24.61,24.61,,67461400.0
2009-09-01,24.8,25.12,24.53,24.77,,20331300.0
2009-09-02,24.99,25.28,24.85,24.86,,10751400.0
2009-09-03,25.07,25.7,24.96,25.67,,10567800.0
2009-09-04,25.68,26.12,25.55,25.87,,5707800.0
2009-09-08,26.04,26.17,25.66,25.73,,7699400.0
2009-09-09,25.73,26.01,25.59,25.92,,6901900.0
2009-09-10,25.87,26.34,25.82,26.21,,6226100.0
2009-09-11,26.31,26.78,26.2,26.63,,5832400.0
2009-09-14,26.34,26.93,26.27,26.71,,4333300.0
2009-09-15,26.64,26.77,26.3,26.71,,5247100.0
2009-09-16,26.57,27.18,26.57,27.18,,4788200.0
2009-09-17,26.71,27.17,26.71,27.05,,3196800.0
2009-09-18,27.12,27.19,26.73,26.73,,3892600.0
2009-09-21,26.67,27.0,26.29,26.9,,2782300.0
2009-09-22,26.96,27.59,26.81,27.55,,7884400.0
2009-09-23,27.55,27.58,27.13,27.15,,5188600.0
2009-09-24,27.13,27.4,26.77,26.82,,5229500.0
2009-09-25,26.55,27.25,26.5,26.94,,3620400.0
2009-09-28,27.81,28.4,27.64,28.26,,6418300.0
2009-09-29,28.19,28.19,27.61,27.78,,4714100.0
2009-09-30,27.97,28.01,27.55,27.8,,4686100.0
2009-10-01,27.63,27.97,27.14,27.25,,6463200.0
2009-10-02,27.68,28.52,27.52,27.97,,11315600.0
2009-10-05,28.11,28.52,27.9,28.34,,6793200.0
2009-10-06,28.13,28.67,28.12,28.59,,6850300.0
2009-10-07,28.4,28.78,28.35,28.65,,4686400.0
2009-10-08,28.71,29.32,28.64,29.19,,4345900.0
2009-10-09,29.08,29.18,28.75,29.14,,3099700.0
2009-10-12,29.09,29.47,29.01,29.47,,6621900.0
2009-10-13,29.48,29.48,28.96,29.4,,4588500.0
2009-10-14,29.84,29.99,29.61,29.84,,4658900.0
2009-10-15,29.76,29.76,29.37,29.49,,4816000.0
2009-10-16,29.11,29.95,28.65,29.74,,6575800.0
2009-10-19,28.98,29.51,28.89,29.41,,8037200.0
2009-10-20,29.17,29.36,28.86,29.0,,4784100.0
2009-10-21,29.01,29.62,28.84,29.18,,4318400.0
2009-10-22,29.32,29.34,28.51,28.63,,5475800.0
2009-10-23,28.66,29.19,28.66,28.71,,2903000.0
2009-10-26,28.8,28.9,28.18,28.43,,2886000.0
2009-10-27,28.47,28.64,28.16,28.4,,3733900.0
2009-10-28,28.12,28.48,28.12,28.33,,4992700.0
2009-10-29,27.77,28.79,27.77,28.59,,4402700.0
2009-10-30,28.61,28.67,28.18,28.19,,5085000.0
2009-11-02,28.12,28.68,28.07,28.62,,4059000.0
2009-11-03,28.45,28.99,28.45,28.99,,4929800.0
2009-11-04,29.03,29.52,28.89,29.27,,4772400.0
2009-11-05,29.05,29.63,28.96,29.62,,5847200.0
2009-11-06,29.51,29.85,29.28,29.84,,4861800.0
2009-11-09,29.72,30.41,29.65,30.39,,5541300.0
2009-11-10,30.22,30.22,29.87,29.96,,3089800.0
2009-11-11,29.88,29.93,29.49,29.72,,3334400.0
2009-11-12,29.71,30.04,29.63,29.98,,2811900.0
2009-11-13,29.97,30.09,29.61,30.06,,3492300.0
2009-11-16,30.18,30.36,30.04,30.34,,3233500.0
2009-11-17,30.28,30.79,30.24,30.6,,4617600.0
2009-11-18,30.65,30.74,30.34,30.41,,3774100.0
2009-11-19,30.35,30.44,30.12,30.22,,2627600.0
2009-11-20,30.18,30.34,29.96,30.28,,3594700.0
2009-11-23,30.57,30.86,29.93,30.82,,3413800.0
2009-11-24,30.69,31.11,30.69,30.82,,2429800.0
2009-11-25,30.9,30.92,30.41,30.85,,1631800.0
2009-11-27,30.32,30.85,30.22,30.79,,1663000.0
2009-11-30,30.73,31.22,30.53,31.2,,5390000.0
2009-12-01,31.36,31.76,31.31,31.55,,4245300.0
2009-12-02,31.81,32.0,31.49,31.95,,4714600.0
2009-12-03,31.87,32.07,31.8,31.83,,3946900.0
2009-12-04,32.04,32.37,31.87,32.34,,3484700.0
2009-12-07,32.1,32.94,32.1,32.53,,4307200.0
2009-12-08,32.53,32.86,32.16,32.59,,6330500.0
2009-12-09,31.69,32.15,31.36,32.11,,5443700.0
2009-12-10,32.21,32.61,32.12,32.44,,3720000.0
2009-12-11,32.51,32.69,31.9,31.93,,3548800.0
2009-12-14,32.16,32.42,31.83,31.9,,3627100.0
2009-12-15,31.98,31.98,31.48,31.5,,5768400.0
2009-12-16,31.77,32.12,31.29,31.8,,4641900.0
2009-12-17,31.58,31.93,31.37,31.67,,5040600.0
2009-12-18,30.98,31.82,30.98,31.45,,8384800.0
2009-12-21,31.37,31.55,30.68,30.88,,5599800.0
2009-12-22,30.88,31.13,30.75,31.07,,5541100.0
2009-12-23,31.12,31.41,30.98,31.37,,2598300.0
2009-12-24,31.36,31.54,31.32,31.46,,1085000.0
2009-12-28,31.61,31.85,31.4,31.81,,2934900.0
2009-12-29,31.79,31.9,31.58,31.8,,2631900.0
2009-12-30,31.67,31.91,31.55,31.69,,2267400.0
2009-12-31,31.68,31.77,31.55,31.55,,2001000.0
2010-01-04,31.56,32.08,31.55,31.98,,3650100.0
2010-01-05,32.0,32.27,31.91,32.18,,2613000.0
2010-01-06,31.99,32.61,31.78,32.52,,5772100.0
2010-01-07,32.31,32.61,32.11,32.49,,4022900.0
2010-01-08,32.31,32.73,32.07,32.36,,5069700.0
2010-01-11,32.26,32.54,32.1,32.33,,4231900.0
2010-01-12,32.09,33.16,32.08,32.12,,5557100.0
2010-01-13,32.27,32.63,32.08,32.49,,4496800.0
2010-01-14,32.47,32.91,32.38,32.78,,3312500.0
2010-01-15,32.66,33.13,32.49,32.54,,4734200.0
2010-01-19,32.45,33.32,32.31,33.26,,5343600.0
2010-01-20,32.96,33.36,32.72,33.07,,4409900.0
2010-01-21,33.02,33.28,32.58,32.75,,4578300.0
2010-01-22,32.7,32.7,31.84,32.06,,4903400.0
2010-01-25,32.34,32.34,31.64,31.83,,3665700.0
2010-01-26,31.74,32.07,31.57,31.8,,3459000.0
2010-01-27,31.86,32.31,31.57,31.87,,4562300.0
2010-01-28,32.04,32.04,31.24,31.39,,4773300.0
2010-01-29,31.65,31.9,31.12,31.16,,4618100.0
2010-02-01,31.29,31.62,31.1,31.31,,3540100.0
2010-02-02,31.46,31.8,31.01,31.64,,3817900.0
2010-02-03,31.58,31.69,31.46,31.62,,2555100.0
2010-02-04,31.45,31.45,30.83,30.87,,4069400.0
2010-02-05,30.56,30.98,30.18,30.82,,5850400.0
2010-02-08,30.73,30.84,30.33,30.53,,4514200.0
2010-02-09,30.76,31.0,30.54,30.59,,4525700.0
2010-02-10,30.66,30.82,30.12,30.42,,4885800.0
2010-02-11,30.42,30.86,30.11,30.61,,4753300.0
2010-02-12,30.66,30.82,30.25,30.78,,3347700.0
2010-02-16,30.94,31.04,30.57,31.04,,2420000.0
2010-02-17,31.26,31.26,30.91,31.01,,2480300.0
2010-02-18,31.04,31.42,30.96,31.4,,2309400.0
2010-02-19,30.6,31.48,30.6,31.07,,5039200.0
2010-02-22,31.16,31.23,30.82,30.94,,2421400.0
2010-02-23,30.85,31.06,30.59,30.6,,2600900.0
2010-02-24,30.72,30.88,30.59,30.62,,3261600.0
2010-02-25,30.41,30.53,30.06,30.22,,5548700.0
2010-02-26,30.22,30.6,30.19,30.38,,4534000.0
2010-03-01,30.31,30.75,30.31,30.47,,4157800.0
2010-03-02,30.65,31.1,30.6,30.86,,3726700.0
2010-03-03,30.98,31.1,30.8,30.89,,3194000.0
2010-03-04,30.83,31.17,30.74,31.1,,3642900.0
2010-03-05,31.23,31.52,31.04,31.3,,2781800.0
2010-03-08,31.21,31.63,31.21,31.52,,4536100.0
2010-03-09,31.32,32.16,31.32,31.97,,4826300.0
2010-03-10,31.9,32.04,31.67,31.97,,3192100.0
2010-03-11,31.76,31.98,31.67,31.93,,3282900.0
2010-03-12,32.15,32.22,31.76,32.02,,2755900.0
2010-03-15,32.11,32.36,31.95,32.31,,2619800.0
2010-03-16,32.37,32.38,31.6,31.93,,4625500.0
2010-03-17,31.99,32.68,31.84,32.11,,5203200.0
2010-03-18,32.19,32.51,31.88,32.14,,2731700.0
2010-03-19,32.11,32.18,31.47,31.97,,4329100.0
2010-03-22,31.83,32.32,31.77,32.25,,2346200.0
2010-03-23,32.37,32.47,32.05,32.23,,3822900.0
2010-03-24,32.15,32.23,31.67,31.77,,3096400.0
2010-03-25,32.0,32.29,31.55,31.56,,4643600.0
2010-03-26,31.4,32.31,31.38,32.23,,6528800.0
2010-03-29,32.43,32.63,31.99,32.15,,3810200.0
2010-03-30,32.01,32.18,31.85,32.09,,3778000.0
2010-03-31,31.91,32.09,31.71,31.89,,3026200.0
2010-04-01,32.05,32.42,31.66,31.8,,3622700.0
2010-04-05,31.79,32.05,31.63,31.9,,2561300.0
2010-04-06,31.94,32.16,31.51,31.56,,5802000.0
2010-04-07,31.55,31.83,31.45,31.59,,5314800.0
2010-04-08,31.48,31.96,31.34,31.85,,6134100.0
2010-04-09,31.97,32.61,31.95,32.56,,5265100.0
2010-04-12,32.47,32.75,32.47,32.74,,3500800.0
2010-04-13,32.56,32.78,32.34,32.76,,4201500.0
2010-04-14,33.09,33.25,32.88,33.0,,4426100.0
2010-04-15,33.0,33.22,32.96,33.15,,3651900.0
2010-04-16,32.93,33.25,32.93,33.09,,4399800.0
2010-04-19,32.92,33.01,32.48,32.84,,3700900.0
2010-04-20,33.19,33.54,32.89,33.48,,4988100.0
2010-04-21,33.49,33.74,33.42,33.72,,4875100.0
2010-04-22,33.38,33.71,33.19,33.68,,3151900.0
2010-04-23,33.57,34.25,33.55,34.25,,4864100.0
2010-04-26,33.88,34.14,33.75,33.79,,3108200.0
2010-04-27,33.31,33.65,33.05,33.12,,5239700.0
2010-04-28,33.32,33.43,33.07,33.37,,2752300.0
2010-04-29,33.68,34.03,33.65,33.88,,3849000.0
2010-04-30,33.81,33.9,33.42,33.46,,3532100.0
2010-05-03,33.31,33.6,33.17,33.55,,2423200.0
2010-05-04,33.15,33.21,32.76,32.97,,3608900.0
2010-05-05,32.57,32.75,32.16,32.33,,5743500.0
2010-05-06,32.16,32.43,29.71,31.51,,10319925.0
2010-05-07,31.39,31.51,30.8,30.92,,8319500.0
2010-05-10,31.64,32.0,31.28,31.48,,7077000.0
2010-05-11,31.44,31.9,31.31,31.55,,6271200.0
2010-05-12,31.74,31.9,31.67,31.79,,5357600.0
2010-05-13,31.66,31.92,31.28,31.3,,5403300.0
2010-05-14,30.95,31.05,29.68,29.9,,10623700.0
2010-05-17,29.9,30.53,29.88,30.53,,5350400.0
2010-05-18,30.52,30.94,30.06,30.1,,4653900.0
2010-05-19,30.1,30.29,29.73,30.09,,3782700.0
2010-05-20,29.57,29.83,29.0,29.11,,6359700.0
2010-05-21,28.56,29.74,28.37,29.24,,7745300.0
2010-05-24,29.21,29.71,29.18,29.4,,3256800.0
2010-05-25,28.76,29.12,28.66,29.08,,4567900.0
2010-05-26,29.15,29.53,28.68,28.68,,5603600.0
2010-05-27,29.18,29.4,28.84,29.33,,5282900.0
2010-05-28,29.22,29.3,28.72,28.77,,5535800.0
2010-06-01,28.58,28.66,28.12,28.15,,6240800.0
2010-06-02,28.24,28.46,27.96,28.24,,6189700.0
2010-06-03,28.34,29.04,28.21,29.02,,4418200.0
2010-06-04,28.53,29.01,28.27,28.32,,3740100.0
2010-06-07,28.49,28.52,27.94,28.02,,4902600.0
2010-06-08,27.96,28.09,27.64,27.94,,6039500.0
2010-06-09,28.15,28.39,27.83,27.94,,4115500.0
2010-06-10,28.38,28.9,28.36,28.88,,3363700.0
2010-06-11,28.73,28.87,28.5,28.86,,3064400.0
2010-06-14,28.94,29.32,28.94,28.98,,2597900.0
2010-06-15,28.72,29.57,28.58,29.55,,3651300.0
2010-06-16,28.97,29.81,28.94,29.67,,3125000.0
2010-06-17,29.7,29.79,29.33,29.51,,3530400.0
2010-06-18,29.67,30.16,29.47,29.85,,4133700.0
2010-06-21,30.03,30.1,29.59,29.76,,3832000.0
2010-06-22,29.56,29.98,29.31,29.32,,4349300.0
2010-06-23,29.48,29.62,28.99,29.27,,5422500.0
2010-06-24,29.24,29.36,28.65,28.79,,6791800.0
2010-06-25,30.21,31.54,30.09,31.09,,53159900.0
2010-06-28,30.95,31.09,30.33,30.46,,8682500.0
2010-06-29,29.9,30.08,29.51,29.64,,6533100.0
2010-06-30,30.16,30.25,29.54,29.64,,5956900.0
2010-07-01,29.41,29.55,28.96,29.35,,6624400.0
2010-07-02,29.28,29.47,28.89,29.09,,3773400.0
2010-07-06,29.29,29.69,29.13,29.45,,4655500.0
2010-07-07,29.44,30.1,29.4,30.1,,4391400.0
2010-07-08,30.16,30.4,29.91,30.16,,4044900.0
2010-07-09,30.13,30.3,29.81,30.23,,3749400.0
2010-07-12,30.05,30.52,29.91,30.46,,3226500.0
2010-07-13,30.5,30.94,30.5,30.86,,5391800.0
2010-07-14,30.67,30.92,30.66,30.75,,2947600.0
2010-07-15,30.64,30.74,30.34,30.69,,3112600.0
2010-07-16,30.44,30.46,29.83,29.9,,2709900.0
2010-07-19,30.0,30.26,29.9,30.03,,3373600.0
2010-07-20,29.52,29.9,29.12,29.83,,6895300.0
2010-07-21,30.11,30.11,29.44,29.6,,5012400.0
2010-07-22,29.93,30.59,29.93,30.49,,5482100.0
2010-07-23,30.36,30.99,30.19,30.96,,4811500.0
2010-07-26,30.87,31.15,30.76,31.04,,2429200.0
2010-07-27,30.97,31.11,30.8,30.92,,5086100.0
2010-07-28,30.82,30.88,30.46,30.56,,4180400.0
2010-07-29,30.88,30.88,30.03,30.1,,4657700.0
2010-07-30,29.9,30.51,29.9,30.39,,3355500.0
2010-08-02,30.8,30.92,30.51,30.92,,3614200.0
2010-08-03,30.92,31.08,30.62,30.67,,3803600.0
2010-08-04,30.65,31.0,30.61,30.93,,3367300.0
2010-08-05,30.8,30.84,30.61,30.65,,2836300.0
2010-08-06,30.48,30.95,30.4,30.88,,3869300.0
2010-08-09,30.72,31.25,30.66,31.11,,2820600.0
2010-08-10,30.56,31.24,30.44,31.03,,3381500.0
2010-08-11,30.56,30.82,30.46,30.66,,3015300.0
2010-08-12,30.14,30.35,30.04,30.26,,3496600.0
2010-08-13,30.1,30.29,29.77,29.79,,3434100.0
2010-08-16,29.81,30.08,29.5,29.83,,2820400.0
2010-08-17,30.1,30.64,30.01,30.41,,3161100.0
2010-08-18,30.45,30.48,30.2,30.41,,2261500.0
2010-08-19,30.23,30.38,29.64,29.83,,4763400.0
2010-08-20,29.68,29.72,29.28,29.46,,4549300.0
2010-08-23,29.67,29.7,28.76,29.14,,5212400.0
2010-08-24,28.78,29.09,28.52,28.52,,5303000.0
2010-08-25,28.31,28.67,28.24,28.58,,5689400.0
2010-08-26,28.75,28.91,28.45,28.48,,3598200.0
2010-08-27,28.65,28.75,28.35,28.52,,3928800.0
2010-08-30,28.34,28.63,28.22,28.29,,2601900.0
2010-08-31,28.07,28.26,27.95,28.06,,5827600.0
2010-09-01,28.35,29.01,28.35,28.68,,5251900.0
2010-09-02,28.66,29.15,28.54,29.13,,3656500.0
2010-09-03,29.5,29.6,29.19,29.58,,2960900.0
2010-09-07,29.6,29.77,29.35,29.41,,2669400.0
2010-09-08,29.42,29.65,29.21,29.24,,3287800.0
2010-09-09,29.54,29.54,29.23,29.3,,3693800.0
2010-09-10,29.39,29.85,29.39,29.77,,3566600.0
2010-09-13,29.9,30.03,29.82,29.97,,2373400.0
2010-09-14,29.8,30.15,29.8,30.06,,2492400.0
2010-09-15,30.05,30.46,29.81,30.39,,3281100.0
2010-09-16,30.34,30.62,30.33,30.57,,2516000.0
2010-09-17,30.56,31.11,30.48,31.1,,8160900.0
2010-09-20,31.03,31.88,31.03,31.86,,4442000.0
2010-09-21,31.76,31.88,31.5,31.85,,4646200.0
2010-09-22,31.88,32.4,31.44,32.4,,4965700.0
2010-09-23,32.07,32.58,31.98,32.53,,4480000.0
2010-09-24,32.59,32.75,31.99,32.13,,5328900.0
2010-09-27,32.07,32.35,31.96,31.96,,3449400.0
2010-09-28,32.08,32.19,31.82,32.14,,3353300.0
2010-09-29,32.19,32.59,32.15,32.43,,3360800.0
2010-09-30,32.5,32.82,32.13,32.58,,4488900.0
2010-10-01,33.61,34.66,33.61,34.03,,13329900.0
2010-10-04,33.94,34.18,33.81,34.04,,4854300.0
2010-10-05,33.78,34.81,33.76,34.62,,12356000.0
2010-10-06,34.52,34.81,34.5,34.66,,6644000.0
2010-10-07,34.67,35.19,34.62,35.15,,6511000.0
2010-10-08,35.01,35.13,34.67,35.1,,5626700.0
2010-10-11,34.87,35.07,34.77,34.93,,2699000.0
2010-10-12,34.81,35.16,34.7,35.06,,3627200.0
2010-10-13,35.2,35.23,34.74,35.04,,4752000.0
2010-10-14,34.93,35.3,34.89,35.18,,3655200.0
2010-10-15,35.13,35.24,34.98,35.07,,3028700.0
2010-10-18,34.95,35.29,34.87,35.18,,3002800.0
2010-10-19,34.81,35.28,34.58,35.2,,5567800.0
2010-10-20,35.13,35.43,35.03,35.28,,3341200.0
2010-10-21,35.29,35.6,35.12,35.43,,2971800.0
2010-10-22,35.41,35.46,35.2,35.34,,2082600.0
2010-10-25,35.42,35.54,35.23,35.26,,3297500.0
2010-10-26,35.05,35.18,34.82,34.89,,2965600.0
2010-10-27,34.65,34.86,34.48,34.75,,2732700.0
2010-10-28,34.88,35.04,34.66,34.78,,2883400.0
2010-10-29,34.8,34.82,34.51,34.62,,3699700.0
2010-11-01,34.52,34.84,34.5,34.82,,2292600.0
2010-11-02,34.83,35.06,34.78,34.84,,1884300.0
2010-11-03,34.83,35.13,34.81,35.11,,4024700.0
2010-11-04,35.2,35.39,34.97,35.37,,4490000.0
2010-11-05,35.2,35.4,35.13,35.37,,3570000.0
2010-11-08,35.13,35.16,34.63,34.83,,3223400.0
2010-11-09,34.9,35.2,34.76,35.08,,5090300.0
2010-11-10,34.81,35.27,34.59,35.23,,4313900.0
2010-11-11,34.41,34.72,34.13,34.26,,5355200.0
2010-11-12,34.03,34.17,33.51,33.58,,4544500.0
2010-11-15,33.63,34.43,33.63,34.26,,3787800.0
2010-11-16,34.23,34.23,33.74,34.03,,4076800.0
2010-11-17,34.03,34.42,33.89,34.15,,2275500.0
2010-11-18,34.41,34.61,34.33,34.33,,3120100.0
2010-11-19,34.31,34.36,34.03,34.24,,2348000.0
2010-11-22,34.13,34.15,33.8,34.03,,2586400.0
2010-11-23,33.72,33.96,32.69,33.85,,3471600.0
2010-11-24,34.07,34.34,33.98,34.22,,4585700.0
2010-11-26,34.03,34.17,33.81,33.95,,758500.0
2010-11-29,33.84,34.07,33.72,34.0,,2182700.0
2010-11-30,33.81,33.86,33.34,33.55,,2863000.0
2010-12-01,33.89,34.12,33.48,34.07,,3647700.0
2010-12-02,34.0,34.43,33.98,34.31,,4517600.0
2010-12-03,34.17,34.3,34.12,34.24,,2973800.0
2010-12-06,34.35,34.44,34.14,34.33,,2431300.0
2010-12-07,34.52,35.29,34.51,34.84,,3842100.0
2010-12-08,35.0,35.17,34.75,34.85,,3055100.0
2010-12-09,34.9,34.92,34.41,34.55,,2798400.0
2010-12-10,34.61,35.41,34.59,35.36,,3904200.0
2010-12-13,35.44,35.94,35.23,35.54,,4971700.0
2010-12-14,35.7,36.39,35.68,36.07,,4349000.0
2010-12-15,35.91,36.09,35.66,35.7,,3142600.0
2010-12-16,35.99,36.25,35.62,36.14,,3437400.0
2010-12-17,38.97,39.83,38.63,38.97,,18135600.0
2010-12-20,38.72,38.79,37.28,37.7,,5259100.0
2010-12-21,37.5,37.97,37.44,37.74,,4734400.0
2010-12-22,37.22,37.93,37.17,37.67,,2920100.0
2010-12-23,37.54,37.68,37.37,37.43,,1472200.0
2010-12-27,36.91,37.53,36.79,37.36,,2168700.0
2010-12-28,37.36,37.37,36.92,37.15,,1254800.0
2010-12-29,37.2,37.81,37.19,37.65,,2402600.0
2010-12-30,37.66,38.05,37.5,37.5,,1618800.0
2010-12-31,37.56,37.57,37.24,37.55,,1868500.0
2011-01-03,37.68,38.23,37.6,37.63,,2508700.0
2011-01-04,37.75,37.84,37.26,37.38,,3169400.0
2011-01-05,37.28,37.58,36.92,37.39,,3041600.0
2011-01-06,37.31,37.61,37.08,37.53,,3859000.0
2011-01-07,37.46,37.71,37.2,37.59,,2914600.0
2011-01-10,37.34,37.71,37.24,37.26,,3177900.0
2011-01-11,37.3,37.77,37.24,37.77,,3696100.0
2011-01-12,37.93,38.66,37.91,38.63,,5374300.0
2011-01-13,38.29,38.63,38.12,38.62,,4260200.0
2011-01-14,38.39,38.72,38.37,38.72,,3432500.0
2011-01-18,38.42,39.05,38.3,38.99,,3670600.0
2011-01-19,38.89,38.99,38.57,38.87,,4065700.0
2011-01-20,38.6,39.61,38.57,39.6,,5312500.0
2011-01-21,39.66,39.87,39.46,39.52,,4012400.0
2011-01-24,39.21,39.88,39.21,39.86,,2437100.0
2011-01-25,39.77,40.1,39.39,40.05,,3370900.0
2011-01-26,39.98,40.83,39.98,40.54,,5928800.0
2011-01-27,40.52,40.66,40.03,40.55,,4442800.0
2011-01-28,40.38,40.63,39.79,39.9,,2755100.0
2011-01-31,39.69,40.13,39.39,39.86,,2886300.0
2011-02-01,40.14,40.64,40.02,40.55,,3427000.0
2011-02-02,40.54,40.89,40.44,40.7,,2378800.0
2011-02-03,40.63,40.9,40.22,40.87,,2514500.0
2011-02-04,40.79,40.87,40.6,40.69,,1757700.0
2011-02-07,40.62,40.87,40.59,40.79,,2193800.0
2011-02-08,40.91,40.96,40.62,40.76,,2362800.0
2011-02-09,40.51,40.85,40.44,40.81,,2612100.0
2011-02-10,40.66,41.26,40.62,41.03,,2993400.0
2011-02-11,40.87,40.94,40.45,40.58,,2517000.0
2011-02-14,40.34,40.73,40.27,40.59,,2817900.0
2011-02-15,40.52,40.61,40.24,40.26,,2380600.0
2011-02-16,40.46,41.43,40.31,41.36,,2199700.0
2011-02-17,41.41,42.24,41.31,41.85,,3365100.0
2011-02-18,41.82,41.89,41.44,41.51,,2162500.0
2011-02-22,41.15,41.23,40.48,40.55,,2861700.0
2011-02-23,40.39,40.53,39.69,39.69,,2817000.0
2011-02-24,39.7,40.2,39.65,40.07,,2720100.0
2011-02-25,40.23,40.56,40.08,40.41,,1782500.0
2011-02-28,40.4,40.54,39.76,39.87,,2443500.0
2011-03-01,40.14,40.41,39.56,39.62,,3309000.0
2011-03-02,39.5,39.81,39.49,39.61,,2161700.0
2011-03-03,40.07,41.07,39.96,41.07,,3510900.0
2011-03-04,40.91,41.07,40.64,40.77,,2912600.0
2011-03-07,40.74,41.12,40.37,40.57,,2082900.0
2011-03-08,40.58,41.01,40.24,40.47,,3546200.0
2011-03-09,40.46,40.59,40.0,40.3,,3030300.0
2011-03-10,39.97,40.21,39.78,39.8,,2529500.0
2011-03-11,39.69,40.07,39.51,39.94,,1491000.0
2011-03-14,39.63,39.93,39.42,39.84,,1889000.0
2011-03-15,39.04,39.3,38.42,38.73,,3807700.0
2011-03-16,38.69,38.94,37.73,37.93,,3715200.0
2011-03-17,38.43,38.52,37.87,37.96,,3353800.0
2011-03-18,38.84,39.27,38.68,38.91,,6382700.0
2011-03-21,39.35,39.35,38.86,38.99,,4504500.0
2011-03-22,38.94,39.24,38.91,38.99,,3388300.0
2011-03-23,38.95,39.3,38.67,39.24,,2987600.0
2011-03-24,39.11,40.31,39.11,40.24,,4669300.0
2011-03-25,43.73,43.97,41.55,42.04,,11769900.0
2011-03-28,41.97,42.09,41.48,41.49,,4235800.0
2011-03-29,41.3,42.06,41.29,42.03,,3642000.0
2011-03-30,42.19,42.57,41.84,42.43,,4639000.0
2011-03-31,42.44,42.71,42.3,42.57,,5481200.0
2011-04-01,42.44,42.71,42.23,42.49,,4197800.0
2011-04-04,42.44,42.85,42.26,42.65,,2993400.0
2011-04-05,42.53,42.85,42.49,42.54,,3599300.0
2011-04-06,42.51,42.76,42.27,42.34,,2426400.0
2011-04-07,42.3,42.59,41.95,42.47,,2407800.0
2011-04-08,42.56,42.86,42.44,42.67,,2524100.0
2011-04-11,42.39,43.37,42.37,43.37,,3899700.0
2011-04-12,43.06,43.51,42.87,43.24,,3916900.0
2011-04-13,43.35,44.43,43.32,44.14,,5680400.0
2011-04-14,43.8,44.26,42.98,43.37,,5409100.0
2011-04-15,43.29,43.34,42.54,42.67,,4659500.0
2011-04-18,42.21,42.63,42.19,42.53,,2525900.0
2011-04-19,42.56,43.49,42.42,43.24,,3571300.0
2011-04-20,43.49,44.09,43.14,43.75,,3738000.0
2011-04-21,43.88,44.41,43.42,44.34,,3286400.0
2011-04-25,44.23,44.48,43.82,44.13,,1962300.0
2011-04-26,44.14,44.44,43.88,44.26,,2900000.0
2011-04-27,44.14,44.55,44.14,44.39,,2870400.0
2011-04-28,44.2,44.68,44.18,44.48,,3162100.0
2011-04-29,44.54,45.17,44.41,44.59,,4215700.0
2011-05-02,44.58,45.43,44.58,45.32,,4686500.0
2011-05-03,44.76,44.88,43.3,43.67,,5950000.0
2011-05-04,43.55,44.09,43.45,43.64,,4580400.0
2011-05-05,43.41,43.44,42.57,42.88,,4243100.0
2011-05-06,42.9,43.28,42.72,43.05,,3646200.0
2011-05-09,43.01,43.63,42.87,43.51,,1988900.0
2011-05-10,43.7,44.65,43.7,44.46,,4150100.0
2011-05-11,44.34,44.47,43.56,43.93,,2062500.0
2011-05-12,43.69,44.3,43.51,44.18,,2844800.0
2011-05-13,44.07,44.49,43.45,43.51,,2919000.0
2011-05-16,44.0,44.49,43.77,43.83,,3098900.0
2011-05-17,43.71,44.3,43.66,44.29,,4159100.0
2011-05-18,44.46,44.48,44.05,44.43,,2500200.0
2011-05-19,44.37,44.53,44.2,44.44,,2449100.0
2011-05-20,44.41,45.01,44.33,44.82,,2985500.0
2011-05-23,44.35,44.44,43.96,43.98,,3187200.0
2011-05-24,44.23,44.32,43.58,44.01,,2648200.0
2011-05-25,43.94,44.35,43.8,44.17,,3360900.0
2011-05-26,43.98,44.61,43.89,44.51,,3700800.0
2011-05-27,44.69,45.08,44.42,44.42,,3054200.0
2011-05-31,44.9,44.93,44.46,44.8,,3484200.0
2011-06-01,44.85,45.03,44.43,44.48,,3103000.0
2011-06-02,44.57,44.77,43.99,44.34,,2670600.0
2011-06-03,43.84,43.84,43.55,43.57,,3223600.0
2011-06-06,43.37,43.66,43.23,43.54,,3059700.0
2011-06-07,43.71,44.49,43.68,43.92,,2917400.0
2011-06-08,43.69,43.98,43.27,43.51,,2153100.0
2011-06-09,43.67,44.1,43.47,43.98,,2810800.0
2011-06-10,43.72,43.87,43.23,43.35,,2320200.0
2011-06-13,43.48,43.94,43.48,43.66,,3454600.0
2011-06-14,44.02,44.84,43.87,44.58,,6633700.0
2011-06-15,44.23,44.26,43.23,43.25,,4066500.0
2011-06-16,43.24,43.24,41.81,42.13,,4903800.0
2011-06-17,42.36,42.51,41.95,42.11,,5761800.0
2011-06-20,41.88,42.17,41.76,42.12,,4407700.0
2011-06-21,42.38,43.19,42.35,42.77,,6186900.0
2011-06-22,42.79,43.48,42.7,43.13,,3072600.0
2011-06-23,42.88,43.48,42.46,43.47,,5209900.0
2011-06-24,44.32,44.65,43.8,44.51,,10466100.0
2011-06-27,44.09,45.13,43.62,45.11,,6833900.0
2011-06-28,47.46,47.6,46.45,46.56,,29562100.0
2011-06-29,46.11,46.9,46.11,46.76,,14051400.0
2011-06-30,46.82,47.22,46.75,47.16,,9807200.0
2011-07-01,46.98,47.54,46.94,47.51,,8136500.0
2011-07-05,47.29,48.46,47.27,48.2,,89655900.0
2011-07-06,47.88,48.52,47.77,48.47,,15294600.0
2011-07-07,48.93,49.69,48.86,49.52,,13973000.0
2011-07-08,49.06,49.62,48.8,49.51,,9067400.0
2011-07-11,48.5,48.61,47.89,48.0,,13542400.0
2011-07-12,47.87,48.04,47.64,47.65,,7971300.0
2011-07-13,47.75,47.93,47.18,47.36,,11420100.0
2011-07-14,47.37,48.0,47.15,47.48,,9897800.0
2011-07-15,47.47,47.59,46.99,47.38,,7208000.0
2011-07-18,46.95,47.37,46.26,46.82,,7102900.0
2011-07-19,47.06,48.08,46.96,48.08,,6417400.0
2011-07-20,47.98,48.17,47.78,47.92,,5110500.0
2011-07-21,48.0,48.42,47.92,48.19,,5869700.0
2011-07-22,48.08,48.21,47.58,47.83,,4489300.0
2011-07-25,46.93,48.13,46.84,47.75,,4539900.0
2011-07-26,47.68,48.18,47.32,47.88,,4975300.0
2011-07-27,47.48,47.61,46.59,46.64,,5126200.0
2011-07-28,46.54,47.12,46.36,46.59,,4901400.0
2011-07-29,46.18,46.64,45.86,46.16,,7036800.0
2011-08-01,46.54,46.86,45.52,46.02,,5996500.0
2011-08-02,45.69,46.62,45.26,45.28,,5178800.0
2011-08-03,45.39,46.57,45.31,46.52,,5391900.0
2011-08-04,45.77,46.08,44.48,44.48,,8561100.0
2011-08-05,44.83,45.25,43.32,44.65,,9210700.0
2011-08-08,43.09,43.46,41.28,41.49,,12495400.0
2011-08-09,41.41,42.93,40.45,42.84,,11745900.0
2011-08-10,41.96,42.02,40.28,40.42,,11307100.0
2011-08-11,40.7,42.84,40.46,42.15,,8486900.0
2011-08-12,42.46,43.04,41.88,42.63,,4685400.0
2011-08-15,42.87,43.26,42.26,43.26,,4741200.0
2011-08-16,42.91,43.53,42.28,42.79,,5251400.0
2011-08-17,43.11,43.21,42.34,42.56,,4445600.0
2011-08-18,40.88,40.88,37.75,38.14,,12560000.0
2011-08-19,37.86,38.57,37.0,37.03,,9329800.0
2011-08-22,37.8,38.54,37.69,37.86,,5080300.0
2011-08-23,38.08,39.39,37.88,39.39,,5007200.0
2011-08-24,39.21,39.88,38.95,39.79,,5640800.0
2011-08-25,40.0,40.19,39.41,39.61,,6053900.0
2011-08-26,39.47,40.52,38.64,40.28,,5166500.0
2011-08-29,40.78,41.37,40.71,41.34,,3740000.0
2011-08-30,41.31,42.42,41.13,42.17,,4095800.0
2011-08-31,42.34,42.54,41.56,41.83,,5314400.0
2011-09-01,41.84,42.2,41.22,41.29,,5462100.0
2011-09-02,40.68,41.09,40.15,40.17,,4194900.0
2011-09-06,38.64,39.68,38.49,39.59,,4405600.0
2011-09-07,40.27,40.77,40.21,40.74,,3689300.0
2011-09-08,40.64,41.55,40.46,40.72,,4000300.0
2011-09-09,40.24,40.29,38.73,38.89,,6330900.0
2011-09-12,37.97,39.04,37.9,39.04,,5309400.0
2011-09-13,39.24,39.81,38.82,39.7,,3891400.0
2011-09-14,39.82,40.46,39.14,40.02,,5886900.0
2011-09-15,40.57,41.68,39.89,41.38,,7980600.0
2011-09-16,41.77,43.13,41.74,42.95,,10390600.0
2011-09-19,42.23,42.91,41.52,42.62,,6136900.0
2011-09-20,42.63,43.32,42.18,42.48,,6601100.0
2011-09-21,42.69,43.51,41.63,41.67,,4991000.0
2011-09-22,40.27,40.66,38.63,39.31,,8981300.0
2011-09-23,39.25,39.75,38.58,39.35,,6435300.0
2011-09-26,39.72,40.6,39.17,40.53,,5751500.0
2011-09-27,41.66,42.8,41.49,41.88,,8994300.0
2011-09-28,43.02,43.94,41.88,42.02,,8554700.0
2011-09-29,42.68,42.94,41.66,42.49,,4609600.0
2011-09-30,41.42,42.14,41.12,41.12,,5464200.0
2011-10-03,41.03,42.05,40.28,40.29,,5348700.0
2011-10-04,39.41,42.48,39.29,42.35,,9000000.0
2011-10-05,42.09,42.85,41.84,42.81,,5419900.0
2011-10-06,42.63,43.2,41.9,43.16,,5652200.0
2011-10-07,43.31,44.48,43.16,43.65,,5928100.0
2011-10-10,43.6,44.8,43.5,44.8,,3443500.0
2011-10-11,43.91,44.98,43.86,44.51,,3720200.0
2011-10-12,45.17,46.03,45.02,45.35,,5155200.0
2011-10-13,44.9,45.4,44.37,45.16,,3107000.0
2011-10-14,45.75,46.46,45.75,46.44,,2586500.0
2011-10-17,45.67,46.02,45.35,45.6,,3213400.0
2011-10-18,45.2,45.8,44.64,45.39,,3680500.0
2011-10-19,44.95,46.0,44.95,45.28,,3221600.0
2011-10-20,45.09,45.43,44.6,45.09,,2826400.0
2011-10-21,45.67,46.12,45.25,45.87,,3184400.0
2011-10-24,45.95,46.32,45.72,46.1,,3188400.0
2011-10-25,45.88,46.29,44.95,45.94,,3702400.0
2011-10-26,46.45,46.51,45.13,45.97,,3866500.0
2011-10-27,47.02,48.47,46.32,47.71,,5495400.0
2011-10-28,47.85,48.88,47.56,48.77,,4129200.0
2011-10-31,47.68,48.38,47.53,47.59,,4063600.0
2011-11-01,45.1,46.1,44.75,45.38,,3813000.0
2011-11-02,46.06,46.42,45.72,46.18,,2687900.0
2011-11-03,46.85,47.08,46.19,46.77,,3419000.0
2011-11-04,46.3,46.31,45.61,45.99,,2628500.0
2011-11-07,45.87,46.1,45.39,45.8,,2593800.0
2011-11-08,46.0,46.57,45.61,46.51,,1973400.0
2011-11-09,45.48,45.64,44.72,44.78,,2953900.0
2011-11-10,45.45,45.52,44.42,45.01,,2547500.0
2011-11-11,45.67,46.61,45.61,46.57,,2189300.0
2011-11-14,46.12,46.29,45.35,45.42,,2172800.0
2011-11-15,45.21,46.03,45.06,45.75,,2292600.0
2011-11-16,45.46,46.14,44.92,44.96,,2484900.0
2011-11-17,44.78,45.12,43.72,43.99,,3889600.0
2011-11-18,44.14,44.19,43.31,43.51,,3446800.0
2011-11-21,43.03,43.74,42.52,43.48,,4016400.0
2011-11-22,43.5,44.0,43.25,43.3,,3326100.0
2011-11-23,42.83,42.97,42.14,42.35,,2567300.0
2011-11-25,42.32,42.76,42.01,42.41,,1439400.0
2011-11-28,43.27,43.99,42.99,43.66,,2332500.0
2011-11-29,43.93,44.15,43.53,43.88,,2884300.0
2011-11-30,45.12,45.8,44.82,45.75,,3630900.0
2011-12-01,45.57,46.44,45.27,45.78,,2570000.0
2011-12-02,46.38,46.77,46.0,46.1,,3193500.0
2011-12-05,46.68,47.54,46.36,46.85,,3612200.0
2011-12-06,47.28,47.34,46.37,46.73,,2467400.0
2011-12-07,46.43,46.49,45.66,46.23,,3836600.0
2011-12-08,45.88,46.02,44.65,44.75,,3233000.0
2011-12-09,45.13,46.53,44.86,46.36,,3320100.0
2011-12-12,46.13,46.16,45.57,45.98,,2695600.0
2011-12-13,46.24,46.63,45.46,45.75,,2930000.0
2011-12-14,45.51,45.72,44.15,44.25,,5031200.0
2011-12-15,44.48,45.05,44.22,44.33,,5397900.0
2011-12-16,43.05,43.81,41.8,42.76,,15986400.0
2011-12-19,42.76,43.01,42.03,42.25,,5087200.0
2011-12-20,42.7,43.13,42.61,42.83,,5814900.0
2011-12-21,42.4,42.49,40.34,41.1,,8343700.0
2011-12-22,41.31,41.6,40.95,41.52,,4007300.0
2011-12-23,41.53,41.8,41.1,41.77,,2342100.0
2011-12-27,41.57,41.97,41.55,41.8,,1881600.0
2011-12-28,41.77,41.92,41.65,41.74,,3077000.0
2011-12-29,41.93,42.57,41.64,42.52,,3293400.0
2011-12-30,42.26,42.49,42.03,42.04,,2332800.0
2012-01-03,42.58,42.72,41.79,41.82,,5309600.0
2012-01-04,41.65,41.96,41.47,41.8,,4232100.0
2012-01-05,41.82,41.83,40.92,41.0,,5640900.0
2012-01-06,40.99,41.18,40.65,40.93,,5586600.0
2012-01-09,40.87,40.99,40.67,40.86,,4966700.0
2012-01-10,41.18,42.08,41.08,41.56,,4985100.0
2012-01-11,41.1,42.53,40.8,42.38,,6269300.0
2012-01-12,42.01,42.69,41.86,42.6,,5096400.0
2012-01-13,42.38,42.66,41.38,42.05,,5478400.0
2012-01-17,42.33,42.61,42.17,42.24,,4963800.0
2012-01-18,42.4,43.68,42.22,43.4,,6061900.0
2012-01-19,43.63,43.81,43.09,43.28,,5753100.0
2012-01-20,43.38,44.71,43.25,44.07,,6051000.0
2012-01-23,44.15,44.63,44.02,44.6,,4802400.0
2012-01-24,44.44,44.84,43.96,44.72,,4133900.0
2012-01-25,44.7,45.24,44.23,45.16,,2972200.0
2012-01-26,45.2,45.34,44.65,44.95,,3312400.0
2012-01-27,44.9,45.2,44.53,44.56,,3469600.0
2012-01-30,44.33,45.09,44.11,45.06,,3520100.0
2012-01-31,45.25,45.65,45.01,45.28,,4542600.0
2012-02-01,45.8,46.21,45.5,46.14,,4166600.0
2012-02-02,46.24,46.27,45.61,45.62,,2716500.0
2012-02-03,45.99,46.28,45.97,46.05,,2131300.0
2012-02-06,45.54,46.0,45.49,45.54,,2729700.0
2012-02-07,45.36,45.82,45.08,45.77,,2864500.0
2012-02-08,45.72,45.72,44.58,45.07,,4441100.0
2012-02-09,45.16,45.48,45.1,45.34,,3519600.0
2012-02-10,45.01,45.06,44.62,44.98,,2558900.0
2012-02-13,45.2,45.61,45.01,45.34,,2345900.0
2012-02-14,45.01,45.6,45.0,45.38,,2902900.0
2012-02-15,45.87,46.38,45.46,45.71,,3527100.0
2012-02-16,45.88,46.22,45.54,46.16,,2107000.0
2012-02-17,46.4,46.59,45.92,46.14,,1788600.0
2012-02-21,46.38,46.47,45.76,45.91,,2308100.0
2012-02-22,45.76,46.31,45.57,46.22,,2777400.0
2012-02-23,46.25,47.03,46.17,46.92,,3683300.0
2012-02-24,46.62,47.38,46.62,47.11,,2763100.0
2012-02-27,46.7,47.31,46.7,47.11,,2186600.0
2012-02-28,47.25,47.25,46.68,47.19,,2142300.0
2012-02-29,47.19,47.25,46.93,47.02,,2257500.0
2012-03-01,47.23,47.31,46.95,47.13,,2571300.0
2012-03-02,47.02,47.15,46.7,47.07,,2397000.0
2012-03-05,47.05,48.17,47.05,48.08,,5433100.0
2012-03-06,47.6,47.85,46.89,46.96,,4029600.0
2012-03-07,47.09,47.3,46.65,47.08,,2575200.0
2012-03-08,47.48,47.78,47.24,47.6,,1806500.0
2012-03-09,47.95,48.27,47.63,48.06,,2206200.0
2012-03-12,48.1,48.35,47.74,48.29,,2590500.0
2012-03-13,48.47,49.31,48.33,49.29,,3818000.0
2012-03-14,49.25,49.55,49.17,49.44,,2595900.0
2012-03-15,49.4,50.28,49.16,50.25,,3290100.0
2012-03-16,50.38,50.53,49.85,50.24,,6566400.0
2012-03-19,50.02,50.28,49.84,50.08,,2993700.0
2012-03-20,49.82,49.94,49.49,49.82,,3239700.0
2012-03-21,50.06,50.76,50.06,50.34,,3394800.0
2012-03-22,49.89,50.23,49.52,50.16,,4804800.0
2012-03-23,50.55,51.25,49.91,51.24,,6655500.0
2012-03-26,51.32,52.03,51.15,52.03,,4204900.0
2012-03-27,51.43,51.73,51.08,51.7,,5455200.0
2012-03-28,51.43,51.6,50.76,50.94,,3534200.0
2012-03-29,50.47,51.02,50.47,50.94,,2436200.0
2012-03-30,50.93,51.3,50.73,50.94,,2716400.0
2012-04-02,51.04,51.85,50.86,51.72,,3405700.0
2012-04-03,51.51,51.72,51.02,51.29,,2277100.0
2012-04-04,50.98,51.15,50.42,50.89,,2384800.0
2012-04-05,50.61,51.42,50.53,51.17,,2726600.0
2012-04-09,50.57,50.62,50.11,50.34,,2547400.0
2012-04-10,50.16,50.37,49.75,49.87,,3987000.0
2012-04-11,50.31,51.07,50.1,50.77,,3359700.0
2012-04-12,50.74,51.25,50.66,51.18,,2924900.0
2012-04-13,50.77,50.77,49.81,49.92,,4975800.0
2012-04-16,50.06,50.17,49.3,49.39,,4144900.0
2012-04-17,49.79,51.32,49.79,51.22,,4837000.0
2012-04-18,50.84,51.04,50.31,50.73,,3650700.0
2012-04-19,50.75,50.85,49.97,50.32,,3079700.0
2012-04-20,50.43,51.0,50.31,50.6,,2696600.0
2012-04-23,50.11,50.41,49.69,50.3,,2992700.0
2012-04-24,50.41,50.83,50.04,50.14,,3056800.0
2012-04-25,50.7,51.2,50.46,51.13,,2839900.0
2012-04-26,51.05,51.61,51.01,51.35,,2152100.0
2012-04-27,51.63,52.04,51.42,51.89,,3872300.0
2012-04-30,51.72,52.0,51.57,51.84,,2033100.0
2012-05-01,51.76,52.39,51.72,51.88,,2234000.0
2012-05-02,51.52,52.2,51.45,51.98,,2637200.0
2012-05-03,51.95,52.02,51.13,51.25,,2600000.0
2012-05-04,50.85,51.03,49.97,49.97,,3376300.0
2012-05-07,49.1,49.36,47.95,48.06,,5852800.0
2012-05-08,48.21,48.21,46.74,47.36,,7419500.0
2012-05-09,46.78,47.66,46.55,47.26,,5242000.0
2012-05-10,47.69,47.71,46.6,46.85,,5095200.0
2012-05-11,46.62,47.29,46.35,46.78,,3237300.0
2012-05-14,46.46,47.22,46.21,46.94,,4031800.0
2012-05-15,46.7,47.94,46.58,47.03,,5149000.0
2012-05-16,47.34,47.98,47.12,47.18,,3839200.0
2012-05-17,47.17,47.28,46.6,46.6,,2823300.0
2012-05-18,46.87,47.02,45.92,46.01,,4276900.0
2012-05-21,46.2,47.23,46.01,47.14,,3185300.0
2012-05-22,47.3,47.61,46.73,47.03,,3102400.0
2012-05-23,46.7,47.19,46.3,47.02,,3973100.0
2012-05-24,47.08,47.38,46.03,46.28,,5800800.0
2012-05-25,46.23,46.5,45.83,45.84,,4480700.0
2012-05-29,46.19,46.9,46.11,46.62,,4218300.0
2012-05-30,46.32,46.51,45.95,46.07,,3133600.0
2012-05-31,46.21,46.24,44.86,45.57,,5136400.0
2012-06-01,44.97,45.09,43.85,44.12,,7582100.0
2012-06-04,44.08,44.88,44.08,44.79,,4454500.0
2012-06-05,44.48,45.46,44.44,45.28,,3951500.0
2012-06-06,45.79,46.62,45.6,46.62,,4011900.0
2012-06-07,47.29,47.29,46.83,46.98,,4154600.0
2012-06-08,46.74,46.99,46.31,46.71,,3003700.0
2012-06-11,47.07,47.09,45.64,45.68,,3790900.0
2012-06-12,45.68,46.17,45.6,45.77,,4460000.0
2012-06-13,45.9,46.05,45.29,45.44,,3202200.0
2012-06-14,45.6,46.39,45.49,46.16,,3059100.0
2012-06-15,46.42,47.21,46.15,47.15,,3884400.0
2012-06-18,46.85,47.19,46.68,46.99,,2402000.0
2012-06-19,47.38,48.14,47.37,47.75,,3211800.0
2012-06-20,47.89,47.97,47.14,47.56,,2501400.0
2012-06-21,47.55,47.75,45.13,45.22,,5552800.0
2012-06-22,45.59,46.14,45.4,45.94,,3503700.0
2012-06-25,45.33,45.41,44.84,45.05,,4308300.0
2012-06-26,45.1,45.53,44.78,45.05,,4060200.0
2012-06-27,45.31,45.31,44.23,44.59,,6226700.0
2012-06-28,44.2,45.29,44.17,45.2,,5011100.0
2012-06-29,46.65,47.96,46.3,47.96,,6630500.0
2012-07-02,47.72,48.46,47.49,48.28,,3930700.0
2012-07-03,48.22,48.78,48.19,48.76,,2234500.0
2012-07-05,48.31,48.6,47.96,48.1,,3064800.0
2012-07-06,47.52,47.52,46.47,46.64,,3313800.0
2012-07-09,46.48,46.61,46.04,46.14,,2936400.0
2012-07-10,46.4,46.81,45.27,45.48,,3341600.0
2012-07-11,45.43,46.07,45.2,45.6,,2851200.0
2012-07-12,45.22,45.9,44.88,45.71,,3765900.0
2012-07-13,45.69,46.49,45.69,46.34,,2327500.0
2012-07-16,45.95,46.44,45.95,46.33,,3808000.0
2012-07-17,46.56,46.9,45.97,46.53,,2929000.0
2012-07-18,46.32,47.12,46.32,47.04,,1863800.0
2012-07-19,47.27,47.71,46.9,47.37,,2955400.0
2012-07-20,46.89,47.41,46.76,47.09,,3079700.0
2012-07-23,46.19,46.35,45.93,46.09,,2751300.0
2012-07-24,46.1,46.43,45.33,45.71,,3100500.0
2012-07-25,45.98,46.26,45.61,46.03,,2038200.0
2012-07-26,46.74,47.52,46.74,47.26,,3172400.0
2012-07-27,47.49,48.52,47.46,48.23,,3220000.0
2012-07-30,48.06,48.48,47.89,48.19,,2049700.0
2012-07-31,48.01,48.33,47.87,48.13,,2793600.0
2012-08-01,48.24,48.52,48.0,48.05,,2383900.0
2012-08-02,47.61,47.89,46.84,47.11,,3527100.0
2012-08-03,47.88,48.4,47.79,48.17,,2374900.0
2012-08-06,48.65,49.43,48.34,48.39,,2355100.0
2012-08-07,48.52,48.97,48.51,48.64,,1323600.0
2012-08-08,48.39,49.37,48.2,49.32,,2904000.0
2012-08-09,49.13,49.31,48.84,49.12,,2363200.0
2012-08-10,48.85,49.22,48.51,49.19,,1564600.0
2012-08-13,48.9,49.12,48.64,49.08,,1437000.0
2012-08-14,49.12,49.19,48.72,48.89,,2479700.0
2012-08-15,48.71,49.05,48.43,48.54,,1801700.0
2012-08-16,48.75,48.98,48.33,48.8,,1816800.0
2012-08-17,49.19,49.47,48.7,48.75,,2280900.0
2012-08-20,48.78,48.91,48.43,48.52,,2396400.0
2012-08-21,48.7,48.97,48.48,48.67,,1749900.0
2012-08-22,48.45,49.45,48.32,49.12,,3729700.0
2012-08-23,49.0,49.08,48.4,48.55,,2059900.0
2012-08-24,48.33,49.19,48.21,49.11,,2238300.0
2012-08-27,49.12,49.31,48.77,48.88,,1447200.0
2012-08-28,48.47,48.8,48.31,48.56,,1900800.0
2012-08-29,48.68,48.89,48.31,48.7,,1322100.0
2012-08-30,48.52,48.98,48.28,48.8,,2082700.0
2012-08-31,49.19,49.44,48.8,49.16,,2133400.0
2012-09-04,49.16,49.16,48.44,48.73,,1616800.0
2012-09-05,48.73,49.31,48.71,48.96,,2620800.0
2012-09-06,49.26,50.98,49.23,50.97,,3104400.0
2012-09-07,51.24,51.52,50.85,51.43,,3362800.0
2012-09-10,51.26,51.41,50.95,51.09,,2251200.0
2012-09-11,51.18,52.0,51.05,51.78,,3134400.0
2012-09-12,51.88,52.06,51.47,52.01,,2343700.0
2012-09-13,51.91,52.67,51.5,52.51,,2505200.0
2012-09-14,52.58,53.27,52.38,52.59,,4594600.0
2012-09-17,52.49,52.87,52.28,52.36,,2946200.0
2012-09-18,52.47,52.67,52.09,52.11,,4139500.0
2012-09-19,52.09,52.32,51.79,52.23,,2319500.0
2012-09-20,52.06,52.19,51.77,52.03,,2786500.0
2012-09-21,52.34,52.58,52.04,52.08,,3182300.0
2012-09-24,52.0,52.75,51.44,52.5,,2300600.0
2012-09-25,52.54,52.67,51.69,51.8,,3390600.0
2012-09-26,51.81,51.84,51.19,51.36,,2920500.0
2012-09-27,51.76,52.44,51.38,52.18,,4766500.0
2012-09-28,54.12,56.39,54.04,55.89,,9827000.0
2012-10-01,55.86,56.64,55.58,55.83,,5009800.0
2012-10-02,55.28,56.15,55.19,56.07,,5613400.0
2012-10-03,56.0,56.48,55.78,56.25,,4448000.0
2012-10-04,56.21,57.11,55.93,56.98,,3621500.0
2012-10-05,57.13,57.3,56.25,56.46,,3486000.0
2012-10-08,56.11,56.74,55.97,56.7,,2964800.0
2012-10-09,56.51,56.59,56.05,56.19,,3214000.0
2012-10-10,56.15,56.5,55.91,56.15,,3820100.0
2012-10-11,56.31,56.58,55.9,56.05,,2239100.0
2012-10-12,55.9,56.43,55.71,56.05,,2228300.0
2012-10-15,56.17,56.71,56.09,56.65,,2736400.0
2012-10-16,56.95,57.13,56.51,57.12,,1878400.0
2012-10-17,56.74,56.98,56.23,56.32,,2818300.0
2012-10-18,56.08,56.28,55.33,55.63,,4121200.0
2012-10-19,55.35,55.81,54.65,54.7,,4070400.0
2012-10-22,54.47,54.84,54.27,54.77,,5066300.0
2012-10-23,54.11,54.34,53.65,54.06,,2881600.0
2012-10-24,54.28,54.55,53.47,53.55,,2764200.0
2012-10-25,53.99,54.38,53.76,53.82,,3498300.0
2012-10-26,53.87,54.41,53.66,54.18,,2814000.0
2012-10-31,54.59,55.31,54.08,54.43,,3030000.0
2012-11-01,54.43,55.7,54.37,55.57,,3202800.0
2012-11-02,55.82,55.91,54.79,54.83,,3637600.0
2012-11-05,54.86,54.97,53.89,54.81,,2576300.0
2012-11-06,55.03,55.55,54.96,55.48,,2834200.0
2012-11-07,54.94,54.95,53.77,53.8,,3139800.0
2012-11-08,53.75,54.05,53.25,53.25,,2592700.0
2012-11-09,53.44,53.6,52.92,53.13,,2928500.0
2012-11-12,53.17,53.84,53.05,53.8,,2394600.0
2012-11-13,53.13,54.16,52.97,53.51,,2384300.0
2012-11-14,53.63,53.7,52.39,52.52,,2920900.0
2012-11-15,52.5,52.98,51.92,52.15,,3814100.0
2012-11-16,52.17,53.68,52.04,53.44,,3442600.0
2012-11-19,53.86,54.22,53.66,54.14,,2408800.0
2012-11-20,54.07,54.15,53.34,53.8,,2143100.0
2012-11-21,54.05,54.81,53.8,54.55,,2488900.0
2012-11-23,54.81,55.05,54.32,55.05,,1380700.0
2012-11-26,54.65,54.9,54.15,54.64,,1709900.0
2012-11-27,54.57,54.57,54.06,54.38,,2800300.0
2012-11-28,54.11,54.92,53.51,54.92,,2884900.0
2012-11-29,55.31,55.31,54.79,55.19,,1508500.0
2012-11-30,55.03,55.29,54.79,54.84,,2654400.0
2012-12-03,55.02,55.44,54.7,54.77,,2426700.0
2012-12-04,54.9,55.49,54.85,55.4,,1918100.0
2012-12-05,55.53,56.4,55.35,56.19,,3058200.0
2012-12-06,56.29,56.38,55.96,56.36,,3294700.0
2012-12-07,56.42,56.42,55.82,56.1,,2147600.0
2012-12-10,55.97,56.4,55.4,56.12,,1905000.0
2012-12-11,56.44,57.2,56.36,57.19,,2332000.0
2012-12-12,57.32,57.32,56.69,56.93,,2670600.0
2012-12-13,56.77,56.92,55.98,56.16,,1603100.0
2012-12-14,55.94,56.92,55.94,56.69,,2160200.0
2012-12-17,56.77,57.59,56.77,57.59,,3084000.0
2012-12-18,57.57,57.57,56.91,57.42,,4158500.0
2012-12-19,57.72,57.73,56.84,56.84,,4235300.0
2012-12-20,54.25,55.86,53.29,55.73,,10555800.0
2012-12-21,55.34,55.64,54.28,54.43,,6623300.0
2012-12-24,53.79,54.41,53.57,54.05,,2891800.0
2012-12-26,53.89,54.26,53.32,53.52,,2515300.0
2012-12-27,53.23,53.72,52.64,53.47,,4111600.0
2012-12-28,53.06,53.49,52.97,53.01,,3545100.0
2012-12-31,52.89,53.76,52.74,53.69,,4083200.0
2013-01-02,54.57,55.76,54.54,55.76,,4040500.0
2013-01-03,55.52,56.0,55.38,55.56,,3340700.0
2013-01-04,55.65,56.2,55.16,55.86,,3145600.0
2013-01-07,55.37,55.66,55.19,55.62,,2262800.0
2013-01-08,55.52,56.08,55.44,55.94,,2502800.0
2013-01-09,55.95,56.36,55.91,56.34,,2599000.0
2013-01-10,56.4,56.4,55.48,55.85,,2773900.0
2013-01-11,56.27,56.74,56.14,56.42,,2542800.0
2013-01-14,56.35,56.72,56.0,56.4,,2340600.0
2013-01-15,56.41,56.8,56.27,56.72,,2621600.0
2013-01-16,56.28,56.75,56.28,56.43,,2382000.0
2013-01-17,56.68,56.7,56.34,56.43,,1743900.0
2013-01-18,56.25,56.61,56.04,56.61,,2271600.0
2013-01-22,56.35,56.89,56.35,56.89,,3331900.0
2013-01-23,56.96,57.7,56.87,57.53,,3591100.0
2013-01-24,57.56,58.12,57.07,57.6,,2608500.0
2013-01-25,57.73,58.33,57.33,58.3,,2908200.0
2013-01-28,58.83,58.83,57.94,58.21,,3420600.0
2013-01-29,58.2,58.21,57.71,57.89,,2564500.0
2013-01-30,57.92,58.69,57.85,58.41,,2321800.0
2013-01-31,58.18,58.77,58.04,58.04,,2454700.0
2013-02-01,58.71,59.67,58.53,59.59,,3158800.0
2013-02-04,58.58,59.46,58.49,58.79,,3185700.0
2013-02-05,59.23,59.5,58.86,59.23,,2531200.0
2013-02-06,58.87,58.92,58.13,58.47,,2706100.0
2013-02-07,58.3,58.94,57.79,58.9,,2973700.0
2013-02-08,58.95,59.51,58.79,59.19,,2000100.0
2013-02-11,59.01,59.16,58.21,59.0,,1880100.0
2013-02-12,58.85,59.34,58.6,59.24,,1710300.0
2013-02-13,59.2,59.51,59.1,59.39,,1884700.0
2013-02-14,59.11,59.34,58.67,59.04,,2096100.0
2013-02-15,59.0,59.88,58.94,59.88,,3221900.0
2013-02-19,59.97,60.93,59.61,60.88,,2787600.0
2013-02-20,60.88,61.34,60.55,60.55,,2639900.0
2013-02-21,60.3,60.35,59.3,59.63,,2647600.0
2013-02-22,59.87,60.39,59.71,60.39,,1930700.0
2013-02-25,60.69,60.97,59.67,59.67,,2835000.0
2013-02-26,60.01,60.3,59.38,59.61,,1970600.0
2013-02-27,59.75,60.26,59.25,60.08,,2199900.0
2013-02-28,60.17,60.67,59.97,60.04,,2365400.0
2013-03-01,59.85,60.51,59.44,60.41,,1678100.0
2013-03-04,60.17,60.78,59.95,60.75,,1825700.0
2013-03-05,61.01,62.17,60.96,62.1,,2536600.0
2013-03-06,62.19,62.65,62.1,62.5,,2000100.0
2013-03-07,62.4,62.84,62.06,62.63,,2565800.0
2013-03-08,62.96,63.35,62.48,63.26,,1877900.0
2013-03-11,63.28,63.32,62.68,63.22,,1752200.0
2013-03-12,63.19,63.3,62.68,62.99,,1645300.0
2013-03-13,62.98,63.07,62.54,62.92,,1789700.0
2013-03-14,63.04,63.28,62.87,63.19,,1959300.0
2013-03-15,62.88,63.11,61.78,61.85,,6129300.0
2013-03-18,61.26,62.39,61.25,62.02,,2578400.0
2013-03-19,62.3,62.35,61.21,61.51,,2801700.0
2013-03-20,61.64,62.01,61.47,61.76,,2497500.0
2013-03-21,61.22,61.37,59.8,59.99,,3844700.0
2013-03-22,59.99,60.34,59.21,59.65,,3308100.0
2013-03-25,59.91,60.01,59.12,59.27,,3397400.0
2013-03-26,59.75,60.34,59.62,60.18,,2040600.0
2013-03-27,59.89,60.59,59.83,60.46,,2481200.0
2013-03-28,59.58,61.47,58.47,61.34,,4040700.0
2013-04-01,61.42,61.73,61.0,61.24,,2017100.0
2013-04-02,61.44,62.15,61.29,61.9,,2686700.0
2013-04-03,62.04,62.17,61.47,61.85,,2986600.0
2013-04-04,62.06,62.1,61.61,61.85,,1796400.0
2013-04-05,61.17,61.65,60.97,61.56,,2077200.0
2013-04-08,61.47,61.86,61.28,61.81,,1950800.0
2013-04-09,61.98,62.13,61.31,61.53,,1975500.0
2013-04-10,61.65,62.92,61.6,62.83,,3405900.0
2013-04-11,62.8,63.59,62.67,63.46,,2533900.0
2013-04-12,62.82,63.13,62.15,63.01,,2985200.0
2013-04-15,62.77,62.87,61.38,61.39,,2929100.0
2013-04-16,62.01,63.28,61.68,63.22,,3439600.0
2013-04-17,62.65,63.01,62.35,62.58,,3184300.0
2013-04-18,62.81,62.95,61.58,61.66,,3530000.0
2013-04-19,61.21,61.51,60.54,60.98,,5591800.0
2013-04-22,61.19,61.3,60.53,61.14,,2333800.0
2013-04-23,61.43,62.99,61.2,62.25,,3285900.0
2013-04-24,62.36,63.57,62.36,63.48,,3654900.0
2013-04-25,63.64,64.99,63.54,64.72,,3477400.0
2013-04-26,64.14,64.76,64.01,64.18,,2683300.0
2013-04-29,64.18,66.45,64.15,66.19,,3947700.0
2013-04-30,66.02,66.45,65.3,66.45,,3333600.0
2013-05-01,66.45,67.05,65.03,65.08,,3600800.0
2013-05-02,65.39,65.9,64.73,64.85,,3432600.0
2013-05-03,65.34,65.51,64.65,64.86,,3485800.0
2013-05-06,64.78,65.15,64.24,64.31,,4917800.0
2013-05-07,64.35,64.74,64.24,64.5,,2567800.0
2013-05-08,64.56,65.27,64.45,65.27,,3095000.0
2013-05-09,65.06,65.9,65.02,65.34,,2155200.0
2013-05-10,65.55,66.48,65.39,65.66,,2193600.0
2013-05-13,65.32,65.83,65.15,65.21,,1739400.0
2013-05-14,65.2,65.78,65.16,65.72,,2264900.0
2013-05-15,65.68,66.04,65.12,65.89,,2382900.0
2013-05-16,65.73,66.51,64.69,65.77,,2528800.0
2013-05-17,65.84,67.1,65.68,67.1,,2567600.0
2013-05-20,67.67,68.39,67.17,67.33,,3026700.0
2013-05-21,67.43,67.99,67.0,67.64,,2674600.0
2013-05-22,67.69,68.72,67.07,67.33,,3092700.0
2013-05-23,66.71,67.51,66.17,67.33,,2760000.0
2013-05-24,66.94,67.22,65.91,67.08,,2207000.0
2013-05-28,67.94,68.08,67.52,67.79,,2105300.0
2013-05-29,67.33,68.02,67.19,67.68,,2457800.0
2013-05-30,67.73,68.04,67.54,67.59,,2195600.0
2013-05-31,67.11,68.13,66.9,66.99,,3134700.0
2013-06-03,67.29,67.4,66.58,66.98,,2018900.0
2013-06-04,66.9,67.14,66.04,66.29,,3340300.0
2013-06-05,66.29,66.29,64.76,64.93,,2433400.0
2013-06-06,65.06,65.31,64.27,64.9,,2721400.0
2013-06-07,65.96,66.05,65.32,66.01,,2916700.0
2013-06-10,66.32,66.57,65.76,66.54,,2127600.0
2013-06-11,65.79,66.58,65.56,65.61,,1971000.0
2013-06-12,65.96,66.09,64.99,65.03,,1462600.0
2013-06-13,65.18,66.4,64.81,66.15,,2150500.0
2013-06-14,66.01,66.62,65.54,65.72,,1367400.0
2013-06-17,66.32,67.68,66.18,67.27,,2473400.0
2013-06-18,67.42,67.96,67.02,67.66,,1862600.0
2013-06-19,67.61,67.74,66.76,66.76,,1876400.0
2013-06-20,66.18,66.5,64.76,64.88,,2885900.0
2013-06-21,65.02,65.21,64.28,64.78,,4554900.0
2013-06-24,64.5,65.16,64.33,64.59,,2516500.0
2013-06-25,65.31,65.41,64.66,64.99,,2898100.0
2013-06-26,65.66,65.66,64.81,64.91,,3065500.0
2013-06-27,65.45,66.02,65.14,65.45,,4106900.0
2013-06-28,58.58,58.95,56.3,58.71,,28284300.0
2013-07-01,58.86,59.98,58.74,58.83,,6396100.0
2013-07-02,58.52,59.11,58.25,58.84,,4684700.0
2013-07-03,58.65,59.56,58.65,59.3,,2903300.0
2013-07-05,59.76,60.45,59.56,60.08,,3125500.0
2013-07-08,60.38,61.08,60.18,60.76,,4583900.0
2013-07-09,61.08,61.18,60.24,60.46,,4338500.0
2013-07-10,60.55,60.78,60.16,60.66,,3546500.0
2013-07-11,61.19,61.66,61.1,61.35,,4098000.0
2013-07-12,61.6,61.8,61.16,61.62,,3508400.0
2013-07-15,61.85,62.24,61.48,62.21,,2247400.0
2013-07-16,61.99,62.51,60.93,61.43,,3676300.0
2013-07-17,61.81,61.82,61.17,61.32,,3335500.0
2013-07-18,61.23,61.99,61.2,61.55,,2646900.0
2013-07-19,61.65,61.65,60.82,61.37,,4100500.0
2013-07-22,61.87,61.92,61.09,61.19,,2697300.0
2013-07-23,61.31,61.35,60.56,60.58,,2495000.0
2013-07-24,60.86,61.15,59.98,60.15,,2318300.0
2013-07-25,59.97,60.36,59.58,59.67,,3265100.0
2013-07-26,59.67,59.68,58.87,59.66,,3391100.0
2013-07-29,59.43,59.43,58.87,59.05,,3101600.0
2013-07-30,59.85,60.31,59.19,60.16,,3977100.0
2013-07-31,60.12,61.05,59.94,60.22,,3839600.0
2013-08-01,60.55,61.17,60.17,61.07,,2972200.0
2013-08-02,60.65,60.9,60.38,60.86,,4042600.0
2013-08-05,60.69,61.01,60.46,60.56,,2556000.0
2013-08-06,60.38,60.78,59.71,59.76,,3261600.0
2013-08-07,59.62,59.89,59.21,59.56,,2584200.0
2013-08-08,59.4,60.05,59.25,59.54,,3151600.0
2013-08-09,59.58,60.3,59.58,59.99,,3196300.0
2013-08-12,59.55,60.13,59.22,59.39,,2944300.0
2013-08-13,59.56,59.71,59.24,59.46,,2769500.0
2013-08-14,59.32,59.45,58.25,58.34,,4341200.0
2013-08-15,57.66,58.71,57.52,58.36,,3651300.0
2013-08-16,58.23,58.64,58.07,58.46,,3396300.0
2013-08-19,58.44,59.05,58.25,58.47,,3138400.0
2013-08-20,58.48,59.27,58.25,58.87,,3078500.0
2013-08-21,58.84,59.78,58.73,59.4,,3539800.0
2013-08-22,59.43,60.78,59.39,60.46,,3467200.0
2013-08-23,60.82,60.91,60.1,60.38,,2836500.0
2013-08-26,60.28,60.83,60.14,60.16,,2009700.0
2013-08-27,59.49,59.75,58.83,58.94,,2836900.0
2013-08-28,59.03,59.37,58.74,59.11,,2002800.0
2013-08-29,59.0,59.74,58.86,59.33,,1828100.0
2013-08-30,59.37,59.45,58.56,58.95,,2709900.0
2013-09-03,59.33,60.0,59.29,59.62,,3186000.0
2013-09-04,59.62,59.83,59.18,59.6,,2079400.0
2013-09-05,59.56,60.59,59.56,60.38,,2390800.0
2013-09-06,60.47,60.87,59.68,59.73,,2984700.0
2013-09-09,59.97,60.17,59.77,60.03,,2827700.0
2013-09-10,60.38,61.14,60.33,60.98,,2017500.0
2013-09-11,61.0,61.73,60.95,61.19,,3266100.0
2013-09-12,61.18,61.38,60.44,60.51,,3104500.0
2013-09-13,60.78,60.97,60.39,60.78,,2328700.0
2013-09-16,61.47,62.42,61.47,62.28,,3258500.0
2013-09-17,62.23,62.72,61.99,62.5,,2549100.0
2013-09-18,62.61,63.69,62.29,63.47,,2761200.0
2013-09-19,63.68,63.91,63.2,63.27,,2830300.0
2013-09-20,63.31,63.92,63.01,63.08,,4290400.0
2013-09-23,62.9,63.23,62.24,62.3,,2870600.0
2013-09-24,62.24,62.54,60.99,61.31,,5160600.0
2013-09-25,61.55,62.27,61.19,62.11,,3259800.0
2013-09-26,62.42,62.6,61.7,61.9,,5003300.0
2013-09-27,60.78,60.91,59.04,60.45,,8859200.0
2013-09-30,60.42,60.53,59.97,60.08,,5534400.0
2013-10-01,60.0,60.8,59.81,60.23,,2529400.0
2013-10-02,59.87,60.13,59.57,59.98,,2512100.0
2013-10-03,59.86,60.05,59.57,59.67,,2760900.0
2013-10-04,59.83,60.22,59.55,59.77,,2241300.0
2013-10-07,59.16,59.94,59.0,59.03,,2966300.0
2013-10-08,59.16,59.49,57.71,58.0,,5089300.0
2013-10-09,58.35,58.49,57.69,58.1,,5006100.0
2013-10-10,58.69,59.05,58.54,58.91,,3247200.0
2013-10-11,59.16,60.14,58.98,60.11,,2747800.0
2013-10-14,59.66,60.21,59.48,60.07,,1734000.0
2013-10-15,59.74,59.95,59.16,59.19,,2267800.0
2013-10-16,59.53,60.07,59.38,59.88,,2441000.0
2013-10-17,59.36,60.27,59.16,60.22,,2998300.0
2013-10-18,60.31,60.44,59.78,60.25,,4100600.0
2013-10-21,60.37,60.84,60.22,60.79,,3067200.0
2013-10-22,60.86,61.31,60.57,61.13,,2990800.0
2013-10-23,60.89,61.1,60.57,60.99,,2711500.0
2013-10-24,60.96,61.15,60.64,60.76,,3761200.0
2013-10-25,60.76,60.98,60.6,60.85,,2564900.0
2013-10-28,60.84,61.54,60.71,61.44,,2893600.0
2013-10-29,61.55,61.96,61.42,61.93,,2780700.0
2013-10-30,61.82,62.22,61.35,61.38,,2835000.0
2013-10-31,61.37,61.48,60.76,60.76,,2773600.0
2013-11-01,61.08,61.31,60.28,60.35,,3300700.0
2013-11-04,60.43,60.54,59.97,60.11,,2942700.0
2013-11-05,60.17,60.97,59.79,60.65,,2834800.0
2013-11-06,60.71,62.19,60.7,62.03,,4268900.0
2013-11-07,61.48,63.06,61.48,62.46,,4435800.0
2013-11-08,62.32,62.82,62.02,62.2,,2909400.0
2013-11-11,62.13,62.59,62.0,62.41,,1778200.0
2013-11-12,62.36,63.32,62.26,63.08,,4196900.0
2013-11-13,63.03,64.13,62.46,63.99,,3826800.0
2013-11-14,63.5,64.13,63.06,63.7,,3943500.0
2013-11-15,64.04,64.9,63.99,64.5,,6371000.0
2013-11-18,64.5,65.68,64.45,64.91,,3836600.0
2013-11-19,65.01,65.51,64.81,64.87,,2720600.0
2013-11-20,64.87,65.56,64.37,64.61,,2447600.0
2013-11-21,64.78,65.08,64.38,64.84,,2201500.0
2013-11-22,64.89,64.92,64.19,64.35,,2175200.0
2013-11-25,64.33,64.45,63.7,63.83,,1863000.0
2013-11-26,63.97,64.45,63.87,63.96,,2002800.0
2013-11-27,63.99,64.49,63.83,64.16,,1755200.0
2013-11-29,64.27,64.69,63.94,64.04,,1560600.0
2013-12-02,64.0,64.19,62.95,63.1,,2489300.0
2013-12-03,63.1,63.85,62.85,63.73,,2138700.0
2013-12-04,62.41,63.12,62.12,62.89,,3550500.0
2013-12-05,62.94,63.07,62.52,62.65,,2197300.0
2013-12-06,62.8,63.01,62.14,62.44,,3259400.0
2013-12-09,62.53,62.81,62.01,62.11,,2434400.0
2013-12-10,62.09,62.57,61.48,62.34,,2350700.0
2013-12-11,62.42,62.83,61.41,61.51,,3000800.0
2013-12-12,61.52,61.89,61.21,61.24,,3266300.0
2013-12-13,61.4,61.69,61.0,61.12,,2841400.0
2013-12-16,61.25,61.89,61.25,61.69,,4172100.0
2013-12-17,61.61,61.83,61.14,61.17,,4082900.0
2013-12-18,61.3,62.66,61.3,62.51,,6325600.0
2013-12-19,64.08,66.09,64.06,65.73,,10933800.0
2013-12-20,65.9,66.94,65.8,66.59,,6782700.0
2013-12-23,66.56,67.54,66.12,67.42,,4405000.0
2013-12-24,66.85,67.28,66.67,67.22,,1564700.0
2013-12-26,67.35,68.23,67.15,67.91,,2399200.0
2013-12-27,68.17,68.99,68.14,68.21,,2466200.0
2013-12-30,67.55,67.95,66.7,67.84,,2551900.0
2013-12-31,67.52,68.17,67.36,67.97,,2113800.0
2014-01-02,67.37,67.72,67.04,67.07,,2405400.0
2014-01-03,67.13,67.64,67.04,67.29,,1812600.0
2014-01-06,67.22,67.37,66.5,66.58,,2312300.0
2014-01-07,66.83,67.74,66.68,67.39,,3368400.0
2014-01-08,67.2,67.95,67.17,67.91,,4217400.0
2014-01-09,67.8,68.66,67.79,68.57,,4054200.0
2014-01-10,68.41,68.8,68.11,68.78,,4369200.0
2014-01-13,68.37,68.4,66.8,67.01,,3941400.0
2014-01-14,66.78,67.99,66.72,67.75,,3288600.0
2014-01-15,67.86,69.7,67.47,69.62,,4284900.0
2014-01-16,69.06,69.66,68.73,69.54,,4183500.0
2014-01-17,69.14,70.19,69.14,69.8,,3762200.0
2014-01-21,69.62,70.3,69.33,70.21,,3031300.0
2014-01-22,69.82,71.0,69.82,70.6,,3564100.0
2014-01-23,70.11,70.33,69.03,69.38,,4147500.0
2014-01-24,68.85,68.86,67.1,67.11,,3370800.0
2014-01-27,67.24,67.71,66.28,67.09,,2640300.0
2014-01-28,67.56,67.71,66.9,67.21,,2995700.0
2014-01-29,67.18,67.6,66.24,66.4,,2703500.0
2014-01-30,67.0,67.24,66.29,66.73,,2244700.0
2014-01-31,66.13,66.45,65.16,66.04,,3696800.0
2014-02-03,66.15,66.7,64.2,64.56,,3745100.0
2014-02-04,64.8,64.9,64.4,64.55,,2608200.0
2014-02-05,64.37,64.92,64.0,64.13,,3163200.0
2014-02-06,64.37,65.09,64.31,64.91,,2224800.0
2014-02-07,65.15,66.74,65.04,66.61,,3437500.0
2014-02-10,66.29,66.61,65.95,66.11,,2399900.0
2014-02-11,66.57,66.87,66.26,66.59,,2159900.0
2014-02-12,66.83,67.66,66.83,67.13,,2489300.0
2014-02-13,66.85,67.77,66.66,67.57,,1895000.0
2014-02-14,67.56,68.14,67.28,67.88,,2024000.0
2014-02-18,67.87,68.41,67.61,68.28,,2013800.0
2014-02-19,68.14,69.23,67.99,68.83,,3801400.0
2014-02-20,68.75,69.1,68.56,68.93,,2465300.0
2014-02-21,69.11,69.6,69.05,69.28,,2366600.0
2014-02-24,69.2,70.06,69.12,69.4,,1843100.0
2014-02-25,69.44,69.44,68.59,68.95,,2189700.0
2014-02-26,69.24,69.28,68.71,68.95,,1987600.0
2014-02-27,68.12,69.18,67.74,68.91,,2108000.0
2014-02-28,68.87,69.28,68.39,68.9,,2420000.0
2014-03-03,68.25,68.4,67.61,68.2,,1970600.0
2014-03-04,68.96,69.96,68.91,69.42,,2217800.0
2014-03-05,69.39,69.61,69.01,69.53,,1793900.0
2014-03-06,69.64,69.74,69.1,69.28,,1976200.0
2014-03-07,69.71,70.01,69.11,69.38,,1951800.0
2014-03-10,69.29,69.67,68.98,69.47,,1520800.0
2014-03-11,69.71,69.93,68.93,69.07,,1687300.0
2014-03-12,68.75,68.87,68.28,68.41,,2643300.0
2014-03-13,68.62,68.63,67.68,67.86,,2702000.0
2014-03-14,67.77,68.18,67.23,67.28,,2048800.0
2014-03-17,67.76,68.97,67.56,68.94,,2286600.0
2014-03-18,69.18,69.54,68.89,69.27,,2181100.0
2014-03-19,69.09,69.29,67.71,68.31,,1984500.0
2014-03-20,68.2,68.7,67.63,68.66,,1657300.0
2014-03-21,68.98,69.18,68.31,68.47,,4799100.0
2014-03-24,68.88,69.29,67.47,67.79,,2998500.0
2014-03-25,68.29,69.23,68.28,69.04,,2875900.0
2014-03-26,69.44,69.54,68.59,68.59,,3972700.0
2014-03-27,66.23,66.37,63.03,65.14,,14814900.0
2014-03-28,65.76,66.1,64.87,65.15,,7108500.0
2014-03-31,65.46,66.02,64.69,65.9,,4318100.0
2014-04-01,65.8,65.86,65.28,65.75,,3877400.0
2014-04-02,65.55,66.26,65.36,66.13,,3091800.0
2014-04-03,65.96,66.13,64.52,65.6,,3588500.0
2014-04-04,65.8,65.88,64.53,64.6,,4121300.0
2014-04-07,64.15,65.3,64.06,65.21,,4568100.0
2014-04-08,64.87,65.35,64.63,64.72,,3772600.0
2014-04-09,64.96,65.71,64.64,65.65,,3470700.0
2014-04-10,65.72,65.86,64.22,64.27,,3518400.0
2014-04-11,63.96,64.94,63.88,64.48,,4761900.0
2014-04-14,64.8,65.78,64.31,65.09,,3672900.0
2014-04-15,65.3,66.04,64.76,66.01,,3333400.0
2014-04-16,66.53,66.91,66.06,66.17,,3771500.0
2014-04-17,65.86,66.5,65.25,66.0,,4428100.0
2014-04-21,65.98,66.68,65.86,66.68,,2423900.0
2014-04-22,66.57,66.92,66.01,66.62,,2187800.0
2014-04-23,66.36,66.69,66.17,66.17,,2014000.0
2014-04-24,66.46,66.47,65.21,65.55,,3378900.0
2014-04-25,66.16,66.27,65.47,65.6,,2666600.0
2014-04-28,65.71,66.36,65.19,66.14,,3553000.0
2014-04-29,66.11,66.73,65.95,66.65,,2315900.0
2014-04-30,64.95,67.24,64.7,67.1,,3446600.0
2014-05-01,67.07,67.5,66.63,66.78,,2387100.0
2014-05-02,66.8,67.09,66.36,66.38,,1797700.0
2014-05-05,65.86,66.23,65.56,66.08,,1913100.0
2014-05-06,66.08,66.08,65.73,65.86,,2188900.0
2014-05-07,65.86,65.97,65.0,65.42,,3421800.0
2014-05-08,65.39,66.12,65.25,65.94,,2607600.0
2014-05-09,65.92,65.94,65.31,65.86,,1801200.0
2014-05-12,65.84,66.5,65.84,66.24,,2835500.0
2014-05-13,66.28,66.9,66.25,66.65,,1380800.0
2014-05-14,66.0,66.59,65.74,65.96,,1705800.0
2014-05-15,65.94,66.83,65.48,65.6,,2790200.0
2014-05-16,65.83,66.71,65.71,66.53,,2575100.0
2014-05-19,66.23,66.57,66.02,66.55,,1727600.0
2014-05-20,66.37,66.55,65.4,65.58,,1797200.0
2014-05-21,65.39,66.48,65.39,66.39,,1578200.0
2014-05-22,66.42,66.53,65.98,66.46,,1309200.0
2014-05-23,66.65,66.88,66.49,66.74,,1199800.0
2014-05-27,66.76,67.1,66.66,67.0,,1830600.0
2014-05-28,66.97,67.04,66.47,66.57,,1943100.0
2014-05-29,66.86,67.3,66.46,67.27,,1320800.0
2014-05-30,67.3,68.16,67.14,68.13,,2477600.0
2014-06-02,67.84,68.37,67.83,67.98,,1578100.0
2014-06-03,67.93,68.59,67.84,68.48,,2280400.0
2014-06-04,68.48,70.04,68.16,69.8,,4563600.0
2014-06-05,69.87,69.97,69.36,69.91,,2313400.0
2014-06-06,69.93,70.16,69.73,69.87,,2429000.0
2014-06-09,69.84,70.73,69.76,70.48,,2093000.0
2014-06-10,70.32,70.67,69.9,69.96,,1889300.0
2014-06-11,69.72,69.95,69.12,69.38,,2402300.0
2014-06-12,69.46,69.53,68.67,68.94,,1928700.0
2014-06-13,69.39,69.76,69.02,69.2,,1625000.0
2014-06-16,68.96,69.47,68.83,69.28,,1807000.0
2014-06-17,69.12,69.42,68.81,69.02,,1735500.0
2014-06-18,69.03,69.25,68.78,69.17,,2702500.0
2014-06-19,69.29,69.74,69.19,69.48,,2352300.0
2014-06-20,69.37,69.75,68.93,69.54,,4154500.0
2014-06-23,69.34,69.41,68.73,69.15,,2964000.0
2014-06-24,69.18,69.41,68.81,68.96,,2795800.0
2014-06-25,68.85,69.87,68.73,69.48,,3735900.0
2014-06-26,69.39,69.55,66.72,68.2,,7405900.0
2014-06-27,67.83,68.42,67.73,68.05,,4008700.0
2014-06-30,67.84,68.26,67.55,67.62,,3472900.0
2014-07-01,67.83,68.27,67.68,67.96,,2141600.0
2014-07-02,67.75,68.16,67.46,67.8,,2400500.0
2014-07-03,67.97,68.33,67.94,68.21,,1042900.0
2014-07-07,67.86,68.02,67.56,67.8,,2083500.0
2014-07-08,67.75,67.97,67.6,67.85,,1815600.0
2014-07-09,67.88,68.16,67.36,67.45,,2884000.0
2014-07-10,66.99,67.27,66.67,66.73,,2965000.0
2014-07-11,66.82,67.01,66.54,66.73,,2586700.0
2014-07-14,67.05,67.19,66.3,66.47,,2595800.0
2014-07-15,66.38,66.8,66.16,66.38,,3195000.0
2014-07-16,66.81,67.01,66.46,66.7,,3423500.0
2014-07-17,66.63,67.0,66.23,66.28,,2107700.0
2014-07-18,66.49,66.74,65.96,66.7,,2818900.0
2014-07-21,66.79,67.09,66.41,66.75,,1985800.0
2014-07-22,66.92,67.48,66.91,67.16,,2105700.0
2014-07-23,67.25,67.57,67.08,67.41,,2483700.0
2014-07-24,67.19,67.67,67.11,67.5,,2065600.0
2014-07-25,67.19,67.61,67.02,67.24,,1487600.0
2014-07-28,67.07,67.69,66.89,67.46,,1799200.0
2014-07-29,67.41,67.72,67.3,67.4,,2416900.0
2014-07-30,67.42,67.65,67.04,67.33,,1722500.0
2014-07-31,66.84,67.47,66.27,66.32,,2745800.0
2014-08-01,65.96,66.46,65.54,65.83,,755305.0
2014-08-04,66.06,66.49,65.68,66.37,,413635.0
2014-08-05,66.05,66.31,65.28,65.62,,2163300.0
2014-08-06,64.63,65.36,64.3,65.11,,3093600.0
2014-08-07,65.5,65.74,64.69,64.83,,2138100.0
2014-08-08,65.01,66.01,64.73,65.97,,2523000.0
2014-08-11,66.05,66.52,65.76,66.05,,2931600.0
2014-08-12,65.99,66.29,65.52,65.72,,2062500.0
2014-08-13,66.07,66.29,65.68,66.07,,2103700.0
2014-08-14,66.24,66.31,65.98,66.31,,1682400.0
2014-08-15,66.48,66.86,65.75,66.09,,2533800.0
2014-08-18,66.42,66.9,66.36,66.76,,1920700.0
2014-08-19,66.87,67.34,66.63,67.19,,1663000.0
2014-08-20,67.19,67.33,66.82,67.25,,1214500.0
2014-08-21,67.47,67.78,67.27,67.6,,1360100.0
2014-08-22,67.42,67.6,67.25,67.34,,1810200.0
2014-08-25,67.79,68.26,67.65,67.74,,1733300.0
2014-08-26,68.01,68.58,67.92,68.27,,2432900.0
2014-08-27,68.14,68.24,67.55,67.74,,1728000.0
2014-08-28,67.41,68.42,67.19,67.77,,1846100.0
2014-08-29,68.02,68.02,67.35,67.8,,1416600.0
2014-09-02,67.71,68.16,67.68,67.86,,1754000.0
2014-09-03,68.21,68.56,68.01,68.47,,2041300.0
2014-09-04,68.71,68.73,68.19,68.39,,2781100.0
2014-09-05,68.34,68.65,68.15,68.45,,2276700.0
2014-09-08,68.38,68.63,68.21,68.37,,1880100.0
2014-09-09,68.34,68.37,67.5,67.71,,2173800.0
2014-09-10,67.71,68.05,67.5,67.93,,1922600.0
2014-09-11,67.8,68.2,67.6,68.18,,1856200.0
2014-09-12,68.01,68.22,67.4,67.73,,2801800.0
2014-09-15,67.75,67.88,67.29,67.42,,1949200.0
2014-09-16,66.78,67.31,66.23,66.99,,4188400.0
2014-09-17,66.98,67.09,66.37,66.65,,3119200.0
2014-09-18,66.99,67.51,66.74,67.3,,3034400.0
2014-09-19,67.45,67.62,66.62,66.86,,4365500.0
2014-09-22,66.85,66.85,66.14,66.27,,3686602.0
2014-09-23,66.27,66.59,66.0,66.58,,4304091.0
2014-09-24,65.2,67.28,64.88,67.09,,6874787.0
2014-09-25,66.89,67.01,65.7,66.07,,5456423.0
2014-09-26,66.27,66.39,65.87,66.32,,2912054.0
2014-09-29,65.46,66.9,65.31,66.85,,2967313.0
2014-09-30,66.75,68.4,65.95,68.02,,5449054.0
2014-10-01,67.91,67.96,66.53,66.68,,3785701.0
2014-10-02,66.49,66.76,65.87,66.44,,3046440.0
2014-10-03,66.92,67.45,66.92,67.19,,2588213.0
2014-10-06,67.25,67.71,67.11,67.53,,2475146.0
2014-10-07,67.34,67.39,65.91,65.92,,2991445.0
2014-10-08,65.59,66.99,65.57,66.78,,4899635.0
2014-10-09,66.87,66.93,65.35,65.4,,3949057.0
2014-10-10,65.59,65.93,64.24,64.27,,3389425.0
2014-10-13,64.27,64.68,63.78,63.81,,3333687.0
2014-10-14,64.11,64.53,63.56,63.71,,6816814.0
2014-10-15,62.9,64.59,62.71,64.3,,4811119.0
2014-10-16,63.52,64.94,63.24,64.55,,4648219.0
2014-10-17,65.13,65.26,64.7,64.95,,2737969.0
2014-10-20,64.16,65.05,63.86,64.8,,2457660.0
2014-10-21,65.13,66.31,64.92,66.06,,2382782.0
2014-10-22,66.21,66.88,65.63,65.66,,2421616.0
2014-10-23,66.31,66.53,65.86,66.19,,1976710.0
2014-10-24,66.21,67.03,66.18,66.42,,2313967.0
2014-10-27,66.15,67.33,66.07,66.99,,3383317.0
2014-10-28,67.21,67.38,66.97,67.37,,2465438.0
2014-10-29,67.37,67.78,66.97,67.44,,2432818.0
2014-10-30,67.27,68.37,67.27,68.34,,2775442.0
2014-10-31,68.73,69.02,68.61,68.77,,3089706.0
2014-11-03,68.69,68.98,68.39,68.64,,2306760.0
2014-11-04,68.57,68.91,68.48,68.79,,2371329.0
2014-11-05,69.09,69.94,68.96,69.92,,3201712.0
2014-11-06,69.67,70.62,69.61,70.56,,2606915.0
2014-11-07,70.56,71.0,70.12,70.77,,2504938.0
2014-11-10,70.5,71.51,70.5,71.34,,2444461.0
2014-11-11,71.32,71.63,71.02,71.16,,1650316.0
2014-11-12,71.06,71.4,70.84,71.31,,1929625.0
2014-11-13,71.23,71.87,71.04,71.58,,2337166.0
2014-11-14,71.44,71.84,71.25,71.75,,2777205.0
2014-11-17,71.57,71.88,71.32,71.76,,1890166.0
2014-11-18,71.76,71.86,71.28,71.46,,2715543.0
2014-11-19,71.26,71.38,70.75,70.9,,2117367.0
2014-11-20,70.77,71.13,70.5,70.73,,1573443.0
2014-11-21,71.48,71.52,70.96,71.28,,2204344.0
2014-11-24,71.2,72.06,71.2,72.0,,2003186.0
2014-11-25,71.89,72.38,71.87,72.33,,3475163.0
2014-11-26,72.29,72.3,71.9,72.18,,1930137.0
2014-11-28,72.3,73.32,72.22,73.18,,1725067.0
2014-12-01,72.8,73.82,72.57,72.9,,2743585.0
2014-12-02,72.78,73.09,72.27,72.89,,2504291.0
2014-12-03,73.24,73.41,72.72,73.35,,1728442.0
2014-12-04,73.25,73.38,72.85,73.19,,1724428.0
2014-12-05,73.17,73.32,72.97,73.07,,2229918.0
2014-12-08,73.04,73.04,71.86,72.03,,2179084.0
2014-12-09,71.35,72.24,71.2,72.21,,1653414.0
2014-12-10,72.23,72.32,70.89,70.98,,1973190.0
2014-12-11,71.53,72.42,70.94,71.11,,2369316.0
2014-12-12,70.71,70.76,69.39,69.43,,2784774.0
2014-12-15,69.62,70.23,69.25,69.41,,3161612.0
2014-12-16,69.51,71.39,69.23,70.25,,4386544.0
2014-12-17,70.36,72.32,70.23,72.31,,5080980.0
2014-12-18,74.7,77.13,74.42,76.07,,8918390.0
2014-12-19,76.42,77.45,75.99,76.73,,6480572.0
2014-12-22,76.36,77.36,76.1,77.3,,2993636.0
2014-12-23,77.44,77.78,76.89,77.5,,2148450.0
2014-12-24,77.55,77.94,77.41,77.41,,914865.0
2014-12-26,77.48,77.75,77.3,77.36,,1193957.0
2014-12-29,77.06,77.19,76.5,76.74,,1994819.0
2014-12-30,76.72,77.01,76.29,76.46,,1721895.0
2014-12-31,76.45,76.7,75.69,75.71,,1761251.0
2015-01-02,76.02,76.37,74.96,75.31,,2021565.0
2015-01-05,74.63,74.87,73.9,74.04,,2998923.0
2015-01-06,74.18,74.4,72.91,73.51,,2867550.0
2015-01-07,73.89,75.24,73.89,75.05,,2865541.0
2015-01-08,75.45,76.42,75.31,76.19,,2807888.0
2015-01-09,76.25,76.42,75.77,76.11,,2392955.0
2015-01-12,75.54,76.31,75.37,75.88,,2418523.0
2015-01-13,76.1,77.43,75.57,76.15,,4009506.0
2015-01-14,75.91,75.91,74.6,75.26,,2377914.0
2015-01-15,75.46,75.53,74.32,74.74,,1824431.0
2015-01-16,74.39,75.46,74.22,75.35,,2657392.0
2015-01-20,75.35,75.8,74.53,75.13,,2335235.0
2015-01-21,74.9,75.13,74.37,74.89,,2040751.0
2015-01-22,75.21,75.92,74.56,75.87,,2656855.0
2015-01-23,75.88,76.23,75.57,75.63,,1940730.0
2015-01-26,75.48,75.62,74.8,75.52,,1997695.0
2015-01-27,74.56,74.87,72.9,73.04,,3689037.0
2015-01-28,73.69,73.85,71.49,71.51,,3469070.0
2015-01-29,72.01,72.65,71.16,72.6,,3590586.0
2015-01-30,72.16,72.43,71.09,71.23,,3837548.0
2015-02-02,71.57,72.78,70.76,72.76,,3088515.0
2015-02-03,73.12,74.57,72.88,74.53,,3501305.0
2015-02-04,75.6,75.6,73.89,74.04,,2764092.0
2015-02-05,74.69,75.06,74.04,75.0,,2102529.0
2015-02-06,75.11,75.53,74.46,74.73,,2386506.0
2015-02-09,74.18,74.79,73.84,74.06,,2670455.0
2015-02-10,74.38,74.52,73.48,74.19,,2573782.0
2015-02-11,74.19,74.74,73.96,74.57,,1829790.0
2015-02-12,74.65,75.63,74.58,75.52,,1931324.0
2015-02-13,75.52,76.13,75.52,76.12,,1774397.0
2015-02-17,75.98,76.12,75.3,75.7,,1915989.0
2015-02-18,75.45,75.88,75.33,75.81,,1509467.0
2015-02-19,75.9,76.62,75.76,76.52,,1751661.0
2015-02-20,76.31,77.13,75.71,76.71,,2950629.0
2015-02-23,76.8,76.97,76.41,76.78,,1579045.0
2015-02-24,76.44,77.14,76.2,77.02,,1592032.0
2015-02-25,76.84,77.52,76.58,76.8,,1732915.0
2015-02-26,76.99,77.34,76.3,76.55,,2156791.0
2015-02-27,76.34,76.94,76.18,76.32,,1686052.0
2015-03-02,76.09,77.35,76.07,77.3,,1974960.0
2015-03-03,77.3,77.37,76.76,77.01,,2888328.0
2015-03-04,77.0,77.31,76.35,77.07,,2728849.0
2015-03-05,77.41,78.14,77.3,78.03,,3019572.0
2015-03-06,77.67,77.95,76.71,76.86,,3735001.0
2015-03-09,76.91,77.11,76.41,76.97,,1464248.0
2015-03-10,76.26,76.47,74.64,74.65,,3230953.0
2015-03-11,74.85,75.36,73.55,73.63,,4320442.0
2015-03-12,73.78,74.85,73.63,74.77,,2165238.0
2015-03-13,74.75,74.78,73.24,74.49,,3617194.0
2015-03-16,74.87,75.53,74.72,75.37,,2245954.0
2015-03-17,74.9,75.35,74.78,75.31,,2210911.0
2015-03-18,75.28,77.44,74.91,77.08,,2664857.0
2015-03-19,77.05,77.43,76.29,76.46,,2658467.0
2015-03-20,77.05,77.69,76.73,77.55,,3558190.0
2015-03-23,77.47,77.8,77.32,77.6,,1916215.0
2015-03-24,77.56,77.56,75.69,75.8,,2948550.0
2015-03-25,75.8,76.25,74.75,74.78,,3606465.0
2015-03-26,77.58,80.52,77.09,79.83,,7156948.0
2015-03-27,79.62,79.8,78.54,79.64,,4352015.0
2015-03-30,79.81,80.4,79.64,80.04,,3333089.0
2015-03-31,79.69,80.1,79.3,79.42,,2708039.0
2015-04-01,79.31,79.63,78.57,79.31,,2737163.0
2015-04-02,79.43,80.04,78.92,79.84,,2145674.0
2015-04-06,79.23,81.38,78.95,81.12,,2563700.0
2015-04-07,81.08,82.04,80.65,81.71,,4233017.0
2015-04-08,81.79,82.39,81.11,81.5,,2652113.0
2015-04-09,81.74,81.96,81.12,81.8,,1952209.0
2015-04-10,81.78,81.8,80.99,81.13,,2158015.0
2015-04-13,80.83,81.29,80.06,80.1,,2443882.0
2015-04-14,80.17,80.73,79.87,80.38,,2087008.0
2015-04-15,80.77,80.97,80.55,80.68,,2094737.0
2015-04-16,80.46,80.73,80.26,80.59,,1934824.0
2015-04-17,79.93,80.04,78.96,79.16,,2647838.0
2015-04-20,79.68,80.16,79.36,79.92,,3294388.0
2015-04-21,80.46,80.54,79.57,79.68,,1949793.0
2015-04-22,79.98,80.22,79.47,80.01,,1896224.0
2015-04-23,80.01,80.77,79.56,80.4,,2165463.0
2015-04-24,79.93,80.39,79.38,80.03,,2250827.0
2015-04-27,80.57,80.88,80.14,80.34,,2156362.0
2015-04-28,80.2,80.96,79.46,80.9,,1976294.0
2015-04-29,80.75,80.89,79.61,80.24,,1701872.0
2015-04-30,79.88,80.42,78.94,79.38,,1804775.0
2015-05-01,79.96,80.26,79.43,79.99,,1852249.0
2015-05-04,80.4,81.36,80.34,80.92,,1991255.0
2015-05-05,80.92,81.17,80.06,80.24,,1769045.0
2015-05-06,80.25,80.52,79.33,79.68,,2386607.0
2015-05-07,79.62,81.25,79.46,80.96,,2466589.0
2015-05-08,81.89,82.5,81.39,82.16,,2411688.0
2015-05-11,81.83,82.63,81.75,82.26,,2838455.0
2015-05-12,81.66,81.93,80.93,81.76,,2065084.0
2015-05-13,81.91,82.34,81.47,81.98,,1785111.0
2015-05-14,82.37,83.11,82.31,83.09,,1504599.0
2015-05-15,82.97,83.32,82.65,83.13,,2578608.0
2015-05-18,82.78,83.75,82.78,83.51,,2110862.0
2015-05-19,83.72,83.93,83.04,83.27,,1672837.0
2015-05-20,83.39,83.78,82.84,83.15,,1441762.0
2015-05-21,82.92,83.15,82.5,82.97,,1677792.0
2015-05-22,82.68,82.85,82.18,82.59,,2083030.0
2015-05-26,83.0,83.26,82.03,82.33,,2397376.0
2015-05-27,82.52,83.07,82.2,82.91,,1513593.0
2015-05-28,82.85,83.13,82.32,83.03,,1202657.0
2015-05-29,82.92,83.09,82.08,82.29,,1713707.0
2015-06-01,82.41,82.77,81.92,82.42,,1422131.0
2015-06-02,82.22,82.98,81.93,82.54,,1152326.0
2015-06-03,82.91,83.34,82.55,83.09,,1322934.0
2015-06-04,82.32,82.93,81.99,82.19,,1535068.0
2015-06-05,82.18,82.31,81.26,81.74,,1753878.0
2015-06-08,81.53,81.74,81.11,81.2,,1450598.0
2015-06-09,81.62,81.74,80.75,81.35,,1284827.0
2015-06-10,81.65,83.04,81.56,82.7,,2131096.0
2015-06-11,82.82,83.27,82.73,83.04,,1857597.0
2015-06-12,82.52,82.85,82.19,82.34,,2034662.0
2015-06-15,81.47,82.21,81.13,82.07,,1961533.0
2015-06-16,82.15,83.05,81.92,82.85,,1675336.0
2015-06-17,83.1,83.38,82.28,83.05,,1839895.0
2015-06-18,83.16,83.71,82.93,83.38,,2004051.0
2015-06-19,83.09,83.68,82.93,83.13,,2353884.0
2015-06-22,83.65,84.88,83.57,84.47,,3082833.0
2015-06-23,84.86,85.2,83.74,84.18,,2513631.0
2015-06-24,83.98,84.31,82.93,83.77,,2532361.0
2015-06-25,85.86,86.08,84.96,85.24,,5103246.0
2015-06-26,85.66,85.98,84.41,84.82,,4990415.0
2015-06-29,84.09,84.88,82.72,82.84,,3024807.0
2015-06-30,83.7,83.7,82.74,82.92,,2572557.0
2015-07-01,83.75,84.64,83.38,84.02,,2259473.0
2015-07-02,84.22,84.58,82.69,83.39,,2456720.0
2015-07-06,82.63,83.61,82.52,83.4,,1817912.0
2015-07-07,83.8,84.91,82.81,84.55,,3090056.0
2015-07-08,85.21,85.21,83.07,83.64,,2623315.0
2015-07-09,84.65,84.9,83.67,83.75,,2734880.0
2015-07-10,84.59,85.06,83.99,84.64,,2536158.0
2015-07-13,85.12,86.34,84.9,86.15,,3488890.0
2015-07-14,85.69,86.43,85.45,86.32,,2394930.0
2015-07-15,86.16,86.29,85.38,85.64,,1858586.0
2015-07-16,86.15,87.07,86.15,86.92,,1859196.0
2015-07-17,87.02,87.02,85.83,86.09,,1544773.0
2015-07-20,86.28,86.7,85.96,86.3,,1579315.0
2015-07-21,86.0,86.73,85.85,86.02,,1534386.0
2015-07-22,85.95,87.82,85.9,87.68,,2775882.0
2015-07-23,87.82,88.52,87.54,87.76,,2308125.0
2015-07-24,87.54,88.08,86.44,86.68,,2114999.0
2015-07-27,86.25,86.55,85.72,86.02,,1871573.0
2015-07-28,86.46,87.19,86.07,87.13,,1708434.0
2015-07-29,87.13,88.0,86.98,87.78,,2071718.0
2015-07-30,87.45,88.24,87.06,87.96,,1448084.0
2015-07-31,88.25,89.1,88.19,88.35,,2402146.0
2015-08-03,88.4,88.92,87.73,88.43,,2178411.0
2015-08-04,88.43,89.62,88.35,88.61,,2141286.0
2015-08-05,89.97,90.25,89.22,89.54,,2564959.0
2015-08-06,89.37,89.84,88.25,88.34,,1644171.0
2015-08-07,88.28,88.96,87.94,88.89,,1761581.0
2015-08-10,89.37,90.28,89.23,90.14,,1763819.0
2015-08-11,89.79,89.92,88.6,88.75,,1940018.0
2015-08-12,88.06,88.98,87.69,88.91,,2386127.0
2015-08-13,89.14,89.19,87.97,88.59,,2358240.0
2015-08-14,88.25,88.71,87.76,88.64,,2055570.0
2015-08-17,88.53,88.71,87.76,88.66,,1875456.0
2015-08-18,88.8,89.18,88.34,88.99,,1952980.0
2015-08-19,89.13,89.25,87.84,88.14,,2082112.0
2015-08-20,87.55,88.82,85.57,85.66,,3459881.0
2015-08-21,85.14,85.48,83.19,83.22,,3360583.0
2015-08-24,78.26,82.17,75.77,79.4,,5216120.0
2015-08-25,81.76,82.05,78.87,78.95,,4313246.0
2015-08-26,80.82,81.63,79.17,81.43,,3998876.0
2015-08-27,82.43,82.68,80.51,82.02,,3993105.0
2015-08-28,81.65,82.37,81.33,82.13,,3222820.0
2015-08-31,81.58,81.96,80.7,80.77,,2725377.0
2015-09-01,78.89,80.11,78.55,79.08,,3869409.0
2015-09-02,80.19,80.93,79.1,80.91,,2539296.0
2015-09-03,81.41,82.2,81.11,81.92,,2816148.0
2015-09-04,80.81,81.5,80.27,80.93,,3421382.0
2015-09-08,82.49,83.4,82.26,83.21,,2508154.0
2015-09-09,83.47,83.84,81.68,81.84,,2099722.0
2015-09-10,81.73,83.42,81.71,82.95,,3342070.0
2015-09-11,82.76,83.5,82.25,83.41,,1983394.0
2015-09-14,83.46,83.54,82.6,82.69,,2002466.0
2015-09-15,83.11,84.5,82.37,84.17,,2090803.0
2015-09-16,84.16,85.12,84.02,84.79,,1742087.0
2015-09-17,84.79,85.63,84.27,84.42,,2397524.0
2015-09-18,81.22,84.41,81.22,83.57,,3629550.0
2015-09-21,84.01,84.94,83.68,84.34,,2346721.0
2015-09-22,83.22,83.82,82.38,83.69,,2920518.0
2015-09-23,83.81,84.28,83.39,83.85,,2816461.0
2015-09-24,82.06,83.97,81.97,83.77,,4054561.0
2015-09-25,84.28,84.32,82.57,83.06,,3413410.0
2015-09-28,82.71,83.39,82.08,82.21,,3017447.0
2015-09-29,82.33,82.92,81.85,82.77,,3371595.0
2015-09-30,83.66,84.29,83.41,84.19,,3637884.0
2015-10-01,84.37,84.82,83.15,84.35,,3222708.0
2015-10-02,83.18,85.18,82.52,85.16,,2610200.0
2015-10-05,85.66,87.23,85.63,87.07,,2228226.0
2015-10-06,86.97,87.35,86.44,86.97,,2460834.0
2015-10-07,87.4,87.94,86.78,87.93,,1955802.0
2015-10-08,87.83,90.2,87.56,89.97,,3450828.0
2015-10-09,90.06,91.23,89.68,89.78,,3835738.0
2015-10-12,89.7,90.15,89.63,90.01,,2356728.0
2015-10-13,88.25,89.64,88.02,88.66,,2585608.0
2015-10-14,88.52,89.16,87.64,88.71,,2421141.0
2015-10-15,89.24,89.24,88.46,88.59,,2738312.0
2015-10-16,89.2,89.21,88.49,89.21,,2190492.0
2015-10-19,89.01,89.48,88.84,89.29,,2022762.0
2015-10-20,89.49,89.75,89.06,89.61,,2817870.0
2015-10-21,90.04,90.43,88.68,88.78,,1964609.0
2015-10-22,89.11,92.33,89.11,92.2,,2483489.0
2015-10-23,92.92,93.73,92.03,93.52,,2972631.0
2015-10-26,93.42,93.91,93.01,93.5,,1480012.0
2015-10-27,93.14,93.71,92.92,93.42,,1792656.0
2015-10-28,93.43,95.14,93.01,95.03,,2910737.0
2015-10-29,94.46,94.73,93.08,93.49,,2484340.0
2015-10-30,93.57,93.87,92.84,92.84,,2529199.0
2015-11-02,92.73,93.47,92.73,93.18,,2484602.0
2015-11-03,92.69,93.26,92.56,92.93,,2443270.0
2015-11-04,92.95,92.95,92.2,92.25,,2625804.0
2015-11-05,92.25,92.63,91.72,91.88,,1842233.0
2015-11-06,91.21,92.01,91.01,91.8,,2205745.0
2015-11-09,91.13,91.56,90.54,90.83,,2174141.0
2015-11-10,90.57,91.11,90.5,90.99,,1580864.0
2015-11-11,91.19,91.46,90.97,91.02,,1810224.0
2015-11-12,90.78,91.13,90.2,90.34,,1830696.0
2015-11-13,90.07,90.5,89.22,89.33,,2039342.0
2015-11-16,89.8,92.16,89.68,92.08,,4147913.0
2015-11-17,92.14,92.62,91.26,92.05,,2898809.0
2015-11-18,92.59,93.53,92.05,93.43,,2438944.0
2015-11-19,93.43,93.9,92.7,92.91,,2527800.0
2015-11-20,93.17,93.8,93.17,93.5,,3405358.0
2015-11-23,93.5,93.89,93.14,93.39,,2238838.0
2015-11-24,93.0,93.3,92.41,92.97,,2547662.0
2015-11-25,93.26,93.3,92.68,92.75,,1789282.0
2015-11-27,92.72,93.32,92.6,93.06,,995734.0
2015-11-30,93.17,93.35,92.75,92.85,,2866775.0
2015-12-01,92.92,93.75,92.85,93.64,,2433923.0
2015-12-02,93.45,94.09,93.11,93.17,,1780279.0
2015-12-03,93.13,93.68,91.25,91.74,,2588317.0
2015-12-04,92.05,94.62,92.01,94.48,,1970356.0
2015-12-07,94.51,94.96,93.74,94.34,,1618739.0
2015-12-08,93.07,94.6,93.0,94.32,,2293488.0
2015-12-09,94.01,94.94,92.44,92.92,,1995155.0
2015-12-10,92.92,93.96,92.53,93.18,,2313170.0
2015-12-11,92.2,92.42,90.95,91.19,,3066827.0
2015-12-14,91.53,92.76,91.25,92.11,,3071572.0
2015-12-15,92.91,93.52,92.2,92.42,,2859518.0
2015-12-16,92.94,94.59,92.53,94.47,,3145065.0
2015-12-17,92.66,92.79,89.41,89.43,,7181260.0
2015-12-18,89.31,89.31,88.26,88.27,,5442112.0
2015-12-21,89.13,89.49,88.5,89.19,,2176160.0
2015-12-22,89.45,90.01,88.97,89.86,,1815074.0
2015-12-23,90.12,90.63,89.85,90.43,,1491784.0
2015-12-24,90.26,90.75,90.23,90.27,,686248.0
2015-12-28,89.75,90.24,89.56,90.14,,1400889.0
2015-12-29,90.5,91.45,90.5,91.21,,1563016.0
2015-12-30,91.19,92.13,90.85,91.68,,2047439.0
2015-12-31,91.28,91.74,90.39,90.5,,1987700.0
2016-01-04,88.87,88.9,87.44,88.19,,2817024.0
2016-01-05,88.31,89.09,87.87,88.65,,2408961.0
2016-01-06,87.3,89.25,87.07,88.47,,3134204.0
2016-01-07,86.39,87.33,85.6,85.87,,3194718.0
2016-01-08,86.15,86.44,84.87,85.04,,2330210.0
2016-01-11,85.29,86.36,84.93,85.93,,2734441.0
2016-01-12,86.57,87.72,86.11,87.48,,2811046.0
2016-01-13,87.81,88.12,85.51,85.96,,3160151.0
2016-01-14,85.84,88.74,85.66,88.23,,4285458.0
2016-01-15,85.51,87.48,85.26,85.97,,5184309.0
2016-01-19,86.74,88.29,86.41,87.8,,3478187.0
2016-01-20,85.94,86.77,84.13,85.79,,5245019.0
2016-01-21,85.77,86.52,84.87,85.12,,4499267.0
2016-01-22,86.42,88.65,86.22,88.54,,3609669.0
2016-01-25,88.52,89.33,87.68,88.12,,2962051.0
2016-01-26,88.15,89.31,87.86,88.79,,2925601.0
2016-01-27,88.91,89.72,87.75,88.3,,3044295.0
2016-01-28,89.06,89.71,87.98,89.27,,3378841.0
2016-01-29,89.52,91.49,89.41,91.4,,4878504.0
2016-02-01,90.72,92.49,90.7,92.04,,3693811.0
2016-02-02,91.17,91.47,89.59,89.91,,2992925.0
2016-02-03,90.46,90.65,87.14,88.42,,4535928.0
2016-02-04,88.52,89.22,87.8,88.97,,3875394.0
2016-02-05,88.7,88.84,85.37,85.71,,3894459.0
2016-02-08,83.7,83.7,80.84,82.33,,6681731.0
2016-02-09,81.41,82.34,79.15,80.82,,6679491.0
2016-02-10,81.78,82.91,81.52,81.59,,4649117.0
2016-02-11,80.14,81.34,79.89,80.91,,4202794.0
2016-02-12,81.78,82.27,81.4,82.01,,3122497.0
2016-02-16,83.35,84.08,82.69,83.93,,3808270.0
2016-02-17,84.64,86.52,84.64,85.74,,3741673.0
2016-02-18,86.27,87.57,85.14,85.32,,2740777.0
2016-02-19,85.14,85.75,84.81,85.69,,3229426.0
2016-02-22,86.74,87.11,86.24,86.9,,2126278.0
2016-02-23,86.9,87.19,86.21,86.3,,2359061.0
2016-02-24,85.43,86.27,84.8,86.21,,2567838.0
2016-02-25,86.57,87.41,85.87,87.39,,2794525.0
2016-02-26,87.88,88.42,87.42,87.57,,2108002.0
2016-02-29,87.19,88.1,86.72,86.83,,2389291.0
2016-03-01,87.8,89.59,87.47,89.59,,2125536.0
2016-03-02,89.62,89.62,88.32,88.91,,2436007.0
2016-03-03,88.72,89.07,87.62,89.03,,2036237.0
2016-03-04,89.28,89.68,88.83,89.36,,1581873.0
2016-03-07,88.71,88.82,87.9,88.68,,1835624.0
2016-03-08,88.12,89.15,87.78,88.87,,2319070.0
2016-03-09,89.14,89.56,88.87,89.55,,2296742.0
2016-03-10,89.75,90.41,88.42,89.7,,2406897.0
2016-03-11,90.49,91.62,90.2,91.52,,2952712.0
2016-03-14,91.02,92.4,90.91,92.08,,2757854.0
2016-03-15,91.85,92.92,91.28,92.72,,2390970.0
2016-03-16,92.87,93.46,92.02,93.17,,2332823.0
2016-03-17,93.17,94.11,92.83,94.01,,2876720.0
2016-03-18,94.16,94.16,92.83,93.33,,8616844.0
2016-03-21,92.95,94.27,92.79,93.67,,3472200.0
2016-03-22,93.29,93.9,92.92,93.38,,2136170.0
2016-03-23,92.99,93.84,92.85,93.24,,3193264.0
2016-03-24,94.21,99.1,94.12,98.99,,6472639.0
2016-03-28,99.1,99.99,98.45,98.87,,4214744.0
2016-03-29,98.29,100.0,98.25,99.82,,4033829.0
2016-03-30,99.94,100.9,99.62,99.91,,3182300.0
2016-03-31,99.68,100.46,99.59,99.94,,2740603.0
2016-04-01,99.38,100.91,99.33,100.76,,2019197.0
2016-04-04,100.53,100.63,99.52,100.03,,2231897.0
2016-04-05,99.15,99.72,98.64,98.84,,2069676.0
2016-04-06,98.72,99.55,98.5,99.31,,2918856.0
2016-04-07,98.49,98.74,96.81,97.08,,3075910.0
2016-04-08,97.79,98.06,96.86,97.71,,1627345.0
2016-04-11,97.81,98.73,97.69,97.95,,2465290.0
2016-04-12,98.15,99.16,97.79,99.06,,2715537.0
2016-04-13,99.56,100.56,99.21,100.51,,4390457.0
2016-04-14,100.55,100.78,99.79,100.33,,2062235.0
2016-04-15,100.34,100.82,99.97,100.39,,2299687.0
2016-04-18,99.91,101.14,99.63,101.06,,2237540.0
2016-04-19,101.08,101.27,100.0,100.63,,1822998.0
2016-04-20,100.98,101.57,100.62,101.02,,2220911.0
2016-04-21,100.83,101.56,100.06,100.09,,2327284.0
2016-04-22,99.67,100.51,99.36,99.63,,2634569.0
2016-04-25,99.55,99.89,99.01,99.76,,1805864.0
2016-04-26,100.03,100.6,99.53,100.2,,2177513.0
2016-04-27,99.79,101.13,99.79,100.96,,1990767.0
2016-04-28,100.54,101.45,99.65,99.96,,2028155.0
2016-04-29,99.84,99.84,98.18,98.73,,2451507.0
2016-05-02,98.71,100.28,98.19,100.02,,2293850.0
2016-05-03,99.22,99.57,98.14,99.06,,2031649.0
2016-05-04,98.15,99.59,98.15,99.28,,1822137.0
2016-05-05,99.36,100.05,99.21,99.74,,1704623.0
2016-05-06,99.51,101.13,99.1,101.03,,1917602.0
2016-05-09,100.79,101.62,100.55,100.96,,1452862.0
2016-05-10,101.06,102.25,100.96,102.24,,1622165.0
2016-05-11,102.28,102.28,101.3,101.4,,1582914.0
2016-05-12,101.79,101.97,100.96,101.73,,2114291.0
2016-05-13,101.61,101.97,100.67,100.93,,1803364.0
2016-05-16,101.09,102.81,100.55,102.42,,2609829.0
2016-05-17,102.56,102.73,101.31,101.61,,2136428.0
2016-05-18,101.47,102.6,100.95,101.87,,1367315.0
2016-05-19,101.66,101.66,100.19,101.45,,1752528.0
2016-05-20,101.51,102.21,101.51,101.83,,1538235.0
2016-05-23,102.02,102.02,101.28,101.58,,1256186.0
2016-05-24,101.93,104.23,101.93,104.15,,2066413.0
2016-05-25,104.24,104.67,103.58,103.65,,2123611.0
2016-05-26,103.68,104.22,103.21,103.53,,1435852.0
2016-05-27,103.9,103.99,102.97,103.99,,1317398.0
2016-05-31,103.95,104.17,103.25,104.02,,1955714.0
2016-06-01,103.35,104.15,103.26,104.05,,1202931.0
2016-06-02,103.78,104.28,103.17,104.25,,1605730.0
2016-06-03,103.94,104.04,103.09,103.95,,1196682.0
2016-06-06,104.04,104.71,103.62,104.57,,1202927.0
2016-06-07,104.86,105.05,104.25,104.61,,1317339.0
2016-06-08,104.56,104.87,103.64,104.32,,2072203.0
2016-06-09,103.47,104.51,102.99,104.43,,1197211.0
2016-06-10,103.61,103.95,103.12,103.4,,1452092.0
2016-06-13,103.05,103.99,102.32,102.36,,1992268.0
2016-06-14,102.36,103.45,102.08,103.25,,1425344.0
2016-06-15,103.43,103.51,102.58,102.69,,1453226.0
2016-06-16,102.14,103.62,101.97,103.43,,1569607.0
2016-06-17,103.25,103.26,102.11,102.79,,2216526.0
2016-06-20,104.13,105.21,103.95,104.09,,2092724.0
2016-06-21,104.58,104.78,104.22,104.42,,2040194.0
2016-06-22,104.86,105.6,103.97,104.07,,3274740.0
2016-06-23,103.64,103.96,101.86,103.96,,2858758.0
2016-06-24,98.6,100.46,96.99,97.44,,6814235.0
2016-06-27,96.47,96.83,95.0,95.55,,3648356.0
2016-06-28,96.7,97.05,95.81,96.66,,2873002.0
2016-06-29,97.63,97.94,96.96,97.71,,3603021.0
2016-06-30,98.2,99.07,98.02,99.05,,3682559.0
2016-07-01,99.37,99.87,99.05,99.25,,2195489.0
2016-07-05,99.24,99.29,98.47,98.88,,2041071.0
2016-07-06,98.47,99.25,97.89,99.25,,2667246.0
2016-07-07,99.24,99.58,98.37,98.53,,2050523.0
2016-07-08,99.43,100.75,98.95,100.64,,1962819.0
2016-07-11,101.16,101.4,100.66,100.95,,1523057.0
2016-07-12,101.33,102.66,101.07,101.86,,2435689.0
2016-07-13,102.29,102.43,101.67,102.15,,1537156.0
2016-07-14,102.73,103.17,102.0,102.09,,1502076.0
2016-07-15,101.84,101.98,99.89,100.62,,2749041.0
2016-07-18,100.7,100.82,99.59,99.79,,2388982.0
2016-07-19,99.36,99.71,98.83,99.12,,1826968.0
2016-07-20,99.56,101.46,99.56,100.94,,2665657.0
2016-07-21,100.61,100.8,97.9,98.24,,2482538.0
2016-07-22,98.6,98.91,97.79,98.67,,1982764.0
2016-07-25,98.6,98.89,97.97,98.86,,1833853.0
2016-07-26,99.15,100.04,98.76,99.9,,2796082.0
2016-07-27,100.06,100.06,98.98,99.42,,2275836.0
2016-07-28,99.61,99.61,97.85,97.99,,2224616.0
2016-07-29,98.27,98.9,97.34,98.63,,2678733.0
2016-08-01,98.43,99.28,98.18,98.69,,2235284.0
2016-08-02,98.48,98.79,97.99,98.65,,2120103.0
2016-08-03,98.63,99.33,98.44,99.33,,1601604.0
2016-08-04,98.95,99.66,98.53,99.42,,2215283.0
2016-08-05,98.97,100.32,98.39,100.2,,2746681.0
2016-08-08,100.2,100.33,99.22,99.39,,1481921.0
2016-08-09,99.21,99.5,98.58,98.69,,1820130.0
2016-08-10,98.96,99.22,98.6,98.99,,1498624.0
2016-08-11,99.26,99.66,99.13,99.14,,1297603.0
2016-08-12,98.97,99.28,98.51,98.82,,1414708.0
2016-08-15,98.8,99.77,98.58,99.32,,2284399.0
2016-08-16,98.88,99.02,98.22,98.78,,1998463.0
2016-08-17,98.88,99.43,98.28,98.74,,1566925.0
2016-08-18,98.57,98.91,97.85,98.23,,2406432.0
2016-08-19,98.11,98.93,97.69,98.84,,1519042.0
2016-08-22,98.56,99.54,98.24,99.46,,1459186.0
2016-08-23,99.62,101.33,99.36,100.96,,2385087.0
2016-08-24,100.96,101.17,99.91,100.17,,2266773.0
2016-08-25,99.88,100.77,99.38,100.58,,1869256.0
2016-08-26,100.69,101.59,100.14,100.72,,1419341.0
2016-08-29,100.61,101.03,99.98,100.41,,1367742.0
2016-08-30,100.53,101.03,100.31,100.85,,1319021.0
2016-08-31,100.48,100.88,100.09,100.55,,1999417.0
2016-09-01,100.33,100.98,99.71,100.6,,1572686.0
2016-09-02,100.98,101.65,100.75,101.12,,1539566.0
2016-09-06,101.27,101.42,100.4,100.86,,1479152.0
2016-09-07,100.87,101.3,100.49,100.65,,1485099.0
2016-09-08,100.05,100.16,98.14,98.18,,3078476.0
2016-09-09,97.67,98.0,96.46,96.51,,3282650.0
2016-09-12,96.37,98.76,96.27,98.59,,2370856.0
2016-09-13,97.55,97.89,96.32,96.64,,2483203.0
2016-09-14,96.83,97.52,95.55,96.0,,2328081.0
2016-09-15,95.86,97.42,95.15,96.8,,2905821.0
2016-09-16,96.46,96.6,95.4,96.07,,2604902.0
2016-09-19,96.71,97.29,96.3,96.61,,1785685.0
2016-09-20,97.21,97.7,96.79,96.79,,1995841.0
2016-09-21,97.48,97.83,96.83,97.66,,2466908.0
2016-09-22,97.9,99.91,97.84,99.37,,2596154.0
2016-09-23,96.62,99.49,95.74,98.88,,2265179.0
2016-09-26,98.32,99.63,98.32,99.43,,3224170.0
2016-09-27,99.45,101.61,99.45,101.53,,3134703.0
2016-09-28,101.14,102.35,100.87,101.99,,3640226.0
2016-09-29,105.41,109.25,105.22,106.35,,7643280.0
2016-09-30,106.47,107.57,106.47,106.81,,4815794.0
2016-10-03,106.31,107.08,105.48,105.67,,3667521.0
2016-10-04,105.95,106.18,102.95,103.38,,3973660.0
2016-10-05,103.6,103.79,102.74,103.35,,2875146.0
2016-10-06,103.35,103.88,102.89,103.62,,2504502.0
2016-10-07,103.62,103.72,101.36,101.42,,3034302.0
2016-10-10,101.75,103.15,101.75,102.7,,2157553.0
2016-10-11,102.63,102.68,101.6,102.27,,2708225.0
2016-10-12,102.65,103.14,102.04,102.84,,2366466.0
2016-10-13,102.36,103.61,101.45,103.26,,3106637.0
2016-10-14,103.57,104.18,103.05,103.39,,2508485.0
2016-10-17,103.39,103.39,102.08,102.16,,1904916.0
2016-10-18,102.91,103.4,102.6,102.76,,2472902.0
2016-10-19,103.1,103.8,102.58,103.19,,2263239.0
2016-10-20,103.0,103.48,102.43,102.51,,2247838.0
2016-10-21,102.43,102.47,101.51,102.11,,1979120.0
2016-10-24,102.49,102.91,102.01,102.29,,1539785.0
2016-10-25,102.06,102.35,101.54,101.82,,1456836.0
2016-10-26,101.4,102.38,101.15,101.98,,1830897.0
2016-10-27,102.16,102.57,101.76,101.99,,1871613.0
2016-10-28,102.34,102.98,101.61,102.18,,1656236.0
2016-10-31,102.14,102.96,102.0,102.68,,1877768.0
2016-11-01,102.91,103.09,101.99,102.59,,2444386.0
2016-11-02,102.59,105.3,102.47,104.78,,5361141.0
2016-11-03,104.35,104.68,103.05,103.31,,2086406.0
2016-11-04,103.39,104.34,102.86,103.56,,2068333.0
2016-11-07,104.33,106.0,104.33,105.98,,2311082.0
2016-11-08,105.91,106.89,105.57,105.84,,2118777.0
2016-11-09,102.36,104.24,101.29,103.54,,5797624.0
2016-11-10,103.65,106.71,103.61,106.29,,4357469.0
2016-11-11,105.7,106.89,104.86,105.28,,3201775.0
2016-11-14,105.27,105.64,102.65,103.57,,3622499.0
2016-11-15,103.84,104.1,101.92,102.46,,3119949.0
2016-11-16,102.64,104.26,102.26,103.64,,2147097.0
2016-11-17,103.79,104.71,103.54,104.56,,1313635.0
2016-11-18,104.46,104.73,104.12,104.62,,2123479.0
2016-11-21,104.85,105.9,104.62,105.72,,1694583.0
2016-11-22,105.93,106.35,105.4,105.54,,2251828.0
2016-11-23,105.44,106.26,105.18,105.84,,1966491.0
2016-11-25,105.91,106.69,105.64,106.66,,783672.0
2016-11-28,106.47,107.23,106.08,106.67,,2075644.0
2016-11-29,106.66,107.35,106.33,106.83,,1484017.0
2016-11-30,106.9,107.01,105.5,105.5,,2635490.0
2016-12-01,105.56,106.05,103.46,103.94,,2260397.0
2016-12-02,103.91,104.46,102.62,103.61,,1922836.0
2016-12-05,104.11,104.75,103.61,103.99,,2052296.0
2016-12-06,104.35,105.02,104.0,104.6,,1973602.0
2016-12-07,104.81,107.46,104.63,107.39,,2024090.0
2016-12-08,107.48,108.11,107.13,107.54,,1449505.0
2016-12-09,107.18,109.06,106.76,108.93,,2227331.0
2016-12-12,108.53,109.35,108.3,109.19,,1608712.0
2016-12-13,109.36,111.06,109.25,110.77,,2333210.0
2016-12-14,110.64,110.99,109.03,109.23,,2041315.0
2016-12-15,109.05,110.67,108.88,110.02,,1761439.0
2016-12-16,110.05,110.56,108.16,108.65,,4513962.0
2016-12-19,108.86,109.93,108.79,109.23,,2750436.0
2016-12-20,109.57,109.78,108.66,109.63,,3290845.0
2016-12-21,104.72,105.99,103.88,104.15,,6028927.0
2016-12-22,104.29,104.79,103.36,104.05,,2758497.0
2016-12-23,103.71,104.42,103.45,103.78,,1697312.0
2016-12-27,103.67,104.66,103.54,103.84,,1546608.0
2016-12-28,104.24,104.24,102.55,103.01,,1797685.0
2016-12-29,103.34,104.22,102.92,103.36,,1633892.0
2016-12-30,103.85,104.19,102.99,103.47,,1739750.0
2017-01-03,103.69,104.07,102.31,102.88,,2352157.0
2017-01-04,103.27,104.06,102.85,103.12,,2639772.0
2017-01-05,103.34,103.48,101.54,101.58,,3685380.0
2017-01-06,101.58,103.12,101.0,102.73,,4125269.0
2017-01-09,102.59,102.78,101.52,101.59,,2550869.0
2017-01-10,101.53,102.46,101.27,101.64,,2550138.0
2017-01-11,101.94,102.7,101.51,102.58,,2845844.0
2017-01-12,102.13,102.44,101.45,102.28,,2110781.0
2017-01-13,101.9,103.74,101.9,103.31,,2666366.0
2017-01-17,102.4,102.79,102.0,102.5,,2374325.0
2017-01-18,102.95,103.31,102.24,102.43,,2262162.0
2017-01-19,102.12,102.47,101.82,102.03,,1647118.0
2017-01-20,102.36,102.69,101.42,101.65,,2781387.0
2017-01-23,101.39,101.82,101.24,101.43,,2319952.0
2017-01-24,101.76,103.04,101.45,102.89,,2810084.0
2017-01-25,103.26,104.55,103.09,103.86,,2905948.0
2017-01-26,103.34,103.74,102.14,102.41,,2865071.0
2017-01-27,102.65,102.85,101.65,101.9,,2545180.0
2017-01-30,101.87,101.88,100.18,101.26,,2529715.0
2017-01-31,100.68,100.72,99.48,100.59,,2338994.0
2017-02-01,100.53,101.38,99.21,100.01,,2471638.0
2017-02-02,99.95,100.5,99.56,100.39,,2450479.0
2017-02-03,100.7,101.44,100.12,101.14,,1664211.0
2017-02-06,100.76,101.78,100.15,100.86,,2019412.0
2017-02-07,101.59,102.62,101.54,102.4,,2538228.0
2017-02-08,102.6,102.6,101.52,101.97,,2373733.0
2017-02-09,102.04,103.76,102.0,103.34,,2117069.0
2017-02-10,103.09,104.98,102.93,103.88,,2183016.0
2017-02-13,104.15,105.08,103.99,104.76,,1988541.0
2017-02-14,104.65,106.0,104.59,106.0,,2559693.0
2017-02-15,105.66,106.15,105.38,105.94,,1951131.0
2017-02-16,105.94,106.88,105.59,106.64,,1966972.0
2017-02-17,106.45,107.14,106.09,107.09,,1904933.0
2017-02-21,106.56,107.96,106.51,107.86,,2117134.0
2017-02-22,107.47,108.55,107.4,107.96,,1557038.0
2017-02-23,108.29,108.39,107.53,108.19,,1439556.0
2017-02-24,107.77,109.03,107.42,109.03,,1447663.0
2017-02-27,108.66,109.03,108.19,108.47,,1679832.0
2017-02-28,108.43,108.73,107.71,108.21,,1745371.0
2017-03-01,108.87,109.79,108.18,109.6,,1879707.0
2017-03-02,109.53,109.92,109.15,109.85,,1896716.0
2017-03-03,109.76,109.76,108.64,109.22,,2122955.0
2017-03-06,108.64,109.03,108.24,108.87,,1814082.0
2017-03-07,109.21,109.87,108.76,109.66,,2705235.0
2017-03-08,109.63,110.23,109.34,109.94,,2168611.0
2017-03-09,109.86,109.86,108.34,108.81,,2338125.0
2017-03-10,109.23,109.83,108.72,109.47,,1931099.0
2017-03-13,109.74,110.2,109.07,109.57,,2233737.0
2017-03-14,109.69,110.18,109.21,109.46,,1627855.0
2017-03-15,109.02,110.41,108.68,110.24,,2087675.0
2017-03-16,110.32,110.59,109.19,109.63,,2182041.0
2017-03-17,110.16,110.82,109.39,110.61,,4603637.0
2017-03-20,110.61,110.76,109.69,109.88,,2257442.0
2017-03-21,110.49,110.78,109.21,110.1,,3219859.0
2017-03-22,110.45,111.77,109.95,111.73,,4288622.0
2017-03-23,108.4,108.66,106.48,106.67,,7116837.0
2017-03-24,106.69,107.16,104.9,105.1,,3949828.0
2017-03-27,104.88,105.83,104.5,105.46,,3122818.0
2017-03-28,105.84,108.07,105.13,107.2,,5516010.0
2017-03-29,107.47,107.51,106.14,106.87,,2438878.0
2017-03-30,106.79,106.89,106.05,106.46,,2030644.0
2017-03-31,106.63,107.07,105.86,105.9,,2102781.0
2017-04-03,104.24,104.39,103.35,103.92,,3918099.0
2017-04-04,103.6,104.3,103.6,104.27,,1690684.0
2017-04-05,104.45,105.2,103.79,103.92,,1902105.0
2017-04-06,103.95,104.17,103.14,103.19,,2049602.0
2017-04-07,103.35,104.01,102.91,103.74,,2408028.0
2017-04-10,103.79,104.73,103.68,104.1,,2308255.0
2017-04-11,103.7,104.25,103.35,103.61,,2295270.0
2017-04-12,103.58,103.89,103.06,103.16,,2087832.0
2017-04-13,102.97,103.44,102.48,102.52,,1838948.0
2017-04-17,102.54,103.3,102.54,103.29,,1168262.0
2017-04-18,103.09,103.86,102.99,103.75,,1978691.0
2017-04-19,103.87,104.75,103.54,104.39,,2185363.0
2017-04-20,105.01,106.98,104.77,106.4,,3743523.0
2017-04-21,106.88,107.09,106.24,106.42,,2639048.0
2017-04-24,107.05,107.56,106.31,106.54,,2106761.0
2017-04-25,106.55,107.05,105.93,105.94,,1942385.0
2017-04-26,105.97,106.63,105.68,106.2,,1534552.0
2017-04-27,106.32,107.66,106.32,107.55,,2008174.0
2017-04-28,107.28,108.31,107.14,108.27,,2473509.0
2017-05-01,108.33,108.62,108.09,108.22,,1931926.0
2017-05-02,108.26,108.63,107.3,107.72,,2697050.0
2017-05-03,107.49,107.88,106.81,107.38,,1735691.0
2017-05-04,107.78,107.99,107.3,107.84,,1556630.0
2017-05-05,107.92,108.46,107.79,108.46,,1708102.0
2017-05-08,108.09,108.46,107.79,108.1,,1522054.0
2017-05-09,108.27,108.56,107.92,108.06,,1075219.0
2017-05-10,108.06,108.33,107.61,108.18,,1343589.0
2017-05-11,107.78,107.91,106.81,107.82,,1827173.0
2017-05-12,107.45,108.45,107.45,107.97,,2340370.0
2017-05-15,107.97,109.38,107.79,109.12,,1772180.0
2017-05-16,109.51,110.06,109.09,109.91,,2179049.0
2017-05-17,109.07,109.85,107.41,107.5,,2273078.0
2017-05-18,107.88,108.03,106.58,107.47,,1951023.0
2017-05-19,108.01,108.19,107.28,107.98,,2184952.0
2017-05-22,108.54,109.64,108.2,109.53,,1870205.0
2017-05-23,109.66,109.85,108.71,109.03,,1472349.0
2017-05-24,107.49,109.03,107.38,108.85,,2026867.0
2017-05-25,109.56,110.29,109.07,109.88,,1425480.0
2017-05-26,109.73,109.88,109.36,109.69,,1414482.0
2017-05-30,109.44,110.65,109.21,110.47,,1373030.0
2017-05-31,110.68,111.21,110.25,111.1,,2395003.0
2017-06-01,111.51,111.83,110.55,111.83,,1898082.0
2017-06-02,111.9,112.45,111.47,112.23,,1764728.0
2017-06-05,112.46,113.34,111.96,112.98,,1801115.0
2017-06-06,112.63,113.36,112.47,112.76,,1510114.0
2017-06-07,112.54,113.15,112.04,112.95,,1640394.0
2017-06-08,113.33,113.36,112.04,112.62,,2119052.0
2017-06-09,112.46,113.12,111.55,112.3,,1929206.0
2017-06-12,112.04,112.87,111.33,112.73,,2355766.0
2017-06-13,112.86,113.86,112.54,113.42,,2427713.0
2017-06-14,114.07,114.25,113.09,113.58,,1861213.0
2017-06-15,112.71,113.68,111.12,113.38,,2183243.0
2017-06-16,113.82,114.25,112.94,113.86,,2962903.0
2017-06-19,114.67,114.67,113.7,114.04,,1975777.0
2017-06-20,113.65,113.93,112.8,112.94,,2352618.0
2017-06-21,113.42,113.52,112.49,113.45,,3230505.0
2017-06-22,109.76,110.59,106.3,108.96,,8685500.0
2017-06-23,109.02,110.34,108.64,109.55,,3727974.0
2017-06-26,109.92,110.72,109.14,109.2,,2618484.0
2017-06-27,109.34,109.64,108.89,109.06,,2214813.0
2017-06-28,109.59,110.53,109.06,110.45,,1723113.0
2017-06-29,110.23,110.23,109.44,109.78,,2685519.0
2017-06-30,110.05,111.04,109.92,110.39,,2256190.0
2017-07-03,110.52,111.46,110.49,110.62,,1236153.0
2017-07-05,110.68,111.37,110.67,110.72,,1326798.0
2017-07-06,110.1,110.35,108.92,109.73,,1934504.0
2017-07-07,110.28,111.35,109.85,110.87,,1810756.0
2017-07-10,110.72,111.01,110.31,110.73,,1301531.0
2017-07-11,110.73,110.77,109.96,110.54,,1375259.0
2017-07-12,110.95,112.0,110.79,111.99,,2012422.0
2017-07-13,112.2,112.78,111.96,112.22,,1712811.0
2017-07-14,112.63,113.32,112.22,113.09,,1725398.0
2017-07-17,113.15,113.4,112.6,112.84,,2005625.0
2017-07-18,112.69,113.86,112.0,113.69,,1641350.0
2017-07-19,113.8,114.25,113.11,114.05,,2269456.0
2017-07-20,114.16,114.93,113.94,114.73,,1639353.0
2017-07-21,114.73,115.1,114.26,115.01,,1750751.0
2017-07-24,114.49,114.7,113.88,114.26,,1763242.0
2017-07-25,114.47,115.42,113.96,115.1,,1593795.0
2017-07-26,115.14,115.69,114.9,115.6,,1591311.0
2017-07-27,115.77,115.77,113.73,114.39,,2096970.0
2017-07-28,114.23,114.72,113.63,114.61,,1113735.0
2017-07-31,114.7,115.28,114.42,114.98,,1544403.0
2017-08-01,115.23,115.94,115.1,115.91,,3464389.0
2017-08-02,115.77,115.89,114.72,114.8,,1318334.0
2017-08-03,115.34,116.28,114.24,116.05,,3559677.0
2017-08-04,116.09,116.63,115.62,116.21,,1283185.0
2017-08-07,115.88,116.35,115.48,115.75,,949174.0
2017-08-08,115.43,115.94,115.09,115.26,,1096953.0
2017-08-09,115.15,115.84,115.07,115.69,,1203922.0
2017-08-10,115.34,115.84,114.42,114.46,,1780455.0
2017-08-11,114.85,114.88,114.36,114.43,,1105542.0
2017-08-14,115.03,115.92,114.81,115.76,,1417203.0
2017-08-15,115.51,115.86,114.91,115.48,,1113226.0
2017-08-16,115.73,116.47,115.5,116.06,,1918988.0
2017-08-17,115.93,116.06,113.86,113.88,,1519499.0
2017-08-18,114.01,114.51,113.6,113.75,,1216730.0
2017-08-21,113.79,114.53,113.59,114.4,,1282632.0
2017-08-22,114.75,115.56,114.24,115.42,,955979.0
2017-08-23,114.86,115.27,114.5,114.57,,1285497.0
2017-08-24,114.78,115.21,114.49,114.85,,1091375.0
2017-08-25,115.43,115.84,115.3,115.49,,1252369.0
2017-08-28,115.78,115.94,115.16,115.36,,989481.0
2017-08-29,114.67,116.02,114.51,115.73,,1158375.0
2017-08-30,115.72,116.0,115.22,115.85,,1149077.0
2017-08-31,116.03,116.86,115.88,116.71,,1997216.0
2017-09-01,116.88,116.88,115.92,116.12,,1498280.0
2017-09-05,116.12,116.38,115.23,115.83,,2442355.0
2017-09-06,116.22,117.27,116.08,117.03,,1521727.0
2017-09-07,117.37,120.35,117.25,119.82,,2078946.0
2017-09-08,119.97,120.47,119.29,119.35,,2177410.0
2017-09-11,120.16,121.62,119.26,121.59,,1632059.0
2017-09-12,121.89,122.24,121.4,121.59,,1646389.0
2017-09-13,121.31,121.54,119.79,120.3,,3059478.0
2017-09-14,120.05,120.71,119.6,120.37,,3290524.0
2017-09-15,120.5,121.08,119.64,120.81,,3688070.0
2017-09-18,120.93,122.59,120.93,122.23,,2406486.0
2017-09-19,122.28,122.99,122.02,122.02,,2363251.0
2017-09-20,121.4,123.31,121.4,123.18,,1958152.0
2017-09-21,123.13,123.28,121.9,121.98,,1963141.0
2017-09-22,122.0,123.17,121.84,123.09,,1912139.0
2017-09-25,123.12,123.42,122.51,123.32,,2448244.0
2017-09-26,123.62,123.8,122.06,122.14,,2902690.0
2017-09-27,122.57,122.76,121.5,121.96,,3855258.0
2017-09-28,118.52,122.89,118.06,121.67,,4238520.0
2017-09-29,122.2,122.79,120.35,120.56,,3299483.0
2017-10-02,120.7,121.25,120.16,120.89,,2661790.0
2017-10-03,120.35,121.36,119.3,119.83,,2534894.0
2017-10-04,120.07,121.1,120.01,120.64,,2177311.0
2017-10-05,120.94,121.72,120.74,121.59,,1666067.0
2017-10-06,121.53,122.26,121.14,121.61,,1275707.0
2017-10-09,121.61,122.28,121.42,122.27,,1007984.0
2017-10-10,122.28,123.17,122.14,122.75,,1786645.0
2017-10-11,122.45,122.75,121.76,122.2,,2472365.0
2017-10-12,122.26,124.65,121.51,124.25,,2728422.0
2017-10-13,124.58,124.96,123.35,124.25,,1677933.0
2017-10-16,124.45,124.58,123.28,124.15,,1453106.0
2017-10-17,123.99,124.32,123.42,123.75,,1435183.0
2017-10-18,124.57,124.93,123.79,123.84,,1584802.0
2017-10-19,123.87,124.97,123.32,124.93,,1278034.0
2017-10-20,125.42,125.72,124.83,125.71,,1364863.0
2017-10-23,125.94,126.32,125.31,125.57,,1507889.0
2017-10-24,125.57,125.66,124.41,125.19,,1202971.0
2017-10-25,125.27,127.29,124.96,127.27,,2046217.0
2017-10-26,127.59,128.79,127.38,127.94,,1965479.0
2017-10-27,128.55,129.42,127.96,129.12,,2367616.0
2017-10-30,129.22,129.58,128.09,129.13,,2145041.0
2017-10-31,129.03,129.13,128.11,128.3,,2209896.0
2017-11-01,128.21,129.04,127.49,128.84,,2052529.0
2017-11-02,128.42,129.58,127.91,129.26,,1580288.0
2017-11-03,129.26,130.4,128.96,129.81,,1336018.0
2017-11-06,128.98,129.96,128.23,129.71,,1488735.0
2017-11-07,130.21,130.21,128.82,129.32,,1246883.0
2017-11-08,129.56,130.68,128.87,130.58,,1204606.0
2017-11-09,130.32,130.43,128.85,129.62,,1288475.0
2017-11-10,129.34,129.84,128.6,129.67,,918955.0
2017-11-13,129.42,130.03,129.02,129.7,,1421511.0
2017-11-14,129.24,131.13,128.67,130.64,,1811893.0
2017-11-15,130.14,130.68,129.48,130.01,,1790814.0
2017-11-16,130.64,132.73,130.31,132.51,,2040100.0
2017-11-17,131.93,132.29,130.45,131.08,,2550530.0
2017-11-20,131.01,132.34,130.57,132.09,,1577049.0
2017-11-21,132.48,133.8,131.95,133.39,,1732023.0
2017-11-22,133.24,133.67,132.5,132.58,,1239929.0
2017-11-24,133.53,133.53,132.3,133.05,,601818.0
2017-11-27,133.38,133.47,132.86,132.93,,1323732.0
2017-11-28,133.39,133.82,132.16,133.41,,1915996.0
2017-11-29,133.88,133.88,130.88,132.43,,1972967.0
2017-11-30,132.48,133.92,132.3,133.39,,2837114.0
2017-12-01,133.11,133.7,131.35,132.09,,1971617.0
2017-12-04,132.93,133.35,131.65,132.61,,2097948.0
2017-12-05,132.69,133.81,132.28,133.08,,1393436.0
2017-12-06,133.14,133.81,132.72,133.62,,1328560.0
2017-12-07,133.38,133.97,132.69,133.92,,1526444.0
2017-12-08,134.37,135.71,134.03,135.66,,1723659.0
2017-12-11,135.68,136.21,135.3,135.8,,1891493.0
2017-12-12,135.73,137.7,135.15,137.07,,2317890.0
2017-12-13,136.81,137.66,135.55,136.46,,1585986.0
2017-12-14,136.84,137.35,136.22,136.27,,1611811.0
2017-12-15,137.47,137.79,135.78,137.58,,3077310.0
2017-12-18,137.93,138.56,136.6,136.73,,2264582.0
2017-12-19,136.95,137.7,136.07,137.18,,2060364.0
2017-12-20,137.15,137.77,136.64,136.76,,3194542.0
2017-12-21,140.86,142.79,138.7,138.97,,4484026.0
2017-12-22,140.39,140.59,138.61,138.69,,1764607.0
2017-12-26,138.01,138.31,137.4,137.88,,1513488.0
2017-12-27,138.1,138.57,137.73,138.17,,1516900.0
2017-12-28,138.3,138.7,137.88,138.4,,1018407.0
2017-12-29,139.17,139.31,137.95,137.97,,1444648.0
2018-01-02,138.34,138.88,137.69,138.64,,2854628.0
2018-01-03,137.88,139.68,137.88,139.28,,2062495.0
2018-01-04,139.69,141.36,139.48,140.93,,1753288.0
2018-01-05,141.14,142.14,140.71,142.09,,1587649.0
2018-01-08,141.82,143.3,141.35,143.23,,2610112.0
2018-01-09,142.84,143.73,141.9,143.71,,3204721.0
2018-01-10,143.25,143.43,142.15,143.2,,1618687.0
2018-01-11,143.2,143.65,142.44,143.39,,1809182.0
2018-01-12,143.74,144.77,142.9,144.29,,2048771.0
2018-01-16,144.42,144.53,142.31,142.35,,2778473.0
2018-01-17,143.38,144.62,143.12,144.38,,2084323.0
2018-01-18,144.31,145.17,144.03,145.04,,1591559.0
2018-01-19,145.64,146.45,144.37,145.77,,2217918.0
2018-01-22,145.28,145.89,144.93,145.48,,1698171.0
2018-01-23,145.36,146.04,144.77,144.99,,1611711.0
2018-01-24,145.27,145.99,144.68,144.73,,1927625.0
2018-01-25,145.2,145.77,144.75,144.91,,1297824.0
2018-01-26,145.32,146.52,144.49,146.49,,1891690.0
2018-01-29,146.29,146.54,145.07,145.27,,1258390.0
2018-01-30,145.06,145.24,143.39,143.92,,1658261.0
2018-01-31,144.27,145.05,143.95,144.82,,1834626.0
2018-02-01,144.34,145.21,143.78,144.61,,1688252.0
2018-02-02,144.18,144.44,141.16,141.4,,1996693.0
2018-02-05,140.7,143.54,135.84,136.83,,3279792.0
2018-02-06,135.44,139.85,134.67,139.41,,3892071.0
2018-02-07,138.98,143.23,137.95,139.82,,2899684.0
2018-02-08,139.97,140.11,135.51,135.64,,2561721.0
2018-02-09,136.7,139.68,134.09,138.64,,3643267.0
2018-02-12,139.39,141.01,138.7,139.64,,2229969.0
2018-02-13,138.97,141.48,138.78,141.35,,2029692.0
2018-02-14,140.6,144.3,139.82,144.0,,2488848.0
2018-02-15,144.54,145.19,142.49,145.15,,1815828.0
2018-02-16,145.06,147.44,144.96,146.59,,1997852.0
2018-02-20,146.34,146.64,145.16,145.49,,1411306.0
2018-02-21,145.63,147.58,144.57,144.61,,1622377.0
2018-02-22,145.17,146.0,144.11,144.48,,1506055.0
2018-02-23,145.18,146.94,144.48,146.85,,1539389.0
2018-02-26,147.64,148.55,146.82,148.46,,1780544.0
2018-02-27,148.52,149.22,146.49,146.49,,1756122.0
2018-02-28,146.81,148.15,145.05,145.1,,1959099.0
2018-03-01,145.35,145.63,140.48,140.72,,3005395.0
2018-03-02,139.88,142.06,139.41,141.94,,2960136.0
2018-03-05,141.64,143.89,141.48,143.16,,1936791.0
2018-03-06,143.45,144.33,141.47,142.42,,2352499.0
2018-03-07,141.47,143.26,141.06,142.89,,3176151.0
2018-03-08,143.3,143.67,142.43,142.84,,2593927.0
2018-03-09,143.88,145.84,143.48,145.55,,2836778.0
2018-03-12,146.0,146.69,145.11,145.72,,2104983.0
2018-03-13,146.1,148.07,146.05,146.44,,2664067.0
2018-03-14,146.68,147.08,144.57,145.09,,2212749.0
2018-03-15,145.36,147.34,145.0,146.77,,1834602.0
2018-03-16,146.55,147.16,144.99,145.0,,3564026.0
2018-03-19,144.7,145.54,143.63,144.75,,1872926.0
2018-03-20,145.05,147.03,145.05,146.79,,2234146.0
2018-03-21,147.08,147.55,145.93,146.02,,3378087.0
2018-03-22,141.26,142.34,134.94,135.39,,8203577.0
2018-03-23,136.38,137.41,132.62,132.79,,3926149.0
2018-03-26,134.28,138.04,134.28,137.75,,4216908.0
2018-03-27,138.09,138.48,133.2,134.15,,3167844.0
2018-03-28,134.89,135.5,132.78,132.85,,2965696.0
2018-03-29,133.64,138.34,133.22,138.34,,3595891.0
2018-04-02,136.82,136.82,132.03,133.36,,2845793.0
2018-04-03,133.82,134.25,131.62,134.09,,2363306.0
2018-04-04,132.2,135.61,131.63,135.15,,2161074.0
2018-04-05,136.17,137.05,135.19,136.6,,3336328.0
2018-04-06,135.09,135.89,131.75,132.82,,1927191.0
2018-04-09,133.61,135.57,133.39,133.6,,1465760.0
2018-04-10,135.17,137.65,135.04,137.03,,2268187.0
2018-04-11,135.85,136.27,134.72,134.94,,1734854.0
2018-04-12,135.65,137.42,135.42,136.47,,2005562.0
2018-04-13,137.3,137.67,135.9,136.51,,1607799.0
2018-04-16,137.71,138.26,136.83,137.68,,2151649.0
2018-04-17,138.8,140.57,138.28,140.25,,2702290.0
2018-04-18,140.35,141.58,139.43,141.41,,1975665.0
2018-04-19,140.94,141.13,139.68,140.57,,1512894.0
2018-04-20,140.05,140.71,138.13,138.58,,2301966.0
2018-04-23,139.33,139.54,138.31,139.16,,1533001.0
2018-04-24,139.64,140.34,136.26,137.37,,1922646.0
2018-04-25,137.76,137.76,134.97,136.47,,2039666.0
2018-04-26,137.24,139.24,136.94,138.47,,1634609.0
2018-04-27,138.47,139.09,137.47,138.57,,1179514.0
2018-04-30,139.28,139.36,137.47,137.48,,1504694.0
2018-05-01,137.38,138.17,136.5,138.14,,1204794.0
2018-05-02,137.96,138.29,136.77,137.04,,1642051.0
2018-05-03,136.67,138.25,135.61,137.97,,1725045.0
2018-05-04,137.04,139.99,136.71,139.52,,1504132.0
2018-05-07,139.08,139.19,138.07,138.48,,2056987.0
2018-05-08,137.62,138.67,137.33,138.16,,1770139.0
2018-05-09,139.03,140.92,138.39,140.59,,1515270.0
2018-05-10,140.93,142.76,140.42,142.34,,1299405.0
2018-05-11,142.34,143.32,141.68,142.83,,1211574.0
2018-05-14,143.05,143.35,141.22,141.46,,1636653.0
2018-05-15,140.69,140.76,139.47,140.09,,1774497.0
2018-05-16,140.48,140.98,139.72,140.1,,1946923.0
2018-05-17,140.4,141.59,139.87,140.88,,1615325.0
2018-05-18,140.94,141.78,140.59,141.22,,1517375.0
2018-05-21,141.87,143.14,141.87,142.7,,1652990.0
2018-05-22,142.73,143.15,141.08,141.24,,1757072.0
2018-05-23,141.2,141.9,140.11,141.22,,1737982.0
2018-05-24,141.69,141.89,140.66,141.48,,1911084.0
2018-05-25,141.29,142.28,140.98,141.84,,1314942.0
2018-05-29,140.9,141.16,138.81,139.61,,2047298.0
2018-05-30,140.76,142.34,140.51,141.88,,1578172.0
2018-05-31,141.85,142.56,140.86,141.61,,2767061.0
2018-06-01,142.7,144.83,142.36,144.48,,1808808.0
2018-06-04,144.26,145.49,143.72,144.97,,1481779.0
2018-06-05,144.72,145.81,144.62,145.41,,1756494.0
2018-06-06,146.0,147.99,145.63,147.95,,1771258.0
2018-06-07,147.98,148.08,145.12,146.04,,1841825.0
2018-06-08,146.13,147.6,146.04,147.46,,1725235.0
2018-06-11,146.88,148.79,146.88,147.99,,1978430.0
2018-06-12,148.61,149.13,147.71,148.07,,2881335.0
2018-06-13,148.3,149.35,147.86,148.23,,2357630.0
2018-06-14,148.51,149.08,147.43,148.0,,1914429.0
2018-06-15,147.16,148.85,146.07,148.65,,8561520.0
2018-06-18,147.3,148.2,146.27,148.1,,1789847.0
2018-06-19,147.41,148.52,146.67,148.5,,2574366.0
2018-06-20,148.21,148.55,146.99,147.09,,2026808.0
2018-06-21,146.73,147.24,145.15,145.51,,2034248.0
2018-06-22,145.94,145.94,144.07,145.15,,3782047.0
2018-06-25,143.66,143.72,141.26,141.99,,3134549.0
2018-06-26,142.33,143.29,141.99,142.63,,2164019.0
2018-06-27,142.9,144.3,141.21,141.25,,3191224.0
2018-06-28,145.93,150.54,145.21,149.58,,5801142.0
2018-06-29,149.3,150.54,148.24,148.75,,3625695.0
2018-07-02,147.21,148.6,146.67,148.42,,2279436.0
2018-07-03,149.04,150.41,148.23,148.52,,1919106.0
2018-07-05,148.85,149.9,148.36,149.85,,2427938.0
2018-07-06,149.82,150.19,148.22,149.59,,1840443.0
2018-07-09,150.03,151.18,150.03,151.06,,1651577.0
2018-07-10,151.4,152.55,151.25,151.36,,2070992.0
2018-07-11,150.4,151.94,149.68,151.22,,1307057.0
2018-07-12,152.32,152.9,151.83,152.79,,1717271.0
2018-07-13,152.53,153.21,152.42,152.84,,1420329.0
2018-07-16,152.9,153.19,152.2,152.43,,1522791.0
2018-07-17,151.92,153.62,151.85,152.82,,2315337.0
2018-07-18,152.28,152.28,150.91,151.29,,2206506.0
2018-07-19,151.13,152.1,150.5,151.75,,2055052.0
2018-07-20,151.48,151.84,151.23,151.41,,1110870.0
2018-07-23,150.88,151.35,150.5,150.9,,1783267.0
2018-07-24,151.24,151.41,149.4,150.19,,2545473.0
2018-07-25,150.03,151.96,150.03,151.92,,2282484.0
2018-07-26,152.21,152.86,150.09,150.19,,2228035.0
2018-07-27,150.36,150.71,146.49,147.32,,2703952.0
2018-07-30,147.52,147.69,143.74,144.96,,2553162.0
2018-07-31,145.76,146.67,144.48,144.88,,2722694.0
2018-08-01,145.77,146.75,144.66,145.22,,2060582.0
2018-08-02,143.94,145.76,143.52,145.62,,1774966.0
2018-08-03,145.93,146.34,144.54,145.82,,1478506.0
2018-08-06,145.73,146.4,145.1,146.01,,1135813.0
2018-08-07,146.56,147.22,146.39,146.58,,1415746.0
2018-08-08,146.49,146.99,146.3,146.52,,1123440.0
2018-08-09,146.51,147.07,145.98,146.07,,1722061.0
2018-08-10,145.53,146.82,145.38,146.1,,1354245.0
2018-08-13,146.15,147.21,145.53,145.69,,1590073.0
2018-08-14,145.57,146.97,145.39,146.61,,2083204.0
2018-08-15,145.99,146.79,145.27,145.86,,1669438.0
2018-08-16,147.12,148.44,146.86,148.11,,1956994.0
2018-08-17,148.64,150.19,148.27,149.93,,2717451.0
2018-08-20,150.34,150.61,149.85,150.14,,1285790.0
2018-08-21,150.49,150.85,149.6,149.68,,1291662.0
2018-08-22,149.75,150.81,149.43,149.96,,1184363.0
2018-08-23,150.01,151.38,150.01,150.21,,1299187.0
2018-08-24,150.86,151.66,150.04,150.83,,1768231.0
2018-08-27,151.65,152.08,151.07,151.73,,1406780.0
2018-08-28,152.2,152.67,151.47,152.46,,1668506.0
2018-08-29,152.35,154.51,152.35,154.37,,1370814.0
2018-08-30,154.18,154.37,152.88,153.33,,1479971.0
2018-08-31,153.41,154.18,152.94,153.73,,2803263.0
2018-09-04,153.45,154.21,152.65,154.12,,1676894.0
2018-09-05,153.71,153.93,152.31,153.34,,1869010.0
2018-09-06,153.01,154.51,152.61,154.0,,1812963.0
2018-09-07,153.55,154.28,153.18,153.73,,1826611.0
2018-09-10,154.45,155.49,154.08,154.17,,1888480.0
2018-09-11,154.31,155.5,153.88,155.21,,1963350.0
2018-09-12,155.21,155.51,154.13,154.9,,1743336.0
2018-09-13,155.63,156.86,155.35,156.46,,1586466.0
2018-09-14,156.16,156.64,155.51,156.07,,2212946.0
2018-09-17,155.9,156.14,155.27,155.52,,1770872.0
2018-09-18,155.61,157.15,155.54,156.77,,2078415.0
2018-09-19,157.14,157.59,156.26,157.43,,1531068.0
2018-09-20,158.12,158.57,157.54,158.33,,1818942.0
2018-09-21,158.9,159.71,158.1,158.39,,4743162.0
2018-09-24,157.36,157.53,156.62,156.97,,2074748.0
2018-09-25,157.8,158.67,156.79,157.14,,1979932.0
2018-09-26,157.37,158.72,156.82,157.28,,2623883.0
2018-09-27,153.61,158.15,153.4,154.62,,3112787.0
2018-09-28,154.57,155.31,153.72,154.76,,2384530.0
2018-10-01,155.61,158.38,155.59,157.77,,2336750.0
2018-10-02,157.42,157.82,156.86,157.44,,1762652.0
2018-10-03,157.96,158.96,157.91,158.34,,1655453.0
2018-10-04,158.1,158.34,155.01,156.27,,1779076.0
2018-10-05,155.97,156.53,154.68,155.7,,1485784.0
2018-10-08,154.89,156.16,153.35,154.49,,1693593.0
2018-10-09,153.86,154.47,152.86,153.49,,2027962.0
2018-10-10,153.21,153.33,146.92,147.07,,2972259.0
2018-10-11,146.5,146.89,141.04,141.85,,4752820.0
2018-10-12,145.11,145.69,143.11,144.98,,3376260.0
2018-10-15,144.52,145.14,143.52,143.59,,1945054.0
2018-10-16,145.09,147.19,144.49,146.58,,2830210.0
2018-10-17,146.04,147.15,144.8,145.81,,2687245.0
2018-10-18,145.39,145.39,142.39,143.34,,2195976.0
2018-10-19,143.16,145.58,142.63,145.24,,2426068.0
2018-10-22,145.07,147.09,144.1,146.41,,1958279.0
2018-10-23,143.79,146.2,142.77,145.07,,2204021.0
2018-10-24,144.87,145.39,140.4,140.51,,2473910.0
2018-10-25,142.6,144.95,142.12,144.0,,2313661.0
2018-10-26,141.59,143.23,140.27,141.73,,2472543.0
2018-10-29,143.2,143.74,138.22,140.16,,1909227.0
2018-10-30,140.8,142.11,139.77,141.89,,2296448.0
2018-10-31,143.35,146.32,143.18,144.64,,2414896.0
2018-11-01,144.9,146.1,144.47,145.52,,1771649.0
2018-11-02,145.85,147.44,143.14,144.43,,1998622.0
2018-11-05,144.65,145.87,143.82,145.54,,1705213.0
2018-11-06,145.87,146.79,145.63,146.29,,1364695.0
2018-11-07,146.82,150.48,146.81,150.37,,2278443.0
2018-11-08,149.46,150.99,149.46,150.95,,1294401.0
2018-11-09,150.52,152.01,149.7,151.55,,1882106.0
2018-11-12,150.97,151.36,148.95,149.06,,2263821.0
2018-11-13,149.27,150.35,147.68,148.15,,1486838.0
2018-11-14,149.78,149.94,146.25,147.09,,2819857.0
2018-11-15,146.75,149.53,146.3,149.11,,2561844.0
2018-11-16,148.39,152.17,148.37,151.41,,3218494.0
2018-11-19,150.95,152.27,148.76,149.36,,2194401.0
2018-11-20,147.01,147.71,144.75,145.81,,2224934.0
2018-11-21,146.82,146.82,143.83,144.05,,2525622.0
2018-11-23,143.01,144.87,142.46,144.01,,938816.0
2018-11-26,145.48,146.35,144.42,145.35,,2127521.0
2018-11-27,145.02,146.25,144.54,146.01,,1929975.0
2018-11-28,146.83,148.99,146.17,148.85,,2783964.0
2018-11-29,148.85,149.08,147.57,147.8,,2414584.0
2018-11-30,148.45,150.99,147.72,150.97,,5832783.0
2018-12-03,152.3,153.31,151.12,153.08,,2319777.0
2018-12-04,152.75,154.5,150.58,150.69,,3108890.0
2018-12-06,147.47,148.42,143.74,146.13,,6012221.0
2018-12-07,145.79,147.54,143.37,144.48,,3090006.0
2018-12-10,144.09,145.58,141.69,144.73,,2280826.0
2018-12-11,146.82,147.58,144.45,145.26,,1786296.0
2018-12-12,147.06,147.93,145.47,145.56,,2423360.0
2018-12-13,146.63,147.82,146.11,147.05,,2227080.0
2018-12-14,145.29,145.57,142.34,142.72,,2336127.0
2018-12-17,141.99,142.22,138.45,139.18,,2755024.0
2018-12-18,140.7,141.34,138.7,139.61,,2692631.0
2018-12-19,139.75,143.34,137.26,138.53,,3261060.0
2018-12-20,133.98,135.08,128.0,131.68,,6409219.0
2018-12-21,129.41,132.92,125.65,125.9,,6236911.0
2018-12-24,125.33,125.64,122.6,122.66,,2305355.0
2018-12-26,123.7,127.57,121.71,127.56,,2488592.0
2018-12-27,125.82,128.85,123.6,128.85,,2684148.0
2018-12-28,129.4,130.12,127.38,128.3,,2015596.0
2018-12-31,128.84,129.65,127.91,129.4,,1826426.0
2019-01-02,127.49,129.56,126.89,129.01,,2059602.0
2019-01-03,127.67,128.07,124.41,124.61,,2801252.0
2019-01-04,126.74,129.7,126.18,129.45,,2296417.0
2019-01-07,129.23,130.64,128.33,129.9,,2315636.0
2019-01-08,132.72,134.72,130.94,133.19,,2647835.0
2019-01-09,133.3,135.08,133.19,133.86,,2181498.0
2019-01-10,132.75,135.01,132.39,134.91,,1836305.0
2019-01-11,131.23,135.29,131.23,134.19,,2004135.0
2019-01-14,132.86,133.66,132.28,132.99,,1484464.0
2019-01-15,133.13,135.35,133.07,134.79,,1543778.0
2019-01-16,136.53,137.15,135.55,135.7,,2677121.0
2019-01-17,135.11,137.3,135.11,136.84,,1814674.0
2019-01-18,137.65,138.93,136.83,138.06,,2470548.0
2019-01-22,137.19,138.01,135.73,136.7,,1950252.0
2019-01-23,137.52,138.5,135.3,136.2,,1989430.0
2019-01-24,136.55,137.93,136.43,137.78,,1947456.0
2019-01-25,139.1,139.68,138.53,139.34,,1742762.0
2019-01-28,138.31,139.7,137.83,139.7,,2046501.0
2019-01-29,139.5,139.86,138.66,139.5,,1963230.0
2019-01-30,139.96,141.78,139.33,141.4,,1679363.0
2019-01-31,140.86,142.14,140.51,140.9,,2115623.0
2019-02-01,141.55,142.44,141.0,142.0,,1957430.0
2019-02-04,142.23,143.74,141.53,143.66,,1666079.0
2019-02-05,143.84,144.45,143.66,144.36,,1985677.0
2019-02-06,144.21,145.01,143.97,144.22,,1375103.0
2019-02-07,143.01,143.15,141.49,142.4,,2109947.0
2019-02-08,141.45,143.11,141.33,142.78,,2300033.0
2019-02-11,143.15,144.34,142.25,142.53,,1410528.0
2019-02-12,143.18,144.1,142.82,143.73,,1861254.0
2019-02-13,144.07,145.48,143.94,145.01,,1952140.0
2019-02-14,144.73,145.76,143.83,144.85,,1552961.0
2019-02-15,145.98,146.21,145.2,146.12,,2395244.0
2019-02-19,145.55,146.91,145.16,146.35,,1656522.0
2019-02-20,146.62,146.93,145.38,146.56,,1942259.0
2019-02-21,146.44,146.87,145.79,146.39,,1835727.0
2019-02-22,146.99,148.5,146.79,148.2,,1679308.0
2019-02-25,148.71,149.03,148.23,148.35,,1368003.0
2019-02-26,148.31,149.12,147.78,148.05,,1526192.0
2019-02-27,147.6,147.98,146.94,147.4,,1536250.0
2019-02-28,147.65,148.66,147.18,148.09,,2017270.0
2019-03-01,149.58,151.32,149.28,150.68,,2227605.0
2019-03-04,151.18,151.34,147.66,149.41,,1896316.0
2019-03-05,149.55,150.41,149.13,150.19,,1564943.0
2019-03-06,150.55,150.55,148.97,149.02,,1733268.0
2019-03-07,148.85,149.07,147.54,148.52,,1654983.0
2019-03-08,147.74,148.48,147.28,148.37,,1458083.0
2019-03-11,149.1,150.56,148.65,150.44,,1240427.0
2019-03-12,150.94,152.16,150.24,150.48,,2351166.0
2019-03-13,151.38,151.67,150.18,150.59,,2095157.0
2019-03-14,150.91,151.35,150.59,151.25,,2270066.0
2019-03-15,151.41,153.28,151.32,152.69,,3737186.0
2019-03-18,153.02,153.65,151.54,152.72,,1592110.0
2019-03-19,153.35,153.82,151.9,152.51,,1949569.0
2019-03-20,152.7,153.48,151.24,152.58,,2128784.0
2019-03-21,151.58,155.01,151.58,154.38,,1666372.0
2019-03-22,153.98,154.55,151.51,151.63,,1602613.0
2019-03-25,151.39,151.84,150.49,151.48,,1769893.0
2019-03-26,152.77,153.8,152.27,153.19,,1777791.0
2019-03-27,153.25,153.98,151.75,152.76,,2376173.0
2019-03-28,156.84,162.87,156.44,160.7,,5398714.0
2019-03-29,160.86,162.39,160.54,161.52,,2773014.0
2019-04-01,161.05,161.98,160.39,161.8,,2977921.0
2019-04-02,161.35,162.01,160.18,160.93,,1923551.0
2019-04-03,161.41,162.78,161.03,162.6,,2481837.0
2019-04-04,162.6,162.83,161.38,162.57,,2270157.0
2019-04-05,162.83,163.73,162.46,163.48,,1861494.0
2019-04-08,163.04,164.33,162.76,164.17,,1373468.0
2019-04-09,163.11,163.77,162.68,163.09,,1813989.0
2019-04-10,163.58,164.46,162.93,163.76,,1582598.0
2019-04-11,163.93,165.12,163.67,165.02,,1417211.0
2019-04-12,165.15,165.95,164.5,165.28,,2663423.0
2019-04-15,165.07,166.2,164.64,165.89,,1619779.0
2019-04-16,166.35,166.44,164.93,165.67,,1618240.0
2019-04-17,166.15,166.54,165.52,165.57,,1637446.0
2019-04-18,165.35,165.61,164.12,165.25,,1319677.0
2019-04-22,163.99,164.92,163.78,164.75,,1393852.0
2019-04-23,164.87,167.05,164.65,166.98,,1785525.0
2019-04-24,167.33,167.84,166.79,167.29,,1464283.0
2019-04-25,167.07,167.07,165.25,166.49,,1035343.0
2019-04-26,166.65,167.32,165.7,167.31,,1010262.0
2019-04-29,167.26,168.13,167.13,167.66,,1111861.0
2019-04-30,168.0,169.16,167.62,169.01,,1535810.0
2019-05-01,169.5,169.64,167.73,167.75,,1242440.0
2019-05-02,167.46,168.69,165.14,165.97,,1889915.0
2019-05-03,163.79,164.65,163.32,163.74,,2680151.0
2019-05-06,160.83,163.64,159.96,163.08,,1630188.0
2019-05-07,161.84,162.05,159.47,160.93,,2308518.0
2019-05-08,161.05,162.14,160.21,160.82,,1984874.0
2019-05-09,159.23,161.52,158.57,161.41,,2044771.0
2019-05-10,160.73,161.89,157.91,161.26,,2139599.0
2019-05-13,158.57,159.14,157.61,158.23,,1853848.0
2019-05-14,159.05,161.7,159.05,160.63,,2181155.0
2019-05-15,159.33,162.97,159.3,162.28,,2060834.0
2019-05-16,163.09,166.31,162.94,164.84,,2232076.0
2019-05-17,163.2,165.79,163.2,164.99,,1551054.0
2019-05-20,163.74,166.05,163.24,165.19,,1566035.0
2019-05-21,166.18,166.54,165.44,166.14,,1224851.0
2019-05-22,165.91,167.81,165.79,166.9,,1212257.0
2019-05-23,165.56,165.56,163.24,164.94,,1250242.0
2019-05-24,166.13,166.84,165.28,165.44,,1288052.0
2019-05-28,165.85,166.64,164.5,165.05,,2336466.0
2019-05-29,164.35,165.33,163.4,164.33,,1547740.0
2019-05-30,164.37,166.04,164.37,165.45,,1047890.0
2019-05-31,164.2,165.27,163.29,164.75,,1799587.0
2019-06-03,164.57,165.02,161.2,162.06,,1774584.0
2019-06-04,164.01,164.71,162.62,164.66,,2269684.0
2019-06-05,166.0,166.86,165.05,166.13,,1492153.0
2019-06-06,166.54,167.44,165.92,166.91,,1737729.0
2019-06-07,168.05,170.45,167.71,169.24,,1965930.0
2019-06-10,170.54,171.41,169.99,170.65,,1524978.0
2019-06-11,171.87,172.72,169.38,169.66,,1423354.0
2019-06-12,169.89,171.23,169.52,170.78,,1402136.0
2019-06-13,171.97,172.18,170.46,171.12,,1323687.0
2019-06-14,170.85,171.93,170.37,171.14,,1864791.0
2019-06-17,171.16,171.47,170.03,170.15,,1177874.0
2019-06-18,171.15,171.78,170.51,170.7,,1972568.0
2019-06-19,170.91,171.52,169.78,170.19,,2023532.0
2019-06-20,170.97,172.98,170.68,172.57,,2121985.0
2019-06-21,173.11,173.3,171.34,171.68,,3306585.0
2019-06-24,172.15,173.15,171.7,172.19,,1703151.0
2019-06-25,172.57,172.7,170.68,171.07,,1863549.0
2019-06-26,171.75,172.02,169.6,169.6,,2395277.0
2019-06-27,165.43,169.41,164.68,169.31,,3434646.0
2019-06-28,170.45,171.63,169.19,170.95,,2937898.0
2019-07-01,171.01,172.98,170.64,172.89,,2404744.0
2019-07-02,172.93,174.62,172.31,174.49,,2123522.0
2019-07-03,175.17,176.69,174.03,176.69,,1106937.0
2019-07-05,175.72,177.4,174.17,177.08,,2111254.0
2019-07-08,176.77,176.84,175.66,176.08,,1877198.0
2019-07-09,174.93,176.85,174.93,176.8,,1732512.0
2019-07-10,177.19,177.72,176.7,177.37,,1584398.0
2019-07-11,178.09,180.11,177.87,180.11,,1922228.0
2019-07-12,180.42,181.55,179.32,181.54,,2059365.0
2019-07-15,181.54,181.67,180.49,180.71,,1267005.0
2019-07-16,180.55,180.97,178.92,179.72,,1460054.0
2019-07-17,180.27,180.52,179.06,179.31,,1557712.0
2019-07-18,179.2,181.01,178.74,180.25,,1562376.0
2019-07-19,180.26,181.3,179.36,179.43,,1583180.0
2019-07-22,180.09,180.79,179.78,179.9,,1090004.0
2019-07-23,180.71,180.88,178.57,179.92,,1111757.0
2019-07-24,179.49,180.0,178.45,179.93,,1250881.0
2019-07-25,180.42,180.97,179.2,180.39,,1531045.0
2019-07-26,180.51,182.29,180.03,182.2,,1255354.0
2019-07-29,182.27,182.7,181.53,182.59,,1319729.0
2019-07-30,181.68,182.48,180.74,181.02,,1143875.0
2019-07-31,181.4,181.7,176.26,178.18,,1566043.0
2019-08-01,178.87,182.47,178.78,179.64,,1837094.0
2019-08-02,179.93,179.93,176.25,178.57,,1833142.0
2019-08-05,175.4,176.71,170.45,171.67,,2422017.0
2019-08-06,172.71,175.38,172.56,174.69,,2055580.0
2019-08-07,173.21,175.2,170.61,174.74,,2495136.0
2019-08-08,175.79,179.75,175.22,179.66,,1804069.0
2019-08-09,179.13,179.19,175.98,177.16,,1831838.0
2019-08-12,177.16,177.54,175.16,175.79,,1802540.0
2019-08-13,174.64,178.58,174.64,178.45,,2139683.0
2019-08-14,176.16,177.08,172.84,172.99,,2316494.0
2019-08-15,173.34,176.0,172.74,175.38,,1932571.0
2019-08-16,176.83,179.18,176.22,178.77,,2526872.0
2019-08-19,180.42,181.61,179.97,180.58,,1891034.0
2019-08-20,180.52,181.32,178.68,179.68,,1423474.0
2019-08-21,181.05,182.12,180.48,181.09,,1044737.0
2019-08-22,181.77,182.24,179.74,181.66,,1160851.0
2019-08-23,180.42,183.13,177.24,178.39,,2290363.0
2019-08-26,179.8,180.85,179.0,180.85,,1642518.0
2019-08-27,181.36,182.64,180.64,182.41,,1632696.0
2019-08-28,182.16,182.76,180.02,182.12,,1326208.0
2019-08-29,183.19,184.96,182.67,183.88,,1494242.0
2019-08-30,185.04,185.67,182.05,183.35,,2176628.0
2019-09-03,181.67,182.97,180.82,181.11,,1696454.0
2019-09-04,183.03,183.52,182.61,182.92,,1250656.0
2019-09-05,184.86,184.86,183.61,184.57,,2216109.0
2019-09-06,185.04,187.63,184.15,186.08,,2184065.0
2019-09-09,185.94,186.08,178.42,180.26,,2696090.0
2019-09-10,178.55,179.06,173.84,175.47,,3630960.0
2019-09-11,175.79,178.07,175.09,177.06,,2430201.0
2019-09-12,180.14,181.55,177.58,180.9,,2122176.0
2019-09-13,181.34,181.34,179.45,180.06,,1592554.0
2019-09-16,178.91,180.62,178.57,179.64,,1356294.0
2019-09-17,178.9,181.15,178.9,180.37,,1465897.0
2019-09-18,179.66,180.04,177.21,179.61,,1895580.0
2019-09-19,179.93,181.46,179.69,180.11,,1578574.0
2019-09-20,180.46,181.55,178.06,178.65,,2652417.0
2019-09-23,177.95,179.43,177.65,178.42,,1669831.0
2019-09-24,179.9,181.22,175.59,175.92,,2964087.0
2019-09-25,177.27,177.64,174.6,176.59,,2839383.0
2019-09-26,173.99,178.88,173.27,177.75,,3729619.0
2019-09-27,179.08,179.1,176.15,177.07,,2012542.0
2019-09-30,177.17,178.89,177.09,177.96,,2027320.0
2019-10-01,178.2,178.91,175.24,175.44,,2074543.0
2019-10-02,174.25,174.54,169.21,171.02,,2945581.0
2019-10-03,171.46,172.17,169.17,171.91,,2210398.0
2019-10-04,172.84,175.62,172.18,175.46,,1582556.0
2019-10-07,174.21,174.59,172.82,172.84,,1650409.0
2019-10-08,171.54,171.83,168.39,168.57,,2283676.0
2019-10-09,170.04,171.44,169.52,170.55,,1795079.0
2019-10-10,170.08,171.04,168.94,170.08,,2126866.0
2019-10-11,171.82,173.67,170.92,171.14,,2385165.0
2019-10-14,171.5,172.39,170.44,171.63,,1350313.0
2019-10-15,171.92,173.37,171.68,173.01,,1466712.0
2019-10-16,171.52,173.75,171.12,173.36,,1925404.0
2019-10-17,173.72,174.06,172.05,172.86,,1491370.0
2019-10-18,173.63,174.81,173.39,173.83,,2896692.0
2019-10-21,173.71,174.26,172.26,174.07,,1347967.0
2019-10-22,174.01,174.79,169.43,169.78,,1773966.0
2019-10-23,169.47,171.75,169.08,171.03,,2276462.0
2019-10-24,171.94,173.77,171.57,171.9,,2017655.0
2019-10-25,171.59,171.74,170.06,170.1,,1389245.0
2019-10-28,171.35,172.76,169.63,169.92,,1832708.0
2019-10-29,169.62,172.59,169.45,171.71,,1553999.0
2019-10-30,172.04,173.79,171.24,173.37,,1243282.0
2019-10-31,172.98,174.74,171.28,172.29,,1574829.0
2019-11-01,173.48,175.01,172.93,174.89,,1502137.0
2019-11-04,175.16,175.77,174.12,174.5,,1156782.0
2019-11-05,174.68,174.68,172.34,173.64,,1535399.0
2019-11-06,173.75,175.86,173.67,175.83,,1652201.0
2019-11-07,175.9,176.73,175.31,175.7,,1676799.0
2019-11-08,175.3,176.27,174.94,176.26,,1282364.0
2019-11-11,175.39,176.97,175.2,176.6,,1167010.0
2019-11-12,176.7,178.08,176.42,177.87,,1522849.0
2019-11-13,177.61,180.98,177.0,180.72,,1922740.0
2019-11-14,180.26,182.5,180.1,182.35,,1672930.0
2019-11-15,182.03,183.57,181.94,182.87,,2426211.0
2019-11-18,183.45,184.86,182.82,184.0,,1561030.0
2019-11-19,184.16,184.67,183.41,184.29,,1342180.0
2019-11-20,184.65,185.61,182.83,183.71,,1477340.0
2019-11-21,183.44,183.91,182.25,182.84,,1217370.0
2019-11-22,184.02,184.37,181.28,182.73,,1117880.0
2019-11-25,183.64,184.33,183.42,184.31,,1951868.0
2019-11-26,184.31,186.76,183.76,186.69,,2324478.0
2019-11-27,186.34,187.1,185.08,187.0,,1205044.0
2019-11-29,186.99,187.38,185.84,186.91,,750578.0
2019-12-02,187.17,187.41,184.02,185.45,,1262291.0
2019-12-03,183.55,185.18,182.56,184.67,,1539867.0
2019-12-04,185.61,186.2,185.13,185.44,,1221849.0
2019-12-05,185.84,185.86,184.79,185.7,,1816575.0
2019-12-06,187.14,188.46,186.29,188.2,,1345728.0
2019-12-09,187.48,188.51,187.17,187.72,,1976293.0
2019-12-10,187.72,187.93,186.64,187.58,,1403003.0
2019-12-11,187.81,188.27,186.15,187.97,,1665220.0
2019-12-12,187.84,189.95,186.99,189.48,,1932584.0
2019-12-13,188.68,192.08,188.63,192.02,,1648289.0
2019-12-16,192.45,193.88,190.45,190.48,,2702378.0
2019-12-17,190.48,191.15,188.58,188.99,,2377375.0
2019-12-18,189.18,191.57,189.1,191.19,,3002706.0
2019-12-19,187.75,193.55,187.75,193.55,,3759678.0
2019-12-20,196.16,198.15,194.26,196.15,,4148814.0
2019-12-23,196.02,196.33,194.05,195.9,,2220882.0
2019-12-24,195.79,196.68,195.65,196.62,,998507.0
2019-12-26,196.62,197.1,196.3,197.03,,1059826.0
2019-12-27,197.4,197.57,196.62,197.19,,1292186.0
2019-12-30,197.21,197.21,194.24,195.72,,1193852.0
2019-12-31,195.11,196.11,194.61,195.66,,1371009.0
2020-01-02,195.93,196.91,194.02,195.27,,2431126.0
2020-01-03,193.73,195.71,192.34,194.94,,1802086.0
2020-01-06,193.52,194.0,192.16,193.67,,2840016.0
2020-01-07,188.81,191.65,188.8,189.49,,3098262.0
2020-01-08,189.55,190.9,189.12,189.86,,2271348.0
2020-01-09,190.95,192.6,190.63,191.55,,2910618.0
2020-01-10,192.27,193.56,192.09,192.95,,1573055.0
2020-01-13,192.79,194.98,192.79,194.75,,2202783.0
2020-01-14,194.71,196.06,192.37,193.02,,2499113.0
2020-01-15,194.01,194.42,192.83,193.32,,1985994.0
2020-01-16,194.15,195.04,193.92,194.93,,2691614.0
2020-01-17,195.88,196.49,194.34,195.13,,2584508.0
2020-01-21,193.55,196.03,193.08,195.09,,2687176.0
2020-01-22,196.07,197.61,195.27,195.33,,1873641.0
2020-01-23,195.32,196.64,194.83,196.51,,2368412.0
2020-01-24,196.81,197.36,194.06,194.55,,2348904.0
2020-01-27,191.38,193.87,191.08,192.66,,1381344.0
2020-01-28,193.89,196.78,193.31,196.1,,1810188.0
2020-01-29,196.51,197.01,193.82,193.98,,1491605.0
2020-01-30,193.55,194.88,191.4,194.36,,1579621.0
2020-01-31,194.48,195.53,190.28,191.41,,1793599.0
2020-02-03,191.53,194.41,191.45,193.83,,2345722.0
2020-02-04,195.88,199.42,195.65,198.24,,2242773.0
2020-02-05,199.51,200.04,196.26,197.95,,2102467.0
2020-02-06,198.68,199.97,198.03,199.76,,1611464.0
2020-02-07,199.0,199.04,196.9,197.35,,1447728.0
2020-02-10,196.06,198.65,196.06,198.26,,1421563.0
2020-02-11,199.03,199.59,197.52,197.88,,1321019.0
2020-02-12,197.93,198.56,197.32,197.74,,1801311.0
2020-02-13,195.76,199.18,195.26,198.12,,1721214.0
2020-02-14,198.91,199.18,197.14,198.09,,2096562.0
2020-02-18,198.21,199.67,197.0,199.39,,1699427.0
2020-02-19,200.54,201.84,199.97,201.4,,1806042.0
2020-02-20,201.36,201.78,197.38,199.52,,1481699.0
2020-02-21,198.3,199.19,196.34,197.64,,2088805.0
2020-02-24,190.72,193.89,189.77,190.62,,2600382.0
2020-02-25,191.01,191.66,182.69,183.85,,2882885.0
2020-02-26,185.31,187.9,181.69,182.51,,2671068.0
2020-02-27,179.28,181.28,173.84,173.9,,3040123.0
2020-02-28,168.14,170.88,163.51,168.45,,5785204.0
2020-03-02,169.76,177.06,166.05,176.8,,4317868.0
2020-03-03,177.01,179.0,168.48,169.97,,3514000.0
2020-03-04,173.31,176.95,171.91,176.16,,3875395.0
2020-03-05,172.64,174.86,168.76,170.28,,3548239.0
2020-03-06,165.52,168.19,162.23,166.73,,3284386.0
2020-03-09,154.28,159.39,149.34,153.08,,5112245.0
2020-03-10,159.58,162.99,154.88,162.82,,4349451.0
2020-03-11,157.94,159.66,151.71,154.01,,5076118.0
2020-03-12,142.71,148.08,137.19,142.27,,6357919.0
2020-03-13,149.82,155.5,142.65,155.31,,5741835.0
2020-03-16,138.32,155.31,133.86,142.28,,5324860.0
2020-03-17,143.65,149.86,142.23,147.11,,6081140.0
2020-03-18,141.38,149.06,132.45,140.99,,5858322.0
2020-03-19,141.18,165.85,141.18,147.84,,6338232.0
2020-03-20,146.94,148.75,137.51,139.86,,6449664.0
2020-03-23,138.06,138.06,127.93,134.03,,6173727.0
2020-03-24,142.02,147.03,139.44,146.3,,4684046.0
2020-03-25,145.92,148.95,138.15,141.61,,4795480.0
2020-03-26,143.09,160.06,139.91,159.82,,5194360.0
2020-03-27,153.91,157.91,149.81,151.93,,3802436.0
2020-03-30,153.08,158.91,152.77,158.4,,2731326.0
2020-03-31,156.17,158.46,151.26,152.28,,2956536.0
2020-04-01,147.91,150.01,142.32,144.28,,2973074.0
2020-04-02,143.69,149.71,143.23,145.76,,3030044.0
2020-04-03,145.14,148.05,138.31,141.92,,3766617.0
2020-04-06,148.29,155.54,146.48,154.89,,3089966.0
2020-04-07,159.58,159.96,152.91,153.08,,3002465.0
2020-04-08,155.38,161.08,153.97,160.18,,2466219.0
2020-04-09,161.58,167.78,160.91,165.96,,3743653.0
2020-04-13,164.33,165.11,158.16,160.97,,1918370.0
2020-04-14,165.1,166.86,164.18,166.12,,2874967.0
2020-04-15,163.35,163.36,158.28,158.8,,2504567.0
2020-04-16,160.5,161.24,156.99,157.4,,3051135.0
2020-04-17,161.68,164.15,161.24,164.09,,4759062.0
2020-04-20,161.75,165.78,160.97,163.76,,2511654.0
2020-04-21,160.09,161.94,155.3,155.79,,2711361.0
2020-04-22,159.36,162.45,158.58,161.48,,1921217.0
2020-04-23,162.47,164.3,161.32,162.04,,3027900.0
2020-04-24,165.32,165.32,161.73,164.44,,2121074.0
2020-04-27,165.16,169.2,165.13,168.16,,2457808.0
2020-04-28,170.64,171.74,165.79,167.15,,2160130.0
2020-04-29,170.85,176.35,170.28,175.77,,2957573.0
2020-04-30,173.87,174.76,172.62,173.55,,2740796.0
2020-05-01,170.29,171.49,168.0,168.77,,2064179.0
2020-05-04,166.8,169.29,165.77,168.25,,1710855.0
2020-05-05,170.64,172.34,169.63,170.21,,1621909.0
2020-05-06,170.66,171.03,167.8,169.05,,1474938.0
2020-05-07,171.49,175.65,171.03,175.35,,2295363.0
2020-05-08,177.11,177.92,175.89,176.71,,1778596.0
2020-05-11,174.77,177.62,173.65,175.95,,2013769.0
2020-05-12,176.04,178.05,174.02,174.05,,1912253.0
2020-05-13,173.41,173.51,167.52,169.63,,2349306.0
2020-05-14,167.47,168.7,163.95,168.68,,2773299.0
2020-05-15,167.16,172.4,166.66,172.33,,3630025.0
2020-05-18,177.12,181.94,176.29,180.64,,2254666.0
2020-05-19,180.4,182.29,177.99,178.15,,1784090.0
2020-05-20,180.4,183.38,180.15,182.92,,2294760.0
2020-05-21,182.47,183.23,180.59,181.34,,1372961.0
2020-05-22,181.89,182.64,179.12,181.54,,1317507.0
2020-05-26,186.89,187.42,183.71,184.06,,2408717.0
2020-05-27,185.91,187.39,183.88,187.37,,2000474.0
2020-05-28,187.44,191.35,187.44,189.0,,2280638.0
2020-05-29,188.83,189.69,186.21,188.95,,2535390.0
2020-06-01,188.88,190.95,187.31,190.6,,1530749.0
2020-06-02,191.27,192.86,189.63,192.85,,1939145.0
2020-06-03,191.58,194.77,191.47,194.26,,1605416.0
2020-06-04,193.14,194.73,189.62,190.34,,2451436.0
2020-06-05,193.05,196.54,191.92,195.39,,2537902.0
2020-06-08,194.47,198.04,193.99,198.0,,1626898.0
2020-06-09,196.23,196.61,192.59,194.31,,2269473.0
2020-06-10,194.24,197.58,192.96,196.27,,2076570.0
2020-06-11,192.61,193.01,183.57,183.64,,4046634.0
2020-06-12,188.46,189.71,184.91,188.92,,2590091.0
2020-06-15,184.14,188.13,182.59,187.24,,2310793.0
2020-06-16,190.58,193.88,189.42,191.56,,2153965.0
2020-06-17,193.08,193.37,190.85,192.31,,1594775.0
2020-06-18,189.05,190.4,186.77,190.18,,2227265.0
2020-06-19,194.5,195.2,188.86,188.89,,3710043.0
2020-06-22,188.18,191.26,186.94,189.87,,2453578.0
2020-06-23,192.47,196.5,192.47,194.37,,2203796.0
2020-06-24,192.6,194.37,187.9,189.16,,2752563.0
2020-06-25,199.62,204.2,198.21,203.66,,4689669.0
2020-06-26,203.16,203.3,197.81,199.12,,3348420.0
2020-06-29,196.95,199.98,196.95,199.35,,2247887.0
2020-06-30,199.03,202.09,198.8,201.23,,3136355.0
2020-07-01,201.02,203.27,200.44,201.11,,2125991.0
2020-07-02,202.96,204.72,201.4,202.17,,2003413.0
2020-07-06,204.08,205.86,202.72,203.88,,1934517.0
2020-07-07,202.73,206.05,202.54,202.74,,1783774.0
2020-07-08,203.81,205.38,202.75,205.14,,1750701.0
2020-07-09,204.74,206.75,202.64,205.53,,1756734.0
2020-07-10,205.24,206.98,203.99,206.42,,1373649.0
2020-07-13,207.42,207.93,201.71,202.18,,2089958.0
2020-07-14,201.3,205.59,200.09,205.39,,1747824.0
2020-07-15,206.93,209.51,205.48,206.7,,2193526.0
2020-07-16,206.72,207.52,205.61,206.09,,1408354.0
2020-07-17,206.64,209.41,205.33,208.75,,2069734.0
2020-07-20,208.81,210.79,207.03,210.15,,1371783.0
2020-07-21,211.54,212.33,209.22,209.51,,1546138.0
2020-07-22,209.51,211.39,209.22,210.91,,1488034.0
2020-07-23,210.76,212.11,208.22,209.09,,1444898.0
2020-07-24,207.12,209.91,207.12,208.28,,1542280.0
2020-07-27,208.34,211.18,207.7,210.05,,1523192.0
2020-07-28,209.79,211.4,208.71,208.98,,1422267.0
2020-07-29,208.79,212.01,208.74,211.05,,1474142.0
2020-07-30,207.69,210.68,206.72,210.67,,1408580.0
2020-07-31,210.59,211.58,207.77,211.42,,1495514.0
2020-08-03,211.63,214.46,211.12,213.68,,1631729.0
2020-08-04,212.84,214.24,212.15,213.65,,1260453.0
2020-08-05,214.4,215.77,213.94,215.11,,1155421.0
2020-08-06,214.15,217.25,214.15,217.17,,1318042.0
2020-08-07,215.63,218.09,215.13,217.8,,1275413.0
2020-08-10,216.04,217.52,215.88,216.65,,1315745.0
2020-08-11,216.88,218.69,214.6,214.99,,1757172.0
2020-08-12,216.61,217.57,215.63,216.1,,1512854.0
2020-08-13,215.95,218.57,215.33,217.96,,1745756.0
2020-08-14,216.87,218.15,215.78,216.57,,1130457.0
2020-08-17,217.7,219.88,217.25,218.8,,1393451.0
2020-08-18,219.48,220.97,218.76,220.31,,1475804.0
2020-08-19,219.91,222.45,219.91,220.69,,1671516.0
2020-08-20,220.04,222.87,219.7,222.55,,1279294.0
2020-08-21,222.79,224.14,221.04,223.38,,1976079.0
2020-08-24,223.91,225.14,221.84,223.62,,1293235.0
2020-08-25,223.79,224.54,222.64,224.05,,1501748.0
2020-08-26,224.49,226.92,223.96,226.16,,2322181.0
2020-08-27,227.97,228.34,225.74,226.56,,1295301.0
2020-08-28,227.59,228.77,225.98,228.55,,1212222.0
2020-08-31,228.84,229.06,224.89,225.67,,2001139.0
2020-09-01,224.32,225.76,223.1,225.76,,1914529.0
2020-09-02,227.53,233.09,226.53,232.49,,1702838.0
2020-09-03,230.54,231.52,223.04,224.78,,2350609.0
2020-09-04,225.9,226.56,218.12,222.04,,1946413.0
2020-09-08,217.32,221.98,216.92,218.83,,2361218.0
2020-09-09,222.73,227.02,220.86,224.71,,1670232.0
2020-09-10,226.68,229.49,218.32,219.77,,2024101.0
2020-09-11,222.38,223.63,219.39,220.82,,1301052.0
2020-09-14,223.48,226.67,222.74,224.64,,1576394.0
2020-09-15,226.09,228.37,224.8,225.93,,1297452.0
2020-09-16,227.11,230.35,224.96,225.19,,1800765.0
2020-09-17,223.29,224.88,219.98,222.75,,2002494.0
2020-09-18,220.68,224.23,219.56,222.15,,3676439.0
2020-09-21,219.0,220.08,216.36,220.01,,2305943.0
2020-09-22,220.23,222.98,218.02,222.84,,1786180.0
2020-09-23,224.36,225.13,216.68,216.94,,2688126.0
2020-09-24,205.86,207.35,200.48,201.68,,4828701.0
2020-09-25,200.37,202.29,197.92,201.88,,3691103.0
2020-09-28,206.07,210.59,205.33,209.54,,2587689.0
2020-09-29,210.1,211.79,209.1,210.76,,2589025.0
2020-09-30,211.88,214.73,211.27,212.56,,2250157.0
2020-10-01,213.85,215.62,210.72,211.8,,1928782.0
2020-10-02,208.86,211.55,208.2,209.18,,1936069.0
2020-10-05,211.04,211.57,208.85,210.21,,1446008.0
2020-10-06,210.3,211.88,207.01,207.26,,2286278.0
2020-10-07,208.71,211.28,206.97,210.17,,2005752.0
2020-10-08,212.61,213.31,210.66,212.2,,1394410.0
2020-10-09,213.26,216.31,213.2,215.93,,1312471.0
2020-10-12,216.87,218.83,214.88,217.72,,1524276.0
2020-10-13,217.84,218.96,216.04,216.58,,1634008.0
2020-10-14,216.11,218.96,215.58,216.63,,1443841.0
2020-10-15,213.0,217.81,212.69,216.0,,1273410.0
2020-10-16,216.25,219.0,215.92,217.21,,1796451.0
2020-10-19,217.38,220.23,213.12,213.61,,1904489.0
2020-10-20,214.05,219.32,213.81,217.53,,1783836.0
2020-10-21,217.07,221.3,216.27,220.09,,1701797.0
2020-10-22,220.09,221.61,215.14,215.41,,1661281.0
2020-10-23,214.99,216.98,214.27,216.88,,1187637.0
2020-10-26,212.78,215.27,206.17,207.0,,2162125.0
2020-10-27,208.32,210.56,207.92,208.35,,1567844.0
2020-10-28,204.71,205.77,201.04,202.0,,2412275.0
2020-10-29,203.48,206.34,200.59,204.36,,1499126.0
2020-10-30,203.27,205.66,201.72,204.81,,1972663.0
2020-11-02,206.94,210.71,206.14,207.9,,2087153.0
2020-11-03,209.61,215.06,209.07,213.11,,1544039.0
2020-11-04,212.44,218.01,211.88,215.2,,1724972.0
2020-11-05,220.35,222.94,219.45,220.93,,1954847.0
2020-11-06,221.9,223.77,218.18,223.1,,1417555.0
2020-11-09,226.5,234.16,226.29,226.81,,3052075.0
2020-11-10,225.29,226.23,222.43,225.39,,2818014.0
2020-11-11,227.51,230.46,226.73,229.2,,1757203.0
2020-11-12,228.5,229.52,223.67,224.86,,1672162.0
2020-11-13,226.6,228.89,224.8,228.29,,1456207.0
2020-11-16,230.27,232.92,229.1,231.28,,1631516.0
2020-11-17,229.79,231.79,227.82,230.21,,1318080.0
2020-11-18,229.78,230.21,226.18,226.35,,1613201.0
2020-11-19,228.03,229.88,225.37,229.63,,1611716.0
2020-11-20,230.34,232.27,228.74,229.86,,1771895.0
2020-11-23,231.05,232.9,229.03,232.46,,1288696.0
2020-11-24,233.6,236.13,232.17,236.05,,1825083.0
2020-11-25,236.05,236.43,234.46,235.42,,1433966.0
2020-11-27,236.12,236.91,234.64,236.16,,888139.0
2020-11-30,235.16,236.46,232.55,235.19,,2441581.0
2020-12-01,237.47,239.76,236.26,238.19,,1973638.0
2020-12-02,236.72,237.77,234.28,235.73,,1671131.0
2020-12-03,236.05,237.66,234.97,235.98,,1552320.0
2020-12-04,236.26,239.32,236.1,239.3,,1852700.0
2020-12-07,235.91,236.99,234.5,235.39,,1973409.0
2020-12-08,235.1,236.57,233.41,235.92,,1825620.0
2020-12-09,236.16,236.54,231.86,233.0,,2201530.0
2020-12-10,232.15,233.99,230.97,232.42,,1873986.0
2020-12-11,232.17,233.14,230.9,232.11,,1839033.0
2020-12-14,233.31,235.47,229.96,230.15,,2412569.0
2020-12-15,235.02,235.02,231.39,233.26,,2415774.0
2020-12-16,233.24,234.43,232.48,233.64,,2247981.0
2020-12-17,249.06,256.04,248.61,249.71,,4855599.0
2020-12-18,249.16,252.06,244.19,251.39,,5948251.0
2020-12-21,246.55,248.64,243.36,246.83,,2680524.0
2020-12-22,246.3,246.55,243.93,244.99,,1602940.0
2020-12-23,246.27,247.3,242.97,243.07,,1455854.0
2020-12-24,243.6,245.28,241.98,242.94,,528132.0
2020-12-28,245.24,245.84,243.97,245.19,,1051429.0
2020-12-29,246.33,246.46,242.87,243.38,,1065161.0
2020-12-30,244.24,244.78,242.84,243.17,,992768.0
2020-12-31,243.22,246.74,243.11,246.63,,1325331.0
2021-01-04,246.44,247.06,239.87,242.15,,2505131.0
2021-01-05,242.09,244.21,240.9,243.53,,1809333.0
2021-01-06,244.74,248.88,242.61,246.19,,2535648.0
2021-01-07,245.83,250.14,245.81,248.51,,2068188.0
2021-01-08,249.09,251.66,246.71,249.42,,2010661.0
2021-01-11,248.16,249.94,245.75,245.82,,1745183.0
2021-01-12,245.6,246.64,241.73,243.98,,1874934.0
2021-01-13,242.97,245.47,242.97,243.56,,1870727.0
2021-01-14,243.73,243.73,240.76,241.59,,2253238.0
2021-01-15,240.29,242.51,239.73,240.32,,1915109.0
2021-01-19,241.04,243.77,240.41,242.39,,2249461.0
2021-01-20,244.43,248.59,243.49,247.91,,2081643.0
2021-01-21,246.77,248.05,243.4,244.38,,1625568.0
2021-01-22,241.94,242.89,240.24,241.38,,2049627.0
2021-01-25,238.62,240.45,235.97,238.79,,1921644.0
2021-01-26,239.88,241.03,237.94,239.69,,1345509.0
2021-01-27,235.59,238.01,231.54,233.16,,1833069.0
2021-01-28,236.14,239.51,235.09,236.23,,1794214.0
2021-01-29,235.19,236.13,229.02,229.2,,2494447.0
2021-02-01,233.16,235.81,231.14,234.55,,1559691.0
2021-02-02,236.86,238.21,235.55,235.67,,2007709.0
2021-02-03,235.14,236.96,233.63,235.31,,2470492.0
2021-02-04,236.44,239.73,233.93,239.71,,1702175.0
2021-02-05,240.73,242.3,238.9,240.21,,1497684.0
2021-02-08,240.57,243.82,240.42,243.78,,1508696.0
2021-02-09,242.84,245.2,242.17,244.13,,1542437.0
2021-02-10,244.46,245.56,242.41,243.43,,1425420.0
2021-02-11,244.44,246.32,243.53,245.36,,1285423.0
2021-02-12,243.92,245.0,241.98,243.93,,1219178.0
2021-02-16,244.1,245.85,242.8,243.54,,1606694.0
2021-02-17,243.16,247.86,242.32,245.18,,1880034.0
2021-02-18,242.15,244.53,241.31,244.09,,1664305.0
2021-02-19,244.87,244.91,240.8,240.92,,2038413.0
2021-02-22,239.41,240.81,236.94,239.35,,1474943.0
2021-02-23,238.34,244.37,237.42,242.72,,2191308.0
2021-02-24,239.9,246.78,239.53,245.64,,2476293.0
2021-02-25,245.37,245.48,239.3,240.44,,2065145.0
2021-02-26,241.82,242.4,236.68,237.71,,2620982.0
2021-03-01,240.65,246.14,240.65,244.59,,1954679.0
2021-03-02,244.59,247.39,243.59,245.6,,2099800.0
2021-03-03,246.24,246.33,240.69,240.82,,2114420.0
2021-03-04,239.54,241.25,232.28,234.01,,2590392.0
2021-03-05,236.14,237.5,231.59,236.39,,3236464.0
2021-03-08,241.22,242.34,236.13,236.28,,2856067.0
2021-03-09,239.24,243.92,238.41,241.0,,2729187.0
2021-03-10,242.82,244.66,241.22,243.62,,2045992.0
2021-03-11,246.33,254.02,246.33,252.37,,2972037.0
2021-03-12,251.05,252.25,248.89,251.02,,1828588.0
2021-03-15,249.83,252.57,249.63,252.26,,2295775.0
2021-03-16,253.17,253.21,249.27,249.67,,2185561.0
2021-03-17,249.68,252.28,247.88,250.38,,2626454.0
2021-03-18,253.17,257.24,250.2,252.86,,4089881.0
2021-03-19,252.35,254.96,247.4,249.91,,4460510.0
2021-03-22,249.32,251.95,248.56,251.26,,2295739.0
2021-03-23,251.54,253.08,250.47,252.04,,2160255.0
2021-03-24,251.94,255.61,251.73,253.48,,2160639.0
2021-03-25,252.19,255.33,251.83,254.49,,1714724.0
2021-03-26,254.38,266.51,254.38,266.01,,3171950.0
2021-03-29,263.59,266.5,263.14,264.84,,2398744.0
2021-03-30,265.08,265.36,261.98,263.91,,1763120.0
2021-03-31,263.86,264.59,261.58,261.73,,2375794.0
2021-04-01,263.97,264.12,261.55,263.71,,2301965.0
2021-04-05,264.34,267.83,264.14,266.35,,2631275.0
2021-04-06,266.63,268.17,264.95,266.82,,1786624.0
2021-04-07,267.15,268.72,266.32,267.71,,2736294.0
2021-04-08,269.18,270.34,268.34,269.47,,1600609.0
2021-04-09,270.02,272.69,268.69,272.58,,1787837.0
2021-04-12,270.94,272.95,270.15,272.42,,1437563.0
2021-04-13,271.53,271.97,269.15,270.23,,2228040.0
2021-04-14,270.26,272.56,269.03,270.32,,1903608.0
2021-04-15,272.05,272.92,270.29,271.0,,2047477.0
2021-04-16,271.0,273.19,270.86,272.72,,2625463.0
2021-04-19,272.85,272.97,270.77,272.32,,1437060.0
2021-04-20,271.74,274.56,271.57,274.27,,1889813.0
2021-04-21,275.29,276.7,273.5,276.29,,1585981.0
2021-04-22,276.55,278.72,274.8,275.76,,1460430.0
2021-04-23,275.78,278.35,275.32,277.26,,1505286.0
2021-04-26,277.12,277.86,274.5,275.15,,1420710.0
2021-04-27,275.67,276.45,273.77,275.84,,1270917.0
2021-04-28,276.29,276.98,275.43,275.86,,1159940.0
2021-04-29,277.58,278.72,276.17,278.02,,1247772.0
2021-04-30,276.34,276.48,274.05,275.58,,1969179.0
2021-05-03,278.39,278.85,276.9,277.67,,1300351.0
2021-05-04,276.45,277.45,274.8,277.12,,1810733.0
2021-05-05,277.83,278.29,274.77,275.15,,1553800.0
2021-05-06,275.11,276.73,273.33,276.71,,1863192.0
2021-05-07,277.7,279.49,276.59,277.06,,1394227.0
2021-05-10,276.19,279.5,275.78,276.18,,1620690.0
2021-05-11,274.12,274.14,270.44,273.66,,1541786.0
2021-05-12,271.07,271.15,265.28,265.52,,2116587.0
2021-05-13,267.17,272.99,267.17,271.16,,1698244.0
2021-05-14,272.62,279.88,272.39,273.89,,1285600.0
2021-05-17,273.36,274.23,271.9,272.75,,1499964.0
2021-05-18,271.62,272.47,268.78,268.96,,1438405.0
2021-05-19,266.03,267.12,263.14,267.02,,1625345.0
2021-05-20,267.72,270.98,267.6,269.85,,2094665.0
2021-05-21,270.85,272.89,268.64,269.31,,2210223.0
2021-05-24,271.04,271.84,270.11,270.71,,1231298.0
2021-05-25,271.61,271.99,269.53,271.79,,1761287.0
2021-05-26,271.71,272.59,269.27,269.85,,1873464.0
2021-05-27,270.06,271.12,265.29,266.15,,7166344.0
2021-05-28,268.52,270.78,268.1,268.15,,2005678.0
2021-06-01,271.4,271.4,266.68,266.94,,1670861.0
2021-06-02,267.1,269.07,267.1,267.81,,2090035.0
2021-06-03,266.1,266.85,263.61,265.75,,1540642.0
2021-06-04,267.36,269.37,267.22,269.11,,1146226.0
2021-06-07,269.11,270.14,267.11,268.18,,1404048.0
2021-06-08,268.0,269.41,266.97,267.48,,1321418.0
2021-06-09,269.05,269.21,267.56,268.11,,1166539.0
2021-06-10,269.46,270.58,268.74,270.11,,2007198.0
2021-06-11,270.85,271.39,269.85,271.12,,1473088.0
2021-06-14,271.56,271.65,269.12,271.53,,1672434.0
2021-06-15,272.61,273.66,271.2,271.98,,1408250.0
2021-06-16,273.21,273.21,268.98,269.85,,2270300.0
2021-06-17,268.48,271.26,268.48,270.63,,1872084.0
2021-06-18,268.8,269.9,266.86,267.29,,3134046.0
2021-06-21,269.86,273.22,268.01,271.38,,1959400.0
2021-06-22,271.57,272.39,269.63,271.48,,2019774.0
2021-06-23,273.47,274.08,271.41,271.52,,2161301.0
2021-06-24,282.48,283.02,275.18,277.09,,3004034.0
2021-06-25,277.82,280.57,276.0,280.03,,4233646.0
2021-06-28,279.82,281.18,277.98,279.31,,1662419.0
2021-06-29,280.16,282.88,279.98,281.72,,2060957.0
2021-06-30,281.3,282.25,279.21,280.16,,1595366.0
2021-07-01,280.81,285.16,280.36,285.11,,3104089.0
2021-07-02,285.11,290.02,285.11,289.71,,2280128.0
2021-07-06,289.73,291.62,286.71,290.24,,1856213.0
2021-07-07,290.64,294.41,290.05,294.24,,1889909.0
2021-07-08,289.89,293.89,287.64,293.8,,1867663.0
2021-07-09,295.18,300.52,294.78,297.1,,2054031.0
2021-07-12,296.36,296.68,295.31,296.1,,1456879.0
2021-07-13,295.76,298.33,294.66,297.11,,1570650.0
2021-07-14,298.34,300.7,297.85,299.62,,1743806.0
2021-07-15,299.13,300.67,298.58,300.14,,1927829.0
2021-07-16,302.22,302.22,296.68,297.26,,2666146.0
2021-07-19,293.53,295.23,291.87,294.65,,1851644.0
2021-07-20,295.44,299.41,294.47,297.4,,1448684.0
2021-07-21,297.92,299.3,297.29,299.03,,1180339.0
2021-07-22,299.98,300.2,298.08,299.5,,1274805.0
2021-07-23,301.15,303.82,300.72,303.68,,1220966.0
2021-07-26,303.82,304.72,301.96,303.99,,1345845.0
2021-07-27,302.95,305.06,300.97,304.86,,1641049.0
2021-07-28,305.78,305.92,301.27,301.45,,2006264.0
2021-07-29,302.89,304.15,301.28,303.39,,1844129.0
2021-07-30,302.78,304.18,302.01,302.76,,2305415.0
2021-08-02,304.27,304.48,300.68,301.23,,1507184.0
2021-08-03,302.84,304.59,300.68,303.56,,1979647.0
2021-08-04,303.08,304.19,301.01,301.89,,1448293.0
2021-08-05,302.97,305.5,302.15,305.26,,1952359.0
2021-08-06,305.92,307.22,303.54,306.71,,1392597.0
2021-08-09,306.88,307.12,304.38,304.51,,1225133.0
2021-08-10,304.94,306.93,304.07,305.14,,918957.0
2021-08-11,305.56,305.79,302.18,304.77,,1841851.0
2021-08-12,304.68,306.71,303.67,306.64,,910870.0
2021-08-13,307.05,308.82,306.47,308.25,,969912.0
2021-08-16,308.78,313.07,307.96,312.83,,1781709.0
2021-08-17,312.21,314.45,311.42,313.83,,1531684.0
2021-08-18,311.99,313.72,309.14,309.3,,1636931.0
2021-08-19,307.64,313.54,307.3,312.83,,1294224.0
2021-08-20,314.32,317.88,312.9,317.02,,1727098.0
2021-08-23,318.54,319.15,317.1,317.28,,2017876.0
2021-08-24,317.49,318.31,315.21,315.36,,1451317.0
2021-08-25,316.35,318.87,315.57,317.77,,1613857.0
2021-08-26,318.76,318.76,315.68,317.57,,1702327.0
2021-08-27,318.39,320.13,317.69,319.89,,1126200.0
2021-08-30,319.26,322.74,317.28,321.17,,973810.0
2021-08-31,321.36,321.56,319.35,320.75,,1641335.0
2021-09-01,321.6,323.1,320.84,322.03,,1621136.0
2021-09-02,322.56,325.98,322.36,324.98,,1600529.0
2021-09-03,324.98,327.92,324.13,327.2,,1566085.0
2021-09-07,327.2,328.25,324.23,325.45,,1380697.0
2021-09-08,324.83,326.19,323.76,324.33,,1392851.0
2021-09-09,325.42,326.46,323.93,325.08,,1668221.0
2021-09-10,327.36,329.29,325.46,325.86,,1725414.0
2021-09-13,328.79,329.24,320.09,323.49,,1854238.0
2021-09-14,325.04,327.13,324.03,324.71,,1758771.0
2021-09-15,324.26,329.27,323.86,328.25,,1657263.0
2021-09-16,328.45,328.79,324.24,326.15,,2252682.0
2021-09-17,324.06,325.47,318.85,319.64,,4455591.0
2021-09-20,315.54,319.19,312.81,316.68,,2650268.0
2021-09-21,318.11,319.7,315.32,315.59,,2820305.0
2021-09-22,319.69,320.99,317.49,318.94,,2441069.0
2021-09-23,321.76,328.54,321.29,326.89,,4543452.0
2021-09-24,324.67,326.77,321.85,323.29,,2035894.0
2021-09-27,321.66,321.85,317.43,318.79,,2025350.0
2021-09-28,315.98,316.42,308.64,308.98,,2300504.0
2021-09-29,310.97,311.08,307.89,308.33,,1741309.0
2021-09-30,309.25,310.58,303.35,304.89,,2382121.0
2021-10-01,308.18,311.53,304.58,309.6,,1802326.0
2021-10-04,308.21,309.08,301.16,304.48,,1774504.0
2021-10-05,305.88,311.95,305.74,309.85,,1628835.0
2021-10-06,307.93,310.06,305.45,309.91,,2166411.0
2021-10-07,312.59,314.05,310.49,310.92,,1188408.0
2021-10-08,311.39,312.24,309.29,309.91,,1229883.0
2021-10-11,309.47,313.29,309.26,311.16,,1475983.0
2021-10-12,312.7,313.92,311.82,312.3,,2054577.0
2021-10-13,313.75,316.9,311.46,315.59,,1768743.0
2021-10-14,318.42,324.28,317.35,324.06,,1638398.0
2021-10-15,326.11,326.8,324.21,326.72,,2074904.0
2021-10-18,326.51,329.03,325.6,328.02,,1636829.0
2021-10-19,329.76,335.26,329.27,334.29,,2177841.0
2021-10-20,334.54,334.96,330.3,330.52,,1740200.0
2021-10-21,330.52,332.15,329.49,331.78,,1520226.0
2021-10-22,332.86,339.65,332.86,338.16,,1459455.0
2021-10-25,337.66,341.38,335.95,340.69,,1523866.0
2021-10-26,341.22,343.44,340.53,340.6,,1547667.0
2021-10-27,339.34,341.15,338.16,338.41,,1567799.0
2021-10-28,339.74,342.58,339.07,340.58,,1500838.0
2021-10-29,338.91,343.73,338.46,342.94,,1936436.0
2021-11-01,342.98,343.98,336.54,339.62,,1592768.0
2021-11-02,341.27,347.19,340.84,345.53,,2193787.0
2021-11-03,344.99,346.48,338.73,346.1,,1727555.0
2021-11-04,346.91,350.71,345.5,350.59,,1979260.0
2021-11-05,352.55,355.67,350.75,352.18,,2110579.0
2021-11-08,353.65,354.28,349.94,350.72,,1731557.0
2021-11-09,350.43,351.53,348.65,351.23,,1863247.0
2021-11-10,348.85,351.09,346.66,348.63,,1352463.0
2021-11-11,349.43,350.94,348.16,350.03,,1184312.0
2021-11-12,351.74,355.19,350.18,354.83,,1790194.0
2021-11-15,355.35,355.68,351.8,352.17,,1957364.0
2021-11-16,351.07,356.63,350.8,354.76,,2041595.0
2021-11-17,355.13,358.36,353.24,356.31,,2254592.0
2021-11-18,354.91,356.28,352.97,354.4,,2555923.0
2021-11-19,355.52,358.15,353.34,353.45,,2563897.0
2021-11-22,355.01,356.23,347.04,347.25,,2098421.0
2021-11-23,346.44,347.51,341.47,344.76,,1999477.0
2021-11-24,343.36,346.9,342.85,346.36,,2191461.0
2021-11-26,345.21,345.85,337.12,337.98,,2649354.0
2021-11-29,343.27,353.2,343.27,349.66,,2857131.0
2021-11-30,345.69,348.92,341.5,341.61,,4761227.0
2021-12-01,349.13,353.25,344.05,344.23,,2876805.0
2021-12-02,343.82,352.59,343.82,349.16,,3183137.0
2021-12-03,353.09,354.38,341.55,345.45,,2331948.0
2021-12-06,346.0,349.26,342.27,346.23,,2100218.0
2021-12-07,353.65,356.65,349.81,354.93,,1943846.0
2021-12-08,355.51,358.3,353.32,357.98,,2270970.0
2021-12-09,356.33,357.36,354.21,355.04,,1841412.0
2021-12-10,357.69,363.14,356.52,362.68,,1983999.0
2021-12-13,362.68,364.31,360.59,361.03,,2843916.0
2021-12-14,357.84,359.18,350.31,353.4,,2475241.0
2021-12-15,353.85,359.27,351.06,358.72,,2804930.0
2021-12-16,394.82,395.37,381.39,382.9,,6298493.0
2021-12-17,378.85,386.73,374.03,378.73,,4929171.0
2021-12-20,373.61,374.14,366.58,368.74,,2690878.0
2021-12-21,370.86,375.78,367.85,375.53,,2222377.0
2021-12-22,375.87,385.91,375.84,385.85,,2282493.0
2021-12-23,384.53,388.87,383.25,385.49,,1374100.0
2021-12-27,388.79,397.57,388.39,396.98,,1906324.0
2021-12-28,396.67,398.72,395.4,396.92,,1362596.0
2021-12-29,396.49,398.93,394.47,397.07,,1041751.0
2021-12-30,397.87,398.25,393.68,395.55,,1278044.0
2021-12-31,394.47,398.53,393.9,396.23,,1096161.0
2022-01-03,396.34,397.17,387.15,389.22,,2129954.0
2022-01-04,390.75,393.2,385.39,386.44,,2516360.0
2022-01-05,386.08,386.12,379.56,379.63,,2471434.0
2022-01-06,367.69,374.87,359.16,361.3,,4386812.0
2022-01-07,362.34,363.2,353.79,354.37,,3468954.0
2022-01-10,347.36,356.87,344.31,356.52,,2952595.0
2022-01-11,353.18,359.18,347.78,358.54,,2400093.0
2022-01-12,362.09,367.44,360.9,361.45,,3143376.0
2022-01-13,362.44,363.46,345.7,346.29,,2944219.0
2022-01-14,342.14,344.38,335.13,338.62,,3949756.0
2022-01-18,334.07,336.37,330.58,333.75,,3420482.0
2022-01-19,336.36,341.21,329.17,329.4,,2984863.0
2022-01-20,331.04,341.09,327.77,328.39,,2817368.0
2022-01-21,327.15,329.72,321.26,321.63,,2830665.0
2022-01-24,314.6,325.41,305.79,324.86,,4544635.0
2022-01-25,318.06,325.51,313.56,320.98,,3625359.0
2022-01-26,327.18,329.61,314.36,316.13,,4422198.0
2022-01-27,323.45,327.47,317.2,319.45,,2778242.0
2022-01-28,319.97,328.75,313.52,328.55,,2457439.0
2022-01-31,330.61,338.94,329.2,338.83,,3159319.0
2022-02-01,339.44,341.82,334.32,338.67,,2087227.0
2022-02-02,339.61,345.08,338.76,344.47,,2603191.0
2022-02-03,330.87,337.25,329.62,331.13,,2706285.0
2022-02-04,330.5,335.91,326.63,333.0,,2142780.0
2022-02-07,331.74,333.74,328.7,329.61,,1265190.0
2022-02-08,325.8,331.5,325.68,330.67,,2197696.0
2022-02-09,336.96,341.65,336.85,340.7,,2430466.0
2022-02-10,331.65,336.91,325.8,328.1,,2457672.0
2022-02-11,329.59,330.59,313.63,315.45,,3091555.0
2022-02-14,309.6,314.19,308.05,312.52,,2689862.0
2022-02-15,318.84,319.42,313.69,315.67,,2395619.0
2022-02-16,312.27,321.44,311.55,319.8,,2867517.0
2022-02-17,319.03,319.03,308.8,309.44,,2148023.0
2022-02-18,308.96,312.87,306.74,307.78,,2421930.0
2022-02-22,306.66,314.29,304.53,307.71,,2455930.0
2022-02-23,309.3,311.27,299.55,300.09,,2192190.0
2022-02-24,289.74,303.37,288.16,302.98,,3785939.0
2022-02-25,304.09,309.69,303.19,309.05,,2552653.0
2022-02-28,305.39,306.12,298.9,302.83,,3419370.0
2022-03-01,303.77,304.14,296.84,298.36,,2525416.0
2022-03-02,302.26,306.9,299.51,305.05,,2220801.0
2022-03-03,309.37,310.18,302.43,305.64,,2120865.0
2022-03-04,301.43,303.12,297.07,301.05,,1917250.0
2022-03-07,300.11,300.9,291.89,292.29,,2908214.0
2022-03-08,291.04,296.12,284.95,289.04,,2902566.0
2022-03-09,298.05,299.64,294.91,296.51,,2825956.0
2022-03-10,292.27,297.22,291.34,296.61,,2048963.0
2022-03-11,301.29,305.42,298.23,298.58,,3811927.0
2022-03-14,296.17,300.08,291.22,294.84,,3156644.0
2022-03-15,298.31,303.7,297.31,303.04,,2695333.0
2022-03-16,307.29,311.88,302.38,311.35,,3473078.0
2022-03-17,324.76,330.09,305.05,306.17,,4661577.0
2022-03-18,308.44,310.94,303.3,310.43,,7473645.0
2022-03-21,309.88,312.73,307.53,310.96,,2270448.0
2022-03-22,310.48,315.03,309.77,313.81,,2009324.0
2022-03-23,311.44,313.52,306.93,307.13,,1837548.0
2022-03-24,306.99,311.84,306.65,311.72,,1430383.0
2022-03-25,313.91,315.76,310.73,314.04,,1774794.0
2022-03-28,312.95,317.08,311.76,316.94,,1984417.0
2022-03-29,324.86,326.83,322.94,326.48,,2223024.0
2022-03-30,322.53,326.49,322.44,324.34,,1721592.0
2022-03-31,323.42,329.41,323.16,323.16,,2752646.0
2022-04-01,324.46,327.06,322.32,326.43,,2090296.0
2022-04-04,327.72,330.38,325.86,330.1,,2317489.0
2022-04-05,327.25,330.89,327.25,328.52,,2837183.0
2022-04-06,324.18,327.66,320.58,326.06,,2299027.0
2022-04-07,324.85,330.42,323.72,327.51,,2313131.0
2022-04-08,328.14,329.93,324.16,324.78,,2169979.0
2022-04-11,322.08,323.34,311.31,313.62,,2445443.0
2022-04-12,315.97,320.02,312.64,313.1,,1834979.0
2022-04-13,311.73,314.63,310.68,312.94,,2081424.0
2022-04-14,314.17,315.52,306.88,307.05,,2964861.0
2022-04-18,306.14,308.52,298.75,301.41,,2479446.0
2022-04-19,300.56,308.33,300.02,308.11,,1758190.0
2022-04-20,311.44,315.62,310.08,311.09,,2254105.0
2022-04-21,313.51,317.48,308.85,309.78,,1910213.0
2022-04-22,308.54,311.25,298.24,298.72,,1906809.0
2022-04-25,297.36,304.8,294.34,304.51,,2049731.0
2022-04-26,299.51,302.86,290.36,291.32,,2057068.0
2022-04-27,291.2,297.29,290.63,291.32,,1821239.0
2022-04-28,296.18,303.85,293.74,301.64,,2215301.0
2022-04-29,297.95,299.85,288.15,288.69,,2972089.0
2022-05-02,288.78,294.15,285.7,292.76,,2528925.0
2022-05-03,294.76,295.67,290.94,292.97,,2121684.0
2022-05-04,291.37,303.6,289.12,302.62,,1891255.0
2022-05-05,298.63,300.06,283.16,287.09,,2231930.0
2022-05-06,284.16,285.51,278.45,284.25,,2476987.0
2022-05-09,279.36,281.12,274.75,276.32,,2584159.0
2022-05-10,278.73,281.04,272.72,276.41,,2634603.0
2022-05-11,274.62,277.28,269.56,270.02,,2398636.0
2022-05-12,267.19,270.71,264.11,270.28,,2284602.0
2022-05-13,272.04,277.45,270.07,275.62,,2373571.0
2022-05-16,273.62,277.74,271.09,275.05,,1598017.0
2022-05-17,283.23,283.23,277.0,279.76,,1598041.0
2022-05-18,275.72,276.08,261.83,263.5,,2666113.0
2022-05-19,259.65,267.19,259.22,262.98,,2679603.0
2022-05-20,264.87,267.58,257.75,265.9,,3007904.0
2022-05-23,270.35,272.89,265.43,272.38,,2128880.0
2022-05-24,268.94,270.11,262.44,268.45,,2088661.0
2022-05-25,267.51,270.4,264.54,268.77,,1812625.0
2022-05-26,271.46,281.5,270.18,280.22,,2742760.0
2022-05-27,282.03,292.35,282.03,292.33,,2759014.0
2022-05-31,290.65,291.53,285.17,286.86,,4143704.0
2022-06-01,292.31,294.79,285.82,287.04,,1784565.0
2022-06-02,288.3,294.84,286.3,294.7,,1318522.0
2022-06-03,290.55,294.89,290.19,293.1,,1714525.0
2022-06-06,297.95,300.18,291.97,292.89,,1401045.0
2022-06-07,288.75,294.96,288.73,294.62,,2311101.0
2022-06-08,293.15,295.46,290.0,290.88,,1428637.0
2022-06-09,288.96,290.86,283.29,283.95,,2497945.0
2022-06-10,279.58,279.9,274.86,274.89,,2169887.0
2022-06-13,265.91,270.38,264.18,265.75,,2414234.0
2022-06-14,263.98,266.47,262.01,264.43,,2052592.0
2022-06-15,266.21,274.74,265.37,270.26,,2536026.0
2022-06-16,264.65,264.7,258.63,260.37,,2741772.0
2022-06-17,262.01,267.76,260.4,264.68,,4446097.0
2022-06-21,267.34,273.26,266.88,271.74,,2550168.0
2022-06-22,268.24,279.07,268.24,275.27,,2940621.0
2022-06-23,265.27,275.15,264.31,274.72,,3482141.0
2022-06-24,274.32,287.96,273.89,287.73,,4648047.0
2022-06-27,287.32,289.3,280.3,281.25,,2107487.0
2022-06-28,281.7,285.0,272.47,272.77,,2167734.0
2022-06-29,267.6,270.22,264.55,268.93,,2405773.0
2022-06-30,266.55,269.75,264.62,266.86,,2562240.0
2022-07-01,266.79,271.39,265.54,269.74,,2400164.0
2022-07-05,265.54,265.67,259.2,264.47,,3182977.0
2022-07-06,267.16,268.36,264.28,265.21,,2260433.0
2022-07-07,266.48,268.89,263.74,268.54,,2169128.0
2022-07-08,266.86,268.93,264.48,268.22,,1987602.0
2022-07-11,266.01,267.23,262.7,264.19,,1854863.0
2022-07-12,263.93,268.44,261.85,263.03,,2280420.0
2022-07-13,258.69,265.35,257.85,262.52,,2185205.0
2022-07-14,258.99,260.43,252.49,259.15,,1877705.0
2022-07-15,262.46,263.18,257.4,261.9,,1741124.0
2022-07-18,263.32,265.54,258.49,259.13,,2048906.0
2022-07-19,262.74,270.56,262.11,270.11,,1942118.0
2022-07-20,270.08,273.61,269.55,271.68,,2158496.0
2022-07-21,271.21,278.01,270.81,277.8,,1546769.0
2022-07-22,277.31,280.77,275.67,277.8,,1502371.0
2022-07-25,278.02,279.3,275.33,279.04,,1354701.0
2022-07-26,277.71,278.48,273.61,275.07,,1710752.0
2022-07-27,278.6,288.89,277.74,286.98,,1821540.0
2022-07-28,286.45,293.71,284.32,292.92,,1845552.0
2022-07-29,293.74,296.85,292.18,295.41,,1868052.0
2022-08-01,291.81,295.91,290.37,293.94,,1425811.0
2022-08-02,291.66,295.71,288.8,291.76,,1772106.0
2022-08-03,291.37,298.44,290.93,297.25,,1359766.0
2022-08-04,298.23,299.79,296.51,299.6,,1624564.0
2022-08-05,294.06,298.62,293.52,298.39,,1504520.0
2022-08-08,299.5,301.72,297.59,299.33,,1604704.0
2022-08-09,297.18,300.05,296.91,298.81,,1761134.0
2022-08-10,303.84,306.51,303.23,305.26,,1474781.0
2022-08-11,306.49,308.53,302.67,303.28,,1570214.0
2022-08-12,305.53,309.57,303.3,309.08,,1774367.0
2022-08-15,306.42,309.58,306.33,308.98,,1125314.0
2022-08-16,306.91,311.44,306.85,309.41,,1596035.0
2022-08-17,306.17,308.98,304.44,307.16,,1505964.0
2022-08-18,307.69,309.49,305.21,308.14,,1386230.0
2022-08-19,305.67,306.49,302.46,304.12,,1672549.0
2022-08-22,298.37,301.76,297.58,299.01,,1648114.0
2022-08-23,297.16,300.24,295.64,295.83,,1218114.0
2022-08-24,295.81,297.06,293.09,295.41,,1695482.0
2022-08-25,296.24,299.68,295.04,298.79,,1722854.0
2022-08-26,298.85,298.93,287.44,287.56,,1701650.0
2022-08-29,284.54,287.31,282.81,284.68,,1662776.0
2022-08-30,286.99,287.44,279.4,282.13,,1661072.0
2022-08-31,284.21,285.43,277.24,278.24,,2455043.0
2022-09-01,277.6,278.79,274.06,278.55,,2021372.0
2022-09-02,282.2,282.77,272.8,274.0,,1889398.0
2022-09-06,273.88,276.08,271.38,273.41,,2354535.0
2022-09-07,272.16,277.83,269.49,276.6,,1899330.0
2022-09-08,274.13,278.08,272.35,277.75,,1790657.0
2022-09-09,279.14,281.74,278.67,280.25,,2005137.0
2022-09-12,283.45,286.29,282.3,284.8,,2026448.0
2022-09-13,277.89,279.66,270.4,271.54,,1789250.0
2022-09-14,270.98,272.56,266.25,268.66,,2397611.0
2022-09-15,267.4,270.55,262.0,264.15,,2198703.0
2022-09-16,263.39,264.39,260.56,263.02,,3838924.0
2022-09-19,260.8,265.58,260.62,265.23,,2165221.0
2022-09-20,261.98,262.26,258.14,260.66,,2390145.0
2022-09-21,260.43,265.2,255.84,256.01,,2746518.0
2022-09-22,254.73,261.84,252.66,253.02,,3342643.0
2022-09-23,249.96,251.13,247.12,250.77,,3100118.0
2022-09-26,248.89,253.06,247.95,248.41,,2349818.0
2022-09-27,250.27,253.87,245.26,247.25,,2495929.0
2022-09-28,247.89,254.36,246.96,252.65,,2552665.0
2022-09-29,249.74,251.86,246.63,249.12,,2559159.0
2022-09-30,249.54,254.69,247.84,248.18,,2924375.0
2022-10-03,251.05,257.63,249.5,255.5,,1893933.0
2022-10-04,260.82,265.2,260.35,264.59,,3143717.0
2022-10-05,261.73,267.12,260.03,264.62,,1842985.0
2022-10-06,263.89,265.94,259.66,259.92,,2336850.0
2022-10-07,257.04,257.4,249.13,250.51,,1951239.0
2022-10-10,252.22,252.22,246.86,248.71,,1526827.0
2022-10-11,247.12,248.19,242.36,244.01,,2261821.0
2022-10-12,244.53,246.03,242.15,242.29,,1699418.0
2022-10-13,236.09,251.1,235.39,249.45,,3435082.0
2022-10-14,253.0,253.64,244.22,244.85,,1723127.0
2022-10-17,249.88,254.68,249.6,254.06,,2534868.0
2022-10-18,260.65,261.35,253.81,255.83,,2114647.0
2022-10-19,254.02,256.44,251.7,255.84,,2412622.0
2022-10-20,256.06,261.27,252.52,253.63,,1970177.0
2022-10-21,253.39,261.49,252.57,261.18,,3206640.0
2022-10-24,264.28,268.32,261.71,266.74,,2201943.0
2022-10-25,266.92,272.4,266.92,271.88,,1701468.0
2022-10-26,269.35,274.8,269.34,271.16,,1772631.0
2022-10-27,272.43,274.0,269.78,270.16,,1927756.0
2022-10-28,270.38,279.25,270.38,278.82,,2306310.0
2022-10-31,274.66,278.97,274.45,275.06,,2364570.0
2022-11-01,278.13,279.22,271.83,272.71,,1537197.0
2022-11-02,271.06,274.4,263.63,263.97,,1727229.0
2022-11-03,258.34,260.06,248.05,248.89,,3225640.0
2022-11-04,251.84,255.94,248.16,253.03,,2496320.0
2022-11-07,254.57,260.73,253.24,260.7,,2169995.0
2022-11-08,262.65,266.34,257.83,260.66,,2444020.0
2022-11-09,258.03,260.81,257.11,258.15,,1831626.0
2022-11-10,269.52,278.37,268.74,278.09,,3121393.0
2022-11-11,278.27,282.66,271.89,281.06,,2620514.0
2022-11-14,277.24,283.71,276.11,279.92,,2492962.0
2022-11-15,283.88,287.22,281.0,283.54,,1960714.0
2022-11-16,283.64,283.95,281.08,282.44,,1607897.0
2022-11-17,276.91,280.67,274.53,278.2,,1556673.0
2022-11-18,281.57,281.85,274.23,277.58,,1322919.0
2022-11-21,276.61,279.84,276.22,278.09,,1308110.0
2022-11-22,279.86,284.61,278.22,283.77,,1417484.0
2022-11-23,283.96,287.17,283.3,285.36,,1229097.0
2022-11-25,285.14,288.26,285.14,287.18,,677924.0
2022-11-28,284.13,285.79,280.76,281.56,,1253096.0
2022-11-29,280.31,281.58,277.69,279.02,,1055046.0
2022-11-30,277.7,291.6,277.32,291.56,,2767161.0
2022-12-01,293.04,295.63,290.66,293.41,,1767168.0
2022-12-02,289.74,292.75,287.24,290.79,,1744558.0
2022-12-05,286.56,287.95,281.54,283.63,,1800297.0
2022-12-06,282.21,283.38,273.49,276.53,,1920253.0
2022-12-07,276.23,278.13,273.41,277.77,,1861571.0
2022-12-08,279.04,284.91,277.91,283.06,,2045993.0
2022-12-09,280.38,282.69,278.92,279.43,,1827225.0
2022-12-12,277.23,283.83,275.63,283.24,,2430068.0
2022-12-13,293.53,294.47,283.81,286.16,,3516786.0
2022-12-14,284.9,288.04,278.9,282.38,,2552242.0
2022-12-15,278.48,279.41,270.59,272.37,,2870362.0
2022-12-16,266.12,266.44,255.05,256.25,,6532642.0
2022-12-19,254.97,256.04,246.25,247.45,,4147457.0
2022-12-20,245.84,254.26,245.61,253.75,,3102485.0
2022-12-21,256.25,262.28,256.18,260.55,,3580124.0
2022-12-22,256.21,257.65,252.52,256.52,,2277210.0
2022-12-23,257.52,258.41,255.11,257.81,,1213276.0
2022-12-27,257.64,258.9,255.5,257.05,,1009563.0
2022-12-28,257.82,260.76,254.49,254.93,,1387030.0
2022-12-29,257.32,262.44,257.32,260.03,,1516780.0
2022-12-30,257.28,258.58,254.43,258.54,,1339470.0
2023-01-03,260.82,264.91,258.74,261.85,,2250061.0
2023-01-04,264.92,266.42,258.7,260.96,,2052451.0
2023-01-05,259.1,259.79,253.27,254.8,,2477085.0
2023-01-06,255.76,262.07,253.24,260.83,,1587164.0
2023-01-09,263.46,269.82,263.06,265.23,,2181538.0
2023-01-10,264.83,267.69,262.83,266.37,,1852959.0
2023-01-11,267.43,273.52,267.22,273.42,,2382462.0
2023-01-12,275.03,280.12,274.67,276.1,,2482615.0
2023-01-13,272.68,274.95,271.38,274.45,,2226788.0
2023-01-17,275.32,279.91,274.64,277.11,,2863707.0
2023-01-18,276.82,279.45,269.43,270.32,,2192710.0
2023-01-19,269.72,271.35,265.16,265.45,,2212571.0
2023-01-20,267.02,273.41,265.37,272.82,,3306557.0
2023-01-23,270.97,275.16,269.87,271.72,,2593317.0
2023-01-24,269.17,270.54,265.53,267.38,,2205270.0
2023-01-25,263.36,266.29,258.42,265.71,,2576548.0
2023-01-26,269.61,269.77,263.48,266.78,,1942631.0
2023-01-27,265.81,271.8,265.5,269.71,,2101109.0
2023-01-30,266.11,269.89,265.86,266.84,,1732929.0
2023-01-31,267.44,271.44,266.44,271.44,,1841858.0
2023-02-01,269.06,277.49,268.18,275.87,,1797090.0
2023-02-02,281.53,287.72,279.04,286.08,,2715989.0
2023-02-03,280.36,281.78,278.94,281.34,,2167994.0
2023-02-06,278.2,279.95,275.71,276.72,,1262469.0
2023-02-07,274.99,280.97,274.8,279.97,,1401144.0
2023-02-08,278.09,281.3,276.24,276.95,,1381888.0
2023-02-09,279.58,281.49,276.67,277.39,,1751955.0
2023-02-10,274.02,276.81,273.36,276.22,,1347616.0
2023-02-13,276.62,280.55,276.62,280.49,,1284530.0
2023-02-14,277.69,280.28,275.63,277.01,,1821146.0
2023-02-15,274.31,279.98,274.28,279.81,,1890200.0
2023-02-16,275.31,277.68,271.04,273.55,,1899439.0
2023-02-17,271.18,271.78,267.42,269.5,,2722647.0
2023-02-21,264.58,265.7,261.45,261.81,,2446186.0
2023-02-22,263.25,265.06,260.85,262.28,,1823870.0
2023-02-23,263.39,264.88,260.51,263.84,,1885582.0
2023-02-24,260.11,260.11,257.04,259.26,,1734977.0
2023-02-27,261.58,262.63,258.23,258.99,,1512857.0
2023-02-28,257.47,261.17,255.58,258.31,,2160426.0
2023-03-01,257.79,258.72,254.61,256.4,,1700671.0
2023-03-02,256.69,258.93,254.49,258.03,,2278272.0
2023-03-03,260.61,262.37,258.73,261.86,,1596074.0
2023-03-06,262.83,264.63,261.74,262.28,,1649147.0
2023-03-07,261.88,262.68,256.52,257.0,,2219432.0
2023-03-08,256.25,258.35,255.33,256.47,,1462724.0
2023-03-09,258.58,259.43,251.67,252.68,,1949943.0
2023-03-10,253.05,253.24,244.74,246.05,,2924582.0
2023-03-13,246.21,248.3,242.44,244.46,,3232109.0
2023-03-14,249.38,249.73,243.14,245.6,,2925630.0
2023-03-15,241.2,241.21,236.18,239.46,,4507978.0
2023-03-16,238.27,246.88,236.89,246.03,,4119719.0
2023-03-17,247.4,248.76,241.65,243.18,,6470869.0
2023-03-20,243.88,246.97,243.19,245.67,,3182150.0
2023-03-21,247.93,251.45,247.02,250.6,,2831413.0
2023-03-22,250.25,254.2,246.13,246.37,,3059543.0
2023-03-23,252.38,267.12,252.23,264.25,,5166858.0
2023-03-24,263.08,264.66,257.6,264.58,,4123582.0
2023-03-27,263.35,266.88,263.26,266.49,,3743761.0
2023-03-28,266.45,268.63,265.17,267.5,,2869463.0
2023-03-29,268.48,272.62,268.48,272.31,,2431450.0
2023-03-30,273.34,275.32,273.13,274.95,,2293610.0
2023-03-31,275.4,278.16,274.91,278.02,,3009370.0
2023-04-03,275.66,278.65,275.44,278.05,,2417506.0
2023-04-04,276.69,279.59,276.47,278.05,,2331822.0
2023-04-05,278.44,279.08,273.25,273.66,,2443241.0
2023-04-06,273.01,274.55,271.26,274.02,,2125329.0
2023-04-10,270.41,274.05,268.83,274.0,,1575864.0
2023-04-11,275.29,279.82,274.85,278.52,,3122468.0
2023-04-12,281.64,281.89,276.31,277.11,,2656005.0
2023-04-13,276.37,278.73,273.17,278.59,,3164357.0
2023-04-14,276.65,278.28,271.27,272.71,,2871702.0
2023-04-17,272.25,275.22,272.25,273.42,,2893276.0
2023-04-18,274.77,274.82,271.89,273.4,,1893836.0
2023-04-19,272.27,273.44,271.01,273.34,,2204721.0
2023-04-20,270.79,271.07,267.58,269.1,,2686079.0
2023-04-21,269.27,271.32,268.94,269.86,,1600697.0
2023-04-24,269.34,271.12,268.42,270.76,,1359774.0
2023-04-25,269.4,270.23,264.25,264.36,,1935436.0
2023-04-26,265.48,267.16,263.87,264.86,,1876752.0
2023-04-27,267.44,270.01,264.49,269.0,,1983743.0
2023-04-28,267.31,273.86,267.31,273.73,,2084465.0
2023-05-01,272.55,273.35,270.95,272.88,,1165609.0
2023-05-02,273.31,273.81,267.61,270.26,,1728391.0
2023-05-03,271.61,273.03,268.38,268.73,,1951231.0
2023-05-04,266.88,267.37,259.46,260.26,,2586187.0
2023-05-05,262.91,264.05,258.2,259.43,,2592691.0
2023-05-08,259.79,260.75,257.29,258.62,,1843035.0
2023-05-09,256.79,258.3,255.55,257.31,,2712007.0
2023-05-10,259.62,263.59,258.23,262.59,,2800252.0
2023-05-11,263.98,266.06,261.9,265.89,,2915790.0
2023-05-12,266.73,270.81,266.12,270.7,,2664437.0
2023-05-15,269.84,272.01,268.19,271.01,,2762682.0
2023-05-16,270.6,274.13,269.89,272.65,,2079192.0
2023-05-17,274.6,279.66,273.67,277.96,,2486572.0
2023-05-18,277.88,281.18,277.6,280.75,,1869905.0
2023-05-19,281.84,284.53,280.62,283.12,,2213296.0
2023-05-22,282.59,284.94,282.1,284.14,,2044094.0
2023-05-23,282.39,284.22,280.39,281.35,,2219844.0
2023-05-24,279.33,281.54,278.23,280.1,,2815328.0
2023-05-25,281.75,286.28,278.5,284.93,,3689628.0
2023-05-26,287.11,301.37,286.76,296.49,,4578873.0
2023-05-30,299.04,311.44,297.86,301.21,,6238555.0
2023-05-31,297.54,303.08,295.9,298.75,,5163269.0
2023-06-01,298.57,298.92,293.06,298.05,,2393706.0
2023-06-02,300.3,304.89,299.44,304.1,,2272721.0
2023-06-05,298.19,300.2,294.82,297.32,,3008075.0
2023-06-06,295.79,302.07,294.69,300.83,,2419382.0
2023-06-07,302.23,304.69,299.97,303.75,,2489960.0
2023-06-08,303.59,303.59,299.53,300.13,,1870305.0
2023-06-09,301.89,303.88,299.46,301.49,,2202650.0
2023-06-12,300.62,304.55,300.34,304.18,,2642413.0
2023-06-13,307.93,310.03,306.05,307.78,,3982005.0
2023-06-14,308.62,310.9,305.96,307.67,,2421079.0
2023-06-15,311.7,317.47,307.95,316.19,,3288910.0
2023-06-16,318.29,320.25,311.62,312.06,,5266481.0
2023-06-20,309.83,313.13,307.63,309.97,,3349665.0
2023-06-21,309.08,310.23,305.76,305.86,,3121416.0
2023-06-22,291.23,300.37,289.07,300.05,,4889312.0
2023-06-23,292.99,295.6,290.73,291.44,,4233954.0
2023-06-26,289.64,293.81,289.57,290.44,,2826982.0
2023-06-27,290.16,293.98,289.17,293.76,,2054196.0
2023-06-28,293.44,295.08,290.81,294.65,,2061700.0
2023-06-29,294.34,303.3,293.07,301.11,,2739388.0
2023-06-30,302.24,305.37,301.11,301.35,,2668489.0
2023-07-03,300.79,303.98,300.21,303.69,,1172814.0
2023-07-05,298.97,304.67,297.89,302.64,,1924837.0
2023-07-06,299.73,301.23,297.51,300.76,,1375813.0
2023-07-07,299.55,303.97,298.13,298.6,,1902932.0
2023-07-10,298.06,301.87,297.0,301.23,,1684492.0
2023-07-11,301.23,303.52,298.66,302.47,,1347752.0
2023-07-12,306.11,308.41,304.55,307.62,,1788271.0
2023-07-13,308.72,310.18,308.01,308.93,,1822771.0
2023-07-14,309.77,311.55,308.73,309.47,,1295528.0
2023-07-17,309.39,314.34,308.73,313.4,,2033441.0
2023-07-18,313.15,316.31,313.03,316.0,,1574476.0
2023-07-19,316.56,317.73,312.35,312.44,,2170906.0
2023-07-20,309.94,309.94,304.53,306.24,,2097081.0
2023-07-21,306.95,310.18,306.32,308.52,,3265855.0
2023-07-24,308.34,310.54,306.45,307.04,,1341629.0
2023-07-25,307.22,313.03,306.78,311.26,,2163931.0
2023-07-26,310.08,312.21,308.11,310.2,,1512505.0
2023-07-27,313.62,317.11,311.61,312.46,,2981192.0
2023-07-28,313.36,315.73,307.71,309.26,,1920960.0
2023-07-31,308.72,312.03,308.72,310.04,,1351382.0
2023-08-01,309.15,314.97,307.98,314.57,,1913805.0
2023-08-02,311.21,314.52,310.38,311.44,,1799728.0
2023-08-03,309.78,312.01,307.88,310.81,,1355857.0
2023-08-04,309.29,311.54,305.04,305.78,,2140628.0
2023-08-07,307.83,309.83,305.83,309.57,,1530766.0
2023-08-08,306.69,309.01,303.45,308.87,,1550322.0
2023-08-09,308.31,308.91,304.03,305.32,,1504532.0
2023-08-10,305.29,308.54,302.71,304.22,,1862369.0
2023-08-11,301.83,304.31,300.02,302.89,,1351392.0
2023-08-14,301.9,306.24,301.62,305.5,,1334368.0
2023-08-15,304.65,305.29,300.39,301.27,,1256124.0
2023-08-16,299.46,304.21,299.17,301.51,,1212521.0
2023-08-17,302.19,303.04,298.69,299.55,,1653682.0
2023-08-18,296.8,298.76,295.3,296.9,,1997131.0
2023-08-21,298.15,301.16,297.0,300.4,,1072382.0
2023-08-22,303.43,304.73,301.73,302.74,,1139728.0
2023-08-23,303.82,310.37,303.08,309.05,,1486190.0
2023-08-24,310.09,311.51,307.39,307.88,,2077501.0
2023-08-25,310.36,313.36,307.9,312.4,,1451550.0
2023-08-28,312.4,315.82,312.38,314.51,,1236449.0
2023-08-29,314.0,317.9,313.19,317.0,,1524980.0
2023-08-30,317.35,317.46,315.1,316.81,,1470407.0
2023-08-31,318.39,319.73,317.26,317.31,,1986297.0
2023-09-01,319.55,322.17,318.62,321.21,,1732719.0
2023-09-05,321.21,322.32,318.01,319.66,,1736641.0
2023-09-06,317.79,321.2,317.26,319.79,,1247868.0
2023-09-07,317.44,322.48,316.79,321.66,,1533029.0
2023-09-08,322.96,323.85,318.06,318.98,,1416840.0
2023-09-11,320.96,321.69,318.02,319.37,,1551265.0
2023-09-12,315.04,316.06,306.87,308.61,,3205096.0
2023-09-13,307.97,310.4,306.68,307.65,,2496302.0
2023-09-14,309.34,310.67,307.05,310.28,,1903982.0
2023-09-15,309.93,310.38,305.25,306.3,,3339266.0
2023-09-18,305.78,310.43,304.8,309.58,,1350743.0
2023-09-19,304.9,311.44,304.8,311.0,,1898803.0
2023-09-20,312.39,316.87,310.14,310.48,,1693189.0
2023-09-21,308.06,310.21,305.46,305.78,,1911647.0
2023-09-22,307.78,312.31,306.69,309.79,,1994391.0
2023-09-25,309.27,312.33,308.6,310.67,,2054716.0
2023-09-26,306.49,308.22,302.57,304.42,,2343657.0
2023-09-27,305.99,308.7,304.46,308.11,,2435563.0
2023-09-28,295.73,300.58,288.62,294.77,,4326789.0
2023-09-29,298.28,303.13,296.83,300.99,,3171682.0
2023-10-02,301.44,302.31,299.03,302.11,,2063302.0
2023-10-03,300.94,305.34,299.46,300.12,,2454880.0
2023-10-04,304.54,304.8,300.75,303.22,,2153862.0
2023-10-05,302.65,304.22,299.28,303.49,,2095480.0
2023-10-06,302.13,308.83,300.6,305.97,,2441469.0
2023-10-09,303.64,306.85,302.21,305.79,,1407636.0
2023-10-10,307.11,309.14,305.35,306.09,,1904617.0
2023-10-11,307.36,309.75,305.02,307.57,,1297987.0
2023-10-12,306.83,306.83,299.38,299.52,,2295483.0
2023-10-13,297.5,301.14,295.33,297.03,,1672526.0
2023-10-16,299.19,302.94,297.15,300.49,,1491578.0
2023-10-17,297.97,304.91,297.61,303.35,,1576176.0
2023-10-18,301.85,304.45,298.49,298.94,,1373838.0
2023-10-19,300.08,302.12,296.79,298.13,,1384711.0
2023-10-20,297.57,298.11,291.23,292.28,,2385700.0
2023-10-23,290.31,293.75,290.02,290.25,,1314920.0
2023-10-24,291.56,293.26,289.38,291.38,,1849251.0
2023-10-25,288.87,290.8,286.49,288.03,,2174965.0
2023-10-26,289.14,291.2,285.76,287.4,,2692699.0
2023-10-27,287.29,288.38,283.88,285.43,,1480336.0
2023-10-30,287.1,289.15,285.06,288.05,,1843483.0
2023-10-31,288.42,292.56,288.42,292.37,,1953516.0
2023-11-01,293.43,297.38,293.43,295.86,,1972950.0
2023-11-02,298.84,303.97,296.51,303.22,,2152782.0
2023-11-03,304.72,311.69,304.1,308.51,,2145718.0
2023-11-06,307.36,309.19,306.1,308.11,,1426201.0
2023-11-07,308.03,313.31,307.74,310.18,,1860440.0
2023-11-08,311.83,314.39,310.37,312.77,,1815036.0
2023-11-09,312.24,312.35,308.47,309.23,,1574926.0
2023-11-10,310.53,315.18,309.75,314.61,,1433611.0
2023-11-13,310.99,311.92,309.31,310.61,,1448659.0
2023-11-14,314.74,317.07,313.77,315.4,,1823672.0
2023-11-15,314.54,320.54,313.67,320.33,,2347075.0
2023-11-16,321.9,324.43,320.9,322.12,,2142100.0
2023-11-17,322.45,323.7,321.04,322.62,,1561514.0
2023-11-20,321.27,326.77,321.04,325.64,,1414009.0
2023-11-21,326.03,327.16,323.54,325.01,,1602893.0
2023-11-22,328.93,330.2,327.52,327.84,,1425832.0
2023-11-24,327.86,329.58,326.81,328.73,,708478.0
2023-11-27,328.51,329.12,326.91,327.15,,1586934.0
2023-11-28,326.33,327.89,324.75,327.27,,1377838.0
2023-11-29,329.68,330.46,327.49,328.04,,1307290.0
2023-11-30,328.89,329.68,326.88,327.85,,4298156.0
2023-12-01,328.5,333.12,327.87,332.69,,1688780.0
2023-12-04,329.86,333.43,328.86,331.08,,2349476.0
2023-12-05,329.31,331.97,328.01,330.49,,1516541.0
2023-12-06,332.4,334.07,329.66,330.08,,1459301.0
2023-12-07,331.21,331.21,328.91,329.77,,1870287.0
2023-12-08,329.77,332.35,329.24,331.87,,1274525.0
2023-12-11,329.88,336.95,329.87,336.87,,1814187.0
2023-12-12,336.5,337.79,335.78,337.77,,1935316.0
2023-12-13,337.94,339.71,334.47,338.18,,2460977.0
2023-12-14,337.29,339.9,335.32,337.28,,2551254.0
2023-12-15,333.06,341.45,330.91,338.68,,3880254.0
2023-12-18,337.21,338.51,335.23,336.42,,3208034.0
2023-12-19,327.44,339.32,326.74,336.08,,3251499.0
2023-12-20,340.07,341.12,333.82,334.1,,3406235.0
2023-12-21,334.76,343.95,334.76,343.21,,3304279.0
2023-12-22,344.44,349.18,342.38,348.82,,2313932.0
2023-12-26,348.51,349.29,345.92,347.81,,1535731.0
2023-12-27,348.87,349.73,346.04,348.2,,1306172.0
2023-12-28,348.51,348.87,345.67,346.0,,1300785.0
2023-12-29,346.2,347.3,343.88,345.33,,1233533.0
2024-01-02,342.66,344.73,339.8,341.41,,2319486.0
2024-01-03,337.09,338.31,332.17,332.55,,3061007.0
2024-01-04,332.55,334.4,331.18,331.73,,2750560.0
2024-01-05,332.63,334.35,330.21,331.27,,1509872.0
2024-01-08,329.68,335.06,329.68,334.94,,1909518.0
2024-01-09,333.88,337.31,332.66,337.3,,1625934.0
2024-01-10,339.1,340.14,337.33,339.84,,1569142.0
2024-01-11,338.04,342.89,337.6,342.44,,1785867.0
2024-01-12,344.44,351.97,343.17,350.67,,2406024.0
2024-01-16,346.77,350.81,345.53,348.93,,2097583.0
2024-01-17,347.48,352.93,347.48,349.3,,1917067.0
2024-01-18,351.64,355.35,350.8,355.13,,2064213.0
2024-01-19,357.08,360.33,355.69,359.42,,2506516.0
2024-01-22,359.52,364.11,359.03,362.69,,2302481.0
2024-01-23,362.84,365.45,361.14,365.31,,1693134.0
2024-01-24,366.44,367.66,363.3,364.36,,2231631.0
2024-01-25,367.8,371.11,365.57,367.36,,2227478.0
2024-01-26,367.34,369.54,365.26,366.5,,1404798.0
2024-01-29,365.96,370.81,365.53,368.76,,1683157.0
2024-01-30,369.4,370.63,366.42,366.73,,1849667.0
2024-01-31,366.44,368.13,358.97,359.4,,2320257.0
2024-02-01,359.52,366.65,358.98,366.35,,1500135.0
2024-02-02,367.61,370.2,364.93,368.36,,1590488.0
2024-02-05,367.92,369.4,364.53,365.78,,1787377.0
2024-02-06,365.96,367.14,357.94,360.21,,4012319.0
2024-02-07,360.51,365.37,359.64,362.14,,2531941.0
2024-02-08,363.16,364.92,362.4,363.95,,1680009.0
2024-02-09,364.71,367.9,363.42,367.1,,1482651.0
2024-02-12,364.94,365.84,361.68,362.91,,1325023.0
2024-02-13,356.96,361.26,355.57,358.35,,1697041.0
2024-02-14,361.73,366.62,361.73,366.42,,2114618.0
2024-02-15,368.01,369.95,365.59,366.94,,2358868.0
2024-02-16,367.72,368.84,363.81,364.93,,2410212.0
2024-02-20,365.33,365.45,356.99,358.48,,1631068.0
2024-02-21,355.91,357.92,354.55,356.47,,1758019.0
2024-02-22,365.17,367.61,363.87,366.74,,1614699.0
2024-02-23,369.39,373.32,368.24,372.68,,1614704.0
2024-02-26,372.22,375.62,372.22,372.84,,1454956.0
2024-02-27,372.36,375.08,370.29,373.26,,1083367.0
2024-02-28,373.59,374.82,370.59,373.38,,1264183.0
2024-02-29,375.72,375.72,369.55,370.17,,3329518.0
2024-03-01,371.18,377.3,371.18,376.3,,2110504.0
2024-03-04,377.61,382.22,376.92,378.99,,1642957.0
2024-03-05,376.85,379.43,369.36,372.24,,1539453.0
2024-03-06,375.33,378.35,373.15,376.14,,1451235.0
2024-03-07,379.92,382.74,378.98,382.15,,1564463.0
2024-03-08,381.93,382.74,373.08,373.52,,1641160.0
2024-03-11,369.77,370.94,362.55,368.63,,2212712.0
2024-03-12,370.39,377.72,370.24,375.8,,1793237.0
2024-03-13,374.83,376.49,373.06,374.06,,1632324.0
2024-03-14,376.29,376.8,371.93,373.56,,1702495.0
2024-03-15,364.25,370.52,362.36,369.99,,3865405.0
2024-03-18,374.1,374.27,367.6,368.09,,2164355.0
2024-03-19,368.9,373.68,366.46,373.43,,2062912.0
2024-03-20,373.38,376.58,370.58,375.76,,2877633.0
2024-03-21,359.51,364.49,338.07,340.79,,9574841.0
2024-03-22,346.02,346.16,331.66,333.35,,5899597.0
2024-03-25,331.88,331.88,325.63,329.71,,5320123.0
2024-03-26,331.02,333.68,330.23,332.25,,3006558.0
2024-03-27,333.72,338.15,333.72,336.75,,3295226.0
2024-03-28,337.22,342.71,336.65,342.35,,3614949.0
2024-04-01,340.62,340.76,333.91,335.0,,2319865.0
2024-04-02,332.53,334.71,328.9,332.32,,2451109.0
2024-04-03,332.1,333.04,327.81,328.19,,1910871.0
2024-04-04,330.01,333.83,326.11,326.4,,2268303.0
2024-04-05,327.45,329.71,326.27,328.9,,3578854.0
2024-04-08,329.92,330.88,327.6,327.72,,2430059.0
2024-04-09,329.55,330.75,325.76,330.34,,2322374.0
2024-04-10,325.6,326.76,320.93,321.68,,2156676.0
2024-04-11,323.32,324.26,320.55,322.47,,2204402.0
2024-04-12,318.28,319.8,310.57,312.76,,4207862.0
2024-04-15,313.4,318.91,309.57,310.65,,2997919.0
2024-04-16,312.5,313.0,309.23,311.31,,2900382.0
2024-04-17,314.22,314.36,309.99,311.91,,2760011.0
2024-04-18,310.01,315.11,309.4,313.35,,3025199.0
2024-04-19,315.2,315.88,311.97,314.23,,3381612.0
2024-04-22,315.87,316.39,312.86,314.76,,2433374.0
2024-04-23,315.81,317.13,313.84,314.18,,2000291.0
2024-04-24,313.19,313.19,308.09,310.91,,4133828.0
2024-04-25,306.6,307.65,302.79,306.41,,3638978.0
2024-04-26,306.82,306.9,304.7,305.43,,3371848.0
2024-04-29,304.49,306.03,299.97,300.62,,4719334.0
2024-04-30,299.47,300.47,297.17,298.39,,5224952.0
2024-05-01,297.62,300.95,295.6,296.16,,2617356.0
2024-05-02,298.24,300.79,295.77,297.82,,2684185.0
2024-05-03,299.99,302.41,299.14,301.17,,2767141.0
2024-05-06,302.61,304.22,300.73,303.5,,2361453.0
2024-05-07,305.32,309.53,305.02,308.06,,2483629.0
2024-05-08,307.52,310.78,307.52,309.38,,2296394.0
2024-05-09,304.43,305.62,300.38,304.04,,3238246.0
2024-05-10,305.42,306.67,303.5,303.76,,1786950.0
2024-05-13,305.57,306.21,304.31,304.84,,1695055.0
2024-05-14,306.31,309.67,303.66,304.38,,1813613.0
2024-05-15,302.45,305.94,298.92,305.94,,4230864.0
2024-05-16,307.07,307.99,304.18,305.42,,2583058.0
2024-05-17,307.15,307.4,297.5,301.05,,4232001.0
2024-05-20,300.97,304.5,299.08,303.14,,2418094.0
2024-05-21,304.22,304.58,300.42,301.1,,1866555.0
2024-05-22,301.41,305.61,301.15,304.54,,2432422.0
2024-05-23,307.54,308.39,302.01,303.37,,2526304.0
2024-05-24,304.32,304.89,297.82,298.47,,2048661.0
2024-05-28,296.86,297.8,293.34,295.24,,3530301.0
2024-05-29,291.69,293.62,288.57,291.31,,4479999.0
2024-05-30,287.54,288.07,281.91,282.41,,5007994.0
2024-05-31,282.41,283.0,276.36,279.93,,6882088.0
2024-06-03,283.95,285.11,278.36,279.4,,3596609.0
2024-06-04,279.4,286.46,277.99,285.65,,3498601.0
2024-06-05,285.85,289.86,285.65,288.58,,3002215.0
2024-06-06,288.76,291.41,288.17,289.3,,2363205.0
2024-06-07,289.0,289.37,285.74,285.98,,2626974.0
2024-06-10,284.97,288.09,284.6,288.0,,2510107.0
2024-06-11,287.69,291.85,286.37,291.76,,2457624.0
2024-06-12,289.19,291.69,283.05,283.34,,3749585.0
2024-06-13,285.26,287.12,279.73,279.96,,3119248.0
2024-06-14,279.05,284.55,278.36,284.31,,2966211.0
2024-06-17,283.83,286.18,281.57,283.14,,3559587.0
2024-06-18,282.92,287.48,282.01,282.96,,5314911.0
2024-06-20,311.99,315.07,295.5,303.6,,11374572.0
2024-06-21,304.46,307.75,300.05,306.39,,8481762.0
2024-06-24,302.8,309.75,302.13,304.64,,4399601.0
2024-06-25,305.4,307.4,302.87,304.6,,4498741.0
2024-06-26,297.41,303.18,296.92,302.07,,3162079.0
2024-06-27,302.45,302.91,298.94,300.65,,3162199.0
2024-06-28,301.0,302.99,299.12,300.87,,14905693.0
2024-07-01,301.19,301.81,297.09,300.02,,2411300.0
2024-07-02,298.41,301.45,298.41,301.29,,2177192.0
2024-07-03,302.2,304.32,301.43,303.19,,1751215.0
2024-07-05,302.36,303.14,295.19,296.63,,3158944.0
2024-07-08,297.94,299.42,293.12,296.96,,2557914.0
2024-07-09,296.59,296.64,292.01,295.56,,2479254.0
2024-07-10,294.41,295.5,288.1,292.97,,2283455.0
2024-07-11,294.23,300.95,292.78,296.77,,2988052.0
2024-07-12,298.37,310.75,297.81,309.36,,3951627.0
2024-07-15,311.39,318.07,311.39,316.57,,3866301.0
2024-07-16,317.08,323.82,316.73,323.67,,3640693.0
2024-07-17,324.62,327.23,322.3,324.27,,4383856.0
2024-07-18,328.07,334.88,326.5,326.76,,4563719.0
2024-07-19,329.74,334.42,326.37,327.85,,5376237.0
2024-07-22,329.37,331.46,328.38,330.16,,3419315.0
2024-07-23,330.08,330.84,326.63,328.98,,1994169.0
2024-07-24,328.04,331.18,326.8,327.34,,3286450.0
2024-07-25,324.26,334.32,322.02,328.77,,2764639.0
2024-07-26,324.59,328.46,323.88,327.12,,2438247.0
2024-07-29,327.32,327.64,322.55,324.87,,1629266.0
2024-07-30,326.15,329.1,325.62,327.86,,1985465.0
2024-07-31,330.29,332.57,327.7,329.27,,2606401.0
2024-08-01,332.52,337.54,325.09,326.74,,2538193.0
2024-08-02,323.66,325.35,319.04,321.83,,2682736.0
2024-08-05,310.34,316.57,308.96,312.46,,3186698.0
2024-08-06,315.71,321.34,314.43,317.38,,2284261.0
2024-08-07,318.64,324.41,316.63,316.72,,2327705.0
2024-08-08,314.01,318.21,313.19,314.59,,2213725.0
2024-08-09,314.91,316.02,311.94,314.54,,1851305.0
2024-08-12,314.18,316.17,311.46,312.68,,2276546.0
2024-08-13,314.82,318.87,313.84,318.03,,2269581.0
2024-08-14,318.69,320.76,316.72,318.52,,1404627.0
2024-08-15,320.96,323.88,320.63,323.8,,2271669.0
2024-08-16,323.58,326.37,321.95,325.59,,2292799.0
2024-08-19,326.22,329.08,325.67,328.1,,1678267.0
2024-08-20,328.58,329.22,326.71,329.02,,1790106.0
2024-08-21,329.49,332.3,329.19,332.24,,1233957.0
2024-08-22,332.53,332.71,328.3,329.22,,1679226.0
2024-08-23,330.31,332.4,328.32,331.91,,1518702.0
2024-08-26,331.72,335.83,330.42,335.41,,1692174.0
2024-08-27,333.81,339.6,333.63,338.99,,2154150.0
2024-08-28,339.17,342.2,333.74,336.01,,1527981.0
2024-08-29,338.86,342.47,337.59,338.82,,1612584.0
2024-08-30,339.61,342.05,337.26,340.55,,2004144.0
2024-09-03,339.97,344.13,338.28,340.48,,2049328.0
2024-09-04,338.61,343.5,337.6,342.59,,1476582.0
2024-09-05,342.81,343.04,338.11,339.54,,1195275.0
2024-09-06,339.31,341.05,335.39,338.45,,1613563.0
2024-09-09,339.24,340.85,337.71,340.41,,1569422.0
2024-09-10,342.41,346.58,340.82,346.28,,1655717.0
2024-09-11,344.95,349.29,340.84,348.88,,2121785.0
2024-09-12,349.05,350.98,343.79,348.46,,2182279.0
2024-09-13,349.67,350.0,347.37,348.15,,1812013.0
2024-09-16,349.41,353.53,348.2,352.67,,2536398.0
2024-09-17,353.65,353.83,334.94,335.66,,4528964.0
2024-09-18,333.63,337.62,331.6,334.81,,2150899.0
2024-09-19,338.61,338.99,330.87,333.87,,2645896.0
2024-09-20,330.96,334.98,330.52,334.85,,5231021.0
2024-09-23,336.0,338.05,332.69,337.83,,1998526.0
2024-09-24,336.56,339.23,333.91,338.23,,2842859.0
2024-09-25,333.77,338.36,332.8,335.67,,3552701.0
2024-09-26,353.56,362.5,348.27,354.36,,4454991.0
2024-09-27,354.88,356.88,347.87,348.27,,2575382.0
2024-09-30,347.08,352.61,346.3,352.04,,2425021.0
2024-10-01,353.54,353.54,348.47,350.54,,1827309.0
2024-10-02,351.27,355.73,349.91,354.84,,2421257.0
2024-10-03,358.08,362.96,357.86,359.77,,3646268.0
2024-10-04,362.71,366.29,358.35,360.76,,2131552.0
2024-10-07,358.53,360.52,354.4,355.34,,1536791.0
2024-10-08,358.06,359.18,356.06,358.91,,2348284.0
2024-10-09,359.51,364.96,359.3,363.59,,2046441.0
2024-10-10,363.56,364.47,358.91,361.07,,2088152.0
2024-10-11,362.52,363.4,360.06,360.74,,1436631.0
2024-10-14,361.58,365.62,361.16,364.6,,2255799.0
2024-10-15,365.43,371.0,365.43,368.66,,2956109.0
2024-10-16,365.69,372.87,364.88,372.26,,2110724.0
2024-10-17,373.0,375.51,371.78,375.15,,1906904.0
2024-10-18,375.51,377.33,373.65,376.86,,1893296.0
2024-10-21,375.0,377.34,374.21,376.03,,1785135.0
2024-10-22,374.62,374.86,371.13,371.79,,1740279.0
2024-10-23,370.84,372.48,368.23,370.63,,2211832.0
2024-10-24,367.5,373.44,363.75,364.23,,2311975.0
2024-10-25,364.0,365.44,359.59,360.8,,2129390.0
2024-10-28,364.0,366.99,360.39,361.32,,2717787.0
2024-10-29,360.91,365.08,359.05,363.04,,2643029.0
2024-10-30,358.0,358.83,345.34,346.57,,3916762.0
2024-10-31,344.63,347.86,342.62,344.82,,3078198.0
2024-11-01,346.94,347.95,344.83,345.67,,2579809.0
2024-11-04,345.26,346.68,341.58,343.9,,1931315.0
2024-11-05,342.79,347.42,342.21,345.49,,1554297.0
2024-11-06,355.9,357.23,353.0,356.13,,3009729.0
2024-11-07,358.0,362.0,356.29,360.71,,2250537.0
2024-11-08,360.77,362.76,355.12,355.53,,2289531.0
2024-11-11,355.0,360.64,354.1,357.3,,2985383.0
2024-11-12,357.64,362.13,356.95,360.61,,3233662.0
2024-11-13,359.54,370.64,359.04,370.22,,3353988.0
2024-11-14,371.38,372.0,361.02,362.07,,3503239.0
2024-11-15,360.28,360.31,348.85,353.57,,3624539.0
2024-11-18,353.57,355.5,351.82,352.79,,1760084.0
2024-11-19,351.25,353.97,349.99,353.95,,2447247.0
2024-11-20,353.71,357.33,351.65,357.07,,1792718.0
2024-11-21,359.52,363.5,358.31,361.05,,2240117.0
2024-11-22,358.24,364.64,357.28,358.66,,2211127.0
2024-11-25,360.0,364.15,358.5,361.29,,3054821.0
2024-11-26,361.99,364.53,360.62,363.18,,2106328.0
2024-11-27,364.08,365.67,360.88,362.16,,1657040.0
2024-11-29,360.15,365.0,360.0,362.37,,1311278.0
2024-12-02,362.77,363.36,356.96,361.38,,2445661.0
2024-12-03,348.8,354.33,346.62,352.54,,3044981.0
2024-12-04,353.67,362.11,353.11,360.03,,2074025.0
2024-12-05,356.07,358.9,354.89,358.13,,1821291.0
2024-12-06,365.3,371.88,361.55,362.7,,2332307.0
2024-12-09,360.45,366.0,358.1,359.5,,2185184.0
2024-12-10,358.52,366.35,357.09,362.9,,2157906.0
2024-12-11,363.85,366.59,363.43,363.84,,1541560.0
2024-12-12,361.31,362.0,355.4,360.18,,1834173.0
2024-12-13,359.58,360.76,356.25,358.68,,1808745.0
2024-12-16,359.55,361.02,356.45,357.06,,2306717.0
2024-12-17,357.36,358.48,353.02,357.3,,2479098.0
2024-12-18,357.3,359.4,347.12,347.61,,3232909.0
2024-12-19,365.0,376.91,363.19,372.16,,6075459.0
2024-12-20,370.7,372.07,362.0,366.37,,7013200.0
2024-12-23,360.58,362.96,355.73,358.77,,3549390.0
2024-12-24,359.95,361.95,358.54,361.63,,1075396.0
2024-12-26,360.35,361.95,359.07,360.43,,910457.0
2024-12-27,358.78,360.43,354.0,356.18,,1195720.0
2024-12-30,352.61,354.63,349.23,352.49,,1490172.0
