time,open,high,low,close,Volume,volume
1999-11-01,17.28,17.36,17.09,17.19,,568300.0
1999-11-02,17.27,17.49,17.17,17.49,,899900.0
1999-11-03,17.57,17.65,17.04,17.06,,857000.0
1999-11-04,17.13,17.27,16.96,17.0,,363900.0
1999-11-05,17.3,17.65,17.23,17.36,,594800.0
1999-11-08,17.3,17.38,17.23,17.28,,260200.0
1999-11-09,17.32,17.34,17.07,17.24,,467700.0
1999-11-10,17.24,17.61,17.24,17.51,,813800.0
1999-11-11,17.49,17.91,17.49,17.63,,993500.0
1999-11-12,17.65,17.84,17.47,17.82,,643000.0
1999-11-15,17.93,18.28,17.84,18.22,,711000.0
1999-11-16,18.06,18.67,18.06,18.64,,1092200.0
1999-11-17,18.6,18.67,18.35,18.39,,766900.0
1999-11-18,18.39,18.77,18.37,18.67,,801000.0
1999-11-19,18.64,18.71,18.56,18.58,,608300.0
1999-11-22,18.9,19.0,18.29,18.39,,670100.0
1999-11-23,18.37,18.37,17.82,17.85,,539800.0
1999-11-24,17.85,17.85,16.94,17.28,,824400.0
1999-11-26,17.3,17.45,17.27,17.36,,625600.0
1999-11-29,17.36,17.45,16.56,17.27,,768400.0
1999-11-30,17.27,17.99,17.27,17.67,,843200.0
1999-12-01,17.61,17.68,17.55,17.68,,518200.0
1999-12-02,17.65,17.82,17.57,17.82,,427400.0
1999-12-03,17.82,18.45,17.82,18.08,,694300.0
1999-12-06,18.37,18.45,17.88,17.89,,361900.0
1999-12-07,17.91,18.54,17.84,18.5,,833900.0
1999-12-08,18.52,18.98,18.35,18.75,,1263100.0
1999-12-09,19.21,19.78,19.21,19.42,,720000.0
1999-12-10,19.36,19.36,18.81,18.85,,514400.0
1999-12-13,18.87,18.9,18.62,18.77,,773900.0
1999-12-14,18.69,18.79,18.54,18.75,,871900.0
1999-12-15,18.71,19.17,18.64,19.13,,601400.0
1999-12-16,19.44,19.44,18.58,18.6,,807400.0
1999-12-17,18.67,19.82,18.6,19.82,,1081400.0
1999-12-20,19.78,20.73,19.74,20.58,,1144200.0
1999-12-21,20.43,21.46,20.39,21.46,,1508400.0
1999-12-22,21.61,21.61,20.62,20.83,,1183900.0
1999-12-23,20.24,20.92,20.24,20.71,,681100.0
1999-12-27,21.04,21.92,21.04,21.67,,663300.0
1999-12-28,21.65,21.67,21.27,21.67,,306500.0
1999-12-29,21.71,21.92,21.31,21.76,,297800.0
1999-12-30,21.65,22.41,21.65,21.95,,644000.0
1999-12-31,21.95,23.29,21.82,22.79,,518800.0
2000-01-03,22.79,22.79,21.72,22.1,,667200.0
2000-01-04,21.92,21.93,21.11,21.23,,742400.0
2000-01-05,21.25,21.42,20.88,21.36,,784900.0
2000-01-06,21.53,21.84,21.34,21.63,,854200.0
2000-01-07,21.55,22.05,21.4,22.05,,724700.0
2000-01-10,22.1,23.15,22.1,23.04,,1728900.0
2000-01-11,23.15,23.36,22.73,23.15,,1305000.0
2000-01-12,23.17,24.07,23.17,23.63,,1410000.0
2000-01-13,23.59,24.6,23.4,24.03,,1661300.0
2000-01-14,24.7,25.42,24.58,25.38,,1066300.0
2000-01-18,24.92,24.92,23.71,23.76,,937200.0
2000-01-19,23.78,24.2,23.67,23.9,,1174000.0
2000-01-20,24.09,24.09,23.63,23.69,,734900.0
2000-01-21,23.93,24.39,23.82,24.39,,824400.0
2000-01-24,24.39,24.83,24.22,24.39,,1738800.0
2000-01-25,24.39,24.56,23.14,23.17,,1027300.0
2000-01-26,23.1,23.1,22.09,22.09,,1461100.0
2000-01-27,22.41,23.65,22.39,23.14,,1142400.0
2000-01-28,23.21,23.38,22.83,23.29,,635200.0
2000-01-31,23.78,24.68,23.49,24.43,,918700.0
2000-02-01,24.43,24.85,23.9,24.62,,1016100.0
2000-02-02,24.6,24.81,23.63,24.18,,939800.0
2000-02-03,24.33,25.25,24.03,24.51,,1303700.0
2000-02-04,24.51,24.51,22.14,22.94,,2203800.0
2000-02-07,23.48,24.54,23.32,24.39,,1297800.0
2000-02-08,24.77,26.18,24.62,25.74,,1554600.0
2000-02-09,25.74,26.37,25.36,26.18,,1046600.0
2000-02-10,25.92,26.14,25.12,25.27,,792300.0
2000-02-11,24.85,25.17,24.62,25.0,,523300.0
2000-02-14,25.0,26.13,24.81,26.07,,965900.0
2000-02-15,26.07,26.74,25.8,26.34,,914000.0
2000-02-16,26.26,27.25,26.14,26.89,,993000.0
2000-02-17,26.91,27.27,26.6,26.81,,541200.0
2000-02-18,26.83,27.14,26.64,26.83,,669600.0
2000-02-22,26.75,26.83,25.82,26.2,,562500.0
2000-02-23,26.07,26.07,25.0,25.67,,943100.0
2000-02-24,25.92,26.05,25.4,25.88,,817100.0
2000-02-25,25.88,25.92,25.23,25.76,,486200.0
2000-02-28,25.84,26.16,25.76,26.16,,581400.0
2000-02-29,26.16,26.35,25.4,25.55,,790000.0
2000-03-01,25.55,25.73,24.66,24.98,,848800.0
2000-03-02,25.15,26.66,25.12,26.57,,973600.0
2000-03-03,26.75,26.98,26.22,26.51,,1086200.0
2000-03-06,25.92,25.92,22.56,24.81,,3498400.0
2000-03-07,25.04,25.38,24.2,24.28,,1254700.0
2000-03-08,24.28,24.31,23.59,23.86,,1376900.0
2000-03-09,24.31,24.31,22.79,23.04,,1085400.0
2000-03-10,21.95,23.78,21.19,22.26,,1864900.0
2000-03-13,21.88,22.56,21.44,22.26,,1289600.0
2000-03-14,22.49,22.56,21.38,21.92,,899700.0
2000-03-15,21.84,22.79,21.67,22.68,,1018400.0
2000-03-16,23.4,25.0,23.14,24.43,,1437700.0
2000-03-17,24.39,24.41,22.79,23.74,,1937100.0
2000-03-20,23.74,24.3,22.89,23.44,,967200.0
2000-03-21,23.32,23.32,22.71,22.75,,829800.0
2000-03-22,22.79,22.83,21.53,22.01,,1797500.0
2000-03-23,22.31,22.94,22.28,22.5,,1315400.0
2000-03-24,22.45,23.1,22.1,23.1,,1148100.0
2000-03-27,23.17,23.44,22.58,22.66,,575500.0
2000-03-28,21.95,22.7,21.72,22.2,,1079200.0
2000-03-29,21.95,23.38,21.95,22.98,,855300.0
2000-03-30,22.98,25.76,22.64,24.28,,1616200.0
2000-03-31,24.28,24.64,23.61,24.01,,1166200.0
2000-04-03,24.03,24.28,22.96,23.74,,821500.0
2000-04-04,23.74,24.51,21.72,22.66,,1389700.0
2000-04-05,23.02,23.71,22.77,23.04,,753900.0
2000-04-06,23.06,23.48,22.87,23.06,,538800.0
2000-04-07,23.25,23.67,22.89,23.48,,486100.0
2000-04-10,23.48,24.68,23.48,24.22,,784700.0
2000-04-11,24.18,24.18,23.29,23.78,,583600.0
2000-04-12,23.78,23.78,23.19,23.34,,745700.0
2000-04-13,23.4,23.55,23.04,23.31,,580700.0
2000-04-14,23.1,23.57,22.1,22.53,,1036200.0
2000-04-17,22.71,22.87,21.71,22.66,,966100.0
2000-04-18,22.68,23.93,22.45,23.48,,1014000.0
2000-04-19,23.86,24.22,23.71,24.22,,586900.0
2000-04-20,24.7,26.53,24.41,26.26,,1826600.0
2000-04-24,26.22,26.57,25.32,25.55,,1101500.0
2000-04-25,25.55,25.73,25.06,25.36,,724200.0
2000-04-26,25.36,26.28,25.32,26.07,,1058100.0
2000-04-27,25.84,25.84,25.12,25.74,,455900.0
2000-04-28,25.74,27.86,25.55,27.42,,1603900.0
2000-05-01,27.71,28.2,26.3,26.79,,1187700.0
2000-05-02,26.79,27.12,25.8,25.92,,767600.0
2000-05-03,25.92,26.22,25.5,26.09,,962400.0
2000-05-04,26.14,26.7,25.46,25.96,,971600.0
2000-05-05,25.93,26.34,25.84,26.22,,489500.0
2000-05-08,25.76,25.76,24.49,24.75,,2276800.0
2000-05-09,24.74,24.74,23.95,24.07,,1386000.0
2000-05-10,23.9,23.9,22.39,22.45,,2707300.0
2000-05-11,22.64,23.52,21.95,22.68,,4223100.0
2000-05-12,22.98,24.01,22.98,23.86,,7229600.0
2000-05-15,23.67,25.14,23.59,25.04,,2805200.0
2000-05-16,24.89,24.91,24.39,24.6,,1412700.0
2000-05-17,24.31,25.17,24.03,25.02,,1585000.0
2000-05-18,25.17,25.27,24.87,25.15,,982700.0
2000-05-19,25.04,25.32,24.89,25.25,,988300.0
2000-05-22,25.25,25.46,24.79,25.46,,1336400.0
2000-05-23,25.53,26.01,25.27,25.55,,1300100.0
2000-05-24,25.52,25.59,24.47,24.98,,1530200.0
2000-05-25,25.46,25.96,25.02,25.5,,1249800.0
2000-05-26,25.76,26.47,25.73,26.2,,930600.0
2000-05-30,26.18,26.51,25.67,26.34,,830700.0
2000-05-31,26.3,26.72,26.16,26.6,,1191700.0
2000-06-01,26.6,27.36,26.37,27.25,,1546300.0
2000-06-02,27.29,28.28,27.25,28.05,,1055100.0
2000-06-05,27.9,28.05,26.53,26.76,,1445300.0
2000-06-06,26.76,27.71,26.68,27.44,,2200000.0
2000-06-07,29.12,29.12,27.59,28.2,,2550200.0
2000-06-08,28.2,29.15,28.13,28.78,,2118800.0
2000-06-09,28.93,30.03,28.66,29.27,,1360000.0
2000-06-12,29.27,29.46,28.51,29.15,,2183600.0
2000-06-13,29.2,30.26,29.12,29.81,,2833800.0
2000-06-14,28.66,28.85,26.56,26.64,,4344900.0
2000-06-15,27.14,27.98,26.98,27.59,,2302100.0
2000-06-16,27.74,28.32,27.02,28.2,,1853400.0
2000-06-19,28.2,28.2,27.29,27.67,,1219800.0
2000-06-20,27.98,28.59,27.32,27.37,,1507600.0
2000-06-21,27.4,27.4,26.6,26.98,,1575800.0
2000-06-22,26.98,27.14,25.61,25.76,,2713300.0
2000-06-23,25.8,26.3,24.7,24.93,,1900100.0
2000-06-26,25.31,28.2,25.12,28.09,,2337500.0
2000-06-27,27.37,28.17,27.32,27.82,,2312000.0
2000-06-28,27.44,28.39,27.25,28.34,,1022500.0
2000-06-29,28.13,28.17,26.83,27.14,,1323300.0
2000-06-30,27.14,28.01,27.06,27.82,,1680100.0
2000-07-03,27.59,28.66,27.52,28.66,,337500.0
2000-07-05,28.51,28.89,28.05,28.62,,1399800.0
2000-07-06,28.17,28.96,28.09,28.17,,1343200.0
2000-07-07,28.35,29.39,28.32,29.27,,1742200.0
2000-07-10,29.31,30.37,29.31,30.03,,2016200.0
2000-07-11,29.88,30.37,29.73,30.3,,1398700.0
2000-07-12,30.45,31.25,30.37,30.79,,2531900.0
2000-07-13,30.64,32.7,30.42,32.47,,2704900.0
2000-07-14,31.79,32.13,30.03,30.72,,2118400.0
2000-07-17,30.79,32.93,30.26,32.93,,2377500.0
2000-07-18,32.78,32.78,31.25,31.98,,1511800.0
2000-07-19,31.98,32.09,30.91,30.91,,1199600.0
2000-07-20,31.06,32.32,31.06,32.25,,1745200.0
2000-07-21,32.32,32.32,31.82,31.86,,1111100.0
2000-07-24,31.86,31.94,31.52,31.94,,1158400.0
2000-07-25,32.2,32.66,32.13,32.59,,1540900.0
2000-07-26,32.7,32.7,31.48,31.56,,995300.0
2000-07-27,32.17,32.59,31.71,32.13,,2772200.0
2000-07-28,32.28,32.89,30.79,31.06,,1455200.0
2000-07-31,31.25,33.2,31.25,32.59,,2040300.0
2000-08-01,32.59,34.26,32.55,34.0,,1982400.0
2000-08-02,33.81,34.03,32.89,33.2,,2162600.0
2000-08-03,33.08,33.08,31.94,32.13,,2000000.0
2000-08-04,32.13,32.55,31.25,32.2,,1799800.0
2000-08-07,32.62,33.42,32.55,33.35,,1772100.0
2000-08-08,34.45,35.33,34.0,35.21,,2029500.0
2000-08-09,35.21,35.86,33.88,33.91,,1709500.0
2000-08-10,33.62,33.65,32.43,32.82,,1803600.0
2000-08-11,32.85,33.54,32.7,33.35,,1119200.0
2000-08-14,33.92,36.4,33.73,35.82,,2753100.0
2000-08-15,34.91,35.06,34.45,34.68,,1718700.0
2000-08-16,34.76,34.79,34.34,34.53,,1402300.0
2000-08-17,34.84,35.79,34.76,35.75,,1903300.0
2000-08-18,35.67,36.43,35.56,35.82,,1896100.0
2000-08-21,35.45,35.48,34.76,34.99,,1588200.0
2000-08-22,35.29,35.67,34.79,35.1,,1685400.0
2000-08-23,35.48,36.25,35.21,36.06,,2105600.0
2000-08-24,35.98,36.01,35.06,35.82,,1420200.0
2000-08-25,35.67,35.75,34.76,34.87,,1999200.0
2000-08-28,34.91,36.17,34.87,35.94,,1237200.0
2000-08-29,35.45,35.82,35.37,35.67,,1325700.0
2000-08-30,36.89,38.42,36.51,37.58,,3408900.0
2000-08-31,37.2,38.99,37.2,38.81,,2561700.0
2000-09-01,38.87,40.87,38.68,40.86,,1662300.0
2000-09-05,40.7,40.7,38.04,39.79,,2423500.0
2000-09-06,38.42,38.57,36.74,37.65,,3269300.0
2000-09-07,37.65,38.19,37.08,37.43,,1532700.0
2000-09-08,37.5,37.62,36.36,37.21,,2264100.0
2000-09-11,37.2,39.94,37.2,39.38,,2345500.0
2000-09-12,39.48,40.17,38.87,40.06,,1947400.0
2000-09-13,40.67,41.16,39.37,39.79,,2346700.0
2000-09-14,40.25,40.43,39.56,40.21,,1837500.0
2000-09-15,40.4,42.84,40.32,41.16,,3383200.0
2000-09-18,41.31,41.39,39.14,39.32,,1551400.0
2000-09-19,39.26,39.71,38.15,38.8,,2759700.0
2000-09-20,38.5,38.65,37.5,38.11,,1928400.0
2000-09-21,38.11,38.87,37.54,37.81,,1197900.0
2000-09-22,38.04,39.79,38.04,39.71,,1868300.0
2000-09-25,39.64,40.17,39.37,40.06,,1462300.0
2000-09-26,39.9,40.86,39.75,40.74,,2323900.0
2000-09-27,40.78,42.68,40.55,42.16,,2665800.0
2000-09-28,41.77,41.81,40.7,41.7,,2567500.0
2000-09-29,41.54,42.31,41.04,41.78,,1276400.0
2000-10-02,41.89,43.75,41.2,43.07,,2526500.0
2000-10-03,43.07,44.4,42.46,42.84,,2909900.0
2000-10-04,42.84,43.53,40.25,41.01,,2658500.0
2000-10-05,41.47,41.96,39.67,39.98,,3000600.0
2000-10-06,40.02,40.51,39.11,39.48,,2111800.0
2000-10-09,39.79,41.39,39.67,41.16,,1419300.0
2000-10-10,41.09,42.53,40.55,42.26,,2331300.0
2000-10-11,43.14,43.22,39.64,39.71,,2477400.0
2000-10-12,40.02,40.17,36.59,36.74,,3287800.0
2000-10-13,37.04,37.04,35.56,35.82,,2685600.0
2000-10-16,35.98,37.2,35.67,36.01,,2320400.0
2000-10-17,36.62,36.86,35.52,35.94,,1387700.0
2000-10-18,35.06,35.48,31.79,33.01,,4286100.0
2000-10-19,32.85,34.6,32.43,33.96,,3729700.0
2000-10-20,34.11,35.37,33.84,35.03,,3137300.0
2000-10-23,35.1,35.6,33.77,33.92,,2364200.0
2000-10-24,34.07,35.21,33.23,33.5,,2541200.0
2000-10-25,33.5,33.5,30.18,31.4,,3085300.0
2000-10-26,31.33,31.86,30.42,31.1,,3044600.0
2000-10-27,31.71,33.27,31.48,33.08,,4841300.0
2000-10-30,33.12,34.34,32.62,34.07,,1949100.0
2000-10-31,34.07,35.03,33.42,34.45,,2418500.0
2000-11-01,35.21,37.08,35.06,37.01,,2184300.0
2000-11-02,37.5,38.15,36.32,37.12,,2117300.0
2000-11-03,37.12,37.96,35.25,37.35,,1814400.0
2000-11-06,37.77,39.03,37.2,38.3,,1366400.0
2000-11-07,38.3,39.33,38.3,39.14,,1316100.0
2000-11-08,39.11,39.37,38.34,38.72,,1196500.0
2000-11-09,38.76,38.95,36.97,38.07,,1512900.0
2000-11-10,38.11,39.03,37.28,37.58,,1245000.0
2000-11-13,36.59,36.67,35.03,35.67,,2275900.0
2000-11-14,35.67,36.13,33.92,34.38,,2573500.0
2000-11-15,34.34,35.03,33.5,34.76,,2048600.0
2000-11-16,34.84,35.06,34.45,35.06,,1985200.0
2000-11-17,35.06,36.13,34.6,35.98,,2206300.0
2000-11-20,35.98,35.98,34.76,34.99,,1239000.0
2000-11-21,34.91,35.25,32.32,32.78,,2293900.0
2000-11-22,29.88,34.45,29.88,33.12,,2814800.0
2000-11-24,33.69,34.34,33.46,34.07,,531700.0
2000-11-27,34.23,34.68,34.18,34.49,,1250300.0
2000-11-28,34.49,34.84,33.73,33.96,,1582100.0
2000-11-29,34.07,34.42,33.57,33.81,,1465000.0
2000-11-30,32.01,32.09,31.1,31.64,,3171500.0
2000-12-01,32.17,32.17,31.48,31.52,,1897900.0
2000-12-04,31.56,32.51,29.65,29.92,,3918600.0
2000-12-05,29.92,30.3,28.89,29.57,,4389900.0
2000-12-06,29.88,30.15,28.93,29.04,,2789400.0
2000-12-07,29.2,29.76,27.44,27.74,,4827900.0
2000-12-08,27.59,30.03,27.44,29.42,,4159200.0
2000-12-11,29.88,31.33,29.88,30.98,,3304600.0
2000-12-12,30.98,31.29,29.96,30.45,,2457500.0
2000-12-13,30.49,31.64,30.26,31.37,,2857900.0
2000-12-14,31.03,31.03,29.35,30.15,,3156100.0
2000-12-15,29.88,30.64,28.54,30.45,,3379000.0
2000-12-18,31.14,32.35,30.72,31.98,,3124600.0
2000-12-19,32.01,33.04,31.98,32.32,,2311100.0
2000-12-20,31.71,32.17,31.33,32.13,,2610900.0
2000-12-21,31.71,31.9,30.53,30.79,,3238700.0
2000-12-22,30.79,32.01,30.18,32.01,,2829400.0
2000-12-26,32.39,34.07,32.25,34.03,,1990600.0
2000-12-27,34.0,34.11,33.27,34.11,,2007100.0
2000-12-28,34.11,34.42,33.39,34.23,,2080900.0
2000-12-29,34.53,34.68,33.42,33.77,,2252300.0
2001-01-02,33.92,33.92,31.44,31.56,,1254200.0
2001-01-03,31.64,31.98,29.54,30.45,,2873500.0
2001-01-04,30.49,30.76,27.98,30.37,,6884200.0
2001-01-05,30.37,32.32,30.03,31.33,,2533700.0
2001-01-08,31.86,32.2,31.37,32.01,,1854300.0
2001-01-09,32.62,32.62,32.2,32.51,,2160800.0
2001-01-10,32.51,32.81,30.91,31.94,,2537900.0
2001-01-11,32.55,32.55,30.3,31.03,,2293300.0
2001-01-12,31.4,32.2,30.22,32.09,,2326100.0
2001-01-16,32.25,32.25,30.68,31.14,,2768600.0
2001-01-17,31.14,32.43,31.06,31.52,,2563300.0
2001-01-18,32.01,32.43,31.71,32.13,,2386300.0
2001-01-19,32.13,33.04,31.48,32.43,,2738700.0
2001-01-22,32.62,33.08,32.43,32.89,,2269500.0
2001-01-23,33.04,34.64,33.04,34.45,,2199200.0
2001-01-24,34.76,36.06,34.45,34.76,,3362800.0
2001-01-25,34.3,35.06,33.73,34.23,,1810700.0
2001-01-26,34.3,36.13,34.3,35.79,,1966300.0
2001-01-29,35.94,36.56,35.73,36.4,,1744700.0
2001-01-30,34.76,34.91,34.03,34.39,,4119700.0
2001-01-31,35.06,35.34,33.91,35.14,,7427700.0
2001-02-01,35.07,35.14,34.27,34.6,,2398300.0
2001-02-02,34.6,35.64,34.55,35.37,,1674100.0
2001-02-05,35.52,35.66,34.28,34.6,,1433200.0
2001-02-06,35.21,35.21,33.39,33.72,,2769200.0
2001-02-07,34.0,35.06,33.87,34.83,,1990600.0
2001-02-08,34.83,35.9,34.77,35.18,,1359300.0
2001-02-09,35.18,36.59,35.09,36.33,,1392200.0
2001-02-12,36.33,36.33,33.54,34.6,,2418400.0
2001-02-13,34.76,35.61,34.36,34.87,,1339800.0
2001-02-14,34.87,34.96,34.47,34.68,,1127400.0
2001-02-15,34.7,35.12,33.54,34.81,,1937000.0
2001-02-16,34.94,35.48,34.91,35.36,,1432500.0
2001-02-20,35.36,35.84,35.23,35.73,,1433400.0
2001-02-21,35.73,36.68,35.58,35.59,,2314200.0
2001-02-22,35.25,35.67,34.29,34.5,,2553000.0
2001-02-23,34.12,34.12,32.62,32.68,,3053800.0
2001-02-26,32.87,33.72,32.68,33.66,,1749900.0
2001-02-27,33.72,34.39,32.82,33.54,,1224700.0
2001-02-28,33.93,33.93,32.63,32.91,,1193600.0
2001-03-01,32.99,33.46,32.53,33.32,,2593600.0
2001-03-02,33.66,34.45,33.05,34.05,,1581800.0
2001-03-05,34.6,34.92,34.29,34.51,,1927700.0
2001-03-06,35.12,35.18,34.6,34.76,,1367300.0
2001-03-07,34.77,35.21,34.53,34.76,,1649300.0
2001-03-08,34.91,35.61,34.76,35.38,,1882800.0
2001-03-09,35.99,35.99,33.48,34.06,,4301500.0
2001-03-12,34.06,34.06,31.86,31.86,,2295400.0
2001-03-13,32.5,32.5,29.88,30.04,,3548600.0
2001-03-14,29.57,30.58,29.33,29.79,,6291600.0
2001-03-15,30.18,30.67,30.03,30.27,,2548600.0
2001-03-16,29.73,30.06,28.91,28.97,,3965200.0
2001-03-19,28.97,29.21,28.42,28.45,,2289400.0
2001-03-20,28.96,30.09,28.78,29.28,,3491100.0
2001-03-21,29.48,29.87,29.0,29.0,,2063000.0
2001-03-22,29.0,29.24,25.18,26.34,,5104000.0
2001-03-23,26.77,27.23,26.07,26.82,,5105700.0
2001-03-26,27.44,28.89,27.26,28.34,,3942400.0
2001-03-27,29.12,30.25,28.85,30.25,,6396100.0
2001-03-28,30.49,30.96,29.89,30.18,,3564300.0
2001-03-29,30.12,30.57,28.92,29.9,,3717400.0
2001-03-30,29.88,30.92,29.57,30.46,,3384000.0
2001-04-02,30.46,30.89,29.8,30.32,,2196100.0
2001-04-03,30.32,30.32,28.35,29.18,,2709600.0
2001-04-04,29.03,29.17,26.68,26.86,,4330700.0
2001-04-05,27.59,27.59,25.9,26.22,,5495400.0
2001-04-06,26.8,27.74,24.7,26.81,,6003500.0
2001-04-09,27.14,28.08,26.83,27.67,,2251100.0
2001-04-10,28.81,29.64,28.29,28.57,,2507600.0
2001-04-11,28.51,29.88,28.35,29.75,,2244300.0
2001-04-12,29.7,30.34,28.59,30.12,,1908000.0
2001-04-16,30.12,30.3,29.76,30.26,,1774400.0
2001-04-17,30.14,30.52,29.91,30.52,,1569200.0
2001-04-18,31.1,31.6,30.37,31.37,,1980000.0
2001-04-19,31.37,31.86,30.89,31.71,,2052800.0
2001-04-20,31.71,31.71,29.94,30.28,,2531400.0
2001-04-23,30.49,30.49,29.27,29.67,,2869700.0
2001-04-24,29.79,29.85,28.66,29.3,,3566400.0
2001-04-25,29.54,29.57,28.67,29.27,,1578700.0
2001-04-26,29.12,29.39,28.39,28.66,,2845900.0
2001-04-27,28.84,29.25,28.57,28.93,,2028700.0
2001-04-30,29.09,29.79,28.97,29.07,,2011100.0
2001-05-01,29.22,29.48,27.35,27.59,,3789100.0
2001-05-02,28.29,29.79,28.2,29.45,,4138800.0
2001-05-03,29.73,29.85,29.17,29.47,,2172500.0
2001-05-04,29.47,29.88,29.07,29.57,,1627500.0
2001-05-07,29.57,30.12,29.03,29.12,,1219000.0
2001-05-08,29.09,29.09,27.9,28.18,,2794500.0
2001-05-09,28.18,28.32,27.13,27.32,,3830800.0
2001-05-10,27.44,27.46,25.82,26.53,,5081500.0
2001-05-11,26.68,27.17,26.07,27.01,,3347100.0
2001-05-14,27.29,27.77,25.92,26.21,,3532000.0
2001-05-15,26.22,26.46,25.61,25.79,,4122300.0
2001-05-16,26.16,26.22,25.29,25.58,,5785500.0
2001-05-17,25.89,27.56,25.86,27.56,,6668900.0
2001-05-18,27.9,28.04,27.14,27.9,,2735400.0
2001-05-21,27.9,28.47,27.44,28.09,,2593000.0
2001-05-22,28.45,29.07,28.26,28.81,,2944100.0
2001-05-23,29.39,29.53,28.96,29.05,,2817100.0
2001-05-24,29.2,29.2,28.14,28.48,,1481900.0
2001-05-25,28.6,28.63,27.81,27.96,,2318500.0
2001-05-29,28.1,28.1,27.44,27.68,,1518200.0
2001-05-30,27.53,28.05,26.89,27.17,,1628300.0
2001-05-31,27.17,27.82,26.89,27.68,,2287500.0
2001-06-01,27.44,27.72,26.99,27.4,,2090800.0
2001-06-04,27.38,27.56,26.68,27.19,,1760000.0
2001-06-05,27.01,27.07,25.68,25.94,,4058700.0
2001-06-06,25.96,26.39,25.77,25.9,,4446000.0
2001-06-07,25.9,26.13,24.36,24.6,,5347900.0
2001-06-08,25.0,25.42,24.7,25.23,,2130500.0
2001-06-11,25.61,26.0,25.1,25.92,,2590000.0
2001-06-12,26.04,26.2,25.18,26.17,,2487600.0
2001-06-13,26.17,26.32,25.4,25.56,,2119300.0
2001-06-14,25.56,25.56,24.67,24.98,,2307800.0
2001-06-15,24.7,26.23,24.7,26.18,,3607500.0
2001-06-18,26.18,26.53,25.49,25.92,,2167900.0
2001-06-19,26.07,26.18,25.37,25.61,,2384100.0
2001-06-20,25.61,26.22,25.18,25.61,,2392600.0
2001-06-21,25.61,25.61,24.44,25.34,,3996500.0
2001-06-22,25.37,25.63,24.57,25.04,,3133700.0
2001-06-25,25.19,25.42,25.08,25.31,,1552100.0
2001-06-26,25.46,25.52,24.85,25.34,,1354700.0
2001-06-27,25.49,26.04,25.24,25.78,,1597600.0
2001-06-28,26.19,27.14,26.01,26.77,,2990200.0
2001-06-29,27.14,27.14,25.98,26.25,,3427100.0
2001-07-02,26.83,26.83,26.31,26.7,,1583900.0
2001-07-03,26.98,27.0,26.13,26.22,,1111900.0
2001-07-05,26.22,26.22,25.24,25.65,,2404400.0
2001-07-06,25.65,25.99,25.43,25.89,,1759800.0
2001-07-09,26.04,26.37,25.55,26.37,,1853500.0
2001-07-10,26.37,27.14,26.31,26.46,,1965500.0
2001-07-11,26.56,26.8,25.49,25.61,,2325100.0
2001-07-12,25.46,25.46,23.86,23.9,,3942400.0
2001-07-13,23.9,24.33,23.33,23.43,,3068200.0
2001-07-16,23.39,24.01,23.07,23.17,,3445500.0
2001-07-17,23.51,23.51,22.81,23.06,,2332000.0
2001-07-18,23.2,23.2,21.95,22.21,,3457900.0
2001-07-19,22.62,23.05,22.2,22.37,,2327500.0
2001-07-20,22.47,22.73,21.68,21.78,,1998200.0
2001-07-23,21.93,21.95,20.96,21.37,,4218900.0
2001-07-24,21.34,21.71,21.19,21.34,,4040500.0
2001-07-25,21.34,21.59,20.49,21.31,,4657400.0
2001-07-26,21.19,21.59,20.51,20.79,,5138100.0
2001-07-27,20.88,22.87,20.88,22.74,,5395500.0
2001-07-30,22.74,22.93,21.89,22.92,,2833100.0
2001-07-31,22.84,23.48,22.76,23.35,,2589300.0
2001-08-01,23.17,23.84,23.17,23.71,,2030300.0
2001-08-02,23.84,23.93,23.57,23.72,,1907000.0
2001-08-03,23.63,23.79,23.24,23.76,,1655200.0
2001-08-06,23.35,23.38,22.81,23.03,,1735500.0
2001-08-07,23.03,23.62,22.93,23.17,,1603500.0
2001-08-08,22.84,22.85,21.65,21.89,,1938200.0
2001-08-09,21.77,21.92,21.56,21.7,,3233800.0
2001-08-10,21.89,21.92,21.23,21.69,,1669800.0
2001-08-13,21.83,22.02,21.59,21.67,,1244300.0
2001-08-14,21.65,21.86,21.21,21.38,,1399300.0
2001-08-15,21.32,21.95,20.85,21.51,,1367800.0
2001-08-16,21.43,21.45,20.9,21.28,,1607300.0
2001-08-17,20.88,21.1,20.59,20.78,,1687300.0
2001-08-20,20.88,20.93,20.52,20.7,,1315200.0
2001-08-21,20.95,21.04,20.59,21.03,,2291000.0
2001-08-22,21.28,21.36,20.64,20.81,,1504700.0
2001-08-23,20.82,21.28,20.79,21.24,,1154700.0
2001-08-24,21.24,21.71,20.96,21.54,,1639900.0
2001-08-27,21.65,21.76,21.32,21.73,,1000300.0
2001-08-28,21.68,22.04,21.66,21.82,,1645300.0
2001-08-29,21.86,22.16,21.56,21.7,,1591700.0
2001-08-30,21.74,21.74,19.51,19.91,,4868500.0
2001-08-31,19.94,20.4,19.94,20.2,,3509600.0
2001-09-04,20.37,20.37,19.39,19.46,,2365400.0
2001-09-05,19.51,19.82,18.29,18.74,,5088400.0
2001-09-06,18.72,18.92,18.23,18.34,,3057100.0
2001-09-07,18.54,18.6,17.81,18.04,,3773700.0
2001-09-10,17.38,17.87,16.22,17.68,,7102000.0
2001-09-17,16.16,17.06,16.11,16.77,,4346300.0
2001-09-18,16.8,16.8,14.94,15.09,,5554600.0
2001-09-19,15.37,15.37,13.42,14.12,,7209400.0
2001-09-20,15.0,15.0,13.81,14.83,,4931400.0
2001-09-21,14.94,14.94,14.31,14.79,,4671100.0
2001-09-24,14.85,15.4,14.64,15.31,,4435800.0
2001-09-25,15.5,15.55,14.14,14.79,,12233500.0
2001-09-26,8.23,10.98,7.32,7.47,,53040600.0
2001-09-27,7.48,8.17,7.48,8.06,,20387900.0
2001-09-28,7.99,8.2,7.63,7.82,,14313100.0
2001-10-01,7.31,7.65,7.08,7.31,,11232200.0
2001-10-02,7.29,7.74,7.07,7.62,,10258000.0
2001-10-03,8.02,8.02,7.32,7.99,,8164600.0
2001-10-04,8.54,8.54,7.9,8.23,,8090800.0
2001-10-05,8.48,8.48,7.96,8.31,,5992300.0
2001-10-08,8.32,8.32,7.95,8.11,,3941600.0
2001-10-09,8.18,8.18,7.84,8.02,,4256100.0
2001-10-10,8.08,8.45,7.96,8.41,,6100900.0
2001-10-11,8.47,9.29,8.45,8.98,,10372600.0
2001-10-12,8.96,9.23,8.84,9.16,,5593300.0
2001-10-15,9.16,9.21,8.99,9.07,,5328100.0
2001-10-16,9.21,9.29,8.73,9.06,,5061400.0
2001-10-17,8.9,9.05,8.63,8.76,,3869400.0
2001-10-18,8.76,8.83,8.35,8.4,,2398900.0
2001-10-19,8.41,8.86,8.04,8.73,,3224100.0
2001-10-22,8.71,8.77,8.29,8.46,,2217200.0
2001-10-23,8.57,8.63,8.08,8.21,,2507000.0
2001-10-24,8.29,8.29,7.88,8.04,,2569000.0
2001-10-25,7.9,8.15,7.77,7.99,,4463200.0
2001-10-26,8.23,8.98,8.14,8.93,,6247000.0
2001-10-29,8.78,8.83,8.51,8.58,,2719200.0
2001-10-30,8.63,8.63,8.29,8.38,,2484000.0
2001-10-31,8.57,8.59,8.17,8.45,,2306200.0
2001-11-01,8.48,8.57,8.26,8.5,,2166700.0
2001-11-02,8.51,8.53,8.15,8.26,,1739900.0
2001-11-05,8.32,8.56,8.14,8.4,,3609700.0
2001-11-06,8.47,8.47,7.87,8.21,,2754800.0
2001-11-07,8.5,8.5,7.52,7.9,,6545100.0
2001-11-08,7.95,8.15,7.9,7.98,,5781400.0
2001-11-09,8.14,8.65,8.06,8.46,,3978200.0
2001-11-12,8.41,8.69,8.23,8.61,,2564000.0
2001-11-13,8.72,9.07,8.57,9.03,,3666700.0
2001-11-14,9.03,9.25,8.93,9.11,,3681000.0
2001-11-15,9.15,9.79,9.15,9.7,,5818800.0
2001-11-16,9.76,10.67,9.62,10.34,,8661600.0
2001-11-19,10.4,10.79,10.35,10.76,,6223300.0
2001-11-20,10.58,10.85,10.4,10.6,,4105900.0
2001-11-21,10.6,10.6,10.07,10.31,,2165700.0
2001-11-23,10.7,10.7,10.18,10.63,,807500.0
2001-11-26,10.48,10.58,10.27,10.47,,2641500.0
2001-11-27,10.34,10.4,10.12,10.24,,2682300.0
2001-11-28,10.23,10.23,9.76,9.8,,5309300.0
2001-11-29,9.7,10.37,9.67,10.07,,2189800.0
2001-11-30,10.07,10.21,9.82,10.07,,2118300.0
2001-12-03,10.07,10.07,9.47,9.8,,2694100.0
2001-12-04,9.76,10.13,9.62,10.13,,1808400.0
2001-12-05,10.06,10.58,9.97,10.35,,2772900.0
2001-12-06,10.39,10.39,10.06,10.23,,1980300.0
2001-12-07,10.37,10.37,9.97,10.06,,2808300.0
2001-12-10,9.15,9.15,8.84,8.99,,6876200.0
2001-12-11,8.9,8.96,8.25,8.49,,5460200.0
2001-12-12,8.53,8.88,8.16,8.77,,8814200.0
2001-12-13,8.73,9.01,8.61,8.85,,7599900.0
2001-12-14,8.66,8.98,8.56,8.87,,3146900.0
2001-12-17,8.87,8.87,8.6,8.73,,2349600.0
2001-12-18,8.66,9.12,8.62,8.96,,3293400.0
2001-12-19,8.93,9.51,8.76,9.2,,4711700.0
2001-12-20,8.93,9.13,8.75,8.81,,2935900.0
2001-12-21,8.69,8.8,8.63,8.69,,5682200.0
2001-12-24,8.7,8.93,8.69,8.85,,870600.0
2001-12-26,8.9,9.21,8.85,9.09,,1653400.0
2001-12-27,8.91,9.93,8.91,9.91,,4098300.0
2001-12-28,9.94,10.3,9.85,10.13,,2863200.0
2001-12-31,10.06,10.37,9.91,9.97,,2677700.0
2002-01-02,9.45,10.24,9.45,10.24,,2357100.0
2002-01-03,10.34,10.34,9.92,10.06,,2781300.0
2002-01-04,10.67,10.67,10.1,10.64,,3103000.0
2002-01-07,10.79,10.9,10.52,10.88,,2455000.0
2002-01-08,10.88,10.93,10.68,10.84,,2562900.0
2002-01-09,10.84,10.88,10.47,10.55,,2056500.0
2002-01-10,10.15,10.72,10.15,10.49,,3469200.0
2002-01-11,10.43,10.49,9.99,10.02,,3255200.0
2002-01-14,10.12,10.18,9.81,9.92,,2434300.0
2002-01-15,10.09,10.12,9.84,9.93,,2317100.0
2002-01-16,9.77,10.03,9.73,9.79,,1401800.0
2002-01-17,9.63,9.73,9.33,9.42,,3069200.0
2002-01-18,9.42,9.55,9.36,9.45,,2467200.0
2002-01-22,9.36,9.6,9.21,9.48,,2167700.0
2002-01-23,9.59,9.59,9.22,9.24,,2462200.0
2002-01-24,9.27,9.54,9.27,9.43,,1065800.0
2002-01-25,9.43,9.51,9.27,9.37,,678800.0
2002-01-28,9.57,9.57,9.14,9.2,,1243900.0
2002-01-29,9.39,9.39,8.77,8.78,,3018900.0
2002-01-30,8.79,8.88,8.16,8.45,,4938800.0
2002-01-31,8.47,8.48,8.12,8.26,,3558100.0
2002-02-01,8.2,8.2,8.0,8.11,,4720800.0
2002-02-04,7.97,8.04,7.26,7.48,,4242900.0
2002-02-05,7.07,7.31,6.75,7.02,,5865800.0
2002-02-06,6.56,7.01,6.04,6.04,,6658900.0
2002-02-07,6.07,6.33,6.03,6.27,,6184600.0
2002-02-08,6.13,6.4,6.09,6.1,,4409900.0
2002-02-11,6.1,6.37,6.07,6.36,,4219400.0
2002-02-12,6.36,6.36,6.1,6.19,,3034200.0
2002-02-13,6.19,6.22,6.09,6.1,,2949700.0
2002-02-14,6.1,6.19,5.49,5.79,,3801400.0
2002-02-15,5.56,5.56,3.57,4.27,,29962400.0
2002-02-19,3.96,4.51,2.68,2.9,,21070900.0
2002-02-20,3.11,3.11,2.38,2.59,,25251800.0
2002-02-21,2.65,3.0,2.49,2.51,,14883500.0
2002-02-22,2.49,2.63,2.07,2.52,,15464400.0
2002-02-25,2.56,2.99,2.3,2.96,,9816100.0
2002-02-26,3.04,3.31,2.9,3.05,,12535500.0
2002-02-27,3.14,3.2,2.93,3.04,,7627600.0
2002-02-28,3.04,3.2,2.9,3.15,,6890300.0
2002-03-01,3.23,3.23,2.93,3.04,,11620600.0
2002-03-04,3.05,3.32,3.05,3.14,,10125400.0
2002-03-05,3.23,3.66,3.17,3.63,,11948400.0
2002-03-06,3.71,4.27,3.66,3.9,,19435500.0
2002-03-07,4.26,4.47,4.16,4.41,,12890600.0
2002-03-08,4.57,5.41,4.51,5.06,,13151300.0
2002-03-11,5.24,5.55,5.05,5.49,,11768700.0
2002-03-12,5.88,5.88,5.0,5.36,,12724600.0
2002-03-13,5.3,5.69,5.07,5.18,,7791600.0
2002-03-14,5.37,5.37,5.06,5.12,,4662200.0
2002-03-15,5.12,5.12,4.39,4.79,,7871000.0
2002-03-18,4.79,5.37,4.79,5.37,,6283300.0
2002-03-19,5.55,5.98,5.48,5.59,,9042400.0
2002-03-20,5.43,5.76,5.31,5.55,,5581200.0
2002-03-21,5.71,5.71,5.49,5.63,,4823400.0
2002-03-22,5.54,5.6,5.25,5.34,,7974600.0
2002-03-25,5.34,5.57,5.27,5.49,,4330100.0
2002-03-26,5.24,5.46,5.21,5.37,,6872800.0
2002-03-27,5.61,5.61,5.36,5.55,,4582900.0
2002-03-28,5.65,5.71,5.43,5.49,,6093400.0
2002-04-01,5.54,5.54,5.25,5.52,,2350800.0
2002-04-02,5.49,5.52,5.37,5.37,,2303100.0
2002-04-03,5.31,5.55,5.18,5.46,,3429600.0
2002-04-04,5.49,5.58,5.38,5.52,,7200100.0
2002-04-05,5.52,5.62,5.4,5.59,,2320500.0
2002-04-08,5.59,5.59,5.4,5.41,,2282300.0
2002-04-09,5.4,5.53,5.33,5.34,,2223200.0
2002-04-10,5.35,5.47,5.28,5.37,,2651200.0
2002-04-11,5.37,5.41,5.12,5.15,,2833000.0
2002-04-12,5.18,5.33,5.12,5.18,,2376600.0
2002-04-15,5.15,5.15,4.49,4.51,,5738400.0
2002-04-16,4.66,4.81,4.64,4.74,,3262600.0
2002-04-17,4.86,4.88,4.74,4.85,,2532300.0
2002-04-18,4.85,4.93,4.74,4.79,,2572200.0
2002-04-19,4.79,4.81,4.6,4.69,,1534000.0
2002-04-22,4.54,4.71,4.39,4.56,,2349200.0
2002-04-23,4.74,4.9,4.72,4.81,,3128900.0
2002-04-24,4.75,4.75,4.45,4.45,,2558900.0
2002-04-25,4.88,4.88,4.61,4.82,,4857400.0
2002-04-26,4.88,5.0,4.64,4.65,,3362600.0
2002-04-29,4.7,4.96,4.7,4.84,,3858100.0
2002-04-30,4.85,4.99,4.85,4.89,,2837400.0
2002-05-01,4.89,5.14,4.87,5.09,,2593800.0
2002-05-02,5.15,5.18,4.99,5.18,,2309600.0
2002-05-03,5.12,5.15,4.96,5.02,,1741000.0
2002-05-06,5.05,5.05,4.85,4.88,,3009500.0
2002-05-07,4.88,4.96,4.58,4.66,,4158000.0
2002-05-08,4.68,4.79,4.54,4.76,,1687200.0
2002-05-09,4.74,4.88,4.45,4.45,,1780500.0
2002-05-10,4.45,4.57,3.96,4.1,,3324100.0
2002-05-13,4.1,4.17,4.01,4.15,,1790500.0
2002-05-14,4.21,4.35,4.15,4.27,,2006100.0
2002-05-15,4.21,4.4,4.06,4.17,,2922000.0
2002-05-16,4.27,4.35,3.99,3.99,,1834700.0
2002-05-17,3.99,4.08,3.59,3.76,,3358600.0
2002-05-20,3.9,4.05,3.72,3.96,,3836900.0
2002-05-21,4.06,4.11,3.9,3.97,,2411100.0
2002-05-22,4.06,4.09,3.87,4.09,,1324300.0
2002-05-23,4.09,4.14,4.0,4.02,,2257100.0
2002-05-24,4.07,4.14,3.89,4.04,,1485700.0
2002-05-28,4.15,4.21,3.97,4.11,,1567900.0
2002-05-29,4.09,4.11,3.97,3.97,,1430900.0
2002-05-30,3.9,4.01,3.79,3.95,,2150200.0
2002-05-31,3.88,4.04,3.8,3.99,,1540500.0
2002-06-03,3.98,3.98,3.51,3.59,,2088100.0
2002-06-04,3.58,3.72,3.39,3.45,,2675600.0
2002-06-05,3.45,3.45,3.14,3.2,,4393800.0
2002-06-06,3.2,3.28,2.44,2.74,,4548400.0
2002-06-07,2.8,2.9,2.38,2.38,,6492900.0
2002-06-10,2.44,2.55,2.43,2.44,,4994800.0
2002-06-11,2.47,2.53,2.12,2.16,,3822500.0
2002-06-12,2.22,2.86,2.22,2.79,,8570400.0
2002-06-13,2.79,3.23,2.68,2.96,,4616600.0
2002-06-14,2.9,3.05,2.74,3.03,,3428100.0
2002-06-17,3.09,3.14,3.05,3.1,,3133600.0
2002-06-18,3.07,3.17,3.04,3.06,,2772300.0
2002-06-19,3.14,3.57,3.09,3.22,,6569400.0
2002-06-20,3.23,3.28,2.93,2.95,,3228300.0
2002-06-21,2.87,3.1,2.77,2.8,,3614000.0
2002-06-24,2.8,2.8,2.34,2.52,,4814200.0
2002-06-25,2.54,2.6,2.44,2.46,,3335300.0
2002-06-26,2.29,2.7,2.21,2.63,,4423000.0
2002-06-27,2.68,3.04,2.67,3.04,,4475200.0
2002-06-28,2.98,3.35,2.96,3.31,,7194600.0
2002-07-01,3.31,3.34,2.8,2.81,,3211700.0
2002-07-02,2.77,2.8,2.41,2.44,,3530800.0
2002-07-03,2.41,2.49,2.3,2.43,,3538100.0
2002-07-05,2.5,2.56,2.48,2.52,,1098100.0
2002-07-08,2.56,2.59,2.38,2.47,,2057100.0
2002-07-09,2.44,2.52,2.3,2.3,,2252400.0
2002-07-10,2.37,2.43,2.27,2.39,,1933600.0
2002-07-11,2.33,2.41,2.15,2.16,,3167600.0
2002-07-12,2.18,2.26,1.97,2.04,,5478000.0
2002-07-15,2.04,2.08,1.89,1.98,,3458300.0
2002-07-16,1.98,2.05,1.9,1.9,,3894000.0
2002-07-17,1.95,2.07,1.52,1.89,,9565500.0
2002-07-18,1.83,1.83,1.59,1.7,,4608300.0
2002-07-19,1.64,1.91,1.59,1.85,,3549400.0
2002-07-22,1.87,1.89,1.68,1.77,,2337400.0
2002-07-23,1.8,1.8,1.36,1.37,,4394600.0
2002-07-24,1.35,1.71,1.34,1.49,,3765300.0
2002-07-25,1.37,1.62,0.99,1.08,,6617900.0
2002-07-26,1.08,1.11,0.71,0.95,,6435300.0
2002-07-29,1.01,1.41,0.99,1.34,,6706500.0
2002-07-30,1.4,1.43,1.18,1.29,,6054000.0
2002-07-31,1.23,1.34,1.16,1.25,,3189300.0
2002-08-01,1.22,1.37,1.21,1.29,,3639500.0
2002-08-02,1.35,1.37,1.21,1.31,,2924100.0
2002-08-05,1.29,1.33,1.22,1.26,,1576400.0
2002-08-06,1.27,1.4,1.19,1.2,,3692900.0
2002-08-07,1.23,1.27,0.98,1.1,,2603900.0
2002-08-08,1.34,1.34,1.15,1.27,,4161700.0
2002-08-09,1.31,1.41,1.27,1.37,,2515800.0
2002-08-12,1.37,1.37,1.25,1.3,,1568600.0
2002-08-13,1.3,1.33,1.22,1.28,,2206700.0
2002-08-14,1.25,1.3,1.23,1.27,,1270400.0
2002-08-15,1.26,1.29,1.2,1.23,,1876900.0
2002-08-16,1.21,1.27,1.18,1.24,,1230200.0
2002-08-19,1.24,1.31,1.22,1.27,,1530600.0
2002-08-20,1.29,1.43,1.28,1.34,,3640300.0
2002-08-21,1.43,1.51,1.29,1.47,,3123400.0
2002-08-22,1.52,2.01,1.51,1.92,,9584900.0
2002-08-23,2.01,2.19,1.86,1.99,,5794200.0
2002-08-26,2.01,2.13,1.84,1.93,,3673300.0
2002-08-27,1.96,2.04,1.88,1.91,,3052400.0
2002-08-28,1.86,1.95,1.74,1.9,,2238500.0
2002-08-29,1.9,1.98,1.82,1.95,,1511100.0
2002-08-30,1.95,1.97,1.84,1.84,,1304700.0
2002-09-03,1.79,1.79,1.62,1.63,,2266400.0
2002-09-04,1.62,1.7,1.54,1.57,,1751700.0
2002-09-05,1.55,1.76,1.52,1.64,,2412600.0
2002-09-06,1.74,1.77,1.67,1.68,,1264400.0
2002-09-09,1.62,1.7,1.55,1.68,,1412200.0
2002-09-10,1.62,1.82,1.59,1.72,,2236100.0
2002-09-11,1.73,1.98,1.71,1.91,,2002700.0
2002-09-12,1.89,2.01,1.87,1.87,,2141000.0
2002-09-13,1.78,1.95,1.77,1.93,,1479600.0
2002-09-16,1.9,1.95,1.79,1.8,,1214400.0
2002-09-17,1.86,1.9,1.79,1.86,,2088900.0
2002-09-18,1.87,1.87,1.73,1.85,,1660500.0
2002-09-19,1.8,1.84,1.68,1.68,,1293800.0
2002-09-20,1.68,1.8,1.63,1.78,,3561100.0
2002-09-23,1.68,1.74,1.53,1.55,,2382700.0
2002-09-24,1.57,1.57,1.43,1.48,,1715500.0
2002-09-25,1.54,1.6,1.38,1.52,,2518700.0
2002-09-26,1.46,1.63,1.45,1.6,,2255700.0
2002-09-27,1.6,1.6,1.49,1.5,,1748700.0
2002-09-30,1.44,1.54,1.4,1.53,,1881000.0
2002-10-01,1.49,1.57,1.44,1.57,,1931700.0
2002-10-02,1.52,1.59,1.5,1.57,,937600.0
2002-10-03,1.65,1.73,1.22,1.27,,4859200.0
2002-10-04,1.29,1.33,1.01,1.21,,4957600.0
2002-10-07,1.13,1.18,1.03,1.05,,4637600.0
2002-10-08,1.09,1.09,0.73,0.78,,7673200.0
2002-10-09,0.82,0.82,0.62,0.67,,6475200.0
2002-10-10,0.62,0.73,0.61,0.71,,4242100.0
2002-10-11,0.74,0.91,0.74,0.88,,2476000.0
2002-10-14,0.88,0.91,0.76,0.85,,1797900.0
2002-10-15,0.87,0.88,0.71,0.73,,4709200.0
2002-10-16,0.72,0.77,0.57,0.58,,13289700.0
2002-10-17,0.61,0.66,0.56,0.64,,8237900.0
2002-10-18,0.67,0.85,0.61,0.79,,5025800.0
2002-10-21,0.79,0.9,0.76,0.83,,3096600.0
2002-10-22,0.83,0.84,0.7,0.84,,2950700.0
2002-10-23,0.79,0.82,0.74,0.82,,2201500.0
2002-10-24,0.8,0.91,0.76,0.78,,4366300.0
2002-10-25,0.73,0.81,0.72,0.72,,2706400.0
2002-10-28,0.73,0.79,0.71,0.75,,1959300.0
2002-10-29,0.72,0.77,0.7,0.76,,2304700.0
2002-10-30,0.74,0.78,0.74,0.77,,1701300.0
2002-10-31,0.82,1.08,0.79,1.08,,5704700.0
2002-11-01,1.02,1.28,0.95,1.21,,4456200.0
2002-11-04,1.27,1.38,1.05,1.13,,3768500.0
2002-11-05,1.15,1.25,1.15,1.23,,2429600.0
2002-11-06,1.25,1.41,1.24,1.4,,2806300.0
2002-11-07,1.4,1.52,1.16,1.17,,3986800.0
2002-11-08,1.17,1.27,1.16,1.21,,1937300.0
2002-11-11,1.21,1.26,0.93,0.94,,4149800.0
2002-11-12,0.97,1.04,0.95,0.95,,2119400.0
2002-11-13,0.91,1.04,0.89,0.93,,2611700.0
2002-11-14,0.96,1.02,0.92,0.94,,2413000.0
2002-11-15,0.92,0.93,0.82,0.93,,6812800.0
2002-11-18,0.95,0.98,0.88,0.92,,2844700.0
2002-11-19,0.91,0.91,0.8,0.8,,3327700.0
2002-11-20,0.8,0.88,0.8,0.86,,3392500.0
2002-11-21,0.89,0.97,0.89,0.94,,4717400.0
2002-11-22,0.98,1.16,0.95,1.08,,5728400.0
2002-11-25,1.19,1.37,1.11,1.37,,8041700.0
2002-11-26,1.51,1.95,1.22,1.29,,6688500.0
2002-11-27,1.31,1.46,1.31,1.39,,4640300.0
2002-11-29,1.42,1.49,1.23,1.29,,7566400.0
2002-12-02,1.31,1.59,1.31,1.54,,7095300.0
2002-12-03,1.55,1.76,1.46,1.68,,5580900.0
2002-12-04,1.55,1.88,1.54,1.88,,7705400.0
2002-12-05,1.89,1.91,1.65,1.68,,4771800.0
2002-12-06,1.66,1.66,1.54,1.58,,3203300.0
2002-12-09,1.48,1.72,1.4,1.66,,3494800.0
2002-12-10,1.72,1.82,1.66,1.8,,3908600.0
2002-12-11,1.82,1.96,1.72,1.82,,3842300.0
2002-12-12,1.76,1.99,1.74,1.96,,4336600.0
2002-12-13,2.02,2.43,1.96,1.98,,9501700.0
2002-12-16,2.1,2.23,1.98,2.07,,5152200.0
2002-12-17,2.19,2.2,2.03,2.12,,3218800.0
2002-12-18,2.13,2.21,2.11,2.18,,2707800.0
2002-12-19,2.23,2.23,1.93,2.0,,3574100.0
2002-12-20,2.0,2.02,1.77,1.89,,4429200.0
2002-12-23,1.83,1.86,1.59,1.72,,3866800.0
2002-12-24,1.72,1.85,1.65,1.8,,1097900.0
2002-12-26,1.83,1.86,1.77,1.85,,1377200.0
2002-12-27,1.83,1.87,1.4,1.78,,1350800.0
2002-12-30,1.82,1.83,1.74,1.8,,1560700.0
2002-12-31,1.79,1.84,1.7,1.84,,2940200.0
2003-01-02,1.87,1.98,1.74,1.98,,3062200.0
2003-01-03,2.02,2.12,1.92,2.1,,2663300.0
2003-01-06,2.12,2.13,2.01,2.1,,2209600.0
2003-01-07,2.12,2.13,2.01,2.05,,2721400.0
2003-01-08,2.0,2.17,2.0,2.04,,3743000.0
2003-01-09,2.05,2.13,2.02,2.13,,3416200.0
2003-01-10,2.1,2.13,2.02,2.05,,4131400.0
2003-01-13,2.05,2.13,2.04,2.12,,1928000.0
2003-01-14,2.12,2.28,2.1,2.24,,4756800.0
2003-01-15,2.24,2.37,2.19,2.37,,4145600.0
2003-01-16,2.4,2.5,2.38,2.44,,6963100.0
2003-01-17,2.4,2.48,2.32,2.46,,2600600.0
2003-01-21,2.44,2.45,2.3,2.41,,2108200.0
2003-01-22,2.32,2.37,2.17,2.2,,2343600.0
2003-01-23,2.23,2.35,2.13,2.27,,2124600.0
2003-01-24,2.26,2.26,2.04,2.06,,3115100.0
2003-01-27,1.96,2.08,1.85,1.92,,2917800.0
2003-01-28,1.77,2.62,1.74,2.12,,3714200.0
2003-01-29,1.77,2.62,1.74,2.12,,2222400.0
2003-01-30,2.24,2.25,2.13,2.18,,2568700.0
2003-01-31,2.15,2.21,2.07,2.12,,4079100.0
2003-02-03,2.13,2.16,2.01,2.07,,1984900.0
2003-02-04,2.01,2.04,1.96,2.01,,1655900.0
2003-02-05,2.05,2.06,1.86,1.86,,1577700.0
2003-02-06,1.88,2.01,1.84,1.99,,1784100.0
2003-02-07,2.0,2.04,1.76,1.82,,2425600.0
2003-02-10,1.83,1.87,1.6,1.66,,2642600.0
2003-02-11,1.71,1.86,1.66,1.8,,1829100.0
2003-02-12,1.83,1.86,1.7,1.73,,1884700.0
2003-02-13,1.76,2.12,1.74,2.07,,5702500.0
2003-02-14,2.02,2.13,1.92,1.95,,3400500.0
2003-02-18,2.0,2.01,1.87,1.91,,1887000.0
2003-02-19,1.91,1.99,1.9,1.9,,1580900.0
2003-02-20,1.95,2.04,1.93,2.0,,1738800.0
2003-02-21,2.07,2.1,1.95,2.08,,1345100.0
2003-02-24,2.1,2.12,2.01,2.03,,1637700.0
2003-02-25,1.93,2.09,1.93,1.97,,1670800.0
2003-02-26,2.03,2.06,1.98,2.02,,1652400.0
2003-02-27,1.96,2.01,1.92,1.93,,1666600.0
2003-02-28,1.95,2.11,1.94,2.02,,1869700.0
2003-03-03,2.09,2.12,2.05,2.06,,1518600.0
2003-03-04,2.01,2.07,1.98,1.99,,1137900.0
2003-03-05,2.01,2.01,1.96,2.01,,1073800.0
2003-03-06,2.01,2.06,1.99,2.01,,1974600.0
2003-03-07,1.96,2.01,1.96,1.97,,1342200.0
2003-03-10,1.98,2.02,1.93,1.94,,998900.0
2003-03-11,1.92,1.96,1.92,1.93,,1506100.0
2003-03-12,1.94,1.95,1.77,1.85,,2301400.0
2003-03-13,2.0,2.0,1.84,1.95,,2569300.0
2003-03-14,1.96,1.99,1.87,1.9,,1528200.0
2003-03-17,1.9,1.96,1.87,1.94,,1616700.0
2003-03-18,1.94,2.05,1.91,2.05,,2209500.0
2003-03-19,2.07,2.13,1.96,2.07,,2108000.0
2003-03-20,1.98,2.02,1.94,1.96,,2734500.0
2003-03-21,1.96,2.02,1.92,2.02,,3628400.0
2003-03-24,1.99,2.02,1.93,2.0,,1575200.0
2003-03-25,2.02,2.28,2.01,2.24,,4503900.0
2003-03-26,2.24,2.32,2.12,2.18,,4846400.0
2003-03-27,2.15,2.27,2.13,2.21,,2096600.0
2003-03-28,2.2,2.24,2.15,2.21,,1869500.0
2003-03-31,2.15,2.29,2.14,2.21,,2226100.0
2003-04-01,2.3,2.32,2.24,2.29,,2748900.0
2003-04-02,2.38,2.43,2.37,2.38,,5386300.0
2003-04-03,2.38,2.49,2.14,2.44,,2976100.0
2003-04-04,2.56,2.9,2.55,2.87,,7532600.0
2003-04-07,3.04,3.11,2.87,2.91,,5357200.0
2003-04-08,2.77,2.87,2.65,2.77,,2493400.0
2003-04-09,2.84,2.94,2.65,2.72,,2274300.0
2003-04-10,2.73,2.76,2.59,2.65,,2219700.0
2003-04-11,2.66,2.73,2.62,2.62,,1435300.0
2003-04-14,2.62,2.74,2.62,2.71,,1997700.0
2003-04-15,2.73,2.8,2.63,2.71,,2536400.0
2003-04-16,2.71,2.74,2.66,2.69,,2463500.0
2003-04-17,2.73,2.75,2.72,2.72,,2332000.0
2003-04-21,2.7,2.85,2.7,2.82,,2293300.0
2003-04-22,2.8,3.05,2.76,3.05,,3180100.0
2003-04-23,3.05,3.16,2.93,3.02,,4255100.0
2003-04-24,3.04,3.29,3.0,3.28,,3706600.0
2003-04-25,3.35,3.52,3.3,3.32,,4278000.0
2003-04-28,3.38,3.48,3.33,3.45,,3716400.0
2003-04-29,3.51,3.67,3.48,3.65,,4761400.0
2003-04-30,3.65,3.77,3.48,3.66,,4351500.0
2003-05-01,3.72,3.81,3.55,3.63,,4522500.0
2003-05-02,3.72,4.21,3.66,4.2,,8137700.0
2003-05-05,4.15,4.15,3.89,3.95,,4558100.0
2003-05-06,3.88,3.96,3.66,3.76,,4691600.0
2003-05-07,3.73,3.84,3.55,3.81,,3490900.0
2003-05-08,3.77,3.81,3.63,3.81,,2580700.0
2003-05-09,3.82,3.99,3.82,3.99,,3035100.0
2003-05-12,4.0,4.24,3.93,4.24,,3312300.0
2003-05-13,4.18,4.24,4.03,4.09,,2857400.0
2003-05-14,4.2,4.23,4.06,4.14,,2137200.0
2003-05-15,4.2,4.26,4.11,4.23,,2813500.0
2003-05-16,4.24,4.57,4.18,4.51,,5480400.0
2003-05-19,4.46,4.56,4.37,4.45,,3277400.0
2003-05-20,4.48,4.6,4.39,4.5,,3007100.0
2003-05-21,4.35,4.39,4.11,4.21,,4253000.0
2003-05-22,4.1,4.41,4.09,4.29,,2918400.0
2003-05-23,4.35,4.51,4.27,4.46,,2939300.0
2003-05-27,4.41,4.84,4.4,4.84,,4379100.0
2003-05-28,4.84,4.94,4.64,4.66,,3080700.0
2003-05-29,4.66,4.89,4.66,4.84,,3870400.0
2003-05-30,4.89,4.95,4.75,4.83,,3630800.0
2003-06-02,4.88,4.94,4.88,4.94,,3257600.0
2003-06-03,4.85,4.94,4.81,4.94,,2952300.0
2003-06-04,4.91,5.11,4.87,5.06,,2299100.0
2003-06-05,5.06,5.15,4.97,5.1,,2321700.0
2003-06-06,5.15,5.18,4.71,4.77,,3679700.0
2003-06-09,4.79,4.96,4.72,4.91,,2396200.0
2003-06-10,4.88,4.96,4.62,4.68,,3546600.0
2003-06-11,4.66,4.87,4.61,4.84,,2871200.0
2003-06-12,4.86,4.98,4.82,4.91,,1943800.0
2003-06-13,4.95,4.97,4.82,4.86,,1554900.0
2003-06-16,4.92,5.0,4.85,5.0,,2601400.0
2003-06-17,5.0,5.0,4.51,4.51,,9245800.0
2003-06-18,4.29,4.5,4.27,4.36,,16101700.0
2003-06-19,4.4,4.5,4.38,4.39,,5874500.0
2003-06-20,4.46,4.46,3.99,4.23,,17368900.0
2003-06-23,4.15,4.2,3.85,3.95,,7542200.0
2003-06-24,4.01,4.07,3.66,3.87,,5652000.0
2003-06-25,3.93,4.19,3.87,4.02,,5477800.0
2003-06-26,4.06,4.15,3.97,4.02,,4080700.0
2003-06-27,4.02,4.06,3.87,3.89,,3979900.0
2003-06-30,3.91,4.01,3.86,3.87,,4696100.0
2003-07-01,3.84,3.87,3.72,3.83,,3524700.0
2003-07-02,4.01,4.25,3.95,4.24,,7314300.0
2003-07-03,4.24,4.37,4.2,4.35,,3803100.0
2003-07-07,4.51,4.56,4.4,4.44,,3315800.0
2003-07-08,4.4,4.45,4.34,4.37,,2288500.0
2003-07-09,4.37,4.49,4.34,4.42,,2683200.0
2003-07-10,4.39,4.39,4.16,4.27,,2671800.0
2003-07-11,4.3,4.35,4.27,4.3,,2401400.0
2003-07-14,4.3,4.45,4.27,4.33,,2711600.0
2003-07-15,4.3,4.35,4.12,4.3,,2945600.0
2003-07-16,4.33,4.33,4.21,4.25,,2498900.0
2003-07-17,4.21,4.25,4.17,4.22,,2485600.0
2003-07-18,4.27,4.32,4.18,4.21,,2052300.0
2003-07-21,4.15,4.16,3.96,3.97,,2418200.0
2003-07-22,3.98,4.23,3.94,4.17,,2244600.0
2003-07-23,4.24,4.24,4.05,4.07,,1013100.0
2003-07-24,4.18,4.29,4.06,4.21,,3299600.0
2003-07-25,4.24,4.26,4.09,4.18,,1877200.0
2003-07-28,4.12,4.16,4.07,4.1,,1721000.0
2003-07-29,4.1,4.16,4.01,4.02,,1991400.0
2003-07-30,4.08,4.12,3.79,3.84,,2673900.0
2003-07-31,3.87,3.93,3.79,3.84,,2963900.0
2003-08-01,3.84,3.84,3.65,3.71,,2062500.0
2003-08-04,3.66,3.68,3.35,3.65,,4401900.0
2003-08-05,3.65,3.78,3.54,3.66,,2413500.0
2003-08-06,3.67,3.73,3.56,3.66,,2565100.0
2003-08-07,3.66,3.66,3.57,3.6,,1997700.0
2003-08-08,3.62,3.73,3.6,3.68,,1117500.0
2003-08-11,3.66,3.72,3.65,3.68,,1159100.0
2003-08-12,3.7,3.82,3.7,3.81,,1534000.0
2003-08-13,3.84,3.89,3.75,3.86,,1399900.0
2003-08-14,3.9,3.9,3.78,3.87,,1626600.0
2003-08-15,3.86,3.88,3.73,3.82,,670600.0
2003-08-18,3.82,3.87,3.73,3.73,,1144500.0
2003-08-19,3.76,3.79,3.66,3.74,,1570300.0
2003-08-20,3.74,3.99,3.72,3.91,,2419200.0
2003-08-21,3.96,4.08,3.89,4.03,,2232700.0
2003-08-22,4.1,4.18,3.98,3.98,,1699700.0
2003-08-25,3.9,3.95,3.8,3.84,,1290900.0
2003-08-26,3.8,3.86,3.75,3.79,,1714700.0
2003-08-27,3.79,3.9,3.75,3.86,,1084600.0
2003-08-28,3.82,3.88,3.79,3.86,,1915800.0
2003-08-29,3.83,3.96,3.83,3.95,,1331000.0
2003-09-02,4.02,4.1,3.91,4.04,,2495700.0
2003-09-03,4.04,4.15,3.99,4.08,,1907500.0
2003-09-04,4.09,4.27,4.09,4.25,,3597900.0
2003-09-05,4.22,4.34,4.17,4.33,,2902900.0
2003-09-08,4.32,4.5,4.31,4.38,,2127700.0
2003-09-09,4.49,4.5,4.29,4.3,,3272800.0
2003-09-10,4.29,4.33,4.19,4.2,,1678100.0
2003-09-11,4.24,4.35,4.22,4.32,,2979600.0
2003-09-12,4.32,4.43,4.29,4.41,,1720100.0
2003-09-15,4.35,4.43,4.33,4.43,,1664800.0
2003-09-16,4.43,4.73,4.42,4.7,,4872600.0
2003-09-17,4.44,4.67,4.44,4.52,,3647500.0
2003-09-18,4.54,4.7,4.52,4.57,,2600200.0
2003-09-19,4.53,4.6,4.47,4.56,,2057600.0
2003-09-22,4.47,4.57,4.46,4.56,,1216200.0
2003-09-23,4.55,4.66,4.51,4.57,,1258100.0
2003-09-24,4.53,4.63,4.3,4.31,,4393000.0
2003-09-25,4.34,4.58,4.34,4.36,,4179800.0
2003-09-26,4.31,4.6,4.31,4.57,,3615000.0
2003-09-29,4.57,4.59,4.4,4.49,,2258600.0
2003-09-30,4.43,4.55,4.4,4.52,,1863000.0
2003-10-01,4.53,4.63,4.52,4.62,,2435300.0
2003-10-02,4.6,4.67,4.57,4.62,,1134600.0
2003-10-03,4.7,4.87,4.66,4.84,,3693900.0
2003-10-06,4.85,4.86,4.69,4.78,,1867900.0
2003-10-07,4.73,4.86,4.65,4.86,,2707400.0
2003-10-08,4.87,4.91,4.82,4.85,,1496700.0
2003-10-09,4.85,4.92,4.82,4.82,,1678600.0
2003-10-10,4.82,4.88,4.74,4.77,,1266800.0
2003-10-13,4.77,4.93,4.77,4.92,,2441000.0
2003-10-14,4.9,4.99,4.88,4.99,,1354800.0
2003-10-15,4.96,5.0,4.78,4.82,,1766600.0
2003-10-16,4.79,5.03,4.79,5.0,,2198400.0
2003-10-17,5.03,5.05,4.87,4.9,,1658600.0
2003-10-20,4.88,5.03,4.88,5.03,,1103800.0
2003-10-21,4.95,5.01,4.9,4.9,,1271300.0
2003-10-22,4.73,4.9,4.73,4.78,,1727200.0
2003-10-23,4.76,4.85,4.73,4.85,,866900.0
2003-10-24,4.82,4.97,4.8,4.96,,1453700.0
2003-10-27,4.98,5.03,4.84,4.87,,955200.0
2003-10-28,4.9,4.97,4.85,4.97,,1416400.0
2003-10-29,4.94,4.97,4.89,4.96,,1110700.0
2003-10-30,4.98,5.43,4.95,5.42,,5245800.0
2003-10-31,5.47,5.47,5.2,5.34,,2496800.0
2003-11-03,5.35,5.39,5.25,5.39,,1866600.0
2003-11-04,5.39,5.6,5.36,5.53,,3492700.0
2003-11-05,5.52,5.59,5.4,5.41,,2252300.0
2003-11-06,5.4,5.43,5.24,5.26,,3058400.0
2003-11-07,5.31,5.54,5.24,5.51,,2630800.0
2003-11-10,5.5,5.53,5.3,5.31,,1822200.0
2003-11-11,5.35,5.38,5.28,5.37,,1558300.0
2003-11-12,5.43,5.56,5.38,5.52,,2241000.0
2003-11-13,5.56,5.59,5.43,5.49,,2417700.0
2003-11-14,5.51,5.52,5.41,5.44,,1359800.0
2003-11-17,5.35,5.38,5.23,5.27,,1921100.0
2003-11-18,5.27,5.4,5.15,5.16,,1431200.0
2003-11-19,5.18,5.23,5.05,5.13,,2753100.0
2003-11-20,5.07,5.1,4.88,5.0,,2829000.0
2003-11-21,5.02,5.02,4.93,4.97,,1534900.0
2003-11-24,5.03,5.2,5.01,5.12,,1927900.0
2003-11-25,5.12,5.27,5.12,5.26,,1697200.0
2003-11-26,5.27,5.36,5.27,5.34,,1626900.0
2003-11-28,5.35,5.42,5.34,5.41,,747100.0
2003-12-01,5.45,5.52,5.37,5.52,,2024000.0
2003-12-02,5.52,5.52,5.37,5.37,,2335800.0
2003-12-03,5.37,5.38,4.97,5.01,,5263000.0
2003-12-04,4.96,5.13,4.76,4.92,,4457700.0
2003-12-05,4.89,5.02,4.89,4.96,,2034000.0
2003-12-08,4.93,4.98,4.9,4.95,,1894600.0
2003-12-09,4.98,5.03,4.88,4.91,,1816000.0
2003-12-10,4.91,4.93,4.76,4.82,,2987400.0
2003-12-11,4.85,4.9,4.79,4.81,,2087400.0
2003-12-12,4.81,5.02,4.81,5.01,,1710400.0
2003-12-15,5.15,5.15,5.0,5.12,,2424300.0
2003-12-16,5.13,5.19,5.07,5.18,,2716800.0
2003-12-17,5.18,5.23,5.13,5.18,,2181000.0
2003-12-18,5.23,5.37,5.2,5.34,,2894200.0
2003-12-19,5.34,5.38,5.26,5.34,,1963400.0
2003-12-22,5.36,5.4,5.24,5.35,,1207100.0
2003-12-23,5.35,5.46,5.35,5.45,,1723200.0
2003-12-24,5.47,5.52,5.4,5.41,,1122700.0
2003-12-26,5.43,5.49,5.42,5.44,,368400.0
2003-12-29,5.42,5.73,5.41,5.66,,3100100.0
2003-12-30,5.68,5.79,5.67,5.79,,3129200.0
2003-12-31,5.77,5.79,5.73,5.76,,2192100.0
2004-01-02,5.76,5.79,5.7,5.78,,1461800.0
2004-01-05,5.8,5.91,5.76,5.9,,2338400.0
2004-01-06,5.92,5.93,5.85,5.93,,2173700.0
2004-01-07,5.95,6.13,5.91,6.13,,2577600.0
2004-01-08,6.13,6.16,5.98,6.09,,2182700.0
2004-01-09,6.06,6.19,5.98,6.15,,2762100.0
2004-01-12,6.12,6.22,6.1,6.15,,1758200.0
2004-01-13,6.16,6.18,6.02,6.07,,1841600.0
2004-01-14,6.1,6.15,6.07,6.1,,1630500.0
2004-01-15,6.1,6.11,6.04,6.04,,1830800.0
2004-01-16,6.04,6.11,6.04,6.09,,3432700.0
2004-01-20,6.09,6.34,6.08,6.32,,3123400.0
2004-01-21,6.37,6.55,6.3,6.53,,2880300.0
2004-01-22,6.54,6.56,6.43,6.49,,1462200.0
2004-01-23,6.56,6.57,6.43,6.51,,1562100.0
2004-01-26,6.55,6.57,6.31,6.51,,1430400.0
2004-01-27,6.5,6.62,6.41,6.45,,2910200.0
2004-01-28,6.41,6.49,6.34,6.34,,2485400.0
2004-01-29,6.36,6.4,5.66,5.87,,6834800.0
2004-01-30,5.98,6.03,5.64,5.95,,3142400.0
2004-02-02,5.91,6.02,5.62,5.76,,4001200.0
2004-02-03,5.67,5.85,5.64,5.84,,1461700.0
2004-02-04,5.79,5.8,5.37,5.47,,4721600.0
2004-02-05,5.46,5.66,5.38,5.51,,4006900.0
2004-02-06,5.54,5.81,5.46,5.77,,2122200.0
2004-02-09,5.77,5.9,5.65,5.89,,2153300.0
2004-02-10,5.88,5.93,5.77,5.87,,3106000.0
2004-02-11,5.81,5.86,5.71,5.81,,1998900.0
2004-02-12,5.64,5.82,5.64,5.73,,1589400.0
2004-02-13,5.68,5.76,5.55,5.56,,1713400.0
2004-02-17,5.6,5.7,5.59,5.63,,1219600.0
2004-02-18,5.67,5.72,5.61,5.64,,1659400.0
2004-02-19,5.63,5.68,5.6,5.63,,3904000.0
2004-02-20,5.65,5.66,5.48,5.54,,4116300.0
2004-02-23,5.55,5.55,5.38,5.4,,2182800.0
2004-02-24,5.18,5.31,5.13,5.23,,2932100.0
2004-02-25,5.23,5.48,5.19,5.46,,1619600.0
2004-02-26,5.34,5.51,5.32,5.46,,2189800.0
2004-02-27,4.88,5.6,4.88,5.52,,3933700.0
2004-03-01,5.52,5.59,5.45,5.48,,2523500.0
2004-03-02,5.46,5.49,5.34,5.4,,1929300.0
2004-03-03,5.37,5.41,5.27,5.3,,1524600.0
2004-03-04,5.35,5.4,5.27,5.38,,1022200.0
2004-03-05,5.29,5.38,5.29,5.34,,1314900.0
2004-03-08,5.27,5.34,5.2,5.22,,1530700.0
2004-03-09,5.13,5.19,5.08,5.13,,1534000.0
2004-03-10,5.19,5.24,4.95,4.98,,2329700.0
2004-03-11,4.7,5.06,4.66,4.89,,5182900.0
2004-03-12,4.85,4.95,4.82,4.94,,1857600.0
2004-03-15,4.95,4.95,4.8,4.94,,2758400.0
2004-03-16,4.94,5.13,4.93,5.13,,2922500.0
2004-03-17,5.19,5.45,5.19,5.37,,2582700.0
2004-03-18,5.31,5.34,5.2,5.29,,1508900.0
2004-03-19,5.2,5.31,5.16,5.24,,1535500.0
2004-03-22,5.07,5.12,5.0,5.06,,1380300.0
2004-03-23,5.05,5.07,4.88,4.99,,2189300.0
2004-03-24,4.97,5.08,4.9,5.01,,2109400.0
2004-03-25,5.05,5.12,4.98,5.05,,1762700.0
2004-03-26,5.03,5.11,5.01,5.03,,1821700.0
2004-03-29,5.06,5.12,5.01,5.09,,1727900.0
2004-03-30,5.02,5.21,4.99,5.19,,1854000.0
2004-03-31,5.17,5.26,5.1,5.2,,1481200.0
2004-04-01,5.26,5.27,5.13,5.17,,2936000.0
2004-04-02,5.23,5.33,5.17,5.29,,2437700.0
2004-04-05,5.23,5.31,5.17,5.31,,1743900.0
2004-04-06,5.24,5.38,5.18,5.37,,1924500.0
2004-04-07,5.37,5.38,5.23,5.37,,1771700.0
2004-04-08,5.37,5.42,5.21,5.24,,1361300.0
2004-04-12,5.22,5.22,5.02,5.18,,3034600.0
2004-04-13,5.15,5.18,5.02,5.1,,2906000.0
2004-04-14,5.04,5.15,4.97,5.12,,1885500.0
2004-04-15,5.06,5.15,4.88,4.94,,3722000.0
2004-04-16,4.91,4.94,4.85,4.9,,2863400.0
2004-04-19,4.85,4.91,4.8,4.81,,2430800.0
2004-04-20,4.82,4.88,4.73,4.74,,2106900.0
2004-04-21,4.74,4.76,4.63,4.69,,2048100.0
2004-04-22,4.72,4.85,4.7,4.84,,1992900.0
2004-04-23,4.83,4.85,4.7,4.8,,1549200.0
2004-04-26,4.8,4.83,4.68,4.73,,1908300.0
2004-04-27,4.77,4.81,4.61,4.7,,1898800.0
2004-04-28,4.88,5.23,4.82,5.23,,5654000.0
2004-04-29,5.31,5.59,5.12,5.2,,6017300.0
2004-04-30,5.18,5.38,5.15,5.29,,2151900.0
2004-05-03,5.23,5.51,5.22,5.49,,3456300.0
2004-05-04,5.49,5.54,5.43,5.52,,2618200.0
2004-05-05,5.49,5.54,5.35,5.42,,2664900.0
2004-05-06,5.41,5.45,5.18,5.29,,2391900.0
2004-05-07,5.11,5.33,5.04,5.05,,1876700.0
2004-05-10,4.97,5.02,4.82,4.87,,2878300.0
2004-05-11,4.84,4.98,4.81,4.95,,2065600.0
2004-05-12,5.04,5.05,4.82,4.95,,1941700.0
2004-05-13,4.97,5.06,4.96,4.99,,1785100.0
2004-05-14,5.01,5.06,4.94,5.02,,1909500.0
2004-05-17,4.92,5.02,4.81,4.89,,2236100.0
2004-05-18,4.88,4.98,4.79,4.81,,1862300.0
2004-05-19,4.91,4.96,4.74,4.77,,2085700.0
2004-05-20,4.84,5.02,4.84,4.97,,3159300.0
2004-05-21,4.96,5.01,4.88,4.93,,2600500.0
2004-05-24,4.99,5.22,4.99,5.18,,3702100.0
2004-05-25,5.18,5.46,5.03,5.41,,3357800.0
2004-05-26,5.49,5.51,5.4,5.49,,2154800.0
2004-05-27,5.49,5.67,5.49,5.6,,3786100.0
2004-05-28,5.6,5.79,5.56,5.7,,8759900.0
2004-06-01,5.63,5.68,5.46,5.63,,2733700.0
2004-06-02,5.65,5.84,5.63,5.7,,3466200.0
2004-06-03,5.67,5.74,5.52,5.52,,2635000.0
2004-06-04,5.52,5.7,5.52,5.65,,1269000.0
2004-06-07,5.65,5.82,5.65,5.81,,2073300.0
2004-06-08,5.81,5.81,5.71,5.77,,1367900.0
2004-06-09,5.79,5.8,5.68,5.73,,1813500.0
2004-06-10,5.73,5.75,5.6,5.63,,1681500.0
2004-06-14,5.57,5.69,5.56,5.67,,2048300.0
2004-06-15,5.69,5.93,5.69,5.85,,3220400.0
2004-06-16,5.88,5.9,5.81,5.83,,1412000.0
2004-06-17,5.81,6.07,5.8,6.06,,4007200.0
2004-06-18,6.06,6.1,5.98,5.98,,3721500.0
2004-06-21,5.99,6.05,5.94,5.97,,2235000.0
2004-06-22,5.95,6.11,5.94,6.08,,1856400.0
2004-06-23,6.09,6.12,6.06,6.06,,1987600.0
2004-06-24,6.07,6.13,6.02,6.02,,1771300.0
2004-06-25,6.09,6.19,6.06,6.19,,6539100.0
2004-06-28,6.2,6.24,6.06,6.07,,2353300.0
2004-06-29,6.1,6.13,6.0,6.01,,1677200.0
2004-06-30,5.97,6.06,5.91,6.06,,1935700.0
2004-07-01,6.02,6.09,5.89,5.93,,2132500.0
2004-07-02,5.94,6.04,5.93,6.01,,1838100.0
2004-07-06,6.02,6.04,5.93,5.98,,1270300.0
2004-07-07,5.98,6.1,5.98,6.09,,1070600.0
2004-07-08,6.09,6.1,6.01,6.03,,965300.0
2004-07-09,6.03,6.08,6.01,6.06,,1583900.0
2004-07-12,6.04,6.11,5.97,6.1,,1568600.0
2004-07-13,6.1,6.24,6.09,6.23,,2057700.0
2004-07-14,6.22,6.33,6.14,6.29,,2692700.0
2004-07-15,6.27,6.31,6.2,6.21,,1629600.0
2004-07-16,6.26,6.26,6.17,6.21,,1465300.0
2004-07-19,6.21,6.25,6.13,6.23,,1114700.0
2004-07-20,6.21,6.27,6.16,6.27,,1529300.0
2004-07-21,6.25,6.27,5.79,5.82,,3531600.0
2004-07-22,5.76,5.99,5.76,5.94,,2958300.0
2004-07-23,5.94,5.94,5.82,5.84,,1349200.0
2004-07-26,5.88,5.96,5.76,5.83,,1805800.0
2004-07-27,5.83,5.95,5.81,5.95,,2449700.0
2004-07-28,5.95,6.0,5.56,5.87,,1986000.0
2004-07-29,6.04,6.07,5.79,5.88,,2494600.0
2004-07-30,5.9,5.92,5.88,5.88,,1635000.0
2004-08-02,5.9,5.91,5.84,5.88,,1724800.0
2004-08-03,5.85,5.91,5.85,5.89,,1167300.0
2004-08-04,5.91,5.91,5.73,5.77,,1416400.0
2004-08-05,5.73,5.76,5.63,5.63,,1395600.0
2004-08-06,5.54,5.71,5.54,5.61,,1203500.0
2004-08-09,5.59,5.76,5.59,5.73,,1745200.0
2004-08-10,5.68,5.75,5.62,5.71,,1583900.0
2004-08-11,5.7,5.81,5.62,5.8,,2015300.0
2004-08-12,5.74,5.79,5.69,5.77,,990600.0
2004-08-13,5.73,5.83,5.69,5.83,,1542900.0
2004-08-16,5.79,6.01,5.77,5.99,,2784900.0
2004-08-17,6.01,6.18,6.01,6.12,,3456600.0
2004-08-18,6.06,6.1,5.95,6.07,,2129800.0
2004-08-19,6.04,6.1,6.01,6.06,,1189700.0
2004-08-20,6.04,6.28,6.02,6.26,,3968600.0
2004-08-23,6.24,6.31,6.15,6.16,,2199000.0
2004-08-24,6.19,6.19,6.06,6.09,,2619900.0
2004-08-25,6.1,6.15,6.04,6.12,,1081100.0
2004-08-26,6.15,6.16,6.06,6.07,,1437800.0
2004-08-27,6.09,6.11,6.04,6.1,,1182100.0
2004-08-30,6.09,6.1,6.04,6.06,,680600.0
2004-08-31,6.06,6.18,6.04,6.15,,1286500.0
2004-09-01,6.12,6.18,5.91,6.05,,1571000.0
2004-09-02,6.11,6.16,6.07,6.15,,1087600.0
2004-09-03,6.16,6.19,6.06,6.06,,943400.0
2004-09-07,6.1,6.13,6.05,6.08,,1591000.0
2004-09-08,6.08,6.13,6.07,6.1,,1334700.0
2004-09-09,6.1,6.21,6.09,6.18,,1348600.0
2004-09-10,6.16,6.24,6.13,6.19,,2053600.0
2004-09-13,6.11,6.14,6.06,6.07,,1525300.0
2004-09-14,6.07,6.34,6.01,6.34,,2189800.0
2004-09-15,6.22,6.24,6.01,6.09,,2709700.0
2004-09-16,6.09,6.19,6.07,6.16,,1375800.0
2004-09-17,6.23,6.34,6.15,6.32,,3570200.0
2004-09-20,6.32,6.44,6.32,6.42,,2578900.0
2004-09-21,6.41,6.5,6.37,6.49,,1606000.0
2004-09-22,6.46,6.46,6.33,6.33,,1173200.0
2004-09-23,6.33,6.36,6.18,6.26,,1495100.0
2004-09-24,6.29,6.31,6.21,6.25,,1366400.0
2004-09-27,6.2,6.23,6.09,6.11,,1154000.0
2004-09-28,6.15,6.17,6.1,6.12,,1349400.0
2004-09-29,6.09,6.13,5.79,5.98,,6423000.0
2004-09-30,5.95,6.11,5.86,6.09,,2317100.0
2004-10-01,6.1,6.21,6.09,6.19,,1374800.0
2004-10-04,6.4,6.41,6.26,6.36,,2101600.0
2004-10-05,6.36,6.51,6.36,6.48,,2098600.0
2004-10-06,6.48,6.52,6.37,6.43,,1229600.0
2004-10-07,6.46,6.51,6.32,6.32,,1015000.0
2004-10-08,6.22,6.43,6.18,6.41,,1228600.0
2004-10-11,6.45,6.61,6.38,6.61,,1974700.0
2004-10-12,6.55,6.7,6.45,6.68,,2430800.0
2004-10-13,6.7,6.7,6.49,6.49,,1813100.0
2004-10-14,6.55,6.62,6.51,6.59,,2092700.0
2004-10-15,6.65,6.76,6.61,6.76,,2040300.0
2004-10-18,6.76,6.79,6.68,6.74,,2688100.0
2004-10-19,6.77,6.78,6.73,6.77,,1897400.0
2004-10-20,6.77,6.77,6.56,6.66,,1639800.0
2004-10-21,6.62,6.79,6.59,6.77,,1808300.0
2004-10-22,6.79,6.82,6.68,6.73,,1234300.0
2004-10-25,6.7,6.76,6.65,6.74,,870700.0
2004-10-26,6.7,6.89,6.68,6.89,,1897700.0
2004-10-27,6.89,7.1,6.87,6.94,,3956200.0
2004-10-28,6.95,6.95,6.4,6.5,,4683200.0
2004-10-29,6.62,6.65,6.47,6.65,,2285600.0
2004-11-01,6.74,6.75,6.65,6.71,,1991200.0
2004-11-02,6.77,6.84,6.69,6.72,,2030200.0
2004-11-03,6.78,6.84,6.71,6.77,,1466300.0
2004-11-04,6.83,6.95,6.78,6.95,,1659400.0
2004-11-05,6.95,6.98,6.84,6.91,,2120200.0
2004-11-08,6.96,7.06,6.91,7.04,,2168000.0
2004-11-09,7.06,7.16,6.95,7.15,,1945200.0
2004-11-10,7.17,7.2,7.1,7.13,,1641200.0
2004-11-11,7.16,7.3,7.16,7.3,,2466400.0
2004-11-12,7.31,7.41,7.27,7.4,,2658000.0
2004-11-15,7.4,7.46,7.36,7.46,,2094700.0
2004-11-16,7.46,7.59,7.41,7.56,,4725800.0
2004-11-17,7.59,7.62,7.35,7.49,,4247100.0
2004-11-18,7.52,7.59,7.47,7.5,,2171300.0
2004-11-19,7.5,7.54,7.43,7.46,,1504600.0
2004-11-22,7.47,7.7,7.44,7.68,,2130800.0
2004-11-23,7.69,7.73,7.62,7.73,,1344300.0
2004-11-24,7.68,7.76,7.65,7.74,,1888300.0
2004-11-26,7.77,7.82,7.75,7.79,,425000.0
2004-11-29,7.79,7.81,7.41,7.44,,3597500.0
2004-11-30,7.44,7.54,7.43,7.46,,2613300.0
2004-12-01,7.41,7.61,7.34,7.51,,2141200.0
2004-12-02,7.51,7.57,7.45,7.45,,2287400.0
2004-12-03,7.45,7.6,7.44,7.57,,2047900.0
2004-12-06,7.59,7.7,7.56,7.7,,1463900.0
2004-12-07,7.73,7.81,7.62,7.62,,3039100.0
2004-12-08,7.62,7.63,7.45,7.49,,2074000.0
2004-12-09,7.52,7.53,7.42,7.42,,2836400.0
2004-12-10,7.42,7.61,7.42,7.51,,2004500.0
2004-12-13,7.5,7.62,7.48,7.6,,1872400.0
2004-12-14,7.62,7.68,7.47,7.56,,1184400.0
2004-12-15,7.51,7.7,7.46,7.69,,1919900.0
2004-12-16,7.69,7.78,7.53,7.64,,1629900.0
2004-12-17,7.51,7.74,7.51,7.62,,2431600.0
2004-12-20,7.68,7.84,7.67,7.77,,2008600.0
2004-12-21,7.73,8.12,7.71,7.97,,3751200.0
2004-12-22,8.01,8.19,7.99,8.11,,2013900.0
2004-12-23,8.18,8.21,8.06,8.09,,1458900.0
2004-12-27,8.03,8.16,8.02,8.11,,1441300.0
2004-12-28,8.14,8.23,8.13,8.2,,1438100.0
2004-12-29,8.23,8.26,8.16,8.2,,1847400.0
2004-12-30,8.24,8.31,8.2,8.3,,1313000.0
2004-12-31,8.32,8.36,8.27,8.34,,1300100.0
2005-01-03,8.34,8.38,8.18,8.26,,2011200.0
2005-01-04,8.26,8.31,7.95,7.96,,2242500.0
2005-01-05,8.02,8.06,7.93,7.94,,2073800.0
2005-01-06,7.94,7.99,7.64,7.95,,1909200.0
2005-01-07,7.91,8.05,7.82,7.83,,900600.0
2005-01-10,7.89,8.06,7.77,8.0,,2095700.0
2005-01-11,7.93,7.97,7.82,7.91,,1410300.0
2005-01-12,7.91,8.14,7.81,8.12,,2140300.0
2005-01-13,8.12,8.26,8.07,8.12,,2715600.0
2005-01-14,8.2,8.23,8.12,8.2,,1461100.0
2005-01-18,8.23,8.51,8.23,8.43,,3143500.0
2005-01-19,8.44,8.52,8.32,8.35,,1706700.0
2005-01-20,8.35,8.46,8.35,8.42,,2056600.0
2005-01-21,8.41,8.49,8.38,8.42,,1567600.0
2005-01-24,8.45,8.52,8.41,8.47,,1631300.0
2005-01-25,8.47,8.53,8.32,8.32,,1806100.0
2005-01-26,8.38,8.41,8.33,8.38,,1371600.0
2005-01-27,8.34,8.4,8.34,8.37,,1485300.0
2005-01-28,8.37,8.42,8.28,8.41,,1769800.0
2005-01-31,8.53,8.6,8.51,8.57,,1845500.0
2005-02-01,8.57,8.76,8.56,8.71,,3103100.0
2005-02-02,8.73,8.85,8.71,8.83,,3052600.0
2005-02-03,8.85,9.13,8.84,9.11,,3384400.0
2005-02-04,9.13,9.38,9.12,9.26,,4440600.0
2005-02-07,9.29,9.31,9.16,9.18,,2183400.0
2005-02-08,9.21,9.33,9.18,9.29,,1762600.0
2005-02-09,9.27,9.31,9.14,9.21,,2061500.0
2005-02-10,9.21,9.39,9.21,9.37,,2857500.0
2005-02-11,9.39,9.52,9.35,9.47,,3757700.0
2005-02-14,9.45,9.51,9.38,9.49,,3797300.0
2005-02-15,9.46,9.62,9.43,9.58,,3559100.0
2005-02-16,9.57,9.82,9.54,9.79,,3374800.0
2005-02-17,9.88,10.12,9.85,10.05,,6192300.0
2005-02-18,10.06,10.18,10.01,10.12,,3467900.0
2005-02-22,10.06,10.06,9.7,9.79,,3448900.0
2005-02-23,9.78,9.9,9.62,9.89,,2939500.0
2005-02-24,9.93,10.06,9.81,10.05,,2323000.0
2005-02-25,10.06,10.39,10.06,10.25,,3654900.0
2005-02-28,10.24,10.29,10.12,10.21,,2733600.0
2005-03-01,10.22,10.31,10.11,10.29,,2380500.0
2005-03-02,10.21,10.45,10.12,10.36,,3300100.0
2005-03-03,10.42,10.45,10.32,10.4,,2554400.0
2005-03-04,10.55,10.73,10.51,10.68,,4918000.0
2005-03-07,10.82,11.06,10.76,10.76,,2901500.0
2005-03-08,10.67,10.76,10.52,10.55,,2895800.0
2005-03-09,10.47,10.62,10.1,10.22,,4277900.0
2005-03-10,10.22,10.29,9.6,10.07,,6329900.0
2005-03-11,9.88,10.26,9.49,10.16,,1949600.0
2005-03-14,10.31,10.55,10.21,10.55,,2809300.0
2005-03-15,10.55,10.82,10.55,10.76,,4769700.0
2005-03-16,10.76,10.87,10.58,10.67,,3071400.0
2005-03-17,10.67,10.78,10.58,10.67,,2079000.0
2005-03-18,10.68,10.68,10.36,10.6,,4726700.0
2005-03-21,10.6,10.67,10.43,10.5,,2131700.0
2005-03-22,10.52,10.64,10.26,10.34,,2369700.0
2005-03-23,9.6,9.94,9.46,9.78,,7363100.0
2005-03-24,9.46,10.08,9.46,9.93,,2406400.0
2005-03-28,10.0,10.14,9.97,10.1,,2736400.0
2005-03-29,10.12,10.24,9.95,9.97,,4022600.0
2005-03-30,9.97,10.06,9.79,9.98,,3048700.0
2005-03-31,9.86,10.06,9.84,9.99,,2654600.0
2005-04-01,10.06,10.24,10.01,10.08,,2408800.0
2005-04-04,10.12,10.16,9.89,10.09,,1959400.0
2005-04-05,10.18,10.54,10.17,10.45,,2858500.0
2005-04-06,10.44,10.51,10.34,10.37,,1525000.0
2005-04-07,10.37,10.46,10.3,10.45,,2054600.0
2005-04-08,10.43,10.48,10.32,10.35,,1432400.0
2005-04-11,10.4,10.42,10.32,10.34,,1726300.0
2005-04-12,10.34,10.65,10.24,10.59,,1832100.0
2005-04-13,10.6,10.71,10.43,10.59,,3158500.0
2005-04-14,10.6,10.63,10.33,10.37,,2281100.0
2005-04-15,10.21,10.33,9.99,10.07,,3419300.0
2005-04-18,10.0,10.11,9.81,10.08,,2129200.0
2005-04-19,10.1,10.45,10.09,10.34,,1853000.0
2005-04-20,10.3,10.38,10.12,10.17,,2154600.0
2005-04-21,10.28,10.31,10.12,10.17,,2889300.0
2005-04-22,10.13,10.28,10.11,10.12,,2374400.0
2005-04-25,10.12,10.23,9.93,10.19,,2608700.0
2005-04-26,10.09,10.35,10.09,10.14,,1589600.0
2005-04-27,10.0,10.17,9.9,10.08,,2035600.0
2005-04-28,10.09,10.18,9.73,9.77,,3310700.0
2005-04-29,9.79,9.9,9.71,9.81,,3095000.0
2005-05-02,9.87,10.01,9.76,9.81,,3538000.0
2005-05-03,9.91,9.95,9.74,9.82,,2294000.0
2005-05-04,9.81,9.92,9.63,9.81,,3040000.0
2005-05-05,9.85,9.87,9.16,9.62,,7906800.0
2005-05-06,9.7,9.85,9.66,9.71,,2663000.0
2005-05-09,9.71,9.89,9.66,9.88,,3021500.0
2005-05-10,9.78,9.87,9.65,9.7,,2127400.0
2005-05-11,9.71,9.71,9.22,9.33,,6637100.0
2005-05-12,9.35,9.42,8.65,8.77,,8472100.0
2005-05-13,8.84,8.84,8.25,8.63,,5970600.0
2005-05-16,8.68,8.74,8.44,8.56,,3734800.0
2005-05-17,8.54,8.62,8.48,8.59,,3080400.0
2005-05-18,8.68,8.68,8.51,8.57,,3129100.0
2005-05-19,8.57,8.63,8.51,8.57,,1855100.0
2005-05-20,8.57,8.58,8.4,8.53,,2280800.0
2005-05-23,7.93,8.43,7.91,8.37,,6680500.0
2005-05-24,8.48,8.89,8.37,8.77,,4869000.0
2005-05-25,8.79,8.97,8.78,8.87,,2256100.0
2005-05-26,8.93,9.03,8.9,8.95,,2360500.0
2005-05-27,8.97,9.02,8.9,8.92,,1383900.0
2005-05-31,8.85,9.18,8.85,9.08,,2196400.0
2005-06-01,9.08,9.3,8.99,9.02,,1914800.0
2005-06-02,8.93,9.02,8.81,8.88,,2110400.0
2005-06-03,8.9,9.0,8.73,8.78,,2424800.0
2005-06-06,8.87,9.41,8.87,9.15,,5267200.0
2005-06-07,9.17,9.29,9.08,9.11,,2796000.0
2005-06-08,9.11,9.28,9.01,9.05,,1325300.0
2005-06-09,9.05,9.06,8.92,8.98,,1413100.0
2005-06-10,8.98,9.12,8.95,9.05,,1064700.0
2005-06-13,9.06,9.19,8.99,9.16,,1901000.0
2005-06-14,9.18,9.41,9.17,9.34,,2355800.0
2005-06-15,9.31,9.44,9.3,9.4,,2372000.0
2005-06-16,9.43,9.52,9.35,9.48,,1635400.0
2005-06-17,9.62,9.68,9.48,9.66,,2931000.0
2005-06-20,9.59,9.81,9.56,9.76,,2654600.0
2005-06-21,9.74,9.82,9.59,9.63,,1989300.0
2005-06-22,9.68,9.7,9.54,9.6,,1833100.0
2005-06-23,9.6,9.82,9.6,9.67,,2223600.0
2005-06-24,9.64,9.66,9.35,9.35,,2068900.0
2005-06-27,9.35,9.78,9.35,9.73,,1966000.0
2005-06-28,9.76,9.98,9.74,9.95,,2840500.0
2005-06-29,9.94,10.09,9.85,10.0,,2101000.0
2005-06-30,10.06,10.18,9.87,9.99,,1912000.0
2005-07-01,9.98,10.17,9.84,10.12,,1869100.0
2005-07-05,10.1,10.17,9.93,10.06,,1891100.0
2005-07-06,10.09,10.13,9.65,9.73,,2843300.0
2005-07-07,9.48,9.73,9.48,9.67,,2041800.0
2005-07-08,9.7,9.95,9.66,9.81,,1646000.0
2005-07-11,9.93,9.99,9.84,9.88,,2969700.0
2005-07-12,9.87,9.96,9.81,9.87,,1003200.0
2005-07-13,9.85,10.01,9.85,9.98,,1335700.0
2005-07-14,10.06,10.12,9.75,9.94,,2221100.0
2005-07-15,9.97,10.21,9.92,10.17,,2222800.0
2005-07-18,10.12,10.16,10.02,10.12,,1151100.0
2005-07-19,10.17,10.19,9.99,10.07,,2343800.0
2005-07-20,9.99,10.12,9.91,10.1,,930100.0
2005-07-21,9.94,10.01,9.66,9.92,,2226000.0
2005-07-22,9.85,9.9,9.77,9.9,,1808800.0
2005-07-25,9.84,9.91,9.7,9.77,,1198900.0
2005-07-26,9.83,9.92,9.71,9.71,,2124900.0
2005-07-27,9.79,9.81,9.62,9.7,,1576900.0
2005-07-28,9.6,9.85,9.46,9.82,,1881900.0
2005-07-29,9.8,9.85,9.71,9.79,,1170500.0
2005-08-01,9.77,9.9,9.71,9.79,,1311800.0
2005-08-02,9.84,9.99,9.82,9.94,,1555700.0
2005-08-03,9.88,9.94,9.79,9.84,,1153500.0
2005-08-04,9.86,9.88,9.79,9.82,,1209300.0
2005-08-05,9.84,9.84,9.39,9.57,,2480200.0
2005-08-08,9.61,9.71,9.23,9.28,,2191000.0
2005-08-09,9.27,9.35,9.01,9.24,,2423800.0
2005-08-10,9.3,9.75,9.3,9.43,,2018100.0
2005-08-11,9.48,9.67,9.43,9.56,,1448100.0
2005-08-12,9.51,9.51,9.3,9.4,,1021800.0
2005-08-15,9.39,9.51,9.3,9.38,,754300.0
2005-08-16,9.36,9.36,9.23,9.28,,1264600.0
2005-08-17,9.27,9.35,9.13,9.3,,1443800.0
2005-08-18,9.31,9.45,9.23,9.34,,1352400.0
2005-08-19,9.36,9.45,9.27,9.34,,1493200.0
2005-08-22,9.33,9.61,9.31,9.52,,1643600.0
2005-08-23,9.59,9.72,9.55,9.55,,1510600.0
2005-08-24,9.57,9.7,9.29,9.35,,1718000.0
2005-08-25,9.4,9.53,9.37,9.49,,807500.0
2005-08-26,9.45,9.63,9.45,9.49,,1249500.0
2005-08-29,9.45,9.49,9.24,9.45,,1418300.0
2005-08-30,9.36,9.56,9.34,9.53,,1531400.0
2005-08-31,9.48,9.61,9.46,9.6,,1702900.0
2005-09-01,9.6,9.67,9.44,9.48,,2855800.0
2005-09-02,9.48,9.57,9.35,9.4,,1766800.0
2005-09-06,9.36,9.48,9.3,9.34,,1684300.0
2005-09-07,9.31,9.59,9.27,9.56,,3527300.0
2005-09-08,9.38,9.48,9.12,9.14,,4550600.0
2005-09-09,9.2,9.45,9.17,9.4,,4739000.0
2005-09-12,9.25,9.48,9.24,9.39,,2701800.0
2005-09-13,9.36,9.46,9.31,9.32,,1613400.0
2005-09-14,9.35,9.4,9.2,9.3,,2271900.0
2005-09-15,9.33,9.44,9.33,9.4,,920600.0
2005-09-16,9.37,9.4,9.21,9.27,,4473900.0
2005-09-19,9.25,9.29,9.15,9.18,,2311800.0
2005-09-20,9.2,9.24,8.93,8.95,,3679500.0
2005-09-21,9.02,9.19,9.02,9.08,,4879400.0
2005-09-22,9.02,9.17,8.93,9.11,,2840800.0
2005-09-23,9.09,9.09,9.01,9.04,,2255000.0
2005-09-26,9.13,9.57,9.1,9.31,,2914000.0
2005-09-27,9.35,9.48,9.27,9.46,,1760400.0
2005-09-28,9.63,9.76,9.57,9.71,,2826000.0
2005-09-29,9.67,9.94,9.62,9.82,,2721700.0
2005-09-30,9.85,10.07,9.84,10.02,,2904700.0
2005-10-03,9.94,10.37,9.91,10.27,,3420300.0
2005-10-04,10.42,10.52,10.34,10.43,,5376800.0
2005-10-05,10.4,10.49,10.14,10.15,,4153900.0
2005-10-06,10.15,10.24,9.81,9.98,,3634500.0
2005-10-07,9.98,10.32,9.96,10.17,,2467400.0
2005-10-10,10.17,10.17,9.87,9.93,,1716600.0
2005-10-11,9.95,10.06,9.88,9.96,,2205100.0
2005-10-12,9.95,10.08,9.82,9.91,,2812800.0
2005-10-13,9.82,9.89,9.46,9.56,,2322700.0
2005-10-14,9.68,9.8,9.52,9.7,,1794300.0
2005-10-17,9.67,9.74,9.57,9.63,,1937000.0
2005-10-18,9.63,9.67,9.33,9.34,,2884200.0
2005-10-19,9.33,9.85,9.21,9.81,,4944200.0
2005-10-20,9.77,9.83,9.36,9.42,,3361600.0
2005-10-21,9.42,9.56,9.31,9.43,,1840900.0
2005-10-24,9.48,9.67,9.43,9.63,,2348800.0
2005-10-25,9.63,9.91,9.62,9.67,,3107100.0
2005-10-26,9.67,9.82,9.51,9.51,,1881700.0
2005-10-27,9.51,9.6,9.27,9.32,,1517600.0
2005-10-28,9.35,9.51,9.28,9.46,,2605300.0
2005-10-31,9.51,9.77,9.5,9.69,,2371200.0
2005-11-01,9.7,9.73,9.52,9.58,,2472200.0
2005-11-02,9.56,9.57,9.28,9.42,,2597600.0
2005-11-03,8.93,9.59,8.93,9.37,,2467600.0
2005-11-04,9.52,9.54,9.32,9.45,,1958100.0
2005-11-07,9.52,9.54,9.15,9.27,,1975100.0
2005-11-08,9.18,9.23,9.03,9.11,,1687800.0
2005-11-09,9.14,9.38,9.14,9.29,,1388800.0
2005-11-10,9.35,9.46,9.18,9.45,,2448100.0
2005-11-11,9.45,9.54,9.44,9.49,,1787200.0
2005-11-14,9.48,9.74,9.24,9.32,,2322700.0
2005-11-15,9.34,9.5,9.25,9.34,,1574600.0
2005-11-16,9.35,9.45,9.31,9.35,,1200400.0
2005-11-17,9.39,9.7,9.36,9.68,,2648000.0
2005-11-18,9.69,9.85,9.56,9.76,,2350400.0
2005-11-21,9.64,9.74,9.59,9.7,,1576500.0
2005-11-22,9.65,9.71,9.46,9.59,,1720700.0
2005-11-23,9.57,9.68,9.46,9.62,,1442300.0
2005-11-25,9.67,9.67,9.51,9.59,,412500.0
2005-11-28,9.65,9.66,9.51,9.54,,2387600.0
2005-11-29,9.65,9.72,9.59,9.63,,1386900.0
2005-11-30,9.62,9.71,9.58,9.62,,1896100.0
2005-12-01,9.68,9.71,9.6,9.69,,1810800.0
2005-12-02,9.63,9.7,9.4,9.43,,2270600.0
2005-12-05,9.4,9.62,9.36,9.6,,2440900.0
2005-12-06,9.63,9.72,9.6,9.6,,1999000.0
2005-12-07,9.63,9.76,9.56,9.62,,2039000.0
2005-12-08,9.6,9.69,9.52,9.64,,1189600.0
2005-12-09,9.7,9.88,9.55,9.8,,1706200.0
2005-12-12,9.79,9.88,9.74,9.84,,1315700.0
2005-12-13,9.8,9.97,9.73,9.94,,1948800.0
2005-12-14,9.98,10.06,9.78,9.91,,2664100.0
2005-12-15,9.85,9.87,9.68,9.76,,2043000.0
2005-12-16,9.81,9.96,9.81,9.9,,2778100.0
2005-12-19,9.85,9.88,9.56,9.7,,2656200.0
2005-12-20,9.69,9.79,9.62,9.65,,1915700.0
2005-12-21,9.72,9.77,9.49,9.56,,1963600.0
2005-12-22,9.62,9.64,9.5,9.64,,1628500.0
2005-12-23,9.7,9.78,9.64,9.74,,1227800.0
2005-12-27,9.83,9.85,9.67,9.75,,1269500.0
2005-12-28,9.72,9.75,9.54,9.67,,1649500.0
2005-12-29,9.62,9.71,9.57,9.68,,864600.0
2005-12-30,9.59,9.67,9.49,9.65,,1550200.0
2006-01-03,9.71,9.91,9.53,9.88,,2026600.0
2006-01-04,9.97,10.34,9.95,10.3,,4593200.0
2006-01-05,10.26,10.32,10.14,10.2,,1846700.0
2006-01-06,10.3,10.41,10.2,10.37,,2026700.0
2006-01-09,10.37,10.4,10.18,10.19,,2198000.0
2006-01-10,10.1,10.22,10.0,10.12,,3072900.0
2006-01-11,10.17,10.21,10.01,10.09,,1973200.0
2006-01-12,10.09,10.15,9.82,9.96,,2878000.0
2006-01-13,10.01,10.16,9.96,10.08,,2136200.0
2006-01-17,9.94,10.06,9.91,10.01,,1885400.0
2006-01-18,9.99,10.32,9.96,10.13,,2988500.0
2006-01-19,10.37,10.85,10.32,10.78,,5466600.0
2006-01-20,11.51,11.51,10.67,10.76,,4270900.0
2006-01-23,10.73,10.82,10.59,10.74,,3246800.0
2006-01-24,10.76,10.84,10.66,10.71,,1977500.0
2006-01-25,10.7,10.7,10.24,10.38,,3592000.0
2006-01-26,10.43,10.48,10.1,10.29,,4126800.0
2006-01-27,10.26,10.45,10.26,10.33,,2236900.0
2006-01-30,10.33,10.43,10.3,10.37,,2052100.0
2006-01-31,10.37,10.49,10.32,10.39,,2401600.0
2006-02-01,10.44,10.51,10.33,10.46,,2169600.0
2006-02-02,10.44,10.46,10.34,10.43,,3055100.0
2006-02-03,10.43,10.63,10.37,10.56,,4332300.0
2006-02-06,10.53,10.59,10.43,10.51,,1639300.0
2006-02-07,10.51,10.68,10.46,10.48,,2355100.0
2006-02-08,10.56,10.56,10.4,10.52,,2207800.0
2006-02-09,10.5,10.54,10.37,10.47,,2558200.0
2006-02-10,10.4,10.49,10.22,10.47,,3230700.0
2006-02-13,10.45,10.47,10.24,10.34,,1345600.0
2006-02-14,10.37,10.37,10.17,10.31,,3624900.0
2006-02-15,10.32,10.47,10.29,10.43,,2065100.0
2006-02-16,10.4,10.68,10.37,10.65,,2706200.0
2006-02-17,10.6,10.81,10.56,10.8,,2394700.0
2006-02-21,10.79,10.87,10.65,10.67,,1333800.0
2006-02-22,10.7,10.73,10.52,10.62,,1234800.0
2006-02-23,10.6,10.67,10.56,10.61,,1102000.0
2006-02-24,10.59,10.74,10.54,10.72,,1470500.0
2006-02-27,10.76,10.83,10.59,10.77,,2362500.0
2006-02-28,10.61,10.71,10.5,10.55,,2616700.0
2006-03-01,10.53,10.71,10.38,10.67,,1765600.0
2006-03-02,10.52,10.6,10.39,10.45,,1770100.0
2006-03-03,10.45,10.63,10.42,10.56,,1420000.0
2006-03-06,10.6,10.61,10.24,10.37,,1391400.0
2006-03-07,10.32,10.51,10.32,10.45,,1563700.0
2006-03-08,10.46,10.52,10.27,10.43,,1539500.0
2006-03-09,10.43,10.61,10.36,10.54,,1722100.0
2006-03-10,10.51,10.55,10.37,10.5,,1460700.0
2006-03-13,10.44,10.54,10.37,10.42,,1384400.0
2006-03-14,10.38,10.44,10.31,10.36,,1681100.0
2006-03-15,10.33,10.6,10.32,10.52,,2267400.0
2006-03-16,10.58,10.73,10.56,10.72,,1948300.0
2006-03-17,10.77,10.77,10.62,10.71,,3484400.0
2006-03-20,10.74,10.74,10.42,10.45,,2024200.0
2006-03-21,10.43,10.52,10.29,10.33,,2004000.0
2006-03-22,10.33,10.43,10.07,10.4,,1601600.0
2006-03-23,10.34,10.43,10.27,10.38,,1034400.0
2006-03-24,10.38,10.43,10.26,10.28,,852900.0
2006-03-27,10.25,10.32,10.15,10.32,,1348000.0
2006-03-28,10.32,10.37,10.16,10.26,,1402000.0
2006-03-29,10.24,10.48,10.19,10.34,,1034100.0
2006-03-30,10.28,10.46,10.28,10.32,,1272400.0
2006-03-31,10.29,10.43,10.23,10.4,,1946000.0
2006-04-03,10.43,10.43,10.12,10.17,,2031500.0
2006-04-04,10.27,10.61,10.25,10.45,,3806800.0
2006-04-05,10.49,10.57,10.29,10.37,,2232000.0
2006-04-06,10.34,10.38,10.15,10.27,,1621500.0
2006-04-07,10.21,10.26,9.85,10.02,,2936200.0
2006-04-10,10.43,10.43,10.12,10.26,,2932500.0
2006-04-11,10.32,10.35,10.09,10.16,,2946500.0
2006-04-12,10.11,10.12,9.91,10.0,,2173400.0
2006-04-13,9.97,10.14,9.96,10.14,,1892800.0
2006-04-17,10.1,10.24,10.1,10.23,,1662300.0
2006-04-18,10.29,10.38,10.2,10.3,,2940200.0
2006-04-19,10.29,10.34,10.06,10.12,,2684200.0
2006-04-20,10.06,10.3,10.02,10.2,,1113300.0
2006-04-21,10.19,10.32,10.02,10.12,,1219300.0
2006-04-24,10.15,10.24,10.03,10.18,,987100.0
2006-04-25,10.18,10.2,10.04,10.12,,1311200.0
2006-04-26,10.12,10.18,9.94,10.01,,1403700.0
2006-04-27,9.95,10.18,9.94,10.14,,1765600.0
2006-04-28,10.12,10.37,10.07,10.35,,2897800.0
2006-05-01,10.36,10.41,10.15,10.25,,2808800.0
2006-05-02,10.32,10.32,10.07,10.18,,2276800.0
2006-05-03,10.15,10.23,10.06,10.12,,2617200.0
2006-05-04,10.16,10.29,10.07,10.12,,1675900.0
2006-05-05,10.24,10.62,10.24,10.57,,3448900.0
2006-05-08,10.67,11.02,10.58,10.82,,6629700.0
2006-05-09,10.74,10.89,10.67,10.84,,2943700.0
2006-05-10,10.81,10.88,10.73,10.83,,2046100.0
2006-05-11,10.76,10.79,10.55,10.75,,2101200.0
2006-05-12,11.11,11.13,11.01,11.09,,6104600.0
2006-05-15,11.13,11.15,10.98,11.13,,2976200.0
2006-05-16,11.13,11.28,11.06,11.08,,3087000.0
2006-05-17,11.07,11.1,10.71,10.95,,3181400.0
2006-05-18,10.98,11.17,10.96,11.01,,2409200.0
2006-05-19,11.16,11.23,10.77,10.88,,4174800.0
2006-05-22,10.9,11.16,10.9,10.99,,3812700.0
2006-05-23,10.99,11.15,10.79,10.86,,3411000.0
2006-05-24,10.82,10.99,10.63,10.76,,2405600.0
2006-05-25,10.76,10.87,10.68,10.85,,2786700.0
2006-05-26,10.9,11.02,10.89,10.98,,1723000.0
2006-05-30,11.08,11.08,10.84,10.95,,1568700.0
2006-05-31,11.04,11.28,11.01,11.22,,5020400.0
2006-06-01,11.27,11.36,11.07,11.34,,2903000.0
2006-06-02,11.34,11.46,11.1,11.44,,2230700.0
2006-06-05,11.43,11.49,11.26,11.34,,2212900.0
2006-06-06,11.4,11.44,11.23,11.4,,2409300.0
2006-06-07,11.37,11.48,11.23,11.37,,2592200.0
2006-06-08,11.33,11.34,11.08,11.16,,3723500.0
2006-06-09,11.08,11.27,10.99,11.19,,1813900.0
2006-06-12,11.2,11.32,11.14,11.17,,2135700.0
2006-06-13,11.13,11.16,10.93,10.98,,3815600.0
2006-06-14,10.98,11.11,10.82,10.9,,2855100.0
2006-06-15,10.67,10.93,10.54,10.71,,4105500.0
2006-06-16,10.7,10.79,10.6,10.67,,2892300.0
2006-06-19,10.65,10.67,10.24,10.31,,3265400.0
2006-06-20,10.21,10.56,10.16,10.5,,3459200.0
2006-06-21,10.5,10.76,10.5,10.7,,2432100.0
2006-06-22,10.68,10.7,10.52,10.68,,1980600.0
2006-06-23,10.62,10.72,10.46,10.52,,2055700.0
2006-06-26,10.46,10.7,10.42,10.67,,2369600.0
2006-06-27,10.68,11.02,10.68,10.96,,6034500.0
2006-06-28,10.93,11.14,10.87,11.01,,3338000.0
2006-06-29,11.1,11.33,11.02,11.3,,2303600.0
2006-06-30,11.34,11.45,11.23,11.25,,2600600.0
2006-07-03,11.37,11.38,11.2,11.34,,1025100.0
2006-07-05,11.34,11.58,11.28,11.5,,3487900.0
2006-07-06,11.54,11.59,11.48,11.58,,2230100.0
2006-07-07,11.59,11.77,11.44,11.75,,5291400.0
2006-07-10,11.77,11.93,11.75,11.87,,2989800.0
2006-07-11,11.91,12.01,11.79,11.96,,3366700.0
2006-07-12,12.06,12.1,11.71,11.74,,3346600.0
2006-07-13,11.77,11.87,11.63,11.69,,2992200.0
2006-07-14,11.74,11.91,11.57,11.88,,2355700.0
2006-07-17,11.85,12.07,11.77,12.04,,3154500.0
2006-07-18,12.04,12.13,11.74,11.88,,3687700.0
2006-07-19,11.99,12.12,11.96,12.09,,3109000.0
2006-07-20,12.04,12.2,11.96,12.09,,1950700.0
2006-07-21,12.2,12.32,12.1,12.3,,3486400.0
2006-07-24,12.29,12.55,12.26,12.47,,3563300.0
2006-07-25,12.4,12.56,12.4,12.49,,2872900.0
2006-07-26,12.51,12.52,12.12,12.24,,4267900.0
2006-07-27,12.23,12.38,12.06,12.1,,2854400.0
2006-07-28,12.18,12.24,12.08,12.12,,2098200.0
2006-07-31,12.04,12.26,11.98,12.11,,1981800.0
2006-08-01,12.07,12.18,11.98,12.11,,2490600.0
2006-08-02,12.15,12.24,11.98,12.04,,2317300.0
2006-08-03,12.04,12.1,11.96,12.06,,1825500.0
2006-08-04,12.21,12.25,11.13,11.13,,5763400.0
2006-08-07,12.16,12.63,11.74,12.24,,10282200.0
2006-08-08,12.21,12.59,12.14,12.38,,3352300.0
2006-08-09,12.47,12.74,12.38,12.57,,3243000.0
2006-08-10,12.56,12.6,12.37,12.48,,2517500.0
2006-08-11,12.42,12.44,12.29,12.33,,1619700.0
2006-08-14,12.32,12.42,12.27,12.3,,1588800.0
2006-08-15,12.53,12.71,12.37,12.44,,2363200.0
2006-08-16,12.4,12.47,12.21,12.46,,3623100.0
2006-08-17,12.38,12.38,12.1,12.31,,2155900.0
2006-08-18,12.32,12.54,12.21,12.49,,2250200.0
2006-08-21,12.43,12.68,12.32,12.59,,1576300.0
2006-08-22,12.59,12.71,12.51,12.71,,1236700.0
2006-08-23,12.73,12.74,12.45,12.67,,1125800.0
2006-08-24,12.7,12.71,12.43,12.55,,1157600.0
2006-08-25,12.52,12.67,12.51,12.62,,1287900.0
2006-08-28,12.65,12.84,12.64,12.75,,1635100.0
2006-08-29,12.73,12.87,12.62,12.68,,2541600.0
2006-08-30,12.75,12.85,12.59,12.81,,1347200.0
2006-08-31,12.81,13.02,12.81,12.95,,2004400.0
2006-09-01,12.92,12.95,12.84,12.92,,1458500.0
2006-09-05,12.92,13.1,12.81,12.9,,2240300.0
2006-09-06,12.81,12.92,12.56,12.66,,2293800.0
2006-09-07,12.67,12.71,12.42,12.54,,2826500.0
2006-09-08,12.59,12.62,12.4,12.47,,1413200.0
2006-09-11,12.41,12.52,12.23,12.37,,2137500.0
2006-09-12,12.26,12.43,12.21,12.27,,2500700.0
2006-09-13,12.23,12.51,12.07,12.48,,2001400.0
2006-09-14,12.44,12.64,12.4,12.51,,1761200.0
2006-09-15,12.57,12.63,12.31,12.37,,2504300.0
2006-09-18,12.4,12.55,12.37,12.45,,1563900.0
2006-09-19,12.43,12.59,12.37,12.52,,2519500.0
2006-09-20,12.52,12.63,12.45,12.5,,1090800.0
2006-09-21,12.48,12.55,12.34,12.42,,1880300.0
2006-09-22,12.45,12.45,12.23,12.28,,2196700.0
2006-09-25,12.41,12.74,12.37,12.58,,2689300.0
2006-09-26,12.54,12.64,12.43,12.62,,1767500.0
2006-09-27,12.57,12.64,12.48,12.62,,1861400.0
2006-09-28,12.65,12.73,12.52,12.56,,2043000.0
2006-09-29,12.59,12.67,12.4,12.43,,2239200.0
2006-10-02,12.44,12.5,12.28,12.32,,2778800.0
2006-10-03,12.5,12.64,12.21,12.58,,3107100.0
2006-10-04,12.62,12.66,12.51,12.6,,1959200.0
2006-10-05,12.52,12.64,12.49,12.54,,2113900.0
2006-10-06,12.55,12.55,12.35,12.41,,2121200.0
2006-10-09,12.37,12.54,12.37,12.52,,1666200.0
2006-10-10,12.51,12.74,12.44,12.74,,2471700.0
2006-10-11,12.74,12.96,12.67,12.84,,3206800.0
2006-10-12,12.87,12.88,12.67,12.73,,1653200.0
2006-10-13,12.71,12.74,12.54,12.67,,1486700.0
2006-10-16,12.67,12.82,12.49,12.82,,1792200.0
2006-10-17,12.75,12.9,12.72,12.87,,1427400.0
2006-10-18,12.91,13.04,12.87,12.99,,2190800.0
2006-10-19,12.94,13.1,12.94,13.1,,1481400.0
2006-10-20,13.14,13.26,13.06,13.26,,2103500.0
2006-10-23,13.26,13.48,13.21,13.36,,3290800.0
2006-10-24,13.27,13.38,13.19,13.27,,2409900.0
2006-10-25,13.35,13.42,13.24,13.29,,1783600.0
2006-10-26,13.27,13.32,13.09,13.21,,1646800.0
2006-10-27,13.17,13.38,13.07,13.25,,1581300.0
2006-10-30,13.29,13.34,13.12,13.22,,1426700.0
2006-10-31,13.26,13.43,13.18,13.41,,2226600.0
2006-11-01,13.45,13.54,13.35,13.45,,1865900.0
2006-11-02,13.42,13.52,13.26,13.37,,1933000.0
2006-11-03,13.54,13.55,13.29,13.36,,1694300.0
2006-11-06,13.46,13.82,13.32,13.81,,6982100.0
2006-11-07,13.69,13.7,13.31,13.43,,3800500.0
2006-11-08,13.37,13.67,13.22,13.67,,3313000.0
2006-11-09,13.7,13.76,13.66,13.69,,2810400.0
2006-11-10,13.71,13.77,13.56,13.63,,2737900.0
2006-11-13,13.7,13.91,13.66,13.84,,2485700.0
2006-11-14,13.87,13.92,13.57,13.84,,2951200.0
2006-11-15,13.78,13.81,13.5,13.53,,2160100.0
2006-11-16,13.62,13.67,13.57,13.63,,1510100.0
2006-11-17,13.6,13.68,13.5,13.65,,2483200.0
2006-11-20,13.84,13.84,13.66,13.68,,2353100.0
2006-11-21,13.95,14.17,13.87,14.08,,3877700.0
2006-11-22,14.24,14.3,14.12,14.21,,2358800.0
2006-11-24,14.2,14.24,14.13,14.24,,597800.0
2006-11-27,14.23,14.25,13.95,13.98,,2846000.0
2006-11-28,13.94,14.07,13.93,13.96,,3389100.0
2006-11-29,14.01,14.15,13.94,14.14,,2025500.0
2006-11-30,14.19,14.31,14.09,14.25,,2550100.0
2006-12-01,14.3,14.39,14.19,14.25,,3000700.0
2006-12-04,14.33,14.54,14.29,14.46,,2218500.0
2006-12-05,14.51,14.54,14.37,14.46,,3099200.0
2006-12-06,14.49,14.5,14.15,14.17,,5385200.0
2006-12-07,14.24,14.37,14.11,14.12,,2597000.0
2006-12-08,14.07,14.21,14.02,14.13,,1661700.0
2006-12-11,14.15,14.18,13.95,13.98,,2746900.0
2006-12-12,14.02,14.13,13.93,13.95,,4372700.0
2006-12-13,13.98,14.05,13.95,13.96,,3746300.0
2006-12-14,13.94,14.02,13.93,13.96,,4172600.0
2006-12-15,13.95,14.01,13.87,13.93,,3319300.0
2006-12-18,13.93,13.93,13.65,13.68,,3318500.0
2006-12-19,13.59,13.75,13.48,13.65,,4427900.0
2006-12-20,13.66,13.73,13.57,13.58,,2747900.0
2006-12-21,13.54,13.67,13.53,13.64,,3670100.0
2006-12-22,13.6,13.63,13.45,13.51,,2399300.0
2006-12-26,13.49,13.63,13.43,13.59,,2035200.0
2006-12-27,13.57,13.61,13.49,13.57,,1893200.0
2006-12-28,13.53,13.59,13.45,13.45,,1735500.0
2006-12-29,13.39,13.49,13.35,13.44,,2527800.0
2007-01-03,13.46,13.61,13.35,13.38,,2745200.0
2007-01-04,13.32,13.42,13.23,13.38,,2486600.0
2007-01-05,13.35,13.38,12.85,13.0,,3365900.0
2007-01-08,12.98,13.03,12.67,12.82,,5538700.0
2007-01-09,12.31,12.38,12.15,12.29,,18530800.0
2007-01-10,12.44,12.73,12.32,12.65,,10199800.0
2007-01-11,12.2,12.65,12.2,12.44,,6088800.0
2007-01-12,12.48,12.82,12.48,12.77,,6982400.0
2007-01-16,12.42,12.98,12.41,12.87,,5411500.0
2007-01-17,12.81,12.96,12.68,12.81,,5121400.0
2007-01-18,12.82,12.87,12.67,12.7,,2775400.0
2007-01-19,12.29,12.84,12.29,12.82,,3727200.0
2007-01-22,12.77,12.79,12.59,12.69,,2712100.0
2007-01-23,12.71,12.79,12.6,12.66,,3010200.0
2007-01-24,12.73,12.73,12.54,12.69,,2148800.0
2007-01-25,12.68,12.71,12.55,12.57,,2677600.0
2007-01-26,12.62,12.72,12.57,12.67,,2483700.0
2007-01-29,12.6,12.85,12.6,12.8,,3772800.0
2007-01-30,12.84,12.93,12.7,12.74,,1523100.0
2007-01-31,12.63,12.71,12.56,12.68,,2401000.0
2007-02-01,12.64,12.7,12.5,12.59,,3599700.0
2007-02-02,12.57,12.72,12.55,12.7,,2064900.0
2007-02-05,13.11,13.11,12.63,12.87,,3189500.0
2007-02-06,12.88,13.47,12.87,13.26,,6451800.0
2007-02-07,13.31,13.45,13.24,13.38,,3817500.0
2007-02-08,13.38,13.67,13.32,13.63,,4986700.0
2007-02-09,13.66,14.09,13.64,13.79,,7082400.0
2007-02-12,13.83,13.87,13.55,13.57,,3289100.0
2007-02-13,13.54,13.71,13.54,13.7,,2217600.0
2007-02-14,13.69,13.81,13.62,13.65,,1770400.0
2007-02-15,13.6,13.71,13.48,13.56,,2604900.0
2007-02-16,13.51,13.63,13.43,13.6,,2286600.0
2007-02-20,13.63,13.92,13.59,13.74,,3302900.0
2007-02-21,13.67,13.81,13.6,13.75,,2329400.0
2007-02-22,13.73,13.88,13.6,13.66,,2079000.0
2007-02-23,13.65,13.65,13.49,13.59,,2744200.0
2007-02-26,13.7,13.95,13.6,13.73,,3443700.0
2007-02-27,13.61,13.69,12.73,13.14,,4778500.0
2007-02-28,12.87,13.48,12.77,13.0,,5276200.0
2007-03-01,12.78,12.99,12.28,12.84,,3825400.0
2007-03-02,12.8,12.95,12.52,12.57,,4153000.0
2007-03-05,11.89,12.22,11.85,12.06,,6449000.0
2007-03-06,12.28,12.58,12.23,12.54,,10109800.0
2007-03-07,12.56,13.02,12.5,12.76,,5430400.0
2007-03-08,12.87,12.96,12.57,12.6,,5260100.0
2007-03-09,12.71,12.72,12.45,12.5,,4901000.0
2007-03-12,12.53,12.92,12.53,12.85,,3345400.0
2007-03-13,12.73,12.89,12.47,12.52,,3497500.0
2007-03-14,12.59,12.74,12.34,12.54,,3886300.0
2007-03-15,12.54,12.74,12.45,12.65,,2964700.0
2007-03-16,12.68,12.78,12.45,12.48,,4142800.0
2007-03-19,12.58,12.83,12.48,12.81,,3644200.0
2007-03-20,12.74,12.98,12.65,12.95,,3245900.0
2007-03-21,12.96,13.11,12.82,13.08,,3557600.0
2007-03-22,13.02,13.23,12.95,12.99,,4808000.0
2007-03-23,12.98,13.1,12.87,13.04,,2449400.0
2007-03-26,13.07,13.15,12.93,13.13,,2322400.0
2007-03-27,13.13,13.3,13.06,13.25,,2866600.0
2007-03-28,13.13,13.23,13.04,13.09,,2744100.0
2007-03-29,13.23,13.32,13.07,13.27,,3184100.0
2007-03-30,13.24,13.34,12.95,13.12,,3177400.0
2007-04-02,13.2,13.42,13.11,13.42,,3258100.0
2007-04-03,13.42,13.46,13.03,13.13,,4108300.0
2007-04-04,13.19,13.32,13.15,13.21,,2196600.0
2007-04-05,13.2,13.29,13.13,13.23,,1390200.0
2007-04-09,13.29,13.6,13.23,13.59,,3682300.0
2007-04-10,13.59,13.73,13.56,13.67,,3173100.0
2007-04-11,13.71,13.71,13.5,13.56,,2235700.0
2007-04-12,13.48,13.53,13.2,13.4,,3980300.0
2007-04-13,13.92,13.92,13.14,13.3,,3508000.0
2007-04-16,13.57,13.57,13.15,13.4,,4558000.0
2007-04-17,13.78,13.83,13.34,13.73,,5369300.0
2007-04-18,13.71,13.96,13.62,13.89,,3951000.0
2007-04-19,13.4,13.88,13.4,13.87,,2962300.0
2007-04-20,13.98,14.13,13.81,13.89,,7048000.0
2007-04-23,14.09,14.14,13.81,13.9,,3758500.0
2007-04-24,13.89,14.02,13.85,13.93,,3109300.0
2007-04-25,13.79,14.09,13.79,14.04,,2795000.0
2007-04-26,13.93,14.13,13.83,13.96,,2458400.0
2007-04-27,13.91,13.98,13.7,13.73,,2092400.0
2007-04-30,13.72,13.76,13.4,13.41,,4096200.0
2007-05-01,13.5,13.59,13.32,13.57,,2631500.0
2007-05-02,13.7,13.98,13.5,13.67,,3949100.0
2007-05-03,13.73,13.77,13.54,13.61,,2996400.0
2007-05-04,13.57,13.84,13.53,13.67,,3744100.0
2007-05-07,13.69,13.74,13.42,13.68,,3956100.0
2007-05-08,13.67,13.67,13.46,13.6,,3496300.0
2007-05-09,13.6,13.83,13.51,13.78,,3429100.0
2007-05-10,13.74,13.87,13.57,13.6,,3311100.0
2007-05-11,13.6,13.85,13.58,13.85,,4123100.0
2007-05-14,13.42,14.0,13.42,13.75,,3334700.0
2007-05-15,13.72,14.07,13.65,13.96,,5092500.0
2007-05-16,14.48,14.78,13.92,14.27,,6245600.0
2007-05-17,14.21,14.38,14.15,14.31,,4384200.0
2007-05-18,14.48,14.48,14.05,14.24,,5958700.0
2007-05-21,14.25,14.41,14.18,14.4,,4254400.0
2007-05-22,14.42,14.42,14.21,14.25,,3214400.0
2007-05-23,14.25,14.73,14.25,14.57,,5518800.0
2007-05-24,14.49,14.78,13.9,14.11,,7279200.0
2007-05-25,14.2,14.5,13.98,14.13,,5899800.0
2007-05-29,14.15,14.26,13.98,14.01,,4458900.0
2007-05-30,13.87,14.47,13.63,14.45,,4797800.0
2007-05-31,14.48,14.77,14.43,14.47,,12568100.0
2007-06-01,14.47,14.66,14.23,14.34,,6249100.0
2007-06-04,14.23,14.29,13.91,14.12,,5668500.0
2007-06-05,14.1,14.11,13.83,13.86,,5719100.0
2007-06-06,13.82,13.85,13.37,13.38,,7489600.0
2007-06-07,13.37,13.43,12.87,12.99,,8526200.0
2007-06-08,12.86,13.21,12.86,13.18,,5195300.0
2007-06-11,13.21,13.35,13.09,13.24,,3130300.0
2007-06-12,13.12,13.15,12.8,12.84,,6073500.0
2007-06-13,12.87,12.99,12.73,12.94,,4842500.0
2007-06-14,12.92,13.26,12.87,13.17,,4437900.0
2007-06-15,13.35,13.57,13.19,13.46,,5224900.0
2007-06-18,13.54,13.54,13.21,13.28,,2232000.0
2007-06-19,13.25,13.35,13.17,13.26,,3284700.0
2007-06-20,13.27,13.36,12.87,12.9,,3635100.0
2007-06-21,12.65,12.77,12.52,12.73,,6426400.0
2007-06-22,13.23,13.41,12.99,13.12,,8581500.0
2007-06-25,13.1,13.61,12.96,13.29,,7269700.0
2007-06-26,13.36,13.53,13.3,13.33,,7378800.0
2007-06-27,13.23,13.47,13.12,13.42,,7226600.0
2007-06-28,13.37,13.45,13.17,13.2,,4026600.0
2007-06-29,13.27,13.59,13.21,13.34,,6445700.0
2007-07-02,13.39,13.79,13.39,13.75,,5684700.0
2007-07-03,13.3,14.02,13.3,13.72,,2723300.0
2007-07-05,13.66,13.77,13.32,13.59,,4890700.0
2007-07-06,13.53,13.72,13.38,13.7,,3844100.0
2007-07-09,13.71,13.83,13.64,13.73,,4848500.0
2007-07-10,13.63,13.8,13.38,13.4,,4921800.0
2007-07-11,13.35,13.49,13.25,13.48,,4720700.0
2007-07-12,13.56,13.72,13.21,13.38,,7697900.0
2007-07-13,13.4,13.72,13.24,13.65,,3421500.0
2007-07-16,13.72,13.78,13.49,13.57,,4802000.0
2007-07-17,13.52,13.62,13.44,13.56,,4425800.0
2007-07-18,13.52,13.72,13.41,13.69,,5114500.0
2007-07-19,13.81,14.26,13.69,14.18,,7933700.0
2007-07-20,13.73,14.26,13.61,13.98,,8907400.0
2007-07-23,13.81,14.15,13.6,13.79,,5246700.0
2007-07-24,13.62,13.75,13.0,13.06,,5764100.0
2007-07-25,13.06,13.41,12.98,13.1,,6349800.0
2007-07-26,12.95,13.07,12.23,12.56,,6192700.0
2007-07-27,12.52,12.64,12.2,12.26,,7291200.0
2007-07-30,12.2,12.32,12.03,12.24,,9214600.0
2007-07-31,12.34,12.62,11.96,11.98,,9972300.0
2007-08-01,11.95,12.22,11.93,12.15,,9401200.0
2007-08-02,12.23,12.4,12.01,12.15,,6863200.0
2007-08-03,12.35,12.35,11.39,11.42,,7126600.0
2007-08-06,11.5,11.63,10.6,11.2,,14359400.0
2007-08-07,10.98,11.81,10.73,11.18,,13602700.0
2007-08-08,11.28,11.95,11.28,11.7,,8770900.0
2007-08-09,11.7,11.7,11.02,11.2,,8147500.0
2007-08-10,11.56,11.64,10.74,11.38,,8223000.0
2007-08-13,11.46,12.17,11.46,11.81,,6684700.0
2007-08-14,11.86,11.87,11.22,11.24,,5329000.0
2007-08-15,11.16,11.65,11.02,11.08,,6874700.0
2007-08-16,10.97,11.04,10.18,10.95,,8793900.0
2007-08-17,11.79,11.84,10.91,11.22,,8803300.0
2007-08-20,11.23,11.41,11.03,11.22,,3634600.0
2007-08-21,11.11,11.23,11.01,11.08,,4655300.0
2007-08-22,11.12,11.62,11.12,11.59,,6028800.0
2007-08-23,11.66,11.83,11.37,11.46,,4241100.0
2007-08-24,11.46,11.68,11.34,11.67,,3359200.0
2007-08-27,11.62,11.65,11.21,11.21,,4937300.0
2007-08-28,11.12,11.2,10.78,10.83,,5245400.0
2007-08-29,10.9,11.09,10.83,11.03,,5222900.0
2007-08-30,10.91,11.05,10.83,10.92,,3539400.0
2007-08-31,11.13,11.2,10.99,11.04,,3862500.0
2007-09-04,11.06,11.35,11.01,11.29,,5971600.0
2007-09-05,11.24,11.42,11.15,11.24,,6923300.0
2007-09-06,11.25,11.62,11.12,11.52,,6477800.0
2007-09-07,11.34,11.44,11.08,11.15,,6113600.0
2007-09-10,11.16,11.23,10.84,11.02,,4472600.0
2007-09-11,11.02,11.13,10.93,10.99,,5244100.0
2007-09-12,10.94,11.19,10.92,11.01,,4185700.0
2007-09-13,11.05,11.15,10.99,11.03,,2834000.0
2007-09-14,10.96,11.11,10.95,11.07,,3187900.0
2007-09-17,10.97,11.13,10.76,11.08,,6955900.0
2007-09-18,11.11,11.64,11.06,11.59,,6470400.0
2007-09-19,11.74,11.82,11.62,11.74,,7609800.0
2007-09-20,11.71,11.98,11.68,11.79,,4484900.0
2007-09-21,11.93,12.01,11.79,11.94,,5265200.0
2007-09-24,11.89,12.53,11.89,12.36,,9780400.0
2007-09-25,12.32,12.37,12.18,12.37,,6005500.0
2007-09-26,12.4,12.57,12.35,12.45,,3151800.0
2007-09-27,12.48,12.53,12.43,12.49,,2997200.0
2007-09-28,12.46,12.51,12.18,12.22,,3727600.0
2007-10-01,12.28,12.68,12.27,12.63,,3961600.0
2007-10-02,12.59,12.71,12.46,12.56,,3139600.0
2007-10-03,12.48,12.53,12.31,12.37,,3757500.0
2007-10-04,12.43,12.55,12.37,12.52,,2136000.0
2007-10-05,12.57,12.77,12.54,12.68,,1913900.0
2007-10-08,12.67,12.71,12.56,12.6,,1016200.0
2007-10-09,12.55,13.02,12.48,12.95,,3051800.0
2007-10-10,12.94,13.09,12.87,13.01,,3764300.0
2007-10-11,13.1,13.26,12.98,13.05,,4331400.0
2007-10-12,13.08,13.21,12.97,13.07,,2841400.0
2007-10-15,12.98,13.13,12.65,12.74,,4065300.0
2007-10-16,12.81,12.96,12.77,12.88,,4104700.0
2007-10-17,12.98,13.09,12.63,12.73,,4114400.0
2007-10-18,12.68,12.9,12.63,12.81,,2597300.0
2007-10-19,12.7,12.72,12.15,12.34,,6183400.0
2007-10-22,12.33,12.62,12.06,12.51,,3119000.0
2007-10-23,12.55,12.62,12.23,12.32,,2428000.0
2007-10-24,12.25,12.51,12.23,12.43,,3564900.0
2007-10-25,12.48,12.68,12.44,12.59,,2250500.0
2007-10-26,12.52,12.76,12.51,12.74,,2883800.0
2007-10-29,12.79,13.11,12.76,12.95,,2929400.0
2007-10-30,12.87,13.07,12.85,12.95,,1674400.0
2007-10-31,12.99,13.11,12.92,13.06,,3113100.0
2007-11-01,12.76,13.23,12.76,12.9,,4102500.0
2007-11-02,12.91,13.23,12.84,13.21,,9699200.0
2007-11-05,13.12,13.42,13.06,13.37,,4286400.0
2007-11-06,13.38,13.87,13.09,13.74,,10129300.0
2007-11-07,13.56,14.08,13.29,13.32,,7265800.0
2007-11-08,13.36,13.52,13.15,13.43,,5553500.0
2007-11-09,13.23,13.37,13.16,13.31,,4673100.0
2007-11-12,13.31,13.31,12.85,12.9,,5973700.0
2007-11-13,12.98,13.28,12.66,13.2,,7689700.0
2007-11-14,13.3,13.63,13.09,13.39,,6968200.0
2007-11-15,13.35,13.63,13.27,13.32,,4304600.0
2007-11-16,13.44,13.53,12.99,13.32,,4729400.0
2007-11-19,13.21,13.42,13.12,13.28,,5212100.0
2007-11-20,13.35,13.43,13.09,13.28,,4683700.0
2007-11-21,13.21,13.26,12.69,12.71,,5782500.0
2007-11-23,12.87,12.94,12.66,12.9,,1460800.0
2007-11-26,12.93,13.32,12.65,12.65,,5070400.0
2007-11-27,12.7,13.08,12.64,12.71,,5067000.0
2007-11-28,12.83,13.18,12.69,13.16,,6262700.0
2007-11-29,13.13,13.33,13.07,13.2,,3829000.0
2007-11-30,13.34,13.34,13.13,13.32,,4214900.0
2007-12-03,13.23,13.42,13.18,13.25,,2473700.0
2007-12-04,13.21,13.35,13.0,13.2,,2846700.0
2007-12-05,13.27,13.45,13.18,13.41,,2978300.0
2007-12-06,13.4,13.4,12.99,13.09,,7706700.0
2007-12-07,13.09,13.46,13.09,13.38,,3127900.0
2007-12-10,13.39,13.74,13.38,13.58,,3488000.0
2007-12-11,13.58,13.72,13.26,13.29,,4709400.0
2007-12-12,13.56,13.72,13.18,13.34,,4860800.0
2007-12-13,13.24,13.45,13.12,13.29,,3232600.0
2007-12-14,13.29,13.29,12.99,13.17,,4246700.0
2007-12-17,13.11,13.15,12.93,12.98,,3369800.0
2007-12-18,13.12,13.18,12.79,13.16,,5488600.0
2007-12-19,13.17,13.31,13.0,13.15,,3161500.0
2007-12-20,13.26,13.26,12.84,13.23,,4011100.0
2007-12-21,13.41,13.56,13.26,13.4,,5535700.0
2007-12-24,13.32,13.54,13.32,13.47,,1450300.0
2007-12-26,13.43,13.54,13.35,13.49,,2683600.0
2007-12-27,13.48,13.51,13.24,13.24,,3221200.0
2007-12-28,13.23,13.34,13.13,13.21,,2835000.0
2007-12-31,13.19,13.28,12.97,13.04,,2085600.0
2008-01-02,13.06,13.17,12.85,12.87,,3065800.0
2008-01-03,12.91,12.97,12.82,12.84,,3114600.0
2008-01-04,12.76,13.02,12.65,12.89,,4319500.0
2008-01-07,12.99,13.5,12.95,13.41,,5816900.0
2008-01-08,13.45,13.71,13.34,13.35,,4819200.0
2008-01-09,13.34,13.47,13.1,13.12,,7842000.0
2008-01-10,13.11,13.43,13.05,13.23,,4629500.0
2008-01-11,12.99,13.1,12.76,12.87,,3887500.0
2008-01-14,12.94,13.07,12.84,12.92,,3362600.0
2008-01-15,12.82,12.99,12.48,12.48,,5848700.0
2008-01-16,12.45,12.63,11.66,11.86,,9844400.0
2008-01-17,11.87,11.89,11.12,11.18,,8409100.0
2008-01-18,11.33,11.44,10.92,11.11,,9097300.0
2008-01-22,10.77,11.12,10.14,10.79,,8169000.0
2008-01-23,10.48,11.07,10.4,11.05,,7214500.0
2008-01-24,11.18,11.57,10.97,11.07,,5683800.0
2008-01-25,11.17,11.31,11.03,11.11,,5589800.0
2008-01-28,11.15,11.43,11.01,11.38,,3472500.0
2008-01-29,11.47,11.65,11.39,11.45,,3430000.0
2008-01-30,11.37,11.72,11.32,11.37,,3747500.0
2008-01-31,11.23,11.76,11.08,11.64,,3675200.0
2008-02-01,11.56,11.91,11.32,11.87,,4054900.0
2008-02-04,11.91,12.11,11.86,11.98,,3011500.0
2008-02-05,11.77,12.38,11.73,12.13,,9032900.0
2008-02-06,12.2,12.24,11.81,11.85,,5079300.0
2008-02-07,11.76,11.94,11.59,11.84,,3734100.0
2008-02-08,11.76,11.82,11.59,11.67,,2687600.0
2008-02-11,11.65,11.84,11.56,11.81,,2419900.0
2008-02-12,11.89,11.98,11.57,11.67,,3850900.0
2008-02-13,11.79,11.89,11.7,11.87,,4684700.0
2008-02-14,11.81,12.04,11.68,11.76,,3095700.0
2008-02-15,11.76,11.78,11.57,11.76,,3366500.0
2008-02-19,11.88,11.92,11.63,11.72,,4235100.0
2008-02-20,11.68,11.68,11.45,11.62,,4352500.0
2008-02-21,11.66,11.76,11.32,11.39,,4470300.0
2008-02-22,11.46,11.53,11.27,11.51,,4010500.0
2008-02-25,11.56,11.83,11.48,11.81,,3156100.0
2008-02-26,11.76,11.86,11.65,11.85,,3929500.0
2008-02-27,11.75,11.81,11.43,11.52,,3998600.0
2008-02-28,11.46,11.49,11.35,11.45,,2786000.0
2008-02-29,11.34,11.37,10.92,10.96,,3406100.0
2008-03-03,11.18,11.26,10.73,11.24,,5350500.0
2008-03-04,11.15,11.37,11.1,11.28,,4824700.0
2008-03-05,11.31,11.43,11.14,11.35,,3687600.0
2008-03-06,11.3,11.32,10.98,11.01,,5263700.0
2008-03-07,10.98,11.02,10.76,10.84,,4407800.0
2008-03-10,10.85,10.86,10.65,10.67,,6690700.0
2008-03-11,10.89,11.09,10.65,10.9,,7297400.0
2008-03-12,10.95,10.99,10.71,10.72,,5369300.0
2008-03-13,10.57,10.94,10.56,10.87,,8098100.0
2008-03-14,10.89,10.91,10.37,10.73,,7069500.0
2008-03-17,10.43,10.55,9.64,9.8,,8717200.0
2008-03-18,9.96,10.17,9.9,10.01,,9289600.0
2008-03-19,10.13,10.21,9.74,9.74,,6785000.0
2008-03-20,9.81,9.94,9.57,9.81,,10169600.0
2008-03-24,9.87,9.95,9.81,9.84,,4451900.0
2008-03-25,9.88,9.99,9.78,9.86,,6888300.0
2008-03-26,9.79,9.99,9.76,9.9,,3409200.0
2008-03-27,9.91,10.07,9.91,9.93,,5929100.0
2008-03-28,9.99,10.2,9.93,9.95,,4231400.0
2008-03-31,9.91,10.23,9.89,10.17,,5691600.0
2008-04-01,10.22,10.34,10.17,10.27,,7088100.0
2008-04-02,10.27,10.41,10.21,10.37,,5410500.0
2008-04-03,10.29,10.42,10.29,10.32,,4766000.0
2008-04-04,10.36,10.67,10.31,10.4,,5618000.0
2008-04-07,10.49,10.49,10.32,10.34,,4442900.0
2008-04-08,10.38,10.64,10.27,10.59,,6209000.0
2008-04-09,10.57,10.77,10.54,10.61,,4456600.0
2008-04-10,10.64,10.66,10.34,10.4,,5021400.0
2008-04-11,10.37,10.53,10.27,10.52,,10121900.0
2008-04-14,10.49,10.55,10.34,10.48,,4742400.0
2008-04-15,10.52,10.77,10.48,10.7,,4876800.0
2008-04-16,10.68,10.9,10.68,10.9,,3061900.0
2008-04-17,10.88,11.1,10.81,10.85,,4653200.0
2008-04-18,11.01,11.06,10.85,10.98,,3800200.0
2008-04-21,10.94,10.95,10.72,10.87,,2698100.0
2008-04-22,10.84,10.84,10.68,10.75,,3266000.0
2008-04-23,10.77,10.82,10.66,10.75,,3500600.0
2008-04-24,10.81,10.93,10.64,10.8,,2481900.0
2008-04-25,10.87,10.98,10.85,10.97,,2466900.0
2008-04-28,11.02,11.18,10.95,11.02,,4189600.0
2008-04-29,11.04,11.07,10.54,10.6,,7258700.0
2008-04-30,10.6,10.79,10.57,10.59,,4233300.0
2008-05-01,10.6,10.77,10.51,10.76,,3003500.0
2008-05-02,10.85,11.02,10.85,10.98,,3938700.0
2008-05-05,10.98,11.01,10.82,10.9,,3081600.0
2008-05-06,10.91,10.98,10.76,10.93,,2957100.0
2008-05-07,10.92,10.98,10.75,10.77,,3806800.0
2008-05-08,10.82,10.95,10.7,10.93,,4471200.0
2008-05-09,11.25,11.71,11.02,11.65,,9085900.0
2008-05-12,11.75,11.96,11.72,11.89,,8845900.0
2008-05-13,11.98,12.01,11.81,11.9,,4123000.0
2008-05-14,12.18,12.19,11.9,12.12,,5725800.0
2008-05-15,12.15,12.15,11.89,12.14,,4850100.0
2008-05-16,12.13,12.19,12.07,12.1,,4278000.0
2008-05-19,12.09,12.2,12.01,12.05,,4000100.0
2008-05-20,12.08,12.08,11.87,11.91,,3312300.0
2008-05-21,11.85,12.14,11.84,11.87,,5925100.0
2008-05-22,11.87,11.95,11.81,11.92,,2712900.0
2008-05-23,11.89,11.93,11.52,11.54,,3475600.0
2008-05-27,11.52,11.59,11.4,11.46,,3408000.0
2008-05-28,11.56,11.67,11.45,11.63,,5333700.0
2008-05-29,11.55,11.78,11.55,11.74,,3483200.0
2008-05-30,11.79,11.94,11.67,11.88,,4526200.0
2008-06-02,11.73,11.85,11.48,11.68,,6525600.0
2008-06-03,11.72,11.81,11.62,11.62,,3801800.0
2008-06-04,11.59,12.1,11.59,12.0,,6925500.0
2008-06-05,11.99,12.17,11.92,12.13,,3690500.0
2008-06-06,11.98,12.12,11.79,11.79,,4945200.0
2008-06-09,11.75,12.18,11.75,12.12,,5442700.0
2008-06-10,12.01,12.07,11.9,11.97,,3815800.0
2008-06-11,11.89,12.02,11.79,11.8,,4470800.0
2008-06-12,11.84,11.88,11.72,11.81,,3244700.0
2008-06-13,11.85,12.27,11.85,12.27,,5312400.0
2008-06-16,12.29,12.37,12.09,12.27,,2877900.0
2008-06-17,12.29,12.43,12.23,12.4,,3610500.0
2008-06-18,12.3,12.48,12.16,12.18,,4736000.0
2008-06-19,12.18,12.68,12.12,12.34,,3758300.0
2008-06-20,11.95,12.35,11.9,11.93,,6178300.0
2008-06-23,11.95,12.12,11.9,11.93,,3624000.0
2008-06-24,11.91,11.91,11.59,11.68,,5866100.0
2008-06-25,11.7,11.77,11.54,11.61,,5614600.0
2008-06-26,11.51,11.62,11.27,11.34,,5200500.0
2008-06-27,11.33,11.5,11.28,11.46,,7336300.0
2008-06-30,11.46,11.78,11.43,11.71,,5531100.0
2008-07-01,11.56,11.89,11.52,11.75,,6338700.0
2008-07-02,11.75,11.79,11.45,11.45,,4562800.0
2008-07-03,11.44,11.8,11.4,11.45,,3583200.0
2008-07-07,11.47,11.58,11.0,11.05,,6552500.0
2008-07-08,11.1,11.27,10.91,11.01,,9129000.0
2008-07-09,10.99,11.06,10.84,10.84,,6061200.0
2008-07-10,10.83,10.96,10.59,10.65,,8342300.0
2008-07-11,10.55,10.85,10.47,10.73,,4947600.0
2008-07-14,10.84,10.85,10.56,10.58,,3655800.0
2008-07-15,10.42,10.6,10.1,10.17,,11543700.0
2008-07-16,10.2,10.2,9.81,9.83,,8300900.0
2008-07-17,9.88,9.95,9.79,9.9,,5971600.0
2008-07-18,9.91,10.29,9.85,10.23,,8127600.0
2008-07-21,10.29,10.46,10.2,10.43,,4091700.0
2008-07-22,10.4,10.49,10.33,10.4,,4226200.0
2008-07-23,10.42,10.48,10.17,10.23,,4802700.0
2008-07-24,10.25,10.25,9.79,9.84,,6096200.0
2008-07-25,9.87,10.15,9.79,9.85,,4682500.0
2008-07-28,9.87,10.16,9.83,10.01,,5130200.0
2008-07-29,10.03,10.12,9.9,10.12,,3911000.0
2008-07-30,10.17,10.4,10.07,10.39,,4041500.0
2008-07-31,10.42,10.42,9.84,9.84,,7805100.0
2008-08-01,9.92,9.94,9.45,9.47,,7774800.0
2008-08-04,9.48,9.64,9.09,9.12,,8186100.0
2008-08-05,9.23,9.72,9.12,9.71,,9830200.0
2008-08-06,9.65,9.83,9.58,9.74,,6619600.0
2008-08-07,9.71,9.92,9.6,9.79,,5550900.0
2008-08-08,10.28,10.28,9.01,9.59,,11779900.0
2008-08-11,9.63,9.74,9.35,9.69,,5677200.0
2008-08-12,9.74,9.76,9.52,9.63,,3800900.0
2008-08-13,9.59,9.7,9.49,9.54,,5212600.0
2008-08-14,9.45,9.48,9.1,9.24,,6863400.0
2008-08-15,9.24,9.4,9.15,9.34,,4805300.0
2008-08-18,9.38,9.49,9.22,9.25,,4004300.0
2008-08-19,9.18,9.32,9.15,9.24,,4439100.0
2008-08-20,9.27,9.35,9.21,9.34,,4618700.0
2008-08-21,9.18,9.45,9.18,9.41,,3213900.0
2008-08-22,9.45,9.63,9.4,9.62,,4139200.0
2008-08-25,9.62,9.63,9.29,9.36,,3647800.0
2008-08-26,9.15,9.65,9.15,9.4,,2936400.0
2008-08-27,9.38,9.46,9.31,9.41,,3000600.0
2008-08-28,9.45,9.54,9.36,9.45,,2415100.0
2008-08-29,9.38,9.54,9.29,9.31,,2633700.0
2008-09-02,9.36,9.53,8.98,9.01,,5944700.0
2008-09-03,9.01,9.15,8.71,8.99,,10887200.0
2008-09-04,8.98,9.07,8.76,8.82,,8631400.0
2008-09-05,8.81,8.96,8.71,8.91,,7031900.0
2008-09-08,8.99,9.27,8.99,9.12,,6136500.0
2008-09-09,9.09,9.36,8.04,8.04,,13801000.0
2008-09-10,8.13,8.49,8.08,8.45,,11007800.0
2008-09-11,8.41,8.51,8.23,8.26,,11471000.0
2008-09-12,8.21,8.73,8.18,8.67,,12113900.0
2008-09-15,8.4,8.46,7.84,7.86,,8131600.0
2008-09-16,7.76,7.82,7.26,7.58,,12643500.0
2008-09-17,7.44,7.6,6.79,6.85,,17203000.0
2008-09-18,6.91,7.51,6.65,7.33,,19026400.0
2008-09-19,7.8,8.38,7.48,8.06,,15522300.0
2008-09-22,8.11,8.19,7.73,7.81,,7152600.0
2008-09-23,7.77,7.95,7.66,7.82,,5587800.0
2008-09-24,7.77,7.84,7.53,7.65,,6035100.0
2008-09-25,7.71,8.12,7.63,7.97,,5606600.0
2008-09-26,7.87,7.9,7.56,7.67,,5716300.0
2008-09-29,7.56,7.62,6.7,6.95,,10533600.0
2008-09-30,7.0,7.23,6.79,7.13,,5533700.0
2008-10-01,7.07,7.16,6.79,6.88,,4878400.0
2008-10-02,6.83,6.9,6.25,6.37,,6733300.0
2008-10-03,6.46,6.59,5.99,6.05,,7304400.0
2008-10-06,5.91,6.56,5.11,5.38,,13598500.0
2008-10-07,5.48,5.67,5.31,5.59,,15884100.0
2008-10-08,5.54,5.96,5.43,5.54,,14983400.0
2008-10-09,5.56,5.65,5.12,5.26,,9875100.0
2008-10-10,5.01,5.01,4.06,4.65,,17104500.0
2008-10-13,4.99,5.77,4.66,5.77,,7508000.0
2008-10-14,6.02,6.24,5.14,5.45,,13832300.0
2008-10-15,5.29,5.34,4.81,4.95,,9721800.0
2008-10-16,4.96,5.19,4.58,4.72,,12998400.0
2008-10-17,4.6,5.32,4.51,4.98,,11730700.0
2008-10-20,5.03,6.04,5.03,6.03,,14757900.0
2008-10-21,5.97,6.26,5.77,6.01,,8626500.0
2008-10-22,5.85,5.93,4.91,5.07,,11790500.0
2008-10-23,5.09,5.48,4.78,5.13,,13458600.0
2008-10-24,4.7,4.88,4.31,4.79,,9916300.0
2008-10-27,4.7,4.78,4.29,4.32,,5757800.0
2008-10-28,4.57,4.82,3.84,4.79,,12796800.0
2008-10-29,4.75,4.9,4.45,4.63,,10107000.0
2008-10-30,4.74,5.48,4.71,4.94,,12608500.0
2008-10-31,5.01,5.07,4.54,4.86,,8303000.0
2008-11-03,4.76,4.98,4.65,4.83,,5373300.0
2008-11-04,4.97,5.06,4.57,4.74,,8779500.0
2008-11-05,4.6,4.64,4.33,4.41,,9082200.0
2008-11-06,4.43,4.52,3.93,4.03,,7911100.0
2008-11-07,4.17,5.23,4.17,5.17,,12839700.0
2008-11-10,5.45,5.66,4.57,4.69,,9820200.0
2008-11-11,4.61,4.65,4.09,4.38,,10643500.0
2008-11-12,4.24,4.66,4.2,4.48,,8740900.0
2008-11-13,4.52,5.18,4.48,5.04,,22789600.0
2008-11-14,4.89,5.38,4.72,5.05,,11281800.0
2008-11-17,4.95,5.31,4.82,5.0,,9332800.0
2008-11-18,4.98,5.12,4.73,4.9,,8100800.0
2008-11-19,4.87,4.99,4.58,4.6,,8586600.0
2008-11-20,4.41,4.71,4.11,4.2,,14549600.0
2008-11-21,4.33,4.45,3.98,4.43,,10288800.0
2008-11-24,4.53,4.57,4.32,4.4,,9927200.0
2008-11-25,4.7,4.7,4.3,4.57,,10225100.0
2008-11-26,4.45,4.63,4.31,4.62,,6784100.0
2008-11-28,4.54,4.77,4.54,4.69,,3550800.0
2008-12-01,4.54,4.54,4.18,4.21,,9130200.0
2008-12-02,4.33,4.82,4.24,4.77,,12401100.0
2008-12-03,4.53,4.62,4.26,4.38,,15197000.0
2008-12-04,4.27,4.51,4.1,4.21,,9626800.0
2008-12-05,4.14,4.14,3.54,3.9,,15601000.0
2008-12-08,4.02,4.42,3.98,4.31,,11081800.0
2008-12-09,4.31,4.51,4.26,4.37,,6570500.0
2008-12-10,4.41,4.59,4.23,4.29,,7617000.0
2008-12-11,4.38,4.56,4.23,4.34,,4235800.0
2008-12-12,4.2,4.43,4.07,4.43,,7883100.0
2008-12-15,4.44,4.57,4.19,4.27,,5347000.0
2008-12-16,4.31,4.88,4.31,4.87,,10959400.0
2008-12-17,4.77,4.82,4.59,4.59,,14662900.0
2008-12-18,4.6,5.02,4.56,4.91,,11763700.0
2008-12-19,5.1,5.13,4.48,4.81,,12824200.0
2008-12-22,4.82,4.95,4.62,4.76,,7714500.0
2008-12-23,4.79,4.91,4.57,4.63,,4497400.0
2008-12-24,4.65,4.68,4.62,4.65,,1157600.0
2008-12-26,4.67,4.78,4.63,4.74,,1695000.0
2008-12-29,4.73,4.85,4.62,4.79,,5222300.0
2008-12-30,4.82,4.96,4.76,4.95,,3412100.0
2008-12-31,4.94,5.16,4.94,5.02,,6924100.0
2009-01-02,5.02,5.3,4.98,5.27,,4888800.0
2009-01-05,5.29,5.57,5.13,5.57,,8997500.0
2009-01-06,5.6,5.78,5.56,5.73,,11239700.0
2009-01-07,5.66,5.71,5.42,5.51,,6976900.0
2009-01-08,5.21,5.7,5.21,5.65,,8120600.0
2009-01-09,5.66,5.73,5.51,5.66,,6569000.0
2009-01-12,5.65,5.65,5.35,5.4,,9114000.0
2009-01-13,5.46,5.49,5.09,5.18,,7272300.0
2009-01-14,5.12,5.12,4.79,4.97,,8978200.0
2009-01-15,4.95,4.98,4.62,4.84,,11479300.0
2009-01-16,4.98,5.25,4.9,5.22,,9378800.0
2009-01-20,5.19,5.28,4.89,4.91,,6001300.0
2009-01-21,5.07,5.09,4.87,5.03,,6321600.0
2009-01-22,4.96,5.06,4.88,4.97,,5600700.0
2009-01-23,4.9,5.15,4.68,5.04,,8043600.0
2009-01-26,5.05,5.31,5.01,5.16,,7104600.0
2009-01-27,5.12,5.41,5.12,5.29,,6964700.0
2009-01-28,5.41,5.45,5.23,5.29,,4469800.0
2009-01-29,5.14,5.32,5.07,5.09,,3375700.0
2009-01-30,5.04,5.17,4.79,4.82,,5300100.0
2009-02-02,4.74,4.92,4.56,4.87,,7927900.0
2009-02-03,4.89,4.99,4.81,4.96,,4547500.0
2009-02-04,4.99,5.14,4.94,5.06,,3687400.0
2009-02-05,5.05,5.14,4.82,5.02,,4968500.0
2009-02-06,4.95,5.27,4.94,5.23,,4496200.0
2009-02-09,5.27,5.27,5.0,5.04,,4377700.0
2009-02-10,5.04,5.12,4.82,4.91,,8339300.0
2009-02-11,4.88,4.97,4.73,4.82,,5026900.0
2009-02-12,4.65,4.84,4.57,4.82,,7101500.0
2009-02-13,4.79,4.88,4.68,4.72,,4212500.0
2009-02-17,4.59,4.59,4.27,4.38,,7875100.0
2009-02-18,4.42,4.46,4.24,4.32,,6179500.0
2009-02-19,4.38,4.56,4.31,4.45,,5488900.0
2009-02-20,4.36,4.39,3.99,4.09,,8250000.0
2009-02-23,4.18,4.23,3.86,3.89,,11160600.0
2009-02-24,3.93,4.18,3.86,4.16,,4994600.0
2009-02-25,3.92,4.07,3.85,3.96,,8849200.0
2009-02-26,4.02,4.25,3.97,4.24,,9195700.0
2009-02-27,4.15,4.15,3.66,3.84,,14217300.0
2009-03-02,3.74,3.82,3.38,3.41,,10172200.0
2009-03-03,3.48,3.66,3.23,3.24,,10663200.0
2009-03-04,3.26,3.46,3.26,3.37,,5914300.0
2009-03-05,3.28,3.3,2.93,3.05,,9046900.0
2009-03-06,3.04,3.24,2.98,3.12,,12716200.0
2009-03-09,3.13,3.24,2.96,2.99,,4887300.0
2009-03-10,3.02,3.27,2.99,3.24,,8490400.0
2009-03-11,3.31,3.45,3.26,3.41,,7976100.0
2009-03-12,3.39,3.73,3.32,3.69,,9973200.0
2009-03-13,3.72,3.88,3.7,3.74,,9870600.0
2009-03-16,3.79,4.12,3.79,4.01,,7449900.0
2009-03-17,4.02,4.02,3.84,3.91,,7025200.0
2009-03-18,3.88,4.17,3.81,4.14,,6555100.0
2009-03-19,4.17,4.27,4.01,4.02,,8610900.0
2009-03-20,4.05,4.12,3.84,3.91,,7467800.0
2009-03-23,4.09,4.16,3.99,4.14,,6179400.0
2009-03-24,4.08,4.11,3.89,3.96,,5432400.0
2009-03-25,4.07,4.07,3.67,3.74,,7357300.0
2009-03-26,3.88,3.88,3.7,3.81,,12154400.0
2009-03-27,3.76,3.81,3.66,3.76,,9192400.0
2009-03-30,3.74,3.74,3.4,3.45,,9141300.0
2009-03-31,3.51,3.66,3.48,3.54,,8344400.0
2009-04-01,3.49,3.65,3.43,3.61,,5442400.0
2009-04-02,3.73,3.86,3.63,3.82,,12624600.0
2009-04-03,3.81,3.84,3.71,3.82,,7462500.0
2009-04-06,3.77,3.89,3.73,3.83,,6633000.0
2009-04-07,3.76,3.82,3.66,3.73,,6320100.0
2009-04-08,3.76,3.96,3.69,3.93,,9214000.0
2009-04-09,4.57,4.73,4.45,4.64,,10260600.0
2009-04-13,4.62,4.62,4.42,4.47,,6918900.0
2009-04-14,4.44,4.59,4.4,4.47,,7792600.0
2009-04-15,4.45,4.58,4.44,4.49,,5095000.0
2009-04-16,4.55,4.7,4.47,4.63,,9097400.0
2009-04-17,4.66,4.78,4.6,4.77,,8443300.0
2009-04-20,4.68,4.73,4.47,4.5,,11349600.0
2009-04-21,4.56,4.77,4.56,4.7,,8861500.0
2009-04-22,4.63,4.69,4.57,4.6,,7911200.0
2009-04-23,4.57,4.68,4.57,4.59,,7213800.0
2009-04-24,4.66,4.79,4.6,4.75,,6566600.0
2009-04-27,4.66,4.75,4.47,4.49,,8696800.0
2009-04-28,4.47,4.6,4.34,4.51,,8040500.0
2009-04-29,4.55,4.66,4.51,4.64,,7842200.0
2009-04-30,4.71,4.98,4.66,4.85,,15795200.0
2009-05-01,4.86,5.32,4.81,5.3,,10006800.0
2009-05-04,5.27,5.65,5.27,5.56,,15039400.0
2009-05-05,5.5,5.65,5.49,5.64,,6910400.0
2009-05-06,5.69,5.83,5.61,5.64,,6554400.0
2009-05-07,5.71,5.86,5.52,5.58,,8234700.0
2009-05-08,5.75,6.67,5.67,6.6,,19658900.0
2009-05-11,6.5,6.52,6.18,6.19,,9216300.0
2009-05-12,6.2,6.24,6.02,6.17,,5116700.0
2009-05-13,6.06,6.11,5.72,5.74,,7030600.0
2009-05-14,5.74,6.31,5.73,6.28,,11755100.0
2009-05-15,6.2,6.29,5.78,5.86,,8035700.0
2009-05-18,5.95,6.22,5.94,6.19,,9292700.0
2009-05-19,6.25,6.6,6.18,6.55,,9497300.0
2009-05-20,6.49,6.69,6.04,6.08,,13249500.0
2009-05-21,5.99,6.15,5.86,5.95,,5851100.0
2009-05-22,5.89,6.1,5.84,5.91,,6998100.0
2009-05-26,5.95,6.19,5.85,6.17,,7677400.0
2009-05-27,6.18,6.34,6.06,6.08,,13844400.0
2009-05-28,6.17,6.58,6.11,6.52,,10365100.0
2009-05-29,6.56,6.87,6.42,6.85,,11786800.0
2009-06-01,6.99,7.37,6.97,7.33,,11332200.0
2009-06-02,7.31,7.36,7.17,7.22,,7394400.0
2009-06-03,7.13,7.19,6.79,6.88,,7340700.0
2009-06-04,6.94,7.24,6.9,7.15,,8523700.0
2009-06-05,7.34,7.35,7.04,7.07,,7095100.0
2009-06-08,7.09,7.09,6.93,7.02,,5302400.0
2009-06-09,7.06,7.15,6.81,6.91,,6728900.0
2009-06-10,6.98,7.08,6.79,6.94,,6925000.0
2009-06-11,6.98,7.35,6.97,7.15,,7226000.0
2009-06-12,7.11,7.4,7.0,7.33,,7467700.0
2009-06-15,7.31,7.31,6.78,6.91,,7724700.0
2009-06-16,6.95,7.11,6.76,6.85,,5757400.0
2009-06-17,6.84,6.89,6.61,6.65,,6401800.0
2009-06-18,6.64,6.81,6.55,6.59,,7570200.0
2009-06-19,6.65,6.89,6.65,6.69,,6831800.0
2009-06-22,6.58,6.65,6.19,6.28,,8381500.0
2009-06-23,6.27,6.63,6.27,6.61,,9504500.0
2009-06-24,6.95,7.3,6.93,7.26,,20811300.0
2009-06-25,7.23,7.65,7.11,7.63,,13536000.0
2009-06-26,7.57,7.59,7.28,7.46,,9040900.0
2009-06-29,7.51,7.87,7.41,7.86,,9186500.0
2009-06-30,7.85,7.98,7.53,7.96,,13424900.0
2009-07-01,8.0,8.15,8.0,8.07,,10775700.0
2009-07-02,7.96,8.0,7.74,7.85,,10417200.0
2009-07-06,7.69,7.79,7.5,7.63,,11746300.0
2009-07-07,7.63,7.75,7.45,7.48,,11618100.0
2009-07-08,7.51,7.72,7.32,7.55,,13049700.0
2009-07-09,7.59,7.75,7.41,7.65,,5294700.0
2009-07-10,7.57,7.69,7.44,7.67,,5462700.0
2009-07-13,7.68,7.88,7.46,7.86,,6540800.0
2009-07-14,7.86,8.04,7.75,7.95,,9162600.0
2009-07-15,8.02,8.33,7.98,8.31,,9448800.0
2009-07-16,8.24,8.34,8.02,8.29,,5473000.0
2009-07-17,8.27,8.37,8.1,8.18,,4734400.0
2009-07-20,8.28,8.47,8.22,8.44,,7823200.0
2009-07-21,8.52,8.57,8.27,8.4,,8858200.0
2009-07-22,8.33,8.42,8.22,8.26,,6672000.0
2009-07-23,8.21,8.66,8.15,8.58,,7936900.0
2009-07-24,8.58,9.08,8.52,8.96,,9957100.0
2009-07-27,8.75,8.94,8.61,8.9,,7313400.0
2009-07-28,8.81,8.92,8.44,8.55,,6727300.0
2009-07-29,8.5,8.55,8.27,8.37,,5502400.0
2009-07-30,8.48,8.89,8.48,8.81,,5916100.0
2009-07-31,8.75,8.88,8.68,8.77,,4436900.0
2009-08-03,8.94,9.07,8.79,9.05,,6366600.0
2009-08-04,9.0,9.18,8.92,9.01,,6852400.0
2009-08-05,9.04,9.11,8.87,8.98,,4287600.0
2009-08-06,8.96,9.08,8.81,9.01,,6504600.0
2009-08-07,9.58,9.73,9.21,9.52,,11750400.0
2009-08-10,9.4,9.67,9.27,9.59,,11061600.0
2009-08-11,9.49,9.54,9.2,9.21,,7822600.0
2009-08-12,9.15,9.61,9.15,9.52,,6899900.0
2009-08-13,9.59,9.64,9.38,9.55,,6979800.0
2009-08-14,9.52,9.62,9.32,9.46,,4288700.0
2009-08-17,9.21,9.26,9.09,9.2,,6332000.0
2009-08-18,9.24,9.42,9.16,9.4,,4699300.0
2009-08-19,9.31,9.46,9.22,9.41,,7368900.0
2009-08-20,9.43,9.58,9.4,9.55,,3993200.0
2009-08-21,9.63,9.82,9.54,9.78,,5535100.0
2009-08-24,9.84,9.98,9.79,9.89,,7951300.0
2009-08-25,9.92,10.03,9.6,9.61,,6946900.0
2009-08-26,9.6,9.79,9.44,9.76,,7074900.0
2009-08-27,9.75,9.81,9.45,9.54,,5293800.0
2009-08-28,9.62,9.64,9.4,9.55,,5537600.0
2009-08-31,9.48,9.51,9.31,9.38,,4466900.0
2009-09-01,9.36,9.57,9.08,9.09,,6257400.0
2009-09-02,9.01,9.12,8.77,9.05,,7777200.0
2009-09-03,9.12,9.15,8.96,9.11,,3990000.0
2009-09-04,9.13,9.26,9.07,9.26,,3802000.0
2009-09-08,9.36,9.51,9.27,9.46,,4946400.0
2009-09-09,9.49,9.67,9.37,9.67,,4936400.0
2009-09-10,9.64,9.72,9.47,9.7,,4134200.0
2009-09-11,9.68,9.77,9.57,9.71,,4191800.0
2009-09-14,9.81,10.21,9.73,10.14,,11398600.0
2009-09-15,10.21,10.22,9.94,10.1,,7069500.0
2009-09-16,10.12,10.36,9.98,10.28,,8106600.0
2009-09-17,10.3,10.35,9.82,9.84,,5895300.0
2009-09-18,9.94,10.06,9.71,9.87,,6844700.0
2009-09-21,9.86,10.06,9.57,10.03,,8243800.0
2009-09-22,10.1,10.42,10.0,10.41,,9489200.0
2009-09-23,10.34,10.52,10.22,10.23,,7580600.0
2009-09-24,10.25,10.36,9.9,10.01,,6930300.0
2009-09-25,9.95,10.01,9.77,9.82,,4574100.0
2009-09-28,9.84,10.29,9.84,10.22,,3734400.0
2009-09-29,10.27,10.51,10.19,10.45,,6611900.0
2009-09-30,10.54,10.54,10.06,10.16,,8354800.0
2009-10-01,10.13,10.17,9.49,9.49,,8785300.0
2009-10-02,9.39,9.56,9.2,9.45,,6396300.0
2009-10-05,9.51,10.09,9.47,10.08,,7169000.0
2009-10-06,10.2,10.25,9.95,10.14,,7383400.0
2009-10-07,10.12,10.21,10.01,10.17,,5640700.0
2009-10-08,10.21,10.29,10.1,10.17,,6799600.0
2009-10-09,10.17,10.27,10.14,10.16,,4118600.0
2009-10-12,10.19,10.27,10.12,10.19,,3292200.0
2009-10-13,10.2,10.21,10.01,10.14,,3963500.0
2009-10-14,10.22,10.31,10.08,10.29,,5683000.0
2009-10-15,10.3,10.32,10.1,10.27,,4403700.0
2009-10-16,10.15,10.25,9.96,10.14,,6021500.0
2009-10-19,10.19,10.42,10.05,10.4,,4193600.0
2009-10-20,10.38,10.43,10.17,10.17,,6375200.0
2009-10-21,10.22,10.59,10.14,10.36,,5471000.0
2009-10-22,10.38,10.4,10.12,10.26,,5905900.0
2009-10-23,10.29,10.3,9.69,9.75,,6748100.0
2009-10-26,9.85,10.04,9.44,9.49,,6555300.0
2009-10-27,9.47,9.59,9.18,9.42,,9310200.0
2009-10-28,9.4,9.41,8.77,8.79,,11483400.0
2009-10-29,8.9,9.29,8.88,9.29,,8741700.0
2009-10-30,9.25,9.31,8.88,8.96,,11762300.0
2009-11-02,8.96,9.33,8.88,9.06,,7753400.0
2009-11-03,9.01,9.18,8.99,9.13,,5404200.0
2009-11-04,9.2,9.45,9.08,9.12,,6964400.0
2009-11-05,9.21,9.51,9.21,9.51,,4279300.0
2009-11-06,9.42,9.92,9.35,9.62,,12662300.0
2009-11-09,9.59,9.68,9.34,9.55,,18973300.0
2009-11-10,9.46,9.58,9.4,9.47,,13062600.0
2009-11-11,9.58,9.59,9.26,9.32,,14172600.0
2009-11-12,9.26,9.37,8.94,8.96,,9127400.0
2009-11-13,8.96,9.25,8.96,9.18,,6412400.0
2009-11-16,9.3,9.44,9.18,9.37,,6124800.0
2009-11-17,9.35,9.36,9.06,9.12,,5920500.0
2009-11-18,9.09,9.24,9.07,9.12,,4713800.0
2009-11-19,9.07,9.08,8.77,8.81,,8682900.0
2009-11-20,8.77,8.81,8.61,8.68,,10599200.0
2009-11-23,8.81,8.86,8.73,8.81,,8673400.0
2009-11-24,8.79,8.85,8.64,8.68,,6118800.0
2009-11-25,8.7,9.07,8.65,9.05,,6108200.0
2009-11-27,8.69,8.91,8.61,8.77,,3822300.0
2009-11-30,8.79,8.85,8.66,8.74,,6611200.0
2009-12-01,8.8,9.04,8.8,9.01,,6708000.0
2009-12-02,9.03,9.16,8.91,8.96,,6082100.0
2009-12-03,8.96,9.05,8.86,8.92,,4674000.0
2009-12-04,9.06,9.18,8.89,9.16,,12726400.0
2009-12-07,9.18,9.25,9.09,9.12,,4851800.0
2009-12-08,9.03,9.05,8.79,8.83,,5298300.0
2009-12-09,8.85,8.88,8.61,8.73,,5799600.0
2009-12-10,8.63,8.81,8.57,8.74,,7470000.0
2009-12-11,8.72,8.97,8.64,8.97,,5113000.0
2009-12-14,9.07,9.25,8.96,9.23,,5635200.0
2009-12-15,9.14,9.48,9.07,9.38,,10625200.0
2009-12-16,9.46,9.63,9.33,9.6,,7268100.0
2009-12-17,9.48,9.6,9.32,9.44,,5412400.0
2009-12-18,9.53,9.69,9.42,9.44,,6330500.0
2009-12-21,9.48,9.6,9.44,9.49,,3496500.0
2009-12-22,9.51,9.55,9.29,9.37,,4473800.0
2009-12-23,9.4,9.55,9.34,9.53,,3908900.0
2009-12-24,9.52,9.59,9.47,9.53,,1523900.0
2009-12-28,9.53,9.58,9.47,9.56,,2762300.0
2009-12-29,9.55,9.57,9.38,9.38,,3744600.0
2009-12-30,9.37,9.38,9.26,9.38,,2500000.0
2009-12-31,9.37,9.41,9.13,9.13,,3479800.0
2010-01-04,9.18,9.4,9.18,9.38,,4597600.0
2010-01-05,9.38,9.49,9.26,9.28,,5093200.0
2010-01-06,9.23,9.42,9.18,9.18,,7507300.0
2010-01-07,9.17,9.31,9.02,9.19,,16843500.0
2010-01-08,9.18,9.48,9.16,9.45,,5647500.0
2010-01-11,9.44,9.61,9.44,9.51,,8616600.0
2010-01-12,9.47,9.51,9.38,9.4,,5703200.0
2010-01-13,9.42,9.7,9.4,9.66,,5488500.0
2010-01-14,9.62,9.77,9.6,9.66,,4320900.0
2010-01-15,9.62,9.75,9.47,9.63,,5588400.0
2010-01-19,9.62,9.75,9.51,9.69,,4699300.0
2010-01-20,9.6,9.6,9.3,9.4,,6220700.0
2010-01-21,9.42,9.53,9.11,9.17,,6068000.0
2010-01-22,9.18,9.24,8.92,8.93,,6531300.0
2010-01-25,9.05,9.25,8.97,9.2,,6202100.0
2010-01-26,9.13,9.13,8.93,8.96,,4829400.0
2010-01-27,8.96,8.97,8.57,8.83,,11971700.0
2010-01-28,8.84,8.91,8.55,8.7,,8794600.0
2010-01-29,8.77,8.8,8.6,8.66,,13698800.0
2010-02-01,8.68,8.85,8.56,8.84,,5797700.0
2010-02-02,8.83,9.02,8.75,9.0,,4175300.0
2010-02-03,8.91,9.04,8.81,8.85,,3366700.0
2010-02-04,8.76,8.8,8.11,8.12,,16486600.0
2010-02-05,8.11,8.2,7.86,8.05,,9749800.0
2010-02-08,8.09,8.22,8.0,8.06,,5248400.0
2010-02-09,8.19,8.46,8.16,8.32,,9419700.0
2010-02-10,8.33,8.33,8.09,8.19,,8151700.0
2010-02-11,8.16,8.22,8.05,8.2,,8128500.0
2010-02-12,8.09,8.09,7.97,8.07,,10828700.0
2010-02-16,8.17,8.19,8.02,8.13,,18712000.0
2010-02-17,8.18,8.26,8.08,8.25,,11136400.0
2010-02-18,8.22,8.31,8.19,8.25,,7280800.0
2010-02-19,8.2,8.35,8.13,8.35,,6705500.0
2010-02-22,8.43,8.43,8.19,8.23,,4871600.0
2010-02-23,8.2,8.25,8.06,8.07,,5440300.0
2010-02-24,8.11,8.13,7.96,8.09,,6354300.0
2010-02-25,7.97,8.07,7.89,8.02,,6364800.0
2010-02-26,8.07,8.2,7.92,8.02,,7000100.0
2010-03-01,8.05,8.05,7.6,7.66,,16674600.0
2010-03-02,7.67,7.98,7.67,7.71,,13684800.0
2010-03-03,7.83,7.98,7.74,7.9,,8599500.0
2010-03-04,7.9,7.92,7.72,7.76,,6509100.0
2010-03-05,7.82,7.99,7.79,7.94,,6780000.0
2010-03-08,7.95,8.02,7.86,7.88,,8339500.0
2010-03-09,7.83,7.87,7.77,7.82,,7163700.0
2010-03-10,7.85,7.85,7.65,7.72,,12657900.0
2010-03-11,7.71,7.98,7.71,7.96,,9167800.0
2010-03-12,8.02,8.03,7.92,8.0,,5814100.0
2010-03-15,8.0,8.0,7.84,7.94,,8602400.0
2010-03-16,8.09,8.15,7.96,8.15,,5306200.0
2010-03-17,8.19,8.23,8.03,8.07,,8994000.0
2010-03-18,8.06,8.11,7.89,7.93,,5940400.0
2010-03-19,7.99,8.1,7.82,7.86,,9708900.0
2010-03-22,7.83,7.83,7.67,7.73,,13088000.0
2010-03-23,7.72,7.79,7.62,7.7,,8879000.0
2010-03-24,7.66,7.69,7.55,7.56,,11099100.0
2010-03-25,7.57,7.65,7.36,7.38,,15058400.0
2010-03-26,7.46,7.52,7.39,7.45,,8682500.0
2010-03-29,7.48,7.72,7.48,7.71,,8027400.0
2010-03-30,7.7,7.7,7.54,7.59,,6992400.0
2010-03-31,7.52,7.63,7.43,7.54,,9039400.0
2010-04-01,7.59,7.79,7.59,7.75,,7927400.0
2010-04-05,7.8,7.98,7.73,7.96,,11366000.0
2010-04-06,7.91,8.13,7.87,8.1,,8670800.0
2010-04-07,8.08,8.11,7.79,7.82,,7835700.0
2010-04-08,7.77,7.81,7.7,7.74,,7767700.0
2010-04-09,7.76,7.81,7.68,7.74,,7910400.0
2010-04-12,7.79,7.86,7.72,7.74,,5488400.0
2010-04-13,7.74,7.75,7.61,7.72,,6883700.0
2010-04-14,7.75,8.01,7.72,7.98,,9120200.0
2010-04-15,7.98,8.18,7.93,8.07,,7787900.0
2010-04-16,8.06,8.11,7.86,7.93,,19693700.0
2010-04-19,7.87,7.98,7.87,7.93,,8793500.0
2010-04-20,7.96,8.2,7.96,8.19,,8423300.0
2010-04-21,8.16,8.42,8.16,8.42,,9541200.0
2010-04-22,8.35,8.5,8.19,8.46,,10427500.0
2010-04-23,8.48,8.55,8.36,8.48,,8605300.0
2010-04-26,8.49,8.49,8.31,8.33,,11074900.0
2010-04-27,8.31,8.31,7.98,7.99,,14631900.0
2010-04-28,8.07,8.18,7.92,8.01,,7572500.0
2010-04-29,8.05,8.17,7.98,8.02,,5705600.0
2010-04-30,8.09,8.16,7.92,7.92,,6231400.0
2010-05-03,7.98,8.3,7.91,8.27,,9668400.0
2010-05-04,8.12,8.15,7.91,7.96,,9795900.0
2010-05-05,7.76,7.9,7.58,7.61,,9716700.0
2010-05-06,7.56,7.63,6.85,7.35,,15479200.0
2010-05-07,7.24,7.29,6.68,6.78,,21615000.0
2010-05-10,7.19,7.67,7.16,7.3,,12474900.0
2010-05-11,7.24,7.54,7.12,7.4,,10012500.0
2010-05-12,7.52,7.63,7.47,7.62,,8417500.0
2010-05-13,7.58,7.63,7.44,7.48,,4872900.0
2010-05-14,7.48,7.48,7.22,7.31,,6201700.0
2010-05-17,7.33,7.37,6.96,7.11,,11305100.0
2010-05-18,7.13,7.16,6.79,6.86,,11212900.0
2010-05-19,6.8,6.88,6.63,6.74,,11239000.0
2010-05-20,6.5,6.54,6.3,6.32,,15322700.0
2010-05-21,6.22,6.61,6.18,6.6,,16178900.0
2010-05-24,6.57,6.6,6.39,6.41,,7644000.0
2010-05-25,6.23,6.61,6.13,6.61,,12754200.0
2010-05-26,6.72,6.91,6.67,6.8,,14321800.0
2010-05-27,6.91,7.04,6.56,7.02,,7576300.0
2010-05-28,7.03,7.19,6.98,7.04,,6248800.0
2010-06-01,6.91,6.94,6.49,6.5,,13109100.0
2010-06-02,6.6,6.76,6.52,6.76,,10818700.0
2010-06-03,6.74,6.89,6.64,6.85,,8443400.0
2010-06-04,6.65,6.86,6.55,6.58,,9550900.0
2010-06-07,6.59,6.8,6.58,6.59,,8153400.0
2010-06-08,6.62,6.71,6.49,6.65,,7460400.0
2010-06-09,6.71,6.95,6.69,6.72,,9222400.0
2010-06-10,6.89,7.16,6.89,7.11,,10847200.0
2010-06-11,7.0,7.14,7.0,7.12,,6375900.0
2010-06-14,7.19,7.3,7.11,7.12,,6985600.0
2010-06-15,7.21,7.39,7.15,7.37,,6026200.0
2010-06-16,7.23,7.37,7.19,7.3,,5949800.0
2010-06-17,7.38,7.38,7.12,7.27,,6574600.0
2010-06-18,7.25,7.28,7.17,7.21,,9506500.0
2010-06-21,7.32,7.42,7.15,7.23,,6078400.0
2010-06-22,7.24,7.26,6.95,6.98,,7157500.0
2010-06-23,6.98,7.0,6.8,6.87,,5447400.0
2010-06-24,6.85,6.9,6.63,6.64,,9017100.0
2010-06-25,6.69,6.84,6.62,6.76,,16158400.0
2010-06-28,6.84,6.84,6.67,6.7,,4400100.0
2010-06-29,6.61,6.63,6.32,6.34,,8416200.0
2010-06-30,6.34,6.51,6.28,6.34,,9740700.0
2010-07-01,6.31,6.33,6.17,6.23,,8170600.0
2010-07-02,6.29,6.41,6.2,6.26,,4869900.0
2010-07-06,6.35,6.44,6.05,6.1,,8637100.0
2010-07-07,6.17,6.8,6.14,6.76,,17659400.0
2010-07-08,6.9,6.9,6.62,6.71,,8103800.0
2010-07-09,6.63,7.04,6.63,7.02,,12917700.0
2010-07-12,6.98,7.05,6.91,7.03,,6444500.0
2010-07-13,7.14,7.17,6.97,7.02,,4839100.0
2010-07-14,6.97,7.13,6.93,7.0,,5886900.0
2010-07-15,6.98,7.02,6.86,7.0,,5184700.0
2010-07-16,6.93,6.95,6.8,6.85,,7567800.0
2010-07-19,6.91,6.95,6.84,6.91,,3161100.0
2010-07-20,6.79,7.06,6.78,7.03,,4050500.0
2010-07-21,7.05,7.09,6.83,6.88,,4990300.0
2010-07-22,6.97,7.15,6.93,7.13,,5488100.0
2010-07-23,7.13,7.19,7.04,7.17,,5933900.0
2010-07-26,7.15,7.2,7.11,7.18,,4165100.0
2010-07-27,7.23,7.35,7.15,7.35,,6921900.0
2010-07-28,7.29,7.33,7.19,7.24,,3270600.0
2010-07-29,7.31,7.33,7.04,7.09,,4291500.0
2010-07-30,7.01,7.11,6.94,7.07,,4133400.0
2010-08-02,7.17,7.4,7.17,7.38,,5462900.0
2010-08-03,7.33,7.37,7.15,7.17,,5012400.0
2010-08-04,7.16,7.27,7.09,7.23,,3318000.0
2010-08-05,7.17,7.37,7.15,7.32,,4052200.0
2010-08-06,7.24,7.35,6.88,7.3,,7938200.0
2010-08-09,7.34,7.64,7.31,7.59,,9045600.0
2010-08-10,7.5,7.82,7.48,7.65,,9361500.0
2010-08-11,7.52,7.55,7.27,7.28,,5679800.0
2010-08-12,7.19,7.37,7.06,7.26,,4506800.0
2010-08-13,7.22,7.51,7.21,7.28,,4378100.0
2010-08-16,7.23,7.39,7.09,7.31,,4505900.0
2010-08-17,7.39,7.57,7.29,7.5,,4741200.0
2010-08-18,7.48,7.58,7.42,7.48,,4265800.0
2010-08-19,7.44,7.44,7.24,7.26,,4523900.0
2010-08-20,7.2,7.23,7.11,7.13,,5073600.0
2010-08-23,7.18,7.29,7.15,7.17,,3269500.0
2010-08-24,7.07,7.17,7.0,7.04,,6723400.0
2010-08-25,7.04,7.2,6.95,7.15,,7568200.0
2010-08-26,7.22,7.28,7.1,7.13,,7604100.0
2010-08-27,7.21,7.29,7.06,7.27,,4382500.0
2010-08-30,7.25,7.29,7.13,7.13,,2539900.0
2010-08-31,7.1,7.19,7.0,7.02,,6239500.0
2010-09-01,7.11,7.33,7.06,7.31,,5449500.0
2010-09-02,7.34,7.5,7.24,7.5,,3722600.0
2010-09-03,7.51,7.65,7.48,7.64,,3586800.0
2010-09-07,7.56,7.58,7.44,7.54,,2900000.0
2010-09-08,7.59,7.71,7.52,7.56,,3858400.0
2010-09-09,7.65,7.68,7.52,7.62,,2883500.0
2010-09-10,7.6,7.63,7.54,7.58,,2354400.0
2010-09-13,7.66,7.69,7.59,7.65,,4350400.0
2010-09-14,7.61,7.74,7.56,7.68,,3480600.0
2010-09-15,7.65,7.65,7.46,7.53,,4611000.0
2010-09-16,7.46,7.52,7.39,7.48,,1989300.0
2010-09-17,7.55,7.57,7.39,7.46,,4327700.0
2010-09-20,7.46,7.83,7.46,7.81,,5320900.0
2010-09-21,7.79,7.92,7.69,7.81,,6998200.0
2010-09-22,7.76,7.85,7.64,7.72,,4167900.0
2010-09-23,7.63,7.66,7.56,7.61,,3272600.0
2010-09-24,7.71,7.79,7.65,7.78,,3086000.0
2010-09-27,7.78,7.89,7.77,7.81,,4021700.0
2010-09-28,7.85,7.89,7.72,7.87,,5047100.0
2010-09-29,7.8,7.89,7.69,7.81,,5841500.0
2010-09-30,7.87,7.94,7.69,7.78,,4932400.0
2010-10-01,7.85,7.94,7.8,7.92,,3966600.0
2010-10-04,7.89,7.96,7.75,7.8,,2770400.0
2010-10-05,7.92,8.05,7.89,8.01,,3050800.0
2010-10-06,7.98,8.07,7.94,8.06,,3722600.0
2010-10-07,8.09,8.11,8.02,8.09,,3926000.0
2010-10-08,8.12,8.26,8.07,8.21,,3579700.0
2010-10-11,8.26,8.51,8.23,8.38,,6411600.0
2010-10-12,8.4,8.46,8.31,8.44,,5162100.0
2010-10-13,8.49,8.6,8.44,8.59,,5852100.0
2010-10-14,8.57,8.6,8.4,8.42,,5117400.0
2010-10-15,8.54,8.57,8.37,8.45,,4647200.0
2010-10-18,8.46,8.59,8.42,8.55,,4602800.0
2010-10-19,8.4,8.49,8.3,8.35,,5499400.0
2010-10-20,8.37,8.48,8.35,8.4,,5910500.0
2010-10-21,8.44,8.51,8.26,8.35,,6679500.0
2010-10-22,8.37,8.48,8.35,8.44,,3706800.0
2010-10-25,8.55,8.57,8.4,8.45,,4112800.0
2010-10-26,8.4,8.4,8.26,8.31,,4616500.0
2010-10-27,8.2,8.22,8.0,8.14,,5976600.0
2010-10-28,8.22,8.29,8.16,8.2,,2816200.0
2010-10-29,8.19,8.31,8.16,8.19,,4196000.0
2010-11-01,8.27,8.33,8.05,8.11,,4552300.0
2010-11-02,8.23,8.24,8.16,8.2,,4873500.0
2010-11-03,8.2,8.25,8.02,8.16,,3646500.0
2010-11-04,8.2,8.31,8.14,8.2,,7175900.0
2010-11-05,8.18,8.21,8.03,8.07,,4493200.0
2010-11-08,8.06,8.09,7.96,8.07,,6024900.0
2010-11-09,8.07,8.14,7.97,8.01,,6237000.0
2010-11-10,7.98,8.03,7.89,8.02,,4841600.0
2010-11-11,7.95,8.05,7.9,8.02,,3801500.0
2010-11-12,7.98,8.0,7.83,7.86,,4713300.0
2010-11-15,7.9,8.02,7.9,7.93,,5054400.0
2010-11-16,7.89,7.92,7.7,7.87,,8100200.0
2010-11-17,7.83,7.98,7.78,7.89,,5744800.0
2010-11-18,7.96,7.98,7.86,7.87,,6577500.0
2010-11-19,7.85,7.86,7.68,7.72,,6759900.0
2010-11-22,7.69,7.77,7.55,7.73,,5404300.0
2010-11-23,7.62,7.64,7.46,7.47,,6218300.0
2010-11-24,7.5,7.59,7.4,7.48,,8759500.0
2010-11-26,7.44,7.61,7.41,7.5,,3612200.0
2010-11-29,7.43,7.48,7.34,7.45,,5658400.0
2010-11-30,7.35,7.44,7.34,7.41,,5082400.0
2010-12-01,7.51,7.54,7.46,7.49,,5010400.0
2010-12-02,7.51,7.75,7.48,7.73,,9026500.0
2010-12-03,7.65,7.84,7.65,7.82,,6374600.0
2010-12-06,7.79,7.94,7.74,7.88,,6901900.0
2010-12-07,7.97,8.02,7.82,7.84,,6437900.0
2010-12-08,7.86,7.92,7.73,7.78,,2912800.0
2010-12-09,7.85,7.9,7.77,7.78,,3719800.0
2010-12-10,7.78,7.85,7.76,7.81,,2152000.0
2010-12-13,7.86,7.86,7.78,7.81,,2364400.0
2010-12-14,7.82,7.86,7.71,7.76,,3297800.0
2010-12-15,7.72,7.81,7.65,7.68,,3390200.0
2010-12-16,7.68,7.76,7.61,7.76,,2722200.0
2010-12-17,7.76,7.87,7.74,7.85,,8934800.0
2010-12-20,7.91,8.07,7.9,8.07,,5309100.0
2010-12-21,8.07,8.42,8.06,8.31,,13015300.0
2010-12-22,8.29,8.54,8.26,8.48,,8952400.0
2010-12-23,8.47,8.51,8.39,8.39,,8260700.0
2010-12-27,8.33,8.37,8.3,8.35,,2415500.0
2010-12-28,8.35,8.37,8.26,8.29,,2481000.0
2010-12-29,8.31,8.35,8.29,8.33,,1818000.0
2010-12-30,8.31,8.42,8.3,8.37,,2636800.0
2010-12-31,8.34,8.42,8.33,8.35,,2171400.0
2011-01-03,8.46,8.7,8.39,8.6,,10313500.0
2011-01-04,8.59,8.64,8.5,8.64,,5636100.0
2011-01-05,8.58,8.81,8.55,8.76,,9064600.0
2011-01-06,8.74,8.92,8.66,8.91,,13255400.0
2011-01-07,8.91,9.03,8.78,8.91,,10993300.0
2011-01-10,8.85,8.92,8.79,8.9,,4636800.0
2011-01-11,8.94,9.09,8.87,9.01,,8020900.0
2011-01-12,9.07,9.1,8.82,8.88,,8323300.0
2011-01-13,8.88,8.97,8.81,8.87,,2484800.0
2011-01-14,8.85,8.98,8.83,8.91,,3217600.0
2011-01-18,8.88,8.99,8.85,8.88,,3881200.0
2011-01-19,8.85,8.92,8.63,8.75,,4876200.0
2011-01-20,8.75,8.95,8.72,8.86,,6327200.0
2011-01-21,8.99,8.99,8.79,8.82,,4633500.0
2011-01-24,8.86,8.9,8.8,8.88,,8125000.0
2011-01-25,8.85,8.9,8.78,8.8,,4946200.0
2011-01-26,8.75,8.82,8.64,8.66,,6345800.0
2011-01-27,8.64,8.82,8.61,8.68,,6544200.0
2011-01-28,8.68,8.75,8.46,8.48,,6497200.0
2011-01-31,8.53,8.59,8.36,8.51,,7283800.0
2011-02-01,8.57,8.77,8.5,8.68,,7967900.0
2011-02-02,8.61,8.72,8.53,8.61,,3680300.0
2011-02-03,8.57,8.62,8.44,8.61,,5999000.0
2011-02-04,8.61,8.62,8.43,8.52,,3997700.0
2011-02-07,8.53,8.62,8.48,8.61,,2638400.0
2011-02-08,8.61,8.65,8.55,8.58,,4221300.0
2011-02-09,8.46,8.53,8.41,8.47,,3333500.0
2011-02-10,8.42,8.64,8.42,8.57,,5538700.0
2011-02-11,8.49,8.57,8.36,8.54,,5104900.0
2011-02-14,8.55,8.63,8.55,8.6,,4059700.0
2011-02-15,8.58,8.62,8.53,8.59,,3080000.0
2011-02-16,8.62,8.62,8.45,8.59,,3751800.0
2011-02-17,8.55,8.83,8.55,8.81,,4178400.0
2011-02-18,8.82,8.86,8.77,8.83,,3105600.0
2011-02-22,8.72,8.72,8.45,8.46,,4990500.0
2011-02-23,8.48,8.53,8.38,8.4,,3983700.0
2011-02-24,8.39,8.42,8.22,8.28,,4778800.0
2011-02-25,8.35,8.5,8.3,8.41,,3832100.0
2011-02-28,8.44,8.64,8.4,8.48,,5660300.0
2011-03-01,8.51,8.92,8.51,8.73,,8236200.0
2011-03-02,8.73,8.85,8.68,8.79,,4584800.0
2011-03-03,8.88,9.01,8.85,8.99,,5489600.0
2011-03-04,9.0,9.05,8.92,8.98,,5255600.0
2011-03-07,9.01,9.05,8.83,8.9,,5035900.0
2011-03-08,8.9,9.09,8.9,9.09,,4902100.0
2011-03-09,9.04,9.19,8.85,9.18,,4423000.0
2011-03-10,9.05,9.12,8.89,8.99,,4494500.0
2011-03-11,9.01,9.08,8.95,8.99,,4166100.0
2011-03-14,8.9,8.9,8.58,8.74,,9703300.0
2011-03-15,8.5,8.68,8.4,8.62,,6114600.0
2011-03-16,8.57,8.6,8.29,8.37,,7782400.0
2011-03-17,8.57,8.76,8.49,8.75,,7367900.0
2011-03-18,8.83,8.9,8.44,8.44,,7875900.0
2011-03-21,8.61,8.72,8.55,8.66,,5351600.0
2011-03-22,8.68,8.72,8.48,8.55,,4235300.0
2011-03-23,8.53,8.59,8.44,8.55,,5071100.0
2011-03-24,8.57,8.72,8.51,8.62,,3445400.0
2011-03-25,8.64,8.74,8.53,8.72,,3968100.0
2011-03-28,8.75,8.83,8.64,8.64,,2907800.0
2011-03-29,8.69,8.81,8.63,8.81,,3122900.0
2011-03-30,8.85,9.02,8.85,8.96,,6080500.0
2011-03-31,8.92,8.96,8.84,8.92,,4404800.0
2011-04-01,8.96,9.02,8.88,8.98,,3579400.0
2011-04-04,9.0,9.07,8.88,8.92,,3723800.0
2011-04-05,8.88,8.94,8.85,8.85,,2656900.0
2011-04-06,8.85,9.14,8.85,9.07,,7073500.0
2011-04-07,9.04,9.08,8.97,9.07,,3534600.0
2011-04-08,9.15,9.26,9.05,9.09,,4917200.0
2011-04-11,9.12,9.12,8.79,8.83,,4191100.0
2011-04-12,8.78,8.81,8.62,8.67,,4088500.0
2011-04-13,8.7,8.8,8.69,8.75,,3374400.0
2011-04-14,8.68,8.81,8.59,8.77,,5279300.0
2011-04-15,8.77,8.81,8.7,8.8,,5609300.0
2011-04-18,8.67,8.69,8.52,8.59,,6708800.0
2011-04-19,8.6,8.68,8.54,8.55,,6531700.0
2011-04-20,8.85,9.1,8.77,8.83,,12797800.0
2011-04-21,8.88,8.97,8.83,8.92,,6972500.0
2011-04-25,8.9,8.9,8.81,8.84,,4439600.0
2011-04-26,8.89,8.91,8.81,8.85,,6600000.0
2011-04-27,8.88,8.96,8.83,8.92,,10399300.0
2011-04-28,8.9,9.07,8.83,9.05,,7102400.0
2011-04-29,9.03,9.16,8.99,9.08,,3818300.0
2011-05-02,9.12,9.2,9.05,9.05,,3965600.0
2011-05-03,9.07,9.18,9.02,9.09,,6524600.0
2011-05-04,9.07,9.07,8.94,8.95,,5214000.0
2011-05-05,8.89,9.08,8.79,8.87,,6907400.0
2011-05-06,8.99,9.07,8.82,8.87,,4805700.0
2011-05-09,8.89,9.05,8.79,9.01,,6166400.0
2011-05-10,9.07,9.08,8.85,8.95,,8304300.0
2011-05-11,8.96,8.99,8.73,8.79,,6003400.0
2011-05-12,8.77,8.81,8.57,8.63,,9300000.0
2011-05-13,8.67,8.71,8.49,8.53,,6763600.0
2011-05-16,8.54,8.63,8.48,8.59,,5710600.0
2011-05-17,8.55,8.59,8.48,8.51,,7324600.0
2011-05-18,8.51,8.74,8.44,8.68,,8981700.0
2011-05-19,8.75,8.87,8.71,8.87,,7940900.0
2011-05-20,8.96,9.03,8.88,8.93,,10225900.0
2011-05-23,8.81,8.83,8.57,8.59,,9611900.0
2011-05-24,8.62,8.66,8.54,8.55,,9694400.0
2011-05-25,8.52,8.79,8.48,8.74,,7258700.0
2011-05-26,8.78,8.82,8.66,8.72,,6207300.0
2011-05-27,8.74,8.79,8.7,8.75,,2037500.0
2011-05-31,8.83,8.9,8.78,8.89,,4451900.0
2011-06-01,8.87,8.92,8.7,8.74,,5983500.0
2011-06-02,8.7,8.72,8.57,8.6,,5789000.0
2011-06-03,8.48,8.59,8.41,8.55,,4669600.0
2011-06-06,8.52,8.55,8.42,8.44,,5743200.0
2011-06-07,8.46,8.54,8.39,8.46,,5616300.0
2011-06-08,8.46,8.55,8.44,8.47,,4061500.0
2011-06-09,8.47,8.53,8.41,8.53,,7414800.0
2011-06-10,8.46,8.51,8.4,8.44,,6762200.0
2011-06-13,8.46,8.55,8.42,8.48,,5038200.0
2011-06-14,8.59,8.59,8.35,8.44,,8532700.0
2011-06-15,8.39,8.44,8.26,8.28,,6695800.0
2011-06-16,8.35,8.46,8.3,8.35,,6401500.0
2011-06-17,8.44,8.51,8.37,8.42,,4804100.0
2011-06-20,8.37,8.51,8.34,8.42,,5362900.0
2011-06-21,8.48,8.59,8.42,8.57,,1201250.0
2011-06-22,8.53,8.59,8.46,8.46,,1408238.0
2011-06-23,8.35,8.39,8.25,8.37,,8830000.0
2011-06-24,8.39,8.43,8.26,8.31,,6366100.0
2011-06-27,8.35,8.38,8.28,8.37,,4527300.0
2011-06-28,8.41,8.63,8.38,8.55,,6109300.0
2011-06-29,8.56,8.7,8.49,8.64,,6783900.0
2011-06-30,8.7,8.75,8.62,8.74,,6323300.0
2011-07-01,8.73,8.9,8.7,8.9,,3636300.0
2011-07-05,8.95,9.03,8.78,8.81,,7324500.0
2011-07-06,8.81,8.92,8.72,8.9,,6736300.0
2011-07-07,8.97,9.05,8.95,9.01,,5681500.0
2011-07-08,8.92,8.96,8.85,8.96,,3833200.0
2011-07-11,8.84,8.84,8.72,8.75,,4083700.0
2011-07-12,8.69,8.8,8.68,8.68,,4860100.0
2011-07-13,8.71,8.81,8.68,8.71,,6542600.0
2011-07-14,8.7,8.78,8.59,8.63,,5960500.0
2011-07-15,8.67,8.69,8.52,8.6,,4461200.0
2011-07-18,8.53,8.55,8.34,8.43,,5956700.0
2011-07-19,8.47,8.61,8.45,8.59,,6231200.0
2011-07-20,8.61,8.69,8.57,8.63,,3693000.0
2011-07-21,8.69,8.78,8.67,8.77,,6608300.0
2011-07-22,8.79,8.79,8.66,8.7,,2330000.0
2011-07-25,8.64,8.88,8.61,8.83,,9087400.0
2011-07-26,8.85,8.85,8.7,8.78,,4852500.0
2011-07-27,8.72,8.81,8.7,8.72,,9696300.0
2011-07-28,8.7,8.73,8.53,8.55,,6857000.0
2011-07-29,8.47,8.61,8.35,8.44,,5647500.0
2011-08-01,8.5,8.53,8.27,8.35,,5516200.0
2011-08-02,8.26,8.32,8.02,8.05,,10841000.0
2011-08-03,8.03,8.09,7.77,8.02,,10343500.0
2011-08-04,7.85,7.89,7.37,7.37,,11527600.0
2011-08-05,7.54,7.65,7.19,7.42,,14234300.0
2011-08-08,7.16,7.19,6.32,6.58,,16622900.0
2011-08-09,6.65,6.82,6.39,6.79,,12565600.0
2011-08-10,6.65,6.8,6.46,6.64,,15179700.0
2011-08-11,6.66,7.24,6.66,7.15,,15999700.0
2011-08-12,7.19,7.39,7.17,7.21,,9171200.0
2011-08-15,7.27,7.57,7.27,7.56,,5832000.0
2011-08-16,7.49,7.56,7.37,7.46,,6208300.0
2011-08-17,7.52,7.7,7.41,7.48,,6814100.0
2011-08-18,7.27,7.3,7.01,7.17,,11701400.0
2011-08-19,7.07,7.2,6.97,6.98,,8231600.0
2011-08-22,7.15,7.28,6.89,6.98,,9074800.0
2011-08-23,7.01,7.18,6.89,7.18,,5797000.0
2011-08-24,7.12,7.33,7.12,7.31,,4596200.0
2011-08-25,7.33,7.38,6.92,7.02,,8183100.0
2011-08-26,6.97,7.18,6.79,7.1,,5355700.0
2011-08-29,7.24,7.46,7.24,7.46,,4429900.0
2011-08-30,7.43,7.47,7.28,7.3,,5946000.0
2011-08-31,7.39,7.5,7.35,7.45,,5256200.0
2011-09-01,7.44,7.49,7.29,7.3,,6646900.0
2011-09-02,7.15,7.2,7.02,7.08,,5475800.0
2011-09-06,6.84,7.24,6.78,7.22,,11678700.0
2011-09-07,7.37,7.53,7.24,7.45,,10993700.0
2011-09-08,7.46,7.53,7.31,7.33,,7097200.0
2011-09-09,7.19,7.26,7.0,7.09,,7673100.0
2011-09-12,7.04,7.14,6.91,7.13,,7209300.0
2011-09-13,7.15,7.21,7.05,7.12,,6985700.0
2011-09-14,7.16,7.35,7.1,7.26,,6553100.0
2011-09-15,7.34,7.47,7.27,7.47,,6818300.0
2011-09-16,7.52,7.65,7.5,7.59,,6120600.0
2011-09-19,7.46,7.53,7.41,7.5,,6312300.0
2011-09-20,7.52,7.59,7.33,7.35,,6521400.0
2011-09-21,7.33,7.44,7.1,7.11,,7751900.0
2011-09-22,6.85,6.87,6.65,6.74,,15174100.0
2011-09-23,6.72,6.95,6.69,6.77,,9893500.0
2011-09-26,6.87,6.93,6.67,6.91,,8120600.0
2011-09-27,7.09,7.16,6.95,6.99,,9308600.0
2011-09-28,7.0,7.07,6.82,6.82,,7917900.0
2011-09-29,6.99,7.05,6.89,7.04,,6978900.0
2011-09-30,6.94,6.94,6.69,6.69,,7583300.0
2011-10-03,6.64,6.76,6.47,6.47,,7379700.0
2011-10-04,6.37,6.47,6.17,6.47,,9700000.0
2011-10-05,6.5,6.71,6.37,6.69,,8246500.0
2011-10-06,6.65,7.01,6.63,6.97,,6571900.0
2011-10-07,7.0,7.01,6.76,6.87,,6427600.0
2011-10-10,7.04,7.19,6.97,7.1,,5359300.0
2011-10-11,7.04,7.17,6.99,7.0,,5218200.0
2011-10-12,7.04,7.26,7.02,7.18,,5510600.0
2011-10-13,7.11,7.17,6.95,7.13,,6205400.0
2011-10-14,7.24,7.3,7.19,7.21,,5118400.0
2011-10-17,7.19,7.22,7.02,7.03,,4963600.0
2011-10-18,7.04,7.42,6.98,7.34,,9919000.0
2011-10-19,7.35,7.52,7.3,7.4,,6712600.0
2011-10-20,7.39,7.45,7.25,7.42,,5589700.0
2011-10-21,7.51,7.68,7.51,7.68,,5589300.0
2011-10-24,7.7,7.81,7.63,7.7,,5623000.0
2011-10-25,7.65,7.65,7.41,7.42,,5223100.0
2011-10-26,7.63,7.72,7.45,7.52,,6523200.0
2011-10-27,7.74,8.02,7.74,7.9,,9985800.0
2011-10-28,7.89,8.02,7.75,7.99,,5400500.0
2011-10-31,7.88,7.89,7.7,7.7,,5034200.0
2011-11-01,7.41,7.69,7.41,7.5,,7131300.0
2011-11-02,7.63,7.83,7.6,7.74,,5817000.0
2011-11-03,7.82,8.0,7.75,7.94,,5835800.0
2011-11-04,8.21,8.31,7.96,8.17,,8018000.0
2011-11-07,8.13,8.2,8.08,8.18,,5436700.0
2011-11-08,8.2,8.33,8.12,8.31,,4959400.0
2011-11-09,8.09,8.09,7.79,7.83,,7521500.0
2011-11-10,7.97,8.0,7.78,7.87,,4755300.0
2011-11-11,8.05,8.08,7.96,8.08,,3523700.0
2011-11-14,7.98,8.09,7.95,8.02,,4206700.0
2011-11-15,7.99,8.15,7.96,8.11,,3646000.0
2011-11-16,7.99,8.18,7.93,8.02,,5345000.0
2011-11-17,8.0,8.01,7.8,7.88,,7689500.0
2011-11-18,7.96,8.1,7.92,8.06,,6264300.0
2011-11-21,7.96,7.96,7.74,7.88,,5940100.0
2011-11-22,7.85,7.89,7.62,7.72,,7039300.0
2011-11-23,7.65,7.7,7.52,7.63,,8625900.0
2011-11-25,7.59,7.72,7.59,7.61,,1478300.0
2011-11-28,7.83,7.97,7.77,7.83,,6274000.0
2011-11-29,8.0,8.07,7.85,7.99,,5773100.0
2011-11-30,8.23,8.31,8.14,8.29,,7044000.0
2011-12-01,8.24,8.39,8.21,8.31,,6622400.0
2011-12-02,8.37,8.37,8.13,8.19,,7119800.0
2011-12-05,8.32,8.37,8.21,8.29,,5512800.0
2011-12-06,8.3,8.36,8.2,8.28,,5660700.0
2011-12-07,8.22,8.31,8.2,8.26,,3942400.0
2011-12-08,8.19,8.23,7.87,7.89,,8389900.0
2011-12-09,7.96,8.16,7.95,8.13,,5688000.0
2011-12-12,8.05,8.15,7.96,8.04,,5027900.0
2011-12-13,8.1,8.18,7.96,8.0,,7046900.0
2011-12-14,7.97,8.02,7.87,7.89,,5527500.0
2011-12-15,8.01,8.13,7.93,7.94,,5811800.0
2011-12-16,7.99,8.06,7.84,7.89,,7936900.0
2011-12-19,7.95,8.02,7.85,7.87,,5287000.0
2011-12-20,8.0,8.06,7.94,8.02,,8518000.0
2011-12-21,8.02,8.02,7.88,7.95,,5751700.0
2011-12-22,8.0,8.12,7.98,8.09,,4791300.0
2011-12-23,8.11,8.18,8.08,8.14,,4001500.0
2011-12-27,8.09,8.21,8.05,8.17,,2191600.0
2011-12-28,8.19,8.19,8.0,8.04,,2370200.0
2011-12-29,8.1,8.2,8.09,8.15,,2324700.0
2011-12-30,8.13,8.2,8.1,8.12,,1541900.0
2012-01-03,8.25,8.37,8.13,8.31,,7312000.0
2012-01-04,8.26,8.36,8.24,8.25,,3675600.0
2012-01-05,8.24,8.49,8.16,8.45,,8710600.0
2012-01-06,8.42,8.49,8.33,8.39,,7463600.0
2012-01-09,8.39,8.58,8.35,8.55,,6515500.0
2012-01-10,8.64,8.75,8.63,8.71,,8614600.0
2012-01-11,8.7,8.71,8.6,8.68,,2989300.0
2012-01-12,8.72,8.74,8.57,8.61,,4150800.0
2012-01-13,8.55,8.69,8.52,8.68,,4646600.0
2012-01-17,8.76,8.85,8.7,8.83,,6166400.0
2012-01-18,8.8,8.85,8.74,8.77,,3989700.0
2012-01-19,8.81,8.88,8.75,8.86,,4187800.0
2012-01-20,8.86,8.96,8.81,8.96,,4874700.0
2012-01-23,8.94,9.01,8.82,8.88,,7939200.0
2012-01-24,8.83,8.85,8.72,8.74,,4276400.0
2012-01-25,8.72,9.01,8.68,8.99,,6805500.0
2012-01-26,9.02,9.02,8.82,8.88,,5069300.0
2012-01-27,8.85,8.9,8.77,8.79,,4680100.0
2012-01-30,8.72,8.77,8.66,8.75,,3206400.0
2012-01-31,8.82,8.83,8.61,8.75,,4231400.0
2012-02-01,8.81,8.95,8.8,8.89,,4104200.0
2012-02-02,8.9,8.96,8.87,8.92,,2496200.0
2012-02-03,9.01,9.02,8.85,8.86,,3908900.0
2012-02-06,8.83,8.85,8.75,8.77,,2789200.0
2012-02-07,8.72,8.88,8.7,8.83,,3463800.0
2012-02-08,8.83,8.9,8.8,8.88,,2617100.0
2012-02-09,8.92,8.98,8.82,8.9,,2407400.0
2012-02-10,8.83,8.86,8.77,8.83,,2420100.0
2012-02-13,8.96,9.17,8.94,9.0,,4801500.0
2012-02-14,9.03,9.25,8.95,9.25,,5511400.0
2012-02-15,9.26,9.3,9.18,9.21,,4147500.0
2012-02-16,9.24,9.49,9.2,9.45,,4867500.0
2012-02-17,9.47,9.5,9.28,9.4,,5082000.0
2012-02-21,9.4,9.47,9.33,9.45,,3734100.0
2012-02-22,9.46,9.49,9.37,9.48,,2894500.0
2012-02-23,9.48,9.61,9.35,9.44,,5112700.0
2012-02-24,9.43,9.53,9.35,9.47,,4808400.0
2012-02-27,9.44,9.48,9.2,9.4,,6593100.0
2012-02-28,9.42,9.43,9.19,9.22,,4808200.0
2012-02-29,9.27,9.33,9.13,9.3,,6572000.0
2012-03-01,9.23,9.41,9.22,9.28,,3683500.0
2012-03-02,9.27,9.34,9.18,9.25,,3003300.0
2012-03-05,9.2,9.24,9.09,9.18,,3903300.0
2012-03-06,9.08,9.11,8.85,8.9,,6421700.0
2012-03-07,8.87,8.99,8.83,8.93,,3316600.0
2012-03-08,9.01,9.12,8.99,9.04,,5558500.0
2012-03-09,9.1,9.15,9.03,9.05,,3994700.0
2012-03-12,9.07,9.12,9.01,9.1,,3953500.0
2012-03-13,9.17,9.19,9.03,9.14,,5231100.0
2012-03-14,9.12,9.22,8.91,8.92,,7368800.0
2012-03-15,8.95,9.05,8.92,9.02,,7273600.0
2012-03-16,9.03,9.11,8.97,9.03,,6697900.0
2012-03-19,9.03,9.08,8.99,9.0,,3191900.0
2012-03-20,8.93,9.03,8.9,9.02,,5497000.0
2012-03-21,9.01,9.06,8.95,8.98,,2374100.0
2012-03-22,8.9,8.95,8.77,8.82,,4719900.0
2012-03-23,8.87,8.93,8.83,8.86,,3256400.0
2012-03-26,8.94,9.01,8.88,8.99,,5135000.0
2012-03-27,9.02,9.04,8.94,9.03,,6117300.0
2012-03-28,9.01,9.05,8.83,8.93,,5644000.0
2012-03-29,8.85,8.96,8.75,8.93,,5821000.0
2012-03-30,9.01,9.01,8.91,8.96,,4678900.0
2012-04-02,8.92,9.0,8.87,8.94,,4667700.0
2012-04-03,8.96,9.09,8.88,9.09,,8274700.0
2012-04-04,8.96,9.08,8.95,9.03,,4666200.0
2012-04-05,8.99,8.99,8.82,8.86,,4292800.0
2012-04-09,8.71,8.83,8.71,8.82,,4200900.0
2012-04-10,8.77,8.81,8.55,8.57,,5236300.0
2012-04-11,8.66,8.7,8.55,8.56,,4259400.0
2012-04-12,8.55,8.71,8.53,8.68,,2736600.0
2012-04-13,8.64,8.68,8.49,8.51,,6022400.0
2012-04-16,8.57,8.62,8.5,8.53,,4594700.0
2012-04-17,8.61,8.63,8.41,8.46,,7471100.0
2012-04-18,8.45,8.55,8.37,8.4,,5753300.0
2012-04-19,8.42,8.42,8.29,8.31,,6657800.0
2012-04-20,8.35,8.43,8.29,8.41,,7128500.0
2012-04-23,8.32,8.33,8.21,8.26,,6120100.0
2012-04-24,8.31,8.39,8.29,8.33,,2880300.0
2012-04-25,8.4,8.42,8.34,8.38,,3251800.0
2012-04-26,8.36,8.58,8.31,8.52,,5466800.0
2012-04-27,8.55,8.59,8.48,8.54,,3626600.0
2012-04-30,8.54,8.59,8.48,8.59,,5446700.0
2012-05-01,8.56,8.66,8.52,8.63,,4711300.0
2012-05-02,8.56,8.59,8.42,8.44,,4731600.0
2012-05-03,8.44,8.49,8.35,8.37,,6022000.0
2012-05-04,8.72,8.78,8.24,8.29,,6519600.0
2012-05-07,8.23,8.36,8.21,8.28,,4850100.0
2012-05-08,8.2,8.26,8.0,8.24,,9208400.0
2012-05-09,8.14,8.3,8.05,8.25,,7929600.0
2012-05-10,8.38,8.58,8.35,8.48,,7033300.0
2012-05-11,8.46,8.61,8.4,8.48,,7301200.0
2012-05-14,8.41,8.48,8.35,8.38,,3939100.0
2012-05-15,8.37,8.45,8.27,8.36,,9178500.0
2012-05-16,8.41,8.53,8.28,8.32,,6835000.0
2012-05-17,8.33,8.36,8.21,8.22,,3870200.0
2012-05-18,8.28,8.33,8.17,8.2,,6055200.0
2012-05-21,8.23,8.4,8.22,8.39,,5107300.0
2012-05-22,8.4,8.59,8.36,8.52,,6361500.0
2012-05-23,8.44,8.46,8.31,8.37,,8081400.0
2012-05-24,8.4,8.49,8.37,8.49,,5722000.0
2012-05-25,8.47,8.61,8.47,8.61,,4208600.0
2012-05-29,8.61,8.67,8.55,8.65,,4990000.0
2012-05-30,8.57,8.61,8.39,8.45,,5296000.0
2012-05-31,8.42,8.46,8.27,8.29,,9161900.0
2012-06-01,8.15,8.21,8.07,8.12,,6849900.0
2012-06-04,8.12,8.17,7.98,8.11,,5652900.0
2012-06-05,8.08,8.27,8.08,8.24,,4556700.0
2012-06-06,8.29,8.55,8.29,8.54,,5615000.0
2012-06-07,8.63,8.69,8.46,8.48,,8306800.0
2012-06-08,8.45,8.61,8.43,8.61,,4413800.0
2012-06-11,8.68,8.69,8.43,8.44,,4408800.0
2012-06-12,8.44,8.48,8.33,8.46,,4650500.0
2012-06-13,8.39,8.54,8.3,8.46,,3914000.0
2012-06-14,8.5,8.68,8.46,8.66,,5199100.0
2012-06-15,8.66,8.7,8.6,8.66,,5150600.0
2012-06-18,8.64,8.66,8.55,8.63,,5719500.0
2012-06-19,8.65,8.75,8.6,8.7,,3888700.0
2012-06-20,8.68,8.71,8.48,8.54,,4884200.0
2012-06-21,8.53,8.65,8.31,8.32,,4283100.0
2012-06-22,8.35,8.4,8.24,8.29,,7092100.0
2012-06-25,8.17,8.27,8.14,8.24,,5174500.0
2012-06-26,8.26,8.41,8.24,8.35,,4368500.0
2012-06-27,8.39,8.59,8.37,8.54,,3831900.0
2012-06-28,8.48,8.67,8.48,8.66,,3821500.0
2012-06-29,8.8,8.83,8.72,8.8,,5722000.0
2012-07-02,8.88,8.88,8.67,8.72,,3358200.0
2012-07-03,8.72,8.79,8.69,8.79,,3649200.0
2012-07-05,8.75,8.83,8.72,8.8,,4550700.0
2012-07-06,8.71,8.83,8.67,8.81,,4471200.0
2012-07-09,8.81,8.81,8.63,8.69,,4020900.0
2012-07-10,8.76,8.77,8.65,8.68,,3751600.0
2012-07-11,8.68,8.78,8.65,8.75,,4774900.0
2012-07-12,8.67,8.71,8.6,8.64,,4269500.0
2012-07-13,8.65,8.76,8.64,8.72,,2963500.0
2012-07-16,8.7,8.72,8.65,8.67,,2807300.0
2012-07-17,8.71,8.77,8.61,8.69,,4714800.0
2012-07-18,8.66,8.73,8.61,8.65,,6248400.0
2012-07-19,8.7,8.85,8.68,8.79,,8151700.0
2012-07-20,8.72,8.84,8.72,8.76,,4019700.0
2012-07-23,8.67,8.72,8.48,8.54,,4270200.0
2012-07-24,8.5,8.53,8.24,8.3,,8626700.0
2012-07-25,8.34,8.4,7.99,8.09,,11321200.0
2012-07-26,8.21,8.32,8.16,8.21,,7507400.0
2012-07-27,8.24,8.28,8.16,8.22,,10385200.0
2012-07-30,8.24,8.4,8.24,8.31,,9262100.0
2012-07-31,8.29,8.34,8.26,8.27,,6151300.0
2012-08-01,8.31,8.38,8.22,8.23,,5581400.0
2012-08-02,8.18,8.31,8.1,8.31,,7263800.0
2012-08-03,8.4,8.46,8.36,8.4,,5405000.0
2012-08-06,8.22,8.31,7.96,8.03,,13522000.0
2012-08-07,8.01,8.08,7.89,7.91,,6639800.0
2012-08-08,7.91,8.07,7.86,8.04,,6764400.0
2012-08-09,8.02,8.09,7.98,8.07,,5944500.0
2012-08-10,8.04,8.11,8.01,8.08,,4069700.0
2012-08-13,8.05,8.14,8.03,8.13,,4196900.0
2012-08-14,8.17,8.18,8.01,8.02,,4403400.0
2012-08-15,8.04,8.07,7.98,8.0,,5436300.0
2012-08-16,8.03,8.15,7.98,8.09,,5805000.0
2012-08-17,8.09,8.1,7.96,8.0,,3725600.0
2012-08-20,8.01,8.02,7.94,8.0,,3228100.0
2012-08-21,8.0,8.04,7.94,7.96,,3518800.0
2012-08-22,7.94,8.02,7.92,8.0,,3586300.0
2012-08-23,7.99,8.0,7.79,7.81,,4300200.0
2012-08-24,7.81,7.94,7.78,7.89,,4209000.0
2012-08-27,7.89,7.95,7.88,7.93,,3147500.0
2012-08-28,7.89,7.95,7.83,7.83,,4348400.0
2012-08-29,7.85,7.94,7.85,7.9,,4616300.0
2012-08-30,7.87,7.89,7.8,7.81,,2436200.0
2012-08-31,7.85,7.88,7.76,7.81,,3819300.0
2012-09-04,7.79,7.84,7.72,7.74,,5721100.0
2012-09-05,7.74,7.78,7.62,7.74,,6631200.0
2012-09-06,7.79,7.84,7.66,7.8,,8654500.0
2012-09-07,7.81,7.86,7.74,7.81,,6796400.0
2012-09-10,7.83,7.89,7.79,7.86,,7676800.0
2012-09-11,7.85,7.91,7.83,7.89,,4635300.0
2012-09-12,7.87,7.92,7.7,7.72,,9175300.0
2012-09-13,7.76,7.89,7.69,7.89,,6149600.0
2012-09-14,7.88,7.96,7.87,7.94,,7927300.0
2012-09-17,7.91,7.96,7.8,7.82,,5310600.0
2012-09-18,7.83,7.84,7.62,7.66,,6259600.0
2012-09-19,7.67,7.72,7.63,7.64,,5768600.0
2012-09-20,7.61,7.69,7.56,7.68,,6313100.0
2012-09-21,7.7,7.7,7.6,7.63,,7058500.0
2012-09-24,7.63,7.81,7.61,7.71,,8053300.0
2012-09-25,7.72,7.79,7.58,7.58,,5850000.0
2012-09-26,7.59,7.63,7.44,7.47,,7175300.0
2012-09-27,7.52,7.59,7.45,7.47,,5544000.0
2012-09-28,7.44,7.56,7.43,7.52,,5213100.0
2012-10-01,7.52,7.61,7.37,7.41,,5627900.0
2012-10-02,7.43,7.5,7.41,7.46,,7147700.0
2012-10-03,7.49,7.54,7.44,7.48,,4493600.0
2012-10-04,7.52,7.61,7.48,7.54,,4994600.0
2012-10-05,7.56,7.61,7.46,7.49,,3507900.0
2012-10-08,7.48,7.5,7.42,7.43,,2507900.0
2012-10-09,7.43,7.46,7.36,7.39,,3608200.0
2012-10-10,7.42,7.42,7.26,7.3,,3092700.0
2012-10-11,7.34,7.45,7.32,7.34,,4124700.0
2012-10-12,7.37,7.39,7.22,7.28,,5396900.0
2012-10-15,7.27,7.37,7.23,7.37,,4649200.0
2012-10-16,7.4,7.54,7.37,7.52,,5478600.0
2012-10-17,7.49,7.63,7.4,7.61,,8446500.0
2012-10-18,7.61,7.72,7.57,7.65,,4747000.0
2012-10-19,7.61,7.65,7.52,7.57,,2923600.0
2012-10-22,7.47,7.54,7.37,7.41,,4915200.0
2012-10-23,7.34,7.39,7.26,7.36,,6490000.0
2012-10-24,7.37,7.4,7.19,7.19,,4397500.0
2012-10-25,7.22,7.28,7.11,7.17,,4479800.0
2012-10-26,7.15,7.25,7.12,7.19,,4931800.0
2012-10-31,7.24,7.31,7.14,7.19,,3903900.0
2012-11-01,7.22,7.44,7.17,7.26,,8865900.0
2012-11-02,7.28,7.37,7.26,7.34,,5592400.0
2012-11-05,7.31,7.33,7.14,7.14,,3400800.0
2012-11-06,7.14,7.32,7.11,7.22,,5596400.0
2012-11-07,7.26,7.42,6.93,6.93,,5944700.0
2012-11-08,6.94,7.01,6.89,6.99,,6118200.0
2012-11-09,6.98,7.0,6.84,6.86,,1145656.0
2012-11-12,6.84,6.9,6.84,6.85,,71888.0
2012-11-13,6.8,6.87,6.7,6.71,,6580800.0
2012-11-14,6.72,6.76,6.55,6.73,,9619400.0
2012-11-15,6.74,6.84,6.6,6.69,,6977100.0
2012-11-16,6.71,6.84,6.64,6.81,,7068500.0
2012-11-19,6.89,6.95,6.77,6.86,,8651400.0
2012-11-20,6.84,6.87,6.75,6.83,,5458900.0
2012-11-21,6.83,6.91,6.8,6.86,,4155800.0
2012-11-23,6.98,7.01,6.9,6.95,,2904400.0
2012-11-26,6.93,7.08,6.93,7.02,,5643900.0
2012-11-27,7.04,7.12,6.97,7.0,,7278600.0
2012-11-28,6.99,7.16,6.97,7.16,,4244900.0
2012-11-29,7.19,7.2,7.08,7.17,,4427100.0
2012-11-30,7.17,7.35,7.17,7.35,,20870500.0
2012-12-03,7.41,7.41,7.25,7.28,,4482800.0
2012-12-04,7.26,7.42,7.24,7.38,,6784200.0
2012-12-05,7.37,7.52,7.31,7.48,,8289900.0
2012-12-06,7.48,7.55,7.43,7.46,,6648300.0
2012-12-07,7.46,7.56,7.42,7.48,,5116700.0
2012-12-10,7.46,7.48,7.37,7.38,,5272900.0
2012-12-11,7.39,7.48,7.36,7.38,,4892800.0
2012-12-12,7.39,7.43,7.37,7.39,,3855800.0
2012-12-13,7.38,7.42,7.31,7.42,,4566700.0
2012-12-14,7.39,7.43,7.35,7.39,,3670200.0
2012-12-17,7.41,7.52,7.39,7.5,,5048900.0
2012-12-18,7.49,7.62,7.48,7.61,,3788100.0
2012-12-19,7.63,7.63,7.5,7.51,,5674100.0
2012-12-20,7.55,7.59,7.49,7.59,,2636200.0
2012-12-21,7.53,7.57,7.42,7.5,,5069900.0
2012-12-24,7.49,7.5,7.39,7.44,,1203300.0
2012-12-26,7.45,7.48,7.39,7.42,,2388900.0
2012-12-27,7.39,7.42,7.19,7.33,,3612600.0
2012-12-28,7.27,7.32,7.22,7.24,,2737400.0
2012-12-31,7.23,7.39,7.17,7.37,,3652800.0
2013-01-02,7.5,7.59,7.44,7.57,,5166900.0
2013-01-03,7.54,7.61,7.49,7.53,,8415000.0
2013-01-04,7.57,7.75,7.53,7.71,,6218700.0
2013-01-07,7.8,7.8,7.44,7.47,,6791100.0
2013-01-08,7.44,7.53,7.36,7.47,,3683000.0
2013-01-09,7.46,7.54,7.43,7.5,,3836900.0
2013-01-10,7.54,7.65,7.49,7.64,,3716300.0
2013-01-11,7.63,7.68,7.57,7.65,,3671800.0
2013-01-14,7.64,7.7,7.57,7.59,,4126900.0
2013-01-15,7.57,7.6,7.44,7.57,,2746700.0
2013-01-16,7.53,7.59,7.5,7.54,,3127200.0
2013-01-17,7.57,7.67,7.57,7.62,,2677900.0
2013-01-18,7.64,7.67,7.57,7.67,,2706700.0
2013-01-22,7.64,7.82,7.64,7.79,,3983300.0
2013-01-23,7.77,7.79,7.64,7.72,,4565400.0
2013-01-24,7.73,7.78,7.6,7.64,,7951700.0
2013-01-25,7.64,7.7,7.57,7.64,,5543800.0
2013-01-28,7.61,7.63,7.46,7.47,,9922600.0
2013-01-29,7.47,7.48,7.35,7.37,,20323400.0
2013-01-30,7.39,7.57,7.37,7.52,,18373200.0
2013-01-31,7.53,7.57,7.45,7.49,,7138500.0
2013-02-01,7.55,7.69,7.5,7.64,,6578600.0
2013-02-04,7.66,7.68,7.53,7.55,,4402400.0
2013-02-05,7.57,7.65,7.54,7.59,,5720100.0
2013-02-06,7.57,7.66,7.55,7.64,,4023200.0
2013-02-07,7.64,7.7,7.59,7.68,,5463600.0
2013-02-08,7.68,7.69,7.59,7.65,,6413900.0
2013-02-11,7.64,7.75,7.61,7.74,,5735400.0
2013-02-12,7.76,7.83,7.72,7.82,,5019900.0
2013-02-13,7.82,7.9,7.82,7.84,,4463800.0
2013-02-14,7.82,7.86,7.75,7.75,,4892100.0
2013-02-15,7.75,7.77,7.68,7.72,,4121200.0
2013-02-19,7.72,7.86,7.72,7.86,,4541800.0
2013-02-20,7.85,7.89,7.82,7.86,,8649500.0
2013-02-21,7.84,7.85,7.63,7.64,,4101600.0
2013-02-22,7.68,7.76,7.66,7.76,,3545700.0
2013-02-25,7.79,7.82,7.53,7.53,,7176700.0
2013-02-26,7.54,7.61,7.46,7.57,,5059800.0
2013-02-27,7.65,8.15,7.61,8.04,,11982300.0
2013-02-28,8.06,8.15,8.02,8.03,,8716800.0
2013-03-01,7.99,8.25,7.96,8.24,,7874700.0
2013-03-04,8.24,8.34,8.17,8.31,,9989100.0
2013-03-05,8.32,8.45,8.3,8.42,,6471600.0
2013-03-06,8.49,8.58,8.47,8.54,,6689300.0
2013-03-07,8.53,8.56,8.47,8.51,,5004600.0
2013-03-08,8.56,8.56,8.44,8.52,,4384200.0
2013-03-11,8.5,8.66,8.5,8.64,,4885000.0
2013-03-12,8.62,8.72,8.61,8.67,,4151100.0
2013-03-13,8.65,8.78,8.61,8.73,,4768400.0
2013-03-14,8.73,8.8,8.66,8.69,,8850200.0
2013-03-15,8.65,8.71,8.56,8.64,,8931000.0
2013-03-18,8.57,8.66,8.48,8.56,,8102800.0
2013-03-19,8.61,8.63,8.49,8.6,,4869100.0
2013-03-20,8.64,8.79,8.64,8.76,,7344200.0
2013-03-21,8.73,8.77,8.58,8.58,,4838200.0
2013-03-22,8.62,8.64,8.55,8.58,,5071800.0
2013-03-25,8.63,8.67,8.47,8.5,,6163200.0
2013-03-26,8.56,8.64,8.53,8.56,,5049500.0
2013-03-27,8.52,8.67,8.47,8.67,,4543500.0
2013-03-28,8.69,8.71,8.62,8.69,,4020600.0
2013-04-01,8.69,8.71,8.56,8.64,,3016500.0
2013-04-02,8.67,8.67,8.59,8.64,,3064000.0
2013-04-03,8.65,8.69,8.58,8.61,,4900500.0
2013-04-04,8.62,8.72,8.6,8.66,,3259000.0
2013-04-05,8.55,8.69,8.54,8.59,,6562800.0
2013-04-08,8.57,8.71,8.54,8.7,,8949000.0
2013-04-09,8.73,8.79,8.64,8.73,,6840400.0
2013-04-10,8.8,8.94,8.76,8.88,,5271900.0
2013-04-11,8.89,8.97,8.88,8.94,,4612400.0
2013-04-12,8.89,9.05,8.88,9.05,,4166000.0
2013-04-15,9.03,9.12,8.75,8.77,,5645000.0
2013-04-16,8.81,8.91,8.78,8.89,,3786200.0
2013-04-17,8.83,8.85,8.61,8.73,,9794700.0
2013-04-18,8.73,8.76,8.66,8.72,,6448900.0
2013-04-19,8.66,8.9,8.66,8.89,,5083200.0
2013-04-22,8.9,8.99,8.78,8.93,,3847500.0
2013-04-23,8.98,9.12,8.91,9.09,,4965100.0
2013-04-24,9.11,9.18,9.03,9.15,,3718100.0
2013-04-25,9.16,9.4,9.09,9.3,,7344100.0
2013-04-26,9.32,9.38,9.24,9.31,,8188000.0
2013-04-29,9.36,9.52,9.32,9.47,,6864000.0
2013-04-30,9.49,9.66,9.44,9.61,,10961000.0
2013-05-01,9.61,9.66,9.52,9.56,,3918100.0
2013-05-02,9.61,9.62,9.5,9.59,,3763500.0
2013-05-03,9.64,9.69,9.56,9.58,,4678400.0
2013-05-06,9.57,9.61,9.5,9.59,,2747200.0
2013-05-07,9.59,9.69,9.54,9.68,,5013500.0
2013-05-08,9.65,9.7,9.55,9.63,,4829200.0
2013-05-09,9.56,9.56,9.13,9.16,,7820500.0
2013-05-10,9.01,9.23,8.82,9.22,,12089500.0
2013-05-13,9.18,9.18,8.98,9.02,,5855100.0
2013-05-14,9.02,9.2,9.0,9.1,,5578600.0
2013-05-15,9.11,9.2,9.0,9.07,,10861600.0
2013-05-16,9.02,9.05,8.86,8.91,,8298400.0
2013-05-17,8.93,9.01,8.91,9.0,,4908300.0
2013-05-20,9.0,9.02,8.91,8.96,,4060700.0
2013-05-21,8.96,9.04,8.9,9.01,,8428200.0
2013-05-22,9.02,9.18,8.84,8.9,,7910800.0
2013-05-23,8.84,8.99,8.69,8.94,,5943900.0
2013-05-24,8.87,8.89,8.73,8.77,,2892400.0
2013-05-28,8.84,8.85,8.5,8.61,,7682500.0
2013-05-29,8.55,8.61,8.37,8.57,,6643300.0
2013-05-30,8.59,8.77,8.52,8.53,,4496400.0
2013-05-31,8.51,8.67,8.46,8.46,,5623100.0
2013-06-03,8.46,8.59,8.34,8.52,,7857800.0
2013-06-04,8.53,8.58,8.44,8.51,,6288900.0
2013-06-05,8.46,8.49,8.33,8.37,,4877000.0
2013-06-06,8.36,8.55,8.33,8.51,,5945900.0
2013-06-07,8.54,8.74,8.51,8.67,,4139200.0
2013-06-10,8.67,8.7,8.48,8.5,,3919100.0
2013-06-11,8.43,8.59,8.36,8.53,,4736500.0
2013-06-12,8.59,8.61,8.39,8.44,,3640800.0
2013-06-13,8.43,8.6,8.4,8.59,,3163100.0
2013-06-14,8.6,8.66,8.52,8.57,,2304400.0
2013-06-17,8.61,8.65,8.44,8.49,,4514300.0
2013-06-18,8.51,8.52,8.41,8.43,,7075900.0
2013-06-19,8.41,8.43,8.1,8.1,,7135400.0
2013-06-20,8.06,8.14,7.89,7.92,,7258000.0
2013-06-21,7.98,8.05,7.74,7.96,,7723500.0
2013-06-24,7.89,8.03,7.79,7.91,,5858200.0
2013-06-25,7.98,8.16,7.9,8.09,,6100000.0
2013-06-26,8.14,8.3,8.12,8.25,,5247600.0
2013-06-27,8.3,8.39,8.25,8.29,,7370700.0
2013-06-28,8.3,8.39,8.23,8.31,,7134900.0
2013-07-01,8.39,8.39,8.21,8.25,,5311800.0
2013-07-02,8.25,8.34,8.16,8.19,,5972000.0
2013-07-03,8.11,8.3,8.05,8.2,,2864900.0
2013-07-05,8.23,8.25,8.12,8.22,,3694300.0
2013-07-08,8.24,8.32,8.23,8.26,,4803900.0
2013-07-09,8.3,8.39,8.3,8.34,,5249200.0
2013-07-10,8.32,8.51,8.3,8.5,,6342200.0
2013-07-11,8.6,8.69,8.59,8.68,,4191200.0
2013-07-12,8.66,8.75,8.63,8.73,,3330800.0
2013-07-15,8.73,8.94,8.72,8.92,,3748400.0
2013-07-16,8.9,8.93,8.82,8.85,,3469600.0
2013-07-17,8.91,8.94,8.78,8.83,,3123800.0
2013-07-18,8.83,8.89,8.82,8.84,,3592700.0
2013-07-19,8.82,8.94,8.81,8.89,,3721600.0
2013-07-22,8.89,8.92,8.77,8.79,,2993600.0
2013-07-23,8.79,8.89,8.7,8.84,,2056500.0
2013-07-24,8.82,8.82,8.54,8.61,,2570000.0
2013-07-25,8.57,8.64,8.49,8.63,,3674300.0
2013-07-26,8.58,8.66,8.54,8.65,,2518700.0
2013-07-29,8.64,8.69,8.59,8.59,,2804900.0
2013-07-30,8.66,8.68,8.58,8.61,,3755300.0
2013-07-31,8.59,8.75,8.51,8.65,,4778400.0
2013-08-01,8.71,8.83,8.62,8.8,,3259700.0
2013-08-02,8.8,8.83,8.69,8.8,,2713900.0
2013-08-05,8.74,8.91,8.71,8.89,,4252400.0
2013-08-06,8.83,8.91,8.8,8.87,,5994600.0
2013-08-07,8.82,8.96,8.75,8.95,,4572700.0
2013-08-08,8.96,9.3,8.88,9.13,,5706200.0
2013-08-09,9.12,9.27,9.09,9.1,,3605600.0
2013-08-12,9.08,9.12,9.04,9.09,,3170700.0
2013-08-13,9.12,9.12,8.96,9.02,,4810200.0
2013-08-14,9.0,9.09,8.95,9.03,,3424300.0
2013-08-15,8.97,9.0,8.86,8.91,,3644500.0
2013-08-16,8.89,8.89,8.73,8.8,,2733000.0
2013-08-19,8.75,8.79,8.61,8.68,,4464800.0
2013-08-20,8.71,8.85,8.61,8.82,,3770200.0
2013-08-21,8.8,8.84,8.71,8.77,,3547300.0
2013-08-22,8.8,9.0,8.76,8.96,,3461000.0
2013-08-23,9.0,9.02,8.89,8.98,,2044600.0
2013-08-26,8.99,9.08,8.92,9.0,,5002600.0
2013-08-27,8.89,8.99,8.84,8.85,,5698100.0
2013-08-28,8.84,8.98,8.81,8.94,,3171600.0
2013-08-29,8.94,9.01,8.84,8.89,,1931200.0
2013-08-30,8.9,8.94,8.8,8.84,,3229600.0
2013-09-03,8.95,9.0,8.79,8.83,,3430600.0
2013-09-04,8.84,8.87,8.73,8.79,,2562300.0
2013-09-05,8.75,8.85,8.75,8.84,,2394300.0
2013-09-06,8.87,9.29,8.87,9.1,,10308800.0
2013-09-09,9.11,9.26,9.09,9.24,,4148400.0
2013-09-10,9.31,9.44,9.28,9.44,,5811600.0
2013-09-11,9.44,9.44,9.3,9.34,,4061700.0
2013-09-12,9.36,9.38,9.23,9.3,,3657500.0
2013-09-13,9.3,9.34,9.2,9.23,,3764200.0
2013-09-16,9.32,9.42,9.22,9.28,,4866500.0
2013-09-17,9.3,9.36,9.25,9.26,,5708200.0
2013-09-18,9.24,9.56,9.19,9.49,,4670800.0
2013-09-19,9.53,9.57,9.39,9.45,,2635900.0
2013-09-20,9.44,9.46,9.28,9.3,,4232000.0
2013-09-23,9.25,9.44,9.25,9.39,,5136200.0
2013-09-24,9.41,9.46,9.33,9.4,,4684200.0
2013-09-25,9.41,9.5,9.23,9.39,,3453100.0
2013-09-26,9.4,9.49,9.38,9.45,,2705500.0
2013-09-27,9.43,9.47,9.3,9.37,,2771300.0
2013-09-30,9.31,9.34,9.21,9.24,,3764000.0
2013-10-01,9.27,9.35,9.22,9.3,,2272600.0
2013-10-02,9.28,9.32,9.19,9.28,,3229400.0
2013-10-03,9.25,9.28,9.15,9.21,,2856900.0
2013-10-04,9.23,9.37,9.18,9.3,,2664900.0
2013-10-07,9.24,9.3,9.21,9.24,,2716200.0
2013-10-08,9.3,9.44,9.23,9.25,,3388300.0
2013-10-09,9.26,9.3,9.17,9.19,,4135700.0
2013-10-10,9.25,9.44,9.19,9.42,,4400200.0
2013-10-11,9.43,9.55,9.39,9.52,,2375300.0
2013-10-14,9.48,9.61,9.36,9.6,,3896300.0
2013-10-15,9.55,9.6,9.39,9.41,,2888200.0
2013-10-16,9.46,9.59,9.44,9.56,,3055100.0
2013-10-17,9.55,9.88,9.51,9.78,,6067900.0
2013-10-18,9.8,9.96,9.76,9.88,,3790200.0
2013-10-21,9.87,9.99,9.83,9.89,,3700800.0
2013-10-22,9.93,10.03,9.91,9.94,,4098100.0
2013-10-23,9.92,9.98,9.74,9.77,,4324600.0
2013-10-24,9.78,9.87,9.71,9.78,,3740400.0
2013-10-25,9.8,9.97,9.75,9.95,,2466000.0
2013-10-28,9.95,10.01,9.88,9.98,,4283000.0
2013-10-29,10.01,10.05,9.92,9.94,,2169300.0
2013-10-30,9.99,10.1,9.85,9.93,,3010200.0
2013-10-31,9.92,9.96,9.74,9.82,,4648600.0
2013-11-01,9.82,9.88,9.71,9.75,,5283600.0
2013-11-04,9.8,9.9,9.72,9.85,,6881700.0
2013-11-05,9.79,9.82,9.71,9.73,,4566600.0
2013-11-06,9.73,9.82,9.71,9.8,,3820100.0
2013-11-07,9.82,10.01,9.5,9.55,,6617100.0
2013-11-08,9.58,9.93,9.49,9.91,,6265800.0
2013-11-11,9.89,10.15,9.87,10.15,,6251600.0
2013-11-12,10.13,10.41,10.12,10.36,,11397800.0
2013-11-13,10.31,10.54,10.21,10.54,,7122300.0
2013-11-14,10.57,10.63,10.47,10.6,,7375400.0
2013-11-15,10.58,10.67,10.47,10.65,,6125700.0
2013-11-18,10.65,10.67,10.42,10.43,,5661700.0
2013-11-19,10.44,10.48,10.21,10.25,,7229000.0
2013-11-20,10.28,10.34,10.16,10.17,,4933700.0
2013-11-21,10.25,10.3,10.18,10.2,,3720300.0
2013-11-22,10.18,10.27,10.14,10.19,,3777100.0
2013-11-25,10.23,10.27,10.11,10.13,,3494500.0
2013-11-26,10.11,10.15,9.96,10.06,,3802300.0
2013-11-27,10.11,10.15,9.98,10.09,,3496600.0
2013-11-29,10.08,10.22,10.04,10.16,,2144900.0
2013-12-02,10.16,10.25,10.07,10.09,,3855900.0
2013-12-03,10.05,10.38,10.01,10.38,,7908600.0
2013-12-04,10.34,10.84,10.27,10.68,,13164800.0
2013-12-05,10.64,10.66,10.24,10.28,,11045800.0
2013-12-06,10.38,10.56,10.31,10.47,,7457300.0
2013-12-09,10.49,10.5,10.23,10.26,,4751100.0
2013-12-10,10.24,10.28,10.07,10.1,,5185500.0
2013-12-11,10.09,10.16,9.96,9.98,,5386500.0
2013-12-12,9.78,9.95,9.6,9.66,,14114500.0
2013-12-13,9.43,9.73,9.41,9.54,,37696900.0
2013-12-16,9.64,9.84,9.59,9.73,,9762600.0
2013-12-17,9.75,9.8,9.65,9.72,,6803400.0
2013-12-18,9.8,9.95,9.63,9.91,,7681100.0
2013-12-19,9.86,9.93,9.78,9.85,,5860800.0
2013-12-20,9.88,10.05,9.86,9.98,,9718700.0
2013-12-23,10.02,10.1,10.0,10.03,,4803000.0
2013-12-24,10.01,10.13,9.92,10.09,,1851900.0
2013-12-26,10.09,10.21,10.08,10.08,,2892100.0
2013-12-27,10.12,10.18,10.01,10.08,,2515100.0
2013-12-30,10.1,10.12,9.96,10.08,,4131800.0
2013-12-31,10.08,10.15,10.03,10.12,,2330800.0
2014-01-02,10.12,10.15,9.89,9.95,,3987200.0
2014-01-03,9.96,10.01,9.84,9.9,,4104700.0
2014-01-06,10.0,10.07,9.85,10.0,,5067000.0
2014-01-07,10.01,10.32,10.01,10.17,,10596900.0
2014-01-08,10.14,10.19,9.91,9.97,,6992400.0
2014-01-09,10.01,10.14,9.95,10.08,,5359500.0
2014-01-10,10.11,10.25,10.1,10.13,,4807700.0
2014-01-13,10.08,10.12,9.91,9.94,,4807200.0
2014-01-14,9.95,10.08,9.89,10.07,,4268300.0
2014-01-15,10.07,10.09,9.92,9.97,,5268500.0
2014-01-16,9.96,10.02,9.89,9.98,,4247100.0
2014-01-17,10.01,10.07,9.95,9.97,,3437900.0
2014-01-21,10.08,10.15,9.96,10.06,,4683800.0
2014-01-22,10.06,10.17,10.03,10.09,,3384100.0
2014-01-23,10.01,10.04,9.8,9.89,,5266300.0
2014-01-24,9.85,9.85,9.44,9.57,,12287800.0
2014-01-27,9.57,9.59,9.36,9.51,,8703400.0
2014-01-28,9.52,9.74,9.5,9.74,,5337000.0
2014-01-29,9.62,9.73,9.54,9.59,,7127300.0
2014-01-30,9.66,9.78,9.61,9.76,,3184900.0
2014-01-31,9.64,9.87,9.59,9.84,,7542400.0
2014-02-03,9.84,9.95,9.57,9.59,,5421100.0
2014-02-04,9.63,9.72,9.53,9.68,,4359500.0
2014-02-05,9.61,9.74,9.5,9.68,,3564300.0
2014-02-06,9.69,9.79,9.65,9.77,,3388800.0
2014-02-07,9.8,9.87,9.74,9.84,,3439100.0
2014-02-10,9.81,9.87,9.67,9.83,,3095300.0
2014-02-11,9.83,10.14,9.82,10.03,,4940400.0
2014-02-12,10.03,10.05,9.92,10.01,,4655900.0
2014-02-13,9.94,10.22,9.94,10.14,,3640600.0
2014-02-14,10.1,10.23,10.09,10.23,,2871900.0
2014-02-18,10.25,10.45,10.23,10.33,,4366100.0
2014-02-19,10.27,10.36,10.05,10.08,,6897500.0
2014-02-20,10.06,10.33,10.06,10.16,,5707300.0
2014-02-21,10.17,10.34,10.12,10.24,,4392900.0
2014-02-24,10.23,10.27,9.96,9.99,,9062200.0
2014-02-25,9.98,10.07,9.9,10.0,,4971900.0
2014-02-26,9.92,10.06,9.81,9.92,,9411200.0
2014-02-27,9.85,9.86,9.61,9.64,,10288000.0
2014-02-28,9.66,9.7,9.5,9.55,,9202800.0
2014-03-03,9.5,9.75,9.48,9.7,,7896500.0
2014-03-04,9.73,9.86,9.71,9.76,,5669400.0
2014-03-05,9.73,9.83,9.71,9.82,,4721700.0
2014-03-06,9.82,9.89,9.73,9.79,,5778800.0
2014-03-07,9.79,9.84,9.7,9.83,,6189800.0
2014-03-10,9.82,9.82,9.68,9.68,,5844300.0
2014-03-11,9.69,9.71,9.47,9.52,,5951700.0
2014-03-12,9.47,9.69,9.46,9.68,,3456300.0
2014-03-13,9.68,9.75,9.64,9.68,,3937800.0
2014-03-14,9.66,9.78,9.65,9.66,,3308400.0
2014-03-17,9.69,9.79,9.65,9.73,,2971400.0
2014-03-18,9.75,9.86,9.74,9.81,,3010500.0
2014-03-19,9.84,9.88,9.64,9.68,,4115500.0
2014-03-20,9.67,9.8,9.59,9.78,,4092300.0
2014-03-21,9.89,9.92,9.71,9.72,,6004500.0
2014-03-24,9.75,9.81,9.62,9.71,,4508800.0
2014-03-25,9.73,9.79,9.68,9.75,,3997900.0
2014-03-26,9.78,9.81,9.6,9.61,,4108700.0
2014-03-27,9.63,9.84,9.62,9.81,,4550100.0
2014-03-28,9.87,10.01,9.85,10.0,,5875900.0
2014-03-31,10.08,10.1,9.92,9.99,,6983300.0
2014-04-01,10.03,10.06,9.96,10.01,,4790700.0
2014-04-02,10.03,10.12,9.95,9.97,,5591500.0
2014-04-03,10.0,10.08,9.95,9.97,,4360000.0
2014-04-04,10.04,10.24,10.0,10.03,,7403700.0
2014-04-07,10.02,10.09,9.92,9.93,,4951600.0
2014-04-08,9.92,10.15,9.87,10.06,,3593100.0
2014-04-09,10.07,10.15,9.92,10.01,,8194800.0
2014-04-10,10.01,10.2,10.0,10.1,,5899500.0
2014-04-11,10.06,10.13,9.87,9.9,,5217900.0
2014-04-14,9.95,10.06,9.89,10.01,,3608300.0
2014-04-15,10.01,10.11,9.89,10.03,,4484900.0
2014-04-16,10.08,10.11,9.92,10.04,,5563500.0
2014-04-17,10.03,10.11,9.93,9.98,,2902500.0
2014-04-21,10.0,10.05,9.86,9.89,,3692400.0
2014-04-22,9.89,9.93,9.8,9.89,,5337800.0
2014-04-23,9.92,10.07,9.92,9.99,,3170800.0
2014-04-24,10.03,10.22,9.99,10.15,,4101300.0
2014-04-25,10.15,10.2,10.03,10.1,,4162700.0
2014-04-28,10.15,10.17,10.02,10.04,,6122200.0
2014-04-29,10.08,10.13,9.9,10.06,,5542200.0
2014-04-30,10.06,10.16,9.97,10.15,,5785000.0
2014-05-01,10.15,10.37,10.13,10.34,,4599400.0
2014-05-02,10.32,10.32,10.04,10.06,,3412000.0
2014-05-05,10.03,10.06,9.96,10.03,,3291900.0
2014-05-06,10.03,10.08,9.95,9.96,,4358500.0
2014-05-07,10.01,10.17,9.99,10.16,,4398400.0
2014-05-08,9.83,10.13,9.79,9.89,,8089100.0
2014-05-09,9.87,10.01,9.8,9.86,,4777400.0
2014-05-12,9.89,9.95,9.8,9.84,,3575800.0
2014-05-13,9.87,9.94,9.83,9.89,,2415200.0
2014-05-14,9.92,10.05,9.87,9.96,,3653200.0
2014-05-15,9.96,10.0,9.89,9.97,,3564900.0
2014-05-16,9.99,10.04,9.89,9.99,,3806000.0
2014-05-19,9.94,9.97,9.77,9.83,,4078100.0
2014-05-20,9.82,9.86,9.67,9.71,,3368000.0
2014-05-21,9.72,9.79,9.51,9.54,,9295700.0
2014-05-22,9.52,9.66,9.42,9.61,,10871600.0
2014-05-23,9.63,9.74,9.54,9.56,,5683500.0
2014-05-27,9.69,9.75,9.64,9.67,,4676500.0
2014-05-28,9.66,9.77,9.57,9.74,,4513100.0
2014-05-29,9.73,9.81,9.69,9.8,,7454700.0
2014-05-30,9.79,9.91,9.68,9.9,,7938400.0
2014-06-02,9.89,9.96,9.83,9.9,,3712000.0
2014-06-03,9.86,10.0,9.84,9.96,,4228500.0
2014-06-04,9.98,10.01,9.8,9.81,,7115400.0
2014-06-05,9.84,10.08,9.84,10.03,,6039100.0
2014-06-06,10.06,10.22,10.05,10.15,,5089200.0
2014-06-09,10.17,10.21,10.1,10.1,,6111500.0
2014-06-10,10.09,10.15,10.02,10.03,,4897300.0
2014-06-11,10.02,10.1,9.95,9.99,,5185700.0
2014-06-12,10.01,10.03,9.89,9.95,,6047700.0
2014-06-13,9.95,10.06,9.89,9.97,,4804600.0
2014-06-16,9.95,10.14,9.94,10.13,,5347500.0
2014-06-17,10.1,10.23,10.05,10.22,,7051900.0
2014-06-18,10.2,10.56,10.19,10.55,,8997200.0
2014-06-19,10.58,10.74,10.58,10.68,,6715800.0
2014-06-20,10.72,10.81,10.66,10.72,,6356500.0
2014-06-23,10.7,10.76,10.67,10.73,,4479400.0
2014-06-24,10.71,10.82,10.65,10.67,,7075700.0
2014-06-25,10.67,10.77,10.54,10.76,,8561900.0
2014-06-26,10.79,10.93,10.66,10.85,,7025400.0
2014-06-27,10.84,10.98,10.82,10.91,,8856100.0
2014-06-30,10.88,10.99,10.76,10.92,,5983200.0
2014-07-01,10.93,10.98,10.79,10.93,,5599400.0
2014-07-02,10.93,10.96,10.78,10.84,,7359400.0
2014-07-03,10.79,10.89,10.71,10.86,,3206100.0
2014-07-07,10.84,10.92,10.82,10.84,,6598400.0
2014-07-08,10.84,10.93,10.79,10.88,,4499900.0
2014-07-09,10.91,10.93,10.74,10.8,,5461600.0
2014-07-10,10.78,10.93,10.75,10.91,,3493700.0
2014-07-11,10.86,10.88,10.76,10.82,,4120600.0
2014-07-14,10.86,10.86,10.64,10.67,,6047000.0
2014-07-15,10.69,10.75,10.55,10.64,,4675500.0
2014-07-16,10.7,10.72,10.6,10.71,,4559400.0
2014-07-17,10.69,10.76,10.56,10.58,,869459.0
2014-07-18,10.59,10.69,10.55,10.67,,1028694.0
2014-07-21,10.65,10.68,10.53,10.64,,2544000.0
2014-07-22,10.7,10.77,10.63,10.69,,3580400.0
2014-07-23,10.68,10.69,10.61,10.67,,2454600.0
2014-07-24,10.7,10.75,10.59,10.73,,3098000.0
2014-07-25,10.69,10.74,10.58,10.6,,3256300.0
2014-07-28,10.58,10.66,10.47,10.53,,3282400.0
2014-07-29,10.68,10.74,10.6,10.6,,2436300.0
2014-07-30,10.61,10.7,10.5,10.56,,3273400.0
2014-07-31,10.49,10.56,10.27,10.29,,3890900.0
2014-08-01,10.24,10.43,10.19,10.36,,1125150.0
2014-08-04,10.34,10.43,10.17,10.43,,1284689.0
2014-08-05,10.39,10.43,10.17,10.22,,4224700.0
2014-08-06,10.15,10.18,10.03,10.12,,6789600.0
2014-08-07,9.87,10.18,9.87,10.14,,4431200.0
2014-08-08,10.17,10.39,10.16,10.39,,4125800.0
2014-08-11,10.4,10.5,10.24,10.26,,4825200.0
2014-08-12,10.26,10.35,10.22,10.28,,3826900.0
2014-08-13,10.28,10.42,10.28,10.34,,3471400.0
2014-08-14,10.34,10.52,10.34,10.5,,2037700.0
2014-08-15,10.53,10.56,10.37,10.43,,2811900.0
2014-08-18,10.47,10.56,10.38,10.39,,2504500.0
2014-08-19,10.43,10.51,10.39,10.5,,2418400.0
2014-08-20,10.46,10.62,10.42,10.6,,4216100.0
2014-08-21,10.61,10.72,10.59,10.62,,2241100.0
2014-08-22,10.59,10.63,10.48,10.58,,2929500.0
2014-08-25,10.65,10.69,10.56,10.68,,1898400.0
2014-08-26,10.7,10.7,10.58,10.59,,2702300.0
2014-08-27,10.61,10.64,10.55,10.6,,2335700.0
2014-08-28,10.56,10.65,10.53,10.64,,1851500.0
2014-08-29,10.64,10.71,10.59,10.7,,1828500.0
2014-09-02,10.69,10.72,10.48,10.53,,3803700.0
2014-09-03,10.54,10.56,10.23,10.26,,6911300.0
2014-09-04,10.27,10.36,10.2,10.34,,4481800.0
2014-09-05,10.34,10.49,10.3,10.49,,3000000.0
2014-09-08,10.46,10.58,10.44,10.53,,3945100.0
2014-09-09,10.49,10.49,10.37,10.39,,3120000.0
2014-09-10,10.39,10.43,10.18,10.2,,4106300.0
2014-09-11,10.2,10.27,10.17,10.23,,4485200.0
2014-09-12,10.19,10.25,10.11,10.15,,3701700.0
2014-09-15,10.16,10.22,10.1,10.15,,2658200.0
2014-09-16,10.15,10.31,10.11,10.27,,2893700.0
2014-09-17,10.29,10.34,10.14,10.19,,2931700.0
2014-09-18,10.17,10.27,10.14,10.19,,2682600.0
2014-09-19,10.26,10.38,10.21,10.36,,4797600.0
2014-09-22,10.32,10.34,10.22,10.25,,2963476.0
2014-09-23,10.23,10.26,10.16,10.22,,2831745.0
2014-09-24,10.22,10.24,10.14,10.19,,2327858.0
2014-09-25,10.15,10.19,9.97,9.97,,3789766.0
2014-09-26,9.97,10.07,9.93,10.02,,2715861.0
2014-09-29,9.97,10.05,9.91,10.01,,2456782.0
2014-09-30,10.04,10.1,9.9,9.99,,3619160.0
2014-10-01,10.0,10.15,9.96,10.0,,4295371.0
2014-10-02,10.0,10.09,9.85,9.96,,4880287.0
2014-10-03,9.98,10.0,9.88,9.96,,3760044.0
2014-10-06,10.01,10.13,9.99,10.08,,3192871.0
2014-10-07,10.04,10.18,9.97,10.03,,3846988.0
2014-10-08,10.02,10.09,9.73,9.89,,7524608.0
2014-10-09,9.86,9.91,9.46,9.49,,6476449.0
2014-10-10,9.53,9.65,9.31,9.34,,7317843.0
2014-10-13,9.31,9.46,9.23,9.26,,5525368.0
2014-10-14,9.3,9.53,9.25,9.31,,6423456.0
2014-10-15,9.2,9.26,8.72,9.05,,7362487.0
2014-10-16,8.95,9.23,8.87,9.15,,8196741.0
2014-10-17,9.17,9.4,9.12,9.36,,11090913.0
2014-10-20,9.37,9.45,9.26,9.41,,5166941.0
2014-10-21,9.47,9.57,9.44,9.52,,4427460.0
2014-10-22,9.5,9.66,9.48,9.6,,5524601.0
2014-10-23,9.74,9.76,9.57,9.57,,3982466.0
2014-10-24,9.57,9.69,9.5,9.67,,4252017.0
2014-10-27,9.66,9.67,9.39,9.46,,5125772.0
2014-10-28,9.46,9.58,9.41,9.58,,4499505.0
2014-10-29,9.63,9.65,9.34,9.45,,4776094.0
2014-10-30,9.47,9.88,9.47,9.86,,4383987.0
2014-10-31,9.95,9.96,9.83,9.95,,3945905.0
2014-11-03,10.01,10.08,9.94,9.98,,4977558.0
2014-11-04,9.98,10.0,9.68,9.73,,4371647.0
2014-11-05,9.82,9.89,9.71,9.86,,14820722.0
2014-11-06,9.57,9.57,9.2,9.23,,11404751.0
2014-11-07,9.26,9.52,9.22,9.52,,7496987.0
2014-11-10,9.49,9.64,9.48,9.64,,4698860.0
2014-11-11,9.63,9.65,9.52,9.54,,5532917.0
2014-11-12,9.45,9.72,9.38,9.5,,12079389.0
2014-11-13,9.53,9.74,9.52,9.68,,8959086.0
2014-11-14,9.65,9.67,9.52,9.52,,5097679.0
2014-11-17,9.5,9.73,9.43,9.73,,6114003.0
2014-11-18,9.72,9.84,9.7,9.72,,5609921.0
2014-11-19,9.67,9.84,9.57,9.84,,5654869.0
2014-11-20,9.8,9.86,9.77,9.85,,5420430.0
2014-11-21,9.95,9.98,9.86,9.97,,3721705.0
2014-11-24,10.0,10.03,9.92,9.96,,4227335.0
2014-11-25,9.92,9.93,9.79,9.84,,6541458.0
2014-11-26,9.83,9.88,9.75,9.77,,3396984.0
2014-11-28,9.75,9.83,9.74,9.81,,2976520.0
2014-12-01,9.76,9.82,9.65,9.65,,4832817.0
2014-12-02,9.55,9.84,9.47,9.79,,6607751.0
2014-12-03,9.76,9.9,9.52,9.76,,10515948.0
2014-12-04,9.77,9.81,9.62,9.72,,3592623.0
2014-12-05,9.63,9.74,9.59,9.67,,5065143.0
2014-12-08,9.65,9.72,9.53,9.62,,7063526.0
2014-12-09,9.52,9.81,9.52,9.8,,5717991.0
2014-12-10,9.78,9.8,9.4,9.45,,6248529.0
2014-12-11,9.45,9.52,9.31,9.34,,5694135.0
2014-12-12,9.29,9.52,9.26,9.4,,5031428.0
2014-12-15,9.69,9.7,9.11,9.2,,9109008.0
2014-12-16,9.2,9.4,9.04,9.04,,8196877.0
2014-12-17,9.09,9.31,9.09,9.28,,10051998.0
2014-12-18,9.37,9.41,9.21,9.34,,7685225.0
2014-12-19,9.37,9.62,9.35,9.55,,8470322.0
2014-12-22,9.55,9.67,9.46,9.66,,4936920.0
2014-12-23,9.7,9.85,9.64,9.65,,5018952.0
2014-12-24,9.66,9.79,9.63,9.76,,2828422.0
2014-12-26,9.8,10.1,9.8,10.05,,4221465.0
2014-12-29,10.05,10.25,10.03,10.16,,3452401.0
2014-12-30,10.14,10.15,9.85,9.91,,4318106.0
2014-12-31,9.92,9.92,9.72,9.74,,3758579.0
2015-01-02,9.8,9.81,9.55,9.69,,5228725.0
2015-01-05,9.67,9.69,9.36,9.41,,5411368.0
2015-01-06,9.41,9.52,9.15,9.2,,7171225.0
2015-01-07,9.27,9.28,9.14,9.21,,4931998.0
2015-01-08,9.3,9.45,9.26,9.35,,6674350.0
2015-01-09,9.38,9.4,9.1,9.12,,5295837.0
2015-01-12,9.1,9.16,8.87,9.11,,9184037.0
2015-01-13,9.17,9.32,9.12,9.21,,6227808.0
2015-01-14,9.14,9.31,9.06,9.29,,4677008.0
2015-01-15,9.3,9.46,9.25,9.26,,7513496.0
2015-01-16,9.29,9.47,9.28,9.45,,6423020.0
2015-01-20,9.5,9.54,9.14,9.26,,6671875.0
2015-01-21,9.17,9.35,9.11,9.33,,5309528.0
2015-01-22,9.38,9.41,9.08,9.14,,4864679.0
2015-01-23,9.14,9.2,8.97,8.97,,7665974.0
2015-01-26,8.96,9.0,8.82,9.0,,4682239.0
2015-01-27,8.94,9.04,8.87,9.0,,3538460.0
2015-01-28,9.01,9.06,8.7,8.71,,5554403.0
2015-01-29,8.68,8.82,8.65,8.8,,5447146.0
2015-01-30,8.71,8.87,8.68,8.71,,6475030.0
2015-02-02,8.73,8.82,8.68,8.81,,5404963.0
2015-02-03,8.8,9.07,8.8,8.9,,8190068.0
2015-02-04,8.85,9.05,8.83,8.92,,5828283.0
2015-02-05,8.97,9.05,8.92,9.03,,3304993.0
2015-02-06,8.98,9.02,8.57,8.6,,7097745.0
2015-02-09,8.59,8.67,8.41,8.45,,7783493.0
2015-02-10,8.37,8.7,8.22,8.67,,11225954.0
2015-02-11,8.59,8.63,8.42,8.5,,9966547.0
2015-02-12,8.55,8.58,8.43,8.45,,4403059.0
2015-02-13,8.44,8.58,8.36,8.45,,4336572.0
2015-02-17,8.45,8.45,8.23,8.3,,5690292.0
2015-02-18,8.29,8.48,8.25,8.43,,5922615.0
2015-02-19,8.4,8.53,8.39,8.45,,4350576.0
2015-02-20,8.45,8.48,8.3,8.48,,5632356.0
2015-02-23,8.48,8.53,8.39,8.5,,3463702.0
2015-02-24,8.46,8.66,8.45,8.64,,6941696.0
2015-02-25,8.63,8.68,8.46,8.55,,9024433.0
2015-02-26,8.64,9.08,8.64,9.0,,11809360.0
2015-02-27,9.04,9.27,8.96,9.25,,13541891.0
2015-03-02,9.2,9.2,8.95,9.02,,8968977.0
2015-03-03,9.02,9.28,9.02,9.27,,9570237.0
2015-03-04,9.21,9.26,9.06,9.09,,7084452.0
2015-03-05,9.11,9.15,9.03,9.05,,6011040.0
2015-03-06,8.92,9.04,8.69,8.72,,7885765.0
2015-03-09,8.74,8.78,8.64,8.69,,7395547.0
2015-03-10,8.64,8.71,8.61,8.64,,10515675.0
2015-03-11,8.63,8.68,8.53,8.59,,7554515.0
2015-03-12,8.62,8.65,8.56,8.63,,6946762.0
2015-03-13,8.58,8.59,8.43,8.5,,7016805.0
2015-03-16,8.55,8.64,8.53,8.56,,5400729.0
2015-03-17,8.55,8.72,8.55,8.69,,5414884.0
2015-03-18,8.72,9.06,8.66,9.01,,6142990.0
2015-03-19,9.0,9.07,8.89,8.92,,4109687.0
2015-03-20,8.94,9.15,8.9,9.15,,9076508.0
2015-03-23,9.15,9.25,9.1,9.18,,3821333.0
2015-03-24,9.14,9.25,8.99,9.05,,4734229.0
2015-03-25,9.05,9.05,8.82,8.91,,5064409.0
2015-03-26,8.89,8.95,8.79,8.88,,3967483.0
2015-03-27,8.9,9.0,8.83,8.9,,3532781.0
2015-03-30,8.92,9.12,8.9,9.08,,3694103.0
2015-03-31,9.08,9.17,9.04,9.16,,4051317.0
2015-04-01,9.17,9.23,9.01,9.15,,5371222.0
2015-04-02,9.12,9.2,9.06,9.15,,3860683.0
2015-04-06,9.17,9.54,9.16,9.5,,7424649.0
2015-04-07,9.49,9.49,9.37,9.37,,3424934.0
2015-04-08,9.42,9.47,9.3,9.35,,5015792.0
2015-04-09,9.32,9.35,9.22,9.3,,2901473.0
2015-04-10,9.32,9.42,9.26,9.41,,2411733.0
2015-04-13,9.39,9.4,9.25,9.25,,3576537.0
2015-04-14,9.28,9.46,9.26,9.46,,3806114.0
2015-04-15,9.49,9.56,9.47,9.52,,4993394.0
2015-04-16,9.48,9.57,9.41,9.47,,3877924.0
2015-04-17,9.39,9.51,9.36,9.38,,2823237.0
2015-04-20,9.4,9.55,9.39,9.44,,2949482.0
2015-04-21,9.45,9.54,9.27,9.5,,10480790.0
2015-04-22,9.57,9.69,9.39,9.67,,8470891.0
2015-04-23,9.63,9.71,9.48,9.49,,4944951.0
2015-04-24,9.5,9.74,9.46,9.6,,4989358.0
2015-04-27,9.65,9.7,9.43,9.45,,4778045.0
2015-04-28,9.44,9.55,9.36,9.55,,3413912.0
2015-04-29,9.46,9.6,9.35,9.59,,7989538.0
2015-04-30,9.57,9.57,9.37,9.45,,6241542.0
2015-05-01,9.51,9.55,9.37,9.53,,3362833.0
2015-05-04,9.64,9.85,9.56,9.8,,5056994.0
2015-05-05,9.77,9.77,9.65,9.68,,7865887.0
2015-05-06,9.69,9.71,9.55,9.66,,6778029.0
2015-05-07,9.69,9.8,9.61,9.72,,4460939.0
2015-05-08,9.85,9.93,9.75,9.81,,6244606.0
2015-05-11,9.55,9.94,9.48,9.83,,6797677.0
2015-05-12,9.75,9.85,9.6,9.85,,8162303.0
2015-05-13,9.68,9.7,9.55,9.6,,46067618.0
2015-05-14,9.7,9.76,9.58,9.72,,9334159.0
2015-05-15,9.74,9.88,9.69,9.84,,4707622.0
2015-05-18,9.81,9.88,9.75,9.87,,3979630.0
2015-05-19,9.83,9.83,9.56,9.78,,7772460.0
2015-05-20,9.81,9.9,9.77,9.79,,7150841.0
2015-05-21,9.78,9.9,9.75,9.9,,4188237.0
2015-05-22,9.86,9.9,9.76,9.84,,4367909.0
2015-05-26,9.83,9.84,9.6,9.64,,5193525.0
2015-05-27,9.79,9.8,9.62,9.65,,4055888.0
2015-05-28,9.62,9.67,9.55,9.57,,3498598.0
2015-05-29,9.57,9.77,9.55,9.77,,7877756.0
2015-06-01,9.76,9.86,9.7,9.8,,5456899.0
2015-06-02,9.74,9.75,9.55,9.66,,5670527.0
2015-06-03,9.65,9.66,9.26,9.44,,7423394.0
2015-06-04,9.39,9.45,9.33,9.35,,5948975.0
2015-06-05,9.4,9.51,9.32,9.44,,8965640.0
2015-06-08,9.42,9.45,9.35,9.39,,4516921.0
2015-06-09,9.39,9.7,9.38,9.7,,9146188.0
2015-06-10,9.8,9.8,9.55,9.57,,5886451.0
2015-06-11,9.62,9.75,9.57,9.71,,4962357.0
2015-06-12,9.68,9.71,9.56,9.59,,3640202.0
2015-06-15,9.57,9.68,9.54,9.65,,5385757.0
2015-06-16,9.67,9.77,9.57,9.75,,3959727.0
2015-06-17,9.78,9.86,9.71,9.82,,5207832.0
2015-06-18,9.82,9.97,9.78,9.95,,5044833.0
2015-06-19,9.96,10.03,9.89,9.95,,6008683.0
2015-06-22,9.98,10.07,9.89,10.01,,4468882.0
2015-06-23,10.01,10.03,9.82,9.85,,5309445.0
2015-06-24,9.85,9.91,9.72,9.8,,5063533.0
2015-06-25,9.8,9.81,9.67,9.72,,4029094.0
2015-06-26,9.69,9.72,9.57,9.67,,5044651.0
2015-06-29,9.63,9.71,9.44,9.45,,4530149.0
2015-06-30,9.49,9.55,9.37,9.52,,6800052.0
2015-07-01,9.55,9.6,9.44,9.47,,4998049.0
2015-07-02,9.53,9.62,9.45,9.55,,3617529.0
2015-07-06,9.51,9.55,9.42,9.48,,3919731.0
2015-07-07,9.5,9.58,9.46,9.51,,8859125.0
2015-07-08,9.47,9.58,9.18,9.27,,7149274.0
2015-07-09,9.33,9.43,9.33,9.34,,6932233.0
2015-07-10,9.37,9.45,9.35,9.41,,6068608.0
2015-07-13,9.46,9.47,9.35,9.37,,4851896.0
2015-07-14,9.37,9.52,9.37,9.42,,6135648.0
2015-07-15,9.41,9.47,9.37,9.47,,6103357.0
2015-07-16,9.48,9.61,9.44,9.59,,4576477.0
2015-07-17,9.59,9.61,9.44,9.49,,4233918.0
2015-07-20,9.46,9.46,9.29,9.39,,5091612.0
2015-07-21,9.35,9.35,9.24,9.29,,3617374.0
2015-07-22,9.27,9.5,9.27,9.46,,5692711.0
2015-07-23,9.44,9.48,9.25,9.29,,4408040.0
2015-07-24,9.28,9.28,9.11,9.19,,3495372.0
2015-07-27,9.14,9.33,9.11,9.29,,5415092.0
2015-07-28,9.29,9.34,9.13,9.17,,5980561.0
2015-07-29,9.19,9.22,9.12,9.21,,6472255.0
2015-07-30,9.23,9.3,9.16,9.19,,4720278.0
2015-07-31,9.27,9.38,9.24,9.27,,4256475.0
2015-08-03,9.28,9.37,9.16,9.22,,3023652.0
2015-08-04,9.2,9.29,9.07,9.09,,2903466.0
2015-08-05,9.13,9.25,9.09,9.11,,2677228.0
2015-08-06,9.11,9.14,8.93,9.12,,5254185.0
2015-08-07,9.15,9.26,9.11,9.15,,4149126.0
2015-08-10,9.11,9.25,9.06,9.18,,3423137.0
2015-08-11,9.16,9.27,8.88,8.94,,5916004.0
2015-08-12,8.93,9.48,8.93,9.45,,7778608.0
2015-08-13,9.42,9.56,9.14,9.16,,5960000.0
2015-08-14,9.14,9.31,9.12,9.27,,3262318.0
2015-08-17,9.27,9.4,9.17,9.32,,4593544.0
2015-08-18,9.3,9.32,9.23,9.28,,3080968.0
2015-08-19,9.22,9.23,9.01,9.08,,4928860.0
2015-08-20,8.98,9.13,8.9,8.91,,5792347.0
2015-08-21,8.8,8.93,8.63,8.69,,5420752.0
2015-08-24,8.16,8.49,8.07,8.35,,16764846.0
2015-08-25,8.53,8.61,8.2,8.21,,9287667.0
2015-08-26,8.37,8.46,8.25,8.43,,8578608.0
2015-08-27,8.53,8.62,8.43,8.59,,8194943.0
2015-08-28,8.64,8.79,8.55,8.76,,4924294.0
2015-08-31,8.72,8.74,8.56,8.69,,6464374.0
2015-09-01,8.51,8.54,8.21,8.28,,6132222.0
2015-09-02,8.38,8.42,8.12,8.19,,5958956.0
2015-09-03,8.22,8.33,8.14,8.28,,6344974.0
2015-09-04,8.19,8.19,7.96,7.98,,4799604.0
2015-09-08,8.14,8.22,8.03,8.19,,7716796.0
2015-09-09,8.25,8.37,8.16,8.18,,5740855.0
2015-09-10,8.13,8.3,8.11,8.14,,6733995.0
2015-09-11,8.11,8.14,8.0,8.06,,3949784.0
2015-09-14,8.05,8.14,7.96,8.01,,5485854.0
2015-09-15,8.04,8.09,7.96,8.05,,5604712.0
2015-09-16,8.07,8.11,8.04,8.09,,7226153.0
2015-09-17,8.09,8.24,8.01,8.09,,6194497.0
2015-09-18,8.0,8.05,7.88,7.92,,9536668.0
2015-09-21,7.96,8.03,7.78,7.8,,5737381.0
2015-09-22,7.77,7.8,7.55,7.59,,9721436.0
2015-09-23,7.6,7.61,7.34,7.34,,8353348.0
2015-09-24,7.28,7.3,7.13,7.24,,10031727.0
2015-09-25,7.3,7.35,7.17,7.21,,8741416.0
2015-09-28,7.18,7.28,7.09,7.1,,6550346.0
2015-09-29,7.1,7.14,6.82,6.85,,7961175.0
2015-09-30,6.9,7.11,6.86,7.09,,11230173.0
2015-10-01,7.14,7.24,7.04,7.16,,8680293.0
2015-10-02,7.1,7.3,7.09,7.3,,5792071.0
2015-10-05,7.35,7.54,7.34,7.43,,6932903.0
2015-10-06,7.41,7.57,7.35,7.57,,9134497.0
2015-10-07,7.64,7.78,7.59,7.62,,9670598.0
2015-10-08,7.59,7.82,7.58,7.79,,5153640.0
2015-10-09,7.8,7.85,7.71,7.76,,4888994.0
2015-10-12,7.77,7.85,7.71,7.75,,3739142.0
2015-10-13,7.7,7.85,7.69,7.69,,6091176.0
2015-10-14,7.7,7.79,7.64,7.65,,5219299.0
2015-10-15,7.69,7.81,7.61,7.8,,5732545.0
2015-10-16,7.83,7.83,7.69,7.8,,4815098.0
2015-10-19,7.73,7.77,7.62,7.77,,8835864.0
2015-10-20,7.74,7.9,7.67,7.88,,5857197.0
2015-10-21,7.93,8.01,7.77,7.79,,4412177.0
2015-10-22,7.83,7.99,7.78,7.99,,6531520.0
2015-10-23,8.02,8.08,7.9,8.0,,6876383.0
2015-10-26,7.96,8.0,7.8,7.88,,5762736.0
2015-10-27,7.84,7.89,7.78,7.87,,6140649.0
2015-10-28,7.88,8.11,7.83,8.05,,6819273.0
2015-10-29,8.0,8.09,7.94,8.04,,5062382.0
2015-10-30,8.04,8.09,7.98,8.0,,4194626.0
2015-11-02,8.02,8.1,7.97,8.05,,4724848.0
2015-11-03,7.99,8.06,7.87,7.98,,8388328.0
2015-11-04,8.0,8.08,7.88,7.9,,5298790.0
2015-11-05,7.66,7.82,7.2,7.22,,12512245.0
2015-11-06,7.14,7.47,7.02,7.45,,8551812.0
2015-11-09,7.42,7.47,7.17,7.23,,6001500.0
2015-11-10,7.28,7.39,7.26,7.36,,6384621.0
2015-11-11,7.38,7.4,7.21,7.34,,3918738.0
2015-11-12,7.19,7.36,7.11,7.11,,7210317.0
2015-11-13,7.13,7.23,7.1,7.16,,5439800.0
2015-11-16,7.14,7.23,7.06,7.17,,5320469.0
2015-11-17,7.17,7.25,6.94,6.97,,5588619.0
2015-11-18,6.99,7.12,6.94,7.11,,4158455.0
2015-11-19,7.1,7.13,6.9,6.99,,5628578.0
2015-11-20,7.03,7.17,7.0,7.06,,3591937.0
2015-11-23,7.06,7.12,7.0,7.06,,5666145.0
2015-11-24,7.04,7.26,7.02,7.23,,5932831.0
2015-11-25,7.06,7.25,7.06,7.22,,3413990.0
2015-11-27,7.22,7.32,7.18,7.3,,3529054.0
2015-11-30,7.3,7.36,7.29,7.3,,5934667.0
2015-12-01,7.32,7.37,7.25,7.29,,5685110.0
2015-12-02,7.3,7.3,7.01,7.01,,6522096.0
2015-12-03,6.98,7.12,6.94,6.95,,8198459.0
2015-12-04,6.95,7.01,6.79,6.81,,7114563.0
2015-12-07,6.76,6.79,6.55,6.73,,6041635.0
2015-12-08,6.65,6.77,6.63,6.72,,5166397.0
2015-12-09,6.71,6.89,6.68,6.76,,4657487.0
2015-12-10,6.76,6.83,6.69,6.78,,3841453.0
2015-12-11,6.7,6.72,6.54,6.55,,5028587.0
2015-12-14,6.61,6.68,6.4,6.45,,8151752.0
2015-12-15,6.5,6.84,6.49,6.76,,9589443.0
2015-12-16,6.79,6.86,6.67,6.84,,6392508.0
2015-12-17,6.84,6.94,6.69,6.72,,5173691.0
2015-12-18,6.7,6.71,6.53,6.62,,10511404.0
2015-12-21,6.63,6.78,6.58,6.69,,6410932.0
2015-12-22,6.71,6.8,6.68,6.79,,5072642.0
2015-12-23,6.81,7.0,6.8,6.97,,4075906.0
2015-12-24,6.96,7.05,6.95,7.0,,1518195.0
2015-12-28,6.98,7.03,6.86,6.91,,3747720.0
2015-12-29,6.98,7.04,6.92,7.02,,3063959.0
2015-12-30,7.02,7.06,6.94,6.94,,3101117.0
2015-12-31,6.94,7.11,6.84,6.99,,5060221.0
2016-01-04,6.9,6.92,6.73,6.89,,4813485.0
2016-01-05,6.92,7.01,6.78,6.98,,4393783.0
2016-01-06,6.87,6.92,6.72,6.74,,4588059.0
2016-01-07,6.64,6.72,6.57,6.57,,7402894.0
2016-01-08,6.58,6.72,6.41,6.67,,8175649.0
2016-01-11,6.66,6.73,6.43,6.6,,7406266.0
2016-01-12,6.65,6.65,6.34,6.39,,6157714.0
2016-01-13,6.43,6.63,6.26,6.31,,8486911.0
2016-01-14,6.33,6.49,6.22,6.46,,10537983.0
2016-01-15,6.3,6.32,6.08,6.24,,8596063.0
2016-01-19,6.31,6.45,6.16,6.37,,8836748.0
2016-01-20,6.28,6.36,6.0,6.3,,9920310.0
2016-01-21,6.31,6.77,6.27,6.65,,10492279.0
2016-01-22,6.78,6.86,6.63,6.7,,5393892.0
2016-01-25,6.67,6.71,6.38,6.38,,7285207.0
2016-01-26,6.44,6.65,6.41,6.6,,4371986.0
2016-01-27,6.6,6.73,6.55,6.63,,4713809.0
2016-01-28,6.73,6.82,6.64,6.69,,5352185.0
2016-01-29,6.74,7.03,6.73,7.02,,11456204.0
2016-02-01,7.0,7.05,6.87,6.99,,6064578.0
2016-02-02,6.92,7.01,6.85,6.86,,7765226.0
2016-02-03,6.95,7.23,6.92,7.2,,9212117.0
2016-02-04,7.17,7.47,7.17,7.24,,8354671.0
2016-02-05,7.05,7.37,7.05,7.2,,8137673.0
2016-02-08,7.15,7.17,6.89,6.98,,6015280.0
2016-02-09,6.89,7.12,6.8,7.03,,5530347.0
2016-02-10,7.02,7.11,6.84,7.04,,4248745.0
2016-02-11,6.93,6.95,6.63,6.65,,8645875.0
2016-02-12,6.66,6.79,6.56,6.78,,6144559.0
2016-02-16,6.86,6.99,6.8,6.93,,4704563.0
2016-02-17,6.98,7.2,6.93,7.11,,6398113.0
2016-02-18,7.12,7.21,7.02,7.17,,4311130.0
2016-02-19,7.12,7.12,6.9,6.95,,4271050.0
2016-02-22,7.14,7.24,7.04,7.23,,4768212.0
2016-02-23,7.17,7.23,7.03,7.08,,4174304.0
2016-02-24,7.02,7.49,6.89,7.41,,7188977.0
2016-02-25,7.41,7.45,7.03,7.37,,6824333.0
2016-02-26,7.4,7.49,7.24,7.29,,4623544.0
2016-02-29,7.28,7.36,7.23,7.24,,4280485.0
2016-03-01,7.26,7.51,7.21,7.48,,5069608.0
2016-03-02,7.43,7.6,7.34,7.6,,4193632.0
2016-03-03,7.6,7.73,7.46,7.72,,4893363.0
2016-03-04,7.71,8.0,7.59,7.97,,6368493.0
2016-03-07,7.94,8.12,7.89,8.05,,6156045.0
2016-03-08,8.02,8.03,7.82,7.85,,6036518.0
2016-03-09,7.9,7.97,7.74,7.76,,9489468.0
2016-03-10,7.76,7.99,7.71,7.99,,4153639.0
2016-03-11,8.08,8.14,8.0,8.06,,4683320.0
2016-03-14,8.03,8.14,7.99,8.1,,4161988.0
2016-03-15,8.05,8.13,8.02,8.11,,6634454.0
2016-03-16,8.08,8.43,8.06,8.42,,8630453.0
2016-03-17,8.4,8.55,8.34,8.52,,6899458.0
2016-03-18,8.52,8.65,8.52,8.59,,8059793.0
2016-03-21,8.57,8.6,8.51,8.53,,6269886.0
2016-03-22,8.5,8.61,8.42,8.53,,6774410.0
2016-03-23,8.56,8.56,8.34,8.35,,5362002.0
2016-03-24,8.31,8.56,8.25,8.55,,7712164.0
2016-03-28,8.58,8.59,8.43,8.43,,6334973.0
2016-03-29,8.41,8.62,8.38,8.61,,4601048.0
2016-03-30,8.67,8.7,8.57,8.59,,3254503.0
2016-03-31,8.59,8.72,8.55,8.72,,5656000.0
2016-04-01,8.63,8.63,8.43,8.55,,8260718.0
2016-04-04,8.54,8.61,8.36,8.39,,5432728.0
2016-04-05,8.33,8.36,8.17,8.18,,9099741.0
2016-04-06,8.18,8.22,8.08,8.19,,6786503.0
2016-04-07,8.11,8.25,7.97,8.02,,7210535.0
2016-04-08,8.06,8.24,8.06,8.1,,4505443.0
2016-04-11,8.14,8.23,8.1,8.14,,4628527.0
2016-04-12,8.17,8.27,8.13,8.25,,3976280.0
2016-04-13,8.29,8.34,8.2,8.3,,4542875.0
2016-04-14,8.29,8.38,8.27,8.31,,2510960.0
2016-04-15,8.3,8.37,8.28,8.31,,3402270.0
2016-04-18,8.26,8.39,8.17,8.36,,3226833.0
2016-04-19,8.4,8.53,8.39,8.5,,3985255.0
2016-04-20,8.5,8.52,8.31,8.33,,2991370.0
2016-04-21,8.33,8.38,8.17,8.21,,3405591.0
2016-04-22,8.24,8.35,8.18,8.26,,2706852.0
2016-04-25,8.25,8.28,8.12,8.13,,3371969.0
2016-04-26,8.14,8.28,8.14,8.28,,3576917.0
2016-04-27,8.31,8.48,8.22,8.41,,3914830.0
2016-04-28,8.36,8.44,8.25,8.3,,4888655.0
2016-04-29,8.3,8.34,8.15,8.33,,4692204.0
2016-05-02,8.32,8.48,8.3,8.43,,3722711.0
2016-05-03,8.36,8.39,8.17,8.31,,4572123.0
2016-05-04,8.27,8.37,8.23,8.33,,4180296.0
2016-05-05,8.39,8.41,8.21,8.26,,3350183.0
2016-05-06,8.23,8.29,8.17,8.27,,3152926.0
2016-05-09,8.17,8.39,8.06,8.33,,4775367.0
2016-05-10,8.36,8.57,8.31,8.54,,3476509.0
2016-05-11,8.51,8.56,8.39,8.45,,4283656.0
2016-05-12,8.5,8.54,8.37,8.41,,3482296.0
2016-05-13,8.38,8.4,8.26,8.33,,3384764.0
2016-05-16,8.34,8.39,8.28,8.29,,3072802.0
2016-05-17,8.27,8.32,8.16,8.22,,3695598.0
2016-05-18,8.19,8.26,7.97,8.01,,4433992.0
2016-05-19,7.95,8.04,7.83,8.01,,7749561.0
2016-05-20,8.03,8.13,8.01,8.13,,2864840.0
2016-05-23,8.1,8.13,8.01,8.01,,2852103.0
2016-05-24,8.07,8.16,8.03,8.14,,3485841.0
2016-05-25,8.13,8.26,8.07,8.19,,3651832.0
2016-05-26,8.2,8.23,8.12,8.13,,4934040.0
2016-05-27,8.13,8.31,8.13,8.29,,3014315.0
2016-05-31,8.3,8.38,8.2,8.28,,6156066.0
2016-06-01,8.24,8.26,8.14,8.16,,4592183.0
2016-06-02,8.13,8.22,8.05,8.09,,5454815.0
2016-06-03,8.16,8.43,8.1,8.37,,7127757.0
2016-06-06,8.39,8.54,8.37,8.5,,3685267.0
2016-06-07,8.5,8.62,8.48,8.59,,4208679.0
2016-06-08,8.62,8.62,8.49,8.53,,4651352.0
2016-06-09,8.48,8.55,8.37,8.54,,3313949.0
2016-06-10,8.44,8.5,8.33,8.36,,4540175.0
2016-06-13,8.34,8.38,8.3,8.34,,3823114.0
2016-06-14,8.31,8.33,8.22,8.3,,3944262.0
2016-06-15,8.3,8.37,8.22,8.25,,4433154.0
2016-06-16,8.21,8.41,8.14,8.4,,4554041.0
2016-06-17,8.43,8.67,8.41,8.66,,7971165.0
2016-06-20,8.74,8.89,8.72,8.84,,7611348.0
2016-06-21,8.86,9.01,8.79,8.96,,6218865.0
2016-06-22,8.98,9.0,8.91,8.95,,5205833.0
2016-06-23,9.01,9.06,8.96,9.03,,3924907.0
2016-06-24,8.84,8.95,8.68,8.87,,8944269.0
2016-06-27,8.75,8.76,8.43,8.51,,10530472.0
2016-06-28,8.57,8.81,8.45,8.8,,8064499.0
2016-06-29,8.88,9.02,8.84,8.98,,6747173.0
2016-06-30,9.01,9.31,8.95,9.31,,10360981.0
2016-07-01,9.31,9.35,9.14,9.2,,4320921.0
2016-07-05,9.14,9.17,8.99,9.1,,5444374.0
2016-07-06,9.05,9.14,8.97,9.13,,4760601.0
2016-07-07,9.11,9.15,8.95,9.03,,4849624.0
2016-07-08,9.07,9.19,8.98,9.19,,4182449.0
2016-07-11,9.19,9.37,9.13,9.37,,3808214.0
2016-07-12,9.38,9.46,9.31,9.31,,3396785.0
2016-07-13,9.38,9.43,9.25,9.42,,5046495.0
2016-07-14,9.43,9.46,9.28,9.34,,2987457.0
2016-07-15,9.37,9.46,9.34,9.42,,3749596.0
2016-07-18,9.42,9.42,9.34,9.38,,2273702.0
2016-07-19,9.33,9.34,9.22,9.34,,3343406.0
2016-07-20,9.33,9.39,9.25,9.37,,3038502.0
2016-07-21,9.37,9.41,9.31,9.4,,3563489.0
2016-07-22,9.39,9.46,9.34,9.44,,2738356.0
2016-07-25,9.43,9.49,9.41,9.45,,3189091.0
2016-07-26,9.45,9.46,9.35,9.41,,3532385.0
2016-07-27,9.42,9.45,9.15,9.23,,4206968.0
2016-07-28,9.22,9.26,9.11,9.22,,2243981.0
2016-07-29,9.2,9.34,9.13,9.3,,5621382.0
2016-08-01,9.28,9.31,9.13,9.16,,4826519.0
2016-08-02,9.14,9.21,9.09,9.17,,4365379.0
2016-08-03,9.19,9.48,9.14,9.34,,4452692.0
2016-08-04,9.32,9.37,9.19,9.34,,3850873.0
2016-08-05,9.37,9.43,9.11,9.21,,6722797.0
2016-08-08,9.25,9.28,9.14,9.17,,3218185.0
2016-08-09,9.17,9.22,9.06,9.09,,3806025.0
2016-08-10,9.07,9.18,9.07,9.17,,3237256.0
2016-08-11,9.18,9.22,9.12,9.22,,3343717.0
2016-08-12,9.22,9.31,9.19,9.2,,3451913.0
2016-08-15,9.22,9.28,9.1,9.1,,3011722.0
2016-08-16,9.04,9.1,9.0,9.04,,5935006.0
2016-08-17,9.04,9.27,8.95,9.25,,6745135.0
2016-08-18,9.24,9.41,9.22,9.41,,5215520.0
2016-08-19,9.34,9.34,9.16,9.2,,4115603.0
2016-08-22,9.2,9.28,9.16,9.25,,2751051.0
2016-08-23,9.3,9.34,9.16,9.17,,4733308.0
2016-08-24,9.16,9.17,9.07,9.1,,2764840.0
2016-08-25,9.1,9.16,9.05,9.12,,2631868.0
2016-08-26,9.16,9.27,9.01,9.05,,5161432.0
2016-08-29,9.09,9.2,9.05,9.15,,2851358.0
2016-08-30,9.16,9.17,9.02,9.05,,3245651.0
2016-08-31,9.04,9.1,8.98,9.09,,6618523.0
2016-09-01,9.09,9.1,8.92,9.04,,5600329.0
2016-09-02,9.07,9.23,9.07,9.21,,3538952.0
2016-09-06,9.26,9.68,9.22,9.67,,7370491.0
2016-09-07,9.68,9.85,9.64,9.81,,8097152.0
2016-09-08,9.79,9.81,9.69,9.75,,6269937.0
2016-09-09,9.63,9.65,9.28,9.28,,4979773.0
2016-09-12,9.25,9.52,9.22,9.48,,6041463.0
2016-09-13,9.4,9.44,9.26,9.33,,5888257.0
2016-09-14,9.35,9.47,9.23,9.28,,5306128.0
2016-09-15,9.24,9.5,9.2,9.45,,5541724.0
2016-09-16,9.4,9.46,9.3,9.44,,5634683.0
2016-09-19,9.48,9.58,9.43,9.56,,3410750.0
2016-09-20,9.59,9.67,9.54,9.62,,4173307.0
2016-09-21,9.65,9.87,9.62,9.86,,5100929.0
2016-09-22,9.92,9.95,9.79,9.93,,3388915.0
2016-09-23,9.89,10.03,9.86,9.98,,3955833.0
2016-09-26,9.96,9.99,9.86,9.88,,2636128.0
2016-09-27,9.86,9.89,9.69,9.85,,4674105.0
2016-09-28,9.89,9.91,9.76,9.9,,5722533.0
2016-09-29,9.89,9.89,9.64,9.71,,6109405.0
2016-09-30,9.72,9.79,9.65,9.68,,5867949.0
2016-10-03,9.52,9.6,9.19,9.39,,8951245.0
2016-10-04,9.32,9.32,8.94,9.0,,9760238.0
2016-10-05,9.04,9.08,8.86,8.93,,14013528.0
2016-10-06,8.88,8.91,8.73,8.78,,8281937.0
2016-10-07,8.83,8.91,8.72,8.73,,6837857.0
2016-10-10,8.79,8.86,8.74,8.79,,4412851.0
2016-10-11,8.75,8.77,8.62,8.67,,4010074.0
2016-10-12,8.69,8.82,8.66,8.79,,5039778.0
2016-10-13,8.74,8.92,8.67,8.83,,5451984.0
2016-10-14,8.82,8.94,8.7,8.71,,5647506.0
2016-10-17,8.73,8.83,8.73,8.82,,6197650.0
2016-10-18,8.92,9.0,8.84,8.94,,5544302.0
2016-10-19,8.96,9.16,8.94,9.13,,5087998.0
2016-10-20,9.15,9.23,9.07,9.07,,4042413.0
2016-10-21,8.99,9.09,8.94,9.05,,4317496.0
2016-10-24,9.12,9.14,9.01,9.07,,3445779.0
2016-10-25,9.04,9.1,8.97,9.05,,3173319.0
2016-10-26,9.02,9.07,8.94,9.04,,3757924.0
2016-10-27,9.04,9.07,8.85,8.9,,4578720.0
2016-10-28,8.91,8.98,8.81,8.85,,6259477.0
2016-10-31,8.89,9.06,8.88,8.95,,5699894.0
2016-11-01,8.95,8.98,8.81,8.85,,5119969.0
2016-11-02,8.81,8.81,8.55,8.71,,9286360.0
2016-11-03,8.71,9.0,8.69,8.93,,6656169.0
2016-11-04,8.76,9.48,8.55,9.2,,10314545.0
2016-11-07,9.33,9.45,9.28,9.43,,6915229.0
2016-11-08,9.46,9.48,9.34,9.45,,4825106.0
2016-11-09,9.35,9.35,9.05,9.13,,6599042.0
2016-11-10,9.11,9.14,8.67,8.72,,6489283.0
2016-11-11,8.76,8.79,8.46,8.56,,5538869.0
2016-11-14,8.5,8.55,8.42,8.53,,10628501.0
2016-11-15,8.57,8.79,8.57,8.77,,6126392.0
2016-11-16,8.74,8.76,8.55,8.63,,4207765.0
2016-11-17,8.63,8.75,8.6,8.69,,3140333.0
2016-11-18,8.68,8.87,8.65,8.66,,6746816.0
2016-11-21,8.7,8.83,8.64,8.78,,4347679.0
2016-11-22,8.68,8.74,8.6,8.67,,5732295.0
2016-11-23,8.58,8.69,8.55,8.62,,5093548.0
2016-11-25,8.62,8.85,8.62,8.84,,2851423.0
2016-11-28,8.91,9.1,8.91,9.07,,5435373.0
2016-11-29,9.03,9.13,9.0,9.03,,6530491.0
2016-11-30,8.92,8.96,8.7,8.7,,5507069.0
2016-12-01,8.63,8.71,8.35,8.38,,5480033.0
2016-12-02,8.43,8.59,8.41,8.5,,5521035.0
2016-12-05,8.48,8.66,8.41,8.62,,6499240.0
2016-12-06,8.66,8.71,8.59,8.61,,4712436.0
2016-12-07,8.66,8.85,8.63,8.83,,5863292.0
2016-12-08,8.79,9.06,8.75,9.0,,4463478.0
2016-12-09,9.01,9.09,8.89,9.06,,4492687.0
2016-12-12,9.03,9.15,9.01,9.13,,4653198.0
2016-12-13,9.19,9.29,9.17,9.26,,5258424.0
2016-12-14,9.33,9.48,9.06,9.07,,6920759.0
2016-12-15,9.03,9.07,8.92,8.97,,4545156.0
2016-12-16,8.98,9.06,8.86,8.93,,10487547.0
2016-12-19,9.0,9.07,8.88,9.0,,5199588.0
2016-12-20,8.99,9.13,8.98,9.07,,3419844.0
2016-12-21,9.07,9.2,9.05,9.11,,4125624.0
2016-12-22,9.04,9.1,8.94,8.95,,3311062.0
2016-12-23,8.99,9.0,8.88,8.92,,3593095.0
2016-12-27,8.92,9.04,8.89,9.01,,2355025.0
2016-12-28,9.03,9.06,8.84,8.85,,2588483.0
2016-12-29,8.93,8.94,8.86,8.89,,2364813.0
2016-12-30,8.92,8.96,8.81,8.83,,3245241.0
2017-01-03,8.87,8.89,8.78,8.86,,5020815.0
2017-01-04,8.77,8.93,8.76,8.79,,5282577.0
2017-01-05,8.76,8.81,8.56,8.67,,8106391.0
2017-01-06,8.66,9.01,8.66,8.98,,4164848.0
2017-01-09,9.02,9.04,8.76,8.76,,3761857.0
2017-01-10,8.77,8.8,8.58,8.61,,6459819.0
2017-01-11,8.61,8.95,8.61,8.95,,7781397.0
2017-01-12,8.95,9.0,8.8,8.8,,4953867.0
2017-01-13,8.82,8.92,8.79,8.91,,2741360.0
2017-01-17,8.97,9.15,8.94,9.05,,4101404.0
2017-01-18,9.07,9.17,9.02,9.07,,4558526.0
2017-01-19,9.04,9.08,8.89,8.92,,3298941.0
2017-01-20,8.93,9.0,8.63,8.67,,7657545.0
2017-01-23,8.68,8.71,8.5,8.53,,8791938.0
2017-01-24,8.55,8.85,8.55,8.64,,7539200.0
2017-01-25,8.64,8.73,8.63,8.64,,10297021.0
2017-01-26,8.67,8.76,8.51,8.53,,8797916.0
2017-01-27,8.59,8.72,8.54,8.66,,7487065.0
2017-01-30,8.67,8.71,8.57,8.61,,4700418.0
2017-01-31,8.65,8.93,8.65,8.79,,9192100.0
2017-02-01,8.76,8.79,8.55,8.63,,6091599.0
2017-02-02,8.66,8.73,8.57,8.7,,3232783.0
2017-02-03,8.72,8.78,8.67,8.73,,3321237.0
2017-02-06,8.75,8.75,8.63,8.67,,4308632.0
2017-02-07,8.68,8.86,8.68,8.78,,5680177.0
2017-02-08,8.78,8.9,8.75,8.9,,4001963.0
2017-02-09,8.88,8.93,8.76,8.81,,4258310.0
2017-02-10,8.81,8.93,8.8,8.92,,3692264.0
2017-02-13,8.94,9.01,8.87,8.97,,2044968.0
2017-02-14,8.95,8.96,8.77,8.83,,3680548.0
2017-02-15,8.74,8.9,8.72,8.88,,3350726.0
2017-02-16,8.93,8.99,8.84,8.95,,5787541.0
2017-02-17,8.94,8.94,8.64,8.8,,6336825.0
2017-02-21,8.8,9.1,8.75,9.05,,4089946.0
2017-02-22,9.05,9.09,8.9,8.91,,5081319.0
2017-02-23,8.98,9.05,8.93,9.03,,5074921.0
2017-02-24,9.04,9.16,8.97,9.16,,6329348.0
2017-02-27,9.0,9.02,8.53,8.56,,12986567.0
2017-02-28,8.56,8.91,8.56,8.85,,10598703.0
2017-03-01,8.74,8.83,8.69,8.72,,6811775.0
2017-03-02,8.68,8.97,8.66,8.93,,6778309.0
2017-03-03,8.94,8.95,8.74,8.87,,6023702.0
2017-03-06,8.87,8.92,8.82,8.85,,6884597.0
2017-03-07,8.87,8.91,8.69,8.7,,5982456.0
2017-03-08,8.64,8.69,8.5,8.5,,4542612.0
2017-03-09,8.49,8.6,8.48,8.5,,5151350.0
2017-03-10,8.53,8.6,8.49,8.57,,4206321.0
2017-03-13,8.58,8.61,8.46,8.47,,3492879.0
2017-03-14,8.47,8.51,8.4,8.45,,3926598.0
2017-03-15,8.49,8.76,8.47,8.69,,3914892.0
2017-03-16,8.65,8.73,8.62,8.68,,3925407.0
2017-03-17,8.73,8.81,8.69,8.8,,8240932.0
2017-03-20,8.82,8.82,8.56,8.6,,2725424.0
2017-03-21,8.6,8.74,8.54,8.68,,5866851.0
2017-03-22,8.71,8.78,8.53,8.57,,4494359.0
2017-03-23,8.55,8.71,8.54,8.59,,3383514.0
2017-03-24,8.59,8.69,8.58,8.63,,3479756.0
2017-03-27,8.65,8.65,8.5,8.55,,3331507.0
2017-03-28,8.51,8.7,8.49,8.69,,3855252.0
2017-03-29,8.65,8.75,8.6,8.64,,5728277.0
2017-03-30,8.63,8.65,8.47,8.51,,7207850.0
2017-03-31,8.53,8.66,8.52,8.59,,13804561.0
2017-04-03,8.58,8.62,8.5,8.6,,6424951.0
2017-04-04,8.6,8.7,8.51,8.66,,5616511.0
2017-04-05,8.63,8.69,8.51,8.57,,9859598.0
2017-04-06,8.58,8.69,8.56,8.57,,6020608.0
2017-04-07,8.59,8.61,8.47,8.48,,5612106.0
2017-04-10,8.49,8.6,8.46,8.57,,7859366.0
2017-04-11,8.55,8.72,8.47,8.69,,8621780.0
2017-04-12,8.67,8.75,8.63,8.73,,8744595.0
2017-04-13,8.73,8.76,8.67,8.73,,5228159.0
2017-04-17,8.74,8.81,8.71,8.78,,3405626.0
2017-04-18,8.76,8.8,8.71,8.76,,5916037.0
2017-04-19,8.77,8.79,8.68,8.73,,5732699.0
2017-04-20,8.73,8.78,8.64,8.77,,6281579.0
2017-04-21,8.74,8.79,8.7,8.74,,5026241.0
2017-04-24,8.76,8.91,8.73,8.9,,6947310.0
2017-04-25,8.87,8.93,8.85,8.93,,3480120.0
2017-04-26,8.91,8.91,8.78,8.8,,5257517.0
2017-04-27,8.77,8.89,8.72,8.76,,12779006.0
2017-04-28,8.77,8.83,8.7,8.78,,6133414.0
2017-05-01,8.78,8.86,8.77,8.78,,5037734.0
2017-05-02,8.8,8.8,8.72,8.77,,3563377.0
2017-05-03,8.75,8.77,8.68,8.69,,5099436.0
2017-05-04,8.67,8.71,8.57,8.61,,5737864.0
2017-05-05,8.65,8.8,8.59,8.79,,3909741.0
2017-05-08,8.6,8.83,8.5,8.78,,7730596.0
2017-05-09,8.74,8.9,8.72,8.8,,5448757.0
2017-05-10,8.8,9.08,8.76,8.98,,7413268.0
2017-05-11,8.98,9.01,8.89,8.9,,6083054.0
2017-05-12,8.93,8.94,8.76,8.8,,3898360.0
2017-05-15,8.8,8.89,8.78,8.85,,3719739.0
2017-05-16,8.87,8.94,8.78,8.79,,4291685.0
2017-05-17,8.78,8.87,8.73,8.8,,3921318.0
2017-05-18,8.77,8.8,8.52,8.68,,6487826.0
2017-05-19,8.71,8.73,8.6,8.7,,6026878.0
2017-05-22,8.67,8.83,8.66,8.82,,5635070.0
2017-05-23,8.83,8.97,8.81,8.83,,3694318.0
2017-05-24,8.82,9.18,8.82,9.12,,8910014.0
2017-05-25,9.09,9.17,9.06,9.15,,4909213.0
2017-05-26,9.13,9.2,9.07,9.15,,2561794.0
2017-05-30,9.13,9.15,9.07,9.08,,2884029.0
2017-05-31,9.11,9.15,8.99,9.07,,6149509.0
2017-06-01,9.07,9.28,9.04,9.28,,4567693.0
2017-06-02,9.31,9.32,9.18,9.25,,5057987.0
2017-06-05,9.22,9.27,9.09,9.09,,3925411.0
2017-06-06,9.16,9.31,9.04,9.25,,7878484.0
2017-06-07,9.25,9.25,8.97,8.98,,5520327.0
2017-06-08,8.97,9.01,8.87,8.97,,3943757.0
2017-06-09,8.95,9.1,8.95,9.1,,2513985.0
2017-06-12,9.11,9.18,9.04,9.12,,4502532.0
2017-06-13,9.09,9.29,9.06,9.26,,4702594.0
2017-06-14,9.29,9.36,9.22,9.25,,4336776.0
2017-06-15,9.18,9.35,9.13,9.25,,5361034.0
2017-06-16,9.27,9.3,9.21,9.25,,7203256.0
2017-06-19,9.26,9.29,9.2,9.25,,2440216.0
2017-06-20,9.23,9.25,9.15,9.24,,2302027.0
2017-06-21,9.26,9.27,9.04,9.06,,2671011.0
2017-06-22,9.04,9.08,8.92,8.98,,4757317.0
2017-06-23,9.01,9.08,8.92,8.97,,6733144.0
2017-06-26,9.03,9.19,9.03,9.07,,5125299.0
2017-06-27,9.04,9.1,8.93,8.93,,4656169.0
2017-06-28,8.96,9.01,8.75,8.8,,6487502.0
2017-06-29,8.73,8.78,8.63,8.66,,5788283.0
2017-06-30,8.68,8.73,8.63,8.63,,4197568.0
2017-07-03,8.66,8.69,8.51,8.55,,2754924.0
2017-07-05,8.54,8.61,8.42,8.44,,5334333.0
2017-07-06,8.39,8.4,8.23,8.29,,5689990.0
2017-07-07,8.3,8.36,8.25,8.35,,5451358.0
2017-07-10,8.42,8.52,8.38,8.49,,6330214.0
2017-07-11,8.5,8.53,8.44,8.49,,4822921.0
2017-07-12,8.61,8.71,8.53,8.62,,6014372.0
2017-07-13,8.63,8.72,8.54,8.56,,4925702.0
2017-07-14,8.63,8.66,8.54,8.56,,4110471.0
2017-07-17,8.58,8.64,8.52,8.63,,3358420.0
2017-07-18,8.63,8.77,8.61,8.73,,4629801.0
2017-07-19,8.76,8.8,8.7,8.79,,3800430.0
2017-07-20,8.81,8.87,8.74,8.83,,2657458.0
2017-07-21,8.83,8.88,8.8,8.87,,3181764.0
2017-07-24,8.87,8.89,8.78,8.79,,2896334.0
2017-07-25,8.81,8.82,8.71,8.73,,4619221.0
2017-07-26,8.73,8.73,8.57,8.66,,5194152.0
2017-07-27,8.66,8.73,8.56,8.62,,5362736.0
2017-07-28,8.61,8.63,8.51,8.52,,4830425.0
2017-07-31,8.54,8.74,8.53,8.68,,17391354.0
2017-08-01,8.68,8.81,8.63,8.79,,6285454.0
2017-08-02,8.75,8.76,8.57,8.67,,6518070.0
2017-08-03,8.74,8.82,8.68,8.73,,7201977.0
2017-08-04,8.69,8.76,8.6,8.69,,3612191.0
2017-08-07,8.69,8.85,8.69,8.71,,6061872.0
2017-08-08,8.64,9.15,8.64,8.93,,11146369.0
2017-08-09,8.98,8.98,8.73,8.83,,7054962.0
2017-08-10,8.83,9.02,8.77,8.93,,8911902.0
2017-08-11,8.9,8.9,8.63,8.71,,4799966.0
2017-08-14,8.73,8.75,8.63,8.72,,4856351.0
2017-08-15,8.67,8.72,8.58,8.71,,4517742.0
2017-08-16,8.73,8.78,8.71,8.77,,3090524.0
2017-08-17,8.74,8.81,8.63,8.64,,3760651.0
2017-08-18,8.65,8.73,8.62,8.69,,4293263.0
2017-08-21,8.71,8.82,8.7,8.81,,3785314.0
2017-08-22,8.81,8.93,8.77,8.91,,4240334.0
2017-08-23,8.9,8.95,8.83,8.91,,2906129.0
2017-08-24,8.91,8.97,8.88,8.95,,4925466.0
2017-08-25,8.96,9.04,8.92,8.97,,2562925.0
2017-08-28,9.0,9.02,8.73,8.78,,4892616.0
2017-08-29,8.78,8.84,8.75,8.76,,3615811.0
2017-08-30,8.75,8.79,8.65,8.68,,4393235.0
2017-08-31,8.69,8.74,8.65,8.66,,3903067.0
2017-09-01,8.69,8.77,8.69,8.73,,2410622.0
2017-09-05,8.76,8.76,8.69,8.7,,2960363.0
2017-09-06,8.76,8.76,8.65,8.72,,4222706.0
2017-09-07,8.73,8.76,8.68,8.75,,2897248.0
2017-09-08,8.76,8.82,8.73,8.8,,3538508.0
2017-09-11,8.81,8.97,8.8,8.94,,6470300.0
2017-09-12,8.93,8.98,8.8,8.82,,3397500.0
2017-09-13,8.79,8.9,8.74,8.81,,4243487.0
2017-09-14,8.79,8.86,8.74,8.84,,3676175.0
2017-09-15,8.82,8.91,8.74,8.91,,8128328.0
2017-09-18,8.91,8.94,8.8,8.84,,3157803.0
2017-09-19,8.85,8.93,8.84,8.89,,3824561.0
2017-09-20,8.94,8.98,8.84,8.85,,4945055.0
2017-09-21,8.85,8.89,8.73,8.73,,3256734.0
2017-09-22,8.77,8.8,8.69,8.72,,2544538.0
2017-09-25,8.73,8.8,8.71,8.8,,2628780.0
2017-09-26,8.76,8.85,8.72,8.76,,5673677.0
2017-09-27,8.7,8.76,8.68,8.73,,4533353.0
2017-09-28,8.7,8.73,8.63,8.69,,4447497.0
2017-09-29,8.69,8.73,8.64,8.65,,5074760.0
2017-10-02,8.68,8.78,8.68,8.7,,3130989.0
2017-10-03,8.71,8.8,8.65,8.78,,3672512.0
2017-10-04,8.76,8.86,8.75,8.85,,2510650.0
2017-10-05,8.87,8.88,8.8,8.86,,2774516.0
2017-10-06,8.82,8.84,8.75,8.78,,2843874.0
2017-10-09,8.8,8.86,8.77,8.79,,2072565.0
2017-10-10,8.8,8.86,8.77,8.83,,3666166.0
2017-10-11,8.79,8.87,8.79,8.84,,3076622.0
2017-10-12,8.8,8.84,8.75,8.8,,2813640.0
2017-10-13,8.84,8.9,8.81,8.83,,2038176.0
2017-10-16,8.81,8.85,8.78,8.84,,2560953.0
2017-10-17,8.82,8.83,8.77,8.78,,3415225.0
2017-10-18,8.75,8.79,8.72,8.73,,3153218.0
2017-10-19,8.73,8.86,8.69,8.86,,2966987.0
2017-10-20,8.87,8.87,8.69,8.73,,3790912.0
2017-10-23,8.73,8.76,8.67,8.73,,3171727.0
2017-10-24,8.75,8.76,8.59,8.62,,3774771.0
2017-10-25,8.61,8.63,8.39,8.55,,6667100.0
2017-10-26,8.61,8.65,8.44,8.52,,4636162.0
2017-10-27,8.49,8.51,8.41,8.46,,4910736.0
2017-10-30,8.47,8.48,8.34,8.43,,5085810.0
2017-10-31,8.43,8.52,8.32,8.44,,7240530.0
2017-11-01,8.4,8.46,8.37,8.39,,7040527.0
2017-11-02,8.43,8.67,8.3,8.56,,6638305.0
2017-11-03,8.51,8.55,8.31,8.32,,6025677.0
2017-11-06,8.32,8.36,8.21,8.21,,5259567.0
2017-11-07,8.21,8.37,8.18,8.34,,6843324.0
2017-11-08,8.33,8.37,8.27,8.34,,4481715.0
2017-11-09,8.28,8.35,8.16,8.17,,6323585.0
2017-11-10,8.13,8.17,7.94,8.12,,26490462.0
2017-11-13,8.46,8.6,8.28,8.59,,8511738.0
2017-11-14,8.6,8.7,8.52,8.6,,9934587.0
2017-11-15,8.58,8.65,8.55,8.63,,6801700.0
2017-11-16,8.66,8.66,8.51,8.55,,5911406.0
2017-11-17,8.55,8.56,8.41,8.42,,7224248.0
2017-11-20,8.43,8.47,8.34,8.41,,5426614.0
2017-11-21,8.45,8.47,8.4,8.44,,3713485.0
2017-11-22,8.4,8.5,8.4,8.47,,3070248.0
2017-11-24,8.51,8.55,8.47,8.48,,1213181.0
2017-11-27,8.52,8.54,8.42,8.52,,5516784.0
2017-11-28,8.52,8.56,8.38,8.39,,5898716.0
2017-11-29,8.37,8.45,8.34,8.42,,6947494.0
2017-11-30,8.42,8.47,8.33,8.4,,5254574.0
2017-12-01,8.43,8.47,8.36,8.47,,5811024.0
2017-12-04,8.48,8.59,8.43,8.55,,5034949.0
2017-12-05,8.57,8.58,8.47,8.51,,4910818.0
2017-12-06,8.57,8.68,8.51,8.59,,8070214.0
2017-12-07,8.51,8.52,8.4,8.49,,6138357.0
2017-12-08,8.51,8.56,8.47,8.54,,4332640.0
2017-12-11,8.54,8.69,8.52,8.62,,5134364.0
2017-12-12,8.59,8.64,8.5,8.51,,4361046.0
2017-12-13,8.54,8.55,8.36,8.45,,5784116.0
2017-12-14,8.41,8.57,8.33,8.44,,5531775.0
2017-12-15,8.47,8.74,8.47,8.57,,22621726.0
2017-12-18,8.55,8.73,8.51,8.69,,10885228.0
2017-12-19,8.68,8.71,8.43,8.45,,11722392.0
2017-12-20,8.45,8.47,8.28,8.4,,7954460.0
2017-12-21,8.4,8.47,8.3,8.43,,6056381.0
2017-12-22,8.42,8.51,8.4,8.5,,3623439.0
2017-12-26,8.53,8.6,8.43,8.44,,3203892.0
2017-12-27,8.47,8.52,8.42,8.47,,2918038.0
2017-12-28,8.5,8.55,8.42,8.54,,3348160.0
2017-12-29,8.55,8.63,8.52,8.59,,4765527.0
2018-01-02,8.63,8.67,8.55,8.63,,4564539.0
2018-01-03,8.61,8.7,8.56,8.63,,6181190.0
2018-01-04,8.6,8.7,8.59,8.59,,5148501.0
2018-01-05,8.62,8.67,8.55,8.63,,5346599.0
2018-01-08,8.65,8.67,8.59,8.63,,6686443.0
2018-01-09,8.59,8.66,8.53,8.54,,9311576.0
2018-01-10,8.51,8.57,8.44,8.55,,5021624.0
2018-01-11,8.55,8.72,8.53,8.7,,8107997.0
2018-01-12,8.7,8.84,8.65,8.76,,8527359.0
2018-01-16,8.81,8.82,8.47,8.47,,12192432.0
2018-01-17,8.55,8.61,8.49,8.51,,7054644.0
2018-01-18,9.37,9.48,9.01,9.15,,30041538.0
2018-01-19,9.2,9.32,9.12,9.32,,14762532.0
2018-01-22,9.36,9.37,8.95,9.03,,17695817.0
2018-01-23,8.97,9.18,8.95,9.06,,10688327.0
2018-01-24,9.04,9.05,8.78,8.86,,14283906.0
2018-01-25,8.85,9.13,8.84,9.12,,11484240.0
2018-01-26,9.17,9.32,9.12,9.3,,8817963.0
2018-01-29,9.27,9.46,9.21,9.37,,12690814.0
2018-01-30,9.35,9.4,9.18,9.21,,12388172.0
2018-01-31,9.27,9.34,9.24,9.28,,24482859.0
2018-02-01,9.3,9.36,9.2,9.24,,6781025.0
2018-02-02,9.11,9.22,8.92,8.92,,9939748.0
2018-02-05,8.92,8.92,8.46,8.51,,15604796.0
2018-02-06,8.35,8.54,8.14,8.49,,11610561.0
2018-02-07,8.51,8.65,8.4,8.41,,8576986.0
2018-02-08,8.38,8.39,8.06,8.07,,13039875.0
2018-02-09,8.13,8.25,7.92,8.18,,10295538.0
2018-02-12,8.21,8.3,8.05,8.24,,9004157.0
2018-02-13,8.23,8.34,8.15,8.28,,6311016.0
2018-02-14,8.21,8.29,8.14,8.24,,5929061.0
2018-02-15,8.31,8.44,8.28,8.44,,7138177.0
2018-02-16,8.38,8.51,8.37,8.39,,5664573.0
2018-02-20,8.34,8.46,8.31,8.35,,7433447.0
2018-02-21,8.38,8.48,8.21,8.21,,5317115.0
2018-02-22,8.23,8.37,8.23,8.27,,6626146.0
2018-02-23,8.31,8.44,8.29,8.42,,4644273.0
2018-02-26,8.43,8.46,8.31,8.39,,10758030.0
2018-02-27,8.63,9.03,8.48,9.0,,22076722.0
2018-02-28,9.05,9.08,8.71,8.72,,10117926.0
2018-03-01,8.76,9.04,8.74,8.79,,9875404.0
2018-03-02,8.75,8.83,8.59,8.71,,7723567.0
2018-03-05,8.75,8.82,8.67,8.81,,12072514.0
2018-03-06,8.86,8.91,8.69,8.77,,8263142.0
2018-03-07,8.72,8.76,8.59,8.67,,7118294.0
2018-03-08,8.7,8.78,8.69,8.7,,5012315.0
2018-03-09,8.71,8.71,8.55,8.71,,5797300.0
2018-03-12,8.71,8.73,8.52,8.62,,7480512.0
2018-03-13,8.66,8.69,8.52,8.56,,5711772.0
2018-03-14,8.59,8.65,8.55,8.59,,4288779.0
2018-03-15,8.58,8.64,8.42,8.58,,8913629.0
2018-03-16,8.61,8.75,8.59,8.7,,6991989.0
2018-03-19,8.73,8.75,8.59,8.64,,5638418.0
2018-03-20,8.67,8.71,8.53,8.59,,6314668.0
2018-03-21,8.6,8.79,8.56,8.67,,5630944.0
2018-03-22,8.67,8.86,8.58,8.68,,7836563.0
2018-03-23,8.75,8.84,8.57,8.6,,6507022.0
2018-03-26,8.63,8.74,8.55,8.7,,5714828.0
2018-03-27,8.7,8.92,8.68,8.79,,6968177.0
2018-03-28,8.81,9.01,8.78,9.01,,12332949.0
2018-03-29,9.02,9.17,8.95,9.12,,8712918.0
2018-04-02,9.13,9.2,9.01,9.12,,13767457.0
2018-04-03,9.11,9.24,8.98,9.23,,8743008.0
2018-04-04,9.19,9.28,9.07,9.14,,12904945.0
2018-04-05,9.16,9.28,9.08,9.23,,6277399.0
2018-04-06,9.2,9.28,9.15,9.16,,6935153.0
2018-04-09,9.16,9.24,9.09,9.14,,6087302.0
2018-04-10,9.24,9.24,9.12,9.17,,4516299.0
2018-04-11,9.13,9.23,9.13,9.16,,3826300.0
2018-04-12,9.16,9.17,9.03,9.06,,5565302.0
2018-04-13,9.09,9.16,9.08,9.1,,2556298.0
2018-04-16,9.16,9.29,9.12,9.28,,6429222.0
2018-04-17,9.28,9.49,9.2,9.42,,6433661.0
2018-04-18,9.45,9.48,9.4,9.43,,6396768.0
2018-04-19,9.4,9.44,9.34,9.43,,4225802.0
2018-04-20,9.42,9.42,9.29,9.32,,3287324.0
2018-04-23,9.36,9.57,9.33,9.52,,8928879.0
2018-04-24,9.52,9.72,9.49,9.63,,8287812.0
2018-04-25,9.59,9.67,9.55,9.65,,5840609.0
2018-04-26,9.68,9.83,9.63,9.77,,5236800.0
2018-04-27,9.76,9.99,9.74,9.88,,6476796.0
2018-04-30,9.9,9.98,9.87,9.93,,7833515.0
2018-05-01,9.93,9.94,9.81,9.9,,5700349.0
2018-05-02,9.87,9.97,9.84,9.89,,7816413.0
2018-05-03,9.89,9.99,9.77,9.97,,5957628.0
2018-05-04,9.96,10.06,9.93,10.0,,3365666.0
2018-05-07,9.99,10.04,9.89,10.03,,13131851.0
2018-05-08,9.85,9.87,9.46,9.51,,15873744.0
2018-05-09,9.63,9.8,9.55,9.79,,8094407.0
2018-05-10,9.81,9.99,9.79,9.98,,4207719.0
2018-05-11,10.01,10.04,9.93,9.97,,3981608.0
2018-05-14,9.99,10.06,9.97,10.02,,5406736.0
2018-05-15,9.97,10.01,9.91,9.97,,6206106.0
2018-05-16,9.89,9.99,9.82,9.96,,5026025.0
2018-05-17,9.96,9.99,9.74,9.77,,8142784.0
2018-05-18,9.78,9.78,9.57,9.67,,6871629.0
2018-05-21,9.72,9.84,9.68,9.78,,5888392.0
2018-05-22,9.83,9.94,9.81,9.89,,5303973.0
2018-05-23,9.84,9.92,9.79,9.89,,5047909.0
2018-05-24,9.91,10.08,9.85,10.05,,4152310.0
2018-05-25,10.05,10.14,10.02,10.06,,3671726.0
2018-05-29,10.03,10.13,9.97,10.06,,5008915.0
2018-05-30,10.08,10.31,10.02,10.28,,7856229.0
2018-05-31,10.23,10.43,10.23,10.34,,6844898.0
2018-06-01,10.31,10.41,10.24,10.37,,6194939.0
2018-06-04,10.43,10.62,10.39,10.49,,8255281.0
2018-06-05,10.54,10.75,10.44,10.49,,13218760.0
2018-06-06,10.51,10.53,10.11,10.15,,7097834.0
2018-06-07,10.16,10.37,10.15,10.32,,6098214.0
2018-06-08,10.31,10.36,10.22,10.36,,5656600.0
2018-06-11,10.38,10.46,10.26,10.4,,3889263.0
2018-06-12,10.43,10.6,10.39,10.58,,6081355.0
2018-06-13,10.62,10.67,10.58,10.65,,6413683.0
2018-06-14,10.69,10.83,10.61,10.69,,7081347.0
2018-06-15,10.65,10.77,10.45,10.6,,9932420.0
2018-06-18,10.58,10.67,10.54,10.6,,5218282.0
2018-06-19,10.61,10.7,10.51,10.61,,9251358.0
2018-06-20,10.62,10.66,10.41,10.49,,7131925.0
2018-06-21,10.5,10.54,10.44,10.45,,4496334.0
2018-06-22,10.5,10.52,10.4,10.43,,7981058.0
2018-06-25,10.43,10.48,10.36,10.44,,4960399.0
2018-06-26,10.46,10.74,10.4,10.71,,8508380.0
2018-06-27,10.66,10.88,10.62,10.74,,7917235.0
2018-06-28,10.78,11.0,10.75,10.96,,9042920.0
2018-06-29,10.96,10.97,10.75,10.88,,6384240.0
2018-07-02,10.58,10.66,10.39,10.66,,7761348.0
2018-07-03,10.67,10.69,10.51,10.55,,3847243.0
2018-07-05,10.5,10.52,10.38,10.52,,5292162.0
2018-07-06,10.51,10.58,10.48,10.54,,5500723.0
2018-07-09,10.54,10.54,10.19,10.24,,7724875.0
2018-07-10,10.21,10.46,10.18,10.41,,9155854.0
2018-07-11,10.42,10.64,10.4,10.57,,6661924.0
2018-07-12,10.59,10.66,10.53,10.62,,4562641.0
2018-07-13,10.64,10.7,10.62,10.69,,3717368.0
2018-07-16,10.69,10.71,10.63,10.65,,3590765.0
2018-07-17,10.62,10.64,10.4,10.42,,9094348.0
2018-07-18,10.42,10.43,10.31,10.32,,9829837.0
2018-07-19,10.32,10.63,10.32,10.57,,8820289.0
2018-07-20,10.57,10.61,10.51,10.57,,3414273.0
2018-07-23,10.56,10.67,10.48,10.6,,6031800.0
2018-07-24,10.62,10.69,10.48,10.63,,5683175.0
2018-07-25,10.66,10.88,10.65,10.87,,10612172.0
2018-07-26,10.9,11.01,10.81,10.87,,6653096.0
2018-07-27,10.91,10.94,10.79,10.84,,5321973.0
2018-07-30,10.85,10.92,10.78,10.79,,7106903.0
2018-07-31,10.79,10.92,10.75,10.83,,10961260.0
2018-08-01,10.83,11.02,10.82,10.92,,9492522.0
2018-08-02,10.87,11.1,10.86,11.09,,10164775.0
2018-08-03,10.87,11.25,10.87,11.21,,8038038.0
2018-08-06,11.26,11.36,11.23,11.32,,8094856.0
2018-08-07,10.86,11.3,10.83,11.16,,7520689.0
2018-08-08,11.29,11.46,11.21,11.42,,7915941.0
2018-08-09,11.42,11.44,11.23,11.25,,6606412.0
2018-08-10,11.23,11.3,11.09,11.1,,5187732.0
2018-08-13,11.1,11.12,10.93,10.95,,6132622.0
2018-08-14,10.99,11.1,10.97,11.05,,6105673.0
2018-08-15,11.04,11.09,10.97,11.04,,7684842.0
2018-08-16,11.06,11.41,11.03,11.36,,7318143.0
2018-08-17,11.27,11.45,11.22,11.41,,4541754.0
2018-08-20,11.45,11.46,11.37,11.43,,3721815.0
2018-08-21,11.43,11.48,11.39,11.44,,3670339.0
2018-08-22,11.42,11.47,11.38,11.45,,3528554.0
2018-08-23,11.45,11.55,11.43,11.47,,4758917.0
2018-08-24,11.52,11.54,11.42,11.47,,3877226.0
2018-08-27,11.51,11.53,11.4,11.43,,2826958.0
2018-08-28,11.39,11.45,11.33,11.39,,3084541.0
2018-08-29,11.48,11.54,11.39,11.47,,5860786.0
2018-08-30,11.46,11.5,11.32,11.38,,6189959.0
2018-08-31,11.36,11.36,10.97,11.02,,9630255.0
2018-09-04,11.0,11.08,10.72,10.77,,10959914.0
2018-09-05,10.8,11.05,10.78,10.98,,9487947.0
2018-09-06,10.98,11.02,10.86,10.87,,4479768.0
2018-09-07,10.77,10.84,10.71,10.73,,4933225.0
2018-09-10,10.79,10.85,10.7,10.82,,5439843.0
2018-09-11,10.78,10.83,10.64,10.71,,9088333.0
2018-09-12,10.74,10.86,10.67,10.83,,8296141.0
2018-09-13,10.83,11.04,10.79,11.01,,8968334.0
2018-09-14,10.97,11.17,10.96,11.09,,6918026.0
2018-09-17,11.1,11.2,11.05,11.17,,5282863.0
2018-09-18,11.17,11.33,11.11,11.26,,7925519.0
2018-09-19,11.27,11.27,11.09,11.13,,8376602.0
2018-09-20,11.17,11.35,11.04,11.31,,5128900.0
2018-09-21,11.32,11.47,11.28,11.43,,8521685.0
2018-09-24,11.43,11.47,11.25,11.27,,5382771.0
2018-09-25,11.21,11.29,11.04,11.22,,10257851.0
2018-09-26,11.27,11.27,11.09,11.14,,5492728.0
2018-09-27,11.15,11.27,11.09,11.22,,4194459.0
2018-09-28,11.22,11.47,11.2,11.46,,5578198.0
2018-10-01,11.45,11.58,11.36,11.5,,7027318.0
2018-10-02,11.57,11.86,11.56,11.81,,8300183.0
2018-10-03,11.86,12.06,11.75,11.9,,8214708.0
2018-10-04,11.89,11.9,11.72,11.88,,4890870.0
2018-10-05,11.92,12.04,11.87,12.0,,5965660.0
2018-10-08,12.05,12.13,11.98,12.09,,6298191.0
2018-10-09,12.12,12.17,12.04,12.13,,7623934.0
2018-10-10,12.07,12.37,12.06,12.1,,7697186.0
2018-10-11,12.17,12.26,11.72,11.82,,7313080.0
2018-10-12,11.84,12.02,11.77,11.99,,6177240.0
2018-10-15,12.09,12.29,12.07,12.15,,4671481.0
2018-10-16,12.17,12.59,12.16,12.58,,7945705.0
2018-10-17,12.59,12.6,12.32,12.35,,5120379.0
2018-10-18,12.32,12.39,12.04,12.12,,7601138.0
2018-10-19,12.18,12.31,12.15,12.26,,8470443.0
2018-10-22,12.3,12.4,12.27,12.29,,4684457.0
2018-10-23,12.24,12.3,11.92,12.05,,8080879.0
2018-10-24,12.16,12.25,12.01,12.01,,7718743.0
2018-10-25,12.02,12.11,11.9,12.04,,7673745.0
2018-10-26,12.01,12.05,11.81,11.91,,6645617.0
2018-10-29,12.0,12.09,11.78,11.89,,4884881.0
2018-10-30,11.89,12.16,11.88,12.13,,7849344.0
2018-10-31,12.13,12.23,12.03,12.04,,9375840.0
2018-11-01,12.07,12.19,11.95,12.18,,4213985.0
2018-11-02,12.18,12.26,12.05,12.06,,6687869.0
2018-11-05,12.11,12.47,12.08,12.45,,9114286.0
2018-11-06,12.27,13.25,12.23,13.23,,10947862.0
2018-11-07,13.29,13.45,12.85,12.89,,8263110.0
2018-11-08,12.91,13.0,12.75,12.94,,4322222.0
2018-11-09,12.85,12.92,12.72,12.82,,4191610.0
2018-11-12,12.82,12.99,12.81,12.82,,4366195.0
2018-11-13,12.85,12.86,12.66,12.73,,3846040.0
2018-11-14,12.75,12.8,12.56,12.59,,8214535.0
2018-11-15,12.59,12.79,12.5,12.74,,6866664.0
2018-11-16,12.88,12.91,12.7,12.81,,6505226.0
2018-11-19,12.79,12.85,12.66,12.7,,5560043.0
2018-11-20,12.68,12.72,12.29,12.31,,5361647.0
2018-11-21,12.32,12.49,12.12,12.45,,7285988.0
2018-11-23,12.42,12.47,12.36,12.39,,1296707.0
2018-11-26,12.42,12.73,12.42,12.72,,5742209.0
2018-11-27,12.66,12.75,12.54,12.57,,6403319.0
2018-11-28,12.65,12.84,12.65,12.81,,7985561.0
2018-11-29,12.84,12.85,12.71,12.75,,4800813.0
2018-11-30,12.75,12.82,12.69,12.8,,7152002.0
2018-12-03,12.88,12.97,12.82,12.89,,5589206.0
2018-12-04,12.89,13.02,12.75,12.77,,7138148.0
2018-12-06,12.67,12.81,12.42,12.76,,7542175.0
2018-12-07,12.8,12.91,12.73,12.83,,3844517.0
2018-12-10,12.8,13.04,12.8,13.03,,6072324.0
2018-12-11,13.13,13.16,12.89,13.0,,7325834.0
2018-12-12,13.19,13.23,13.08,13.13,,7201069.0
2018-12-13,13.16,13.16,12.98,13.04,,4633276.0
2018-12-14,13.02,13.18,12.99,13.18,,6789798.0
2018-12-17,13.18,13.18,12.18,12.29,,10098560.0
2018-12-18,12.31,12.63,12.25,12.37,,9852896.0
2018-12-19,12.41,12.42,12.11,12.18,,9350331.0
2018-12-20,12.12,12.25,11.89,12.13,,14089929.0
2018-12-21,12.08,12.2,11.78,11.94,,21010998.0
2018-12-24,11.85,11.94,11.39,11.42,,3929817.0
2018-12-26,11.43,11.8,11.19,11.8,,8239751.0
2018-12-27,11.72,11.82,11.46,11.8,,5755602.0
2018-12-28,11.86,12.04,11.74,11.79,,5577558.0
2018-12-31,11.94,12.06,11.86,11.94,,5301458.0
2019-01-02,11.79,11.82,11.65,11.71,,5577757.0
2019-01-03,11.72,11.87,11.54,11.71,,7934743.0
2019-01-04,11.74,12.23,11.73,12.09,,6141126.0
2019-01-07,12.09,12.27,12.01,12.15,,4918941.0
2019-01-08,12.28,12.47,12.19,12.43,,4443721.0
2019-01-09,12.43,12.6,12.37,12.41,,5003528.0
2019-01-10,12.37,12.7,12.32,12.67,,3948854.0
2019-01-11,12.67,12.75,12.59,12.71,,3292416.0
2019-01-14,12.6,12.6,12.21,12.42,,7846605.0
2019-01-15,12.43,12.79,12.43,12.75,,4604436.0
2019-01-16,12.71,12.85,12.66,12.81,,6021380.0
2019-01-17,12.8,12.94,12.74,12.8,,6409312.0
2019-01-18,12.77,12.89,12.65,12.85,,4663188.0
2019-01-22,12.86,13.0,12.75,12.89,,3378049.0
2019-01-23,12.93,13.12,12.92,13.11,,6438422.0
2019-01-24,13.13,13.15,12.99,13.13,,4707983.0
2019-01-25,13.13,13.29,13.05,13.12,,4711681.0
2019-01-28,13.08,13.18,13.0,13.11,,4603579.0
2019-01-29,13.18,13.3,13.12,13.24,,5614140.0
2019-01-30,13.3,13.51,13.25,13.46,,5809162.0
2019-01-31,13.46,13.68,13.29,13.65,,8579637.0
2019-02-01,13.66,13.92,13.64,13.89,,5875555.0
2019-02-04,13.87,14.04,13.64,14.02,,7062097.0
2019-02-05,14.01,14.21,13.97,14.12,,5185599.0
2019-02-06,14.08,14.22,14.03,14.14,,3914445.0
2019-02-07,14.13,14.27,14.04,14.25,,4121851.0
2019-02-08,14.23,14.35,14.2,14.34,,3836067.0
2019-02-11,14.37,14.54,14.28,14.29,,4830803.0
2019-02-12,14.33,14.36,14.22,14.31,,6210473.0
2019-02-13,14.26,14.33,14.12,14.19,,4903417.0
2019-02-14,14.18,14.34,14.14,14.21,,4180657.0
2019-02-15,14.3,14.38,14.08,14.09,,7201070.0
2019-02-19,14.08,14.32,14.04,14.31,,6778484.0
2019-02-20,14.29,14.38,14.23,14.28,,4653117.0
2019-02-21,14.23,14.44,14.2,14.43,,4167767.0
2019-02-22,14.49,14.66,14.42,14.6,,3323154.0
2019-02-25,14.58,14.65,14.31,14.43,,5480748.0
2019-02-26,14.46,14.46,14.25,14.4,,5170390.0
2019-02-27,14.22,14.49,14.17,14.29,,6029065.0
2019-02-28,14.38,14.4,14.05,14.35,,6014435.0
2019-03-01,14.4,14.61,14.4,14.58,,6068531.0
2019-03-04,14.6,14.66,14.06,14.26,,9289404.0
2019-03-05,14.28,14.58,14.21,14.51,,7573064.0
2019-03-06,14.53,14.74,14.46,14.64,,8832371.0
2019-03-07,14.76,14.95,14.66,14.72,,8028495.0
2019-03-08,14.73,14.77,14.63,14.74,,5000547.0
2019-03-11,14.79,14.97,14.78,14.97,,5676479.0
2019-03-12,14.99,15.11,14.91,15.09,,3995384.0
2019-03-13,15.13,15.21,15.07,15.09,,3735076.0
2019-03-14,15.13,15.17,15.0,15.14,,4302208.0
2019-03-15,15.11,15.32,14.94,15.25,,7845779.0
2019-03-18,15.26,15.29,15.03,15.12,,6730461.0
2019-03-19,15.11,15.21,14.78,14.86,,11346692.0
2019-03-20,14.89,15.05,14.75,14.93,,7786871.0
2019-03-21,14.98,15.25,14.94,15.23,,4984615.0
2019-03-22,15.24,15.34,15.03,15.04,,5223321.0
2019-03-25,15.06,15.28,15.0,15.19,,5060709.0
2019-03-26,15.24,15.33,15.21,15.33,,5177070.0
2019-03-27,15.3,15.43,15.09,15.2,,4920064.0
2019-03-28,15.22,15.31,15.02,15.08,,4272122.0
2019-03-29,15.09,15.16,15.03,15.06,,7653144.0
2019-04-01,15.1,15.13,14.87,14.93,,8350025.0
2019-04-02,14.96,15.06,14.9,15.0,,9343493.0
2019-04-03,15.1,15.25,14.98,15.04,,9269187.0
2019-04-04,15.04,15.04,14.85,14.99,,4134176.0
2019-04-05,15.03,15.23,15.0,15.22,,5314892.0
2019-04-08,15.19,15.19,14.92,14.98,,4111107.0
2019-04-09,14.94,15.08,14.93,15.08,,4410824.0
2019-04-10,15.12,15.22,15.0,15.04,,3554119.0
2019-04-11,15.03,15.09,14.96,15.06,,2622511.0
2019-04-12,15.05,15.08,14.93,15.01,,3333406.0
2019-04-15,15.04,15.09,14.96,15.07,,3875488.0
2019-04-16,15.03,15.13,14.83,14.85,,4353086.0
2019-04-17,14.89,14.91,14.68,14.74,,3893490.0
2019-04-18,14.7,14.82,14.6,14.76,,4256567.0
2019-04-22,14.72,14.82,14.67,14.73,,3326187.0
2019-04-23,14.76,14.92,14.68,14.78,,6153269.0
2019-04-24,14.8,14.88,14.71,14.77,,5098552.0
2019-04-25,14.68,14.78,14.58,14.65,,4845349.0
2019-04-26,14.73,14.83,14.47,14.54,,7674690.0
2019-04-29,14.55,14.58,14.31,14.34,,5804212.0
2019-04-30,14.34,14.42,14.18,14.37,,10823404.0
2019-05-01,14.37,14.47,14.19,14.19,,6113805.0
2019-05-02,14.16,14.42,14.04,14.31,,12720702.0
2019-05-03,14.37,14.48,14.21,14.21,,7534308.0
2019-05-06,14.12,14.17,13.98,14.11,,7146249.0
2019-05-07,14.03,14.21,13.69,13.88,,8430412.0
2019-05-08,13.92,13.97,13.39,13.42,,9000214.0
2019-05-09,13.39,13.66,13.32,13.53,,12445726.0
2019-05-10,13.52,13.68,13.37,13.64,,6019396.0
2019-05-13,13.51,13.56,13.33,13.53,,5597585.0
2019-05-14,13.71,13.77,13.49,13.5,,6664268.0
2019-05-15,13.42,13.65,13.35,13.62,,6849433.0
2019-05-16,13.58,13.81,13.55,13.73,,7046233.0
2019-05-17,13.63,13.74,13.62,13.72,,6037812.0
2019-05-20,13.63,13.79,13.61,13.63,,6653437.0
2019-05-21,13.67,13.88,13.65,13.74,,7310777.0
2019-05-22,13.85,13.94,13.8,13.89,,6908837.0
2019-05-23,13.81,14.13,13.79,14.1,,7848504.0
2019-05-24,14.15,14.16,13.84,13.85,,5520951.0
2019-05-28,13.85,13.97,13.72,13.72,,8771755.0
2019-05-29,13.67,13.7,13.48,13.48,,7667320.0
2019-05-30,13.49,13.57,13.29,13.34,,3985080.0
2019-05-31,13.28,13.38,13.19,13.27,,5239575.0
2019-06-03,13.32,13.38,13.23,13.37,,5563796.0
2019-06-04,13.38,13.53,13.24,13.5,,7018845.0
2019-06-05,13.58,13.85,13.58,13.84,,7267198.0
2019-06-06,13.84,14.26,13.78,14.24,,9597152.0
2019-06-07,14.32,14.37,14.0,14.02,,3810196.0
2019-06-10,14.01,14.01,13.72,13.79,,3534517.0
2019-06-11,13.83,13.95,13.63,13.75,,6020556.0
2019-06-12,13.75,14.09,13.75,14.07,,3860052.0
2019-06-13,14.11,14.21,14.05,14.16,,3035823.0
2019-06-14,14.16,14.44,14.16,14.35,,3837544.0
2019-06-17,14.35,14.4,14.01,14.13,,4251898.0
2019-06-18,14.28,14.3,14.06,14.14,,4057109.0
2019-06-19,14.07,14.14,13.66,13.91,,7216962.0
2019-06-20,14.05,14.27,13.94,14.21,,6072056.0
2019-06-21,14.21,14.21,13.99,14.07,,5048024.0
2019-06-24,14.14,14.16,13.84,13.96,,3864164.0
2019-06-25,14.0,14.06,13.87,13.98,,4843561.0
2019-06-26,13.97,13.97,13.67,13.7,,4009849.0
2019-06-27,13.69,13.89,13.67,13.89,,4797029.0
2019-06-28,13.89,14.1,13.88,14.07,,6924602.0
2019-07-01,14.12,14.17,13.99,14.08,,3896860.0
2019-07-02,14.14,14.37,14.08,14.23,,5548067.0
2019-07-03,14.31,14.63,14.3,14.51,,5265118.0
2019-07-05,14.42,14.42,14.2,14.37,,3812234.0
2019-07-08,14.31,14.45,14.3,14.4,,3363088.0
2019-07-09,14.37,14.43,14.24,14.32,,3769410.0
2019-07-10,14.35,14.4,14.25,14.26,,3433944.0
2019-07-11,14.27,14.3,14.09,14.24,,3450373.0
2019-07-12,14.26,14.35,14.15,14.34,,2862984.0
2019-07-15,14.34,14.42,14.24,14.4,,3370354.0
2019-07-16,14.38,14.52,14.37,14.52,,6047450.0
2019-07-17,14.56,14.94,14.55,14.82,,11336311.0
2019-07-18,14.8,14.81,14.46,14.72,,4948963.0
2019-07-19,14.72,14.73,14.45,14.46,,3367380.0
2019-07-22,14.49,14.52,14.16,14.32,,5520875.0
2019-07-23,14.31,14.32,14.07,14.13,,2965622.0
2019-07-24,14.14,14.21,14.06,14.16,,2357945.0
2019-07-25,14.1,14.25,14.09,14.2,,2750586.0
2019-07-26,14.22,14.31,14.14,14.22,,3677779.0
2019-07-29,14.28,14.35,14.2,14.32,,3365667.0
2019-07-30,14.21,14.44,14.16,14.4,,3871234.0
2019-07-31,14.42,14.48,14.14,14.21,,12159292.0
2019-08-01,14.19,14.7,14.19,14.64,,5299538.0
2019-08-02,14.57,14.63,14.23,14.24,,5935285.0
2019-08-05,14.15,14.21,13.7,13.81,,4466697.0
2019-08-06,13.55,13.7,13.01,13.29,,12373639.0
2019-08-07,13.25,13.3,12.97,13.26,,9128033.0
2019-08-08,13.25,13.49,13.21,13.42,,5104401.0
2019-08-09,13.37,13.45,13.16,13.18,,3548186.0
2019-08-12,13.14,13.14,12.82,12.9,,5013831.0
2019-08-13,12.83,12.98,12.79,12.84,,3489867.0
2019-08-14,12.76,12.79,12.45,12.52,,6614444.0
2019-08-15,12.65,12.66,12.38,12.5,,5641138.0
2019-08-16,12.52,12.91,12.49,12.87,,5172458.0
2019-08-19,12.87,13.1,12.85,13.0,,4586637.0
2019-08-20,12.99,13.02,12.78,12.86,,6022662.0
2019-08-21,12.9,13.04,12.86,12.97,,3385698.0
2019-08-22,12.93,12.97,12.71,12.87,,3598264.0
2019-08-23,12.87,12.91,12.46,12.52,,3941331.0
2019-08-26,12.57,12.65,12.51,12.56,,2276137.0
2019-08-27,12.61,12.7,12.36,12.37,,6291599.0
2019-08-28,12.37,12.63,12.36,12.58,,5264639.0
2019-08-29,12.64,12.86,12.64,12.8,,4897536.0
2019-08-30,12.87,13.04,12.83,12.98,,5110186.0
2019-09-03,12.88,13.08,12.84,12.98,,5743114.0
2019-09-04,13.05,13.1,12.88,12.94,,3519236.0
2019-09-05,12.87,13.14,12.87,13.07,,5726752.0
2019-09-06,13.14,13.18,12.93,12.96,,3491180.0
2019-09-09,12.93,13.02,12.57,12.72,,4347979.0
2019-09-10,12.7,12.86,12.69,12.85,,3254008.0
2019-09-11,12.87,13.22,12.8,13.16,,5881868.0
2019-09-12,13.2,13.35,13.06,13.26,,6214075.0
2019-09-13,13.26,13.51,13.24,13.36,,5643176.0
2019-09-16,13.41,13.55,13.22,13.54,,4344300.0
2019-09-17,13.54,13.58,13.41,13.45,,4327307.0
2019-09-18,13.49,13.59,13.37,13.58,,3881240.0
2019-09-19,13.6,13.64,13.47,13.5,,4658542.0
2019-09-20,13.52,13.7,13.47,13.62,,7457811.0
2019-09-23,13.61,13.79,13.5,13.75,,3698216.0
2019-09-24,13.8,13.84,13.58,13.69,,4858164.0
2019-09-25,13.66,13.77,13.61,13.64,,4348577.0
2019-09-26,13.7,13.8,13.58,13.73,,3612101.0
2019-09-27,13.76,13.99,13.69,13.8,,4433797.0
2019-09-30,13.86,13.92,13.73,13.83,,3559194.0
2019-10-01,13.73,13.9,13.66,13.75,,3743002.0
2019-10-02,13.75,13.75,13.29,13.29,,4670904.0
2019-10-03,13.31,13.44,13.22,13.37,,4591384.0
2019-10-04,13.42,13.57,13.26,13.57,,3925960.0
2019-10-07,13.54,13.59,13.41,13.42,,3308147.0
2019-10-08,13.37,13.43,13.11,13.13,,4203432.0
2019-10-09,13.17,13.26,13.06,13.15,,4693948.0
2019-10-10,13.14,13.42,13.11,13.39,,3063211.0
2019-10-11,13.43,13.67,13.42,13.55,,3461426.0
2019-10-14,13.57,13.58,13.43,13.53,,2969733.0
2019-10-15,13.48,13.7,13.41,13.56,,4858336.0
2019-10-16,13.52,13.66,13.5,13.65,,4117151.0
2019-10-17,13.63,13.8,13.6,13.75,,3028435.0
2019-10-18,13.7,13.95,13.64,13.86,,4070603.0
2019-10-21,13.88,13.97,13.82,13.91,,4126603.0
2019-10-22,13.95,14.32,13.83,14.3,,5576309.0
2019-10-23,14.27,14.52,14.25,14.5,,6362851.0
2019-10-24,14.56,14.57,14.26,14.29,,5174667.0
2019-10-25,14.24,14.32,14.1,14.22,,3494082.0
2019-10-28,14.22,14.55,14.18,14.37,,5094244.0
2019-10-29,14.33,14.52,14.3,14.46,,5620142.0
2019-10-30,14.46,14.58,14.35,14.57,,6610059.0
2019-10-31,14.58,14.6,14.48,14.55,,5336604.0
2019-11-01,14.58,14.96,14.58,14.94,,5317544.0
2019-11-04,14.94,15.03,14.79,14.86,,6253958.0
2019-11-05,14.82,14.93,14.61,14.67,,5868275.0
2019-11-06,15.03,15.22,14.89,15.08,,5717115.0
2019-11-07,15.13,15.19,14.79,14.99,,6058544.0
2019-11-08,14.92,15.06,14.83,15.05,,4908907.0
2019-11-11,15.06,15.38,14.98,15.3,,6042735.0
2019-11-12,15.24,15.48,15.2,15.41,,8803977.0
2019-11-13,15.44,15.54,15.34,15.49,,6014007.0
2019-11-14,15.49,15.73,15.49,15.71,,7964226.0
2019-11-15,15.7,15.77,15.64,15.74,,6748687.0
2019-11-18,15.72,15.78,15.64,15.78,,5865007.0
2019-11-19,15.76,15.81,15.7,15.77,,5964403.0
2019-11-20,15.75,15.89,15.62,15.87,,14626472.0
2019-11-21,15.87,15.9,15.64,15.78,,7280845.0
2019-11-22,15.85,16.09,15.78,16.07,,6925930.0
2019-11-25,16.02,16.07,15.91,16.02,,5669297.0
2019-11-26,16.0,16.01,15.85,16.0,,9390139.0
2019-11-27,16.0,16.13,15.95,16.12,,3455413.0
2019-11-29,16.07,16.24,16.02,16.13,,2357122.0
2019-12-02,16.13,16.19,16.07,16.14,,5518463.0
2019-12-03,16.11,16.18,16.04,16.07,,5849820.0
2019-12-04,16.03,16.2,16.01,16.13,,5882207.0
2019-12-05,16.16,16.18,16.01,16.05,,5927388.0
2019-12-06,16.01,16.09,15.95,15.97,,6705901.0
2019-12-09,16.0,16.08,15.9,16.03,,5287408.0
2019-12-10,16.08,16.41,16.06,16.32,,3757306.0
2019-12-11,16.36,16.41,16.13,16.13,,4524315.0
2019-12-12,16.11,16.34,16.09,16.15,,4581940.0
2019-12-13,16.19,16.23,16.11,16.14,,4867382.0
2019-12-16,16.18,16.53,16.16,16.53,,4945640.0
2019-12-17,16.54,16.54,16.11,16.14,,8284271.0
2019-12-18,16.11,16.53,16.05,16.36,,11938927.0
2019-12-19,16.4,16.71,16.33,16.68,,8291592.0
2019-12-20,16.67,17.03,16.63,16.9,,9091628.0
2019-12-23,17.0,17.0,16.79,16.91,,2614862.0
2019-12-24,16.92,16.97,16.84,16.86,,986177.0
2019-12-26,16.94,17.05,16.88,17.0,,2223977.0
2019-12-27,16.99,17.05,16.89,17.05,,2250393.0
2019-12-30,16.98,17.13,16.95,17.1,,2491641.0
2019-12-31,17.11,17.17,16.86,16.98,,6044828.0
2020-01-02,17.04,17.15,16.96,17.09,,3069933.0
2020-01-03,16.97,17.1,16.84,16.89,,5349469.0
2020-01-06,16.85,17.1,16.84,17.09,,4348426.0
2020-01-07,17.08,17.17,16.96,17.15,,3240685.0
2020-01-08,17.18,17.28,16.97,17.11,,4476360.0
2020-01-09,17.12,17.42,17.12,17.29,,4163175.0
2020-01-10,17.26,17.35,17.18,17.22,,2554994.0
2020-01-13,17.18,17.42,17.18,17.33,,3143707.0
2020-01-14,17.32,17.41,17.23,17.4,,3893404.0
2020-01-15,17.36,17.56,17.29,17.46,,3099173.0
2020-01-16,17.45,17.56,17.36,17.55,,2819620.0
2020-01-17,17.5,17.58,17.27,17.49,,5006079.0
2020-01-21,17.38,17.54,17.28,17.46,,6399877.0
2020-01-22,17.45,17.67,17.39,17.4,,3833080.0
2020-01-23,17.39,17.56,17.33,17.54,,3144919.0
2020-01-24,17.53,17.54,17.34,17.39,,2052446.0
2020-01-27,17.33,17.39,17.08,17.13,,3593886.0
2020-01-28,17.2,17.35,17.13,17.22,,3129451.0
2020-01-29,17.2,17.4,17.11,17.34,,3345321.0
2020-01-30,17.25,17.36,17.13,17.34,,2355519.0
2020-01-31,17.24,17.34,17.0,17.06,,3643582.0
2020-02-03,17.16,17.51,17.1,17.45,,3843290.0
2020-02-04,17.52,17.78,17.49,17.71,,4225313.0
2020-02-05,17.77,17.96,17.72,17.84,,3629103.0
2020-02-06,17.9,17.93,17.67,17.68,,3115998.0
2020-02-07,17.66,17.71,17.55,17.61,,2206297.0
2020-02-10,17.61,17.67,17.51,17.63,,2505704.0
2020-02-11,17.71,17.95,17.7,17.86,,3166021.0
2020-02-12,17.83,18.05,17.78,18.01,,3134333.0
2020-02-13,17.97,18.01,17.82,17.9,,3407659.0
2020-02-14,17.92,18.02,17.89,17.98,,3469330.0
2020-02-18,17.99,18.24,17.91,18.07,,2535773.0
2020-02-19,18.16,18.17,17.97,17.97,,2224411.0
2020-02-20,17.93,17.99,17.75,17.87,,2818950.0
2020-02-21,17.87,17.96,17.79,17.83,,3948989.0
2020-02-24,17.47,17.61,17.3,17.4,,3921957.0
2020-02-25,17.45,17.46,16.63,16.65,,5870984.0
2020-02-26,16.75,16.78,16.05,16.06,,4952817.0
2020-02-27,15.95,16.38,15.68,15.72,,8442890.0
2020-02-28,13.75,14.94,13.53,14.37,,12558205.0
2020-03-02,14.41,15.67,14.16,15.66,,8987944.0
2020-03-03,15.47,15.84,14.96,14.98,,11037924.0
2020-03-04,15.19,15.39,14.86,15.32,,5851345.0
2020-03-05,15.06,15.07,14.25,14.37,,6056417.0
2020-03-06,13.86,14.55,13.65,14.45,,9374075.0
2020-03-09,13.45,13.58,12.45,12.53,,6967027.0
2020-03-10,12.97,13.13,12.28,13.07,,7209231.0
2020-03-11,12.68,12.85,12.06,12.17,,7915381.0
2020-03-12,11.22,11.29,10.05,10.47,,7505969.0
2020-03-13,11.16,11.37,10.29,11.17,,6997158.0
2020-03-16,9.92,10.91,9.44,9.44,,6959274.0
2020-03-17,9.71,10.07,8.45,9.93,,7798988.0
2020-03-18,9.58,9.58,6.97,8.21,,9116589.0
2020-03-19,8.16,9.68,7.73,9.44,,8728227.0
2020-03-20,9.63,10.42,9.31,10.2,,12070637.0
2020-03-23,10.29,11.16,9.91,10.2,,10708174.0
2020-03-24,10.87,11.53,10.44,10.88,,7596198.0
2020-03-25,10.96,11.68,10.15,11.02,,7160874.0
2020-03-26,11.11,11.75,10.91,11.6,,7775886.0
2020-03-27,11.04,11.88,10.9,11.56,,5612390.0
2020-03-30,11.81,11.99,11.41,11.74,,7614514.0
2020-03-31,11.6,11.97,11.32,11.69,,6793581.0
2020-04-01,11.17,11.4,10.6,11.0,,7036054.0
2020-04-02,10.88,11.66,10.72,11.2,,6683706.0
2020-04-03,10.96,11.24,10.42,10.52,,6542574.0
2020-04-06,11.08,11.84,11.0,11.7,,5157946.0
2020-04-07,12.31,12.55,11.34,11.37,,6269821.0
2020-04-08,11.35,12.26,11.31,12.14,,4545554.0
2020-04-09,12.42,12.88,12.37,12.65,,7452891.0
2020-04-13,12.57,12.57,11.96,12.19,,3743531.0
2020-04-14,12.38,12.45,11.82,12.04,,5189999.0
2020-04-15,11.44,11.73,10.88,10.9,,10034196.0
2020-04-16,10.91,11.07,10.32,10.45,,10027313.0
2020-04-17,10.82,11.33,10.72,11.27,,7583824.0
2020-04-20,11.06,11.26,10.79,10.91,,4971540.0
2020-04-21,10.65,10.81,10.53,10.71,,5759131.0
2020-04-22,10.99,11.05,10.61,10.9,,4491997.0
2020-04-23,11.02,11.29,10.87,10.9,,4019265.0
2020-04-24,10.95,11.19,10.77,11.05,,5041012.0
2020-04-27,11.17,11.56,11.08,11.41,,3550609.0
2020-04-28,11.77,12.04,11.51,11.71,,4307128.0
2020-04-29,12.01,12.44,11.92,12.3,,5761094.0
2020-04-30,12.19,12.19,11.48,11.51,,5606807.0
2020-05-01,11.29,11.44,10.94,11.24,,3957381.0
2020-05-04,11.18,11.19,10.89,11.13,,3618777.0
2020-05-05,11.31,11.47,11.2,11.33,,5684931.0
2020-05-06,11.39,11.39,10.81,10.88,,7497322.0
2020-05-07,10.88,11.33,10.48,10.53,,7777505.0
2020-05-08,10.78,11.25,10.65,11.18,,7502501.0
2020-05-11,11.07,11.07,10.7,10.77,,5335028.0
2020-05-12,10.77,10.95,10.73,10.83,,6686895.0
2020-05-13,10.73,10.76,10.0,10.08,,9045980.0
2020-05-14,9.93,10.27,9.55,10.27,,7523116.0
2020-05-15,10.18,10.27,10.04,10.21,,7669563.0
2020-05-18,10.61,11.4,10.6,11.33,,5725308.0
2020-05-19,11.42,11.52,11.13,11.13,,5433349.0
2020-05-20,11.37,11.55,11.2,11.26,,5266558.0
2020-05-21,11.2,11.29,10.67,10.69,,7768573.0
2020-05-22,10.68,10.72,10.4,10.63,,5942474.0
2020-05-26,11.14,11.44,11.07,11.19,,5538076.0
2020-05-27,11.42,11.49,10.92,11.09,,7715370.0
2020-05-28,11.24,11.42,10.96,11.2,,8437539.0
2020-05-29,11.13,11.14,10.68,10.85,,8117922.0
2020-06-01,10.83,11.08,10.71,10.9,,6523183.0
2020-06-02,11.0,11.4,10.82,11.39,,5416530.0
2020-06-03,11.59,11.94,11.58,11.84,,5722119.0
2020-06-04,11.77,12.12,11.65,12.02,,9202293.0
2020-06-05,12.58,13.08,12.35,12.42,,8315993.0
2020-06-08,12.59,13.1,12.55,13.0,,5487516.0
2020-06-09,12.6,12.67,11.92,12.02,,6287477.0
2020-06-10,11.97,11.98,11.43,11.44,,7941272.0
2020-06-11,10.86,10.94,10.42,10.6,,8830917.0
2020-06-12,11.06,11.26,10.64,11.0,,6951811.0
2020-06-15,10.62,11.27,10.45,11.19,,5975898.0
2020-06-16,11.79,12.07,11.6,11.86,,7945202.0
2020-06-17,11.96,12.06,11.54,11.65,,6822364.0
2020-06-18,11.46,11.73,11.4,11.67,,4560809.0
2020-06-19,11.91,12.08,11.57,11.59,,11402374.0
2020-06-22,11.6,12.28,11.45,12.14,,9029898.0
2020-06-23,12.27,12.49,11.96,12.02,,7689335.0
2020-06-24,11.88,12.17,11.71,12.02,,8330948.0
2020-06-25,11.93,12.12,11.79,12.06,,9719412.0
2020-06-26,12.0,12.14,11.75,11.94,,13076492.0
2020-06-29,12.12,12.54,11.91,12.45,,9840408.0
2020-06-30,12.39,12.64,12.24,12.58,,9237205.0
2020-07-01,12.68,12.76,12.4,12.52,,5704206.0
2020-07-02,12.69,12.86,12.54,12.58,,4701684.0
2020-07-06,12.85,13.07,12.45,12.57,,5526909.0
2020-07-07,12.37,12.38,12.19,12.28,,4165184.0
2020-07-08,12.23,12.57,12.12,12.54,,6383372.0
2020-07-09,12.41,12.49,11.96,12.09,,5579314.0
2020-07-10,12.09,12.53,12.06,12.47,,5157975.0
2020-07-13,12.54,12.92,12.51,12.72,,6735066.0
2020-07-14,12.68,13.02,12.64,12.82,,6563330.0
2020-07-15,12.98,13.2,12.91,13.09,,4961444.0
2020-07-16,13.08,13.18,12.87,12.92,,3706010.0
2020-07-17,12.91,13.65,12.83,13.58,,8238750.0
2020-07-20,13.48,13.49,13.16,13.25,,5592018.0
2020-07-21,13.38,13.73,13.3,13.39,,5172817.0
2020-07-22,13.24,13.65,12.93,13.55,,6716521.0
2020-07-23,13.59,13.81,13.53,13.62,,4130378.0
2020-07-24,13.65,13.76,13.3,13.38,,4226584.0
2020-07-27,13.37,13.38,13.04,13.25,,5329337.0
2020-07-28,13.14,13.36,13.14,13.2,,3343963.0
2020-07-29,13.26,13.57,13.23,13.51,,4142603.0
2020-07-30,13.36,13.44,13.15,13.39,,3175353.0
2020-07-31,13.35,13.37,13.0,13.35,,4069208.0
2020-08-03,13.34,13.34,13.11,13.26,,3456977.0
2020-08-04,13.25,13.62,13.13,13.56,,5566648.0
2020-08-05,13.68,13.74,13.33,13.5,,6051907.0
2020-08-06,13.46,14.74,13.37,14.51,,9526863.0
2020-08-07,14.4,15.17,14.35,15.04,,8627785.0
2020-08-10,15.19,15.54,14.83,15.42,,5848720.0
2020-08-11,15.54,15.66,14.87,14.89,,5873685.0
2020-08-12,14.9,15.45,14.71,15.13,,5144376.0
2020-08-13,15.16,15.77,15.04,15.6,,7945746.0
2020-08-14,15.53,15.53,15.29,15.4,,4269273.0
2020-08-17,15.43,15.61,15.33,15.49,,4249474.0
2020-08-18,15.42,15.68,15.33,15.55,,4635073.0
2020-08-19,15.55,15.75,15.41,15.45,,2614785.0
2020-08-20,15.25,15.84,15.13,15.74,,5172258.0
2020-08-21,15.78,15.92,15.62,15.8,,5183430.0
2020-08-24,15.89,15.94,15.7,15.84,,3912251.0
2020-08-25,15.93,15.93,15.47,15.68,,2839361.0
2020-08-26,15.68,15.7,15.41,15.54,,3181346.0
2020-08-27,15.59,15.79,15.52,15.7,,3515416.0
2020-08-28,15.68,15.75,15.4,15.69,,4775013.0
2020-08-31,15.72,15.77,15.49,15.56,,4074718.0
2020-09-01,15.47,15.74,15.4,15.7,,3914341.0
2020-09-02,15.71,16.0,15.54,15.94,,4967338.0
2020-09-03,16.0,16.08,15.37,15.51,,4419101.0
2020-09-04,15.56,15.61,15.01,15.4,,4318221.0
2020-09-08,15.34,15.37,15.09,15.26,,4264801.0
2020-09-09,15.39,15.55,15.19,15.38,,2988929.0
2020-09-10,15.38,15.47,15.18,15.22,,2736965.0
2020-09-11,15.25,15.65,15.13,15.61,,7266184.0
2020-09-14,15.68,15.85,15.54,15.74,,4414186.0
2020-09-15,15.86,15.9,15.45,15.6,,3703311.0
2020-09-16,15.61,15.89,15.54,15.83,,4346285.0
2020-09-17,15.68,16.3,15.43,16.16,,6893627.0
2020-09-18,16.19,16.76,16.18,16.47,,11655510.0
2020-09-21,16.15,16.25,15.76,16.1,,4674856.0
2020-09-22,16.1,16.18,15.78,15.99,,4816309.0
2020-09-23,16.1,16.18,15.57,15.57,,5635964.0
2020-09-24,15.65,15.89,15.27,15.75,,7458016.0
2020-09-25,15.79,15.84,15.54,15.77,,3652737.0
2020-09-28,16.03,16.18,15.65,15.67,,5012716.0
2020-09-29,15.83,15.98,15.62,15.78,,4226866.0
2020-09-30,15.82,16.02,15.75,15.88,,6615591.0
2020-10-01,15.99,16.05,15.5,15.71,,4895918.0
2020-10-02,15.37,16.26,15.31,16.25,,6500237.0
2020-10-05,16.35,16.46,16.26,16.29,,3445046.0
2020-10-06,16.3,16.52,16.15,16.36,,3555525.0
2020-10-07,16.45,16.6,16.29,16.44,,3546920.0
2020-10-08,16.54,17.08,16.46,17.04,,8813767.0
2020-10-09,17.1,17.16,16.64,16.94,,7942812.0
2020-10-12,16.94,17.19,16.84,17.11,,5156630.0
2020-10-13,16.93,17.19,16.89,17.14,,5105677.0
2020-10-14,17.14,17.31,17.07,17.21,,3657849.0
2020-10-15,16.96,17.49,16.9,17.41,,3941689.0
2020-10-16,17.47,17.56,17.23,17.45,,3838879.0
2020-10-19,17.45,17.62,17.25,17.45,,8025448.0
2020-10-20,17.68,17.87,17.49,17.53,,4668234.0
2020-10-21,17.51,17.77,17.48,17.72,,5450742.0
2020-10-22,17.71,17.93,17.57,17.89,,4140940.0
2020-10-23,18.02,18.2,17.82,18.1,,3881517.0
2020-10-26,17.88,18.1,17.58,18.04,,5676074.0
2020-10-27,18.03,18.12,17.77,17.83,,3718973.0
2020-10-28,17.53,17.68,16.97,17.1,,6373732.0
2020-10-29,17.06,17.42,16.76,17.25,,4772925.0
2020-10-30,17.22,17.49,17.05,17.22,,5949754.0
2020-11-02,17.48,17.79,17.37,17.66,,5621572.0
2020-11-03,17.97,18.27,17.81,17.9,,4908187.0
2020-11-04,17.89,18.03,17.57,17.61,,6436238.0
2020-11-05,17.86,18.79,17.75,18.52,,5604271.0
2020-11-06,18.47,18.84,17.98,18.02,,4317790.0
2020-11-09,19.37,19.71,18.46,18.52,,7283958.0
2020-11-10,18.5,18.61,18.12,18.39,,6543680.0
2020-11-11,18.55,19.08,18.44,18.8,,6061181.0
2020-11-12,18.64,18.64,17.91,18.14,,5706848.0
2020-11-13,18.3,18.55,18.22,18.43,,4756687.0
2020-11-16,18.8,18.93,18.61,18.84,,5490159.0
2020-11-17,18.66,19.0,18.66,18.85,,4546270.0
2020-11-18,18.86,19.03,18.7,18.87,,11402248.0
2020-11-19,18.79,18.81,18.38,18.44,,6364438.0
2020-11-20,18.31,18.41,18.0,18.03,,6956379.0
2020-11-23,18.2,18.28,17.98,18.07,,5701583.0
2020-11-24,18.3,18.75,18.15,18.68,,5628239.0
2020-11-25,18.68,18.79,18.4,18.53,,4538729.0
2020-11-27,18.62,18.65,18.48,18.58,,1924099.0
2020-11-30,18.52,18.57,18.0,18.05,,8001770.0
2020-12-01,18.25,18.48,18.14,18.19,,5885538.0
2020-12-02,18.09,18.89,17.9,18.69,,6780461.0
2020-12-03,18.64,19.02,18.55,18.69,,5008778.0
2020-12-04,18.76,18.89,18.45,18.61,,4094489.0
2020-12-07,18.54,18.69,18.23,18.43,,4224965.0
2020-12-08,18.39,18.85,18.33,18.71,,4626058.0
2020-12-09,18.7,18.78,18.27,18.41,,4848422.0
2020-12-10,18.29,18.52,18.23,18.41,,4779446.0
2020-12-11,18.25,18.75,18.12,18.68,,4495472.0
2020-12-14,18.85,19.05,18.69,18.81,,4870088.0
2020-12-15,18.91,19.69,18.81,19.68,,5431682.0
2020-12-16,19.79,19.85,19.31,19.34,,6493362.0
2020-12-17,19.41,19.84,19.41,19.51,,6010019.0
2020-12-18,19.55,20.04,19.45,19.91,,13712890.0
2020-12-21,19.72,20.44,19.5,19.98,,6095819.0
2020-12-22,20.06,20.45,19.95,20.15,,4833344.0
2020-12-23,20.44,20.81,20.31,20.74,,5114110.0
2020-12-24,20.75,20.78,20.4,20.55,,2859661.0
2020-12-28,20.74,20.85,20.52,20.58,,3884608.0
2020-12-29,20.65,20.86,20.38,20.59,,2818794.0
2020-12-30,20.29,20.42,20.01,20.12,,8226344.0
2020-12-31,20.23,20.8,20.16,20.75,,4316368.0
2021-01-04,20.94,21.19,20.33,20.52,,6523449.0
2021-01-05,20.5,21.36,20.49,21.21,,6392645.0
2021-01-06,21.44,22.27,21.28,22.06,,6504520.0
2021-01-07,22.25,22.34,21.84,21.84,,6068317.0
2021-01-08,21.98,22.47,21.86,22.45,,4479375.0
2021-01-11,22.16,22.56,22.1,22.48,,6025999.0
2021-01-12,22.55,23.06,22.49,22.98,,5218046.0
2021-01-13,23.06,23.9,23.0,23.74,,8193780.0
2021-01-14,23.74,24.36,23.74,24.24,,5924666.0
2021-01-15,24.08,24.56,23.99,24.37,,5220709.0
2021-01-19,24.77,25.09,24.51,24.78,,6587179.0
2021-01-20,24.72,25.32,24.62,24.75,,6807956.0
2021-01-21,24.75,24.8,23.99,24.09,,7106885.0
2021-01-22,23.97,24.09,23.78,23.93,,5784705.0
2021-01-25,23.72,24.03,22.88,23.16,,10717415.0
2021-01-26,23.17,23.28,21.6,21.69,,10506805.0
2021-01-27,21.16,21.2,20.15,20.28,,14199893.0
2021-01-28,20.76,22.02,20.47,21.81,,12017045.0
2021-01-29,21.58,22.13,21.54,21.67,,7250268.0
2021-02-01,21.91,22.36,21.58,22.04,,10704428.0
2021-02-02,22.31,23.26,22.16,22.88,,11206518.0
2021-02-03,22.92,23.07,22.58,22.97,,5264369.0
2021-02-04,22.88,23.3,22.77,23.25,,4831754.0
2021-02-05,23.48,24.08,23.33,23.87,,4324620.0
2021-02-08,24.12,24.84,23.95,24.59,,8431896.0
2021-02-09,24.51,24.81,24.28,24.8,,5269371.0
2021-02-10,24.95,24.99,24.06,24.56,,7075402.0
2021-02-11,24.7,25.06,24.57,24.88,,5576717.0
2021-02-12,24.88,25.36,24.83,25.35,,4984242.0
2021-02-16,25.41,25.83,25.27,25.69,,7370112.0
2021-02-17,25.59,25.78,25.35,25.55,,4718119.0
2021-02-18,25.42,25.6,24.32,24.71,,7614129.0
2021-02-19,24.89,25.41,24.82,25.15,,4352059.0
2021-02-22,24.99,24.99,23.96,23.99,,9599422.0
2021-02-23,23.88,24.29,22.69,24.19,,9793373.0
2021-02-24,24.2,25.13,24.16,24.88,,8671961.0
2021-02-25,24.59,24.78,23.27,23.41,,8266157.0
2021-02-26,23.46,24.12,23.21,23.6,,5856947.0
2021-03-01,24.05,24.26,23.64,23.99,,6045842.0
2021-03-02,23.97,24.08,23.67,23.82,,5638224.0
2021-03-03,23.78,23.94,23.41,23.89,,6996861.0
2021-03-04,23.22,23.53,22.73,23.0,,18935480.0
2021-03-05,23.1,23.32,22.06,23.09,,10636865.0
2021-03-08,23.21,23.61,22.88,23.35,,8455714.0
2021-03-09,23.88,24.84,23.72,24.46,,6344426.0
2021-03-10,24.59,25.05,24.35,24.43,,6911974.0
2021-03-11,24.72,25.16,24.62,25.04,,4632992.0
2021-03-12,24.91,25.33,24.65,25.28,,3393260.0
2021-03-15,25.22,25.55,25.13,25.32,,4336933.0
2021-03-16,25.18,25.28,24.76,24.78,,4547309.0
2021-03-17,24.69,24.69,23.43,23.86,,11942901.0
2021-03-18,23.86,23.97,23.08,23.1,,8796619.0
2021-03-19,23.11,23.59,23.02,23.38,,11160661.0
2021-03-22,23.43,23.51,23.0,23.07,,7979776.0
2021-03-23,23.08,23.12,22.58,22.73,,6874227.0
2021-03-24,22.71,23.46,22.71,22.79,,5497074.0
2021-03-25,22.55,23.32,22.36,23.21,,5455916.0
2021-03-26,23.25,23.44,23.01,23.39,,5056676.0
2021-03-29,23.27,23.39,23.08,23.16,,3794887.0
2021-03-30,23.2,23.88,23.15,23.88,,4603085.0
2021-03-31,24.06,24.27,23.79,23.82,,5727952.0
2021-04-01,24.03,24.28,23.9,24.05,,6138253.0
2021-04-05,24.37,24.46,23.96,24.29,,6462600.0
2021-04-06,24.22,24.89,24.11,24.72,,5735767.0
2021-04-07,24.69,24.75,23.92,24.07,,6073249.0
2021-04-08,24.22,24.65,24.22,24.59,,4565771.0
2021-04-09,24.43,24.68,23.94,24.63,,5970801.0
2021-04-12,24.6,24.75,24.48,24.59,,3761149.0
2021-04-13,24.64,25.12,24.41,25.09,,4947521.0
2021-04-14,24.99,25.4,24.99,25.21,,3954949.0
2021-04-15,25.32,25.51,25.2,25.35,,4727813.0
2021-04-16,25.57,25.63,25.33,25.44,,5055165.0
2021-04-19,25.39,25.5,24.96,25.18,,5036826.0
2021-04-20,25.07,25.37,24.91,25.1,,5736856.0
2021-04-21,24.91,25.26,24.74,25.23,,3877996.0
2021-04-22,25.47,25.64,25.14,25.16,,4960589.0
2021-04-23,25.08,25.32,25.03,25.15,,3297148.0
2021-04-26,25.27,25.27,24.87,25.07,,3420139.0
2021-04-27,25.12,25.14,24.62,24.7,,2982376.0
2021-04-28,24.67,24.9,24.63,24.85,,3352225.0
2021-04-29,24.99,25.29,24.82,24.92,,5413807.0
2021-04-30,24.7,24.96,24.6,24.85,,5369055.0
2021-05-03,25.01,25.09,24.42,24.43,,5982116.0
2021-05-04,24.34,24.34,23.73,23.86,,8082166.0
2021-05-05,24.03,24.28,23.49,23.65,,8271700.0
2021-05-06,23.21,23.55,22.18,22.74,,16044037.0
2021-05-07,22.84,23.23,22.27,23.04,,10752368.0
2021-05-10,22.8,23.37,22.56,22.99,,7076798.0
2021-05-11,22.58,22.74,22.25,22.64,,5084031.0
2021-05-12,22.49,22.81,21.94,21.99,,4838671.0
2021-05-13,22.18,22.36,21.55,21.83,,5314351.0
2021-05-14,22.02,22.96,22.02,22.66,,4893030.0
2021-05-17,22.46,22.72,22.22,22.49,,5523108.0
2021-05-18,22.57,22.57,22.21,22.24,,4574912.0
2021-05-19,21.9,22.3,21.74,22.28,,7925072.0
2021-05-20,22.33,22.84,22.28,22.65,,8464625.0
2021-05-21,22.77,22.95,22.57,22.66,,7333932.0
2021-05-24,22.88,23.1,22.73,22.96,,6359053.0
2021-05-25,23.09,23.09,22.58,22.64,,7456138.0
2021-05-26,22.74,22.91,22.46,22.74,,5827783.0
2021-05-27,22.9,22.92,22.62,22.64,,5363874.0
2021-05-28,22.73,22.82,22.58,22.7,,3574891.0
2021-06-01,22.84,23.05,22.71,22.9,,4035251.0
2021-06-02,22.86,22.86,22.43,22.5,,5187747.0
2021-06-03,22.28,22.63,22.05,22.4,,3554993.0
2021-06-04,22.47,22.59,22.0,22.3,,6034490.0
2021-06-07,22.47,22.64,22.26,22.62,,3692879.0
2021-06-08,22.68,22.85,22.49,22.62,,3198755.0
2021-06-09,22.74,22.78,22.49,22.51,,3357151.0
2021-06-10,22.57,22.76,22.4,22.67,,3485416.0
2021-06-11,22.82,23.14,22.74,23.12,,3660759.0
2021-06-14,23.2,23.45,22.77,22.99,,2618671.0
2021-06-15,23.06,23.49,22.93,23.28,,4043105.0
2021-06-16,23.31,23.41,22.97,22.99,,4959181.0
2021-06-17,22.92,23.35,22.75,23.29,,4101072.0
2021-06-18,22.88,23.05,22.44,22.46,,6538516.0
2021-06-21,22.68,23.41,22.56,23.36,,4941415.0
2021-06-22,23.26,23.32,22.97,22.99,,3566579.0
2021-06-23,23.06,23.28,22.91,23.1,,3178342.0
2021-06-24,23.24,23.27,23.03,23.2,,2949751.0
2021-06-25,23.25,23.46,23.24,23.42,,3341399.0
2021-06-28,23.42,23.79,23.31,23.7,,3359847.0
2021-06-29,23.66,24.12,23.53,23.56,,4447600.0
2021-06-30,23.55,23.63,23.07,23.29,,6329064.0
2021-07-01,23.52,23.63,23.3,23.52,,4103069.0
2021-07-02,23.66,23.66,23.3,23.37,,3312759.0
2021-07-06,23.44,23.48,22.94,23.23,,3579207.0
2021-07-07,23.16,23.38,23.07,23.22,,2948504.0
2021-07-08,22.82,23.16,22.45,22.77,,5596628.0
2021-07-09,23.03,23.11,22.79,22.99,,6073218.0
2021-07-12,22.92,23.2,22.69,23.18,,6083562.0
2021-07-13,23.16,23.21,22.23,22.26,,6107602.0
2021-07-14,22.35,22.69,22.28,22.29,,3645252.0
2021-07-15,22.09,22.24,21.79,21.96,,5489251.0
2021-07-16,22.04,22.18,21.63,21.76,,6356777.0
2021-07-19,21.36,21.48,20.93,21.06,,7643943.0
2021-07-20,21.15,21.69,21.09,21.53,,6737402.0
2021-07-21,21.69,21.9,21.62,21.76,,4618970.0
2021-07-22,21.87,21.88,21.39,21.46,,5477329.0
2021-07-23,21.56,21.67,21.14,21.35,,5729492.0
2021-07-26,21.36,21.6,21.29,21.44,,4904264.0
2021-07-27,21.32,21.72,21.15,21.72,,5488464.0
2021-07-28,21.84,21.88,21.45,21.64,,2984293.0
2021-07-29,21.74,21.86,21.63,21.68,,3318166.0
2021-07-30,21.48,21.77,21.26,21.31,,5208863.0
2021-08-02,21.5,21.5,21.14,21.19,,5567492.0
2021-08-03,21.26,21.68,21.14,21.5,,10843580.0
2021-08-04,21.34,21.49,21.08,21.25,,4894522.0
2021-08-05,21.85,22.71,21.42,22.34,,10640792.0
2021-08-06,22.59,22.91,22.08,22.12,,7489806.0
2021-08-09,22.07,22.11,21.72,21.73,,5950573.0
2021-08-10,21.77,22.24,21.67,21.88,,4612800.0
2021-08-11,21.91,22.41,21.91,22.38,,4700627.0
2021-08-12,22.28,22.66,22.28,22.57,,4353850.0
2021-08-13,22.48,22.65,22.25,22.29,,3272442.0
2021-08-16,22.17,22.28,21.9,21.9,,2682663.0
2021-08-17,21.74,21.79,21.34,21.66,,3452259.0
2021-08-18,21.72,21.75,21.34,21.36,,4970624.0
2021-08-19,21.22,21.52,21.15,21.25,,5192591.0
2021-08-20,21.2,21.9,21.15,21.86,,5292621.0
2021-08-23,21.94,22.01,21.58,21.8,,5704254.0
2021-08-24,21.96,21.96,21.59,21.76,,5848680.0
2021-08-25,21.74,22.04,21.65,21.81,,6158337.0
2021-08-26,21.76,21.81,21.45,21.46,,3919846.0
2021-08-27,21.36,21.75,21.32,21.75,,4578684.0
2021-08-30,21.85,21.87,21.64,21.67,,2120012.0
2021-08-31,21.72,21.78,21.37,21.46,,6436321.0
2021-09-01,21.65,21.97,21.6,21.68,,3941623.0
2021-09-02,21.69,22.06,21.68,22.05,,3283637.0
2021-09-03,22.01,22.23,21.94,22.15,,7179332.0
2021-09-07,22.0,22.11,21.82,21.98,,7112050.0
2021-09-08,21.97,22.08,21.68,21.71,,4804903.0
2021-09-09,21.75,21.84,21.57,21.63,,4377719.0
2021-09-10,21.73,21.75,21.36,21.37,,3686803.0
2021-09-13,21.58,21.61,21.32,21.46,,5941405.0
2021-09-14,21.6,21.7,21.3,21.41,,4703237.0
2021-09-15,21.38,21.74,21.27,21.68,,4909498.0
2021-09-16,21.71,21.9,21.59,21.83,,5230663.0
2021-09-17,22.04,22.34,22.01,22.12,,10357780.0
2021-09-20,21.76,21.96,21.16,21.5,,5734042.0
2021-09-21,21.64,21.72,21.44,21.5,,4271952.0
2021-09-22,21.6,21.73,21.23,21.28,,3426692.0
2021-09-23,21.42,21.63,21.1,21.16,,3411268.0
2021-09-24,21.16,21.3,21.01,21.07,,5970273.0
2021-09-27,21.0,21.51,20.97,21.08,,3742075.0
2021-09-28,21.14,21.33,20.7,20.73,,5135503.0
2021-09-29,20.79,20.82,20.52,20.62,,3551165.0
2021-09-30,20.67,20.7,20.32,20.52,,5642047.0
2021-10-01,20.71,20.87,20.41,20.59,,4779662.0
2021-10-04,20.51,20.69,20.38,20.53,,4485714.0
2021-10-05,20.61,21.07,20.41,21.02,,5162392.0
2021-10-06,20.82,21.07,20.52,21.05,,4515345.0
2021-10-07,21.13,21.88,21.06,21.66,,10589164.0
2021-10-08,21.62,21.99,21.5,21.64,,9921084.0
2021-10-11,21.59,21.75,21.43,21.58,,7662489.0
2021-10-12,21.59,21.76,21.49,21.59,,6733536.0
2021-10-13,21.66,21.77,21.41,21.53,,5890203.0
2021-10-14,21.69,21.85,21.5,21.83,,3200579.0
2021-10-15,22.02,22.17,21.85,21.94,,3537764.0
2021-10-18,21.66,21.78,21.4,21.44,,3269113.0
2021-10-19,21.61,21.84,21.5,21.71,,3291570.0
2021-10-20,21.74,22.56,21.74,22.5,,6982599.0
2021-10-21,22.4,22.51,22.06,22.29,,4068589.0
2021-10-22,22.42,22.59,22.29,22.41,,3740206.0
2021-10-25,22.37,22.71,22.33,22.63,,3834363.0
2021-10-26,22.79,23.1,22.63,22.81,,6285108.0
2021-10-27,22.84,23.29,22.78,23.07,,5546259.0
2021-10-28,23.16,23.64,22.89,22.99,,5746392.0
2021-10-29,22.86,22.98,22.41,22.59,,5021437.0
2021-11-01,22.65,23.12,22.55,22.94,,3046459.0
2021-11-02,22.94,23.05,22.73,22.94,,4902747.0
2021-11-03,22.99,23.1,22.59,22.88,,5918145.0
2021-11-04,23.38,23.47,22.36,22.72,,5778382.0
2021-11-05,22.83,22.95,22.55,22.6,,6858829.0
2021-11-08,22.62,22.7,21.5,21.62,,7360340.0
2021-11-09,21.73,21.82,21.41,21.6,,4731767.0
2021-11-10,21.54,21.93,21.54,21.79,,3499956.0
2021-11-11,21.94,22.63,21.89,22.5,,7503913.0
2021-11-12,22.46,22.48,22.03,22.36,,4149769.0
2021-11-15,22.61,22.69,22.31,22.64,,3207568.0
2021-11-16,22.61,22.67,22.37,22.66,,2730024.0
2021-11-17,22.34,22.52,22.06,22.38,,4116145.0
2021-11-18,22.35,22.45,21.81,22.13,,2918665.0
2021-11-19,22.02,22.27,21.94,22.23,,4313673.0
2021-11-22,22.33,22.74,22.17,22.55,,4611846.0
2021-11-23,22.59,22.6,22.22,22.26,,2536774.0
2021-11-24,22.18,22.54,21.94,22.36,,4134854.0
2021-11-26,21.91,21.94,21.48,21.55,,2500143.0
2021-11-29,21.79,21.8,21.29,21.36,,4307058.0
2021-11-30,21.34,21.58,20.89,21.14,,10330942.0
2021-12-01,21.45,22.12,21.28,21.32,,9057967.0
2021-12-02,21.26,21.95,20.94,21.78,,5494794.0
2021-12-03,21.89,22.01,21.29,21.49,,6167848.0
2021-12-06,21.75,22.3,21.57,22.03,,5585214.0
2021-12-07,22.27,22.64,22.22,22.45,,3693517.0
2021-12-08,22.47,22.65,22.29,22.5,,3044142.0
2021-12-09,22.49,22.59,22.18,22.2,,4453999.0
2021-12-10,22.35,22.43,21.94,22.08,,3415020.0
2021-12-13,22.02,22.02,21.5,21.63,,5358817.0
2021-12-14,21.52,21.74,21.26,21.35,,5302481.0
2021-12-15,21.3,21.85,21.24,21.82,,3671061.0
2021-12-16,21.84,22.34,21.76,21.76,,4556028.0
2021-12-17,21.59,21.98,21.33,21.79,,6214324.0
2021-12-20,21.43,21.49,20.56,21.0,,5578917.0
2021-12-21,21.17,21.7,21.14,21.44,,4944836.0
2021-12-22,21.32,21.49,21.22,21.32,,3587004.0
2021-12-23,21.4,21.46,21.26,21.3,,3790735.0
2021-12-27,21.29,21.46,21.2,21.41,,2798540.0
2021-12-28,21.48,21.71,21.39,21.47,,1908727.0
2021-12-29,21.41,21.62,21.36,21.51,,2611085.0
2021-12-30,21.61,21.96,21.54,21.86,,3201730.0
2021-12-31,21.78,22.09,21.71,21.98,,2276090.0
2022-01-03,22.08,22.34,21.74,22.05,,2741168.0
2022-01-04,22.09,22.3,21.94,22.11,,4105036.0
2022-01-05,22.02,22.13,21.09,21.1,,6392606.0
2022-01-06,21.11,21.43,20.94,21.02,,6036075.0
2022-01-07,21.02,21.22,20.78,20.89,,4655421.0
2022-01-10,20.94,21.08,20.51,20.76,,7277083.0
2022-01-11,20.8,21.15,20.8,21.11,,3872698.0
2022-01-12,21.2,21.43,21.02,21.19,,3596645.0
2022-01-13,21.2,21.41,20.99,21.04,,3049028.0
2022-01-14,20.96,21.03,20.65,20.85,,4467661.0
2022-01-18,20.62,20.75,20.31,20.43,,4438719.0
2022-01-19,20.44,21.01,20.41,20.86,,5709555.0
2022-01-20,21.04,21.75,20.98,21.15,,7856911.0
2022-01-21,21.08,21.23,20.7,20.75,,5997297.0
2022-01-24,20.35,20.47,19.48,20.43,,10358930.0
2022-01-25,20.0,20.18,19.69,20.05,,9369863.0
2022-01-26,20.38,20.87,20.06,20.28,,7061026.0
2022-01-27,20.63,20.83,19.93,19.96,,6652817.0
2022-01-28,19.81,20.05,19.55,20.03,,4187751.0
2022-01-31,19.81,20.24,19.67,20.2,,9913717.0
2022-02-01,20.24,20.33,19.96,20.18,,6924768.0
2022-02-02,20.12,20.37,19.9,20.32,,5703532.0
2022-02-03,20.07,20.27,19.77,19.82,,5251355.0
2022-02-04,19.7,20.12,19.59,19.96,,6200979.0
2022-02-07,19.91,20.1,19.67,19.86,,5478352.0
2022-02-08,19.95,20.55,19.87,20.48,,8517407.0
2022-02-09,20.74,21.01,20.69,20.93,,4202183.0
2022-02-10,20.62,21.0,20.24,20.36,,7026250.0
2022-02-11,20.36,20.61,19.6,19.63,,8335633.0
2022-02-14,19.72,19.76,19.25,19.55,,7996227.0
2022-02-15,19.81,19.93,19.6,19.64,,6016416.0
2022-02-16,19.63,20.11,19.61,19.94,,5071061.0
2022-02-17,19.82,19.87,19.43,19.55,,4914478.0
2022-02-18,19.52,19.72,19.25,19.36,,3115619.0
2022-02-22,19.34,19.44,18.93,19.14,,4569686.0
2022-02-23,19.16,19.36,18.63,18.72,,6087879.0
2022-02-24,18.24,19.15,18.0,19.05,,10375609.0
2022-02-25,19.24,19.37,18.53,19.23,,5580586.0
2022-02-28,19.13,19.59,19.03,19.34,,8264603.0
2022-03-01,19.25,19.35,18.67,18.83,,5071590.0
2022-03-02,18.94,19.62,18.8,19.5,,6606438.0
2022-03-03,19.55,19.8,19.46,19.55,,12627441.0
2022-03-04,19.37,19.93,19.31,19.87,,8925835.0
2022-03-07,20.06,20.25,19.78,19.92,,7689726.0
2022-03-08,20.04,20.21,19.63,19.64,,8533295.0
2022-03-09,20.0,20.25,19.81,20.0,,6540739.0
2022-03-10,19.87,20.41,19.76,20.36,,3953053.0
2022-03-11,20.39,20.71,20.21,20.22,,4679528.0
2022-03-14,20.33,20.5,19.66,19.78,,5516979.0
2022-03-15,19.94,20.42,19.89,20.35,,4247700.0
2022-03-16,20.4,20.88,20.37,20.63,,5490403.0
2022-03-17,20.57,21.49,20.51,21.32,,5810766.0
2022-03-18,21.32,21.69,21.21,21.58,,8651167.0
2022-03-21,21.52,21.71,21.21,21.39,,6244834.0
2022-03-22,21.57,21.81,21.49,21.6,,3797396.0
2022-03-23,21.53,21.63,21.27,21.31,,5353069.0
2022-03-24,21.46,22.09,21.29,22.08,,6925098.0
2022-03-25,22.2,22.22,21.94,22.2,,3994926.0
2022-03-28,22.11,22.47,22.09,22.45,,3714261.0
2022-03-29,22.81,23.27,22.57,23.18,,5255123.0
2022-03-30,23.12,23.27,23.01,23.18,,6506769.0
2022-03-31,23.16,23.69,23.07,23.43,,5997880.0
2022-04-01,23.5,23.91,23.4,23.88,,4588912.0
2022-04-04,23.77,23.91,23.49,23.83,,3804047.0
2022-04-05,23.86,24.15,23.5,23.63,,4302331.0
2022-04-06,23.27,23.52,23.03,23.21,,6107092.0
2022-04-07,23.18,23.3,22.93,22.98,,6435937.0
2022-04-08,23.05,23.09,22.54,22.61,,6107254.0
2022-04-11,22.62,22.73,22.14,22.49,,9024547.0
2022-04-12,22.68,22.72,22.19,22.27,,5878780.0
2022-04-13,22.21,22.37,22.07,22.29,,4850787.0
2022-04-14,22.36,22.57,22.19,22.23,,4368771.0
2022-04-18,22.2,22.39,21.83,21.95,,3880683.0
2022-04-19,22.02,22.3,22.0,22.24,,5368707.0
2022-04-20,22.53,23.13,22.25,22.69,,7436570.0
2022-04-21,22.74,22.82,20.93,20.96,,7223609.0
2022-04-22,20.96,21.14,20.47,20.48,,7456990.0
2022-04-25,20.42,20.47,19.77,20.11,,5962492.0
2022-04-26,19.81,19.99,19.4,19.44,,7082717.0
2022-04-27,19.46,19.66,19.14,19.22,,6770229.0
2022-04-28,19.43,19.53,19.0,19.31,,4263741.0
2022-04-29,19.26,19.39,18.69,18.74,,5822798.0
2022-05-02,18.88,19.1,18.44,18.9,,5730315.0
2022-05-03,18.83,19.41,18.81,19.01,,7434542.0
2022-05-04,19.1,20.24,19.07,20.11,,9005363.0
2022-05-05,19.86,20.3,19.32,19.57,,7265822.0
2022-05-06,19.25,19.56,18.44,19.22,,6054087.0
2022-05-09,19.06,19.23,18.28,18.41,,7248776.0
2022-05-10,18.66,18.84,17.78,18.32,,7188571.0
2022-05-11,18.34,19.05,18.25,18.32,,5472980.0
2022-05-12,18.23,18.47,17.56,17.85,,8280408.0
2022-05-13,18.2,18.76,18.1,18.57,,5685266.0
2022-05-16,18.54,18.68,18.33,18.41,,4846047.0
2022-05-17,18.73,19.06,18.59,19.05,,3971160.0
2022-05-18,18.95,19.0,18.45,18.56,,3547131.0
2022-05-19,18.51,19.15,18.51,18.97,,5312607.0
2022-05-20,19.1,19.18,18.46,18.84,,5709388.0
2022-05-23,19.17,19.42,18.92,19.39,,3943380.0
2022-05-24,19.29,19.55,18.77,19.49,,4420124.0
2022-05-25,19.44,19.77,19.41,19.66,,4469976.0
2022-05-26,19.79,20.39,19.76,20.19,,4105154.0
2022-05-27,20.23,20.68,20.2,20.58,,3025060.0
2022-05-31,20.43,20.53,20.17,20.22,,5242288.0
2022-06-01,20.24,20.33,19.82,20.08,,3550945.0
2022-06-02,20.16,20.33,19.89,20.32,,3458371.0
2022-06-03,20.18,20.54,20.13,20.44,,2780541.0
2022-06-06,21.28,21.74,20.8,20.84,,5583075.0
2022-06-07,20.65,20.85,20.59,20.82,,4689948.0
2022-06-08,20.56,20.77,20.35,20.39,,4644543.0
2022-06-09,20.28,20.33,19.77,19.77,,4708764.0
2022-06-10,19.36,19.38,18.8,18.99,,5348540.0
2022-06-13,18.48,18.58,17.66,17.77,,6406410.0
2022-06-14,17.78,17.87,17.09,17.35,,7640627.0
2022-06-15,17.63,18.28,17.55,17.94,,8139553.0
2022-06-16,17.43,17.68,17.16,17.38,,11495873.0
2022-06-17,17.34,17.8,17.32,17.66,,11788017.0
2022-06-21,17.89,18.3,17.85,18.25,,6041513.0
2022-06-22,18.04,18.68,18.01,18.58,,6987263.0
2022-06-23,18.61,19.06,18.58,18.99,,4685135.0
2022-06-24,19.16,19.71,19.1,19.66,,8178851.0
2022-06-27,19.56,19.77,19.4,19.68,,3791552.0
2022-06-28,19.91,20.06,19.39,19.44,,4235146.0
2022-06-29,19.36,19.36,18.49,18.68,,8174245.0
2022-06-30,18.43,19.37,18.38,19.28,,7777671.0
2022-07-01,19.28,19.75,19.26,19.71,,4741899.0
2022-07-05,19.42,19.47,18.91,19.44,,4844758.0
2022-07-06,19.54,19.83,19.21,19.31,,4473923.0
2022-07-07,19.48,19.84,19.4,19.65,,5086534.0
2022-07-08,19.55,19.86,19.44,19.73,,4849508.0
2022-07-11,19.6,19.72,19.44,19.55,,3747276.0
2022-07-12,19.33,19.67,19.19,19.33,,2781205.0
2022-07-13,19.0,19.48,18.75,19.19,,3798176.0
2022-07-14,18.83,18.88,18.41,18.83,,4974377.0
2022-07-15,18.63,18.8,17.34,18.67,,6335485.0
2022-07-18,18.91,19.07,18.56,18.61,,3688814.0
2022-07-19,18.88,19.0,18.74,18.92,,6212664.0
2022-07-20,18.81,18.9,18.31,18.33,,7499264.0
2022-07-21,18.31,18.47,18.14,18.27,,4754373.0
2022-07-22,18.39,18.6,17.81,18.1,,5321773.0
2022-07-25,18.12,18.36,17.78,18.35,,4736929.0
2022-07-26,18.37,18.61,18.34,18.48,,3061349.0
2022-07-27,18.6,18.76,18.42,18.67,,4546181.0
2022-07-28,20.4,20.5,19.44,20.44,,9046198.0
2022-07-29,20.42,20.65,20.41,20.53,,4829100.0
2022-08-01,20.47,20.68,20.3,20.66,,3796306.0
2022-08-02,20.64,20.94,20.53,20.54,,4830802.0
2022-08-03,20.78,20.87,20.39,20.84,,3138142.0
2022-08-04,20.83,21.44,20.71,21.26,,5487039.0
2022-08-05,21.91,22.58,21.58,22.38,,8553407.0
2022-08-08,22.6,22.73,21.99,22.06,,6019205.0
2022-08-09,22.11,22.26,21.94,22.03,,3756004.0
2022-08-10,22.36,22.59,22.16,22.58,,4228894.0
2022-08-11,22.69,22.79,22.46,22.5,,4379218.0
2022-08-12,22.75,23.11,22.56,23.0,,4125245.0
2022-08-15,22.92,23.29,22.89,23.27,,3456027.0
2022-08-16,23.15,23.38,23.09,23.16,,3748764.0
2022-08-17,22.91,23.23,22.84,23.11,,3101395.0
2022-08-18,23.23,24.06,23.23,24.05,,6184133.0
2022-08-19,24.01,24.04,23.39,23.64,,7786097.0
2022-08-22,23.25,23.37,22.93,23.08,,4855503.0
2022-08-23,23.15,23.26,22.81,22.93,,3614899.0
2022-08-24,22.93,23.63,22.85,23.63,,3986116.0
2022-08-25,23.84,24.33,23.78,24.28,,4942655.0
2022-08-26,24.19,24.37,23.67,23.69,,4253083.0
2022-08-29,23.45,23.86,23.37,23.55,,2971542.0
2022-08-30,23.75,23.78,23.18,23.51,,4932937.0
2022-08-31,23.53,23.66,23.38,23.52,,5223190.0
2022-09-01,23.27,23.92,23.27,23.89,,4118823.0
2022-09-02,24.09,24.65,23.94,24.17,,7663423.0
2022-09-06,24.2,24.32,23.82,24.07,,6756751.0
2022-09-07,24.2,25.15,24.2,25.12,,7019948.0
2022-09-08,25.08,25.68,24.95,25.29,,7397818.0
2022-09-09,25.41,25.51,25.21,25.35,,4636936.0
2022-09-12,25.35,25.55,25.05,25.5,,4271472.0
2022-09-13,24.94,25.34,24.6,24.79,,4038171.0
2022-09-14,24.79,25.07,24.7,24.98,,4344004.0
2022-09-15,24.6,24.98,24.48,24.67,,4884456.0
2022-09-16,24.56,24.61,23.67,23.95,,11416539.0
2022-09-19,23.79,24.6,23.79,24.58,,3406939.0
2022-09-20,24.39,24.47,23.9,23.93,,3652607.0
2022-09-21,24.12,24.22,23.46,23.47,,3180446.0
2022-09-22,23.45,23.48,23.09,23.13,,2699010.0
2022-09-23,22.69,22.76,21.78,22.45,,5154908.0
2022-09-26,22.31,22.37,21.2,21.22,,6714733.0
2022-09-27,21.56,21.61,20.52,20.55,,7457820.0
2022-09-28,20.77,21.39,20.42,21.28,,7129669.0
2022-09-29,20.95,21.25,20.68,21.02,,8189219.0
2022-09-30,21.08,21.27,20.85,20.89,,8481498.0
2022-10-03,21.31,22.01,21.05,21.77,,5741226.0
2022-10-04,22.11,23.39,22.1,23.35,,7743853.0
2022-10-05,22.9,23.67,22.79,23.49,,4867804.0
2022-10-06,23.41,23.55,22.75,23.47,,6672530.0
2022-10-07,23.28,23.45,22.74,23.03,,4443990.0
2022-10-10,23.07,23.35,22.87,23.0,,4360087.0
2022-10-11,22.89,23.1,22.56,22.81,,4794160.0
2022-10-12,22.72,22.73,22.16,22.3,,4230632.0
2022-10-13,21.83,22.71,21.48,22.55,,5199874.0
2022-10-14,22.76,23.02,21.49,21.54,,4402853.0
2022-10-17,22.08,22.49,22.01,22.07,,3994728.0
2022-10-18,22.56,22.8,22.4,22.55,,3353955.0
2022-10-19,22.24,22.55,22.11,22.3,,3103149.0
2022-10-20,22.27,22.33,21.51,21.7,,2936358.0
2022-10-21,21.99,22.63,21.72,22.62,,4534153.0
2022-10-24,22.82,22.89,22.35,22.73,,2757831.0
2022-10-25,22.81,23.47,22.73,23.28,,4641950.0
2022-10-26,23.38,23.79,23.24,23.52,,3305407.0
2022-10-27,23.82,24.19,23.7,23.82,,3732365.0
2022-10-28,23.94,24.47,23.81,24.45,,5180305.0
2022-10-31,24.41,24.53,24.15,24.32,,4763420.0
2022-11-01,24.56,24.88,24.44,24.49,,4851388.0
2022-11-02,24.41,24.86,23.92,24.01,,3976130.0
2022-11-03,23.81,24.62,23.71,24.35,,4106113.0
2022-11-04,25.1,25.26,23.93,24.6,,4355967.0
2022-11-07,24.68,25.12,24.28,24.9,,5138621.0
2022-11-08,24.94,24.95,24.34,24.63,,4159973.0
2022-11-09,24.4,24.83,24.27,24.41,,4489015.0
2022-11-10,25.26,26.26,25.07,26.24,,6382286.0
2022-11-11,26.32,26.56,25.97,26.11,,4518474.0
2022-11-14,26.05,26.05,25.59,25.6,,3022726.0
2022-11-15,25.87,26.01,25.47,25.83,,3895450.0
2022-11-16,25.72,26.1,25.67,26.0,,3190597.0
2022-11-17,25.6,25.7,25.18,25.54,,3239161.0
2022-11-18,25.94,26.09,25.35,25.72,,6902295.0
2022-11-21,25.63,26.16,25.59,26.1,,4659226.0
2022-11-22,26.23,26.51,25.93,26.11,,3461621.0
2022-11-23,26.04,26.5,25.93,26.48,,2486418.0
2022-11-25,26.69,27.06,26.55,26.6,,1896615.0
2022-11-28,26.25,26.48,26.0,26.07,,3330953.0
2022-11-29,26.11,26.37,25.92,26.27,,3672845.0
2022-11-30,26.25,26.95,26.08,26.89,,5484698.0
2022-12-01,27.26,27.53,26.64,26.7,,3003608.0
2022-12-02,26.27,26.79,26.21,26.66,,3320294.0
2022-12-05,26.4,26.59,26.22,26.38,,2910868.0
2022-12-06,26.37,26.52,25.91,26.15,,2594837.0
2022-12-07,26.08,26.26,25.92,26.01,,3048733.0
2022-12-08,26.4,26.93,26.11,26.35,,4091431.0
2022-12-09,26.25,26.73,26.16,26.52,,3861680.0
2022-12-12,26.69,27.09,26.51,27.06,,2450473.0
2022-12-13,27.69,27.79,26.82,27.21,,6077749.0
2022-12-14,27.25,27.46,26.81,27.19,,4156652.0
2022-12-15,26.94,26.96,26.5,26.69,,3491850.0
2022-12-16,26.5,26.56,26.05,26.35,,6868382.0
2022-12-19,26.38,26.47,26.02,26.22,,2463349.0
2022-12-20,26.19,26.55,26.19,26.37,,2891787.0
2022-12-21,26.53,26.82,26.26,26.72,,2610612.0
2022-12-22,26.54,26.61,25.87,26.32,,1916817.0
2022-12-23,26.27,26.69,26.17,26.66,,1532491.0
2022-12-27,26.75,26.89,26.62,26.79,,1605025.0
2022-12-28,26.95,26.95,26.18,26.33,,3244972.0
2022-12-29,26.52,27.02,26.51,26.79,,1421244.0
2022-12-30,26.69,26.8,26.38,26.74,,2233036.0
2023-01-03,26.78,27.06,26.1,26.13,,4295299.0
2023-01-04,26.28,26.53,25.03,25.36,,8624262.0
2023-01-05,25.09,25.25,23.88,24.05,,8116461.0
2023-01-06,24.28,24.78,24.19,24.57,,4184318.0
2023-01-09,24.55,25.39,24.44,25.34,,4583580.0
2023-01-10,25.31,25.45,24.74,25.32,,2932512.0
2023-01-11,25.37,25.79,25.34,25.78,,3086748.0
2023-01-12,25.81,25.94,25.57,25.74,,6403520.0
2023-01-13,25.49,25.95,25.37,25.9,,4944824.0
2023-01-17,25.98,26.2,25.65,25.66,,3161756.0
2023-01-18,25.8,25.94,25.0,25.03,,4381650.0
2023-01-19,24.93,25.04,24.54,24.77,,5245974.0
2023-01-20,24.85,25.05,24.58,25.04,,2983003.0
2023-01-23,25.01,25.34,24.82,25.02,,2716113.0
2023-01-24,25.01,25.16,24.67,25.09,,3774741.0
2023-01-25,24.83,25.21,24.54,25.11,,8757340.0
2023-01-26,25.18,25.69,24.98,25.68,,3864062.0
2023-01-27,25.66,25.76,25.07,25.07,,4816602.0
2023-01-30,24.86,25.03,24.54,24.59,,4121128.0
2023-01-31,24.63,25.65,24.47,25.64,,5743139.0
2023-02-01,25.45,25.5,24.61,25.07,,4940369.0
2023-02-02,25.16,25.31,24.73,24.81,,5524369.0
2023-02-03,24.63,24.72,24.36,24.54,,3681421.0
2023-02-06,24.45,24.53,24.12,24.52,,2821742.0
2023-02-07,24.35,24.85,24.19,24.71,,3462826.0
2023-02-08,24.59,24.68,24.31,24.47,,4631712.0
2023-02-09,24.57,24.67,23.91,23.93,,3745435.0
2023-02-10,23.95,24.51,23.8,24.42,,3454491.0
2023-02-13,24.42,24.68,24.39,24.65,,2368518.0
2023-02-14,24.56,24.85,24.35,24.59,,2019693.0
2023-02-15,24.42,25.04,24.39,24.96,,3449055.0
2023-02-16,24.57,24.86,24.46,24.67,,3325542.0
2023-02-17,24.65,24.67,24.3,24.53,,3229369.0
2023-02-21,24.38,24.4,23.87,23.92,,2634050.0
2023-02-22,23.97,24.03,23.7,23.75,,2900984.0
2023-02-23,23.91,24.03,23.62,23.75,,7165084.0
2023-02-24,23.66,23.85,23.3,23.68,,3863121.0
2023-02-27,24.03,24.7,23.05,23.27,,9350478.0
2023-02-28,23.19,23.82,23.08,23.08,,7601621.0
2023-03-01,23.08,23.54,22.98,23.04,,4371213.0
2023-03-02,22.95,23.25,22.68,23.05,,3317260.0
2023-03-03,23.14,23.51,23.02,23.48,,3246533.0
2023-03-06,23.52,23.67,23.31,23.38,,4768213.0
2023-03-07,23.52,23.61,22.82,22.93,,2799957.0
2023-03-08,22.98,23.42,22.92,23.12,,4575787.0
2023-03-09,23.07,23.45,22.65,22.72,,3208640.0
2023-03-10,22.67,22.69,21.68,21.76,,5486041.0
2023-03-13,21.61,22.44,21.41,21.42,,5837435.0
2023-03-14,21.91,22.21,21.53,21.72,,5635836.0
2023-03-15,21.46,21.7,21.15,21.56,,4902948.0
2023-03-16,21.41,21.92,21.3,21.75,,4643686.0
2023-03-17,21.56,21.62,20.85,20.94,,8431182.0
2023-03-20,21.04,21.41,20.94,21.19,,5717718.0
2023-03-21,21.41,21.75,21.24,21.49,,5516709.0
2023-03-22,21.33,21.52,20.78,20.79,,2989702.0
2023-03-23,20.76,21.0,20.33,20.54,,3238275.0
2023-03-24,20.36,20.79,20.14,20.77,,3924961.0
2023-03-27,21.05,21.16,20.82,21.14,,5489442.0
2023-03-28,21.22,21.63,21.16,21.45,,3687490.0
2023-03-29,21.66,21.96,21.51,21.94,,4270960.0
2023-03-30,22.15,22.41,22.03,22.05,,5041465.0
2023-03-31,22.21,22.58,22.18,22.52,,4310972.0
2023-04-03,22.45,22.65,22.14,22.28,,3467670.0
2023-04-04,22.36,22.39,22.06,22.28,,2781424.0
2023-04-05,22.24,22.67,22.24,22.54,,3539524.0
2023-04-06,22.67,22.82,22.49,22.82,,4738933.0
2023-04-10,22.69,23.37,22.65,23.29,,5365702.0
2023-04-11,23.32,23.8,23.26,23.71,,5144957.0
2023-04-12,23.84,24.07,23.51,23.67,,4043966.0
2023-04-13,23.57,23.95,23.26,23.89,,3830745.0
2023-04-14,23.76,23.85,23.13,23.25,,3869166.0
2023-04-17,22.71,23.01,22.3,22.76,,7172987.0
2023-04-18,22.78,22.97,22.6,22.84,,4386487.0
2023-04-19,22.76,22.95,22.64,22.92,,2833482.0
2023-04-20,22.7,22.75,22.15,22.33,,4972083.0
2023-04-21,22.39,22.7,22.33,22.45,,4430455.0
2023-04-24,22.43,22.64,22.23,22.6,,3268803.0
2023-04-25,22.52,22.52,22.26,22.33,,2764103.0
2023-04-26,22.11,22.23,21.53,21.57,,3810653.0
2023-04-27,21.8,22.15,21.77,22.05,,4640270.0
2023-04-28,21.97,22.43,21.96,22.29,,3752939.0
2023-05-01,22.22,22.38,21.8,21.81,,3848882.0
2023-05-02,21.8,21.81,21.02,21.29,,5597123.0
2023-05-03,21.4,21.6,21.09,21.15,,4575949.0
2023-05-04,21.1,21.21,20.69,21.17,,9565668.0
2023-05-05,21.28,21.45,20.84,21.35,,8358709.0
2023-05-08,21.67,21.73,20.15,20.45,,10712736.0
2023-05-09,20.36,21.01,20.01,20.98,,12860329.0
2023-05-10,21.23,21.53,21.08,21.33,,7297720.0
2023-05-11,21.19,21.25,20.68,20.75,,4653916.0
2023-05-12,20.95,21.11,20.76,20.83,,5058711.0
2023-05-15,20.95,21.03,20.65,20.71,,4990303.0
2023-05-16,20.69,20.75,19.55,19.64,,5993069.0
2023-05-17,19.69,19.98,19.54,19.73,,5808790.0
2023-05-18,19.55,19.67,19.27,19.65,,5175745.0
2023-05-19,19.81,19.91,19.56,19.6,,5907467.0
2023-05-22,19.67,19.94,19.62,19.93,,3653147.0
2023-05-23,19.66,19.92,19.45,19.55,,3169131.0
2023-05-24,19.45,19.5,18.99,19.08,,5220444.0
2023-05-25,19.03,19.08,18.6,18.79,,5551799.0
2023-05-26,18.79,18.79,18.39,18.72,,4689991.0
2023-05-30,18.82,19.15,18.73,18.74,,7773155.0
2023-05-31,18.67,18.79,18.39,18.59,,6723792.0
2023-06-01,18.73,18.94,18.54,18.73,,4703227.0
2023-06-02,18.91,19.17,18.83,19.02,,7184952.0
2023-06-05,19.08,19.28,18.82,18.91,,6366767.0
2023-06-06,18.89,19.25,18.86,18.96,,12934761.0
2023-06-07,19.21,19.5,18.88,19.48,,14685140.0
2023-06-08,19.52,19.52,18.91,19.22,,14642306.0
2023-06-09,19.29,19.34,18.68,18.92,,7058920.0
2023-06-12,19.01,19.22,18.74,19.11,,5614071.0
2023-06-13,19.06,19.65,19.04,19.62,,8249697.0
2023-06-14,19.78,19.85,19.42,19.54,,4741754.0
2023-06-15,19.56,20.3,19.54,20.24,,6267922.0
2023-06-16,20.3,20.41,20.05,20.1,,12279046.0
2023-06-20,20.02,20.02,19.67,19.79,,3434571.0
2023-06-21,19.7,19.93,19.5,19.76,,3938430.0
2023-06-22,19.26,19.7,18.73,19.7,,13166816.0
2023-06-23,19.59,19.62,19.2,19.24,,13059451.0
2023-06-26,19.27,19.56,19.23,19.51,,5520314.0
2023-06-27,19.68,19.79,19.2,19.7,,7256315.0
2023-06-28,19.58,19.6,18.95,19.03,,5914738.0
2023-06-29,18.89,19.31,18.84,19.24,,3253978.0
2023-06-30,19.39,19.57,19.25,19.53,,3843623.0
2023-07-03,19.39,19.89,19.39,19.85,,2361032.0
2023-07-05,19.77,20.34,19.7,20.2,,4642239.0
2023-07-06,19.91,19.94,19.56,19.87,,3372311.0
2023-07-07,19.79,20.11,19.74,19.87,,4315863.0
2023-07-10,19.77,19.99,19.62,19.8,,6638316.0
2023-07-11,19.87,20.17,19.8,20.16,,2250646.0
2023-07-12,20.35,20.56,20.2,20.34,,3217715.0
2023-07-13,20.36,20.59,20.36,20.56,,4292783.0
2023-07-14,20.51,20.51,20.17,20.35,,2752948.0
2023-07-17,20.19,20.32,19.93,20.14,,2656036.0
2023-07-18,19.98,20.51,19.92,20.49,,4113272.0
2023-07-19,20.53,20.92,20.53,20.82,,4283009.0
2023-07-20,20.84,20.89,20.51,20.56,,4261223.0
2023-07-21,20.66,21.25,20.58,21.18,,3811604.0
2023-07-24,21.27,21.29,20.33,20.36,,7193049.0
2023-07-25,20.23,20.69,20.13,20.6,,6787115.0
2023-07-26,20.52,20.81,20.47,20.63,,4084562.0
2023-07-27,20.63,20.74,20.01,20.14,,4733876.0
2023-07-28,20.48,20.61,20.23,20.44,,4272711.0
2023-07-31,20.64,20.79,20.44,20.53,,3825414.0
2023-08-01,20.34,20.43,19.85,19.94,,4717951.0
2023-08-02,19.69,20.05,19.58,19.97,,4754833.0
2023-08-03,19.74,19.89,19.58,19.6,,6385060.0
2023-08-04,19.64,19.64,18.59,18.64,,7884095.0
2023-08-07,18.79,19.15,18.63,18.7,,4290691.0
2023-08-08,18.54,18.67,18.21,18.62,,5062255.0
2023-08-09,18.9,19.14,18.56,18.61,,6259995.0
2023-08-10,18.75,18.99,18.48,18.61,,4916111.0
2023-08-11,18.62,18.64,18.32,18.47,,3865435.0
2023-08-14,18.39,18.41,17.86,18.05,,4722549.0
2023-08-15,17.82,17.83,17.01,17.08,,9257429.0
2023-08-16,17.09,17.64,17.03,17.47,,11081364.0
2023-08-17,17.55,17.62,17.1,17.13,,5883370.0
2023-08-18,17.06,17.18,16.99,17.09,,6197868.0
2023-08-21,16.99,17.07,16.87,17.0,,3849898.0
2023-08-22,17.0,17.11,16.85,17.05,,5206360.0
2023-08-23,17.33,17.45,17.14,17.39,,7279279.0
2023-08-24,17.28,17.52,16.75,16.82,,5114152.0
2023-08-25,16.99,17.27,16.99,17.14,,3195397.0
2023-08-28,17.22,17.31,16.95,17.01,,2336173.0
2023-08-29,17.11,17.37,16.99,17.28,,4705572.0
2023-08-30,17.21,17.44,17.16,17.29,,3083362.0
2023-08-31,17.4,17.4,16.96,17.02,,5258152.0
2023-09-01,17.08,17.19,16.65,16.98,,5346766.0
2023-09-05,16.93,16.99,16.48,16.55,,5297997.0
2023-09-06,16.53,16.55,16.34,16.54,,10448964.0
2023-09-07,16.68,16.69,16.03,16.13,,9263426.0
2023-09-08,16.13,16.5,16.11,16.39,,6048893.0
2023-09-11,16.47,16.65,16.32,16.36,,4543813.0
2023-09-12,16.2,16.39,16.14,16.16,,8104680.0
2023-09-13,16.25,16.35,16.12,16.13,,6629143.0
2023-09-14,16.31,16.61,16.21,16.51,,11388258.0
2023-09-15,16.54,16.69,16.33,16.36,,10176893.0
2023-09-18,16.33,16.4,16.14,16.21,,5241730.0
2023-09-19,16.18,16.23,15.89,15.91,,6294523.0
2023-09-20,16.03,16.22,15.92,15.94,,5185151.0
2023-09-21,15.76,15.91,15.58,15.59,,5510733.0
2023-09-22,15.51,15.58,15.11,15.15,,6984696.0
2023-09-25,15.04,15.44,14.97,15.41,,7299620.0
2023-09-26,15.35,15.4,14.94,15.05,,6904356.0
2023-09-27,15.05,15.16,14.84,15.12,,6600822.0
2023-09-28,15.26,15.32,14.09,14.12,,10088149.0
2023-09-29,14.34,14.65,14.26,14.43,,9409585.0
2023-10-02,14.31,14.36,13.38,13.44,,9800345.0
2023-10-03,13.19,13.29,12.56,12.85,,16112330.0
2023-10-04,12.92,12.96,12.26,12.53,,10909983.0
2023-10-05,12.47,12.47,11.73,11.97,,16193821.0
2023-10-06,11.48,11.86,10.85,11.82,,27880011.0
2023-10-09,11.82,12.11,11.75,12.04,,12585246.0
2023-10-10,12.21,12.58,12.05,12.34,,10449557.0
2023-10-11,12.42,12.74,12.22,12.71,,9173431.0
2023-10-12,12.52,12.56,12.22,12.39,,13743618.0
2023-10-13,12.52,12.71,12.38,12.49,,9307958.0
2023-10-16,12.59,13.12,12.5,13.01,,10671371.0
2023-10-17,12.74,13.2,12.67,13.05,,8952716.0
2023-10-18,12.98,13.19,12.88,13.16,,11462828.0
2023-10-19,13.08,13.4,13.07,13.14,,10553237.0
2023-10-20,13.05,13.23,12.91,13.13,,12450694.0
2023-10-23,12.93,13.56,12.86,13.29,,8187008.0
2023-10-24,13.44,13.83,13.43,13.79,,8650523.0
2023-10-25,13.61,13.95,13.6,13.93,,7998437.0
2023-10-26,13.98,14.2,13.9,14.14,,6990966.0
2023-10-27,14.06,14.2,13.79,14.0,,18329746.0
2023-10-30,14.14,14.31,13.97,14.19,,9187614.0
2023-10-31,14.3,14.32,14.08,14.3,,8905103.0
2023-11-01,14.33,14.35,14.11,14.25,,15484288.0
2023-11-02,14.42,14.89,14.4,14.88,,12379489.0
2023-11-03,15.36,16.16,15.0,16.11,,12325397.0
2023-11-06,15.96,16.23,15.66,15.68,,9131939.0
2023-11-07,15.74,15.77,15.45,15.49,,5877549.0
2023-11-08,15.71,15.74,15.43,15.57,,6343187.0
2023-11-09,15.64,15.68,14.96,15.0,,6535987.0
2023-11-10,15.14,15.28,14.95,15.07,,4816072.0
2023-11-13,15.11,15.26,14.89,14.91,,5024912.0
2023-11-14,15.52,16.28,15.5,16.26,,7531871.0
2023-11-15,16.16,16.57,16.1,16.32,,7047104.0
2023-11-16,16.38,16.5,16.07,16.23,,4827005.0
2023-11-17,16.39,16.43,16.16,16.32,,4858265.0
2023-11-20,16.25,16.56,16.0,16.52,,4738306.0
2023-11-21,16.43,16.5,15.96,16.07,,5930464.0
2023-11-22,16.18,16.24,15.96,16.23,,4408206.0
2023-11-24,16.19,16.39,16.18,16.25,,2055826.0
2023-11-27,16.21,16.29,16.01,16.23,,4581027.0
2023-11-28,16.26,16.57,16.09,16.48,,3751014.0
2023-11-29,16.59,16.77,16.32,16.53,,5351497.0
2023-11-30,16.59,16.81,16.35,16.52,,8903821.0
2023-12-01,16.44,17.41,16.44,17.4,,5483745.0
2023-12-04,17.18,17.4,17.0,17.26,,7498911.0
2023-12-05,17.25,17.34,17.03,17.22,,4779173.0
2023-12-06,17.4,17.47,17.14,17.22,,10013063.0
2023-12-07,17.33,17.59,17.22,17.44,,4040500.0
2023-12-08,17.42,17.52,17.3,17.49,,6169917.0
2023-12-11,17.36,17.65,17.18,17.32,,5257347.0
2023-12-12,17.4,17.53,17.14,17.48,,4472209.0
2023-12-13,17.58,18.64,17.37,18.55,,10544591.0
2023-12-14,18.95,19.42,18.67,18.84,,10522630.0
2023-12-15,18.81,18.96,18.39,18.57,,10852625.0
2023-12-18,18.65,18.66,18.17,18.25,,4448631.0
2023-12-19,18.49,18.71,18.4,18.58,,5259697.0
2023-12-20,18.52,18.55,17.61,17.63,,6999769.0
2023-12-21,17.85,18.25,17.81,18.09,,4595449.0
2023-12-22,18.2,18.54,18.1,18.33,,2907712.0
2023-12-26,18.36,18.66,18.26,18.58,,2204922.0
2023-12-27,18.55,18.62,18.4,18.5,,2939535.0
2023-12-28,18.36,18.71,18.36,18.57,,3077535.0
2023-12-29,18.41,18.62,18.37,18.47,,3749560.0
2024-01-02,18.37,18.74,18.23,18.56,,4785292.0
2024-01-03,18.34,18.39,17.82,18.17,,7540721.0
2024-01-04,18.32,18.36,17.99,18.11,,4501426.0
2024-01-05,18.04,18.57,17.88,18.04,,12165689.0
2024-01-08,17.94,18.46,17.94,18.3,,4824243.0
2024-01-09,18.04,18.36,18.0,18.1,,3265843.0
2024-01-10,18.05,18.28,17.98,18.12,,2884916.0
2024-01-11,17.97,18.01,17.05,17.3,,4921042.0
2024-01-12,17.45,17.79,17.45,17.7,,4861269.0
2024-01-16,17.41,17.58,17.08,17.17,,4828831.0
2024-01-17,16.85,17.09,16.46,16.7,,7030871.0
2024-01-18,16.58,16.72,16.41,16.68,,4630794.0
2024-01-19,16.79,16.8,16.1,16.21,,6380932.0
2024-01-22,16.32,16.68,16.08,16.1,,7773319.0
2024-01-23,16.26,16.3,15.95,16.13,,5105257.0
2024-01-24,16.41,16.47,15.82,15.84,,5269826.0
2024-01-25,16.18,16.72,16.05,16.44,,7909184.0
2024-01-26,16.54,16.7,16.44,16.46,,5193177.0
2024-01-29,16.46,16.66,16.15,16.58,,4555981.0
2024-01-30,16.48,16.55,16.11,16.29,,4966119.0
2024-01-31,16.43,16.5,16.08,16.17,,7354761.0
2024-02-01,16.22,16.64,16.03,16.64,,4543295.0
2024-02-02,16.25,16.77,15.85,16.5,,10426905.0
2024-02-05,16.18,16.27,15.74,16.01,,5550577.0
2024-02-06,15.92,16.14,15.87,16.0,,5464376.0
2024-02-07,16.12,16.2,15.66,15.82,,8234054.0
2024-02-08,15.76,15.83,15.49,15.71,,6388948.0
2024-02-09,15.7,15.98,15.64,15.96,,5498441.0
2024-02-12,16.02,16.38,15.91,16.37,,6294070.0
2024-02-13,15.93,16.04,15.22,15.51,,7946418.0
2024-02-14,15.64,15.86,15.41,15.65,,7907874.0
2024-02-15,15.86,16.41,15.81,16.27,,6395735.0
2024-02-16,16.02,16.34,15.91,16.26,,5774029.0
2024-02-20,16.11,16.38,15.9,15.92,,5732645.0
2024-02-21,15.95,16.13,15.82,16.05,,4480922.0
2024-02-22,15.9,16.05,15.5,15.51,,6580039.0
2024-02-23,15.54,15.72,15.43,15.51,,5890604.0
2024-02-26,15.4,15.46,14.94,15.08,,10295567.0
2024-02-27,15.31,15.53,14.24,14.64,,14453763.0
2024-02-28,14.56,14.91,14.41,14.6,,11942436.0
2024-02-29,14.8,15.08,14.68,14.74,,8748095.0
2024-03-01,14.74,15.04,14.38,15.0,,7914110.0
2024-03-04,15.01,15.75,14.96,15.58,,7254951.0
2024-03-05,15.61,16.66,15.53,15.66,,16423224.0
2024-03-06,16.11,16.21,15.6,15.73,,13567067.0
2024-03-07,16.0,16.03,15.66,15.67,,6692625.0
2024-03-08,15.84,15.9,15.59,15.76,,17778757.0
2024-03-11,15.79,16.16,15.68,15.89,,10260933.0
2024-03-12,15.82,15.86,15.32,15.46,,6213485.0
2024-03-13,15.52,15.71,15.23,15.27,,12248090.0
2024-03-14,15.17,15.33,14.41,14.57,,13946690.0
2024-03-15,14.6,14.8,14.48,14.55,,16883979.0
2024-03-18,14.54,14.6,14.29,14.43,,9107039.0
2024-03-19,14.52,15.2,14.41,15.07,,8790772.0
2024-03-20,14.98,15.14,14.81,15.07,,9195190.0
2024-03-21,15.08,15.42,15.03,15.28,,34627820.0
2024-03-22,15.49,15.84,15.34,15.75,,11787447.0
2024-03-25,15.75,16.03,15.68,15.95,,10622756.0
2024-03-26,16.09,16.37,15.99,16.13,,14859335.0
2024-03-27,16.37,16.77,16.14,16.73,,10702732.0
2024-03-28,16.8,17.43,16.71,17.39,,11784172.0
2024-04-01,17.52,17.56,17.07,17.52,,8741226.0
2024-04-02,17.4,17.56,17.13,17.28,,7540190.0
2024-04-03,17.2,17.44,17.13,17.36,,6351250.0
2024-04-04,17.67,18.08,17.52,17.59,,9013557.0
2024-04-05,17.45,17.72,17.23,17.53,,7167423.0
2024-04-08,17.73,17.82,17.5,17.74,,6948903.0
2024-04-09,17.81,17.97,17.54,17.73,,7779352.0
2024-04-10,17.26,17.28,16.82,17.14,,6844517.0
2024-04-11,17.37,17.38,16.94,17.28,,8324836.0
2024-04-12,17.18,17.42,16.32,16.34,,7682462.0
2024-04-15,16.39,16.68,15.44,15.67,,10443247.0
2024-04-16,15.61,15.74,15.33,15.43,,12295418.0
2024-04-17,15.52,15.83,15.25,15.65,,7886993.0
2024-04-18,15.84,16.0,15.66,15.78,,5497649.0
2024-04-19,15.74,15.99,15.71,15.9,,7100682.0
2024-04-22,15.92,16.25,15.69,16.19,,6514883.0
2024-04-23,16.14,16.8,16.11,16.61,,5742388.0
2024-04-24,16.43,16.91,16.36,16.84,,5290136.0
2024-04-25,16.66,16.83,16.53,16.61,,4465634.0
2024-04-26,16.72,16.94,16.62,16.69,,4772193.0
2024-04-29,16.87,17.41,16.75,17.32,,8096203.0
2024-04-30,16.99,17.56,16.95,17.52,,8122357.0
2024-05-01,17.52,18.16,17.37,17.79,,8972082.0
2024-05-02,18.04,18.61,17.92,18.53,,11059060.0
2024-05-03,18.33,19.27,17.96,18.28,,11127623.0
2024-05-06,18.46,18.61,18.2,18.48,,9578150.0
2024-05-07,18.66,18.89,18.35,18.44,,8983231.0
2024-05-08,18.21,19.12,18.07,18.96,,11959698.0
2024-05-09,18.95,19.62,18.86,19.57,,7898340.0
2024-05-10,19.63,20.02,19.34,19.52,,8198022.0
2024-05-13,19.58,19.79,19.51,19.54,,7010099.0
2024-05-14,19.77,20.03,19.63,19.89,,9218498.0
2024-05-15,20.35,20.84,20.31,20.69,,10406834.0
2024-05-16,20.76,21.14,20.57,20.76,,12829150.0
2024-05-17,20.66,21.05,20.54,20.83,,9083216.0
2024-05-20,20.9,21.02,20.71,20.83,,5920356.0
2024-05-21,20.57,20.85,20.41,20.6,,8788716.0
2024-05-22,20.4,20.85,20.38,20.49,,6937856.0
2024-05-23,20.49,20.56,20.04,20.13,,6524613.0
2024-05-24,20.27,20.59,20.16,20.47,,7006138.0
2024-05-28,20.59,21.07,20.55,20.69,,6978490.0
2024-05-29,20.36,20.72,20.26,20.63,,5329199.0
2024-05-30,20.73,21.37,20.64,21.31,,7467276.0
2024-05-31,21.45,21.74,20.88,21.14,,11403108.0
2024-06-03,21.36,21.36,20.19,20.32,,7078208.0
2024-06-04,20.23,20.41,19.75,20.06,,7232852.0
2024-06-05,20.12,20.68,20.1,20.42,,6247473.0
2024-06-06,20.17,20.46,19.81,19.93,,6630895.0
2024-06-07,19.6,19.95,19.42,19.45,,5768450.0
2024-06-10,19.44,20.07,19.33,19.95,,5454082.0
2024-06-11,19.68,19.85,19.23,19.41,,6538571.0
2024-06-12,20.11,20.2,19.13,19.25,,6665439.0
2024-06-13,19.14,19.51,19.01,19.19,,5093541.0
2024-06-14,19.03,19.21,18.8,18.93,,3960474.0
2024-06-17,18.78,18.81,18.08,18.44,,8519351.0
2024-06-18,18.35,18.71,18.18,18.56,,5872088.0
2024-06-20,18.55,18.6,18.31,18.46,,4682103.0
2024-06-21,18.08,18.43,18.01,18.08,,17911853.0
2024-06-24,18.18,18.73,18.14,18.59,,4883006.0
2024-06-25,18.75,18.84,18.43,18.5,,3975755.0
2024-06-26,18.35,18.9,18.35,18.51,,8909525.0
2024-06-27,18.4,18.76,18.34,18.69,,4599705.0
2024-06-28,18.81,18.81,16.99,17.2,,28445342.0
2024-07-01,17.46,17.51,16.79,17.07,,9712401.0
2024-07-02,17.15,17.38,16.87,17.16,,8386954.0
2024-07-03,17.35,17.66,17.25,17.51,,3243084.0
2024-07-05,17.63,17.67,17.18,17.34,,6927967.0
2024-07-08,17.37,17.55,17.31,17.47,,3802750.0
2024-07-09,17.41,17.63,17.28,17.31,,4176655.0
2024-07-10,17.53,17.61,17.25,17.54,,3388296.0
2024-07-11,17.95,18.33,17.89,18.26,,5483197.0
2024-07-12,18.38,18.72,18.29,18.49,,6349842.0
2024-07-15,17.87,17.93,16.6,16.64,,13899324.0
2024-07-16,16.84,17.32,16.77,17.28,,7590060.0
2024-07-17,17.1,17.2,16.42,16.53,,8844171.0
2024-07-18,16.69,16.85,16.42,16.72,,9984220.0
2024-07-19,16.84,16.92,16.7,16.74,,4641917.0
2024-07-22,17.03,17.2,16.8,17.15,,8080325.0
2024-07-23,16.97,17.5,16.95,17.19,,4992999.0
2024-07-24,17.31,17.53,16.92,16.95,,10045539.0
2024-07-25,16.97,17.14,16.78,16.87,,11284701.0
2024-07-26,17.15,17.3,17.0,17.15,,5224716.0
2024-07-29,17.24,17.35,16.96,17.22,,5334487.0
2024-07-30,17.24,17.34,17.01,17.18,,7028812.0
2024-07-31,17.51,17.69,17.29,17.42,,18534600.0
2024-08-01,17.42,17.75,17.4,17.7,,9614619.0
2024-08-02,17.1,17.46,16.65,16.93,,10660581.0
2024-08-05,16.56,16.75,15.81,16.1,,8794322.0
2024-08-06,16.09,16.74,16.08,16.33,,6182943.0
2024-08-07,16.61,16.81,16.11,16.2,,7055475.0
2024-08-08,16.2,16.63,16.11,16.46,,11742461.0
2024-08-09,16.37,16.58,16.01,16.47,,7689283.0
2024-08-12,16.46,16.55,16.25,16.52,,6236993.0
2024-08-13,16.7,16.75,16.44,16.69,,6322044.0
2024-08-14,16.74,16.9,16.44,16.74,,5670226.0
2024-08-15,16.74,17.26,16.7,17.07,,7799665.0
2024-08-16,17.06,17.18,16.96,17.06,,6108331.0
2024-08-19,17.04,17.29,16.99,17.17,,5804439.0
2024-08-20,17.09,17.27,17.04,17.18,,7780326.0
2024-08-21,17.23,17.55,17.13,17.47,,5766488.0
2024-08-22,17.46,17.63,17.33,17.56,,6082942.0
2024-08-23,17.66,18.02,17.54,17.87,,6788472.0
2024-08-26,17.96,18.0,17.68,17.69,,4255743.0
2024-08-27,17.59,17.69,17.14,17.17,,5240876.0
2024-08-28,17.18,17.25,16.92,17.0,,4646080.0
2024-08-29,17.05,17.18,16.78,17.06,,5947681.0
2024-08-30,17.21,17.24,16.8,16.93,,5713821.0
2024-09-03,16.93,16.94,16.46,16.56,,7982145.0
2024-09-04,16.57,16.9,16.53,16.74,,8587161.0
2024-09-05,16.91,16.98,16.63,16.74,,7326564.0
2024-09-06,16.8,16.84,15.99,16.0,,8732003.0
2024-09-09,16.02,16.13,15.92,16.01,,7817718.0
2024-09-10,16.05,16.51,16.03,16.25,,6992279.0
2024-09-11,16.59,17.67,16.56,17.65,,13642595.0
2024-09-12,17.74,18.22,17.48,17.91,,9276535.0
2024-09-13,18.13,18.43,18.0,18.33,,7082872.0
2024-09-16,18.36,19.01,18.36,18.79,,10000514.0
2024-09-17,18.98,19.36,18.86,19.02,,12312181.0
2024-09-18,19.08,19.42,18.83,19.04,,10658632.0
2024-09-19,19.33,19.42,18.63,18.68,,13603994.0
2024-09-20,18.94,18.94,18.52,18.68,,19704232.0
2024-09-23,18.71,19.12,18.7,19.1,,10068508.0
2024-09-24,19.13,19.41,18.88,18.89,,9284600.0
2024-09-25,18.94,19.4,18.94,19.3,,8380691.0
2024-09-26,19.47,19.78,19.29,19.41,,6737532.0
2024-09-27,19.62,19.94,19.62,19.84,,6670297.0
2024-09-30,19.86,19.97,19.62,19.83,,7123864.0
2024-10-01,19.75,20.06,19.39,20.01,,6086070.0
2024-10-02,19.77,20.01,19.54,19.66,,6538533.0
2024-10-03,19.69,19.78,18.88,18.91,,8837139.0
2024-10-04,18.86,19.07,18.55,18.69,,10668366.0
2024-10-07,18.62,18.78,18.27,18.45,,7918994.0
2024-10-08,18.25,18.36,17.91,17.94,,4914413.0
2024-10-09,17.79,17.94,17.4,17.48,,7439008.0
2024-10-10,17.48,17.48,17.13,17.13,,7463407.0
2024-10-11,17.03,17.2,16.88,17.12,,7074972.0
2024-10-14,17.12,17.32,17.1,17.26,,5815313.0
2024-10-15,17.86,18.1,17.17,17.21,,10491907.0
2024-10-16,17.39,17.74,17.32,17.68,,10226916.0
2024-10-17,17.68,17.77,16.98,17.05,,8137477.0
2024-10-18,17.18,17.27,16.99,17.27,,4422377.0
2024-10-21,17.32,17.46,16.89,17.01,,7460858.0
2024-10-22,16.82,16.94,16.54,16.8,,11199630.0
2024-10-23,16.72,17.13,16.63,16.88,,9463587.0
2024-10-24,16.86,16.97,16.65,16.78,,6478751.0
2024-10-25,16.89,17.02,16.7,16.76,,6808961.0
2024-10-28,16.87,17.17,16.84,16.85,,5239478.0
2024-10-29,16.65,16.66,16.18,16.33,,11215702.0
2024-10-30,16.41,16.46,16.18,16.23,,11624234.0
2024-10-31,16.23,16.42,16.16,16.3,,14759572.0
2024-11-01,16.09,16.2,14.68,14.71,,30895243.0
2024-11-04,14.9,15.67,14.86,15.23,,15466111.0
2024-11-05,15.07,15.52,14.81,15.51,,14503185.0
2024-11-06,14.68,14.71,13.85,14.2,,30290848.0
2024-11-07,14.16,14.23,13.62,13.65,,25879817.0
2024-11-08,13.56,13.83,13.29,13.6,,19844688.0
2024-11-11,13.86,13.94,13.33,13.89,,21883787.0
2024-11-12,13.97,14.12,13.27,13.45,,14508423.0
2024-11-13,13.63,13.65,13.38,13.62,,11706131.0
2024-11-14,13.69,14.36,13.57,14.0,,13488297.0
2024-11-15,14.13,14.17,13.75,13.97,,11948903.0
2024-11-18,13.86,13.93,13.73,13.74,,8500040.0
2024-11-19,13.6,13.83,13.46,13.75,,11811244.0
2024-11-20,13.75,13.82,13.16,13.28,,17947526.0
2024-11-21,13.26,13.38,13.04,13.25,,21346591.0
2024-11-22,13.29,13.53,12.97,13.04,,29753068.0
2024-11-25,13.13,13.38,13.05,13.16,,17646779.0
2024-11-26,13.0,13.05,12.53,12.58,,20868713.0
2024-11-27,12.65,13.19,12.64,12.99,,16716342.0
2024-11-29,13.0,13.16,12.96,13.04,,7963533.0
2024-12-02,13.06,13.28,12.88,13.01,,11820597.0
2024-12-03,13.11,13.38,13.03,13.05,,13176887.0
2024-12-04,13.01,13.95,13.01,13.43,,24649749.0
2024-12-05,13.5,13.65,13.2,13.29,,13809099.0
2024-12-06,13.39,13.49,13.01,13.05,,8687536.0
2024-12-09,13.31,13.95,13.22,13.6,,18021632.0
2024-12-10,13.45,13.77,13.41,13.64,,13348944.0
2024-12-11,13.67,13.79,13.51,13.59,,14140544.0
2024-12-12,13.62,13.79,13.51,13.52,,12058092.0
2024-12-13,13.5,13.61,13.09,13.35,,10761415.0
2024-12-16,13.18,13.31,13.11,13.15,,11369167.0
2024-12-17,13.08,13.25,12.8,12.87,,10465737.0
2024-12-18,12.9,13.11,12.49,12.5,,12404936.0
2024-12-19,12.45,12.58,12.24,12.44,,15220771.0
2024-12-20,12.36,13.11,12.36,13.0,,25105679.0
2024-12-23,12.89,13.09,12.78,13.06,,10108284.0
2024-12-24,13.0,13.05,12.88,13.02,,3967429.0
2024-12-26,12.96,12.99,12.76,12.84,,7272445.0
2024-12-27,12.75,12.82,12.58,12.75,,9280650.0
2024-12-30,12.67,12.71,12.34,12.65,,10800653.0
