time,open,high,low,close,Volume,volume
1999-11-01,0.16,0.16,0.15,0.16,,8900.0
1999-11-02,0.16,0.16,0.16,0.16,,8300.0
1999-11-03,0.16,0.16,0.15,0.15,,18700.0
1999-11-04,0.15,0.15,0.15,0.15,,0.0
1999-11-05,0.17,0.18,0.17,0.17,,33200.0
1999-11-08,0.17,0.17,0.17,0.17,,7100.0
1999-11-09,0.16,0.17,0.16,0.17,,2300.0
1999-11-10,0.16,0.17,0.16,0.16,,28600.0
1999-11-11,0.17,0.17,0.16,0.17,,23300.0
1999-11-12,0.16,0.17,0.16,0.17,,2700.0
1999-11-15,0.16,0.17,0.16,0.17,,4700.0
1999-11-16,0.17,0.17,0.16,0.17,,8400.0
1999-11-17,0.16,0.16,0.16,0.16,,1300.0
1999-11-18,0.16,0.18,0.16,0.18,,39700.0
1999-11-19,0.17,0.18,0.17,0.18,,40100.0
1999-11-22,0.18,0.2,0.17,0.18,,36600.0
1999-11-23,0.18,0.19,0.17,0.18,,6000.0
1999-11-24,0.18,0.19,0.18,0.18,,900.0
1999-11-26,0.17,0.19,0.17,0.17,,15900.0
1999-11-29,0.18,0.18,0.15,0.17,,6400.0
1999-11-30,0.16,0.17,0.16,0.16,,19200.0
1999-12-01,0.17,0.17,0.16,0.16,,800.0
1999-12-02,0.16,0.16,0.16,0.16,,2100.0
1999-12-03,0.16,0.17,0.16,0.17,,6500.0
1999-12-06,0.16,0.17,0.16,0.17,,800.0
1999-12-07,0.16,0.16,0.16,0.16,,6000.0
1999-12-08,0.16,0.16,0.16,0.16,,15400.0
1999-12-09,0.16,0.18,0.16,0.17,,28100.0
1999-12-10,0.17,0.18,0.17,0.17,,6800.0
1999-12-13,0.17,0.18,0.17,0.18,,28000.0
1999-12-14,0.17,0.17,0.17,0.17,,4400.0
1999-12-15,0.17,0.17,0.17,0.17,,2600.0
1999-12-16,0.17,0.17,0.17,0.17,,2600.0
1999-12-17,0.17,0.17,0.17,0.17,,1200.0
1999-12-20,0.18,0.18,0.17,0.17,,4600.0
1999-12-21,0.17,0.18,0.17,0.17,,13700.0
1999-12-22,0.17,0.17,0.17,0.17,,5400.0
1999-12-23,0.17,0.17,0.17,0.17,,6800.0
1999-12-27,0.17,0.17,0.17,0.17,,6200.0
1999-12-28,0.17,0.18,0.17,0.18,,34400.0
1999-12-29,0.17,0.17,0.16,0.16,,6400.0
1999-12-30,0.16,0.16,0.14,0.15,,79400.0
1999-12-31,0.15,0.15,0.15,0.15,,6600.0
2000-01-03,0.15,0.15,0.15,0.15,,16400.0
2000-01-04,0.15,0.15,0.14,0.14,,21800.0
2000-01-05,0.14,0.15,0.14,0.14,,21300.0
2000-01-06,0.14,0.16,0.14,0.15,,6700.0
2000-01-07,0.15,0.15,0.14,0.15,,8400.0
2000-01-10,0.14,0.15,0.14,0.14,,5600.0
2000-01-11,0.15,0.16,0.15,0.16,,10000.0
2000-01-12,0.17,0.17,0.15,0.17,,48500.0
2000-01-13,0.18,0.18,0.18,0.18,,14500.0
2000-01-14,0.18,0.18,0.16,0.16,,11900.0
2000-01-18,0.17,0.17,0.17,0.17,,2500.0
2000-01-19,0.17,0.17,0.17,0.17,,2000.0
2000-01-20,0.16,0.17,0.16,0.16,,7200.0
2000-01-21,0.16,0.17,0.16,0.17,,2100.0
2000-01-24,0.17,0.17,0.17,0.17,,2600.0
2000-01-25,0.17,0.17,0.16,0.16,,4200.0
2000-01-26,0.16,0.17,0.16,0.16,,2300.0
2000-01-27,0.15,0.15,0.15,0.15,,2700.0
2000-01-28,0.15,0.15,0.15,0.15,,4200.0
2000-01-31,0.15,0.15,0.15,0.15,,3000.0
2000-02-01,0.16,0.16,0.16,0.16,,500.0
2000-02-02,0.16,0.16,0.16,0.16,,3100.0
2000-02-03,0.16,0.16,0.15,0.16,,143500.0
2000-02-04,0.16,0.17,0.16,0.16,,6600.0
2000-02-07,0.16,0.17,0.16,0.17,,18400.0
2000-02-08,0.17,0.17,0.17,0.17,,8800.0
2000-02-09,0.17,0.19,0.17,0.18,,16700.0
2000-02-10,0.19,0.19,0.19,0.19,,6500.0
2000-02-11,0.2,0.2,0.18,0.19,,46900.0
2000-02-14,0.19,0.22,0.19,0.22,,49600.0
2000-02-15,0.22,0.22,0.22,0.22,,17400.0
2000-02-16,0.21,0.22,0.21,0.22,,5500.0
2000-02-17,0.22,0.22,0.21,0.22,,9000.0
2000-02-18,0.21,0.22,0.21,0.21,,3500.0
2000-02-22,0.21,0.21,0.2,0.2,,3600.0
2000-02-23,0.19,0.21,0.19,0.19,,29100.0
2000-02-24,0.18,0.19,0.18,0.19,,62200.0
2000-02-25,0.21,0.21,0.19,0.19,,2700.0
2000-02-28,0.2,0.2,0.2,0.2,,2000.0
2000-02-29,0.2,0.2,0.19,0.19,,2200.0
2000-03-01,0.19,0.19,0.17,0.17,,7700.0
2000-03-02,0.18,0.19,0.17,0.19,,10100.0
2000-03-03,0.19,0.19,0.18,0.19,,13200.0
2000-03-06,0.18,0.2,0.18,0.19,,22200.0
2000-03-07,0.18,0.2,0.18,0.18,,19700.0
2000-03-08,0.19,0.19,0.18,0.18,,2900.0
2000-03-09,0.19,0.19,0.19,0.19,,11600.0
2000-03-10,0.19,0.19,0.17,0.17,,11500.0
2000-03-13,0.18,0.19,0.17,0.18,,7900.0
2000-03-14,0.18,0.19,0.18,0.19,,900.0
2000-03-15,0.18,0.18,0.18,0.18,,800.0
2000-03-16,0.18,0.18,0.17,0.17,,22000.0
2000-03-17,0.17,0.18,0.17,0.18,,20300.0
2000-03-20,0.17,0.2,0.17,0.2,,28000.0
2000-03-21,0.2,0.22,0.2,0.21,,7300.0
2000-03-22,0.22,0.22,0.2,0.22,,18900.0
2000-03-23,0.22,0.23,0.22,0.22,,32500.0
2000-03-24,0.22,0.23,0.22,0.22,,9600.0
2000-03-27,0.22,0.23,0.22,0.22,,32700.0
2000-03-28,0.22,0.22,0.2,0.2,,12400.0
2000-03-29,0.21,0.22,0.21,0.21,,12600.0
2000-03-30,0.22,0.22,0.22,0.22,,600.0
2000-03-31,0.22,0.23,0.22,0.22,,32300.0
2000-04-03,0.22,0.22,0.2,0.21,,15000.0
2000-04-04,0.21,0.21,0.19,0.19,,13200.0
2000-04-05,0.2,0.2,0.2,0.2,,300.0
2000-04-06,0.19,0.19,0.19,0.19,,200.0
2000-04-07,0.19,0.19,0.19,0.19,,0.0
2000-04-10,0.22,0.22,0.19,0.19,,12000.0
2000-04-11,0.19,0.21,0.19,0.19,,5800.0
2000-04-12,0.18,0.19,0.18,0.19,,600.0
2000-04-13,0.21,0.21,0.19,0.19,,2900.0
2000-04-14,0.18,0.18,0.18,0.18,,4500.0
2000-04-17,0.18,0.18,0.18,0.18,,300.0
2000-04-18,0.22,0.22,0.19,0.2,,2500.0
2000-04-19,0.19,0.22,0.18,0.18,,4500.0
2000-04-20,0.2,0.2,0.18,0.18,,1300.0
2000-04-24,0.18,0.18,0.18,0.18,,3600.0
2000-04-25,0.21,0.21,0.18,0.21,,5900.0
2000-04-26,0.18,0.18,0.18,0.18,,900.0
2000-04-27,0.21,0.23,0.21,0.22,,58200.0
2000-04-28,0.21,0.22,0.19,0.22,,41100.0
2000-05-01,0.22,0.23,0.2,0.22,,7800.0
2000-05-02,0.2,0.2,0.2,0.2,,300.0
2000-05-03,0.21,0.22,0.21,0.21,,2400.0
2000-05-04,0.21,0.21,0.21,0.21,,0.0
2000-05-05,0.2,0.21,0.19,0.21,,12200.0
2000-05-08,0.19,0.22,0.19,0.21,,5000.0
2000-05-09,0.21,0.21,0.21,0.21,,4400.0
2000-05-10,0.21,0.21,0.21,0.21,,15300.0
2000-05-11,0.22,0.22,0.2,0.2,,7400.0
2000-05-12,0.2,0.21,0.2,0.2,,2800.0
2000-05-15,0.19,0.21,0.19,0.19,,13200.0
2000-05-16,0.19,0.22,0.19,0.21,,2300.0
2000-05-17,0.21,0.21,0.21,0.21,,2200.0
2000-05-18,0.2,0.22,0.2,0.22,,32300.0
2000-05-19,0.2,0.21,0.2,0.2,,11400.0
2000-05-22,0.2,0.2,0.16,0.18,,22600.0
2000-05-23,0.18,0.18,0.18,0.18,,0.0
2000-05-24,0.18,0.2,0.18,0.2,,8100.0
2000-05-25,0.2,0.2,0.2,0.2,,300.0
2000-05-26,0.19,0.19,0.17,0.18,,8300.0
2000-05-30,0.18,0.18,0.18,0.18,,1200.0
2000-05-31,0.18,0.18,0.18,0.18,,0.0
2000-06-01,0.18,0.2,0.18,0.19,,18000.0
2000-06-02,0.19,0.19,0.19,0.19,,0.0
2000-06-05,0.17,0.22,0.17,0.18,,8300.0
2000-06-06,0.18,0.18,0.18,0.18,,0.0
2000-06-07,0.18,0.18,0.18,0.18,,400.0
2000-06-08,0.18,0.19,0.18,0.19,,1800.0
2000-06-09,0.18,0.18,0.18,0.18,,500.0
2000-06-12,0.18,0.18,0.18,0.18,,800.0
2000-06-13,0.19,0.19,0.18,0.19,,5900.0
2000-06-14,0.19,0.19,0.18,0.19,,6200.0
2000-06-15,0.18,0.18,0.18,0.18,,400.0
2000-06-16,0.19,0.19,0.18,0.19,,1200.0
2000-06-19,0.18,0.18,0.17,0.17,,5300.0
2000-06-20,0.17,0.17,0.17,0.17,,1000.0
2000-06-21,0.18,0.19,0.18,0.18,,4600.0
2000-06-22,0.18,0.18,0.18,0.18,,500.0
2000-06-23,0.18,0.19,0.18,0.19,,3200.0
2000-06-26,0.18,0.18,0.18,0.18,,8600.0
2000-06-27,0.19,0.19,0.18,0.18,,8300.0
2000-06-28,0.18,0.18,0.18,0.18,,13500.0
2000-06-29,0.18,0.18,0.17,0.18,,8100.0
2000-06-30,0.18,0.18,0.18,0.18,,0.0
2000-07-03,0.18,0.18,0.18,0.18,,700.0
2000-07-05,0.17,0.18,0.17,0.18,,9300.0
2000-07-06,0.18,0.18,0.17,0.18,,9700.0
2000-07-07,0.18,0.18,0.18,0.18,,0.0
2000-07-10,0.18,0.18,0.18,0.18,,10200.0
2000-07-11,0.17,0.18,0.17,0.18,,6300.0
2000-07-12,0.18,0.18,0.18,0.18,,0.0
2000-07-13,0.18,0.18,0.18,0.18,,200.0
2000-07-14,0.18,0.18,0.18,0.18,,700.0
2000-07-17,0.18,0.18,0.17,0.17,,2100.0
2000-07-18,0.17,0.18,0.17,0.17,,1300.0
2000-07-19,0.17,0.17,0.17,0.17,,7800.0
2000-07-20,0.17,0.18,0.17,0.18,,400.0
2000-07-21,0.17,0.17,0.17,0.17,,2700.0
2000-07-24,0.18,0.19,0.18,0.18,,14400.0
2000-07-25,0.19,0.22,0.19,0.22,,52100.0
2000-07-26,0.21,0.21,0.19,0.2,,68800.0
2000-07-27,0.21,0.22,0.19,0.21,,203300.0
2000-07-28,0.2,0.21,0.19,0.19,,23500.0
2000-07-31,0.21,0.21,0.2,0.2,,19700.0
2000-08-01,0.21,0.21,0.2,0.21,,18700.0
2000-08-02,0.2,0.21,0.2,0.2,,18000.0
2000-08-03,0.2,0.21,0.2,0.21,,59400.0
2000-08-04,0.2,0.21,0.2,0.2,,14800.0
2000-08-07,0.21,0.22,0.21,0.22,,5200.0
2000-08-08,0.22,0.22,0.22,0.22,,21600.0
2000-08-09,0.22,0.22,0.22,0.22,,2500.0
2000-08-10,0.22,0.22,0.21,0.21,,2300.0
2000-08-11,0.22,0.22,0.21,0.21,,97500.0
2000-08-14,0.22,0.26,0.22,0.26,,199800.0
2000-08-15,0.28,0.3,0.27,0.28,,142700.0
2000-08-16,0.29,0.31,0.28,0.31,,104700.0
2000-08-17,0.31,0.31,0.27,0.29,,98800.0
2000-08-18,0.29,0.32,0.28,0.32,,64600.0
2000-08-21,0.33,0.36,0.33,0.33,,54200.0
2000-08-22,0.33,0.35,0.33,0.34,,53300.0
2000-08-23,0.35,0.35,0.33,0.33,,26100.0
2000-08-24,0.34,0.34,0.33,0.33,,10200.0
2000-08-25,0.33,0.33,0.31,0.32,,35300.0
2000-08-28,0.32,0.32,0.3,0.31,,37500.0
2000-08-29,0.3,0.31,0.29,0.31,,31200.0
2000-08-30,0.3,0.34,0.29,0.33,,36700.0
2000-08-31,0.34,0.35,0.3,0.3,,35400.0
2000-09-01,0.3,0.32,0.3,0.32,,12900.0
2000-09-05,0.3,0.34,0.3,0.34,,13500.0
2000-09-06,0.33,0.34,0.33,0.33,,15600.0
2000-09-07,0.32,0.32,0.32,0.32,,800.0
2000-09-08,0.32,0.32,0.29,0.29,,8900.0
2000-09-11,0.29,0.29,0.27,0.28,,36100.0
2000-09-12,0.27,0.29,0.27,0.28,,20500.0
2000-09-13,0.28,0.28,0.27,0.27,,4400.0
2000-09-14,0.27,0.28,0.27,0.28,,1100.0
2000-09-15,0.28,0.28,0.26,0.28,,4200.0
2000-09-18,0.28,0.28,0.25,0.26,,8600.0
2000-09-19,0.26,0.26,0.26,0.26,,1200.0
2000-09-20,0.26,0.26,0.26,0.26,,0.0
2000-09-21,0.27,0.27,0.26,0.26,,3800.0
2000-09-22,0.27,0.27,0.27,0.27,,1000.0
2000-09-25,0.28,0.29,0.28,0.29,,56200.0
2000-09-26,0.28,0.29,0.27,0.28,,19700.0
2000-09-27,0.29,0.31,0.28,0.31,,73900.0
2000-09-28,0.31,0.31,0.3,0.31,,14000.0
2000-09-29,0.3,0.3,0.3,0.3,,10300.0
2000-10-02,0.3,0.3,0.3,0.3,,3100.0
2000-10-03,0.31,0.31,0.29,0.29,,9500.0
2000-10-04,0.3,0.3,0.28,0.28,,300.0
2000-10-05,0.29,0.29,0.28,0.28,,22600.0
2000-10-06,0.27,0.28,0.27,0.28,,28000.0
2000-10-09,0.27,0.28,0.27,0.27,,2200.0
2000-10-10,0.27,0.27,0.27,0.27,,300.0
2000-10-11,0.27,0.27,0.27,0.27,,300.0
2000-10-12,0.27,0.28,0.27,0.28,,4400.0
2000-10-13,0.28,0.29,0.28,0.29,,3300.0
2000-10-16,0.29,0.3,0.28,0.3,,4100.0
2000-10-17,0.33,0.33,0.29,0.29,,21800.0
2000-10-18,0.3,0.3,0.28,0.28,,6400.0
2000-10-19,0.28,0.28,0.27,0.27,,6800.0
2000-10-20,0.28,0.28,0.27,0.27,,50600.0
2000-10-23,0.27,0.27,0.25,0.25,,8200.0
2000-10-24,0.25,0.25,0.25,0.25,,200.0
2000-10-25,0.24,0.26,0.23,0.26,,85800.0
2000-10-26,0.26,0.28,0.24,0.28,,48400.0
2000-10-27,0.28,0.28,0.28,0.28,,2700.0
2000-10-30,0.28,0.28,0.28,0.28,,1400.0
2000-10-31,0.27,0.28,0.27,0.28,,21800.0
2000-11-01,0.28,0.28,0.28,0.28,,16200.0
2000-11-02,0.28,0.28,0.28,0.28,,28600.0
2000-11-03,0.28,0.28,0.28,0.28,,9600.0
2000-11-06,0.27,0.28,0.27,0.28,,11600.0
2000-11-07,0.28,0.28,0.28,0.28,,0.0
2000-11-08,0.27,0.27,0.27,0.27,,200.0
2000-11-09,0.28,0.28,0.27,0.27,,1200.0
2000-11-10,0.27,0.27,0.26,0.26,,6700.0
2000-11-13,0.27,0.27,0.26,0.26,,5900.0
2000-11-14,0.26,0.31,0.26,0.29,,19300.0
2000-11-15,0.28,0.28,0.28,0.28,,1200.0
2000-11-16,0.28,0.28,0.28,0.28,,0.0
2000-11-17,0.28,0.28,0.28,0.28,,0.0
2000-11-20,0.27,0.27,0.26,0.27,,6900.0
2000-11-21,0.27,0.27,0.27,0.27,,1400.0
2000-11-22,0.28,0.28,0.28,0.28,,600.0
2000-11-24,0.27,0.27,0.26,0.26,,1400.0
2000-11-27,0.28,0.28,0.26,0.26,,1400.0
2000-11-28,0.28,0.28,0.26,0.26,,3100.0
2000-11-29,0.25,0.25,0.23,0.25,,8300.0
2000-11-30,0.24,0.25,0.24,0.25,,10500.0
2000-12-01,0.24,0.25,0.24,0.25,,1200.0
2000-12-04,0.23,0.25,0.23,0.25,,11400.0
2000-12-05,0.25,0.25,0.25,0.25,,0.0
2000-12-06,0.24,0.24,0.24,0.24,,1100.0
2000-12-07,0.24,0.25,0.24,0.25,,4400.0
2000-12-08,0.24,0.25,0.24,0.25,,800.0
2000-12-11,0.25,0.25,0.25,0.25,,200.0
2000-12-12,0.24,0.24,0.24,0.24,,500.0
2000-12-13,0.24,0.25,0.24,0.25,,16500.0
2000-12-14,0.25,0.25,0.25,0.25,,14300.0
2000-12-15,0.25,0.25,0.25,0.25,,2000.0
2000-12-18,0.25,0.26,0.25,0.26,,600.0
2000-12-19,0.26,0.27,0.26,0.26,,11800.0
2000-12-20,0.26,0.26,0.26,0.26,,100.0
2000-12-21,0.26,0.26,0.26,0.26,,7800.0
2000-12-22,0.26,0.26,0.26,0.26,,10600.0
2000-12-26,0.26,0.26,0.24,0.24,,32700.0
2000-12-27,0.24,0.24,0.24,0.24,,600.0
2000-12-28,0.24,0.25,0.24,0.25,,7300.0
2000-12-29,0.24,0.29,0.24,0.29,,16500.0
2001-01-02,0.28,0.28,0.27,0.27,,800.0
2001-01-03,0.27,0.27,0.27,0.27,,500.0
2001-01-04,0.27,0.27,0.27,0.27,,0.0
2001-01-05,0.28,0.28,0.28,0.28,,2000.0
2001-01-08,0.27,0.27,0.26,0.26,,1200.0
2001-01-09,0.26,0.26,0.26,0.26,,0.0
2001-01-10,0.26,0.28,0.26,0.28,,1400.0
2001-01-11,0.28,0.28,0.27,0.28,,23400.0
2001-01-12,0.28,0.28,0.27,0.27,,65100.0
2001-01-16,0.27,0.28,0.24,0.26,,84100.0
2001-01-17,0.26,0.26,0.24,0.24,,26300.0
2001-01-18,0.24,0.24,0.24,0.24,,0.0
2001-01-19,0.25,0.25,0.24,0.24,,8200.0
2001-01-22,0.24,0.24,0.23,0.24,,10200.0
2001-01-23,0.23,0.23,0.23,0.23,,4700.0
2001-01-24,0.23,0.23,0.23,0.23,,8900.0
2001-01-25,0.24,0.24,0.22,0.22,,3600.0
2001-01-26,0.22,0.22,0.22,0.22,,12100.0
2001-01-29,0.22,0.22,0.2,0.2,,12200.0
2001-01-30,0.22,0.23,0.22,0.22,,19000.0
2001-01-31,0.22,0.22,0.21,0.21,,10200.0
2001-02-01,0.22,0.22,0.21,0.21,,9700.0
2001-02-02,0.21,0.21,0.21,0.21,,3000.0
2001-02-05,0.21,0.22,0.21,0.22,,12000.0
2001-02-06,0.21,0.21,0.21,0.21,,3700.0
2001-02-07,0.21,0.21,0.21,0.21,,10700.0
2001-02-08,0.22,0.22,0.22,0.22,,2200.0
2001-02-09,0.21,0.21,0.21,0.21,,900.0
2001-02-12,0.21,0.22,0.21,0.22,,19700.0
2001-02-13,0.22,0.22,0.22,0.22,,5900.0
2001-02-14,0.23,0.23,0.23,0.23,,700.0
2001-02-15,0.23,0.23,0.22,0.22,,21700.0
2001-02-16,0.22,0.22,0.22,0.22,,0.0
2001-02-20,0.22,0.22,0.22,0.22,,13900.0
2001-02-21,0.22,0.22,0.22,0.22,,8300.0
2001-02-22,0.22,0.24,0.22,0.23,,30100.0
2001-02-23,0.22,0.24,0.22,0.24,,4700.0
2001-02-26,0.24,0.24,0.24,0.24,,1900.0
2001-02-27,0.24,0.24,0.24,0.24,,0.0
2001-02-28,0.23,0.23,0.22,0.22,,9400.0
2001-03-01,0.23,0.23,0.22,0.22,,8400.0
2001-03-02,0.22,0.22,0.21,0.21,,10700.0
2001-03-05,0.22,0.22,0.22,0.22,,2000.0
2001-03-06,0.23,0.23,0.23,0.23,,400.0
2001-03-07,0.23,0.23,0.23,0.23,,2200.0
2001-03-08,0.23,0.23,0.23,0.23,,6800.0
2001-03-09,0.23,0.23,0.23,0.23,,6400.0
2001-03-12,0.23,0.24,0.23,0.24,,4100.0
2001-03-13,0.23,0.24,0.22,0.24,,4800.0
2001-03-14,0.22,0.22,0.21,0.22,,11000.0
2001-03-15,0.22,0.22,0.22,0.22,,5200.0
2001-03-16,0.22,0.22,0.22,0.22,,6200.0
2001-03-19,0.22,0.22,0.22,0.22,,3900.0
2001-03-20,0.22,0.22,0.22,0.22,,2100.0
2001-03-21,0.22,0.22,0.22,0.22,,3000.0
2001-03-22,0.22,0.22,0.22,0.22,,0.0
2001-03-23,0.22,0.22,0.22,0.22,,400.0
2001-03-26,0.22,0.22,0.22,0.22,,100.0
2001-03-27,0.22,0.22,0.22,0.22,,8600.0
2001-03-28,0.22,0.22,0.2,0.21,,37500.0
2001-03-29,0.21,0.21,0.2,0.2,,28200.0
2001-03-30,0.2,0.2,0.19,0.19,,71400.0
2001-04-02,0.19,0.2,0.19,0.2,,1400.0
2001-04-03,0.19,0.2,0.19,0.2,,2600.0
2001-04-04,0.2,0.2,0.19,0.2,,4200.0
2001-04-05,0.2,0.21,0.19,0.2,,4700.0
2001-04-06,0.19,0.19,0.19,0.19,,2200.0
2001-04-09,0.19,0.19,0.19,0.19,,1700.0
2001-04-10,0.19,0.2,0.19,0.19,,3900.0
2001-04-11,0.21,0.21,0.19,0.19,,45700.0
2001-04-12,0.19,0.19,0.19,0.19,,0.0
2001-04-16,0.21,0.21,0.21,0.21,,400.0
2001-04-17,0.21,0.22,0.2,0.2,,3900.0
2001-04-18,0.2,0.21,0.2,0.2,,4600.0
2001-04-19,0.21,0.21,0.21,0.21,,700.0
2001-04-20,0.21,0.21,0.21,0.21,,1100.0
2001-04-23,0.21,0.21,0.21,0.21,,6900.0
2001-04-24,0.21,0.22,0.2,0.2,,8000.0
2001-04-25,0.21,0.21,0.19,0.19,,16900.0
2001-04-26,0.19,0.21,0.19,0.2,,17000.0
2001-04-27,0.19,0.21,0.19,0.2,,3100.0
2001-04-30,0.2,0.2,0.19,0.19,,100800.0
2001-05-01,0.2,0.2,0.2,0.2,,6100.0
2001-05-02,0.2,0.2,0.19,0.2,,3400.0
2001-05-03,0.2,0.23,0.2,0.21,,20700.0
2001-05-04,0.23,0.23,0.21,0.21,,10800.0
2001-05-07,0.22,0.22,0.21,0.21,,6900.0
2001-05-08,0.21,0.23,0.2,0.21,,10800.0
2001-05-09,0.21,0.22,0.21,0.22,,13300.0
2001-05-10,0.22,0.22,0.22,0.22,,7900.0
2001-05-11,0.21,0.21,0.21,0.21,,6800.0
2001-05-14,0.22,0.22,0.22,0.22,,4200.0
2001-05-15,0.21,0.21,0.2,0.21,,18000.0
2001-05-16,0.21,0.23,0.21,0.23,,102700.0
2001-05-17,0.23,0.23,0.22,0.22,,232500.0
2001-05-18,0.22,0.23,0.21,0.21,,65800.0
2001-05-21,0.2,0.21,0.2,0.2,,70300.0
2001-05-22,0.2,0.21,0.2,0.21,,15400.0
2001-05-23,0.21,0.21,0.21,0.21,,14500.0
2001-05-24,0.22,0.22,0.21,0.21,,5400.0
2001-05-25,0.21,0.21,0.21,0.21,,3400.0
2001-05-29,0.21,0.21,0.21,0.21,,18700.0
2001-05-30,0.21,0.23,0.21,0.22,,30200.0
2001-05-31,0.21,0.22,0.21,0.22,,129400.0
2001-06-01,0.22,0.23,0.22,0.23,,99800.0
2001-06-04,0.23,0.25,0.23,0.25,,120200.0
2001-06-05,0.26,0.27,0.25,0.26,,19700.0
2001-06-06,0.26,0.26,0.24,0.26,,11900.0
2001-06-07,0.26,0.26,0.25,0.25,,1600.0
2001-06-08,0.25,0.26,0.25,0.25,,16100.0
2001-06-11,0.25,0.26,0.25,0.25,,14800.0
2001-06-12,0.25,0.25,0.24,0.24,,23900.0
2001-06-13,0.25,0.25,0.24,0.24,,8500.0
2001-06-14,0.25,0.26,0.23,0.23,,32200.0
2001-06-15,0.23,0.23,0.23,0.23,,24600.0
2001-06-18,0.23,0.23,0.22,0.23,,10800.0
2001-06-19,0.22,0.23,0.22,0.22,,22700.0
2001-06-20,0.22,0.22,0.22,0.22,,17100.0
2001-06-21,0.22,0.22,0.22,0.22,,32400.0
2001-06-22,0.21,0.22,0.21,0.22,,17800.0
2001-06-25,0.21,0.22,0.21,0.22,,62200.0
2001-06-26,0.21,0.21,0.21,0.21,,82300.0
2001-06-27,0.21,0.21,0.2,0.21,,12900.0
2001-06-28,0.21,0.21,0.21,0.21,,38600.0
2001-06-29,0.21,0.22,0.21,0.22,,21300.0
2001-07-02,0.21,0.21,0.21,0.21,,200.0
2001-07-03,0.21,0.21,0.21,0.21,,11700.0
2001-07-05,0.21,0.21,0.21,0.21,,26100.0
2001-07-06,0.2,0.21,0.2,0.21,,28600.0
2001-07-09,0.21,0.21,0.2,0.2,,17300.0
2001-07-10,0.2,0.21,0.2,0.2,,3600.0
2001-07-11,0.2,0.21,0.2,0.21,,8900.0
2001-07-12,0.2,0.2,0.2,0.2,,1900.0
2001-07-13,0.2,0.2,0.2,0.2,,12000.0
2001-07-16,0.2,0.2,0.19,0.19,,47400.0
2001-07-17,0.2,0.21,0.2,0.21,,33000.0
2001-07-18,0.21,0.21,0.2,0.21,,36200.0
2001-07-19,0.21,0.22,0.21,0.22,,18700.0
2001-07-20,0.21,0.21,0.21,0.21,,700.0
2001-07-23,0.21,0.22,0.21,0.21,,2700.0
2001-07-24,0.21,0.21,0.21,0.21,,600.0
2001-07-25,0.21,0.22,0.21,0.22,,11100.0
2001-07-26,0.22,0.24,0.22,0.22,,14000.0
2001-07-27,0.23,0.23,0.22,0.23,,4000.0
2001-07-30,0.22,0.24,0.22,0.22,,18300.0
2001-07-31,0.24,0.24,0.22,0.23,,19600.0
2001-08-01,0.23,0.23,0.22,0.22,,5000.0
2001-08-02,0.24,0.25,0.23,0.25,,31300.0
2001-08-03,0.25,0.27,0.24,0.27,,18300.0
2001-08-06,0.26,0.26,0.24,0.24,,31000.0
2001-08-07,0.25,0.27,0.25,0.26,,20800.0
2001-08-08,0.27,0.27,0.25,0.27,,15500.0
2001-08-09,0.26,0.26,0.24,0.25,,16700.0
2001-08-10,0.25,0.27,0.25,0.27,,12600.0
2001-08-13,0.24,0.25,0.24,0.24,,13100.0
2001-08-14,0.23,0.25,0.23,0.24,,39900.0
2001-08-15,0.24,0.24,0.22,0.23,,11900.0
2001-08-16,0.21,0.26,0.21,0.22,,10100.0
2001-08-17,0.22,0.23,0.22,0.23,,6200.0
2001-08-20,0.24,0.24,0.22,0.22,,11000.0
2001-08-21,0.22,0.24,0.22,0.23,,10000.0
2001-08-22,0.24,0.27,0.24,0.27,,9100.0
2001-08-23,0.26,0.26,0.24,0.25,,10800.0
2001-08-24,0.24,0.24,0.24,0.24,,900.0
2001-08-27,0.24,0.27,0.23,0.25,,5000.0
2001-08-28,0.23,0.23,0.23,0.23,,200.0
2001-08-29,0.23,0.24,0.23,0.24,,600.0
2001-08-30,0.25,0.25,0.22,0.22,,10000.0
2001-08-31,0.24,0.25,0.22,0.24,,7600.0
2001-09-04,0.25,0.26,0.24,0.26,,4100.0
2001-09-05,0.24,0.25,0.24,0.24,,11900.0
2001-09-06,0.25,0.25,0.25,0.25,,1800.0
2001-09-07,0.24,0.25,0.24,0.24,,4700.0
2001-09-10,0.24,0.25,0.24,0.24,,11100.0
2001-09-17,0.24,0.24,0.21,0.24,,41100.0
2001-09-18,0.22,0.24,0.22,0.22,,17600.0
2001-09-19,0.23,0.23,0.21,0.22,,14400.0
2001-09-20,0.22,0.22,0.21,0.21,,4400.0
2001-09-21,0.21,0.21,0.2,0.2,,6000.0
2001-09-24,0.2,0.22,0.18,0.19,,19000.0
2001-09-25,0.2,0.21,0.18,0.19,,10900.0
2001-09-26,0.21,0.22,0.18,0.21,,4700.0
2001-09-27,0.18,0.2,0.18,0.2,,300.0
2001-09-28,0.2,0.22,0.2,0.22,,2300.0
2001-10-01,0.21,0.21,0.2,0.2,,600.0
2001-10-02,0.21,0.22,0.2,0.22,,2400.0
2001-10-03,0.24,0.24,0.22,0.24,,7000.0
2001-10-04,0.24,0.24,0.22,0.23,,9500.0
2001-10-05,0.23,0.23,0.23,0.23,,1500.0
2001-10-08,0.24,0.24,0.23,0.24,,13000.0
2001-10-09,0.23,0.25,0.23,0.25,,6300.0
2001-10-10,0.25,0.25,0.24,0.24,,2500.0
2001-10-11,0.23,0.25,0.23,0.24,,22800.0
2001-10-12,0.25,0.25,0.24,0.25,,4100.0
2001-10-15,0.24,0.24,0.24,0.24,,3400.0
2001-10-16,0.24,0.24,0.22,0.22,,16500.0
2001-10-17,0.23,0.23,0.22,0.23,,11300.0
2001-10-18,0.24,0.24,0.24,0.24,,900.0
2001-10-19,0.24,0.24,0.24,0.24,,1000.0
2001-10-22,0.24,0.24,0.24,0.24,,900.0
2001-10-23,0.23,0.23,0.23,0.23,,3300.0
2001-10-24,0.23,0.24,0.23,0.24,,13000.0
2001-10-25,0.24,0.24,0.23,0.23,,11400.0
2001-10-26,0.23,0.23,0.23,0.23,,6200.0
2001-10-29,0.22,0.23,0.2,0.22,,14100.0
2001-10-30,0.22,0.22,0.21,0.21,,4800.0
2001-10-31,0.21,0.22,0.21,0.22,,1600.0
2001-11-01,0.22,0.22,0.21,0.21,,16500.0
2001-11-02,0.21,0.22,0.21,0.22,,3900.0
2001-11-05,0.21,0.21,0.21,0.21,,700.0
2001-11-06,0.22,0.22,0.21,0.21,,8400.0
2001-11-07,0.22,0.22,0.21,0.22,,2400.0
2001-11-08,0.21,0.21,0.2,0.21,,7600.0
2001-11-09,0.21,0.21,0.21,0.21,,0.0
2001-11-12,0.21,0.21,0.21,0.21,,1100.0
2001-11-13,0.21,0.21,0.21,0.21,,0.0
2001-11-14,0.19,0.21,0.19,0.21,,25200.0
2001-11-15,0.19,0.21,0.19,0.21,,7600.0
2001-11-16,0.19,0.21,0.19,0.21,,1200.0
2001-11-19,0.21,0.21,0.21,0.21,,8400.0
2001-11-20,0.21,0.21,0.21,0.21,,1400.0
2001-11-21,0.22,0.22,0.21,0.22,,5300.0
2001-11-23,0.22,0.22,0.22,0.22,,0.0
2001-11-26,0.22,0.22,0.21,0.21,,32600.0
2001-11-27,0.21,0.21,0.21,0.21,,3200.0
2001-11-28,0.22,0.22,0.21,0.22,,20100.0
2001-11-29,0.21,0.21,0.21,0.21,,15300.0
2001-11-30,0.21,0.21,0.21,0.21,,8000.0
2001-12-03,0.21,0.21,0.21,0.21,,40600.0
2001-12-04,0.21,0.22,0.2,0.2,,6900.0
2001-12-05,0.2,0.2,0.2,0.2,,600.0
2001-12-06,0.21,0.21,0.21,0.21,,1100.0
2001-12-07,0.21,0.21,0.21,0.21,,14400.0
2001-12-10,0.21,0.22,0.2,0.2,,20800.0
2001-12-11,0.21,0.21,0.2,0.21,,8000.0
2001-12-12,0.21,0.21,0.21,0.21,,11300.0
2001-12-13,0.21,0.22,0.21,0.22,,8000.0
2001-12-14,0.21,0.22,0.21,0.21,,8000.0
2001-12-17,0.22,0.22,0.22,0.22,,13100.0
2001-12-18,0.22,0.24,0.22,0.24,,18600.0
2001-12-19,0.22,0.23,0.22,0.22,,10100.0
2001-12-20,0.23,0.23,0.23,0.23,,4600.0
2001-12-21,0.23,0.23,0.23,0.23,,4500.0
2001-12-24,0.23,0.23,0.23,0.23,,2300.0
2001-12-26,0.26,0.26,0.24,0.25,,5100.0
2001-12-27,0.24,0.25,0.23,0.24,,12000.0
2001-12-28,0.24,0.24,0.23,0.23,,4000.0
2001-12-31,0.23,0.25,0.23,0.24,,20800.0
2002-01-02,0.25,0.25,0.23,0.24,,12400.0
2002-01-03,0.24,0.24,0.24,0.24,,0.0
2002-01-04,0.24,0.25,0.24,0.24,,5100.0
2002-01-07,0.25,0.25,0.23,0.23,,56700.0
2002-01-08,0.23,0.24,0.23,0.23,,10500.0
2002-01-09,0.25,0.25,0.23,0.23,,27000.0
2002-01-10,0.23,0.23,0.22,0.22,,45800.0
2002-01-11,0.22,0.22,0.22,0.22,,5300.0
2002-01-14,0.34,0.35,0.28,0.29,,560500.0
2002-01-15,0.29,0.29,0.26,0.27,,109200.0
2002-01-16,0.28,0.29,0.27,0.28,,72000.0
2002-01-17,0.28,0.29,0.28,0.28,,52100.0
2002-01-18,0.28,0.29,0.28,0.29,,51700.0
2002-01-22,0.3,0.3,0.29,0.29,,39400.0
2002-01-23,0.29,0.29,0.27,0.28,,41900.0
2002-01-24,0.28,0.29,0.27,0.27,,15600.0
2002-01-25,0.28,0.28,0.28,0.28,,10900.0
2002-01-28,0.28,0.29,0.28,0.28,,33600.0
2002-01-29,0.29,0.3,0.29,0.29,,51200.0
2002-01-30,0.29,0.3,0.29,0.29,,8400.0
2002-01-31,0.29,0.29,0.28,0.29,,18900.0
2002-02-01,0.29,0.29,0.28,0.28,,26100.0
2002-02-04,0.29,0.29,0.28,0.28,,9000.0
2002-02-05,0.28,0.28,0.27,0.27,,10000.0
2002-02-06,0.27,0.27,0.25,0.27,,23100.0
2002-02-07,0.26,0.26,0.25,0.25,,11900.0
2002-02-08,0.25,0.25,0.24,0.25,,19000.0
2002-02-11,0.25,0.26,0.25,0.26,,13700.0
2002-02-12,0.25,0.25,0.25,0.25,,4700.0
2002-02-13,0.25,0.25,0.25,0.25,,26300.0
2002-02-14,0.25,0.26,0.25,0.25,,7700.0
2002-02-15,0.26,0.26,0.25,0.26,,8900.0
2002-02-19,0.26,0.27,0.26,0.27,,6700.0
2002-02-20,0.27,0.27,0.26,0.27,,10600.0
2002-02-21,0.26,0.3,0.26,0.27,,14100.0
2002-02-22,0.28,0.28,0.28,0.28,,12300.0
2002-02-25,0.27,0.29,0.27,0.29,,31100.0
2002-02-26,0.28,0.29,0.28,0.28,,13000.0
2002-02-27,0.28,0.28,0.28,0.28,,17700.0
2002-02-28,0.28,0.28,0.27,0.28,,10700.0
2002-03-01,0.28,0.28,0.27,0.28,,11000.0
2002-03-04,0.27,0.28,0.27,0.28,,14600.0
2002-03-05,0.28,0.29,0.28,0.28,,4100.0
2002-03-06,0.28,0.28,0.28,0.28,,16300.0
2002-03-07,0.29,0.29,0.28,0.28,,10700.0
2002-03-08,0.28,0.28,0.28,0.28,,0.0
2002-03-11,0.29,0.29,0.28,0.28,,3400.0
2002-03-12,0.28,0.29,0.28,0.28,,52400.0
2002-03-13,0.28,0.28,0.28,0.28,,11800.0
2002-03-14,0.28,0.28,0.28,0.28,,15900.0
2002-03-15,0.28,0.29,0.28,0.28,,13600.0
2002-03-18,0.29,0.29,0.28,0.28,,13000.0
2002-03-19,0.29,0.29,0.29,0.29,,12900.0
2002-03-20,0.29,0.29,0.28,0.28,,6700.0
2002-03-21,0.28,0.28,0.28,0.28,,600.0
2002-03-22,0.28,0.28,0.28,0.28,,3300.0
2002-03-25,0.29,0.29,0.28,0.28,,15600.0
2002-03-26,0.28,0.28,0.28,0.28,,23700.0
2002-03-27,0.29,0.3,0.28,0.28,,26200.0
2002-03-28,0.28,0.3,0.28,0.29,,14900.0
2002-04-01,0.29,0.29,0.28,0.28,,5600.0
2002-04-02,0.28,0.29,0.28,0.29,,1400.0
2002-04-03,0.29,0.3,0.28,0.29,,12600.0
2002-04-04,0.3,0.3,0.29,0.3,,11200.0
2002-04-05,0.3,0.3,0.29,0.29,,4300.0
2002-04-08,0.29,0.31,0.29,0.31,,800.0
2002-04-09,0.3,0.31,0.29,0.31,,10400.0
2002-04-10,0.3,0.32,0.3,0.3,,36100.0
2002-04-11,0.31,0.32,0.3,0.3,,36300.0
2002-04-12,0.3,0.3,0.29,0.29,,12700.0
2002-04-15,0.29,0.29,0.29,0.29,,3200.0
2002-04-16,0.3,0.3,0.29,0.29,,9200.0
2002-04-17,0.28,0.29,0.28,0.28,,4400.0
2002-04-18,0.28,0.29,0.28,0.29,,6000.0
2002-04-19,0.29,0.29,0.28,0.29,,18300.0
2002-04-22,0.29,0.29,0.28,0.28,,7800.0
2002-04-23,0.29,0.3,0.29,0.3,,5100.0
2002-04-24,0.29,0.3,0.29,0.3,,1400.0
2002-04-25,0.3,0.32,0.29,0.31,,61400.0
2002-04-26,0.31,0.31,0.3,0.3,,57100.0
2002-04-29,0.31,0.32,0.3,0.31,,55600.0
2002-04-30,0.32,0.32,0.28,0.29,,22400.0
2002-05-01,0.3,0.31,0.29,0.29,,53100.0
2002-05-02,0.29,0.3,0.29,0.29,,11500.0
2002-05-03,0.29,0.29,0.28,0.28,,42100.0
2002-05-06,0.28,0.28,0.27,0.28,,6800.0
2002-05-07,0.27,0.28,0.27,0.27,,16300.0
2002-05-08,0.27,0.27,0.26,0.26,,8100.0
2002-05-09,0.26,0.27,0.26,0.27,,2700.0
2002-05-10,0.27,0.27,0.27,0.27,,12700.0
2002-05-13,0.27,0.27,0.27,0.27,,7500.0
2002-05-14,0.27,0.27,0.27,0.27,,2500.0
2002-05-15,0.27,0.28,0.27,0.28,,6700.0
2002-05-16,0.27,0.27,0.27,0.27,,7600.0
2002-05-17,0.27,0.28,0.25,0.25,,15300.0
2002-05-20,0.25,0.27,0.25,0.27,,41100.0
2002-05-21,0.27,0.27,0.24,0.24,,8700.0
2002-05-22,0.24,0.26,0.24,0.26,,32500.0
2002-05-23,0.26,0.27,0.25,0.27,,11200.0
2002-05-24,0.25,0.27,0.25,0.27,,1100.0
2002-05-28,0.27,0.27,0.26,0.27,,6500.0
2002-05-29,0.27,0.27,0.26,0.27,,9800.0
2002-05-30,0.27,0.27,0.26,0.26,,8100.0
2002-05-31,0.26,0.26,0.26,0.26,,17400.0
2002-06-03,0.26,0.26,0.26,0.26,,3400.0
2002-06-04,0.26,0.29,0.26,0.28,,16200.0
2002-06-05,0.28,0.28,0.28,0.28,,3800.0
2002-06-06,0.28,0.28,0.26,0.26,,2000.0
2002-06-07,0.28,0.28,0.28,0.28,,600.0
2002-06-10,0.28,0.28,0.28,0.28,,1400.0
2002-06-11,0.28,0.28,0.27,0.28,,3800.0
2002-06-12,0.27,0.27,0.26,0.27,,3800.0
2002-06-13,0.27,0.27,0.24,0.25,,12600.0
2002-06-14,0.25,0.26,0.25,0.26,,19500.0
2002-06-17,0.25,0.25,0.24,0.25,,1000.0
2002-06-18,0.25,0.27,0.25,0.26,,16300.0
2002-06-19,0.26,0.26,0.25,0.25,,2200.0
2002-06-20,0.25,0.25,0.25,0.25,,0.0
2002-06-21,0.26,0.26,0.25,0.25,,400.0
2002-06-24,0.25,0.25,0.25,0.25,,900.0
2002-06-25,0.25,0.26,0.25,0.26,,4900.0
2002-06-26,0.25,0.25,0.24,0.24,,4600.0
2002-06-27,0.24,0.24,0.24,0.24,,2800.0
2002-06-28,0.24,0.24,0.24,0.24,,2800.0
2002-07-01,0.24,0.24,0.24,0.24,,0.0
2002-07-02,0.24,0.24,0.22,0.22,,11100.0
2002-07-03,0.22,0.23,0.22,0.22,,24400.0
2002-07-05,0.22,0.23,0.22,0.23,,1600.0
2002-07-08,0.22,0.22,0.22,0.22,,1700.0
2002-07-09,0.22,0.23,0.22,0.23,,3600.0
2002-07-10,0.23,0.23,0.23,0.23,,1000.0
2002-07-11,0.22,0.22,0.22,0.22,,700.0
2002-07-12,0.22,0.24,0.22,0.24,,2400.0
2002-07-15,0.23,0.24,0.23,0.23,,18000.0
2002-07-16,0.23,0.25,0.23,0.25,,1200.0
2002-07-17,0.25,0.26,0.25,0.25,,11500.0
2002-07-18,0.24,0.26,0.24,0.26,,3400.0
2002-07-19,0.24,0.24,0.22,0.22,,5800.0
2002-07-22,0.22,0.23,0.21,0.22,,4300.0
2002-07-23,0.21,0.23,0.2,0.21,,24600.0
2002-07-24,0.2,0.26,0.2,0.24,,12200.0
2002-07-25,0.24,0.26,0.24,0.26,,3300.0
2002-07-26,0.25,0.25,0.25,0.25,,500.0
2002-07-29,0.26,0.27,0.24,0.26,,5700.0
2002-07-30,0.26,0.26,0.25,0.25,,5700.0
2002-07-31,0.24,0.25,0.24,0.25,,4100.0
2002-08-01,0.25,0.25,0.25,0.25,,2100.0
2002-08-02,0.24,0.24,0.24,0.24,,200.0
2002-08-05,0.25,0.25,0.24,0.25,,5400.0
2002-08-06,0.24,0.25,0.24,0.24,,7300.0
2002-08-07,0.24,0.24,0.23,0.24,,5000.0
2002-08-08,0.23,0.24,0.23,0.24,,9900.0
2002-08-09,0.24,0.24,0.24,0.24,,600.0
2002-08-12,0.24,0.27,0.24,0.27,,17000.0
2002-08-13,0.26,0.27,0.26,0.26,,2300.0
2002-08-14,0.26,0.26,0.26,0.26,,1500.0
2002-08-15,0.26,0.27,0.25,0.27,,1900.0
2002-08-16,0.27,0.27,0.26,0.27,,3300.0
2002-08-19,0.27,0.28,0.27,0.28,,17300.0
2002-08-20,0.28,0.29,0.27,0.27,,17200.0
2002-08-21,0.27,0.27,0.27,0.27,,2400.0
2002-08-22,0.27,0.27,0.27,0.27,,9800.0
2002-08-23,0.27,0.27,0.27,0.27,,9600.0
2002-08-26,0.27,0.27,0.27,0.27,,3500.0
2002-08-27,0.27,0.27,0.27,0.27,,4900.0
2002-08-28,0.27,0.27,0.27,0.27,,400.0
2002-08-29,0.27,0.27,0.26,0.26,,7700.0
2002-08-30,0.26,0.26,0.26,0.26,,800.0
2002-09-03,0.27,0.27,0.26,0.26,,5800.0
2002-09-04,0.26,0.26,0.26,0.26,,1400.0
2002-09-05,0.26,0.26,0.24,0.24,,5000.0
2002-09-06,0.24,0.24,0.23,0.24,,16800.0
2002-09-09,0.24,0.24,0.22,0.22,,17900.0
2002-09-10,0.22,0.22,0.22,0.22,,4500.0
2002-09-11,0.22,0.22,0.22,0.22,,7800.0
2002-09-12,0.22,0.23,0.22,0.23,,2700.0
2002-09-13,0.22,0.22,0.22,0.22,,1200.0
2002-09-16,0.22,0.24,0.22,0.24,,11700.0
2002-09-17,0.25,0.25,0.24,0.25,,5800.0
2002-09-18,0.25,0.25,0.23,0.24,,3900.0
2002-09-19,0.24,0.24,0.24,0.24,,6700.0
2002-09-20,0.24,0.24,0.24,0.24,,3100.0
2002-09-23,0.25,0.25,0.23,0.23,,2200.0
2002-09-24,0.23,0.24,0.23,0.23,,1500.0
2002-09-25,0.24,0.25,0.24,0.24,,2200.0
2002-09-26,0.25,0.25,0.25,0.25,,4100.0
2002-09-27,0.26,0.26,0.24,0.25,,5300.0
2002-09-30,0.25,0.25,0.24,0.25,,1100.0
2002-10-01,0.25,0.25,0.24,0.25,,32100.0
2002-10-02,0.24,0.24,0.24,0.24,,2800.0
2002-10-03,0.24,0.24,0.23,0.23,,1500.0
2002-10-04,0.23,0.23,0.2,0.2,,20200.0
2002-10-07,0.21,0.21,0.17,0.18,,30300.0
2002-10-08,0.18,0.18,0.15,0.16,,34200.0
2002-10-09,0.16,0.17,0.14,0.16,,25700.0
2002-10-10,0.15,0.19,0.15,0.16,,21300.0
2002-10-11,0.22,0.22,0.17,0.19,,27300.0
2002-10-14,0.2,0.2,0.19,0.19,,2100.0
2002-10-15,0.19,0.19,0.19,0.19,,6700.0
2002-10-16,0.19,0.19,0.17,0.18,,4900.0
2002-10-17,0.18,0.18,0.17,0.17,,12700.0
2002-10-18,0.17,0.18,0.17,0.17,,2400.0
2002-10-21,0.18,0.18,0.18,0.18,,5000.0
2002-10-22,0.18,0.18,0.17,0.18,,2000.0
2002-10-23,0.18,0.18,0.17,0.18,,1200.0
2002-10-24,0.17,0.18,0.17,0.18,,8400.0
2002-10-25,0.19,0.19,0.18,0.19,,3900.0
2002-10-28,0.18,0.18,0.18,0.18,,300.0
2002-10-29,0.19,0.22,0.19,0.2,,13000.0
2002-10-30,0.21,0.22,0.21,0.21,,4000.0
2002-10-31,0.21,0.21,0.21,0.21,,1400.0
2002-11-01,0.21,0.21,0.21,0.21,,10400.0
2002-11-04,0.21,0.21,0.21,0.21,,3100.0
2002-11-05,0.21,0.21,0.21,0.21,,6200.0
2002-11-06,0.2,0.21,0.2,0.21,,4000.0
2002-11-07,0.21,0.21,0.21,0.21,,2000.0
2002-11-08,0.21,0.21,0.2,0.2,,6100.0
2002-11-11,0.2,0.21,0.2,0.2,,3000.0
2002-11-12,0.2,0.2,0.19,0.2,,6100.0
2002-11-13,0.2,0.2,0.19,0.19,,1100.0
2002-11-14,0.19,0.2,0.19,0.2,,16600.0
2002-11-15,0.2,0.2,0.19,0.19,,1300.0
2002-11-18,0.2,0.2,0.2,0.2,,200.0
2002-11-19,0.2,0.2,0.19,0.19,,4700.0
2002-11-20,0.19,0.2,0.19,0.2,,800.0
2002-11-21,0.2,0.2,0.19,0.2,,5800.0
2002-11-22,0.2,0.21,0.19,0.21,,5000.0
2002-11-25,0.21,0.22,0.2,0.2,,13500.0
2002-11-26,0.21,0.21,0.21,0.21,,3500.0
2002-11-27,0.21,0.21,0.21,0.21,,3200.0
2002-11-29,0.22,0.22,0.21,0.21,,1000.0
2002-12-02,0.2,0.21,0.2,0.21,,4200.0
2002-12-03,0.2,0.2,0.2,0.2,,6800.0
2002-12-04,0.21,0.21,0.2,0.2,,7800.0
2002-12-05,0.2,0.2,0.2,0.2,,16800.0
2002-12-06,0.2,0.2,0.19,0.2,,1600.0
2002-12-09,0.2,0.21,0.2,0.21,,7600.0
2002-12-10,0.2,0.2,0.2,0.2,,800.0
2002-12-11,0.2,0.2,0.2,0.2,,400.0
2002-12-12,0.2,0.2,0.2,0.2,,100.0
2002-12-13,0.2,0.2,0.2,0.2,,700.0
2002-12-16,0.2,0.2,0.19,0.2,,7800.0
2002-12-17,0.19,0.2,0.19,0.19,,2900.0
2002-12-18,0.19,0.19,0.16,0.19,,20300.0
2002-12-19,0.18,0.19,0.18,0.19,,43400.0
2002-12-20,0.18,0.19,0.17,0.18,,2300.0
2002-12-23,0.18,0.19,0.18,0.19,,7400.0
2002-12-24,0.19,0.19,0.19,0.19,,1100.0
2002-12-26,0.19,0.19,0.19,0.19,,13600.0
2002-12-27,0.19,0.19,0.18,0.18,,3600.0
2002-12-30,0.18,0.2,0.18,0.19,,5900.0
2002-12-31,0.18,0.19,0.18,0.19,,10700.0
2003-01-02,0.18,0.19,0.18,0.19,,3500.0
2003-01-03,0.19,0.19,0.19,0.19,,4200.0
2003-01-06,0.2,0.21,0.2,0.21,,2100.0
2003-01-07,0.2,0.21,0.2,0.2,,7400.0
2003-01-08,0.21,0.21,0.21,0.21,,100.0
2003-01-09,0.21,0.21,0.21,0.21,,0.0
2003-01-10,0.2,0.21,0.2,0.2,,2700.0
2003-01-13,0.2,0.21,0.2,0.2,,3500.0
2003-01-14,0.2,0.21,0.2,0.21,,300.0
2003-01-15,0.21,0.21,0.2,0.2,,2100.0
2003-01-16,0.2,0.21,0.2,0.21,,4600.0
2003-01-17,0.21,0.21,0.21,0.21,,0.0
2003-01-21,0.21,0.25,0.21,0.23,,13800.0
2003-01-22,0.22,0.22,0.21,0.21,,1400.0
2003-01-23,0.21,0.22,0.21,0.22,,8900.0
2003-01-24,0.22,0.22,0.22,0.22,,300.0
2003-01-27,0.22,0.23,0.22,0.23,,2400.0
2003-01-28,0.23,0.23,0.22,0.22,,7600.0
2003-01-29,0.23,0.23,0.22,0.22,,3200.0
2003-01-30,0.23,0.23,0.23,0.23,,4800.0
2003-01-31,0.23,0.24,0.23,0.24,,7300.0
2003-02-03,0.24,0.25,0.24,0.25,,24100.0
2003-02-04,0.25,0.25,0.25,0.25,,12100.0
2003-02-05,0.25,0.25,0.25,0.25,,25300.0
2003-02-06,0.25,0.27,0.25,0.27,,16200.0
2003-02-07,0.26,0.27,0.26,0.26,,14100.0
2003-02-10,0.26,0.28,0.26,0.28,,44800.0
2003-02-11,0.28,0.28,0.26,0.26,,31400.0
2003-02-12,0.26,0.27,0.26,0.26,,3500.0
2003-02-13,0.27,0.27,0.26,0.26,,7400.0
2003-02-14,0.26,0.26,0.26,0.26,,10700.0
2003-02-18,0.26,0.26,0.26,0.26,,3100.0
2003-02-19,0.26,0.26,0.26,0.26,,66900.0
2003-02-20,0.26,0.27,0.26,0.27,,14800.0
2003-02-21,0.28,0.28,0.27,0.27,,5800.0
2003-02-24,0.26,0.27,0.26,0.26,,23600.0
2003-02-25,0.26,0.26,0.26,0.26,,2200.0
2003-02-26,0.26,0.26,0.22,0.25,,10000.0
2003-02-27,0.26,0.27,0.26,0.27,,9700.0
2003-02-28,0.27,0.27,0.25,0.26,,6900.0
2003-03-03,0.26,0.26,0.24,0.24,,3600.0
2003-03-04,0.24,0.24,0.23,0.23,,2100.0
2003-03-05,0.24,0.24,0.23,0.24,,4500.0
2003-03-06,0.23,0.23,0.23,0.23,,2000.0
2003-03-07,0.23,0.23,0.23,0.23,,1500.0
2003-03-10,0.23,0.23,0.23,0.23,,600.0
2003-03-11,0.23,0.23,0.22,0.22,,107400.0
2003-03-12,0.22,0.22,0.21,0.22,,7800.0
2003-03-13,0.22,0.22,0.22,0.22,,6300.0
2003-03-14,0.22,0.22,0.22,0.22,,6100.0
2003-03-17,0.22,0.22,0.22,0.22,,9500.0
2003-03-18,0.22,0.22,0.22,0.22,,12800.0
2003-03-19,0.22,0.22,0.22,0.22,,3700.0
2003-03-20,0.22,0.22,0.22,0.22,,3300.0
2003-03-21,0.22,0.23,0.22,0.22,,17100.0
2003-03-24,0.21,0.23,0.21,0.22,,17300.0
2003-03-25,0.22,0.23,0.22,0.23,,10100.0
2003-03-26,0.23,0.24,0.23,0.23,,21200.0
2003-03-27,0.23,0.23,0.23,0.23,,19500.0
2003-03-28,0.23,0.23,0.23,0.23,,5300.0
2003-03-31,0.23,0.23,0.23,0.23,,3900.0
2003-04-01,0.23,0.23,0.23,0.23,,8200.0
2003-04-02,0.23,0.24,0.23,0.24,,12900.0
2003-04-03,0.24,0.24,0.24,0.24,,4100.0
2003-04-04,0.24,0.24,0.24,0.24,,3900.0
2003-04-07,0.24,0.25,0.24,0.25,,7500.0
2003-04-08,0.24,0.25,0.24,0.24,,10000.0
2003-04-09,0.24,0.24,0.23,0.24,,3700.0
2003-04-10,0.23,0.23,0.23,0.23,,4300.0
2003-04-11,0.23,0.23,0.23,0.23,,20900.0
2003-04-14,0.24,0.24,0.23,0.24,,6700.0
2003-04-15,0.24,0.24,0.23,0.23,,2700.0
2003-04-16,0.23,0.24,0.23,0.24,,18200.0
2003-04-17,0.23,0.24,0.23,0.24,,12500.0
2003-04-21,0.24,0.25,0.24,0.25,,32900.0
2003-04-22,0.25,0.26,0.25,0.26,,5200.0
2003-04-23,0.26,0.26,0.26,0.26,,1800.0
2003-04-24,0.27,0.36,0.27,0.34,,205800.0
2003-04-25,0.34,0.34,0.31,0.31,,28500.0
2003-04-28,0.31,0.34,0.31,0.34,,56800.0
2003-04-29,0.33,0.34,0.32,0.34,,40500.0
2003-04-30,0.32,0.33,0.32,0.33,,65900.0
2003-05-01,0.33,0.33,0.32,0.32,,93200.0
2003-05-02,0.31,0.33,0.31,0.33,,25800.0
2003-05-05,0.34,0.34,0.32,0.33,,15300.0
2003-05-06,0.33,0.33,0.31,0.32,,14300.0
2003-05-07,0.32,0.34,0.31,0.33,,25000.0
2003-05-08,0.33,0.33,0.32,0.33,,6500.0
2003-05-09,0.33,0.34,0.33,0.34,,23900.0
2003-05-12,0.34,0.34,0.33,0.34,,35400.0
2003-05-13,0.34,0.38,0.34,0.37,,93900.0
2003-05-14,0.38,0.38,0.35,0.35,,30700.0
2003-05-15,0.35,0.35,0.34,0.34,,58900.0
2003-05-16,0.34,0.35,0.33,0.34,,14500.0
2003-05-19,0.36,0.36,0.34,0.35,,11400.0
2003-05-20,0.35,0.35,0.34,0.34,,20200.0
2003-05-21,0.34,0.34,0.32,0.34,,33000.0
2003-05-22,0.33,0.34,0.33,0.34,,36900.0
2003-05-23,0.34,0.34,0.34,0.34,,5700.0
2003-05-27,0.34,0.34,0.33,0.33,,14200.0
2003-05-28,0.33,0.35,0.33,0.35,,12400.0
2003-05-29,0.34,0.34,0.33,0.34,,3800.0
2003-05-30,0.34,0.35,0.33,0.35,,20500.0
2003-06-02,0.34,0.35,0.33,0.33,,7600.0
2003-06-03,0.33,0.35,0.33,0.35,,10400.0
2003-06-04,0.34,0.35,0.33,0.34,,16500.0
2003-06-05,0.35,0.37,0.34,0.36,,26400.0
2003-06-06,0.36,0.36,0.34,0.35,,10500.0
2003-06-09,0.36,0.36,0.35,0.36,,12500.0
2003-06-10,0.35,0.36,0.35,0.35,,5400.0
2003-06-11,0.35,0.36,0.35,0.36,,9900.0
2003-06-12,0.36,0.37,0.36,0.36,,8800.0
2003-06-13,0.36,0.36,0.36,0.36,,5500.0
2003-06-16,0.36,0.39,0.36,0.37,,34400.0
2003-06-17,0.37,0.37,0.29,0.36,,37200.0
2003-06-18,0.36,0.36,0.36,0.36,,7300.0
2003-06-19,0.36,0.37,0.36,0.36,,5400.0
2003-06-20,0.36,0.37,0.36,0.36,,17300.0
2003-06-23,0.36,0.37,0.35,0.35,,10300.0
2003-06-24,0.35,0.35,0.35,0.35,,0.0
2003-06-25,0.38,0.39,0.36,0.36,,33800.0
2003-06-26,0.36,0.36,0.35,0.36,,34000.0
2003-06-27,0.36,0.36,0.35,0.35,,40200.0
2003-06-30,0.35,0.36,0.35,0.36,,34800.0
2003-07-01,0.35,0.36,0.35,0.36,,25400.0
2003-07-02,0.35,0.36,0.35,0.36,,32400.0
2003-07-03,0.36,0.36,0.35,0.36,,1100.0
2003-07-07,0.35,0.36,0.35,0.36,,20100.0
2003-07-08,0.36,0.39,0.36,0.39,,40800.0
2003-07-09,0.38,0.41,0.38,0.4,,38700.0
2003-07-10,0.41,0.41,0.39,0.4,,12300.0
2003-07-11,0.39,0.4,0.39,0.39,,52500.0
2003-07-14,0.39,0.39,0.38,0.39,,57800.0
2003-07-15,0.39,0.39,0.39,0.39,,30100.0
2003-07-16,0.39,0.39,0.38,0.38,,67600.0
2003-07-17,0.38,0.38,0.36,0.36,,45400.0
2003-07-18,0.39,0.39,0.37,0.37,,19900.0
2003-07-21,0.37,0.37,0.37,0.37,,92700.0
2003-07-22,0.37,0.37,0.37,0.37,,46800.0
2003-07-23,0.37,0.37,0.36,0.37,,46200.0
2003-07-24,0.39,0.4,0.38,0.39,,91600.0
2003-07-25,0.38,0.39,0.38,0.38,,26200.0
2003-07-28,0.39,0.39,0.39,0.39,,50800.0
2003-07-29,0.39,0.39,0.39,0.39,,81600.0
2003-07-30,0.4,0.42,0.39,0.41,,90500.0
2003-07-31,0.43,0.48,0.42,0.45,,104600.0
2003-08-01,0.46,0.47,0.45,0.46,,49800.0
2003-08-04,0.45,0.46,0.44,0.45,,25900.0
2003-08-05,0.45,0.47,0.45,0.47,,11800.0
2003-08-06,0.47,0.47,0.45,0.46,,49700.0
2003-08-07,0.46,0.47,0.46,0.46,,4000.0
2003-08-08,0.47,0.47,0.46,0.47,,9000.0
2003-08-11,0.46,0.47,0.46,0.47,,20800.0
2003-08-12,0.47,0.49,0.47,0.49,,30500.0
2003-08-13,0.5,0.51,0.49,0.5,,41600.0
2003-08-14,0.52,0.52,0.51,0.51,,14400.0
2003-08-15,0.51,0.51,0.51,0.51,,3100.0
2003-08-18,0.53,0.53,0.51,0.53,,46800.0
2003-08-19,0.52,0.52,0.51,0.51,,12100.0
2003-08-20,0.52,0.52,0.49,0.51,,13600.0
2003-08-21,0.49,0.52,0.49,0.5,,9900.0
2003-08-22,0.49,0.5,0.49,0.5,,6600.0
2003-08-25,0.51,0.51,0.49,0.49,,6100.0
2003-08-26,0.5,0.51,0.49,0.49,,7400.0
2003-08-27,0.5,0.5,0.49,0.5,,8200.0
2003-08-28,0.5,0.51,0.5,0.51,,10100.0
2003-08-29,0.51,0.52,0.51,0.51,,5800.0
2003-09-02,0.51,0.52,0.51,0.52,,11200.0
2003-09-03,0.52,0.53,0.51,0.52,,54000.0
2003-09-04,0.51,0.53,0.51,0.53,,14800.0
2003-09-05,0.52,0.53,0.52,0.52,,33600.0
2003-09-08,0.53,0.53,0.5,0.52,,18400.0
2003-09-09,0.51,0.51,0.51,0.51,,47400.0
2003-09-10,0.51,0.53,0.5,0.53,,19900.0
2003-09-11,0.51,0.52,0.51,0.52,,1500.0
2003-09-12,0.52,0.53,0.52,0.52,,6200.0
2003-09-15,0.53,0.53,0.52,0.53,,37900.0
2003-09-16,0.53,0.58,0.52,0.56,,59300.0
2003-09-17,0.56,0.57,0.56,0.56,,16000.0
2003-09-18,0.57,0.57,0.56,0.56,,9300.0
2003-09-19,0.56,0.56,0.56,0.56,,10400.0
2003-09-22,0.56,0.56,0.56,0.56,,14000.0
2003-09-23,0.57,0.57,0.56,0.56,,9100.0
2003-09-24,0.56,0.56,0.56,0.56,,12400.0
2003-09-25,0.56,0.56,0.55,0.55,,5000.0
2003-09-26,0.56,0.56,0.55,0.55,,2900.0
2003-09-29,0.54,0.55,0.54,0.55,,11400.0
2003-09-30,0.54,0.56,0.54,0.56,,5200.0
2003-10-01,0.59,0.64,0.56,0.62,,222500.0
2003-10-02,0.66,0.66,0.63,0.66,,82900.0
2003-10-03,0.66,0.7,0.66,0.68,,128900.0
2003-10-06,0.77,0.8,0.72,0.76,,171200.0
2003-10-07,0.77,0.79,0.75,0.77,,119500.0
2003-10-08,0.81,0.83,0.78,0.78,,115000.0
2003-10-09,0.81,0.81,0.71,0.73,,206000.0
2003-10-10,0.79,0.79,0.73,0.76,,51300.0
2003-10-13,0.81,0.81,0.77,0.78,,51700.0
2003-10-14,0.8,0.8,0.78,0.79,,50600.0
2003-10-15,0.82,0.83,0.79,0.79,,61200.0
2003-10-16,0.79,0.79,0.76,0.78,,40400.0
2003-10-17,0.79,0.79,0.78,0.78,,24600.0
2003-10-20,0.8,0.8,0.78,0.78,,28500.0
2003-10-21,0.78,0.8,0.76,0.78,,32000.0
2003-10-22,0.8,0.81,0.79,0.8,,68800.0
2003-10-23,0.8,0.8,0.76,0.8,,66400.0
2003-10-24,0.78,0.8,0.75,0.77,,50700.0
2003-10-27,0.76,0.77,0.69,0.73,,95100.0
2003-10-28,0.72,0.73,0.72,0.72,,41500.0
2003-10-29,0.69,0.74,0.69,0.74,,99600.0
2003-10-30,0.75,0.77,0.74,0.77,,23300.0
2003-10-31,0.78,0.8,0.77,0.79,,55900.0
2003-11-03,0.8,0.85,0.8,0.84,,117600.0
2003-11-04,0.86,0.91,0.81,0.83,,190100.0
2003-11-05,0.84,0.84,0.83,0.84,,19100.0
2003-11-06,0.84,0.84,0.83,0.84,,22400.0
2003-11-07,0.82,0.83,0.78,0.82,,62100.0
2003-11-10,0.82,0.83,0.79,0.79,,40600.0
2003-11-11,0.79,0.81,0.73,0.78,,50900.0
2003-11-12,0.78,0.79,0.72,0.78,,54000.0
2003-11-13,0.75,0.8,0.75,0.8,,48400.0
2003-11-14,0.78,0.82,0.78,0.81,,24500.0
2003-11-17,0.81,0.81,0.8,0.81,,102100.0
2003-11-18,0.82,0.86,0.82,0.84,,97100.0
2003-11-19,0.85,0.85,0.83,0.85,,48800.0
2003-11-20,0.84,0.93,0.84,0.9,,117300.0
2003-11-21,0.92,0.94,0.91,0.94,,212600.0
2003-11-24,0.97,1.05,0.95,0.96,,494800.0
2003-11-25,1.0,1.0,0.95,0.96,,172300.0
2003-11-26,0.97,0.98,0.88,0.94,,208000.0
2003-11-28,0.95,0.95,0.89,0.93,,55900.0
2003-12-01,0.94,1.0,0.93,1.0,,272900.0
2003-12-02,1.03,1.08,1.01,1.06,,403600.0
2003-12-03,1.09,1.17,0.97,1.04,,547800.0
2003-12-04,1.08,1.08,0.97,1.03,,233700.0
2003-12-05,0.96,1.06,0.95,1.06,,132800.0
2003-12-08,1.08,1.11,1.07,1.1,,150000.0
2003-12-09,1.12,1.12,1.06,1.07,,139800.0
2003-12-10,1.02,1.06,0.94,0.96,,371300.0
2003-12-11,0.93,1.04,0.92,0.98,,164900.0
2003-12-12,0.99,1.0,0.98,1.0,,120500.0
2003-12-15,1.05,1.06,1.01,1.03,,159100.0
2003-12-16,1.03,1.07,1.03,1.03,,103900.0
2003-12-17,1.03,1.03,0.98,1.03,,148700.0
2003-12-18,1.03,1.03,1.0,1.02,,74800.0
2003-12-19,1.03,1.16,1.02,1.15,,926200.0
2003-12-22,1.16,1.16,1.07,1.1,,472000.0
2003-12-23,1.06,1.1,1.06,1.08,,206300.0
2003-12-24,1.11,1.11,1.08,1.09,,46500.0
2003-12-26,1.09,1.09,1.08,1.09,,47200.0
2003-12-29,1.1,1.19,1.09,1.16,,342400.0
2003-12-30,1.21,1.22,1.1,1.13,,270900.0
2003-12-31,1.13,1.15,1.12,1.14,,74000.0
2004-01-02,1.18,1.18,1.14,1.15,,156800.0
2004-01-05,1.19,1.19,1.12,1.14,,181000.0
2004-01-06,1.07,1.1,1.07,1.07,,344800.0
2004-01-07,1.07,1.09,1.07,1.07,,95400.0
2004-01-08,1.07,1.08,0.98,1.0,,387700.0
2004-01-09,0.94,1.0,0.94,0.98,,367200.0
2004-01-12,0.96,1.01,0.96,1.0,,227600.0
2004-01-13,1.02,1.02,0.97,1.0,,157500.0
2004-01-14,1.08,1.08,1.01,1.05,,282000.0
2004-01-15,1.11,1.18,1.07,1.15,,882800.0
2004-01-16,1.18,1.28,1.16,1.27,,904300.0
2004-01-20,1.31,1.41,1.27,1.36,,1050100.0
2004-01-21,1.34,1.38,1.27,1.37,,469900.0
2004-01-22,1.39,1.39,1.31,1.32,,331600.0
2004-01-23,1.31,1.32,1.26,1.3,,154200.0
2004-01-26,1.34,1.35,1.29,1.3,,201700.0
2004-01-27,1.28,1.3,1.24,1.27,,300000.0
2004-01-28,1.25,1.27,1.21,1.23,,197200.0
2004-01-29,1.22,1.33,1.12,1.2,,293100.0
2004-01-30,1.13,1.21,1.13,1.18,,131400.0
2004-02-02,1.19,1.23,1.18,1.2,,163200.0
2004-02-03,1.23,1.23,1.17,1.19,,189800.0
2004-02-04,1.18,1.2,1.15,1.2,,142100.0
2004-02-05,1.17,1.3,1.17,1.29,,269200.0
2004-02-06,1.33,1.33,1.26,1.29,,223900.0
2004-02-09,1.31,1.31,1.27,1.3,,146600.0
2004-02-10,1.31,1.33,1.29,1.3,,133200.0
2004-02-11,1.31,1.32,1.29,1.29,,106400.0
2004-02-12,1.3,1.3,1.27,1.29,,87000.0
2004-02-13,1.31,1.36,1.28,1.3,,134000.0
2004-02-17,1.33,1.33,1.28,1.3,,107400.0
2004-02-18,1.3,1.39,1.29,1.35,,268600.0
2004-02-19,1.37,1.39,1.33,1.34,,295600.0
2004-02-20,1.33,1.36,1.32,1.33,,139800.0
2004-02-23,1.34,1.34,1.31,1.32,,117100.0
2004-02-24,1.31,1.32,1.23,1.3,,157300.0
2004-02-25,1.29,1.35,1.29,1.35,,142500.0
2004-02-26,1.41,1.49,1.35,1.49,,1350800.0
2004-02-27,1.52,1.53,1.43,1.46,,493600.0
2004-03-01,1.52,1.54,1.46,1.54,,276200.0
2004-03-02,1.55,1.55,1.47,1.5,,181500.0
2004-03-03,1.4,1.44,1.33,1.42,,521700.0
2004-03-04,1.4,1.43,1.36,1.39,,252000.0
2004-03-05,1.37,1.41,1.37,1.38,,213000.0
2004-03-08,1.41,1.41,1.37,1.39,,257900.0
2004-03-09,1.41,1.43,1.38,1.4,,219800.0
2004-03-10,1.42,1.43,1.37,1.38,,237700.0
2004-03-11,1.35,1.45,1.35,1.38,,221500.0
2004-03-12,1.35,1.41,1.33,1.38,,156700.0
2004-03-15,1.36,1.39,1.3,1.32,,192400.0
2004-03-16,1.3,1.35,1.24,1.28,,249000.0
2004-03-17,1.27,1.35,1.27,1.33,,210500.0
2004-03-18,1.31,1.39,1.31,1.39,,173400.0
2004-03-19,1.35,1.42,1.35,1.41,,183300.0
2004-03-22,1.42,1.42,1.33,1.37,,231600.0
2004-03-23,1.4,1.41,1.36,1.37,,107200.0
2004-03-24,1.39,1.39,1.37,1.39,,82400.0
2004-03-25,1.36,1.39,1.31,1.37,,275100.0
2004-03-26,1.39,1.4,1.34,1.39,,71900.0
2004-03-29,1.38,1.42,1.36,1.39,,184700.0
2004-03-30,1.37,1.42,1.37,1.39,,82600.0
2004-03-31,1.38,1.47,1.38,1.44,,422300.0
2004-04-01,1.47,1.47,1.38,1.41,,219300.0
2004-04-02,1.44,1.45,1.41,1.42,,150000.0
2004-04-05,1.45,1.46,1.43,1.46,,193900.0
2004-04-06,1.46,1.46,1.39,1.39,,163700.0
2004-04-07,1.37,1.45,1.37,1.45,,137800.0
2004-04-08,1.45,1.45,1.4,1.4,,142100.0
2004-04-12,1.45,1.59,1.43,1.58,,1202500.0
2004-04-13,1.65,1.67,1.54,1.59,,983600.0
2004-04-14,1.61,1.64,1.48,1.57,,496500.0
2004-04-15,1.65,1.68,1.58,1.62,,670700.0
2004-04-16,1.6,1.7,1.6,1.66,,521500.0
2004-04-19,1.71,1.72,1.61,1.68,,461000.0
2004-04-20,1.71,1.71,1.61,1.64,,295200.0
2004-04-21,1.65,1.65,1.6,1.61,,270300.0
2004-04-22,1.6,1.7,1.6,1.66,,228200.0
2004-04-23,1.71,1.73,1.63,1.68,,118000.0
2004-04-26,1.69,1.69,1.62,1.66,,186700.0
2004-04-27,1.66,1.67,1.53,1.57,,413700.0
2004-04-28,1.57,1.64,1.57,1.59,,209300.0
2004-04-29,1.59,1.61,1.55,1.57,,234800.0
2004-04-30,1.55,1.57,1.48,1.49,,501700.0
2004-05-03,1.47,1.53,1.47,1.49,,256000.0
2004-05-04,1.51,1.61,1.49,1.56,,510800.0
2004-05-05,1.6,1.63,1.58,1.62,,225100.0
2004-05-06,1.62,1.62,1.55,1.57,,162000.0
2004-05-07,1.58,1.58,1.4,1.44,,424800.0
2004-05-10,1.35,1.43,1.35,1.37,,439800.0
2004-05-11,1.33,1.43,1.33,1.39,,265400.0
2004-05-12,1.38,1.42,1.33,1.4,,331400.0
2004-05-13,1.36,1.37,1.31,1.31,,1972300.0
2004-05-14,1.3,1.32,1.24,1.28,,953300.0
2004-05-17,1.26,1.32,1.26,1.3,,380800.0
2004-05-18,1.31,1.33,1.28,1.3,,411100.0
2004-05-19,1.32,1.34,1.31,1.32,,366200.0
2004-05-20,1.31,1.32,1.28,1.28,,122100.0
2004-05-21,1.28,1.3,1.27,1.27,,277500.0
2004-05-24,1.34,1.35,1.31,1.31,,314300.0
2004-05-25,1.33,1.37,1.3,1.37,,229300.0
2004-05-26,1.4,1.4,1.36,1.38,,247400.0
2004-05-27,1.39,1.39,1.33,1.36,,158200.0
2004-05-28,1.36,1.39,1.35,1.39,,104000.0
2004-06-01,1.38,1.39,1.31,1.36,,210600.0
2004-06-02,1.35,1.37,1.32,1.37,,193600.0
2004-06-03,1.35,1.37,1.33,1.34,,97200.0
2004-06-04,1.34,1.39,1.34,1.36,,231100.0
2004-06-07,1.35,1.37,1.33,1.34,,108100.0
2004-06-08,1.33,1.36,1.32,1.36,,400200.0
2004-06-09,1.36,1.37,1.35,1.36,,120900.0
2004-06-10,1.37,1.4,1.36,1.4,,194000.0
2004-06-14,1.4,1.4,1.38,1.38,,198400.0
2004-06-15,1.38,1.4,1.38,1.4,,129600.0
2004-06-16,1.4,1.45,1.4,1.44,,192800.0
2004-06-17,1.45,1.45,1.4,1.41,,165600.0
2004-06-18,1.41,1.43,1.4,1.42,,108400.0
2004-06-21,1.42,1.42,1.37,1.39,,81400.0
2004-06-22,1.37,1.41,1.37,1.4,,109600.0
2004-06-23,1.4,1.44,1.4,1.43,,164800.0
2004-06-24,1.43,1.48,1.39,1.46,,203800.0
2004-06-25,1.45,1.5,1.45,1.49,,812300.0
2004-06-28,1.5,1.6,1.48,1.57,,586000.0
2004-06-29,1.57,1.59,1.52,1.56,,412500.0
2004-06-30,1.57,1.66,1.57,1.64,,389200.0
2004-07-01,1.67,1.68,1.62,1.66,,381800.0
2004-07-02,1.66,1.67,1.63,1.64,,104100.0
2004-07-06,1.66,1.66,1.56,1.6,,219400.0
2004-07-07,1.59,1.7,1.59,1.65,,419100.0
2004-07-08,1.64,1.64,1.52,1.53,,333300.0
2004-07-09,1.59,1.59,1.54,1.56,,241300.0
2004-07-12,1.58,1.58,1.55,1.57,,106700.0
2004-07-13,1.58,1.67,1.55,1.65,,292800.0
2004-07-14,1.64,1.65,1.53,1.56,,676600.0
2004-07-15,1.56,1.57,1.48,1.5,,479300.0
2004-07-16,1.49,1.53,1.48,1.5,,292700.0
2004-07-19,1.48,1.51,1.47,1.51,,229100.0
2004-07-20,1.51,1.6,1.5,1.58,,314400.0
2004-07-21,1.59,1.61,1.53,1.58,,386500.0
2004-07-22,1.66,1.67,1.42,1.54,,1535400.0
2004-07-23,1.51,1.52,1.46,1.52,,413600.0
2004-07-26,1.51,1.55,1.51,1.54,,175300.0
2004-07-27,1.54,1.59,1.54,1.58,,175400.0
2004-07-28,1.6,1.6,1.55,1.59,,259000.0
2004-07-29,1.58,1.62,1.58,1.61,,310400.0
2004-07-30,1.62,1.64,1.62,1.62,,262500.0
2004-08-02,1.62,1.74,1.61,1.73,,1236900.0
2004-08-03,1.76,1.78,1.61,1.62,,1020000.0
2004-08-04,1.61,1.7,1.56,1.67,,651000.0
2004-08-05,1.68,1.69,1.59,1.64,,317500.0
2004-08-06,1.61,1.63,1.51,1.55,,594600.0
2004-08-09,1.56,1.58,1.52,1.55,,169000.0
2004-08-10,1.59,1.66,1.58,1.66,,404800.0
2004-08-11,1.65,1.7,1.63,1.69,,401100.0
2004-08-12,1.68,1.69,1.64,1.66,,179200.0
2004-08-13,1.67,1.67,1.53,1.56,,444400.0
2004-08-16,1.59,1.63,1.56,1.62,,216400.0
2004-08-17,1.62,1.64,1.58,1.59,,228300.0
2004-08-18,1.58,1.73,1.57,1.72,,482900.0
2004-08-19,1.74,1.74,1.66,1.69,,283100.0
2004-08-20,1.69,1.7,1.63,1.64,,318300.0
2004-08-23,1.65,1.66,1.62,1.62,,110900.0
2004-08-24,1.63,1.66,1.6,1.61,,178300.0
2004-08-25,1.61,1.66,1.58,1.66,,209700.0
2004-08-26,1.67,1.68,1.62,1.66,,450400.0
2004-08-27,1.69,1.69,1.61,1.65,,408100.0
2004-08-30,1.65,1.66,1.63,1.66,,207900.0
2004-08-31,1.65,1.66,1.6,1.63,,210200.0
2004-09-01,1.63,1.67,1.61,1.65,,273300.0
2004-09-02,1.66,1.66,1.62,1.64,,272100.0
2004-09-03,1.64,1.65,1.63,1.63,,149500.0
2004-09-07,1.64,1.85,1.64,1.85,,1356300.0
2004-09-08,1.87,1.91,1.79,1.8,,836400.0
2004-09-09,1.81,1.86,1.71,1.8,,598900.0
2004-09-10,1.82,1.84,1.78,1.84,,174500.0
2004-09-13,1.84,1.91,1.83,1.83,,290400.0
2004-09-14,1.86,1.86,1.81,1.84,,224200.0
2004-09-15,1.82,1.84,1.75,1.84,,229800.0
2004-09-16,1.87,1.92,1.82,1.91,,306400.0
2004-09-17,1.93,1.94,1.91,1.93,,407700.0
2004-09-20,1.93,1.94,1.82,1.84,,273600.0
2004-09-21,1.84,1.87,1.79,1.82,,264400.0
2004-09-22,1.84,1.85,1.81,1.83,,182800.0
2004-09-23,1.77,1.78,1.68,1.71,,892700.0
2004-09-24,1.69,1.76,1.64,1.72,,498700.0
2004-09-27,1.72,1.76,1.71,1.74,,280700.0
2004-09-28,1.74,1.76,1.71,1.75,,388400.0
2004-09-29,1.75,1.79,1.73,1.78,,262700.0
2004-09-30,1.77,1.9,1.77,1.89,,631200.0
2004-10-01,1.87,1.89,1.83,1.85,,379000.0
2004-10-04,1.85,1.89,1.85,1.86,,412400.0
2004-10-05,1.87,1.98,1.85,1.91,,880000.0
2004-10-06,1.91,1.96,1.84,1.86,,369000.0
2004-10-07,1.84,1.88,1.82,1.83,,148800.0
2004-10-08,1.83,1.91,1.83,1.86,,262200.0
2004-10-11,1.86,1.86,1.76,1.78,,545400.0
2004-10-12,1.78,1.85,1.76,1.85,,325900.0
2004-10-13,1.85,1.88,1.79,1.87,,169200.0
2004-10-14,1.85,1.91,1.82,1.88,,187400.0
2004-10-15,1.88,1.93,1.86,1.92,,300600.0
2004-10-18,1.94,2.02,1.93,1.97,,701500.0
2004-10-19,2.02,2.02,1.92,1.93,,276500.0
2004-10-20,1.93,1.99,1.91,1.97,,332800.0
2004-10-21,2.07,2.13,1.86,2.11,,1972600.0
2004-10-22,2.12,2.18,2.08,2.18,,578900.0
2004-10-25,2.17,2.23,2.14,2.17,,612800.0
2004-10-26,2.2,2.2,2.05,2.09,,791800.0
2004-10-27,2.08,2.15,2.05,2.12,,522800.0
2004-10-28,2.13,2.19,2.13,2.18,,312400.0
2004-10-29,2.19,2.19,2.07,2.1,,333600.0
2004-11-01,2.09,2.2,2.09,2.19,,313600.0
2004-11-02,2.22,2.24,2.14,2.16,,474300.0
2004-11-03,2.21,2.24,2.09,2.15,,451300.0
2004-11-04,2.14,2.2,2.13,2.18,,262800.0
2004-11-05,2.22,2.33,2.19,2.27,,324300.0
2004-11-08,2.33,2.35,2.31,2.32,,484300.0
2004-11-09,2.33,2.37,2.22,2.27,,430700.0
2004-11-10,2.3,2.32,2.24,2.25,,292900.0
2004-11-11,2.26,2.29,2.23,2.27,,205400.0
2004-11-12,2.29,2.31,2.27,2.31,,201700.0
2004-11-15,2.31,2.34,2.29,2.32,,255600.0
2004-11-16,2.34,2.34,2.3,2.33,,167300.0
2004-11-17,2.34,2.39,2.24,2.26,,407000.0
2004-11-18,2.26,2.34,2.24,2.33,,289500.0
2004-11-19,2.31,2.33,2.24,2.24,,237400.0
2004-11-22,2.25,2.27,2.15,2.19,,444800.0
2004-11-23,2.19,2.3,2.18,2.3,,219400.0
2004-11-24,2.31,2.37,2.28,2.35,,202900.0
2004-11-26,2.33,2.45,2.33,2.43,,180500.0
2004-11-29,2.47,2.47,2.44,2.45,,440400.0
2004-11-30,2.47,2.47,2.38,2.42,,396800.0
2004-12-01,2.44,2.53,2.42,2.51,,297700.0
2004-12-02,2.53,2.59,2.51,2.58,,301000.0
2004-12-03,2.61,2.64,2.58,2.62,,228300.0
2004-12-06,2.64,2.64,2.55,2.61,,360800.0
2004-12-07,2.63,2.64,2.5,2.5,,312200.0
2004-12-08,2.37,2.42,2.32,2.42,,800800.0
2004-12-09,2.34,2.41,2.34,2.37,,240600.0
2004-12-10,2.39,2.42,2.36,2.39,,218700.0
2004-12-13,2.39,2.53,2.37,2.5,,551200.0
2004-12-14,2.59,2.62,2.46,2.5,,418400.0
2004-12-15,2.53,2.53,2.42,2.45,,370000.0
2004-12-16,2.47,2.47,2.41,2.42,,301400.0
2004-12-17,2.41,2.45,2.39,2.4,,234700.0
2004-12-20,2.44,2.51,2.41,2.48,,314600.0
2004-12-21,2.5,2.52,2.47,2.5,,200800.0
2004-12-22,2.52,2.52,2.43,2.44,,183200.0
2004-12-23,2.45,2.58,2.45,2.56,,325300.0
2004-12-27,2.58,2.73,2.57,2.67,,645600.0
2004-12-28,2.69,2.7,2.63,2.66,,332000.0
2004-12-29,2.67,2.68,2.65,2.65,,125400.0
2004-12-30,2.66,2.67,2.56,2.56,,258200.0
2004-12-31,2.56,2.62,2.56,2.61,,271500.0
2005-01-03,2.62,2.62,2.45,2.52,,964700.0
2005-01-04,2.51,2.61,2.51,2.52,,270200.0
2005-01-05,2.51,2.54,2.42,2.49,,508100.0
2005-01-06,2.48,2.49,2.3,2.31,,964700.0
2005-01-07,2.28,2.39,2.28,2.35,,563100.0
2005-01-10,2.43,2.43,2.13,2.2,,2345300.0
2005-01-11,2.18,2.26,2.17,2.21,,696000.0
2005-01-12,2.23,2.23,2.14,2.2,,431600.0
2005-01-13,2.19,2.38,2.19,2.26,,996200.0
2005-01-14,2.27,2.3,2.25,2.26,,505900.0
2005-01-18,2.28,2.37,2.26,2.36,,399700.0
2005-01-19,2.38,2.39,2.26,2.28,,506500.0
2005-01-20,2.29,2.29,2.24,2.24,,351600.0
2005-01-21,2.27,2.27,2.14,2.17,,645600.0
2005-01-24,2.18,2.2,1.98,2.03,,1154200.0
2005-01-25,2.03,2.04,1.96,1.99,,764000.0
2005-01-26,2.1,2.13,2.05,2.06,,1010800.0
2005-01-27,2.07,2.18,2.05,2.16,,747800.0
2005-01-28,2.18,2.18,2.08,2.1,,276100.0
2005-01-31,2.19,2.19,2.11,2.15,,386900.0
2005-02-01,2.16,2.19,2.14,2.18,,267600.0
2005-02-02,2.19,2.21,2.16,2.18,,418900.0
2005-02-03,2.19,2.19,2.15,2.17,,157800.0
2005-02-04,2.16,2.22,2.16,2.21,,249000.0
2005-02-07,2.22,2.3,2.21,2.28,,389000.0
2005-02-08,2.3,2.37,2.29,2.36,,607900.0
2005-02-09,2.36,2.37,2.27,2.27,,343900.0
2005-02-10,2.27,2.33,2.27,2.3,,197900.0
2005-02-11,2.3,2.37,2.28,2.32,,310900.0
2005-02-14,2.27,2.35,2.25,2.28,,253200.0
2005-02-15,2.26,2.27,2.21,2.24,,239800.0
2005-02-16,2.22,2.28,2.22,2.25,,115300.0
2005-02-17,2.26,2.26,2.2,2.21,,167200.0
2005-02-18,2.2,2.22,2.19,2.2,,565900.0
2005-02-22,2.11,2.19,2.09,2.16,,567800.0
2005-02-23,2.16,2.29,2.16,2.28,,666800.0
2005-02-24,2.5,2.52,2.18,2.29,,4108500.0
2005-02-25,2.31,2.33,2.26,2.28,,729200.0
2005-02-28,2.3,2.32,2.24,2.28,,470300.0
2005-03-01,2.29,2.29,2.2,2.21,,662000.0
2005-03-02,2.22,2.24,2.2,2.22,,273800.0
2005-03-03,2.22,2.24,2.2,2.21,,264700.0
2005-03-04,2.22,2.26,2.21,2.22,,330900.0
2005-03-07,2.22,2.28,2.22,2.25,,335100.0
2005-03-08,2.26,2.26,2.17,2.2,,279600.0
2005-03-09,2.2,2.21,2.13,2.18,,382300.0
2005-03-10,2.18,2.19,2.14,2.14,,238400.0
2005-03-11,2.14,2.18,2.12,2.13,,245200.0
2005-03-14,2.15,2.16,2.09,2.11,,306800.0
2005-03-15,2.14,2.2,2.14,2.18,,602400.0
2005-03-16,2.18,2.22,2.16,2.2,,462700.0
2005-03-17,2.21,2.21,2.16,2.17,,274200.0
2005-03-18,2.16,2.18,2.14,2.16,,239100.0
2005-03-21,2.16,2.16,2.1,2.12,,241900.0
2005-03-22,2.13,2.14,2.1,2.1,,247000.0
2005-03-23,2.1,2.1,2.04,2.06,,180300.0
2005-03-24,2.06,2.1,2.06,2.06,,166600.0
2005-03-28,2.06,2.07,1.98,2.02,,552700.0
2005-03-29,2.02,2.05,1.93,1.94,,412000.0
2005-03-30,1.94,1.99,1.94,1.98,,359500.0
2005-03-31,1.98,1.99,1.96,1.99,,365400.0
2005-04-01,1.99,1.99,1.93,1.94,,272300.0
2005-04-04,1.94,1.94,1.87,1.9,,391600.0
2005-04-05,1.9,1.91,1.85,1.89,,519000.0
2005-04-06,1.89,1.95,1.88,1.93,,503400.0
2005-04-07,1.93,1.94,1.91,1.93,,194900.0
2005-04-08,1.92,1.94,1.91,1.92,,134400.0
2005-04-11,1.92,1.93,1.89,1.9,,151200.0
2005-04-12,1.9,1.91,1.86,1.91,,426400.0
2005-04-13,1.98,2.0,1.93,1.94,,778200.0
2005-04-14,1.95,1.95,1.91,1.93,,464600.0
2005-04-15,1.93,1.95,1.9,1.91,,430700.0
2005-04-18,1.92,1.92,1.84,1.86,,405100.0
2005-04-19,1.89,1.93,1.87,1.91,,367500.0
2005-04-20,1.92,1.99,1.89,1.9,,557400.0
2005-04-21,1.68,1.68,1.43,1.44,,7547700.0
2005-04-22,1.43,1.48,1.4,1.43,,1346700.0
2005-04-25,1.44,1.45,1.32,1.34,,971600.0
2005-04-26,1.33,1.34,1.28,1.29,,1133000.0
2005-04-27,1.29,1.36,1.28,1.31,,697700.0
2005-04-28,1.31,1.31,1.22,1.23,,885800.0
2005-04-29,1.23,1.24,1.16,1.17,,1325100.0
2005-05-02,1.19,1.28,1.18,1.27,,1539800.0
2005-05-03,1.26,1.31,1.24,1.31,,880500.0
2005-05-04,1.31,1.38,1.3,1.38,,890800.0
2005-05-05,1.39,1.42,1.38,1.39,,927800.0
2005-05-06,1.4,1.41,1.37,1.39,,566400.0
2005-05-09,1.39,1.39,1.37,1.38,,465900.0
2005-05-10,1.37,1.38,1.32,1.34,,449000.0
2005-05-11,1.33,1.37,1.32,1.33,,301300.0
2005-05-12,1.34,1.34,1.27,1.29,,477900.0
2005-05-13,1.29,1.29,1.24,1.25,,540200.0
2005-05-16,1.26,1.27,1.21,1.22,,629200.0
2005-05-17,1.22,1.23,1.17,1.19,,1145100.0
2005-05-18,1.19,1.29,1.19,1.24,,887400.0
2005-05-19,1.24,1.27,1.24,1.26,,479600.0
2005-05-20,1.26,1.26,1.22,1.22,,653500.0
2005-05-23,1.22,1.24,1.19,1.22,,892200.0
2005-05-24,1.23,1.24,1.2,1.21,,681900.0
2005-05-25,1.22,1.3,1.21,1.24,,868500.0
2005-05-26,1.27,1.37,1.23,1.31,,2009900.0
2005-05-27,1.35,1.35,1.31,1.32,,554300.0
2005-05-31,1.35,1.36,1.33,1.35,,440400.0
2005-06-01,1.36,1.36,1.31,1.32,,593300.0
2005-06-02,1.32,1.34,1.28,1.3,,515300.0
2005-06-03,1.25,1.26,1.17,1.21,,2362200.0
2005-06-06,1.22,1.23,1.21,1.22,,704000.0
2005-06-07,1.24,1.36,1.24,1.32,,1399500.0
2005-06-08,1.32,1.34,1.28,1.31,,882400.0
2005-06-09,1.31,1.34,1.29,1.33,,484100.0
2005-06-10,1.33,1.38,1.33,1.36,,705600.0
2005-06-13,1.35,1.36,1.32,1.33,,386100.0
2005-06-14,1.32,1.35,1.31,1.33,,289100.0
2005-06-15,1.35,1.35,1.3,1.34,,395100.0
2005-06-16,1.34,1.36,1.33,1.34,,316900.0
2005-06-17,1.35,1.36,1.33,1.36,,478400.0
2005-06-20,1.36,1.36,1.32,1.33,,488300.0
2005-06-21,1.33,1.36,1.33,1.36,,540400.0
2005-06-22,1.36,1.45,1.35,1.44,,1430600.0
2005-06-23,1.45,1.45,1.36,1.4,,692500.0
2005-06-24,1.4,1.41,1.36,1.39,,655800.0
2005-06-27,1.39,1.4,1.34,1.35,,387100.0
2005-06-28,1.35,1.4,1.35,1.39,,472200.0
2005-06-29,1.4,1.4,1.37,1.39,,318800.0
2005-06-30,1.4,1.4,1.36,1.37,,263500.0
2005-07-01,1.37,1.38,1.34,1.38,,266500.0
2005-07-05,1.38,1.41,1.36,1.39,,299500.0
2005-07-06,1.39,1.4,1.36,1.36,,253500.0
2005-07-07,1.36,1.42,1.35,1.4,,322100.0
2005-07-08,1.4,1.44,1.4,1.43,,333700.0
2005-07-11,1.43,1.44,1.42,1.43,,201000.0
2005-07-12,1.43,1.47,1.43,1.45,,559400.0
2005-07-13,1.45,1.47,1.43,1.44,,378200.0
2005-07-14,1.44,1.44,1.43,1.43,,170500.0
2005-07-15,1.43,1.44,1.41,1.42,,142100.0
2005-07-18,1.42,1.43,1.39,1.41,,284300.0
2005-07-19,1.41,1.44,1.41,1.43,,444100.0
2005-07-20,1.43,1.51,1.42,1.49,,962900.0
2005-07-21,1.66,1.67,1.41,1.53,,3681900.0
2005-07-22,1.55,1.57,1.54,1.57,,706000.0
2005-07-25,1.57,1.58,1.55,1.55,,470600.0
2005-07-26,1.54,1.56,1.52,1.53,,482900.0
2005-07-27,1.53,1.56,1.52,1.56,,338200.0
2005-07-28,1.56,1.57,1.55,1.56,,380400.0
2005-07-29,1.56,1.57,1.55,1.56,,420200.0
2005-08-01,1.56,1.59,1.56,1.58,,365000.0
2005-08-02,1.59,1.59,1.56,1.58,,230700.0
2005-08-03,1.57,1.6,1.56,1.58,,421200.0
2005-08-04,1.57,1.58,1.5,1.52,,549900.0
2005-08-05,1.52,1.52,1.47,1.5,,469700.0
2005-08-08,1.5,1.5,1.43,1.44,,755400.0
2005-08-09,1.45,1.46,1.43,1.45,,466900.0
2005-08-10,1.44,1.47,1.39,1.41,,636600.0
2005-08-11,1.4,1.44,1.4,1.42,,289200.0
2005-08-12,1.41,1.45,1.4,1.44,,456400.0
2005-08-15,1.44,1.45,1.42,1.45,,320700.0
2005-08-16,1.44,1.45,1.42,1.44,,258700.0
2005-08-17,1.43,1.46,1.43,1.43,,293600.0
2005-08-18,1.44,1.45,1.4,1.42,,301100.0
2005-08-19,1.41,1.41,1.4,1.41,,319900.0
2005-08-22,1.4,1.41,1.36,1.4,,659900.0
2005-08-23,1.4,1.4,1.38,1.39,,392500.0
2005-08-24,1.39,1.4,1.36,1.37,,250500.0
2005-08-25,1.37,1.37,1.34,1.35,,425300.0
2005-08-26,1.35,1.36,1.33,1.33,,277100.0
2005-08-29,1.33,1.33,1.3,1.32,,373900.0
2005-08-30,1.31,1.33,1.3,1.3,,256000.0
2005-08-31,1.3,1.31,1.29,1.29,,196100.0
2005-09-01,1.29,1.37,1.29,1.31,,446500.0
2005-09-02,1.32,1.35,1.31,1.33,,279800.0
2005-09-06,1.33,1.39,1.33,1.39,,404400.0
2005-09-07,1.39,1.41,1.35,1.37,,353100.0
2005-09-08,1.36,1.4,1.36,1.39,,213500.0
2005-09-09,1.39,1.4,1.37,1.38,,136100.0
2005-09-12,1.37,1.41,1.37,1.4,,169400.0
2005-09-13,1.39,1.39,1.35,1.36,,189100.0
2005-09-14,1.35,1.36,1.3,1.31,,436200.0
2005-09-15,1.31,1.34,1.3,1.31,,202900.0
2005-09-16,1.32,1.33,1.28,1.3,,306500.0
2005-09-19,1.3,1.35,1.3,1.32,,270700.0
2005-09-20,1.32,1.34,1.28,1.28,,293700.0
2005-09-21,1.28,1.28,1.2,1.21,,657100.0
2005-09-22,1.21,1.26,1.21,1.25,,505100.0
2005-09-23,1.25,1.29,1.24,1.29,,234600.0
2005-09-26,1.31,1.32,1.28,1.3,,204000.0
2005-09-27,1.3,1.35,1.3,1.32,,238900.0
2005-09-28,1.33,1.35,1.31,1.34,,328300.0
2005-09-29,1.34,1.36,1.33,1.35,,168000.0
2005-09-30,1.34,1.37,1.32,1.34,,292200.0
2005-10-03,1.33,1.34,1.31,1.31,,367700.0
2005-10-04,1.33,1.33,1.29,1.33,,117200.0
2005-10-05,1.32,1.32,1.27,1.27,,306000.0
2005-10-06,1.27,1.28,1.25,1.26,,426100.0
2005-10-07,1.27,1.28,1.24,1.25,,453800.0
2005-10-10,1.24,1.3,1.23,1.24,,294200.0
2005-10-11,1.28,1.29,1.17,1.19,,919000.0
2005-10-12,1.18,1.21,1.13,1.17,,610900.0
2005-10-13,1.17,1.18,1.1,1.12,,670700.0
2005-10-14,1.12,1.16,1.12,1.15,,313500.0
2005-10-17,1.14,1.17,1.14,1.16,,169400.0
2005-10-18,1.16,1.21,1.15,1.18,,386400.0
2005-10-19,1.18,1.2,1.14,1.2,,316600.0
2005-10-20,1.2,1.22,1.17,1.19,,277000.0
2005-10-21,1.2,1.21,1.17,1.18,,336600.0
2005-10-24,1.19,1.21,1.18,1.19,,271600.0
2005-10-25,1.18,1.19,1.13,1.18,,518400.0
2005-10-26,1.18,1.22,1.16,1.18,,390900.0
2005-10-27,1.18,1.22,1.12,1.18,,729100.0
2005-10-28,0.95,1.05,0.94,1.0,,3605800.0
2005-10-31,0.99,1.01,0.94,0.95,,1047300.0
2005-11-01,0.96,0.98,0.95,0.97,,491400.0
2005-11-02,0.97,0.98,0.94,0.96,,419900.0
2005-11-03,0.97,1.01,0.95,0.98,,462200.0
2005-11-04,0.98,1.01,0.97,1.0,,337100.0
2005-11-07,1.0,1.02,0.99,1.0,,288100.0
2005-11-08,1.0,1.05,1.0,1.02,,288800.0
2005-11-09,1.02,1.09,1.02,1.05,,457400.0
2005-11-10,1.06,1.07,1.04,1.06,,285700.0
2005-11-11,1.06,1.08,1.05,1.05,,260600.0
2005-11-14,1.05,1.06,1.04,1.05,,180600.0
2005-11-15,1.05,1.05,1.02,1.04,,257200.0
2005-11-16,1.04,1.06,1.04,1.05,,132300.0
2005-11-17,1.05,1.1,1.04,1.07,,251800.0
2005-11-18,1.08,1.11,1.06,1.1,,255400.0
2005-11-21,1.1,1.14,1.1,1.14,,224600.0
2005-11-22,1.14,1.17,1.13,1.14,,299200.0
2005-11-23,1.14,1.17,1.13,1.15,,212900.0
2005-11-25,1.16,1.24,1.14,1.2,,613100.0
2005-11-28,1.21,1.26,1.2,1.2,,918700.0
2005-11-29,1.21,1.23,1.18,1.22,,620400.0
2005-11-30,1.22,1.31,1.21,1.28,,1053900.0
2005-12-01,1.44,1.44,1.36,1.36,,3340800.0
2005-12-02,1.37,1.37,1.35,1.36,,710100.0
2005-12-05,1.34,1.39,1.34,1.36,,769600.0
2005-12-06,1.37,1.48,1.37,1.46,,1781700.0
2005-12-07,1.46,1.57,1.43,1.55,,1518700.0
2005-12-08,1.56,1.68,1.56,1.67,,2254000.0
2005-12-09,1.68,1.72,1.67,1.69,,1291700.0
2005-12-12,1.69,1.72,1.6,1.65,,1015500.0
2005-12-13,1.61,1.64,1.56,1.61,,967300.0
2005-12-14,1.59,1.67,1.59,1.65,,503000.0
2005-12-15,1.67,1.67,1.61,1.67,,432500.0
2005-12-16,1.67,1.71,1.66,1.68,,600300.0
2005-12-19,1.67,1.69,1.59,1.61,,450400.0
2005-12-20,1.61,1.63,1.58,1.61,,245600.0
2005-12-21,1.56,1.58,1.53,1.56,,515600.0
2005-12-22,1.56,1.58,1.53,1.57,,210100.0
2005-12-23,1.56,1.58,1.53,1.56,,191100.0
2005-12-27,1.56,1.57,1.52,1.52,,297600.0
2005-12-28,1.52,1.55,1.49,1.54,,337500.0
2005-12-29,1.55,1.55,1.52,1.54,,171400.0
2005-12-30,1.52,1.56,1.5,1.53,,253600.0
2006-01-03,1.58,1.65,1.55,1.63,,829000.0
2006-01-04,1.63,1.65,1.57,1.62,,358800.0
2006-01-05,1.62,1.72,1.62,1.69,,696900.0
2006-01-06,1.69,1.77,1.66,1.72,,601500.0
2006-01-09,1.72,1.76,1.68,1.72,,245700.0
2006-01-10,1.73,1.73,1.68,1.72,,460300.0
2006-01-11,1.79,1.84,1.72,1.78,,1364200.0
2006-01-12,1.78,1.86,1.78,1.82,,598800.0
2006-01-13,1.81,1.82,1.74,1.8,,346900.0
2006-01-17,1.79,1.8,1.73,1.74,,237500.0
2006-01-18,1.74,1.76,1.69,1.73,,206700.0
2006-01-19,1.75,1.75,1.7,1.7,,194900.0
2006-01-20,1.7,1.7,1.65,1.67,,283200.0
2006-01-23,1.74,1.81,1.7,1.74,,438100.0
2006-01-24,1.74,1.74,1.68,1.71,,287800.0
2006-01-25,1.71,1.74,1.68,1.72,,167100.0
2006-01-26,1.69,1.73,1.67,1.71,,257300.0
2006-01-27,1.71,1.76,1.7,1.76,,274700.0
2006-01-30,1.74,1.8,1.73,1.78,,210900.0
2006-01-31,1.79,1.8,1.7,1.77,,329900.0
2006-02-01,1.78,1.85,1.77,1.85,,410100.0
2006-02-02,1.85,1.88,1.78,1.81,,460900.0
2006-02-03,1.82,1.82,1.78,1.81,,139100.0
2006-02-06,1.8,1.83,1.78,1.8,,136800.0
2006-02-07,1.78,1.79,1.73,1.76,,296100.0
2006-02-08,1.76,1.77,1.74,1.75,,183200.0
2006-02-09,1.74,1.82,1.73,1.79,,201900.0
2006-02-10,1.79,1.81,1.74,1.8,,209600.0
2006-02-13,1.8,1.8,1.75,1.75,,363900.0
2006-02-14,1.75,1.78,1.74,1.77,,290900.0
2006-02-15,1.79,1.79,1.75,1.77,,116800.0
2006-02-16,1.76,1.78,1.75,1.76,,257400.0
2006-02-17,1.78,1.78,1.75,1.75,,194000.0
2006-02-21,1.75,1.77,1.72,1.75,,355700.0
2006-02-22,1.76,1.85,1.75,1.84,,367000.0
2006-02-23,1.84,1.94,1.83,1.92,,623300.0
2006-02-24,1.92,1.96,1.92,1.96,,277500.0
2006-02-27,1.96,2.01,1.95,1.98,,514900.0
2006-02-28,1.96,1.99,1.86,1.88,,659300.0
2006-03-01,1.97,2.07,1.97,2.04,,1665000.0
2006-03-02,2.04,2.09,2.02,2.04,,472400.0
2006-03-03,2.03,2.05,2.0,2.01,,227500.0
2006-03-06,2.01,2.03,1.98,1.99,,150600.0
2006-03-07,1.99,1.99,1.92,1.94,,306600.0
2006-03-08,1.94,1.96,1.91,1.93,,271900.0
2006-03-09,1.94,2.0,1.93,1.96,,376600.0
2006-03-10,1.96,1.99,1.96,1.97,,229700.0
2006-03-13,1.98,2.01,1.96,1.97,,152800.0
2006-03-14,1.97,2.01,1.95,1.98,,206400.0
2006-03-15,1.98,2.04,1.98,2.01,,157700.0
2006-03-16,2.01,2.05,2.01,2.02,,299900.0
2006-03-17,2.03,2.04,2.01,2.02,,312700.0
2006-03-20,2.02,2.13,2.01,2.08,,328200.0
2006-03-21,2.07,2.15,2.07,2.08,,236100.0
2006-03-22,2.09,2.13,2.07,2.12,,133200.0
2006-03-23,2.14,2.17,2.11,2.16,,124100.0
2006-03-24,2.17,2.23,2.16,2.21,,301600.0
2006-03-27,2.21,2.23,2.17,2.2,,142800.0
2006-03-28,2.2,2.2,2.11,2.13,,213700.0
2006-03-29,2.13,2.21,2.12,2.21,,186100.0
2006-03-30,2.2,2.24,2.18,2.22,,531000.0
2006-03-31,2.23,2.28,2.2,2.25,,246100.0
2006-04-03,2.27,2.27,2.15,2.17,,362000.0
2006-04-04,2.15,2.21,2.14,2.17,,264300.0
2006-04-05,2.2,2.23,2.19,2.22,,179300.0
2006-04-06,2.22,2.29,2.22,2.26,,320900.0
2006-04-07,2.25,2.28,2.21,2.23,,232200.0
2006-04-10,2.22,2.28,2.21,2.26,,258400.0
2006-04-11,2.3,2.33,2.2,2.2,,226300.0
2006-04-12,2.21,2.21,2.14,2.18,,211700.0
2006-04-13,2.17,2.21,2.17,2.2,,89300.0
2006-04-17,2.21,2.24,2.18,2.21,,152700.0
2006-04-18,2.22,2.3,2.21,2.29,,189600.0
2006-04-19,2.29,2.35,2.29,2.33,,203000.0
2006-04-20,2.33,2.46,2.32,2.42,,369000.0
2006-04-21,2.43,2.43,2.3,2.33,,535300.0
2006-04-24,2.33,2.33,2.24,2.26,,414100.0
2006-04-25,2.34,2.49,2.34,2.38,,883400.0
2006-04-26,2.37,2.45,2.32,2.34,,472600.0
2006-04-27,2.35,2.41,2.3,2.34,,628800.0
2006-04-28,2.25,2.42,2.24,2.37,,771200.0
2006-05-01,2.38,2.4,2.35,2.36,,1486200.0
2006-05-02,2.35,2.38,2.35,2.35,,423400.0
2006-05-03,2.35,2.4,2.33,2.37,,206000.0
2006-05-04,2.38,2.4,2.35,2.4,,183300.0
2006-05-05,2.41,2.41,2.36,2.4,,167600.0
2006-05-08,2.39,2.41,2.36,2.39,,156800.0
2006-05-09,2.39,2.4,2.36,2.38,,162400.0
2006-05-10,2.37,2.38,2.31,2.32,,204200.0
2006-05-11,2.32,2.32,2.18,2.19,,394000.0
2006-05-12,2.18,2.19,2.08,2.1,,322500.0
2006-05-15,2.08,2.09,2.0,2.04,,338000.0
2006-05-16,2.03,2.08,2.03,2.06,,513400.0
2006-05-17,2.06,2.1,2.04,2.06,,558200.0
2006-05-18,2.07,2.11,2.04,2.04,,279700.0
2006-05-19,2.05,2.06,1.95,2.04,,400800.0
2006-05-22,2.02,2.05,1.91,2.0,,375800.0
2006-05-23,2.0,2.04,1.98,2.0,,313400.0
2006-05-24,2.0,2.02,1.93,1.96,,301400.0
2006-05-25,2.0,2.01,1.92,1.98,,259700.0
2006-05-26,1.99,2.06,1.97,2.04,,196700.0
2006-05-30,2.04,2.05,1.95,1.96,,197900.0
2006-05-31,1.94,2.01,1.94,1.97,,211900.0
2006-06-01,1.98,2.05,1.98,2.04,,276400.0
2006-06-02,2.05,2.13,2.05,2.11,,262900.0
2006-06-05,2.13,2.13,2.07,2.07,,294400.0
2006-06-06,2.07,2.13,2.07,2.12,,182600.0
2006-06-07,2.13,2.26,2.12,2.19,,386900.0
2006-06-08,2.16,2.22,2.09,2.16,,499900.0
2006-06-09,2.14,2.14,2.09,2.11,,250600.0
2006-06-12,2.06,2.11,2.06,2.07,,200200.0
2006-06-13,2.07,2.07,1.87,1.92,,699800.0
2006-06-14,1.91,2.02,1.89,1.99,,394900.0
2006-06-15,2.0,2.08,1.98,2.05,,168800.0
2006-06-16,2.05,2.06,2.01,2.04,,306900.0
2006-06-19,2.04,2.08,2.02,2.04,,185600.0
2006-06-20,2.03,2.09,2.02,2.04,,185500.0
2006-06-21,2.03,2.07,2.03,2.04,,228100.0
2006-06-22,2.04,2.06,2.0,2.06,,292900.0
2006-06-23,2.04,2.11,2.02,2.07,,162600.0
2006-06-26,2.09,2.09,2.03,2.05,,233000.0
2006-06-27,2.05,2.06,1.95,1.97,,519800.0
2006-06-28,1.99,2.04,1.95,2.03,,441300.0
2006-06-29,2.06,2.12,2.04,2.1,,302800.0
2006-06-30,2.11,2.17,2.11,2.14,,300100.0
2006-07-03,2.13,2.17,2.13,2.17,,62700.0
2006-07-05,2.17,2.17,2.05,2.14,,350500.0
2006-07-06,2.14,2.16,2.09,2.11,,197000.0
2006-07-07,2.12,2.12,2.03,2.04,,302400.0
2006-07-10,2.03,2.06,2.0,2.01,,253400.0
2006-07-11,2.0,2.08,1.99,2.08,,179900.0
2006-07-12,2.07,2.11,2.0,2.0,,163100.0
2006-07-13,2.0,2.05,1.95,2.0,,318500.0
2006-07-14,2.0,2.0,1.92,1.93,,333500.0
2006-07-17,1.92,1.98,1.92,1.97,,164600.0
2006-07-18,1.96,2.02,1.85,1.9,,346700.0
2006-07-19,1.89,2.05,1.88,2.02,,334300.0
2006-07-20,2.03,2.08,2.03,2.04,,272300.0
2006-07-21,2.05,2.05,1.97,2.01,,183400.0
2006-07-24,2.03,2.16,2.03,2.11,,401200.0
2006-07-25,2.11,2.15,2.08,2.12,,194400.0
2006-07-26,2.1,2.14,2.06,2.11,,175000.0
2006-07-27,2.11,2.17,2.02,2.06,,443100.0
2006-07-28,2.16,2.43,2.14,2.41,,1835600.0
2006-07-31,2.37,2.41,2.33,2.37,,411700.0
2006-08-01,2.34,2.36,2.27,2.32,,456500.0
2006-08-02,2.33,2.44,2.33,2.41,,287100.0
2006-08-03,2.39,2.49,2.38,2.45,,339200.0
2006-08-04,2.48,2.51,2.4,2.43,,237400.0
2006-08-07,2.42,2.47,2.39,2.43,,161100.0
2006-08-08,2.44,2.46,2.37,2.38,,208100.0
2006-08-09,2.41,2.44,2.36,2.36,,204300.0
2006-08-10,2.36,2.45,2.36,2.42,,192600.0
2006-08-11,2.36,2.42,2.32,2.33,,215400.0
2006-08-14,2.37,2.44,2.3,2.31,,361100.0
2006-08-15,2.33,2.41,2.32,2.4,,254800.0
2006-08-16,2.42,2.45,2.38,2.43,,203300.0
2006-08-17,2.43,2.51,2.41,2.44,,334300.0
2006-08-18,2.44,2.46,2.42,2.43,,169000.0
2006-08-21,2.42,2.42,2.37,2.39,,203100.0
2006-08-22,2.38,2.43,2.36,2.37,,129400.0
2006-08-23,2.37,2.42,2.32,2.35,,193200.0
2006-08-24,2.35,2.35,2.3,2.33,,213300.0
2006-08-25,2.32,2.35,2.28,2.29,,121400.0
2006-08-28,2.27,2.34,2.27,2.31,,140000.0
2006-08-29,2.31,2.35,2.29,2.35,,162100.0
2006-08-30,2.34,2.36,2.29,2.3,,149500.0
2006-08-31,2.29,2.3,2.25,2.28,,184600.0
2006-09-01,2.29,2.33,2.27,2.33,,172400.0
2006-09-05,2.32,2.36,2.31,2.34,,141800.0
2006-09-06,2.34,2.37,2.31,2.34,,172200.0
2006-09-07,2.33,2.4,2.31,2.36,,181100.0
2006-09-08,2.37,2.37,2.34,2.37,,130700.0
2006-09-11,2.37,2.46,2.35,2.45,,325500.0
2006-09-12,2.45,2.61,2.44,2.58,,753100.0
2006-09-13,2.56,2.63,2.55,2.62,,587400.0
2006-09-14,2.61,2.62,2.53,2.58,,384900.0
2006-09-15,2.61,2.62,2.54,2.57,,222000.0
2006-09-18,2.57,2.6,2.56,2.6,,286000.0
2006-09-19,2.6,2.62,2.54,2.59,,209700.0
2006-09-20,2.61,2.65,2.6,2.62,,168700.0
2006-09-21,2.64,2.64,2.51,2.56,,180400.0
2006-09-22,2.56,2.62,2.55,2.6,,186800.0
2006-09-25,2.6,2.69,2.6,2.67,,312600.0
2006-09-26,2.67,2.67,2.61,2.62,,202700.0
2006-09-27,2.62,2.67,2.62,2.65,,203300.0
2006-09-28,2.66,2.66,2.62,2.63,,174900.0
2006-09-29,2.63,2.66,2.62,2.63,,153500.0
2006-10-02,2.62,2.64,2.59,2.61,,187500.0
2006-10-03,2.62,2.68,2.61,2.64,,160400.0
2006-10-04,2.65,2.73,2.64,2.71,,496900.0
2006-10-05,2.72,2.72,2.69,2.71,,207200.0
2006-10-06,2.71,2.72,2.69,2.72,,147000.0
2006-10-09,2.71,2.76,2.71,2.75,,189500.0
2006-10-10,2.74,2.76,2.71,2.75,,141200.0
2006-10-11,2.73,2.8,2.55,2.78,,1641300.0
2006-10-12,2.71,2.78,2.71,2.78,,461900.0
2006-10-13,2.78,2.84,2.77,2.83,,310300.0
2006-10-16,2.83,2.83,2.77,2.79,,198600.0
2006-10-17,2.79,2.79,2.67,2.72,,253200.0
2006-10-18,2.74,2.75,2.7,2.73,,168700.0
2006-10-19,2.73,2.77,2.71,2.76,,251500.0
2006-10-20,2.77,2.77,2.74,2.74,,251500.0
2006-10-23,2.74,2.78,2.72,2.77,,244800.0
2006-10-24,2.77,2.79,2.76,2.79,,271800.0
2006-10-25,2.8,2.8,2.75,2.77,,253000.0
2006-10-26,2.77,3.0,2.68,2.75,,968100.0
2006-10-27,2.93,3.06,2.91,2.99,,1651400.0
2006-10-30,2.99,3.0,2.96,2.98,,518700.0
2006-10-31,2.99,3.0,2.86,2.95,,707700.0
2006-11-01,2.97,2.98,2.88,2.9,,381300.0
2006-11-02,2.88,2.9,2.85,2.87,,297900.0
2006-11-03,2.88,2.9,2.83,2.85,,295100.0
2006-11-06,2.87,2.93,2.85,2.89,,204500.0
2006-11-07,2.9,2.96,2.9,2.94,,324000.0
2006-11-08,2.92,2.98,2.92,2.96,,225600.0
2006-11-09,2.96,2.97,2.88,2.9,,201100.0
2006-11-10,2.91,2.95,2.88,2.94,,240800.0
2006-11-13,2.94,3.03,2.94,3.01,,451300.0
2006-11-14,3.03,3.07,3.01,3.07,,279900.0
2006-11-15,3.05,3.13,3.05,3.07,,283400.0
2006-11-16,3.08,3.09,2.99,3.05,,224500.0
2006-11-17,3.04,3.05,2.99,3.03,,247600.0
2006-11-20,3.03,3.07,3.01,3.01,,244200.0
2006-11-21,3.03,3.08,3.0,3.04,,193200.0
2006-11-22,3.05,3.05,3.02,3.05,,85100.0
2006-11-24,3.02,3.06,3.02,3.02,,56600.0
2006-11-27,3.02,3.03,2.94,3.0,,439100.0
2006-11-28,3.0,3.05,2.95,3.05,,362500.0
2006-11-29,3.06,3.12,3.04,3.07,,249000.0
2006-11-30,3.05,3.11,3.03,3.1,,370700.0
2006-12-01,3.09,3.15,3.06,3.15,,456500.0
2006-12-04,3.15,3.2,3.14,3.16,,278400.0
2006-12-05,3.17,3.24,3.15,3.23,,361200.0
2006-12-06,3.22,3.25,3.18,3.19,,254000.0
2006-12-07,3.18,3.21,3.14,3.17,,218400.0
2006-12-08,3.18,3.2,3.11,3.2,,329300.0
2006-12-11,3.21,3.24,3.21,3.23,,258800.0
2006-12-12,3.24,3.24,3.11,3.19,,301800.0
2006-12-13,3.19,3.21,3.12,3.16,,226100.0
2006-12-14,3.15,3.2,3.14,3.17,,122800.0
2006-12-15,3.19,3.24,3.17,3.2,,345800.0
2006-12-18,3.22,3.22,3.16,3.17,,197800.0
2006-12-19,3.17,3.21,3.14,3.2,,240700.0
2006-12-20,3.22,3.33,3.2,3.28,,366900.0
2006-12-21,3.29,3.3,3.21,3.23,,177800.0
2006-12-22,3.23,3.27,3.16,3.25,,145000.0
2006-12-26,3.26,3.34,3.25,3.33,,188700.0
2006-12-27,3.34,3.36,3.3,3.35,,157800.0
2006-12-28,3.35,3.35,3.3,3.31,,207800.0
2006-12-29,3.29,3.33,3.28,3.33,,211100.0
2007-01-03,3.32,3.33,3.26,3.28,,628900.0
2007-01-04,3.27,3.28,3.22,3.26,,261700.0
2007-01-05,3.25,3.26,3.16,3.18,,305500.0
2007-01-08,3.17,3.21,3.11,3.2,,316500.0
2007-01-09,3.19,3.21,3.17,3.2,,190300.0
2007-01-10,3.2,3.27,3.14,3.25,,261500.0
2007-01-11,3.27,3.31,3.25,3.26,,191500.0
2007-01-12,3.27,3.31,3.25,3.28,,177600.0
2007-01-16,3.27,3.29,3.22,3.27,,223300.0
2007-01-17,3.25,3.29,3.25,3.27,,202500.0
2007-01-18,3.27,3.28,3.22,3.24,,125100.0
2007-01-19,3.24,3.27,3.19,3.26,,145900.0
2007-01-22,3.25,3.25,3.19,3.2,,215800.0
2007-01-23,3.19,3.23,3.17,3.22,,237300.0
2007-01-24,3.22,3.28,3.22,3.28,,122200.0
2007-01-25,3.28,3.29,3.22,3.24,,169600.0
2007-01-26,3.23,3.25,3.12,3.21,,282700.0
2007-01-29,3.19,3.23,3.16,3.22,,179300.0
2007-01-30,3.21,3.27,3.21,3.23,,173400.0
2007-01-31,3.24,3.24,3.2,3.24,,144700.0
2007-02-01,3.25,3.26,3.21,3.26,,178500.0
2007-02-02,3.26,3.29,3.23,3.24,,239200.0
2007-02-05,3.36,3.56,3.3,3.51,,1333000.0
2007-02-06,3.5,3.6,3.49,3.55,,406800.0
2007-02-07,3.56,3.6,3.53,3.58,,229200.0
2007-02-08,3.57,3.61,3.54,3.56,,158300.0
2007-02-09,3.55,3.57,3.46,3.5,,186800.0
2007-02-12,3.48,3.49,3.41,3.48,,286700.0
2007-02-13,3.48,3.57,3.48,3.52,,155800.0
2007-02-14,3.52,3.59,3.51,3.53,,172700.0
2007-02-15,3.53,3.54,3.51,3.52,,137600.0
2007-02-16,3.52,3.58,3.52,3.57,,119100.0
2007-02-20,3.58,3.71,3.57,3.68,,307600.0
2007-02-21,3.68,3.69,3.58,3.61,,244100.0
2007-02-22,3.61,3.65,3.51,3.56,,252800.0
2007-02-23,3.56,3.56,3.51,3.53,,169200.0
2007-02-26,3.51,3.56,3.47,3.53,,264500.0
2007-02-27,3.49,3.49,3.37,3.41,,620100.0
2007-02-28,3.63,3.69,3.58,3.62,,1663700.0
2007-03-01,3.56,3.83,3.45,3.77,,914000.0
2007-03-02,3.77,3.79,3.71,3.71,,573700.0
2007-03-05,3.71,3.86,3.67,3.75,,573700.0
2007-03-06,3.77,3.85,3.76,3.83,,516300.0
2007-03-07,3.84,3.88,3.81,3.84,,325500.0
2007-03-08,3.87,3.91,3.85,3.88,,469400.0
2007-03-09,3.89,3.9,3.82,3.84,,335100.0
2007-03-12,3.85,3.92,3.85,3.91,,190000.0
2007-03-13,3.92,3.93,3.85,3.86,,422800.0
2007-03-14,3.85,3.91,3.78,3.84,,346400.0
2007-03-15,3.87,3.93,3.86,3.91,,344900.0
2007-03-16,3.91,3.91,3.82,3.88,,320700.0
2007-03-19,3.9,3.97,3.89,3.95,,298200.0
2007-03-20,3.97,4.03,3.94,4.03,,217900.0
2007-03-21,4.04,4.07,3.96,4.04,,241000.0
2007-03-22,4.05,4.09,3.97,4.08,,288200.0
2007-03-23,4.07,4.07,4.02,4.05,,262500.0
2007-03-26,4.05,4.09,4.04,4.05,,348600.0
2007-03-27,4.04,4.04,3.95,3.97,,478600.0
2007-03-28,3.95,4.01,3.88,3.92,,243000.0
2007-03-29,3.92,3.96,3.87,3.93,,206700.0
2007-03-30,3.91,3.98,3.89,3.95,,173800.0
2007-04-02,4.0,4.0,3.88,3.89,,372000.0
2007-04-03,3.92,3.93,3.87,3.91,,471600.0
2007-04-04,3.9,3.98,3.9,3.96,,301200.0
2007-04-05,3.96,3.97,3.9,3.92,,158700.0
2007-04-09,3.92,3.95,3.87,3.89,,200400.0
2007-04-10,3.87,3.9,3.86,3.88,,188900.0
2007-04-11,3.87,3.9,3.79,3.84,,295600.0
2007-04-12,3.83,3.96,3.79,3.95,,403200.0
2007-04-13,3.96,3.99,3.91,3.98,,322100.0
2007-04-16,4.0,4.07,3.98,4.03,,279400.0
2007-04-17,4.03,4.1,3.99,4.06,,327900.0
2007-04-18,4.04,4.1,4.0,4.01,,264800.0
2007-04-19,4.02,4.05,3.97,4.01,,202100.0
2007-04-20,4.05,4.1,4.0,4.08,,262800.0
2007-04-23,4.07,4.24,4.06,4.15,,559700.0
2007-04-24,4.17,4.17,3.92,3.96,,688600.0
2007-04-25,3.95,4.0,3.92,3.97,,354700.0
2007-04-26,3.97,4.08,3.94,4.04,,580600.0
2007-04-27,3.95,4.32,3.95,4.27,,872700.0
2007-04-30,4.28,4.41,4.2,4.21,,761700.0
2007-05-01,4.24,4.25,4.08,4.25,,447000.0
2007-05-02,4.24,4.4,4.23,4.39,,464600.0
2007-05-03,4.39,4.4,4.27,4.36,,402600.0
2007-05-04,4.35,4.52,4.35,4.5,,436500.0
2007-05-07,4.51,4.52,4.39,4.43,,396000.0
2007-05-08,4.4,4.45,4.36,4.44,,276600.0
2007-05-09,4.41,4.5,4.4,4.46,,250500.0
2007-05-10,4.43,4.48,4.36,4.42,,333300.0
2007-05-11,4.45,4.52,4.43,4.48,,184600.0
2007-05-14,4.49,4.51,4.41,4.44,,276000.0
2007-05-15,4.43,4.49,4.38,4.42,,261300.0
2007-05-16,4.46,4.54,4.38,4.44,,307600.0
2007-05-17,4.44,4.54,4.41,4.47,,218500.0
2007-05-18,4.47,4.53,4.44,4.51,,196900.0
2007-05-21,4.53,4.66,4.52,4.64,,241300.0
2007-05-22,4.66,4.74,4.62,4.72,,295000.0
2007-05-23,4.71,4.75,4.61,4.67,,209200.0
2007-05-24,4.65,4.74,4.57,4.58,,251900.0
2007-05-25,4.59,4.68,4.56,4.61,,153700.0
2007-05-29,4.64,4.74,4.62,4.73,,208300.0
2007-05-30,4.71,4.91,4.65,4.83,,459100.0
2007-05-31,4.83,4.9,4.82,4.88,,319100.0
2007-06-01,4.91,4.94,4.88,4.9,,210600.0
2007-06-04,4.93,4.95,4.85,4.91,,445700.0
2007-06-05,4.91,4.95,4.87,4.92,,280500.0
2007-06-06,4.91,5.06,4.85,5.0,,495500.0
2007-06-07,4.97,5.14,4.97,5.04,,914900.0
2007-06-08,5.03,5.19,4.92,5.19,,707700.0
2007-06-11,5.19,5.27,5.12,5.2,,417300.0
2007-06-12,5.18,5.26,5.09,5.14,,450000.0
2007-06-13,5.18,5.22,5.08,5.16,,461800.0
2007-06-14,5.17,5.24,5.11,5.13,,457000.0
2007-06-15,5.21,5.22,5.14,5.2,,360900.0
2007-06-18,5.24,5.38,5.2,5.36,,385100.0
2007-06-19,5.36,5.43,5.26,5.39,,330400.0
2007-06-20,5.39,5.42,5.24,5.25,,317100.0
2007-06-21,5.26,5.31,5.15,5.28,,403500.0
2007-06-22,5.28,5.29,5.18,5.22,,508900.0
2007-06-25,5.19,5.27,5.15,5.21,,336700.0
2007-06-26,5.23,5.34,5.2,5.29,,342900.0
2007-06-27,5.28,5.49,5.18,5.47,,523600.0
2007-06-28,5.48,5.62,5.42,5.53,,497800.0
2007-06-29,5.62,5.69,5.56,5.61,,419600.0
2007-07-02,5.62,5.65,5.59,5.61,,412400.0
2007-07-03,5.61,5.61,5.54,5.55,,194500.0
2007-07-05,5.57,5.65,5.5,5.65,,381300.0
2007-07-06,5.64,5.78,5.62,5.77,,279300.0
2007-07-09,5.78,5.82,5.72,5.76,,339100.0
2007-07-10,5.73,5.9,5.69,5.83,,436000.0
2007-07-11,5.81,5.84,5.45,5.48,,857900.0
2007-07-12,5.48,5.71,5.48,5.69,,596600.0
2007-07-13,5.7,5.73,5.55,5.65,,338800.0
2007-07-16,5.64,5.66,5.53,5.57,,349900.0
2007-07-17,5.59,5.78,5.56,5.73,,313200.0
2007-07-18,5.7,5.74,5.62,5.73,,251800.0
2007-07-19,5.75,5.91,5.75,5.89,,336500.0
2007-07-20,5.88,5.9,5.71,5.84,,434800.0
2007-07-23,5.85,5.98,5.84,5.89,,400700.0
2007-07-24,5.88,5.91,5.62,5.65,,408700.0
2007-07-25,5.67,5.68,5.37,5.51,,764100.0
2007-07-26,5.42,5.44,5.09,5.25,,1061900.0
2007-07-27,5.56,6.1,5.56,5.99,,1643200.0
2007-07-30,6.02,6.17,5.78,5.96,,768300.0
2007-07-31,6.13,6.14,5.72,5.73,,662900.0
2007-08-01,5.73,5.83,5.56,5.83,,595600.0
2007-08-02,5.73,5.86,5.7,5.85,,395300.0
2007-08-03,5.86,5.94,5.56,5.56,,472700.0
2007-08-06,5.65,5.96,5.53,5.93,,808100.0
2007-08-07,5.93,6.22,5.84,6.17,,765400.0
2007-08-08,6.23,6.31,6.04,6.18,,749600.0
2007-08-09,6.07,6.11,5.28,5.52,,1551200.0
2007-08-10,5.32,5.4,5.06,5.28,,1253500.0
2007-08-13,5.49,5.68,5.4,5.48,,941800.0
2007-08-14,5.45,5.58,5.07,5.11,,857400.0
2007-08-15,5.06,5.14,4.86,4.88,,870000.0
2007-08-16,4.83,4.98,4.64,4.96,,818600.0
2007-08-17,5.12,5.33,4.83,4.96,,741600.0
2007-08-20,5.01,5.16,4.97,5.12,,334800.0
2007-08-21,5.16,5.39,5.16,5.17,,483400.0
2007-08-22,5.24,5.36,5.17,5.35,,518600.0
2007-08-23,5.39,5.44,5.11,5.14,,382400.0
2007-08-24,5.12,5.35,5.08,5.35,,456500.0
2007-08-27,5.35,5.37,5.21,5.23,,229600.0
2007-08-28,5.17,5.22,5.0,5.0,,336700.0
2007-08-29,5.06,5.2,5.02,5.18,,349100.0
2007-08-30,5.12,5.18,5.05,5.08,,385300.0
2007-08-31,5.17,5.3,5.09,5.23,,371800.0
2007-09-04,5.27,5.28,5.1,5.25,,314000.0
2007-09-05,5.21,5.32,5.11,5.28,,585900.0
2007-09-06,5.31,5.38,5.15,5.26,,273700.0
2007-09-07,5.15,5.24,5.05,5.08,,324600.0
2007-09-10,5.12,5.14,4.99,5.06,,425600.0
2007-09-11,5.1,5.27,4.96,5.25,,530800.0
2007-09-12,5.26,5.36,5.13,5.25,,324500.0
2007-09-13,5.26,5.36,5.12,5.26,,332300.0
2007-09-14,5.2,5.33,5.16,5.27,,216800.0
2007-09-17,5.26,5.43,5.19,5.37,,440800.0
2007-09-18,5.4,5.81,5.37,5.81,,631500.0
2007-09-19,5.81,6.05,5.61,5.73,,461300.0
2007-09-20,5.73,5.82,5.62,5.8,,414300.0
2007-09-21,5.86,6.13,5.84,6.02,,777900.0
2007-09-24,6.05,6.18,5.98,6.1,,401800.0
2007-09-25,6.04,6.09,5.92,6.05,,403800.0
2007-09-26,6.05,6.08,5.86,5.95,,389300.0
2007-09-27,6.0,6.17,5.93,6.1,,396600.0
2007-09-28,6.09,6.26,6.07,6.1,,312400.0
2007-10-01,6.17,6.3,5.95,6.29,,575500.0
2007-10-02,6.33,6.47,6.26,6.41,,411900.0
2007-10-03,6.35,6.38,6.16,6.22,,305400.0
2007-10-04,6.25,6.33,6.14,6.32,,205700.0
2007-10-05,6.4,6.47,6.34,6.38,,163900.0
2007-10-08,6.38,6.44,6.27,6.37,,166600.0
2007-10-09,6.4,6.47,6.18,6.26,,353900.0
2007-10-10,6.25,6.36,6.16,6.3,,225500.0
2007-10-11,6.33,6.36,6.04,6.13,,352200.0
2007-10-12,6.15,6.24,6.09,6.15,,285000.0
2007-10-15,6.18,6.39,6.15,6.17,,272000.0
2007-10-16,6.16,6.16,6.02,6.03,,259500.0
2007-10-17,6.11,6.21,6.03,6.07,,257100.0
2007-10-18,6.03,6.22,5.88,6.2,,546800.0
2007-10-19,6.19,6.24,6.0,6.0,,440900.0
2007-10-22,5.95,6.65,5.88,6.58,,917500.0
2007-10-23,6.62,6.7,6.33,6.47,,511900.0
2007-10-24,6.44,6.6,6.26,6.45,,674300.0
2007-10-25,6.44,6.62,6.27,6.28,,767200.0
2007-10-26,7.29,8.04,7.29,8.01,,1879900.0
2007-10-29,8.11,8.2,7.81,8.1,,755500.0
2007-10-30,8.05,8.15,7.84,7.85,,493400.0
2007-10-31,7.94,7.98,7.63,7.77,,615400.0
2007-11-01,7.61,7.79,7.31,7.36,,544500.0
2007-11-02,7.48,7.61,7.24,7.56,,459000.0
2007-11-05,7.47,7.69,7.37,7.62,,348200.0
2007-11-06,7.62,7.81,7.39,7.75,,357900.0
2007-11-07,7.64,7.83,7.42,7.44,,434200.0
2007-11-08,7.47,7.55,6.96,7.43,,569200.0
2007-11-09,7.27,7.27,6.82,6.89,,679100.0
2007-11-12,6.82,6.95,6.35,6.37,,894700.0
2007-11-13,6.51,7.37,6.51,7.25,,1072600.0
2007-11-14,7.35,7.55,6.98,6.99,,587400.0
2007-11-15,6.92,7.17,6.88,7.06,,346500.0
2007-11-16,7.08,7.22,6.93,7.16,,398600.0
2007-11-19,7.16,7.22,6.61,6.71,,426200.0
2007-11-20,6.78,7.07,6.73,6.88,,375800.0
2007-11-21,6.71,7.15,6.61,7.0,,337800.0
2007-11-23,7.11,7.41,7.09,7.33,,205400.0
2007-11-26,7.4,7.54,7.27,7.4,,379000.0
2007-11-27,7.61,8.26,7.59,7.99,,1280100.0
2007-11-28,8.05,8.36,7.87,8.1,,770500.0
2007-11-29,8.03,8.17,7.89,7.91,,410100.0
2007-11-30,8.11,8.34,7.96,8.01,,347600.0
2007-12-03,8.16,8.61,8.07,8.56,,647800.0
2007-12-04,8.45,8.56,8.3,8.51,,464000.0
2007-12-05,8.54,8.73,8.35,8.53,,531100.0
2007-12-06,8.59,8.87,8.57,8.86,,652900.0
2007-12-07,8.88,8.92,8.65,8.71,,441400.0
2007-12-10,8.78,8.89,8.74,8.81,,289900.0
2007-12-11,8.96,9.01,8.45,8.56,,474600.0
2007-12-12,8.74,8.83,8.31,8.5,,429900.0
2007-12-13,8.44,8.53,8.19,8.51,,320200.0
2007-12-14,8.37,8.58,8.29,8.53,,255300.0
2007-12-17,8.57,8.99,8.56,8.76,,585100.0
2007-12-18,8.97,8.97,8.38,8.66,,563900.0
2007-12-19,8.68,8.8,8.57,8.69,,221800.0
2007-12-20,8.77,8.84,8.54,8.8,,291700.0
2007-12-21,8.94,9.14,8.86,9.09,,476400.0
2007-12-24,9.14,9.17,8.95,9.15,,125600.0
2007-12-26,9.06,9.21,9.0,9.16,,173300.0
2007-12-27,9.11,9.25,9.03,9.06,,305300.0
2007-12-28,9.08,9.21,8.78,8.9,,248200.0
2007-12-31,8.84,8.84,8.6,8.61,,237700.0
2008-01-02,8.36,8.56,8.2,8.55,,585800.0
2008-01-03,8.56,8.72,8.21,8.31,,440900.0
2008-01-04,8.16,8.18,7.69,7.89,,680400.0
2008-01-07,7.89,7.94,7.26,7.38,,955600.0
2008-01-08,7.33,7.55,7.19,7.35,,699300.0
2008-01-09,7.32,7.87,7.16,7.85,,821900.0
2008-01-10,7.72,8.24,7.69,8.14,,771500.0
2008-01-11,8.06,8.07,7.21,7.21,,1043300.0
2008-01-14,7.36,7.71,7.36,7.63,,822300.0
2008-01-15,7.43,7.49,6.97,7.21,,814800.0
2008-01-16,7.05,7.4,6.88,7.1,,944700.0
2008-01-17,7.0,7.22,6.63,6.66,,750500.0
2008-01-18,6.73,7.05,6.67,6.82,,967900.0
2008-01-22,6.35,7.26,6.29,7.14,,703800.0
2008-01-23,6.83,7.14,6.17,7.04,,1810400.0
2008-01-24,7.18,7.66,7.08,7.31,,851500.0
2008-01-25,7.28,7.31,6.56,6.7,,772600.0
2008-01-28,6.62,6.7,6.28,6.58,,598200.0
2008-01-29,6.74,6.89,6.55,6.66,,641300.0
2008-01-30,6.59,6.77,6.45,6.54,,1002300.0
2008-01-31,6.39,6.81,6.34,6.74,,928800.0
2008-02-01,6.65,6.88,6.59,6.78,,484200.0
2008-02-04,6.6,6.91,6.6,6.63,,424100.0
2008-02-05,6.47,6.63,6.3,6.34,,784500.0
2008-02-06,6.41,6.56,5.99,6.06,,760400.0
2008-02-07,6.0,6.55,5.9,6.46,,884200.0
2008-02-08,6.42,6.66,6.27,6.36,,558600.0
2008-02-11,6.33,6.5,6.22,6.37,,429100.0
2008-02-12,6.39,6.79,6.33,6.44,,668700.0
2008-02-13,6.51,6.8,6.46,6.75,,482300.0
2008-02-14,6.83,6.83,6.37,6.41,,470700.0
2008-02-15,6.35,6.42,6.13,6.35,,503300.0
2008-02-19,6.6,6.72,6.58,6.62,,720800.0
2008-02-20,6.51,6.92,6.48,6.89,,617800.0
2008-02-21,6.95,7.1,6.72,6.77,,522500.0
2008-02-22,6.83,6.88,6.53,6.72,,528200.0
2008-02-25,6.73,6.92,6.58,6.86,,436500.0
2008-02-26,6.84,7.22,6.79,7.1,,597400.0
2008-02-27,6.97,7.22,6.96,7.07,,645000.0
2008-02-28,7.12,7.16,6.97,7.03,,1067000.0
2008-02-29,6.65,6.77,6.07,6.15,,4750200.0
2008-03-03,6.06,6.13,5.73,5.87,,1541300.0
2008-03-04,5.88,6.02,5.64,5.92,,1339800.0
2008-03-05,5.96,5.99,5.78,5.85,,837000.0
2008-03-06,5.78,5.82,5.55,5.56,,879500.0
2008-03-07,5.4,5.64,5.33,5.53,,1401100.0
2008-03-10,5.45,5.48,5.08,5.08,,935700.0
2008-03-11,5.27,5.42,4.99,5.41,,1448400.0
2008-03-12,5.4,5.63,5.29,5.46,,976100.0
2008-03-13,5.37,5.86,5.25,5.79,,1058400.0
2008-03-14,6.0,6.0,5.53,5.72,,822500.0
2008-03-17,5.55,5.61,5.36,5.4,,869000.0
2008-03-18,5.6,5.86,5.59,5.85,,945900.0
2008-03-19,5.83,6.04,5.56,5.56,,719400.0
2008-03-20,5.67,5.91,5.58,5.88,,860200.0
2008-03-24,5.89,6.29,5.89,6.15,,812200.0
2008-03-25,6.2,6.26,5.99,6.15,,737100.0
2008-03-26,6.06,6.14,5.99,6.02,,564900.0
2008-03-27,6.05,6.11,5.86,5.88,,418200.0
2008-03-28,5.85,5.91,5.74,5.81,,468600.0
2008-03-31,5.76,6.01,5.73,5.99,,646600.0
2008-04-01,6.16,6.29,6.06,6.2,,636400.0
2008-04-02,6.22,6.36,6.08,6.3,,622600.0
2008-04-03,6.22,6.44,6.15,6.28,,533300.0
2008-04-04,6.35,6.47,6.12,6.36,,435900.0
2008-04-07,6.44,6.58,6.35,6.38,,492300.0
2008-04-08,6.35,6.42,6.22,6.3,,642700.0
2008-04-09,6.3,6.42,6.12,6.18,,505300.0
2008-04-10,6.15,6.38,6.03,6.3,,427600.0
2008-04-11,6.22,6.39,6.07,6.14,,438700.0
2008-04-14,6.15,6.3,6.07,6.19,,211300.0
2008-04-15,6.01,6.16,5.84,5.93,,1051900.0
2008-04-16,6.02,6.43,5.99,6.41,,791600.0
2008-04-17,6.27,6.85,6.26,6.76,,1093200.0
2008-04-18,6.83,7.09,6.83,7.03,,945000.0
2008-04-21,7.03,7.21,6.69,6.79,,824500.0
2008-04-22,6.72,6.78,6.39,6.51,,925100.0
2008-04-23,6.55,6.63,6.37,6.45,,782100.0
2008-04-24,6.44,6.71,6.31,6.52,,1301000.0
2008-04-25,7.5,7.94,7.34,7.93,,2442400.0
2008-04-28,7.94,8.14,7.77,7.8,,1119200.0
2008-04-29,7.8,7.97,7.73,7.79,,464900.0
2008-04-30,7.89,7.89,7.59,7.67,,559300.0
2008-05-01,7.65,7.99,7.6,7.97,,493200.0
2008-05-02,8.02,8.09,7.83,7.91,,356200.0
2008-05-05,7.76,7.99,7.74,7.77,,293000.0
2008-05-06,7.75,7.97,7.64,7.93,,325100.0
2008-05-07,7.9,7.94,7.62,7.65,,369400.0
2008-05-08,7.64,7.71,7.42,7.58,,402100.0
2008-05-09,7.55,7.61,7.42,7.5,,367600.0
2008-05-12,7.55,7.88,7.52,7.83,,402800.0
2008-05-13,7.91,8.0,7.74,7.9,,354400.0
2008-05-14,7.94,8.13,7.75,7.78,,394200.0
2008-05-15,7.8,7.87,7.69,7.84,,248700.0
2008-05-16,7.93,7.93,7.67,7.82,,211400.0
2008-05-19,7.79,7.94,7.66,7.69,,149400.0
2008-05-20,7.69,7.83,7.53,7.61,,225200.0
2008-05-21,7.65,7.7,7.24,7.28,,444900.0
2008-05-22,7.28,7.5,7.28,7.38,,375900.0
2008-05-23,7.34,7.34,7.12,7.27,,321900.0
2008-05-27,7.27,7.56,7.27,7.47,,296900.0
2008-05-28,7.51,7.72,7.42,7.71,,308600.0
2008-05-29,7.71,7.92,7.62,7.67,,404700.0
2008-05-30,7.67,7.71,7.54,7.6,,230100.0
2008-06-02,7.58,7.59,7.29,7.4,,241900.0
2008-06-03,7.44,7.78,7.42,7.6,,581100.0
2008-06-04,7.56,7.59,7.35,7.54,,364600.0
2008-06-05,7.49,7.63,7.4,7.43,,362800.0
2008-06-06,7.35,7.41,7.13,7.13,,398700.0
2008-06-09,7.16,7.18,7.0,7.07,,378000.0
2008-06-10,7.02,7.13,6.9,7.1,,328200.0
2008-06-11,7.07,7.26,6.81,6.82,,447800.0
2008-06-12,6.86,7.11,6.74,6.83,,325900.0
2008-06-13,6.9,7.15,6.87,7.15,,403800.0
2008-06-16,7.16,7.57,7.15,7.46,,602100.0
2008-06-17,7.52,7.57,7.42,7.48,,337000.0
2008-06-18,7.49,7.62,7.39,7.47,,368000.0
2008-06-19,7.47,7.61,7.35,7.59,,297400.0
2008-06-20,7.66,7.76,7.48,7.75,,618500.0
2008-06-23,7.83,8.05,7.77,7.87,,529000.0
2008-06-24,7.78,7.9,7.62,7.7,,381700.0
2008-06-25,7.75,8.04,7.74,7.89,,835900.0
2008-06-26,7.8,7.83,7.56,7.64,,488400.0
2008-06-27,7.6,7.72,7.39,7.65,,735800.0
2008-06-30,7.73,7.87,7.67,7.73,,564400.0
2008-07-01,7.53,7.71,7.24,7.64,,639900.0
2008-07-02,7.74,7.77,7.28,7.3,,458200.0
2008-07-03,7.29,7.47,7.07,7.28,,274700.0
2008-07-07,7.41,7.44,7.0,7.13,,582400.0
2008-07-08,7.09,7.38,6.95,7.35,,690200.0
2008-07-09,7.33,7.33,7.11,7.12,,346400.0
2008-07-10,7.06,7.15,6.78,6.85,,651400.0
2008-07-11,6.78,7.04,6.06,6.27,,1704900.0
2008-07-14,6.5,6.5,5.94,6.19,,1023200.0
2008-07-15,5.95,6.25,5.89,6.09,,635100.0
2008-07-16,6.16,6.63,6.11,6.6,,960400.0
2008-07-17,6.63,6.89,6.36,6.69,,901200.0
2008-07-18,6.69,6.74,6.28,6.33,,552100.0
2008-07-21,6.36,6.48,6.18,6.37,,461800.0
2008-07-22,6.2,6.84,6.2,6.73,,659800.0
2008-07-23,6.72,7.12,6.59,7.02,,1046500.0
2008-07-24,7.02,7.14,6.61,6.64,,543400.0
2008-07-25,6.62,6.8,6.5,6.57,,474300.0
2008-07-28,6.56,6.57,6.33,6.34,,562900.0
2008-07-29,6.34,6.64,6.28,6.55,,537500.0
2008-07-30,6.63,6.69,6.3,6.37,,595000.0
2008-07-31,6.25,6.35,6.22,6.28,,546000.0
2008-08-01,6.11,6.22,5.83,5.86,,979600.0
2008-08-04,5.83,6.01,5.67,5.98,,797500.0
2008-08-05,6.1,6.38,6.03,6.3,,883200.0
2008-08-06,6.28,6.3,6.0,6.22,,531800.0
2008-08-07,5.95,6.44,5.95,6.4,,2212500.0
2008-08-08,6.16,6.77,6.01,6.76,,2050400.0
2008-08-11,6.6,7.05,6.6,6.87,,725900.0
2008-08-12,6.87,7.09,6.7,6.74,,513300.0
2008-08-13,6.72,6.92,6.65,6.87,,453900.0
2008-08-14,6.78,7.02,6.7,6.96,,393900.0
2008-08-15,7.05,7.11,6.89,6.95,,548300.0
2008-08-18,6.95,6.95,6.58,6.67,,558400.0
2008-08-19,6.61,6.65,6.39,6.47,,579500.0
2008-08-20,6.58,6.59,6.34,6.41,,368600.0
2008-08-21,6.33,6.5,6.33,6.41,,309000.0
2008-08-22,6.45,6.62,6.38,6.53,,347200.0
2008-08-25,6.51,6.51,6.18,6.21,,576000.0
2008-08-26,6.17,6.17,5.96,6.09,,579400.0
2008-08-27,6.07,6.14,5.92,6.1,,514100.0
2008-08-28,6.19,6.31,6.1,6.28,,370800.0
2008-08-29,6.23,6.42,6.22,6.32,,505100.0
2008-09-02,6.38,6.58,6.36,6.49,,761400.0
2008-09-03,6.5,6.63,6.31,6.43,,444900.0
2008-09-04,6.34,6.41,6.11,6.21,,500600.0
2008-09-05,6.13,6.3,6.01,6.22,,454700.0
2008-09-08,6.42,6.47,6.04,6.27,,547000.0
2008-09-09,6.25,6.39,6.08,6.1,,874500.0
2008-09-10,6.17,6.4,6.01,6.33,,607500.0
2008-09-11,6.17,6.36,6.12,6.34,,570500.0
2008-09-12,6.24,6.31,6.13,6.27,,358600.0
2008-09-15,6.08,6.43,6.01,6.19,,560100.0
2008-09-16,6.09,6.53,6.05,6.45,,634200.0
2008-09-17,6.3,6.37,5.65,5.72,,1054900.0
2008-09-18,5.73,5.98,5.51,5.89,,880500.0
2008-09-19,6.38,6.77,6.19,6.51,,1200300.0
2008-09-22,6.43,6.49,6.14,6.19,,452000.0
2008-09-23,6.28,6.35,5.95,6.04,,572500.0
2008-09-24,6.04,6.19,5.79,5.85,,415300.0
2008-09-25,5.88,6.16,5.85,6.07,,417000.0
2008-09-26,5.89,6.12,5.78,6.08,,255200.0
2008-09-29,5.9,5.94,5.36,5.52,,627000.0
2008-09-30,5.57,5.83,5.49,5.78,,431600.0
2008-10-01,5.55,5.78,5.5,5.7,,336500.0
2008-10-02,5.65,5.7,5.21,5.31,,471700.0
2008-10-03,5.37,5.49,4.92,4.95,,765000.0
2008-10-06,4.64,5.0,4.46,4.97,,1088000.0
2008-10-07,5.01,5.13,4.58,4.58,,470900.0
2008-10-08,4.42,4.71,4.13,4.34,,1239000.0
2008-10-09,4.33,4.56,4.22,4.28,,1092300.0
2008-10-10,4.28,5.56,4.28,5.25,,2292800.0
2008-10-13,5.5,5.77,5.25,5.41,,991600.0
2008-10-14,5.5,5.61,5.02,5.05,,796700.0
2008-10-15,4.93,5.12,4.77,4.79,,1001700.0
2008-10-16,4.83,5.37,4.56,5.29,,862600.0
2008-10-17,5.05,5.53,4.94,5.25,,622100.0
2008-10-20,5.36,5.52,5.06,5.26,,485000.0
2008-10-21,5.21,5.49,5.15,5.18,,591600.0
2008-10-22,5.11,5.14,4.52,4.65,,825300.0
2008-10-23,4.64,4.78,4.15,4.36,,1183900.0
2008-10-24,3.67,4.28,3.65,4.1,,1134000.0
2008-10-27,4.04,4.44,3.97,4.12,,962800.0
2008-10-28,4.28,4.3,3.7,3.99,,1345400.0
2008-10-29,4.05,4.22,3.93,4.04,,1111300.0
2008-10-30,4.18,4.31,4.02,4.31,,853400.0
2008-10-31,4.28,4.85,4.22,4.71,,825400.0
2008-11-03,4.71,4.8,4.42,4.48,,654500.0
2008-11-04,4.71,4.8,4.52,4.67,,587000.0
2008-11-05,4.61,4.73,4.4,4.45,,537200.0
2008-11-06,4.38,4.46,4.15,4.22,,577700.0
2008-11-07,4.28,4.39,3.91,4.02,,530600.0
2008-11-10,4.66,4.66,3.8,3.87,,580500.0
2008-11-11,3.82,3.87,3.64,3.78,,646800.0
2008-11-12,3.67,3.72,3.47,3.48,,659800.0
2008-11-13,3.49,3.61,3.08,3.56,,1262200.0
2008-11-14,3.49,3.62,3.31,3.37,,761800.0
2008-11-17,3.34,3.42,3.2,3.2,,529300.0
2008-11-18,3.19,3.21,2.61,2.78,,1960900.0
2008-11-19,2.78,2.91,2.67,2.68,,1341900.0
2008-11-20,2.63,2.99,2.57,2.68,,1323900.0
2008-11-21,2.74,3.04,2.66,3.0,,1215000.0
2008-11-24,3.05,3.35,3.01,3.13,,957100.0
2008-11-25,3.21,3.25,2.99,3.16,,769300.0
2008-11-26,3.17,3.53,3.03,3.44,,718500.0
2008-11-28,3.35,3.41,3.25,3.31,,246500.0
2008-12-01,3.28,3.29,2.9,2.91,,864100.0
2008-12-02,2.96,3.15,2.86,3.1,,710800.0
2008-12-03,3.01,3.26,2.95,3.24,,620300.0
2008-12-04,3.19,3.68,2.95,3.48,,1294300.0
2008-12-05,3.4,3.83,3.34,3.83,,826200.0
2008-12-08,3.94,4.39,3.93,4.35,,1076900.0
2008-12-09,4.28,4.49,4.01,4.02,,887400.0
2008-12-10,4.1,4.19,3.91,4.02,,849000.0
2008-12-11,3.95,3.98,3.54,3.6,,1025800.0
2008-12-12,3.49,3.73,3.4,3.69,,618400.0
2008-12-15,3.72,3.85,3.37,3.45,,595400.0
2008-12-16,3.53,3.75,3.42,3.73,,786300.0
2008-12-17,3.66,3.98,3.59,3.92,,697200.0
2008-12-18,4.07,4.11,3.87,4.07,,831700.0
2008-12-19,4.16,4.25,4.06,4.22,,802100.0
2008-12-22,4.18,4.24,4.05,4.22,,626500.0
2008-12-23,4.21,4.32,4.14,4.22,,526200.0
2008-12-24,4.22,4.25,4.09,4.2,,230100.0
2008-12-26,4.33,4.38,4.18,4.29,,162300.0
2008-12-29,4.36,4.38,4.15,4.25,,425800.0
2008-12-30,4.29,4.4,4.23,4.38,,554500.0
2008-12-31,4.39,4.49,4.37,4.44,,299400.0
2009-01-02,4.42,4.69,4.38,4.66,,331200.0
2009-01-05,4.65,4.65,4.43,4.52,,514000.0
2009-01-06,4.6,4.77,4.52,4.62,,550900.0
2009-01-07,4.51,4.59,4.22,4.28,,749500.0
2009-01-08,4.15,4.27,4.04,4.21,,663200.0
2009-01-09,4.22,4.22,3.95,3.97,,304400.0
2009-01-12,3.97,3.97,3.48,3.57,,1699300.0
2009-01-13,3.6,3.75,3.53,3.61,,844100.0
2009-01-14,3.52,3.58,3.17,3.25,,1942100.0
2009-01-15,3.26,3.38,3.06,3.26,,985100.0
2009-01-16,3.33,3.38,3.18,3.36,,562800.0
2009-01-20,3.32,3.33,3.01,3.02,,549100.0
2009-01-21,3.05,3.14,2.87,3.14,,667800.0
2009-01-22,3.05,3.15,2.96,3.05,,460300.0
2009-01-23,2.98,3.12,2.9,3.05,,424800.0
2009-01-26,3.02,3.17,2.96,3.04,,420200.0
2009-01-27,3.03,3.1,2.99,3.04,,288400.0
2009-01-28,3.1,3.31,3.1,3.24,,709400.0
2009-01-29,3.18,3.22,2.95,2.98,,619500.0
2009-01-30,3.02,3.03,2.83,2.9,,559000.0
2009-02-02,2.86,2.97,2.82,2.9,,558600.0
2009-02-03,2.92,3.1,2.89,3.05,,554400.0
2009-02-04,3.05,3.14,2.91,2.94,,409500.0
2009-02-05,2.93,3.05,2.84,3.02,,427400.0
2009-02-06,3.01,3.21,3.01,3.14,,380600.0
2009-02-09,3.12,3.23,3.05,3.08,,404800.0
2009-02-10,3.05,3.21,2.97,2.99,,511300.0
2009-02-11,3.02,3.05,2.9,2.94,,335800.0
2009-02-12,2.91,3.08,2.91,3.06,,504600.0
2009-02-13,3.06,3.1,3.0,3.04,,270100.0
2009-02-17,2.91,2.99,2.84,2.87,,688400.0
2009-02-18,2.92,3.04,2.91,2.99,,588800.0
2009-02-19,3.02,3.12,3.02,3.06,,534000.0
2009-02-20,3.0,3.21,3.0,3.2,,829700.0
2009-02-23,3.24,3.24,3.01,3.07,,730500.0
2009-02-24,3.07,3.19,3.02,3.17,,611000.0
2009-02-25,3.15,3.17,3.04,3.08,,620900.0
2009-02-26,3.08,3.15,2.94,2.94,,1603900.0
2009-02-27,2.54,2.56,2.24,2.29,,4503900.0
2009-03-02,2.22,2.29,2.07,2.09,,1640500.0
2009-03-03,2.23,2.31,2.11,2.14,,1656300.0
2009-03-04,2.14,2.3,2.14,2.26,,1015400.0
2009-03-05,2.23,2.26,2.16,2.18,,791100.0
2009-03-06,2.2,2.23,2.12,2.22,,511300.0
2009-03-09,2.17,2.24,2.16,2.19,,637700.0
2009-03-10,2.17,2.41,2.17,2.38,,855300.0
2009-03-11,2.4,2.47,2.34,2.42,,671900.0
2009-03-12,2.41,2.51,2.36,2.5,,549100.0
2009-03-13,2.53,2.56,2.45,2.53,,529300.0
2009-03-16,2.55,2.55,2.46,2.46,,499100.0
2009-03-17,2.48,2.65,2.42,2.64,,640000.0
2009-03-18,2.63,2.82,2.6,2.78,,685200.0
2009-03-19,2.82,2.87,2.76,2.81,,514000.0
2009-03-20,2.84,2.84,2.65,2.68,,598000.0
2009-03-23,2.56,2.82,2.5,2.81,,1764400.0
2009-03-24,2.76,2.88,2.71,2.77,,645400.0
2009-03-25,2.77,2.99,2.77,2.92,,1255600.0
2009-03-26,2.98,3.25,2.98,3.2,,1156500.0
2009-03-27,3.04,3.11,2.92,2.96,,1039600.0
2009-03-30,2.89,2.93,2.79,2.91,,532400.0
2009-03-31,2.98,3.04,2.91,2.95,,678600.0
2009-04-01,2.92,3.09,2.88,3.05,,626400.0
2009-04-02,3.16,3.36,3.12,3.16,,1032700.0
2009-04-03,3.16,3.3,3.12,3.28,,424400.0
2009-04-06,3.04,3.24,3.04,3.24,,908600.0
2009-04-07,3.18,3.3,3.14,3.18,,607100.0
2009-04-08,3.24,3.33,3.23,3.32,,466400.0
2009-04-09,3.39,3.58,3.39,3.58,,630500.0
2009-04-13,3.55,3.57,3.47,3.55,,466600.0
2009-04-14,3.47,3.51,3.4,3.47,,459500.0
2009-04-15,3.45,3.46,3.25,3.29,,860700.0
2009-04-16,3.39,3.5,3.32,3.46,,956300.0
2009-04-17,3.47,3.72,3.46,3.68,,859800.0
2009-04-20,3.54,3.59,3.37,3.4,,756600.0
2009-04-21,3.38,3.52,3.36,3.49,,841200.0
2009-04-22,3.47,3.66,3.39,3.52,,921700.0
2009-04-23,3.52,3.64,3.43,3.54,,1298400.0
2009-04-24,3.42,3.55,3.26,3.3,,1867600.0
2009-04-27,3.28,3.29,3.15,3.18,,1216500.0
2009-04-28,3.14,3.2,3.13,3.18,,1032800.0
2009-04-29,3.21,3.27,3.15,3.18,,1154500.0
2009-04-30,3.21,3.26,3.14,3.14,,1011700.0
2009-05-01,3.12,3.21,3.08,3.12,,578400.0
2009-05-04,3.15,3.29,3.14,3.28,,573600.0
2009-05-05,3.27,3.41,3.26,3.4,,683000.0
2009-05-06,3.44,3.49,3.29,3.36,,553200.0
2009-05-07,3.43,3.43,3.19,3.23,,485900.0
2009-05-08,3.26,3.31,3.19,3.28,,628400.0
2009-05-11,3.21,3.23,3.14,3.16,,465500.0
2009-05-12,3.19,3.21,2.98,3.05,,489300.0
2009-05-13,2.98,2.98,2.77,2.77,,1088200.0
2009-05-14,2.79,2.91,2.74,2.83,,579800.0
2009-05-15,2.76,2.85,2.71,2.71,,708900.0
2009-05-18,2.78,2.81,2.72,2.78,,841900.0
2009-05-19,2.79,2.83,2.74,2.76,,771300.0
2009-05-20,2.8,2.96,2.78,2.88,,866400.0
2009-05-21,2.75,2.91,2.75,2.78,,690100.0
2009-05-22,2.8,2.85,2.76,2.79,,594600.0
2009-05-26,2.79,2.95,2.73,2.92,,571400.0
2009-05-27,2.89,3.07,2.87,3.01,,933200.0
2009-05-28,3.01,3.17,3.01,3.15,,824000.0
2009-05-29,3.15,3.23,3.14,3.22,,699900.0
2009-06-01,3.23,3.49,3.22,3.46,,1063100.0
2009-06-02,3.45,3.47,3.38,3.44,,491300.0
2009-06-03,3.43,3.45,3.36,3.43,,416300.0
2009-06-04,3.46,3.6,3.36,3.59,,670300.0
2009-06-05,3.59,3.7,3.5,3.54,,576400.0
2009-06-08,3.5,3.65,3.5,3.62,,499100.0
2009-06-09,3.65,3.81,3.6,3.79,,604900.0
2009-06-10,3.81,3.88,3.78,3.88,,824900.0
2009-06-11,3.88,4.08,3.88,3.98,,1029000.0
2009-06-12,3.97,3.98,3.91,3.97,,466800.0
2009-06-15,3.83,3.89,3.77,3.82,,596500.0
2009-06-16,3.87,3.93,3.72,3.74,,738900.0
2009-06-17,3.71,3.85,3.69,3.78,,608600.0
2009-06-18,3.81,3.84,3.72,3.74,,386500.0
2009-06-19,3.83,3.93,3.81,3.84,,558100.0
2009-06-22,3.93,3.99,3.79,3.82,,589700.0
2009-06-23,3.88,3.88,3.71,3.76,,461700.0
2009-06-24,3.9,3.9,3.74,3.78,,327400.0
2009-06-25,3.77,4.0,3.77,3.99,,477300.0
2009-06-26,3.95,4.13,3.94,4.11,,533700.0
2009-06-29,4.1,4.13,3.9,3.9,,589400.0
2009-06-30,3.93,4.02,3.86,3.9,,441300.0
2009-07-01,3.96,3.99,3.9,3.98,,706700.0
2009-07-02,3.92,3.98,3.79,3.79,,387400.0
2009-07-06,3.79,3.79,3.62,3.71,,370700.0
2009-07-07,3.73,3.79,3.57,3.58,,336400.0
2009-07-08,3.61,3.63,3.51,3.6,,282700.0
2009-07-09,3.63,3.66,3.52,3.56,,422600.0
2009-07-10,3.54,3.66,3.5,3.62,,306700.0
2009-07-13,3.62,3.67,3.5,3.64,,551900.0
2009-07-14,3.65,3.74,3.61,3.69,,335300.0
2009-07-15,3.76,3.9,3.73,3.89,,587200.0
2009-07-16,3.87,3.95,3.81,3.94,,416500.0
2009-07-17,3.95,3.99,3.86,3.88,,468100.0
2009-07-20,3.91,4.05,3.91,4.01,,475200.0
2009-07-21,4.07,4.17,3.94,4.01,,623600.0
2009-07-22,4.01,4.14,3.98,4.1,,863500.0
2009-07-23,4.11,4.35,4.08,4.29,,1146700.0
2009-07-24,3.72,3.92,3.64,3.85,,2434200.0
2009-07-27,3.85,3.86,3.75,3.84,,756100.0
2009-07-28,3.8,3.83,3.69,3.77,,699800.0
2009-07-29,3.76,3.87,3.75,3.79,,545100.0
2009-07-30,3.85,3.89,3.75,3.75,,650500.0
2009-07-31,3.75,3.82,3.71,3.76,,268200.0
2009-08-03,3.78,3.83,3.72,3.8,,379400.0
2009-08-04,3.76,3.8,3.7,3.74,,545600.0
2009-08-05,3.73,3.77,3.55,3.57,,977300.0
2009-08-06,3.59,3.68,3.55,3.66,,488400.0
2009-08-07,3.73,3.89,3.71,3.84,,650800.0
2009-08-10,3.8,3.85,3.75,3.82,,369100.0
2009-08-11,3.79,3.84,3.76,3.79,,277700.0
2009-08-12,3.78,3.99,3.76,3.93,,513100.0
2009-08-13,3.97,4.0,3.84,3.94,,339000.0
2009-08-14,3.96,4.04,3.89,3.92,,541100.0
2009-08-17,3.87,3.88,3.72,3.77,,500600.0
2009-08-18,3.8,3.86,3.77,3.81,,334200.0
2009-08-19,3.78,3.85,3.77,3.82,,340700.0
2009-08-20,3.84,3.97,3.84,3.88,,379100.0
2009-08-21,3.93,3.94,3.85,3.88,,374600.0
2009-08-24,3.92,3.95,3.78,3.8,,457100.0
2009-08-25,3.83,3.89,3.8,3.83,,369300.0
2009-08-26,3.83,3.87,3.8,3.85,,240000.0
2009-08-27,3.88,3.92,3.81,3.9,,226700.0
2009-08-28,3.93,3.94,3.81,3.84,,213500.0
2009-08-31,3.79,3.8,3.75,3.79,,286000.0
2009-09-01,3.75,3.81,3.56,3.62,,1026200.0
2009-09-02,3.6,3.65,3.6,3.6,,349300.0
2009-09-03,3.61,3.62,3.49,3.55,,723600.0
2009-09-04,3.55,3.6,3.5,3.54,,449400.0
2009-09-08,3.59,3.65,3.56,3.64,,474800.0
2009-09-09,3.68,3.76,3.61,3.73,,369700.0
2009-09-10,3.72,3.8,3.71,3.78,,288700.0
2009-09-11,3.79,3.92,3.78,3.9,,501000.0
2009-09-14,3.89,3.99,3.85,3.99,,604900.0
2009-09-15,4.0,4.27,3.99,4.15,,941700.0
2009-09-16,4.17,4.3,4.15,4.29,,708600.0
2009-09-17,4.29,4.43,4.29,4.38,,627300.0
2009-09-18,4.42,4.46,4.33,4.45,,476300.0
2009-09-21,4.43,4.47,4.37,4.44,,247200.0
2009-09-22,4.46,4.56,4.45,4.55,,438500.0
2009-09-23,4.54,4.74,4.54,4.67,,711400.0
2009-09-24,4.64,4.69,4.56,4.61,,555900.0
2009-09-25,4.59,4.66,4.55,4.64,,359200.0
2009-09-28,4.65,4.67,4.57,4.66,,358000.0
2009-09-29,4.66,4.77,4.63,4.72,,253000.0
2009-09-30,4.74,4.77,4.62,4.71,,316700.0
2009-10-01,4.7,4.71,4.51,4.53,,449400.0
2009-10-02,4.28,4.43,4.2,4.38,,719400.0
2009-10-05,4.41,4.47,4.32,4.44,,329700.0
2009-10-06,4.48,4.49,4.37,4.48,,439100.0
2009-10-07,4.45,4.61,4.44,4.54,,371800.0
2009-10-08,4.64,4.77,4.59,4.63,,464500.0
2009-10-09,4.63,4.71,4.6,4.64,,427800.0
2009-10-12,4.7,4.76,4.67,4.73,,321500.0
2009-10-13,4.81,4.86,4.68,4.7,,771900.0
2009-10-14,4.89,5.0,4.75,4.84,,959200.0
2009-10-15,4.85,4.98,4.85,4.9,,573900.0
2009-10-16,4.88,4.9,4.8,4.87,,436900.0
2009-10-19,4.91,5.1,4.88,5.08,,623900.0
2009-10-20,5.11,5.13,4.97,5.03,,618900.0
2009-10-21,5.01,5.09,4.93,4.97,,722900.0
2009-10-22,4.93,5.1,4.81,5.1,,1261400.0
2009-10-23,5.2,5.54,5.18,5.4,,2468700.0
2009-10-26,5.41,5.54,5.36,5.45,,749300.0
2009-10-27,5.44,5.44,5.27,5.39,,728900.0
2009-10-28,5.35,5.38,4.97,5.02,,1064600.0
2009-10-29,5.09,5.22,5.03,5.15,,479900.0
2009-10-30,5.12,5.19,4.93,4.98,,502600.0
2009-11-02,5.01,5.09,4.89,4.97,,417700.0
2009-11-03,4.91,5.11,4.89,5.09,,442200.0
2009-11-04,5.13,5.18,4.97,5.0,,377600.0
2009-11-05,5.07,5.21,5.06,5.19,,499000.0
2009-11-06,5.17,5.23,5.02,5.18,,324000.0
2009-11-09,5.25,5.39,5.22,5.38,,356600.0
2009-11-10,5.35,5.47,5.29,5.33,,293400.0
2009-11-11,5.4,5.52,5.35,5.42,,518800.0
2009-11-12,5.42,5.42,5.25,5.31,,327500.0
2009-11-13,5.34,5.41,5.26,5.39,,411300.0
2009-11-16,5.43,5.59,5.34,5.5,,582400.0
2009-11-17,5.49,5.53,5.39,5.51,,316300.0
2009-11-18,5.51,5.58,5.48,5.51,,370200.0
2009-11-19,5.44,5.44,5.27,5.3,,353600.0
2009-11-20,5.25,5.33,5.21,5.32,,246600.0
2009-11-23,5.44,5.5,5.23,5.26,,433000.0
2009-11-24,5.24,5.3,5.19,5.22,,272900.0
2009-11-25,5.25,5.32,5.18,5.24,,323200.0
2009-11-27,5.06,5.23,4.93,5.21,,301600.0
2009-11-30,5.2,5.26,5.07,5.15,,364200.0
2009-12-01,5.21,5.29,5.19,5.26,,233300.0
2009-12-02,5.26,5.44,5.19,5.42,,403100.0
2009-12-03,5.44,5.48,5.32,5.33,,397900.0
2009-12-04,5.45,5.48,5.27,5.43,,291200.0
2009-12-07,5.46,5.51,5.41,5.43,,295300.0
2009-12-08,5.38,5.48,5.32,5.45,,546400.0
2009-12-09,5.45,5.5,5.39,5.48,,210000.0
2009-12-10,5.51,5.6,5.45,5.47,,335400.0
2009-12-11,5.53,5.6,5.45,5.51,,260200.0
2009-12-14,5.56,5.57,5.45,5.57,,220300.0
2009-12-15,5.51,5.51,5.24,5.32,,1145100.0
2009-12-16,5.37,5.39,5.1,5.16,,720200.0
2009-12-17,5.09,5.37,5.07,5.24,,515800.0
2009-12-18,5.25,5.37,4.99,5.08,,789900.0
2009-12-21,5.09,5.24,5.06,5.15,,464300.0
2009-12-22,5.19,5.23,5.13,5.22,,360200.0
2009-12-23,5.23,5.38,5.22,5.35,,352900.0
2009-12-24,5.37,5.47,5.35,5.43,,153300.0
2009-12-28,5.47,5.5,5.37,5.43,,283200.0
2009-12-29,5.42,5.56,5.35,5.54,,537900.0
2009-12-30,5.5,5.8,5.48,5.77,,1121900.0
2009-12-31,5.78,5.81,5.65,5.65,,432500.0
2010-01-04,5.72,5.79,5.68,5.76,,537000.0
2010-01-05,5.77,6.03,5.77,5.97,,751900.0
2010-01-06,5.97,6.2,5.97,6.19,,699500.0
2010-01-07,6.13,6.2,6.03,6.17,,351600.0
2010-01-08,6.12,6.25,6.02,6.22,,718800.0
2010-01-11,6.23,6.28,6.02,6.09,,534700.0
2010-01-12,6.02,6.19,5.94,6.01,,722500.0
2010-01-13,6.05,6.24,6.03,6.16,,654300.0
2010-01-14,6.16,6.22,6.01,6.06,,496400.0
2010-01-15,6.04,6.05,5.92,6.04,,527200.0
2010-01-19,6.08,6.21,6.03,6.09,,302300.0
2010-01-20,6.05,6.05,5.85,5.92,,368800.0
2010-01-21,5.95,6.0,5.74,5.75,,300200.0
2010-01-22,5.72,5.76,5.56,5.59,,332200.0
2010-01-25,5.67,5.72,5.58,5.59,,272400.0
2010-01-26,5.58,5.71,5.47,5.67,,413000.0
2010-01-27,5.66,5.75,5.6,5.71,,593600.0
2010-01-28,5.73,5.83,5.58,5.6,,211300.0
2010-01-29,5.62,5.67,5.43,5.45,,329300.0
2010-02-01,5.48,5.53,5.37,5.53,,334200.0
2010-02-02,5.55,5.67,5.49,5.65,,314400.0
2010-02-03,5.65,5.71,5.55,5.58,,302200.0
2010-02-04,5.53,5.54,5.25,5.25,,570500.0
2010-02-05,5.26,5.39,5.19,5.36,,440500.0
2010-02-08,5.35,5.54,5.32,5.37,,288300.0
2010-02-09,5.44,5.48,5.26,5.31,,471700.0
2010-02-10,5.3,5.35,5.19,5.33,,365000.0
2010-02-11,5.33,5.51,5.3,5.49,,286400.0
2010-02-12,5.41,5.53,5.34,5.53,,255200.0
2010-02-16,5.57,5.63,5.48,5.63,,203800.0
2010-02-17,5.66,5.75,5.63,5.75,,226800.0
2010-02-18,5.71,5.81,5.68,5.8,,215500.0
2010-02-19,5.8,5.92,5.72,5.86,,537300.0
2010-02-22,5.9,5.91,5.65,5.67,,380300.0
2010-02-23,5.65,5.67,5.55,5.62,,277500.0
2010-02-24,5.65,5.72,5.53,5.67,,365900.0
2010-02-25,5.58,5.92,5.56,5.9,,1494200.0
2010-02-26,6.41,6.75,6.34,6.68,,2146100.0
2010-03-01,6.73,6.9,6.67,6.82,,863300.0
2010-03-02,6.83,7.01,6.78,6.96,,663000.0
2010-03-03,6.97,6.98,6.83,6.95,,557500.0
2010-03-04,6.95,7.16,6.9,6.99,,525700.0
2010-03-05,7.03,7.19,7.0,7.15,,577800.0
2010-03-08,7.19,7.29,7.17,7.26,,527700.0
2010-03-09,7.26,7.36,7.23,7.3,,474400.0
2010-03-10,7.28,7.35,7.18,7.22,,401400.0
2010-03-11,7.18,7.23,7.08,7.19,,333000.0
2010-03-12,7.25,7.29,7.08,7.28,,279300.0
2010-03-15,7.24,7.28,7.12,7.27,,236800.0
2010-03-16,7.28,7.41,7.18,7.26,,345300.0
2010-03-17,7.26,7.57,7.25,7.54,,417700.0
2010-03-18,7.58,7.61,7.42,7.45,,244400.0
2010-03-19,7.49,7.55,7.32,7.39,,347100.0
2010-03-22,7.35,7.66,7.23,7.65,,350700.0
2010-03-23,7.67,7.8,7.55,7.8,,514200.0
2010-03-24,7.75,7.79,7.67,7.71,,368900.0
2010-03-25,7.72,7.83,7.57,7.58,,313400.0
2010-03-26,7.59,7.76,7.56,7.65,,283300.0
2010-03-29,7.73,7.77,7.61,7.68,,410800.0
2010-03-30,7.72,7.93,7.68,7.82,,339900.0
2010-03-31,7.74,7.86,7.65,7.67,,256400.0
2010-04-01,7.73,7.78,7.54,7.69,,324100.0
2010-04-05,7.75,7.9,7.72,7.88,,207000.0
2010-04-06,7.9,8.0,7.81,7.95,,240000.0
2010-04-07,7.92,8.01,7.78,7.85,,259600.0
2010-04-08,7.83,7.87,7.75,7.78,,461100.0
2010-04-09,7.83,7.91,7.68,7.91,,195500.0
2010-04-12,7.68,7.7,7.42,7.48,,920000.0
2010-04-13,7.49,7.61,7.4,7.61,,423100.0
2010-04-14,7.62,7.71,7.58,7.67,,205200.0
2010-04-15,7.64,7.69,7.54,7.58,,199100.0
2010-04-16,7.59,7.61,7.48,7.56,,371300.0
2010-04-19,7.5,7.58,7.26,7.39,,318500.0
2010-04-20,7.49,7.49,7.37,7.45,,340000.0
2010-04-21,7.44,7.59,7.42,7.59,,294700.0
2010-04-22,7.56,8.02,7.52,7.98,,765800.0
2010-04-23,8.48,8.8,8.31,8.73,,1646600.0
2010-04-26,8.79,8.79,8.44,8.45,,444200.0
2010-04-27,8.45,8.61,8.28,8.32,,444300.0
2010-04-28,8.39,8.48,8.03,8.18,,461400.0
2010-04-29,8.18,8.37,8.1,8.28,,291100.0
2010-04-30,8.37,8.46,7.81,7.81,,373300.0
2010-05-03,7.84,8.14,7.84,7.99,,317200.0
2010-05-04,7.85,7.85,7.6,7.66,,311500.0
2010-05-05,7.56,7.81,7.34,7.61,,368800.0
2010-05-06,7.53,7.77,6.97,7.5,,533700.0
2010-05-07,7.45,7.56,7.06,7.07,,545100.0
2010-05-10,7.5,7.63,7.35,7.56,,344400.0
2010-05-11,7.48,7.72,7.45,7.61,,217400.0
2010-05-12,7.64,7.96,7.6,7.89,,415500.0
2010-05-13,8.13,8.2,7.85,7.93,,568200.0
2010-05-14,7.86,7.87,7.48,7.6,,491300.0
2010-05-17,7.63,7.77,7.26,7.61,,373800.0
2010-05-18,7.73,7.75,7.31,7.37,,429500.0
2010-05-19,7.23,7.37,7.14,7.26,,490500.0
2010-05-20,7.06,7.16,6.87,6.93,,434800.0
2010-05-21,6.81,7.44,6.79,7.43,,773700.0
2010-05-24,7.38,7.52,7.34,7.38,,423400.0
2010-05-25,7.09,7.45,6.98,7.43,,592900.0
2010-05-26,7.56,7.65,7.38,7.42,,323600.0
2010-05-27,7.6,7.74,7.47,7.72,,271400.0
2010-05-28,8.03,8.19,7.89,8.04,,733600.0
2010-06-01,7.99,8.22,7.86,7.86,,493700.0
2010-06-02,7.93,8.34,7.84,8.31,,974700.0
2010-06-03,8.43,8.6,8.37,8.56,,1100800.0
2010-06-04,8.37,8.47,8.05,8.18,,870100.0
2010-06-07,8.19,8.28,7.9,7.94,,593500.0
2010-06-08,8.03,8.14,7.76,8.04,,589500.0
2010-06-09,8.14,8.35,7.95,8.02,,518300.0
2010-06-10,8.23,8.51,8.17,8.49,,702400.0
2010-06-11,8.36,8.89,8.32,8.84,,973800.0
2010-06-14,8.96,9.12,8.86,8.92,,585800.0
2010-06-15,8.97,9.14,8.81,9.11,,658200.0
2010-06-16,9.08,9.3,9.01,9.05,,659300.0
2010-06-17,9.21,9.22,8.85,9.04,,464400.0
2010-06-18,9.08,9.26,9.03,9.16,,378700.0
2010-06-21,9.32,9.36,8.82,8.91,,596600.0
2010-06-22,8.92,9.03,8.66,8.72,,572900.0
2010-06-23,8.67,8.9,8.34,8.76,,596400.0
2010-06-24,8.7,8.71,8.49,8.51,,302300.0
2010-06-25,8.53,8.69,8.33,8.61,,540700.0
2010-06-28,8.59,8.68,8.46,8.52,,287700.0
2010-06-29,8.35,8.37,7.94,8.01,,650800.0
2010-06-30,8.03,8.15,7.93,7.94,,455900.0
2010-07-01,7.95,8.04,7.58,7.88,,546000.0
2010-07-02,7.61,7.93,7.61,7.88,,349300.0
2010-07-06,7.99,8.08,7.32,7.41,,584333.0
2010-07-07,7.47,7.8,7.41,7.79,,1341000.0
2010-07-08,8.0,8.03,7.65,7.83,,852400.0
2010-07-09,7.8,7.94,7.69,7.86,,580100.0
2010-07-12,7.82,7.94,7.63,7.68,,1040400.0
2010-07-13,7.81,7.98,7.78,7.93,,1246900.0
2010-07-14,7.93,8.0,7.74,7.86,,981600.0
2010-07-15,7.84,7.84,7.58,7.72,,954300.0
2010-07-16,7.64,7.72,7.38,7.46,,1017900.0
2010-07-19,7.5,7.6,7.27,7.36,,900400.0
2010-07-20,7.31,7.73,7.15,7.7,,1863900.0
2010-07-21,7.8,7.87,7.58,7.64,,1008400.0
2010-07-22,7.71,8.0,7.71,7.93,,1434000.0
2010-07-23,7.93,8.2,7.71,8.11,,2535800.0
2010-07-26,8.16,8.65,8.11,8.55,,1743400.0
2010-07-27,8.66,8.66,8.2,8.32,,1572800.0
2010-07-28,8.25,8.4,8.18,8.27,,1155100.0
2010-07-29,8.38,8.47,8.13,8.35,,1512200.0
2010-07-30,8.22,8.54,8.17,8.48,,1565000.0
2010-08-02,8.72,8.94,8.55,8.65,,1448300.0
2010-08-03,8.63,8.63,8.3,8.32,,1559500.0
2010-08-04,8.35,8.46,8.24,8.39,,627600.0
2010-08-05,8.3,8.44,8.2,8.31,,428000.0
2010-08-06,8.19,8.27,8.04,8.24,,666500.0
2010-08-09,8.34,8.4,8.24,8.31,,538300.0
2010-08-10,8.2,8.25,8.0,8.08,,640900.0
2010-08-11,7.82,7.83,7.55,7.75,,973400.0
2010-08-12,7.53,7.86,7.51,7.71,,780100.0
2010-08-13,7.75,7.75,7.5,7.56,,616500.0
2010-08-16,7.5,7.69,7.42,7.6,,604500.0
2010-08-17,7.71,8.08,7.68,7.84,,953200.0
2010-08-18,7.86,8.12,7.78,7.99,,830000.0
2010-08-19,7.97,8.01,7.72,7.78,,614400.0
2010-08-20,7.73,7.91,7.65,7.91,,707700.0
2010-08-23,7.96,8.0,7.79,7.88,,969800.0
2010-08-24,7.72,7.81,7.57,7.59,,908400.0
2010-08-25,7.48,7.7,7.34,7.68,,761500.0
2010-08-26,7.72,7.96,7.64,7.67,,1003700.0
2010-08-27,7.78,7.83,7.35,7.57,,1612400.0
2010-08-30,7.51,7.53,7.3,7.31,,773200.0
2010-08-31,7.32,7.39,7.2,7.24,,1032700.0
2010-09-01,7.35,7.63,7.34,7.63,,880000.0
2010-09-02,7.59,7.94,7.59,7.93,,860200.0
2010-09-03,8.02,8.14,7.97,8.02,,690100.0
2010-09-07,7.84,7.99,7.77,7.81,,626800.0
2010-09-08,7.84,8.1,7.75,8.07,,1245800.0
2010-09-09,8.16,8.24,7.5,7.64,,1948100.0
2010-09-10,7.68,7.83,7.53,7.55,,898500.0
2010-09-13,7.62,7.69,7.57,7.66,,947900.0
2010-09-14,7.64,7.84,7.55,7.75,,668300.0
2010-09-15,7.7,7.87,7.64,7.84,,483700.0
2010-09-16,7.83,7.9,7.74,7.8,,566200.0
2010-09-17,7.9,8.02,7.83,7.98,,974900.0
2010-09-20,8.02,8.28,8.01,8.22,,716100.0
2010-09-21,8.22,8.24,7.97,8.01,,602500.0
2010-09-22,7.97,8.04,7.69,7.75,,810500.0
2010-09-23,7.69,7.84,7.59,7.71,,673000.0
2010-09-24,7.86,7.94,7.77,7.93,,790300.0
2010-09-27,7.92,8.19,7.82,8.17,,879400.0
2010-09-28,8.21,8.41,7.93,8.39,,1130700.0
2010-09-29,8.38,8.57,8.23,8.35,,922800.0
2010-09-30,8.41,8.5,8.12,8.33,,751000.0
2010-10-01,8.46,8.47,8.21,8.32,,721100.0
2010-10-04,8.33,8.46,8.15,8.3,,526800.0
2010-10-05,8.45,8.78,8.38,8.76,,1004900.0
2010-10-06,8.83,8.83,8.3,8.39,,1051800.0
2010-10-07,8.5,8.64,7.97,8.23,,2518000.0
2010-10-08,8.19,8.54,8.19,8.46,,1070800.0
2010-10-11,8.48,8.56,8.31,8.32,,665200.0
2010-10-12,8.3,8.87,8.27,8.81,,1525800.0
2010-10-13,8.85,9.08,8.84,8.9,,1303900.0
2010-10-14,8.97,8.99,8.8,8.93,,806300.0
2010-10-15,9.06,9.13,8.91,9.05,,878200.0
2010-10-18,9.08,9.12,8.86,8.97,,625200.0
2010-10-19,8.83,9.05,8.6,8.68,,998800.0
2010-10-20,8.71,8.94,8.68,8.8,,602800.0
2010-10-21,8.89,8.91,8.53,8.65,,983200.0
2010-10-22,8.68,8.78,8.55,8.67,,703600.0
2010-10-25,8.77,9.07,8.77,8.98,,1195700.0
2010-10-26,8.89,9.33,8.8,9.29,,1642900.0
2010-10-27,9.25,9.27,8.94,9.12,,1278600.0
2010-10-28,9.2,9.2,8.82,9.0,,1707300.0
2010-10-29,9.51,9.82,9.51,9.68,,4174700.0
2010-11-01,9.75,9.78,9.38,9.43,,1619500.0
2010-11-02,9.52,9.52,9.29,9.46,,1043600.0
2010-11-03,9.5,9.58,9.4,9.55,,790400.0
2010-11-04,9.78,9.93,9.75,9.8,,919900.0
2010-11-05,9.94,10.44,9.93,10.43,,1730000.0
2010-11-08,10.47,10.54,10.28,10.44,,1121400.0
2010-11-09,10.47,10.59,10.39,10.47,,1278900.0
2010-11-10,10.46,10.52,10.13,10.28,,6974800.0
2010-11-11,10.17,10.43,10.15,10.34,,950300.0
2010-11-12,10.2,10.43,9.91,10.1,,983700.0
2010-11-15,10.25,10.32,10.01,10.15,,763300.0
2010-11-16,10.02,10.12,9.73,9.99,,1155000.0
2010-11-17,10.16,10.41,10.02,10.26,,999100.0
2010-11-18,10.49,10.7,10.46,10.56,,1209700.0
2010-11-19,10.71,11.28,10.7,11.13,,1690900.0
2010-11-22,11.24,11.5,11.11,11.37,,1380800.0
2010-11-23,11.25,11.63,11.17,11.51,,1604600.0
2010-11-24,11.75,11.91,11.66,11.9,,1305100.0
2010-11-26,11.87,12.1,11.78,12.1,,707900.0
2010-11-29,12.22,12.31,11.95,12.17,,2163500.0
2010-11-30,12.55,12.9,12.43,12.82,,4858800.0
2010-12-01,13.14,13.33,13.06,13.32,,3985500.0
2010-12-02,13.3,13.31,12.9,12.97,,3946400.0
2010-12-03,13.08,13.83,12.97,13.81,,4493900.0
2010-12-06,13.81,13.94,13.47,13.85,,2943200.0
2010-12-07,14.11,14.17,13.43,13.47,,3659700.0
2010-12-08,13.57,13.62,12.96,13.23,,3175300.0
2010-12-09,13.44,13.53,13.11,13.22,,1807700.0
2010-12-10,13.35,13.82,13.25,13.8,,2511700.0
2010-12-13,13.92,13.95,13.41,13.43,,1798800.0
2010-12-14,13.42,13.5,13.21,13.32,,1382700.0
2010-12-15,13.56,13.89,13.44,13.63,,2196200.0
2010-12-16,13.69,13.83,13.51,13.76,,1258700.0
2010-12-17,13.87,14.32,13.85,14.3,,2620300.0
2010-12-20,14.5,14.65,14.03,14.41,,2082800.0
2010-12-21,14.46,14.57,14.18,14.5,,1304100.0
2010-12-22,14.4,14.44,13.93,14.05,,2036800.0
2010-12-23,13.93,14.02,13.63,13.95,,1291400.0
2010-12-27,14.03,14.17,13.82,14.16,,923500.0
2010-12-28,14.21,14.23,13.83,13.86,,1043200.0
2010-12-29,13.82,13.99,13.59,13.65,,1914500.0
2010-12-30,13.56,13.79,13.53,13.57,,906700.0
2010-12-31,13.49,13.5,13.28,13.29,,1173000.0
2011-01-03,13.41,13.6,13.07,13.54,,2292000.0
2011-01-04,13.63,13.74,12.9,13.12,,2205900.0
2011-01-05,12.98,13.54,12.91,13.44,,2028900.0
2011-01-06,13.43,13.47,13.04,13.13,,1200500.0
2011-01-07,13.13,13.26,12.86,13.05,,1098600.0
2011-01-10,12.97,13.46,12.85,13.41,,1639000.0
2011-01-11,13.51,13.78,13.13,13.18,,1860800.0
2011-01-12,13.42,13.65,13.11,13.23,,2706000.0
2011-01-13,13.35,13.55,13.18,13.41,,1676500.0
2011-01-14,13.36,13.73,13.27,13.62,,1532600.0
2011-01-18,13.58,13.73,13.22,13.34,,1519200.0
2011-01-19,13.32,13.33,12.84,12.86,,1439800.0
2011-01-20,12.75,12.75,12.33,12.48,,2036400.0
2011-01-21,12.59,12.65,12.12,12.15,,1753600.0
2011-01-24,11.92,12.19,11.86,12.06,,1447700.0
2011-01-25,11.97,12.38,11.96,12.36,,1337100.0
2011-01-26,12.34,12.69,12.25,12.62,,1309300.0
2011-01-27,12.71,12.85,12.56,12.77,,1081500.0
2011-01-28,12.79,12.83,12.33,12.4,,925100.0
2011-01-31,12.27,12.43,11.98,12.23,,1142800.0
2011-02-01,12.29,12.78,12.29,12.66,,911000.0
2011-02-02,12.64,12.79,12.46,12.76,,955500.0
2011-02-03,12.79,13.32,12.75,13.27,,1457900.0
2011-02-04,13.28,13.57,13.14,13.49,,1204700.0
2011-02-07,13.8,13.88,13.6,13.81,,1481000.0
2011-02-08,13.88,14.02,13.67,13.98,,1585000.0
2011-02-09,13.95,14.11,13.86,13.99,,1184300.0
2011-02-10,13.77,14.13,13.73,14.09,,961600.0
2011-02-11,13.99,14.42,13.96,14.34,,870300.0
2011-02-14,14.43,14.59,14.33,14.41,,878400.0
2011-02-15,14.46,14.46,13.99,14.09,,896100.0
2011-02-16,14.23,14.28,13.94,14.04,,760000.0
2011-02-17,14.0,15.13,13.58,15.1,,3350700.0
2011-02-18,15.25,15.45,14.77,15.01,,1704100.0
2011-02-22,14.88,15.45,14.5,14.83,,2249100.0
2011-02-23,14.78,15.07,13.77,14.53,,2576700.0
2011-02-24,14.68,15.01,14.21,14.97,,3314900.0
2011-02-25,15.67,15.78,14.57,14.72,,5208900.0
2011-02-28,14.72,14.83,14.48,14.7,,1776200.0
2011-03-01,14.81,14.81,13.9,13.94,,2148500.0
2011-03-02,13.94,14.31,13.85,14.1,,1520000.0
2011-03-03,14.29,14.54,14.15,14.37,,1636600.0
2011-03-04,14.35,14.53,14.13,14.53,,1059100.0
2011-03-07,14.47,15.03,14.24,14.57,,1775200.0
2011-03-08,14.58,14.73,14.23,14.63,,846800.0
2011-03-09,14.54,14.73,14.32,14.33,,1006400.0
2011-03-10,14.11,14.28,13.85,13.93,,1268000.0
2011-03-11,13.8,14.16,13.67,14.04,,994900.0
2011-03-14,13.81,14.08,13.73,13.87,,603400.0
2011-03-15,13.39,13.7,13.0,13.54,,1239100.0
2011-03-16,13.46,13.75,13.11,13.35,,1312500.0
2011-03-17,13.5,13.58,13.25,13.25,,1322400.0
2011-03-18,13.25,13.39,13.0,13.13,,1715300.0
2011-03-21,13.07,13.57,12.95,13.51,,1356300.0
2011-03-22,13.58,13.62,13.32,13.42,,756700.0
2011-03-23,13.42,13.56,13.12,13.47,,769900.0
2011-03-24,13.55,13.86,13.49,13.83,,887800.0
2011-03-25,13.89,14.2,13.84,13.88,,781900.0
2011-03-28,13.96,14.31,13.87,13.89,,726000.0
2011-03-29,13.84,14.25,13.72,14.19,,663900.0
2011-03-30,14.28,14.58,14.14,14.56,,981100.0
2011-03-31,14.51,14.6,14.23,14.36,,639800.0
2011-04-01,14.23,14.71,14.23,14.56,,779700.0
2011-04-04,14.68,14.88,14.6,14.85,,656300.0
2011-04-05,14.78,15.25,14.64,15.1,,861300.0
2011-04-06,15.28,15.46,14.83,14.97,,736600.0
2011-04-07,14.94,15.25,14.89,15.04,,897400.0
2011-04-08,15.06,15.2,14.69,14.91,,760600.0
2011-04-11,14.93,15.05,14.68,14.75,,684800.0
2011-04-12,14.6,14.95,14.47,14.64,,1034000.0
2011-04-13,14.82,15.5,14.72,15.47,,2070500.0
2011-04-14,15.37,15.7,15.18,15.29,,1859600.0
2011-04-15,15.31,15.91,15.25,15.71,,1784900.0
2011-04-18,15.39,15.55,15.03,15.37,,1005000.0
2011-04-19,15.52,15.73,15.26,15.52,,773600.0
2011-04-20,15.71,16.0,15.69,15.96,,957400.0
2011-04-21,16.12,16.17,15.9,16.02,,682200.0
2011-04-25,16.03,16.12,15.84,15.99,,611000.0
2011-04-26,15.79,16.07,15.75,15.92,,1000000.0
2011-04-27,15.92,16.14,15.81,16.12,,740100.0
2011-04-28,16.06,16.17,15.68,15.74,,1600000.0
2011-04-29,14.53,14.94,14.14,14.14,,3948600.0
2011-05-02,14.07,14.27,13.83,14.0,,1875000.0
2011-05-03,13.96,14.22,13.73,13.89,,1200000.0
2011-05-04,13.84,14.41,13.84,14.34,,1743200.0
2011-05-05,14.29,15.01,14.21,14.85,,1900000.0
2011-05-06,15.03,15.22,14.54,14.72,,1022000.0
2011-05-09,14.73,15.03,14.65,14.89,,466900.0
2011-05-10,14.95,15.07,14.89,14.97,,663900.0
2011-05-11,14.91,15.03,14.62,14.88,,870600.0
2011-05-12,14.83,15.14,14.6,14.75,,963000.0
2011-05-13,14.8,15.06,14.62,14.94,,905200.0
2011-05-16,15.13,15.46,14.73,14.78,,1487900.0
2011-05-17,14.67,14.95,14.5,14.73,,754600.0
2011-05-18,14.78,15.09,14.68,15.05,,846400.0
2011-05-19,15.17,15.25,14.92,15.06,,657500.0
2011-05-20,14.93,15.12,14.58,14.84,,1053000.0
2011-05-23,14.55,14.69,14.43,14.57,,616300.0
2011-05-24,14.77,15.02,14.68,14.8,,811300.0
2011-05-25,14.63,15.13,14.58,14.96,,773000.0
2011-05-26,14.95,15.17,14.88,15.11,,671600.0
2011-05-27,15.13,15.4,15.13,15.3,,535400.0
2011-05-31,15.51,15.61,15.06,15.18,,673400.0
2011-06-01,15.21,15.42,14.74,14.75,,803600.0
2011-06-02,14.73,14.84,14.21,14.47,,870300.0
2011-06-03,14.17,14.63,14.09,14.21,,736200.0
2011-06-06,13.89,14.15,13.65,13.69,,1359000.0
2011-06-07,13.72,14.01,13.7,13.85,,679900.0
2011-06-08,13.85,13.92,13.3,13.3,,1861300.0
2011-06-09,13.31,13.53,13.24,13.33,,1424000.0
2011-06-10,13.33,13.47,12.92,12.94,,1005000.0
2011-06-13,13.01,13.38,12.8,13.1,,1321500.0
2011-06-14,13.25,13.58,13.18,13.54,,839200.0
2011-06-15,13.47,13.65,13.3,13.37,,956300.0
2011-06-16,13.35,13.48,13.05,13.25,,822300.0
2011-06-17,13.35,13.5,13.17,13.24,,818300.0
2011-06-20,13.21,13.55,13.12,13.43,,729300.0
2011-06-21,13.48,14.03,13.48,13.99,,900700.0
2011-06-22,13.93,14.14,13.64,13.68,,623100.0
2011-06-23,13.83,14.2,13.59,14.17,,1162400.0
2011-06-24,14.05,14.21,13.75,13.84,,5241400.0
2011-06-27,14.01,14.4,14.0,14.13,,1055200.0
2011-06-28,14.22,14.63,14.17,14.5,,952200.0
2011-06-29,14.54,14.92,14.4,14.57,,896900.0
2011-06-30,14.58,14.77,14.5,14.69,,786300.0
2011-07-01,14.66,15.01,14.64,15.01,,757600.0
2011-07-05,14.97,15.17,14.77,15.12,,739600.0
2011-07-06,15.09,15.22,14.91,15.16,,703100.0
2011-07-07,15.36,15.89,15.33,15.66,,1120700.0
2011-07-08,15.26,15.89,15.14,15.86,,986700.0
2011-07-11,15.6,15.83,15.35,15.43,,815800.0
2011-07-12,15.33,15.6,15.25,15.48,,630900.0
2011-07-13,15.57,15.99,15.55,15.73,,857100.0
2011-07-14,15.83,15.83,15.26,15.35,,740000.0
2011-07-15,15.56,15.56,15.07,15.51,,806500.0
2011-07-18,15.5,15.66,15.31,15.39,,638700.0
2011-07-19,15.55,15.91,15.5,15.88,,573500.0
2011-07-20,16.0,16.08,15.66,15.84,,628400.0
2011-07-21,15.88,16.29,15.85,16.09,,891500.0
2011-07-22,16.11,16.25,15.97,16.07,,544700.0
2011-07-25,15.89,16.14,15.84,15.91,,472700.0
2011-07-26,15.95,16.19,15.78,16.01,,668000.0
2011-07-27,15.94,16.05,15.21,15.26,,890600.0
2011-07-28,15.5,15.85,15.34,15.43,,1970400.0
2011-07-29,15.08,16.58,14.58,16.54,,2933100.0
2011-08-01,16.78,16.98,16.33,16.97,,1918100.0
2011-08-02,16.97,17.64,16.71,16.8,,2059000.0
2011-08-03,16.86,17.53,16.36,17.5,,2119400.0
2011-08-04,17.22,17.29,15.43,15.45,,2579900.0
2011-08-05,16.16,16.17,14.65,15.19,,1894300.0
2011-08-08,14.51,15.02,13.18,13.42,,2279700.0
2011-08-09,13.72,14.27,12.93,14.25,,2531800.0
2011-08-10,14.01,14.46,13.74,13.79,,1104300.0
2011-08-11,13.92,14.75,13.8,14.58,,987800.0
2011-08-12,14.93,15.61,14.73,15.6,,1894600.0
2011-08-15,15.73,15.76,15.29,15.72,,1168300.0
2011-08-16,15.5,15.5,14.86,14.92,,1205900.0
2011-08-17,15.0,15.05,13.8,13.89,,2612400.0
2011-08-18,13.46,13.5,12.26,12.5,,3018700.0
2011-08-19,12.33,13.29,12.13,12.21,,2242700.0
2011-08-22,12.72,12.86,12.33,12.37,,1893900.0
2011-08-23,12.66,13.42,12.45,13.42,,1506900.0
2011-08-24,13.42,14.19,13.39,13.9,,1919100.0
2011-08-25,14.03,14.16,13.36,13.46,,1068700.0
2011-08-26,13.31,14.17,13.21,14.11,,1034100.0
2011-08-29,14.44,14.83,14.28,14.73,,1123800.0
2011-08-30,14.64,15.0,14.5,14.82,,997400.0
2011-08-31,14.84,15.44,14.58,14.83,,1319000.0
2011-09-01,15.02,15.4,14.71,14.86,,1344800.0
2011-09-02,14.61,14.67,14.23,14.32,,1190700.0
2011-09-06,13.67,14.53,13.58,14.46,,1194000.0
2011-09-07,14.78,15.12,14.57,15.1,,1044500.0
2011-09-08,15.03,15.74,14.96,15.2,,1648500.0
2011-09-09,15.08,15.43,14.69,14.95,,1239400.0
2011-09-12,14.66,15.44,14.52,15.39,,1151800.0
2011-09-13,15.39,16.24,15.32,16.07,,2029100.0
2011-09-14,16.12,16.66,15.73,16.41,,1789500.0
2011-09-15,16.6,16.72,16.32,16.64,,1414800.0
2011-09-16,16.71,16.83,16.37,16.79,,1322800.0
2011-09-19,16.47,17.2,16.41,17.07,,1594200.0
2011-09-20,17.25,17.25,16.68,16.74,,1312500.0
2011-09-21,16.8,17.04,16.36,16.4,,1261700.0
2011-09-22,15.92,16.15,15.39,15.77,,1593500.0
2011-09-23,15.54,16.75,15.54,16.65,,1902600.0
2011-09-26,16.86,16.94,15.82,16.67,,1345300.0
2011-09-27,17.08,17.5,16.64,16.76,,1387000.0
2011-09-28,16.77,17.03,16.44,16.59,,1331700.0
2011-09-29,16.9,16.94,15.17,16.01,,2038200.0
2011-09-30,15.73,16.39,15.51,15.53,,1540700.0
2011-10-03,15.27,15.75,14.45,14.69,,1892800.0
2011-10-04,14.44,15.83,14.29,15.78,,1443700.0
2011-10-05,15.73,16.22,15.29,16.2,,1648400.0
2011-10-06,16.18,16.9,16.1,16.79,,1525300.0
2011-10-07,16.87,17.09,16.45,16.62,,1218600.0
2011-10-10,16.88,17.39,16.8,17.34,,902500.0
2011-10-11,17.18,17.59,17.1,17.45,,1100100.0
2011-10-12,17.6,18.32,17.38,17.54,,1778000.0
2011-10-13,17.44,17.99,17.3,17.72,,874000.0
2011-10-14,17.9,18.06,17.46,17.73,,1032000.0
2011-10-17,17.62,18.0,17.2,17.39,,840800.0
2011-10-18,16.89,17.24,16.42,17.1,,1839800.0
2011-10-19,17.0,17.45,16.58,16.68,,1325000.0
2011-10-20,16.68,17.06,15.96,16.97,,1477600.0
2011-10-21,17.18,17.4,16.91,17.16,,1127500.0
2011-10-24,17.35,17.93,17.33,17.77,,1338500.0
2011-10-25,17.63,17.88,17.38,17.55,,975800.0
2011-10-26,17.64,17.75,16.88,17.39,,1504100.0
2011-10-27,17.75,17.96,17.36,17.7,,2051200.0
2011-10-28,18.46,19.66,18.26,19.61,,3696100.0
2011-10-31,19.36,19.82,19.15,19.21,,1539900.0
2011-11-01,18.48,19.15,18.23,18.62,,1701400.0
2011-11-02,18.81,19.06,18.52,18.8,,1062100.0
2011-11-03,18.91,19.15,18.5,19.01,,1214800.0
2011-11-04,18.83,19.28,18.69,19.25,,985600.0
2011-11-07,19.23,19.34,18.58,18.8,,830000.0
2011-11-08,18.89,18.97,18.42,18.84,,704200.0
2011-11-09,18.31,18.48,17.6,17.73,,1394100.0
2011-11-10,18.06,18.06,17.09,17.28,,1404000.0
2011-11-11,17.45,18.06,17.34,17.94,,800300.0
2011-11-14,17.98,18.3,17.77,17.96,,712300.0
2011-11-15,17.89,18.16,17.65,18.02,,635900.0
2011-11-16,17.86,17.98,17.22,17.28,,1327700.0
2011-11-17,17.27,17.32,16.39,16.84,,1022200.0
2011-11-18,16.94,17.02,16.55,16.69,,686800.0
2011-11-21,16.46,16.57,16.17,16.36,,1028700.0
2011-11-22,16.28,16.99,16.28,16.73,,1109900.0
2011-11-23,16.6,16.9,16.33,16.66,,958000.0
2011-11-25,16.57,16.74,16.19,16.26,,479500.0
2011-11-28,16.93,17.47,16.85,17.46,,1314600.0
2011-11-29,17.51,17.88,17.28,17.5,,1238500.0
2011-11-30,18.17,18.33,17.75,18.16,,2610300.0
2011-12-01,18.01,18.07,17.67,17.82,,1296900.0
2011-12-02,18.06,18.16,17.71,17.81,,884900.0
2011-12-05,18.17,18.23,17.65,17.84,,1017200.0
2011-12-06,17.94,17.96,17.66,17.7,,905700.0
2011-12-07,17.55,17.65,16.72,16.84,,1879000.0
2011-12-08,16.83,17.03,16.5,16.6,,1163700.0
2011-12-09,16.73,17.39,16.42,17.34,,1151100.0
2011-12-12,17.02,17.12,16.47,16.95,,1207900.0
2011-12-13,17.09,17.2,16.39,16.52,,1107900.0
2011-12-14,16.37,16.58,15.72,15.93,,1406300.0
2011-12-15,14.78,14.79,14.13,14.41,,5175900.0
2011-12-16,14.62,15.15,14.42,14.86,,2615700.0
2011-12-19,14.87,15.12,14.81,14.9,,1666000.0
2011-12-20,15.08,15.32,15.01,15.21,,1005800.0
2011-12-21,15.08,15.09,14.46,14.92,,1637800.0
2011-12-22,14.84,14.84,14.0,14.06,,2273300.0
2011-12-23,14.16,14.51,13.95,14.45,,1507300.0
2011-12-27,14.52,14.69,14.17,14.52,,762700.0
2011-12-28,14.45,14.5,14.02,14.07,,850500.0
2011-12-29,13.64,13.68,12.91,12.95,,3884900.0
2011-12-30,12.92,13.12,12.58,12.6,,2910400.0
2012-01-03,12.83,13.16,12.66,12.74,,1608700.0
2012-01-04,12.67,13.38,12.58,13.31,,2681000.0
2012-01-05,13.17,14.01,12.96,13.93,,3822400.0
2012-01-06,13.94,14.03,13.62,13.7,,2013200.0
2012-01-09,13.77,14.28,13.58,14.03,,2199600.0
2012-01-10,14.15,14.48,13.89,14.16,,2132000.0
2012-01-11,14.88,15.0,14.47,14.74,,2808200.0
2012-01-12,14.65,14.78,14.23,14.42,,1900400.0
2012-01-13,14.29,14.48,14.02,14.08,,1173300.0
2012-01-17,14.19,14.33,13.9,13.96,,1415100.0
2012-01-18,13.91,14.18,13.83,13.97,,934600.0
2012-01-19,14.01,14.29,13.85,14.19,,1393000.0
2012-01-20,14.18,14.5,13.96,13.98,,1317900.0
2012-01-23,13.97,14.03,13.38,13.56,,1711600.0
2012-01-24,13.49,13.57,13.06,13.52,,2333700.0
2012-01-25,13.57,13.88,13.37,13.82,,1490300.0
2012-01-26,13.79,13.98,13.4,13.72,,1684200.0
2012-01-27,13.66,13.94,13.53,13.77,,1003500.0
2012-01-30,13.63,13.83,13.45,13.47,,1160400.0
2012-01-31,13.52,13.67,13.33,13.47,,992400.0
2012-02-01,13.64,14.23,13.46,13.94,,1911800.0
2012-02-02,13.93,14.43,13.85,14.03,,1314800.0
2012-02-03,14.17,14.48,14.16,14.44,,1049300.0
2012-02-06,14.26,14.65,14.22,14.57,,1278100.0
2012-02-07,14.56,14.61,14.25,14.37,,1082400.0
2012-02-08,14.27,14.58,14.27,14.54,,1375500.0
2012-02-09,14.58,14.87,14.29,14.34,,1240900.0
2012-02-10,14.16,14.28,13.89,13.98,,1112800.0
2012-02-13,13.77,13.91,13.52,13.59,,1780900.0
2012-02-14,13.51,13.57,13.23,13.53,,1990100.0
2012-02-15,13.63,14.46,13.59,14.09,,2374500.0
2012-02-16,14.16,15.03,14.15,15.02,,2437300.0
2012-02-17,15.13,15.38,14.63,14.91,,1821800.0
2012-02-21,14.95,15.25,14.63,14.65,,1598800.0
2012-02-22,14.63,14.88,14.55,14.74,,1416900.0
2012-02-23,14.8,15.19,14.69,15.04,,3575100.0
2012-02-24,13.49,13.5,12.87,12.95,,10239100.0
2012-02-27,12.92,13.18,12.58,12.59,,5091300.0
2012-02-28,12.58,12.77,12.36,12.6,,3812300.0
2012-02-29,12.66,12.71,12.43,12.46,,2185200.0
2012-03-01,12.54,13.18,12.5,13.1,,3465400.0
2012-03-02,13.1,13.48,13.09,13.28,,1968200.0
2012-03-05,13.22,13.26,12.73,12.8,,2073300.0
2012-03-06,12.58,12.66,12.44,12.45,,1874400.0
2012-03-07,12.53,12.54,11.15,11.22,,7713800.0
2012-03-08,11.19,11.66,10.9,11.22,,5695300.0
2012-03-09,11.29,11.6,11.2,11.38,,2616500.0
2012-03-12,11.41,11.52,11.23,11.49,,1579000.0
2012-03-13,11.53,11.75,11.38,11.74,,1871900.0
2012-03-14,11.77,11.78,11.25,11.43,,1815800.0
2012-03-15,11.4,11.4,11.19,11.26,,2059200.0
2012-03-16,11.25,11.43,11.25,11.32,,1836900.0
2012-03-19,11.28,11.44,11.19,11.19,,1441400.0
2012-03-20,11.11,11.25,11.04,11.21,,1166600.0
2012-03-21,11.24,11.54,11.2,11.39,,1940100.0
2012-03-22,11.3,11.41,11.09,11.12,,1389000.0
2012-03-23,11.12,11.12,10.79,11.07,,1697600.0
2012-03-26,11.17,11.39,11.06,11.35,,1126000.0
2012-03-27,11.35,11.36,10.94,10.97,,1523700.0
2012-03-28,10.99,11.04,10.51,10.67,,2601600.0
2012-03-29,10.61,10.69,10.29,10.48,,2156100.0
2012-03-30,10.55,10.63,10.39,10.51,,1280000.0
2012-04-02,10.5,10.61,10.4,10.55,,1468400.0
2012-04-03,10.5,10.73,10.31,10.49,,2690600.0
2012-04-04,10.42,10.51,10.21,10.34,,1285700.0
2012-04-05,10.34,10.92,10.29,10.81,,2116200.0
2012-04-09,10.63,10.75,10.58,10.67,,1369500.0
2012-04-10,10.68,10.78,10.4,10.41,,1338000.0
2012-04-11,10.52,10.62,10.47,10.53,,1154800.0
2012-04-12,10.55,10.72,10.37,10.48,,1330100.0
2012-04-13,10.45,10.51,10.29,10.35,,699000.0
2012-04-16,10.39,10.45,10.18,10.26,,794700.0
2012-04-17,10.35,10.94,10.28,10.83,,2347700.0
2012-04-18,11.15,11.2,10.96,11.09,,2277000.0
2012-04-19,11.07,11.34,10.98,11.19,,1949700.0
2012-04-20,11.21,11.46,11.02,11.43,,2167100.0
2012-04-23,11.2,11.4,11.13,11.4,,1307000.0
2012-04-24,11.37,11.41,10.95,10.98,,1293500.0
2012-04-25,11.04,11.29,11.02,11.27,,1359300.0
2012-04-26,11.3,11.63,11.18,11.58,,4273400.0
2012-04-27,9.43,9.44,8.51,8.64,,14991800.0
2012-04-30,8.59,8.74,8.36,8.5,,4562600.0
2012-05-01,8.47,8.85,8.47,8.75,,3709900.0
2012-05-02,8.74,9.2,8.71,9.17,,2824500.0
2012-05-03,9.15,9.17,8.95,8.99,,2173300.0
2012-05-04,8.96,8.98,8.67,8.92,,1748100.0
2012-05-07,8.86,9.1,8.83,9.0,,1668600.0
2012-05-08,8.91,8.92,8.54,8.69,,1707900.0
2012-05-09,8.59,8.72,8.49,8.61,,1340000.0
2012-05-10,8.74,8.78,8.42,8.63,,1472800.0
2012-05-11,8.57,8.91,8.56,8.84,,1008300.0
2012-05-14,8.81,8.99,8.71,8.84,,1179400.0
2012-05-15,8.88,9.22,8.82,8.97,,1868100.0
2012-05-16,9.0,9.05,8.73,8.78,,1283800.0
2012-05-17,8.82,8.88,8.64,8.73,,1466800.0
2012-05-18,8.75,9.01,8.68,8.87,,1503900.0
2012-05-21,9.03,9.28,8.84,9.21,,1206700.0
2012-05-22,9.23,9.39,9.13,9.38,,1616600.0
2012-05-23,9.34,9.51,9.15,9.47,,1187100.0
2012-05-24,9.51,9.53,9.24,9.35,,749700.0
2012-05-25,9.37,9.85,9.37,9.69,,1463800.0
2012-05-29,9.78,9.79,9.58,9.75,,1073100.0
2012-05-30,9.69,9.69,9.1,9.35,,1688400.0
2012-05-31,9.36,9.36,9.14,9.28,,872500.0
2012-06-01,9.0,9.13,8.8,8.84,,1345100.0
2012-06-04,9.06,9.08,8.53,8.68,,2007600.0
2012-06-05,8.67,8.89,8.52,8.84,,1489400.0
2012-06-06,8.9,8.98,8.69,8.89,,1388700.0
2012-06-07,8.95,9.04,8.68,8.86,,1372500.0
2012-06-08,8.83,9.0,8.72,9.0,,859900.0
2012-06-11,9.08,9.15,8.76,8.76,,919200.0
2012-06-12,8.79,8.84,8.57,8.71,,1276300.0
2012-06-13,8.67,8.77,8.09,8.16,,2727700.0
2012-06-14,8.15,8.25,7.83,8.0,,2490900.0
2012-06-15,8.0,8.12,7.92,8.1,,1517100.0
2012-06-18,8.07,8.26,7.9,8.24,,1019200.0
2012-06-19,8.29,8.29,7.9,8.0,,2010400.0
2012-06-20,8.02,8.03,7.81,7.85,,2313300.0
2012-06-21,7.89,7.91,7.42,7.45,,2450500.0
2012-06-22,7.56,7.67,7.47,7.5,,1881500.0
2012-06-25,7.43,7.5,7.25,7.39,,1475000.0
2012-06-26,7.39,7.48,7.28,7.37,,1294100.0
2012-06-27,7.37,7.45,7.3,7.38,,1320100.0
2012-06-28,7.34,7.45,7.14,7.21,,1327900.0
2012-06-29,7.32,7.4,7.03,7.33,,1715600.0
2012-07-02,7.34,7.4,7.23,7.29,,975900.0
2012-07-03,7.28,7.44,7.28,7.36,,497100.0
2012-07-05,7.35,7.96,7.33,7.92,,2149800.0
2012-07-06,7.67,7.73,7.41,7.51,,2015400.0
2012-07-09,7.5,7.53,7.32,7.45,,929100.0
2012-07-10,7.52,7.61,7.42,7.48,,859000.0
2012-07-11,7.47,7.81,7.4,7.75,,1957400.0
2012-07-12,7.72,7.81,7.47,7.74,,1084100.0
2012-07-13,7.74,8.07,7.53,7.83,,3591600.0
2012-07-16,7.75,7.96,7.68,7.7,,2027600.0
2012-07-17,7.75,7.96,7.66,7.81,,1252000.0
2012-07-18,7.82,8.07,7.77,7.98,,2187000.0
2012-07-19,8.0,8.25,7.98,8.09,,979500.0
2012-07-20,8.07,8.09,7.75,7.78,,1294300.0
2012-07-23,7.33,7.45,7.15,7.24,,2509900.0
2012-07-24,7.24,7.27,7.0,7.08,,1780300.0
2012-07-25,7.0,7.05,6.74,6.78,,2279200.0
2012-07-26,6.94,7.03,6.65,7.02,,3600000.0
2012-07-27,7.58,7.58,6.71,7.44,,7571000.0
2012-07-30,7.47,7.54,7.06,7.12,,1997200.0
2012-07-31,7.05,7.12,6.75,6.95,,2112900.0
2012-08-01,6.98,7.04,6.83,6.92,,1179000.0
2012-08-02,6.83,7.02,6.65,6.7,,1482100.0
2012-08-03,6.83,7.03,6.81,6.97,,1279500.0
2012-08-06,7.02,7.12,6.96,7.02,,1497500.0
2012-08-07,7.11,7.56,7.07,7.5,,2333600.0
2012-08-08,7.46,7.55,7.27,7.31,,1419900.0
2012-08-09,7.29,7.49,7.26,7.45,,1029700.0
2012-08-10,7.43,7.62,7.38,7.5,,1212300.0
2012-08-13,7.48,7.66,7.46,7.62,,905100.0
2012-08-14,7.5,7.62,7.42,7.46,,1321000.0
2012-08-15,7.46,7.75,7.46,7.7,,1201600.0
2012-08-16,7.7,8.09,7.7,8.07,,3644900.0
2012-08-17,8.08,8.52,8.07,8.46,,3770600.0
2012-08-20,8.46,8.46,8.2,8.39,,1544800.0
2012-08-21,8.39,8.56,8.33,8.54,,909600.0
2012-08-22,8.52,8.61,8.33,8.44,,1124500.0
2012-08-23,8.45,8.49,8.09,8.18,,1539600.0
2012-08-24,8.17,8.32,8.1,8.26,,1067900.0
2012-08-27,8.31,8.35,8.08,8.11,,1107400.0
2012-08-28,8.12,8.32,8.05,8.22,,847200.0
2012-08-29,8.24,8.31,8.11,8.24,,689200.0
2012-08-30,8.21,8.29,8.13,8.17,,617600.0
2012-08-31,8.24,8.33,8.17,8.25,,597600.0
2012-09-04,8.25,8.27,7.93,8.1,,1342100.0
2012-09-05,7.93,7.99,7.59,7.64,,2608700.0
2012-09-06,7.71,8.0,7.61,7.87,,1406000.0
2012-09-07,7.91,7.92,7.65,7.69,,1432300.0
2012-09-10,7.66,7.77,7.64,7.69,,1449400.0
2012-09-11,7.71,7.71,7.48,7.53,,1698200.0
2012-09-12,7.58,7.62,7.47,7.49,,1042100.0
2012-09-13,7.52,7.6,7.29,7.6,,1326800.0
2012-09-14,7.64,8.27,7.64,8.15,,2738100.0
2012-09-17,7.92,8.01,7.75,8.0,,1630800.0
2012-09-18,7.71,7.74,7.2,7.33,,3405400.0
2012-09-19,7.02,7.03,6.57,6.88,,8322700.0
2012-09-20,6.8,6.8,6.43,6.5,,4163200.0
2012-09-21,6.53,6.58,6.4,6.45,,2346100.0
2012-09-24,6.42,6.48,6.17,6.25,,3584200.0
2012-09-25,6.08,6.15,5.81,5.83,,5409000.0
2012-09-26,5.92,6.15,5.76,6.04,,2883400.0
2012-09-27,6.05,6.1,5.96,6.05,,1575400.0
2012-09-28,6.02,6.14,5.93,6.11,,1324600.0
2012-10-01,6.2,6.23,5.97,6.04,,1763500.0
2012-10-02,6.08,6.15,6.0,6.12,,1130200.0
2012-10-03,6.15,6.36,6.13,6.29,,1716500.0
2012-10-04,6.3,6.33,6.18,6.25,,1012100.0
2012-10-05,6.28,6.33,5.97,6.0,,1839000.0
2012-10-08,5.95,6.09,5.89,5.98,,1621700.0
2012-10-09,5.98,6.08,5.88,5.91,,1698500.0
2012-10-10,5.9,5.96,5.82,5.84,,1173000.0
2012-10-11,5.94,6.23,5.91,6.11,,1691400.0
2012-10-12,6.11,6.23,6.0,6.07,,830400.0
2012-10-15,6.08,6.17,5.85,5.88,,1319200.0
2012-10-16,5.96,6.18,5.9,6.07,,1633600.0
2012-10-17,6.14,6.51,6.0,6.47,,2932700.0
2012-10-18,6.47,6.57,6.35,6.41,,1287600.0
2012-10-19,6.39,6.39,6.1,6.18,,1306400.0
2012-10-22,6.15,6.33,6.03,6.17,,1539200.0
2012-10-23,6.1,6.29,6.05,6.2,,1474100.0
2012-10-24,6.22,6.29,5.96,6.19,,2029800.0
2012-10-25,6.24,6.33,5.84,5.92,,3884900.0
2012-10-26,4.84,5.08,4.8,4.91,,9278600.0
2012-10-31,4.92,4.94,4.76,4.77,,2484600.0
2012-11-01,4.83,4.99,4.77,4.96,,2579100.0
2012-11-02,5.13,5.23,5.03,5.05,,2184900.0
2012-11-05,5.06,5.38,5.05,5.35,,1700100.0
2012-11-06,5.37,5.66,5.26,5.66,,2149100.0
2012-11-07,5.62,5.62,5.29,5.31,,2398700.0
2012-11-08,5.31,5.39,5.13,5.15,,985900.0
2012-11-09,5.14,5.26,5.06,5.11,,1451700.0
2012-11-12,5.36,5.37,5.16,5.2,,1446000.0
2012-11-13,5.16,5.17,4.97,4.98,,1675100.0
2012-11-14,5.06,5.1,4.93,4.96,,1479300.0
2012-11-15,4.98,5.09,4.97,5.07,,1190700.0
2012-11-16,5.06,5.18,4.97,5.16,,2748600.0
2012-11-19,5.22,5.61,5.21,5.6,,2687900.0
2012-11-20,5.59,5.9,5.5,5.69,,2734700.0
2012-11-21,5.72,5.79,5.56,5.58,,782100.0
2012-11-23,5.6,5.67,5.47,5.51,,656300.0
2012-11-26,5.78,5.96,5.72,5.88,,4043800.0
2012-11-27,5.85,6.17,5.82,6.04,,3024400.0
2012-11-28,6.0,6.64,5.97,6.55,,5498400.0
2012-11-29,6.65,6.65,6.19,6.46,,2627200.0
2012-11-30,6.44,6.51,6.25,6.38,,2063600.0
2012-12-03,7.02,7.09,6.79,7.06,,6455600.0
2012-12-04,7.0,7.04,6.76,6.82,,2354500.0
2012-12-05,7.0,7.02,6.8,6.89,,1498600.0
2012-12-06,6.89,6.96,6.81,6.93,,1342900.0
2012-12-07,6.99,7.36,6.98,7.13,,3328000.0
2012-12-10,7.06,7.08,6.55,6.57,,3651900.0
2012-12-11,6.44,6.67,6.29,6.5,,3046100.0
2012-12-12,6.67,6.67,6.38,6.39,,1573500.0
2012-12-13,6.43,6.7,6.38,6.43,,1976500.0
2012-12-14,6.41,6.47,6.19,6.22,,1861600.0
2012-12-17,6.22,6.37,6.11,6.17,,1338600.0
2012-12-18,6.17,6.26,6.08,6.22,,1579200.0
2012-12-19,6.22,6.23,5.92,5.95,,2985500.0
2012-12-20,5.94,5.99,5.76,5.82,,2271900.0
2012-12-21,5.76,5.82,5.67,5.75,,2332400.0
2012-12-24,5.73,5.83,5.67,5.81,,1070200.0
2012-12-26,5.83,5.91,5.77,5.81,,1383800.0
2012-12-27,5.84,6.45,5.82,6.35,,4555900.0
2012-12-28,6.31,6.44,6.21,6.32,,2234300.0
2012-12-31,6.32,6.77,6.3,6.71,,2701000.0
2013-01-02,6.96,6.99,6.32,6.41,,3595100.0
2013-01-03,6.54,6.89,6.51,6.54,,2928800.0
2013-01-04,6.53,6.73,6.51,6.63,,1689000.0
2013-01-07,6.59,6.62,6.43,6.5,,1032200.0
2013-01-08,6.33,6.4,6.14,6.24,,2144800.0
2013-01-09,6.22,6.27,5.95,6.02,,3172700.0
2013-01-10,6.07,6.24,5.95,6.17,,2766200.0
2013-01-11,6.25,6.36,6.08,6.11,,2254700.0
2013-01-14,6.07,6.37,6.07,6.36,,2063200.0
2013-01-15,6.29,6.83,6.29,6.8,,3802800.0
2013-01-16,6.77,6.78,6.4,6.43,,3486700.0
2013-01-17,6.43,6.56,6.14,6.19,,3315000.0
2013-01-18,6.22,6.24,6.08,6.22,,2202600.0
2013-01-22,6.23,6.4,6.14,6.36,,2680300.0
2013-01-23,6.35,6.37,6.24,6.29,,1092800.0
2013-01-24,6.3,6.64,6.29,6.49,,2341300.0
2013-01-25,6.57,7.09,6.53,6.97,,3141700.0
2013-01-28,6.93,6.98,6.75,6.94,,1468900.0
2013-01-29,6.92,6.99,6.68,6.73,,1384500.0
2013-01-30,6.75,6.81,6.56,6.57,,1472700.0
2013-01-31,6.55,6.81,6.51,6.66,,1617500.0
2013-02-01,6.7,6.77,6.57,6.65,,979200.0
2013-02-04,6.83,7.13,6.82,6.9,,2657900.0
2013-02-05,6.96,7.03,6.69,6.76,,1752900.0
2013-02-06,6.75,6.98,6.74,6.9,,1426000.0
2013-02-07,6.9,7.31,6.9,7.26,,2922900.0
2013-02-08,7.27,7.4,7.07,7.26,,2261700.0
2013-02-11,7.42,7.46,7.18,7.4,,1986800.0
2013-02-12,7.4,7.53,7.33,7.42,,1885100.0
2013-02-13,7.41,7.43,7.21,7.26,,1273700.0
2013-02-14,7.24,7.37,7.18,7.28,,1039900.0
2013-02-15,7.27,7.38,7.09,7.14,,1493100.0
2013-02-19,7.17,7.49,7.09,7.45,,1966500.0
2013-02-20,7.31,7.45,7.1,7.17,,1728200.0
2013-02-21,7.1,7.25,6.7,6.81,,1907500.0
2013-02-22,6.94,7.03,6.69,6.76,,1015700.0
2013-02-25,6.82,7.02,6.77,6.78,,1818800.0
2013-02-26,6.8,6.94,6.6,6.72,,908600.0
2013-02-27,6.72,6.83,6.69,6.73,,1324200.0
2013-02-28,6.75,6.89,6.65,6.74,,3167500.0
2013-03-01,7.37,7.83,7.27,7.77,,9319600.0
2013-03-04,7.69,8.01,7.69,7.89,,2290900.0
2013-03-05,7.93,8.08,7.86,8.0,,1693900.0
2013-03-06,8.0,8.23,8.0,8.12,,1255300.0
2013-03-07,8.12,8.35,8.09,8.18,,1508400.0
2013-03-08,8.19,8.25,8.0,8.13,,1105200.0
2013-03-11,8.06,8.19,8.01,8.11,,1044800.0
2013-03-12,8.08,8.27,8.02,8.14,,1327500.0
2013-03-13,8.13,8.27,8.08,8.18,,609100.0
2013-03-14,8.21,8.34,8.11,8.28,,841600.0
2013-03-15,8.29,8.46,8.25,8.33,,1725700.0
2013-03-18,8.23,8.31,8.09,8.19,,1110100.0
2013-03-19,8.19,8.28,7.99,8.13,,914600.0
2013-03-20,8.19,8.53,8.11,8.39,,1402600.0
2013-03-21,8.36,8.45,8.18,8.4,,836500.0
2013-03-22,8.45,8.47,8.2,8.35,,637100.0
2013-03-25,8.42,8.43,8.19,8.27,,1079300.0
2013-03-26,8.27,8.43,8.25,8.37,,1090700.0
2013-03-27,8.31,8.81,8.25,8.75,,1977500.0
2013-03-28,9.33,9.45,9.05,9.28,,3130800.0
2013-04-01,9.29,9.3,8.94,9.0,,1332100.0
2013-04-02,9.05,9.32,9.0,9.22,,1250200.0
2013-04-03,9.16,9.27,9.02,9.12,,1324900.0
2013-04-04,9.07,9.31,9.04,9.3,,715000.0
2013-04-05,9.11,9.29,9.04,9.25,,741000.0
2013-04-08,9.31,9.4,9.22,9.37,,1042800.0
2013-04-09,9.38,9.42,9.26,9.35,,724500.0
2013-04-10,9.42,9.82,9.39,9.75,,1783500.0
2013-04-11,9.74,9.92,9.59,9.85,,1594100.0
2013-04-12,9.73,9.89,9.59,9.81,,1011200.0
2013-04-15,9.78,9.81,9.38,9.46,,1244500.0
2013-04-16,9.57,9.82,9.49,9.78,,908200.0
2013-04-17,9.72,9.8,9.51,9.7,,858700.0
2013-04-18,9.69,9.71,9.43,9.5,,1068500.0
2013-04-19,9.5,9.7,9.3,9.66,,1162100.0
2013-04-22,9.68,9.81,9.46,9.77,,1157200.0
2013-04-23,9.87,10.04,9.78,9.95,,1192700.0
2013-04-24,10.0,10.04,9.83,9.85,,1126300.0
2013-04-25,9.93,10.01,9.74,9.9,,2500000.0
2013-04-26,9.7,9.7,8.92,9.05,,3657500.0
2013-04-29,9.06,9.19,8.93,9.02,,1242000.0
2013-04-30,8.9,9.21,8.78,9.19,,1218600.0
2013-05-01,9.23,9.29,8.98,9.01,,941300.0
2013-05-02,9.05,9.07,8.88,9.03,,687500.0
2013-05-03,9.16,9.2,8.99,9.0,,757700.0
2013-05-06,8.99,9.13,8.89,8.95,,806500.0
2013-05-07,9.0,9.08,8.9,9.04,,564100.0
2013-05-08,9.04,9.29,9.03,9.26,,873800.0
2013-05-09,9.25,9.37,9.06,9.08,,696300.0
2013-05-10,9.11,9.41,9.07,9.4,,711300.0
2013-05-13,9.38,9.54,9.21,9.22,,631500.0
2013-05-14,9.24,9.32,9.23,9.31,,465100.0
2013-05-15,9.3,9.34,9.03,9.04,,677800.0
2013-05-16,9.01,9.05,8.69,8.75,,1052600.0
2013-05-17,8.82,8.88,8.59,8.75,,904700.0
2013-05-20,8.77,8.83,8.64,8.79,,1166100.0
2013-05-21,8.78,9.12,8.77,9.08,,798600.0
2013-05-22,9.07,9.37,9.04,9.14,,857500.0
2013-05-23,9.0,9.0,8.84,8.95,,879100.0
2013-05-24,8.85,8.92,8.7,8.91,,604000.0
2013-05-28,9.01,9.14,8.89,8.9,,618500.0
2013-05-29,8.84,9.11,8.78,8.99,,651300.0
2013-05-30,8.99,9.2,8.93,9.11,,383300.0
2013-05-31,9.05,9.23,8.9,8.95,,530400.0
2013-06-03,8.95,9.09,8.79,9.07,,707000.0
2013-06-04,9.05,9.28,8.96,9.07,,497700.0
2013-06-05,9.02,9.07,8.72,8.85,,539400.0
2013-06-06,8.79,9.0,8.74,8.95,,496000.0
2013-06-07,9.01,9.03,8.89,8.9,,395500.0
2013-06-10,8.92,9.05,8.84,8.89,,577200.0
2013-06-11,8.79,8.96,8.63,8.8,,565200.0
2013-06-12,8.88,8.91,8.6,8.68,,482200.0
2013-06-13,8.68,9.06,8.6,8.97,,621200.0
2013-06-14,8.96,9.19,8.89,9.17,,619300.0
2013-06-17,9.25,9.37,9.05,9.09,,600500.0
2013-06-18,9.1,9.16,8.86,8.92,,594200.0
2013-06-19,8.86,8.92,8.72,8.79,,527000.0
2013-06-20,8.66,8.75,8.37,8.45,,801100.0
2013-06-21,8.49,8.51,8.03,8.13,,1274100.0
2013-06-24,8.02,8.1,7.77,7.89,,911000.0
2013-06-25,8.02,8.12,7.94,7.98,,804000.0
2013-06-26,8.05,8.07,7.92,7.99,,537400.0
2013-06-27,8.05,8.2,8.01,8.19,,568800.0
2013-06-28,8.18,8.49,8.07,8.42,,983300.0
2013-07-01,8.45,8.67,8.43,8.64,,558100.0
2013-07-02,8.58,8.63,8.43,8.54,,535700.0
2013-07-03,8.44,8.63,8.38,8.51,,365700.0
2013-07-05,8.58,8.74,8.55,8.67,,247600.0
2013-07-08,8.7,8.86,8.7,8.82,,534600.0
2013-07-09,8.87,9.04,8.74,9.04,,843100.0
2013-07-10,9.02,9.06,8.87,8.97,,507000.0
2013-07-11,9.06,9.14,8.86,9.02,,513400.0
2013-07-12,9.02,9.31,8.97,9.28,,1035600.0
2013-07-15,9.66,9.7,9.47,9.57,,924300.0
2013-07-16,9.63,9.7,9.51,9.62,,1093900.0
2013-07-17,9.62,9.75,9.52,9.62,,595200.0
2013-07-18,9.51,9.54,9.27,9.46,,2737000.0
2013-07-19,9.51,9.66,9.35,9.39,,1285400.0
2013-07-22,9.37,9.69,9.32,9.65,,1029500.0
2013-07-23,9.42,9.77,9.35,9.66,,1030400.0
2013-07-24,9.7,9.75,9.55,9.64,,793300.0
2013-07-25,9.58,10.0,9.57,9.81,,1450700.0
2013-07-26,9.13,9.35,8.78,8.93,,2611100.0
2013-07-29,8.92,8.99,8.83,8.88,,685100.0
2013-07-30,8.91,9.11,8.88,9.1,,852100.0
2013-07-31,9.16,9.27,9.03,9.15,,715600.0
2013-08-01,9.25,9.62,9.22,9.6,,1098100.0
2013-08-02,9.59,9.67,9.4,9.63,,740600.0
2013-08-05,9.63,9.93,9.6,9.87,,798800.0
2013-08-06,9.84,9.89,9.67,9.72,,776800.0
2013-08-07,9.65,9.76,9.61,9.66,,466200.0
2013-08-08,9.69,9.79,9.66,9.72,,522000.0
2013-08-09,9.69,9.76,9.6,9.71,,447400.0
2013-08-12,9.71,9.75,9.62,9.72,,346000.0
2013-08-13,9.72,9.81,9.51,9.62,,508700.0
2013-08-14,9.6,9.65,9.52,9.56,,356300.0
2013-08-15,9.46,9.59,9.34,9.38,,550500.0
2013-08-16,9.37,9.57,9.36,9.37,,407400.0
2013-08-19,9.35,9.81,9.33,9.49,,725300.0
2013-08-20,9.49,9.8,9.43,9.67,,485300.0
2013-08-21,9.64,10.25,9.56,9.95,,1240700.0
2013-08-22,9.97,10.04,9.78,9.89,,652800.0
2013-08-23,9.96,9.98,9.88,9.93,,499700.0
2013-08-26,9.94,10.0,9.75,9.78,,452000.0
2013-08-27,9.7,9.79,9.4,9.5,,640800.0
2013-08-28,9.5,9.67,9.44,9.6,,496600.0
2013-08-29,9.6,9.89,9.53,9.84,,582300.0
2013-08-30,9.83,9.91,9.7,9.79,,474400.0
2013-09-03,9.88,10.12,9.87,10.0,,995800.0
2013-09-04,10.0,10.25,9.92,10.19,,833100.0
2013-09-05,10.24,10.42,10.17,10.32,,877100.0
2013-09-06,10.37,10.4,10.07,10.21,,661700.0
2013-09-09,10.25,10.47,10.22,10.39,,515000.0
2013-09-10,10.45,10.48,10.19,10.29,,889000.0
2013-09-11,10.23,10.25,9.83,9.96,,1215500.0
2013-09-12,9.93,10.03,9.82,9.87,,681900.0
2013-09-13,9.91,10.01,9.72,9.96,,825900.0
2013-09-16,10.06,10.2,9.99,10.0,,706100.0
2013-09-17,10.02,10.16,9.95,10.03,,540900.0
2013-09-18,10.04,10.2,9.91,10.12,,543500.0
2013-09-19,10.17,10.45,10.09,10.3,,520900.0
2013-09-20,10.31,10.32,10.07,10.12,,556300.0
2013-09-23,10.13,10.41,10.02,10.35,,675000.0
2013-09-24,10.35,10.5,10.2,10.29,,1344100.0
2013-09-25,10.27,10.66,10.13,10.66,,2283700.0
2013-09-26,10.66,11.09,10.63,11.02,,1917100.0
2013-09-27,11.04,11.14,10.81,10.87,,1043600.0
2013-09-30,10.77,11.07,10.57,10.99,,809700.0
2013-10-01,11.24,11.36,11.09,11.21,,1520900.0
2013-10-02,11.09,11.3,11.0,11.23,,750700.0
2013-10-03,11.26,11.47,10.87,11.03,,1670400.0
2013-10-04,11.11,11.43,11.07,11.32,,1405100.0
2013-10-07,11.21,11.26,10.51,10.53,,2717800.0
2013-10-08,10.54,10.56,10.13,10.21,,1529700.0
2013-10-09,10.26,10.42,10.02,10.36,,1672400.0
2013-10-10,10.43,10.57,10.02,10.22,,2262200.0
2013-10-11,10.24,10.29,10.1,10.19,,1581100.0
2013-10-14,10.12,10.38,10.05,10.25,,1211300.0
2013-10-15,10.25,10.34,10.04,10.07,,1273700.0
2013-10-16,10.13,10.24,9.94,10.09,,1629700.0
2013-10-17,10.06,10.26,9.95,9.99,,1819900.0
2013-10-18,10.0,10.08,9.88,9.92,,2286100.0
2013-10-21,9.86,9.93,9.52,9.68,,2562000.0
2013-10-22,9.73,9.95,9.53,9.92,,1957900.0
2013-10-23,9.87,9.89,9.59,9.64,,1423300.0
2013-10-24,9.66,9.72,9.48,9.68,,2630700.0
2013-10-25,11.42,11.74,11.05,11.66,,7862200.0
2013-10-28,11.72,11.8,11.26,11.35,,2587700.0
2013-10-29,11.3,11.43,11.16,11.36,,1375900.0
2013-10-30,11.38,11.44,11.11,11.19,,914200.0
2013-10-31,11.17,11.57,11.17,11.46,,1104200.0
2013-11-01,11.47,11.6,11.39,11.43,,633100.0
2013-11-04,11.48,11.69,11.47,11.65,,1219800.0
2013-11-05,11.57,12.01,11.52,11.93,,2000000.0
2013-11-06,11.96,12.02,11.39,11.5,,1058400.0
2013-11-07,11.53,11.55,11.07,11.15,,1102000.0
2013-11-08,11.16,11.44,11.16,11.38,,700500.0
2013-11-11,11.43,12.18,11.42,11.96,,1740900.0
2013-11-12,11.97,12.33,11.87,12.14,,1628000.0
2013-11-13,12.02,12.96,12.01,12.8,,3231000.0
2013-11-14,12.8,12.89,12.64,12.86,,1361900.0
2013-11-15,13.05,13.14,12.87,13.12,,1282300.0
2013-11-18,13.27,13.29,12.83,12.89,,1292600.0
2013-11-19,12.87,12.99,12.59,12.62,,1423800.0
2013-11-20,12.66,12.92,12.65,12.84,,1142000.0
2013-11-21,12.86,13.06,12.82,13.01,,729100.0
2013-11-22,12.98,13.33,12.92,13.32,,1209000.0
2013-11-25,13.44,13.84,13.42,13.61,,1698100.0
2013-11-26,13.61,13.82,13.53,13.77,,942400.0
2013-11-27,13.78,13.9,13.52,13.73,,773500.0
2013-11-29,13.71,13.83,13.5,13.77,,535900.0
2013-12-02,13.92,14.28,13.86,13.99,,1504500.0
2013-12-03,14.03,14.37,13.85,14.35,,1668100.0
2013-12-04,14.55,14.64,14.05,14.21,,2586500.0
2013-12-05,14.2,14.48,13.97,14.27,,941600.0
2013-12-06,14.35,14.42,13.97,14.17,,1026800.0
2013-12-09,14.21,14.44,14.2,14.32,,756400.0
2013-12-10,14.17,14.3,13.77,14.23,,1494100.0
2013-12-11,14.26,14.33,13.95,13.96,,1028000.0
2013-12-12,13.99,14.12,13.72,13.88,,1368400.0
2013-12-13,13.9,14.27,13.9,14.09,,816400.0
2013-12-16,14.08,14.17,13.78,13.86,,1483600.0
2013-12-17,13.83,13.89,13.64,13.81,,1134800.0
2013-12-18,13.87,14.07,13.7,14.03,,1267900.0
2013-12-19,13.89,14.0,13.49,13.56,,1341100.0
2013-12-20,13.56,14.14,13.56,14.12,,1810500.0
2013-12-23,14.21,14.24,13.92,14.1,,808100.0
2013-12-24,14.03,14.18,13.97,14.07,,403200.0
2013-12-26,14.07,14.46,14.07,14.14,,590400.0
2013-12-27,14.12,14.25,13.85,13.97,,438600.0
2013-12-30,13.97,14.27,13.92,14.04,,674800.0
2013-12-31,14.05,14.09,13.89,14.08,,411700.0
2014-01-02,14.04,14.17,13.85,13.98,,595400.0
2014-01-03,14.02,14.31,13.98,14.29,,894100.0
2014-01-06,14.38,14.79,14.21,14.66,,1870500.0
2014-01-07,14.67,15.01,14.3,14.49,,1369200.0
2014-01-08,14.5,14.6,14.26,14.32,,665900.0
2014-01-09,14.5,14.81,14.45,14.69,,1184300.0
2014-01-10,14.65,14.86,14.48,14.76,,1254100.0
2014-01-13,14.49,14.67,14.09,14.21,,1261100.0
2014-01-14,14.28,14.45,13.49,13.77,,2713000.0
2014-01-15,13.85,14.1,13.81,13.84,,1112500.0
2014-01-16,13.84,13.91,12.54,12.61,,3933600.0
2014-01-17,12.71,12.85,12.4,12.5,,1591100.0
2014-01-21,12.67,12.92,12.54,12.71,,1464700.0
2014-01-22,12.62,12.92,12.24,12.41,,1627700.0
2014-01-23,12.42,12.68,12.24,12.29,,1303100.0
2014-01-24,12.2,12.63,12.11,12.45,,1448400.0
2014-01-27,12.49,12.87,12.27,12.74,,1345000.0
2014-01-28,12.74,13.08,12.67,13.02,,1209000.0
2014-01-29,12.94,12.94,12.35,12.45,,1360600.0
2014-01-30,12.7,13.32,12.67,13.11,,1364200.0
2014-01-31,12.88,13.36,12.76,12.99,,1115900.0
2014-02-03,12.95,13.11,12.5,12.56,,1321400.0
2014-02-04,12.69,12.93,12.52,12.62,,1074300.0
2014-02-05,12.68,13.14,12.42,13.06,,1408600.0
2014-02-06,13.08,13.32,12.98,13.04,,1292300.0
2014-02-07,13.06,13.61,13.0,13.54,,1036100.0
2014-02-10,13.59,13.67,13.3,13.57,,898600.0
2014-02-11,13.56,13.68,13.26,13.68,,900700.0
2014-02-12,13.73,13.87,13.55,13.74,,795400.0
2014-02-13,13.62,14.2,13.55,14.12,,1094200.0
2014-02-14,14.05,14.19,13.82,14.03,,674200.0
2014-02-18,14.12,14.55,14.06,14.38,,976600.0
2014-02-19,14.46,14.64,14.25,14.25,,953600.0
2014-02-20,14.25,14.55,14.05,14.26,,794200.0
2014-02-21,14.25,14.38,13.77,13.93,,1511800.0
2014-02-24,14.07,14.33,13.96,14.04,,1090100.0
2014-02-25,14.11,14.2,13.9,14.02,,1125000.0
2014-02-26,14.08,14.22,13.63,13.72,,1533700.0
2014-02-27,13.81,14.29,13.8,14.11,,2362900.0
2014-02-28,12.25,12.58,11.78,12.39,,9704600.0
2014-03-03,12.22,12.32,11.97,12.14,,1926500.0
2014-03-04,12.26,12.5,12.2,12.38,,1461100.0
2014-03-05,12.4,12.66,12.4,12.5,,1347300.0
2014-03-06,12.52,12.75,12.5,12.68,,983300.0
2014-03-07,12.76,12.79,12.55,12.71,,779200.0
2014-03-10,12.72,12.83,12.53,12.69,,621600.0
2014-03-11,12.68,12.75,12.47,12.51,,860900.0
2014-03-12,12.42,12.49,12.19,12.31,,974400.0
2014-03-13,12.28,12.41,12.1,12.14,,856900.0
2014-03-14,12.18,12.35,12.09,12.27,,721100.0
2014-03-17,12.33,12.51,12.23,12.28,,636700.0
2014-03-18,12.3,12.58,12.28,12.57,,976400.0
2014-03-19,12.62,12.75,12.47,12.57,,554600.0
2014-03-20,12.58,12.83,12.51,12.79,,494200.0
2014-03-21,12.79,12.91,12.52,12.55,,703000.0
2014-03-24,12.61,13.0,12.53,12.98,,950800.0
2014-03-25,13.07,13.21,12.67,12.86,,883400.0
2014-03-26,12.87,13.06,12.76,12.78,,572000.0
2014-03-27,12.8,13.04,12.68,12.98,,670800.0
2014-03-28,13.02,13.36,12.82,13.16,,599000.0
2014-03-31,13.03,13.33,13.03,13.29,,464700.0
2014-04-01,13.22,13.53,13.06,13.52,,630800.0
2014-04-02,13.43,13.46,13.12,13.31,,780600.0
2014-04-03,13.07,13.5,12.55,13.21,,673200.0
2014-04-04,13.38,13.68,13.24,13.33,,1160900.0
2014-04-07,13.25,13.36,13.0,13.07,,835000.0
2014-04-08,13.03,13.21,12.94,13.04,,600600.0
2014-04-09,13.12,13.39,13.01,13.35,,486500.0
2014-04-10,13.39,13.54,13.02,13.11,,567100.0
2014-04-11,12.98,12.99,12.6,12.69,,756300.0
2014-04-14,12.76,12.85,12.66,12.76,,496600.0
2014-04-15,12.75,13.14,12.61,13.06,,891900.0
2014-04-16,13.18,13.3,13.03,13.05,,542300.0
2014-04-17,13.03,13.09,12.71,12.81,,764700.0
2014-04-21,12.76,13.1,12.74,12.93,,572300.0
2014-04-22,12.86,13.32,12.86,13.26,,700300.0
2014-04-23,13.25,13.32,13.06,13.13,,511800.0
2014-04-24,13.23,13.25,12.73,13.09,,1170200.0
2014-04-25,13.87,14.05,13.57,13.86,,2198300.0
2014-04-28,14.03,14.13,13.36,13.46,,1562800.0
2014-04-29,13.64,13.68,13.24,13.51,,773800.0
2014-04-30,13.44,13.57,13.12,13.16,,733300.0
2014-05-01,13.04,13.41,13.04,13.36,,642600.0
2014-05-02,13.36,13.51,13.27,13.3,,392000.0
2014-05-05,13.33,13.48,13.1,13.42,,412600.0
2014-05-06,13.35,13.45,13.01,13.03,,585400.0
2014-05-07,13.09,13.13,12.52,12.72,,705400.0
2014-05-08,12.72,13.15,12.63,12.83,,368500.0
2014-05-09,12.87,13.36,12.83,13.31,,935300.0
2014-05-12,13.35,13.6,13.25,13.59,,507700.0
2014-05-13,13.58,13.7,13.43,13.52,,328200.0
2014-05-14,13.52,13.54,13.13,13.17,,413500.0
2014-05-15,13.15,13.17,12.83,13.1,,496300.0
2014-05-16,13.04,13.24,12.98,13.2,,433000.0
2014-05-19,13.4,13.52,13.25,13.26,,477500.0
2014-05-20,13.22,13.28,12.82,12.87,,461100.0
2014-05-21,12.91,12.99,12.75,12.89,,260900.0
2014-05-22,12.89,13.08,12.87,12.91,,258800.0
2014-05-23,12.95,13.01,12.72,12.8,,455100.0
2014-05-27,13.0,13.17,12.88,13.04,,592700.0
2014-05-28,12.97,13.07,12.67,12.91,,565000.0
2014-05-29,12.96,13.11,12.87,12.91,,414900.0
2014-05-30,12.94,13.05,12.8,12.88,,494500.0
2014-06-02,12.94,13.18,12.82,13.07,,299700.0
2014-06-03,13.02,13.35,12.97,13.28,,494800.0
2014-06-04,13.2,13.41,13.03,13.31,,409700.0
2014-06-05,13.33,13.55,13.17,13.43,,410500.0
2014-06-06,13.47,13.68,13.33,13.66,,377400.0
2014-06-09,13.64,13.81,13.6,13.72,,403500.0
2014-06-10,13.65,13.71,13.41,13.42,,374400.0
2014-06-11,13.32,13.43,13.06,13.23,,550900.0
2014-06-12,13.15,13.24,12.96,13.04,,431700.0
2014-06-13,13.06,13.13,12.86,13.07,,228500.0
2014-06-16,13.04,13.22,13.03,13.19,,254500.0
2014-06-17,13.15,13.57,13.02,13.47,,467000.0
2014-06-18,13.47,13.54,13.35,13.51,,315300.0
2014-06-19,13.54,13.62,13.38,13.48,,243900.0
2014-06-20,13.72,13.72,13.33,13.38,,745700.0
2014-06-23,13.42,13.88,13.4,13.86,,830400.0
2014-06-24,13.84,14.17,13.81,13.92,,702200.0
2014-06-25,13.85,14.22,13.85,14.19,,539100.0
2014-06-26,14.21,14.22,13.88,14.05,,469500.0
2014-06-27,14.1,14.35,14.06,14.34,,821700.0
2014-06-30,14.42,14.48,14.25,14.39,,666300.0
2014-07-01,14.18,14.58,14.18,14.46,,783300.0
2014-07-02,14.46,14.6,14.28,14.34,,429500.0
2014-07-03,14.4,14.52,14.38,14.46,,178200.0
2014-07-07,14.42,14.45,14.26,14.32,,398900.0
2014-07-08,14.29,14.31,14.0,14.25,,386400.0
2014-07-09,14.25,14.3,14.18,14.22,,402900.0
2014-07-10,13.98,14.06,13.84,13.91,,466500.0
2014-07-11,13.85,13.97,13.41,13.59,,1182100.0
2014-07-14,13.67,13.89,13.54,13.84,,620000.0
2014-07-15,13.9,13.9,13.67,13.81,,422200.0
2014-07-16,13.84,13.84,13.5,13.65,,419700.0
2014-07-17,13.55,13.84,13.54,13.62,,517100.0
2014-07-18,13.67,14.02,13.58,13.89,,441700.0
2014-07-21,13.75,14.02,13.72,13.97,,458500.0
2014-07-22,14.1,14.15,13.92,14.02,,504400.0
2014-07-23,14.01,14.16,13.91,14.16,,427200.0
2014-07-24,14.25,14.48,14.12,14.21,,1211900.0
2014-07-25,15.58,15.8,14.74,15.08,,3288000.0
2014-07-28,15.16,15.2,14.78,15.13,,1200400.0
2014-07-29,15.18,15.22,14.85,14.92,,527600.0
2014-07-30,14.96,15.09,14.86,14.98,,467300.0
2014-07-31,14.93,15.07,14.72,14.75,,644400.0
2014-08-01,14.73,14.96,14.56,14.79,,706100.0
2014-08-04,14.77,15.08,14.77,14.79,,1157200.0
2014-08-05,14.74,15.29,14.67,15.29,,989700.0
2014-08-06,15.26,15.52,15.19,15.46,,854600.0
2014-08-07,15.56,15.72,15.35,15.44,,956400.0
2014-08-08,15.44,15.68,15.38,15.58,,646700.0
2014-08-11,15.59,15.83,15.57,15.78,,798000.0
2014-08-12,15.77,15.79,15.48,15.55,,543200.0
2014-08-13,15.55,15.72,15.46,15.52,,313300.0
2014-08-14,15.55,15.66,15.46,15.57,,225400.0
2014-08-15,15.58,15.67,15.32,15.45,,498100.0
2014-08-18,15.62,15.78,15.6,15.68,,568800.0
2014-08-19,15.68,15.81,15.55,15.65,,406000.0
2014-08-20,15.57,15.68,15.5,15.65,,322600.0
2014-08-21,15.66,15.67,15.52,15.62,,353800.0
2014-08-22,15.65,15.87,15.52,15.81,,459000.0
2014-08-25,15.91,15.97,15.83,15.89,,479900.0
2014-08-26,15.95,15.99,15.62,15.63,,646200.0
2014-08-27,15.41,15.63,15.27,15.43,,629200.0
2014-08-28,15.25,15.48,15.13,15.39,,426100.0
2014-08-29,15.46,15.55,15.28,15.37,,307900.0
2014-09-02,15.44,15.64,15.39,15.59,,639800.0
2014-09-03,15.62,15.62,15.2,15.24,,509200.0
2014-09-04,15.29,15.75,15.25,15.6,,875400.0
2014-09-05,15.62,15.91,15.39,15.87,,779500.0
2014-09-08,15.89,16.11,15.85,16.07,,696200.0
2014-09-09,16.11,16.12,15.75,15.79,,787600.0
2014-09-10,15.84,16.21,15.61,16.19,,710000.0
2014-09-11,16.15,16.25,16.08,16.23,,595800.0
2014-09-12,16.26,16.52,16.14,16.47,,854200.0
2014-09-15,16.47,16.51,16.08,16.11,,761500.0
2014-09-16,16.01,16.27,15.76,16.2,,643600.0
2014-09-17,16.21,16.27,16.06,16.14,,498300.0
2014-09-18,16.22,16.4,16.12,16.34,,493800.0
2014-09-19,16.44,16.61,16.37,16.52,,849500.0
2014-09-22,16.6,16.63,16.33,16.43,,741238.0
2014-09-23,16.31,16.59,16.21,16.22,,798099.0
2014-09-24,16.27,16.3,15.99,16.24,,464469.0
2014-09-25,16.22,16.47,16.1,16.36,,607844.0
2014-09-26,16.44,16.6,16.36,16.56,,393655.0
2014-09-29,16.48,16.51,16.28,16.42,,352902.0
2014-09-30,16.44,16.49,16.19,16.2,,650235.0
2014-10-01,16.24,16.32,15.12,15.17,,1701618.0
2014-10-02,15.16,15.52,14.83,15.48,,1175081.0
2014-10-03,15.64,15.93,15.51,15.73,,914653.0
2014-10-06,15.35,15.37,14.48,14.74,,2186732.0
2014-10-07,14.68,14.85,14.43,14.45,,866919.0
2014-10-08,14.45,14.91,14.42,14.9,,841776.0
2014-10-09,14.9,14.96,14.51,14.59,,805140.0
2014-10-10,14.52,14.69,14.33,14.43,,800339.0
2014-10-13,14.17,14.55,13.86,14.23,,852247.0
2014-10-14,14.26,14.67,14.26,14.47,,842945.0
2014-10-15,14.41,14.66,14.03,14.5,,659967.0
2014-10-16,14.21,15.0,14.2,14.87,,748776.0
2014-10-17,15.05,15.07,14.38,14.44,,682596.0
2014-10-20,14.35,14.74,14.35,14.65,,592764.0
2014-10-21,14.71,14.99,14.67,14.97,,660486.0
2014-10-22,15.1,15.3,14.98,15.04,,725398.0
2014-10-23,15.14,15.21,14.64,14.68,,1718485.0
2014-10-24,14.48,14.69,13.33,13.59,,3317546.0
2014-10-27,13.69,13.98,13.51,13.97,,1501255.0
2014-10-28,14.0,14.25,13.78,14.21,,846691.0
2014-10-29,14.24,14.31,14.0,14.21,,693496.0
2014-10-30,14.2,14.83,14.2,14.63,,834748.0
2014-10-31,14.88,14.88,14.45,14.58,,645565.0
2014-11-03,14.53,14.85,14.51,14.71,,499179.0
2014-11-04,14.7,14.7,14.48,14.65,,521027.0
2014-11-05,14.71,14.81,14.58,14.71,,432943.0
2014-11-06,14.75,15.17,14.72,15.15,,614481.0
2014-11-07,15.17,15.24,14.96,14.99,,769405.0
2014-11-10,15.06,15.08,14.71,14.83,,523565.0
2014-11-11,14.87,14.88,14.5,14.6,,480358.0
2014-11-12,14.62,15.01,14.54,15.01,,591731.0
2014-11-13,15.0,15.21,14.99,15.11,,756133.0
2014-11-14,15.06,15.32,15.02,15.3,,511595.0
2014-11-17,15.25,15.59,15.25,15.45,,853874.0
2014-11-18,15.45,15.54,15.21,15.37,,604041.0
2014-11-19,15.36,15.76,15.36,15.75,,751192.0
2014-11-20,15.7,16.09,15.63,15.87,,1079889.0
2014-11-21,16.08,16.08,15.65,15.67,,552980.0
2014-11-24,15.68,16.01,15.63,15.91,,637620.0
2014-11-25,16.03,16.19,15.96,16.0,,472441.0
2014-11-26,15.97,16.12,15.93,16.04,,405079.0
2014-11-28,16.13,16.31,16.03,16.12,,265614.0
2014-12-01,16.17,16.23,15.76,15.78,,659198.0
2014-12-02,15.8,16.1,15.8,15.98,,437939.0
2014-12-03,15.99,16.16,15.88,16.09,,855236.0
2014-12-04,16.2,16.36,16.0,16.11,,725883.0
2014-12-05,16.26,16.44,16.15,16.43,,735164.0
2014-12-08,16.42,16.44,16.27,16.38,,609393.0
2014-12-09,16.26,16.37,16.04,16.27,,756902.0
2014-12-10,16.24,16.39,15.94,15.98,,434987.0
2014-12-11,16.02,16.27,16.0,16.04,,406212.0
2014-12-12,15.88,16.65,15.88,16.16,,719090.0
2014-12-15,16.3,16.41,15.9,15.91,,1041982.0
2014-12-16,15.84,15.91,15.37,15.38,,906447.0
2014-12-17,15.45,15.69,15.4,15.63,,782934.0
2014-12-18,15.81,15.97,15.75,15.88,,736144.0
2014-12-19,15.87,15.88,15.41,15.55,,1240459.0
2014-12-22,15.57,15.62,15.33,15.37,,551471.0
2014-12-23,15.42,15.57,15.25,15.33,,661550.0
2014-12-24,15.3,15.48,15.15,15.16,,379353.0
2014-12-26,15.18,15.59,15.18,15.38,,489182.0
2014-12-29,15.38,15.61,15.29,15.44,,727691.0
2014-12-30,15.4,15.54,15.2,15.31,,431006.0
2014-12-31,15.32,15.47,15.11,15.17,,497274.0
2015-01-02,15.29,15.29,14.78,14.96,,738407.0
2015-01-05,14.88,15.04,14.68,14.84,,713886.0
2015-01-06,14.9,14.91,14.56,14.59,,1488690.0
2015-01-07,14.77,15.21,14.69,15.06,,631218.0
2015-01-08,15.24,15.71,15.22,15.67,,864823.0
2015-01-09,15.74,15.74,15.53,15.62,,558962.0
2015-01-12,15.72,15.77,15.5,15.68,,343306.0
2015-01-13,15.72,15.91,15.34,15.57,,810248.0
2015-01-14,15.28,15.28,14.69,14.94,,808469.0
2015-01-15,14.94,15.0,14.16,14.22,,1272740.0
2015-01-16,14.28,14.52,14.01,14.41,,917026.0
2015-01-20,14.45,14.52,12.95,13.19,,3105626.0
2015-01-21,13.12,13.41,12.97,13.21,,1385391.0
2015-01-22,13.27,13.41,13.04,13.07,,1399504.0
2015-01-23,13.06,13.14,12.9,13.05,,1409243.0
2015-01-26,13.05,13.63,12.97,13.56,,926792.0
2015-01-27,13.38,13.58,13.25,13.49,,895025.0
2015-01-28,13.61,13.88,13.43,13.58,,1088439.0
2015-01-29,13.67,13.89,13.58,13.71,,1727454.0
2015-01-30,11.42,11.75,10.94,11.01,,8224524.0
2015-02-02,11.22,11.71,11.19,11.49,,3284927.0
2015-02-03,11.56,12.01,11.4,11.99,,1947888.0
2015-02-04,11.92,12.03,11.78,11.93,,1688392.0
2015-02-05,11.95,12.46,11.95,12.33,,1474006.0
2015-02-06,12.41,12.41,12.04,12.15,,1183266.0
2015-02-09,11.88,12.19,11.88,12.11,,1064159.0
2015-02-10,12.27,12.53,12.2,12.43,,1006327.0
2015-02-11,12.41,12.58,12.32,12.49,,751105.0
2015-02-12,12.54,12.79,12.38,12.74,,758612.0
2015-02-13,12.77,12.89,12.67,12.85,,554500.0
2015-02-17,12.9,12.9,12.46,12.48,,801049.0
2015-02-18,12.37,12.47,12.27,12.34,,1178108.0
2015-02-19,12.32,12.37,12.17,12.25,,866638.0
2015-02-20,12.25,12.69,12.2,12.66,,655890.0
2015-02-23,12.57,12.65,12.36,12.59,,785998.0
2015-02-24,12.63,12.64,12.29,12.33,,866526.0
2015-02-25,12.34,12.52,12.34,12.44,,541410.0
2015-02-26,12.46,12.6,12.24,12.29,,489492.0
2015-02-27,12.28,12.49,12.21,12.37,,469015.0
2015-03-02,12.36,12.44,12.19,12.42,,826975.0
2015-03-03,12.35,12.5,12.25,12.48,,448449.0
2015-03-04,12.42,12.54,12.39,12.4,,400635.0
2015-03-05,12.46,12.53,12.31,12.41,,396350.0
2015-03-06,12.37,12.49,12.12,12.2,,538303.0
2015-03-09,12.2,12.3,11.98,12.01,,765998.0
2015-03-10,11.91,12.16,11.88,12.04,,505177.0
2015-03-11,12.12,12.21,11.99,12.0,,408640.0
2015-03-12,12.08,12.11,11.97,12.01,,421840.0
2015-03-13,11.96,12.09,11.66,11.78,,600235.0
2015-03-16,11.83,11.99,11.82,11.85,,388294.0
2015-03-17,11.83,11.96,11.66,11.72,,604624.0
2015-03-18,11.73,12.03,11.67,11.95,,756997.0
2015-03-19,11.98,12.08,11.92,11.98,,399860.0
2015-03-20,12.04,12.14,11.91,12.01,,753176.0
2015-03-23,11.98,12.33,11.98,12.02,,645033.0
2015-03-24,12.07,12.29,12.03,12.25,,577203.0
2015-03-25,12.26,12.31,12.09,12.1,,507920.0
2015-03-26,12.04,12.15,11.92,12.07,,338110.0
2015-03-27,12.09,12.2,12.0,12.11,,566060.0
2015-03-30,12.2,12.31,12.14,12.2,,421916.0
2015-03-31,12.19,12.4,12.09,12.14,,606880.0
2015-04-01,12.13,12.45,12.13,12.29,,747882.0
2015-04-02,12.39,12.66,12.31,12.35,,785351.0
2015-04-06,12.29,12.64,12.25,12.59,,630789.0
2015-04-07,12.55,12.81,12.53,12.71,,571392.0
2015-04-08,12.76,13.0,12.66,12.74,,605376.0
2015-04-09,12.72,12.85,12.68,12.76,,328724.0
2015-04-10,12.78,12.83,12.62,12.63,,290000.0
2015-04-13,12.64,12.72,12.46,12.46,,315947.0
2015-04-14,12.49,12.52,12.31,12.33,,412222.0
2015-04-15,11.99,12.17,11.87,12.03,,1273605.0
2015-04-16,12.0,12.17,11.89,11.89,,836526.0
2015-04-17,11.76,11.92,11.7,11.88,,773711.0
2015-04-20,11.99,12.15,11.91,12.01,,507829.0
2015-04-21,12.09,12.11,11.98,12.08,,483115.0
2015-04-22,12.11,12.19,11.98,12.1,,429847.0
2015-04-23,12.12,12.65,12.12,12.6,,607529.0
2015-04-24,12.64,12.67,12.41,12.51,,540810.0
2015-04-27,12.57,12.66,12.47,12.52,,551693.0
2015-04-28,12.33,12.44,12.22,12.35,,735501.0
2015-04-29,12.26,12.38,12.21,12.33,,390816.0
2015-04-30,12.27,12.41,12.22,12.33,,504791.0
2015-05-01,12.35,12.59,12.29,12.53,,564520.0
2015-05-04,12.44,12.47,12.28,12.34,,430566.0
2015-05-05,12.33,12.4,12.22,12.27,,427651.0
2015-05-06,12.26,12.32,12.09,12.18,,497435.0
2015-05-07,12.26,12.38,12.16,12.29,,560225.0
2015-05-08,12.37,12.69,12.29,12.63,,540033.0
2015-05-11,12.63,12.68,12.51,12.59,,419315.0
2015-05-12,12.54,12.59,12.44,12.56,,344801.0
2015-05-13,12.55,12.61,12.03,12.03,,798360.0
2015-05-14,12.06,12.12,11.92,12.07,,647250.0
2015-05-15,12.07,12.09,12.02,12.04,,446672.0
2015-05-18,12.02,12.16,11.99,12.12,,743219.0
2015-05-19,12.09,12.41,12.0,12.19,,795076.0
2015-05-20,12.3,12.55,12.18,12.45,,960335.0
2015-05-21,12.41,12.47,12.23,12.39,,827869.0
2015-05-22,12.39,12.48,12.09,12.31,,1048464.0
2015-05-26,12.25,12.3,11.85,12.04,,1258931.0
2015-05-27,12.01,12.03,11.74,11.93,,1338818.0
2015-05-28,11.95,12.25,11.86,11.87,,2149068.0
2015-05-29,11.94,11.94,11.22,11.36,,3438085.0
2015-06-01,11.42,11.57,11.37,11.39,,1568301.0
2015-06-02,11.34,11.77,11.34,11.7,,1565924.0
2015-06-03,11.78,11.99,11.71,11.95,,1004854.0
2015-06-04,11.96,12.06,11.88,12.04,,932180.0
2015-06-05,12.05,12.42,11.98,12.4,,1247823.0
2015-06-08,12.34,12.56,12.34,12.45,,1053730.0
2015-06-09,12.48,12.62,12.4,12.52,,765312.0
2015-06-10,12.56,12.63,12.29,12.32,,1115700.0
2015-06-11,12.33,12.38,12.05,12.19,,798792.0
2015-06-12,12.15,12.41,12.1,12.37,,783411.0
2015-06-15,12.3,12.39,12.19,12.33,,525615.0
2015-06-16,12.27,12.53,12.23,12.44,,649841.0
2015-06-17,12.43,12.56,12.33,12.39,,529086.0
2015-06-18,12.39,12.67,12.39,12.58,,548179.0
2015-06-19,12.6,12.74,12.53,12.59,,765140.0
2015-06-22,12.66,12.75,12.61,12.69,,494494.0
2015-06-23,12.66,12.7,12.5,12.59,,423351.0
2015-06-24,12.56,12.67,12.42,12.43,,520983.0
2015-06-25,12.49,12.49,12.27,12.31,,618484.0
2015-06-26,12.34,12.48,12.33,12.37,,2706578.0
2015-06-29,12.33,12.47,12.04,12.05,,1006278.0
2015-06-30,12.17,12.17,11.94,11.99,,731322.0
2015-07-01,12.05,12.35,12.04,12.33,,620855.0
2015-07-02,12.3,12.48,12.24,12.29,,448989.0
2015-07-06,12.19,12.3,12.0,12.04,,421530.0
2015-07-07,12.03,12.17,11.79,12.14,,694351.0
2015-07-08,12.07,12.18,11.79,11.88,,514792.0
2015-07-09,12.03,12.17,11.98,12.04,,502898.0
2015-07-10,12.15,12.24,12.06,12.18,,362946.0
2015-07-13,12.26,12.45,12.2,12.39,,660911.0
2015-07-14,12.4,12.43,12.29,12.34,,351183.0
2015-07-15,12.32,12.37,12.24,12.28,,312238.0
2015-07-16,12.36,12.36,12.08,12.14,,780274.0
2015-07-17,12.08,12.14,11.97,12.03,,434316.0
2015-07-20,12.0,12.06,11.88,11.91,,485464.0
2015-07-21,11.88,11.99,11.72,11.85,,472717.0
2015-07-22,11.78,12.08,11.78,11.97,,469906.0
2015-07-23,12.04,12.07,11.75,11.78,,379539.0
2015-07-24,11.74,11.89,11.61,11.64,,536406.0
2015-07-27,11.56,11.6,11.34,11.4,,755068.0
2015-07-28,11.52,11.61,11.34,11.45,,742631.0
2015-07-29,11.44,11.67,11.39,11.57,,619168.0
2015-07-30,11.54,11.97,11.52,11.93,,1333328.0
2015-07-31,11.96,12.22,11.86,12.15,,1487358.0
2015-08-03,12.12,12.28,11.84,11.93,,940564.0
2015-08-04,11.97,12.04,11.79,11.81,,644942.0
2015-08-05,11.91,12.16,11.85,11.96,,597145.0
2015-08-06,12.01,12.13,11.73,11.79,,521661.0
2015-08-07,11.72,11.79,11.52,11.6,,710170.0
2015-08-10,11.67,11.78,11.6,11.71,,439668.0
2015-08-11,11.58,11.65,11.37,11.43,,643928.0
2015-08-12,11.34,11.53,11.24,11.46,,819600.0
2015-08-13,11.44,11.68,11.4,11.61,,515823.0
2015-08-14,11.56,11.79,11.53,11.69,,398521.0
2015-08-17,11.64,11.8,11.53,11.76,,445948.0
2015-08-18,11.72,11.81,11.56,11.6,,598005.0
2015-08-19,11.54,11.61,11.46,11.48,,426235.0
2015-08-20,11.37,11.39,11.07,11.12,,587674.0
2015-08-21,10.97,10.99,10.67,10.74,,738010.0
2015-08-24,10.53,10.55,9.95,10.2,,962466.0
2015-08-25,10.44,10.45,10.07,10.08,,710146.0
2015-08-26,10.29,10.5,10.2,10.45,,1011865.0
2015-08-27,10.58,10.81,10.52,10.72,,676554.0
2015-08-28,10.74,10.89,10.63,10.69,,522594.0
2015-08-31,10.67,10.85,10.6,10.73,,673600.0
2015-09-01,10.58,10.63,10.32,10.36,,595548.0
2015-09-02,10.47,10.62,10.39,10.57,,642091.0
2015-09-03,10.63,10.79,10.58,10.68,,606371.0
2015-09-04,10.52,10.62,10.37,10.45,,494830.0
2015-09-08,10.64,10.64,10.45,10.53,,457148.0
2015-09-09,10.59,10.64,10.16,10.19,,561539.0
2015-09-10,10.17,10.37,10.15,10.18,,552516.0
2015-09-11,10.11,10.12,9.94,10.11,,556184.0
2015-09-14,10.11,10.2,10.02,10.18,,495273.0
2015-09-15,10.21,10.52,10.11,10.47,,682541.0
2015-09-16,10.47,10.83,10.43,10.78,,982017.0
2015-09-17,10.72,10.79,10.55,10.58,,754517.0
2015-09-18,10.47,10.53,10.13,10.16,,864981.0
2015-09-21,10.23,10.39,10.09,10.15,,726994.0
2015-09-22,10.01,10.11,9.87,10.09,,431086.0
2015-09-23,10.11,10.14,9.79,9.82,,463941.0
2015-09-24,9.71,9.9,9.57,9.79,,970374.0
2015-09-25,9.92,9.98,9.7,9.71,,712653.0
2015-09-28,9.67,9.75,9.44,9.46,,589639.0
2015-09-29,9.47,9.78,9.38,9.61,,796439.0
2015-09-30,9.72,9.85,9.54,9.68,,692569.0
2015-10-01,9.65,9.71,9.55,9.68,,486365.0
2015-10-02,9.56,9.84,9.53,9.84,,452299.0
2015-10-05,9.91,10.18,9.86,10.11,,468386.0
2015-10-06,10.08,10.17,9.86,9.93,,675928.0
2015-10-07,9.94,10.11,9.8,10.1,,647672.0
2015-10-08,10.12,10.42,10.07,10.36,,666888.0
2015-10-09,10.34,10.35,10.12,10.18,,611824.0
2015-10-12,10.17,10.2,10.1,10.13,,306574.0
2015-10-13,10.06,10.25,10.02,10.11,,567192.0
2015-10-14,10.1,10.21,9.89,9.94,,637175.0
2015-10-15,9.98,10.02,9.8,9.91,,411664.0
2015-10-16,9.91,10.08,9.78,9.94,,471184.0
2015-10-19,9.95,10.25,9.92,10.23,,792472.0
2015-10-20,10.22,10.26,10.05,10.15,,720590.0
2015-10-21,10.21,10.21,9.91,9.93,,646913.0
2015-10-22,10.0,10.03,9.86,9.96,,409946.0
2015-10-23,10.0,10.0,9.26,9.29,,1572013.0
2015-10-26,9.33,9.37,9.05,9.06,,1295541.0
2015-10-27,8.69,8.78,8.32,8.46,,1886272.0
2015-10-28,8.45,8.77,8.39,8.7,,1684938.0
2015-10-29,8.66,8.79,8.48,8.66,,1355700.0
2015-10-30,9.53,9.56,9.03,9.28,,3545246.0
2015-11-02,9.27,9.44,9.04,9.38,,1078930.0
2015-11-03,9.38,9.64,9.33,9.55,,757019.0
2015-11-04,9.51,9.6,9.05,9.2,,1487312.0
2015-11-05,9.18,9.33,8.98,9.27,,744074.0
2015-11-06,9.21,9.26,9.01,9.2,,759134.0
2015-11-09,9.22,9.25,8.78,8.82,,786944.0
2015-11-10,8.79,8.87,8.48,8.74,,1509050.0
2015-11-11,8.7,8.73,8.25,8.27,,1258140.0
2015-11-12,8.27,8.53,8.2,8.3,,849155.0
2015-11-13,8.03,8.11,7.64,7.89,,1456860.0
2015-11-16,7.87,7.99,7.7,7.89,,869360.0
2015-11-17,7.76,7.8,7.52,7.72,,1234211.0
2015-11-18,7.79,8.32,7.68,8.3,,1900674.0
2015-11-19,8.14,8.31,8.08,8.17,,1516192.0
2015-11-20,8.28,8.52,8.25,8.33,,897048.0
2015-11-23,8.33,8.61,8.33,8.53,,818679.0
2015-11-24,8.46,8.63,8.4,8.46,,808476.0
2015-11-25,8.49,8.75,8.44,8.63,,822190.0
2015-11-27,8.6,8.6,8.24,8.35,,691841.0
2015-11-30,8.19,8.21,7.76,8.16,,2159489.0
2015-12-01,8.17,8.28,8.05,8.15,,916274.0
2015-12-02,8.25,8.91,8.23,8.55,,2446704.0
2015-12-03,8.57,8.66,8.19,8.28,,1403575.0
2015-12-04,8.23,8.43,8.18,8.4,,965248.0
2015-12-07,8.35,8.55,8.25,8.44,,1149579.0
2015-12-08,8.41,8.49,8.29,8.41,,1116752.0
2015-12-09,8.35,8.65,8.35,8.44,,1051327.0
2015-12-10,8.42,8.61,8.36,8.49,,962696.0
2015-12-11,8.37,8.45,8.25,8.4,,861137.0
2015-12-14,8.42,8.56,8.34,8.42,,913887.0
2015-12-15,8.33,8.38,8.16,8.29,,2685939.0
2015-12-16,8.36,8.49,8.26,8.42,,1060395.0
2015-12-17,8.45,8.46,8.19,8.22,,1013343.0
2015-12-18,8.18,8.37,8.1,8.12,,1588554.0
2015-12-21,8.12,8.23,7.79,7.91,,1370981.0
2015-12-22,7.87,8.18,7.75,8.14,,1338353.0
2015-12-23,8.18,8.3,8.08,8.28,,679984.0
2015-12-24,8.29,8.3,8.05,8.09,,302505.0
2015-12-28,8.09,8.17,7.92,8.07,,620629.0
2015-12-29,8.09,8.26,8.07,8.2,,540127.0
2015-12-30,8.21,8.23,7.95,7.97,,604713.0
2015-12-31,7.96,8.01,7.83,7.87,,1095478.0
2016-01-04,7.67,7.89,7.51,7.86,,1233866.0
2016-01-05,7.86,7.95,7.78,7.92,,651162.0
2016-01-06,7.76,7.89,7.51,7.69,,1199977.0
2016-01-07,7.57,7.84,7.54,7.8,,1188091.0
2016-01-08,7.8,7.88,7.37,7.38,,1637875.0
2016-01-11,7.43,7.5,7.17,7.36,,1099529.0
2016-01-12,7.45,7.57,7.08,7.29,,1111517.0
2016-01-13,7.3,7.41,7.03,7.07,,1508173.0
2016-01-14,7.07,7.18,6.79,7.1,,1403826.0
2016-01-15,6.91,7.26,6.87,7.17,,1267411.0
2016-01-19,7.24,7.33,6.89,7.04,,1208475.0
2016-01-20,6.95,7.37,6.83,7.3,,1341148.0
2016-01-21,7.28,7.63,7.24,7.52,,1423598.0
2016-01-22,7.64,7.73,7.51,7.7,,1118868.0
2016-01-25,7.61,7.68,7.48,7.52,,776943.0
2016-01-26,7.59,7.96,7.54,7.88,,938140.0
2016-01-27,7.79,7.94,7.62,7.69,,791537.0
2016-01-28,7.89,8.06,7.69,8.01,,940319.0
2016-01-29,8.03,8.33,8.03,8.24,,1127692.0
2016-02-01,8.22,8.33,7.97,8.16,,1302121.0
2016-02-02,8.19,8.37,8.13,8.29,,1295033.0
2016-02-03,8.35,8.36,7.99,8.35,,1379045.0
2016-02-04,8.25,8.27,7.85,8.13,,2565153.0
2016-02-05,7.03,8.23,6.99,7.97,,4901584.0
2016-02-08,7.86,8.04,7.72,7.97,,1376685.0
2016-02-09,7.89,8.47,7.76,8.26,,1955029.0
2016-02-10,8.31,8.52,8.17,8.22,,1142734.0
2016-02-11,8.12,8.38,8.03,8.09,,1423942.0
2016-02-12,8.21,8.31,8.02,8.26,,1273876.0
2016-02-16,8.32,8.67,8.31,8.63,,1016675.0
2016-02-17,8.69,8.85,8.62,8.8,,1070406.0
2016-02-18,8.81,8.94,8.67,8.93,,784889.0
2016-02-19,8.86,8.87,8.54,8.83,,601096.0
2016-02-22,8.97,9.05,8.85,8.95,,660511.0
2016-02-23,8.89,9.14,8.85,8.92,,823410.0
2016-02-24,8.82,9.1,8.64,9.06,,655769.0
2016-02-25,9.11,9.4,9.04,9.33,,1005709.0
2016-02-26,9.39,9.45,9.27,9.36,,686093.0
2016-02-29,9.36,9.57,9.31,9.43,,974982.0
2016-03-01,9.45,9.51,9.3,9.49,,806023.0
2016-03-02,9.44,9.72,9.4,9.65,,806246.0
2016-03-03,9.66,9.7,9.5,9.64,,609628.0
2016-03-04,9.6,9.83,9.57,9.62,,834329.0
2016-03-07,9.53,9.78,9.53,9.7,,692952.0
2016-03-08,9.69,9.8,9.54,9.55,,715332.0
2016-03-09,9.59,9.62,9.36,9.42,,607121.0
2016-03-10,9.47,9.56,9.31,9.41,,549955.0
2016-03-11,9.48,9.65,9.45,9.62,,468164.0
2016-03-14,9.55,9.6,9.36,9.43,,546855.0
2016-03-15,9.43,9.55,9.33,9.43,,518863.0
2016-03-16,9.42,9.48,9.23,9.24,,782146.0
2016-03-17,9.23,9.57,9.22,9.53,,870397.0
2016-03-18,9.59,10.11,9.53,10.09,,1851427.0
2016-03-21,10.08,10.17,9.98,10.03,,733413.0
2016-03-22,9.95,9.97,9.81,9.88,,433536.0
2016-03-23,9.77,9.85,9.67,9.67,,477937.0
2016-03-24,9.64,9.65,9.41,9.56,,444113.0
2016-03-28,9.48,9.68,9.46,9.49,,706637.0
2016-03-29,9.5,9.79,9.46,9.73,,644526.0
2016-03-30,9.74,9.82,9.63,9.65,,673600.0
2016-03-31,9.69,10.15,9.69,9.98,,1202610.0
2016-04-01,9.92,9.95,9.76,9.86,,893343.0
2016-04-04,9.87,9.9,9.75,9.79,,664885.0
2016-04-05,9.68,9.78,9.59,9.64,,560426.0
2016-04-06,9.65,9.89,9.54,9.88,,646929.0
2016-04-07,9.75,9.84,9.61,9.73,,989590.0
2016-04-08,9.72,9.76,9.26,9.29,,782416.0
2016-04-11,9.31,9.41,9.26,9.26,,539229.0
2016-04-12,9.26,9.4,9.11,9.35,,698612.0
2016-04-13,9.4,9.66,9.4,9.63,,378406.0
2016-04-14,9.64,9.72,9.5,9.62,,386297.0
2016-04-15,9.57,9.66,9.51,9.58,,410431.0
2016-04-18,9.55,9.7,9.5,9.63,,364206.0
2016-04-19,9.68,9.83,9.64,9.7,,658623.0
2016-04-20,9.78,9.98,9.72,9.73,,667215.0
2016-04-21,9.82,9.91,9.72,9.77,,365091.0
2016-04-22,9.84,9.99,9.68,9.8,,508206.0
2016-04-25,9.75,9.81,9.56,9.62,,420040.0
2016-04-26,9.66,9.84,9.64,9.78,,417708.0
2016-04-27,9.79,9.83,9.66,9.76,,421273.0
2016-04-28,9.7,9.88,9.68,9.7,,383232.0
2016-04-29,9.71,9.8,9.54,9.63,,300209.0
2016-05-02,9.63,9.8,9.56,9.78,,462577.0
2016-05-03,9.72,9.75,9.53,9.68,,360307.0
2016-05-04,9.64,9.7,9.5,9.6,,404490.0
2016-05-05,9.6,9.6,9.27,9.34,,480499.0
2016-05-06,9.31,9.42,9.16,9.39,,320569.0
2016-05-09,9.41,9.54,9.36,9.45,,295643.0
2016-05-10,9.4,9.46,9.28,9.41,,481867.0
2016-05-11,9.25,9.35,8.81,8.83,,882856.0
2016-05-12,8.85,8.94,8.75,8.88,,668127.0
2016-05-13,8.39,8.73,8.36,8.4,,1291878.0
2016-05-16,8.34,8.46,8.33,8.36,,540628.0
2016-05-17,8.34,8.48,8.18,8.23,,758564.0
2016-05-18,8.18,8.29,8.04,8.21,,700369.0
2016-05-19,8.19,8.44,8.16,8.24,,578378.0
2016-05-20,8.23,8.41,8.23,8.38,,557558.0
2016-05-23,8.39,8.5,8.26,8.27,,555131.0
2016-05-24,8.23,8.47,8.07,8.15,,1190306.0
2016-05-25,8.13,8.28,7.92,8.16,,1165578.0
2016-05-26,8.2,8.3,8.02,8.21,,1881686.0
2016-05-27,8.05,8.91,8.04,8.87,,2965454.0
2016-05-31,8.87,8.91,8.66,8.77,,1186518.0
2016-06-01,8.7,9.03,8.67,8.96,,782628.0
2016-06-02,8.89,9.03,8.89,9.02,,406663.0
2016-06-03,9.02,9.09,8.91,9.04,,392623.0
2016-06-06,9.05,9.1,9.0,9.07,,321615.0
2016-06-07,9.03,9.13,8.94,9.08,,726765.0
2016-06-08,9.04,9.23,9.01,9.18,,656703.0
2016-06-09,9.15,9.26,9.04,9.25,,494681.0
2016-06-10,9.16,9.26,9.07,9.12,,456640.0
2016-06-13,9.11,9.18,9.02,9.02,,599786.0
2016-06-14,8.93,9.12,8.93,9.04,,474574.0
2016-06-15,9.07,9.46,9.06,9.28,,610677.0
2016-06-16,9.24,9.28,9.11,9.26,,336966.0
2016-06-17,9.29,9.5,9.27,9.45,,616031.0
2016-06-20,9.57,9.74,9.56,9.58,,324952.0
2016-06-21,9.57,9.7,9.54,9.65,,602344.0
2016-06-22,9.65,9.76,9.55,9.56,,368110.0
2016-06-23,9.66,9.69,9.57,9.64,,437272.0
2016-06-24,9.26,9.42,9.24,9.31,,1041872.0
2016-06-27,9.2,9.21,8.9,8.95,,565947.0
2016-06-28,9.04,9.21,8.99,9.16,,421270.0
2016-06-29,9.3,9.55,9.25,9.5,,430303.0
2016-06-30,9.58,9.59,9.26,9.59,,541658.0
2016-07-01,9.56,9.7,9.53,9.65,,436924.0
2016-07-05,9.63,9.66,9.39,9.5,,277098.0
2016-07-06,9.47,9.63,9.4,9.6,,324285.0
2016-07-07,9.6,9.75,9.56,9.65,,293894.0
2016-07-08,9.76,9.98,9.72,9.96,,426708.0
2016-07-11,10.0,10.15,9.99,10.1,,428977.0
2016-07-12,10.11,10.45,10.09,10.41,,428534.0
2016-07-13,10.43,10.48,10.23,10.32,,268397.0
2016-07-14,10.43,10.48,10.38,10.42,,289730.0
2016-07-15,10.47,10.47,10.35,10.37,,340295.0
2016-07-18,10.41,10.5,10.34,10.39,,375331.0
2016-07-19,10.38,10.4,10.28,10.33,,223425.0
2016-07-20,10.34,10.57,10.28,10.55,,276016.0
2016-07-21,10.53,10.58,10.37,10.41,,279693.0
2016-07-22,10.16,10.24,10.07,10.11,,752425.0
2016-07-25,10.11,10.17,10.05,10.12,,396838.0
2016-07-26,10.15,10.35,10.03,10.28,,599773.0
2016-07-27,10.36,10.66,10.32,10.62,,880219.0
2016-07-28,10.57,10.58,10.33,10.57,,893078.0
2016-07-29,11.1,11.53,10.6,11.0,,1536729.0
2016-08-01,11.0,11.05,10.76,10.97,,577784.0
2016-08-02,10.97,10.98,10.4,10.41,,657143.0
2016-08-03,10.17,10.47,10.06,10.43,,386461.0
2016-08-04,10.45,10.63,10.45,10.48,,336513.0
2016-08-05,10.51,10.75,10.51,10.7,,282169.0
2016-08-08,10.71,10.81,10.57,10.62,,224665.0
2016-08-09,10.58,10.59,10.44,10.51,,211084.0
2016-08-10,10.54,10.67,10.54,10.58,,371889.0
2016-08-11,10.73,11.11,10.65,11.05,,715170.0
2016-08-12,11.05,11.27,10.98,11.17,,687483.0
2016-08-15,11.52,11.66,11.27,11.43,,855522.0
2016-08-16,11.38,11.46,11.31,11.36,,297719.0
2016-08-17,11.31,11.36,11.19,11.27,,489202.0
2016-08-18,11.29,11.35,11.16,11.28,,273139.0
2016-08-19,11.28,11.45,11.28,11.4,,343589.0
2016-08-22,11.4,11.46,11.24,11.31,,296502.0
2016-08-23,11.38,11.45,11.29,11.43,,382814.0
2016-08-24,11.39,11.42,11.24,11.28,,313396.0
2016-08-25,11.27,11.32,11.07,11.15,,243659.0
2016-08-26,11.16,11.26,11.07,11.16,,255880.0
2016-08-29,11.19,11.21,11.11,11.14,,226404.0
2016-08-30,11.07,11.1,10.82,10.88,,340177.0
2016-08-31,10.91,11.1,10.73,10.89,,467741.0
2016-09-01,10.91,10.91,10.6,10.67,,540559.0
2016-09-02,10.67,10.69,10.5,10.53,,382171.0
2016-09-06,10.49,10.6,10.1,10.2,,801955.0
2016-09-07,10.22,10.34,10.12,10.33,,567419.0
2016-09-08,10.26,10.3,9.96,10.03,,487144.0
2016-09-09,9.98,10.05,9.73,9.73,,594046.0
2016-09-12,9.65,9.9,9.58,9.89,,450680.0
2016-09-13,9.8,9.89,9.65,9.75,,459685.0
2016-09-14,9.75,9.81,9.59,9.64,,494328.0
2016-09-15,9.61,10.01,9.59,10.0,,554514.0
2016-09-16,9.97,10.13,9.91,10.11,,866906.0
2016-09-19,10.13,10.3,10.13,10.19,,707800.0
2016-09-20,10.26,10.3,10.17,10.27,,445048.0
2016-09-21,10.23,10.45,10.23,10.45,,524641.0
2016-09-22,10.56,10.64,10.47,10.54,,741608.0
2016-09-23,10.5,10.6,10.37,10.38,,304276.0
2016-09-26,10.34,10.34,10.1,10.12,,275795.0
2016-09-27,10.12,10.26,10.04,10.23,,301181.0
2016-09-28,10.2,10.31,10.09,10.15,,275266.0
2016-09-29,10.16,10.23,9.88,9.88,,966943.0
2016-09-30,9.86,10.0,9.83,9.93,,514733.0
2016-10-03,9.9,9.94,9.73,9.82,,539635.0
2016-10-04,9.8,9.88,9.76,9.87,,461840.0
2016-10-05,9.91,10.16,9.88,10.13,,385879.0
2016-10-06,10.15,10.26,10.08,10.21,,418542.0
2016-10-07,10.25,10.41,10.2,10.31,,553788.0
2016-10-10,10.34,10.52,10.34,10.39,,430831.0
2016-10-11,10.34,10.45,10.11,10.16,,459726.0
2016-10-12,10.18,10.25,10.09,10.16,,422421.0
2016-10-13,9.23,9.65,9.22,9.49,,1800914.0
2016-10-14,9.5,9.54,9.28,9.42,,570789.0
2016-10-17,9.42,9.47,9.31,9.32,,467478.0
2016-10-18,9.32,9.48,9.21,9.37,,482936.0
2016-10-19,9.41,9.62,9.31,9.58,,493888.0
2016-10-20,9.53,9.53,9.3,9.48,,548927.0
2016-10-21,9.21,9.33,9.02,9.03,,1167182.0
2016-10-24,9.02,9.15,8.79,8.91,,1740444.0
2016-10-25,8.79,8.9,8.64,8.78,,1024694.0
2016-10-26,8.66,8.91,8.59,8.61,,1317544.0
2016-10-27,8.61,8.68,8.37,8.46,,2089695.0
2016-10-28,8.67,9.31,8.67,9.06,,2419634.0
2016-10-31,9.06,9.06,8.61,8.7,,1097714.0
2016-11-01,8.7,8.76,8.36,8.52,,862542.0
2016-11-02,8.51,8.71,8.45,8.53,,809758.0
2016-11-03,8.61,8.61,8.47,8.54,,528772.0
2016-11-04,8.59,8.92,8.5,8.71,,617178.0
2016-11-07,8.9,8.93,8.8,8.87,,695513.0
2016-11-08,8.85,8.98,8.75,8.92,,523453.0
2016-11-09,8.71,9.24,8.67,9.16,,739065.0
2016-11-10,9.26,9.63,9.22,9.56,,1320819.0
2016-11-11,9.75,10.18,9.64,10.03,,1404302.0
2016-11-14,10.18,10.41,9.98,10.23,,743530.0
2016-11-15,10.2,10.32,9.94,10.12,,393254.0
2016-11-16,10.05,10.21,10.0,10.15,,460124.0
2016-11-17,10.22,10.43,10.1,10.42,,477701.0
2016-11-18,10.4,10.41,10.17,10.23,,730629.0
2016-11-21,10.28,10.35,10.19,10.31,,390968.0
2016-11-22,10.39,10.79,10.34,10.78,,780600.0
2016-11-23,10.65,10.84,10.61,10.8,,480803.0
2016-11-25,10.8,10.84,10.61,10.64,,184243.0
2016-11-28,10.65,10.71,10.35,10.41,,542836.0
2016-11-29,10.38,10.38,9.83,9.9,,969647.0
2016-11-30,9.97,10.17,9.88,9.91,,762364.0
2016-12-01,10.06,10.14,9.93,10.07,,750288.0
2016-12-02,10.0,10.29,9.81,10.22,,672132.0
2016-12-05,10.27,10.59,10.22,10.54,,561036.0
2016-12-06,10.54,10.56,10.31,10.53,,459753.0
2016-12-07,10.44,10.44,10.18,10.28,,1136748.0
2016-12-08,10.39,10.48,10.28,10.39,,1064890.0
2016-12-09,10.42,10.45,10.29,10.33,,565010.0
2016-12-12,10.27,10.32,9.88,10.02,,792607.0
2016-12-13,10.1,10.17,9.94,9.98,,583050.0
2016-12-14,9.97,10.1,9.9,9.99,,524318.0
2016-12-15,10.06,10.12,9.63,9.68,,713711.0
2016-12-16,9.72,9.72,9.0,9.03,,2327516.0
2016-12-19,9.07,9.19,8.88,8.96,,859454.0
2016-12-20,8.99,9.05,8.87,8.93,,934828.0
2016-12-21,8.89,9.02,8.89,8.98,,420018.0
2016-12-22,8.94,8.98,8.74,8.77,,550115.0
2016-12-23,8.8,8.96,8.8,8.9,,433961.0
2016-12-27,8.88,9.33,8.88,9.17,,1251975.0
2016-12-28,9.18,9.25,9.0,9.1,,601365.0
2016-12-29,9.15,9.34,9.11,9.22,,442326.0
2016-12-30,9.22,9.34,9.1,9.23,,760191.0
2017-01-03,9.38,9.78,9.37,9.59,,1161002.0
2017-01-04,9.61,9.86,9.61,9.69,,915336.0
2017-01-05,9.57,9.74,9.49,9.63,,758961.0
2017-01-06,9.65,9.67,9.49,9.55,,547126.0
2017-01-09,9.55,9.77,9.5,9.72,,790702.0
2017-01-10,9.82,10.0,9.8,9.95,,1229544.0
2017-01-11,9.93,9.96,9.74,9.78,,651865.0
2017-01-12,9.72,9.74,9.57,9.63,,601013.0
2017-01-13,9.72,9.91,9.7,9.74,,705311.0
2017-01-17,9.83,10.2,9.75,9.83,,1027739.0
2017-01-18,10.22,10.22,9.91,10.16,,1628660.0
2017-01-19,10.2,10.21,9.89,9.92,,492846.0
2017-01-20,9.94,10.05,9.89,9.95,,533258.0
2017-01-23,9.83,10.01,9.73,9.95,,483501.0
2017-01-24,9.99,10.16,9.93,10.1,,750735.0
2017-01-25,10.17,10.25,10.08,10.12,,450714.0
2017-01-26,10.13,10.21,10.04,10.1,,771756.0
2017-01-27,10.14,10.14,9.76,9.78,,683102.0
2017-01-30,9.67,9.67,9.42,9.56,,1121442.0
2017-01-31,9.3,9.65,9.23,9.6,,950495.0
2017-02-01,9.52,9.6,9.39,9.47,,1105770.0
2017-02-02,9.46,9.47,9.15,9.26,,2115083.0
2017-02-03,7.6,7.92,7.5,7.77,,93095.0
2017-02-06,7.66,7.77,7.6,7.7,,2448823.0
2017-02-07,7.72,7.75,7.49,7.5,,1705802.0
2017-02-08,7.49,8.27,7.33,8.17,,7195954.0
2017-02-09,8.31,8.82,8.3,8.71,,4335657.0
2017-02-10,8.73,8.87,8.63,8.68,,1871439.0
2017-02-13,8.76,8.76,8.57,8.6,,1351912.0
2017-02-14,8.59,8.93,8.54,8.75,,1702747.0
2017-02-15,8.75,8.84,8.71,8.79,,701869.0
2017-02-16,8.8,8.84,8.73,8.79,,932002.0
2017-02-17,8.74,8.9,8.69,8.74,,1062320.0
2017-02-21,8.78,8.82,8.63,8.69,,809276.0
2017-02-22,8.71,8.77,8.66,8.75,,815829.0
2017-02-23,8.8,8.83,8.67,8.69,,1243693.0
2017-02-24,8.69,8.97,8.69,8.93,,794132.0
2017-02-27,8.89,9.03,8.87,8.97,,534836.0
2017-02-28,8.93,8.95,8.77,8.8,,930670.0
2017-03-01,8.91,9.03,8.82,8.95,,705504.0
2017-03-02,8.94,9.02,8.88,8.93,,795714.0
2017-03-03,9.0,9.14,8.97,9.13,,931234.0
2017-03-06,9.13,9.13,8.92,9.03,,569901.0
2017-03-07,8.97,9.09,8.87,9.0,,606939.0
2017-03-08,9.0,9.16,9.0,9.09,,617559.0
2017-03-09,9.05,9.1,8.95,8.96,,497790.0
2017-03-10,9.01,9.1,8.96,9.02,,545810.0
2017-03-13,9.02,9.06,8.96,9.05,,371800.0
2017-03-14,9.04,9.12,8.95,8.97,,629918.0
2017-03-15,9.03,9.09,8.95,9.05,,514838.0
2017-03-16,9.05,9.12,9.02,9.06,,567644.0
2017-03-17,9.11,9.14,9.02,9.1,,718799.0
2017-03-20,9.08,9.09,8.98,9.07,,434308.0
2017-03-21,9.12,9.13,8.81,8.91,,622213.0
2017-03-22,8.8,9.03,8.76,9.03,,806382.0
2017-03-23,9.05,9.32,9.0,9.25,,1089675.0
2017-03-24,9.27,9.42,9.22,9.38,,921928.0
2017-03-27,9.25,9.46,9.16,9.42,,564070.0
2017-03-28,9.52,9.84,9.5,9.77,,1244504.0
2017-03-29,9.72,9.97,9.71,9.92,,797044.0
2017-03-30,9.81,9.99,9.76,9.95,,771615.0
2017-03-31,9.99,10.04,9.92,9.96,,748655.0
2017-04-03,10.0,10.02,9.67,9.68,,708439.0
2017-04-04,9.61,9.62,9.39,9.46,,498200.0
2017-04-05,9.56,9.56,9.37,9.43,,772144.0
2017-04-06,9.48,9.61,9.32,9.32,,916171.0
2017-04-07,9.26,9.35,9.22,9.3,,692892.0
2017-04-10,9.31,9.41,9.24,9.32,,656275.0
2017-04-11,9.3,9.57,9.29,9.55,,1298926.0
2017-04-12,9.56,9.6,9.43,9.46,,639356.0
2017-04-13,9.47,9.7,9.3,9.34,,381405.0
2017-04-17,9.33,9.57,9.29,9.56,,488415.0
2017-04-18,9.48,9.6,9.44,9.55,,483060.0
2017-04-19,9.58,9.72,9.57,9.61,,579487.0
2017-04-20,9.68,9.76,9.63,9.72,,292993.0
2017-04-21,9.69,9.78,9.62,9.65,,325850.0
2017-04-24,9.8,9.83,9.66,9.72,,316377.0
2017-04-25,9.79,9.88,9.72,9.79,,414970.0
2017-04-26,10.07,10.36,10.0,10.09,,1840281.0
2017-04-27,10.1,10.16,10.05,10.07,,585266.0
2017-04-28,10.08,10.13,9.92,9.93,,608767.0
2017-05-01,9.97,9.97,9.85,9.87,,443030.0
2017-05-02,9.94,10.1,9.85,10.02,,456457.0
2017-05-03,10.03,10.05,9.89,10.0,,331799.0
2017-05-04,10.01,10.12,9.93,10.09,,478321.0
2017-05-05,10.14,10.2,10.04,10.12,,399441.0
2017-05-08,10.18,10.25,9.96,9.96,,372139.0
2017-05-09,10.03,10.2,10.0,10.14,,581257.0
2017-05-10,10.09,10.19,10.03,10.13,,422718.0
2017-05-11,10.08,10.18,9.91,10.06,,583478.0
2017-05-12,10.04,10.04,9.79,9.92,,399321.0
2017-05-15,9.92,10.02,9.91,9.96,,248122.0
2017-05-16,9.97,9.99,9.79,9.81,,467114.0
2017-05-17,9.71,9.8,9.57,9.71,,589147.0
2017-05-18,9.74,9.8,9.65,9.72,,326141.0
2017-05-19,9.7,9.94,9.6,9.84,,537175.0
2017-05-22,9.82,10.04,9.79,9.89,,583262.0
2017-05-23,9.96,9.99,9.63,9.71,,472941.0
2017-05-24,9.72,9.78,9.6,9.68,,601059.0
2017-05-25,9.79,9.79,9.41,9.43,,1215633.0
2017-05-26,10.9,11.38,10.61,11.2,,67797.0
2017-05-30,11.27,11.48,11.2,11.32,,1344469.0
2017-05-31,11.33,11.69,11.27,11.56,,1216224.0
2017-06-01,11.6,11.84,11.49,11.83,,911070.0
2017-06-02,11.87,11.96,11.64,11.85,,708750.0
2017-06-05,11.82,12.03,11.79,11.99,,696934.0
2017-06-06,11.94,12.12,11.71,11.72,,869017.0
2017-06-07,11.76,11.85,11.64,11.75,,623890.0
2017-06-08,11.62,11.74,11.47,11.54,,567385.0
2017-06-09,11.56,11.81,11.54,11.67,,744181.0
2017-06-12,11.68,11.76,11.58,11.65,,675406.0
2017-06-13,11.72,11.73,11.52,11.55,,595422.0
2017-06-14,11.61,11.61,11.44,11.51,,762614.0
2017-06-15,11.44,11.55,11.41,11.46,,386983.0
2017-06-16,11.37,11.5,11.35,11.45,,497196.0
2017-06-19,11.51,11.52,11.31,11.35,,428309.0
2017-06-20,11.36,11.36,11.01,11.06,,355534.0
2017-06-21,11.07,11.18,11.03,11.06,,359467.0
2017-06-22,11.1,11.3,10.99,11.17,,387615.0
2017-06-23,11.17,11.26,11.08,11.23,,520077.0
2017-06-26,11.23,11.24,11.11,11.16,,530696.0
2017-06-27,11.17,11.37,11.15,11.29,,593688.0
2017-06-28,11.17,11.41,11.13,11.3,,390913.0
2017-06-29,11.32,11.47,11.22,11.32,,439080.0
2017-06-30,11.38,11.54,11.35,11.38,,381722.0
2017-07-03,11.41,11.64,11.37,11.57,,168444.0
2017-07-05,11.55,11.56,11.28,11.28,,283182.0
2017-07-06,11.23,11.29,11.04,11.07,,577506.0
2017-07-07,11.12,11.23,11.06,11.16,,338866.0
2017-07-10,11.14,11.23,11.02,11.19,,269386.0
2017-07-11,11.2,11.26,11.03,11.06,,413864.0
2017-07-12,11.15,11.17,10.81,10.91,,606696.0
2017-07-13,10.96,11.07,10.87,10.89,,353457.0
2017-07-14,10.91,10.95,10.83,10.84,,275882.0
2017-07-17,10.87,11.08,10.8,10.97,,334832.0
2017-07-18,10.97,11.03,10.81,11.01,,342994.0
2017-07-19,11.08,11.12,11.0,11.01,,399616.0
2017-07-20,11.03,11.03,10.87,10.97,,483367.0
2017-07-21,11.16,11.16,10.91,11.04,,339182.0
2017-07-24,10.94,10.96,10.46,10.49,,885471.0
2017-07-25,10.54,10.97,10.46,10.91,,639508.0
2017-07-26,10.91,10.92,10.62,10.62,,443519.0
2017-07-27,10.65,10.78,10.54,10.73,,818333.0
2017-07-28,10.65,11.04,10.56,10.91,,849239.0
2017-07-31,10.92,10.97,10.69,10.81,,724874.0
2017-08-01,10.84,10.98,10.62,10.96,,640542.0
2017-08-02,10.94,10.99,10.64,10.65,,317102.0
2017-08-03,10.64,10.86,10.64,10.74,,260130.0
2017-08-04,10.77,10.83,10.66,10.68,,253391.0
2017-08-07,10.7,10.85,10.68,10.79,,405743.0
2017-08-08,10.96,11.09,10.84,10.96,,415649.0
2017-08-09,10.83,10.85,10.66,10.74,,388506.0
2017-08-10,10.68,10.72,10.58,10.64,,346675.0
2017-08-11,10.59,10.92,10.59,10.77,,464252.0
2017-08-14,10.87,10.91,10.65,10.82,,350009.0
2017-08-15,10.75,10.83,10.54,10.73,,411416.0
2017-08-16,10.82,10.92,10.69,10.8,,454900.0
2017-08-17,10.72,10.76,10.56,10.59,,424871.0
2017-08-18,10.47,10.65,10.46,10.59,,454463.0
2017-08-21,10.59,10.59,10.36,10.38,,334320.0
2017-08-22,10.47,10.47,10.23,10.32,,323848.0
2017-08-23,10.28,10.38,10.23,10.27,,242850.0
2017-08-24,10.37,10.51,10.28,10.42,,203048.0
2017-08-25,10.44,10.61,10.43,10.59,,369479.0
2017-08-28,10.59,10.7,10.49,10.67,,549034.0
2017-08-29,10.54,10.59,10.27,10.4,,397003.0
2017-08-30,10.4,10.49,10.29,10.47,,290438.0
2017-08-31,10.47,10.68,10.44,10.65,,437193.0
2017-09-01,10.69,10.99,10.68,10.93,,421840.0
2017-09-05,10.92,10.97,10.53,10.57,,402172.0
2017-09-06,10.6,10.78,10.57,10.74,,449660.0
2017-09-07,10.76,10.8,10.63,10.79,,300169.0
2017-09-08,10.76,10.84,10.61,10.77,,285506.0
2017-09-11,10.81,10.85,10.66,10.7,,223810.0
2017-09-12,10.72,10.75,10.54,10.58,,307007.0
2017-09-13,10.59,10.81,10.54,10.77,,539650.0
2017-09-14,10.75,10.75,10.35,10.41,,369995.0
2017-09-15,10.4,10.65,10.34,10.63,,374536.0
2017-09-18,10.65,10.66,10.42,10.47,,224447.0
2017-09-19,10.51,10.66,10.5,10.61,,267260.0
2017-09-20,10.59,10.66,10.47,10.59,,237594.0
2017-09-21,10.58,10.64,10.51,10.52,,144381.0
2017-09-22,10.49,10.64,10.48,10.59,,167002.0
2017-09-25,10.57,10.81,10.57,10.75,,327582.0
2017-09-26,10.77,11.09,10.71,11.06,,448060.0
2017-09-27,11.08,11.28,11.08,11.23,,562474.0
2017-09-28,11.22,11.31,11.18,11.19,,255997.0
2017-09-29,11.21,11.43,11.15,11.4,,520388.0
2017-10-02,11.42,11.52,11.26,11.5,,371224.0
2017-10-03,11.52,11.53,11.36,11.46,,317184.0
2017-10-04,11.5,11.66,11.42,11.54,,411409.0
2017-10-05,11.64,11.92,11.5,11.7,,1050519.0
2017-10-06,11.73,11.88,11.62,11.88,,440109.0
2017-10-09,11.86,11.96,11.76,11.83,,535996.0
2017-10-10,11.89,12.02,11.87,11.94,,370982.0
2017-10-11,11.88,11.93,11.54,11.54,,637702.0
2017-10-12,11.51,11.51,10.92,10.97,,937145.0
2017-10-13,10.99,11.11,10.93,10.97,,643424.0
2017-10-16,10.76,10.79,10.56,10.78,,1475559.0
2017-10-17,10.82,11.05,10.82,10.88,,610036.0
2017-10-18,10.9,11.13,10.73,10.99,,861309.0
2017-10-19,10.92,10.95,10.79,10.8,,398212.0
2017-10-20,10.95,11.17,10.94,11.02,,430772.0
2017-10-23,11.02,11.18,10.91,10.96,,516892.0
2017-10-24,10.98,11.26,10.98,11.2,,684472.0
2017-10-25,11.15,11.48,11.12,11.45,,459496.0
2017-10-26,11.44,11.8,11.43,11.69,,1009915.0
2017-10-27,11.98,12.24,11.46,12.08,,2251729.0
2017-10-30,12.08,12.08,11.71,11.77,,888454.0
2017-10-31,11.82,11.85,11.28,11.37,,997653.0
2017-11-01,11.44,11.56,11.33,11.48,,804261.0
2017-11-02,11.47,11.51,11.32,11.41,,586227.0
2017-11-03,11.42,11.42,11.0,11.02,,580896.0
2017-11-06,10.98,11.05,10.81,10.87,,722683.0
2017-11-07,10.87,10.91,10.55,10.76,,723958.0
2017-11-08,10.69,11.02,10.67,10.98,,506497.0
2017-11-09,10.95,11.12,10.89,11.08,,445568.0
2017-11-10,11.08,11.48,11.08,11.41,,510102.0
2017-11-13,11.4,11.56,11.39,11.54,,650859.0
2017-11-14,11.46,11.7,11.46,11.61,,478578.0
2017-11-15,11.55,11.59,11.39,11.41,,696922.0
2017-11-16,11.44,11.83,11.44,11.68,,472921.0
2017-11-17,11.77,11.97,11.74,11.89,,777732.0
2017-11-20,11.94,12.15,11.94,12.09,,780261.0
2017-11-21,12.05,12.27,11.94,12.18,,725865.0
2017-11-22,12.19,12.57,12.17,12.38,,727735.0
2017-11-24,12.4,12.42,12.22,12.32,,247038.0
2017-11-27,12.4,12.5,12.06,12.07,,667740.0
2017-11-28,12.07,12.14,11.92,12.12,,581130.0
2017-11-29,12.16,12.55,12.16,12.5,,945179.0
2017-11-30,12.51,12.6,12.32,12.46,,795305.0
2017-12-01,12.41,12.45,12.11,12.45,,652173.0
2017-12-04,12.7,12.96,12.58,12.83,,754265.0
2017-12-05,12.89,12.91,12.38,12.4,,515809.0
2017-12-06,12.45,12.69,12.38,12.63,,511823.0
2017-12-07,12.68,12.86,12.58,12.71,,470969.0
2017-12-08,12.79,13.06,12.72,12.95,,442845.0
2017-12-11,12.94,12.95,12.64,12.84,,413810.0
2017-12-12,12.9,13.01,12.81,12.86,,974828.0
2017-12-13,12.82,13.12,12.82,13.06,,892854.0
2017-12-14,13.07,13.13,12.32,12.36,,1296616.0
2017-12-15,12.4,12.75,12.4,12.66,,785286.0
2017-12-18,12.79,12.92,12.72,12.85,,366291.0
2017-12-19,13.06,13.46,12.99,13.21,,846053.0
2017-12-20,13.29,13.29,13.05,13.17,,371930.0
2017-12-21,13.27,13.27,13.12,13.2,,265341.0
2017-12-22,13.11,13.25,13.06,13.21,,317067.0
2017-12-26,13.24,13.41,13.2,13.3,,301545.0
2017-12-27,13.31,13.43,13.24,13.31,,256232.0
2017-12-28,13.34,13.49,13.32,13.34,,147546.0
2017-12-29,13.39,13.49,13.35,13.38,,307941.0
2018-01-02,13.19,13.45,12.99,13.38,,518941.0
2018-01-03,13.33,13.41,13.14,13.22,,512130.0
2018-01-04,13.22,13.23,12.99,13.16,,443056.0
2018-01-05,13.19,13.22,13.01,13.16,,366192.0
2018-01-08,13.29,13.64,13.16,13.49,,537799.0
2018-01-09,13.47,13.58,13.32,13.33,,529715.0
2018-01-10,13.28,13.49,13.27,13.43,,388295.0
2018-01-11,13.45,13.64,13.35,13.62,,221857.0
2018-01-12,13.65,13.85,13.57,13.82,,281267.0
2018-01-16,13.88,13.98,13.62,13.71,,444169.0
2018-01-17,13.97,14.03,13.83,13.91,,477144.0
2018-01-18,13.86,14.02,13.83,13.92,,633102.0
2018-01-19,13.9,14.29,13.9,14.23,,1239933.0
2018-01-22,14.21,14.42,14.17,14.38,,927224.0
2018-01-23,14.38,14.74,14.29,14.68,,957456.0
2018-01-24,14.73,14.77,14.4,14.43,,767742.0
2018-01-25,14.53,14.71,14.37,14.65,,519115.0
2018-01-26,14.77,14.88,14.6,14.74,,382517.0
2018-01-29,14.82,14.96,14.72,14.73,,395614.0
2018-01-30,14.69,14.79,14.37,14.54,,619018.0
2018-01-31,14.53,14.65,14.13,14.29,,818120.0
2018-02-01,14.16,14.71,14.05,14.54,,988969.0
2018-02-02,15.76,16.44,14.98,15.61,,2782696.0
2018-02-05,15.59,16.13,15.48,15.82,,1764927.0
2018-02-06,15.44,15.91,15.31,15.83,,1778700.0
2018-02-07,15.85,16.3,15.81,15.95,,968254.0
2018-02-08,15.89,15.94,15.09,15.11,,1651332.0
2018-02-09,15.26,15.67,15.01,15.54,,1380784.0
2018-02-12,15.58,15.8,15.5,15.67,,1029235.0
2018-02-13,15.64,15.86,15.54,15.72,,734336.0
2018-02-14,15.57,16.03,15.52,15.92,,757553.0
2018-02-15,15.97,16.02,15.56,16.0,,557760.0
2018-02-16,15.83,15.99,15.73,15.77,,600496.0
2018-02-20,15.67,15.91,15.35,15.83,,1095060.0
2018-02-21,15.9,16.3,15.9,16.0,,1084750.0
2018-02-22,16.05,16.12,15.88,15.93,,787042.0
2018-02-23,16.02,16.08,15.87,16.0,,699040.0
2018-02-26,16.0,16.12,15.84,16.02,,869129.0
2018-02-27,16.09,16.4,15.8,15.92,,624392.0
2018-02-28,15.97,16.11,15.74,15.76,,638165.0
2018-03-01,15.74,15.84,15.29,15.78,,1078611.0
2018-03-02,15.62,16.02,15.45,15.98,,544830.0
2018-03-05,15.96,16.13,15.71,15.78,,893189.0
2018-03-06,15.83,16.46,15.62,16.38,,961736.0
2018-03-07,16.22,16.49,16.09,16.3,,2339603.0
2018-03-08,16.38,16.38,15.84,15.89,,527692.0
2018-03-09,15.99,16.31,15.98,16.25,,924139.0
2018-03-12,15.92,15.95,14.6,15.05,,2259266.0
2018-03-13,15.07,15.46,15.0,15.14,,1369295.0
2018-03-14,15.22,15.35,14.99,15.08,,634986.0
2018-03-15,15.13,15.23,15.0,15.15,,1298324.0
2018-03-16,15.19,15.73,15.19,15.41,,1232607.0
2018-03-19,15.31,15.46,15.05,15.34,,752964.0
2018-03-20,15.33,15.4,15.17,15.37,,787722.0
2018-03-21,15.37,15.43,15.21,15.28,,552359.0
2018-03-22,15.17,15.4,15.07,15.08,,602611.0
2018-03-23,15.16,15.2,14.87,14.87,,624051.0
2018-03-26,15.09,15.21,14.91,15.16,,1704167.0
2018-03-27,15.19,15.44,15.07,15.21,,647778.0
2018-03-28,15.22,15.48,14.97,15.04,,638767.0
2018-03-29,15.12,15.37,14.97,15.01,,706986.0
2018-04-02,14.97,14.98,14.3,14.43,,676418.0
2018-04-03,14.46,14.97,14.46,14.84,,782939.0
2018-04-04,14.69,15.31,14.68,15.28,,748798.0
2018-04-05,15.39,15.63,15.24,15.61,,1651953.0
2018-04-06,15.53,15.84,15.18,15.32,,682311.0
2018-04-09,15.38,15.59,15.34,15.4,,713988.0
2018-04-10,15.56,15.89,15.37,15.84,,578814.0
2018-04-11,15.71,16.0,15.56,15.91,,492784.0
2018-04-12,15.93,16.09,15.88,16.0,,476254.0
2018-04-13,16.08,16.12,15.72,15.83,,482173.0
2018-04-16,15.86,15.99,15.76,15.82,,613312.0
2018-04-17,15.95,16.01,15.66,15.78,,407590.0
2018-04-18,15.8,15.97,15.64,15.66,,755866.0
2018-04-19,15.65,15.66,15.26,15.37,,640270.0
2018-04-20,15.09,15.33,14.81,14.83,,686323.0
2018-04-23,14.92,15.21,14.88,14.97,,649911.0
2018-04-24,15.12,15.3,15.01,15.14,,396810.0
2018-04-25,15.1,15.36,14.94,15.25,,340071.0
2018-04-26,15.27,15.45,15.07,15.34,,267310.0
2018-04-27,15.42,15.7,15.35,15.5,,353567.0
2018-04-30,15.52,15.79,15.52,15.54,,392184.0
2018-05-01,15.47,15.73,15.33,15.68,,578088.0
2018-05-02,15.61,15.71,15.35,15.58,,453939.0
2018-05-03,15.5,15.63,15.28,15.38,,317311.0
2018-05-04,15.38,15.71,15.23,15.56,,525318.0
2018-05-07,15.58,15.81,15.46,15.79,,544114.0
2018-05-08,15.8,16.1,15.7,16.03,,407088.0
2018-05-09,16.09,16.32,15.98,16.27,,584073.0
2018-05-10,16.26,16.4,16.01,16.27,,495642.0
2018-05-11,16.27,16.42,16.17,16.27,,326268.0
2018-05-14,16.34,16.58,16.3,16.49,,661094.0
2018-05-15,16.48,16.64,16.35,16.52,,526270.0
2018-05-16,16.6,16.96,16.46,16.54,,732134.0
2018-05-17,16.54,16.79,16.37,16.76,,446752.0
2018-05-18,16.75,17.2,16.74,16.91,,989825.0
2018-05-21,17.38,17.52,17.17,17.44,,1092537.0
2018-05-22,17.43,17.51,17.0,17.05,,659688.0
2018-05-23,17.06,17.3,17.04,17.14,,1022849.0
2018-05-24,17.12,17.33,16.94,17.28,,902415.0
2018-05-25,18.0,18.22,17.48,17.89,,1521290.0
2018-05-29,17.76,18.44,17.71,17.91,,1657840.0
2018-05-30,17.93,18.36,17.87,18.33,,935286.0
2018-05-31,18.41,18.92,18.41,18.86,,1133945.0
2018-06-01,18.94,19.41,18.94,19.18,,891676.0
2018-06-04,19.32,19.63,19.24,19.61,,646071.0
2018-06-05,19.57,20.02,19.45,19.88,,891015.0
2018-06-06,19.9,20.1,19.77,19.98,,535282.0
2018-06-07,20.01,20.23,19.85,19.88,,778537.0
2018-06-08,19.84,20.34,19.83,20.27,,591885.0
2018-06-11,20.28,20.33,20.05,20.21,,442704.0
2018-06-12,20.19,20.37,20.1,20.13,,562077.0
2018-06-13,20.11,20.18,19.86,19.89,,820900.0
2018-06-14,19.93,20.01,19.72,19.85,,490555.0
2018-06-15,19.75,20.09,19.72,19.8,,829330.0
2018-06-18,19.74,20.16,19.74,20.04,,463545.0
2018-06-19,19.9,20.09,19.54,20.07,,527314.0
2018-06-20,20.06,20.3,19.85,20.27,,352278.0
2018-06-21,20.26,20.5,20.08,20.32,,403203.0
2018-06-22,20.39,20.43,19.83,19.86,,1165602.0
2018-06-25,19.86,19.86,19.26,19.34,,777817.0
2018-06-26,19.42,19.9,19.36,19.78,,882057.0
2018-06-27,19.74,19.9,19.22,19.24,,530641.0
2018-06-28,19.13,19.39,19.08,19.34,,380487.0
2018-06-29,19.51,19.58,18.82,18.82,,578523.0
2018-07-02,18.81,19.12,18.78,19.09,,833042.0
2018-07-03,19.17,19.37,19.14,19.24,,262754.0
2018-07-05,19.31,19.31,18.92,19.13,,490121.0
2018-07-06,19.06,19.33,18.94,18.97,,634117.0
2018-07-09,19.1,19.28,18.72,19.05,,618306.0
2018-07-10,19.02,19.16,18.59,19.05,,660589.0
2018-07-11,18.99,19.06,18.72,18.73,,309009.0
2018-07-12,18.76,18.84,18.59,18.66,,536373.0
2018-07-13,18.62,18.75,18.42,18.65,,500064.0
2018-07-16,18.65,18.84,18.39,18.77,,599618.0
2018-07-17,18.8,19.32,18.76,19.23,,411591.0
2018-07-18,19.23,19.44,18.98,19.39,,506781.0
2018-07-19,19.41,19.98,19.41,19.81,,725661.0
2018-07-20,19.65,19.85,19.44,19.6,,460104.0
2018-07-23,19.63,19.72,19.43,19.5,,472803.0
2018-07-24,19.57,19.66,18.95,19.1,,731887.0
2018-07-25,19.07,19.8,18.92,19.77,,557405.0
2018-07-26,19.74,20.1,19.72,19.87,,896397.0
2018-07-27,18.7,19.16,17.52,18.5,,2033144.0
2018-07-30,18.55,18.56,18.22,18.46,,874164.0
2018-07-31,18.61,18.96,18.6,18.8,,544793.0
2018-08-01,18.8,19.22,18.43,18.8,,929851.0
2018-08-02,18.71,19.6,18.71,19.52,,528660.0
2018-08-03,19.74,19.86,19.13,19.2,,603804.0
2018-08-06,19.2,19.4,19.05,19.3,,472522.0
2018-08-07,19.36,19.62,19.22,19.48,,426485.0
2018-08-08,19.51,19.92,19.41,19.87,,406995.0
2018-08-09,19.86,20.38,19.76,20.21,,527911.0
2018-08-10,20.03,20.42,19.94,20.23,,504149.0
2018-08-13,20.32,20.4,19.87,19.91,,443129.0
2018-08-14,19.96,20.25,19.91,20.03,,496924.0
2018-08-15,19.9,19.96,19.37,19.77,,517020.0
2018-08-16,19.94,19.94,19.51,19.77,,497758.0
2018-08-17,19.72,20.0,19.61,19.92,,440802.0
2018-08-20,19.91,20.09,19.66,19.88,,407850.0
2018-08-21,19.9,20.02,19.69,19.79,,468386.0
2018-08-22,19.8,20.13,19.8,19.85,,422469.0
2018-08-23,20.18,20.56,20.02,20.25,,546802.0
2018-08-24,20.12,20.33,19.54,19.67,,406724.0
2018-08-27,19.79,19.88,19.43,19.57,,398646.0
2018-08-28,19.6,19.8,19.44,19.71,,282330.0
2018-08-29,19.66,19.85,19.29,19.77,,348053.0
2018-08-30,19.76,20.04,19.61,19.83,,368191.0
2018-08-31,19.77,20.37,19.74,20.31,,605230.0
2018-09-04,20.48,20.78,20.04,20.16,,673799.0
2018-09-05,20.08,20.16,19.57,19.89,,508506.0
2018-09-06,19.92,20.15,19.78,19.79,,441558.0
2018-09-07,19.77,20.11,19.55,19.6,,593984.0
2018-09-10,19.71,19.94,19.64,19.79,,580693.0
2018-09-11,19.93,19.99,19.51,19.73,,418816.0
2018-09-12,19.76,19.87,19.23,19.69,,865286.0
2018-09-13,19.92,19.94,19.46,19.53,,411421.0
2018-09-14,19.53,19.56,18.93,18.95,,399142.0
2018-09-17,18.95,18.95,18.55,18.74,,537177.0
2018-09-18,18.76,18.78,18.58,18.69,,348757.0
2018-09-19,18.65,18.96,18.52,18.78,,444818.0
2018-09-20,18.8,19.13,18.57,18.75,,468706.0
2018-09-21,18.72,18.97,18.48,18.52,,783465.0
2018-09-24,18.54,18.75,18.35,18.61,,421880.0
2018-09-25,18.73,18.99,18.57,18.91,,432626.0
2018-09-26,18.92,19.53,18.78,19.29,,503602.0
2018-09-27,19.29,19.55,19.26,19.39,,420902.0
2018-09-28,19.37,19.94,19.33,19.76,,430643.0
2018-10-01,19.83,19.87,19.38,19.41,,371326.0
2018-10-02,19.38,19.46,18.26,18.27,,503039.0
2018-10-03,18.29,18.63,17.93,18.4,,591204.0
2018-10-04,18.31,18.37,17.75,17.83,,472170.0
2018-10-05,17.83,18.31,17.83,18.26,,649789.0
2018-10-08,18.26,18.36,17.96,18.22,,334759.0
2018-10-09,18.2,18.37,18.01,18.21,,353107.0
2018-10-10,18.17,18.17,17.05,17.08,,511703.0
2018-10-11,17.0,17.66,16.95,17.3,,688525.0
2018-10-12,17.55,17.64,17.16,17.4,,574978.0
2018-10-15,17.42,17.79,17.41,17.66,,576647.0
2018-10-16,17.69,18.5,17.54,18.48,,505673.0
2018-10-17,18.5,18.56,17.99,18.4,,656647.0
2018-10-18,18.47,18.82,18.17,18.31,,651087.0
2018-10-19,18.4,18.46,17.64,17.73,,566821.0
2018-10-22,17.74,18.33,17.69,18.28,,608650.0
2018-10-23,18.1,18.3,17.71,18.25,,611642.0
2018-10-24,18.19,18.68,17.74,17.77,,783856.0
2018-10-25,17.9,18.5,17.7,18.16,,806470.0
2018-10-26,18.83,19.41,18.37,19.28,,1795301.0
2018-10-29,19.62,20.85,19.54,20.29,,1203293.0
2018-10-30,20.32,21.6,20.32,21.49,,1224894.0
2018-10-31,21.66,21.84,21.03,21.2,,992545.0
2018-11-01,21.32,22.02,20.86,21.95,,952989.0
2018-11-02,22.1,22.49,21.76,21.95,,715531.0
2018-11-05,22.06,22.47,21.83,22.32,,601870.0
2018-11-06,22.23,22.35,21.74,22.02,,744277.0
2018-11-07,22.02,22.57,21.69,22.55,,491853.0
2018-11-08,22.54,22.91,22.33,22.71,,601292.0
2018-11-09,22.7,22.85,22.3,22.35,,753194.0
2018-11-12,22.38,22.65,22.06,22.11,,661198.0
2018-11-13,22.11,22.42,21.69,21.78,,594472.0
2018-11-14,21.95,22.41,21.44,21.65,,662292.0
2018-11-15,21.43,21.43,20.82,21.28,,541008.0
2018-11-16,21.07,21.69,20.74,21.65,,694799.0
2018-11-19,21.66,21.7,20.5,20.56,,542728.0
2018-11-20,19.98,20.61,19.8,20.5,,617778.0
2018-11-21,20.67,20.94,20.46,20.56,,530107.0
2018-11-23,20.41,20.68,20.25,20.46,,236120.0
2018-11-26,20.66,21.49,20.65,21.34,,738791.0
2018-11-27,21.16,21.48,21.1,21.28,,522317.0
2018-11-28,21.29,21.72,21.05,21.66,,493358.0
2018-11-29,21.6,21.82,21.3,21.71,,432408.0
2018-11-30,21.68,22.28,21.67,22.21,,455574.0
2018-12-03,22.69,22.9,22.34,22.82,,639614.0
2018-12-04,22.81,22.88,21.32,21.41,,721053.0
2018-12-06,21.07,21.4,20.63,21.34,,786300.0
2018-12-07,21.27,21.36,19.91,20.07,,554794.0
2018-12-10,20.25,20.95,20.12,20.78,,799423.0
2018-12-11,21.12,21.45,20.7,21.21,,835231.0
2018-12-12,21.39,21.53,20.92,21.1,,498785.0
2018-12-13,21.08,21.21,20.18,20.45,,512457.0
2018-12-14,20.18,20.73,20.1,20.3,,501278.0
2018-12-17,20.25,20.36,19.66,19.74,,575648.0
2018-12-18,19.89,20.45,19.8,20.33,,532740.0
2018-12-19,20.51,21.08,20.26,20.46,,614249.0
2018-12-20,20.43,20.99,20.24,20.57,,593024.0
2018-12-21,20.63,21.23,20.44,20.48,,1265640.0
2018-12-24,20.22,20.34,19.78,19.88,,466926.0
2018-12-26,20.01,21.79,19.89,21.77,,988930.0
2018-12-27,21.47,21.77,20.95,21.76,,460562.0
2018-12-28,21.88,22.04,21.08,21.43,,615194.0
2018-12-31,21.57,21.69,21.18,21.32,,550627.0
2019-01-02,21.0,22.03,20.74,21.57,,931723.0
2019-01-03,21.43,21.58,20.89,20.97,,699929.0
2019-01-04,21.23,21.3,20.21,20.3,,1007038.0
2019-01-07,20.34,21.25,20.02,20.85,,845028.0
2019-01-08,21.06,21.21,20.41,21.0,,418051.0
2019-01-09,21.1,21.38,20.85,21.1,,611698.0
2019-01-10,20.77,20.97,18.77,18.93,,1330775.0
2019-01-11,18.93,19.21,18.48,18.88,,750371.0
2019-01-14,18.84,19.32,18.78,18.96,,564845.0
2019-01-15,19.05,19.2,18.77,18.98,,593680.0
2019-01-16,18.96,19.18,18.77,19.14,,518293.0
2019-01-17,19.14,19.77,19.01,19.59,,596152.0
2019-01-18,19.82,19.96,19.37,19.81,,532454.0
2019-01-22,19.79,20.43,19.59,20.18,,692701.0
2019-01-23,20.24,20.77,20.24,20.59,,788050.0
2019-01-24,20.51,20.53,19.97,20.49,,545775.0
2019-01-25,20.75,21.14,20.66,20.89,,643722.0
2019-01-28,20.62,21.24,20.62,21.0,,542524.0
2019-01-29,21.08,21.19,20.76,20.84,,459941.0
2019-01-30,20.95,21.22,20.8,21.19,,423639.0
2019-01-31,21.2,21.42,20.9,21.41,,1097664.0
2019-02-01,24.17,24.48,23.1,23.65,,3776827.0
2019-02-04,23.66,23.85,23.19,23.25,,989831.0
2019-02-05,23.39,23.58,23.15,23.23,,571439.0
2019-02-06,23.22,23.56,22.78,23.55,,750019.0
2019-02-07,23.39,23.82,23.13,23.45,,806821.0
2019-02-08,23.43,23.81,23.34,23.51,,543309.0
2019-02-11,23.72,24.06,23.55,23.98,,605437.0
2019-02-12,23.96,24.45,23.83,24.01,,439217.0
2019-02-13,23.95,24.38,23.89,23.96,,547564.0
2019-02-14,23.8,24.03,23.24,23.78,,500283.0
2019-02-15,23.93,24.39,23.83,24.38,,584654.0
2019-02-19,24.37,24.43,24.18,24.27,,527863.0
2019-02-20,24.2,24.2,23.75,23.96,,464221.0
2019-02-21,23.87,24.03,23.58,23.88,,312840.0
2019-02-22,23.99,24.22,23.84,24.15,,312688.0
2019-02-25,24.21,24.97,24.19,24.66,,683676.0
2019-02-26,24.62,24.9,24.45,24.77,,419800.0
2019-02-27,24.42,24.89,24.42,24.76,,427000.0
2019-02-28,24.67,24.91,24.45,24.66,,494200.0
2019-03-01,24.99,25.55,24.56,24.64,,554184.0
2019-03-04,24.7,24.83,24.13,24.16,,476103.0
2019-03-05,24.13,24.26,23.96,24.12,,369663.0
2019-03-06,24.23,24.28,23.68,23.85,,367449.0
2019-03-07,23.79,23.93,23.54,23.66,,653449.0
2019-03-08,23.6,23.79,23.25,23.5,,381411.0
2019-03-11,23.59,23.94,23.56,23.79,,556008.0
2019-03-12,23.79,23.88,23.3,23.63,,406919.0
2019-03-13,23.69,23.95,23.59,23.71,,558103.0
2019-03-14,23.68,23.88,23.42,23.78,,315743.0
2019-03-15,23.85,23.99,23.61,23.63,,518768.0
2019-03-18,23.63,24.18,23.48,24.1,,404425.0
2019-03-19,24.11,24.59,24.09,24.28,,496262.0
2019-03-20,24.23,24.35,23.81,24.07,,277922.0
2019-03-21,24.06,24.42,23.82,24.37,,296023.0
2019-03-22,24.16,24.35,23.32,23.42,,382578.0
2019-03-25,23.42,24.01,23.16,23.85,,293546.0
2019-03-26,24.0,24.1,23.75,23.89,,259884.0
2019-03-27,23.92,24.19,23.78,24.08,,336133.0
2019-03-28,24.42,24.74,24.32,24.5,,405596.0
2019-03-29,24.63,24.7,24.26,24.5,,382447.0
2019-04-01,24.63,24.79,24.25,24.47,,555847.0
2019-04-02,24.54,24.54,23.8,23.87,,593926.0
2019-04-03,24.01,24.01,23.7,23.9,,552619.0
2019-04-04,23.95,24.22,23.71,24.19,,314635.0
2019-04-05,24.32,24.76,24.26,24.49,,468466.0
2019-04-08,24.38,24.56,24.16,24.17,,344444.0
2019-04-09,24.05,24.35,23.94,24.31,,454992.0
2019-04-10,24.35,24.73,24.35,24.7,,282601.0
2019-04-11,24.78,25.14,24.68,24.99,,481343.0
2019-04-12,25.15,25.36,24.89,25.27,,339734.0
2019-04-15,25.26,25.5,25.23,25.41,,511489.0
2019-04-16,25.4,25.77,25.17,25.21,,458846.0
2019-04-17,25.37,25.68,25.14,25.45,,460828.0
2019-04-18,25.39,25.77,25.24,25.57,,364964.0
2019-04-22,25.43,25.52,24.96,24.98,,320220.0
2019-04-23,25.04,25.33,24.93,25.33,,356442.0
2019-04-24,25.34,25.9,25.2,25.79,,278234.0
2019-04-25,25.79,25.99,25.53,25.77,,321288.0
2019-04-26,25.79,25.93,25.55,25.86,,208698.0
2019-04-29,25.89,26.31,25.77,26.27,,441449.0
2019-04-30,26.31,26.53,26.04,26.37,,577168.0
2019-05-01,26.36,26.4,26.04,26.09,,434774.0
2019-05-02,26.2,26.52,26.07,26.37,,336910.0
2019-05-03,26.4,26.62,26.13,26.48,,445460.0
2019-05-06,26.11,26.45,25.94,26.29,,380091.0
2019-05-07,26.14,26.23,25.09,25.26,,469668.0
2019-05-08,25.25,25.38,24.96,25.1,,379038.0
2019-05-09,24.98,25.01,24.38,24.82,,409938.0
2019-05-10,24.68,24.79,23.67,24.35,,505557.0
2019-05-13,23.78,23.82,22.87,23.06,,551262.0
2019-05-14,23.75,24.21,23.28,24.14,,769758.0
2019-05-15,23.99,24.23,23.61,23.87,,580685.0
2019-05-16,24.0,24.34,23.95,24.08,,361156.0
2019-05-17,23.87,24.17,23.67,23.77,,339961.0
2019-05-20,23.62,23.99,23.53,23.79,,424428.0
2019-05-21,24.3,24.84,24.03,24.78,,898266.0
2019-05-22,24.54,25.19,24.42,25.02,,833182.0
2019-05-23,24.78,25.24,24.42,24.57,,1430450.0
2019-05-24,26.48,26.5,25.34,25.58,,1213745.0
2019-05-28,25.49,25.66,25.1,25.14,,747118.0
2019-05-29,24.92,25.33,24.44,25.21,,921097.0
2019-05-30,25.17,25.75,24.94,25.29,,509287.0
2019-05-31,25.0,25.44,24.85,25.35,,481986.0
2019-06-03,25.18,25.98,25.15,25.7,,776204.0
2019-06-04,26.02,26.62,25.78,25.86,,780664.0
2019-06-05,26.1,26.17,25.78,25.96,,508513.0
2019-06-06,25.93,26.07,25.47,25.94,,431750.0
2019-06-07,26.1,26.81,26.1,26.72,,442804.0
2019-06-10,26.75,27.48,26.75,27.35,,453841.0
2019-06-11,27.65,28.08,27.48,27.95,,565967.0
2019-06-12,28.0,28.74,27.89,28.72,,601109.0
2019-06-13,28.96,29.47,28.88,29.36,,628818.0
2019-06-14,29.42,29.46,28.97,29.06,,438880.0
2019-06-17,29.08,29.14,28.8,28.86,,326908.0
2019-06-18,29.0,29.35,28.91,29.14,,286721.0
2019-06-19,29.11,29.16,28.77,29.07,,300102.0
2019-06-20,29.34,29.4,28.78,29.01,,405959.0
2019-06-21,28.82,29.3,28.77,29.25,,508006.0
2019-06-24,29.27,29.44,28.84,28.9,,371064.0
2019-06-25,29.02,29.17,28.63,28.66,,382646.0
2019-06-26,28.8,29.27,28.8,28.95,,354605.0
2019-06-27,28.97,29.23,28.87,29.21,,346821.0
2019-06-28,29.26,29.44,28.98,29.33,,644294.0
2019-07-01,29.62,30.13,29.13,29.3,,400524.0
2019-07-02,29.29,29.29,28.65,28.9,,449493.0
2019-07-03,29.03,29.39,28.68,29.35,,223152.0
2019-07-05,29.26,29.55,29.13,29.49,,216227.0
2019-07-08,29.36,29.66,29.31,29.65,,345286.0
2019-07-09,29.43,29.61,28.96,29.03,,415367.0
2019-07-10,29.17,29.33,29.01,29.27,,318461.0
2019-07-11,29.41,29.41,28.71,28.83,,401809.0
2019-07-12,28.97,29.91,28.97,29.75,,334713.0
2019-07-15,29.67,29.8,29.12,29.39,,269431.0
2019-07-16,29.39,29.58,29.14,29.4,,315248.0
2019-07-17,29.43,29.43,28.67,29.19,,348964.0
2019-07-18,29.2,29.49,29.07,29.4,,277811.0
2019-07-19,29.54,29.58,29.0,29.04,,294472.0
2019-07-22,29.22,29.61,29.04,29.26,,485661.0
2019-07-23,29.37,29.78,29.18,29.69,,321189.0
2019-07-24,29.75,29.94,29.45,29.84,,296138.0
2019-07-25,29.83,29.94,29.43,29.6,,391715.0
2019-07-26,29.12,29.58,25.46,26.59,,1789571.0
2019-07-29,26.66,26.78,26.03,26.56,,799183.0
2019-07-30,26.46,26.48,25.59,25.93,,710703.0
2019-07-31,25.95,26.28,25.7,26.05,,617517.0
2019-08-01,26.05,26.24,24.72,24.94,,697998.0
2019-08-02,24.77,24.83,24.15,24.47,,538030.0
2019-08-05,24.04,24.46,23.75,24.27,,632324.0
2019-08-06,24.38,24.9,24.21,24.85,,569871.0
2019-08-07,24.65,24.97,24.43,24.68,,592571.0
2019-08-08,24.8,25.08,24.68,24.85,,865791.0
2019-08-09,24.77,24.85,24.09,24.16,,497198.0
2019-08-12,23.91,24.0,23.39,23.84,,767241.0
2019-08-13,23.71,24.86,23.57,24.36,,663021.0
2019-08-14,23.7,23.72,22.88,22.9,,602294.0
2019-08-15,22.92,22.97,22.14,22.16,,726552.0
2019-08-16,22.26,22.58,22.09,22.38,,375371.0
2019-08-19,22.95,23.5,22.87,22.96,,520288.0
2019-08-20,22.8,23.08,22.68,22.91,,388269.0
2019-08-21,23.16,23.45,23.0,23.37,,328085.0
2019-08-22,23.39,23.84,23.26,23.67,,504300.0
2019-08-23,23.37,23.68,22.64,22.71,,497847.0
2019-08-26,22.84,23.17,22.7,23.09,,351072.0
2019-08-27,23.26,23.76,23.11,23.44,,507920.0
2019-08-28,23.36,24.05,23.27,23.83,,337754.0
2019-08-29,24.12,24.48,24.12,24.41,,344771.0
2019-08-30,24.55,24.71,24.42,24.57,,389021.0
2019-09-03,24.31,24.48,24.02,24.24,,513987.0
2019-09-04,24.55,24.74,24.37,24.49,,429392.0
2019-09-05,24.75,25.74,24.67,25.64,,550189.0
2019-09-06,25.72,25.91,25.44,25.46,,327613.0
2019-09-09,25.58,25.97,25.51,25.85,,519323.0
2019-09-10,25.71,25.79,25.01,25.23,,506666.0
2019-09-11,25.22,25.24,24.68,24.96,,383128.0
2019-09-12,25.04,25.46,24.76,25.12,,369819.0
2019-09-13,25.18,25.49,24.54,24.65,,359719.0
2019-09-16,24.45,24.86,24.08,24.17,,347974.0
2019-09-17,24.1,24.23,23.76,23.84,,399787.0
2019-09-18,23.82,23.84,22.96,23.3,,455159.0
2019-09-19,23.19,23.35,22.72,23.01,,520476.0
2019-09-20,22.99,23.56,22.7,22.71,,619729.0
2019-09-23,22.81,23.21,22.62,22.65,,461241.0
2019-09-24,22.64,22.71,21.7,22.17,,685352.0
2019-09-25,22.34,22.66,21.95,22.4,,476403.0
2019-09-26,22.49,23.5,22.49,23.4,,785793.0
2019-09-27,23.56,24.12,23.55,23.86,,904424.0
2019-09-30,23.91,24.85,23.91,24.56,,930561.0
2019-10-01,24.58,24.99,24.31,24.41,,642157.0
2019-10-02,24.14,24.26,23.53,24.04,,552567.0
2019-10-03,24.01,24.36,23.48,24.33,,396815.0
2019-10-04,24.33,24.47,23.82,24.4,,314669.0
2019-10-07,24.26,24.42,23.8,23.98,,466144.0
2019-10-08,23.6,23.85,23.09,23.74,,460519.0
2019-10-09,24.02,24.06,23.51,24.0,,413483.0
2019-10-10,24.03,24.2,23.81,23.95,,312739.0
2019-10-11,25.12,26.09,25.0,25.68,,668818.0
2019-10-14,25.52,25.77,25.21,25.57,,317713.0
2019-10-15,25.54,25.83,25.35,25.59,,348364.0
2019-10-16,25.55,25.86,25.36,25.61,,300426.0
2019-10-17,25.9,26.38,25.79,26.35,,419411.0
2019-10-18,26.03,26.31,25.7,26.15,,360807.0
2019-10-21,26.34,26.62,26.25,26.39,,285021.0
2019-10-22,26.46,26.53,26.08,26.34,,320256.0
2019-10-23,26.18,26.23,25.62,25.71,,330928.0
2019-10-24,25.88,26.0,25.51,26.0,,524956.0
2019-10-25,25.86,25.86,24.22,25.15,,994563.0
2019-10-28,25.32,25.32,24.68,24.69,,558544.0
2019-10-29,24.74,25.05,24.52,24.97,,504859.0
2019-10-30,24.84,25.21,24.78,25.2,,452123.0
2019-10-31,25.28,25.54,24.99,25.48,,603103.0
2019-11-01,25.69,26.31,25.48,25.86,,752433.0
2019-11-04,26.09,26.75,25.9,26.68,,541111.0
2019-11-05,26.94,27.47,26.81,27.14,,619427.0
2019-11-06,27.17,27.46,26.78,27.16,,520077.0
2019-11-07,27.35,27.86,26.8,27.01,,587054.0
2019-11-08,26.99,27.27,26.69,27.23,,344376.0
2019-11-11,27.15,27.54,26.99,27.41,,340993.0
2019-11-12,27.44,27.62,27.27,27.36,,289609.0
2019-11-13,27.2,27.52,26.97,27.45,,255669.0
2019-11-14,27.48,27.63,27.18,27.52,,321037.0
2019-11-15,27.75,28.07,27.64,27.9,,427450.0
2019-11-18,28.02,28.09,27.59,27.82,,333316.0
2019-11-19,27.74,27.82,27.32,27.36,,437659.0
2019-11-20,27.37,27.37,26.54,26.71,,555646.0
2019-11-21,26.88,27.0,26.19,26.21,,477654.0
2019-11-22,26.51,26.66,26.17,26.59,,286107.0
2019-11-25,27.0,27.5,26.83,27.42,,678135.0
2019-11-26,27.92,28.03,27.54,27.93,,530675.0
2019-11-27,28.04,28.26,27.67,28.14,,404191.0
2019-11-29,28.14,28.23,27.84,28.03,,212470.0
2019-12-02,28.07,28.17,27.05,27.13,,571450.0
2019-12-03,26.74,27.02,26.48,26.49,,470539.0
2019-12-04,26.67,27.09,26.49,26.93,,374967.0
2019-12-05,27.08,27.47,27.01,27.4,,346124.0
2019-12-06,27.79,27.89,26.94,27.06,,538308.0
2019-12-09,27.05,27.57,27.02,27.22,,385071.0
2019-12-10,27.27,27.55,26.91,26.95,,290899.0
2019-12-11,26.98,27.07,26.73,26.84,,293983.0
2019-12-12,26.92,27.23,26.64,26.96,,389145.0
2019-12-13,26.94,27.34,26.7,27.09,,299310.0
2019-12-16,27.2,27.54,27.08,27.27,,282300.0
2019-12-17,27.26,27.38,27.18,27.29,,298838.0
2019-12-18,27.39,27.82,27.32,27.71,,361094.0
2019-12-19,27.69,27.81,27.19,27.27,,385409.0
2019-12-20,27.38,28.0,27.33,27.91,,782903.0
2019-12-23,27.97,27.99,27.33,27.41,,389277.0
2019-12-24,27.44,27.61,27.36,27.42,,139690.0
2019-12-26,27.5,27.87,27.45,27.87,,253343.0
2019-12-27,27.89,28.04,27.66,27.91,,244091.0
2019-12-30,27.9,28.43,27.73,28.14,,240728.0
2019-12-31,28.1,28.5,28.09,28.14,,287058.0
2020-01-02,28.29,28.7,28.16,28.7,,271168.0
2020-01-03,28.26,28.94,28.13,28.91,,315105.0
2020-01-06,28.69,29.12,28.66,29.08,,295818.0
2020-01-07,29.08,29.5,28.82,28.86,,419612.0
2020-01-08,28.89,29.0,28.07,28.14,,565361.0
2020-01-09,28.13,28.31,27.9,28.21,,555255.0
2020-01-10,28.27,28.33,27.43,27.5,,279048.0
2020-01-13,27.59,27.97,27.42,27.96,,371126.0
2020-01-14,28.03,28.44,27.86,28.08,,391183.0
2020-01-15,28.03,28.18,27.92,28.14,,406814.0
2020-01-16,28.33,29.16,28.28,28.78,,481487.0
2020-01-17,28.88,28.99,28.5,28.92,,513461.0
2020-01-21,28.8,29.38,28.54,29.16,,672444.0
2020-01-22,29.37,29.68,28.96,29.22,,543728.0
2020-01-23,29.01,29.31,28.5,29.17,,532700.0
2020-01-24,30.0,30.0,29.27,29.61,,575510.0
2020-01-27,29.02,29.38,28.87,29.22,,399891.0
2020-01-28,29.32,29.38,28.52,29.18,,620298.0
2020-01-29,29.35,29.67,29.08,29.43,,474270.0
2020-01-30,29.18,29.66,29.07,29.56,,758442.0
2020-01-31,30.93,33.22,30.93,31.82,,2520409.0
2020-02-03,32.01,32.3,31.12,31.27,,948321.0
2020-02-04,31.46,31.94,31.42,31.61,,498453.0
2020-02-05,31.69,32.21,31.28,32.14,,623916.0
2020-02-06,32.26,32.27,31.75,32.01,,518594.0
2020-02-07,31.94,32.29,31.73,31.9,,435346.0
2020-02-10,31.89,32.27,31.68,32.17,,340069.0
2020-02-11,32.08,32.36,31.83,32.22,,584013.0
2020-02-12,32.46,33.35,32.24,33.23,,460978.0
2020-02-13,33.13,33.52,33.02,33.42,,379243.0
2020-02-14,33.52,33.86,33.24,33.43,,353495.0
2020-02-18,33.25,33.86,33.07,33.53,,323527.0
2020-02-19,33.67,33.86,33.47,33.52,,441306.0
2020-02-20,33.45,33.62,32.81,33.18,,429783.0
2020-02-21,33.09,33.12,32.31,32.43,,469814.0
2020-02-24,31.46,31.81,31.18,31.25,,411870.0
2020-02-25,31.39,31.58,30.24,30.36,,505204.0
2020-02-26,30.6,31.11,30.23,30.24,,445381.0
2020-02-27,29.52,30.3,28.99,28.99,,488899.0
2020-02-28,28.33,29.28,28.13,28.97,,741082.0
2020-03-02,29.05,29.89,28.21,29.82,,684758.0
2020-03-03,29.83,30.85,28.78,29.15,,411094.0
2020-03-04,29.53,30.04,29.08,29.98,,320438.0
2020-03-05,29.23,29.52,28.66,28.79,,480123.0
2020-03-06,28.03,28.93,27.89,28.77,,444496.0
2020-03-09,26.92,28.05,25.23,27.0,,577170.0
2020-03-10,27.83,28.13,26.22,27.81,,624284.0
2020-03-11,27.13,27.56,25.47,25.56,,693474.0
2020-03-12,23.79,23.8,21.79,21.85,,757858.0
2020-03-13,23.01,23.3,20.19,21.61,,1004531.0
2020-03-16,18.83,19.54,17.96,18.56,,766380.0
2020-03-17,18.84,19.18,16.51,18.45,,830605.0
2020-03-18,17.22,17.49,13.12,15.19,,919451.0
2020-03-19,15.21,17.58,13.71,17.29,,976106.0
2020-03-20,17.29,18.7,16.92,17.32,,932313.0
2020-03-23,17.43,19.32,16.66,18.95,,926253.0
2020-03-24,20.28,22.33,19.98,22.24,,765304.0
2020-03-25,22.39,22.93,21.25,21.59,,912097.0
2020-03-26,21.98,23.46,21.29,23.43,,582324.0
2020-03-27,22.73,22.75,21.57,22.18,,460732.0
2020-03-30,21.61,23.42,21.61,23.19,,365851.0
2020-03-31,22.92,23.43,22.12,22.33,,416555.0
2020-04-01,21.36,21.47,20.31,20.62,,474286.0
2020-04-02,20.66,21.52,20.31,21.11,,353904.0
2020-04-03,20.9,21.0,19.74,20.35,,363322.0
2020-04-06,21.7,23.12,21.36,23.06,,500440.0
2020-04-07,24.23,25.02,23.34,23.53,,453360.0
2020-04-08,23.84,24.48,23.54,24.18,,299049.0
2020-04-09,24.9,25.27,24.1,24.81,,423046.0
2020-04-13,24.47,24.59,23.46,23.89,,326658.0
2020-04-14,24.69,24.98,24.11,24.25,,209139.0
2020-04-15,23.41,23.81,22.93,23.16,,451577.0
2020-04-16,23.15,23.5,22.69,23.21,,258095.0
2020-04-17,24.09,24.86,23.88,24.27,,365456.0
2020-04-20,23.77,24.42,23.3,23.44,,265618.0
2020-04-21,22.76,23.06,21.96,22.0,,372259.0
2020-04-22,22.84,22.86,22.12,22.13,,451658.0
2020-04-23,22.09,22.85,21.77,22.12,,354080.0
2020-04-24,22.19,23.17,21.92,22.9,,407609.0
2020-04-27,23.24,24.55,22.74,24.4,,504223.0
2020-04-28,25.27,26.22,24.59,24.65,,288202.0
2020-04-29,25.8,26.52,25.0,25.93,,296774.0
2020-04-30,25.41,25.53,24.67,24.79,,335706.0
2020-05-01,24.65,24.84,23.69,23.88,,300368.0
2020-05-04,23.39,24.15,23.1,23.38,,500279.0
2020-05-05,23.9,24.7,23.66,23.93,,407230.0
2020-05-06,23.98,24.21,23.29,23.77,,406484.0
2020-05-07,24.16,24.79,24.04,24.09,,250243.0
2020-05-08,24.66,25.06,24.18,24.86,,220368.0
2020-05-11,24.55,24.66,23.83,24.56,,439418.0
2020-05-12,24.58,24.65,23.05,23.09,,336801.0
2020-05-13,22.83,23.03,21.79,22.58,,449519.0
2020-05-14,22.02,23.29,21.49,23.25,,377783.0
2020-05-15,23.08,23.63,22.58,23.47,,340074.0
2020-05-18,24.67,26.15,24.67,25.5,,590116.0
2020-05-19,25.38,26.11,25.1,25.75,,447477.0
2020-05-20,26.1,27.37,26.1,27.09,,588007.0
2020-05-21,27.03,28.06,26.51,28.0,,719810.0
2020-05-22,29.8,31.6,28.33,29.87,,1086938.0
2020-05-26,31.21,31.43,29.9,30.01,,653571.0
2020-05-27,30.66,32.67,30.48,32.55,,719646.0
2020-05-28,32.84,32.84,30.93,31.07,,534868.0
2020-05-29,30.77,31.1,30.22,30.42,,524224.0
2020-06-01,30.54,32.85,30.54,32.64,,820464.0
2020-06-02,32.8,34.02,32.58,33.99,,782660.0
2020-06-03,34.72,35.67,34.24,35.43,,750406.0
2020-06-04,35.38,35.51,33.33,34.0,,710795.0
2020-06-05,35.58,36.37,34.03,34.18,,730408.0
2020-06-08,34.25,34.4,33.22,33.41,,475940.0
2020-06-09,32.92,33.27,32.43,32.57,,452314.0
2020-06-10,32.68,33.71,32.29,33.02,,446989.0
2020-06-11,31.67,32.41,31.12,31.84,,502994.0
2020-06-12,33.04,33.09,31.62,32.68,,406762.0
2020-06-15,31.74,32.28,31.13,32.18,,374665.0
2020-06-16,33.49,33.49,31.65,32.81,,345072.0
2020-06-17,33.04,33.32,32.28,33.06,,481234.0
2020-06-18,33.0,34.23,32.63,33.41,,646893.0
2020-06-19,33.83,34.34,32.38,32.67,,590018.0
2020-06-22,32.67,33.53,32.35,33.45,,296366.0
2020-06-23,33.95,34.03,33.06,33.69,,319477.0
2020-06-24,33.58,34.17,32.21,32.42,,498110.0
2020-06-25,32.11,32.81,31.91,32.18,,299372.0
2020-06-26,31.9,32.09,30.77,31.02,,441607.0
2020-06-29,31.31,32.77,31.06,32.45,,370254.0
2020-06-30,32.27,32.98,32.17,32.73,,285823.0
2020-07-01,32.86,33.24,32.11,32.39,,338422.0
2020-07-02,33.12,33.5,32.2,32.37,,223034.0
2020-07-06,33.16,33.18,32.14,32.48,,308333.0
2020-07-07,32.08,32.36,31.44,31.52,,302192.0
2020-07-08,31.61,32.24,31.55,32.23,,246618.0
2020-07-09,32.57,32.77,30.7,31.67,,448131.0
2020-07-10,31.88,32.71,31.61,32.67,,260054.0
2020-07-13,33.0,33.36,32.0,32.29,,289950.0
2020-07-14,32.12,33.12,31.47,33.07,,325670.0
2020-07-15,34.03,34.64,33.23,33.66,,432422.0
2020-07-16,33.67,33.91,33.36,33.78,,326958.0
2020-07-17,33.79,34.0,33.11,33.56,,238932.0
2020-07-20,33.35,33.58,32.39,32.71,,268596.0
2020-07-21,33.06,33.82,32.9,33.55,,316206.0
2020-07-22,34.16,34.81,33.82,34.41,,461170.0
2020-07-23,34.09,35.07,34.07,34.41,,409712.0
2020-07-24,34.46,34.85,34.1,34.3,,288331.0
2020-07-27,34.35,35.58,34.32,35.19,,469722.0
2020-07-28,35.0,35.63,34.81,35.1,,350779.0
2020-07-29,35.37,36.73,35.24,36.47,,405680.0
2020-07-30,35.88,36.64,35.46,35.69,,454656.0
2020-07-31,33.04,35.85,32.7,34.88,,593111.0
2020-08-03,35.13,35.13,34.08,34.44,,395326.0
2020-08-04,34.22,34.51,33.81,34.24,,589829.0
2020-08-05,34.49,35.72,34.27,35.24,,281456.0
2020-08-06,35.08,35.08,34.0,34.42,,271825.0
2020-08-07,34.33,35.1,34.0,35.09,,217162.0
2020-08-10,35.33,36.87,35.25,36.42,,439870.0
2020-08-11,36.8,37.62,36.69,37.22,,407488.0
2020-08-12,37.48,37.55,36.8,36.81,,389007.0
2020-08-13,36.54,36.66,35.98,36.32,,195980.0
2020-08-14,36.12,36.46,35.9,35.95,,237985.0
2020-08-17,36.23,36.23,35.06,35.36,,408088.0
2020-08-18,35.46,35.57,34.81,35.14,,361211.0
2020-08-19,35.18,35.32,34.56,34.62,,248135.0
2020-08-20,34.29,35.2,33.98,34.63,,224182.0
2020-08-21,34.68,35.0,34.28,34.9,,150454.0
2020-08-24,34.98,35.37,34.56,34.88,,286828.0
2020-08-25,35.04,35.22,34.35,34.96,,429916.0
2020-08-26,34.96,35.37,34.83,35.27,,240792.0
2020-08-27,35.54,35.85,35.05,35.14,,182928.0
2020-08-28,35.51,35.51,34.58,35.06,,179333.0
2020-08-31,35.08,35.08,33.9,33.98,,310588.0
2020-09-01,33.99,35.01,33.71,34.99,,273460.0
2020-09-02,35.41,35.42,34.28,34.6,,251128.0
2020-09-03,34.59,34.59,32.79,33.04,,300854.0
2020-09-04,33.38,33.55,32.31,32.85,,308850.0
2020-09-08,32.37,33.98,32.1,33.31,,343054.0
2020-09-09,33.63,34.0,33.18,33.83,,266056.0
2020-09-10,34.07,34.3,32.95,33.05,,317025.0
2020-09-11,33.54,33.99,33.1,33.87,,384284.0
2020-09-14,34.18,34.83,34.08,34.7,,236784.0
2020-09-15,34.89,35.78,34.75,35.74,,402498.0
2020-09-16,36.14,37.14,35.9,36.56,,462057.0
2020-09-17,35.9,36.42,35.36,35.55,,374043.0
2020-09-18,35.91,35.91,34.26,34.82,,464815.0
2020-09-21,34.11,34.54,33.69,34.51,,291654.0
2020-09-22,34.69,35.67,34.49,35.61,,288849.0
2020-09-23,35.79,37.21,35.62,35.75,,609454.0
2020-09-24,35.72,36.63,34.98,36.27,,262628.0
2020-09-25,36.0,36.34,35.52,35.87,,253985.0
2020-09-28,36.2,36.96,36.2,36.55,,235984.0
2020-09-29,36.38,36.61,35.7,36.32,,239851.0
2020-09-30,36.43,36.94,36.26,36.67,,332218.0
2020-10-01,37.11,39.67,36.99,39.27,,802881.0
2020-10-02,38.29,39.74,38.29,39.56,,307535.0
2020-10-05,39.7,39.93,38.8,39.75,,237337.0
2020-10-06,40.02,40.05,38.97,39.16,,345641.0
2020-10-07,39.84,40.4,39.65,40.06,,306053.0
2020-10-08,40.56,41.17,40.12,40.88,,300572.0
2020-10-09,41.3,41.92,40.88,41.87,,325170.0
2020-10-12,42.74,42.98,42.0,42.22,,345203.0
2020-10-13,41.75,42.36,41.33,42.27,,406764.0
2020-10-14,42.35,42.92,42.32,42.68,,336682.0
2020-10-15,42.33,43.81,41.89,43.68,,293992.0
2020-10-16,43.65,44.45,43.31,43.72,,584193.0
2020-10-19,43.97,44.52,41.17,42.17,,743682.0
2020-10-20,42.3,42.71,41.56,41.59,,339190.0
2020-10-21,41.92,42.08,40.91,41.27,,300567.0
2020-10-22,41.87,41.87,40.67,41.29,,335989.0
2020-10-23,41.32,42.75,40.71,42.53,,449025.0
2020-10-26,42.5,43.66,42.18,43.63,,348526.0
2020-10-27,43.65,43.99,42.95,43.67,,449219.0
2020-10-28,42.67,43.06,41.15,41.7,,362870.0
2020-10-29,41.56,43.15,41.45,42.96,,461368.0
2020-10-30,43.64,43.7,41.14,42.23,,645556.0
2020-11-02,42.26,42.78,41.84,42.48,,380211.0
2020-11-03,43.14,43.14,41.44,41.93,,407496.0
2020-11-04,41.8,43.54,41.69,43.51,,328866.0
2020-11-05,43.81,46.8,43.75,46.43,,624403.0
2020-11-06,46.7,46.7,44.91,45.05,,485285.0
2020-11-09,47.09,47.55,42.34,42.46,,656291.0
2020-11-10,42.62,42.92,40.14,41.92,,676083.0
2020-11-11,42.19,43.48,41.73,42.27,,323252.0
2020-11-12,42.24,42.58,40.66,41.38,,466998.0
2020-11-13,41.87,42.46,41.39,41.85,,356834.0
2020-11-16,42.17,42.24,40.4,41.64,,617191.0
2020-11-17,41.76,42.76,41.27,42.39,,285605.0
2020-11-18,42.4,43.04,41.84,41.99,,278632.0
2020-11-19,42.04,42.21,40.95,41.45,,314148.0
2020-11-20,41.28,41.46,40.21,41.2,,359642.0
2020-11-23,41.61,43.13,41.29,42.9,,384155.0
2020-11-24,43.39,43.97,42.83,43.25,,275425.0
2020-11-25,43.38,44.57,42.77,44.08,,259722.0
2020-11-27,43.98,44.34,42.92,43.36,,142276.0
2020-11-30,43.24,43.38,42.14,42.43,,360282.0
2020-12-01,43.08,44.3,42.71,44.08,,536601.0
2020-12-02,44.03,44.89,43.48,44.87,,356831.0
2020-12-03,45.17,46.84,44.97,46.68,,549206.0
2020-12-04,46.67,48.19,46.14,48.1,,494997.0
2020-12-07,47.66,48.27,46.94,48.17,,350183.0
2020-12-08,48.66,49.86,47.85,49.19,,418362.0
2020-12-09,49.49,50.32,48.98,49.54,,328869.0
2020-12-10,49.33,50.3,48.12,48.61,,304234.0
2020-12-11,48.08,48.96,47.9,48.65,,279852.0
2020-12-14,48.96,49.98,48.95,49.15,,395917.0
2020-12-15,49.31,50.73,49.22,50.71,,277109.0
2020-12-16,51.29,51.3,49.31,50.03,,305329.0
2020-12-17,50.32,50.51,49.49,50.16,,269372.0
2020-12-18,50.4,50.4,48.6,49.12,,512948.0
2020-12-21,48.34,50.05,48.04,50.0,,304859.0
2020-12-22,49.76,50.22,48.6,48.99,,272457.0
2020-12-23,49.41,49.5,48.63,49.26,,261978.0
2020-12-24,49.47,49.49,48.65,48.79,,73140.0
2020-12-28,49.01,49.18,48.33,48.49,,219566.0
2020-12-29,48.58,48.82,47.0,47.91,,241876.0
2020-12-30,47.86,48.2,47.55,47.67,,204613.0
2020-12-31,47.81,48.24,47.27,47.8,,218444.0
2021-01-04,48.29,48.36,46.56,47.24,,498372.0
2021-01-05,47.19,49.17,47.19,49.0,,272250.0
2021-01-06,49.22,52.38,49.22,52.06,,485470.0
2021-01-07,52.21,52.98,51.67,52.81,,270204.0
2021-01-08,53.05,53.38,51.84,52.41,,440118.0
2021-01-11,51.94,55.1,51.78,54.49,,348753.0
2021-01-12,55.0,56.01,54.26,55.44,,351720.0
2021-01-13,55.9,56.05,53.46,54.06,,369427.0
2021-01-14,54.42,55.18,53.79,53.98,,391421.0
2021-01-15,53.43,54.61,52.59,54.33,,288596.0
2021-01-19,54.86,54.86,53.02,53.85,,385294.0
2021-01-20,54.49,55.35,53.76,55.16,,387649.0
2021-01-21,55.82,55.82,53.81,53.83,,309425.0
2021-01-22,53.48,54.02,52.72,53.31,,250450.0
2021-01-25,53.21,54.26,51.74,52.4,,320050.0
2021-01-26,52.88,52.99,50.35,50.7,,304030.0
2021-01-27,49.67,49.84,46.12,46.44,,825408.0
2021-01-28,47.4,48.83,46.6,48.44,,681782.0
2021-01-29,48.25,49.4,47.63,48.66,,331065.0
2021-02-01,49.03,49.99,48.65,49.89,,254241.0
2021-02-02,51.0,52.75,50.76,52.0,,333129.0
2021-02-03,52.45,52.75,51.19,51.59,,217386.0
2021-02-04,51.98,54.1,51.91,52.81,,395787.0
2021-02-05,53.5,55.27,51.67,52.79,,505160.0
2021-02-08,52.96,53.68,52.36,53.37,,348183.0
2021-02-09,53.3,54.42,53.3,54.25,,292813.0
2021-02-10,54.83,54.89,53.19,53.47,,329173.0
2021-02-11,54.15,54.15,52.59,53.24,,300224.0
2021-02-12,52.96,53.91,52.74,53.89,,219274.0
2021-02-16,54.43,54.5,53.06,53.97,,379716.0
2021-02-17,53.51,54.32,52.89,53.94,,274007.0
2021-02-18,53.63,54.22,53.04,53.87,,243572.0
2021-02-19,53.74,55.25,53.58,55.19,,392758.0
2021-02-22,54.92,56.76,54.38,54.67,,297289.0
2021-02-23,53.92,54.31,51.89,54.06,,426662.0
2021-02-24,54.15,55.8,54.13,55.25,,302467.0
2021-02-25,55.54,55.58,52.86,53.18,,278430.0
2021-02-26,53.93,55.28,53.77,54.35,,466605.0
2021-03-01,55.17,56.34,54.95,55.26,,360159.0
2021-03-02,55.34,55.79,54.17,54.28,,225045.0
2021-03-03,54.44,55.26,53.34,53.49,,314057.0
2021-03-04,53.06,53.85,50.76,51.73,,335937.0
2021-03-05,52.56,52.85,50.55,52.73,,366272.0
2021-03-08,52.98,54.9,52.68,52.83,,363364.0
2021-03-09,53.79,54.47,53.09,53.77,,345439.0
2021-03-10,54.41,54.69,52.44,52.66,,285069.0
2021-03-11,53.3,54.62,52.34,54.52,,358791.0
2021-03-12,54.33,55.39,54.02,54.71,,205544.0
2021-03-15,54.75,57.31,54.75,57.23,,227747.0
2021-03-16,57.5,57.5,55.78,56.45,,172585.0
2021-03-17,56.34,57.35,55.48,57.35,,215705.0
2021-03-18,57.06,57.25,54.81,55.16,,206315.0
2021-03-19,55.71,57.07,54.59,56.45,,575789.0
2021-03-22,57.03,57.05,54.89,55.47,,393349.0
2021-03-23,55.21,56.06,52.39,53.1,,372800.0
2021-03-24,53.54,53.97,51.84,51.95,,328279.0
2021-03-25,51.19,53.91,50.84,53.62,,199322.0
2021-03-26,53.9,55.66,53.63,55.64,,208341.0
2021-03-29,55.61,55.96,53.11,53.39,,295075.0
2021-03-30,53.46,54.61,53.25,54.28,,207968.0
2021-03-31,54.94,55.51,54.5,55.07,,163564.0
2021-04-01,55.77,55.99,54.69,55.09,,279559.0
2021-04-05,55.63,55.63,54.17,55.17,,264026.0
2021-04-06,55.57,57.88,55.47,56.49,,301878.0
2021-04-07,56.54,56.97,55.89,56.55,,187155.0
2021-04-08,57.09,57.09,55.74,56.1,,160198.0
2021-04-09,56.06,57.23,56.05,57.07,,130658.0
2021-04-12,56.86,58.04,56.47,57.66,,245468.0
2021-04-13,57.56,57.66,55.78,55.97,,158235.0
2021-04-14,55.78,56.74,55.3,56.02,,154668.0
2021-04-15,56.55,56.67,55.43,56.59,,157643.0
2021-04-16,57.13,57.5,56.53,56.84,,150181.0
2021-04-19,56.53,56.58,55.52,56.21,,197515.0
2021-04-20,55.8,55.97,53.79,54.64,,193155.0
2021-04-21,54.63,55.86,54.26,55.49,,170224.0
2021-04-22,55.5,56.71,55.35,55.77,,161662.0
2021-04-23,56.34,57.78,55.92,57.3,,232484.0
2021-04-26,57.59,58.25,56.13,56.5,,249703.0
2021-04-27,56.95,58.28,56.79,57.78,,239266.0
2021-04-28,57.72,58.63,57.26,58.26,,232095.0
2021-04-29,58.73,58.95,58.1,58.56,,201859.0
2021-04-30,58.14,58.82,56.23,56.37,,228382.0
2021-05-03,56.65,58.06,56.53,57.77,,216662.0
2021-05-04,57.4,58.37,56.64,58.3,,188912.0
2021-05-05,58.87,58.92,57.11,57.46,,136927.0
2021-05-06,57.69,57.69,55.96,56.74,,227239.0
2021-05-07,56.94,57.55,56.59,56.88,,160386.0
2021-05-10,56.58,56.76,54.36,55.0,,369529.0
2021-05-11,54.33,54.87,53.34,53.95,,349815.0
2021-05-12,53.44,54.54,52.19,52.34,,238324.0
2021-05-13,52.86,54.99,52.86,53.89,,236629.0
2021-05-14,54.3,55.97,53.73,55.96,,237735.0
2021-05-17,55.91,56.96,55.41,56.87,,236219.0
2021-05-18,56.79,57.04,55.39,55.42,,270736.0
2021-05-19,54.34,54.42,53.06,53.86,,280622.0
2021-05-20,53.83,53.86,51.0,51.87,,598318.0
2021-05-21,55.45,57.54,54.0,55.96,,1127886.0
2021-05-24,56.71,57.82,56.39,56.44,,373126.0
2021-05-25,56.59,56.98,55.56,55.92,,272354.0
2021-05-26,56.24,57.63,55.9,57.04,,237791.0
2021-05-27,57.2,58.09,56.52,56.52,,369070.0
2021-05-28,56.41,56.7,55.03,55.91,,261047.0
2021-06-01,56.45,57.0,56.0,56.97,,240786.0
2021-06-02,57.2,57.2,53.88,55.16,,486201.0
2021-06-03,54.62,55.43,53.5,54.81,,290806.0
2021-06-04,55.18,55.37,53.6,54.0,,371072.0
2021-06-07,53.85,54.94,53.61,54.13,,266474.0
2021-06-08,54.39,54.53,53.51,54.25,,234637.0
2021-06-09,54.35,54.48,53.78,53.97,,329178.0
2021-06-10,54.07,54.83,53.69,54.17,,294277.0
2021-06-11,54.49,55.85,54.49,55.74,,205139.0
2021-06-14,55.82,56.38,55.45,55.76,,225175.0
2021-06-15,55.79,56.03,54.86,55.66,,311871.0
2021-06-16,55.42,55.56,54.17,54.51,,347511.0
2021-06-17,54.24,54.84,53.58,54.27,,445723.0
2021-06-18,53.59,55.74,53.59,54.23,,627951.0
2021-06-21,54.45,56.4,54.36,56.12,,296825.0
2021-06-22,55.91,58.04,55.35,58.02,,313473.0
2021-06-23,58.44,58.95,57.85,58.7,,316586.0
2021-06-24,59.21,59.5,57.87,59.31,,339507.0
2021-06-25,60.27,64.1,60.0,63.44,,4134001.0
2021-06-28,63.74,63.92,62.9,63.73,,580837.0
2021-06-29,64.01,64.6,63.33,63.8,,473768.0
2021-06-30,63.69,64.29,63.09,64.01,,470974.0
2021-07-01,64.43,66.04,64.33,64.98,,456351.0
2021-07-02,64.9,65.47,64.23,65.44,,337765.0
2021-07-06,65.84,66.04,63.76,64.56,,450163.0
2021-07-07,64.33,65.62,63.99,65.1,,298513.0
2021-07-08,63.68,64.78,62.82,63.95,,306507.0
2021-07-09,64.61,65.25,63.95,65.0,,197648.0
2021-07-12,65.0,65.95,64.44,65.66,,328425.0
2021-07-13,64.93,65.52,64.6,64.83,,221926.0
2021-07-14,65.22,65.5,64.29,64.32,,250822.0
2021-07-15,64.12,64.32,62.87,63.48,,451098.0
2021-07-16,63.89,64.15,62.3,62.47,,189443.0
2021-07-19,61.4,63.81,61.4,62.47,,246691.0
2021-07-20,62.95,64.83,62.39,64.31,,228246.0
2021-07-21,64.58,65.44,64.21,64.5,,196345.0
2021-07-22,65.67,66.12,64.63,66.11,,273542.0
2021-07-23,66.67,68.52,66.53,67.65,,382572.0
2021-07-26,67.58,69.09,67.28,68.48,,309615.0
2021-07-27,68.39,68.39,65.51,66.36,,317974.0
2021-07-28,66.36,67.71,65.05,67.41,,341773.0
2021-07-29,67.87,68.37,67.41,67.78,,325992.0
2021-07-30,66.74,69.24,66.12,68.47,,381860.0
2021-08-02,69.1,71.22,68.82,70.75,,633140.0
2021-08-03,70.81,72.19,70.1,71.74,,357481.0
2021-08-04,71.52,73.18,71.11,72.76,,364186.0
2021-08-05,72.43,74.08,72.0,72.5,,424832.0
2021-08-06,73.19,73.73,72.24,72.45,,176452.0
2021-08-09,72.05,72.53,71.48,72.17,,262257.0
2021-08-10,72.46,73.5,71.77,71.84,,230834.0
2021-08-11,71.71,72.77,71.54,72.34,,171768.0
2021-08-12,72.68,73.13,71.68,71.69,,275565.0
2021-08-13,71.76,72.5,71.37,72.41,,261777.0
2021-08-16,72.16,72.48,71.37,72.38,,327284.0
2021-08-17,72.06,73.29,69.36,70.35,,528878.0
2021-08-18,70.05,71.83,70.05,71.36,,345744.0
2021-08-19,70.26,71.66,70.19,71.27,,277195.0
2021-08-20,71.67,72.49,71.34,72.42,,216119.0
2021-08-23,72.51,73.04,72.09,72.25,,130864.0
2021-08-24,72.67,73.33,72.51,72.54,,216655.0
2021-08-25,73.06,73.16,71.89,71.97,,187390.0
2021-08-26,71.58,71.58,70.22,70.52,,223737.0
2021-08-27,70.73,71.46,70.27,70.56,,287266.0
2021-08-30,70.67,71.18,69.73,70.28,,350537.0
2021-08-31,70.08,70.49,69.23,69.74,,265532.0
2021-09-01,70.24,70.49,69.13,69.39,,274239.0
2021-09-02,69.4,69.68,67.33,67.77,,411125.0
2021-09-03,67.32,68.4,66.6,68.35,,277659.0
2021-09-07,68.35,69.4,67.28,68.06,,380754.0
2021-09-08,68.1,68.1,66.38,66.88,,265761.0
2021-09-09,67.36,69.33,67.21,67.8,,284587.0
2021-09-10,68.19,69.83,67.82,69.32,,260605.0
2021-09-13,69.25,69.93,68.37,69.81,,536738.0
2021-09-14,70.06,73.09,69.45,72.77,,781101.0
2021-09-15,72.86,73.0,70.15,72.71,,506537.0
2021-09-16,72.64,74.62,72.48,73.32,,559452.0
2021-09-17,73.83,75.25,71.87,72.5,,785337.0
2021-09-20,70.99,71.66,69.69,70.99,,299450.0
2021-09-21,71.61,71.88,70.09,70.42,,231838.0
2021-09-22,70.54,72.04,70.54,70.81,,278424.0
2021-09-23,71.55,72.55,71.0,71.17,,245533.0
2021-09-24,69.15,69.55,64.25,64.79,,1069245.0
2021-09-27,64.17,65.15,63.31,63.75,,592222.0
2021-09-28,63.03,63.65,61.78,62.58,,408274.0
2021-09-29,62.85,63.14,61.08,62.05,,449724.0
2021-09-30,62.22,63.03,59.83,60.03,,817026.0
2021-10-01,60.12,62.04,58.67,60.91,,597355.0
2021-10-04,60.64,61.52,60.3,61.11,,427342.0
2021-10-05,60.95,62.14,60.32,60.83,,439568.0
2021-10-06,60.16,61.08,59.8,60.65,,410670.0
2021-10-07,61.34,63.32,61.23,62.69,,434334.0
2021-10-08,62.53,62.68,59.87,59.97,,309891.0
2021-10-11,59.71,60.03,55.07,55.12,,1336344.0
2021-10-12,55.75,56.84,54.77,56.49,,605130.0
2021-10-13,56.96,58.37,56.73,57.9,,561016.0
2021-10-14,58.74,59.82,58.33,58.64,,745425.0
2021-10-15,58.9,60.4,58.65,59.71,,497401.0
2021-10-18,59.21,61.52,57.86,61.26,,639546.0
2021-10-19,61.28,61.31,60.11,60.4,,253965.0
2021-10-20,61.24,61.67,59.82,59.88,,334407.0
2021-10-21,62.34,63.53,61.76,63.28,,501216.0
2021-10-22,63.12,64.26,62.99,63.18,,333295.0
2021-10-25,63.47,65.14,63.2,64.3,,396728.0
2021-10-26,64.63,65.81,62.19,62.96,,503248.0
2021-10-27,62.57,63.77,61.25,62.72,,435595.0
2021-10-28,62.6,64.72,61.47,63.39,,724663.0
2021-10-29,64.88,68.33,62.04,65.89,,1204613.0
2021-11-01,65.91,68.59,65.9,68.55,,641810.0
2021-11-02,68.13,68.39,65.62,65.93,,603459.0
2021-11-03,66.41,69.01,66.03,68.03,,567811.0
2021-11-04,67.9,69.69,67.51,69.35,,502588.0
2021-11-05,69.76,70.8,69.5,70.57,,417149.0
2021-11-08,70.33,71.0,68.35,69.61,,443741.0
2021-11-09,69.56,70.97,69.56,70.86,,278917.0
2021-11-10,70.12,71.07,69.54,70.44,,324151.0
2021-11-11,71.17,71.86,70.3,70.56,,424810.0
2021-11-12,70.94,72.43,70.75,71.22,,275282.0
2021-11-15,71.84,72.06,69.54,69.61,,313926.0
2021-11-16,69.43,73.28,69.43,71.45,,461078.0
2021-11-17,71.52,72.9,70.79,72.81,,265802.0
2021-11-18,73.52,74.09,72.62,73.05,,249174.0
2021-11-19,73.25,74.01,72.14,72.42,,256688.0
2021-11-22,72.73,74.68,71.4,71.84,,484470.0
2021-11-23,71.0,72.44,69.66,70.98,,280339.0
2021-11-24,69.33,71.46,69.17,71.01,,386482.0
2021-11-26,68.9,70.71,68.04,69.09,,205881.0
2021-11-29,69.94,70.11,68.08,69.2,,242496.0
2021-11-30,69.27,69.51,66.02,67.57,,514618.0
2021-12-01,68.38,70.75,66.13,66.27,,397853.0
2021-12-02,66.2,67.68,64.87,67.34,,451078.0
2021-12-03,66.95,67.95,64.27,65.02,,376855.0
2021-12-06,65.61,65.85,64.12,64.28,,325482.0
2021-12-07,65.82,68.48,65.38,67.5,,383434.0
2021-12-08,67.42,68.03,66.48,67.61,,198894.0
2021-12-09,67.08,68.2,65.53,65.81,,199501.0
2021-12-10,65.84,65.97,64.32,64.97,,196559.0
2021-12-13,64.98,64.98,61.85,63.06,,386871.0
2021-12-14,62.14,62.43,60.36,62.04,,462378.0
2021-12-15,62.56,63.16,60.7,63.1,,385166.0
2021-12-16,63.14,63.56,59.06,59.39,,427642.0
2021-12-17,58.4,60.0,58.31,59.35,,449936.0
2021-12-20,58.15,58.16,55.61,56.51,,392573.0
2021-12-21,58.04,58.88,57.71,58.49,,437252.0
2021-12-22,58.46,59.41,57.78,57.98,,324066.0
2021-12-23,58.63,59.83,57.54,59.42,,529669.0
2021-12-27,59.74,60.25,59.17,59.76,,236121.0
2021-12-28,60.45,61.09,59.8,59.84,,149823.0
2021-12-29,60.0,61.78,60.0,60.98,,181573.0
2021-12-30,60.76,62.18,60.76,61.32,,216786.0
2021-12-31,61.25,62.15,60.68,61.05,,153224.0
2022-01-03,61.21,62.15,60.88,61.32,,247124.0
2022-01-04,61.09,62.24,59.64,59.7,,257658.0
2022-01-05,58.85,60.07,56.94,57.03,,377462.0
2022-01-06,56.65,58.44,55.64,58.14,,278447.0
2022-01-07,57.81,59.14,56.17,56.35,,239193.0
2022-01-10,54.86,55.3,52.72,55.28,,564878.0
2022-01-11,55.84,56.81,54.0,56.56,,391357.0
2022-01-12,57.16,58.35,56.25,56.86,,282150.0
2022-01-13,57.16,57.64,55.51,55.69,,174409.0
2022-01-14,54.63,54.8,52.6,53.97,,347018.0
2022-01-18,53.64,54.45,53.37,53.8,,311188.0
2022-01-19,54.22,54.91,52.84,52.92,,385369.0
2022-01-20,53.4,54.1,51.76,52.02,,256181.0
2022-01-21,51.71,53.01,50.71,51.95,,319753.0
2022-01-24,50.85,53.56,49.31,53.5,,419630.0
2022-01-25,52.07,52.26,50.79,51.19,,331814.0
2022-01-26,52.82,53.32,49.26,49.81,,411231.0
2022-01-27,50.22,51.25,49.42,49.81,,231975.0
2022-01-28,49.99,50.85,48.21,50.84,,437785.0
2022-01-31,51.06,53.37,50.87,53.37,,347798.0
2022-02-01,53.72,55.24,52.75,54.88,,442727.0
2022-02-02,55.43,55.65,54.0,55.07,,477781.0
2022-02-03,53.78,55.39,53.57,53.69,,451358.0
2022-02-04,50.83,52.95,49.0,50.63,,1062533.0
2022-02-07,50.51,51.05,49.0,49.36,,568377.0
2022-02-08,49.0,50.38,48.37,50.02,,626699.0
2022-02-09,51.21,52.3,50.74,51.57,,432987.0
2022-02-10,49.67,53.17,49.67,51.03,,351357.0
2022-02-11,51.1,51.62,50.13,50.69,,613757.0
2022-02-14,50.34,51.57,49.79,50.18,,549948.0
2022-02-15,50.81,52.45,50.81,52.33,,388569.0
2022-02-16,52.22,54.95,51.39,54.1,,736882.0
2022-02-17,53.53,54.03,49.89,49.97,,325385.0
2022-02-18,49.73,50.48,49.04,49.38,,286243.0
2022-02-22,48.49,50.11,47.24,47.61,,375767.0
2022-02-23,48.13,48.13,46.56,46.64,,455636.0
2022-02-24,44.51,47.74,44.51,47.45,,592949.0
2022-02-25,47.5,48.26,46.75,47.92,,401131.0
2022-02-28,47.41,48.19,46.83,48.11,,364753.0
2022-03-01,47.65,48.16,44.79,45.24,,462366.0
2022-03-02,45.59,47.33,45.26,46.93,,499048.0
2022-03-03,47.47,47.53,44.52,44.72,,340972.0
2022-03-04,44.57,44.57,40.71,40.93,,789959.0
2022-03-07,40.76,40.85,38.65,39.13,,966039.0
2022-03-08,39.21,41.01,38.98,40.28,,562234.0
2022-03-09,42.08,43.34,41.62,41.92,,367909.0
2022-03-10,40.8,43.58,40.8,43.23,,800607.0
2022-03-11,43.5,43.97,42.57,42.9,,566291.0
2022-03-14,42.7,43.52,41.5,41.8,,368764.0
2022-03-15,41.89,43.54,41.76,43.33,,358069.0
2022-03-16,43.98,45.93,43.76,45.92,,531245.0
2022-03-17,45.48,46.16,45.34,46.08,,406476.0
2022-03-18,46.18,48.59,45.92,48.53,,941286.0
2022-03-21,48.12,48.27,45.87,46.38,,340231.0
2022-03-22,46.85,47.67,46.21,46.71,,488635.0
2022-03-23,46.33,46.84,44.8,44.91,,723030.0
2022-03-24,45.26,45.51,44.31,45.01,,610424.0
2022-03-25,45.11,45.39,44.25,44.78,,316266.0
2022-03-28,44.96,45.95,44.2,45.93,,277373.0
2022-03-29,46.88,48.73,46.88,48.17,,409101.0
2022-03-30,47.77,47.77,46.52,46.9,,329733.0
2022-03-31,46.83,47.06,45.61,45.63,,350488.0
2022-04-01,45.96,46.55,45.67,46.11,,295173.0
2022-04-04,46.26,47.99,46.14,47.8,,406663.0
2022-04-05,47.49,47.54,45.47,46.02,,441636.0
2022-04-06,45.1,45.23,43.56,44.71,,359632.0
2022-04-07,44.31,45.16,43.74,44.66,,330951.0
2022-04-08,44.57,45.14,43.83,43.95,,332373.0
2022-04-11,42.78,44.54,42.78,43.39,,269194.0
2022-04-12,44.07,45.32,43.66,44.23,,377499.0
2022-04-13,44.06,45.65,44.06,45.3,,317130.0
2022-04-14,45.66,45.99,44.79,45.21,,333793.0
2022-04-18,45.0,45.38,44.13,45.16,,282125.0
2022-04-19,45.45,48.5,45.45,48.39,,350432.0
2022-04-20,49.09,49.83,48.23,48.27,,425549.0
2022-04-21,49.54,49.9,47.59,48.19,,658383.0
2022-04-22,47.71,47.75,45.59,45.66,,396298.0
2022-04-25,44.99,46.42,44.42,46.42,,484983.0
2022-04-26,45.65,46.4,43.62,43.7,,302579.0
2022-04-27,43.74,45.57,43.63,44.16,,267038.0
2022-04-28,44.61,45.89,43.81,45.55,,241750.0
2022-04-29,45.19,46.35,44.23,44.29,,212860.0
2022-05-02,43.93,45.65,43.68,45.51,,317383.0
2022-05-03,45.24,45.8,44.18,45.24,,232065.0
2022-05-04,45.15,46.62,43.91,46.51,,214860.0
2022-05-05,45.5,45.88,42.48,43.16,,313075.0
2022-05-06,42.56,42.56,39.98,41.11,,406953.0
2022-05-09,40.3,41.76,39.27,39.5,,464821.0
2022-05-10,40.48,40.91,38.31,39.42,,383311.0
2022-05-11,40.52,40.91,38.1,38.19,,457391.0
2022-05-12,37.6,40.24,37.6,39.45,,311668.0
2022-05-13,40.45,41.66,40.25,41.09,,427709.0
2022-05-16,40.74,41.12,39.5,39.83,,548305.0
2022-05-17,41.06,41.37,39.41,40.7,,463140.0
2022-05-18,39.17,39.23,37.17,37.88,,719718.0
2022-05-19,37.39,38.04,35.49,37.8,,1087454.0
2022-05-20,44.16,45.37,41.09,42.55,,2102668.0
2022-05-23,42.83,42.83,40.02,41.35,,672317.0
2022-05-24,40.7,40.83,38.84,40.15,,515008.0
2022-05-25,39.34,41.95,39.32,41.27,,517116.0
2022-05-26,42.04,44.31,41.79,43.69,,485338.0
2022-05-27,43.84,45.32,43.84,45.31,,405195.0
2022-05-31,44.84,45.27,44.1,44.76,,411745.0
2022-06-01,45.0,45.31,43.37,43.51,,354911.0
2022-06-02,43.58,45.61,43.58,45.45,,233747.0
2022-06-03,44.6,45.2,44.1,45.09,,294105.0
2022-06-06,45.66,45.98,44.83,45.82,,260114.0
2022-06-07,44.96,46.0,44.59,45.41,,425575.0
2022-06-08,45.4,46.36,44.77,46.03,,288290.0
2022-06-09,45.86,46.23,45.34,45.88,,312843.0
2022-06-10,45.13,45.73,44.5,44.99,,256128.0
2022-06-13,43.33,43.84,41.58,41.81,,430884.0
2022-06-14,41.92,42.42,41.49,41.96,,244174.0
2022-06-15,42.67,43.55,41.82,42.98,,264223.0
2022-06-16,41.52,41.6,39.78,40.27,,392536.0
2022-06-17,41.07,42.16,40.64,41.72,,290967.0
2022-06-21,43.05,43.56,42.66,43.04,,359810.0
2022-06-22,42.3,43.23,41.93,42.51,,411025.0
2022-06-23,43.02,43.71,42.46,43.48,,384522.0
2022-06-24,44.36,45.9,43.99,45.55,,858237.0
2022-06-27,45.5,45.57,42.88,44.73,,517999.0
2022-06-28,45.02,45.83,43.67,43.91,,328470.0
2022-06-29,43.74,43.96,42.67,43.37,,294901.0
2022-06-30,42.56,43.49,41.34,42.56,,261196.0
2022-07-01,42.5,42.63,40.2,40.78,,518251.0
2022-07-05,39.99,44.08,39.74,43.78,,472727.0
2022-07-06,43.89,44.34,42.82,43.35,,288410.0
2022-07-07,43.93,45.54,43.35,45.37,,319102.0
2022-07-08,45.0,45.64,44.23,44.93,,298527.0
2022-07-11,44.54,44.56,43.42,43.61,,272999.0
2022-07-12,43.85,45.42,43.59,43.96,,395599.0
2022-07-13,43.13,45.52,42.77,45.16,,366312.0
2022-07-14,44.4,44.94,42.86,44.23,,460435.0
2022-07-15,44.91,45.85,44.62,45.12,,424031.0
2022-07-18,45.45,46.97,45.22,45.98,,682707.0
2022-07-19,46.45,48.85,46.18,48.26,,584400.0
2022-07-20,48.5,49.55,48.31,49.45,,407892.0
2022-07-21,49.87,50.45,48.74,49.77,,424642.0
2022-07-22,49.81,50.2,48.44,48.99,,327891.0
2022-07-25,49.35,49.43,48.02,48.52,,382343.0
2022-07-26,47.31,47.66,45.92,46.0,,387813.0
2022-07-27,46.57,47.14,45.42,46.9,,503511.0
2022-07-28,47.36,47.9,45.84,47.9,,720967.0
2022-07-29,51.52,52.87,50.17,52.2,,1102214.0
2022-08-01,50.96,52.99,50.0,52.34,,658584.0
2022-08-02,52.22,52.25,51.01,51.25,,326245.0
2022-08-03,52.01,53.07,51.82,52.69,,321152.0
2022-08-04,52.25,52.6,51.52,52.23,,242557.0
2022-08-05,51.2,53.09,51.2,52.89,,361181.0
2022-08-08,53.43,54.69,52.95,53.36,,368236.0
2022-08-09,53.06,53.33,51.27,52.05,,313929.0
2022-08-10,53.81,54.68,53.45,54.54,,467341.0
2022-08-11,55.33,56.17,54.78,54.84,,359668.0
2022-08-12,54.89,55.59,54.42,55.56,,227851.0
2022-08-15,55.43,56.79,55.4,56.44,,297851.0
2022-08-16,56.48,57.66,56.17,56.94,,251289.0
2022-08-17,55.93,56.86,55.55,56.12,,185429.0
2022-08-18,55.78,56.29,54.74,56.19,,243215.0
2022-08-19,55.8,56.03,54.36,54.55,,264309.0
2022-08-22,53.68,54.99,53.48,54.73,,241838.0
2022-08-23,55.14,56.09,54.35,54.41,,204710.0
2022-08-24,54.22,55.14,53.74,54.04,,213233.0
2022-08-25,53.86,55.53,53.86,55.49,,214710.0
2022-08-26,55.45,55.68,54.05,54.74,,289054.0
2022-08-29,53.78,55.17,53.68,54.65,,260304.0
2022-08-30,55.15,55.67,53.61,54.09,,297500.0
2022-08-31,54.32,54.44,53.11,53.59,,177011.0
2022-09-01,52.91,53.46,51.93,53.31,,270704.0
2022-09-02,53.93,54.15,52.55,52.89,,198722.0
2022-09-06,53.3,54.31,52.22,54.1,,303483.0
2022-09-07,54.04,56.74,54.04,56.57,,301967.0
2022-09-08,55.69,58.56,55.4,58.15,,396084.0
2022-09-09,58.28,58.72,57.65,58.12,,234494.0
2022-09-12,58.25,59.82,58.25,59.61,,378064.0
2022-09-13,57.24,57.35,55.29,55.61,,405855.0
2022-09-14,55.75,56.08,54.89,55.73,,300212.0
2022-09-15,57.14,58.72,56.48,56.55,,437671.0
2022-09-16,55.73,56.25,54.93,56.2,,658686.0
2022-09-19,55.85,57.32,55.85,57.16,,258664.0
2022-09-20,56.15,56.84,55.32,56.15,,280066.0
2022-09-21,56.42,57.04,54.91,54.95,,244002.0
2022-09-22,54.67,55.08,52.77,53.65,,321312.0
2022-09-23,52.8,53.4,52.24,53.33,,329777.0
2022-09-26,53.46,54.34,52.06,52.35,,394479.0
2022-09-27,53.24,54.07,52.66,53.17,,282960.0
2022-09-28,53.47,55.32,53.27,55.02,,310359.0
2022-09-29,54.27,54.42,53.12,53.85,,331442.0
2022-09-30,50.93,52.96,49.77,52.1,,779128.0
2022-10-03,52.54,54.38,52.12,53.83,,371749.0
2022-10-04,55.24,56.53,55.1,55.67,,364553.0
2022-10-05,55.11,57.17,55.0,56.84,,312586.0
2022-10-06,56.52,57.74,56.38,56.74,,314822.0
2022-10-07,55.62,55.87,54.88,55.81,,190671.0
2022-10-10,56.11,56.17,53.36,55.2,,386758.0
2022-10-11,54.89,57.03,54.51,56.25,,293275.0
2022-10-12,56.18,57.29,55.44,56.4,,285299.0
2022-10-13,55.09,58.0,54.18,57.2,,372414.0
2022-10-14,57.63,58.62,56.14,56.84,,338279.0
2022-10-17,57.83,58.99,57.46,58.89,,515515.0
2022-10-18,60.62,60.9,59.29,60.18,,461378.0
2022-10-19,59.76,60.14,58.77,59.09,,339679.0
2022-10-20,59.78,60.97,57.58,57.97,,472834.0
2022-10-21,57.69,60.61,57.5,60.55,,521676.0
2022-10-24,60.45,60.65,58.66,60.27,,449717.0
2022-10-25,60.83,62.19,60.67,61.53,,677570.0
2022-10-26,60.82,61.42,60.12,60.23,,650332.0
2022-10-27,60.52,61.32,58.17,59.99,,714500.0
2022-10-28,57.79,58.88,56.18,57.56,,875870.0
2022-10-31,58.12,60.22,57.91,58.32,,538320.0
2022-11-01,59.17,61.26,58.78,60.5,,519430.0
2022-11-02,60.1,60.65,57.67,57.77,,522190.0
2022-11-03,57.89,60.16,56.74,59.36,,494675.0
2022-11-04,60.88,61.0,57.57,58.94,,491038.0
2022-11-07,59.77,59.77,56.55,57.02,,491178.0
2022-11-08,57.09,57.76,55.19,55.56,,509582.0
2022-11-09,54.88,56.28,54.82,54.95,,450132.0
2022-11-10,57.2,59.26,57.16,58.46,,500561.0
2022-11-11,58.69,59.0,56.28,57.51,,588799.0
2022-11-14,55.96,57.13,54.35,54.37,,638589.0
2022-11-15,55.88,57.92,54.81,57.88,,598112.0
2022-11-16,56.76,57.97,55.71,57.83,,552462.0
2022-11-17,56.74,59.29,56.2,58.83,,589102.0
2022-11-18,60.43,62.73,60.0,62.57,,870125.0
2022-11-21,62.2,62.91,60.22,60.73,,408708.0
2022-11-22,61.23,61.99,60.41,61.69,,289109.0
2022-11-23,61.81,63.74,61.6,63.13,,386400.0
2022-11-25,62.95,63.65,62.67,63.53,,107607.0
2022-11-28,63.4,64.9,63.38,63.91,,339942.0
2022-11-29,64.26,64.9,63.88,64.78,,251253.0
2022-11-30,65.41,66.59,64.59,66.48,,428783.0
2022-12-01,66.23,67.05,64.35,65.07,,385898.0
2022-12-02,64.31,65.8,64.31,64.89,,379835.0
2022-12-05,64.39,65.1,62.57,62.85,,414873.0
2022-12-06,63.01,63.01,61.67,62.72,,403902.0
2022-12-07,62.17,63.11,61.64,62.98,,211713.0
2022-12-08,63.38,64.06,63.02,63.47,,201959.0
2022-12-09,62.65,63.57,61.39,62.18,,363222.0
2022-12-12,62.5,63.59,61.75,63.2,,369292.0
2022-12-13,64.67,64.67,62.51,63.36,,434229.0
2022-12-14,63.41,65.46,63.33,65.0,,425319.0
2022-12-15,63.84,63.84,62.62,62.94,,237368.0
2022-12-16,62.23,62.75,60.99,61.59,,434391.0
2022-12-19,61.61,61.82,60.71,61.14,,536447.0
2022-12-20,60.7,61.29,60.27,60.51,,330829.0
2022-12-21,62.02,63.83,62.02,63.71,,278615.0
2022-12-22,63.55,65.33,63.17,64.77,,320575.0
2022-12-23,64.85,65.26,64.07,65.14,,194288.0
2022-12-27,65.11,66.85,64.85,66.14,,332963.0
2022-12-28,66.0,66.48,64.25,65.2,,250444.0
2022-12-29,65.93,66.7,65.52,66.67,,222925.0
2022-12-30,65.73,66.63,65.23,66.53,,186219.0
2023-01-03,67.43,67.44,64.53,64.87,,428700.0
2023-01-04,64.93,66.19,64.51,64.99,,454844.0
2023-01-05,64.72,66.3,63.76,65.85,,306583.0
2023-01-06,66.64,67.13,65.87,66.26,,307914.0
2023-01-09,65.68,68.82,65.37,67.64,,457861.0
2023-01-10,67.95,68.89,67.04,67.67,,359981.0
2023-01-11,67.69,68.55,67.69,68.41,,388642.0
2023-01-12,68.66,69.85,68.1,69.45,,322516.0
2023-01-13,68.86,70.45,68.85,70.15,,358849.0
2023-01-17,69.72,70.64,69.66,70.0,,252997.0
2023-01-18,70.06,71.17,70.0,70.06,,311209.0
2023-01-19,69.85,70.34,69.29,69.49,,346862.0
2023-01-20,69.67,70.07,69.04,69.67,,265348.0
2023-01-23,70.39,71.35,69.98,70.38,,288001.0
2023-01-24,69.83,70.87,69.43,70.46,,250519.0
2023-01-25,69.88,70.31,68.51,70.09,,347472.0
2023-01-26,71.05,71.34,69.37,70.17,,374085.0
2023-01-27,69.92,71.37,69.92,71.08,,514717.0
2023-01-30,70.72,71.79,69.98,70.06,,374915.0
2023-01-31,70.39,71.25,69.54,71.25,,475763.0
2023-02-01,70.68,71.77,69.75,71.4,,399101.0
2023-02-02,71.72,72.22,69.53,70.22,,699120.0
2023-02-03,69.22,70.82,68.17,69.06,,715844.0
2023-02-06,68.1,69.95,68.1,69.37,,403863.0
2023-02-07,69.13,69.78,68.28,69.6,,350115.0
2023-02-08,68.79,69.32,68.02,69.13,,378254.0
2023-02-09,70.0,70.67,69.55,70.13,,630867.0
2023-02-10,69.54,70.88,68.57,69.09,,525873.0
2023-02-13,69.72,70.56,69.09,70.2,,413225.0
2023-02-14,69.7,71.69,69.67,70.56,,324071.0
2023-02-15,70.05,70.39,69.21,69.25,,420392.0
2023-02-16,68.49,69.59,67.59,67.83,,479437.0
2023-02-17,67.88,68.48,67.29,67.56,,440142.0
2023-02-21,66.83,68.32,66.45,66.58,,464812.0
2023-02-22,66.57,67.23,66.19,67.1,,322155.0
2023-02-23,67.39,67.99,67.04,67.34,,334636.0
2023-02-24,66.89,67.19,66.27,66.7,,262767.0
2023-02-27,67.38,68.16,67.22,67.73,,399344.0
2023-02-28,67.76,70.08,67.76,69.39,,432294.0
2023-03-01,69.44,70.92,68.75,69.27,,270966.0
2023-03-02,69.07,70.27,68.66,70.14,,256734.0
2023-03-03,70.55,71.46,70.12,71.4,,267258.0
2023-03-06,71.42,72.62,71.29,72.25,,387038.0
2023-03-07,72.36,73.97,71.86,71.9,,428777.0
2023-03-08,71.8,72.28,71.0,71.75,,278144.0
2023-03-09,71.79,72.28,70.2,70.6,,245261.0
2023-03-10,70.73,70.73,67.55,68.72,,398001.0
2023-03-13,67.49,68.96,66.88,68.29,,495640.0
2023-03-14,69.29,70.88,69.07,70.0,,289382.0
2023-03-15,68.3,68.88,65.98,67.73,,388884.0
2023-03-16,67.21,69.77,67.21,69.46,,256515.0
2023-03-17,69.06,69.58,67.59,68.71,,462905.0
2023-03-20,69.07,69.98,68.77,69.25,,236908.0
2023-03-21,70.52,73.59,70.52,73.31,,497461.0
2023-03-22,72.74,74.48,72.16,72.22,,490834.0
2023-03-23,73.0,74.3,72.58,73.71,,378659.0
2023-03-24,73.25,74.1,72.5,73.79,,263216.0
2023-03-27,74.23,75.02,73.52,74.69,,335628.0
2023-03-28,75.21,76.28,74.69,75.27,,428260.0
2023-03-29,75.86,75.87,74.65,75.29,,294173.0
2023-03-30,75.47,76.15,74.4,74.66,,442461.0
2023-03-31,74.95,75.74,74.42,74.92,,487978.0
2023-04-03,75.01,75.68,74.42,75.59,,390713.0
2023-04-04,75.96,76.67,74.7,75.88,,336565.0
2023-04-05,75.24,75.38,74.23,74.86,,208728.0
2023-04-06,74.2,74.67,73.21,74.4,,374898.0
2023-04-10,74.11,76.56,74.09,76.34,,321062.0
2023-04-11,76.64,76.81,75.99,76.2,,206564.0
2023-04-12,76.33,77.15,76.16,76.3,,253053.0
2023-04-13,77.07,77.41,76.2,77.19,,225443.0
2023-04-14,77.58,78.59,77.32,77.84,,202103.0
2023-04-17,78.76,79.17,77.36,77.98,,301519.0
2023-04-18,78.21,80.02,77.95,79.57,,406661.0
2023-04-19,79.45,80.16,79.39,80.11,,357776.0
2023-04-20,79.85,80.85,79.85,79.94,,250918.0
2023-04-21,80.04,81.39,79.57,81.11,,321090.0
2023-04-24,81.15,82.07,80.5,81.64,,274251.0
2023-04-25,81.45,81.65,79.17,79.38,,391996.0
2023-04-26,79.19,80.17,79.19,79.76,,256221.0
2023-04-27,79.17,79.69,76.8,79.22,,579784.0
2023-04-28,78.35,80.0,78.19,79.89,,341743.0
2023-05-01,80.24,81.7,79.93,80.99,,268657.0
2023-05-02,80.6,81.0,79.03,80.82,,217163.0
2023-05-03,80.52,81.77,80.03,80.82,,363643.0
2023-05-04,80.15,80.67,79.23,79.8,,267521.0
2023-05-05,80.68,81.51,80.02,80.87,,204581.0
2023-05-08,81.0,82.83,80.48,82.44,,291931.0
2023-05-09,81.75,83.01,81.63,82.82,,313426.0
2023-05-10,83.91,83.91,81.2,82.62,,236671.0
2023-05-11,82.59,82.94,81.57,81.74,,276938.0
2023-05-12,81.76,82.66,80.94,81.76,,387152.0
2023-05-15,81.82,82.39,81.27,81.92,,368527.0
2023-05-16,80.72,81.45,77.88,78.89,,557888.0
2023-05-17,78.74,79.11,77.4,78.39,,498370.0
2023-05-18,78.29,80.0,77.82,78.75,,283321.0
2023-05-19,76.67,76.78,73.62,75.8,,909243.0
2023-05-22,76.5,76.74,75.23,76.03,,442892.0
2023-05-23,75.24,75.24,73.94,74.8,,484068.0
2023-05-24,74.89,74.99,72.85,73.39,,601790.0
2023-05-25,74.15,76.06,73.53,75.0,,877878.0
2023-05-26,72.5,78.7,70.73,77.53,,1344852.0
2023-05-30,78.51,81.75,78.36,81.52,,849172.0
2023-05-31,80.83,80.98,77.7,79.17,,2701676.0
2023-06-01,78.67,79.4,77.38,77.5,,554671.0
2023-06-02,78.75,80.31,78.75,79.46,,432101.0
2023-06-05,79.56,81.6,79.56,80.96,,361800.0
2023-06-06,80.9,82.97,80.9,81.92,,379299.0
2023-06-07,81.85,84.09,81.85,83.02,,572651.0
2023-06-08,82.65,83.41,80.91,81.83,,503811.0
2023-06-09,82.1,82.8,80.97,81.39,,391890.0
2023-06-12,81.81,83.85,81.27,83.48,,417366.0
2023-06-13,83.92,84.17,81.56,81.79,,536986.0
2023-06-14,82.0,85.33,81.19,84.45,,396514.0
2023-06-15,83.97,85.75,83.74,85.34,,340170.0
2023-06-16,86.2,86.2,84.64,85.45,,490397.0
2023-06-20,84.84,85.45,83.66,84.72,,356127.0
2023-06-21,84.8,86.41,84.8,85.02,,257924.0
2023-06-22,84.85,85.61,83.62,83.92,,322914.0
2023-06-23,83.09,85.1,82.85,84.35,,463752.0
2023-06-26,84.78,85.75,84.19,84.91,,273404.0
2023-06-27,85.43,86.54,84.74,85.34,,312544.0
2023-06-28,85.4,87.1,85.4,86.69,,321738.0
2023-06-29,86.84,87.0,85.47,85.66,,303196.0
2023-06-30,86.84,88.3,86.33,87.94,,495715.0
2023-07-03,88.2,89.72,88.09,88.58,,216534.0
2023-07-05,88.77,89.44,87.83,89.1,,349592.0
2023-07-06,88.33,88.68,87.17,88.33,,333671.0
2023-07-07,88.17,89.17,87.57,87.86,,253871.0
2023-07-10,88.13,90.71,88.13,90.14,,354795.0
2023-07-11,90.09,92.02,90.09,91.9,,351991.0
2023-07-12,92.66,93.83,91.43,92.22,,329437.0
2023-07-13,92.34,93.18,89.81,89.9,,401399.0
2023-07-14,90.49,91.06,89.93,90.58,,275600.0
2023-07-17,90.48,91.95,90.35,91.24,,262924.0
2023-07-18,91.1,92.19,90.28,91.11,,331127.0
2023-07-19,90.76,91.42,90.51,90.62,,250023.0
2023-07-20,90.47,90.88,88.87,89.24,,242449.0
2023-07-21,90.76,90.76,88.97,89.59,,375989.0
2023-07-24,90.45,91.87,89.35,91.58,,529305.0
2023-07-25,91.83,92.91,91.44,92.56,,457035.0
2023-07-26,92.01,93.05,91.61,93.0,,310298.0
2023-07-27,92.71,93.16,89.08,89.5,,658877.0
2023-07-28,86.33,90.45,85.23,89.01,,965994.0
2023-07-31,89.88,90.62,89.58,90.61,,426636.0
2023-08-01,90.04,91.37,90.04,90.39,,323248.0
2023-08-02,90.07,91.23,89.86,90.15,,326022.0
2023-08-03,90.58,92.72,90.21,92.56,,333231.0
2023-08-04,93.45,93.66,91.77,92.08,,385179.0
2023-08-07,92.66,94.71,92.66,94.26,,326915.0
2023-08-08,93.86,94.75,93.72,94.18,,345992.0
2023-08-09,94.23,94.46,92.0,92.5,,242060.0
2023-08-10,92.51,94.23,92.25,93.24,,304296.0
2023-08-11,93.17,93.72,91.74,92.04,,239260.0
2023-08-14,92.26,93.14,91.75,93.05,,198155.0
2023-08-15,92.11,93.06,92.11,92.45,,232264.0
2023-08-16,92.7,93.59,92.52,92.78,,195702.0
2023-08-17,93.18,93.18,91.26,91.35,,291799.0
2023-08-18,90.67,93.06,90.32,92.88,,343235.0
2023-08-21,93.58,93.66,92.01,93.41,,233412.0
2023-08-22,91.58,93.12,91.5,92.56,,259996.0
2023-08-23,89.5,91.9,89.5,91.7,,312980.0
2023-08-24,91.71,91.75,86.92,86.96,,513519.0
2023-08-25,87.33,88.38,86.26,86.92,,309551.0
2023-08-28,86.92,87.49,85.04,86.05,,414974.0
2023-08-29,85.97,88.11,85.9,87.98,,421961.0
2023-08-30,87.91,87.91,86.05,86.48,,406706.0
2023-08-31,86.69,88.78,86.69,88.18,,769010.0
2023-09-01,89.04,89.82,88.33,88.79,,324673.0
2023-09-05,88.47,88.78,86.33,87.35,,328661.0
2023-09-06,87.15,87.95,87.09,87.64,,282265.0
2023-09-07,87.05,87.29,85.39,87.28,,508664.0
2023-09-08,87.06,88.29,86.93,87.87,,292172.0
2023-09-11,88.5,89.61,87.65,89.54,,346000.0
2023-09-12,89.31,91.03,89.31,90.12,,379424.0
2023-09-13,89.92,89.92,88.17,88.99,,310456.0
2023-09-14,89.58,90.2,88.17,89.48,,240790.0
2023-09-15,89.13,89.68,85.79,87.15,,867751.0
2023-09-18,87.0,87.8,86.62,87.71,,281710.0
2023-09-19,87.54,88.75,86.69,88.58,,253053.0
2023-09-20,88.44,89.04,87.27,87.28,,189988.0
2023-09-21,86.53,86.85,83.99,84.2,,379625.0
2023-09-22,84.65,85.89,84.65,85.09,,237156.0
2023-09-25,84.68,85.73,84.4,85.27,,258297.0
2023-09-26,84.86,85.6,83.34,83.71,,358696.0
2023-09-27,84.15,84.3,82.79,83.59,,316929.0
2023-09-28,83.83,84.81,83.29,84.61,,346705.0
2023-09-29,86.67,87.14,85.4,85.68,,336672.0
2023-10-02,85.57,87.18,85.57,86.26,,302899.0
2023-10-03,85.19,85.92,84.36,84.69,,308541.0
2023-10-04,84.97,85.61,83.53,85.15,,236938.0
2023-10-05,85.02,85.04,82.65,82.76,,362470.0
2023-10-06,82.46,83.5,81.28,82.51,,384877.0
2023-10-09,81.89,83.49,81.63,83.25,,251663.0
2023-10-10,83.39,85.61,83.38,84.76,,281977.0
2023-10-11,84.76,86.19,83.67,84.84,,303811.0
2023-10-12,85.16,85.29,82.56,82.9,,297365.0
2023-10-13,82.95,83.21,81.62,82.07,,312777.0
2023-10-16,83.02,84.54,83.02,83.54,,413345.0
2023-10-17,83.05,86.89,83.04,86.48,,456062.0
2023-10-18,86.2,87.15,85.2,85.33,,304730.0
2023-10-19,85.68,86.1,84.47,84.81,,341907.0
2023-10-20,85.07,85.15,82.66,82.93,,337701.0
2023-10-23,82.62,83.32,81.2,82.41,,411097.0
2023-10-24,83.31,83.51,82.16,82.68,,324795.0
2023-10-25,82.11,83.76,81.34,82.07,,361026.0
2023-10-26,81.95,82.59,80.67,80.76,,577567.0
2023-10-27,90.87,97.5,90.52,96.06,,1835671.0
2023-10-30,96.7,99.02,96.2,97.43,,769608.0
2023-10-31,97.83,99.75,97.75,99.51,,568832.0
2023-11-01,99.83,99.83,96.9,99.0,,628410.0
2023-11-02,99.17,100.42,98.88,100.17,,375181.0
2023-11-03,100.17,101.0,98.45,99.52,,500002.0
2023-11-06,100.11,102.32,99.69,102.15,,397017.0
2023-11-07,102.5,105.21,102.3,104.86,,456492.0
2023-11-08,104.82,105.67,104.04,104.54,,415077.0
2023-11-09,105.08,105.58,104.23,104.92,,330434.0
2023-11-10,104.73,105.61,104.15,105.46,,263326.0
2023-11-13,104.94,105.35,104.0,104.74,,265044.0
2023-11-14,105.15,105.87,104.47,105.03,,357603.0
2023-11-15,105.03,106.33,104.95,105.39,,300111.0
2023-11-16,104.08,104.08,100.72,102.58,,468794.0
2023-11-17,103.42,104.26,102.8,103.42,,253826.0
2023-11-20,103.36,105.66,103.36,104.91,,264225.0
2023-11-21,104.93,105.75,104.5,105.69,,307529.0
2023-11-22,106.33,107.03,105.09,105.42,,194000.0
2023-11-24,105.1,106.45,105.1,106.18,,76179.0
2023-11-27,105.83,109.88,105.83,109.44,,468697.0
2023-11-28,109.78,109.78,108.12,108.61,,245974.0
2023-11-29,109.99,110.38,108.59,109.17,,349459.0
2023-11-30,109.59,110.77,108.99,110.66,,512205.0
2023-12-01,110.76,114.26,110.76,114.18,,423768.0
2023-12-04,114.06,116.47,113.18,115.64,,425858.0
2023-12-05,115.0,115.91,114.43,115.07,,390364.0
2023-12-06,114.94,115.66,114.07,114.62,,277302.0
2023-12-07,114.46,116.33,114.41,115.74,,253518.0
2023-12-08,114.61,116.61,113.72,115.9,,279568.0
2023-12-11,116.19,118.02,116.01,116.31,,319621.0
2023-12-12,116.54,118.18,115.39,117.63,,368590.0
2023-12-13,118.9,120.16,117.69,119.88,,474600.0
2023-12-14,119.01,119.37,115.39,116.31,,561527.0
2023-12-15,116.0,117.5,114.67,117.14,,671137.0
2023-12-18,116.94,118.48,116.5,117.79,,358046.0
2023-12-19,119.17,120.57,118.74,119.16,,257474.0
2023-12-20,118.4,118.99,116.77,116.8,,287219.0
2023-12-21,117.5,118.23,116.81,117.36,,267278.0
2023-12-22,114.73,116.73,113.84,115.61,,352546.0
2023-12-26,115.4,115.85,114.6,114.66,,250902.0
2023-12-27,114.42,114.68,113.86,114.63,,312514.0
2023-12-28,113.25,114.07,112.21,112.59,,288194.0
2023-12-29,112.42,113.11,111.11,111.41,,190741.0
2024-01-02,110.81,112.84,110.71,112.33,,427321.0
2024-01-03,112.44,113.76,111.23,113.06,,370157.0
2024-01-04,112.16,113.22,111.74,112.04,,268900.0
2024-01-05,112.41,113.0,108.65,108.72,,376047.0
2024-01-08,110.02,114.18,110.0,114.12,,375975.0
2024-01-09,114.3,117.12,114.11,116.15,,271912.0
2024-01-10,116.42,116.67,114.68,115.98,,205506.0
2024-01-11,116.36,117.61,115.64,117.28,,250132.0
2024-01-12,117.41,118.06,116.17,117.78,,162225.0
2024-01-16,117.58,120.53,117.02,120.3,,350339.0
2024-01-17,119.8,120.94,118.85,120.75,,215772.0
2024-01-18,121.47,123.06,120.23,122.78,,318481.0
2024-01-19,124.04,124.91,122.84,124.88,,279040.0
2024-01-22,125.47,128.07,123.85,127.95,,384272.0
2024-01-23,127.43,127.87,124.53,125.69,,283238.0
2024-01-24,126.35,126.65,123.33,125.1,,236710.0
2024-01-25,125.86,127.4,125.19,126.83,,270479.0
2024-01-26,127.83,128.07,127.11,127.97,,197263.0
2024-01-29,127.84,129.25,126.83,129.13,,222591.0
2024-01-30,129.13,129.34,127.56,128.92,,291775.0
2024-01-31,128.14,128.52,125.15,125.62,,413665.0
2024-02-01,126.63,129.72,126.24,128.81,,563621.0
2024-02-02,139.29,150.62,138.15,147.01,,1120186.0
2024-02-05,145.25,146.51,141.71,141.9,,454016.0
2024-02-06,141.9,142.1,135.85,137.56,,503815.0
2024-02-07,137.56,139.04,136.5,138.89,,520766.0
2024-02-08,139.42,141.66,138.49,138.74,,265944.0
2024-02-09,139.25,141.66,139.25,140.87,,257537.0
2024-02-12,140.03,142.39,139.9,140.78,,403664.0
2024-02-13,137.54,140.74,137.4,139.44,,241183.0
2024-02-14,140.67,142.22,139.17,141.35,,260481.0
2024-02-15,143.33,146.17,142.03,145.13,,274649.0
2024-02-16,145.05,146.45,143.68,143.83,,259124.0
2024-02-20,143.16,144.76,142.44,143.45,,301727.0
2024-02-21,143.45,144.46,142.19,143.61,,247459.0
2024-02-22,145.33,148.0,144.53,147.34,,349356.0
2024-02-23,147.62,149.54,145.98,146.75,,230254.0
2024-02-26,147.48,148.33,144.72,144.91,,334548.0
2024-02-27,144.87,145.96,142.69,145.23,,273395.0
2024-02-28,144.02,147.27,143.74,147.07,,257091.0
2024-02-29,147.35,149.35,146.51,149.26,,480820.0
2024-03-01,149.14,151.97,148.7,150.55,,309912.0
2024-03-04,154.87,156.64,153.16,154.43,,791734.0
2024-03-05,153.33,155.31,150.4,151.14,,338457.0
2024-03-06,152.0,153.36,150.37,152.0,,266182.0
2024-03-07,152.0,153.04,150.37,152.15,,264866.0
2024-03-08,152.27,156.15,150.53,152.03,,300704.0
2024-03-11,151.51,151.6,147.82,150.28,,290542.0
2024-03-12,150.18,152.84,149.5,152.51,,239684.0
2024-03-13,152.6,156.14,152.22,154.61,,308854.0
2024-03-14,157.5,158.59,154.55,155.51,,583504.0
2024-03-15,155.24,156.21,151.2,151.63,,6107148.0
2024-03-18,152.67,153.79,150.6,151.48,,377602.0
2024-03-19,151.82,152.31,149.17,151.48,,369037.0
2024-03-20,151.33,152.71,150.03,152.53,,341014.0
2024-03-21,152.94,159.36,152.38,158.82,,439096.0
2024-03-22,157.72,157.72,153.59,153.74,,462736.0
2024-03-25,155.0,155.93,153.86,155.43,,374939.0
2024-03-26,155.33,157.15,154.22,156.24,,443676.0
2024-03-27,156.99,157.06,153.82,156.32,,364261.0
2024-03-28,156.32,158.15,156.1,156.88,,245212.0
2024-04-01,157.94,159.0,154.82,155.08,,267726.0
2024-04-02,153.3,154.15,147.3,150.55,,366628.0
2024-04-03,150.58,152.2,149.93,150.12,,301958.0
2024-04-04,151.16,152.26,145.54,146.3,,551668.0
2024-04-05,147.76,148.55,145.63,146.65,,290404.0
2024-04-08,147.52,149.45,145.97,148.14,,290709.0
2024-04-09,148.51,149.17,141.27,144.63,,433121.0
2024-04-10,136.11,137.36,131.99,135.02,,889590.0
2024-04-11,135.16,137.28,133.76,136.66,,435111.0
2024-04-12,135.29,136.85,134.31,135.73,,325195.0
2024-04-15,138.33,138.45,135.82,135.9,,481033.0
2024-04-16,135.59,136.41,134.55,135.65,,330967.0
2024-04-17,136.78,137.95,136.07,136.53,,379802.0
2024-04-18,137.51,138.58,135.06,135.55,,308467.0
2024-04-19,135.84,136.21,132.24,133.4,,477872.0
2024-04-22,134.5,136.28,134.02,135.04,,271635.0
2024-04-23,136.06,138.63,135.65,138.24,,272761.0
2024-04-24,139.8,142.9,138.66,141.95,,368456.0
2024-04-25,135.2,137.5,131.39,134.42,,485738.0
2024-04-26,135.7,139.89,135.17,138.91,,268823.0
2024-04-29,139.59,141.01,138.6,138.74,,173748.0
2024-04-30,137.92,139.07,135.93,136.41,,291179.0
2024-05-01,136.36,140.0,134.18,136.58,,289370.0
2024-05-02,137.98,139.25,136.82,138.77,,195208.0
2024-05-03,139.84,140.87,138.12,140.39,,223833.0
2024-05-06,141.67,144.56,140.99,143.64,,296427.0
2024-05-07,144.23,146.83,143.65,143.73,,260249.0
2024-05-08,142.91,143.62,141.97,142.25,,280761.0
2024-05-09,142.37,146.12,142.37,145.76,,265914.0
2024-05-10,145.76,146.09,142.36,143.66,,222326.0
2024-05-13,144.07,144.07,140.24,141.78,,303044.0
2024-05-14,143.55,147.78,142.81,147.07,,354770.0
2024-05-15,148.0,152.77,147.82,150.61,,394126.0
2024-05-16,150.87,151.8,147.11,147.6,,287183.0
2024-05-17,148.32,149.81,147.68,148.09,,319712.0
2024-05-20,148.1,152.33,148.1,150.47,,312594.0
2024-05-21,149.94,151.79,149.56,149.96,,322996.0
2024-05-22,150.39,150.8,148.22,148.82,,316573.0
2024-05-23,150.21,151.45,148.91,150.78,,654100.0
2024-05-24,169.15,172.83,165.75,172.15,,949983.0
2024-05-28,173.33,179.98,173.01,179.86,,678104.0
2024-05-29,179.5,180.62,177.49,177.49,,362721.0
2024-05-30,177.0,182.58,177.0,180.43,,417981.0
2024-05-31,180.13,182.44,176.96,182.32,,573211.0
2024-06-03,182.31,184.48,179.24,181.09,,264517.0
2024-06-04,180.2,182.03,177.37,177.81,,225318.0
2024-06-05,177.63,182.66,177.16,182.21,,228834.0
2024-06-06,182.93,183.63,177.27,177.57,,254563.0
2024-06-07,177.11,177.11,172.24,174.05,,248018.0
2024-06-10,172.68,176.15,171.91,175.82,,281059.0
2024-06-11,175.3,175.57,172.73,173.72,,241680.0
2024-06-12,174.44,174.56,171.67,173.25,,356143.0
2024-06-13,172.26,172.63,169.28,171.69,,331796.0
2024-06-14,171.13,172.04,169.5,170.62,,201367.0
2024-06-17,170.38,172.84,168.67,169.58,,373757.0
2024-06-18,168.61,171.07,167.52,168.06,,420355.0
2024-06-20,168.02,168.74,163.33,164.91,,381719.0
2024-06-21,164.7,164.7,160.92,163.36,,624072.0
2024-06-24,163.33,165.23,162.14,163.01,,269282.0
2024-06-25,164.7,164.72,161.53,162.55,,238992.0
2024-06-26,162.91,165.39,162.5,163.54,,294512.0
2024-06-27,162.43,167.17,162.43,166.65,,328561.0
2024-06-28,163.01,167.38,160.93,161.32,,589377.0
2024-07-01,162.62,163.27,153.21,157.72,,359904.0
2024-07-02,157.27,158.81,154.17,156.77,,300986.0
2024-07-03,157.06,158.84,154.91,155.95,,165968.0
2024-07-05,156.05,156.66,154.58,156.55,,178924.0
2024-07-08,157.41,159.01,155.85,158.78,,303605.0
2024-07-09,158.28,159.19,156.38,156.51,,226118.0
2024-07-10,154.17,154.58,141.98,148.9,,628912.0
2024-07-11,149.14,149.23,146.12,148.11,,494377.0
2024-07-12,149.85,151.67,147.97,149.68,,395515.0
2024-07-15,149.67,152.06,149.37,149.93,,405652.0
2024-07-16,151.67,152.16,148.9,152.15,,381563.0
2024-07-17,151.28,155.54,148.25,148.27,,363913.0
2024-07-18,149.75,152.8,146.83,147.81,,347739.0
2024-07-19,147.86,148.72,144.98,145.21,,256525.0
2024-07-22,146.67,148.32,145.47,147.32,,315110.0
2024-07-23,147.84,151.12,147.04,147.07,,383262.0
2024-07-24,146.39,147.16,140.92,141.01,,447380.0
2024-07-25,141.67,142.59,136.75,140.25,,890976.0
2024-07-26,159.97,163.33,148.83,149.12,,1302823.0
2024-07-29,149.58,155.38,148.58,153.54,,536554.0
2024-07-30,153.74,155.0,151.18,151.87,,325462.0
2024-07-31,153.86,155.5,152.79,153.77,,307665.0
2024-08-01,153.79,155.48,149.17,151.03,,253824.0
2024-08-02,147.15,147.15,142.4,144.22,,307680.0
2024-08-05,137.44,143.83,134.48,141.75,,374529.0
2024-08-06,143.88,147.06,142.13,144.87,,312358.0
2024-08-07,147.0,147.33,140.25,140.55,,394223.0
2024-08-08,142.36,147.62,141.07,147.32,,397047.0
2024-08-09,146.81,148.72,145.77,148.38,,215737.0
2024-08-12,148.34,153.16,148.34,153.05,,347394.0
2024-08-13,153.33,157.46,153.33,157.39,,322784.0
2024-08-14,156.61,158.33,152.95,153.23,,260728.0
2024-08-15,158.96,161.08,156.18,157.93,,319787.0
2024-08-16,157.9,160.52,157.1,158.42,,288710.0
2024-08-19,158.58,160.99,158.58,160.54,,164035.0
2024-08-20,160.88,161.67,157.33,158.11,,196421.0
2024-08-21,159.62,160.7,158.1,159.59,,298478.0
2024-08-22,159.98,160.67,158.58,159.15,,175101.0
2024-08-23,159.19,163.42,159.19,162.43,,217206.0
2024-08-26,161.97,162.24,156.96,157.5,,239568.0
2024-08-27,156.79,159.25,155.72,158.81,,178571.0
2024-08-28,159.63,160.67,157.09,158.26,,275043.0
2024-08-29,158.12,159.49,156.74,156.91,,185479.0
2024-08-30,157.69,159.92,155.96,159.88,,287165.0
2024-09-03,159.37,159.84,149.0,149.84,,469556.0
2024-09-04,148.63,149.86,146.91,149.23,,295477.0
2024-09-05,148.29,148.53,145.22,146.56,,251267.0
2024-09-06,146.76,147.5,142.7,143.33,,389056.0
2024-09-09,144.5,149.53,144.5,149.01,,397578.0
2024-09-10,147.0,148.74,145.2,148.45,,284059.0
2024-09-11,147.44,151.94,146.77,151.54,,378866.0
2024-09-12,151.94,155.11,151.54,153.19,,166361.0
2024-09-13,154.12,157.59,153.67,155.84,,230434.0
2024-09-16,157.16,157.16,153.07,156.28,,258600.0
2024-09-17,156.33,159.25,152.63,155.1,,1008812.0
2024-09-18,160.45,162.05,156.76,157.23,,1365194.0
2024-09-19,159.67,160.79,152.04,152.11,,2198783.0
2024-09-20,147.98,151.28,146.21,150.73,,4516990.0
2024-09-23,151.2,155.03,149.13,154.21,,1990119.0
2024-09-24,154.86,157.49,153.45,154.4,,1309803.0
2024-09-25,154.57,156.21,153.14,154.5,,1362023.0
2024-09-26,157.41,158.69,153.35,157.26,,1244989.0
2024-09-27,158.91,160.0,156.84,159.42,,1218415.0
2024-09-30,158.78,161.38,157.74,159.45,,2148770.0
2024-10-01,159.42,160.06,154.84,155.62,,1354779.0
2024-10-02,152.42,158.83,150.6,157.66,,1905805.0
2024-10-03,157.11,159.14,156.01,156.79,,1574284.0
2024-10-04,159.38,167.23,159.15,166.81,,2328481.0
2024-10-07,164.5,165.24,154.62,158.83,,2765768.0
2024-10-08,160.56,163.67,160.37,161.94,,1891170.0
2024-10-09,161.25,162.69,160.23,160.44,,1566606.0
2024-10-10,158.99,160.16,157.07,158.26,,1162538.0
2024-10-11,157.92,161.81,157.63,161.25,,1114596.0
2024-10-14,161.99,162.69,159.5,160.73,,1316230.0
2024-10-15,160.48,163.8,160.48,161.85,,1967147.0
2024-10-16,164.21,164.69,159.65,161.16,,1505405.0
2024-10-17,161.98,162.18,157.65,160.31,,1625186.0
2024-10-18,161.31,161.92,159.11,161.85,,1865146.0
2024-10-21,161.4,161.85,156.29,160.01,,1908406.0
2024-10-22,155.0,157.84,153.76,154.05,,2479935.0
2024-10-23,153.2,154.48,150.35,150.96,,1725154.0
2024-10-24,152.79,153.22,150.94,152.04,,3673534.0
2024-10-25,169.95,172.57,164.0,168.11,,8426623.0
2024-10-28,168.65,170.74,166.36,169.29,,2920707.0
2024-10-29,167.0,170.17,163.16,169.55,,2434809.0
2024-10-30,169.61,170.4,167.59,169.52,,1711604.0
2024-10-31,168.65,168.65,160.85,160.89,,2374495.0
2024-11-01,162.8,162.8,158.0,158.12,,2026011.0
2024-11-04,158.09,164.35,158.04,162.26,,1950171.0
2024-11-05,161.93,163.82,161.4,163.67,,1381021.0
2024-11-06,167.37,168.0,161.88,164.77,,2044331.0
2024-11-07,166.5,173.42,166.5,171.34,,1774415.0
2024-11-08,171.0,176.71,170.25,175.61,,2036443.0
2024-11-11,178.0,179.0,175.24,177.08,,1809536.0
2024-11-12,177.06,177.75,174.92,177.63,,1590902.0
2024-11-13,178.45,182.26,178.0,178.34,,1383204.0
2024-11-14,178.5,179.22,174.96,176.86,,1229179.0
2024-11-15,175.84,176.86,174.06,175.66,,1141389.0
2024-11-18,176.16,178.0,174.04,176.45,,1685985.0
2024-11-19,174.78,176.69,172.36,176.29,,1860835.0
2024-11-20,176.58,178.0,174.27,176.36,,1095537.0
2024-11-21,176.63,181.98,175.12,181.91,,2663995.0
2024-11-22,185.78,193.33,185.78,192.15,,3057254.0
2024-11-25,194.04,198.08,193.0,196.49,,3911713.0
2024-11-26,196.63,196.78,192.91,194.41,,1503216.0
2024-11-27,193.52,195.78,190.85,191.77,,1203165.0
2024-11-29,193.71,196.89,193.07,195.96,,813940.0
2024-12-02,196.93,203.78,196.61,201.9,,1999869.0
2024-12-03,202.36,205.35,202.08,202.87,,2066083.0
2024-12-04,203.26,207.29,202.51,204.15,,1817866.0
2024-12-05,201.7,204.01,200.82,200.92,,2345788.0
2024-12-06,203.11,203.11,198.67,199.55,,1766972.0
2024-12-09,199.95,202.72,195.46,201.55,,1689993.0
2024-12-10,201.53,205.12,199.19,202.12,,1110790.0
2024-12-11,203.76,208.45,203.0,204.95,,1654086.0
2024-12-12,203.85,206.72,203.13,203.68,,1001966.0
2024-12-13,205.0,207.44,203.53,206.63,,1643121.0
2024-12-16,207.44,213.03,206.51,211.12,,1788920.0
2024-12-17,211.0,212.78,207.9,210.37,,1709709.0
2024-12-18,209.32,211.41,201.0,201.48,,1581756.0
2024-12-19,203.35,208.1,202.22,205.28,,1937261.0
2024-12-20,203.89,214.7,202.49,210.97,,3805244.0
2024-12-23,208.66,210.52,206.3,207.65,,1874555.0
2024-12-24,208.05,208.94,206.9,208.01,,523915.0
2024-12-26,208.0,210.5,207.75,209.43,,1071252.0
2024-12-27,207.86,209.69,205.84,207.11,,848507.0
2024-12-30,203.17,207.76,201.78,205.76,,1068228.0
