time,open,high,low,close,Volume,volume
1999-11-01,3.63,3.69,3.6,3.68,,209000.0
1999-11-02,3.68,3.68,3.28,3.37,,946400.0
1999-11-03,3.36,3.48,3.34,3.45,,1426900.0
1999-11-04,3.45,3.48,3.24,3.32,,406400.0
1999-11-05,3.33,3.35,3.04,3.21,,2472900.0
1999-11-08,3.21,3.31,3.21,3.28,,868400.0
1999-11-09,3.29,3.41,3.27,3.39,,1013900.0
1999-11-10,3.41,3.55,3.38,3.46,,540200.0
1999-11-11,3.48,3.48,3.35,3.39,,459100.0
1999-11-12,3.37,3.51,3.35,3.44,,595400.0
1999-11-15,3.44,3.55,3.44,3.53,,317900.0
1999-11-16,3.48,3.5,3.35,3.41,,427600.0
1999-11-17,3.44,3.82,3.43,3.66,,775100.0
1999-11-18,3.55,3.61,3.45,3.57,,689800.0
1999-11-19,3.48,3.51,3.41,3.44,,1142900.0
1999-11-22,3.42,3.49,3.33,3.41,,635100.0
1999-11-23,3.39,3.42,3.22,3.37,,2185200.0
1999-11-24,3.39,3.49,3.39,3.46,,1496800.0
1999-11-26,3.46,3.48,3.45,3.46,,288900.0
1999-11-29,3.42,3.43,3.28,3.28,,1088400.0
1999-11-30,3.28,3.33,3.19,3.24,,945000.0
1999-12-01,3.28,3.33,3.21,3.27,,744400.0
1999-12-02,3.24,3.24,3.12,3.13,,687900.0
1999-12-03,3.18,3.19,2.98,3.04,,496100.0
1999-12-06,2.98,3.03,2.89,2.89,,496900.0
1999-12-07,2.72,2.77,2.54,2.65,,4790000.0
1999-12-08,2.65,2.8,2.52,2.74,,2289200.0
1999-12-09,2.81,2.85,2.63,2.77,,1054700.0
1999-12-10,2.79,2.79,2.64,2.74,,935500.0
1999-12-13,2.78,2.98,2.76,2.8,,1185100.0
1999-12-14,2.84,2.87,2.76,2.78,,676400.0
1999-12-15,2.78,2.9,2.78,2.83,,1536700.0
1999-12-16,2.85,2.97,2.85,2.97,,1556000.0
1999-12-17,3.01,3.01,2.96,3.01,,1063700.0
1999-12-20,3.01,3.02,2.91,2.99,,985800.0
1999-12-21,2.99,3.01,2.92,2.98,,551200.0
1999-12-22,2.96,2.98,2.89,2.94,,600500.0
1999-12-23,2.9,3.07,2.89,2.99,,1057700.0
1999-12-27,2.97,3.01,2.84,2.89,,563200.0
1999-12-28,2.98,3.0,2.81,2.98,,877800.0
1999-12-29,3.02,3.1,2.98,3.03,,336800.0
1999-12-30,3.1,3.1,2.89,2.99,,472400.0
1999-12-31,2.96,3.08,2.9,3.08,,231100.0
2000-01-03,3.01,3.04,2.63,2.72,,992800.0
2000-01-04,2.63,2.74,2.58,2.72,,1350700.0
2000-01-05,2.67,2.72,2.64,2.65,,899500.0
2000-01-06,2.64,2.89,2.62,2.86,,989000.0
2000-01-07,2.89,2.93,2.79,2.83,,689100.0
2000-01-10,2.78,2.85,2.74,2.85,,499700.0
2000-01-11,2.8,2.91,2.8,2.87,,697100.0
2000-01-12,2.86,2.91,2.82,2.87,,519800.0
2000-01-13,2.9,2.97,2.88,2.93,,1074100.0
2000-01-14,2.97,3.01,2.91,2.98,,1274800.0
2000-01-18,3.03,3.15,2.93,2.99,,926700.0
2000-01-19,3.04,3.13,3.01,3.01,,415600.0
2000-01-20,2.99,3.01,2.81,2.94,,1060200.0
2000-01-21,2.97,3.04,2.83,2.85,,1940000.0
2000-01-24,2.81,2.84,2.71,2.79,,1364600.0
2000-01-25,2.79,2.84,2.73,2.74,,1333000.0
2000-01-26,2.75,2.85,2.75,2.77,,1141600.0
2000-01-27,2.79,2.83,2.68,2.71,,651300.0
2000-01-28,2.71,2.75,2.67,2.68,,574500.0
2000-01-31,2.72,2.8,2.64,2.79,,770700.0
2000-02-01,2.76,2.84,2.74,2.81,,691000.0
2000-02-02,2.85,2.93,2.85,2.9,,1025300.0
2000-02-03,2.92,2.95,2.83,2.83,,854800.0
2000-02-04,2.82,2.91,2.68,2.75,,647300.0
2000-02-07,2.8,2.83,2.71,2.73,,780200.0
2000-02-08,2.75,2.79,2.69,2.72,,590400.0
2000-02-09,2.74,2.79,2.61,2.64,,946600.0
2000-02-10,2.64,2.79,2.64,2.79,,909200.0
2000-02-11,2.8,2.8,2.68,2.74,,760900.0
2000-02-14,2.74,2.79,2.69,2.76,,516800.0
2000-02-15,2.76,2.9,2.75,2.85,,669900.0
2000-02-16,2.87,2.91,2.81,2.81,,616900.0
2000-02-17,2.82,2.84,2.79,2.84,,1147700.0
2000-02-18,2.84,2.85,2.75,2.75,,698800.0
2000-02-22,2.74,2.77,2.67,2.72,,338600.0
2000-02-23,2.7,2.76,2.58,2.59,,707400.0
2000-02-24,2.62,2.62,2.41,2.46,,1261700.0
2000-02-25,2.47,2.5,2.4,2.44,,1356600.0
2000-02-28,2.47,2.54,2.42,2.49,,785300.0
2000-02-29,2.49,2.68,2.48,2.68,,2159400.0
2000-03-01,2.72,2.76,2.68,2.74,,1553600.0
2000-03-02,2.81,3.14,2.81,3.11,,2177200.0
2000-03-03,3.11,3.18,2.92,3.04,,1538800.0
2000-03-06,3.01,3.14,2.98,3.05,,478100.0
2000-03-07,3.18,3.32,3.09,3.28,,1006900.0
2000-03-08,3.27,3.41,3.18,3.31,,1744600.0
2000-03-09,3.33,3.36,3.23,3.29,,674700.0
2000-03-10,3.24,3.36,3.16,3.26,,1203900.0
2000-03-13,3.21,3.32,3.19,3.2,,392500.0
2000-03-14,3.21,3.3,3.18,3.25,,668800.0
2000-03-15,3.29,3.31,3.14,3.21,,619600.0
2000-03-16,3.21,3.4,3.2,3.29,,893700.0
2000-03-17,3.29,3.33,3.21,3.25,,359700.0
2000-03-20,3.21,3.24,3.11,3.23,,610400.0
2000-03-21,3.23,3.31,3.19,3.28,,829600.0
2000-03-22,3.36,3.46,3.23,3.32,,1959400.0
2000-03-23,3.33,3.34,3.29,3.33,,701500.0
2000-03-24,3.32,3.36,3.23,3.24,,925000.0
2000-03-27,3.23,3.31,3.2,3.24,,777700.0
2000-03-28,3.28,3.49,3.28,3.39,,933400.0
2000-03-29,3.4,3.81,3.4,3.7,,1458400.0
2000-03-30,3.81,4.22,3.77,4.04,,2824000.0
2000-03-31,4.03,4.17,3.72,3.72,,1536200.0
2000-04-03,3.86,4.1,3.82,4.08,,1105400.0
2000-04-04,4.19,4.22,3.85,3.98,,2204600.0
2000-04-05,4.06,4.12,3.84,3.92,,1058800.0
2000-04-06,3.96,4.1,3.94,4.08,,545200.0
2000-04-07,4.07,4.18,4.04,4.15,,572000.0
2000-04-10,4.13,4.15,3.87,3.95,,865500.0
2000-04-11,3.96,4.19,3.96,4.11,,813900.0
2000-04-12,4.2,4.38,4.18,4.27,,1681100.0
2000-04-13,4.22,4.34,4.21,4.3,,963800.0
2000-04-14,4.32,4.32,4.02,4.08,,1019000.0
2000-04-17,4.12,4.12,3.95,4.03,,659700.0
2000-04-18,3.99,4.2,3.95,4.17,,679200.0
2000-04-19,4.15,4.3,4.02,4.07,,1095600.0
2000-04-20,4.3,4.32,4.06,4.18,,1473900.0
2000-04-24,4.14,4.15,4.05,4.08,,1007700.0
2000-04-25,4.13,4.21,4.13,4.15,,843100.0
2000-04-26,4.17,4.21,4.13,4.15,,747300.0
2000-04-27,4.13,4.25,4.1,4.22,,1045400.0
2000-04-28,4.21,4.37,4.21,4.37,,1143200.0
2000-05-01,4.39,4.59,4.37,4.55,,2232400.0
2000-05-02,4.57,4.81,4.56,4.72,,1867800.0
2000-05-03,4.71,4.78,4.59,4.61,,1841200.0
2000-05-04,4.61,4.94,4.59,4.87,,2031700.0
2000-05-05,4.82,5.03,4.81,5.0,,1313800.0
2000-05-08,4.94,5.17,4.92,5.1,,1692300.0
2000-05-09,5.08,5.16,4.88,5.02,,1666800.0
2000-05-10,5.0,5.06,4.89,5.05,,731200.0
2000-05-11,5.1,5.18,5.06,5.17,,1225300.0
2000-05-12,5.18,5.23,5.07,5.22,,957400.0
2000-05-15,5.19,5.26,5.18,5.18,,1657200.0
2000-05-16,5.18,5.18,4.89,4.92,,1375100.0
2000-05-17,4.94,5.36,4.92,5.25,,1916600.0
2000-05-18,5.23,5.41,5.14,5.36,,1842800.0
2000-05-19,5.4,5.53,5.28,5.46,,2362200.0
2000-05-22,5.47,5.61,5.41,5.48,,1246000.0
2000-05-23,5.55,5.6,5.46,5.47,,2084500.0
2000-05-24,5.48,5.61,5.39,5.41,,1155300.0
2000-05-25,5.53,5.53,5.22,5.31,,1795500.0
2000-05-26,5.36,5.44,5.23,5.27,,1474000.0
2000-05-30,5.27,5.49,5.24,5.47,,1386300.0
2000-05-31,5.49,5.65,5.48,5.65,,1902100.0
2000-06-01,5.78,5.78,5.51,5.63,,1195100.0
2000-06-02,5.67,5.7,5.34,5.36,,1936400.0
2000-06-05,5.36,5.36,5.21,5.3,,893200.0
2000-06-06,5.26,5.52,5.26,5.51,,1265300.0
2000-06-07,5.51,5.69,5.31,5.49,,1132000.0
2000-06-08,5.53,5.8,5.52,5.66,,992500.0
2000-06-09,5.66,5.66,5.55,5.57,,670100.0
2000-06-12,5.61,5.79,5.6,5.72,,744300.0
2000-06-13,5.76,5.88,5.74,5.84,,732000.0
2000-06-14,5.85,5.96,5.83,5.89,,588600.0
2000-06-15,5.86,5.92,5.72,5.84,,1255800.0
2000-06-16,5.86,6.13,5.86,6.08,,1489900.0
2000-06-19,6.06,6.12,5.89,6.01,,1105400.0
2000-06-20,5.89,5.91,5.78,5.9,,1076900.0
2000-06-21,5.9,5.95,5.74,5.91,,1668900.0
2000-06-22,6.03,6.03,5.58,5.68,,869800.0
2000-06-23,5.72,5.9,5.71,5.81,,325100.0
2000-06-26,5.84,5.93,5.62,5.71,,322500.0
2000-06-27,5.67,5.8,5.59,5.79,,786300.0
2000-06-28,5.78,5.89,5.7,5.88,,501200.0
2000-06-29,5.89,6.03,5.81,5.93,,635600.0
2000-06-30,5.93,6.04,5.75,5.87,,839500.0
2000-07-03,5.9,5.94,5.75,5.79,,238800.0
2000-07-05,5.78,5.78,5.14,5.19,,2151600.0
2000-07-06,5.36,5.43,4.8,5.05,,3323100.0
2000-07-07,5.01,5.29,4.95,5.27,,1836200.0
2000-07-10,5.61,5.62,5.31,5.34,,1391600.0
2000-07-11,5.36,5.71,5.36,5.69,,2558200.0
2000-07-12,5.89,5.9,5.51,5.52,,1644300.0
2000-07-13,5.52,5.7,5.31,5.62,,1628300.0
2000-07-14,5.62,5.66,5.45,5.54,,695400.0
2000-07-17,5.54,5.71,5.29,5.34,,1307000.0
2000-07-18,5.3,5.54,5.3,5.54,,1287200.0
2000-07-19,5.53,5.54,5.41,5.44,,500500.0
2000-07-20,5.44,5.44,5.02,5.1,,1238500.0
2000-07-21,5.14,5.14,4.74,4.94,,1368900.0
2000-07-24,4.95,5.01,4.75,4.8,,1041400.0
2000-07-25,4.9,5.01,4.69,4.75,,1161400.0
2000-07-26,4.76,4.96,4.75,4.89,,1301300.0
2000-07-27,4.94,5.24,4.94,5.19,,1677100.0
2000-07-28,5.19,5.4,5.19,5.28,,787000.0
2000-07-31,5.45,5.45,5.11,5.2,,619300.0
2000-08-01,5.19,5.52,5.18,5.43,,766100.0
2000-08-02,5.42,5.64,5.42,5.63,,1040900.0
2000-08-03,5.72,5.98,5.54,5.54,,1239000.0
2000-08-04,5.65,5.84,5.55,5.75,,1003000.0
2000-08-07,5.78,5.89,5.74,5.8,,623200.0
2000-08-08,5.79,5.94,5.75,5.77,,872800.0
2000-08-09,5.97,5.97,5.83,5.83,,616000.0
2000-08-10,5.94,6.09,5.89,6.01,,1271400.0
2000-08-11,6.05,6.06,5.95,6.02,,700400.0
2000-08-14,6.03,6.32,6.03,6.11,,2295300.0
2000-08-15,6.16,6.33,6.16,6.24,,953800.0
2000-08-16,6.25,6.33,6.19,6.22,,1134900.0
2000-08-17,6.29,6.64,6.29,6.38,,1992400.0
2000-08-18,6.42,6.46,6.22,6.35,,776300.0
2000-08-21,6.47,6.52,6.3,6.4,,768600.0
2000-08-22,6.49,6.6,6.42,6.45,,807000.0
2000-08-23,6.51,6.71,6.47,6.64,,1058500.0
2000-08-24,6.64,6.69,6.51,6.68,,1280000.0
2000-08-25,6.66,6.69,6.54,6.67,,567500.0
2000-08-28,6.67,6.76,6.64,6.67,,547900.0
2000-08-29,6.71,6.95,6.64,6.85,,1079700.0
2000-08-30,6.85,6.88,6.56,6.66,,1394800.0
2000-08-31,6.73,6.82,6.69,6.73,,539600.0
2000-09-01,6.77,6.89,6.76,6.77,,912000.0
2000-09-05,6.73,6.79,6.68,6.77,,605600.0
2000-09-06,6.75,6.9,6.73,6.9,,1335800.0
2000-09-07,6.9,6.91,6.79,6.91,,683500.0
2000-09-08,6.81,6.85,6.65,6.82,,867700.0
2000-09-11,6.82,7.01,6.77,6.98,,788200.0
2000-09-12,7.01,7.12,6.93,7.08,,1167000.0
2000-09-13,7.12,7.12,6.82,6.9,,1033700.0
2000-09-14,6.9,6.99,6.74,6.97,,469000.0
2000-09-15,6.96,7.1,6.88,6.95,,1218600.0
2000-09-18,6.95,7.07,6.93,7.03,,1067100.0
2000-09-19,7.03,7.08,6.78,6.83,,1226800.0
2000-09-20,6.87,7.12,6.83,6.98,,1651700.0
2000-09-21,6.95,6.95,6.71,6.73,,1497100.0
2000-09-22,6.68,6.91,6.64,6.68,,1307800.0
2000-09-25,6.63,6.63,6.31,6.54,,1245100.0
2000-09-26,6.59,6.95,6.59,6.85,,750200.0
2000-09-27,6.89,7.0,6.85,6.95,,921400.0
2000-09-28,7.01,7.06,6.86,6.86,,882200.0
2000-09-29,6.9,7.19,6.79,6.84,,1055400.0
2000-10-02,6.94,7.04,6.91,6.98,,689100.0
2000-10-03,6.98,6.99,6.9,6.95,,541400.0
2000-10-04,6.91,6.93,6.61,6.62,,1328500.0
2000-10-05,6.65,6.68,6.46,6.5,,812500.0
2000-10-06,6.51,6.69,6.51,6.67,,1181300.0
2000-10-09,6.71,6.79,6.6,6.66,,276400.0
2000-10-10,6.71,7.19,6.68,7.13,,2024400.0
2000-10-11,7.28,7.54,7.22,7.43,,2761200.0
2000-10-12,7.39,7.57,7.32,7.41,,1607500.0
2000-10-13,7.39,7.39,7.22,7.32,,1165500.0
2000-10-16,7.39,7.39,7.17,7.2,,840100.0
2000-10-17,7.22,7.52,7.2,7.48,,1438300.0
2000-10-18,7.48,7.61,7.43,7.44,,2008300.0
2000-10-19,7.46,7.57,7.43,7.43,,1448000.0
2000-10-20,7.46,7.66,7.45,7.65,,1039500.0
2000-10-23,7.66,7.72,7.37,7.56,,795900.0
2000-10-24,7.53,7.57,6.89,7.04,,1070000.0
2000-10-25,6.93,6.94,6.22,6.48,,2423600.0
2000-10-26,6.48,6.69,6.48,6.67,,1333500.0
2000-10-27,6.67,6.87,6.34,6.73,,1663400.0
2000-10-30,6.67,6.81,6.54,6.8,,802700.0
2000-10-31,6.78,6.95,6.62,6.93,,934400.0
2000-11-01,7.56,7.65,7.23,7.42,,21253500.0
2000-11-02,7.39,7.39,7.21,7.23,,2859600.0
2000-11-03,7.23,7.34,7.13,7.13,,863100.0
2000-11-06,7.14,7.14,6.93,7.02,,884600.0
2000-11-07,7.09,7.15,6.94,7.02,,619200.0
2000-11-08,7.06,7.25,7.05,7.2,,1085900.0
2000-11-09,7.2,7.22,6.94,6.99,,546100.0
2000-11-10,7.03,7.06,6.99,7.02,,455000.0
2000-11-13,7.04,7.08,6.83,6.85,,719100.0
2000-11-14,6.87,7.13,6.87,7.09,,967400.0
2000-11-15,7.17,7.74,7.17,7.7,,1551700.0
2000-11-16,7.7,7.92,7.57,7.82,,1675000.0
2000-11-17,7.78,7.82,7.59,7.68,,820400.0
2000-11-20,7.72,7.72,7.39,7.44,,759500.0
2000-11-21,7.36,7.75,7.35,7.74,,1528900.0
2000-11-22,7.74,7.79,7.55,7.75,,810200.0
2000-11-24,7.91,8.03,7.88,8.01,,603700.0
2000-11-27,8.02,8.1,7.86,8.05,,796700.0
2000-11-28,8.05,8.16,7.96,7.97,,980400.0
2000-11-29,7.92,7.93,7.33,7.54,,1370100.0
2000-11-30,7.54,7.82,7.28,7.47,,2106900.0
2000-12-01,7.52,7.82,7.48,7.82,,1262400.0
2000-12-04,7.87,8.22,7.87,8.1,,1191700.0
2000-12-05,8.1,8.4,8.02,8.11,,1884500.0
2000-12-06,8.32,8.44,8.21,8.38,,1336400.0
2000-12-07,8.45,8.6,7.71,8.0,,2694700.0
2000-12-08,8.08,8.1,7.82,8.03,,1750000.0
2000-12-11,8.08,8.4,8.05,8.36,,786000.0
2000-12-12,8.36,8.52,8.14,8.5,,943100.0
2000-12-13,8.5,8.71,8.46,8.62,,1710100.0
2000-12-14,8.41,8.56,8.26,8.31,,1712900.0
2000-12-15,8.27,8.44,8.24,8.38,,1225100.0
2000-12-18,8.41,8.88,8.4,8.71,,1631400.0
2000-12-19,8.72,9.14,8.72,8.88,,2004400.0
2000-12-20,8.87,9.11,8.74,8.82,,1559200.0
2000-12-21,8.89,9.24,8.89,9.09,,1732500.0
2000-12-22,9.1,9.16,8.98,9.15,,542600.0
2000-12-26,9.15,9.84,9.15,9.78,,1779100.0
2000-12-27,9.77,9.87,9.59,9.87,,1406600.0
2000-12-28,9.84,9.98,9.75,9.94,,1254800.0
2000-12-29,9.94,9.97,9.5,9.62,,1215300.0
2001-01-02,9.58,9.77,9.26,9.43,,2063300.0
2001-01-03,9.33,9.48,8.55,8.63,,2655300.0
2001-01-04,8.63,8.7,8.01,8.16,,3723500.0
2001-01-05,8.34,8.53,8.16,8.42,,1561800.0
2001-01-08,8.45,8.88,8.45,8.65,,1761800.0
2001-01-09,8.76,8.77,8.37,8.52,,1907500.0
2001-01-10,8.54,8.87,8.52,8.57,,1211400.0
2001-01-11,8.67,8.79,8.34,8.38,,1166400.0
2001-01-12,8.37,8.37,8.17,8.25,,1712400.0
2001-01-16,8.06,8.51,8.02,8.45,,1196800.0
2001-01-17,8.4,8.4,7.81,7.87,,1927700.0
2001-01-18,7.71,7.71,7.23,7.66,,3683900.0
2001-01-19,7.58,7.88,7.43,7.8,,2317600.0
2001-01-22,7.8,8.02,7.8,7.93,,917500.0
2001-01-23,7.98,8.18,7.97,8.1,,1408600.0
2001-01-24,8.11,8.27,8.02,8.1,,1727400.0
2001-01-25,8.1,8.38,8.07,8.33,,916900.0
2001-01-26,8.29,8.42,8.2,8.26,,1190300.0
2001-01-29,8.26,8.37,7.99,7.99,,961900.0
2001-01-30,8.0,8.03,7.7,7.84,,1195800.0
2001-01-31,7.84,7.97,7.66,7.71,,1569500.0
2001-02-01,7.78,7.84,7.43,7.62,,1081400.0
2001-02-02,7.66,8.02,7.66,8.01,,1774000.0
2001-02-05,7.8,8.13,7.8,7.97,,823300.0
2001-02-06,8.06,8.24,7.92,8.12,,769200.0
2001-02-07,8.26,8.42,7.97,8.34,,1069500.0
2001-02-08,8.28,8.41,8.1,8.12,,713600.0
2001-02-09,8.12,8.45,8.1,8.36,,994800.0
2001-02-12,8.55,8.59,8.14,8.2,,994800.0
2001-02-13,8.08,8.34,8.02,8.31,,857900.0
2001-02-14,8.32,8.51,8.28,8.29,,904800.0
2001-02-15,8.29,8.29,7.93,7.98,,1227800.0
2001-02-16,8.16,8.32,8.06,8.11,,1131100.0
2001-02-20,8.11,8.24,8.06,8.08,,845300.0
2001-02-21,8.16,8.32,7.87,7.87,,1712400.0
2001-02-22,7.92,7.98,7.75,7.77,,785100.0
2001-02-23,7.77,7.91,7.59,7.68,,794100.0
2001-02-26,7.73,7.84,7.67,7.8,,1156500.0
2001-02-27,7.79,7.92,7.78,7.82,,646100.0
2001-02-28,7.82,7.82,7.58,7.68,,832500.0
2001-03-01,7.62,7.74,7.58,7.69,,1212800.0
2001-03-02,7.8,7.97,7.73,7.95,,2334000.0
2001-03-05,8.03,8.19,8.02,8.05,,732800.0
2001-03-06,8.17,8.26,8.16,8.17,,1124900.0
2001-03-07,8.38,8.67,8.33,8.59,,2094700.0
2001-03-08,8.76,8.86,8.42,8.85,,1412800.0
2001-03-09,8.81,8.93,8.71,8.88,,1669800.0
2001-03-12,8.79,8.81,8.35,8.37,,1220200.0
2001-03-13,8.37,8.38,8.1,8.27,,1638300.0
2001-03-14,8.07,8.2,7.96,8.02,,1015100.0
2001-03-15,8.17,8.19,7.84,7.89,,784100.0
2001-03-16,7.84,8.0,7.8,7.89,,1174400.0
2001-03-19,7.86,8.1,7.86,8.05,,725900.0
2001-03-20,8.09,8.37,8.01,8.23,,1251700.0
2001-03-21,8.24,8.27,7.73,7.77,,1418900.0
2001-03-22,7.77,7.78,7.33,7.55,,1211900.0
2001-03-23,7.56,7.8,7.49,7.66,,871600.0
2001-03-26,7.66,7.8,7.61,7.65,,1059000.0
2001-03-27,7.66,7.72,7.41,7.46,,2953900.0
2001-03-28,7.49,7.56,7.33,7.39,,664300.0
2001-03-29,7.27,7.27,6.92,7.06,,1647000.0
2001-03-30,7.06,7.3,7.06,7.26,,1312300.0
2001-04-02,7.31,7.33,6.95,6.99,,2030200.0
2001-04-03,6.99,6.99,6.63,6.68,,1429900.0
2001-04-04,6.78,6.97,6.68,6.9,,1783100.0
2001-04-05,6.91,7.12,6.85,7.1,,2053700.0
2001-04-06,7.12,7.13,6.9,7.11,,839800.0
2001-04-09,7.24,7.4,7.24,7.4,,603400.0
2001-04-10,7.5,7.6,7.4,7.57,,1077900.0
2001-04-11,7.71,7.71,7.5,7.52,,984500.0
2001-04-12,7.56,7.67,7.52,7.65,,920900.0
2001-04-16,7.64,7.91,7.64,7.87,,849700.0
2001-04-17,7.86,8.01,7.76,7.99,,1269900.0
2001-04-18,7.99,8.08,7.83,7.85,,2054900.0
2001-04-19,7.8,7.81,7.36,7.63,,2058800.0
2001-04-20,7.61,7.78,7.54,7.71,,923400.0
2001-04-23,7.76,8.28,7.74,8.27,,2293800.0
2001-04-24,8.16,8.39,8.16,8.23,,1641600.0
2001-04-25,8.38,8.46,8.26,8.41,,1308000.0
2001-04-26,8.57,8.64,8.43,8.43,,1064500.0
2001-04-27,8.44,8.46,8.24,8.34,,1054000.0
2001-04-30,8.32,8.46,8.01,8.18,,1464200.0
2001-05-01,8.15,8.15,7.94,8.01,,1825000.0
2001-05-02,7.94,7.94,7.48,7.48,,2314000.0
2001-05-03,7.49,7.62,7.26,7.43,,1568100.0
2001-05-04,7.45,7.76,7.45,7.69,,1631100.0
2001-05-07,7.83,7.86,7.68,7.7,,1433800.0
2001-05-08,7.71,7.79,7.61,7.76,,749500.0
2001-05-09,7.76,7.97,7.76,7.97,,850000.0
2001-05-10,7.95,8.01,7.83,7.86,,1149500.0
2001-05-11,7.86,7.86,7.78,7.83,,1127300.0
2001-05-14,7.95,8.01,7.87,8.01,,752500.0
2001-05-15,8.01,8.37,8.01,8.32,,1458900.0
2001-05-16,8.36,8.55,8.32,8.34,,1936100.0
2001-05-17,8.2,8.53,8.14,8.48,,1426800.0
2001-05-18,8.48,8.73,8.47,8.68,,901600.0
2001-05-21,8.7,8.79,8.68,8.78,,854700.0
2001-05-22,8.77,8.77,8.59,8.71,,1031500.0
2001-05-23,8.55,8.61,8.23,8.25,,2268400.0
2001-05-24,8.07,8.16,7.94,8.11,,2331100.0
2001-05-25,8.02,8.13,7.95,8.02,,1275400.0
2001-05-29,8.1,8.2,7.87,7.96,,843000.0
2001-05-30,7.96,7.96,7.67,7.94,,1667300.0
2001-05-31,7.89,7.98,7.78,7.92,,1186500.0
2001-06-01,7.94,8.01,7.72,7.94,,768500.0
2001-06-04,8.07,8.12,8.01,8.05,,556700.0
2001-06-05,7.89,8.01,7.88,7.94,,1260800.0
2001-06-06,7.85,7.85,7.32,7.36,,2776300.0
2001-06-07,7.36,7.36,7.2,7.26,,3008100.0
2001-06-08,7.34,7.38,7.04,7.29,,1842300.0
2001-06-11,7.35,7.43,7.23,7.38,,1573800.0
2001-06-12,7.55,7.63,7.44,7.54,,1536300.0
2001-06-13,7.6,7.71,7.32,7.33,,1093900.0
2001-06-14,7.33,7.33,7.19,7.2,,810500.0
2001-06-15,7.09,7.31,7.09,7.18,,627000.0
2001-06-18,7.18,7.18,6.95,6.97,,1688000.0
2001-06-19,7.05,7.05,6.92,7.03,,1739100.0
2001-06-20,7.05,7.14,6.87,6.9,,1178400.0
2001-06-21,6.94,6.95,6.35,6.52,,1965100.0
2001-06-22,6.54,6.72,6.41,6.7,,1765400.0
2001-06-25,6.59,6.75,6.59,6.62,,1522700.0
2001-06-26,6.61,6.72,6.52,6.69,,1084500.0
2001-06-27,6.61,6.61,6.42,6.47,,1244700.0
2001-06-28,6.49,6.49,6.16,6.2,,1767000.0
2001-06-29,6.33,6.38,6.21,6.27,,1723200.0
2001-07-02,6.36,6.37,6.08,6.15,,1131900.0
2001-07-03,6.15,6.28,6.14,6.24,,799000.0
2001-07-05,6.24,6.49,6.24,6.36,,752300.0
2001-07-06,6.43,6.52,6.27,6.49,,747900.0
2001-07-09,6.45,6.45,6.22,6.24,,1688300.0
2001-07-10,6.3,6.35,6.13,6.16,,2606800.0
2001-07-11,6.04,6.04,5.75,5.95,,1597000.0
2001-07-12,5.97,6.08,5.77,5.86,,1366600.0
2001-07-13,5.84,6.11,5.8,6.0,,877900.0
2001-07-16,5.91,6.06,5.71,5.76,,889700.0
2001-07-17,5.56,5.72,5.56,5.62,,2162700.0
2001-07-18,5.62,5.63,5.44,5.53,,1325900.0
2001-07-19,5.54,5.64,5.47,5.56,,889000.0
2001-07-20,5.58,5.71,5.57,5.67,,1309300.0
2001-07-23,5.74,5.82,5.65,5.67,,1093000.0
2001-07-24,5.67,5.67,5.44,5.45,,865400.0
2001-07-25,5.55,5.98,5.43,5.98,,1798500.0
2001-07-26,6.0,6.13,5.96,6.09,,1410700.0
2001-07-27,6.18,6.44,5.99,6.42,,1644600.0
2001-07-30,6.32,6.51,6.25,6.25,,1477000.0
2001-07-31,6.44,6.44,6.09,6.24,,1240300.0
2001-08-01,6.3,6.41,6.07,6.11,,1508100.0
2001-08-02,6.13,6.23,6.02,6.21,,1036300.0
2001-08-03,6.18,6.19,6.02,6.07,,533200.0
2001-08-06,6.05,6.15,5.94,5.99,,677100.0
2001-08-07,6.0,6.09,5.93,5.93,,568000.0
2001-08-08,5.96,6.01,5.67,5.68,,721500.0
2001-08-09,5.68,5.76,5.61,5.68,,904000.0
2001-08-10,5.69,5.82,5.66,5.74,,464400.0
2001-08-13,5.65,5.88,5.65,5.78,,1457500.0
2001-08-14,5.91,5.91,5.85,5.91,,872100.0
2001-08-15,5.88,6.39,5.88,6.39,,2140300.0
2001-08-16,6.38,6.38,6.19,6.37,,1756200.0
2001-08-17,6.37,6.37,6.09,6.22,,659100.0
2001-08-20,6.22,6.22,6.02,6.03,,673300.0
2001-08-21,6.09,6.11,5.98,6.02,,431400.0
2001-08-22,6.08,6.3,5.91,5.95,,1221100.0
2001-08-23,5.99,5.99,5.85,5.87,,1492700.0
2001-08-24,5.83,5.86,5.72,5.78,,868500.0
2001-08-27,5.78,5.81,5.68,5.74,,1018400.0
2001-08-28,5.7,5.75,5.67,5.67,,754500.0
2001-08-29,5.73,5.79,5.56,5.68,,1076500.0
2001-08-30,5.73,5.73,5.47,5.58,,1512800.0
2001-08-31,5.58,5.64,5.52,5.58,,942700.0
2001-09-04,5.74,5.75,5.65,5.74,,906700.0
2001-09-05,5.69,5.7,5.52,5.61,,1562700.0
2001-09-06,5.61,5.81,5.57,5.75,,774400.0
2001-09-07,5.7,5.84,5.67,5.77,,768900.0
2001-09-10,5.71,5.84,5.69,5.78,,1044200.0
2001-09-17,5.79,5.86,5.42,5.43,,1242200.0
2001-09-18,5.29,5.41,5.05,5.12,,1568400.0
2001-09-19,5.16,5.16,4.77,4.96,,1819800.0
2001-09-20,5.12,5.12,4.87,4.92,,1234400.0
2001-09-21,5.05,5.05,4.7,5.01,,1187400.0
2001-09-24,5.28,5.28,4.78,4.79,,2252300.0
2001-09-25,4.77,4.82,4.64,4.71,,1291000.0
2001-09-26,4.77,4.77,4.62,4.7,,1299200.0
2001-09-27,4.55,4.89,4.55,4.82,,1517600.0
2001-09-28,4.97,5.19,4.93,5.11,,1161700.0
2001-10-01,5.05,5.08,4.88,4.99,,1412600.0
2001-10-02,4.93,5.12,4.93,5.1,,644300.0
2001-10-03,5.26,5.26,4.94,5.22,,1064400.0
2001-10-04,5.58,5.58,5.26,5.49,,1218000.0
2001-10-05,5.6,5.6,5.42,5.56,,1369200.0
2001-10-08,5.76,5.76,5.49,5.65,,985200.0
2001-10-09,5.74,5.74,5.53,5.68,,885100.0
2001-10-10,5.68,6.0,5.68,6.0,,1254000.0
2001-10-11,6.0,6.12,5.89,6.0,,960800.0
2001-10-12,6.0,6.09,5.84,6.0,,1070700.0
2001-10-15,6.01,6.01,5.7,5.82,,911700.0
2001-10-16,5.83,6.1,5.83,6.03,,905500.0
2001-10-17,6.11,6.22,5.99,6.01,,1648800.0
2001-10-18,5.87,5.91,5.77,5.86,,1061700.0
2001-10-19,5.74,6.05,5.67,6.01,,1059700.0
2001-10-22,5.92,6.1,5.9,6.08,,1032400.0
2001-10-23,6.04,6.32,5.95,6.06,,1902900.0
2001-10-24,6.24,6.24,5.96,6.17,,6872300.0
2001-10-25,6.17,6.52,6.15,6.52,,3613000.0
2001-10-26,6.38,6.81,6.38,6.66,,3747800.0
2001-10-29,6.96,6.96,6.7,6.7,,3442800.0
2001-10-30,6.56,6.56,6.18,6.29,,3000100.0
2001-10-31,6.26,6.44,6.02,6.25,,1499200.0
2001-11-01,6.2,6.38,6.12,6.36,,1037400.0
2001-11-02,6.32,6.34,6.08,6.11,,1451400.0
2001-11-05,6.03,6.12,5.96,5.98,,819100.0
2001-11-06,5.89,6.03,5.82,6.02,,980500.0
2001-11-07,6.29,6.29,5.92,6.24,,1711000.0
2001-11-08,6.27,6.36,6.23,6.24,,1242400.0
2001-11-09,6.4,6.72,6.38,6.47,,1173100.0
2001-11-12,6.43,6.45,6.22,6.38,,1164900.0
2001-11-13,6.38,6.41,6.24,6.38,,570900.0
2001-11-14,6.19,6.2,6.0,6.01,,1598300.0
2001-11-15,5.83,5.83,5.39,5.62,,2530200.0
2001-11-16,5.62,5.83,5.53,5.79,,1146500.0
2001-11-19,5.75,5.83,5.57,5.79,,1076400.0
2001-11-20,5.9,6.15,5.9,6.09,,1528100.0
2001-11-21,6.19,6.19,5.97,6.07,,1661300.0
2001-11-23,6.24,6.24,5.97,6.21,,564500.0
2001-11-26,6.12,6.14,5.99,6.12,,1710400.0
2001-11-27,6.03,6.26,6.01,6.11,,1162500.0
2001-11-28,6.3,6.3,5.89,6.08,,4267500.0
2001-11-29,6.12,6.23,6.07,6.22,,1568000.0
2001-11-30,6.22,6.23,5.97,6.18,,3192900.0
2001-12-03,6.4,6.4,5.9,6.37,,1757100.0
2001-12-04,6.36,6.59,6.32,6.58,,2028000.0
2001-12-05,6.89,7.01,6.79,6.91,,3276800.0
2001-12-06,6.91,6.91,6.73,6.82,,1373800.0
2001-12-07,6.8,6.8,6.63,6.75,,1494700.0
2001-12-10,6.54,6.67,6.54,6.6,,879400.0
2001-12-11,6.6,6.6,6.34,6.43,,1912700.0
2001-12-12,6.26,6.31,6.12,6.3,,1438000.0
2001-12-13,6.19,6.34,6.08,6.23,,1065000.0
2001-12-14,6.26,6.44,6.18,6.38,,751100.0
2001-12-17,6.46,6.47,6.3,6.33,,910000.0
2001-12-18,6.22,6.5,6.21,6.49,,933200.0
2001-12-19,6.49,6.67,6.46,6.64,,843700.0
2001-12-20,6.59,6.77,6.57,6.58,,1055200.0
2001-12-21,6.66,6.72,6.63,6.63,,966200.0
2001-12-24,6.74,6.77,6.68,6.7,,355000.0
2001-12-26,6.88,6.92,6.81,6.89,,1852300.0
2001-12-27,6.86,6.97,6.81,6.89,,805300.0
2001-12-28,6.89,7.01,6.86,6.94,,712000.0
2001-12-31,6.89,6.99,6.86,6.91,,586300.0
2002-01-02,6.75,6.79,6.55,6.73,,1140400.0
2002-01-03,6.72,6.72,6.56,6.6,,997900.0
2002-01-04,6.7,6.7,6.57,6.68,,1090100.0
2002-01-07,6.65,6.79,6.62,6.74,,1131100.0
2002-01-08,6.65,6.72,6.49,6.67,,1066200.0
2002-01-09,6.62,6.66,6.55,6.63,,1458500.0
2002-01-10,6.63,6.63,6.5,6.56,,1104600.0
2002-01-11,6.4,6.45,6.3,6.3,,975100.0
2002-01-14,6.08,6.2,6.03,6.12,,2476500.0
2002-01-15,6.16,6.26,6.14,6.21,,1350400.0
2002-01-16,6.15,6.18,6.0,6.08,,1860900.0
2002-01-17,6.13,6.13,5.86,5.95,,1380100.0
2002-01-18,5.95,5.97,5.74,5.8,,2821900.0
2002-01-22,6.02,6.02,5.75,5.79,,879600.0
2002-01-23,5.99,5.99,5.78,5.94,,1194500.0
2002-01-24,5.93,6.09,5.91,6.04,,931400.0
2002-01-25,6.05,6.13,6.0,6.06,,1071200.0
2002-01-28,6.17,6.17,5.86,5.87,,1051700.0
2002-01-29,5.87,5.87,5.59,5.65,,1459200.0
2002-01-30,5.52,5.89,5.4,5.82,,2594100.0
2002-01-31,5.91,6.08,5.87,6.01,,1220200.0
2002-02-01,6.07,6.07,5.8,5.89,,1541900.0
2002-02-04,5.86,5.93,5.76,5.84,,1173600.0
2002-02-05,5.86,5.88,5.7,5.81,,781900.0
2002-02-06,5.85,5.95,5.75,5.78,,497100.0
2002-02-07,5.76,5.76,5.62,5.63,,592100.0
2002-02-08,5.61,5.7,5.51,5.7,,1106700.0
2002-02-11,5.68,5.89,5.65,5.85,,699100.0
2002-02-12,5.78,5.82,5.69,5.73,,681600.0
2002-02-13,5.69,5.78,5.62,5.76,,620500.0
2002-02-14,5.7,5.91,5.67,5.84,,874100.0
2002-02-15,5.84,5.84,5.72,5.78,,991600.0
2002-02-19,5.72,5.86,5.67,5.81,,675800.0
2002-02-20,5.84,5.84,5.68,5.74,,875800.0
2002-02-21,5.77,5.95,5.77,5.89,,859500.0
2002-02-22,5.91,6.06,5.89,6.02,,793000.0
2002-02-25,5.98,6.21,5.98,6.17,,998800.0
2002-02-26,6.19,6.19,6.06,6.13,,751700.0
2002-02-27,6.14,6.18,6.08,6.11,,700900.0
2002-02-28,6.13,6.32,6.11,6.23,,1551700.0
2002-03-01,6.28,6.28,6.14,6.22,,701200.0
2002-03-04,6.24,6.37,6.24,6.32,,1274600.0
2002-03-05,6.35,6.39,6.29,6.35,,971700.0
2002-03-06,6.46,6.74,6.39,6.72,,1578700.0
2002-03-07,6.83,7.02,6.8,6.9,,1798000.0
2002-03-08,6.9,6.95,6.83,6.89,,2202300.0
2002-03-11,6.99,7.07,6.91,6.99,,945900.0
2002-03-12,7.0,7.0,6.88,7.0,,1231100.0
2002-03-13,7.03,7.11,7.01,7.05,,1990400.0
2002-03-14,7.05,7.05,6.84,6.96,,889400.0
2002-03-15,6.9,7.02,6.9,6.95,,1152300.0
2002-03-18,7.02,7.06,6.94,7.06,,1056100.0
2002-03-19,7.08,7.23,7.08,7.21,,873900.0
2002-03-20,7.2,7.25,7.08,7.15,,774900.0
2002-03-21,7.31,7.31,7.08,7.28,,712900.0
2002-03-22,7.22,7.26,7.08,7.11,,1053400.0
2002-03-25,7.01,7.2,6.99,7.06,,669500.0
2002-03-26,7.0,7.11,6.91,6.95,,702000.0
2002-03-27,7.24,7.24,6.99,7.2,,702200.0
2002-03-28,7.2,7.26,7.12,7.18,,858000.0
2002-04-01,7.36,7.36,7.23,7.32,,682800.0
2002-04-02,7.41,7.52,7.36,7.49,,1080800.0
2002-04-03,7.41,7.42,7.22,7.27,,833900.0
2002-04-04,7.29,7.41,6.97,7.03,,948900.0
2002-04-05,7.07,7.11,6.85,6.95,,564800.0
2002-04-08,7.06,7.27,7.02,7.12,,410000.0
2002-04-09,7.12,7.12,6.89,6.91,,581200.0
2002-04-10,6.91,7.13,6.89,7.1,,437300.0
2002-04-11,7.05,7.2,6.97,7.08,,721900.0
2002-04-12,6.93,6.98,6.68,6.74,,902400.0
2002-04-15,6.87,6.99,6.87,6.9,,701000.0
2002-04-16,6.93,6.99,6.87,6.88,,760800.0
2002-04-17,6.95,7.15,6.94,7.11,,1051000.0
2002-04-18,7.22,7.27,7.13,7.2,,652900.0
2002-04-19,7.2,7.35,7.12,7.32,,774100.0
2002-04-22,7.3,7.38,7.27,7.32,,883400.0
2002-04-23,7.32,7.5,7.27,7.39,,778900.0
2002-04-24,7.26,7.37,7.25,7.26,,823700.0
2002-04-25,7.29,7.48,7.21,7.4,,839800.0
2002-04-26,7.41,7.48,7.36,7.46,,724400.0
2002-04-29,7.46,7.5,7.32,7.46,,390900.0
2002-04-30,7.5,7.61,7.44,7.54,,770100.0
2002-05-01,7.32,7.54,7.3,7.54,,1059100.0
2002-05-02,7.48,7.65,7.44,7.65,,725300.0
2002-05-03,7.68,7.81,7.65,7.75,,967600.0
2002-05-06,7.65,7.65,7.46,7.48,,1341500.0
2002-05-07,7.49,7.53,7.4,7.51,,715300.0
2002-05-08,7.62,7.71,7.58,7.7,,531700.0
2002-05-09,7.65,7.73,7.56,7.57,,528800.0
2002-05-10,7.6,7.63,7.54,7.57,,447400.0
2002-05-13,7.52,7.73,7.49,7.73,,474300.0
2002-05-14,7.79,7.82,7.72,7.74,,1013800.0
2002-05-15,7.66,7.7,7.52,7.55,,862500.0
2002-05-16,7.55,7.69,7.55,7.67,,630000.0
2002-05-17,7.57,7.59,7.43,7.51,,1018400.0
2002-05-20,7.47,7.59,7.43,7.56,,487300.0
2002-05-21,7.49,7.65,7.48,7.53,,696800.0
2002-05-22,7.53,7.62,7.48,7.62,,778700.0
2002-05-23,7.68,7.68,7.54,7.64,,497100.0
2002-05-24,7.55,7.6,7.44,7.47,,682900.0
2002-05-28,7.47,7.5,7.35,7.41,,441100.0
2002-05-29,7.3,7.43,7.27,7.41,,668700.0
2002-05-30,7.37,7.4,7.15,7.21,,750400.0
2002-05-31,7.27,7.39,7.26,7.26,,745000.0
2002-06-03,7.29,7.29,7.04,7.11,,721000.0
2002-06-04,7.12,7.14,6.97,7.05,,782400.0
2002-06-05,6.96,7.02,6.93,7.01,,695100.0
2002-06-06,7.07,7.19,6.87,6.95,,762600.0
2002-06-07,6.95,7.08,6.91,7.05,,742700.0
2002-06-10,7.03,7.07,6.81,6.81,,649000.0
2002-06-11,6.84,6.9,6.64,6.69,,826100.0
2002-06-12,6.76,6.81,6.68,6.7,,965900.0
2002-06-13,6.73,6.81,6.63,6.74,,1225000.0
2002-06-14,6.71,6.81,6.57,6.79,,1157700.0
2002-06-17,6.91,6.99,6.89,6.95,,456600.0
2002-06-18,6.95,7.01,6.91,6.94,,611900.0
2002-06-19,6.99,7.04,6.86,6.92,,973100.0
2002-06-20,6.95,7.03,6.89,6.91,,1464000.0
2002-06-21,6.95,6.98,6.76,6.87,,930300.0
2002-06-24,6.87,6.97,6.83,6.93,,1068600.0
2002-06-25,6.99,7.05,6.93,6.93,,827700.0
2002-06-26,6.92,6.98,6.84,6.97,,964900.0
2002-06-27,7.01,7.03,6.82,6.94,,884900.0
2002-06-28,6.96,7.03,6.93,7.03,,977700.0
2002-07-01,7.01,7.03,6.85,6.86,,584200.0
2002-07-02,6.86,6.91,6.64,6.67,,578300.0
2002-07-03,6.65,6.78,6.59,6.7,,493500.0
2002-07-05,6.68,6.82,6.68,6.82,,271700.0
2002-07-08,6.76,6.79,6.6,6.63,,570600.0
2002-07-09,6.61,6.7,6.55,6.55,,592100.0
2002-07-10,6.63,6.64,6.35,6.37,,640500.0
2002-07-11,6.3,6.34,6.2,6.28,,889500.0
2002-07-12,6.3,6.4,6.15,6.24,,603900.0
2002-07-15,6.2,6.27,5.99,6.27,,995800.0
2002-07-16,6.19,6.32,6.05,6.23,,901000.0
2002-07-17,6.4,6.47,6.14,6.23,,924800.0
2002-07-18,6.21,6.32,6.18,6.19,,498800.0
2002-07-19,6.16,6.19,6.01,6.02,,1109700.0
2002-07-22,6.02,6.07,5.58,5.61,,1399100.0
2002-07-23,5.59,5.72,5.48,5.49,,1097500.0
2002-07-24,5.35,5.83,5.32,5.82,,1277100.0
2002-07-25,5.79,5.86,5.46,5.63,,2495100.0
2002-07-26,5.6,5.76,5.52,5.75,,733100.0
2002-07-29,5.92,6.08,5.83,6.08,,703900.0
2002-07-30,6.08,6.13,5.9,6.09,,558100.0
2002-07-31,6.07,6.15,5.99,6.08,,565300.0
2002-08-01,6.15,6.15,5.89,5.9,,716600.0
2002-08-02,5.85,6.0,5.78,5.87,,723300.0
2002-08-05,5.86,5.98,5.65,5.66,,580400.0
2002-08-06,5.82,5.95,5.8,5.89,,571100.0
2002-08-07,5.99,6.0,5.8,5.97,,429100.0
2002-08-08,5.99,6.21,5.93,6.2,,401200.0
2002-08-09,6.16,6.38,6.03,6.3,,502700.0
2002-08-12,6.3,6.42,6.16,6.38,,404100.0
2002-08-13,6.25,6.35,6.11,6.12,,850500.0
2002-08-14,6.15,6.21,6.03,6.18,,768700.0
2002-08-15,6.2,6.38,6.2,6.34,,803700.0
2002-08-16,6.32,6.32,6.16,6.22,,872300.0
2002-08-19,6.21,6.29,6.12,6.25,,771300.0
2002-08-20,6.25,6.25,6.07,6.11,,380700.0
2002-08-21,6.11,6.2,6.02,6.16,,380500.0
2002-08-22,6.15,6.34,6.15,6.33,,504300.0
2002-08-23,6.32,6.32,6.21,6.22,,468300.0
2002-08-26,6.22,6.33,6.14,6.3,,305400.0
2002-08-27,6.43,6.46,6.32,6.37,,608900.0
2002-08-28,6.35,6.35,6.19,6.21,,487200.0
2002-08-29,6.15,6.22,6.05,6.08,,594400.0
2002-08-30,6.08,6.26,6.07,6.18,,521200.0
2002-09-03,6.09,6.09,5.89,5.95,,636300.0
2002-09-04,5.99,6.02,5.8,5.98,,400100.0
2002-09-05,5.92,6.07,5.92,6.04,,454300.0
2002-09-06,6.12,6.21,6.07,6.15,,372700.0
2002-09-09,6.11,6.17,6.05,6.13,,488900.0
2002-09-10,6.15,6.28,6.14,6.27,,416000.0
2002-09-11,6.3,6.34,6.3,6.32,,735200.0
2002-09-12,6.3,6.32,6.18,6.22,,841800.0
2002-09-13,6.18,6.29,6.16,6.25,,753900.0
2002-09-16,6.25,6.36,6.19,6.32,,586700.0
2002-09-17,6.21,6.26,6.12,6.17,,879500.0
2002-09-18,6.19,6.27,6.12,6.25,,713600.0
2002-09-19,6.12,6.24,6.07,6.07,,806300.0
2002-09-20,6.07,6.15,6.03,6.03,,538300.0
2002-09-23,6.08,6.18,6.02,6.06,,477100.0
2002-09-24,6.05,6.05,5.87,5.87,,644500.0
2002-09-25,5.94,6.16,5.85,6.13,,1434200.0
2002-09-26,6.15,6.35,6.13,6.31,,505100.0
2002-09-27,6.25,6.45,6.24,6.33,,505700.0
2002-09-30,6.33,6.43,6.19,6.38,,670200.0
2002-10-01,6.22,6.42,6.22,6.4,,569000.0
2002-10-02,6.38,6.68,6.37,6.47,,1502200.0
2002-10-03,6.38,6.48,6.28,6.35,,864200.0
2002-10-04,6.37,6.42,6.14,6.2,,694900.0
2002-10-07,6.2,6.32,6.12,6.14,,531400.0
2002-10-08,6.14,6.18,5.96,6.06,,749400.0
2002-10-09,6.06,6.07,5.88,5.91,,615800.0
2002-10-10,5.91,5.93,5.75,5.91,,1460200.0
2002-10-11,5.97,6.07,5.92,6.03,,632300.0
2002-10-14,6.03,6.38,6.01,6.35,,756700.0
2002-10-15,6.46,6.58,6.46,6.55,,817700.0
2002-10-16,6.55,6.56,6.39,6.45,,483000.0
2002-10-17,6.61,6.67,6.49,6.67,,451000.0
2002-10-18,6.63,6.69,6.53,6.63,,509100.0
2002-10-21,6.57,6.79,6.57,6.71,,692500.0
2002-10-22,6.56,6.61,6.38,6.61,,1234500.0
2002-10-23,6.61,6.92,6.6,6.9,,1234300.0
2002-10-24,6.98,6.98,6.75,6.79,,654300.0
2002-10-25,6.78,6.78,6.35,6.47,,2420100.0
2002-10-28,6.61,6.63,6.36,6.5,,829600.0
2002-10-29,6.43,6.44,6.27,6.35,,756400.0
2002-10-30,6.35,6.7,6.35,6.62,,1031300.0
2002-10-31,6.68,6.79,6.39,6.57,,974000.0
2002-11-01,6.54,6.71,6.54,6.68,,767200.0
2002-11-04,6.73,6.79,6.65,6.73,,1039600.0
2002-11-05,6.75,6.78,6.62,6.69,,549000.0
2002-11-06,6.73,6.77,6.63,6.75,,768800.0
2002-11-07,6.8,6.8,6.64,6.72,,660400.0
2002-11-08,6.7,6.73,6.61,6.66,,470400.0
2002-11-11,6.64,6.74,6.55,6.61,,413700.0
2002-11-12,6.61,6.66,6.52,6.55,,443200.0
2002-11-13,6.53,6.63,6.27,6.36,,1253300.0
2002-11-14,6.4,6.69,6.39,6.69,,1457500.0
2002-11-15,6.49,6.7,6.49,6.67,,839400.0
2002-11-18,6.75,6.76,6.65,6.74,,750100.0
2002-11-19,6.74,6.84,6.68,6.8,,709200.0
2002-11-20,6.84,7.08,6.83,7.08,,1197300.0
2002-11-21,7.09,7.23,7.06,7.17,,1463700.0
2002-11-22,6.95,6.98,6.81,6.81,,3356300.0
2002-11-25,6.9,6.9,6.82,6.86,,1077200.0
2002-11-26,6.86,6.86,6.69,6.69,,774100.0
2002-11-27,6.71,6.84,6.7,6.8,,724300.0
2002-11-29,6.85,6.94,6.85,6.88,,492000.0
2002-12-02,7.01,7.01,6.86,6.94,,1036700.0
2002-12-03,6.95,7.06,6.89,7.0,,1202600.0
2002-12-04,7.0,7.0,6.88,6.9,,581000.0
2002-12-05,7.0,7.0,6.91,6.98,,993900.0
2002-12-06,6.95,7.1,6.94,7.08,,717500.0
2002-12-09,7.08,7.19,6.98,6.99,,964700.0
2002-12-10,7.0,7.15,6.99,7.13,,645900.0
2002-12-11,7.13,7.2,7.03,7.15,,852900.0
2002-12-12,7.15,7.41,7.15,7.37,,1476000.0
2002-12-13,7.39,7.43,7.28,7.31,,925700.0
2002-12-16,7.35,7.44,7.33,7.35,,865600.0
2002-12-17,7.33,7.38,7.22,7.23,,629400.0
2002-12-18,7.21,7.21,7.07,7.08,,721100.0
2002-12-19,7.08,7.13,7.0,7.07,,943800.0
2002-12-20,7.19,7.35,7.17,7.35,,1379500.0
2002-12-23,7.35,7.46,7.27,7.4,,810100.0
2002-12-24,7.42,7.43,7.33,7.33,,220000.0
2002-12-26,7.34,7.38,7.28,7.3,,343900.0
2002-12-27,7.3,7.33,7.11,7.12,,655300.0
2002-12-30,7.16,7.23,7.09,7.11,,657500.0
2002-12-31,7.09,7.12,7.0,7.09,,426000.0
2003-01-02,7.18,7.31,7.15,7.31,,500200.0
2003-01-03,7.32,7.36,7.24,7.26,,748900.0
2003-01-06,7.26,7.34,7.21,7.23,,760100.0
2003-01-07,7.23,7.23,6.84,6.88,,1421900.0
2003-01-08,6.88,6.95,6.82,6.86,,1106500.0
2003-01-09,6.89,6.98,6.87,6.98,,853300.0
2003-01-10,6.98,6.99,6.89,6.91,,641100.0
2003-01-13,6.98,6.99,6.82,6.88,,1051400.0
2003-01-14,6.94,6.97,6.9,6.91,,952000.0
2003-01-15,6.92,7.05,6.91,7.04,,738600.0
2003-01-16,7.06,7.14,7.03,7.04,,1355600.0
2003-01-17,7.04,7.04,6.94,6.98,,689700.0
2003-01-21,6.98,6.98,6.82,6.82,,819900.0
2003-01-22,6.81,6.87,6.66,6.8,,1444900.0
2003-01-23,6.82,6.84,6.71,6.81,,870000.0
2003-01-24,6.81,6.81,6.65,6.65,,1081300.0
2003-01-27,6.58,6.6,6.34,6.4,,1064600.0
2003-01-28,6.42,6.66,6.42,6.59,,1483300.0
2003-01-29,6.42,6.66,6.42,6.59,,1821600.0
2003-01-30,6.84,6.96,6.72,6.74,,769900.0
2003-01-31,6.74,6.95,6.69,6.89,,741200.0
2003-02-03,6.89,6.93,6.82,6.87,,519200.0
2003-02-04,6.88,7.11,6.79,7.09,,1483900.0
2003-02-05,7.11,7.16,7.04,7.06,,1142700.0
2003-02-06,7.05,7.11,6.96,7.02,,689100.0
2003-02-07,7.03,7.08,6.91,6.94,,508300.0
2003-02-10,6.98,7.03,6.93,7.01,,513300.0
2003-02-11,7.05,7.11,6.95,6.98,,431800.0
2003-02-12,6.98,7.0,6.78,6.78,,1062400.0
2003-02-13,6.81,6.84,6.72,6.83,,678000.0
2003-02-14,6.85,6.91,6.8,6.91,,513500.0
2003-02-18,6.92,7.02,6.88,7.01,,518600.0
2003-02-19,7.01,7.07,6.98,7.07,,497600.0
2003-02-20,7.06,7.2,7.05,7.14,,1757100.0
2003-02-21,7.14,7.27,7.14,7.22,,1867400.0
2003-02-24,7.22,7.41,7.21,7.41,,1943000.0
2003-02-25,7.48,7.61,7.39,7.44,,2405400.0
2003-02-26,7.44,7.54,7.39,7.49,,804000.0
2003-02-27,7.55,7.55,7.3,7.38,,1113200.0
2003-02-28,7.41,7.5,7.31,7.34,,733600.0
2003-03-03,7.34,7.37,7.23,7.27,,1916400.0
2003-03-04,7.31,7.37,7.27,7.27,,1109800.0
2003-03-05,7.31,7.39,7.28,7.39,,819700.0
2003-03-06,7.35,7.45,7.34,7.44,,847300.0
2003-03-07,7.41,7.48,7.38,7.47,,703000.0
2003-03-10,7.43,7.61,7.43,7.52,,1848000.0
2003-03-11,7.53,7.57,7.4,7.42,,900200.0
2003-03-12,7.42,7.42,7.19,7.29,,1196500.0
2003-03-13,7.35,7.35,7.14,7.17,,1349400.0
2003-03-14,7.17,7.18,6.97,7.04,,1545200.0
2003-03-17,7.06,7.13,6.98,7.02,,1223300.0
2003-03-18,7.02,7.14,6.81,7.13,,2089300.0
2003-03-19,7.16,7.17,7.04,7.12,,887800.0
2003-03-20,7.12,7.24,7.07,7.2,,839500.0
2003-03-21,7.23,7.23,6.97,6.98,,897800.0
2003-03-24,6.99,7.06,6.86,6.89,,679200.0
2003-03-25,6.9,7.08,6.9,7.0,,914200.0
2003-03-26,6.98,6.98,6.89,6.92,,930900.0
2003-03-27,6.91,7.07,6.88,7.03,,1090300.0
2003-03-28,7.01,7.17,7.01,7.12,,550000.0
2003-03-31,7.11,7.14,7.02,7.03,,847800.0
2003-04-01,7.07,7.16,7.05,7.15,,712900.0
2003-04-02,7.14,7.14,6.99,7.01,,976700.0
2003-04-03,7.1,7.1,6.88,6.9,,1088300.0
2003-04-04,6.91,6.94,6.75,6.77,,2073600.0
2003-04-07,6.77,6.77,6.68,6.69,,1641600.0
2003-04-08,6.67,6.67,6.55,6.56,,1311700.0
2003-04-09,6.57,6.64,6.56,6.58,,976700.0
2003-04-10,6.66,6.85,6.66,6.85,,1463700.0
2003-04-11,6.85,6.88,6.69,6.8,,1129200.0
2003-04-14,6.8,6.84,6.78,6.81,,695600.0
2003-04-15,6.77,6.82,6.74,6.82,,971600.0
2003-04-16,6.86,6.87,6.69,6.71,,666200.0
2003-04-17,6.71,6.9,6.71,6.88,,749300.0
2003-04-21,6.9,6.98,6.85,6.97,,710900.0
2003-04-22,6.95,7.07,6.89,7.04,,667600.0
2003-04-23,7.04,7.09,6.91,6.94,,685700.0
2003-04-24,6.91,6.99,6.8,6.83,,1168700.0
2003-04-25,6.79,6.8,6.73,6.79,,943700.0
2003-04-28,6.8,6.87,6.73,6.78,,534500.0
2003-04-29,6.74,6.76,6.5,6.53,,1210400.0
2003-04-30,6.57,6.68,6.57,6.65,,1457100.0
2003-05-01,6.63,6.69,6.54,6.59,,929200.0
2003-05-02,6.59,6.67,6.59,6.64,,1074100.0
2003-05-05,6.83,6.84,6.64,6.72,,1086600.0
2003-05-06,6.72,6.75,6.62,6.64,,739900.0
2003-05-07,6.64,6.73,6.53,6.63,,1454100.0
2003-05-08,6.63,6.7,6.56,6.63,,851100.0
2003-05-09,6.63,6.76,6.58,6.75,,1745100.0
2003-05-12,6.78,6.95,6.72,6.87,,1240100.0
2003-05-13,6.82,6.98,6.82,6.96,,887100.0
2003-05-14,6.94,7.04,6.93,7.03,,1010200.0
2003-05-15,7.03,7.11,7.03,7.09,,829400.0
2003-05-16,7.09,7.14,7.01,7.14,,890400.0
2003-05-19,7.11,7.18,7.05,7.08,,1085100.0
2003-05-20,7.08,7.09,6.91,6.96,,1057100.0
2003-05-21,6.97,7.36,6.94,7.31,,1836000.0
2003-05-22,7.32,7.4,7.31,7.35,,1082800.0
2003-05-23,7.35,7.51,7.32,7.47,,694700.0
2003-05-27,7.47,7.64,7.44,7.6,,993000.0
2003-05-28,7.64,7.64,7.52,7.55,,1256000.0
2003-05-29,7.54,7.54,7.48,7.5,,1757600.0
2003-05-30,7.53,7.67,7.44,7.67,,2110000.0
2003-06-02,7.68,7.83,7.66,7.74,,1365400.0
2003-06-03,7.67,7.86,7.66,7.85,,1132600.0
2003-06-04,7.87,7.98,7.76,7.82,,1567300.0
2003-06-05,7.82,7.82,7.71,7.82,,1468300.0
2003-06-06,7.84,7.96,7.77,7.77,,1346000.0
2003-06-09,7.77,7.77,7.7,7.7,,907000.0
2003-06-10,7.72,7.79,7.67,7.71,,1016100.0
2003-06-11,7.71,8.08,7.71,8.04,,1296200.0
2003-06-12,8.04,8.11,7.71,7.78,,1453300.0
2003-06-13,7.79,7.79,7.46,7.58,,2512700.0
2003-06-16,7.58,7.58,7.37,7.46,,1294700.0
2003-06-17,7.46,7.52,7.38,7.43,,1395900.0
2003-06-18,7.43,7.5,7.3,7.35,,1406600.0
2003-06-19,7.35,7.6,7.21,7.49,,1283300.0
2003-06-20,7.49,7.54,7.39,7.41,,1082400.0
2003-06-23,7.44,7.51,7.39,7.5,,972800.0
2003-06-24,7.5,7.55,7.44,7.44,,670400.0
2003-06-25,7.47,7.68,7.43,7.64,,1511200.0
2003-06-26,7.63,7.69,7.46,7.47,,1449600.0
2003-06-27,7.4,7.51,7.38,7.45,,825500.0
2003-06-30,7.54,7.54,7.42,7.44,,959900.0
2003-07-01,7.44,7.44,7.28,7.36,,933500.0
2003-07-02,7.36,7.38,7.26,7.29,,1381600.0
2003-07-03,7.28,7.43,7.24,7.33,,604500.0
2003-07-07,7.38,7.38,7.12,7.16,,1160300.0
2003-07-08,7.16,7.21,7.0,7.11,,894700.0
2003-07-09,7.17,7.23,7.12,7.2,,701100.0
2003-07-10,7.17,7.18,6.95,7.0,,1116100.0
2003-07-11,7.04,7.07,6.96,7.03,,608300.0
2003-07-14,7.03,7.05,6.85,6.85,,1156400.0
2003-07-15,6.89,6.91,6.77,6.82,,1084100.0
2003-07-16,6.82,6.88,6.72,6.73,,1058900.0
2003-07-17,6.73,6.94,6.72,6.94,,1272400.0
2003-07-18,6.94,7.12,6.94,7.07,,853100.0
2003-07-21,7.08,7.17,7.01,7.03,,716500.0
2003-07-22,7.03,7.03,6.93,6.97,,831600.0
2003-07-23,6.98,7.05,6.85,6.91,,639300.0
2003-07-24,6.93,7.02,6.81,6.81,,674600.0
2003-07-25,6.79,6.95,6.78,6.95,,863200.0
2003-07-28,6.92,7.02,6.87,6.97,,892300.0
2003-07-29,6.98,6.98,6.8,6.81,,702400.0
2003-07-30,6.96,6.96,6.82,6.88,,1158600.0
2003-07-31,6.9,7.05,6.84,6.91,,1076400.0
2003-08-01,6.91,6.97,6.83,6.92,,691900.0
2003-08-04,6.88,6.89,6.75,6.79,,750500.0
2003-08-05,6.8,6.94,6.77,6.86,,1092200.0
2003-08-06,6.89,6.98,6.79,6.95,,1363900.0
2003-08-07,6.95,7.23,6.95,7.13,,1433700.0
2003-08-08,7.21,7.21,7.01,7.06,,734900.0
2003-08-11,7.19,7.3,7.17,7.26,,1026300.0
2003-08-12,7.26,7.44,7.26,7.44,,1448100.0
2003-08-13,7.44,7.47,7.39,7.39,,1140700.0
2003-08-14,7.37,7.44,7.2,7.32,,1520700.0
2003-08-15,7.3,7.42,7.3,7.38,,291200.0
2003-08-18,7.38,7.47,7.38,7.41,,403800.0
2003-08-19,7.23,7.33,7.22,7.28,,1256500.0
2003-08-20,7.28,7.37,7.25,7.32,,611900.0
2003-08-21,7.34,7.4,7.31,7.4,,1071200.0
2003-08-22,7.43,7.46,7.38,7.44,,920300.0
2003-08-25,7.44,7.46,7.37,7.39,,727100.0
2003-08-26,7.35,7.39,7.26,7.36,,750200.0
2003-08-27,7.37,7.49,7.37,7.39,,867900.0
2003-08-28,7.44,7.56,7.39,7.51,,1187600.0
2003-08-29,7.49,7.56,7.45,7.55,,447500.0
2003-09-02,7.55,7.57,7.48,7.56,,765300.0
2003-09-03,7.6,7.61,7.53,7.57,,592300.0
2003-09-04,7.54,7.64,7.54,7.56,,868300.0
2003-09-05,7.56,7.57,7.42,7.44,,852700.0
2003-09-08,7.43,7.52,7.41,7.52,,808600.0
2003-09-09,7.52,7.52,7.39,7.41,,544300.0
2003-09-10,7.37,7.39,7.3,7.34,,1079100.0
2003-09-11,7.34,7.36,7.21,7.26,,797100.0
2003-09-12,7.29,7.29,7.2,7.27,,534800.0
2003-09-15,7.3,7.3,7.2,7.27,,451800.0
2003-09-16,7.34,7.4,7.28,7.39,,830700.0
2003-09-17,7.39,7.4,7.2,7.28,,1287900.0
2003-09-18,7.3,7.41,7.21,7.39,,1177700.0
2003-09-19,7.39,7.41,7.3,7.37,,1029800.0
2003-09-22,7.38,7.44,7.29,7.42,,890400.0
2003-09-23,7.42,7.45,7.29,7.36,,1095700.0
2003-09-24,7.48,7.54,7.4,7.45,,1158000.0
2003-09-25,7.4,7.45,7.35,7.35,,682100.0
2003-09-26,7.35,7.37,7.18,7.24,,739800.0
2003-09-29,7.23,7.3,7.21,7.29,,558400.0
2003-09-30,7.28,7.48,7.26,7.44,,863300.0
2003-10-01,7.38,7.47,7.37,7.44,,987600.0
2003-10-02,7.48,7.53,7.41,7.53,,755300.0
2003-10-03,7.53,7.63,7.49,7.58,,401800.0
2003-10-06,7.61,7.61,7.53,7.55,,629600.0
2003-10-07,7.55,7.59,7.47,7.57,,605400.0
2003-10-08,7.58,7.61,7.5,7.55,,802800.0
2003-10-09,7.55,7.56,7.42,7.5,,1104600.0
2003-10-10,7.5,7.62,7.5,7.62,,1029700.0
2003-10-13,7.64,7.65,7.57,7.62,,290800.0
2003-10-14,7.62,7.62,7.31,7.55,,1442300.0
2003-10-15,7.53,7.54,7.37,7.39,,1013300.0
2003-10-16,7.39,7.51,7.39,7.49,,563700.0
2003-10-17,7.47,7.48,7.39,7.45,,695100.0
2003-10-20,7.4,7.42,7.34,7.39,,637300.0
2003-10-21,7.39,7.55,7.39,7.5,,972600.0
2003-10-22,7.51,7.56,7.45,7.5,,477900.0
2003-10-23,7.5,7.5,7.37,7.47,,776200.0
2003-10-24,7.48,7.51,7.42,7.48,,571600.0
2003-10-27,7.47,7.49,7.37,7.38,,548700.0
2003-10-28,7.38,7.41,7.29,7.34,,1026200.0
2003-10-29,7.34,7.45,7.33,7.42,,578000.0
2003-10-30,7.44,7.48,7.33,7.35,,877200.0
2003-10-31,7.33,7.57,7.29,7.52,,1006300.0
2003-11-03,7.53,7.59,7.46,7.54,,603600.0
2003-11-04,7.57,7.59,7.4,7.5,,1011300.0
2003-11-05,7.47,7.51,7.41,7.43,,903300.0
2003-11-06,7.44,7.47,7.36,7.43,,746300.0
2003-11-07,7.47,7.48,7.42,7.45,,806200.0
2003-11-10,7.45,7.49,7.4,7.44,,615700.0
2003-11-11,7.47,7.48,7.42,7.46,,420100.0
2003-11-12,7.47,7.61,7.45,7.6,,877500.0
2003-11-13,7.64,7.7,7.56,7.69,,741900.0
2003-11-14,7.67,7.79,7.62,7.67,,827600.0
2003-11-17,7.67,7.67,7.52,7.57,,476300.0
2003-11-18,7.61,7.62,7.54,7.58,,661800.0
2003-11-19,7.64,7.64,7.58,7.59,,561000.0
2003-11-20,7.6,7.65,7.56,7.6,,862500.0
2003-11-21,7.62,7.62,7.48,7.5,,621100.0
2003-11-24,7.48,7.49,7.42,7.44,,1152800.0
2003-11-25,7.46,7.49,7.42,7.47,,1175700.0
2003-11-26,7.48,7.48,7.44,7.47,,931500.0
2003-11-28,7.49,7.51,7.44,7.48,,141500.0
2003-12-01,7.49,7.59,7.48,7.57,,668400.0
2003-12-02,7.59,7.66,7.58,7.64,,1250000.0
2003-12-03,7.63,7.64,7.54,7.55,,917500.0
2003-12-04,7.53,8.03,7.53,7.95,,2103500.0
2003-12-05,7.98,8.03,7.91,7.94,,753100.0
2003-12-08,7.96,8.01,7.9,8.0,,908000.0
2003-12-09,8.0,8.06,8.0,8.03,,913900.0
2003-12-10,8.06,8.08,7.99,7.99,,626900.0
2003-12-11,7.99,8.05,7.95,8.05,,526500.0
2003-12-12,8.09,8.16,8.05,8.15,,473500.0
2003-12-15,8.11,8.11,8.04,8.05,,748400.0
2003-12-16,8.06,8.2,8.06,8.15,,892000.0
2003-12-17,8.13,8.25,8.1,8.24,,762200.0
2003-12-18,8.27,8.48,8.25,8.42,,1817800.0
2003-12-19,8.38,8.41,8.29,8.37,,811700.0
2003-12-22,8.36,8.36,8.23,8.29,,759700.0
2003-12-23,8.28,8.28,8.13,8.22,,684300.0
2003-12-24,8.22,8.4,8.21,8.34,,359900.0
2003-12-26,8.34,8.37,8.31,8.36,,121900.0
2003-12-29,8.36,8.43,8.28,8.4,,658400.0
2003-12-30,8.41,8.45,8.35,8.36,,586100.0
2003-12-31,8.37,8.39,8.19,8.23,,776500.0
2004-01-02,8.21,8.22,8.1,8.17,,627700.0
2004-01-05,8.21,8.31,8.16,8.31,,672100.0
2004-01-06,8.38,8.4,8.23,8.28,,711200.0
2004-01-07,8.27,8.27,8.16,8.17,,999100.0
2004-01-08,8.21,8.23,8.08,8.15,,789200.0
2004-01-09,8.15,8.29,8.1,8.17,,1475100.0
2004-01-12,8.19,8.19,8.06,8.1,,881100.0
2004-01-13,8.1,8.24,8.08,8.12,,1052000.0
2004-01-14,8.2,8.26,8.16,8.25,,737800.0
2004-01-15,8.31,8.39,7.94,8.0,,1684300.0
2004-01-16,8.0,8.11,7.98,8.09,,935100.0
2004-01-20,8.14,8.38,8.14,8.34,,875200.0
2004-01-21,8.33,8.37,8.23,8.26,,918000.0
2004-01-22,8.3,8.35,8.06,8.22,,1333200.0
2004-01-23,8.26,8.47,8.26,8.37,,835900.0
2004-01-26,8.34,8.38,8.21,8.38,,641900.0
2004-01-27,8.4,8.44,8.27,8.32,,842500.0
2004-01-28,8.3,8.31,8.17,8.2,,1151500.0
2004-01-29,8.2,8.2,8.03,8.09,,968900.0
2004-01-30,8.07,8.11,8.0,8.09,,854600.0
2004-02-02,8.07,8.17,7.97,8.05,,733000.0
2004-02-03,8.05,8.18,8.03,8.09,,552900.0
2004-02-04,8.09,8.11,7.89,7.94,,777400.0
2004-02-05,7.88,7.89,7.58,7.66,,1506000.0
2004-02-06,7.73,7.81,7.6,7.72,,1270200.0
2004-02-09,7.7,7.82,7.7,7.71,,1021000.0
2004-02-10,7.75,7.83,7.68,7.81,,1550300.0
2004-02-11,7.77,7.78,7.68,7.72,,1618800.0
2004-02-12,7.73,7.9,7.73,7.88,,1473400.0
2004-02-13,7.87,7.87,7.77,7.81,,798700.0
2004-02-17,7.82,7.88,7.82,7.85,,595600.0
2004-02-18,7.82,7.86,7.75,7.77,,643300.0
2004-02-19,7.77,7.83,7.7,7.71,,544500.0
2004-02-20,7.71,7.73,7.58,7.68,,900800.0
2004-02-23,7.7,7.74,7.64,7.68,,464100.0
2004-02-24,7.68,7.76,7.65,7.75,,804600.0
2004-02-25,7.72,7.83,7.69,7.8,,616700.0
2004-02-26,7.81,7.9,7.78,7.86,,1058800.0
2004-02-27,7.86,7.99,7.84,7.94,,789200.0
2004-03-01,7.99,8.09,7.94,8.08,,1036000.0
2004-03-02,8.04,8.19,8.04,8.11,,1106200.0
2004-03-03,8.05,8.18,7.96,8.14,,1261400.0
2004-03-04,8.12,8.13,7.92,8.0,,977400.0
2004-03-05,8.03,8.18,8.03,8.13,,1498000.0
2004-03-08,8.19,8.26,8.13,8.17,,769600.0
2004-03-09,8.09,8.15,8.01,8.07,,707000.0
2004-03-10,8.13,8.13,7.94,7.95,,729000.0
2004-03-11,7.9,7.94,7.8,7.83,,835200.0
2004-03-12,7.82,7.98,7.81,7.98,,451200.0
2004-03-15,7.99,8.09,7.99,8.05,,650200.0
2004-03-16,8.1,8.1,8.0,8.04,,839000.0
2004-03-17,8.07,8.23,8.05,8.12,,771500.0
2004-03-18,8.12,8.16,8.03,8.11,,1243300.0
2004-03-19,8.09,8.12,7.97,7.99,,781100.0
2004-03-22,7.99,8.08,7.92,8.02,,711800.0
2004-03-23,8.05,8.06,7.93,7.99,,854500.0
2004-03-24,8.02,8.02,7.73,7.74,,686000.0
2004-03-25,7.78,7.82,7.73,7.76,,1045100.0
2004-03-26,7.75,7.92,7.75,7.85,,772200.0
2004-03-29,7.87,7.98,7.87,7.95,,960100.0
2004-03-30,7.96,8.16,7.96,8.08,,1175300.0
2004-03-31,8.11,8.19,8.05,8.19,,822200.0
2004-04-01,8.2,8.26,8.09,8.14,,1317200.0
2004-04-02,8.22,8.25,8.15,8.19,,825800.0
2004-04-05,8.21,8.23,8.14,8.19,,1312500.0
2004-04-06,8.19,8.24,8.16,8.21,,553600.0
2004-04-07,8.2,8.28,8.17,8.21,,945200.0
2004-04-08,8.28,8.41,8.26,8.4,,1050200.0
2004-04-12,8.4,8.65,8.4,8.55,,943400.0
2004-04-13,8.55,8.6,8.45,8.46,,830700.0
2004-04-14,8.42,8.51,8.34,8.5,,1094000.0
2004-04-15,8.58,8.73,8.58,8.67,,912300.0
2004-04-16,8.79,8.81,8.73,8.78,,1240400.0
2004-04-19,8.84,8.95,8.83,8.95,,1560700.0
2004-04-20,8.86,8.94,8.76,8.76,,862600.0
2004-04-21,8.72,8.76,8.61,8.62,,1030900.0
2004-04-22,8.63,8.77,8.59,8.75,,1003300.0
2004-04-23,8.74,8.75,8.62,8.7,,551000.0
2004-04-26,8.74,8.84,8.74,8.79,,681500.0
2004-04-27,8.86,9.08,8.83,9.01,,1157000.0
2004-04-28,9.02,9.04,8.92,8.96,,1049200.0
2004-04-29,8.85,8.9,8.7,8.75,,1284400.0
2004-04-30,8.77,8.9,8.73,8.8,,829300.0
2004-05-03,8.84,9.32,8.78,9.32,,2428900.0
2004-05-04,9.35,9.79,9.35,9.66,,3757400.0
2004-05-05,9.64,9.69,9.53,9.65,,2003600.0
2004-05-06,9.66,9.73,9.51,9.69,,1551000.0
2004-05-07,9.69,9.78,9.62,9.63,,1603300.0
2004-05-10,9.49,9.5,9.21,9.33,,2104500.0
2004-05-11,9.38,9.47,9.32,9.39,,1420500.0
2004-05-12,9.39,9.55,9.32,9.47,,1241400.0
2004-05-13,9.46,9.54,9.4,9.5,,976500.0
2004-05-14,9.56,9.76,9.55,9.68,,1200600.0
2004-05-17,9.68,9.88,9.68,9.77,,1074400.0
2004-05-18,9.77,9.79,9.56,9.62,,1502000.0
2004-05-19,9.63,9.67,9.46,9.46,,1304000.0
2004-05-20,9.47,9.56,9.37,9.38,,1268400.0
2004-05-21,9.49,9.5,9.3,9.42,,1207300.0
2004-05-24,9.45,9.65,9.42,9.62,,782700.0
2004-05-25,9.57,9.76,9.56,9.75,,846800.0
2004-05-26,9.8,9.84,9.66,9.67,,962000.0
2004-05-27,9.66,9.66,9.47,9.5,,980800.0
2004-05-28,9.54,9.7,9.53,9.55,,789200.0
2004-06-01,9.65,9.83,9.64,9.76,,673000.0
2004-06-02,9.83,9.87,9.61,9.62,,1178700.0
2004-06-03,9.62,9.71,9.43,9.46,,1147100.0
2004-06-04,9.44,9.44,9.27,9.32,,1014500.0
2004-06-07,9.33,9.55,9.27,9.55,,1076600.0
2004-06-08,9.54,9.65,9.44,9.48,,679300.0
2004-06-09,9.44,9.46,9.3,9.4,,694700.0
2004-06-10,9.58,9.77,9.58,9.77,,1388400.0
2004-06-14,9.74,9.87,9.64,9.76,,992500.0
2004-06-15,9.86,10.11,9.85,10.1,,1839300.0
2004-06-16,10.19,10.44,10.18,10.36,,1628000.0
2004-06-17,10.39,10.46,10.28,10.42,,1041400.0
2004-06-18,10.37,10.44,10.34,10.4,,916900.0
2004-06-21,10.41,10.44,10.33,10.43,,586700.0
2004-06-22,10.43,10.57,10.4,10.54,,1144500.0
2004-06-23,10.64,10.94,10.6,10.92,,1897600.0
2004-06-24,10.95,11.05,10.83,10.89,,1740800.0
2004-06-25,11.1,11.39,10.74,10.74,,1775200.0
2004-06-28,10.79,10.79,10.48,10.53,,1383300.0
2004-06-29,10.48,10.65,10.48,10.61,,1094300.0
2004-06-30,10.65,10.72,10.59,10.67,,1035800.0
2004-07-01,10.7,10.85,10.68,10.78,,1157900.0
2004-07-02,10.82,10.97,10.78,10.87,,780400.0
2004-07-06,10.97,11.16,10.97,11.02,,1400500.0
2004-07-07,11.02,11.15,10.94,11.14,,974200.0
2004-07-08,11.16,11.23,10.95,11.11,,966400.0
2004-07-09,11.11,11.25,11.07,11.18,,678000.0
2004-07-12,11.18,11.18,11.05,11.14,,1184500.0
2004-07-13,11.14,11.14,10.99,11.03,,1304700.0
2004-07-14,11.03,11.21,11.02,11.19,,866400.0
2004-07-15,11.18,11.31,11.08,11.29,,1059000.0
2004-07-16,11.35,11.38,11.17,11.33,,1406000.0
2004-07-19,11.32,11.36,11.22,11.32,,640600.0
2004-07-20,11.32,11.32,11.19,11.24,,876200.0
2004-07-21,11.25,11.3,10.91,10.94,,1125400.0
2004-07-22,10.95,11.08,10.87,10.99,,1145000.0
2004-07-23,10.92,10.98,10.81,10.88,,647900.0
2004-07-26,10.87,10.95,10.63,10.71,,1068700.0
2004-07-27,10.67,10.99,10.61,10.96,,1031100.0
2004-07-28,10.96,11.2,10.93,11.2,,1503700.0
2004-07-29,11.2,11.3,11.06,11.28,,1209000.0
2004-07-30,11.31,11.42,11.29,11.37,,810500.0
2004-08-02,11.37,11.44,11.13,11.37,,790400.0
2004-08-03,11.41,11.83,11.4,11.61,,2175100.0
2004-08-04,11.61,11.61,10.95,10.99,,2157000.0
2004-08-05,10.99,11.05,10.69,10.78,,1832800.0
2004-08-06,10.78,10.79,10.41,10.45,,1298900.0
2004-08-09,10.47,10.77,10.47,10.59,,1324000.0
2004-08-10,10.65,10.73,10.54,10.65,,1153900.0
2004-08-11,10.6,10.64,10.32,10.38,,1331600.0
2004-08-12,10.42,10.54,10.21,10.21,,1212400.0
2004-08-13,10.24,10.37,10.24,10.29,,1494300.0
2004-08-16,10.28,10.4,10.24,10.29,,946000.0
2004-08-17,9.93,10.03,9.91,9.91,,1988100.0
2004-08-18,9.96,10.09,9.96,10.04,,1204400.0
2004-08-19,10.09,10.21,10.0,10.18,,1221800.0
2004-08-20,10.27,10.41,10.22,10.24,,1209600.0
2004-08-23,10.24,10.31,10.05,10.09,,853000.0
2004-08-24,10.09,10.09,9.91,10.06,,1389900.0
2004-08-25,10.09,10.22,9.98,10.03,,1275100.0
2004-08-26,10.02,10.22,9.88,10.2,,981300.0
2004-08-27,10.2,10.31,10.2,10.28,,626600.0
2004-08-30,10.2,10.34,10.11,10.2,,708300.0
2004-08-31,10.2,10.36,10.18,10.34,,487600.0
2004-09-01,10.36,10.57,10.33,10.53,,1091300.0
2004-09-02,10.57,10.64,10.45,10.54,,776500.0
2004-09-03,10.54,10.57,10.47,10.51,,519300.0
2004-09-07,10.51,10.55,10.34,10.55,,764300.0
2004-09-08,10.63,10.66,10.53,10.54,,1321100.0
2004-09-09,10.56,10.69,10.52,10.68,,1268200.0
2004-09-10,10.68,10.71,10.57,10.67,,699100.0
2004-09-13,10.84,11.0,10.82,10.94,,1681300.0
2004-09-14,11.0,11.34,10.99,11.3,,2159300.0
2004-09-15,11.29,11.39,11.22,11.22,,1260100.0
2004-09-16,11.22,11.33,11.14,11.29,,713300.0
2004-09-17,11.34,11.43,11.34,11.38,,829300.0
2004-09-20,11.41,11.47,11.33,11.36,,844000.0
2004-09-21,11.38,11.74,11.34,11.7,,970600.0
2004-09-22,11.7,11.7,11.52,11.58,,890200.0
2004-09-23,11.54,11.54,11.39,11.4,,1116700.0
2004-09-24,11.52,11.66,11.5,11.6,,1102800.0
2004-09-27,11.65,11.71,11.42,11.54,,710100.0
2004-09-28,11.67,11.83,11.65,11.79,,879600.0
2004-09-29,11.79,11.97,11.57,11.63,,1252700.0
2004-09-30,11.63,11.86,11.63,11.78,,1682600.0
2004-10-01,11.78,12.07,11.71,12.02,,1367000.0
2004-10-04,12.03,12.15,11.95,12.08,,1036200.0
2004-10-05,12.2,12.47,12.2,12.39,,1078300.0
2004-10-06,12.45,12.62,12.45,12.57,,1030300.0
2004-10-07,12.79,12.97,12.43,12.46,,1605000.0
2004-10-08,12.47,12.59,12.33,12.47,,754900.0
2004-10-11,12.47,12.49,12.31,12.39,,624300.0
2004-10-12,12.41,12.5,12.19,12.2,,817200.0
2004-10-13,12.01,12.01,11.62,11.73,,2032400.0
2004-10-14,11.73,12.06,11.73,11.96,,1245200.0
2004-10-15,11.98,12.05,11.85,11.93,,665900.0
2004-10-18,11.95,12.01,11.76,11.8,,819100.0
2004-10-19,11.79,11.9,11.73,11.82,,663500.0
2004-10-20,11.87,12.25,11.87,12.23,,1370800.0
2004-10-21,12.33,12.38,12.14,12.33,,1133800.0
2004-10-22,12.4,12.46,12.29,12.32,,620000.0
2004-10-25,12.34,12.43,12.24,12.34,,854800.0
2004-10-26,12.34,12.51,12.23,12.49,,840800.0
2004-10-27,12.55,12.76,11.91,12.16,,1865000.0
2004-10-28,12.25,12.25,11.65,11.65,,2363000.0
2004-10-29,11.67,11.93,11.63,11.92,,1314100.0
2004-11-01,12.02,12.14,11.66,11.76,,1276400.0
2004-11-02,11.8,11.85,11.49,11.54,,1016100.0
2004-11-03,11.77,11.84,11.6,11.79,,1505700.0
2004-11-04,11.91,12.11,11.84,12.02,,1737900.0
2004-11-05,12.02,12.25,12.02,12.11,,945500.0
2004-11-08,12.07,12.11,11.65,11.68,,1436900.0
2004-11-09,11.87,11.87,11.51,11.69,,1373900.0
2004-11-10,11.73,11.85,11.58,11.85,,1589400.0
2004-11-11,11.85,11.87,11.71,11.74,,1451300.0
2004-11-12,11.74,12.27,11.69,12.25,,1424600.0
2004-11-15,12.25,12.25,11.87,12.09,,1760600.0
2004-11-16,12.11,12.19,11.92,12.0,,1125800.0
2004-11-17,12.12,12.22,12.03,12.18,,1244300.0
2004-11-18,12.2,12.43,12.14,12.41,,1623800.0
2004-11-19,12.45,12.94,12.44,12.78,,2322000.0
2004-11-22,12.89,13.19,12.87,13.17,,1760900.0
2004-11-23,13.17,13.38,13.14,13.26,,991700.0
2004-11-24,13.26,13.55,13.11,13.52,,1325600.0
2004-11-26,13.52,13.7,13.48,13.58,,439800.0
2004-11-29,13.62,13.64,13.35,13.49,,1305700.0
2004-11-30,13.33,13.45,13.26,13.45,,1380400.0
2004-12-01,13.45,13.5,13.03,13.09,,1735100.0
2004-12-02,13.09,13.09,12.43,12.62,,2142100.0
2004-12-03,12.51,12.95,12.51,12.92,,1495800.0
2004-12-06,12.99,13.0,12.74,12.83,,742400.0
2004-12-07,12.76,12.81,12.46,12.51,,1212900.0
2004-12-08,12.46,12.71,12.25,12.65,,1101100.0
2004-12-09,12.68,12.82,12.58,12.77,,927900.0
2004-12-10,13.0,13.0,12.43,12.48,,979500.0
2004-12-13,12.53,12.82,12.52,12.82,,1118700.0
2004-12-14,12.86,12.95,12.76,12.9,,929700.0
2004-12-15,12.94,13.17,12.81,13.12,,1040800.0
2004-12-16,13.09,13.09,12.83,12.87,,899700.0
2004-12-17,12.9,13.12,12.89,13.11,,1063800.0
2004-12-20,13.1,13.21,13.07,13.16,,710900.0
2004-12-21,13.16,13.29,13.14,13.23,,667700.0
2004-12-22,13.24,13.27,12.81,12.9,,1535300.0
2004-12-23,12.9,13.07,12.88,12.97,,836900.0
2004-12-27,12.97,12.97,12.59,12.61,,734800.0
2004-12-28,12.63,12.78,12.63,12.77,,791200.0
2004-12-29,12.81,12.85,12.68,12.76,,1032900.0
2004-12-30,12.73,12.81,12.64,12.7,,725100.0
2004-12-31,12.73,12.83,12.7,12.78,,611400.0
2005-01-03,12.78,12.78,11.85,11.92,,3006100.0
2005-01-04,11.95,12.07,11.7,11.73,,2920800.0
2005-01-05,11.73,11.8,11.48,11.63,,1963800.0
2005-01-06,11.63,12.0,11.5,11.8,,2178700.0
2005-01-07,11.81,11.81,11.57,11.73,,1011100.0
2005-01-10,11.86,12.08,11.84,11.91,,1131400.0
2005-01-11,11.97,12.05,11.83,11.99,,1127900.0
2005-01-12,12.02,12.19,11.85,12.15,,1590800.0
2005-01-13,12.22,12.42,12.15,12.29,,1269700.0
2005-01-14,12.29,12.57,12.24,12.54,,991100.0
2005-01-18,12.69,12.91,12.69,12.84,,1837300.0
2005-01-19,12.84,12.95,12.7,12.71,,853400.0
2005-01-20,12.64,12.84,12.48,12.75,,1401800.0
2005-01-21,12.99,12.99,12.8,12.84,,1285300.0
2005-01-24,12.93,13.01,12.92,12.93,,1277800.0
2005-01-25,12.98,13.07,12.81,12.89,,978700.0
2005-01-26,12.97,13.1,12.87,13.08,,1191700.0
2005-01-27,13.08,13.34,13.03,13.19,,954000.0
2005-01-28,13.19,13.28,13.1,13.27,,1471000.0
2005-01-31,13.27,13.41,13.13,13.31,,1681200.0
2005-02-01,13.4,13.64,13.4,13.62,,1414800.0
2005-02-02,13.62,13.74,13.57,13.74,,1213000.0
2005-02-03,14.07,14.11,13.61,13.85,,2246900.0
2005-02-04,13.87,13.94,13.65,13.74,,1581100.0
2005-02-07,13.74,13.8,13.59,13.8,,1457000.0
2005-02-08,13.79,14.01,13.66,13.93,,1282100.0
2005-02-09,13.9,14.19,13.74,14.03,,1473100.0
2005-02-10,14.15,14.38,14.11,14.34,,1174400.0
2005-02-11,14.34,14.63,14.25,14.57,,1586800.0
2005-02-14,14.57,14.74,14.57,14.73,,1804700.0
2005-02-15,14.73,14.86,14.6,14.73,,1169800.0
2005-02-16,14.74,15.29,14.74,15.24,,2000800.0
2005-02-17,15.32,15.35,14.93,14.98,,2164200.0
2005-02-18,15.03,15.44,15.02,15.34,,2007300.0
2005-02-22,15.46,15.83,15.46,15.52,,2391400.0
2005-02-23,15.47,15.62,15.45,15.5,,1770200.0
2005-02-24,15.58,15.83,15.5,15.83,,1612500.0
2005-02-25,15.84,16.45,15.84,16.4,,1909400.0
2005-02-28,16.44,16.73,15.99,16.33,,2687300.0
2005-03-01,16.21,16.28,15.68,15.77,,2163800.0
2005-03-02,15.76,16.21,15.7,16.13,,1193150.0
2005-03-03,16.38,16.71,16.26,16.45,,2825800.0
2005-03-04,16.45,16.97,16.33,16.78,,1900600.0
2005-03-07,16.67,16.73,16.29,16.56,,1816900.0
2005-03-08,16.49,16.91,16.49,16.87,,2019000.0
2005-03-09,16.99,17.36,16.68,16.71,,4417500.0
2005-03-10,16.49,16.5,15.8,16.08,,3903600.0
2005-03-11,16.08,16.42,16.03,16.27,,2219800.0
2005-03-14,16.33,16.44,15.94,16.41,,1880800.0
2005-03-15,16.37,16.62,16.08,16.09,,1713500.0
2005-03-16,16.09,16.52,15.84,16.24,,2620900.0
2005-03-17,16.31,16.7,16.31,16.61,,3481800.0
2005-03-18,17.21,17.36,17.03,17.28,,4581100.0
2005-03-21,17.28,17.29,16.84,17.09,,1960900.0
2005-03-22,17.09,17.28,16.67,16.71,,1900300.0
2005-03-23,16.59,16.59,15.94,16.14,,3178600.0
2005-03-24,16.19,16.68,16.1,16.31,,2079700.0
2005-03-28,16.31,16.51,16.11,16.23,,1607100.0
2005-03-29,16.23,16.57,16.03,16.04,,2268700.0
2005-03-30,16.1,16.63,15.81,16.62,,3612400.0
2005-03-31,17.12,17.51,17.08,17.47,,3109300.0
2005-04-01,17.66,18.04,17.6,18.02,,3058400.0
2005-04-04,18.17,18.82,17.7,17.95,,4072000.0
2005-04-05,17.95,18.27,17.73,17.92,,3024800.0
2005-04-06,17.89,18.07,17.54,17.94,,3491500.0
2005-04-07,18.25,18.27,17.37,17.61,,2652800.0
2005-04-08,17.53,17.57,16.91,16.95,,3059900.0
2005-04-11,16.95,17.43,16.8,17.41,,1951600.0
2005-04-12,17.41,17.49,16.91,16.99,,2040800.0
2005-04-13,16.99,17.01,16.36,16.44,,2435600.0
2005-04-14,16.61,16.99,16.32,16.4,,3128400.0
2005-04-15,16.54,16.56,15.61,15.65,,3534500.0
2005-04-18,15.68,16.08,15.36,16.07,,2472500.0
2005-04-19,16.26,16.82,16.23,16.72,,2684500.0
2005-04-20,16.73,16.95,16.31,16.35,,1761700.0
2005-04-21,16.42,16.9,16.36,16.85,,1593800.0
2005-04-22,16.92,17.19,16.73,16.99,,1748800.0
2005-04-25,17.72,17.72,17.21,17.34,,1771200.0
2005-04-26,17.34,17.37,17.06,17.13,,1911400.0
2005-04-27,17.51,17.51,16.52,17.15,,4023800.0
2005-04-28,17.0,17.21,16.79,16.97,,3044100.0
2005-04-29,17.26,17.37,16.85,17.06,,2487700.0
2005-05-02,16.85,17.74,16.72,17.73,,2679700.0
2005-05-03,17.53,17.62,17.3,17.41,,2650100.0
2005-05-04,17.5,17.58,17.03,17.51,,4044700.0
2005-05-05,17.73,17.98,17.61,17.92,,2799800.0
2005-05-06,18.03,18.09,17.73,17.84,,2608600.0
2005-05-09,17.95,18.01,17.79,17.93,,2140500.0
2005-05-10,17.87,17.99,17.52,17.59,,1528500.0
2005-05-11,17.4,17.69,17.33,17.56,,2481800.0
2005-05-12,17.44,17.46,16.15,16.32,,5094000.0
2005-05-13,16.45,16.45,15.21,16.14,,4393500.0
2005-05-16,16.05,16.11,15.61,16.09,,2434700.0
2005-05-17,15.99,16.56,15.99,16.55,,1826000.0
2005-05-18,16.64,16.94,16.44,16.66,,2260300.0
2005-05-19,16.72,16.96,16.63,16.94,,1956200.0
2005-05-20,17.06,17.22,16.89,17.17,,2881500.0
2005-05-23,17.57,17.75,17.39,17.67,,2110700.0
2005-05-24,17.68,17.9,17.53,17.88,,1431200.0
2005-05-25,17.87,18.12,17.69,17.94,,1831300.0
2005-05-26,17.94,18.16,17.86,18.14,,1463900.0
2005-05-27,18.2,18.3,18.02,18.26,,1029100.0
2005-05-31,17.83,18.01,17.73,17.9,,2262500.0
2005-06-01,17.63,18.64,17.63,18.51,,1942300.0
2005-06-02,18.59,18.66,18.28,18.51,,1856200.0
2005-06-03,18.61,18.76,18.35,18.54,,1054900.0
2005-06-06,18.73,18.82,18.52,18.7,,1027900.0
2005-06-07,18.75,18.84,18.21,18.27,,1826700.0
2005-06-08,18.27,19.07,18.26,18.82,,2915800.0
2005-06-09,18.91,19.43,18.85,19.43,,2143700.0
2005-06-10,19.47,19.53,19.26,19.44,,1390700.0
2005-06-13,19.36,19.66,19.24,19.64,,1306800.0
2005-06-14,19.64,19.9,19.53,19.88,,1584800.0
2005-06-15,20.1,20.2,19.89,19.95,,1669400.0
2005-06-16,20.11,20.22,19.96,20.11,,1347600.0
2005-06-17,20.2,20.26,19.8,20.15,,2908200.0
2005-06-20,20.51,20.72,20.33,20.57,,2219600.0
2005-06-21,20.45,20.61,20.2,20.27,,2449600.0
2005-06-22,20.45,20.69,20.3,20.4,,3548200.0
2005-06-23,20.45,20.78,20.27,20.35,,2206900.0
2005-06-24,20.42,20.58,19.95,20.06,,2408500.0
2005-06-27,20.1,20.56,20.1,20.36,,2535600.0
2005-06-28,20.34,20.35,19.96,20.1,,2061500.0
2005-06-29,20.06,20.33,20.02,20.26,,1791100.0
2005-06-30,20.08,20.79,20.06,20.38,,2348500.0
2005-07-01,20.7,21.07,20.64,20.98,,2018900.0
2005-07-05,21.17,21.55,21.1,21.51,,2246700.0
2005-07-06,21.56,21.78,21.12,21.18,,1785100.0
2005-07-07,21.06,21.66,20.92,21.66,,2250200.0
2005-07-08,21.75,22.03,21.32,21.7,,2172700.0
2005-07-11,21.46,21.78,21.35,21.68,,1783000.0
2005-07-12,21.8,22.16,21.71,22.01,,2203700.0
2005-07-13,22.17,22.17,21.62,21.82,,1289100.0
2005-07-14,21.94,22.05,21.11,21.23,,2299400.0
2005-07-15,21.26,21.51,20.88,21.07,,2398500.0
2005-07-18,21.04,21.04,20.65,20.87,,1495700.0
2005-07-19,20.53,21.6,20.53,21.6,,1355100.0
2005-07-20,21.72,21.9,21.27,21.79,,1660600.0
2005-07-21,21.78,21.95,21.34,21.63,,1770600.0
2005-07-22,21.81,22.81,21.63,22.81,,2128900.0
2005-07-25,22.71,23.32,22.52,23.09,,2257100.0
2005-07-26,23.33,23.48,22.98,23.47,,2157200.0
2005-07-27,23.45,23.66,22.86,22.91,,3124500.0
2005-07-28,22.34,22.88,21.19,21.85,,5201400.0
2005-07-29,21.92,22.05,21.8,21.94,,1905100.0
2005-08-01,22.64,22.64,21.96,21.98,,1570100.0
2005-08-02,22.14,22.51,21.98,22.5,,1944300.0
2005-08-03,22.52,22.61,22.11,22.26,,1353200.0
2005-08-04,22.32,22.75,22.2,22.4,,1860200.0
2005-08-05,22.57,22.61,21.97,22.24,,1362200.0
2005-08-08,22.43,22.74,22.23,22.3,,1786100.0
2005-08-09,22.35,22.48,22.03,22.17,,1313200.0
2005-08-10,22.51,22.88,22.35,22.68,,2228600.0
2005-08-11,22.68,23.02,22.67,23.02,,1670800.0
2005-08-12,23.0,23.14,22.79,22.87,,1468500.0
2005-08-15,23.2,23.2,22.5,22.61,,1341200.0
2005-08-16,22.44,22.69,21.94,21.97,,1714900.0
2005-08-17,21.97,22.41,21.25,21.45,,2829300.0
2005-08-18,21.36,21.77,21.1,21.56,,2186500.0
2005-08-19,21.87,22.03,21.85,21.93,,1433000.0
2005-08-22,22.08,22.26,21.83,22.05,,1356100.0
2005-08-23,22.21,22.28,21.49,21.9,,1838800.0
2005-08-24,21.9,22.4,21.8,22.15,,1564600.0
2005-08-25,21.91,22.26,21.91,22.14,,1597400.0
2005-08-26,22.1,22.26,21.63,21.71,,1522600.0
2005-08-29,22.53,22.63,21.82,22.17,,2872900.0
2005-08-30,22.35,22.78,22.35,22.69,,2941000.0
2005-08-31,23.02,23.42,22.64,22.92,,5911800.0
2005-09-01,23.38,23.91,23.1,23.87,,3635100.0
2005-09-02,23.73,23.81,23.28,23.43,,2920300.0
2005-09-06,23.8,23.82,23.33,23.76,,1612600.0
2005-09-07,23.88,24.17,23.57,23.84,,2150100.0
2005-09-08,23.95,24.47,23.86,24.23,,2062600.0
2005-09-09,24.48,25.42,24.38,25.32,,2819800.0
2005-09-12,25.31,25.33,24.79,25.13,,3710700.0
2005-09-13,25.13,25.49,24.53,24.58,,4668200.0
2005-09-14,24.78,25.12,24.51,24.85,,2729200.0
2005-09-15,25.03,25.19,24.65,25.17,,2442100.0
2005-09-16,25.22,25.52,24.96,25.37,,2294800.0
2005-09-19,26.25,26.77,26.04,26.1,,3041500.0
2005-09-20,26.07,26.2,25.49,25.75,,2342200.0
2005-09-21,26.19,26.66,25.98,26.59,,2745600.0
2005-09-22,26.77,27.23,25.62,26.53,,3007100.0
2005-09-23,26.24,26.46,25.86,26.01,,2055500.0
2005-09-26,25.68,26.86,25.67,26.76,,2080000.0
2005-09-27,26.73,26.93,26.36,26.88,,1701700.0
2005-09-28,26.97,27.33,26.39,27.27,,2968600.0
2005-09-29,27.4,27.65,27.09,27.22,,3628100.0
2005-09-30,27.2,27.29,26.82,26.89,,2416200.0
2005-10-03,27.31,28.14,27.28,28.04,,4046600.0
2005-10-04,28.0,28.0,26.84,26.92,,2925900.0
2005-10-05,27.15,27.21,25.58,25.65,,3308200.0
2005-10-06,24.42,24.92,23.68,24.2,,5709500.0
2005-10-07,24.6,24.84,24.2,24.8,,3102700.0
2005-10-10,25.23,25.24,24.0,24.34,,2486800.0
2005-10-11,24.7,25.42,24.7,25.26,,2381000.0
2005-10-12,25.26,25.35,24.32,24.52,,2895600.0
2005-10-13,24.25,24.25,22.85,23.68,,3692000.0
2005-10-14,23.68,24.2,22.99,24.05,,3387900.0
2005-10-17,24.61,24.97,24.47,24.72,,2427400.0
2005-10-18,24.47,24.67,23.11,23.15,,3071100.0
2005-10-19,23.15,23.86,22.34,23.83,,3906700.0
2005-10-20,23.53,23.65,21.54,21.94,,5484400.0
2005-10-21,21.85,22.66,21.69,22.01,,3959500.0
2005-10-24,21.72,23.19,21.7,23.04,,2538500.0
2005-10-25,23.33,24.28,23.07,24.08,,3516300.0
2005-10-26,24.07,25.0,23.59,23.73,,2971100.0
2005-10-27,24.16,24.19,22.91,22.96,,2710500.0
2005-10-28,22.98,24.0,22.36,23.72,,3715700.0
2005-10-31,24.27,24.78,23.82,24.35,,3248000.0
2005-11-01,24.07,24.58,23.87,24.41,,2533100.0
2005-11-02,24.52,25.51,24.52,25.33,,3187500.0
2005-11-03,25.42,26.07,25.23,25.81,,2708500.0
2005-11-04,25.72,25.74,24.49,24.6,,2688400.0
2005-11-07,24.04,24.35,23.59,23.88,,3503700.0
2005-11-08,23.77,24.28,23.39,23.84,,2455200.0
2005-11-09,23.89,24.48,23.18,23.64,,3079400.0
2005-11-10,23.37,23.38,22.32,22.73,,3780500.0
2005-11-11,22.41,23.28,22.41,23.05,,2179300.0
2005-11-14,23.35,23.69,22.68,22.82,,4013900.0
2005-11-15,22.7,24.39,22.67,23.76,,4131900.0
2005-11-16,23.89,25.11,23.88,25.05,,4076200.0
2005-11-17,25.33,25.45,24.68,25.0,,3327900.0
2005-11-18,25.11,25.19,24.41,24.74,,2570800.0
2005-11-21,24.9,25.98,24.9,25.92,,2852700.0
2005-11-22,26.23,26.48,25.96,26.17,,2335200.0
2005-11-23,25.69,26.14,25.34,25.66,,2480200.0
2005-11-25,25.76,26.2,25.72,26.19,,714000.0
2005-11-28,25.58,25.62,24.58,24.75,,2723500.0
2005-11-29,25.2,25.67,25.01,25.52,,3289800.0
2005-11-30,25.87,26.08,25.52,25.78,,2803700.0
2005-12-01,26.05,26.89,25.98,26.83,,3510700.0
2005-12-02,26.89,27.12,26.37,27.02,,2482200.0
2005-12-05,27.7,27.9,27.03,27.22,,2530500.0
2005-12-06,26.91,27.3,26.71,27.26,,3212600.0
2005-12-07,27.4,28.16,27.06,27.43,,2677900.0
2005-12-08,27.51,28.28,27.42,28.26,,3065000.0
2005-12-09,27.96,28.06,27.3,27.55,,2535500.0
2005-12-12,28.35,28.73,28.02,28.31,,2569700.0
2005-12-13,28.74,29.46,28.42,28.44,,3976400.0
2005-12-14,28.49,29.07,28.31,29.05,,3092000.0
2005-12-15,29.05,29.46,28.6,29.01,,3137400.0
2005-12-16,29.06,29.06,27.81,27.9,,2797300.0
2005-12-19,28.02,28.24,27.42,27.67,,1959700.0
2005-12-20,27.65,28.0,27.51,27.87,,1760000.0
2005-12-21,28.04,28.16,27.39,27.62,,2122800.0
2005-12-22,27.78,27.92,27.25,27.32,,2678400.0
2005-12-23,26.82,27.31,26.42,27.3,,1957500.0
2005-12-27,27.01,27.02,25.79,26.1,,2905500.0
2005-12-28,26.33,26.89,26.17,26.68,,1842300.0
2005-12-29,26.65,27.08,26.29,26.36,,1673900.0
2005-12-30,25.87,26.62,25.86,26.36,,1631300.0
2006-01-03,27.09,28.4,26.59,28.37,,4413500.0
2006-01-04,27.94,28.45,27.85,28.4,,3103300.0
2006-01-05,28.26,28.26,27.13,27.34,,3440400.0
2006-01-06,27.76,28.36,27.76,27.95,,2818100.0
2006-01-09,27.96,28.17,27.36,28.08,,2640200.0
2006-01-10,28.11,28.71,27.96,28.02,,2569400.0
2006-01-11,27.99,28.31,27.58,28.16,,2758300.0
2006-01-12,28.37,29.2,28.07,28.15,,3363200.0
2006-01-13,28.04,28.93,28.0,28.83,,2852100.0
2006-01-17,29.24,29.67,29.12,29.67,,3118400.0
2006-01-18,29.39,29.48,28.26,29.33,,2755900.0
2006-01-19,28.74,30.25,28.66,30.21,,3577500.0
2006-01-20,30.59,31.03,30.03,30.49,,3869000.0
2006-01-23,30.2,30.48,29.78,30.4,,3068800.0
2006-01-24,30.06,30.54,29.85,29.92,,2763200.0
2006-01-25,29.93,30.16,28.65,29.2,,3867700.0
2006-01-26,28.87,28.94,27.89,28.81,,3729000.0
2006-01-27,29.66,29.66,28.69,28.9,,3146000.0
2006-01-30,29.12,30.26,29.1,29.99,,2690900.0
2006-01-31,29.57,30.52,29.57,30.39,,3162800.0
2006-02-01,30.61,31.24,29.67,29.82,,4307500.0
2006-02-02,29.73,29.73,28.3,29.01,,5002600.0
2006-02-03,28.67,28.82,28.23,28.44,,4158000.0
2006-02-06,28.76,29.28,28.7,28.85,,4726100.0
2006-02-07,28.13,28.24,26.57,26.6,,5790500.0
2006-02-08,26.6,26.67,25.65,26.58,,5150800.0
2006-02-09,26.67,27.07,24.98,25.27,,5582300.0
2006-02-10,25.4,25.5,24.5,24.94,,6316500.0
2006-02-13,24.69,25.02,24.34,24.54,,4364200.0
2006-02-14,23.73,24.85,23.72,24.81,,5912700.0
2006-02-15,25.11,25.47,24.58,24.93,,4931600.0
2006-02-16,25.03,25.97,25.03,25.9,,4174800.0
2006-02-17,26.24,26.41,25.68,25.72,,3515300.0
2006-02-21,26.35,26.78,25.88,26.11,,2956500.0
2006-02-22,25.97,26.02,25.2,25.36,,3263800.0
2006-02-23,25.11,25.81,24.61,25.11,,3951800.0
2006-02-24,25.58,25.7,25.17,25.22,,2804200.0
2006-02-27,25.04,25.15,24.5,24.55,,2950000.0
2006-02-28,24.26,24.32,23.58,24.23,,4455900.0
2006-03-01,24.29,24.71,24.2,24.57,,2436300.0
2006-03-02,24.57,25.36,24.36,24.92,,3854800.0
2006-03-03,24.89,25.54,24.89,25.29,,3574700.0
2006-03-06,24.98,25.13,23.66,23.95,,4733800.0
2006-03-07,23.95,24.01,23.05,23.46,,3726500.0
2006-03-08,23.4,24.25,23.24,24.0,,5616400.0
2006-03-09,24.35,24.52,23.34,23.47,,4014200.0
2006-03-10,23.31,24.02,23.08,23.54,,3084300.0
2006-03-13,24.15,24.43,23.65,24.33,,2494900.0
2006-03-14,24.33,25.04,23.81,24.92,,3545600.0
2006-03-15,24.57,25.34,24.34,25.3,,3224900.0
2006-03-16,25.21,26.29,25.16,26.22,,4267000.0
2006-03-17,26.38,26.39,25.94,26.08,,3045900.0
2006-03-20,25.52,26.02,24.58,24.62,,4242200.0
2006-03-21,24.35,25.2,24.26,24.61,,3279700.0
2006-03-22,24.62,25.47,24.55,24.96,,2994300.0
2006-03-23,25.14,25.76,25.09,25.35,,3090200.0
2006-03-24,25.45,26.08,25.39,25.86,,2723800.0
2006-03-27,25.58,26.05,25.31,25.85,,3338600.0
2006-03-28,26.06,26.38,25.91,26.08,,2751800.0
2006-03-29,26.06,26.75,26.06,26.51,,3309700.0
2006-03-30,26.55,27.04,26.49,26.61,,2631200.0
2006-03-31,26.25,26.31,25.68,25.88,,2905200.0
2006-04-03,26.39,26.58,25.73,25.85,,2856900.0
2006-04-04,25.5,26.32,25.43,26.28,,2653500.0
2006-04-05,26.3,26.75,26.12,26.75,,2478800.0
2006-04-06,27.07,27.07,26.26,26.81,,3444700.0
2006-04-07,26.45,26.64,25.73,25.91,,2510400.0
2006-04-10,26.24,26.78,26.24,26.54,,2591700.0
2006-04-11,26.71,26.88,26.02,26.22,,2168100.0
2006-04-12,26.32,26.56,25.88,25.94,,2092400.0
2006-04-13,25.35,25.98,24.94,25.89,,2892000.0
2006-04-17,26.26,26.54,25.95,26.51,,1766600.0
2006-04-18,26.76,27.81,26.75,27.77,,3302700.0
2006-04-19,27.52,28.51,27.51,28.28,,2938200.0
2006-04-20,28.01,28.13,27.08,27.58,,2588700.0
2006-04-21,27.64,27.99,27.25,27.84,,2894000.0
2006-04-24,27.54,27.55,26.81,27.05,,2263600.0
2006-04-25,27.15,27.42,26.19,26.38,,2652500.0
2006-04-26,26.36,27.05,25.65,25.78,,2809100.0
2006-04-27,24.64,26.15,24.64,25.34,,3202800.0
2006-04-28,26.8,26.8,25.13,25.27,,2502000.0
2006-05-01,25.63,26.2,25.45,25.84,,2888200.0
2006-05-02,26.34,26.48,26.04,26.23,,2911700.0
2006-05-03,26.24,26.28,25.6,25.86,,3051500.0
2006-05-04,25.54,26.09,25.23,25.71,,2624400.0
2006-05-05,26.77,27.54,26.62,27.45,,4422200.0
2006-05-08,26.66,26.9,26.3,26.82,,2626700.0
2006-05-09,26.89,27.05,26.68,26.86,,2086900.0
2006-05-10,26.66,27.27,26.59,27.24,,2664100.0
2006-05-11,27.52,27.81,26.31,26.39,,2911000.0
2006-05-12,26.07,26.19,24.68,24.8,,4454600.0
2006-05-15,24.01,24.59,23.29,23.77,,4697000.0
2006-05-16,24.09,24.21,23.63,23.92,,3492200.0
2006-05-17,23.69,24.02,22.7,22.94,,3576100.0
2006-05-18,22.94,23.38,22.22,22.33,,4319900.0
2006-05-19,22.39,22.95,22.11,22.56,,4845800.0
2006-05-22,22.2,22.75,21.62,22.63,,5285900.0
2006-05-23,22.99,23.58,22.24,22.36,,4174400.0
2006-05-24,21.95,22.63,21.44,22.05,,4561600.0
2006-05-25,21.81,22.78,21.81,22.49,,3732000.0
2006-05-26,22.76,23.14,22.53,22.89,,3271300.0
2006-05-30,23.08,23.46,22.59,22.63,,2693900.0
2006-05-31,22.87,23.63,22.43,23.62,,4187500.0
2006-06-01,23.21,24.03,22.95,23.73,,4011500.0
2006-06-02,24.06,24.06,23.28,23.71,,2902400.0
2006-06-05,23.92,24.0,22.54,22.64,,3374600.0
2006-06-06,22.69,23.37,22.6,23.06,,3844100.0
2006-06-07,22.76,23.04,21.97,22.04,,4187000.0
2006-06-08,21.78,21.96,20.54,21.87,,8303100.0
2006-06-09,21.97,22.27,21.31,21.62,,3476400.0
2006-06-12,21.57,21.8,20.65,20.68,,3746200.0
2006-06-13,20.36,21.26,20.26,20.64,,6371200.0
2006-06-14,20.85,21.83,20.81,21.74,,5533200.0
2006-06-15,21.95,22.7,21.86,22.53,,4542500.0
2006-06-16,22.76,22.95,21.93,22.68,,4092000.0
2006-06-19,22.59,22.59,21.03,21.24,,4736200.0
2006-06-20,21.39,21.81,21.14,21.26,,4070400.0
2006-06-21,21.29,22.25,21.29,21.9,,3337800.0
2006-06-22,21.9,22.1,21.59,21.82,,2917100.0
2006-06-23,23.36,23.66,22.93,23.23,,5474600.0
2006-06-26,23.24,23.68,22.92,23.6,,2580700.0
2006-06-27,23.77,24.05,23.67,23.77,,4051200.0
2006-06-28,23.94,24.04,23.62,23.9,,2889200.0
2006-06-29,24.32,25.0,24.11,24.62,,3685700.0
2006-06-30,24.71,25.18,24.56,24.95,,3678400.0
2006-07-03,25.26,25.61,25.13,25.5,,1457600.0
2006-07-05,25.43,25.84,25.02,25.77,,3756600.0
2006-07-06,25.8,26.07,25.5,25.57,,3671000.0
2006-07-07,25.87,26.04,24.67,24.85,,4902900.0
2006-07-10,24.55,25.27,24.55,25.03,,3462700.0
2006-07-11,25.2,25.52,25.02,25.36,,2595300.0
2006-07-12,25.22,25.65,24.96,25.25,,2969500.0
2006-07-13,25.0,25.62,24.87,25.03,,4380000.0
2006-07-14,25.22,25.31,24.34,25.26,,3271000.0
2006-07-17,24.94,25.07,24.06,24.29,,3630300.0
2006-07-18,24.67,24.69,23.59,24.08,,3273600.0
2006-07-19,24.08,24.64,23.96,24.48,,2934000.0
2006-07-20,24.53,24.76,23.95,23.95,,2338500.0
2006-07-21,24.07,24.09,23.15,23.19,,3735900.0
2006-07-24,23.46,24.36,23.41,24.26,,3291100.0
2006-07-25,24.67,25.38,24.49,24.98,,3138100.0
2006-07-26,24.94,25.99,24.72,25.86,,3885800.0
2006-07-27,25.93,26.15,25.3,25.43,,2951400.0
2006-07-28,25.21,25.95,25.07,25.95,,2604800.0
2006-07-31,26.25,27.21,26.2,26.7,,4379900.0
2006-08-01,25.99,26.52,25.59,25.72,,5170200.0
2006-08-02,25.96,26.4,25.3,25.5,,3650900.0
2006-08-03,24.79,25.36,24.77,24.97,,3266200.0
2006-08-04,25.06,25.28,24.62,25.06,,3173000.0
2006-08-07,25.13,25.52,24.83,25.17,,2825200.0
2006-08-08,25.03,25.43,24.87,24.9,,2909300.0
2006-08-09,25.32,25.82,25.06,25.32,,2726100.0
2006-08-10,25.23,25.3,24.75,25.17,,2864100.0
2006-08-11,25.08,25.1,24.45,24.54,,2230800.0
2006-08-14,24.36,24.37,23.71,23.81,,3177800.0
2006-08-15,24.11,24.11,23.68,23.84,,3330300.0
2006-08-16,23.86,24.21,23.38,23.52,,3963700.0
2006-08-17,23.22,23.62,23.12,23.56,,3140100.0
2006-08-18,23.62,23.98,23.46,23.89,,2759200.0
2006-08-21,23.98,24.28,23.93,23.95,,2105200.0
2006-08-22,23.95,24.27,23.86,24.18,,1815200.0
2006-08-23,24.32,24.39,23.63,23.69,,1970400.0
2006-08-24,23.77,24.33,23.61,24.27,,2426400.0
2006-08-25,24.77,25.17,24.61,24.89,,3091100.0
2006-08-28,24.31,24.79,24.14,24.42,,2122200.0
2006-08-29,24.23,24.23,23.59,23.63,,4077500.0
2006-08-30,23.63,23.86,23.09,23.47,,2962500.0
2006-08-31,23.28,23.73,23.16,23.34,,3563700.0
2006-09-01,23.35,23.81,23.35,23.74,,1358300.0
2006-09-05,23.52,24.06,23.52,23.99,,1988700.0
2006-09-06,23.51,23.6,22.71,22.74,,3885300.0
2006-09-07,22.57,22.94,22.39,22.69,,3133100.0
2006-09-08,22.69,22.79,21.83,21.93,,2956700.0
2006-09-11,21.6,21.88,21.05,21.52,,4353000.0
2006-09-12,21.56,21.86,21.26,21.54,,2973500.0
2006-09-13,21.5,22.21,21.5,21.89,,4078000.0
2006-09-14,21.95,22.16,21.06,21.14,,3755900.0
2006-09-15,21.3,21.61,21.1,21.55,,3945500.0
2006-09-18,21.89,23.0,21.89,22.57,,5745300.0
2006-09-19,22.58,22.76,21.94,22.29,,4080000.0
2006-09-20,22.05,22.39,21.71,21.96,,4933300.0
2006-09-21,22.04,23.02,22.02,22.51,,5406100.0
2006-09-22,22.58,22.65,22.03,22.39,,4265600.0
2006-09-25,22.16,22.84,21.86,22.79,,5526200.0
2006-09-26,22.69,23.23,22.51,23.12,,5032200.0
2006-09-27,23.25,23.57,22.83,23.51,,4762500.0
2006-09-28,23.42,23.68,23.01,23.01,,5341700.0
2006-09-29,23.37,23.66,23.04,23.42,,5040400.0
2006-10-02,23.51,23.71,23.17,23.24,,4462100.0
2006-10-03,22.69,22.72,22.26,22.36,,5901000.0
2006-10-04,22.36,22.73,21.56,22.67,,7183700.0
2006-10-05,23.11,23.28,22.44,22.86,,5097800.0
2006-10-06,22.72,22.93,22.29,22.8,,3580300.0
2006-10-09,22.97,23.28,22.53,22.62,,3236700.0
2006-10-10,22.54,23.28,22.5,22.94,,4003600.0
2006-10-11,22.78,22.94,22.41,22.43,,4429100.0
2006-10-12,22.54,23.05,22.46,22.92,,3958200.0
2006-10-13,23.06,23.66,23.04,23.41,,3673500.0
2006-10-16,23.41,24.34,23.41,24.23,,4182900.0
2006-10-17,24.14,24.17,23.55,23.86,,3461200.0
2006-10-18,23.79,24.11,23.52,23.81,,3819100.0
2006-10-19,23.95,24.3,23.62,24.24,,3545700.0
2006-10-20,24.28,24.3,23.54,23.88,,2935800.0
2006-10-23,23.69,23.95,23.43,23.83,,3115100.0
2006-10-24,23.76,24.9,23.7,24.84,,4287700.0
2006-10-25,24.24,25.52,24.19,25.35,,4044200.0
2006-10-26,25.59,25.61,24.68,24.99,,3111100.0
2006-10-27,24.9,25.25,24.46,24.51,,2351200.0
2006-10-30,24.23,24.55,23.97,24.15,,3609700.0
2006-10-31,24.11,24.27,23.45,23.98,,4396900.0
2006-11-01,23.88,24.06,23.46,23.79,,3498400.0
2006-11-02,23.54,23.92,23.28,23.7,,3365700.0
2006-11-03,24.04,24.56,23.95,24.19,,2668300.0
2006-11-06,23.96,24.41,23.77,24.11,,2735900.0
2006-11-07,24.24,24.25,23.77,23.88,,2841900.0
2006-11-08,24.07,24.49,23.76,24.38,,2648100.0
2006-11-09,24.67,25.22,24.44,24.94,,4968600.0
2006-11-10,24.65,24.68,24.06,24.31,,2464700.0
2006-11-13,23.83,24.49,23.83,24.13,,2347100.0
2006-11-14,24.37,24.45,24.14,24.39,,2454700.0
2006-11-15,24.39,24.88,24.23,24.68,,3395900.0
2006-11-16,24.86,25.02,23.69,23.76,,3128800.0
2006-11-17,23.68,24.69,23.61,24.62,,3523600.0
2006-11-20,24.45,24.69,24.16,24.59,,2893500.0
2006-11-21,24.65,25.13,24.5,25.07,,4287100.0
2006-11-22,25.07,25.16,24.62,25.07,,3249400.0
2006-11-24,25.12,25.47,25.04,25.04,,1022800.0
2006-11-27,25.2,25.28,24.83,24.84,,2553900.0
2006-11-28,24.93,25.74,24.93,25.58,,3856000.0
2006-11-29,25.73,26.05,25.07,25.97,,6277000.0
2006-11-30,25.66,25.73,25.11,25.42,,5512600.0
2006-12-01,25.2,25.49,24.82,25.46,,2913000.0
2006-12-04,25.23,25.27,24.68,24.93,,2632000.0
2006-12-05,25.07,25.2,24.74,24.99,,3061500.0
2006-12-06,24.83,25.43,24.83,24.99,,2357200.0
2006-12-07,24.99,25.11,24.7,24.85,,1940800.0
2006-12-08,25.03,25.1,24.65,24.75,,2113800.0
2006-12-11,24.69,24.9,24.34,24.65,,2183200.0
2006-12-12,24.64,24.93,24.41,24.61,,2187700.0
2006-12-13,24.84,24.98,24.52,24.74,,1941700.0
2006-12-14,24.87,25.29,24.72,25.16,,3151800.0
2006-12-15,25.16,25.21,24.49,24.73,,2779900.0
2006-12-18,24.47,24.47,23.47,23.6,,3090400.0
2006-12-19,23.18,24.19,22.81,23.94,,2480300.0
2006-12-20,24.0,24.0,23.39,23.43,,2489000.0
2006-12-21,23.56,23.67,23.17,23.43,,2387600.0
2006-12-22,23.43,23.46,23.14,23.18,,1513900.0
2006-12-26,22.74,23.38,22.68,22.76,,1700000.0
2006-12-27,22.76,23.03,22.46,22.95,,2598200.0
2006-12-28,23.07,23.2,22.82,22.95,,1879700.0
2006-12-29,22.8,22.92,22.3,22.51,,2976900.0
2007-01-03,22.17,22.88,21.34,21.86,,5502900.0
2007-01-04,22.24,22.3,21.54,21.88,,5653100.0
2007-01-05,22.09,22.71,21.95,22.59,,6521800.0
2007-01-08,23.02,23.07,22.09,22.44,,4029800.0
2007-01-09,21.99,22.31,21.67,22.15,,5410400.0
2007-01-10,22.08,22.21,21.63,21.98,,3597200.0
2007-01-11,22.23,22.37,21.52,21.59,,4585300.0
2007-01-12,21.65,22.53,21.64,22.47,,3736000.0
2007-01-16,22.41,22.76,22.19,22.38,,3028300.0
2007-01-17,22.33,22.66,22.27,22.43,,3052500.0
2007-01-18,22.55,22.62,22.08,22.26,,2498500.0
2007-01-19,22.51,23.4,22.41,23.35,,3390000.0
2007-01-22,23.63,23.97,23.22,23.42,,4248200.0
2007-01-23,23.65,24.57,23.64,24.35,,3632100.0
2007-01-24,24.11,24.32,23.7,24.3,,2654900.0
2007-01-25,24.2,24.2,23.37,23.44,,3344600.0
2007-01-26,23.67,23.91,23.48,23.66,,2132000.0
2007-01-29,23.87,24.35,23.43,23.46,,2671000.0
2007-01-30,23.46,24.7,23.46,24.55,,3724700.0
2007-01-31,24.06,25.16,23.93,24.94,,4132400.0
2007-02-01,25.07,25.24,24.57,25.11,,5003800.0
2007-02-02,25.04,25.09,24.55,24.78,,2790600.0
2007-02-05,24.84,25.16,24.48,24.51,,2940500.0
2007-02-06,24.86,24.87,24.06,24.22,,2790700.0
2007-02-07,24.27,24.43,23.8,24.01,,2256000.0
2007-02-08,24.01,24.1,23.65,24.03,,3004400.0
2007-02-09,24.11,24.39,23.91,24.02,,1751000.0
2007-02-12,23.69,23.87,23.23,23.46,,2386300.0
2007-02-13,23.81,23.87,23.48,23.73,,2986800.0
2007-02-14,23.81,24.05,23.67,23.85,,2152800.0
2007-02-15,23.74,23.85,23.35,23.73,,2901300.0
2007-02-16,23.79,24.36,23.78,24.17,,3251400.0
2007-02-20,23.95,24.03,23.81,23.95,,2441900.0
2007-02-21,24.03,24.39,23.75,24.28,,2088700.0
2007-02-22,24.43,24.82,24.29,24.72,,2793600.0
2007-02-23,24.9,24.95,24.34,24.48,,1875200.0
2007-02-26,24.68,25.16,24.63,25.1,,2741900.0
2007-02-27,24.52,25.19,24.08,24.39,,2950200.0
2007-02-28,24.45,24.64,24.05,24.44,,2704800.0
2007-03-01,23.9,24.51,23.8,24.19,,2716500.0
2007-03-02,24.11,24.25,23.7,23.78,,2126000.0
2007-03-05,23.37,23.76,23.09,23.38,,2831900.0
2007-03-06,23.69,23.88,23.53,23.88,,2679200.0
2007-03-07,23.88,24.64,23.75,24.25,,2729600.0
2007-03-08,24.37,24.52,24.03,24.16,,2074500.0
2007-03-09,24.26,24.44,24.0,24.14,,1303900.0
2007-03-12,23.89,23.98,23.72,23.85,,1956300.0
2007-03-13,23.84,24.54,23.7,23.76,,2821600.0
2007-03-14,23.97,24.32,23.67,24.31,,2538900.0
2007-03-15,24.24,24.39,24.01,24.07,,1480700.0
2007-03-16,24.1,24.19,23.56,23.68,,2785800.0
2007-03-19,23.97,24.14,23.81,24.09,,1597300.0
2007-03-20,24.28,24.54,24.08,24.51,,2140200.0
2007-03-21,24.62,25.25,24.55,25.15,,3501800.0
2007-03-22,25.43,25.93,25.34,25.69,,3425900.0
2007-03-23,25.71,25.85,25.5,25.78,,2107200.0
2007-03-26,25.97,26.19,25.55,26.15,,2676400.0
2007-03-27,26.0,26.2,25.78,25.96,,2759500.0
2007-03-28,26.07,26.37,25.65,25.86,,2511100.0
2007-03-29,26.0,26.12,25.74,25.93,,1782400.0
2007-03-30,25.96,25.96,25.61,25.74,,2909100.0
2007-04-02,25.79,26.26,25.74,26.19,,1729800.0
2007-04-03,25.88,26.36,25.67,26.36,,1830200.0
2007-04-04,26.17,26.86,26.07,26.75,,3136300.0
2007-04-05,26.71,27.02,26.59,26.97,,2474700.0
2007-04-09,27.0,27.37,26.74,26.84,,2107700.0
2007-04-10,26.91,27.44,26.86,27.39,,2266100.0
2007-04-11,27.38,27.49,26.77,27.1,,1856300.0
2007-04-12,27.39,27.87,27.21,27.87,,1907400.0
2007-04-13,27.8,28.03,27.63,27.8,,1883700.0
2007-04-16,27.75,27.97,27.3,27.94,,2135200.0
2007-04-17,27.99,28.07,27.3,27.42,,2921100.0
2007-04-18,27.3,27.3,26.91,26.96,,3167900.0
2007-04-19,26.87,26.87,26.38,26.54,,2473900.0
2007-04-20,26.58,26.86,26.36,26.72,,3073500.0
2007-04-23,26.32,26.92,26.3,26.8,,1554800.0
2007-04-24,26.86,26.99,26.7,26.87,,1744400.0
2007-04-25,27.0,27.5,26.95,27.23,,2151700.0
2007-04-26,27.05,27.09,26.64,26.91,,2291300.0
2007-04-27,26.78,27.08,26.66,26.82,,1810600.0
2007-04-30,26.77,27.17,26.53,26.53,,2179200.0
2007-05-01,26.7,27.93,26.66,27.37,,5513900.0
2007-05-02,27.42,28.03,27.34,27.96,,2335400.0
2007-05-03,27.91,28.22,27.67,28.18,,2934000.0
2007-05-04,28.22,28.41,27.69,27.78,,1909000.0
2007-05-07,27.67,27.98,27.62,27.86,,1564100.0
2007-05-08,27.67,27.75,27.07,27.72,,2658900.0
2007-05-09,27.7,27.77,27.19,27.43,,2434200.0
2007-05-10,27.35,27.59,26.84,26.92,,1935000.0
2007-05-11,27.28,27.45,26.95,27.42,,1952300.0
2007-05-14,27.47,28.05,27.47,27.85,,2372300.0
2007-05-15,27.74,27.91,27.29,27.38,,2079700.0
2007-05-16,27.47,27.56,26.96,27.32,,2502100.0
2007-05-17,27.38,27.93,27.02,27.7,,2523700.0
2007-05-18,27.29,28.39,27.29,28.34,,2371400.0
2007-05-21,28.44,28.61,28.11,28.36,,2548300.0
2007-05-22,28.36,28.55,27.95,28.0,,1659600.0
2007-05-23,27.96,28.59,27.91,28.0,,1969600.0
2007-05-24,28.53,28.57,27.25,27.39,,2146000.0
2007-05-25,27.84,27.88,27.36,27.67,,2134900.0
2007-05-29,27.59,27.7,27.07,27.39,,1884600.0
2007-05-30,27.23,28.12,27.23,28.07,,2133700.0
2007-05-31,28.29,28.35,27.72,27.78,,2138000.0
2007-06-01,28.11,28.26,27.79,27.86,,2448800.0
2007-06-04,27.67,28.57,27.64,28.5,,1851400.0
2007-06-05,28.24,28.42,28.03,28.15,,1897800.0
2007-06-06,28.12,28.6,27.45,27.61,,2098800.0
2007-06-07,27.48,28.01,26.97,27.05,,2483100.0
2007-06-08,26.78,27.23,26.51,27.21,,2022300.0
2007-06-11,27.2,27.58,27.02,27.33,,1431300.0
2007-06-12,27.33,27.89,27.11,27.38,,2239500.0
2007-06-13,27.49,28.06,27.47,27.97,,2001700.0
2007-06-14,28.03,28.99,28.0,28.9,,3004500.0
2007-06-15,29.0,29.15,28.65,29.07,,2393000.0
2007-06-18,29.4,29.43,28.93,28.99,,1695900.0
2007-06-19,28.88,28.95,28.63,28.7,,1792900.0
2007-06-20,28.79,29.04,27.67,27.73,,2500200.0
2007-06-21,28.11,28.53,27.83,28.5,,2217300.0
2007-06-22,28.21,28.39,27.23,27.67,,3499400.0
2007-06-25,27.16,27.27,26.61,26.88,,5007800.0
2007-06-26,26.22,27.5,26.08,26.24,,3551200.0
2007-06-27,25.85,26.7,25.76,26.68,,3352200.0
2007-06-28,26.77,27.03,25.95,26.17,,3550500.0
2007-06-29,26.08,26.98,26.08,26.39,,4538400.0
2007-07-02,26.52,26.77,26.22,26.77,,2822300.0
2007-07-03,26.32,27.16,26.16,26.97,,1436800.0
2007-07-05,26.97,27.2,26.66,26.97,,2466900.0
2007-07-06,27.27,27.43,27.0,27.07,,2595200.0
2007-07-09,26.92,27.27,26.75,26.93,,2209000.0
2007-07-10,26.75,27.25,26.66,26.79,,2721700.0
2007-07-11,26.42,26.93,26.42,26.88,,2597900.0
2007-07-12,27.08,27.18,26.6,26.94,,2039400.0
2007-07-13,26.79,27.3,26.6,27.09,,1827900.0
2007-07-16,26.99,27.07,26.08,26.42,,2435200.0
2007-07-17,26.67,26.89,26.23,26.29,,2225200.0
2007-07-18,26.12,27.24,26.11,27.17,,3624500.0
2007-07-19,27.32,27.64,27.1,27.56,,2451600.0
2007-07-20,27.65,27.82,27.02,27.13,,2991100.0
2007-07-23,26.62,26.62,25.82,26.07,,4815800.0
2007-07-24,25.73,25.83,25.28,25.41,,3405200.0
2007-07-25,25.28,25.84,24.95,25.76,,2874000.0
2007-07-26,25.62,25.72,24.7,25.3,,3963700.0
2007-07-27,25.3,25.7,24.74,24.99,,3282900.0
2007-07-30,25.22,25.92,25.17,25.71,,3418300.0
2007-07-31,26.13,26.24,25.27,25.35,,2964900.0
2007-08-01,25.54,26.2,25.05,25.89,,3716500.0
2007-08-02,26.2,26.87,25.73,26.45,,4275800.0
2007-08-03,25.96,26.59,25.4,25.48,,4236900.0
2007-08-06,25.44,25.58,24.49,25.5,,3551800.0
2007-08-07,25.58,26.19,25.08,26.03,,4687300.0
2007-08-08,26.4,27.28,26.18,26.49,,4032100.0
2007-08-09,26.04,27.42,25.71,26.45,,3903700.0
2007-08-10,25.67,26.21,25.11,26.03,,4115500.0
2007-08-13,26.2,26.4,25.84,25.85,,2808300.0
2007-08-14,25.75,26.09,25.39,25.44,,2120000.0
2007-08-15,25.69,25.99,24.72,24.84,,2888600.0
2007-08-16,24.41,25.13,23.72,24.95,,4831200.0
2007-08-17,25.37,26.06,25.09,25.88,,3393000.0
2007-08-20,25.26,25.62,24.77,25.23,,3061000.0
2007-08-21,25.01,25.21,24.41,24.62,,2831700.0
2007-08-22,24.88,24.94,23.95,24.12,,3887200.0
2007-08-23,24.37,24.51,23.84,24.25,,2421900.0
2007-08-24,24.45,24.66,24.2,24.55,,1666400.0
2007-08-27,24.45,24.45,24.03,24.17,,1626800.0
2007-08-28,24.0,24.11,23.61,23.76,,2123000.0
2007-08-29,23.96,24.22,23.7,24.13,,1635200.0
2007-08-30,24.13,24.58,23.9,24.13,,2156800.0
2007-08-31,24.38,24.75,24.32,24.36,,1769100.0
2007-09-04,24.36,25.26,24.18,25.0,,2145800.0
2007-09-05,25.0,25.37,24.95,25.09,,2427000.0
2007-09-06,25.19,25.89,25.19,25.57,,3387400.0
2007-09-07,25.34,25.41,24.97,25.28,,2642900.0
2007-09-10,25.24,25.51,24.74,25.43,,2790900.0
2007-09-11,25.46,25.87,25.02,25.78,,2583400.0
2007-09-12,25.89,26.56,25.82,26.22,,3754800.0
2007-09-13,26.2,26.31,25.84,25.94,,2093200.0
2007-09-14,25.68,26.27,25.68,26.16,,1727100.0
2007-09-17,26.24,26.33,25.88,25.98,,1459900.0
2007-09-18,26.04,26.73,25.6,26.71,,2608100.0
2007-09-19,27.01,27.12,26.68,26.84,,2304600.0
2007-09-20,26.71,26.89,26.46,26.7,,1706200.0
2007-09-21,26.98,27.21,26.7,26.94,,1711700.0
2007-09-24,26.9,27.07,26.5,26.67,,1664700.0
2007-09-25,26.38,26.49,25.9,26.35,,1717400.0
2007-09-26,26.56,26.74,25.93,26.17,,2803800.0
2007-09-27,26.4,26.45,25.91,26.17,,2333900.0
2007-09-28,26.33,26.43,26.0,26.16,,1572700.0
2007-10-01,26.18,26.55,26.11,26.5,,1680800.0
2007-10-02,26.32,27.32,26.3,27.01,,2146500.0
2007-10-03,26.88,27.09,26.65,26.93,,1856800.0
2007-10-04,26.98,27.84,26.79,27.68,,2796400.0
2007-10-05,27.63,28.17,27.57,27.99,,2950900.0
2007-10-08,27.68,27.95,27.5,27.67,,1238300.0
2007-10-09,27.88,28.51,27.73,28.3,,2192900.0
2007-10-10,28.14,28.93,28.07,28.77,,2158700.0
2007-10-11,28.9,29.87,28.86,29.25,,4065700.0
2007-10-12,29.08,29.6,29.01,29.42,,1694300.0
2007-10-15,29.74,30.15,29.36,29.56,,2250900.0
2007-10-16,29.56,29.79,29.42,29.57,,2029400.0
2007-10-17,29.69,29.88,29.29,29.51,,2474700.0
2007-10-18,29.49,29.95,29.43,29.75,,2755200.0
2007-10-19,29.64,29.7,28.84,28.89,,3997600.0
2007-10-22,28.2,28.41,27.69,28.38,,3380900.0
2007-10-23,28.69,28.88,27.83,28.03,,3749800.0
2007-10-24,27.99,28.62,27.65,28.44,,2711500.0
2007-10-25,28.55,29.35,28.55,29.24,,2402000.0
2007-10-26,29.78,30.02,29.24,29.65,,1723900.0
2007-10-29,29.86,29.95,29.61,29.87,,2363600.0
2007-10-30,30.44,31.25,30.38,31.12,,7672100.0
2007-10-31,31.45,32.48,31.24,32.07,,4966500.0
2007-11-01,31.67,32.04,31.13,31.35,,3908600.0
2007-11-02,31.67,31.84,31.16,31.67,,2467200.0
2007-11-05,31.14,31.68,30.34,31.5,,2012400.0
2007-11-06,32.0,32.85,31.71,32.03,,3064900.0
2007-11-07,31.89,32.26,31.39,31.39,,2571300.0
2007-11-08,31.5,32.42,31.18,31.9,,3112100.0
2007-11-09,31.54,31.97,31.26,31.64,,3148000.0
2007-11-12,31.04,31.19,29.96,30.51,,3473800.0
2007-11-13,30.71,31.07,29.97,31.01,,3061400.0
2007-11-14,31.68,32.52,31.35,31.59,,2819300.0
2007-11-15,31.52,31.56,30.47,30.81,,2794700.0
2007-11-16,30.91,31.37,30.6,30.87,,3941400.0
2007-11-19,30.78,31.1,30.33,30.4,,2085000.0
2007-11-20,30.58,30.8,30.0,30.31,,3262100.0
2007-11-21,30.08,30.36,29.69,29.85,,2069200.0
2007-11-23,29.96,30.42,29.72,30.28,,1068300.0
2007-11-26,30.46,30.87,30.01,30.01,,1738400.0
2007-11-27,29.41,29.91,29.25,29.87,,2152000.0
2007-11-28,30.03,30.36,29.56,30.3,,2581500.0
2007-11-29,30.28,30.72,29.92,30.12,,2029800.0
2007-11-30,29.84,30.42,29.69,29.97,,2273700.0
2007-12-03,29.78,30.26,29.63,29.98,,1649000.0
2007-12-04,29.91,30.14,29.53,29.96,,2133400.0
2007-12-05,30.33,31.01,30.2,30.86,,2558300.0
2007-12-06,30.85,32.3,30.75,32.15,,2892500.0
2007-12-07,32.28,32.48,31.52,31.92,,2573200.0
2007-12-10,32.06,32.22,31.74,32.12,,1878600.0
2007-12-11,32.22,32.68,31.79,31.85,,3096700.0
2007-12-12,32.56,33.11,32.4,32.9,,2711600.0
2007-12-13,32.51,33.17,32.25,32.74,,2890700.0
2007-12-14,32.56,32.63,31.96,31.98,,2463400.0
2007-12-17,32.02,32.24,31.42,31.61,,1755800.0
2007-12-18,32.15,32.18,31.37,31.62,,2228400.0
2007-12-19,31.85,32.28,31.61,31.97,,1587000.0
2007-12-20,32.22,32.57,31.99,32.47,,1506100.0
2007-12-21,32.73,32.87,32.53,32.74,,2116300.0
2007-12-24,32.48,33.11,32.48,32.95,,579700.0
2007-12-26,32.87,33.04,32.62,32.68,,1801300.0
2007-12-27,32.73,32.87,32.42,32.44,,1207000.0
2007-12-28,32.55,33.02,32.47,32.91,,1467200.0
2007-12-31,32.84,33.06,32.25,32.31,,1001200.0
2008-01-02,32.58,33.31,32.58,33.05,,2402000.0
2008-01-03,33.05,34.16,32.98,33.73,,2544300.0
2008-01-04,33.38,33.38,32.15,32.21,,2842100.0
2008-01-07,32.47,32.77,31.55,32.08,,2422200.0
2008-01-08,32.3,32.86,31.38,31.45,,1998400.0
2008-01-09,31.59,32.41,31.59,32.28,,3024000.0
2008-01-10,31.98,32.41,31.56,32.23,,2652500.0
2008-01-11,31.8,32.41,31.7,32.19,,2873600.0
2008-01-14,32.39,33.87,32.39,33.73,,2867800.0
2008-01-15,33.4,33.68,32.76,32.97,,3291100.0
2008-01-16,32.85,33.28,31.87,32.11,,5207100.0
2008-01-17,32.15,32.86,30.44,30.44,,3512500.0
2008-01-18,30.58,31.3,30.16,30.85,,3849700.0
2008-01-22,29.51,30.84,28.81,30.24,,3750100.0
2008-01-23,29.9,30.06,27.97,29.95,,4119400.0
2008-01-24,30.44,31.22,29.98,31.02,,3176600.0
2008-01-25,31.3,31.68,30.21,30.43,,2853700.0
2008-01-28,30.41,30.95,29.91,30.95,,2033900.0
2008-01-29,31.21,31.25,30.48,30.81,,1865700.0
2008-01-30,30.74,32.24,30.61,31.37,,2860500.0
2008-01-31,30.76,31.93,30.32,31.65,,2508500.0
2008-02-01,31.68,32.41,31.48,32.41,,2750900.0
2008-02-04,32.41,32.99,32.2,32.85,,1910500.0
2008-02-05,31.97,32.63,31.71,31.71,,2817300.0
2008-02-06,32.19,32.51,31.6,31.82,,3080900.0
2008-02-07,31.9,32.98,31.57,32.65,,3543500.0
2008-02-08,34.38,34.54,33.07,34.11,,4255200.0
2008-02-11,33.95,35.71,33.75,35.67,,5434000.0
2008-02-12,35.82,36.42,35.07,35.49,,4001000.0
2008-02-13,36.27,36.51,35.73,36.29,,3657400.0
2008-02-14,35.84,36.41,35.38,35.38,,3538500.0
2008-02-15,35.25,35.8,33.99,34.8,,3378700.0
2008-02-19,35.6,36.58,35.02,35.66,,3996000.0
2008-02-20,35.21,36.59,35.17,36.43,,2684900.0
2008-02-21,36.56,36.56,35.32,35.39,,2800400.0
2008-02-22,35.47,36.08,35.14,36.0,,2072500.0
2008-02-25,36.32,37.93,36.24,37.73,,4876700.0
2008-02-26,37.63,39.47,37.1,39.22,,6598000.0
2008-02-27,38.6,39.19,38.22,38.3,,3267400.0
2008-02-28,40.85,47.07,40.79,45.2,,16421800.0
2008-02-29,44.62,44.89,42.73,43.12,,5443500.0
2008-03-03,44.41,44.74,42.77,44.27,,5239100.0
2008-03-04,43.49,44.38,42.25,43.45,,5052800.0
2008-03-05,43.84,44.08,43.19,43.71,,4613800.0
2008-03-06,43.63,43.75,42.52,42.62,,3633000.0
2008-03-07,42.4,42.92,41.66,42.2,,4084100.0
2008-03-10,42.2,42.2,41.14,41.51,,3537300.0
2008-03-11,42.31,44.29,42.06,44.17,,3968800.0
2008-03-12,44.12,44.28,42.51,43.1,,2886900.0
2008-03-13,42.57,46.44,42.57,46.01,,5330100.0
2008-03-14,45.74,46.01,44.59,45.7,,4163700.0
2008-03-17,44.22,45.0,42.47,43.63,,3926200.0
2008-03-18,44.57,44.75,43.78,44.74,,3473000.0
2008-03-19,44.5,45.35,40.93,40.99,,5097100.0
2008-03-20,39.86,40.99,38.38,40.68,,6132100.0
2008-03-24,40.75,42.0,40.38,41.31,,2980000.0
2008-03-25,41.59,42.67,41.11,42.12,,2543000.0
2008-03-26,42.56,44.05,41.95,43.63,,3355500.0
2008-03-27,43.63,44.53,42.71,42.73,,2448500.0
2008-03-28,43.12,43.79,42.59,43.08,,1898400.0
2008-03-31,43.3,44.19,42.58,43.49,,2231000.0
2008-04-01,43.93,44.11,42.67,43.8,,2289900.0
2008-04-02,43.71,44.82,43.03,43.98,,2358400.0
2008-04-03,43.84,44.79,43.63,44.01,,2353200.0
2008-04-04,44.45,45.41,44.25,44.85,,1928100.0
2008-04-07,45.28,46.59,45.04,45.72,,3033300.0
2008-04-08,45.39,46.91,45.39,46.66,,2425400.0
2008-04-09,46.3,47.11,45.89,46.27,,2761800.0
2008-04-10,46.18,47.28,46.18,47.04,,2661700.0
2008-04-11,46.51,46.82,45.55,45.78,,2401300.0
2008-04-14,45.88,47.02,45.88,46.39,,2406600.0
2008-04-15,47.19,48.8,46.75,47.57,,2367400.0
2008-04-16,47.9,48.24,46.98,48.24,,2305300.0
2008-04-17,48.24,48.94,47.57,47.86,,2410400.0
2008-04-18,48.23,48.79,46.82,48.67,,2104400.0
2008-04-21,48.96,50.25,48.72,49.84,,3243900.0
2008-04-22,50.05,50.96,49.5,49.78,,1956000.0
2008-04-23,49.69,50.05,48.89,49.78,,2251700.0
2008-04-24,49.18,49.42,47.48,47.79,,2341600.0
2008-04-25,48.13,49.45,47.48,49.24,,2705700.0
2008-04-28,49.67,49.74,48.51,48.62,,1932800.0
2008-04-29,47.76,48.13,46.39,46.56,,2829100.0
2008-04-30,46.61,47.5,46.24,47.33,,2648900.0
2008-05-01,46.86,46.92,44.51,46.01,,3481200.0
2008-05-02,46.93,47.15,44.95,46.34,,2975500.0
2008-05-05,46.71,48.46,46.6,48.07,,2132500.0
2008-05-06,47.85,50.11,47.85,50.01,,2608900.0
2008-05-07,50.45,50.54,48.91,48.97,,2857000.0
2008-05-08,48.81,50.85,48.68,50.7,,3324400.0
2008-05-09,51.1,51.1,49.32,50.24,,2571400.0
2008-05-12,50.02,50.02,49.0,49.33,,2826300.0
2008-05-13,49.74,50.45,48.71,50.25,,2794100.0
2008-05-14,50.63,50.73,48.79,48.92,,2546800.0
2008-05-15,49.69,50.2,48.19,49.32,,3458500.0
2008-05-16,50.13,51.46,49.72,51.14,,3548900.0
2008-05-19,51.55,51.55,50.47,50.74,,3376900.0
2008-05-20,50.85,52.33,50.49,52.02,,3343600.0
2008-05-21,52.23,52.59,50.34,50.34,,4721800.0
2008-05-22,50.41,50.97,49.13,49.58,,2786800.0
2008-05-23,50.05,50.42,48.03,48.96,,2781800.0
2008-05-27,48.88,48.92,47.9,48.29,,2057800.0
2008-05-28,47.69,48.8,47.17,48.75,,3303800.0
2008-05-29,47.89,48.45,46.2,46.35,,4063100.0
2008-05-30,46.45,47.27,45.61,46.66,,5070600.0
2008-06-02,46.39,47.27,45.67,46.19,,4255400.0
2008-06-03,45.96,46.74,44.88,45.0,,4608800.0
2008-06-04,44.67,45.92,44.47,45.01,,3681000.0
2008-06-05,45.28,47.62,45.28,47.62,,4638400.0
2008-06-06,48.97,49.78,46.72,46.72,,4270900.0
2008-06-09,47.06,48.5,46.78,47.84,,3097600.0
2008-06-10,47.91,48.05,45.79,46.59,,3396700.0
2008-06-11,47.08,47.32,45.91,46.57,,2877700.0
2008-06-12,47.33,47.51,46.37,46.64,,3802600.0
2008-06-13,46.2,47.5,45.92,47.27,,2737900.0
2008-06-16,47.6,48.19,46.58,46.95,,2766500.0
2008-06-17,47.17,48.11,46.79,47.88,,3051000.0
2008-06-18,47.73,48.38,46.96,48.25,,2636800.0
2008-06-19,48.76,49.0,47.23,47.26,,3587800.0
2008-06-20,47.02,48.34,46.87,47.3,,3613300.0
2008-06-23,47.3,49.17,46.94,49.16,,3433900.0
2008-06-24,48.33,48.96,47.29,47.32,,2823800.0
2008-06-25,47.49,47.5,45.26,46.37,,2571000.0
2008-06-26,46.17,47.09,45.59,45.77,,3901500.0
2008-06-27,46.38,47.49,45.75,47.22,,4309700.0
2008-06-30,48.55,48.6,47.45,47.59,,3201300.0
2008-07-01,47.71,48.26,47.15,47.71,,3104700.0
2008-07-02,47.97,48.56,45.16,45.18,,3484400.0
2008-07-03,45.16,45.7,43.43,43.78,,3461700.0
2008-07-07,43.15,43.71,41.53,41.88,,4462900.0
2008-07-08,41.35,42.76,39.94,42.56,,6196500.0
2008-07-09,42.98,43.39,40.32,40.33,,3734300.0
2008-07-10,40.42,42.32,40.42,42.25,,3225600.0
2008-07-11,42.53,43.3,41.97,43.0,,4319400.0
2008-07-14,42.53,43.73,42.34,43.18,,2899400.0
2008-07-15,42.7,43.56,40.48,40.48,,4295300.0
2008-07-16,40.1,40.46,38.43,39.38,,5419600.0
2008-07-17,39.71,40.46,36.98,37.99,,6131300.0
2008-07-18,38.13,39.69,37.79,38.63,,3407300.0
2008-07-21,39.22,39.98,38.26,39.59,,3333200.0
2008-07-22,39.19,39.67,37.64,38.65,,5093700.0
2008-07-23,38.58,39.1,37.04,37.41,,4709400.0
2008-07-24,37.91,38.5,35.84,36.74,,5746200.0
2008-07-25,37.3,38.49,36.64,37.78,,3833200.0
2008-07-28,37.89,38.85,36.99,36.99,,3294500.0
2008-07-29,36.59,37.1,35.63,36.31,,5198800.0
2008-07-30,35.7,38.25,35.58,38.18,,5057200.0
2008-07-31,39.08,39.08,36.37,36.5,,4458800.0
2008-08-01,36.9,38.01,36.24,36.49,,3810900.0
2008-08-04,36.24,36.39,33.58,33.87,,4242800.0
2008-08-05,34.13,34.5,33.06,34.42,,5404300.0
2008-08-06,34.61,35.68,34.19,35.58,,4190200.0
2008-08-07,35.61,36.23,34.64,34.72,,5052000.0
2008-08-08,33.88,34.52,33.67,34.08,,3505600.0
2008-08-11,34.61,34.87,33.42,34.63,,3232500.0
2008-08-12,34.87,35.98,34.57,34.6,,4273400.0
2008-08-13,34.53,36.32,34.52,36.16,,2922600.0
2008-08-14,36.48,36.48,34.8,35.24,,3511700.0
2008-08-15,34.73,34.98,34.11,34.71,,2879300.0
2008-08-18,34.88,35.4,34.26,34.4,,3076200.0
2008-08-19,34.27,36.4,34.27,36.27,,4166100.0
2008-08-20,37.12,38.49,36.92,38.34,,5278900.0
2008-08-21,39.51,39.51,37.93,38.6,,3397300.0
2008-08-22,38.55,38.55,36.89,37.63,,2586000.0
2008-08-25,37.54,37.86,36.61,37.11,,2470900.0
2008-08-26,38.09,39.53,38.09,39.13,,4704900.0
2008-08-27,39.83,40.5,39.23,39.64,,2829400.0
2008-08-28,40.47,40.47,37.43,38.25,,3636700.0
2008-08-29,38.85,38.85,37.68,37.92,,2843800.0
2008-09-02,35.92,37.12,34.53,34.83,,4533200.0
2008-09-03,34.69,35.29,33.26,34.17,,5135400.0
2008-09-04,34.13,34.8,32.7,33.93,,4869400.0
2008-09-05,34.47,34.99,33.44,34.78,,4895700.0
2008-09-08,35.57,35.58,33.21,33.51,,5540300.0
2008-09-09,32.93,33.25,30.63,30.64,,5807000.0
2008-09-10,30.87,32.64,30.87,31.89,,7852000.0
2008-09-11,31.82,32.45,30.28,32.16,,5677700.0
2008-09-12,31.96,33.19,31.96,32.98,,4001200.0
2008-09-15,30.89,32.4,30.57,30.99,,6284400.0
2008-09-16,30.51,31.68,29.09,31.62,,6177200.0
2008-09-17,31.64,33.3,30.51,32.25,,7818200.0
2008-09-18,33.04,34.44,31.78,33.59,,5718200.0
2008-09-19,35.43,36.86,33.08,35.22,,5514200.0
2008-09-22,35.31,36.46,34.57,34.74,,3579200.0
2008-09-23,34.14,36.26,34.08,34.55,,4847000.0
2008-09-24,35.13,35.49,34.23,34.41,,2909200.0
2008-09-25,34.14,35.5,33.73,35.18,,2895700.0
2008-09-26,34.16,34.79,32.61,34.32,,2935700.0
2008-09-29,33.04,33.04,26.26,30.8,,5377000.0
2008-09-30,31.47,32.95,31.22,32.48,,3525800.0
2008-10-01,31.99,32.97,30.19,32.59,,4001000.0
2008-10-02,32.19,32.19,28.49,28.54,,4899900.0
2008-10-03,28.64,31.32,28.33,29.03,,4464800.0
2008-10-06,27.23,27.76,24.4,27.51,,8219800.0
2008-10-07,27.95,28.49,25.84,25.84,,6175200.0
2008-10-08,24.67,27.09,23.93,26.01,,7395100.0
2008-10-09,26.54,26.78,23.37,23.37,,5256900.0
2008-10-10,22.37,23.49,19.76,21.64,,8925800.0
2008-10-13,22.52,26.14,22.44,26.05,,5705000.0
2008-10-14,26.84,28.41,24.73,25.76,,7466500.0
2008-10-15,24.91,24.91,21.85,22.26,,6742900.0
2008-10-16,22.88,25.55,21.78,25.15,,7774600.0
2008-10-17,24.54,28.04,23.84,25.09,,7360400.0
2008-10-20,26.08,27.69,25.64,27.31,,6352000.0
2008-10-21,26.51,27.45,25.29,26.33,,5091000.0
2008-10-22,25.14,25.28,23.08,24.03,,3734200.0
2008-10-23,24.51,24.99,22.06,24.13,,4999400.0
2008-10-24,22.29,24.57,20.95,23.97,,4587700.0
2008-10-27,23.34,24.99,22.66,22.92,,3788400.0
2008-10-28,23.5,24.78,21.82,24.57,,4405100.0
2008-10-29,25.28,27.83,24.77,26.41,,5938200.0
2008-10-30,26.91,28.25,26.16,28.01,,4312900.0
2008-10-31,27.4,30.07,26.57,29.45,,4167500.0
2008-11-03,28.32,28.99,27.06,27.58,,4059000.0
2008-11-04,28.66,31.11,28.22,30.63,,4959100.0
2008-11-05,29.89,30.91,29.21,29.77,,3942400.0
2008-11-06,28.7,29.34,27.31,28.08,,4321400.0
2008-11-07,28.4,29.96,28.02,29.07,,3500900.0
2008-11-10,29.89,30.92,28.69,29.51,,3528500.0
2008-11-11,28.72,29.53,27.87,28.68,,3999800.0
2008-11-12,28.02,28.63,27.4,27.72,,5513500.0
2008-11-13,27.87,31.25,26.47,30.92,,8310500.0
2008-11-14,30.3,31.23,29.1,29.34,,5558100.0
2008-11-17,29.18,30.73,28.8,29.28,,4347400.0
2008-11-18,29.53,30.6,28.45,30.03,,4200500.0
2008-11-19,30.4,30.63,27.81,28.12,,4982100.0
2008-11-20,27.37,27.72,23.29,23.64,,6776200.0
2008-11-21,24.34,27.43,23.72,27.19,,7164600.0
2008-11-24,28.22,31.36,27.5,30.44,,5430000.0
2008-11-25,30.64,31.09,29.6,30.58,,4970700.0
2008-11-26,29.58,32.34,29.42,32.19,,5259400.0
2008-11-28,31.45,31.83,29.89,30.94,,1767500.0
2008-12-01,29.66,30.13,27.52,27.69,,5259200.0
2008-12-02,28.57,29.23,27.57,29.12,,4599800.0
2008-12-03,28.45,29.82,28.23,29.11,,3788900.0
2008-12-04,28.32,28.57,24.57,25.03,,6420800.0
2008-12-05,24.38,24.86,22.86,24.72,,5897600.0
2008-12-08,25.68,26.55,24.5,25.14,,5679300.0
2008-12-09,24.78,26.7,24.12,25.62,,4435400.0
2008-12-10,26.16,27.63,26.04,26.81,,4990800.0
2008-12-11,27.29,28.53,25.99,26.22,,4146600.0
2008-12-12,25.01,25.38,24.29,24.73,,4222200.0
2008-12-15,25.49,26.07,24.54,25.16,,3990200.0
2008-12-16,25.72,25.96,25.02,25.84,,2829600.0
2008-12-17,25.76,26.45,25.23,25.33,,3685800.0
2008-12-18,25.16,25.42,23.38,23.6,,3897500.0
2008-12-19,23.98,24.29,23.28,23.64,,4551500.0
2008-12-22,23.56,23.62,21.79,22.26,,3008100.0
2008-12-23,22.33,23.5,22.23,23.05,,3215900.0
2008-12-24,22.43,22.93,22.3,22.88,,1249700.0
2008-12-26,22.94,23.5,22.93,23.39,,1207200.0
2008-12-29,23.91,24.2,23.41,24.07,,2069200.0
2008-12-30,23.97,24.01,23.24,23.95,,2470800.0
2008-12-31,23.62,24.66,23.52,24.23,,2282400.0
2009-01-02,24.72,25.8,24.36,25.62,,2556300.0
2009-01-05,25.54,26.5,25.12,25.72,,3855600.0
2009-01-06,26.03,26.34,25.66,25.88,,5415000.0
2009-01-07,25.54,25.72,24.22,24.99,,3396100.0
2009-01-08,25.35,25.59,24.65,25.33,,3002500.0
2009-01-09,25.31,25.71,24.08,24.21,,3468000.0
2009-01-12,23.82,24.04,22.76,23.13,,3461400.0
2009-01-13,23.13,24.65,22.89,24.41,,4653500.0
2009-01-14,23.92,24.18,22.87,23.12,,4391500.0
2009-01-15,23.07,23.58,22.41,23.35,,4993400.0
2009-01-16,23.74,23.88,22.61,23.24,,3807400.0
2009-01-20,22.85,23.66,21.99,22.15,,4223400.0
2009-01-21,22.29,23.92,22.22,23.82,,4008800.0
2009-01-22,22.93,23.84,22.61,23.24,,3380100.0
2009-01-23,22.77,24.66,22.4,24.28,,4124200.0
2009-01-26,24.69,25.51,24.44,24.8,,3639800.0
2009-01-27,24.65,24.75,24.08,24.31,,3369200.0
2009-01-28,24.8,25.59,24.38,25.51,,4140900.0
2009-01-29,24.93,25.47,24.8,25.01,,4392500.0
2009-01-30,25.53,25.8,24.54,24.71,,4201800.0
2009-02-02,24.2,24.78,24.07,24.34,,4908200.0
2009-02-03,24.65,24.91,24.17,24.76,,4437500.0
2009-02-04,25.05,25.55,24.78,25.01,,4801600.0
2009-02-05,24.93,25.58,24.43,25.2,,4910200.0
2009-02-06,24.66,25.28,24.23,24.95,,4244500.0
2009-02-09,25.26,25.95,24.89,25.8,,4016900.0
2009-02-10,25.87,26.15,23.99,24.21,,4048600.0
2009-02-11,24.65,24.69,23.1,23.47,,3908100.0
2009-02-12,23.03,23.58,22.74,23.38,,3480000.0
2009-02-13,23.56,23.82,23.09,23.24,,3457000.0
2009-02-17,22.61,22.61,20.44,20.51,,6328000.0
2009-02-18,20.73,20.81,20.06,20.65,,5905300.0
2009-02-19,20.79,21.12,20.12,20.36,,5295700.0
2009-02-20,19.92,20.5,19.75,20.1,,4878100.0
2009-02-23,20.42,20.55,18.54,18.59,,5298100.0
2009-02-24,18.77,19.48,18.58,19.45,,4085000.0
2009-02-25,19.41,19.53,18.65,18.97,,4410400.0
2009-02-26,19.28,19.53,18.65,18.75,,3281600.0
2009-02-27,18.26,18.83,17.82,18.25,,3852800.0
2009-03-02,17.6,18.12,16.42,16.63,,5585300.0
2009-03-03,16.96,18.12,16.6,17.52,,7805000.0
2009-03-04,18.04,19.25,17.96,18.64,,7585400.0
2009-03-05,18.35,19.27,18.08,18.91,,7868000.0
2009-03-06,19.42,19.82,18.31,18.99,,5866700.0
2009-03-09,18.68,19.15,18.23,18.39,,4321100.0
2009-03-10,18.81,19.69,18.7,19.3,,4535300.0
2009-03-11,19.44,19.95,19.15,19.69,,3850100.0
2009-03-12,19.79,21.55,19.57,21.45,,7035400.0
2009-03-13,21.43,21.68,21.06,21.51,,4493300.0
2009-03-16,21.37,22.96,21.37,22.44,,4556000.0
2009-03-17,22.41,23.01,22.02,23.01,,5393200.0
2009-03-18,22.77,22.9,21.34,22.61,,6247200.0
2009-03-19,23.14,23.87,23.01,23.06,,4415100.0
2009-03-20,23.42,23.7,22.35,22.59,,4246900.0
2009-03-23,23.21,24.31,23.13,24.1,,3593800.0
2009-03-24,23.67,23.88,23.08,23.27,,2328100.0
2009-03-25,23.27,24.03,22.43,23.14,,3885700.0
2009-03-26,23.37,23.77,22.44,22.61,,3800400.0
2009-03-27,22.22,22.27,21.45,21.63,,2974500.0
2009-03-30,21.03,21.33,20.19,20.66,,3034900.0
2009-03-31,20.86,21.3,19.92,19.97,,4105100.0
2009-04-01,19.61,20.94,19.36,20.83,,3737300.0
2009-04-02,21.4,22.39,21.39,22.0,,3663200.0
2009-04-03,22.0,23.46,21.86,23.03,,3401000.0
2009-04-06,22.64,22.64,21.75,22.14,,2523800.0
2009-04-07,21.64,21.8,21.0,21.14,,1984700.0
2009-04-08,20.89,21.69,20.34,21.53,,2932600.0
2009-04-09,22.25,22.63,21.76,22.37,,2643900.0
2009-04-13,22.04,22.89,21.43,22.6,,3291400.0
2009-04-14,22.61,22.88,22.02,22.12,,3583400.0
2009-04-15,21.93,22.5,21.37,21.66,,3238500.0
2009-04-16,22.01,22.04,20.98,21.41,,3555000.0
2009-04-17,21.13,22.18,20.96,21.96,,4272500.0
2009-04-20,21.39,21.46,20.42,20.46,,3439400.0
2009-04-21,20.32,20.85,20.05,20.8,,3467700.0
2009-04-22,20.74,21.13,20.38,20.6,,3281000.0
2009-04-23,20.84,22.08,20.74,21.98,,4853800.0
2009-04-24,22.88,23.45,22.55,23.09,,5089400.0
2009-04-27,22.47,23.03,22.1,22.82,,2789300.0
2009-04-28,22.5,23.4,22.35,23.17,,3662300.0
2009-04-29,23.16,24.47,23.11,24.03,,3749300.0
2009-04-30,24.15,24.36,22.84,23.21,,4043100.0
2009-05-01,23.22,24.36,23.13,24.16,,3761000.0
2009-05-04,24.24,26.38,24.23,26.33,,4686100.0
2009-05-05,26.21,26.4,25.23,25.96,,3821800.0
2009-05-06,26.63,28.39,26.42,28.34,,6926400.0
2009-05-07,28.45,28.92,26.49,26.88,,6880900.0
2009-05-08,27.38,28.36,27.18,28.1,,4349400.0
2009-05-11,27.54,27.6,26.64,26.95,,3687100.0
2009-05-12,27.4,27.41,25.94,26.78,,4347900.0
2009-05-13,26.06,26.53,25.29,25.71,,3407000.0
2009-05-14,25.71,26.29,25.29,26.09,,2449400.0
2009-05-15,25.93,26.25,24.68,24.95,,3637100.0
2009-05-18,25.28,26.31,25.28,25.97,,3382800.0
2009-05-19,26.02,26.73,25.86,26.33,,2710400.0
2009-05-20,26.6,27.35,26.39,26.48,,2721700.0
2009-05-21,26.06,26.06,25.16,25.5,,3322100.0
2009-05-22,25.69,25.86,25.21,25.29,,1798600.0
2009-05-26,24.21,25.4,23.94,25.32,,3653000.0
2009-05-27,25.4,25.72,24.82,24.96,,4217800.0
2009-05-28,25.27,26.89,25.14,26.54,,4531600.0
2009-05-29,26.86,27.01,26.37,26.76,,2977300.0
2009-06-01,27.32,28.32,27.32,28.05,,3273100.0
2009-06-02,27.78,27.98,27.08,27.86,,4215400.0
2009-06-03,27.35,27.35,26.06,26.53,,3770500.0
2009-06-04,26.87,27.14,26.22,26.76,,3527700.0
2009-06-05,27.23,27.36,26.42,26.87,,4139700.0
2009-06-08,26.24,27.09,26.24,26.94,,3372000.0
2009-06-09,27.1,27.61,26.86,27.29,,3293000.0
2009-06-10,27.62,27.67,26.89,27.51,,3650000.0
2009-06-11,27.6,28.7,27.47,28.18,,4104100.0
2009-06-12,27.98,28.43,27.63,28.37,,2963400.0
2009-06-15,27.87,28.3,27.22,27.87,,4299700.0
2009-06-16,28.08,28.15,26.77,27.0,,3459000.0
2009-06-17,27.08,27.25,26.21,26.78,,2819700.0
2009-06-18,26.77,27.09,26.18,26.36,,2625900.0
2009-06-19,26.64,26.64,25.3,25.56,,6669900.0
2009-06-22,25.17,25.17,24.32,24.67,,5320100.0
2009-06-23,24.77,24.77,24.02,24.6,,4709800.0
2009-06-24,24.68,24.96,24.38,24.61,,4312100.0
2009-06-25,24.72,25.23,24.62,25.09,,3666400.0
2009-06-26,24.97,25.29,24.68,24.7,,5767500.0
2009-06-29,24.82,25.14,24.39,24.48,,4238800.0
2009-06-30,24.41,25.04,24.29,24.83,,4561000.0
2009-07-01,25.13,25.5,24.47,24.51,,3635900.0
2009-07-02,24.0,24.05,23.33,23.36,,3546400.0
2009-07-06,22.7,23.0,22.47,22.89,,4360100.0
2009-07-07,22.95,22.95,22.1,22.15,,4601200.0
2009-07-08,22.17,22.78,22.04,22.58,,5213900.0
2009-07-09,22.77,23.03,22.44,22.89,,4101700.0
2009-07-10,22.5,23.01,22.29,22.85,,3187800.0
2009-07-13,22.83,23.34,22.43,23.33,,3009600.0
2009-07-14,23.59,23.79,23.26,23.64,,2864100.0
2009-07-15,23.95,24.47,23.83,24.36,,3960500.0
2009-07-16,24.14,25.54,24.11,25.37,,3616700.0
2009-07-17,25.15,25.8,25.04,25.49,,2899200.0
2009-07-20,25.81,26.55,25.81,26.49,,3176400.0
2009-07-21,26.8,26.88,26.04,26.59,,2190000.0
2009-07-22,26.45,26.56,26.02,26.16,,2514500.0
2009-07-23,26.16,27.11,26.09,27.04,,2867200.0
2009-07-24,26.93,27.39,26.86,27.36,,2140600.0
2009-07-27,27.42,27.46,27.11,27.22,,2534700.0
2009-07-28,26.86,27.17,26.2,26.9,,2209400.0
2009-07-29,26.49,26.49,25.69,25.97,,2213400.0
2009-07-30,26.54,26.99,25.97,26.71,,3043500.0
2009-07-31,26.54,27.46,26.33,27.12,,2505800.0
2009-08-03,27.55,28.46,27.55,28.08,,2800500.0
2009-08-04,27.87,28.4,27.56,28.37,,2518000.0
2009-08-05,28.41,28.62,27.89,28.58,,3067600.0
2009-08-06,28.86,29.17,28.2,28.66,,2850400.0
2009-08-07,28.79,29.18,27.3,27.38,,4479700.0
2009-08-10,27.34,28.2,27.34,27.92,,3226800.0
2009-08-11,27.73,27.83,26.98,27.02,,2013500.0
2009-08-12,26.87,27.5,26.87,27.18,,2076300.0
2009-08-13,27.21,27.75,27.21,27.69,,1771900.0
2009-08-14,27.69,27.77,27.07,27.36,,2332000.0
2009-08-17,26.87,26.87,26.02,26.32,,2054700.0
2009-08-18,26.3,26.67,26.1,26.5,,1651700.0
2009-08-19,26.29,27.32,26.04,27.04,,1840300.0
2009-08-20,27.07,27.4,26.89,26.95,,2277600.0
2009-08-21,27.17,27.97,27.16,27.77,,2180300.0
2009-08-24,28.05,28.18,27.6,27.78,,1365300.0
2009-08-25,27.91,28.16,27.18,27.26,,1906800.0
2009-08-26,27.02,27.21,26.62,27.1,,1802800.0
2009-08-27,26.84,26.98,26.37,26.73,,2617800.0
2009-08-28,27.07,27.26,26.55,26.84,,1632700.0
2009-08-31,26.29,26.42,26.07,26.38,,1845900.0
2009-09-01,26.28,26.69,25.76,25.87,,2524900.0
2009-09-02,25.88,26.01,25.59,25.62,,2385600.0
2009-09-03,25.93,25.93,25.44,25.56,,2277000.0
2009-09-04,25.44,25.88,25.14,25.82,,2316300.0
2009-09-08,26.55,27.28,26.47,26.98,,4753700.0
2009-09-09,27.04,27.48,26.7,27.27,,2515000.0
2009-09-10,27.28,28.21,27.06,28.14,,2922300.0
2009-09-11,28.28,28.69,27.69,27.82,,3452300.0
2009-09-14,27.56,28.29,27.43,28.24,,2098500.0
2009-09-15,28.42,29.37,28.34,29.26,,3480900.0
2009-09-16,29.5,30.51,29.22,30.49,,3184100.0
2009-09-17,30.42,30.88,30.02,30.25,,3364700.0
2009-09-18,30.45,30.5,29.62,29.99,,2239400.0
2009-09-21,29.42,29.85,29.13,29.78,,2044500.0
2009-09-22,30.19,30.93,30.05,30.78,,2841200.0
2009-09-23,30.78,30.92,30.07,30.12,,2512300.0
2009-09-24,30.06,30.14,28.81,29.33,,2953200.0
2009-09-25,29.26,29.67,28.74,28.92,,2195200.0
2009-09-28,29.07,29.39,28.89,29.36,,1318400.0
2009-09-29,29.31,29.99,28.91,29.91,,3209600.0
2009-09-30,30.16,30.91,29.78,30.59,,4770800.0
2009-10-01,30.62,30.62,29.64,29.69,,4637200.0
2009-10-02,29.21,29.78,29.08,29.59,,3773900.0
2009-10-05,29.58,30.41,29.39,30.23,,3215100.0
2009-10-06,30.65,31.02,30.36,30.99,,2817800.0
2009-10-07,30.93,31.14,30.36,31.03,,2684800.0
2009-10-08,31.23,32.94,31.11,32.86,,4554300.0
2009-10-09,32.67,33.33,32.36,32.83,,3722200.0
2009-10-12,33.36,33.59,32.99,33.18,,2542600.0
2009-10-13,33.2,33.2,32.2,32.84,,3621400.0
2009-10-14,33.4,33.63,32.93,33.55,,2749800.0
2009-10-15,33.34,34.25,33.29,34.18,,3123400.0
2009-10-16,34.1,34.24,33.59,34.06,,2289000.0
2009-10-19,33.96,34.69,33.96,34.62,,2357100.0
2009-10-20,34.68,34.86,34.16,34.64,,2736800.0
2009-10-21,34.36,35.17,34.07,34.1,,2875300.0
2009-10-22,33.24,33.62,32.74,33.56,,3218700.0
2009-10-23,33.81,33.88,32.43,32.72,,2336700.0
2009-10-26,32.78,33.6,31.75,31.87,,2955400.0
2009-10-27,32.18,32.51,31.72,31.84,,2170800.0
2009-10-28,31.59,31.85,30.77,30.92,,3054100.0
2009-10-29,31.24,31.62,30.92,31.5,,4139700.0
2009-10-30,31.49,31.49,29.68,29.96,,3436300.0
2009-11-02,29.99,30.57,29.49,30.08,,2771000.0
2009-11-03,29.78,30.61,29.6,30.46,,2360100.0
2009-11-04,31.09,31.98,30.99,31.3,,4306800.0
2009-11-05,31.5,32.3,30.94,32.3,,3270300.0
2009-11-06,33.18,33.86,32.8,33.15,,4625500.0
2009-11-09,33.03,33.97,33.03,33.9,,3035500.0
2009-11-10,33.8,34.0,32.99,33.46,,3049600.0
2009-11-11,33.74,33.93,32.99,33.12,,3000000.0
2009-11-12,33.0,33.23,32.07,32.61,,2944800.0
2009-11-13,32.54,32.99,32.31,32.47,,2987700.0
2009-11-16,33.13,33.35,32.76,33.22,,5069100.0
2009-11-17,33.07,33.08,32.57,33.02,,1781600.0
2009-11-18,33.13,33.13,32.18,32.56,,2188000.0
2009-11-19,32.28,32.28,31.46,31.89,,2503700.0
2009-11-20,31.66,31.82,31.26,31.73,,3218900.0
2009-11-23,32.4,32.83,32.21,32.36,,2682800.0
2009-11-24,32.42,32.55,31.93,32.49,,3146400.0
2009-11-25,32.55,33.05,32.26,32.92,,2136600.0
2009-11-27,31.71,32.22,31.34,32.01,,902500.0
2009-11-30,31.63,32.14,31.37,31.74,,2907000.0
2009-12-01,32.15,32.81,32.08,32.4,,2232500.0
2009-12-02,32.34,32.53,31.76,31.96,,1439500.0
2009-12-03,31.91,32.25,31.62,31.87,,3248900.0
2009-12-04,32.37,33.11,31.44,31.95,,3344100.0
2009-12-07,31.84,32.59,31.57,32.02,,2208300.0
2009-12-08,31.86,31.89,31.17,31.28,,2237500.0
2009-12-09,31.46,31.72,30.82,31.44,,2273300.0
2009-12-10,31.41,32.12,31.41,31.8,,2389000.0
2009-12-11,31.93,32.06,31.5,31.57,,2131200.0
2009-12-14,33.09,33.72,32.99,33.17,,6630800.0
2009-12-15,33.03,33.78,33.03,33.68,,4097400.0
2009-12-16,33.84,34.61,33.76,34.24,,2861300.0
2009-12-17,34.2,34.72,33.55,33.95,,2514800.0
2009-12-18,34.32,34.53,33.85,34.11,,2837400.0
2009-12-21,34.43,34.95,34.43,34.74,,2233700.0
2009-12-22,35.07,35.94,34.86,35.88,,2240100.0
2009-12-23,35.88,36.67,35.84,36.65,,2837500.0
2009-12-24,36.69,37.23,36.52,36.91,,1019600.0
2009-12-28,37.34,37.34,36.52,36.67,,1501600.0
2009-12-29,36.76,36.96,36.11,36.43,,1977400.0
2009-12-30,36.43,36.59,36.12,36.26,,1084900.0
2009-12-31,36.26,36.6,35.7,35.7,,999700.0
2010-01-04,36.45,36.85,36.41,36.83,,2055000.0
2010-01-05,36.33,36.69,35.88,36.38,,2225000.0
2010-01-06,36.27,36.58,35.84,36.5,,1825200.0
2010-01-07,36.29,36.34,35.75,36.16,,2248400.0
2010-01-08,35.86,36.43,35.33,36.34,,2955700.0
2010-01-11,36.54,36.62,35.6,36.01,,1515400.0
2010-01-12,35.14,35.63,34.92,35.01,,2238500.0
2010-01-13,34.98,36.07,34.56,35.92,,2151800.0
2010-01-14,35.89,36.27,35.81,36.01,,1587900.0
2010-01-15,36.01,36.34,35.53,35.6,,2965500.0
2010-01-19,35.4,35.86,35.3,35.77,,2206100.0
2010-01-20,35.21,35.47,35.0,35.4,,2024800.0
2010-01-21,35.49,35.85,35.02,35.49,,3193200.0
2010-01-22,35.38,35.72,34.46,34.56,,2919100.0
2010-01-25,34.86,35.33,34.77,34.9,,1398200.0
2010-01-26,34.53,34.94,33.97,34.23,,1968400.0
2010-01-27,33.89,34.48,33.11,33.95,,3277200.0
2010-01-28,34.18,34.3,32.92,33.63,,2721400.0
2010-01-29,33.72,34.55,32.84,33.23,,3175700.0
2010-02-01,33.54,35.15,33.53,35.11,,2228400.0
2010-02-02,35.22,35.73,34.64,35.66,,1888100.0
2010-02-03,35.34,36.09,35.3,35.72,,2140600.0
2010-02-04,35.19,35.29,34.09,34.14,,2426600.0
2010-02-05,34.14,34.32,33.08,34.12,,2989300.0
2010-02-08,34.01,34.45,33.4,33.65,,2130300.0
2010-02-09,34.19,35.02,33.95,34.74,,2663900.0
2010-02-10,33.3,33.44,31.89,32.43,,7989800.0
2010-02-11,32.31,33.5,32.25,33.46,,3578200.0
2010-02-12,32.88,33.53,32.56,33.43,,2918500.0
2010-02-16,34.05,34.5,33.91,34.11,,2698200.0
2010-02-17,34.21,34.27,33.88,34.12,,2155300.0
2010-02-18,33.96,34.84,33.85,34.67,,2491800.0
2010-02-19,34.5,34.93,34.17,34.78,,1920600.0
2010-02-22,34.99,34.99,33.73,33.85,,1896700.0
2010-02-23,33.59,33.79,32.93,33.04,,2150000.0
2010-02-24,33.59,34.17,33.37,34.06,,2702700.0
2010-02-25,33.32,34.3,33.05,34.26,,1999400.0
2010-02-26,34.37,34.68,33.95,34.56,,1755100.0
2010-03-01,34.72,35.11,34.63,34.78,,2039200.0
2010-03-02,34.97,35.31,34.73,34.85,,1907800.0
2010-03-03,35.08,35.4,34.83,35.21,,2369300.0
2010-03-04,35.21,35.62,34.85,34.98,,2444400.0
2010-03-05,35.26,35.82,35.01,35.79,,2760100.0
2010-03-08,35.7,36.09,35.65,35.78,,2239900.0
2010-03-09,35.47,36.48,35.47,36.03,,2558400.0
2010-03-10,35.97,36.52,35.8,36.32,,2016700.0
2010-03-11,36.24,36.45,35.79,35.93,,2290100.0
2010-03-12,36.32,36.35,35.67,35.86,,1057200.0
2010-03-15,35.76,35.83,35.04,35.6,,1780800.0
2010-03-16,35.83,35.83,35.27,35.45,,1810800.0
2010-03-17,35.56,35.84,35.0,35.21,,2871200.0
2010-03-18,35.3,35.42,33.94,34.28,,3170100.0
2010-03-19,34.48,34.68,33.2,33.7,,4208200.0
2010-03-22,33.35,34.04,32.92,33.62,,3065300.0
2010-03-23,33.71,34.63,33.63,34.59,,2797400.0
2010-03-24,34.23,34.71,33.84,34.02,,2058900.0
2010-03-25,34.28,34.51,32.75,32.86,,3401600.0
2010-03-26,32.95,32.95,32.17,32.92,,3590800.0
2010-03-29,33.66,34.21,33.65,34.16,,3093900.0
2010-03-30,34.15,34.43,33.89,34.3,,2209300.0
2010-03-31,34.36,34.55,34.06,34.15,,3170800.0
2010-04-01,34.55,35.13,34.55,35.12,,2424900.0
2010-04-05,35.34,36.06,35.13,35.93,,3214100.0
2010-04-06,35.87,36.24,35.68,35.79,,2683200.0
2010-04-07,36.9,38.67,36.7,38.12,,8240600.0
2010-04-08,38.19,39.61,38.12,39.31,,7012200.0
2010-04-09,39.44,39.76,38.46,38.5,,3152000.0
2010-04-12,38.43,39.43,38.18,39.39,,3411600.0
2010-04-13,39.31,39.84,38.65,39.46,,3592900.0
2010-04-14,40.05,40.27,39.49,40.22,,2770500.0
2010-04-15,40.25,40.83,40.0,40.66,,2115400.0
2010-04-16,40.32,40.61,39.49,39.55,,3289500.0
2010-04-19,39.18,39.89,39.12,39.74,,2600800.0
2010-04-20,40.07,41.09,40.07,41.04,,2711400.0
2010-04-21,40.96,41.3,40.65,41.17,,1988500.0
2010-04-22,40.84,41.66,40.43,41.59,,2244700.0
2010-04-23,41.27,41.9,40.87,41.85,,2656400.0
2010-04-26,41.93,42.17,41.27,41.39,,2084600.0
2010-04-27,41.23,41.6,39.87,39.98,,2334600.0
2010-04-28,40.26,40.62,39.77,40.27,,2175600.0
2010-04-29,40.55,41.07,40.18,40.94,,2341600.0
2010-04-30,41.05,42.3,40.69,41.26,,3536100.0
2010-05-03,41.52,42.28,40.86,41.79,,2958500.0
2010-05-04,40.24,40.68,38.8,40.57,,4199500.0
2010-05-05,39.74,40.09,38.37,38.7,,3375400.0
2010-05-06,38.42,38.81,35.54,37.67,,4758500.0
2010-05-07,37.47,38.48,36.41,37.11,,3721800.0
2010-05-10,37.78,39.66,37.38,39.19,,3191400.0
2010-05-11,38.63,38.79,38.22,38.54,,3854700.0
2010-05-12,38.64,40.02,38.64,39.88,,3453000.0
2010-05-13,39.78,40.52,39.6,39.77,,2607100.0
2010-05-14,39.35,39.6,38.05,39.04,,1998000.0
2010-05-17,39.07,39.48,37.15,37.99,,3129600.0
2010-05-18,38.64,38.98,37.71,37.85,,2956000.0
2010-05-19,37.73,38.36,36.65,37.62,,2694500.0
2010-05-20,36.67,36.72,35.34,35.43,,2838300.0
2010-05-21,34.73,37.04,34.33,37.02,,4135200.0
2010-05-24,36.66,37.19,35.79,35.83,,2862300.0
2010-05-25,34.41,36.41,34.38,36.33,,3253500.0
2010-05-26,36.81,37.5,36.58,36.7,,3294300.0
2010-05-27,37.52,39.27,37.33,39.2,,4022100.0
2010-05-28,39.02,39.59,38.22,38.58,,3213700.0
2010-06-01,38.12,38.64,37.02,37.11,,3341100.0
2010-06-02,37.57,39.67,37.12,39.65,,4052300.0
2010-06-03,39.55,40.45,38.68,40.38,,3634000.0
2010-06-04,39.67,40.7,37.51,37.9,,6319800.0
2010-06-07,38.11,39.08,36.57,37.22,,5121800.0
2010-06-08,37.72,38.93,37.2,38.77,,4139700.0
2010-06-09,39.07,39.94,37.94,38.2,,3208500.0
2010-06-10,38.94,40.06,38.94,40.03,,3456500.0
2010-06-11,39.74,40.45,39.36,40.43,,2289500.0
2010-06-14,40.83,41.27,39.98,40.09,,3109400.0
2010-06-15,40.7,40.86,40.06,40.61,,3029600.0
2010-06-16,40.27,41.0,40.01,40.62,,1748500.0
2010-06-17,40.63,40.9,39.94,40.5,,2565500.0
2010-06-18,40.48,40.68,40.1,40.56,,3026800.0
2010-06-21,41.22,41.92,40.3,40.7,,3036000.0
2010-06-22,40.7,40.98,38.94,39.17,,3001900.0
2010-06-23,39.22,39.71,38.74,39.32,,2690000.0
2010-06-24,38.94,39.82,38.26,38.49,,2808100.0
2010-06-25,39.1,40.47,38.5,40.4,,7173000.0
2010-06-28,40.09,40.32,38.62,38.79,,3095300.0
2010-06-29,38.03,38.18,36.63,36.89,,4140300.0
2010-06-30,36.9,37.3,36.08,36.2,,3685100.0
2010-07-01,36.26,36.79,35.25,36.46,,3264900.0
2010-07-02,36.32,37.04,35.91,36.19,,2601600.0
2010-07-06,36.93,37.79,36.35,36.74,,2595000.0
2010-07-07,36.84,38.21,36.52,38.2,,2728900.0
2010-07-08,38.6,39.3,38.18,39.09,,3524100.0
2010-07-09,38.97,39.34,38.36,38.85,,1864900.0
2010-07-12,38.75,39.23,38.52,38.84,,1612700.0
2010-07-13,39.37,39.86,39.2,39.31,,2623300.0
2010-07-14,39.11,39.97,38.76,39.3,,2103200.0
2010-07-15,39.43,39.43,38.3,39.13,,2122200.0
2010-07-16,38.74,38.89,37.27,37.69,,3106700.0
2010-07-19,37.84,38.15,37.1,37.59,,2301800.0
2010-07-20,37.03,38.51,36.86,38.38,,2881400.0
2010-07-21,38.52,38.56,37.42,37.75,,2412000.0
2010-07-22,38.27,38.6,37.87,38.03,,2110300.0
2010-07-23,37.88,38.04,37.07,37.71,,2336100.0
2010-07-26,37.67,38.48,37.67,38.22,,1710100.0
2010-07-27,38.28,38.31,36.53,37.06,,3037500.0
2010-07-28,37.2,37.54,36.86,37.06,,1665300.0
2010-07-29,37.49,37.6,36.66,37.07,,1824800.0
2010-07-30,36.7,37.21,35.8,35.93,,3823900.0
2010-08-02,36.6,37.9,36.51,37.78,,2619400.0
2010-08-03,37.7,37.9,37.3,37.48,,2103700.0
2010-08-04,37.61,38.24,37.41,37.96,,1599600.0
2010-08-05,37.68,37.92,37.27,37.75,,1768400.0
2010-08-06,35.55,36.75,35.1,36.58,,6882500.0
2010-08-09,36.92,37.07,36.16,36.83,,2628600.0
2010-08-10,36.41,37.37,36.3,37.11,,4795700.0
2010-08-11,36.33,36.55,35.65,35.8,,2478800.0
2010-08-12,35.15,36.06,35.02,35.14,,2961200.0
2010-08-13,35.12,35.35,34.54,34.7,,4068800.0
2010-08-16,34.45,34.71,33.95,34.68,,2696300.0
2010-08-17,35.04,35.23,34.56,35.07,,2446800.0
2010-08-18,34.93,35.01,33.89,34.4,,3028600.0
2010-08-19,34.27,34.49,33.58,33.73,,2953700.0
2010-08-20,33.63,33.79,33.33,33.69,,2826200.0
2010-08-23,33.77,34.26,33.68,33.81,,1991600.0
2010-08-24,33.28,33.34,32.26,32.66,,3543000.0
2010-08-25,32.4,32.42,31.48,32.23,,3756000.0
2010-08-26,32.46,32.81,31.76,31.92,,2292800.0
2010-08-27,32.27,33.02,31.62,32.95,,2156500.0
2010-08-30,32.89,33.14,32.26,32.27,,2274900.0
2010-08-31,32.12,32.55,31.66,32.01,,2879600.0
2010-09-01,32.53,33.19,32.17,33.15,,3099100.0
2010-09-02,33.2,33.2,32.59,32.98,,1631200.0
2010-09-03,33.29,33.68,33.09,33.29,,2088900.0
2010-09-07,32.9,33.13,32.56,32.69,,2167200.0
2010-09-08,32.7,33.4,32.7,33.27,,2098600.0
2010-09-09,33.7,33.72,32.62,32.94,,1741000.0
2010-09-10,33.03,34.11,33.03,33.98,,3013300.0
2010-09-13,34.33,34.33,33.77,34.01,,1568400.0
2010-09-14,33.86,34.33,33.65,33.98,,1544900.0
2010-09-15,33.81,33.96,33.44,33.75,,2782600.0
2010-09-16,33.98,34.16,33.33,33.54,,2482400.0
2010-09-17,33.57,33.57,32.37,32.84,,7070700.0
2010-09-20,32.95,33.12,32.19,32.33,,4783200.0
2010-09-21,32.43,33.26,32.16,33.03,,3891500.0
2010-09-22,33.06,33.51,33.06,33.3,,3678600.0
2010-09-23,32.91,33.46,32.66,33.05,,2191400.0
2010-09-24,33.59,34.23,33.19,33.95,,2731200.0
2010-09-27,33.99,34.26,33.61,33.63,,1564100.0
2010-09-28,33.67,33.9,33.2,33.82,,1781300.0
2010-09-29,33.54,34.62,33.45,34.58,,2818800.0
2010-09-30,34.82,34.96,33.8,34.26,,2987900.0
2010-10-01,34.68,35.6,34.63,35.44,,3013900.0
2010-10-04,35.15,35.69,35.08,35.28,,3140600.0
2010-10-05,35.66,36.03,35.17,35.87,,2108900.0
2010-10-06,35.85,36.64,35.82,36.31,,2368700.0
2010-10-07,36.49,36.51,35.98,36.32,,1933000.0
2010-10-08,36.37,36.79,36.11,36.65,,1677900.0
2010-10-11,36.48,37.09,36.41,36.69,,1306000.0
2010-10-12,36.44,36.65,36.04,36.45,,1306700.0
2010-10-13,36.8,37.0,36.3,36.45,,2852900.0
2010-10-14,36.13,36.82,36.13,36.55,,2070700.0
2010-10-15,36.8,37.22,36.6,36.93,,3067100.0
2010-10-18,36.86,37.67,36.75,37.4,,2235300.0
2010-10-19,36.83,36.95,36.37,36.72,,3005000.0
2010-10-20,36.75,37.21,36.6,36.96,,1448700.0
2010-10-21,37.08,37.53,36.05,36.47,,2110400.0
2010-10-22,36.72,36.72,35.62,35.92,,1978300.0
2010-10-25,36.18,36.51,35.85,35.97,,1334700.0
2010-10-26,35.75,36.05,35.13,35.34,,2012500.0
2010-10-27,35.04,35.4,34.57,35.35,,1753000.0
2010-10-28,35.58,35.77,34.82,35.04,,1440500.0
2010-10-29,34.89,35.45,34.75,35.33,,2033400.0
2010-11-01,35.76,36.14,35.2,35.46,,1422000.0
2010-11-02,35.87,36.31,35.38,36.08,,2034500.0
2010-11-03,33.4,33.4,31.74,32.72,,16100500.0
2010-11-04,33.13,33.13,31.86,32.59,,6261900.0
2010-11-05,32.73,32.8,32.11,32.71,,3639100.0
2010-11-08,32.93,33.71,32.76,33.02,,4667400.0
2010-11-09,33.27,34.26,33.17,33.95,,4432000.0
2010-11-10,34.11,34.73,33.98,34.65,,2815100.0
2010-11-11,34.41,35.07,34.41,34.74,,2208000.0
2010-11-12,34.37,34.49,33.67,33.98,,2354900.0
2010-11-15,34.51,34.78,33.99,34.12,,2132400.0
2010-11-16,33.74,33.74,33.07,33.61,,2616100.0
2010-11-17,33.69,33.93,33.21,33.28,,2018100.0
2010-11-18,33.41,34.22,33.24,34.0,,2425700.0
2010-11-19,33.83,34.35,33.64,34.31,,2210200.0
2010-11-22,34.21,34.56,33.58,34.14,,1272000.0
2010-11-23,33.64,33.66,32.67,32.74,,2949800.0
2010-11-24,32.96,33.24,32.68,33.15,,1756400.0
2010-11-26,32.84,33.15,32.79,32.82,,462000.0
2010-11-29,32.72,33.08,32.34,32.93,,1800100.0
2010-11-30,32.64,33.17,32.49,32.83,,2228200.0
2010-12-01,33.4,33.86,33.06,33.82,,2405600.0
2010-12-02,33.78,34.69,33.78,34.64,,1986600.0
2010-12-03,34.5,34.7,34.25,34.6,,1668900.0
2010-12-06,34.53,34.95,34.52,34.84,,1466700.0
2010-12-07,35.27,35.46,34.12,34.22,,2378600.0
2010-12-08,34.39,34.52,33.74,34.03,,1494300.0
2010-12-09,34.09,34.48,33.87,34.04,,2057600.0
2010-12-10,33.93,34.12,33.49,33.5,,1978000.0
2010-12-13,33.77,34.14,33.44,33.48,,2266400.0
2010-12-14,33.52,33.99,33.29,33.83,,1839000.0
2010-12-15,33.72,34.03,33.16,33.26,,1800400.0
2010-12-16,33.28,33.48,33.13,33.41,,1001900.0
2010-12-17,33.37,33.88,33.25,33.84,,2423500.0
2010-12-20,33.91,33.96,33.18,33.76,,2033500.0
2010-12-21,33.86,34.12,33.62,33.83,,850000.0
2010-12-22,33.93,34.17,33.76,34.03,,883400.0
2010-12-23,33.44,33.98,33.33,33.76,,2342900.0
2010-12-27,33.68,33.75,33.05,33.26,,1357900.0
2010-12-28,33.41,33.46,33.19,33.21,,1348100.0
2010-12-29,33.39,33.79,33.21,33.66,,1055100.0
2010-12-30,33.67,33.98,33.54,33.87,,1164200.0
2010-12-31,33.83,34.0,33.7,33.74,,1021200.0
2011-01-03,34.12,34.51,34.06,34.09,,1750400.0
2011-01-04,34.36,34.43,33.73,34.01,,2062700.0
2011-01-05,33.69,34.32,33.53,34.08,,1736300.0
2011-01-06,34.46,34.86,34.07,34.26,,2589200.0
2011-01-07,34.42,34.83,34.29,34.79,,2415100.0
2011-01-10,34.75,35.07,34.63,35.05,,2574800.0
2011-01-11,35.23,35.76,34.98,35.7,,2919200.0
2011-01-12,36.04,36.72,35.83,36.41,,2588400.0
2011-01-13,36.31,36.44,35.88,36.18,,1668200.0
2011-01-14,36.16,37.23,35.95,37.18,,2180600.0
2011-01-18,37.28,38.16,37.09,38.03,,3007300.0
2011-01-19,38.02,38.08,37.25,37.5,,2897400.0
2011-01-20,36.89,37.52,36.68,37.47,,2445800.0
2011-01-21,37.71,37.92,37.15,37.61,,2406000.0
2011-01-24,37.47,37.76,37.19,37.61,,1642300.0
2011-01-25,37.55,37.55,36.58,36.92,,1973800.0
2011-01-26,37.11,38.06,37.06,37.81,,2319200.0
2011-01-27,37.68,38.5,37.61,38.17,,2591100.0
2011-01-28,38.22,38.87,37.77,37.9,,2829400.0
2011-01-31,37.98,39.4,37.98,39.33,,2308000.0
2011-02-01,39.45,40.03,39.13,39.7,,2264000.0
2011-02-02,39.56,40.03,39.31,39.65,,1494800.0
2011-02-03,39.52,39.65,39.05,39.58,,974500.0
2011-02-04,39.67,39.74,39.08,39.48,,1654200.0
2011-02-07,39.69,40.1,38.98,39.04,,1741800.0
2011-02-08,39.12,39.12,38.28,38.73,,2116000.0
2011-02-09,38.56,38.94,37.99,38.43,,1704100.0
2011-02-10,38.25,38.7,38.11,38.54,,1822800.0
2011-02-11,38.39,38.64,38.1,38.19,,1520200.0
2011-02-14,38.21,39.38,38.21,38.78,,2121500.0
2011-02-15,38.74,39.26,38.14,38.28,,2116000.0
2011-02-16,38.47,38.95,38.06,38.07,,2324200.0
2011-02-17,38.18,38.66,37.83,38.53,,3063200.0
2011-02-18,39.5,40.59,39.49,40.26,,3826100.0
2011-02-22,40.61,41.27,39.96,40.05,,2898900.0
2011-02-23,40.12,42.42,40.12,42.29,,4150000.0
2011-02-24,42.36,42.58,40.59,40.73,,3623500.0
2011-02-25,40.93,41.59,40.68,41.31,,1648900.0
2011-02-28,41.44,41.86,41.24,41.52,,1750100.0
2011-03-01,40.48,41.48,39.88,39.9,,4536500.0
2011-03-02,39.13,40.28,38.59,40.18,,7781800.0
2011-03-03,40.41,41.14,39.92,41.07,,3034900.0
2011-03-04,40.97,41.25,40.07,40.44,,2174400.0
2011-03-07,40.76,41.18,39.99,40.14,,1858500.0
2011-03-08,40.13,40.26,39.21,39.26,,1746600.0
2011-03-09,39.24,39.79,38.89,39.11,,1736200.0
2011-03-10,38.64,38.64,37.86,38.02,,2630900.0
2011-03-11,37.93,39.39,37.71,39.06,,1883600.0
2011-03-14,38.84,39.59,38.5,39.38,,1975600.0
2011-03-15,38.18,39.36,37.95,38.98,,2425900.0
2011-03-16,39.11,39.75,38.1,38.63,,2536100.0
2011-03-17,39.47,40.36,39.14,40.18,,2100000.0
2011-03-18,40.58,40.83,39.57,39.9,,2968300.0
2011-03-21,40.48,41.21,40.3,41.18,,2263000.0
2011-03-22,41.53,42.3,41.41,41.91,,3279100.0
2011-03-23,41.93,42.17,41.41,42.17,,4043800.0
2011-03-24,42.48,42.77,41.78,42.72,,2877900.0
2011-03-25,42.82,43.67,42.43,43.45,,2580500.0
2011-03-28,43.17,44.26,43.01,43.79,,3103600.0
2011-03-29,43.44,44.27,42.81,44.24,,3032700.0
2011-03-30,44.47,44.9,43.76,44.06,,3604700.0
2011-03-31,44.08,44.4,43.78,43.81,,2844700.0
2011-04-01,44.06,44.1,43.56,43.77,,4158300.0
2011-04-04,43.96,44.3,43.65,43.76,,1913800.0
2011-04-05,43.64,43.9,43.12,43.22,,1930600.0
2011-04-06,43.52,43.61,42.43,42.44,,2033700.0
2011-04-07,42.34,42.77,41.69,42.39,,2205200.0
2011-04-08,42.68,43.03,42.07,42.39,,1719400.0
2011-04-11,42.35,42.51,41.35,41.65,,1436000.0
2011-04-12,41.23,41.23,39.99,40.38,,2775200.0
2011-04-13,40.76,41.54,40.59,40.95,,1941500.0
2011-04-14,40.61,41.2,40.24,40.99,,1815800.0
2011-04-15,41.04,41.42,40.56,41.11,,1745700.0
2011-04-18,40.62,40.87,39.93,40.68,,1727900.0
2011-04-19,40.69,40.87,40.17,40.53,,1533000.0
2011-04-20,41.22,41.47,40.89,41.4,,1803200.0
2011-04-21,41.22,41.57,40.95,41.42,,1024000.0
2011-04-25,41.46,41.54,40.63,40.85,,967900.0
2011-04-26,41.0,41.38,40.72,41.36,,1100000.0
2011-04-27,41.47,41.54,40.43,41.38,,1250200.0
2011-04-28,41.32,41.85,40.85,41.46,,1534000.0
2011-04-29,41.41,42.04,41.12,41.85,,1315600.0
2011-05-02,42.01,42.13,40.9,41.07,,1852500.0
2011-05-03,40.98,40.98,39.7,40.04,,2060200.0
2011-05-04,39.9,39.9,38.81,39.35,,1933300.0
2011-05-05,38.6,39.03,37.7,38.63,,3462700.0
2011-05-06,40.35,41.23,39.29,39.78,,3596300.0
2011-05-09,40.81,41.43,40.54,41.21,,2382300.0
2011-05-10,41.25,41.38,40.64,41.04,,1665800.0
2011-05-11,40.89,40.98,39.24,39.5,,2173500.0
2011-05-12,39.04,39.58,38.55,39.07,,2214300.0
2011-05-13,39.18,39.54,38.66,39.04,,1817400.0
2011-05-16,38.94,39.88,38.59,38.76,,1566800.0
2011-05-17,38.55,39.31,38.42,39.1,,1970400.0
2011-05-18,39.2,39.79,39.06,39.47,,1937100.0
2011-05-19,39.6,39.7,38.9,39.24,,1548500.0
2011-05-20,39.27,39.96,38.83,39.56,,2023200.0
2011-05-23,38.91,39.1,38.49,38.6,,1944500.0
2011-05-24,38.94,39.65,38.82,39.27,,2340700.0
2011-05-25,39.06,39.96,39.06,39.69,,1595200.0
2011-05-26,39.5,39.8,39.02,39.7,,1181900.0
2011-05-27,39.94,40.38,39.76,40.04,,1301700.0
2011-05-31,40.73,40.8,39.65,40.41,,1783700.0
2011-06-01,40.54,41.34,39.97,40.05,,3217400.0
2011-06-02,40.14,41.36,40.14,41.06,,3120500.0
2011-06-03,40.48,41.39,39.91,40.93,,2246200.0
2011-06-06,40.93,41.48,40.37,40.38,,2714400.0
2011-06-07,40.54,40.74,39.99,40.0,,2130500.0
2011-06-08,40.03,41.04,40.03,40.33,,1979900.0
2011-06-09,40.56,41.16,40.37,41.01,,1840200.0
2011-06-10,40.73,40.9,39.83,39.86,,1900500.0
2011-06-13,39.98,40.19,38.37,38.77,,2798500.0
2011-06-14,39.34,39.61,38.73,38.89,,2683200.0
2011-06-15,38.56,39.0,37.86,38.09,,2712100.0
2011-06-16,37.97,38.34,37.49,37.62,,2798200.0
2011-06-17,37.92,38.13,37.29,37.86,,2958000.0
2011-06-20,37.58,37.73,37.1,37.36,,2520200.0
2011-06-21,37.58,38.2,37.48,37.83,,2048400.0
2011-06-22,37.66,38.28,37.47,37.52,,2765900.0
2011-06-23,36.67,37.11,35.77,37.08,,2841400.0
2011-06-24,37.05,37.17,36.31,36.38,,1964600.0
2011-06-27,36.06,37.18,35.99,37.15,,2906200.0
2011-06-28,37.24,38.06,37.02,37.92,,1865000.0
2011-06-29,38.0,38.56,37.61,38.17,,1840600.0
2011-06-30,38.34,38.81,38.22,38.71,,1888300.0
2011-07-01,38.64,38.71,37.91,38.16,,3342500.0
2011-07-05,38.25,38.87,38.11,38.22,,1484900.0
2011-07-06,38.15,38.25,37.67,37.86,,1271900.0
2011-07-07,38.38,38.51,37.93,38.34,,1901100.0
2011-07-08,37.76,37.99,37.45,37.73,,1703100.0
2011-07-11,37.19,37.19,36.49,36.66,,1572600.0
2011-07-12,36.59,37.06,36.48,36.61,,1982900.0
2011-07-13,36.9,37.49,36.56,36.69,,1944000.0
2011-07-14,36.88,36.93,35.75,35.86,,2718900.0
2011-07-15,37.08,37.87,36.99,37.52,,6751200.0
2011-07-18,37.6,38.04,37.26,37.65,,2669200.0
2011-07-19,37.82,38.67,37.82,38.58,,2365100.0
2011-07-20,38.87,38.87,38.39,38.5,,2096300.0
2011-07-21,38.8,39.27,38.6,39.14,,1939300.0
2011-07-22,39.14,39.53,38.94,39.52,,1644200.0
2011-07-25,39.01,39.85,38.86,39.39,,1899200.0
2011-07-26,39.39,40.0,38.8,39.52,,2117600.0
2011-07-27,39.31,39.32,38.55,38.59,,2041000.0
2011-07-28,38.58,39.06,38.22,38.35,,2368400.0
2011-07-29,37.89,38.33,37.64,37.82,,3194400.0
2011-08-01,38.53,38.68,37.26,37.68,,1830400.0
2011-08-02,37.4,37.96,36.74,36.79,,2088300.0
2011-08-03,36.81,36.83,35.44,36.33,,3055400.0
2011-08-04,35.79,35.79,33.91,34.16,,4384400.0
2011-08-05,36.44,37.54,34.64,35.57,,9015700.0
2011-08-08,34.71,34.79,32.28,32.86,,5685700.0
2011-08-09,33.48,34.08,31.93,33.69,,7488800.0
2011-08-10,33.56,33.77,32.14,32.26,,5572600.0
2011-08-11,32.62,34.96,32.24,34.54,,4500600.0
2011-08-12,35.89,36.28,34.54,34.91,,3594800.0
2011-08-15,35.3,35.78,35.09,35.71,,2518000.0
2011-08-16,35.23,35.49,34.53,35.07,,2897400.0
2011-08-17,35.33,35.99,34.49,34.86,,2047300.0
2011-08-18,33.99,33.99,32.21,32.5,,3684200.0
2011-08-19,32.12,33.29,32.08,32.47,,3256800.0
2011-08-22,33.34,33.56,31.84,32.02,,3102400.0
2011-08-23,32.01,33.0,31.74,32.99,,3603600.0
2011-08-24,32.76,33.39,32.57,33.34,,2313000.0
2011-08-25,33.6,33.83,32.46,32.73,,2778100.0
2011-08-26,32.54,33.43,31.89,33.32,,2277900.0
2011-08-29,33.83,34.0,33.3,33.95,,2100300.0
2011-08-30,33.78,34.39,33.28,34.19,,1664300.0
2011-08-31,34.48,34.92,33.91,34.33,,2746800.0
2011-09-01,34.61,34.92,33.85,33.9,,1696400.0
2011-09-02,33.13,33.44,32.57,32.76,,2459800.0
2011-09-06,31.79,32.3,31.49,32.25,,2561600.0
2011-09-07,32.81,33.69,32.67,33.62,,1797500.0
2011-09-08,33.23,34.1,32.92,33.1,,2427300.0
2011-09-09,32.38,32.74,31.49,31.64,,2625600.0
2011-09-12,31.25,31.95,31.12,31.93,,2215900.0
2011-09-13,32.05,32.42,31.64,32.17,,1594800.0
2011-09-14,31.84,32.95,31.56,32.54,,2238800.0
2011-09-15,32.96,33.52,32.68,33.52,,1953500.0
2011-09-16,33.79,33.84,33.1,33.43,,2558400.0
2011-09-19,32.68,32.86,31.88,32.54,,1836000.0
2011-09-20,32.71,33.21,32.21,32.31,,1880800.0
2011-09-21,32.25,32.75,30.93,30.94,,2245600.0
2011-09-22,29.97,30.01,27.86,28.46,,5312500.0
2011-09-23,27.95,28.62,27.2,27.34,,3853900.0
2011-09-26,27.91,28.48,27.12,28.44,,3796000.0
2011-09-27,29.17,29.86,28.94,29.15,,3145900.0
2011-09-28,29.2,29.22,27.49,27.55,,2430500.0
2011-09-29,28.19,28.32,26.66,27.36,,3433300.0
2011-09-30,26.47,26.98,25.79,26.33,,3838900.0
2011-10-03,26.01,26.05,25.14,25.37,,4916300.0
2011-10-04,24.97,27.45,24.77,27.32,,6098700.0
2011-10-05,27.33,28.54,27.15,28.48,,3756700.0
2011-10-06,28.32,29.26,28.0,29.12,,2915000.0
2011-10-07,29.31,29.38,27.71,27.77,,3260300.0
2011-10-10,28.49,29.46,28.46,29.45,,2546900.0
2011-10-11,29.16,29.85,28.91,29.72,,3046300.0
2011-10-12,29.96,30.66,29.78,30.02,,2270600.0
2011-10-13,29.73,29.92,28.85,29.81,,2409500.0
2011-10-14,30.5,31.24,30.36,31.2,,2315300.0
2011-10-17,30.95,31.25,30.14,30.25,,1930800.0
2011-10-18,30.29,32.18,29.81,31.96,,3718100.0
2011-10-19,31.83,33.14,31.77,32.65,,4234100.0
2011-10-20,32.52,32.71,31.62,32.45,,3146700.0
2011-10-21,33.05,33.84,32.78,33.67,,2772400.0
2011-10-24,33.85,34.11,33.53,33.84,,3076800.0
2011-10-25,33.84,33.84,32.42,32.52,,3017100.0
2011-10-26,33.06,33.17,32.08,32.48,,3857800.0
2011-10-27,33.81,34.93,33.38,34.12,,3704600.0
2011-10-28,34.05,35.4,34.05,35.37,,3045000.0
2011-10-31,34.7,34.74,33.18,33.23,,2727600.0
2011-11-01,31.95,32.33,31.17,31.91,,3760300.0
2011-11-02,33.71,36.35,33.49,35.69,,8497600.0
2011-11-03,36.26,37.38,35.74,37.17,,4566400.0
2011-11-04,36.73,38.09,36.52,37.78,,3700800.0
2011-11-07,37.71,38.05,37.06,37.59,,2778900.0
2011-11-08,37.81,37.99,36.95,37.87,,2497800.0
2011-11-09,36.95,37.4,36.41,36.5,,2905000.0
2011-11-10,36.94,37.44,36.57,37.17,,2344200.0
2011-11-11,37.61,38.66,37.59,38.65,,2440000.0
2011-11-14,38.25,38.82,37.64,38.56,,2786400.0
2011-11-15,38.39,38.61,37.9,38.03,,1922700.0
2011-11-16,37.88,38.42,37.36,37.41,,4228300.0
2011-11-17,37.31,37.64,35.73,36.05,,2507200.0
2011-11-18,36.55,37.1,35.68,36.35,,2231600.0
2011-11-21,35.56,35.91,34.95,35.67,,1466500.0
2011-11-22,35.51,35.79,34.79,35.29,,1749400.0
2011-11-23,34.78,34.89,33.96,34.04,,2428000.0
2011-11-25,33.76,34.5,33.73,33.76,,611700.0
2011-11-28,34.92,35.96,34.88,35.52,,1944900.0
2011-11-29,35.77,36.76,35.67,36.5,,2509200.0
2011-11-30,37.91,38.8,37.91,38.55,,3641200.0
2011-12-01,38.51,39.01,37.78,38.1,,1935100.0
2011-12-02,38.56,38.64,37.94,38.11,,1628000.0
2011-12-05,38.64,38.96,37.61,37.94,,2579000.0
2011-12-06,38.07,39.46,37.93,38.97,,2136100.0
2011-12-07,38.68,38.75,37.77,38.28,,2082900.0
2011-12-08,38.1,38.86,37.2,37.39,,2482300.0
2011-12-09,37.33,38.8,37.33,38.55,,2846200.0
2011-12-12,37.93,38.0,36.84,37.55,,2180000.0
2011-12-13,37.81,38.32,36.1,36.6,,2913000.0
2011-12-14,36.03,36.06,34.6,34.62,,4634100.0
2011-12-15,35.14,35.51,34.56,35.09,,3018000.0
2011-12-16,35.46,36.38,35.2,36.29,,3651000.0
2011-12-19,36.23,36.31,35.37,35.51,,1886200.0
2011-12-20,36.35,36.86,36.17,36.4,,2350400.0
2011-12-21,36.51,36.67,35.86,36.48,,2440300.0
2011-12-22,36.5,36.65,36.39,36.54,,2933200.0
2011-12-23,36.59,36.83,36.13,36.51,,1556800.0
2011-12-27,36.56,37.06,36.45,36.79,,1619100.0
2011-12-28,36.87,36.97,35.71,35.83,,1506700.0
2011-12-29,35.81,36.48,35.81,36.43,,1343300.0
2011-12-30,36.43,36.82,36.34,36.6,,1284900.0
2012-01-03,37.38,37.95,37.31,37.7,,2798700.0
2012-01-04,37.7,37.9,37.39,37.75,,2454500.0
2012-01-05,37.58,38.09,37.09,37.96,,2537500.0
2012-01-06,37.99,38.56,37.9,38.06,,2246500.0
2012-01-09,38.07,38.29,37.71,37.96,,1762800.0
2012-01-10,39.16,39.86,38.98,39.21,,3120000.0
2012-01-11,38.93,39.2,38.25,38.33,,2238000.0
2012-01-12,38.56,38.96,38.16,38.66,,2329200.0
2012-01-13,38.21,38.5,37.75,38.35,,1741400.0
2012-01-17,38.96,39.12,38.2,38.6,,1526800.0
2012-01-18,38.56,39.38,38.26,39.21,,1608500.0
2012-01-19,39.33,39.64,38.96,39.1,,2719800.0
2012-01-20,39.03,39.06,38.12,38.39,,2783900.0
2012-01-23,39.01,39.68,38.84,39.3,,2731500.0
2012-01-24,38.94,39.03,38.52,38.91,,1933600.0
2012-01-25,38.81,39.89,38.34,39.75,,2165200.0
2012-01-26,39.93,40.0,38.79,38.98,,2273800.0
2012-01-27,38.83,39.17,38.51,38.75,,1598900.0
2012-01-30,38.33,39.23,38.02,39.19,,2172800.0
2012-01-31,39.29,39.55,38.96,39.5,,2788900.0
2012-02-01,39.8,39.81,38.96,39.41,,3328600.0
2012-02-02,39.32,40.24,39.06,39.63,,2140700.0
2012-02-03,40.2,40.98,39.86,40.6,,2214900.0
2012-02-06,40.74,41.14,40.48,40.96,,3069200.0
2012-02-07,40.94,41.49,40.58,41.36,,1829400.0
2012-02-08,41.47,41.56,40.77,41.46,,1542200.0
2012-02-09,41.33,42.3,41.26,41.85,,1982300.0
2012-02-10,41.22,41.62,40.99,41.62,,1843400.0
2012-02-13,41.88,42.29,41.75,42.19,,1986800.0
2012-02-14,42.11,42.36,41.82,42.33,,2417900.0
2012-02-15,42.61,43.13,42.18,42.74,,2990300.0
2012-02-16,42.79,44.21,42.62,43.77,,3304900.0
2012-02-17,44.31,44.65,42.23,42.55,,6169400.0
2012-02-21,43.16,43.54,42.79,43.04,,3414300.0
2012-02-22,43.15,43.73,43.01,43.04,,2863400.0
2012-02-23,43.11,43.39,42.61,43.35,,2002000.0
2012-02-24,43.41,43.94,43.24,43.74,,1675900.0
2012-02-27,43.66,43.84,43.03,43.03,,2291300.0
2012-02-28,43.14,43.61,42.98,43.4,,2436000.0
2012-02-29,43.44,43.61,42.19,42.37,,3222300.0
2012-03-01,42.52,43.54,42.52,43.51,,2571600.0
2012-03-02,43.32,43.46,42.08,42.39,,2349600.0
2012-03-05,42.24,42.28,41.44,42.13,,1581300.0
2012-03-06,41.35,41.98,41.02,41.95,,2628900.0
2012-03-07,41.95,42.3,41.69,42.1,,1947700.0
2012-03-08,42.69,42.92,42.17,42.58,,1565000.0
2012-03-09,42.61,43.08,42.45,42.79,,1356700.0
2012-03-12,42.89,42.89,41.87,42.32,,1445300.0
2012-03-13,42.37,43.52,42.06,43.48,,2603200.0
2012-03-14,43.47,43.52,42.45,42.68,,1697700.0
2012-03-15,42.74,43.27,42.44,43.03,,1953600.0
2012-03-16,43.3,43.86,43.09,43.46,,2737300.0
2012-03-19,43.41,43.9,43.21,43.69,,1693100.0
2012-03-20,43.22,43.22,42.48,42.69,,1724800.0
2012-03-21,42.69,42.83,42.08,42.35,,1651700.0
2012-03-22,41.81,42.1,40.88,41.07,,2281100.0
2012-03-23,41.11,41.92,40.99,41.58,,2299500.0
2012-03-26,41.96,42.13,41.53,41.74,,1370700.0
2012-03-27,41.85,41.88,41.28,41.41,,1460400.0
2012-03-28,41.21,41.29,40.38,40.8,,1747800.0
2012-03-29,40.37,40.66,39.87,40.57,,1442600.0
2012-03-30,40.74,41.49,40.47,41.34,,1770600.0
2012-04-02,41.3,42.55,41.05,42.18,,1949600.0
2012-04-03,41.91,42.31,41.74,42.26,,2323700.0
2012-04-04,41.7,41.82,40.82,41.13,,1563800.0
2012-04-05,40.98,41.48,40.51,40.63,,2314900.0
2012-04-09,39.8,40.2,39.67,39.98,,2722600.0
2012-04-10,39.98,40.09,38.63,38.7,,3302100.0
2012-04-11,39.14,39.27,38.15,38.31,,3008600.0
2012-04-12,38.39,39.38,38.37,39.22,,3172600.0
2012-04-13,39.04,39.25,38.43,38.52,,1509300.0
2012-04-16,38.71,39.18,37.96,38.31,,1537000.0
2012-04-17,38.74,39.25,38.59,39.06,,2054200.0
2012-04-18,38.91,39.13,38.6,38.83,,1906700.0
2012-04-19,38.88,39.25,38.51,38.75,,1560800.0
2012-04-20,39.1,39.32,38.31,38.4,,1688300.0
2012-04-23,37.5,38.68,37.49,38.62,,1885800.0
2012-04-24,38.81,39.11,38.54,38.93,,2256200.0
2012-04-25,39.28,39.7,38.98,39.67,,2859100.0
2012-04-26,39.67,40.58,39.51,40.45,,2343200.0
2012-04-27,40.63,40.72,40.29,40.64,,2137500.0
2012-04-30,40.58,40.98,40.2,40.93,,1500400.0
2012-05-01,41.11,41.84,40.93,41.46,,1776400.0
2012-05-02,40.96,40.96,40.34,40.73,,2072800.0
2012-05-03,40.63,40.98,39.97,40.15,,1941100.0
2012-05-04,39.66,39.96,38.91,39.25,,2165300.0
2012-05-07,38.94,39.45,38.5,39.05,,1632500.0
2012-05-08,38.62,38.84,37.43,38.76,,2169800.0
2012-05-09,38.69,39.39,37.56,39.17,,3767700.0
2012-05-10,39.79,40.01,39.33,39.7,,2667300.0
2012-05-11,39.32,39.72,38.73,38.85,,2234900.0
2012-05-14,38.35,38.35,37.6,37.66,,1833700.0
2012-05-15,37.64,37.91,36.77,36.98,,1918400.0
2012-05-16,37.15,37.87,36.73,36.88,,1990700.0
2012-05-17,36.87,37.02,36.22,36.28,,1937200.0
2012-05-18,36.49,36.76,35.7,35.9,,2221600.0
2012-05-21,36.28,37.37,36.26,37.35,,2237000.0
2012-05-22,37.87,38.57,37.45,37.77,,2801000.0
2012-05-23,37.38,37.94,36.45,37.91,,2719900.0
2012-05-24,38.02,38.16,36.95,37.57,,1903100.0
2012-05-25,37.48,38.18,37.48,37.93,,1779800.0
2012-05-29,38.93,39.26,38.45,39.09,,2326300.0
2012-05-30,38.52,38.52,37.24,37.64,,2780300.0
2012-05-31,37.55,37.59,35.93,37.01,,3675300.0
2012-06-01,35.74,35.84,34.05,34.17,,6707500.0
2012-06-04,34.28,34.36,33.12,33.7,,5036300.0
2012-06-05,33.4,34.38,33.39,34.24,,3293000.0
2012-06-06,34.68,35.4,34.6,35.38,,2749500.0
2012-06-07,36.0,36.3,35.19,35.58,,3279500.0
2012-06-08,34.97,35.09,34.2,34.99,,2358800.0
2012-06-11,35.54,35.82,34.22,34.27,,2084100.0
2012-06-12,34.52,35.18,34.38,35.1,,1928400.0
2012-06-13,34.96,35.5,34.3,34.55,,2262300.0
2012-06-14,34.63,35.39,34.37,35.21,,2549600.0
2012-06-15,35.37,36.07,35.0,36.02,,2899300.0
2012-06-18,35.79,35.85,35.17,35.31,,2246300.0
2012-06-19,35.67,35.9,35.25,35.76,,2251100.0
2012-06-20,35.84,36.07,34.34,34.64,,3099500.0
2012-06-21,34.61,34.77,32.18,32.23,,5959500.0
2012-06-22,32.69,32.79,32.01,32.66,,3315200.0
2012-06-25,31.94,32.01,31.18,31.65,,3089600.0
2012-06-26,31.65,31.89,30.74,31.3,,3709900.0
2012-06-27,31.4,32.12,31.34,31.96,,5036900.0
2012-06-28,31.76,32.0,31.27,31.74,,4022100.0
2012-06-29,32.78,33.64,32.64,33.59,,4970700.0
2012-07-02,33.38,33.52,32.63,33.15,,1715700.0
2012-07-03,33.55,35.41,33.55,35.37,,2838600.0
2012-07-05,35.07,35.22,34.2,34.29,,2050800.0
2012-07-06,33.46,34.05,33.2,33.79,,1712100.0
2012-07-09,33.7,34.62,33.62,34.1,,2357500.0
2012-07-10,34.09,34.28,33.08,33.3,,2352100.0
2012-07-11,33.44,34.52,33.44,34.25,,2693100.0
2012-07-12,33.61,34.23,33.21,33.94,,2934800.0
2012-07-13,34.12,34.76,34.06,34.7,,1845200.0
2012-07-16,34.52,35.04,34.09,34.82,,1799500.0
2012-07-17,35.17,35.64,34.48,35.56,,2547500.0
2012-07-18,35.42,36.38,35.31,36.11,,2558700.0
2012-07-19,36.29,36.83,36.14,36.69,,3074900.0
2012-07-20,36.4,37.08,35.94,37.05,,2748100.0
2012-07-23,36.08,36.4,35.19,36.3,,3235200.0
2012-07-24,36.33,36.56,35.26,35.66,,1858000.0
2012-07-25,36.03,36.12,35.18,35.73,,1512200.0
2012-07-26,36.35,36.81,35.95,36.38,,2020900.0
2012-07-27,36.58,37.89,36.39,37.72,,2395100.0
2012-07-30,37.6,37.95,36.76,37.18,,1689200.0
2012-07-31,37.13,37.3,36.58,36.6,,1618900.0
2012-08-01,36.6,36.6,36.6,36.6,,2246300.0
2012-08-02,36.64,37.02,35.58,35.89,,2483700.0
2012-08-03,38.48,40.61,38.14,39.86,,5258700.0
2012-08-06,39.94,40.08,39.4,39.49,,2520100.0
2012-08-07,39.48,40.89,39.42,40.61,,2488100.0
2012-08-08,40.11,40.73,40.11,40.29,,1899200.0
2012-08-09,40.15,41.38,40.12,40.86,,2075400.0
2012-08-10,40.37,41.21,40.33,41.07,,1501100.0
2012-08-13,41.41,41.41,40.64,40.82,,1331600.0
2012-08-14,41.17,41.49,40.97,41.21,,1943300.0
2012-08-15,40.96,41.35,40.69,41.01,,1494600.0
2012-08-16,40.99,41.48,40.85,41.45,,1518600.0
2012-08-17,41.57,41.72,41.11,41.52,,1318300.0
2012-08-20,41.64,41.66,40.77,40.92,,1292100.0
2012-08-21,41.18,41.39,40.43,40.62,,1536900.0
2012-08-22,40.53,40.78,39.99,40.67,,1552700.0
2012-08-23,40.61,40.77,39.75,39.96,,1432300.0
2012-08-24,39.94,40.77,39.8,40.67,,2185200.0
2012-08-27,40.7,41.06,40.39,40.77,,1408100.0
2012-08-28,40.79,41.05,40.34,40.64,,1757300.0
2012-08-29,40.66,40.7,40.13,40.35,,1290100.0
2012-08-30,40.12,40.12,39.38,39.54,,1281400.0
2012-08-31,39.95,40.56,39.62,40.44,,1710100.0
2012-09-04,40.43,40.98,40.03,40.82,,2072100.0
2012-09-05,40.73,40.89,40.5,40.53,,1587100.0
2012-09-06,41.01,42.28,40.93,41.98,,2080400.0
2012-09-07,41.43,42.3,41.35,42.15,,2352200.0
2012-09-10,42.2,42.75,41.86,41.97,,1767500.0
2012-09-11,42.13,42.37,41.8,41.98,,1666300.0
2012-09-12,42.14,42.55,41.67,42.19,,1652500.0
2012-09-13,42.36,43.36,41.75,43.01,,1998500.0
2012-09-14,43.22,44.69,43.22,43.92,,1928300.0
2012-09-17,43.84,44.15,43.27,43.47,,1461100.0
2012-09-18,43.4,43.62,42.78,43.27,,1141200.0
2012-09-19,43.19,43.24,42.38,42.41,,1644000.0
2012-09-20,42.16,42.6,41.63,42.4,,2074000.0
2012-09-21,42.78,42.85,42.29,42.55,,2007600.0
2012-09-24,42.05,42.47,41.88,42.28,,1246300.0
2012-09-25,42.46,42.72,41.92,41.98,,1534200.0
2012-09-26,41.77,41.85,41.23,41.3,,1366200.0
2012-09-27,41.73,42.48,41.64,42.27,,976900.0
2012-09-28,41.97,42.2,41.5,41.84,,1147700.0
2012-10-01,42.19,42.83,42.16,42.64,,1711000.0
2012-10-02,42.87,43.05,42.52,43.0,,1808600.0
2012-10-03,42.88,42.94,41.38,41.48,,2119000.0
2012-10-04,41.8,41.92,41.32,41.61,,2020600.0
2012-10-05,41.64,41.97,40.89,41.04,,1647900.0
2012-10-08,40.65,41.07,40.57,41.01,,1131500.0
2012-10-09,41.04,41.75,40.81,41.47,,1319400.0
2012-10-10,41.39,41.58,40.77,40.89,,1329200.0
2012-10-11,41.23,41.55,40.93,41.01,,997500.0
2012-10-12,41.07,41.19,40.28,40.62,,1279100.0
2012-10-15,40.64,41.36,40.3,41.23,,1489500.0
2012-10-16,41.78,42.59,41.7,42.54,,1643100.0
2012-10-17,42.84,43.25,42.47,43.1,,1437100.0
2012-10-18,42.84,43.04,42.54,42.92,,1085800.0
2012-10-19,42.83,43.18,42.1,42.29,,1512000.0
2012-10-22,42.18,42.24,41.3,41.93,,1858700.0
2012-10-23,41.17,41.48,40.78,41.2,,2000500.0
2012-10-24,41.47,41.72,41.05,41.4,,1887100.0
2012-10-25,41.91,42.05,41.48,42.04,,1150800.0
2012-10-26,42.0,42.82,41.89,42.67,,2231800.0
2012-10-31,42.73,43.6,42.73,43.57,,2300900.0
2012-11-01,43.57,44.36,43.4,43.71,,1831000.0
2012-11-02,44.05,44.32,42.89,43.08,,2503400.0
2012-11-05,42.84,43.78,42.84,43.69,,2189500.0
2012-11-06,46.15,46.56,45.37,45.62,,4274200.0
2012-11-07,44.88,45.24,44.63,44.88,,3015900.0
2012-11-08,44.83,45.17,43.28,43.3,,2256800.0
2012-11-09,43.25,43.67,42.8,42.83,,2492300.0
2012-11-12,43.04,43.23,42.43,42.92,,1088800.0
2012-11-13,42.6,43.81,42.52,43.11,,1942400.0
2012-11-14,43.15,43.35,42.26,42.4,,1550000.0
2012-11-15,42.43,43.59,42.38,43.44,,2379000.0
2012-11-16,43.85,43.93,42.93,43.63,,2628900.0
2012-11-19,44.21,45.18,44.06,44.36,,1993000.0
2012-11-20,44.28,44.33,43.59,43.91,,1314700.0
2012-11-21,44.05,44.33,43.91,44.18,,1115100.0
2012-11-23,44.32,44.56,44.0,44.5,,584400.0
2012-11-26,43.93,44.07,43.23,43.63,,1251200.0
2012-11-27,43.21,43.41,42.8,43.04,,2559200.0
2012-11-28,42.67,43.6,42.16,43.51,,1611600.0
2012-11-29,43.98,44.29,43.69,44.0,,1419000.0
2012-11-30,43.91,44.29,43.77,43.99,,1448600.0
2012-12-03,44.22,44.54,43.81,43.85,,1286200.0
2012-12-04,43.74,44.13,43.64,43.83,,900700.0
2012-12-05,43.94,44.71,43.89,44.4,,1720600.0
2012-12-06,44.24,44.41,43.76,44.27,,1208300.0
2012-12-07,44.4,44.4,43.73,43.89,,1335200.0
2012-12-10,43.83,44.08,43.6,44.03,,1066200.0
2012-12-11,44.25,44.69,44.12,44.4,,1358000.0
2012-12-12,44.58,45.39,44.4,45.16,,1811300.0
2012-12-13,45.0,45.12,44.26,44.32,,1894600.0
2012-12-14,44.27,44.8,44.15,44.5,,1200900.0
2012-12-17,44.65,45.25,44.42,45.24,,1249800.0
2012-12-18,45.28,46.47,45.25,46.35,,1848100.0
2012-12-19,46.23,46.38,45.79,45.8,,1519400.0
2012-12-20,45.92,46.56,45.78,46.51,,1526800.0
2012-12-21,45.78,46.44,45.58,46.21,,2333200.0
2012-12-24,46.04,46.45,45.88,45.92,,780400.0
2012-12-26,46.05,46.06,45.34,45.46,,1048200.0
2012-12-27,45.62,45.68,44.72,45.49,,1598300.0
2012-12-28,45.09,45.23,44.32,44.36,,1098100.0
2012-12-31,44.17,45.25,44.13,45.18,,1780900.0
2013-01-02,46.15,46.26,45.42,46.26,,1832600.0
2013-01-03,46.18,46.93,45.8,46.44,,1464200.0
2013-01-04,46.46,47.22,46.36,47.05,,1259300.0
2013-01-07,46.83,47.16,46.43,47.12,,1428900.0
2013-01-08,47.03,47.12,46.07,46.43,,1561200.0
2013-01-09,46.51,46.81,46.26,46.61,,877600.0
2013-01-10,46.9,47.17,46.59,47.16,,1138500.0
2013-01-11,47.15,47.29,46.75,46.99,,1132300.0
2013-01-14,46.99,47.23,46.46,46.62,,1023400.0
2013-01-15,46.44,47.0,46.35,46.85,,1673500.0
2013-01-16,46.75,47.0,46.58,46.95,,1504900.0
2013-01-17,47.19,47.39,46.77,47.2,,1724500.0
2013-01-18,47.32,47.59,46.9,47.48,,1766400.0
2013-01-22,47.54,47.69,46.78,47.38,,1915700.0
2013-01-23,47.25,47.41,46.63,46.72,,1141000.0
2013-01-24,46.78,47.34,46.73,46.81,,1362000.0
2013-01-25,46.95,47.39,46.64,46.91,,1182500.0
2013-01-28,47.12,47.12,46.27,46.51,,1359200.0
2013-01-29,46.69,47.63,46.44,47.54,,1410700.0
2013-01-30,47.63,48.47,47.25,47.31,,1597500.0
2013-01-31,47.0,47.18,46.63,46.81,,1764000.0
2013-02-01,47.43,48.23,46.81,48.16,,1683500.0
2013-02-04,47.81,47.86,47.41,47.67,,1340600.0
2013-02-05,48.18,48.41,47.9,48.24,,1022200.0
2013-02-06,47.84,48.66,47.76,48.56,,864700.0
2013-02-07,48.58,48.73,47.96,48.6,,1157900.0
2013-02-08,48.74,49.96,48.74,49.91,,1801100.0
2013-02-11,49.92,50.07,49.48,49.94,,1698100.0
2013-02-12,50.0,50.44,49.73,50.22,,1731200.0
2013-02-13,50.22,50.33,49.7,50.03,,1589000.0
2013-02-14,51.71,51.76,49.84,49.93,,2956000.0
2013-02-15,49.91,50.18,47.85,48.38,,3171600.0
2013-02-19,48.9,49.28,48.7,49.21,,1967700.0
2013-02-20,49.22,49.34,47.68,47.71,,2471800.0
2013-02-21,47.37,47.58,46.27,46.45,,2914100.0
2013-02-22,46.81,47.13,46.32,46.94,,2273100.0
2013-02-25,47.06,47.55,45.56,45.6,,2595300.0
2013-02-26,45.83,46.38,45.23,46.25,,1964300.0
2013-02-27,46.11,47.61,45.98,47.53,,2359500.0
2013-02-28,47.35,47.92,47.04,47.08,,2163100.0
2013-03-01,46.68,46.94,45.78,46.06,,2863500.0
2013-03-04,45.98,46.02,45.32,45.61,,1876100.0
2013-03-05,46.09,46.83,45.85,46.7,,1957800.0
2013-03-06,46.88,47.17,46.56,47.04,,2044400.0
2013-03-07,47.09,48.02,46.95,47.77,,1221300.0
2013-03-08,48.01,48.28,47.75,48.19,,1224600.0
2013-03-11,48.06,48.45,47.72,48.18,,1042000.0
2013-03-12,48.5,48.84,48.36,48.72,,1292800.0
2013-03-13,48.69,49.13,48.49,48.64,,1317400.0
2013-03-14,48.87,49.44,48.79,49.37,,1423900.0
2013-03-15,49.24,49.75,48.84,48.84,,2486100.0
2013-03-18,48.28,48.84,48.06,48.29,,1386700.0
2013-03-19,48.35,48.51,47.45,47.66,,1256800.0
2013-03-20,48.07,48.24,47.25,47.28,,1892400.0
2013-03-21,46.91,47.51,46.38,46.4,,2015100.0
2013-03-22,46.6,46.84,46.3,46.81,,1395200.0
2013-03-25,47.1,47.49,46.08,46.41,,1543500.0
2013-03-26,46.62,48.46,46.58,48.27,,2432600.0
2013-03-27,47.9,48.19,47.26,48.01,,1856900.0
2013-03-28,48.0,48.37,47.72,47.96,,1519700.0
2013-04-01,47.96,48.25,47.42,48.13,,1128700.0
2013-04-02,48.24,48.7,47.95,48.33,,1552600.0
2013-04-03,48.33,48.47,47.09,47.23,,1667700.0
2013-04-04,47.21,47.21,45.93,46.01,,2372900.0
2013-04-05,45.32,46.76,45.23,46.72,,2128200.0
2013-04-08,46.77,47.64,46.64,47.52,,1262600.0
2013-04-09,47.59,48.39,47.26,48.03,,1144700.0
2013-04-10,48.15,48.76,48.12,48.17,,1361500.0
2013-04-11,48.32,48.56,47.83,48.03,,1478400.0
2013-04-12,47.75,47.93,46.51,46.56,,2025300.0
2013-04-15,45.89,45.9,43.56,43.58,,2887700.0
2013-04-16,44.19,44.87,43.44,44.69,,2268500.0
2013-04-17,44.04,44.21,42.56,43.07,,3065600.0
2013-04-18,43.28,43.49,42.03,43.25,,3451900.0
2013-04-19,43.57,43.61,42.36,42.55,,2477100.0
2013-04-22,42.74,43.82,42.57,43.66,,2164500.0
2013-04-23,43.85,44.03,43.23,43.88,,2217800.0
2013-04-24,43.9,45.18,43.88,44.98,,1919000.0
2013-04-25,45.07,46.33,44.77,45.71,,2261500.0
2013-04-26,45.65,45.72,44.63,44.68,,2338100.0
2013-04-29,45.2,46.03,44.96,45.73,,1163400.0
2013-04-30,45.68,46.04,45.23,45.44,,1783900.0
2013-05-01,45.15,45.15,44.17,44.57,,1839300.0
2013-05-02,44.73,45.11,44.26,44.88,,1540200.0
2013-05-03,45.53,46.58,45.53,46.5,,2169500.0
2013-05-06,46.73,47.53,46.23,47.27,,2802400.0
2013-05-07,50.18,51.74,49.87,50.89,,5222500.0
2013-05-08,51.02,52.05,50.98,51.72,,3213100.0
2013-05-09,52.06,52.13,50.83,51.04,,2805700.0
2013-05-10,50.82,50.82,49.4,50.1,,2448200.0
2013-05-13,49.82,50.46,49.63,50.13,,1604400.0
2013-05-14,50.26,51.37,50.19,51.26,,1978900.0
2013-05-15,51.19,51.62,50.28,50.52,,2108100.0
2013-05-16,50.45,50.6,49.79,49.97,,1979400.0
2013-05-17,50.18,50.97,50.08,50.73,,2619600.0
2013-05-20,50.77,51.44,50.59,50.86,,2037200.0
2013-05-21,50.93,51.11,50.28,50.36,,1245100.0
2013-05-22,50.32,50.83,48.69,49.11,,2020000.0
2013-05-23,48.37,49.37,48.1,49.28,,1805300.0
2013-05-24,48.66,49.12,48.25,49.07,,1205500.0
2013-05-28,49.68,49.98,48.58,49.18,,1752900.0
2013-05-29,48.89,50.04,48.8,49.82,,1574800.0
2013-05-30,49.63,50.24,49.1,49.77,,1217600.0
2013-05-31,49.41,49.73,48.42,48.42,,1719100.0
2013-06-03,48.82,49.56,48.65,49.42,,1452100.0
2013-06-04,49.31,49.75,48.88,49.57,,1776500.0
2013-06-05,49.38,49.5,48.19,48.2,,1445400.0
2013-06-06,48.35,49.0,47.83,49.0,,1496300.0
2013-06-07,49.17,50.13,48.83,49.76,,1117800.0
2013-06-10,49.63,49.73,49.19,49.37,,766800.0
2013-06-11,48.49,48.88,48.1,48.43,,1397300.0
2013-06-12,49.23,49.42,48.56,48.62,,1354700.0
2013-06-13,48.64,50.07,48.52,50.01,,1567500.0
2013-06-14,50.11,50.11,49.18,49.41,,1343900.0
2013-06-17,49.96,50.39,49.57,50.01,,1189700.0
2013-06-18,50.07,50.99,49.94,50.64,,1400200.0
2013-06-19,50.62,51.76,50.55,50.86,,1704500.0
2013-06-20,50.15,50.22,48.68,49.13,,2198800.0
2013-06-21,49.6,49.66,48.22,48.91,,2393300.0
2013-06-24,48.34,48.56,46.71,47.79,,1981100.0
2013-06-25,48.39,49.17,48.09,48.82,,1720500.0
2013-06-26,49.21,49.72,48.58,49.45,,1252300.0
2013-06-27,49.94,50.29,49.03,49.14,,1805400.0
2013-06-28,48.92,49.88,48.77,49.39,,1712200.0
2013-07-01,50.18,51.17,49.97,50.75,,1615200.0
2013-07-02,50.72,52.24,50.72,51.71,,2169600.0
2013-07-03,51.76,51.95,51.31,51.83,,853700.0
2013-07-05,52.16,52.75,52.0,52.66,,1140500.0
2013-07-08,53.07,53.46,52.14,52.42,,1714700.0
2013-07-09,52.87,53.44,52.66,53.34,,1773700.0
2013-07-10,53.52,53.89,53.12,53.36,,1767000.0
2013-07-11,54.01,55.06,53.59,53.84,,2800700.0
2013-07-12,53.67,54.3,53.23,54.28,,1886100.0
2013-07-15,54.32,54.69,53.55,53.91,,1729600.0
2013-07-16,54.0,54.66,53.99,54.29,,1867700.0
2013-07-17,54.48,54.99,54.32,54.77,,1373000.0
2013-07-18,54.99,55.68,54.91,55.21,,1535300.0
2013-07-19,55.51,55.85,55.02,55.83,,1371100.0
2013-07-22,55.82,56.35,55.41,56.14,,1620400.0
2013-07-23,56.19,56.33,55.59,55.82,,1632300.0
2013-07-24,55.99,56.01,53.77,54.11,,3037900.0
2013-07-25,54.11,55.36,54.08,55.35,,1962500.0
2013-07-26,54.92,55.1,54.17,54.73,,1487200.0
2013-07-29,54.58,54.65,54.03,54.35,,813700.0
2013-07-30,54.48,54.75,53.16,54.12,,1634200.0
2013-07-31,54.31,55.65,54.31,54.64,,1734700.0
2013-08-01,55.42,57.43,55.42,57.11,,1995800.0
2013-08-02,56.62,57.54,56.43,57.47,,1406600.0
2013-08-05,57.44,58.23,57.14,57.9,,1787000.0
2013-08-06,57.87,58.18,56.82,57.54,,2474400.0
2013-08-07,60.21,60.64,58.32,58.67,,4705100.0
2013-08-08,59.29,60.18,58.7,59.56,,2361300.0
2013-08-09,59.59,60.08,59.34,59.65,,1832200.0
2013-08-12,59.4,60.26,59.14,59.62,,2002200.0
2013-08-13,59.71,59.77,58.87,59.43,,1141300.0
2013-08-14,59.38,59.68,58.63,58.74,,1274100.0
2013-08-15,58.41,59.26,57.95,58.81,,1275700.0
2013-08-16,58.41,58.92,57.95,58.4,,1251000.0
2013-08-19,58.41,58.63,57.29,57.34,,1376400.0
2013-08-20,57.35,58.55,57.15,58.07,,1197700.0
2013-08-21,57.98,57.98,56.86,57.03,,1180600.0
2013-08-22,57.36,58.35,57.25,57.99,,731500.0
2013-08-23,57.99,58.88,57.66,58.82,,1042100.0
2013-08-26,59.06,59.94,58.9,59.0,,1102100.0
2013-08-27,58.65,59.55,58.59,58.7,,1133800.0
2013-08-28,58.94,60.58,58.9,59.89,,1758900.0
2013-08-29,59.61,59.83,58.84,59.0,,995400.0
2013-08-30,59.15,59.46,58.7,58.98,,1083100.0
2013-09-03,59.89,60.27,58.98,59.5,,1103800.0
2013-09-04,59.15,60.47,59.15,60.29,,1305900.0
2013-09-05,60.55,61.07,60.45,60.63,,983900.0
2013-09-06,61.06,61.72,60.31,60.74,,1886200.0
2013-09-09,61.25,61.59,60.9,61.46,,1873500.0
2013-09-10,61.4,61.86,60.44,61.4,,1710300.0
2013-09-11,61.39,62.86,61.16,62.78,,1806700.0
2013-09-12,62.92,63.38,62.72,63.09,,1565100.0
2013-09-13,63.0,63.15,62.38,62.51,,1044700.0
2013-09-16,62.92,63.09,62.0,62.27,,1233300.0
2013-09-17,62.53,63.23,62.26,63.01,,1034900.0
2013-09-18,62.82,64.73,62.79,64.52,,1435100.0
2013-09-19,64.63,64.9,63.6,64.12,,1061000.0
2013-09-20,64.03,64.42,63.29,63.42,,1838700.0
2013-09-23,63.31,63.74,63.14,63.42,,1326000.0
2013-09-24,63.62,65.32,63.33,64.63,,2116800.0
2013-09-25,64.63,65.08,64.12,64.36,,1753700.0
2013-09-26,64.49,64.66,63.78,64.63,,966800.0
2013-09-27,64.31,64.47,63.77,64.12,,830300.0
2013-09-30,62.93,63.97,62.76,63.58,,1296900.0
2013-10-01,63.32,64.91,63.3,64.65,,1404600.0
2013-10-02,64.55,64.73,63.54,64.73,,1358800.0
2013-10-03,64.58,64.68,63.84,64.52,,1257700.0
2013-10-04,64.57,65.67,64.05,65.57,,1603200.0
2013-10-07,64.68,65.43,64.32,64.91,,1711900.0
2013-10-08,64.72,65.59,64.0,64.39,,1772500.0
2013-10-09,64.72,65.18,63.7,64.42,,1919800.0
2013-10-10,65.12,65.7,64.95,65.67,,1516300.0
2013-10-11,65.47,67.96,65.44,67.22,,1949900.0
2013-10-14,66.61,68.01,66.22,68.0,,1230600.0
2013-10-15,67.77,68.42,67.3,67.66,,1518500.0
2013-10-16,68.6,69.88,68.22,68.53,,2288600.0
2013-10-17,68.3,68.57,67.41,68.19,,2321700.0
2013-10-18,68.67,69.24,67.99,69.1,,2151000.0
2013-10-21,68.8,69.74,68.67,69.3,,1202500.0
2013-10-22,70.22,70.79,69.02,69.61,,1965000.0
2013-10-23,68.84,68.84,66.36,67.09,,2720700.0
2013-10-24,66.94,68.64,66.21,68.21,,2041000.0
2013-10-25,68.56,69.21,68.16,68.96,,1291900.0
2013-10-28,69.11,69.14,68.38,68.58,,917500.0
2013-10-29,68.75,69.84,68.54,69.58,,1430900.0
2013-10-30,70.05,70.25,67.25,67.8,,1957500.0
2013-10-31,67.66,68.01,66.43,67.07,,1977200.0
2013-11-01,67.15,67.68,65.94,67.29,,1816600.0
2013-11-04,67.85,69.02,67.57,68.97,,1368600.0
2013-11-05,68.93,68.93,67.49,67.57,,1843100.0
2013-11-06,68.17,68.76,66.15,66.41,,2333400.0
2013-11-07,67.41,67.76,62.05,64.51,,4519500.0
2013-11-08,64.33,65.14,64.12,64.27,,2788900.0
2013-11-11,64.37,64.53,63.77,64.46,,1646600.0
2013-11-12,64.18,64.32,62.33,62.82,,2289600.0
2013-11-13,62.57,63.86,62.33,63.71,,2356600.0
2013-11-14,63.72,63.94,63.14,63.79,,1845300.0
2013-11-15,64.02,64.72,63.11,64.43,,2161200.0
2013-11-18,64.48,64.74,62.96,63.36,,1516000.0
2013-11-19,63.21,63.71,62.28,63.12,,1557700.0
2013-11-20,63.48,63.82,62.49,62.75,,1505300.0
2013-11-21,63.21,63.9,63.08,63.65,,1539600.0
2013-11-22,63.99,64.07,62.92,63.97,,1268300.0
2013-11-25,63.66,63.68,62.28,63.61,,1888900.0
2013-11-26,63.67,64.47,63.05,63.61,,1590200.0
2013-11-27,63.51,63.8,62.23,62.57,,1680100.0
2013-11-29,62.6,62.83,61.73,62.03,,1124200.0
2013-12-02,62.41,62.61,61.33,62.03,,1517200.0
2013-12-03,61.83,62.68,60.84,62.21,,2081900.0
2013-12-04,62.26,63.58,62.22,62.83,,1875700.0
2013-12-05,62.16,63.06,61.72,62.18,,2236900.0
2013-12-06,62.77,62.82,60.11,60.17,,3671600.0
2013-12-09,60.5,60.62,58.77,59.45,,4273700.0
2013-12-10,59.56,60.88,59.45,59.89,,2277200.0
2013-12-11,59.72,59.83,58.65,58.75,,2120000.0
2013-12-12,58.81,59.9,58.74,59.54,,1906500.0
2013-12-13,59.28,59.91,58.83,59.78,,2244300.0
2013-12-16,59.9,60.89,59.9,60.05,,2060100.0
2013-12-17,60.35,60.35,59.22,60.02,,1735900.0
2013-12-18,60.02,61.05,59.52,60.9,,2982700.0
2013-12-19,60.78,62.37,60.6,62.16,,2536800.0
2013-12-20,62.45,63.66,62.2,63.36,,3132900.0
2013-12-23,63.63,63.85,62.72,63.02,,1514000.0
2013-12-24,63.09,63.26,62.49,63.26,,489100.0
2013-12-26,63.33,63.74,63.04,63.17,,886100.0
2013-12-27,63.21,63.72,63.04,63.6,,842600.0
2013-12-30,63.52,64.1,62.48,62.92,,1405700.0
2013-12-31,62.91,63.48,62.58,63.1,,1054900.0
2014-01-02,62.62,63.14,61.68,62.04,,1471700.0
2014-01-03,62.31,62.65,61.59,61.87,,1346900.0
2014-01-06,61.95,62.16,61.03,61.66,,1824600.0
2014-01-07,62.06,62.75,61.55,62.73,,1643400.0
2014-01-08,62.42,63.1,62.05,62.7,,1428900.0
2014-01-09,62.94,63.49,62.21,62.78,,1769700.0
2014-01-10,62.96,63.2,62.4,62.71,,1474900.0
2014-01-13,62.94,63.26,61.27,61.45,,1336300.0
2014-01-14,61.68,63.43,61.52,63.39,,1610900.0
2014-01-15,63.78,65.22,63.76,64.12,,2044400.0
2014-01-16,64.02,64.42,63.49,64.02,,1671200.0
2014-01-17,64.34,64.69,63.58,63.59,,1662900.0
2014-01-21,63.67,64.19,63.28,63.69,,1597500.0
2014-01-22,64.06,64.85,63.7,64.63,,1794300.0
2014-01-23,63.9,64.64,63.32,63.67,,2241400.0
2014-01-24,63.25,63.62,62.15,62.3,,2822700.0
2014-01-27,62.16,62.28,60.69,61.01,,1903000.0
2014-01-28,61.49,63.04,61.08,62.94,,1646300.0
2014-01-29,62.45,62.54,61.55,61.97,,1640200.0
2014-01-30,62.14,63.04,61.97,62.53,,1131500.0
2014-01-31,61.98,63.08,61.42,62.19,,1319800.0
2014-02-03,61.95,62.8,60.78,60.87,,2264400.0
2014-02-04,61.22,63.6,61.16,63.45,,3288400.0
2014-02-05,63.27,63.87,62.77,63.04,,2146500.0
2014-02-06,63.11,65.41,63.11,65.21,,2571100.0
2014-02-07,65.78,66.57,65.16,66.43,,2085300.0
2014-02-10,66.53,66.53,65.14,65.56,,1769100.0
2014-02-11,65.6,66.32,65.32,65.76,,1649400.0
2014-02-12,66.15,66.58,65.67,65.91,,1292500.0
2014-02-13,65.33,66.52,64.96,66.04,,1716300.0
2014-02-14,66.13,66.71,65.82,66.6,,1168800.0
2014-02-18,67.04,67.84,67.0,67.72,,1827300.0
2014-02-19,67.39,68.35,67.14,67.32,,1917500.0
2014-02-20,67.38,68.52,67.05,67.76,,2256000.0
2014-02-21,67.92,68.11,66.97,66.99,,2705400.0
2014-02-24,67.16,68.36,66.63,67.9,,3526600.0
2014-02-25,68.82,69.68,67.46,69.25,,3730600.0
2014-02-26,69.1,70.91,68.83,70.17,,3607200.0
2014-02-27,70.16,70.62,69.44,70.56,,1889800.0
2014-02-28,70.65,71.92,70.42,71.29,,2538200.0
2014-03-03,71.15,72.26,70.99,71.24,,2804200.0
2014-03-04,71.69,72.61,71.63,72.1,,2132700.0
2014-03-05,72.28,72.72,71.53,71.69,,1950400.0
2014-03-06,71.78,72.34,71.26,71.91,,1725300.0
2014-03-07,72.08,72.24,70.83,71.48,,1958600.0
2014-03-10,71.48,71.48,70.43,71.15,,1379600.0
2014-03-11,71.45,71.57,69.75,69.85,,2051600.0
2014-03-12,69.1,70.17,68.37,69.68,,2043800.0
2014-03-13,70.1,70.25,68.41,68.84,,1881900.0
2014-03-14,68.86,70.08,68.84,69.99,,1589200.0
2014-03-17,70.23,70.76,70.0,70.47,,1361200.0
2014-03-18,70.53,71.71,70.45,71.19,,1583000.0
2014-03-19,71.27,71.3,70.02,70.58,,1582500.0
2014-03-20,70.61,71.72,70.03,71.63,,2011200.0
2014-03-21,72.23,72.7,71.28,72.13,,2665900.0
2014-03-24,72.36,72.63,70.93,71.36,,1730800.0
2014-03-25,71.95,72.63,71.85,72.1,,1908200.0
2014-03-26,72.47,73.51,72.22,72.31,,2058600.0
2014-03-27,72.37,73.54,72.27,72.81,,1764100.0
2014-03-28,73.19,74.83,73.06,74.2,,2025500.0
2014-03-31,74.7,75.09,73.41,73.83,,4142800.0
2014-04-01,74.81,75.54,73.96,74.51,,1711450.0
2014-04-02,73.97,74.86,73.78,74.6,,2858000.0
2014-04-03,74.77,76.4,74.72,75.76,,5219000.0
2014-04-04,77.28,77.75,74.48,75.1,,4028600.0
2014-04-07,75.06,75.26,73.35,73.72,,3146300.0
2014-04-08,73.6,74.96,73.42,74.3,,3293600.0
2014-04-09,74.48,74.65,73.76,74.48,,3826700.0
2014-04-10,74.24,75.27,73.44,73.85,,4706000.0
2014-04-11,73.52,74.85,73.44,74.24,,4581500.0
2014-04-14,75.01,75.44,74.4,75.34,,3427800.0
2014-04-15,75.09,76.63,75.01,76.2,,4695400.0
2014-04-16,76.48,77.03,75.69,76.13,,3650900.0
2014-04-17,76.0,77.51,76.0,77.21,,3253200.0
2014-04-21,77.61,78.07,76.75,78.03,,2404700.0
2014-04-22,77.83,77.83,76.96,77.13,,3332800.0
2014-04-23,77.27,79.27,77.27,79.2,,3445700.0
2014-04-24,79.51,79.51,77.95,77.99,,3716000.0
2014-04-25,77.82,77.85,74.25,74.64,,7168000.0
2014-04-28,75.32,75.37,72.75,73.91,,5112100.0
2014-04-29,74.52,76.29,74.49,75.08,,4089100.0
2014-04-30,74.67,74.76,73.11,73.86,,6297700.0
2014-05-01,74.11,74.44,72.96,73.2,,4240100.0
2014-05-02,73.33,74.05,72.97,73.15,,3710900.0
2014-05-05,72.38,75.15,72.36,74.8,,4757400.0
2014-05-06,77.48,80.27,76.75,78.1,,8515800.0
2014-05-07,78.84,79.48,77.36,78.98,,5705400.0
2014-05-08,78.4,78.8,76.59,76.67,,3264300.0
2014-05-09,76.87,77.1,75.85,77.09,,3709500.0
2014-05-12,77.3,78.18,76.86,78.11,,3351800.0
2014-05-13,78.82,79.51,78.43,79.26,,3426300.0
2014-05-14,79.43,79.51,78.28,78.31,,2415000.0
2014-05-15,78.36,78.37,76.54,77.43,,2608100.0
2014-05-16,77.3,77.54,76.38,77.25,,2846300.0
2014-05-19,77.25,77.9,76.84,77.1,,1832600.0
2014-05-20,77.04,77.59,76.48,76.79,,1937500.0
2014-05-21,77.4,78.65,76.97,78.5,,1777500.0
2014-05-22,78.6,79.26,78.03,78.14,,2457100.0
2014-05-23,78.3,79.25,77.96,78.36,,2535000.0
2014-05-27,78.71,79.11,78.19,78.93,,2072500.0
2014-05-28,79.03,79.61,78.68,79.28,,2724800.0
2014-05-29,79.45,80.42,79.14,80.39,,2565500.0
2014-05-30,80.09,80.16,79.32,79.74,,2293300.0
2014-06-02,79.85,79.89,79.1,79.42,,1712400.0
2014-06-03,79.48,80.39,79.34,80.39,,1974800.0
2014-06-04,80.25,80.44,79.56,80.17,,1695600.0
2014-06-05,80.15,81.33,79.75,81.32,,2212100.0
2014-06-06,81.5,82.57,81.43,82.39,,2151400.0
2014-06-09,82.97,83.47,82.15,82.53,,2366300.0
2014-06-10,82.44,82.72,81.71,81.92,,2174200.0
2014-06-11,81.59,83.59,81.5,83.43,,2683700.0
2014-06-12,84.0,85.18,83.82,84.13,,3799500.0
2014-06-13,84.24,85.96,83.3,85.93,,3126400.0
2014-06-16,86.83,86.83,85.18,85.94,,4075200.0
2014-06-17,85.88,85.88,83.85,84.71,,5247000.0
2014-06-18,84.85,85.8,84.22,85.57,,2912400.0
2014-06-19,85.27,87.31,84.8,87.28,,3865900.0
2014-06-20,88.22,89.23,87.54,88.92,,5556100.0
2014-06-23,89.33,89.6,88.14,88.49,,3328800.0
2014-06-24,88.32,88.52,84.59,85.18,,4574300.0
2014-06-25,85.41,87.61,85.41,87.44,,3456700.0
2014-06-26,87.19,87.29,85.97,86.99,,2355100.0
2014-06-27,86.85,87.37,86.45,87.31,,2801600.0
2014-06-30,87.49,88.32,87.31,88.07,,2342000.0
2014-07-01,88.51,88.89,87.44,87.84,,2793600.0
2014-07-02,88.07,88.62,87.08,87.6,,2649800.0
2014-07-03,87.63,88.2,86.76,87.99,,1677900.0
2014-07-07,87.73,87.8,86.99,87.22,,1574500.0
2014-07-08,86.95,87.84,86.77,87.41,,2511100.0
2014-07-09,87.5,87.9,86.82,87.85,,1938800.0
2014-07-10,86.58,87.34,85.74,86.64,,2212700.0
2014-07-11,87.23,87.23,85.46,85.66,,2482100.0
2014-07-14,86.41,87.46,86.15,87.19,,2956100.0
2014-07-15,86.7,87.24,84.99,85.59,,3367700.0
2014-07-16,86.48,88.49,86.14,88.35,,3181000.0
2014-07-17,88.64,89.64,87.03,87.18,,2286700.0
2014-07-18,87.04,87.81,86.27,87.55,,2605200.0
2014-07-21,87.42,87.84,86.86,87.64,,1595000.0
2014-07-22,88.09,88.74,87.37,87.94,,2600600.0
2014-07-23,88.05,88.05,86.99,87.48,,3621600.0
2014-07-24,87.88,88.22,87.3,87.67,,2864400.0
2014-07-25,87.21,87.42,86.32,86.63,,1981100.0
2014-07-28,86.63,86.78,85.26,85.55,,2993500.0
2014-07-29,85.46,87.02,85.4,86.19,,2502800.0
2014-07-30,86.64,87.1,85.53,85.73,,1778300.0
2014-07-31,85.14,85.33,82.52,82.57,,4162500.0
2014-08-01,81.98,82.85,80.85,81.52,,3966400.0
2014-08-04,82.04,84.6,81.55,84.36,,3002600.0
2014-08-05,84.36,84.36,81.12,81.96,,4848700.0
2014-08-06,80.75,81.87,79.7,80.46,,5007700.0
2014-08-07,81.21,81.21,79.52,80.02,,2977200.0
2014-08-08,80.03,81.41,80.03,81.32,,2354100.0
2014-08-11,82.03,82.24,81.43,81.71,,2760600.0
2014-08-12,81.4,81.86,80.23,80.5,,3265800.0
2014-08-13,81.23,81.4,80.14,80.24,,2337400.0
2014-08-14,80.9,80.91,78.14,78.42,,3490700.0
2014-08-15,78.45,80.29,78.22,80.05,,4557700.0
2014-08-18,80.47,80.66,78.97,79.55,,3275500.0
2014-08-19,80.05,81.0,79.72,80.75,,3145300.0
2014-08-20,80.8,81.07,80.05,80.94,,2185900.0
2014-08-21,81.11,81.12,79.99,80.88,,2138800.0
2014-08-22,80.42,80.61,79.68,80.18,,2075400.0
2014-08-25,80.68,81.68,80.43,81.44,,1932600.0
2014-08-26,82.14,83.35,81.86,82.54,,3283200.0
2014-08-27,82.57,82.58,81.54,81.95,,1996700.0
2014-08-28,81.73,82.3,81.56,81.78,,1756800.0
2014-08-29,82.09,82.98,81.77,82.91,,1802700.0
2014-09-02,82.67,82.88,80.79,81.27,,2755100.0
2014-09-03,82.13,82.3,81.08,81.29,,1479100.0
2014-09-04,81.31,81.48,78.45,78.93,,3937200.0
2014-09-05,78.73,79.44,77.75,79.36,,3235500.0
2014-09-08,78.52,78.52,76.02,76.51,,5549200.0
2014-09-09,76.68,77.33,76.07,76.44,,3636000.0
2014-09-10,76.15,77.07,74.95,76.97,,3713700.0
2014-09-11,76.15,77.81,75.83,77.76,,4596100.0
2014-09-12,77.34,77.39,76.23,76.45,,3699800.0
2014-09-15,76.05,77.27,75.54,76.89,,3055400.0
2014-09-16,77.21,79.9,76.77,79.39,,4116100.0
2014-09-17,79.71,80.05,78.86,79.37,,3689600.0
2014-09-18,79.84,79.97,78.63,79.21,,3003200.0
2014-09-19,79.4,79.9,78.44,78.75,,6346200.0
2014-09-22,78.33,78.36,75.88,76.76,,4053384.0
2014-09-23,76.62,76.68,75.79,76.08,,5577150.0
2014-09-24,76.16,77.62,75.11,77.07,,4583968.0
2014-09-25,77.44,77.49,75.56,75.72,,3587247.0
2014-09-26,75.73,77.27,75.61,76.87,,3327471.0
2014-09-29,76.05,77.0,75.53,76.86,,4301482.0
2014-09-30,76.85,76.85,73.53,74.71,,6423866.0
2014-10-01,74.85,75.25,72.55,73.07,,5856764.0
2014-10-02,72.25,73.67,71.13,73.23,,5382663.0
2014-10-03,73.73,73.73,72.11,72.86,,4433900.0
2014-10-06,73.07,73.19,71.2,71.75,,5115314.0
2014-10-07,71.69,72.45,70.6,70.63,,5518926.0
2014-10-08,70.4,71.44,68.51,71.35,,7724206.0
2014-10-09,70.65,70.72,68.57,69.38,,9684659.0
2014-10-10,68.71,69.38,66.86,67.78,,9915502.0
2014-10-13,67.34,68.13,63.06,63.2,,9448894.0
2014-10-14,64.43,65.55,63.0,63.26,,12229591.0
2014-10-15,62.01,66.92,61.28,66.65,,11110299.0
2014-10-16,64.4,69.94,64.4,68.99,,10111528.0
2014-10-17,71.21,72.23,68.23,68.96,,8665807.0
2014-10-20,69.27,70.4,68.62,70.12,,4420632.0
2014-10-21,71.32,72.68,71.26,72.59,,6298927.0
2014-10-22,73.14,73.33,69.53,69.6,,7673079.0
2014-10-23,71.24,71.69,69.85,70.6,,9219270.0
2014-10-24,70.26,70.32,68.19,69.62,,5417369.0
2014-10-27,68.25,68.25,65.73,66.85,,7434352.0
2014-10-28,67.13,69.48,66.18,69.17,,6123604.0
2014-10-29,71.24,72.06,69.36,70.4,,5926201.0
2014-10-30,69.98,70.52,68.81,69.71,,3743462.0
2014-10-31,69.51,71.89,68.59,71.85,,5495238.0
2014-11-03,71.85,73.18,70.22,70.54,,7006317.0
2014-11-04,67.79,68.79,67.28,68.25,,8200139.0
2014-11-05,72.19,73.68,70.73,72.65,,11399923.0
2014-11-06,71.96,74.97,71.9,74.82,,8201786.0
2014-11-07,75.38,76.79,75.04,75.25,,7009155.0
2014-11-10,76.36,77.29,74.07,74.46,,5947365.0
2014-11-11,74.46,74.89,73.41,74.65,,4276835.0
2014-11-12,74.6,75.1,73.59,73.75,,3433648.0
2014-11-13,72.95,73.65,71.41,72.46,,5859272.0
2014-11-14,72.81,74.35,72.72,74.2,,3992513.0
2014-11-17,73.33,73.61,72.37,72.83,,4349405.0
2014-11-18,72.81,74.28,72.64,73.83,,3917678.0
2014-11-19,74.65,74.69,73.16,74.33,,3830788.0
2014-11-20,74.42,75.81,74.34,75.17,,4623920.0
2014-11-21,77.48,77.89,76.57,76.91,,6378042.0
2014-11-24,76.49,76.91,75.03,75.26,,4110740.0
2014-11-25,75.81,75.84,73.11,73.13,,5591953.0
2014-11-26,73.04,73.05,70.95,71.11,,5346334.0
2014-11-28,65.89,66.85,64.4,65.55,,9472136.0
2014-12-01,64.65,66.21,63.24,65.95,,10063494.0
2014-12-02,66.05,69.04,65.67,68.26,,10159637.0
2014-12-03,69.33,70.76,68.64,69.4,,6243943.0
2014-12-04,68.63,70.3,67.85,70.3,,5112561.0
2014-12-05,69.48,69.58,67.87,68.6,,7572506.0
2014-12-08,67.34,67.66,66.15,66.67,,8672013.0
2014-12-09,65.77,68.88,65.59,67.39,,8197533.0
2014-12-10,65.3,65.96,64.66,65.61,,8821257.0
2014-12-11,65.91,67.85,65.11,65.66,,5807886.0
2014-12-12,64.49,66.84,64.33,65.29,,6611854.0
2014-12-15,65.83,66.65,64.21,64.51,,6866988.0
2014-12-16,63.39,67.57,63.33,64.61,,8310789.0
2014-12-17,66.23,69.71,65.09,68.9,,10269454.0
2014-12-18,70.93,71.35,67.2,69.89,,8888465.0
2014-12-19,70.78,71.88,69.89,71.83,,7853411.0
2014-12-22,71.22,72.28,70.82,71.86,,6746298.0
2014-12-23,72.37,73.53,71.47,72.88,,4251671.0
2014-12-24,72.28,72.3,69.93,71.1,,3015309.0
2014-12-26,71.74,71.97,70.55,70.92,,2210553.0
2014-12-29,71.47,71.97,70.64,71.31,,3396978.0
2014-12-30,70.68,71.31,69.46,70.08,,3379372.0
2014-12-31,69.52,70.72,68.6,69.6,,3329161.0
2015-01-02,68.8,70.29,68.31,69.73,,3463289.0
2015-01-05,68.0,68.62,65.03,65.52,,6173633.0
2015-01-06,64.89,65.46,62.56,63.66,,8150001.0
2015-01-07,64.39,64.81,62.53,63.26,,5950313.0
2015-01-08,64.04,66.26,63.55,65.68,,5839080.0
2015-01-09,65.78,66.55,65.02,66.11,,4002104.0
2015-01-12,64.34,64.52,62.89,63.88,,4809907.0
2015-01-13,64.23,65.51,63.54,64.3,,5463581.0
2015-01-14,63.67,66.72,63.37,66.45,,6696077.0
2015-01-15,67.44,67.79,65.48,65.54,,4941650.0
2015-01-16,65.79,68.57,65.54,68.4,,5483464.0
2015-01-20,67.48,68.0,66.29,67.66,,5960560.0
2015-01-21,68.61,69.22,67.92,68.57,,4911539.0
2015-01-22,69.21,69.21,67.09,68.44,,4470971.0
2015-01-23,68.22,70.07,67.94,68.76,,4433593.0
2015-01-26,69.1,69.97,68.28,69.93,,3431019.0
2015-01-27,69.63,71.5,69.01,70.44,,5282954.0
2015-01-28,69.93,70.2,66.47,66.73,,5773162.0
2015-01-29,67.5,67.72,65.71,67.34,,5188673.0
2015-01-30,66.77,68.22,66.2,67.43,,7469810.0
2015-02-02,68.91,70.11,67.81,70.07,,5615398.0
2015-02-03,71.74,74.13,71.69,72.94,,8906563.0
2015-02-04,71.5,73.87,70.85,72.1,,9868596.0
2015-02-05,72.49,73.68,72.07,72.85,,5595960.0
2015-02-06,73.46,73.63,72.38,72.55,,5297475.0
2015-02-09,73.16,73.64,72.54,72.67,,4249851.0
2015-02-10,73.2,73.23,71.07,72.15,,4308296.0
2015-02-11,71.07,71.26,69.79,70.59,,6331834.0
2015-02-12,71.92,72.13,70.79,71.8,,3944487.0
2015-02-13,72.66,73.44,72.14,73.41,,4158472.0
2015-02-17,72.77,73.22,72.44,73.08,,4234184.0
2015-02-18,71.81,73.08,71.57,72.19,,4522787.0
2015-02-19,65.65,71.75,65.57,71.04,,18682231.0
2015-02-20,70.5,70.78,68.22,68.98,,7937509.0
2015-02-23,68.21,69.75,67.6,69.63,,5501226.0
2015-02-24,70.32,70.44,69.12,69.38,,4214973.0
2015-02-25,69.33,70.63,69.14,70.46,,5787809.0
2015-02-26,69.54,69.87,67.87,68.26,,5426658.0
2015-02-27,68.64,68.7,67.63,67.95,,3837526.0
2015-03-02,67.47,67.56,65.95,67.45,,5347819.0
2015-03-03,67.39,69.0,67.1,68.44,,4380705.0
2015-03-04,68.32,68.88,67.07,68.54,,3924790.0
2015-03-05,68.05,68.56,67.69,67.85,,2688091.0
2015-03-06,67.35,68.16,66.82,67.08,,4063583.0
2015-03-09,66.71,67.6,66.38,66.44,,3443595.0
2015-03-10,65.8,67.08,65.25,65.28,,4862440.0
2015-03-11,65.45,66.17,65.04,65.55,,3973714.0
2015-03-12,65.93,66.04,64.85,64.92,,3051652.0
2015-03-13,64.53,64.88,63.7,64.67,,4415161.0
2015-03-16,64.46,66.67,64.42,66.57,,4953790.0
2015-03-17,65.79,66.63,65.44,65.74,,3798459.0
2015-03-18,65.2,69.2,65.13,68.66,,5386050.0
2015-03-19,67.71,68.09,66.92,67.81,,3558725.0
2015-03-20,67.98,69.63,67.73,68.68,,5980026.0
2015-03-23,69.11,69.23,67.41,67.41,,3199682.0
2015-03-24,67.56,68.12,67.13,67.29,,2681222.0
2015-03-25,67.92,68.65,67.25,68.13,,3664807.0
2015-03-26,69.29,69.63,68.35,69.19,,4856933.0
2015-03-27,68.63,69.01,68.27,68.59,,2539126.0
2015-03-30,69.41,70.06,68.76,69.79,,3478814.0
2015-03-31,69.02,70.04,68.79,69.44,,3575881.0
2015-04-01,69.71,70.7,68.97,69.09,,3814311.0
2015-04-02,68.39,70.41,67.58,70.22,,4596338.0
2015-04-06,70.71,72.25,70.66,71.85,,4769984.0
2015-04-07,72.1,72.7,71.28,71.4,,5231811.0
2015-04-08,71.96,72.39,71.04,71.22,,3274411.0
2015-04-09,71.28,72.76,71.28,72.49,,3408394.0
2015-04-10,72.61,73.16,72.14,73.16,,2570412.0
2015-04-13,73.28,73.39,71.35,71.72,,3111389.0
2015-04-14,72.58,73.56,72.33,73.18,,3204352.0
2015-04-15,73.41,74.61,73.16,74.32,,5859464.0
2015-04-16,74.22,75.07,73.72,74.35,,4054436.0
2015-04-17,73.62,73.95,73.13,73.77,,3201149.0
2015-04-20,73.73,75.12,73.73,74.16,,3130708.0
2015-04-21,74.22,74.6,73.11,73.28,,3238541.0
2015-04-22,73.55,74.81,73.06,74.12,,2897780.0
2015-04-23,74.34,75.3,74.23,74.56,,2707385.0
2015-04-24,74.28,74.33,72.77,73.38,,3139607.0
2015-04-27,74.01,74.32,73.26,73.87,,2980489.0
2015-04-28,74.08,74.97,74.08,74.7,,3736627.0
2015-04-29,74.52,75.85,74.19,75.67,,3902568.0
2015-04-30,75.87,76.2,74.72,75.07,,3461923.0
2015-05-01,75.27,76.63,74.06,75.04,,3584709.0
2015-05-04,75.19,76.9,74.77,75.41,,7311516.0
2015-05-05,74.88,76.02,71.72,71.73,,11761465.0
2015-05-06,72.99,73.49,71.69,72.14,,5162579.0
2015-05-07,72.91,72.91,70.12,70.94,,5197582.0
2015-05-08,71.68,71.7,70.22,70.94,,4922339.0
2015-05-11,71.36,71.5,69.39,69.5,,3952180.0
2015-05-12,69.62,71.01,69.58,70.87,,3468460.0
2015-05-13,71.35,71.37,69.03,69.5,,3548294.0
2015-05-14,69.79,69.86,68.8,68.84,,3581671.0
2015-05-15,68.53,69.22,67.71,68.64,,3267370.0
2015-05-18,68.71,69.83,68.21,69.65,,3017561.0
2015-05-19,69.41,69.5,68.46,68.48,,3588533.0
2015-05-20,68.74,68.83,68.1,68.63,,3733899.0
2015-05-21,69.17,69.67,68.8,69.41,,3957851.0
2015-05-22,68.59,69.34,68.34,68.48,,3055520.0
2015-05-26,67.71,68.14,67.18,67.64,,3920655.0
2015-05-27,67.62,68.24,67.15,67.52,,3016835.0
2015-05-28,67.18,67.8,66.77,67.64,,3790844.0
2015-05-29,67.84,67.92,66.96,67.29,,3948436.0
2015-06-01,67.54,67.62,66.9,67.34,,2886599.0
2015-06-02,67.54,68.55,66.92,68.11,,3581134.0
2015-06-03,67.94,68.64,67.5,67.53,,2158389.0
2015-06-04,66.94,67.62,66.22,66.29,,3774189.0
2015-06-05,66.01,68.77,65.87,68.04,,4429916.0
2015-06-08,67.8,68.25,67.24,67.61,,2755687.0
2015-06-09,68.3,69.41,67.59,67.59,,2660975.0
2015-06-10,68.58,68.82,68.02,68.59,,2914822.0
2015-06-11,69.04,69.08,68.46,68.78,,2300930.0
2015-06-12,68.4,68.61,67.62,67.93,,2464075.0
2015-06-15,67.15,68.18,67.14,67.69,,2795348.0
2015-06-16,67.58,68.56,67.54,68.34,,2286365.0
2015-06-17,68.8,69.16,67.08,67.54,,4998133.0
2015-06-18,68.1,68.38,67.18,67.38,,3602476.0
2015-06-19,66.99,67.62,66.95,66.97,,4285932.0
2015-06-22,67.22,67.27,66.35,66.83,,2842589.0
2015-06-23,66.98,67.39,66.51,67.36,,3613321.0
2015-06-24,67.18,67.58,66.84,67.02,,3785753.0
2015-06-25,66.89,66.97,66.23,66.5,,3797722.0
2015-06-26,66.46,67.3,66.07,66.81,,11406566.0
2015-06-29,66.0,66.72,65.36,65.44,,4022174.0
2015-06-30,66.0,66.69,65.51,66.42,,3941448.0
2015-07-01,66.65,66.65,64.37,65.07,,4644490.0
2015-07-02,65.21,65.78,64.93,65.0,,2699914.0
2015-07-06,64.1,65.38,63.77,64.56,,3513261.0
2015-07-07,65.08,66.08,63.6,65.79,,5117548.0
2015-07-08,65.32,65.95,63.73,64.1,,4681214.0
2015-07-09,65.24,66.27,64.63,64.72,,3783964.0
2015-07-10,65.23,65.82,64.07,64.14,,2903574.0
2015-07-13,64.13,64.33,63.33,63.89,,3830171.0
2015-07-14,63.88,64.97,63.81,64.66,,3276097.0
2015-07-15,64.33,64.79,63.14,63.29,,3917347.0
2015-07-16,63.66,63.71,62.6,62.64,,4019255.0
2015-07-17,62.32,62.45,61.02,61.2,,6069186.0
2015-07-20,61.0,61.01,59.24,59.24,,7052646.0
2015-07-21,59.37,59.59,58.49,58.79,,6823609.0
2015-07-22,58.67,58.91,57.59,57.85,,7204819.0
2015-07-23,57.93,58.4,57.37,58.02,,6335408.0
2015-07-24,57.85,58.22,56.73,57.14,,5850150.0
2015-07-27,56.33,56.81,55.39,55.64,,5621305.0
2015-07-28,55.8,58.96,55.8,58.42,,7886713.0
2015-07-29,58.16,60.07,58.16,59.1,,6360574.0
2015-07-30,59.03,59.84,58.39,59.71,,4539712.0
2015-07-31,59.3,59.53,58.54,58.68,,4190210.0
2015-08-03,57.93,59.02,57.36,58.11,,5136474.0
2015-08-04,58.6,59.12,58.04,58.34,,3981908.0
2015-08-05,59.34,60.02,57.75,57.85,,4858710.0
2015-08-06,57.51,59.56,57.24,59.05,,6702154.0
2015-08-07,57.21,59.83,55.52,56.07,,8476104.0
2015-08-10,56.01,58.14,55.97,57.98,,6935127.0
2015-08-11,57.12,58.86,56.39,58.77,,5976015.0
2015-08-12,58.78,61.02,58.16,60.76,,8330618.0
2015-08-13,60.29,61.2,59.56,60.57,,5874574.0
2015-08-14,60.44,61.49,59.91,60.76,,3908053.0
2015-08-17,60.44,60.94,59.97,60.83,,3747234.0
2015-08-18,60.6,61.23,60.27,61.13,,3536669.0
2015-08-19,60.72,60.72,57.83,58.59,,6122143.0
2015-08-20,58.55,59.63,58.24,58.33,,6793498.0
2015-08-21,58.07,58.86,56.35,56.91,,7766701.0
2015-08-24,53.22,55.71,51.81,52.65,,9517766.0
2015-08-25,54.81,54.82,51.92,51.97,,6718846.0
2015-08-26,53.38,54.01,52.0,53.97,,6756922.0
2015-08-27,55.53,57.85,55.39,57.62,,7160488.0
2015-08-28,57.6,60.32,57.33,58.77,,6961708.0
2015-08-31,57.85,60.18,56.69,59.53,,6863289.0
2015-09-01,57.73,58.78,57.15,57.79,,6376800.0
2015-09-02,58.6,59.08,56.92,59.08,,5356445.0
2015-09-03,59.49,60.94,58.38,58.88,,6228140.0
2015-09-04,57.94,58.87,57.74,58.45,,4700715.0
2015-09-08,58.98,59.43,57.36,59.04,,5137591.0
2015-09-09,59.86,60.32,58.29,58.48,,6445384.0
2015-09-10,58.97,59.48,57.88,59.34,,4812652.0
2015-09-11,58.35,58.85,57.66,58.65,,4571796.0
2015-09-14,58.65,58.65,57.81,58.1,,3704992.0
2015-09-15,58.57,59.15,58.21,58.73,,3650540.0
2015-09-16,59.05,60.95,58.89,60.77,,3995149.0
2015-09-17,60.83,61.71,60.15,60.56,,5499094.0
2015-09-18,59.95,60.2,57.72,57.97,,6047594.0
2015-09-21,58.58,58.79,57.68,58.17,,3258693.0
2015-09-22,57.34,58.28,56.78,57.18,,3433813.0
2015-09-23,57.2,57.72,55.4,55.53,,3891372.0
2015-09-24,54.96,56.04,54.34,55.69,,4443613.0
2015-09-25,56.3,56.42,54.88,55.34,,3894307.0
2015-09-28,54.54,54.88,52.53,52.78,,4565469.0
2015-09-29,53.11,53.72,52.56,53.31,,3773416.0
2015-09-30,53.86,55.45,53.72,55.34,,4762676.0
2015-10-01,56.1,57.53,55.5,55.94,,5683980.0
2015-10-02,55.25,58.88,54.42,58.58,,6032611.0
2015-10-05,59.42,62.11,59.3,61.31,,7428102.0
2015-10-06,61.37,63.65,61.24,62.98,,6776257.0
2015-10-07,64.14,64.92,62.48,63.68,,6959065.0
2015-10-08,63.33,66.34,63.15,66.17,,6795014.0
2015-10-09,66.41,67.13,65.46,66.37,,5802175.0
2015-10-12,66.23,66.9,64.57,65.4,,4804228.0
2015-10-13,64.72,65.6,64.43,64.83,,5605930.0
2015-10-14,64.74,65.61,64.56,65.34,,3325357.0
2015-10-15,64.97,66.39,64.69,66.38,,3610766.0
2015-10-16,66.84,67.03,65.93,66.65,,4128132.0
2015-10-19,65.71,65.86,64.07,64.6,,4256501.0
2015-10-20,64.42,65.24,63.95,64.65,,3553364.0
2015-10-21,64.32,64.52,63.53,63.82,,3007188.0
2015-10-22,64.46,65.64,64.27,65.35,,2901135.0
2015-10-23,64.81,65.58,64.23,65.07,,2674924.0
2015-10-26,64.82,64.97,63.41,63.52,,3496534.0
2015-10-27,62.34,63.18,60.97,62.99,,5147667.0
2015-10-28,63.21,65.64,62.73,64.59,,3830015.0
2015-10-29,64.23,65.43,64.08,65.14,,2984088.0
2015-10-30,65.34,66.02,64.27,65.39,,3161572.0
2015-11-02,64.85,65.89,64.52,65.56,,3597501.0
2015-11-03,66.19,68.19,65.72,67.37,,5513885.0
2015-11-04,67.4,67.76,65.32,65.86,,3908732.0
2015-11-05,65.72,67.2,65.09,65.86,,4033431.0
2015-11-06,65.06,67.4,64.16,64.95,,5272285.0
2015-11-09,65.46,66.41,64.36,65.03,,3849949.0
2015-11-10,64.91,66.18,64.53,65.95,,3909372.0
2015-11-11,65.77,66.95,63.37,63.47,,3545517.0
2015-11-12,62.72,63.03,61.65,62.22,,3436257.0
2015-11-13,62.19,63.18,61.32,62.65,,3111772.0
2015-11-16,62.8,64.64,62.46,64.59,,3052651.0
2015-11-17,64.2,64.22,62.4,63.21,,3290160.0
2015-11-18,63.86,64.94,63.18,64.86,,3200890.0
2015-11-19,64.18,64.47,62.27,62.96,,2797357.0
2015-11-20,63.22,63.43,62.44,62.94,,2980718.0
2015-11-23,62.73,63.51,62.51,62.89,,2717656.0
2015-11-24,63.45,65.24,63.34,64.85,,4421124.0
2015-11-25,64.17,64.46,63.37,63.63,,3037031.0
2015-11-27,63.13,63.43,62.38,62.48,,1446573.0
2015-11-30,62.77,64.47,62.61,63.55,,3833480.0
2015-12-01,63.56,64.08,63.24,64.02,,2584237.0
2015-12-02,63.47,64.03,61.25,61.59,,4543302.0
2015-12-03,62.19,62.83,61.13,61.69,,4674971.0
2015-12-04,60.4,61.58,59.79,61.31,,4754216.0
2015-12-07,59.32,59.72,56.79,58.03,,6354317.0
2015-12-08,56.91,59.32,56.31,58.74,,5336487.0
2015-12-09,59.01,61.24,58.56,59.7,,5377123.0
2015-12-10,59.29,61.05,58.96,59.55,,5033232.0
2015-12-11,58.9,60.5,56.95,57.04,,4961842.0
2015-12-14,56.64,58.67,56.15,58.54,,5853029.0
2015-12-15,59.39,59.92,58.64,58.88,,5700995.0
2015-12-16,58.87,59.12,57.68,57.74,,4961252.0
2015-12-17,57.49,57.87,54.79,55.83,,6109966.0
2015-12-18,55.75,56.27,54.39,54.41,,6615867.0
2015-12-21,54.54,54.73,52.79,53.51,,5078834.0
2015-12-22,53.57,54.52,53.0,53.17,,5234648.0
2015-12-23,54.39,56.18,53.92,56.13,,5352632.0
2015-12-24,56.18,56.35,55.34,55.92,,1792921.0
2015-12-28,54.66,54.83,53.48,53.69,,3997974.0
2015-12-29,54.75,55.09,53.74,54.15,,3168424.0
2015-12-30,53.17,54.15,53.12,53.78,,3354175.0
2015-12-31,53.4,54.53,53.32,53.92,,3117340.0
2016-01-04,53.93,54.08,52.43,53.08,,5136514.0
2016-01-05,53.37,53.73,52.23,53.42,,3665164.0
2016-01-06,52.18,52.18,50.81,51.28,,6626407.0
2016-01-07,50.21,52.57,49.66,49.86,,5296959.0
2016-01-08,50.17,50.6,49.34,49.91,,4990095.0
2016-01-11,50.18,50.32,47.92,48.5,,5356702.0
2016-01-12,49.24,49.65,46.73,47.93,,7123439.0
2016-01-13,48.43,49.38,47.8,49.01,,7745432.0
2016-01-14,49.39,50.87,48.58,49.84,,7134593.0
2016-01-15,47.36,48.89,46.59,48.09,,5870374.0
2016-01-19,48.23,48.59,45.42,46.57,,5476957.0
2016-01-20,45.62,46.49,43.65,46.01,,10621636.0
2016-01-21,46.01,49.07,45.37,48.69,,7403927.0
2016-01-22,50.74,51.54,49.39,50.42,,6827131.0
2016-01-25,49.35,50.52,46.97,47.04,,4968102.0
2016-01-26,48.11,50.5,47.57,50.43,,6788907.0
2016-01-27,49.71,51.88,49.25,50.46,,7070577.0
2016-01-28,52.87,53.3,50.9,52.41,,6737656.0
2016-01-29,52.82,54.36,52.71,54.24,,6883054.0
2016-02-01,52.92,53.46,51.69,52.76,,4489147.0
2016-02-02,51.18,52.98,50.4,51.29,,5463616.0
2016-02-03,52.4,53.66,50.65,53.6,,5381094.0
2016-02-04,53.97,54.52,52.04,52.27,,5174334.0
2016-02-05,51.69,51.69,50.11,51.21,,5514373.0
2016-02-08,50.14,52.54,49.45,52.26,,6274494.0
2016-02-09,51.33,51.91,49.14,50.09,,6382823.0
2016-02-10,49.98,51.0,48.81,50.24,,4302011.0
2016-02-11,48.59,50.4,48.16,50.07,,5412930.0
2016-02-12,51.03,52.51,50.39,51.7,,5476817.0
2016-02-16,52.52,52.76,50.59,51.85,,3747890.0
2016-02-17,52.7,54.18,51.63,54.08,,6288161.0
2016-02-18,54.21,54.4,52.95,53.05,,3667730.0
2016-02-19,52.4,53.25,51.98,53.24,,3575080.0
2016-02-22,54.63,55.57,53.93,55.15,,4684531.0
2016-02-23,54.75,54.8,51.66,51.95,,4418684.0
2016-02-24,51.34,53.41,50.98,53.09,,4151405.0
2016-02-25,52.84,53.69,51.3,52.31,,5356663.0
2016-02-26,51.93,53.23,50.21,51.55,,10600825.0
2016-02-29,51.49,51.6,49.43,49.44,,7945838.0
2016-03-01,49.72,50.0,47.75,49.66,,7542393.0
2016-03-02,49.6,51.26,48.98,51.17,,5243390.0
2016-03-03,51.13,53.21,50.54,52.89,,6644355.0
2016-03-04,53.39,54.62,52.5,54.54,,7930167.0
2016-03-07,54.31,57.68,53.63,57.64,,8446269.0
2016-03-08,57.01,57.16,53.83,53.89,,6520882.0
2016-03-09,54.67,55.37,53.31,55.18,,4693366.0
2016-03-10,54.34,55.64,53.69,55.19,,4558197.0
2016-03-11,55.86,57.96,55.74,57.41,,4281958.0
2016-03-14,56.29,57.62,55.97,57.11,,3188435.0
2016-03-15,56.38,56.8,54.91,56.22,,3910475.0
2016-03-16,56.8,57.48,55.51,57.31,,4881804.0
2016-03-17,57.78,59.15,57.41,58.42,,4674449.0
2016-03-18,59.19,59.34,56.99,57.76,,7455527.0
2016-03-21,57.29,58.29,56.96,58.01,,2899128.0
2016-03-22,57.58,59.0,57.57,57.96,,2844325.0
2016-03-23,57.62,58.45,56.39,56.77,,3840731.0
2016-03-24,55.31,57.21,55.23,56.74,,3621176.0
2016-03-28,56.74,57.09,56.15,56.92,,2628400.0
2016-03-29,55.88,57.77,55.86,57.62,,3242950.0
2016-03-30,58.38,58.42,56.2,56.25,,4135216.0
2016-03-31,56.12,56.83,55.27,55.43,,5664728.0
2016-04-01,54.11,55.35,53.77,55.02,,5143426.0
2016-04-04,55.35,55.47,53.54,53.7,,3452743.0
2016-04-05,53.37,54.5,53.2,53.87,,3465550.0
2016-04-06,53.98,54.76,53.28,54.39,,4158938.0
2016-04-07,54.06,55.05,53.76,54.57,,3017643.0
2016-04-08,56.03,56.13,55.32,56.11,,3215857.0
2016-04-11,56.42,57.11,56.28,56.52,,3457517.0
2016-04-12,56.86,59.44,56.16,59.19,,5527920.0
2016-04-13,59.4,59.83,58.41,59.53,,4629055.0
2016-04-14,59.72,60.18,58.93,59.55,,2666641.0
2016-04-15,59.25,59.25,57.45,57.94,,4868804.0
2016-04-18,56.67,59.45,56.31,59.27,,3585959.0
2016-04-19,60.09,61.37,59.47,60.56,,3829227.0
2016-04-20,59.8,61.27,58.66,60.75,,4066163.0
2016-04-21,60.75,61.45,60.24,60.58,,3336607.0
2016-04-22,60.97,62.59,60.84,61.93,,3157284.0
2016-04-25,61.53,61.63,60.49,61.04,,2828067.0
2016-04-26,61.62,63.42,61.21,63.35,,3654644.0
2016-04-27,64.05,65.38,63.55,64.68,,3795123.0
2016-04-28,64.17,64.86,62.45,62.67,,3265760.0
2016-04-29,63.3,63.71,62.02,63.23,,4570581.0
2016-05-02,63.01,63.57,61.75,63.35,,4300747.0
2016-05-03,62.33,62.93,61.27,61.71,,3808622.0
2016-05-04,61.69,62.76,60.32,60.72,,3757565.0
2016-05-05,61.56,63.33,61.34,62.19,,5206822.0
2016-05-06,60.33,62.49,59.75,60.22,,5070748.0
2016-05-09,59.86,60.33,58.96,60.19,,3002665.0
2016-05-10,60.29,61.11,60.24,61.02,,4089674.0
2016-05-11,60.75,62.15,59.86,61.47,,3191993.0
2016-05-12,62.29,62.64,60.88,61.61,,2278200.0
2016-05-13,61.39,61.97,60.16,60.19,,3218940.0
2016-05-16,60.95,62.31,60.95,61.76,,2992771.0
2016-05-17,61.84,63.13,61.53,62.43,,3952342.0
2016-05-18,62.27,62.87,61.14,61.54,,2492768.0
2016-05-19,60.58,61.37,59.44,61.29,,3798518.0
2016-05-20,61.68,62.23,60.88,61.93,,3322765.0
2016-05-23,61.07,62.66,61.02,62.2,,3215278.0
2016-05-24,62.6,63.58,61.72,63.13,,3312078.0
2016-05-25,63.14,63.81,62.98,63.58,,2895368.0
2016-05-26,63.94,64.24,62.92,62.99,,2367255.0
2016-05-27,62.71,62.96,61.82,62.43,,2100605.0
2016-05-31,62.78,63.13,62.05,62.27,,3009226.0
2016-06-01,61.72,62.23,61.23,61.8,,3336859.0
2016-06-02,61.2,61.67,60.61,61.6,,2069761.0
2016-06-03,61.41,61.84,60.55,61.01,,2134529.0
2016-06-06,61.69,62.31,61.2,62.2,,2037377.0
2016-06-07,62.75,65.54,62.69,65.38,,4369451.0
2016-06-08,66.28,66.49,65.16,65.33,,3796762.0
2016-06-09,64.42,65.39,64.29,64.73,,3588127.0
2016-06-10,63.77,64.55,62.25,62.42,,2983566.0
2016-06-13,61.98,63.6,61.62,62.29,,2283000.0
2016-06-14,62.16,63.56,62.05,63.51,,2335718.0
2016-06-15,63.32,63.94,62.38,63.09,,2150814.0
2016-06-16,62.18,62.26,60.71,61.37,,3139796.0
2016-06-17,61.95,62.41,61.49,61.91,,3280766.0
2016-06-20,63.01,63.82,62.61,63.67,,3214989.0
2016-06-21,63.52,65.22,63.39,64.99,,3539802.0
2016-06-22,64.98,65.12,63.85,63.98,,2415622.0
2016-06-23,64.87,65.03,64.27,64.67,,2412909.0
2016-06-24,62.44,63.43,61.85,62.04,,4942171.0
2016-06-27,61.23,61.84,59.78,60.15,,4272144.0
2016-06-28,61.72,62.58,61.11,62.57,,3105723.0
2016-06-29,63.37,64.3,63.07,63.86,,2870274.0
2016-06-30,63.86,64.26,63.25,63.84,,3364026.0
2016-07-01,64.12,65.61,63.81,64.89,,2675525.0
2016-07-05,63.62,64.31,62.51,63.34,,2704752.0
2016-07-06,62.78,63.61,62.65,63.34,,2207321.0
2016-07-07,64.16,64.18,62.08,62.46,,2145773.0
2016-07-08,63.4,63.58,62.43,63.17,,1980107.0
2016-07-11,63.48,64.2,63.22,63.45,,1689166.0
2016-07-12,64.71,65.79,64.4,65.16,,2860734.0
2016-07-13,64.87,65.24,63.36,64.29,,2811984.0
2016-07-14,65.06,65.13,64.33,64.9,,2018117.0
2016-07-15,64.81,65.11,64.14,64.49,,2473546.0
2016-07-18,64.36,64.65,63.45,63.84,,1864795.0
2016-07-19,63.55,63.77,62.78,62.91,,2173752.0
2016-07-20,62.52,63.54,62.06,62.97,,2156500.0
2016-07-21,63.0,64.0,62.27,62.49,,1859092.0
2016-07-22,62.92,63.04,61.5,62.1,,2620092.0
2016-07-25,61.64,61.78,59.96,60.39,,4280261.0
2016-07-26,60.18,61.69,59.85,61.69,,2547963.0
2016-07-27,61.93,62.84,61.08,61.18,,3450208.0
2016-07-28,61.15,61.89,60.77,61.27,,2537360.0
2016-07-29,60.58,62.8,60.48,62.65,,2886943.0
2016-08-01,62.15,62.22,60.02,60.35,,3590563.0
2016-08-02,60.87,61.63,60.21,61.27,,3039628.0
2016-08-03,61.35,63.21,61.1,63.17,,3036515.0
2016-08-04,62.91,64.65,62.58,64.6,,4240341.0
2016-08-05,66.89,69.61,66.53,69.14,,8928252.0
2016-08-08,69.76,70.55,69.38,69.52,,4506052.0
2016-08-09,70.01,70.08,68.94,69.31,,3064217.0
2016-08-10,69.69,69.69,68.4,68.57,,2664129.0
2016-08-11,69.07,69.9,68.31,69.23,,3445361.0
2016-08-12,69.52,70.11,69.02,69.94,,1912569.0
2016-08-15,70.18,70.53,69.43,69.44,,2794091.0
2016-08-16,69.16,69.63,68.13,69.22,,2463394.0
2016-08-17,68.87,69.52,68.48,69.19,,3160436.0
2016-08-18,69.65,70.63,69.24,70.34,,4122216.0
2016-08-19,69.92,70.5,69.52,70.37,,2338553.0
2016-08-22,69.65,70.43,69.23,69.92,,2276099.0
2016-08-23,69.58,70.44,69.56,69.95,,2986408.0
2016-08-24,69.61,70.09,69.45,69.58,,2329222.0
2016-08-25,69.56,69.67,69.02,69.21,,1929886.0
2016-08-26,69.58,70.18,68.96,69.16,,1641064.0
2016-08-29,69.0,70.04,68.72,69.89,,2226024.0
2016-08-30,69.99,70.31,68.74,69.07,,1618365.0
2016-08-31,68.83,68.94,67.5,67.86,,2709139.0
2016-09-01,67.72,67.98,67.06,67.91,,2420698.0
2016-09-02,68.46,68.63,68.01,68.18,,1938356.0
2016-09-06,69.21,73.01,69.06,72.72,,7421565.0
2016-09-07,72.68,72.98,72.12,72.33,,4271513.0
2016-09-08,72.99,73.57,72.21,73.18,,3697251.0
2016-09-09,72.36,72.75,71.03,71.05,,3013286.0
2016-09-12,70.59,71.73,70.05,71.3,,2498803.0
2016-09-13,70.25,70.65,68.66,69.33,,3985874.0
2016-09-14,68.93,69.65,67.61,67.83,,3673615.0
2016-09-15,68.14,70.85,67.86,69.75,,3946070.0
2016-09-16,68.67,70.14,68.46,69.76,,4559711.0
2016-09-19,70.29,70.45,69.03,69.06,,3739977.0
2016-09-20,69.14,70.44,69.05,69.33,,3049539.0
2016-09-21,70.21,71.92,69.86,71.72,,3189143.0
2016-09-22,72.55,72.85,70.88,71.02,,3047683.0
2016-09-23,70.74,70.83,68.56,68.83,,3679821.0
2016-09-26,69.19,69.5,68.26,68.45,,2131450.0
2016-09-27,67.6,68.25,66.85,67.91,,2939020.0
2016-09-28,68.6,72.53,67.92,72.06,,4533377.0
2016-09-29,72.3,73.57,71.43,72.89,,4486465.0
2016-09-30,73.27,74.53,72.61,74.16,,1565231.0
2016-10-03,73.7,74.16,72.91,73.7,,753595.0
2016-10-04,73.86,73.9,72.47,72.96,,1724720.0
2016-10-05,73.9,75.4,73.69,74.68,,3284513.0
2016-10-06,74.81,75.2,73.92,74.49,,1790213.0
2016-10-07,74.29,74.64,73.66,73.96,,1742934.0
2016-10-10,74.6,75.23,74.49,74.61,,1963552.0
2016-10-11,74.19,74.44,73.4,73.66,,2099930.0
2016-10-12,73.53,74.2,72.97,73.85,,2415752.0
2016-10-13,73.31,73.69,72.2,73.36,,2252434.0
2016-10-14,73.96,73.96,72.14,72.58,,2526786.0
2016-10-17,72.57,72.94,71.48,72.04,,2100090.0
2016-10-18,72.95,73.1,71.4,71.54,,2735372.0
2016-10-19,72.41,73.89,72.21,73.03,,3163808.0
2016-10-20,72.19,73.36,72.04,72.91,,2472183.0
2016-10-21,72.36,73.0,71.94,72.12,,2729648.0
2016-10-24,72.2,72.73,70.89,71.92,,2568962.0
2016-10-25,71.81,72.36,71.11,71.19,,1428572.0
2016-10-26,70.56,71.52,69.43,70.78,,3286408.0
2016-10-27,71.07,71.36,70.14,70.48,,3581326.0
2016-10-28,70.41,72.28,69.66,69.75,,3269761.0
2016-10-31,69.65,70.08,69.28,69.46,,2406920.0
2016-11-01,70.15,70.85,69.06,70.03,,2496014.0
2016-11-02,69.07,70.51,68.33,69.86,,3302128.0
2016-11-03,69.82,71.35,69.59,70.74,,4157669.0
2016-11-04,72.88,73.75,70.3,70.52,,6775080.0
2016-11-07,71.9,71.9,70.84,71.77,,2988167.0
2016-11-08,71.37,72.29,71.11,71.72,,2382312.0
2016-11-09,71.71,72.73,71.07,71.77,,4685943.0
2016-11-10,71.17,71.98,70.72,71.16,,2983016.0
2016-11-11,70.73,71.09,69.23,70.22,,2340304.0
2016-11-14,70.05,71.29,69.21,71.2,,2467001.0
2016-11-15,72.24,72.97,71.48,72.65,,8288424.0
2016-11-16,72.6,73.76,72.25,73.15,,4103429.0
2016-11-17,73.83,74.19,70.71,70.94,,5876662.0
2016-11-18,71.25,72.42,70.97,71.56,,2755401.0
2016-11-21,72.98,74.52,72.87,73.5,,4642425.0
2016-11-22,73.59,73.9,71.77,73.19,,3867772.0
2016-11-23,72.82,75.05,72.7,74.52,,2680677.0
2016-11-25,74.05,74.37,73.13,73.73,,1518348.0
2016-11-28,74.24,74.39,71.65,71.81,,3031187.0
2016-11-29,70.37,71.74,69.14,71.01,,4010431.0
2016-11-30,74.75,79.18,74.59,78.76,,10120790.0
2016-12-01,81.21,82.56,79.78,80.47,,6505287.0
2016-12-02,80.52,81.02,79.43,79.69,,4073662.0
2016-12-05,80.57,82.05,80.14,80.25,,5883879.0
2016-12-06,79.53,80.89,78.79,79.87,,3539660.0
2016-12-07,79.83,80.64,78.89,79.53,,3777737.0
2016-12-08,79.92,80.85,78.64,80.61,,6189119.0
2016-12-09,81.12,82.19,80.93,81.78,,4049614.0
2016-12-12,83.81,84.02,80.81,81.3,,5758468.0
2016-12-13,82.2,83.84,81.28,82.97,,3912633.0
2016-12-14,81.96,82.56,79.96,80.06,,4010252.0
2016-12-15,79.15,80.7,78.77,79.83,,4646788.0
2016-12-16,79.96,80.35,78.96,79.89,,8906248.0
2016-12-19,80.1,80.2,79.23,79.49,,2238862.0
2016-12-20,80.05,80.16,78.9,79.25,,2383138.0
2016-12-21,79.7,79.79,78.61,78.78,,2365142.0
2016-12-22,78.87,79.38,78.26,79.23,,2722279.0
2016-12-23,78.9,79.16,78.07,78.38,,1706423.0
2016-12-27,78.99,79.22,78.6,78.77,,1410823.0
2016-12-28,78.73,79.0,77.86,78.09,,1896105.0
2016-12-29,78.05,78.32,77.24,77.8,,1517650.0
2016-12-30,77.7,78.5,77.38,77.67,,2178148.0
2017-01-03,78.84,80.38,78.23,79.54,,4151205.0
2017-01-04,80.09,80.26,79.1,79.6,,2417921.0
2017-01-05,79.61,80.55,79.45,80.03,,3084811.0
2017-01-06,80.36,81.21,79.67,80.82,,2418326.0
2017-01-09,80.14,80.34,78.99,79.14,,3382593.0
2017-01-10,79.3,80.2,79.03,79.43,,2913760.0
2017-01-11,79.56,80.69,78.92,80.6,,3542882.0
2017-01-12,81.18,81.95,80.67,81.08,,4671749.0
2017-01-13,80.67,81.62,80.23,81.09,,2580579.0
2017-01-17,81.52,82.14,81.14,81.16,,3881138.0
2017-01-18,81.05,81.34,80.58,81.1,,2527915.0
2017-01-19,81.18,81.72,80.37,80.94,,2425809.0
2017-01-20,81.74,82.17,81.02,81.15,,2488136.0
2017-01-23,80.58,80.87,79.51,79.61,,3045469.0
2017-01-24,80.4,80.5,79.18,79.78,,2680540.0
2017-01-25,79.74,80.32,79.44,79.94,,2798101.0
2017-01-26,80.1,80.99,79.94,80.32,,2772648.0
2017-01-27,80.14,80.14,79.08,79.17,,2343629.0
2017-01-30,78.63,79.07,76.61,77.87,,2975581.0
2017-01-31,77.98,78.19,77.02,78.16,,2443880.0
2017-02-01,78.63,78.97,76.98,77.71,,3028543.0
2017-02-02,77.82,78.08,76.13,76.72,,5064381.0
2017-02-03,76.7,78.62,76.34,77.67,,3520889.0
2017-02-06,77.71,77.75,76.51,76.71,,1802425.0
2017-02-07,76.37,76.56,73.3,74.78,,5157870.0
2017-02-08,74.33,75.78,73.31,75.51,,3445423.0
2017-02-09,76.25,77.17,75.75,76.8,,2927008.0
2017-02-10,77.89,78.51,77.38,78.05,,3088973.0
2017-02-13,77.64,78.01,77.05,77.21,,1945114.0
2017-02-14,77.2,78.08,76.19,77.89,,3861960.0
2017-02-15,77.64,78.07,77.21,77.52,,2093995.0
2017-02-16,77.76,78.08,76.82,77.07,,3154050.0
2017-02-17,76.87,76.96,75.74,76.2,,3023215.0
2017-02-21,77.26,77.6,76.51,76.54,,2735707.0
2017-02-22,75.99,76.33,74.99,75.04,,2596450.0
2017-02-23,76.32,76.32,74.29,75.07,,3212212.0
2017-02-24,74.27,75.02,73.6,74.1,,3590310.0
2017-02-27,74.47,75.58,74.1,75.34,,5156555.0
2017-02-28,76.56,76.6,73.32,74.63,,6369265.0
2017-03-01,75.6,77.27,75.41,76.98,,3775915.0
2017-03-02,76.31,76.72,75.59,75.77,,3049687.0
2017-03-03,75.79,76.41,75.5,75.84,,2075353.0
2017-03-06,75.88,77.24,75.25,77.0,,3106089.0
2017-03-07,77.25,77.36,76.48,76.58,,3381790.0
2017-03-08,76.03,76.45,72.7,72.97,,4829553.0
2017-03-09,72.15,73.88,71.6,73.64,,4991367.0
2017-03-10,74.25,74.25,72.33,72.93,,3796460.0
2017-03-13,72.7,73.37,71.95,73.06,,4695357.0
2017-03-14,72.27,73.09,71.49,72.78,,5091792.0
2017-03-15,73.51,74.93,72.85,74.68,,4184439.0
2017-03-16,74.76,74.83,73.67,73.74,,3182442.0
2017-03-17,74.28,74.61,73.6,74.2,,6978641.0
2017-03-20,73.67,74.29,73.25,74.04,,2208436.0
2017-03-21,74.24,74.32,72.53,72.73,,2840747.0
2017-03-22,72.59,73.35,72.27,72.83,,2040694.0
2017-03-23,72.7,73.43,72.26,72.95,,2369615.0
2017-03-24,73.05,73.29,72.6,72.99,,2858284.0
2017-03-27,71.83,72.32,71.58,71.85,,2757071.0
2017-03-28,71.94,73.59,71.9,73.32,,3340944.0
2017-03-29,73.23,75.07,72.77,74.64,,3480896.0
2017-03-30,75.55,77.06,74.77,74.77,,7514657.0
2017-03-31,74.77,75.79,74.37,75.06,,4000964.0
2017-04-03,75.02,75.26,73.85,74.6,,2281963.0
2017-04-04,74.92,75.64,73.87,75.6,,2231763.0
2017-04-05,76.48,77.35,74.8,75.08,,3829133.0
2017-04-06,75.38,76.03,75.07,75.44,,1977903.0
2017-04-07,75.58,75.77,74.67,74.91,,2866685.0
2017-04-10,75.54,76.51,75.45,75.84,,2902612.0
2017-04-11,75.6,76.0,74.69,75.44,,1907926.0
2017-04-12,75.4,76.21,74.9,75.14,,2295069.0
2017-04-13,74.96,75.32,73.48,73.71,,3235143.0
2017-04-17,73.73,74.09,73.38,73.79,,2288772.0
2017-04-18,73.31,73.97,72.68,73.09,,2005741.0
2017-04-19,73.17,73.55,71.62,71.9,,3109057.0
2017-04-20,72.27,72.53,71.83,71.91,,2737204.0
2017-04-21,71.68,72.64,71.59,72.13,,2409298.0
2017-04-24,72.81,72.81,71.93,72.25,,2182240.0
2017-04-25,72.3,73.55,72.04,73.43,,2019238.0
2017-04-26,72.77,74.37,72.61,72.69,,2116016.0
2017-04-27,72.12,72.22,70.26,71.68,,3864256.0
2017-04-28,72.43,72.43,71.25,71.29,,1621700.0
2017-05-01,71.32,71.46,70.72,70.93,,2676629.0
2017-05-02,71.09,71.25,70.18,70.81,,3350739.0
2017-05-03,70.55,71.49,70.21,70.72,,3507363.0
2017-05-04,70.17,70.32,67.98,68.29,,5456692.0
2017-05-05,68.62,70.18,68.5,70.05,,4674223.0
2017-05-08,69.67,71.02,69.5,70.67,,3699555.0
2017-05-09,71.19,71.25,69.83,70.63,,3589510.0
2017-05-10,71.69,73.81,71.35,72.87,,5238264.0
2017-05-11,73.08,73.16,72.44,72.67,,2565635.0
2017-05-12,72.54,73.23,72.3,72.99,,3395405.0
2017-05-15,74.24,74.49,72.54,73.01,,6294009.0
2017-05-16,73.12,73.27,72.08,72.32,,2679662.0
2017-05-17,71.9,72.68,71.55,71.64,,2373009.0
2017-05-18,71.09,71.69,70.65,70.67,,3794522.0
2017-05-19,71.2,72.75,70.96,72.3,,3710365.0
2017-05-22,72.55,73.03,71.52,71.76,,2001291.0
2017-05-23,71.77,71.91,70.89,71.32,,2252542.0
2017-05-24,71.19,71.98,71.15,71.43,,2886818.0
2017-05-25,71.13,72.16,69.71,70.15,,2752969.0
2017-05-26,70.36,70.45,69.46,70.31,,1999920.0
2017-05-30,69.73,69.98,68.93,69.07,,3148594.0
2017-05-31,68.59,69.84,68.1,69.61,,3881534.0
2017-06-01,69.86,70.43,69.16,69.68,,2817428.0
2017-06-02,69.4,69.81,68.55,69.12,,2672243.0
2017-06-05,68.69,69.08,68.23,68.75,,2293902.0
2017-06-06,68.67,70.18,68.42,70.01,,3215119.0
2017-06-07,69.54,70.09,67.37,67.94,,4522031.0
2017-06-08,67.54,68.44,67.53,67.91,,3489904.0
2017-06-09,68.08,69.99,67.86,69.43,,4507816.0
2017-06-12,70.34,70.89,68.99,69.28,,3812460.0
2017-06-13,69.41,69.91,68.99,69.8,,2570737.0
2017-06-14,69.39,69.41,67.7,68.54,,4054872.0
2017-06-15,68.49,68.71,66.72,67.09,,4346748.0
2017-06-16,67.49,68.28,67.11,68.23,,4739074.0
2017-06-19,68.11,68.6,67.8,67.88,,2480270.0
2017-06-20,66.89,68.05,66.19,67.71,,3767953.0
2017-06-21,67.9,68.72,66.77,67.15,,4581497.0
2017-06-22,67.32,68.62,66.77,67.59,,3351999.0
2017-06-23,67.53,68.0,67.22,67.66,,3560915.0
2017-06-26,67.86,67.97,66.92,67.36,,2547714.0
2017-06-27,67.97,68.47,67.58,67.83,,3907939.0
2017-06-28,67.96,69.01,67.44,68.61,,4508217.0
2017-06-29,68.96,70.07,68.83,69.37,,4076709.0
2017-06-30,69.63,70.31,68.79,69.77,,4127614.0
2017-07-03,70.14,71.8,69.77,71.19,,2399990.0
2017-07-05,70.77,71.06,69.34,69.6,,2717079.0
2017-07-06,69.78,70.02,68.14,68.31,,3258352.0
2017-07-07,67.88,68.29,67.09,68.17,,3737048.0
2017-07-10,67.93,69.2,67.83,69.07,,2064570.0
2017-07-11,69.07,70.13,68.54,69.85,,2514664.0
2017-07-12,70.49,71.14,69.68,69.81,,3162193.0
2017-07-13,69.78,70.98,69.78,70.89,,2472101.0
2017-07-14,71.02,71.32,70.72,70.94,,1770071.0
2017-07-17,70.51,71.14,70.51,70.96,,4129138.0
2017-07-18,71.23,71.39,70.46,70.81,,2198601.0
2017-07-19,70.7,73.01,70.7,72.82,,3936531.0
2017-07-20,73.36,73.93,72.25,72.32,,4043207.0
2017-07-21,72.11,72.43,71.33,71.74,,2652099.0
2017-07-24,71.83,73.11,71.73,72.05,,2565198.0
2017-07-25,73.19,73.86,72.92,73.25,,2803886.0
2017-07-26,73.86,74.2,73.08,73.16,,2838262.0
2017-07-27,73.06,74.12,72.81,74.11,,2611799.0
2017-07-28,74.13,74.82,73.38,73.68,,2971566.0
2017-07-31,73.6,74.05,73.18,73.46,,2988552.0
2017-08-01,73.29,73.8,72.62,72.94,,3761304.0
2017-08-02,71.52,72.03,69.38,71.29,,5358402.0
2017-08-03,71.34,71.42,67.76,68.64,,6296679.0
2017-08-04,68.58,70.45,68.38,69.84,,3790415.0
2017-08-07,69.41,69.67,68.61,69.24,,3886502.0
2017-08-08,69.35,71.31,69.27,70.38,,3828064.0
2017-08-09,70.67,71.31,69.7,69.76,,3273804.0
2017-08-10,69.98,70.24,68.64,68.81,,3364266.0
2017-08-11,68.84,69.15,67.9,68.36,,2874151.0
2017-08-14,68.67,68.75,67.74,67.94,,2478789.0
2017-08-15,67.76,67.88,66.6,67.19,,4450569.0
2017-08-16,67.36,67.36,65.51,65.62,,3455459.0
2017-08-17,65.46,65.66,64.37,64.38,,3392736.0
2017-08-18,64.36,65.28,64.31,64.93,,2739113.0
2017-08-21,64.71,65.11,64.41,64.62,,2362669.0
2017-08-22,64.79,65.27,64.75,65.05,,1941794.0
2017-08-23,64.98,66.19,64.83,65.72,,2311807.0
2017-08-24,65.48,65.74,65.12,65.34,,2000610.0
2017-08-25,65.64,65.8,65.22,65.26,,2210397.0
2017-08-28,65.13,65.19,63.51,64.4,,2367165.0
2017-08-29,63.8,64.27,63.31,64.21,,2321336.0
2017-08-30,64.03,64.85,63.56,64.61,,2240579.0
2017-08-31,64.86,65.77,64.56,65.63,,4791700.0
2017-09-01,65.63,66.29,65.32,66.14,,2352672.0
2017-09-05,66.34,66.93,65.83,66.31,,2655145.0
2017-09-06,66.96,67.92,66.76,67.83,,2582872.0
2017-09-07,67.76,68.52,67.49,68.41,,2758278.0
2017-09-08,67.85,68.0,66.47,67.01,,2676226.0
2017-09-11,67.26,67.94,66.78,67.9,,2832597.0
2017-09-12,67.83,68.53,67.51,68.31,,2918272.0
2017-09-13,68.97,70.35,68.78,70.34,,3142654.0
2017-09-14,70.65,71.77,70.4,70.87,,3293738.0
2017-09-15,71.37,72.03,70.93,71.98,,4016970.0
2017-09-18,71.63,72.1,71.33,71.85,,2388303.0
2017-09-19,71.87,72.3,71.59,71.91,,2002794.0
2017-09-20,72.26,72.8,71.67,72.72,,3742269.0
2017-09-21,72.32,72.92,71.92,72.5,,2668886.0
2017-09-22,72.41,73.08,72.16,73.01,,2282317.0
2017-09-25,73.36,74.74,73.15,74.35,,3130492.0
2017-09-26,74.12,75.29,73.72,74.8,,2943549.0
2017-09-27,74.82,75.29,74.34,75.15,,2112249.0
2017-09-28,75.25,75.96,74.75,74.76,,2980502.0
2017-09-29,74.69,75.25,74.17,74.7,,2000516.0
2017-10-02,73.76,75.04,73.25,75.04,,2110722.0
2017-10-03,74.88,75.45,74.5,74.51,,2130401.0
2017-10-04,74.63,74.88,74.11,74.38,,1499130.0
2017-10-05,74.51,74.95,74.24,74.55,,2094667.0
2017-10-06,73.97,74.39,73.71,74.27,,1460406.0
2017-10-09,74.54,74.91,74.21,74.51,,1880174.0
2017-10-10,74.98,75.54,74.67,74.73,,2200851.0
2017-10-11,74.72,74.99,74.16,74.85,,2114501.0
2017-10-12,74.19,74.81,73.91,74.63,,2149472.0
2017-10-13,75.29,75.38,74.36,74.61,,1940644.0
2017-10-16,75.13,75.4,74.83,75.19,,2074878.0
2017-10-17,75.22,75.62,74.69,75.38,,1684193.0
2017-10-18,75.45,76.16,74.7,74.77,,2022065.0
2017-10-19,74.02,74.79,73.76,74.07,,1864621.0
2017-10-20,74.08,75.06,73.81,74.9,,2190770.0
2017-10-23,75.08,75.41,74.77,75.01,,2393245.0
2017-10-24,75.57,75.78,74.43,74.63,,2176681.0
2017-10-25,74.5,74.93,74.0,74.39,,1690844.0
2017-10-26,74.6,75.18,74.05,74.97,,1980159.0
2017-10-27,74.42,76.24,74.13,76.17,,2909538.0
2017-10-30,76.31,77.11,76.02,76.99,,3497085.0
2017-10-31,76.77,77.67,76.62,77.25,,3263405.0
2017-11-01,77.96,79.26,74.8,79.12,,3946554.0
2017-11-02,78.41,79.66,78.41,79.63,,2942146.0
2017-11-03,80.29,81.27,79.91,80.83,,4069840.0
2017-11-06,81.33,82.91,81.26,82.73,,4700233.0
2017-11-07,83.03,83.5,81.64,82.06,,4018865.0
2017-11-08,81.61,81.83,80.29,80.7,,3414783.0
2017-11-09,80.31,81.56,80.1,81.05,,3018006.0
2017-11-10,80.85,81.31,79.83,80.89,,3249378.0
2017-11-13,80.6,81.22,80.24,80.8,,1816237.0
2017-11-14,80.33,80.49,79.17,79.26,,2425120.0
2017-11-15,78.26,79.15,77.41,78.4,,3338581.0
2017-11-16,78.35,79.02,77.98,78.46,,2026014.0
2017-11-17,78.71,79.06,78.21,78.62,,2594277.0
2017-11-20,78.42,78.9,77.89,78.46,,1659091.0
2017-11-21,79.13,79.38,78.38,78.63,,4058416.0
2017-11-22,79.21,79.53,78.54,78.58,,2650909.0
2017-11-24,78.97,79.32,78.42,78.63,,913535.0
2017-11-27,78.56,78.73,76.75,77.21,,2947563.0
2017-11-28,77.16,77.49,76.66,77.23,,2030632.0
2017-11-29,77.01,77.76,76.77,77.74,,2721558.0
2017-11-30,78.12,79.46,78.12,79.14,,4183723.0
2017-12-01,79.92,80.77,78.63,79.6,,3446054.0
2017-12-04,79.43,79.69,78.11,78.16,,2418328.0
2017-12-05,77.88,78.72,77.75,78.05,,2007878.0
2017-12-06,77.68,77.7,76.18,76.47,,2768342.0
2017-12-07,76.49,77.22,76.2,77.13,,1686978.0
2017-12-08,77.57,77.92,77.16,77.65,,1495364.0
2017-12-11,77.73,79.16,77.66,78.28,,1939585.0
2017-12-12,78.41,78.45,76.92,77.57,,2127612.0
2017-12-13,77.7,77.91,77.12,77.3,,1414411.0
2017-12-14,77.16,77.99,77.0,77.07,,2424822.0
2017-12-15,77.77,77.84,76.17,76.23,,4327398.0
2017-12-18,76.34,77.48,76.33,77.28,,2594784.0
2017-12-19,77.61,78.74,77.1,78.46,,2350100.0
2017-12-20,78.93,80.3,78.28,80.09,,2648598.0
2017-12-21,80.23,82.57,79.86,82.26,,3047552.0
2017-12-22,82.53,83.44,81.9,82.85,,1993475.0
2017-12-26,82.95,84.82,82.76,84.63,,2068823.0
2017-12-27,84.36,84.54,83.32,83.82,,1785035.0
2017-12-28,83.92,84.02,83.43,83.88,,1250548.0
2017-12-29,84.4,84.4,83.44,83.47,,1772699.0
2018-01-02,84.06,84.61,83.71,84.54,,1899777.0
2018-01-03,85.19,86.5,84.94,85.8,,3060530.0
2018-01-04,85.39,86.02,84.89,85.82,,2123326.0
2018-01-05,85.59,86.86,85.18,86.76,,2215705.0
2018-01-08,86.97,87.57,86.36,87.18,,1931248.0
2018-01-09,87.35,87.48,86.28,86.41,,1938841.0
2018-01-10,86.58,87.98,86.52,86.64,,4750936.0
2018-01-11,87.24,89.51,86.99,89.06,,3823308.0
2018-01-12,88.91,90.09,88.79,89.49,,2024070.0
2018-01-16,89.72,90.2,87.6,87.84,,4828381.0
2018-01-17,88.08,88.58,86.87,87.94,,3310413.0
2018-01-18,87.81,89.21,87.39,88.49,,4449714.0
2018-01-19,88.27,88.9,87.9,88.59,,2907492.0
2018-01-22,88.72,90.52,88.63,90.49,,2228274.0
2018-01-23,90.67,91.87,90.54,91.28,,3125649.0
2018-01-24,91.4,92.1,90.79,91.77,,2435322.0
2018-01-25,92.12,92.18,90.66,90.98,,2061229.0
2018-01-26,90.68,91.45,90.48,91.22,,2108548.0
2018-01-29,90.72,91.51,90.18,90.31,,1526419.0
2018-01-30,89.84,89.84,88.23,89.21,,3562256.0
2018-01-31,89.33,89.65,88.64,89.08,,2390443.0
2018-02-01,89.3,90.3,88.76,90.26,,2507583.0
2018-02-02,89.09,89.23,87.08,87.4,,2505006.0
2018-02-05,86.53,88.22,84.43,84.87,,3103272.0
2018-02-06,83.47,85.91,82.18,83.87,,4626604.0
2018-02-07,83.99,84.98,81.93,81.94,,4655611.0
2018-02-08,82.13,82.5,78.22,78.27,,4658949.0
2018-02-09,78.93,79.48,74.78,77.52,,5327386.0
2018-02-12,78.66,80.58,78.49,79.9,,3539844.0
2018-02-13,79.39,79.97,78.71,79.38,,1730463.0
2018-02-14,78.69,82.93,78.63,82.7,,4083122.0
2018-02-15,82.58,83.71,81.34,83.42,,3488958.0
2018-02-16,82.99,84.23,82.58,83.38,,2969785.0
2018-02-20,83.49,84.46,82.23,83.63,,3129136.0
2018-02-21,83.39,84.23,81.94,81.96,,4070826.0
2018-02-22,82.65,84.52,82.06,82.96,,3155089.0
2018-02-23,83.45,84.34,83.14,84.3,,2032207.0
2018-02-26,84.87,85.33,84.1,84.81,,4466330.0
2018-02-27,84.65,84.85,82.68,82.84,,3483330.0
2018-02-28,78.73,82.42,78.48,78.56,,7714976.0
2018-03-01,78.85,79.1,77.34,78.38,,4604948.0
2018-03-02,77.88,79.18,77.0,78.59,,4040044.0
2018-03-05,78.17,79.6,77.77,78.87,,3129484.0
2018-03-06,79.56,79.74,78.04,78.25,,3421320.0
2018-03-07,77.45,78.32,76.94,78.14,,3331365.0
2018-03-08,78.65,78.7,77.2,77.92,,2359332.0
2018-03-09,78.69,79.71,78.45,79.63,,2875153.0
2018-03-12,79.4,79.65,77.84,77.97,,5163424.0
2018-03-13,78.52,78.83,77.22,77.5,,3140639.0
2018-03-14,78.08,78.16,77.18,77.38,,1715767.0
2018-03-15,77.77,78.02,76.05,76.42,,3831114.0
2018-03-16,76.59,78.13,76.34,77.81,,4744881.0
2018-03-19,77.37,77.77,75.48,76.28,,2573566.0
2018-03-20,76.96,78.76,76.87,78.49,,4534483.0
2018-03-21,78.8,81.98,78.73,81.17,,4956889.0
2018-03-22,80.19,81.4,79.91,80.79,,6672036.0
2018-03-23,81.14,82.68,81.1,82.0,,6566304.0
2018-03-26,82.78,83.39,81.89,83.33,,4802166.0
2018-03-27,83.24,83.59,81.72,82.37,,5192844.0
2018-03-28,81.96,83.04,79.99,80.42,,5512392.0
2018-03-29,81.07,82.0,80.69,81.55,,3392992.0
2018-04-02,81.29,81.44,77.65,79.73,,3757666.0
2018-04-03,80.16,81.58,78.85,81.39,,3477069.0
2018-04-04,80.21,81.0,79.83,80.69,,4241912.0
2018-04-05,81.03,81.63,80.39,80.86,,3842533.0
2018-04-06,80.62,80.62,76.53,78.96,,6473868.0
2018-04-09,79.38,81.58,78.88,80.08,,4634332.0
2018-04-10,81.41,84.5,81.34,83.4,,5453564.0
2018-04-11,83.22,85.32,82.84,84.74,,3466547.0
2018-04-12,84.8,85.86,83.82,85.19,,4378355.0
2018-04-13,85.7,86.32,85.06,86.14,,3338156.0
2018-04-16,86.63,86.66,85.89,86.14,,2745043.0
2018-04-17,86.25,86.79,85.63,86.24,,3720093.0
2018-04-18,86.99,88.59,86.59,87.56,,5109452.0
2018-04-19,88.0,89.01,87.28,88.49,,4963223.0
2018-04-20,88.09,88.9,87.42,88.43,,3112447.0
2018-04-23,88.18,89.2,87.53,89.11,,2146925.0
2018-04-24,89.48,90.34,87.97,88.91,,3632322.0
2018-04-25,88.4,89.88,87.73,89.54,,2924148.0
2018-04-26,90.33,91.4,89.91,91.26,,3439920.0
2018-04-27,90.59,91.41,90.11,90.62,,1822347.0
2018-04-30,90.46,92.89,90.26,91.69,,3315547.0
2018-05-01,91.3,91.52,90.15,91.22,,2364905.0
2018-05-02,91.2,92.02,90.1,90.51,,4779500.0
2018-05-03,89.93,90.11,88.53,90.01,,4269510.0
2018-05-04,89.23,89.99,86.5,88.97,,5724954.0
2018-05-07,89.86,90.88,87.83,88.37,,5991347.0
2018-05-08,88.19,89.69,87.05,89.46,,3886225.0
2018-05-09,90.91,92.19,89.93,91.4,,6104651.0
2018-05-10,92.14,92.69,91.91,92.3,,4093137.0
2018-05-11,92.35,93.11,90.79,91.1,,2951245.0
2018-05-14,91.64,92.8,91.63,92.09,,2645068.0
2018-05-15,91.93,93.43,91.83,93.29,,3191202.0
2018-05-16,92.96,94.56,92.78,94.27,,2900150.0
2018-05-17,94.66,98.12,94.66,97.88,,5721363.0
2018-05-18,97.98,98.14,96.43,97.6,,4064392.0
2018-05-21,98.45,99.34,97.77,98.89,,2573279.0
2018-05-22,98.77,99.29,95.5,96.03,,2397243.0
2018-05-23,95.62,96.39,94.41,95.42,,4382934.0
2018-05-24,94.08,94.43,92.85,93.1,,3176181.0
2018-05-25,91.12,91.51,89.47,91.37,,3935591.0
2018-05-29,90.08,91.26,89.36,90.17,,3255225.0
2018-05-30,91.2,93.28,90.91,92.92,,2894036.0
2018-05-31,92.22,93.28,91.35,91.41,,3544157.0
2018-06-01,91.93,91.99,90.85,91.83,,2919371.0
2018-06-04,93.16,93.93,91.4,92.08,,3756482.0
2018-06-05,91.57,91.75,89.08,90.46,,4158693.0
2018-06-06,90.24,91.1,89.12,90.12,,4361062.0
2018-06-07,91.11,92.54,90.49,91.5,,3737073.0
2018-06-08,91.68,92.12,90.51,91.3,,2413530.0
2018-06-11,91.53,92.09,90.4,91.57,,2374892.0
2018-06-12,91.49,92.42,91.02,91.92,,3396796.0
2018-06-13,91.94,92.9,91.38,91.75,,2364853.0
2018-06-14,92.61,92.72,91.1,91.19,,2856553.0
2018-06-15,90.71,90.86,88.4,88.59,,5028559.0
2018-06-18,88.77,91.46,88.46,90.49,,3181612.0
2018-06-19,89.25,91.38,88.53,90.85,,2447966.0
2018-06-20,91.75,92.97,91.09,92.67,,2383557.0
2018-06-21,91.86,91.86,90.01,90.47,,3003639.0
2018-06-22,93.15,93.85,91.71,91.95,,3364827.0
2018-06-25,92.21,92.3,89.94,90.65,,1946310.0
2018-06-26,90.81,93.47,90.81,92.86,,2472597.0
2018-06-27,94.38,96.82,93.74,96.16,,4709193.0
2018-06-28,96.35,97.38,95.06,95.83,,2679688.0
2018-06-29,95.77,98.01,95.66,96.55,,3020241.0
2018-07-02,96.07,96.11,93.97,94.97,,2310840.0
2018-07-03,96.23,97.3,94.67,95.0,,1382761.0
2018-07-05,95.94,97.02,95.21,95.61,,2483854.0
2018-07-06,94.8,96.95,94.67,96.49,,1495076.0
2018-07-09,96.99,98.12,96.61,97.87,,1671904.0
2018-07-10,98.75,99.29,97.81,98.52,,1996218.0
2018-07-11,97.81,98.4,95.93,96.73,,1963790.0
2018-07-12,96.92,97.51,95.52,96.32,,1971237.0
2018-07-13,96.52,98.55,96.32,97.74,,1820213.0
2018-07-16,96.96,97.48,95.5,96.83,,3210163.0
2018-07-17,96.51,97.13,94.89,96.61,,3869201.0
2018-07-18,95.84,96.52,94.15,96.03,,3280198.0
2018-07-19,95.38,96.03,94.95,95.11,,2889349.0
2018-07-20,95.33,95.82,94.37,95.08,,1540628.0
2018-07-23,95.7,95.94,95.03,95.47,,1746311.0
2018-07-24,96.12,98.78,95.56,97.62,,2850860.0
2018-07-25,97.62,99.99,97.38,99.76,,2967334.0
2018-07-26,100.2,100.83,99.75,100.13,,2860317.0
2018-07-27,99.71,101.4,99.28,100.36,,2452915.0
2018-07-30,101.37,102.26,100.65,100.94,,2053326.0
2018-07-31,101.25,102.11,99.71,100.2,,2467908.0
2018-08-01,99.13,99.89,97.07,97.58,,3525519.0
2018-08-02,96.79,98.15,95.98,97.86,,3510603.0
2018-08-03,95.39,97.14,93.9,95.12,,4117651.0
2018-08-06,95.72,97.21,94.8,96.28,,2395966.0
2018-08-07,97.13,98.14,96.6,96.69,,1774014.0
2018-08-08,95.81,96.65,94.41,95.4,,3152892.0
2018-08-09,95.74,96.28,94.71,95.04,,1874788.0
2018-08-10,94.96,95.49,94.31,95.4,,2268014.0
2018-08-13,95.42,95.97,94.13,94.41,,1581944.0
2018-08-14,95.5,96.02,94.83,95.63,,1469931.0
2018-08-15,94.39,94.59,89.14,89.71,,4183972.0
2018-08-16,90.23,90.97,89.88,90.07,,3702262.0
2018-08-17,90.54,90.72,88.63,89.18,,4492925.0
2018-08-20,89.53,89.94,89.08,89.18,,4020618.0
2018-08-21,90.08,90.62,89.59,89.74,,2548800.0
2018-08-22,90.33,91.63,90.33,91.17,,2104183.0
2018-08-23,90.69,90.76,89.94,90.45,,2074845.0
2018-08-24,91.42,92.46,91.19,91.28,,2147133.0
2018-08-27,91.38,92.45,91.13,92.2,,1816478.0
2018-08-28,92.18,93.04,91.52,91.67,,1970730.0
2018-08-29,92.5,92.86,91.73,92.3,,2070868.0
2018-08-30,91.8,92.84,91.8,92.4,,2096772.0
2018-08-31,92.14,92.32,91.44,91.87,,2020107.0
2018-09-04,92.5,92.74,90.72,91.45,,1703126.0
2018-09-05,90.77,91.9,90.31,91.61,,2081640.0
2018-09-06,91.52,91.8,89.53,89.75,,1982356.0
2018-09-07,89.35,89.61,88.35,88.95,,3288565.0
2018-09-10,89.36,89.77,88.74,88.84,,1778678.0
2018-09-11,88.89,91.05,88.65,90.31,,2370898.0
2018-09-12,91.14,92.54,90.82,90.87,,2236028.0
2018-09-13,90.76,91.02,89.39,90.62,,2335979.0
2018-09-14,90.58,92.11,90.58,91.55,,1536581.0
2018-09-17,91.94,92.28,90.97,91.34,,2537213.0
2018-09-18,92.28,93.48,92.05,92.82,,1868186.0
2018-09-19,92.82,93.69,92.57,93.38,,1767256.0
2018-09-20,93.58,94.02,92.29,92.64,,1997527.0
2018-09-21,92.1,93.72,91.73,92.83,,4784611.0
2018-09-24,94.35,96.5,94.16,96.35,,3593427.0
2018-09-25,96.81,98.3,96.56,97.63,,3873631.0
2018-09-26,97.48,98.21,97.14,97.38,,3106225.0
2018-09-27,98.35,99.19,97.69,98.69,,2925502.0
2018-09-28,98.34,100.31,98.34,99.13,,2724602.0
2018-10-01,99.41,100.87,99.29,100.62,,2024564.0
2018-10-02,100.83,101.07,100.04,101.02,,3278228.0
2018-10-03,101.15,101.44,100.44,101.32,,3172439.0
2018-10-04,100.96,101.41,100.34,101.2,,3223158.0
2018-10-05,101.28,101.87,100.71,101.84,,2244026.0
2018-10-08,101.0,102.06,100.42,100.89,,2115531.0
2018-10-09,101.19,103.76,101.1,102.85,,2454137.0
2018-10-10,102.57,102.57,98.18,98.28,,3450778.0
2018-10-11,97.36,97.51,93.89,94.51,,4760950.0
2018-10-12,96.06,96.19,93.54,94.94,,2955426.0
2018-10-15,95.54,96.02,94.76,95.25,,2277521.0
2018-10-16,95.64,96.13,95.02,95.18,,2427114.0
2018-10-17,95.14,95.43,92.24,93.53,,2576399.0
2018-10-18,92.29,92.83,91.51,92.29,,2096920.0
2018-10-19,92.32,93.92,91.14,91.6,,3547492.0
2018-10-22,91.94,92.12,89.84,90.5,,1593490.0
2018-10-23,88.88,89.04,85.27,86.5,,5023705.0
2018-10-24,87.02,87.15,82.52,82.63,,5540939.0
2018-10-25,83.97,84.74,82.8,83.39,,2926659.0
2018-10-26,82.2,83.58,80.56,82.95,,4332268.0
2018-10-29,83.26,83.3,78.34,79.44,,4307577.0
2018-10-30,79.16,82.64,78.65,82.14,,4274156.0
2018-10-31,83.05,84.64,81.79,82.0,,4010853.0
2018-11-01,82.5,83.53,80.84,83.21,,3771712.0
2018-11-02,82.63,82.9,78.5,79.68,,6607494.0
2018-11-05,81.38,83.38,80.99,82.79,,5029710.0
2018-11-06,83.34,83.72,82.08,83.55,,4336673.0
2018-11-07,85.05,85.79,83.58,84.97,,3424396.0
2018-11-08,84.64,84.81,81.52,81.62,,4150093.0
2018-11-09,80.25,82.69,79.79,82.14,,3486003.0
2018-11-12,83.17,83.26,78.65,78.82,,3267022.0
2018-11-13,78.8,79.72,76.35,76.7,,5175698.0
2018-11-14,78.43,78.7,75.7,76.34,,4669883.0
2018-11-15,76.22,79.37,75.36,79.09,,4217666.0
2018-11-16,80.18,82.2,79.95,81.9,,6064971.0
2018-11-19,80.95,82.62,80.66,82.29,,4309250.0
2018-11-20,80.53,80.94,78.91,79.68,,5704647.0
2018-11-21,80.41,83.74,80.36,82.52,,5253382.0
2018-11-23,79.12,79.57,77.36,78.39,,3373732.0
2018-11-26,79.17,79.97,78.65,79.82,,3664176.0
2018-11-27,79.61,80.23,78.44,79.37,,3554969.0
2018-11-28,79.4,81.01,79.08,80.78,,3580761.0
2018-11-29,80.94,82.98,80.64,82.11,,2662116.0
2018-11-30,81.26,81.49,80.1,80.42,,5268875.0
2018-12-03,83.38,84.37,82.64,84.16,,4061429.0
2018-12-04,84.32,84.68,80.69,81.02,,3153871.0
2018-12-06,78.98,79.63,77.5,79.51,,5046203.0
2018-12-07,81.55,83.79,80.5,80.66,,5226563.0
2018-12-10,79.44,80.39,77.23,79.18,,3368722.0
2018-12-11,80.63,81.23,79.16,79.46,,3713814.0
2018-12-12,81.15,82.99,80.83,80.91,,3443259.0
2018-12-13,80.35,81.19,78.98,80.05,,2685157.0
2018-12-14,79.62,80.14,77.12,77.91,,3088455.0
2018-12-17,77.49,78.06,74.31,74.9,,4816089.0
2018-12-18,75.02,75.48,72.95,73.18,,4658657.0
2018-12-19,73.92,75.62,71.85,72.38,,4046650.0
2018-12-20,71.25,72.67,69.3,69.86,,5743826.0
2018-12-21,69.63,70.44,67.59,67.93,,7468846.0
2018-12-24,67.13,67.52,64.44,64.5,,2773362.0
2018-12-26,65.26,69.31,63.87,69.28,,4488227.0
2018-12-27,67.81,69.12,66.21,69.12,,4305197.0
2018-12-28,69.47,69.54,67.07,68.13,,3325222.0
2018-12-31,68.67,69.21,67.24,67.89,,3571125.0
2019-01-02,66.68,71.04,66.33,70.54,,3862988.0
2019-01-03,70.53,71.01,68.71,70.04,,2961706.0
2019-01-04,71.39,73.41,70.9,73.11,,3874273.0
2019-01-07,73.56,75.05,71.79,73.57,,4453062.0
2019-01-08,74.47,74.82,73.44,74.36,,3438135.0
2019-01-09,75.34,77.47,74.82,77.22,,4739621.0
2019-01-10,76.31,77.32,75.73,77.16,,3480397.0
2019-01-11,76.18,76.3,74.7,75.41,,3206060.0
2019-01-14,74.47,77.08,74.17,76.69,,3504856.0
2019-01-15,77.05,77.8,76.29,76.75,,2452677.0
2019-01-16,76.89,77.57,76.02,76.98,,2800492.0
2019-01-17,76.74,77.51,75.77,77.28,,2670771.0
2019-01-18,78.25,79.09,77.33,78.84,,3299569.0
2019-01-22,77.83,78.07,75.39,75.57,,4390213.0
2019-01-23,76.19,76.79,75.0,75.34,,2679126.0
2019-01-24,75.31,76.5,74.74,75.87,,3128912.0
2019-01-25,76.61,78.25,76.5,77.32,,2417720.0
2019-01-28,76.02,76.66,75.28,76.54,,2953043.0
2019-01-29,76.93,77.83,76.53,77.14,,2873391.0
2019-01-30,77.78,77.94,76.75,77.59,,3000648.0
2019-01-31,77.97,78.68,76.92,77.4,,2500657.0
2019-02-01,77.92,78.4,76.89,77.12,,2614650.0
2019-02-04,76.27,77.55,75.45,77.54,,1788359.0
2019-02-05,77.42,77.75,76.36,76.73,,1978101.0
2019-02-06,76.06,76.16,74.95,75.04,,2723700.0
2019-02-07,74.48,74.72,71.57,72.55,,3458969.0
2019-02-08,72.3,72.77,70.17,72.17,,3072991.0
2019-02-11,71.49,73.61,71.47,73.5,,2625650.0
2019-02-12,74.73,75.77,74.28,74.61,,3072416.0
2019-02-13,75.02,76.3,74.7,75.49,,3469175.0
2019-02-14,75.16,76.33,75.1,75.65,,2654728.0
2019-02-15,76.63,78.22,76.39,78.22,,3038628.0
2019-02-19,77.24,78.24,76.78,77.79,,2791516.0
2019-02-20,77.69,77.87,76.79,77.07,,3456312.0
2019-02-21,76.73,76.98,73.78,74.39,,3836798.0
2019-02-22,75.24,75.77,74.21,74.53,,4163755.0
2019-02-25,74.22,74.67,73.47,73.92,,6090760.0
2019-02-26,74.11,74.25,72.54,73.27,,5777555.0
2019-02-27,74.54,76.77,73.33,74.15,,6452228.0
2019-02-28,74.41,75.08,72.54,73.34,,5204722.0
2019-03-01,73.84,75.69,73.64,75.23,,5033919.0
2019-03-04,75.45,76.17,74.21,75.53,,3729106.0
2019-03-05,75.71,75.91,74.33,74.51,,3336968.0
2019-03-06,74.06,74.1,71.44,71.73,,5079169.0
2019-03-07,71.83,71.87,70.67,71.27,,3731346.0
2019-03-08,69.69,69.98,67.25,67.44,,6760961.0
2019-03-11,67.7,68.56,67.21,67.3,,7699136.0
2019-03-12,67.82,68.38,67.46,67.86,,8308871.0
2019-03-13,68.66,69.18,67.7,69.1,,6656037.0
2019-03-14,69.14,70.26,68.92,69.98,,4338879.0
2019-03-15,69.52,70.5,68.66,69.32,,8939907.0
2019-03-18,69.45,71.93,69.3,71.72,,4197035.0
2019-03-19,72.42,72.66,72.04,72.47,,7035357.0
2019-03-20,72.6,75.38,72.42,74.81,,7928507.0
2019-03-21,74.76,75.86,73.64,75.58,,5389145.0
2019-03-22,74.7,74.86,72.39,73.09,,7873033.0
2019-03-25,72.99,73.44,71.76,72.39,,2940537.0
2019-03-26,73.69,74.89,73.55,73.94,,2394069.0
2019-03-27,73.59,74.47,73.06,73.8,,2761665.0
2019-03-28,73.19,74.49,73.12,74.31,,2768039.0
2019-03-29,75.2,75.35,74.0,74.26,,2785559.0
2019-04-01,75.05,75.8,74.57,75.63,,2634084.0
2019-04-02,75.74,76.28,74.91,74.94,,2260131.0
2019-04-03,75.41,75.41,73.17,73.29,,4351543.0
2019-04-04,73.39,73.73,72.5,73.08,,5782721.0
2019-04-05,73.69,77.05,73.29,76.95,,4505548.0
2019-04-08,77.33,78.79,77.22,77.62,,4985940.0
2019-04-09,77.08,77.7,75.98,76.91,,4005677.0
2019-04-10,77.51,78.06,76.77,77.03,,3066246.0
2019-04-11,76.76,77.83,76.2,77.03,,2640871.0
2019-04-12,79.65,83.08,79.46,82.16,,7145056.0
2019-04-15,81.65,81.88,79.31,79.85,,6091032.0
2019-04-16,79.64,80.39,78.95,80.03,,2990071.0
2019-04-17,80.68,81.67,79.31,79.63,,2445525.0
2019-04-18,79.71,81.54,79.38,81.21,,3306991.0
2019-04-22,82.29,83.9,81.82,83.72,,3886031.0
2019-04-23,83.64,84.36,82.39,83.35,,4242229.0
2019-04-24,84.05,84.12,81.18,81.27,,3599169.0
2019-04-25,81.3,81.42,79.77,79.82,,4090787.0
2019-04-26,79.34,79.86,75.91,76.53,,4380457.0
2019-04-29,76.63,76.98,75.61,75.84,,3511955.0
2019-04-30,76.62,76.92,74.26,75.1,,3804590.0
2019-05-01,74.94,75.45,71.82,71.85,,5186840.0
2019-05-02,71.25,72.05,69.64,69.72,,5145851.0
2019-05-03,71.74,73.2,70.16,71.07,,6354703.0
2019-05-06,70.29,71.83,70.01,71.34,,3705879.0
2019-05-07,70.49,71.85,70.14,71.76,,4170882.0
2019-05-08,71.68,74.01,71.56,73.52,,3925432.0
2019-05-09,72.47,74.38,71.98,73.69,,3395159.0
2019-05-10,73.78,74.47,72.32,74.28,,2425908.0
2019-05-13,73.45,74.51,72.88,73.11,,4184535.0
2019-05-14,73.44,74.54,73.44,73.76,,2482492.0
2019-05-15,73.02,73.99,72.85,73.78,,1950498.0
2019-05-16,74.28,75.26,74.12,74.42,,2044207.0
2019-05-17,73.71,74.02,72.46,72.73,,2701495.0
2019-05-20,72.88,73.9,72.54,73.25,,2823104.0
2019-05-21,73.57,75.01,73.57,74.77,,2537344.0
2019-05-22,74.3,74.58,72.24,72.65,,2869996.0
2019-05-23,71.19,71.19,68.22,69.47,,4547492.0
2019-05-24,70.2,70.76,67.8,68.15,,3757479.0
2019-05-28,68.56,69.1,68.0,68.11,,3148488.0
2019-05-29,66.97,67.74,65.9,67.58,,3974505.0
2019-05-30,67.45,67.63,65.53,65.65,,3010399.0
2019-05-31,64.66,65.56,63.98,64.02,,4316620.0
2019-06-03,64.48,64.94,63.58,64.86,,3333325.0
2019-06-04,65.24,66.38,64.57,65.9,,3586605.0
2019-06-05,65.76,66.01,62.87,64.14,,4593361.0
2019-06-06,64.77,66.29,64.45,65.89,,3545045.0
2019-06-07,66.06,66.57,65.29,66.15,,2462113.0
2019-06-10,66.52,67.11,66.32,66.62,,2044152.0
2019-06-11,67.42,68.56,67.37,67.63,,4030658.0
2019-06-12,67.21,67.35,66.02,66.48,,2857691.0
2019-06-13,67.5,68.02,67.33,67.63,,4218098.0
2019-06-14,67.68,68.28,66.51,66.59,,2759498.0
2019-06-17,66.0,67.28,65.93,66.83,,2629194.0
2019-06-18,67.61,69.65,67.57,69.04,,3640529.0
2019-06-19,68.61,69.89,67.66,69.31,,3318384.0
2019-06-20,70.68,72.01,70.68,71.5,,3772915.0
2019-06-21,71.44,72.79,71.44,72.22,,4052483.0
2019-06-24,71.81,72.68,70.65,70.81,,2311505.0
2019-06-25,70.7,70.97,69.7,70.4,,2641907.0
2019-06-26,71.54,73.79,70.93,72.79,,3422298.0
2019-06-27,72.63,73.33,71.85,72.02,,2112417.0
2019-06-28,72.11,73.08,71.68,72.84,,3735869.0
2019-07-01,74.28,74.51,72.29,72.79,,2356718.0
2019-07-02,72.46,72.71,68.3,68.46,,5193334.0
2019-07-03,68.81,68.88,67.34,68.18,,2794512.0
2019-07-05,68.31,69.59,68.18,69.25,,5390545.0
2019-07-08,68.77,71.18,68.22,70.49,,3219363.0
2019-07-09,70.14,70.55,69.32,69.71,,2626969.0
2019-07-10,70.41,72.01,70.29,70.89,,4298660.0
2019-07-11,71.27,71.64,70.44,71.03,,3640273.0
2019-07-12,71.03,71.52,70.7,71.07,,2392965.0
2019-07-15,71.28,71.43,69.26,69.39,,3432668.0
2019-07-16,69.65,69.65,67.67,68.25,,3012038.0
2019-07-17,68.43,68.82,66.77,66.83,,3693655.0
2019-07-18,66.64,67.12,66.3,67.02,,3332069.0
2019-07-19,67.25,68.56,66.6,68.28,,3130164.0
2019-07-22,68.54,69.64,68.17,68.41,,3331384.0
2019-07-23,68.36,69.32,67.83,68.71,,2908162.0
2019-07-24,68.61,69.61,68.52,68.78,,1849387.0
2019-07-25,69.05,69.17,66.7,67.05,,2945053.0
2019-07-26,66.7,66.84,65.48,66.12,,3026076.0
2019-07-29,65.94,66.2,64.33,65.83,,3407039.0
2019-07-30,65.58,68.04,65.15,67.51,,3707635.0
2019-07-31,67.35,69.14,66.88,67.35,,3144344.0
2019-08-01,65.9,66.13,62.33,63.6,,8080042.0
2019-08-02,65.15,68.91,62.8,64.69,,6795820.0
2019-08-05,62.95,64.04,61.82,61.97,,5476354.0
2019-08-06,62.39,62.69,60.3,61.41,,4257173.0
2019-08-07,60.13,61.27,58.71,60.84,,5249921.0
2019-08-08,61.19,63.06,60.88,63.04,,6235207.0
2019-08-09,63.39,63.45,62.18,62.26,,2787751.0
2019-08-12,61.78,62.47,61.03,61.13,,5525586.0
2019-08-13,60.79,62.7,60.27,61.6,,4903604.0
2019-08-14,60.0,60.31,58.25,58.85,,6971586.0
2019-08-15,58.76,59.24,58.01,58.79,,4008289.0
2019-08-16,58.98,60.07,58.7,59.56,,2540864.0
2019-08-19,60.73,61.34,59.75,61.04,,3529987.0
2019-08-20,60.6,60.71,59.78,60.16,,3039077.0
2019-08-21,60.87,61.29,59.89,60.58,,2886754.0
2019-08-22,60.89,60.99,59.2,59.24,,2300786.0
2019-08-23,58.19,58.73,55.98,56.29,,5160018.0
2019-08-26,57.06,57.44,55.99,56.68,,2688939.0
2019-08-27,57.21,57.26,55.56,56.22,,2649348.0
2019-08-28,56.22,57.64,56.18,56.9,,3055323.0
2019-08-29,57.42,59.49,57.3,58.43,,3726710.0
2019-08-30,58.51,59.16,57.54,58.2,,3164019.0
2019-09-03,56.92,58.33,56.79,58.15,,2466970.0
2019-09-04,59.38,59.91,58.77,59.28,,2951076.0
2019-09-05,59.49,60.66,58.92,59.31,,4059674.0
2019-09-06,58.62,60.04,57.64,59.97,,3780707.0
2019-09-09,60.6,63.09,60.44,62.76,,5075661.0
2019-09-10,63.06,64.63,62.54,62.84,,4342647.0
2019-09-11,63.45,64.92,62.6,63.57,,3557192.0
2019-09-12,62.15,63.13,61.19,62.51,,3200221.0
2019-09-13,62.89,63.61,61.28,62.28,,4123513.0
2019-09-16,67.46,68.25,65.29,67.18,,11836323.0
2019-09-17,66.21,66.67,63.41,63.71,,4938187.0
2019-09-18,62.76,63.85,62.51,63.79,,3882765.0
2019-09-19,64.63,64.7,63.52,64.02,,4111489.0
2019-09-20,64.32,64.44,62.82,63.54,,4785356.0
2019-09-23,62.76,63.54,62.53,62.86,,3771659.0
2019-09-24,61.78,62.58,61.09,61.63,,4390043.0
2019-09-25,60.98,61.53,59.71,60.22,,3240015.0
2019-09-26,59.62,59.95,58.39,58.91,,4116210.0
2019-09-27,58.05,59.19,57.65,58.82,,3422250.0
2019-09-30,58.35,58.73,57.88,58.22,,3164673.0
2019-10-01,58.67,58.67,56.01,56.15,,4167684.0
2019-10-02,55.96,56.71,54.5,54.76,,4314525.0
2019-10-03,54.25,55.77,54.21,55.57,,3570125.0
2019-10-04,55.47,56.03,54.55,55.63,,2526666.0
2019-10-07,56.01,56.04,54.7,54.72,,3830431.0
2019-10-08,54.04,54.72,53.43,53.92,,5584885.0
2019-10-09,54.69,54.98,53.41,53.81,,3619688.0
2019-10-10,53.89,54.61,53.42,54.06,,3089082.0
2019-10-11,54.82,55.52,54.17,54.32,,5674393.0
2019-10-14,53.4,53.75,51.79,53.49,,5367549.0
2019-10-15,53.03,54.75,52.8,54.32,,6133763.0
2019-10-16,53.97,54.92,53.7,53.71,,4382506.0
2019-10-17,53.86,54.11,52.31,52.6,,4337947.0
2019-10-18,52.54,52.7,50.76,50.76,,6595291.0
2019-10-21,50.73,53.36,50.68,53.3,,5720477.0
2019-10-22,53.47,55.69,53.1,54.81,,4537270.0
2019-10-23,54.87,57.3,54.4,56.67,,5629080.0
2019-10-24,56.95,57.16,55.67,56.7,,4315680.0
2019-10-25,56.59,57.36,56.09,57.1,,2398647.0
2019-10-28,57.58,57.77,55.95,55.97,,3193370.0
2019-10-29,55.66,56.94,55.18,56.57,,3924093.0
2019-10-30,56.73,57.11,54.74,54.85,,3361104.0
2019-10-31,54.49,54.93,53.66,54.6,,5272197.0
2019-11-01,55.19,56.23,54.86,56.05,,3033116.0
2019-11-04,57.05,58.48,57.01,58.05,,6808370.0
2019-11-05,58.61,59.37,57.84,58.3,,4411403.0
2019-11-06,57.89,58.06,55.68,56.26,,5247470.0
2019-11-07,57.07,59.56,56.62,58.88,,7641172.0
2019-11-08,58.3,59.3,57.62,58.85,,3136411.0
2019-11-11,57.9,58.77,57.45,58.15,,2905825.0
2019-11-12,58.37,58.6,57.1,57.74,,3261954.0
2019-11-13,57.25,57.46,56.01,57.2,,3965854.0
2019-11-14,57.41,58.48,56.81,57.0,,3425150.0
2019-11-15,57.36,58.3,57.15,57.89,,3455273.0
2019-11-18,57.29,57.46,55.7,56.14,,2965774.0
2019-11-19,56.22,56.24,54.97,55.46,,3763517.0
2019-11-20,55.73,57.79,55.39,56.77,,4027556.0
2019-11-21,56.77,57.87,56.17,57.76,,4147691.0
2019-11-22,57.91,58.54,57.37,57.5,,2903339.0
2019-11-25,57.37,57.97,56.78,57.92,,3129218.0
2019-11-26,57.89,58.04,56.6,56.65,,3319958.0
2019-11-27,56.78,57.16,56.19,57.0,,2346397.0
2019-11-29,56.22,56.6,55.51,55.85,,1497555.0
2019-12-02,56.42,57.21,55.7,55.77,,3937994.0
2019-12-03,55.15,55.24,53.63,54.18,,4630820.0
2019-12-04,54.92,57.15,54.85,56.76,,5310556.0
2019-12-05,57.13,57.36,55.27,55.61,,3480493.0
2019-12-06,55.86,58.39,55.7,58.26,,4367961.0
2019-12-09,57.73,59.0,57.33,58.7,,3752005.0
2019-12-10,58.34,59.16,58.09,58.96,,3646852.0
2019-12-11,58.89,59.11,58.34,58.82,,3070791.0
2019-12-12,58.82,60.75,58.59,60.43,,3754791.0
2019-12-13,61.02,61.17,59.39,59.47,,2728891.0
2019-12-16,60.07,61.57,59.86,61.38,,6744528.0
2019-12-17,61.54,62.63,61.49,62.09,,5504898.0
2019-12-18,62.16,64.09,62.09,63.49,,7742705.0
2019-12-19,63.16,64.33,62.78,64.01,,6791672.0
2019-12-20,65.17,65.87,64.13,65.12,,9118976.0
2019-12-23,64.88,65.78,64.46,65.69,,3159094.0
2019-12-24,66.02,66.57,65.8,66.02,,1236187.0
2019-12-26,66.4,66.72,65.76,65.9,,2588813.0
2019-12-27,66.23,66.24,65.33,65.5,,1868044.0
2019-12-30,65.31,65.78,64.78,64.91,,2251811.0
2019-12-31,64.48,66.0,64.11,65.98,,2238895.0
2020-01-02,66.43,66.65,65.81,66.28,,2496385.0
2020-01-03,67.42,68.42,66.22,66.95,,3716242.0
2020-01-06,67.67,70.34,67.58,69.67,,8483669.0
2020-01-07,69.82,70.37,68.72,70.34,,4332157.0
2020-01-08,70.3,70.54,68.51,68.8,,5268849.0
2020-01-09,68.18,69.62,66.73,69.52,,6908246.0
2020-01-10,68.97,69.02,67.87,67.96,,2950628.0
2020-01-13,67.65,67.73,66.44,67.37,,3399702.0
2020-01-14,67.25,68.27,66.61,68.01,,4281709.0
2020-01-15,67.5,68.36,67.16,68.33,,2562454.0
2020-01-16,68.73,69.62,68.5,68.78,,5128592.0
2020-01-17,68.82,68.87,66.63,67.43,,4542049.0
2020-01-21,67.26,68.11,66.42,66.42,,4522716.0
2020-01-22,66.42,66.47,65.43,65.67,,4030354.0
2020-01-23,64.89,65.0,63.74,64.68,,3368468.0
2020-01-24,64.18,64.19,62.42,63.11,,3128828.0
2020-01-27,61.33,61.86,60.55,60.58,,2967694.0
2020-01-28,61.23,61.59,60.52,60.9,,2794264.0
2020-01-29,61.39,61.6,59.31,59.39,,2700771.0
2020-01-30,58.59,60.06,58.16,59.93,,4535648.0
2020-01-31,58.74,59.12,57.31,57.63,,5004008.0
2020-02-03,57.56,57.7,56.33,56.41,,3803171.0
2020-02-04,57.63,59.12,57.62,58.19,,4725244.0
2020-02-05,59.67,61.63,59.5,60.9,,3724789.0
2020-02-06,61.18,61.18,59.45,59.97,,2128799.0
2020-02-07,59.16,59.53,58.41,58.77,,2257832.0
2020-02-10,58.41,58.6,57.75,58.25,,2865404.0
2020-02-11,59.38,59.6,58.73,59.11,,2191531.0
2020-02-12,60.54,60.79,59.41,59.58,,2859975.0
2020-02-13,59.28,60.1,59.08,59.82,,2197620.0
2020-02-14,60.07,60.24,58.36,59.22,,2087730.0
2020-02-18,58.91,59.33,58.12,58.91,,2520808.0
2020-02-19,59.22,61.39,59.22,61.08,,2765169.0
2020-02-20,60.69,61.15,59.82,60.06,,2447053.0
2020-02-21,59.18,59.18,58.21,58.65,,2963729.0
2020-02-24,56.38,56.38,54.85,55.26,,3853968.0
2020-02-25,55.45,55.58,51.81,52.95,,6558084.0
2020-02-26,53.52,53.56,49.86,49.95,,5370938.0
2020-02-27,47.89,50.24,46.51,47.42,,7696484.0
2020-02-28,45.29,50.0,44.53,50.0,,11070274.0
2020-03-02,50.43,50.51,47.55,49.68,,8008525.0
2020-03-03,49.74,51.7,48.13,49.34,,6431237.0
2020-03-04,50.28,50.98,49.23,50.65,,5455079.0
2020-03-05,48.83,50.38,47.98,48.9,,4905103.0
2020-03-06,46.57,47.34,42.58,43.71,,9914914.0
2020-03-09,30.21,31.76,27.58,29.72,,18927312.0
2020-03-10,31.52,32.97,28.3,32.88,,13803555.0
2020-03-11,31.18,31.58,29.69,30.71,,13208621.0
2020-03-12,27.81,28.41,25.02,25.69,,12380599.0
2020-03-13,27.86,28.31,23.91,27.51,,13959906.0
2020-03-16,23.7,28.52,22.22,24.58,,10305851.0
2020-03-17,24.81,26.27,23.41,24.41,,10119540.0
2020-03-18,22.28,23.83,21.34,23.52,,7706462.0
2020-03-19,23.66,27.31,23.52,26.26,,9407472.0
2020-03-20,27.42,29.43,26.49,27.58,,12411364.0
2020-03-23,27.35,28.87,26.17,27.3,,8640568.0
2020-03-24,28.8,31.62,28.23,31.46,,10484063.0
2020-03-25,30.9,32.86,29.01,31.37,,9447762.0
2020-03-26,28.55,31.77,28.55,31.24,,9260022.0
2020-03-27,29.9,30.34,27.57,28.45,,10077646.0
2020-03-30,27.67,28.03,26.49,27.65,,9148155.0
2020-03-31,29.17,30.52,27.81,28.39,,7815863.0
2020-04-01,27.32,28.03,26.52,27.35,,6245370.0
2020-04-02,28.95,34.34,28.68,30.27,,12681977.0
2020-04-03,31.62,32.63,30.37,31.53,,13593874.0
2020-04-06,32.15,32.36,29.77,31.16,,9027684.0
2020-04-07,33.2,33.94,32.1,32.67,,7531295.0
2020-04-08,33.4,35.88,33.33,35.8,,7215180.0
2020-04-09,37.35,37.61,33.63,35.43,,10998225.0
2020-04-13,36.52,37.13,33.78,34.22,,5757424.0
2020-04-14,33.87,34.37,33.01,33.38,,5410682.0
2020-04-15,31.41,32.23,30.94,31.82,,6250798.0
2020-04-16,31.55,31.63,29.04,29.14,,6622784.0
2020-04-17,29.96,33.61,29.91,33.38,,10886147.0
2020-04-20,31.14,34.33,30.99,32.85,,6679707.0
2020-04-21,31.33,33.22,31.33,32.31,,6310412.0
2020-04-22,34.06,34.57,33.18,34.43,,5273561.0
2020-04-23,36.1,36.8,35.17,35.28,,7564340.0
2020-04-24,35.9,36.16,34.15,34.59,,5192238.0
2020-04-27,34.19,35.97,33.55,35.53,,4774495.0
2020-04-28,36.73,37.35,35.5,35.89,,4407507.0
2020-04-29,37.66,38.22,36.28,38.07,,6657060.0
2020-04-30,38.14,39.18,36.59,37.9,,5447672.0
2020-05-01,36.81,37.47,34.98,35.56,,5699238.0
2020-05-04,34.7,37.34,34.51,37.29,,7707539.0
2020-05-05,38.69,39.25,36.46,36.74,,7181448.0
2020-05-06,36.81,37.56,36.38,36.57,,3245914.0
2020-05-07,37.95,39.42,37.81,38.54,,5864447.0
2020-05-08,39.33,41.1,38.66,41.05,,7284188.0
2020-05-11,40.48,41.46,39.49,39.76,,5279080.0
2020-05-12,39.9,40.32,38.86,39.67,,5284818.0
2020-05-13,39.45,39.45,37.94,38.45,,5767997.0
2020-05-14,37.61,39.06,36.63,37.94,,5903755.0
2020-05-15,37.57,38.94,37.45,38.04,,4004814.0
2020-05-18,40.29,42.03,39.9,41.84,,6340605.0
2020-05-19,41.72,42.1,40.35,40.42,,3558570.0
2020-05-20,41.21,42.6,41.1,42.0,,3303626.0
2020-05-21,42.24,42.73,41.18,41.74,,3881102.0
2020-05-22,41.65,41.79,40.65,41.71,,2500185.0
2020-05-26,43.37,43.38,40.93,41.04,,5685281.0
2020-05-27,41.71,42.08,40.15,42.07,,3968577.0
2020-05-28,41.97,42.36,40.94,41.2,,4688684.0
2020-05-29,41.07,41.07,39.83,40.66,,6602708.0
2020-06-01,40.47,41.42,39.89,41.33,,3263717.0
2020-06-02,41.89,43.76,41.77,43.73,,4819543.0
2020-06-03,44.77,44.89,43.03,44.17,,4636629.0
2020-06-04,43.88,44.43,43.2,44.0,,4361212.0
2020-06-05,47.24,47.76,46.45,47.32,,6322639.0
2020-06-08,49.44,49.81,47.15,49.55,,6074214.0
2020-06-09,47.52,49.0,46.79,47.45,,6333761.0
2020-06-10,46.3,46.36,44.36,44.38,,6337135.0
2020-06-11,41.3,43.82,40.74,40.81,,5887954.0
2020-06-12,42.96,43.23,40.42,41.94,,4552453.0
2020-06-15,39.68,42.08,39.31,41.65,,5415233.0
2020-06-16,43.52,43.83,41.41,43.56,,4660176.0
2020-06-17,43.48,43.52,41.84,41.87,,3930404.0
2020-06-18,41.49,42.95,41.06,42.23,,3189061.0
2020-06-19,44.23,44.27,41.7,41.73,,7924015.0
2020-06-22,41.48,42.14,40.95,41.82,,3333859.0
2020-06-23,42.44,42.68,41.49,41.85,,3849473.0
2020-06-24,41.14,41.73,39.02,39.05,,4255301.0
2020-06-25,38.64,40.53,38.3,40.47,,3504464.0
2020-06-26,40.02,40.1,38.62,38.9,,4341799.0
2020-06-29,39.12,39.77,38.64,39.61,,2634192.0
2020-06-30,39.13,40.7,38.92,40.42,,3104877.0
2020-07-01,40.71,41.48,39.72,39.78,,3394975.0
2020-07-02,40.82,41.19,40.25,40.31,,4166482.0
2020-07-06,40.86,41.56,39.79,40.22,,2378660.0
2020-07-07,39.64,39.72,38.31,38.38,,3779711.0
2020-07-08,38.52,38.9,37.63,37.85,,3865791.0
2020-07-09,37.72,37.85,35.33,35.38,,5209411.0
2020-07-10,35.38,36.36,35.14,36.22,,6245168.0
2020-07-13,36.6,36.81,35.53,35.86,,3816604.0
2020-07-14,35.77,37.74,35.48,37.72,,3692943.0
2020-07-15,38.53,38.62,36.94,37.86,,4201609.0
2020-07-16,37.41,38.88,37.1,38.45,,3079150.0
2020-07-17,38.46,39.31,37.68,37.92,,2949519.0
2020-07-20,37.74,39.12,37.74,38.35,,4004072.0
2020-07-21,39.16,41.0,39.16,40.54,,4584345.0
2020-07-22,39.89,40.59,39.41,40.36,,2564996.0
2020-07-23,39.87,40.26,39.1,39.28,,4936375.0
2020-07-24,39.51,40.19,39.09,39.43,,3055045.0
2020-07-27,39.25,39.79,38.73,39.05,,2474830.0
2020-07-28,38.68,39.15,37.94,38.01,,2763314.0
2020-07-29,38.1,39.01,37.75,39.0,,3016230.0
2020-07-30,38.06,38.34,37.06,37.45,,3226862.0
2020-07-31,36.91,37.7,36.87,37.67,,2882753.0
2020-08-03,37.68,37.85,36.91,37.28,,4004510.0
2020-08-04,37.29,39.21,37.06,38.97,,5754259.0
2020-08-05,40.1,41.1,39.82,40.81,,5070023.0
2020-08-06,40.53,41.07,40.41,40.92,,3290616.0
2020-08-07,37.79,39.55,36.24,39.25,,8528582.0
2020-08-10,39.39,40.71,39.11,40.57,,4089132.0
2020-08-11,41.81,42.44,39.58,39.74,,5529011.0
2020-08-12,40.47,40.48,39.09,39.47,,4644346.0
2020-08-13,39.21,39.52,38.1,38.13,,3394574.0
2020-08-14,38.07,38.58,37.74,38.57,,3498927.0
2020-08-17,38.51,38.51,37.06,37.42,,4683362.0
2020-08-18,37.24,37.94,37.13,37.27,,3215371.0
2020-08-19,37.15,37.44,36.54,36.67,,2878945.0
2020-08-20,36.15,36.42,35.45,35.46,,4225548.0
2020-08-21,35.44,35.48,34.56,34.89,,4166373.0
2020-08-24,35.15,36.16,34.86,35.64,,6078888.0
2020-08-25,36.17,36.29,35.42,35.68,,3263377.0
2020-08-26,35.57,35.67,34.58,34.78,,3054055.0
2020-08-27,35.07,36.26,34.74,36.14,,5453766.0
2020-08-28,36.43,37.19,35.99,37.16,,3365853.0
2020-08-31,37.16,37.19,36.19,36.46,,3017617.0
2020-09-01,35.96,36.48,35.69,36.35,,2906426.0
2020-09-02,35.96,36.3,35.0,35.14,,5249985.0
2020-09-03,35.15,35.86,34.4,34.68,,5188178.0
2020-09-04,35.03,35.31,34.21,34.69,,4418485.0
2020-09-08,33.91,34.06,32.19,32.83,,5747395.0
2020-09-09,33.26,34.04,32.93,33.66,,3565132.0
2020-09-10,33.63,33.63,30.55,30.55,,7457202.0
2020-09-11,30.94,31.51,30.47,31.4,,5658349.0
2020-09-14,31.61,31.97,30.99,31.5,,5543260.0
2020-09-15,31.76,31.99,30.9,31.03,,4791164.0
2020-09-16,31.28,33.43,31.08,32.85,,6554612.0
2020-09-17,32.05,33.13,31.81,33.12,,3900685.0
2020-09-18,32.81,33.41,32.41,32.73,,5865754.0
2020-09-21,31.76,32.25,30.79,31.21,,4719980.0
2020-09-22,31.42,31.92,30.54,30.92,,3768221.0
2020-09-23,31.13,31.42,29.22,29.25,,4041385.0
2020-09-24,29.09,30.1,28.41,29.47,,4431716.0
2020-09-25,29.15,30.39,28.99,30.11,,3366030.0
2020-09-28,30.85,30.85,29.96,30.1,,4169951.0
2020-09-29,29.94,30.13,28.06,29.1,,7018353.0
2020-09-30,29.3,29.56,28.79,28.9,,6033687.0
2020-10-01,28.41,28.8,27.84,28.03,,5085281.0
2020-10-02,27.17,28.32,27.04,27.99,,5428913.0
2020-10-05,28.51,29.34,28.2,29.32,,4113399.0
2020-10-06,29.9,30.33,28.73,28.94,,6025753.0
2020-10-07,28.95,29.65,28.71,29.52,,4513240.0
2020-10-08,29.84,30.45,29.49,30.29,,3714900.0
2020-10-09,30.54,30.69,29.89,30.2,,3398031.0
2020-10-12,30.16,30.88,29.48,30.72,,3806503.0
2020-10-13,31.07,32.28,30.94,31.07,,7808650.0
2020-10-14,31.17,31.53,30.23,30.25,,6919475.0
2020-10-15,29.68,31.05,29.36,30.92,,4791751.0
2020-10-16,30.76,32.36,29.76,30.38,,10261139.0
2020-10-19,30.47,30.52,29.36,29.39,,8378310.0
2020-10-20,29.62,29.72,28.62,29.46,,6118889.0
2020-10-21,29.47,29.52,28.45,28.52,,6314523.0
2020-10-22,28.48,30.15,28.38,29.99,,7240414.0
2020-10-23,30.25,30.62,29.8,30.46,,4466247.0
2020-10-26,29.86,29.86,28.14,28.36,,5054938.0
2020-10-27,28.21,28.57,27.82,28.08,,7082360.0
2020-10-28,27.32,27.36,25.96,26.4,,8754725.0
2020-10-29,25.82,27.64,25.35,27.58,,6106049.0
2020-10-30,27.32,27.82,26.81,27.8,,4707439.0
2020-11-02,28.33,29.04,27.12,28.54,,4858492.0
2020-11-03,29.17,29.21,28.04,28.44,,3683982.0
2020-11-04,28.53,29.95,27.79,29.26,,6095214.0
2020-11-05,28.67,29.61,28.67,28.91,,5564098.0
2020-11-06,29.48,30.15,27.64,28.08,,8823508.0
2020-11-09,32.03,33.92,31.75,32.73,,10838327.0
2020-11-10,33.29,34.31,32.13,34.26,,6593305.0
2020-11-11,34.71,34.95,33.51,34.03,,7126730.0
2020-11-12,33.14,34.01,32.58,32.88,,4738894.0
2020-11-13,33.28,34.86,33.26,34.65,,4854480.0
2020-11-16,35.96,36.93,35.44,36.82,,6992991.0
2020-11-17,36.42,37.19,35.69,37.08,,5393466.0
2020-11-18,37.51,38.5,36.42,36.48,,5104298.0
2020-11-19,36.09,37.03,35.82,36.91,,4186730.0
2020-11-20,36.62,37.37,36.19,36.86,,3497515.0
2020-11-23,37.46,40.97,37.39,40.91,,6344600.0
2020-11-24,42.34,44.42,42.09,44.19,,9623611.0
2020-11-25,43.75,44.48,43.04,43.04,,7565582.0
2020-11-27,42.3,43.34,41.52,41.76,,2187033.0
2020-11-30,41.22,41.26,37.94,38.07,,9701270.0
2020-12-01,39.36,39.64,37.72,37.78,,4310960.0
2020-12-02,37.82,39.84,37.6,38.83,,9378516.0
2020-12-03,39.58,39.67,38.75,39.11,,16457989.0
2020-12-04,40.06,43.04,40.0,43.04,,7008430.0
2020-12-07,42.45,42.77,41.49,41.87,,5689795.0
2020-12-08,42.0,42.41,41.43,42.35,,4818457.0
2020-12-09,42.9,44.26,42.24,43.0,,6915559.0
2020-12-10,43.04,45.43,43.0,44.4,,5231069.0
2020-12-11,44.0,44.12,42.91,43.52,,3929345.0
2020-12-14,44.2,44.4,42.13,42.29,,3937245.0
2020-12-15,42.65,43.37,41.94,43.17,,4081595.0
2020-12-16,43.25,43.82,42.56,42.79,,3417503.0
2020-12-17,43.22,43.37,41.82,42.35,,4054072.0
2020-12-18,42.23,42.52,41.44,42.04,,9911107.0
2020-12-21,40.04,41.61,39.45,40.66,,5318103.0
2020-12-22,40.6,40.6,39.39,39.67,,5034589.0
2020-12-23,40.15,41.35,40.01,40.66,,3660460.0
2020-12-24,40.72,40.76,39.82,40.27,,2128499.0
2020-12-28,40.44,40.88,39.62,39.74,,2563714.0
2020-12-29,40.23,40.46,39.14,39.52,,2027798.0
2020-12-30,39.45,41.13,39.25,41.05,,2324049.0
2020-12-31,40.84,40.96,40.22,40.49,,2408049.0
2021-01-04,41.22,41.37,39.46,40.49,,4406609.0
2021-01-05,41.2,44.92,40.9,43.78,,5624121.0
2021-01-06,44.22,45.6,43.63,44.71,,6350782.0
2021-01-07,45.22,48.12,44.86,47.6,,5715268.0
2021-01-08,48.31,48.47,47.09,47.8,,5804330.0
2021-01-11,46.63,48.74,46.12,48.4,,5667755.0
2021-01-12,49.29,51.18,48.97,50.7,,5462719.0
2021-01-13,50.45,50.62,48.56,49.1,,3792237.0
2021-01-14,49.25,51.44,49.11,50.84,,3732299.0
2021-01-15,49.78,49.86,47.83,48.35,,4933065.0
2021-01-19,49.23,50.02,48.91,49.4,,2966736.0
2021-01-20,49.87,50.03,48.49,49.18,,2280727.0
2021-01-21,49.1,49.39,44.9,44.95,,8531546.0
2021-01-22,43.5,44.91,43.25,44.81,,5481096.0
2021-01-25,44.21,45.13,43.14,45.09,,4902752.0
2021-01-26,45.61,46.38,43.68,43.69,,3702431.0
2021-01-27,43.07,45.33,42.39,44.94,,7499629.0
2021-01-28,45.35,45.66,43.76,43.88,,7417527.0
2021-01-29,43.46,44.01,41.46,41.63,,6691315.0
2021-02-01,41.92,42.48,40.91,41.93,,4710302.0
2021-02-02,43.21,43.3,41.61,41.87,,6229692.0
2021-02-03,42.34,45.75,42.07,45.65,,5047578.0
2021-02-04,46.0,47.0,44.71,46.95,,5451906.0
2021-02-05,47.41,47.46,46.1,46.24,,4028958.0
2021-02-08,46.98,48.89,46.82,48.53,,4079623.0
2021-02-09,47.99,48.14,47.28,47.56,,3014315.0
2021-02-10,47.79,49.76,47.75,49.18,,4876924.0
2021-02-11,49.14,49.23,47.51,48.72,,2973000.0
2021-02-12,48.37,50.24,48.22,49.85,,3317552.0
2021-02-16,51.5,52.16,50.76,51.55,,4921935.0
2021-02-17,51.74,52.06,50.52,51.9,,2940631.0
2021-02-18,51.46,51.58,49.39,49.48,,3695464.0
2021-02-19,49.66,51.1,49.66,51.06,,3291123.0
2021-02-22,51.47,54.96,51.28,54.0,,4633967.0
2021-02-23,54.98,55.68,51.97,55.43,,4236606.0
2021-02-24,55.67,59.51,55.07,59.12,,6106597.0
2021-02-25,59.14,59.5,57.05,57.66,,5761953.0
2021-02-26,56.57,56.65,51.81,52.74,,9250898.0
2021-03-01,53.47,53.9,52.39,53.08,,4854514.0
2021-03-02,52.84,53.71,52.24,52.66,,3593309.0
2021-03-03,52.93,55.94,52.93,54.72,,4772217.0
2021-03-04,55.1,60.34,54.92,58.35,,7351575.0
2021-03-05,60.38,61.15,58.22,60.92,,6638234.0
2021-03-08,61.67,61.92,59.44,60.93,,6850244.0
2021-03-09,59.62,63.02,57.67,60.13,,5738357.0
2021-03-10,60.45,61.8,59.33,61.36,,3712377.0
2021-03-11,61.43,62.56,60.99,61.52,,4167852.0
2021-03-12,61.84,61.99,60.64,61.27,,2958418.0
2021-03-15,60.59,60.93,58.95,60.74,,2602439.0
2021-03-16,59.31,59.59,57.45,57.71,,5399941.0
2021-03-17,58.31,59.83,57.08,59.79,,3816854.0
2021-03-18,59.2,59.76,56.12,56.28,,4406386.0
2021-03-19,56.54,58.02,55.78,57.25,,8384453.0
2021-03-22,56.05,56.46,55.23,55.74,,2941978.0
2021-03-23,54.65,58.42,54.14,56.9,,7079784.0
2021-03-24,58.01,60.02,58.0,59.26,,5032738.0
2021-03-25,58.04,59.75,57.02,59.67,,4176027.0
2021-03-26,60.81,61.27,60.11,61.17,,4425273.0
2021-03-29,60.73,61.18,59.22,60.16,,3264089.0
2021-03-30,59.26,60.37,58.32,59.84,,2614298.0
2021-03-31,59.74,60.28,58.97,59.25,,3458292.0
2021-04-01,59.49,61.72,58.95,61.54,,5864050.0
2021-04-05,61.3,61.39,57.86,58.64,,4173298.0
2021-04-06,59.2,60.96,58.94,59.06,,3390827.0
2021-04-07,59.2,60.09,59.06,59.88,,3552375.0
2021-04-08,59.47,59.51,57.9,58.97,,4445175.0
2021-04-09,59.44,60.05,58.1,58.63,,4065737.0
2021-04-12,59.13,59.93,57.26,57.26,,3403901.0
2021-04-13,57.27,58.08,56.62,57.51,,2229695.0
2021-04-14,58.21,61.17,58.06,60.55,,4710269.0
2021-04-15,60.95,61.06,59.36,59.83,,3520911.0
2021-04-16,59.83,60.05,57.87,57.92,,3574861.0
2021-04-19,58.08,59.23,57.51,58.57,,2915023.0
2021-04-20,57.69,58.0,55.29,56.33,,3980932.0
2021-04-21,55.48,57.24,55.28,56.65,,3513751.0
2021-04-22,56.8,56.84,55.15,56.15,,2776119.0
2021-04-23,56.39,57.41,56.09,56.73,,2181724.0
2021-04-26,56.6,57.83,56.51,57.37,,2601669.0
2021-04-27,57.54,59.17,57.3,58.89,,2808807.0
2021-04-28,59.33,61.97,59.33,61.6,,4677561.0
2021-04-29,62.76,63.3,61.56,62.38,,2863432.0
2021-04-30,61.14,62.62,60.4,60.5,,2467623.0
2021-05-03,61.3,62.45,60.92,62.41,,3324647.0
2021-05-04,62.56,63.0,61.38,61.62,,4649201.0
2021-05-05,62.84,64.21,62.02,63.02,,7966700.0
2021-05-06,63.03,63.43,61.34,63.24,,4740450.0
2021-05-07,63.53,68.42,63.09,68.27,,7297417.0
2021-05-10,69.6,71.14,68.74,69.46,,5567834.0
2021-05-11,67.99,68.17,66.12,67.48,,4977914.0
2021-05-12,68.38,69.17,66.6,66.84,,4693895.0
2021-05-13,66.3,66.85,64.14,65.38,,3427386.0
2021-05-14,66.17,68.2,66.16,67.86,,4042899.0
2021-05-17,67.23,69.93,67.23,69.91,,3833225.0
2021-05-18,70.25,70.49,68.04,68.16,,3346076.0
2021-05-19,66.18,67.4,64.76,66.16,,4041280.0
2021-05-20,66.21,66.59,64.66,66.15,,3306665.0
2021-05-21,66.92,67.55,65.71,65.78,,2782924.0
2021-05-24,66.45,66.49,64.77,65.84,,4270764.0
2021-05-25,65.93,66.44,64.55,64.64,,4786178.0
2021-05-26,64.84,65.65,64.03,65.39,,3877238.0
2021-05-27,66.16,66.85,65.26,65.99,,6086146.0
2021-05-28,66.09,66.53,65.64,66.0,,2062338.0
2021-06-01,67.84,70.02,67.82,69.49,,4135243.0
2021-06-02,69.69,70.67,68.39,70.05,,3547488.0
2021-06-03,70.17,71.81,69.59,71.32,,3658229.0
2021-06-04,71.69,72.21,70.36,71.85,,3128630.0
2021-06-07,71.62,72.28,71.32,71.5,,2670181.0
2021-06-08,69.96,72.05,69.29,71.79,,3019063.0
2021-06-09,71.88,72.24,70.45,70.49,,3154751.0
2021-06-10,71.78,71.9,69.7,70.79,,3122277.0
2021-06-11,71.42,72.05,69.99,70.19,,3977477.0
2021-06-14,70.68,71.75,69.06,69.71,,3574102.0
2021-06-15,69.85,70.89,69.4,70.32,,4392344.0
2021-06-16,70.22,70.69,68.73,69.59,,3795833.0
2021-06-17,69.56,70.21,65.49,66.9,,4582187.0
2021-06-18,65.56,66.79,64.73,65.15,,9421196.0
2021-06-21,66.34,69.89,66.21,69.82,,4966527.0
2021-06-22,69.78,70.28,68.51,69.79,,3187699.0
2021-06-23,70.55,72.1,70.33,70.4,,2601277.0
2021-06-24,70.0,70.76,69.31,70.72,,2754809.0
2021-06-25,71.22,72.05,70.3,72.01,,4754764.0
2021-06-28,71.48,71.48,67.77,68.16,,4471918.0
2021-06-29,68.58,69.41,67.34,67.62,,2944627.0
2021-06-30,68.3,69.34,67.91,68.55,,5392513.0
2021-07-01,70.56,70.96,69.5,70.64,,4409891.0
2021-07-02,70.32,70.9,69.33,70.46,,2884174.0
2021-07-06,70.46,70.65,68.28,68.78,,3776924.0
2021-07-07,68.53,69.18,66.25,66.62,,4430349.0
2021-07-08,65.81,67.06,65.36,65.63,,6314873.0
2021-07-09,66.86,68.0,65.56,67.85,,6362241.0
2021-07-12,66.87,68.9,66.47,68.43,,3387584.0
2021-07-13,67.95,68.65,67.47,67.96,,3512836.0
2021-07-14,68.65,69.28,65.08,65.44,,3745606.0
2021-07-15,64.21,65.8,63.38,63.75,,6226996.0
2021-07-16,64.53,64.71,61.59,61.84,,3652487.0
2021-07-19,59.83,60.61,58.09,58.86,,6348303.0
2021-07-20,58.57,60.63,57.99,59.83,,7228060.0
2021-07-21,61.25,62.64,60.6,62.08,,8756211.0
2021-07-22,62.21,62.37,61.02,61.67,,3059154.0
2021-07-23,61.44,61.64,59.89,60.67,,3889384.0
2021-07-26,60.9,62.42,60.71,62.06,,4237476.0
2021-07-27,61.42,61.42,59.94,60.86,,4977318.0
2021-07-28,61.32,61.75,59.99,61.33,,3546062.0
2021-07-29,62.05,62.13,60.91,61.68,,4438367.0
2021-07-30,61.22,61.38,60.31,60.96,,4708664.0
2021-08-02,60.94,62.24,59.73,59.93,,5653390.0
2021-08-03,59.73,62.16,59.31,61.65,,4718293.0
2021-08-04,60.1,61.12,58.99,59.19,,4964394.0
2021-08-05,59.52,60.21,58.37,59.19,,6534102.0
2021-08-06,60.1,60.39,59.08,59.35,,4560922.0
2021-08-09,58.24,59.08,57.62,58.05,,3909312.0
2021-08-10,58.27,58.84,56.88,57.51,,16155795.0
2021-08-11,57.62,58.47,56.91,58.12,,7844865.0
2021-08-12,58.19,58.57,57.48,58.4,,3907760.0
2021-08-13,58.43,58.45,56.86,56.9,,2507456.0
2021-08-16,56.04,56.4,55.08,55.16,,3658288.0
2021-08-17,54.81,55.93,54.68,55.2,,4609504.0
2021-08-18,55.17,56.52,54.58,54.69,,5504077.0
2021-08-19,53.83,54.76,52.56,53.77,,5467590.0
2021-08-20,53.1,54.39,52.92,53.94,,3554094.0
2021-08-23,55.95,56.93,55.51,56.6,,4195025.0
2021-08-24,57.03,57.58,56.45,57.27,,3638914.0
2021-08-25,57.36,57.98,56.71,57.51,,2362950.0
2021-08-26,56.91,57.19,56.08,56.42,,3247380.0
2021-08-27,57.23,58.91,57.23,58.26,,3440845.0
2021-08-30,57.61,58.03,56.36,56.39,,4614011.0
2021-08-31,56.36,57.07,55.79,56.5,,4744094.0
2021-09-01,56.66,56.91,55.27,55.53,,3737894.0
2021-09-02,56.06,58.17,56.0,57.2,,3541083.0
2021-09-03,56.91,57.36,56.24,56.89,,2450733.0
2021-09-07,56.33,57.17,56.02,56.62,,2274173.0
2021-09-08,57.13,57.37,55.94,56.21,,2927314.0
2021-09-09,55.79,57.07,55.29,56.35,,3286670.0
2021-09-10,57.31,57.67,56.03,56.18,,2769145.0
2021-09-13,57.85,59.73,57.8,58.65,,5099682.0
2021-09-14,59.18,59.37,57.88,58.17,,4747912.0
2021-09-15,59.56,63.2,59.43,63.01,,8412451.0
2021-09-16,62.6,63.13,61.42,61.89,,4327059.0
2021-09-17,61.95,62.7,61.49,62.13,,6397301.0
2021-09-20,60.14,61.01,58.91,59.85,,5227821.0
2021-09-21,60.66,61.21,59.72,60.42,,3870986.0
2021-09-22,60.88,63.03,60.88,62.42,,4775400.0
2021-09-23,62.69,64.47,62.32,64.32,,3893792.0
2021-09-24,63.83,65.99,63.61,65.35,,5126226.0
2021-09-27,67.32,68.96,67.18,68.45,,5002119.0
2021-09-28,69.42,69.85,68.06,68.39,,5830478.0
2021-09-29,68.37,69.95,67.34,69.09,,4809394.0
2021-09-30,68.9,68.94,66.86,67.16,,6712574.0
2021-10-01,67.86,70.4,67.78,70.21,,5179541.0
2021-10-04,71.12,73.46,70.81,72.29,,6252617.0
2021-10-05,73.44,74.87,72.59,72.88,,6930980.0
2021-10-06,71.79,72.85,70.34,72.44,,5049369.0
2021-10-07,72.34,72.63,71.18,71.78,,4286200.0
2021-10-08,72.63,76.07,72.63,75.75,,4848747.0
2021-10-11,77.23,77.88,75.34,75.44,,4611443.0
2021-10-12,75.16,76.93,74.79,75.41,,4565107.0
2021-10-13,74.46,76.63,73.66,75.65,,4416244.0
2021-10-14,76.1,76.74,74.42,76.13,,3585067.0
2021-10-15,77.19,77.24,75.26,75.33,,3179559.0
2021-10-18,75.95,77.28,74.47,75.07,,4664420.0
2021-10-19,75.15,76.36,74.05,75.78,,2821058.0
2021-10-20,75.24,78.53,74.84,78.26,,3799071.0
2021-10-21,77.31,77.94,75.56,76.41,,3464378.0
2021-10-22,76.98,77.67,76.2,77.33,,2202758.0
2021-10-25,78.59,79.63,78.04,79.05,,3849108.0
2021-10-26,79.47,80.39,78.88,79.85,,2617633.0
2021-10-27,78.61,79.56,77.62,78.2,,3992225.0
2021-10-28,77.71,79.03,77.68,78.85,,2284588.0
2021-10-29,78.61,79.52,77.2,77.72,,2294067.0
2021-11-01,78.71,79.19,77.76,78.56,,3174145.0
2021-11-02,77.94,79.17,77.51,78.02,,2243497.0
2021-11-03,76.97,78.26,75.78,76.45,,4917540.0
2021-11-04,77.82,78.7,75.76,76.41,,5006488.0
2021-11-05,79.83,80.85,78.07,79.95,,7201977.0
2021-11-08,80.88,82.54,80.53,81.52,,3487257.0
2021-11-09,81.42,81.93,79.69,81.63,,2413907.0
2021-11-10,80.89,81.05,78.2,79.26,,4271528.0
2021-11-11,79.63,80.96,79.63,79.78,,3068776.0
2021-11-12,79.42,80.72,79.26,79.72,,3501259.0
2021-11-15,79.39,79.61,77.6,78.34,,6183632.0
2021-11-16,78.68,78.84,77.2,77.25,,4718812.0
2021-11-17,76.25,77.73,74.99,75.72,,6058008.0
2021-11-18,75.58,76.49,74.45,75.33,,4546771.0
2021-11-19,73.92,73.97,71.72,72.02,,5733138.0
2021-11-22,71.95,74.19,71.95,72.88,,6531191.0
2021-11-23,74.43,77.2,74.16,77.13,,4902183.0
2021-11-24,76.42,78.53,76.42,78.21,,3049699.0
2021-11-26,73.83,74.13,71.19,73.48,,4738246.0
2021-11-29,76.02,76.93,74.12,74.3,,4061724.0
2021-11-30,73.15,74.89,72.29,73.13,,7858241.0
2021-12-01,75.17,75.6,71.64,71.74,,5594614.0
2021-12-02,71.24,73.17,69.98,72.76,,5674237.0
2021-12-03,74.51,74.89,71.57,72.28,,5593002.0
2021-12-06,73.97,74.91,72.97,73.61,,3091189.0
2021-12-07,74.81,77.26,74.75,76.12,,4748696.0
2021-12-08,76.26,76.74,74.97,75.72,,3109196.0
2021-12-09,75.45,75.57,74.16,74.71,,3957581.0
2021-12-10,75.57,75.64,73.39,75.38,,3615184.0
2021-12-13,74.64,75.24,72.98,73.99,,3999158.0
2021-12-14,73.47,74.4,72.63,73.38,,3412532.0
2021-12-15,73.66,73.72,70.6,72.96,,3148493.0
2021-12-16,73.86,76.15,73.51,74.15,,5108352.0
2021-12-17,73.83,73.84,71.81,72.26,,9091540.0
2021-12-20,70.37,71.94,69.4,71.9,,2937555.0
2021-12-21,72.67,74.53,72.54,74.28,,3089513.0
2021-12-22,74.17,75.66,73.02,75.03,,2713997.0
2021-12-23,75.06,75.9,74.73,75.0,,2458349.0
2021-12-27,74.83,78.13,74.02,78.09,,2716621.0
2021-12-28,78.63,78.84,76.63,77.61,,2307873.0
2021-12-29,77.32,78.34,76.78,77.29,,2053063.0
2021-12-30,77.41,78.07,76.63,76.72,,2228334.0
2021-12-31,76.47,77.05,76.07,76.42,,2054986.0
2022-01-03,75.99,78.47,75.95,78.42,,2997915.0
2022-01-04,79.19,82.82,78.84,82.03,,5716505.0
2022-01-05,83.44,83.73,80.48,80.52,,6632080.0
2022-01-06,83.66,83.79,81.35,82.17,,5254741.0
2022-01-07,82.59,84.54,81.63,84.44,,6277812.0
2022-01-10,84.61,85.43,82.61,84.36,,5381726.0
2022-01-11,85.47,88.12,83.81,87.92,,4846431.0
2022-01-12,88.86,89.04,87.1,88.41,,3953925.0
2022-01-13,87.96,89.56,87.2,88.39,,3469211.0
2022-01-14,88.5,91.88,88.5,91.54,,4981846.0
2022-01-18,93.24,93.58,90.4,91.57,,6137587.0
2022-01-19,92.53,92.87,89.3,91.1,,4893549.0
2022-01-20,89.9,93.43,89.3,89.69,,4863461.0
2022-01-21,88.73,88.86,86.18,87.2,,3801646.0
2022-01-24,84.51,89.29,83.13,88.66,,5917807.0
2022-01-25,88.61,93.33,86.1,92.67,,4764932.0
2022-01-26,93.3,95.24,91.92,93.18,,5122618.0
2022-01-27,95.04,96.43,93.37,95.11,,6218909.0
2022-01-28,95.11,96.15,93.09,95.06,,3832573.0
2022-01-31,95.78,98.1,93.31,96.61,,5685030.0
2022-02-01,95.48,99.6,95.3,98.08,,4590896.0
2022-02-02,97.53,98.15,94.68,97.85,,4368281.0
2022-02-03,97.27,97.9,95.28,96.87,,3569037.0
2022-02-04,98.19,100.98,97.86,98.53,,3708267.0
2022-02-07,98.22,100.77,96.55,99.39,,3282839.0
2022-02-08,98.27,98.45,94.95,96.65,,5698363.0
2022-02-09,96.59,99.0,96.29,98.19,,2969145.0
2022-02-10,97.4,100.06,96.93,97.63,,3861945.0
2022-02-11,98.56,101.29,98.04,101.17,,4732863.0
2022-02-14,100.53,100.91,97.4,98.28,,3960496.0
2022-02-15,95.02,96.36,93.96,96.1,,4002623.0
2022-02-16,97.13,99.06,96.09,96.86,,4041127.0
2022-02-17,96.63,98.84,96.31,97.58,,3049671.0
2022-02-18,95.82,97.72,95.71,96.73,,3315504.0
2022-02-22,101.28,101.36,93.59,94.92,,4579278.0
2022-02-23,95.64,96.66,94.35,95.61,,4606620.0
2022-02-24,97.92,98.09,92.09,95.41,,6777851.0
2022-02-25,96.4,97.27,91.73,92.97,,10111292.0
2022-02-28,94.49,99.7,93.45,99.59,,7793999.0
2022-03-01,100.52,101.77,99.12,100.88,,6225162.0
2022-03-02,102.26,103.08,100.42,101.16,,4287660.0
2022-03-03,100.19,102.15,99.31,100.77,,4147299.0
2022-03-04,101.11,104.45,100.79,102.91,,4904851.0
2022-03-07,104.01,105.53,100.99,104.12,,5521302.0
2022-03-08,105.72,106.16,97.93,102.09,,7619906.0
2022-03-09,99.09,100.83,96.65,98.59,,5747749.0
2022-03-10,99.98,104.48,98.78,103.89,,5386852.0
2022-03-11,102.1,103.39,99.92,101.11,,3963639.0
2022-03-14,103.24,103.76,97.76,101.25,,6270533.0
2022-03-15,96.33,100.51,96.15,99.49,,5415225.0
2022-03-16,99.02,99.45,97.35,98.77,,4953733.0
2022-03-17,100.52,103.58,99.91,103.03,,4230141.0
2022-03-18,103.73,105.19,99.43,101.22,,25216697.0
2022-03-21,102.97,107.68,102.97,107.04,,4772847.0
2022-03-22,106.74,107.11,103.96,105.61,,3662643.0
2022-03-23,108.73,109.16,107.04,107.99,,3344297.0
2022-03-24,107.82,108.14,105.24,105.77,,2952547.0
2022-03-25,104.99,108.86,104.99,108.83,,3123549.0
2022-03-28,106.5,107.12,104.63,105.64,,2955796.0
2022-03-29,102.74,105.66,101.17,105.44,,3106514.0
2022-03-30,106.37,107.79,105.26,105.84,,2788704.0
2022-03-31,105.66,108.28,104.21,104.21,,4035961.0
2022-04-01,104.26,106.17,103.8,105.18,,2258124.0
2022-04-04,106.14,106.64,104.14,105.61,,1807253.0
2022-04-05,105.72,107.01,102.84,102.99,,2318526.0
2022-04-06,104.8,105.92,102.36,103.53,,2847558.0
2022-04-07,104.91,105.76,102.2,105.43,,3053800.0
2022-04-08,106.64,111.83,106.44,110.9,,4534867.0
2022-04-11,109.71,109.71,105.69,106.06,,3342814.0
2022-04-12,108.21,111.19,108.12,108.88,,2993906.0
2022-04-13,109.81,110.52,106.93,108.65,,4314883.0
2022-04-14,108.16,108.97,107.56,108.11,,3332008.0
2022-04-18,109.25,110.11,107.84,108.44,,4338053.0
2022-04-19,108.1,109.35,106.47,107.07,,4861649.0
2022-04-20,108.16,108.5,107.02,107.89,,3266808.0
2022-04-21,108.18,109.35,104.55,105.08,,3403222.0
2022-04-22,104.54,106.07,101.98,102.11,,3086604.0
2022-04-25,98.62,99.32,92.34,98.29,,4813244.0
2022-04-26,99.55,101.04,97.79,98.13,,2447369.0
2022-04-27,98.94,99.98,95.29,99.2,,2839962.0
2022-04-28,100.01,104.81,97.02,103.56,,3312634.0
2022-04-29,104.17,105.11,101.66,102.68,,4733968.0
2022-05-02,101.07,102.92,98.58,102.28,,3496111.0
2022-05-03,102.31,106.74,102.25,106.19,,3326712.0
2022-05-04,108.3,109.9,105.75,109.72,,3108258.0
2022-05-05,110.9,111.17,107.08,108.53,,4289447.0
2022-05-06,110.71,116.38,109.97,116.27,,7042613.0
2022-05-09,113.39,114.34,102.68,103.71,,6977173.0
2022-05-10,105.9,109.97,103.48,105.14,,5451599.0
2022-05-11,106.37,110.97,106.33,106.66,,4167519.0
2022-05-12,106.97,107.01,103.36,105.97,,4056135.0
2022-05-13,107.87,110.85,107.63,109.29,,3881821.0
2022-05-16,109.55,112.99,109.55,111.12,,3560149.0
2022-05-17,112.59,113.52,110.41,112.05,,3496758.0
2022-05-18,112.74,113.34,106.17,107.79,,4340655.0
2022-05-19,105.74,109.57,105.16,107.02,,4586563.0
2022-05-20,108.07,110.1,105.69,107.33,,3560007.0
2022-05-23,109.29,112.8,107.65,112.62,,3344334.0
2022-05-24,111.05,114.5,109.7,113.66,,3127162.0
2022-05-25,114.77,117.36,113.9,117.02,,3879725.0
2022-05-26,118.57,119.97,116.94,117.59,,3384165.0
2022-05-27,116.72,120.42,116.09,120.34,,2940982.0
2022-05-31,123.09,124.86,119.8,120.44,,7746301.0
2022-06-01,122.97,124.55,120.83,123.05,,4390301.0
2022-06-02,121.25,123.99,120.17,122.62,,2619833.0
2022-06-03,123.19,125.99,122.92,125.29,,2665198.0
2022-06-06,125.75,126.39,122.72,124.09,,3225015.0
2022-06-07,123.77,128.62,123.74,128.33,,3354537.0
2022-06-08,129.27,130.14,127.46,128.16,,3494781.0
2022-06-09,127.53,128.59,125.08,125.3,,3007521.0
2022-06-10,124.69,128.21,123.81,126.63,,5528920.0
2022-06-13,121.52,122.73,114.45,116.72,,5685363.0
2022-06-14,119.93,121.33,115.05,117.01,,4036517.0
2022-06-15,115.93,116.79,111.43,113.62,,3821225.0
2022-06-16,110.53,111.47,105.69,106.58,,5865580.0
2022-06-17,105.9,106.26,97.66,99.55,,13623170.0
2022-06-21,102.11,105.53,102.08,104.88,,4368956.0
2022-06-22,98.78,101.78,97.55,98.74,,4696919.0
2022-06-23,99.8,100.27,93.56,95.53,,6254044.0
2022-06-24,97.47,100.96,96.16,98.58,,11648740.0
2022-06-27,100.42,102.69,99.86,101.41,,4957780.0
2022-06-28,104.92,106.91,103.16,105.46,,4812676.0
2022-06-29,107.32,108.17,100.7,100.93,,4806372.0
2022-06-30,98.59,102.07,97.46,98.45,,5585788.0
2022-07-01,99.72,100.51,96.05,99.5,,2781783.0
2022-07-05,97.36,97.62,91.33,93.44,,5661049.0
2022-07-06,91.34,93.26,87.07,89.95,,6749762.0
2022-07-07,92.06,94.49,91.68,93.66,,4605291.0
2022-07-08,94.91,95.34,91.95,94.06,,2493983.0
2022-07-11,92.37,93.39,90.99,92.44,,3409304.0
2022-07-12,89.1,90.52,87.38,88.69,,3873641.0
2022-07-13,87.53,91.16,87.11,88.6,,3719713.0
2022-07-14,85.07,85.95,82.8,85.46,,5584543.0
2022-07-15,87.72,87.78,85.65,87.4,,3799380.0
2022-07-18,89.62,91.0,88.65,89.42,,3301843.0
2022-07-19,89.17,93.16,89.14,93.1,,3920855.0
2022-07-20,92.17,95.45,90.96,94.85,,3088771.0
2022-07-21,91.79,93.08,91.01,93.04,,4264155.0
2022-07-22,93.11,94.11,89.98,90.74,,2274046.0
2022-07-25,92.15,95.21,91.03,94.77,,3279585.0
2022-07-26,96.1,96.88,91.99,93.21,,2865420.0
2022-07-27,93.99,97.68,93.57,97.2,,3430800.0
2022-07-28,98.15,98.81,94.62,96.49,,2766189.0
2022-07-29,98.62,100.24,97.21,99.93,,6394758.0
2022-08-01,97.93,98.28,95.48,96.66,,3623072.0
2022-08-02,96.96,97.46,95.43,96.31,,3082914.0
2022-08-03,97.54,97.54,91.71,93.09,,5654936.0
2022-08-04,92.25,92.73,89.47,89.68,,5765932.0
2022-08-05,87.8,97.0,87.5,96.14,,5736710.0
2022-08-08,96.2,97.74,95.81,96.31,,3128686.0
2022-08-09,97.93,99.43,96.83,97.25,,2565636.0
2022-08-10,97.19,98.52,94.81,97.92,,2718524.0
2022-08-11,100.97,102.69,99.67,102.01,,3264350.0
2022-08-12,101.21,103.1,100.53,102.86,,2323818.0
2022-08-15,98.43,101.38,97.05,100.88,,2975478.0
2022-08-16,101.8,102.72,98.96,101.0,,3105494.0
2022-08-17,101.04,102.87,100.38,102.15,,2539431.0
2022-08-18,103.34,106.94,103.11,106.91,,5001337.0
2022-08-19,106.66,107.11,105.43,106.69,,3827558.0
2022-08-22,105.72,107.48,103.93,106.83,,2943602.0
2022-08-23,109.23,111.35,109.0,109.41,,3191574.0
2022-08-24,110.05,111.93,108.41,111.32,,3551598.0
2022-08-25,112.41,113.08,110.71,112.5,,2904899.0
2022-08-26,112.62,114.53,111.34,111.92,,2532731.0
2022-08-29,111.86,115.98,111.26,113.72,,2669861.0
2022-08-30,110.98,111.95,108.58,109.49,,3297030.0
2022-08-31,106.31,111.13,105.63,108.98,,3538325.0
2022-09-01,107.41,107.61,105.24,106.66,,2685688.0
2022-09-02,109.92,110.74,108.38,109.18,,2355867.0
2022-09-06,110.44,110.92,107.66,108.09,,2393307.0
2022-09-07,105.12,106.79,103.83,105.28,,3785502.0
2022-09-08,106.55,106.83,104.68,106.3,,3505489.0
2022-09-09,108.61,111.5,108.53,110.83,,2841077.0
2022-09-12,112.63,114.71,112.19,113.57,,3460183.0
2022-09-13,111.78,114.17,110.08,110.43,,3021005.0
2022-09-14,111.92,116.52,111.73,115.21,,3271764.0
2022-09-15,113.06,114.38,111.27,111.42,,3534044.0
2022-09-16,111.65,111.8,107.86,110.41,,5704392.0
2022-09-19,106.57,110.23,106.37,109.48,,2339211.0
2022-09-20,109.12,109.54,106.74,108.75,,2361634.0
2022-09-21,110.81,111.71,107.45,107.49,,2540910.0
2022-09-22,109.5,110.21,107.44,107.59,,3299810.0
2022-09-23,103.19,103.39,98.07,99.2,,5139277.0
2022-09-26,98.33,99.89,95.54,95.62,,4465390.0
2022-09-27,97.27,97.74,95.35,95.86,,4404441.0
2022-09-28,96.36,102.15,96.16,101.57,,4199055.0
2022-09-29,100.59,102.98,98.64,102.7,,2966616.0
2022-09-30,101.25,103.3,99.92,101.57,,3329314.0
2022-10-03,106.29,109.72,105.96,109.03,,4243509.0
2022-10-04,111.85,113.98,110.43,113.79,,3360365.0
2022-10-05,113.7,115.79,111.95,114.62,,3967695.0
2022-10-06,113.45,116.82,113.33,115.94,,5045692.0
2022-10-07,116.43,118.47,114.8,115.86,,3655691.0
2022-10-10,115.86,117.49,112.14,112.45,,2674280.0
2022-10-11,110.25,113.94,109.61,111.55,,3017708.0
2022-10-12,110.64,113.42,109.27,112.24,,2540579.0
2022-10-13,110.47,116.65,110.47,115.76,,2803842.0
2022-10-14,114.28,116.44,110.23,110.29,,3231815.0
2022-10-17,112.2,113.36,110.36,110.59,,3558078.0
2022-10-18,113.45,114.72,111.03,113.42,,4018016.0
2022-10-19,114.34,119.77,113.71,118.98,,4718825.0
2022-10-20,119.89,122.86,119.59,120.37,,3902354.0
2022-10-21,121.2,124.29,120.4,123.49,,4237337.0
2022-10-24,123.33,124.82,122.95,123.18,,4000912.0
2022-10-25,122.45,122.82,120.6,120.75,,4173195.0
2022-10-26,121.81,124.0,120.88,122.85,,3849023.0
2022-10-27,124.41,125.32,122.64,122.91,,3300643.0
2022-10-28,124.71,125.07,120.12,122.29,,3016580.0
2022-10-31,121.2,127.08,121.08,124.88,,4138038.0
2022-11-01,126.77,127.07,123.72,124.69,,3887467.0
2022-11-02,123.87,126.88,122.91,124.03,,5642028.0
2022-11-03,123.14,127.14,122.59,126.58,,5368048.0
2022-11-04,131.01,138.02,128.05,130.1,,8057535.0
2022-11-07,130.61,133.82,129.28,133.5,,4494763.0
2022-11-08,132.64,136.5,132.19,135.62,,3982466.0
2022-11-09,133.33,133.94,127.52,127.72,,5018597.0
2022-11-10,131.14,131.14,127.2,130.18,,2988113.0
2022-11-11,132.92,135.51,132.17,134.57,,3072101.0
2022-11-14,134.22,137.26,133.6,133.72,,2982885.0
2022-11-15,134.33,134.93,132.72,134.74,,2785969.0
2022-11-16,133.24,134.33,130.74,131.22,,2505328.0
2022-11-17,129.49,132.3,128.11,132.17,,2747603.0
2022-11-18,128.85,129.19,126.61,129.0,,3567316.0
2022-11-21,125.83,129.23,122.95,127.94,,4734705.0
2022-11-22,129.89,132.28,128.59,132.02,,3386349.0
2022-11-23,129.54,131.27,128.52,130.49,,2342067.0
2022-11-25,130.74,132.56,130.3,130.48,,1430753.0
2022-11-28,126.43,128.01,124.92,125.0,,3581459.0
2022-11-29,127.18,129.55,126.45,129.24,,3974937.0
2022-11-30,130.7,132.08,128.32,129.83,,4615031.0
2022-12-01,131.28,132.47,128.32,128.56,,2956949.0
2022-12-02,127.51,129.78,125.97,127.12,,3932546.0
2022-12-05,129.82,130.34,121.12,122.7,,3817532.0
2022-12-06,121.69,123.72,116.14,116.9,,5031872.0
2022-12-07,117.21,118.67,114.52,115.4,,4510323.0
2022-12-08,118.17,118.81,112.8,113.95,,4767395.0
2022-12-09,114.44,115.59,111.06,111.3,,4152439.0
2022-12-12,112.29,114.54,111.85,113.48,,4307658.0
2022-12-13,116.95,117.99,115.54,116.59,,4376139.0
2022-12-14,118.02,119.6,115.49,116.57,,3721750.0
2022-12-15,114.4,117.28,114.4,117.21,,3565671.0
2022-12-16,115.71,117.2,113.31,116.42,,13516580.0
2022-12-19,117.41,118.34,115.22,116.2,,2410370.0
2022-12-20,115.99,118.59,115.71,117.08,,2381131.0
2022-12-21,119.79,120.74,117.84,120.34,,2687616.0
2022-12-22,120.46,120.95,114.14,116.91,,3012228.0
2022-12-23,118.0,120.99,118.0,120.9,,1678396.0
2022-12-27,121.65,122.5,120.61,122.26,,2258077.0
2022-12-28,121.73,122.03,117.43,117.93,,2490276.0
2022-12-29,117.3,119.59,117.1,119.07,,1744672.0
2022-12-30,118.71,120.05,118.44,119.89,,2179412.0
2023-01-03,118.48,119.66,113.75,115.2,,2994930.0
2023-01-04,112.86,116.21,112.32,115.11,,2469850.0
2023-01-05,114.92,116.39,114.62,115.13,,3560171.0
2023-01-06,116.79,119.55,116.27,117.99,,2595724.0
2023-01-09,119.99,120.52,117.61,118.25,,3160483.0
2023-01-10,119.05,119.12,116.71,118.12,,2575387.0
2023-01-11,119.57,120.03,116.33,117.42,,2771179.0
2023-01-12,118.4,122.28,118.11,120.75,,4005443.0
2023-01-13,120.98,121.29,119.17,120.6,,2111417.0
2023-01-17,120.94,122.0,119.86,121.16,,3127767.0
2023-01-18,122.41,124.66,119.52,119.97,,3737444.0
2023-01-19,120.14,122.88,118.89,122.3,,2449558.0
2023-01-20,122.36,124.31,121.73,123.66,,2477026.0
2023-01-23,124.36,125.79,124.14,124.99,,2695188.0
2023-01-24,124.83,125.63,123.32,123.67,,2313141.0
2023-01-25,123.05,123.71,121.83,123.43,,2576336.0
2023-01-26,125.2,126.69,123.6,126.62,,2617768.0
2023-01-27,126.69,128.51,125.24,125.44,,3035559.0
2023-01-30,124.06,124.38,122.42,123.06,,2927128.0
2023-01-31,122.96,124.57,122.54,123.2,,4043336.0
2023-02-01,122.25,122.72,116.81,118.58,,4991831.0
2023-02-02,118.12,118.41,114.66,116.21,,3928668.0
2023-02-03,116.44,119.07,115.86,116.09,,4205834.0
2023-02-06,116.28,116.69,113.77,115.35,,2486692.0
2023-02-07,115.99,119.21,114.76,119.03,,2524804.0
2023-02-08,119.04,120.67,118.83,119.83,,4107716.0
2023-02-09,119.88,120.18,118.1,118.45,,2487251.0
2023-02-10,121.1,125.03,120.19,124.96,,4041048.0
2023-02-13,124.04,125.51,122.26,124.16,,2936968.0
2023-02-14,122.59,125.05,122.26,124.02,,2190438.0
2023-02-15,122.28,122.7,117.85,119.73,,4346285.0
2023-02-16,118.97,119.72,116.43,116.57,,2877243.0
2023-02-17,113.83,114.23,109.35,110.31,,6201928.0
2023-02-21,110.31,111.48,109.66,111.07,,4582099.0
2023-02-22,110.75,112.57,108.79,109.52,,3772405.0
2023-02-23,111.8,111.97,109.47,111.35,,3846414.0
2023-02-24,106.95,107.98,104.13,106.44,,8752072.0
2023-02-27,106.65,107.31,105.36,106.89,,4772204.0
2023-02-28,107.89,107.99,104.96,105.28,,4907099.0
2023-03-01,105.57,110.56,105.14,109.93,,4942216.0
2023-03-02,109.49,113.39,109.47,112.53,,5850996.0
2023-03-03,110.87,113.65,110.6,113.43,,4824769.0
2023-03-06,112.72,113.2,110.77,112.63,,3893171.0
2023-03-07,111.6,112.29,109.75,110.16,,3020739.0
2023-03-08,109.46,111.39,108.71,109.76,,2807625.0
2023-03-09,110.16,111.34,106.54,107.13,,4649291.0
2023-03-10,106.16,107.96,103.89,104.5,,4313032.0
2023-03-13,101.85,104.62,99.52,101.63,,4301631.0
2023-03-14,101.95,104.3,99.4,101.72,,4556526.0
2023-03-15,97.99,99.53,94.25,95.46,,6558545.0
2023-03-16,93.47,98.57,92.68,98.29,,6638655.0
2023-03-17,98.07,98.63,95.57,96.66,,11147954.0
2023-03-20,96.81,100.1,96.81,99.2,,3560703.0
2023-03-21,101.41,102.86,99.97,102.18,,4177135.0
2023-03-22,102.42,102.79,99.35,99.46,,3803802.0
2023-03-23,100.09,101.18,97.33,98.57,,3868484.0
2023-03-24,95.87,99.83,95.54,99.24,,4183183.0
2023-03-27,100.46,102.66,99.35,101.96,,3745107.0
2023-03-28,101.65,104.27,101.65,103.86,,3283011.0
2023-03-29,105.39,106.18,104.54,106.0,,3949677.0
2023-03-30,107.01,107.04,105.93,106.81,,4455740.0
2023-03-31,107.24,108.13,106.76,107.83,,4940079.0
2023-04-03,113.52,115.01,112.42,114.21,,5011797.0
2023-04-04,115.0,115.26,110.32,112.53,,3631010.0
2023-04-05,112.91,113.46,110.83,113.23,,3263406.0
2023-04-06,112.57,113.14,111.85,112.29,,2843209.0
2023-04-10,113.52,115.46,112.92,113.23,,2975999.0
2023-04-11,114.72,115.34,113.42,114.47,,2184228.0
2023-04-12,114.44,115.6,114.31,115.06,,2805088.0
2023-04-13,115.29,116.02,114.5,114.88,,2912886.0
2023-04-14,115.07,116.1,114.51,115.18,,2442425.0
2023-04-17,115.07,115.52,114.24,114.39,,3569751.0
2023-04-18,113.89,114.18,112.33,112.71,,4416851.0
2023-04-19,111.35,112.68,110.56,112.52,,3047457.0
2023-04-20,111.68,112.06,110.22,112.01,,2690066.0
2023-04-21,112.28,112.28,110.37,111.11,,3149525.0
2023-04-24,111.27,113.37,110.98,112.88,,1939603.0
2023-04-25,110.8,111.65,109.45,110.5,,1988978.0
2023-04-26,109.75,111.12,108.54,109.54,,2211455.0
2023-04-27,109.53,110.41,108.28,109.71,,2827895.0
2023-04-28,109.41,113.41,109.01,113.15,,2715878.0
2023-05-01,111.62,113.3,111.34,112.37,,1800766.0
2023-05-02,110.62,111.14,105.27,105.71,,5640466.0
2023-05-03,103.55,107.27,103.27,105.15,,4982014.0
2023-05-04,105.59,107.24,104.58,105.42,,4518081.0
2023-05-05,109.2,112.14,106.92,108.13,,6165526.0
2023-05-08,110.29,110.96,108.24,108.31,,2967674.0
2023-05-09,107.32,109.13,107.09,107.75,,1782178.0
2023-05-10,108.25,108.75,105.76,106.23,,2578649.0
2023-05-11,104.31,105.16,103.53,104.69,,2320942.0
2023-05-12,105.58,105.98,103.59,104.58,,1874094.0
2023-05-15,105.37,106.12,104.18,105.45,,1640577.0
2023-05-16,104.78,105.53,101.79,101.94,,2467016.0
2023-05-17,103.39,105.43,103.07,104.94,,2587101.0
2023-05-18,104.18,106.17,103.01,106.1,,2465093.0
2023-05-19,108.71,109.79,107.86,108.53,,4657633.0
2023-05-22,108.23,108.71,106.9,107.55,,3451487.0
2023-05-23,108.23,109.43,106.67,107.46,,2338612.0
2023-05-24,108.07,108.63,106.48,107.3,,2430968.0
2023-05-25,105.44,105.44,103.61,104.56,,2747297.0
2023-05-26,105.94,106.1,104.11,104.3,,2942824.0
2023-05-30,102.01,103.23,101.35,103.06,,4330248.0
2023-05-31,102.03,102.83,101.16,101.62,,7657950.0
2023-06-01,102.0,104.22,100.7,102.43,,5367674.0
2023-06-02,104.93,106.72,104.16,106.0,,2902251.0
2023-06-05,108.13,108.13,104.34,105.75,,2651400.0
2023-06-06,104.16,106.93,104.02,106.84,,2708873.0
2023-06-07,107.57,110.25,107.52,110.1,,3483591.0
2023-06-08,110.08,110.44,107.55,110.01,,5198923.0
2023-06-09,109.99,110.26,108.9,110.1,,3732865.0
2023-06-12,108.19,109.78,107.12,107.9,,3947552.0
2023-06-13,107.7,109.82,106.61,106.76,,3891937.0
2023-06-14,107.77,108.23,104.1,104.82,,4011866.0
2023-06-15,105.62,107.47,104.91,105.79,,2887737.0
2023-06-16,106.99,108.16,105.81,107.41,,6113588.0
2023-06-20,106.33,106.44,103.29,104.5,,3179267.0
2023-06-21,104.37,106.44,104.19,105.01,,2730724.0
2023-06-22,103.39,103.7,101.74,102.53,,2858874.0
2023-06-23,101.34,102.19,100.72,101.17,,8357185.0
2023-06-26,101.14,104.71,101.12,104.18,,3189285.0
2023-06-27,103.97,104.21,103.05,103.22,,3594544.0
2023-06-28,103.64,105.37,102.28,105.31,,3130612.0
2023-06-29,106.07,107.32,105.39,107.02,,3650473.0
2023-06-30,107.86,109.26,106.86,108.39,,4116215.0
2023-07-03,108.54,109.13,107.64,108.63,,1287557.0
2023-07-05,109.17,109.33,107.76,108.25,,3012822.0
2023-07-06,107.08,107.96,104.59,106.31,,3763433.0
2023-07-07,105.94,111.45,105.7,110.06,,4583087.0
2023-07-10,109.35,111.09,109.29,109.65,,3095519.0
2023-07-11,110.33,113.55,110.21,113.28,,2965269.0
2023-07-12,114.13,115.39,113.42,115.27,,3658550.0
2023-07-13,115.56,117.76,114.83,116.09,,2846714.0
2023-07-14,115.55,115.55,112.3,113.42,,2736597.0
2023-07-17,112.74,114.13,112.72,113.18,,2255806.0
2023-07-18,112.84,117.9,112.73,117.08,,3133793.0
2023-07-19,117.11,118.91,116.25,116.77,,2185017.0
2023-07-20,118.54,118.94,117.14,117.77,,2629592.0
2023-07-21,118.28,118.91,117.53,118.84,,2246764.0
2023-07-24,119.21,121.53,119.03,120.31,,2598541.0
2023-07-25,120.34,122.73,119.81,122.55,,2284128.0
2023-07-26,120.77,123.43,120.71,123.33,,2879042.0
2023-07-27,123.98,124.41,122.1,122.8,,3091027.0
2023-07-28,123.32,124.84,121.83,124.65,,3131904.0
2023-07-31,125.48,126.81,125.12,126.39,,2803960.0
2023-08-01,125.45,125.93,124.13,125.65,,2588009.0
2023-08-02,124.69,125.72,122.72,124.02,,3252217.0
2023-08-03,124.32,127.13,123.89,125.59,,4302096.0
2023-08-04,128.75,129.63,123.18,123.79,,5719696.0
2023-08-07,124.4,124.4,121.35,121.72,,3865090.0
2023-08-08,119.72,122.68,118.98,122.45,,2958988.0
2023-08-09,123.62,125.96,123.4,124.75,,3389190.0
2023-08-10,124.93,126.23,123.75,124.98,,2342950.0
2023-08-11,124.77,126.68,124.67,126.2,,1845471.0
2023-08-14,125.95,126.03,124.42,125.39,,1439100.0
2023-08-15,124.7,124.85,122.57,123.16,,1598210.0
2023-08-16,123.63,124.94,122.15,122.64,,1819980.0
2023-08-17,124.7,125.31,123.47,123.72,,1837479.0
2023-08-18,122.87,124.7,122.16,124.58,,2046540.0
2023-08-21,125.45,126.26,123.63,124.33,,1627486.0
2023-08-22,124.46,125.45,123.19,123.25,,1892990.0
2023-08-23,122.03,122.96,120.85,122.92,,1708167.0
2023-08-24,121.55,122.89,119.56,119.86,,2811204.0
2023-08-25,120.56,121.71,119.16,121.19,,2417450.0
2023-08-28,121.8,122.92,120.78,121.52,,1836129.0
2023-08-29,121.62,122.02,120.11,121.93,,2175095.0
2023-08-30,122.62,122.71,121.56,121.85,,1642095.0
2023-08-31,122.28,123.0,120.92,122.66,,2757449.0
2023-09-01,124.64,125.66,123.98,124.91,,2462066.0
2023-09-05,125.85,129.14,125.57,127.21,,3737783.0
2023-09-06,127.07,128.21,125.92,126.96,,2015554.0
2023-09-07,127.01,127.62,125.31,125.46,,1588683.0
2023-09-08,126.54,127.55,126.0,126.58,,2398264.0
2023-09-11,127.57,128.14,123.48,124.14,,2831328.0
2023-09-12,125.38,128.0,125.33,127.88,,2442358.0
2023-09-13,127.9,128.32,125.81,126.75,,1963404.0
2023-09-14,128.23,129.75,127.57,128.42,,2370181.0
2023-09-15,127.33,128.37,125.51,126.06,,4880348.0
2023-09-18,127.53,127.64,125.08,125.77,,1999027.0
2023-09-19,127.14,127.37,121.81,123.03,,3671719.0
2023-09-20,122.07,123.51,119.47,119.69,,3818849.0
2023-09-21,120.36,120.9,116.58,116.91,,3614430.0
2023-09-22,117.75,118.13,115.89,116.94,,3222742.0
2023-09-25,117.24,120.0,117.24,119.83,,2710593.0
2023-09-26,118.66,121.7,118.42,121.0,,3381979.0
2023-09-27,123.47,124.95,122.46,123.8,,2734982.0
2023-09-28,123.33,125.24,122.9,123.47,,2274358.0
2023-09-29,123.56,123.69,120.68,120.89,,3374668.0
2023-10-02,121.2,121.4,117.07,117.93,,2625095.0
2023-10-03,117.83,118.53,117.1,118.49,,1917994.0
2023-10-04,116.59,116.85,112.77,113.83,,2814302.0
2023-10-05,112.77,114.54,112.4,112.97,,2526408.0
2023-10-06,113.7,116.42,112.56,115.09,,3477860.0
2023-10-09,118.47,121.95,118.07,121.35,,3720025.0
2023-10-10,121.14,122.19,120.25,120.84,,2833719.0
2023-10-11,119.7,121.6,119.02,121.47,,2447413.0
2023-10-12,122.96,123.63,121.81,122.99,,3038990.0
2023-10-13,125.51,128.4,125.18,127.64,,3576296.0
2023-10-16,129.26,129.31,127.15,128.61,,1993560.0
2023-10-17,128.07,129.75,127.79,128.87,,2669993.0
2023-10-18,129.87,130.77,129.29,130.27,,2307800.0
2023-10-19,129.54,131.15,128.51,130.72,,2421289.0
2023-10-20,130.52,131.26,127.56,127.84,,3425345.0
2023-10-23,126.6,127.74,125.4,126.32,,2281360.0
2023-10-24,126.3,126.48,124.38,124.69,,1813966.0
2023-10-25,124.45,125.24,123.47,124.48,,2421994.0
2023-10-26,122.97,123.4,121.31,122.77,,2367498.0
2023-10-27,122.76,122.89,119.91,120.89,,2779016.0
2023-10-30,121.23,121.95,118.95,120.38,,2614646.0
2023-10-31,120.25,121.52,119.23,121.14,,2368412.0
2023-11-01,121.65,122.37,119.1,119.2,,3394556.0
2023-11-02,118.79,123.47,118.24,123.45,,4313633.0
2023-11-03,124.54,126.29,122.45,122.98,,5531615.0
2023-11-06,124.05,124.29,120.04,121.31,,4168337.0
2023-11-07,118.99,119.47,116.68,117.68,,3582097.0
2023-11-08,116.79,117.74,115.96,116.31,,3840576.0
2023-11-09,117.27,117.67,116.0,116.39,,1826975.0
2023-11-10,117.53,118.3,116.73,117.74,,1934596.0
2023-11-13,118.03,118.73,117.45,118.08,,2413693.0
2023-11-14,118.89,120.26,118.16,120.06,,2556087.0
2023-11-15,119.86,120.58,118.04,118.09,,3861968.0
2023-11-16,116.02,116.85,112.61,115.82,,4075135.0
2023-11-17,117.06,119.53,116.58,118.99,,3667551.0
2023-11-20,119.7,120.64,119.12,120.17,,3133807.0
2023-11-21,119.26,119.6,118.16,119.23,,2281159.0
2023-11-22,115.72,118.47,114.28,118.19,,3369570.0
2023-11-24,117.99,119.15,117.61,118.51,,1318147.0
2023-11-27,117.7,118.28,116.83,118.03,,2384172.0
2023-11-28,118.4,119.48,117.73,118.64,,3381045.0
2023-11-29,119.21,119.36,117.74,118.26,,3000103.0
2023-11-30,119.5,120.88,116.93,118.09,,5597879.0
2023-12-01,117.74,120.55,117.5,118.6,,2990905.0
2023-12-04,117.59,118.89,117.07,118.03,,3000917.0
2023-12-05,118.2,118.56,116.55,117.02,,3478419.0
2023-12-06,115.87,117.15,113.88,114.91,,4604049.0
2023-12-07,115.45,116.18,113.19,113.56,,3524534.0
2023-12-08,114.49,115.66,113.77,114.15,,3858359.0
2023-12-11,112.81,114.85,112.75,114.38,,5004141.0
2023-12-12,112.97,113.79,112.06,112.91,,3447879.0
2023-12-13,113.15,114.06,112.08,113.69,,5765760.0
2023-12-14,114.51,117.8,114.43,117.16,,4842581.0
2023-12-15,116.03,117.21,115.41,116.69,,7429081.0
2023-12-18,119.25,119.59,117.79,118.15,,2875617.0
2023-12-19,118.38,119.46,117.42,119.04,,3497932.0
2023-12-20,119.36,120.44,117.81,117.97,,3671278.0
2023-12-21,118.19,118.23,116.36,117.63,,3841692.0
2023-12-22,118.73,119.5,117.94,118.78,,1742029.0
2023-12-26,119.82,121.25,119.42,120.76,,1852159.0
2023-12-27,120.47,121.7,119.95,120.73,,2568229.0
2023-12-28,119.61,120.52,117.83,117.87,,2137211.0
2023-12-29,118.46,118.61,117.15,117.5,,1756736.0
2024-01-02,118.34,119.78,117.8,118.13,,3023003.0
2024-01-03,118.16,121.86,117.77,121.42,,2794135.0
2024-01-04,121.98,122.48,117.4,117.57,,2847481.0
2024-01-05,118.38,118.58,116.12,116.95,,2156508.0
2024-01-08,114.8,114.8,112.75,114.41,,4244560.0
2024-01-09,114.73,115.0,111.52,112.76,,3043402.0
2024-01-10,112.74,112.77,110.92,111.71,,3128922.0
2024-01-11,112.01,112.63,111.21,111.7,,2133968.0
2024-01-12,113.8,114.42,112.03,112.74,,3010827.0
2024-01-16,112.79,112.79,109.52,109.83,,3420439.0
2024-01-17,108.22,109.46,107.62,108.35,,3282375.0
2024-01-18,108.2,108.52,106.88,107.82,,3378653.0
2024-01-19,107.73,107.91,106.69,107.9,,2838373.0
2024-01-22,107.34,108.65,106.79,108.36,,2482856.0
2024-01-23,108.24,109.6,107.8,108.09,,2367815.0
2024-01-24,108.81,110.35,108.22,109.78,,3525062.0
2024-01-25,110.17,112.49,109.69,112.48,,2962508.0
2024-01-26,112.59,113.2,110.84,113.16,,2683840.0
2024-01-29,112.99,113.04,111.42,112.59,,2648511.0
2024-01-30,111.96,114.47,111.43,114.37,,2947447.0
2024-01-31,114.23,114.27,111.38,111.44,,3281858.0
2024-02-01,111.84,112.65,109.44,110.28,,2569554.0
2024-02-02,110.34,110.67,108.1,108.56,,2927413.0
2024-02-05,107.9,108.33,106.69,107.39,,2957160.0
2024-02-06,107.73,110.65,107.41,109.57,,3506508.0
2024-02-07,109.61,110.89,108.83,110.2,,2986437.0
2024-02-08,110.57,111.61,109.5,110.73,,3159700.0
2024-02-09,110.73,111.4,108.39,108.76,,2607522.0
2024-02-12,109.38,110.8,108.9,110.52,,3786870.0
2024-02-13,110.67,111.05,107.61,108.74,,3933578.0
2024-02-14,109.52,110.26,107.93,108.72,,2567982.0
2024-02-15,108.66,112.5,108.44,111.89,,3082441.0
2024-02-16,112.42,112.87,111.1,111.22,,4151067.0
2024-02-20,111.51,111.93,110.45,110.8,,3674656.0
2024-02-21,111.94,114.68,111.54,113.96,,3111877.0
2024-02-22,113.29,114.66,112.88,114.0,,4753383.0
2024-02-23,107.59,110.55,106.81,109.55,,6200636.0
2024-02-26,109.23,110.86,108.84,109.74,,4035303.0
2024-02-27,110.67,111.82,109.8,111.59,,4337085.0
2024-02-28,111.64,112.91,110.53,111.82,,3162450.0
2024-02-29,112.39,113.01,111.48,112.1,,4341394.0
2024-03-01,113.31,114.32,112.91,113.71,,2998396.0
2024-03-04,115.2,115.71,113.35,113.44,,5192406.0
2024-03-05,113.32,115.45,113.02,113.8,,4265052.0
2024-03-06,114.73,114.96,113.19,114.09,,3762944.0
2024-03-07,114.38,116.33,114.33,115.42,,3482085.0
2024-03-08,115.07,116.44,114.7,116.27,,3141485.0
2024-03-11,116.76,118.64,116.02,118.33,,3782262.0
2024-03-12,118.33,119.37,118.0,118.35,,4066950.0
2024-03-13,119.91,121.01,119.42,120.04,,2881183.0
2024-03-14,120.72,121.38,120.01,121.24,,2967004.0
2024-03-15,120.75,122.33,120.21,120.26,,16696741.0
2024-03-18,120.78,121.15,119.33,121.02,,2269861.0
2024-03-19,120.97,122.57,120.68,122.07,,3304075.0
2024-03-20,121.77,123.33,121.44,123.11,,3139454.0
2024-03-21,123.3,123.68,122.5,123.48,,2675058.0
2024-03-22,123.55,123.81,122.09,122.27,,3152678.0
2024-03-25,122.8,124.81,122.59,124.63,,3245977.0
2024-03-26,124.87,125.1,122.64,123.19,,2957064.0
2024-03-27,122.78,124.19,122.2,123.78,,2197305.0
2024-03-28,125.21,125.82,124.28,125.2,,3310524.0
2024-04-01,126.15,127.46,124.81,127.08,,2799075.0
2024-04-02,128.3,129.53,127.1,129.51,,3598165.0
2024-04-03,130.26,131.14,129.56,131.02,,3484265.0
2024-04-04,131.17,131.75,130.52,131.27,,3353603.0
2024-04-05,131.99,133.69,131.49,133.14,,3456815.0
2024-04-08,133.25,133.86,132.17,132.66,,3615271.0
2024-04-09,133.76,134.39,132.5,134.23,,2759295.0
2024-04-10,133.63,135.56,133.36,135.11,,3397532.0
2024-04-11,134.52,134.88,132.26,134.44,,3430222.0
2024-04-12,135.64,136.79,131.9,132.5,,2656163.0
2024-04-15,132.11,133.29,130.46,130.55,,2979236.0
2024-04-16,130.55,131.18,128.82,131.11,,3483685.0
2024-04-17,130.91,132.57,129.38,130.56,,2642930.0
2024-04-18,131.18,131.28,129.17,129.93,,2035825.0
2024-04-19,129.96,132.47,129.91,131.32,,2489274.0
2024-04-22,131.04,133.23,129.84,132.04,,2576845.0
2024-04-23,132.16,133.41,130.44,132.93,,2055309.0
2024-04-24,132.4,133.81,131.4,133.72,,1968259.0
2024-04-25,133.82,134.43,131.88,133.48,,3444596.0
2024-04-26,133.24,134.5,132.49,133.82,,1841074.0
2024-04-29,133.28,134.6,133.26,134.36,,2813135.0
2024-04-30,133.81,134.1,130.21,130.29,,3554479.0
2024-05-01,129.22,129.95,127.08,128.14,,3408109.0
2024-05-02,129.51,130.48,128.51,129.97,,4181430.0
2024-05-03,129.1,130.6,126.46,128.21,,5660840.0
2024-05-06,128.86,130.3,128.43,128.67,,3691090.0
2024-05-07,128.79,129.68,128.37,128.45,,3263641.0
2024-05-08,127.47,129.34,127.14,128.03,,2805312.0
2024-05-09,128.37,129.24,127.94,128.75,,3663170.0
2024-05-10,128.99,129.74,127.99,128.29,,2821161.0
2024-05-13,128.66,128.84,127.54,127.6,,3006039.0
2024-05-14,127.63,128.37,126.91,127.63,,2342331.0
2024-05-15,127.21,127.63,124.78,127.3,,2561383.0
2024-05-16,126.99,127.83,126.11,126.14,,2615545.0
2024-05-17,126.99,128.45,126.33,128.14,,2340077.0
2024-05-20,128.42,128.77,127.36,128.06,,1933798.0
2024-05-21,127.64,128.54,126.94,127.11,,2210955.0
2024-05-22,126.67,126.67,123.88,124.3,,3617622.0
2024-05-23,124.9,125.53,122.15,122.31,,3373688.0
2024-05-24,122.9,123.84,121.27,121.56,,3730896.0
2024-05-28,122.18,124.35,121.94,124.1,,3800033.0
2024-05-29,124.22,124.25,119.5,120.23,,5506273.0
2024-05-30,120.23,121.53,119.69,120.55,,3005365.0
2024-05-31,120.84,123.01,120.84,122.82,,4082404.0
2024-06-03,122.47,122.67,116.76,117.98,,3239567.0
2024-06-04,116.8,118.37,115.77,118.14,,4499201.0
2024-06-05,118.21,118.68,117.35,118.64,,3406698.0
2024-06-06,118.63,119.61,117.94,119.53,,3399811.0
2024-06-07,119.32,120.39,118.38,118.52,,2494458.0
2024-06-10,118.92,120.57,118.08,119.9,,1717489.0
2024-06-11,119.01,120.35,118.13,120.33,,2063539.0
2024-06-12,121.39,121.52,118.48,119.25,,2129581.0
2024-06-13,118.84,119.15,116.48,117.45,,2253775.0
2024-06-14,118.05,118.05,115.54,116.6,,2850281.0
2024-06-17,116.6,117.93,115.61,117.43,,2388860.0
2024-06-18,118.12,119.47,117.12,117.84,,2032355.0
2024-06-20,118.1,120.38,117.6,120.3,,2469052.0
2024-06-21,121.13,121.25,119.58,120.35,,7884598.0
2024-06-24,120.92,124.18,120.8,123.56,,2784258.0
2024-06-25,123.2,123.93,122.2,123.81,,1965319.0
2024-06-26,124.27,124.4,122.15,122.85,,2297402.0
2024-06-27,123.76,123.76,121.95,122.82,,1726714.0
2024-06-28,123.85,124.32,123.07,124.12,,4029396.0
2024-07-01,125.93,126.11,123.73,124.78,,2496129.0
2024-07-02,126.02,127.06,124.33,124.89,,2274652.0
2024-07-03,124.74,125.62,124.4,125.01,,1814117.0
2024-07-05,124.79,125.32,122.72,123.2,,3354629.0
2024-07-08,122.32,123.91,122.19,123.88,,2631981.0
2024-07-09,122.16,125.17,122.1,123.92,,2860040.0
2024-07-10,123.89,124.59,123.2,124.47,,1835337.0
2024-07-11,124.23,126.74,123.86,126.39,,2402858.0
2024-07-12,127.55,127.67,125.98,127.16,,2032077.0
2024-07-15,128.44,132.45,127.85,130.81,,3532443.0
2024-07-16,130.5,131.22,129.38,129.69,,2925347.0
2024-07-17,129.79,132.16,129.78,131.44,,2413519.0
2024-07-18,130.79,133.78,130.45,131.29,,2155568.0
2024-07-19,131.46,131.49,127.69,128.33,,3215711.0
2024-07-22,127.72,128.02,125.94,126.02,,2088100.0
2024-07-23,124.99,125.28,123.24,124.01,,3676812.0
2024-07-24,125.01,125.74,123.75,124.21,,2209781.0
2024-07-25,124.57,127.15,124.41,126.14,,2258392.0
2024-07-26,125.9,126.86,124.62,126.25,,2214477.0
2024-07-29,126.59,127.07,122.98,124.29,,2343632.0
2024-07-30,124.22,125.91,124.22,125.25,,2306456.0
2024-07-31,127.24,127.66,125.56,125.9,,3197296.0
2024-08-01,126.22,127.1,121.72,122.23,,3083613.0
2024-08-02,123.79,125.14,119.15,122.05,,6668943.0
2024-08-05,119.73,123.56,118.93,122.24,,5001733.0
2024-08-06,121.6,123.39,121.29,121.4,,3807686.0
2024-08-07,123.23,124.49,122.06,122.24,,2726898.0
2024-08-08,122.56,126.04,122.56,125.89,,2667216.0
2024-08-09,125.9,126.25,124.41,125.63,,3070708.0
2024-08-12,126.3,127.91,126.03,127.85,,2931832.0
2024-08-13,126.47,126.89,125.1,125.46,,2975935.0
2024-08-14,125.71,126.2,124.98,125.64,,2025730.0
2024-08-15,125.67,127.51,125.57,127.21,,2037756.0
2024-08-16,126.7,127.52,126.4,127.15,,2340017.0
2024-08-19,127.16,128.89,126.94,127.33,,1985302.0
2024-08-20,127.38,127.65,123.76,124.36,,2867506.0
2024-08-21,125.33,125.96,124.04,124.09,,2668768.0
2024-08-22,124.11,125.53,124.06,124.33,,2216267.0
2024-08-23,125.35,126.36,124.61,126.0,,1995815.0
2024-08-26,128.58,130.25,127.92,129.13,,2269970.0
2024-08-27,129.56,129.92,127.42,127.65,,2151028.0
2024-08-28,126.68,128.34,126.26,127.8,,1726245.0
2024-08-29,128.45,129.61,128.18,129.06,,3152084.0
2024-08-30,127.52,128.39,126.69,127.9,,2820225.0
2024-09-03,126.13,126.36,122.69,122.75,,3830834.0
2024-09-04,123.11,124.43,121.58,121.91,,2730943.0
2024-09-05,122.79,122.92,120.17,120.69,,3124920.0
2024-09-06,121.13,121.59,119.07,119.49,,3144135.0
2024-09-09,120.0,120.71,119.62,119.64,,4999424.0
2024-09-10,119.57,119.95,117.12,118.12,,3929120.0
2024-09-11,117.74,118.1,114.96,117.06,,3419083.0
2024-09-12,116.66,117.82,115.75,117.38,,4709239.0
2024-09-13,117.77,119.2,117.66,118.52,,4428290.0
2024-09-16,120.37,120.89,119.36,120.8,,4484767.0
2024-09-17,120.73,122.45,120.56,122.31,,4010156.0
2024-09-18,121.74,124.27,121.66,123.5,,3965943.0
2024-09-19,125.77,125.92,123.87,124.31,,4358224.0
2024-09-20,124.16,125.26,123.07,125.13,,9400839.0
2024-09-23,124.82,127.55,124.36,126.82,,3174956.0
2024-09-24,128.48,128.81,126.29,126.99,,2110299.0
2024-09-25,126.56,127.07,123.57,123.67,,3031887.0
2024-09-26,120.91,122.13,119.04,119.51,,4907385.0
2024-09-27,120.34,121.79,119.9,121.57,,3273020.0
2024-09-30,121.41,122.77,120.61,122.06,,3566661.0
2024-10-01,119.95,126.34,119.69,126.06,,3539894.0
2024-10-02,128.29,128.43,125.63,127.42,,2636674.0
2024-10-03,127.74,130.11,126.66,129.86,,2606333.0
2024-10-04,131.06,132.31,130.1,132.17,,2720440.0
2024-10-07,132.3,134.54,132.17,133.29,,2887667.0
2024-10-08,131.56,131.65,128.41,129.44,,2566524.0
2024-10-09,129.45,130.42,128.51,130.03,,2233884.0
2024-10-10,130.93,131.67,129.41,131.25,,1637397.0
2024-10-11,130.74,132.62,130.62,131.51,,1460830.0
2024-10-14,130.44,131.12,129.88,130.53,,1702098.0
2024-10-15,127.02,127.93,125.88,126.37,,2949248.0
2024-10-16,126.46,127.08,126.08,126.45,,1939414.0
2024-10-17,126.84,127.58,126.19,127.04,,2975622.0
2024-10-18,126.67,127.0,125.45,126.62,,2990804.0
2024-10-21,127.85,128.11,125.57,125.71,,2403001.0
2024-10-22,126.24,126.52,124.98,125.07,,1709488.0
2024-10-23,124.9,125.16,123.73,124.73,,1639690.0
2024-10-24,125.18,125.49,123.63,124.44,,1927854.0
2024-10-25,125.28,125.73,122.58,123.17,,3050759.0
2024-10-28,119.75,122.64,119.36,122.07,,2390494.0
2024-10-29,122.07,122.08,120.31,120.49,,2207256.0
2024-10-30,121.47,121.47,120.35,120.52,,2467068.0
2024-10-31,121.53,122.57,120.56,121.96,,2999232.0
2024-11-01,122.84,122.97,120.34,120.84,,2256118.0
2024-11-04,122.03,123.45,121.51,122.93,,1702083.0
2024-11-05,123.23,123.54,121.51,122.11,,3282306.0
2024-11-06,125.56,128.74,124.71,127.2,,3516659.0
2024-11-07,127.2,127.6,124.87,126.46,,2309345.0
2024-11-08,131.63,134.98,128.2,134.12,,5335478.0
2024-11-11,133.48,135.09,132.39,133.1,,2987686.0
2024-11-12,133.1,133.82,132.71,133.13,,2757713.0
2024-11-13,134.04,134.75,132.06,134.35,,3578916.0
2024-11-14,135.0,135.4,133.26,135.19,,2545833.0
2024-11-15,135.01,136.85,134.05,134.56,,2279909.0
2024-11-18,136.32,137.21,135.11,136.54,,3060757.0
2024-11-19,135.33,136.76,134.84,135.18,,2903442.0
2024-11-20,134.68,136.46,134.66,136.23,,2063051.0
2024-11-21,136.92,137.72,135.19,135.5,,2875444.0
2024-11-22,135.0,136.84,134.84,136.35,,2545809.0
2024-11-25,136.39,137.2,131.7,131.98,,5440294.0
2024-11-26,132.29,133.08,131.1,132.54,,3129891.0
2024-11-27,132.75,134.61,132.74,133.09,,2004145.0
2024-11-29,133.5,134.67,132.53,133.26,,1837737.0
2024-12-02,133.5,133.72,130.24,131.24,,2835137.0
2024-12-03,132.38,132.69,130.22,131.8,,2362149.0
2024-12-04,131.64,131.89,128.38,129.53,,3222456.0
2024-12-05,129.88,131.85,129.64,130.02,,2623872.0
2024-12-06,129.11,129.74,126.31,127.81,,2928012.0
2024-12-09,129.29,129.55,127.63,127.85,,3046982.0
2024-12-10,128.78,129.36,126.0,126.61,,3440491.0
2024-12-11,126.65,128.11,126.09,127.56,,5778576.0
2024-12-12,127.45,127.58,126.33,126.57,,2169587.0
2024-12-13,126.58,127.21,125.32,126.77,,1878838.0
2024-12-16,126.2,126.88,124.19,124.62,,2898651.0
2024-12-17,123.94,124.84,121.77,123.15,,3820108.0
2024-12-18,123.15,123.78,119.54,119.63,,4507103.0
2024-12-19,120.69,121.08,118.13,118.22,,3589764.0
2024-12-20,117.62,119.92,117.51,119.04,,10044350.0
2024-12-23,118.66,120.24,118.09,119.85,,2554632.0
2024-12-24,120.16,120.98,119.1,120.83,,1325818.0
2024-12-26,120.9,120.98,120.19,120.41,,2104006.0
2024-12-27,120.1,121.72,119.84,120.4,,2048392.0
2024-12-30,120.71,121.32,119.48,120.58,,3197082.0
