time,open,high,low,close,Volume,volume
1999-11-01,3.44,3.45,3.37,3.41,,33000.0
1999-11-02,3.4,3.45,3.39,3.43,,40200.0
1999-11-03,3.42,3.49,3.42,3.47,,27000.0
1999-11-04,3.49,3.52,3.41,3.41,,56500.0
1999-11-05,3.43,3.49,3.4,3.4,,41200.0
1999-11-08,3.39,3.43,3.37,3.4,,31300.0
1999-11-09,3.42,3.44,3.34,3.42,,37000.0
1999-11-10,3.44,3.49,3.43,3.46,,36300.0
1999-11-11,3.46,3.47,3.43,3.43,,17200.0
1999-11-12,3.43,3.43,3.29,3.35,,79300.0
1999-11-15,3.37,3.37,3.31,3.33,,44100.0
1999-11-16,3.33,3.41,3.33,3.41,,27700.0
1999-11-17,3.41,3.41,3.37,3.4,,49900.0
1999-11-18,3.39,3.41,3.36,3.37,,276100.0
1999-11-19,3.37,3.4,3.36,3.37,,269000.0
1999-11-22,3.36,3.37,3.35,3.36,,62800.0
1999-11-23,3.35,3.37,3.3,3.3,,128700.0
1999-11-24,3.3,3.34,3.29,3.29,,68900.0
1999-11-26,3.3,3.33,3.3,3.31,,47100.0
1999-11-29,3.3,3.33,3.29,3.29,,84700.0
1999-11-30,3.29,3.34,3.29,3.31,,50500.0
1999-12-01,3.31,3.32,3.29,3.3,,62200.0
1999-12-02,3.29,3.37,3.28,3.37,,78000.0
1999-12-03,3.36,3.43,3.36,3.37,,35200.0
1999-12-06,3.37,3.38,3.28,3.28,,13600.0
1999-12-07,3.3,3.3,3.24,3.24,,41200.0
1999-12-08,3.24,3.24,3.18,3.21,,56800.0
1999-12-09,3.2,3.25,3.2,3.23,,50200.0
1999-12-10,3.21,3.26,3.13,3.13,,275500.0
1999-12-13,3.13,3.32,3.13,3.2,,140400.0
1999-12-14,3.18,3.25,3.18,3.21,,122600.0
1999-12-15,3.18,3.31,3.18,3.27,,140300.0
1999-12-16,3.29,3.35,3.28,3.29,,84900.0
1999-12-17,3.42,3.42,3.28,3.42,,116000.0
1999-12-20,3.42,3.42,3.24,3.27,,57800.0
1999-12-21,3.25,3.28,3.23,3.28,,54200.0
1999-12-22,3.27,3.27,3.2,3.22,,38400.0
1999-12-23,3.24,3.25,3.21,3.22,,41600.0
1999-12-27,3.23,3.23,3.14,3.16,,71900.0
1999-12-28,3.14,3.22,3.13,3.2,,73900.0
1999-12-29,3.18,3.21,3.14,3.21,,49800.0
1999-12-30,3.2,3.2,3.09,3.13,,46600.0
1999-12-31,3.15,3.18,3.12,3.17,,10000.0
2000-01-03,3.28,3.28,3.09,3.19,,234600.0
2000-01-04,3.18,3.35,3.18,3.3,,304900.0
2000-01-05,3.33,3.38,3.31,3.38,,289400.0
2000-01-06,3.38,3.47,3.36,3.43,,186200.0
2000-01-07,3.43,3.52,3.43,3.49,,65400.0
2000-01-10,3.49,3.51,3.39,3.39,,59700.0
2000-01-11,3.37,3.42,3.34,3.34,,59400.0
2000-01-12,3.34,3.35,3.31,3.34,,37000.0
2000-01-13,3.33,3.39,3.3,3.38,,151200.0
2000-01-14,3.37,3.39,3.33,3.37,,86900.0
2000-01-18,3.38,3.39,3.36,3.39,,36900.0
2000-01-19,3.39,3.4,3.33,3.4,,77800.0
2000-01-20,3.4,3.4,3.34,3.37,,91000.0
2000-01-21,3.37,3.47,3.37,3.44,,134700.0
2000-01-24,3.47,3.48,3.38,3.4,,50800.0
2000-01-25,3.4,3.42,3.28,3.29,,62800.0
2000-01-26,3.31,3.34,3.3,3.34,,76300.0
2000-01-27,3.33,3.34,3.31,3.33,,59400.0
2000-01-28,3.31,3.35,3.3,3.34,,80800.0
2000-01-31,3.35,3.36,3.28,3.28,,64100.0
2000-02-01,3.26,3.28,3.23,3.28,,50000.0
2000-02-02,3.27,3.34,3.27,3.31,,76900.0
2000-02-03,3.3,3.36,3.3,3.31,,45900.0
2000-02-04,3.32,3.32,3.24,3.27,,36200.0
2000-02-07,3.27,3.29,3.21,3.22,,25900.0
2000-02-08,3.22,3.22,3.17,3.19,,40300.0
2000-02-09,3.2,3.22,3.14,3.16,,98100.0
2000-02-10,3.18,3.29,3.15,3.27,,68100.0
2000-02-11,3.25,3.28,3.16,3.16,,54600.0
2000-02-14,3.16,3.25,3.09,3.22,,114900.0
2000-02-15,3.22,3.33,3.22,3.31,,36400.0
2000-02-16,3.28,3.33,3.24,3.31,,87300.0
2000-02-17,3.3,3.43,3.3,3.42,,118900.0
2000-02-18,3.42,3.42,3.33,3.35,,56900.0
2000-02-22,3.36,3.37,3.26,3.31,,83600.0
2000-02-23,3.3,3.3,3.26,3.27,,85500.0
2000-02-24,3.26,3.36,3.26,3.32,,57500.0
2000-02-25,3.32,3.33,3.21,3.23,,47000.0
2000-02-28,3.23,3.34,3.18,3.31,,60400.0
2000-02-29,3.47,3.63,3.47,3.62,,210700.0
2000-03-01,3.62,3.69,3.43,3.48,,262200.0
2000-03-02,3.47,3.57,3.47,3.56,,93100.0
2000-03-03,3.55,3.62,3.55,3.59,,79100.0
2000-03-06,3.58,3.59,3.55,3.58,,42600.0
2000-03-07,3.57,3.67,3.57,3.66,,56500.0
2000-03-08,3.66,3.71,3.66,3.71,,77400.0
2000-03-09,3.71,3.8,3.71,3.8,,82500.0
2000-03-10,3.8,3.91,3.8,3.87,,105300.0
2000-03-13,3.88,3.88,3.84,3.85,,79100.0
2000-03-14,3.83,3.85,3.8,3.8,,106600.0
2000-03-15,3.79,3.81,3.69,3.74,,55300.0
2000-03-16,3.76,3.88,3.75,3.85,,185000.0
2000-03-17,3.78,3.82,3.76,3.77,,105200.0
2000-03-20,3.79,3.99,3.79,3.97,,105600.0
2000-03-21,3.95,3.95,3.91,3.92,,67200.0
2000-03-22,3.97,3.97,3.86,3.88,,134700.0
2000-03-23,3.91,3.99,3.9,3.94,,116800.0
2000-03-24,3.98,4.06,3.97,4.01,,102200.0
2000-03-27,4.0,4.05,3.97,3.97,,58700.0
2000-03-28,3.97,4.04,3.97,4.0,,81000.0
2000-03-29,4.01,4.22,4.0,4.19,,100900.0
2000-03-30,4.19,4.41,4.17,4.36,,303100.0
2000-03-31,4.36,4.36,4.24,4.3,,185800.0
2000-04-03,4.3,4.35,4.22,4.23,,127200.0
2000-04-04,4.24,4.3,4.19,4.23,,173100.0
2000-04-05,4.23,4.23,4.18,4.21,,63700.0
2000-04-06,4.21,4.31,4.21,4.28,,108400.0
2000-04-07,4.3,4.31,4.25,4.31,,57100.0
2000-04-10,4.31,4.36,4.28,4.28,,198300.0
2000-04-11,4.27,4.27,4.15,4.18,,62500.0
2000-04-12,4.19,4.28,4.16,4.25,,108200.0
2000-04-13,4.24,4.33,4.24,4.28,,74000.0
2000-04-14,4.28,4.31,4.22,4.25,,76500.0
2000-04-17,4.24,4.25,3.99,4.25,,146100.0
2000-04-18,4.24,4.53,4.24,4.38,,233100.0
2000-04-19,4.36,4.5,4.31,4.39,,100000.0
2000-04-20,4.37,4.4,4.29,4.36,,81000.0
2000-04-24,4.36,4.36,4.28,4.34,,108800.0
2000-04-25,4.33,4.4,4.31,4.39,,150700.0
2000-04-26,4.41,4.48,4.41,4.48,,95100.0
2000-04-27,4.46,4.48,4.43,4.48,,123300.0
2000-04-28,4.46,4.48,4.37,4.45,,180000.0
2000-05-01,4.46,4.57,4.46,4.49,,66700.0
2000-05-02,4.51,4.57,4.43,4.43,,88800.0
2000-05-03,4.42,4.47,4.42,4.45,,107100.0
2000-05-04,4.47,4.55,4.43,4.53,,144000.0
2000-05-05,4.54,4.61,4.54,4.61,,74200.0
2000-05-08,4.63,4.67,4.58,4.58,,113000.0
2000-05-09,4.6,4.6,4.48,4.48,,202000.0
2000-05-10,4.47,4.52,4.47,4.5,,95900.0
2000-05-11,4.51,4.65,4.51,4.65,,313100.0
2000-05-12,4.65,4.65,4.57,4.58,,53300.0
2000-05-15,4.57,4.61,4.55,4.61,,113700.0
2000-05-16,4.64,4.74,4.63,4.7,,69700.0
2000-05-17,4.71,4.75,4.68,4.72,,81600.0
2000-05-18,4.73,4.75,4.61,4.62,,82200.0
2000-05-19,4.63,4.63,4.58,4.62,,50900.0
2000-05-22,4.6,4.61,4.55,4.59,,186400.0
2000-05-23,4.59,4.68,4.58,4.65,,116700.0
2000-05-24,4.63,4.7,4.55,4.69,,115400.0
2000-05-25,4.69,4.75,4.65,4.68,,88200.0
2000-05-26,4.7,4.8,4.67,4.8,,72700.0
2000-05-30,4.81,4.85,4.76,4.82,,68600.0
2000-05-31,4.86,4.9,4.85,4.89,,76400.0
2000-06-01,4.82,4.96,4.82,4.9,,54200.0
2000-06-02,5.02,5.1,4.88,4.91,,237500.0
2000-06-05,4.88,4.88,4.66,4.66,,80600.0
2000-06-06,4.68,4.85,4.68,4.82,,81600.0
2000-06-07,4.82,4.9,4.8,4.9,,138500.0
2000-06-08,4.88,4.91,4.79,4.84,,93500.0
2000-06-09,4.84,4.88,4.81,4.81,,205300.0
2000-06-12,4.81,4.82,4.7,4.7,,107800.0
2000-06-13,4.73,4.77,4.62,4.77,,121600.0
2000-06-14,4.76,4.76,4.68,4.68,,49500.0
2000-06-15,4.69,4.79,4.67,4.73,,74100.0
2000-06-16,4.71,4.75,4.65,4.68,,43400.0
2000-06-19,4.74,4.76,4.72,4.76,,42500.0
2000-06-20,4.76,4.79,4.69,4.77,,109100.0
2000-06-21,4.79,4.8,4.73,4.73,,45500.0
2000-06-22,4.71,4.79,4.7,4.72,,239900.0
2000-06-23,4.7,4.75,4.53,4.61,,70000.0
2000-06-26,4.63,4.65,4.52,4.53,,149200.0
2000-06-27,4.54,4.54,4.4,4.4,,208700.0
2000-06-28,4.42,4.67,4.42,4.67,,232700.0
2000-06-29,4.69,4.69,4.59,4.61,,146200.0
2000-06-30,4.59,4.7,4.52,4.66,,555700.0
2000-07-03,4.61,4.67,4.59,4.64,,40200.0
2000-07-05,4.65,4.65,4.53,4.53,,93600.0
2000-07-06,4.53,4.65,4.53,4.59,,119200.0
2000-07-07,4.59,4.63,4.57,4.57,,77300.0
2000-07-10,4.56,4.56,4.52,4.53,,80200.0
2000-07-11,4.56,4.61,4.53,4.59,,79400.0
2000-07-12,4.6,4.6,4.52,4.53,,165200.0
2000-07-13,4.53,4.67,4.52,4.63,,124500.0
2000-07-14,4.65,4.67,4.53,4.55,,70600.0
2000-07-17,4.53,4.66,4.53,4.63,,95400.0
2000-07-18,4.63,4.68,4.63,4.64,,38000.0
2000-07-19,4.63,4.7,4.63,4.67,,169900.0
2000-07-20,4.82,4.82,4.7,4.75,,176100.0
2000-07-21,4.82,4.82,4.73,4.75,,210900.0
2000-07-24,4.75,4.76,4.72,4.72,,219900.0
2000-07-25,4.74,4.92,4.73,4.89,,240600.0
2000-07-26,4.88,5.15,4.87,5.11,,217600.0
2000-07-27,5.11,5.25,5.09,5.24,,136200.0
2000-07-28,5.24,5.24,5.1,5.14,,134600.0
2000-07-31,5.15,5.16,5.02,5.02,,153900.0
2000-08-01,5.05,5.18,5.05,5.18,,89900.0
2000-08-02,5.17,5.33,5.17,5.28,,122500.0
2000-08-03,5.31,5.5,5.27,5.37,,182500.0
2000-08-04,5.37,5.4,5.26,5.39,,67300.0
2000-08-07,5.41,5.43,5.35,5.43,,57700.0
2000-08-08,5.4,5.44,5.29,5.34,,62600.0
2000-08-09,5.36,5.37,5.26,5.31,,96900.0
2000-08-10,5.31,5.46,5.31,5.43,,78200.0
2000-08-11,5.45,5.48,5.4,5.46,,38300.0
2000-08-14,5.47,5.61,5.47,5.56,,97800.0
2000-08-15,5.54,5.62,5.54,5.62,,89200.0
2000-08-16,5.59,5.62,5.52,5.58,,51800.0
2000-08-17,5.61,5.79,5.55,5.62,,101000.0
2000-08-18,5.61,5.65,5.59,5.61,,33400.0
2000-08-21,5.65,5.66,5.53,5.53,,56300.0
2000-08-22,5.54,5.57,5.52,5.52,,26800.0
2000-08-23,5.5,5.53,5.44,5.51,,74300.0
2000-08-24,5.53,5.6,5.53,5.57,,116000.0
2000-08-25,5.56,5.59,5.55,5.55,,82600.0
2000-08-28,5.61,5.61,5.55,5.58,,35900.0
2000-08-29,5.54,5.57,5.54,5.56,,28800.0
2000-08-30,5.57,5.57,5.43,5.44,,45000.0
2000-08-31,5.45,5.48,5.44,5.46,,86400.0
2000-09-01,5.47,5.7,5.47,5.69,,91500.0
2000-09-05,5.56,5.68,5.48,5.52,,46100.0
2000-09-06,5.53,5.55,5.48,5.55,,63600.0
2000-09-07,5.55,5.67,5.55,5.65,,29000.0
2000-09-08,5.68,5.71,5.65,5.71,,44400.0
2000-09-11,5.71,5.84,5.68,5.8,,53200.0
2000-09-12,5.81,5.84,5.79,5.83,,100500.0
2000-09-13,5.81,5.86,5.79,5.82,,87700.0
2000-09-14,5.8,5.93,5.8,5.92,,62100.0
2000-09-15,5.94,6.01,5.91,5.99,,67600.0
2000-09-18,6.02,6.05,5.94,5.97,,66100.0
2000-09-19,5.98,6.08,5.95,5.95,,147300.0
2000-09-20,5.95,5.95,5.9,5.91,,101400.0
2000-09-21,5.89,5.97,5.88,5.96,,150200.0
2000-09-22,5.94,5.94,5.82,5.87,,43100.0
2000-09-25,5.89,5.89,5.55,5.59,,130900.0
2000-09-26,5.62,5.95,5.61,5.95,,127600.0
2000-09-27,5.93,6.04,5.91,6.01,,158500.0
2000-09-28,6.04,6.08,6.02,6.08,,65800.0
2000-09-29,6.1,6.15,6.07,6.15,,75500.0
2000-10-02,6.19,6.24,6.16,6.16,,98800.0
2000-10-03,6.14,6.18,6.14,6.16,,55300.0
2000-10-04,6.13,6.16,6.11,6.13,,63200.0
2000-10-05,6.13,6.13,6.1,6.1,,73500.0
2000-10-06,6.1,6.17,6.08,6.1,,131800.0
2000-10-09,6.1,6.18,6.07,6.18,,31200.0
2000-10-10,6.18,6.24,6.16,6.18,,107800.0
2000-10-11,6.16,6.2,6.11,6.16,,46500.0
2000-10-12,6.17,6.2,6.06,6.06,,72500.0
2000-10-13,6.08,6.17,6.06,6.17,,87600.0
2000-10-16,6.18,6.21,6.15,6.18,,58000.0
2000-10-17,6.21,6.21,6.05,6.05,,70400.0
2000-10-18,6.03,6.08,5.99,6.01,,63900.0
2000-10-19,6.01,6.1,5.99,6.01,,70500.0
2000-10-20,6.02,6.19,5.96,5.97,,101600.0
2000-10-23,5.94,6.16,5.91,6.15,,68500.0
2000-10-24,6.13,6.13,5.83,5.84,,125600.0
2000-10-25,5.84,5.84,5.68,5.68,,135300.0
2000-10-26,5.67,5.68,5.54,5.58,,121100.0
2000-10-27,5.6,5.67,5.5,5.65,,124800.0
2000-10-30,5.66,5.66,5.55,5.55,,86100.0
2000-10-31,5.58,5.62,5.48,5.62,,273000.0
2000-11-01,5.64,5.75,5.62,5.71,,120300.0
2000-11-02,5.72,5.72,5.64,5.67,,69300.0
2000-11-03,5.67,5.67,5.61,5.62,,46600.0
2000-11-06,5.64,5.71,5.61,5.64,,52500.0
2000-11-07,5.63,5.65,5.58,5.61,,24600.0
2000-11-08,5.62,5.72,5.62,5.7,,75300.0
2000-11-09,5.71,5.72,5.63,5.66,,50500.0
2000-11-10,5.67,5.71,5.67,5.7,,42900.0
2000-11-13,5.73,5.74,5.54,5.57,,75800.0
2000-11-14,5.57,5.62,5.57,5.59,,66700.0
2000-11-15,5.61,5.66,5.59,5.63,,57300.0
2000-11-16,5.65,5.7,5.63,5.63,,41200.0
2000-11-17,5.66,5.68,5.63,5.65,,17600.0
2000-11-20,5.65,5.68,5.62,5.67,,53100.0
2000-11-21,5.69,5.75,5.65,5.71,,98700.0
2000-11-22,5.71,5.71,5.63,5.65,,36300.0
2000-11-24,5.67,5.69,5.6,5.68,,33600.0
2000-11-27,5.69,5.75,5.69,5.74,,107300.0
2000-11-28,5.75,5.85,5.71,5.76,,230000.0
2000-11-29,5.73,5.79,5.7,5.73,,101200.0
2000-11-30,5.71,5.71,5.43,5.43,,87400.0
2000-12-01,5.43,5.63,5.43,5.56,,82300.0
2000-12-04,5.59,5.77,5.59,5.65,,79800.0
2000-12-05,5.63,5.73,5.62,5.66,,57300.0
2000-12-06,5.68,5.77,5.65,5.67,,69000.0
2000-12-07,5.67,5.79,5.67,5.77,,71200.0
2000-12-08,5.77,5.82,5.75,5.78,,89300.0
2000-12-11,5.8,5.9,5.8,5.87,,134500.0
2000-12-12,5.85,6.04,5.85,5.92,,155200.0
2000-12-13,5.94,5.97,5.91,5.91,,75800.0
2000-12-14,5.92,5.93,5.74,5.75,,29800.0
2000-12-15,5.77,5.86,5.75,5.79,,97600.0
2000-12-18,5.77,5.9,5.77,5.83,,131900.0
2000-12-19,5.84,5.95,5.84,5.89,,64400.0
2000-12-20,5.91,6.01,5.8,5.8,,217200.0
2000-12-21,5.82,5.91,5.82,5.84,,95200.0
2000-12-22,5.84,5.97,5.79,5.9,,200400.0
2000-12-26,5.93,6.1,5.93,6.09,,183100.0
2000-12-27,6.08,6.09,6.0,6.08,,208900.0
2000-12-28,6.07,6.48,6.06,6.43,,488600.0
2000-12-29,6.45,6.51,6.37,6.51,,263900.0
2001-01-02,6.5,6.5,6.21,6.29,,193200.0
2001-01-03,6.29,6.32,5.56,5.96,,629100.0
2001-01-04,5.9,5.97,5.4,5.54,,239700.0
2001-01-05,5.54,5.77,5.54,5.65,,171200.0
2001-01-08,5.67,5.8,5.63,5.78,,248400.0
2001-01-09,5.78,5.79,5.64,5.79,,99500.0
2001-01-10,5.79,5.79,5.65,5.71,,81900.0
2001-01-11,5.73,5.75,5.59,5.65,,57300.0
2001-01-12,5.65,5.7,5.6,5.65,,66000.0
2001-01-16,5.65,5.75,5.62,5.68,,74300.0
2001-01-17,5.68,5.76,5.68,5.68,,218200.0
2001-01-18,5.68,5.7,5.57,5.63,,114400.0
2001-01-19,5.63,5.67,5.49,5.54,,197400.0
2001-01-22,5.51,5.6,5.5,5.6,,156700.0
2001-01-23,5.59,5.65,5.59,5.64,,136500.0
2001-01-24,5.63,5.79,5.63,5.77,,144300.0
2001-01-25,5.76,5.77,5.71,5.75,,123900.0
2001-01-26,5.73,5.76,5.67,5.74,,80900.0
2001-01-29,5.74,5.75,5.68,5.7,,86000.0
2001-01-30,5.72,5.75,5.71,5.74,,80900.0
2001-01-31,5.73,5.73,5.65,5.72,,82300.0
2001-02-01,5.7,5.75,5.63,5.74,,51600.0
2001-02-02,5.74,5.85,5.65,5.77,,157900.0
2001-02-05,5.8,5.85,5.78,5.85,,104000.0
2001-02-06,5.85,5.85,5.79,5.84,,127000.0
2001-02-07,5.92,6.16,5.9,6.07,,349000.0
2001-02-08,6.07,6.13,6.02,6.09,,131100.0
2001-02-09,6.09,6.2,6.07,6.11,,111200.0
2001-02-12,6.1,6.12,6.07,6.11,,64100.0
2001-02-13,6.11,6.13,6.0,6.03,,189500.0
2001-02-14,6.02,6.05,5.96,5.99,,131900.0
2001-02-15,6.0,6.0,5.82,5.84,,283700.0
2001-02-16,5.83,5.9,5.83,5.88,,126100.0
2001-02-20,5.89,5.89,5.84,5.86,,73100.0
2001-02-21,5.87,5.9,5.72,5.79,,73000.0
2001-02-22,5.78,5.86,5.67,5.73,,122800.0
2001-02-23,5.71,5.71,5.63,5.69,,79900.0
2001-02-26,5.7,5.77,5.69,5.7,,118000.0
2001-02-27,5.71,5.71,5.61,5.62,,66700.0
2001-02-28,5.62,5.64,5.59,5.62,,159000.0
2001-03-01,5.64,5.78,5.64,5.68,,140400.0
2001-03-02,5.68,5.82,5.68,5.82,,86900.0
2001-03-05,5.83,5.95,5.83,5.93,,111200.0
2001-03-06,5.92,6.0,5.91,5.99,,120800.0
2001-03-07,6.12,6.24,6.09,6.2,,317000.0
2001-03-08,6.22,6.4,6.22,6.39,,330800.0
2001-03-09,6.44,6.46,6.39,6.43,,285800.0
2001-03-12,6.43,6.5,6.4,6.41,,160600.0
2001-03-13,6.43,6.43,6.27,6.31,,138700.0
2001-03-14,6.25,6.25,6.16,6.17,,100300.0
2001-03-15,6.21,6.31,6.19,6.25,,156300.0
2001-03-16,6.25,6.28,6.2,6.22,,99600.0
2001-03-19,6.21,6.28,6.07,6.25,,139200.0
2001-03-20,6.28,6.43,6.24,6.42,,145200.0
2001-03-21,6.45,6.48,6.37,6.41,,164200.0
2001-03-22,6.41,6.41,6.17,6.25,,211000.0
2001-03-23,6.27,6.38,6.26,6.37,,130800.0
2001-03-26,6.35,6.45,6.34,6.45,,102800.0
2001-03-27,6.45,6.63,6.45,6.58,,180100.0
2001-03-28,6.84,6.9,6.69,6.74,,1402200.0
2001-03-29,6.46,6.66,6.38,6.58,,634900.0
2001-03-30,6.65,6.76,6.56,6.76,,2477900.0
2001-04-02,6.78,6.88,6.73,6.78,,498700.0
2001-04-03,6.75,6.93,6.72,6.91,,430300.0
2001-04-04,6.91,7.08,6.91,7.02,,432700.0
2001-04-05,7.03,7.25,7.01,7.21,,354900.0
2001-04-06,7.2,7.2,7.03,7.09,,281200.0
2001-04-09,7.09,7.24,7.09,7.16,,135700.0
2001-04-10,7.25,7.41,7.21,7.41,,173600.0
2001-04-11,7.41,7.41,7.27,7.29,,244100.0
2001-04-12,7.29,7.34,7.24,7.34,,137900.0
2001-04-16,7.37,7.53,7.35,7.49,,220500.0
2001-04-17,7.48,7.59,7.43,7.59,,212800.0
2001-04-18,7.59,7.59,7.34,7.52,,370300.0
2001-04-19,7.52,7.52,7.35,7.45,,302400.0
2001-04-20,7.45,7.58,7.38,7.41,,435800.0
2001-04-23,7.43,7.54,7.38,7.5,,231600.0
2001-04-24,7.5,7.61,7.5,7.61,,634900.0
2001-04-25,7.61,7.68,7.54,7.68,,173900.0
2001-04-26,7.69,7.81,7.65,7.81,,303400.0
2001-04-27,7.82,7.83,7.71,7.79,,225500.0
2001-04-30,7.81,7.87,7.72,7.83,,465700.0
2001-05-01,7.83,7.93,7.78,7.85,,210800.0
2001-05-02,7.81,7.81,7.49,7.49,,384900.0
2001-05-03,7.39,7.39,7.17,7.32,,519900.0
2001-05-04,7.35,7.56,7.34,7.56,,230600.0
2001-05-07,7.56,7.71,7.48,7.51,,152900.0
2001-05-08,7.48,7.63,7.45,7.61,,170400.0
2001-05-09,7.61,7.82,7.55,7.76,,132000.0
2001-05-10,7.75,7.77,7.55,7.63,,306200.0
2001-05-11,7.63,7.64,7.51,7.51,,140700.0
2001-05-14,7.7,7.76,7.7,7.76,,203200.0
2001-05-15,7.73,7.84,7.71,7.78,,119400.0
2001-05-16,7.78,7.88,7.67,7.74,,139700.0
2001-05-17,7.74,7.74,7.66,7.69,,141800.0
2001-05-18,7.7,7.83,7.7,7.82,,90400.0
2001-05-21,7.84,7.9,7.8,7.83,,122200.0
2001-05-22,7.83,7.83,7.57,7.57,,153000.0
2001-05-23,7.59,7.6,7.52,7.54,,333000.0
2001-05-24,7.54,7.55,7.37,7.4,,214600.0
2001-05-25,7.39,7.47,7.39,7.45,,121000.0
2001-05-29,7.45,7.46,7.37,7.37,,67600.0
2001-05-30,7.36,7.37,7.18,7.18,,215000.0
2001-05-31,7.18,7.32,7.1,7.3,,246900.0
2001-06-01,7.29,7.41,7.19,7.26,,175800.0
2001-06-04,7.28,7.45,7.28,7.32,,175500.0
2001-06-05,7.34,7.36,7.24,7.27,,120600.0
2001-06-06,7.13,7.14,6.92,6.93,,282900.0
2001-06-07,6.93,7.01,6.87,6.9,,343400.0
2001-06-08,6.9,6.92,6.81,6.9,,154300.0
2001-06-11,6.91,7.01,6.91,6.96,,233900.0
2001-06-12,6.97,7.0,6.83,6.95,,152400.0
2001-06-13,6.9,6.94,6.74,6.81,,432200.0
2001-06-14,6.78,6.78,6.67,6.71,,412900.0
2001-06-15,6.76,6.78,6.63,6.73,,498600.0
2001-06-18,6.73,6.77,6.63,6.63,,239000.0
2001-06-19,6.65,6.73,6.54,6.56,,284900.0
2001-06-20,6.56,6.57,6.49,6.54,,259900.0
2001-06-21,6.51,6.67,6.25,6.66,,760900.0
2001-06-22,6.61,6.67,6.46,6.56,,1120000.0
2001-06-25,6.73,6.73,6.37,6.39,,523100.0
2001-06-26,6.38,6.42,6.25,6.38,,673200.0
2001-06-27,6.39,6.39,6.29,6.33,,338300.0
2001-06-28,6.35,6.43,6.29,6.34,,402600.0
2001-06-29,6.31,6.59,6.29,6.55,,453100.0
2001-07-02,6.53,6.55,6.42,6.5,,339600.0
2001-07-03,6.49,6.57,6.16,6.52,,205800.0
2001-07-05,6.54,6.66,6.54,6.6,,289900.0
2001-07-06,6.63,6.69,6.55,6.63,,245400.0
2001-07-09,6.65,6.65,6.42,6.47,,400400.0
2001-07-10,6.48,6.53,6.44,6.44,,351400.0
2001-07-11,6.46,6.48,6.41,6.42,,285200.0
2001-07-12,6.42,6.46,6.35,6.38,,286000.0
2001-07-13,6.39,6.46,6.35,6.42,,167900.0
2001-07-16,6.42,6.47,6.33,6.42,,191000.0
2001-07-17,6.39,6.46,6.29,6.29,,549900.0
2001-07-18,6.43,6.49,6.31,6.47,,594500.0
2001-07-19,6.44,6.69,6.17,6.66,,928900.0
2001-07-20,6.66,6.8,6.62,6.65,,869400.0
2001-07-23,6.64,6.69,6.49,6.61,,386300.0
2001-07-24,6.55,6.62,6.55,6.56,,727700.0
2001-07-25,6.58,6.83,6.58,6.83,,799700.0
2001-07-26,6.81,7.13,6.81,7.11,,465900.0
2001-07-27,7.1,7.2,7.03,7.16,,400800.0
2001-07-30,7.14,7.16,7.04,7.06,,392600.0
2001-07-31,7.06,7.14,6.96,7.05,,246800.0
2001-08-01,7.04,7.09,6.91,6.95,,318800.0
2001-08-02,7.0,7.0,6.76,6.9,,748100.0
2001-08-03,6.92,6.93,6.73,6.77,,212500.0
2001-08-06,6.77,6.78,6.75,6.78,,215300.0
2001-08-07,6.77,6.77,6.67,6.71,,135800.0
2001-08-08,6.73,6.73,6.5,6.53,,237700.0
2001-08-09,6.53,6.53,6.45,6.51,,335700.0
2001-08-10,6.51,6.54,6.47,6.47,,206700.0
2001-08-13,6.51,6.53,6.39,6.4,,269900.0
2001-08-14,6.47,6.58,6.45,6.52,,348600.0
2001-08-15,6.55,6.75,6.52,6.68,,455200.0
2001-08-16,6.66,6.67,6.5,6.6,,156500.0
2001-08-17,6.59,6.64,6.46,6.64,,210500.0
2001-08-20,6.62,6.63,6.52,6.59,,155800.0
2001-08-21,6.6,6.62,6.56,6.57,,109200.0
2001-08-22,6.56,6.7,6.5,6.55,,234600.0
2001-08-23,6.56,6.56,6.51,6.52,,109700.0
2001-08-24,6.54,6.56,6.44,6.5,,187500.0
2001-08-27,6.48,6.55,6.48,6.53,,106500.0
2001-08-28,6.53,6.54,6.43,6.45,,274800.0
2001-08-29,6.45,6.45,6.37,6.4,,242200.0
2001-08-30,6.38,6.39,6.34,6.35,,223800.0
2001-08-31,6.36,6.36,6.29,6.32,,142000.0
2001-09-04,6.32,6.39,6.28,6.3,,304000.0
2001-09-05,6.31,6.33,6.27,6.29,,269100.0
2001-09-06,6.28,6.28,6.24,6.28,,390400.0
2001-09-07,6.26,6.28,6.2,6.2,,126600.0
2001-09-10,6.19,6.27,6.16,6.2,,213200.0
2001-09-17,6.2,6.22,5.99,6.05,,162100.0
2001-09-18,6.02,6.03,5.74,5.75,,173300.0
2001-09-19,5.73,5.73,5.35,5.53,,329500.0
2001-09-20,5.56,5.56,5.39,5.49,,269600.0
2001-09-21,5.66,5.66,5.14,5.6,,298300.0
2001-09-24,5.63,5.73,5.48,5.49,,298800.0
2001-09-25,5.51,5.62,5.43,5.6,,208700.0
2001-09-26,5.63,5.69,5.35,5.37,,334500.0
2001-09-27,5.32,5.65,5.32,5.63,,181600.0
2001-09-28,5.78,5.96,5.75,5.93,,284500.0
2001-10-01,5.89,5.98,5.76,5.76,,276200.0
2001-10-02,5.78,5.95,5.77,5.94,,175000.0
2001-10-03,6.16,6.16,5.87,6.02,,152800.0
2001-10-04,6.34,6.34,6.02,6.2,,135600.0
2001-10-05,6.3,6.3,6.12,6.2,,142300.0
2001-10-08,6.28,6.28,6.16,6.24,,111000.0
2001-10-09,6.32,6.32,6.23,6.32,,134600.0
2001-10-10,6.32,6.54,6.31,6.54,,216200.0
2001-10-11,6.58,6.6,6.46,6.55,,251300.0
2001-10-12,6.5,6.57,6.4,6.4,,223500.0
2001-10-15,6.42,6.42,6.32,6.32,,229400.0
2001-10-16,6.32,6.35,6.3,6.3,,316000.0
2001-10-17,6.33,6.42,6.32,6.38,,361400.0
2001-10-18,6.39,6.39,6.23,6.3,,253300.0
2001-10-19,6.34,6.52,6.19,6.48,,383000.0
2001-10-22,6.51,6.53,6.35,6.48,,138100.0
2001-10-23,6.46,6.58,6.35,6.38,,94300.0
2001-10-24,6.47,6.47,6.29,6.41,,235900.0
2001-10-25,6.38,6.61,6.34,6.61,,278600.0
2001-10-26,6.57,6.68,6.54,6.64,,286700.0
2001-10-29,6.63,6.68,6.52,6.55,,156400.0
2001-10-30,6.56,6.56,6.2,6.46,,203300.0
2001-10-31,6.46,6.62,6.39,6.5,,219100.0
2001-11-01,6.52,6.58,6.44,6.48,,134200.0
2001-11-02,6.46,6.47,6.37,6.43,,76300.0
2001-11-05,6.43,6.46,6.38,6.46,,152000.0
2001-11-06,6.43,6.6,6.42,6.6,,220400.0
2001-11-07,6.7,6.7,6.54,6.67,,220200.0
2001-11-08,6.72,6.85,6.68,6.85,,242600.0
2001-11-09,6.85,6.85,6.72,6.81,,393100.0
2001-11-12,6.81,6.81,6.7,6.79,,77500.0
2001-11-13,6.84,6.84,6.67,6.73,,134900.0
2001-11-14,6.65,6.66,6.45,6.52,,295100.0
2001-11-15,6.44,6.45,6.15,6.3,,349700.0
2001-11-16,6.3,6.48,6.27,6.48,,274500.0
2001-11-19,6.48,6.49,6.36,6.4,,421800.0
2001-11-20,6.4,6.46,6.4,6.45,,366000.0
2001-11-21,6.48,6.48,6.31,6.43,,136100.0
2001-11-23,6.49,6.49,6.34,6.49,,91900.0
2001-11-26,6.51,6.51,6.33,6.51,,159000.0
2001-11-27,6.51,6.56,6.4,6.52,,205500.0
2001-11-28,6.45,6.45,6.35,6.37,,188400.0
2001-11-29,6.35,6.46,6.33,6.46,,256100.0
2001-11-30,6.48,6.55,6.44,6.45,,312100.0
2001-12-03,6.55,6.55,6.41,6.51,,160300.0
2001-12-04,6.51,6.55,6.47,6.47,,128400.0
2001-12-05,6.5,6.64,6.5,6.55,,193100.0
2001-12-06,6.54,6.54,6.44,6.47,,145400.0
2001-12-07,6.64,6.64,6.45,6.63,,189700.0
2001-12-10,6.63,6.63,6.55,6.58,,134400.0
2001-12-11,6.58,6.59,6.4,6.45,,129500.0
2001-12-12,6.41,6.41,6.27,6.33,,138200.0
2001-12-13,6.33,6.42,6.27,6.28,,224900.0
2001-12-14,6.33,6.44,6.33,6.43,,181800.0
2001-12-17,6.42,6.43,6.31,6.32,,124900.0
2001-12-18,6.32,6.34,6.26,6.31,,287900.0
2001-12-19,6.31,6.49,6.31,6.42,,449000.0
2001-12-20,6.42,6.5,6.4,6.44,,168500.0
2001-12-21,6.26,6.38,6.15,6.34,,569600.0
2001-12-24,6.34,6.42,6.34,6.41,,63600.0
2001-12-26,6.47,6.54,6.46,6.54,,130500.0
2001-12-27,6.54,6.67,6.53,6.65,,186500.0
2001-12-28,6.65,6.83,6.65,6.77,,237400.0
2001-12-31,6.76,6.81,6.68,6.76,,246100.0
2002-01-02,6.73,6.73,6.44,6.54,,292900.0
2002-01-03,6.55,6.55,6.43,6.45,,332500.0
2002-01-04,6.37,6.37,6.15,6.33,,1861200.0
2002-01-07,6.38,6.38,6.26,6.35,,278700.0
2002-01-08,6.3,6.35,6.25,6.25,,333900.0
2002-01-09,6.23,6.24,6.12,6.14,,473000.0
2002-01-10,6.14,6.26,6.14,6.19,,245500.0
2002-01-11,6.18,6.23,6.11,6.12,,365500.0
2002-01-14,6.12,6.18,6.11,6.17,,254800.0
2002-01-15,6.17,6.2,6.03,6.03,,305800.0
2002-01-16,5.98,6.0,5.9,5.96,,422500.0
2002-01-17,5.98,5.99,5.9,5.95,,133300.0
2002-01-18,5.97,5.97,5.86,5.89,,190900.0
2002-01-22,5.94,5.96,5.82,5.91,,205500.0
2002-01-23,6.02,6.02,5.91,6.0,,560400.0
2002-01-24,6.01,6.06,5.99,6.01,,397200.0
2002-01-25,6.01,6.12,6.01,6.07,,309100.0
2002-01-28,6.17,6.17,6.09,6.13,,313500.0
2002-01-29,6.06,6.06,5.89,5.93,,238200.0
2002-01-30,5.91,6.05,5.86,6.05,,217700.0
2002-01-31,6.05,6.16,6.05,6.1,,238000.0
2002-02-01,6.15,6.15,6.09,6.11,,155400.0
2002-02-04,6.11,6.12,5.98,6.03,,242000.0
2002-02-05,6.06,6.06,5.97,5.98,,534900.0
2002-02-06,6.0,6.11,5.99,6.06,,159200.0
2002-02-07,5.89,6.1,5.89,6.08,,375200.0
2002-02-08,6.04,6.13,5.99,6.06,,384800.0
2002-02-11,6.08,6.13,5.98,6.11,,90100.0
2002-02-12,6.06,6.11,5.97,5.98,,203600.0
2002-02-13,5.99,6.03,5.95,6.03,,132700.0
2002-02-14,6.01,6.13,6.0,6.04,,122800.0
2002-02-15,6.13,6.13,6.0,6.12,,173400.0
2002-02-19,6.08,6.23,6.07,6.23,,266900.0
2002-02-20,6.27,6.27,6.16,6.25,,302000.0
2002-02-21,6.23,6.46,6.23,6.3,,227700.0
2002-02-22,6.29,6.45,6.26,6.43,,118700.0
2002-02-25,6.38,6.48,6.38,6.45,,226900.0
2002-02-26,6.41,6.52,6.4,6.49,,246000.0
2002-02-27,6.49,6.59,6.44,6.55,,287800.0
2002-02-28,6.55,6.58,6.47,6.52,,460600.0
2002-03-01,6.52,6.59,6.52,6.57,,174600.0
2002-03-04,6.57,6.66,6.57,6.6,,240500.0
2002-03-05,6.62,6.67,6.6,6.66,,109700.0
2002-03-06,6.65,6.85,6.64,6.85,,220400.0
2002-03-07,6.91,6.98,6.88,6.9,,325700.0
2002-03-08,6.89,6.91,6.81,6.83,,264200.0
2002-03-11,6.82,6.93,6.82,6.93,,96800.0
2002-03-12,6.91,6.91,6.82,6.88,,83100.0
2002-03-13,6.88,6.89,6.79,6.82,,308400.0
2002-03-14,6.82,6.82,6.71,6.78,,102700.0
2002-03-15,6.8,6.81,6.76,6.78,,132900.0
2002-03-18,6.8,6.87,6.78,6.84,,147600.0
2002-03-19,6.8,6.92,6.79,6.91,,272700.0
2002-03-20,6.91,7.11,6.9,7.08,,446400.0
2002-03-21,7.12,7.12,7.0,7.08,,281100.0
2002-03-22,7.07,7.07,6.95,6.97,,219900.0
2002-03-25,6.95,6.98,6.89,6.9,,149000.0
2002-03-26,6.87,6.89,6.78,6.87,,289000.0
2002-03-27,7.03,7.03,6.89,7.01,,314700.0
2002-03-28,7.05,7.05,6.9,6.95,,135600.0
2002-04-01,7.14,7.14,6.93,7.13,,157300.0
2002-04-02,7.11,7.27,7.08,7.26,,344800.0
2002-04-03,7.23,7.26,7.06,7.09,,202700.0
2002-04-04,7.09,7.11,6.79,6.87,,323100.0
2002-04-05,6.94,7.05,6.86,6.87,,192100.0
2002-04-08,6.92,7.06,6.92,7.03,,253600.0
2002-04-09,7.02,7.03,6.88,6.94,,193900.0
2002-04-10,6.94,7.13,6.94,7.13,,283900.0
2002-04-11,7.13,7.24,7.13,7.18,,260000.0
2002-04-12,7.15,7.21,7.03,7.17,,406300.0
2002-04-15,7.18,7.31,7.18,7.29,,348000.0
2002-04-16,7.29,7.36,7.29,7.33,,195900.0
2002-04-17,7.38,7.48,7.35,7.45,,286900.0
2002-04-18,7.45,7.49,7.39,7.48,,124100.0
2002-04-19,7.4,7.49,7.4,7.47,,238200.0
2002-04-22,7.48,7.48,7.38,7.39,,237100.0
2002-04-23,7.4,7.44,7.38,7.43,,231700.0
2002-04-24,7.38,7.39,7.27,7.27,,260400.0
2002-04-25,7.27,7.36,7.22,7.35,,460200.0
2002-04-26,7.36,7.36,7.26,7.26,,192200.0
2002-04-29,7.26,7.27,7.18,7.2,,137700.0
2002-04-30,7.21,7.21,7.15,7.17,,246100.0
2002-05-01,7.18,7.19,7.16,7.16,,339300.0
2002-05-02,7.17,7.43,7.16,7.43,,398200.0
2002-05-03,7.43,7.44,7.29,7.32,,263600.0
2002-05-06,7.31,7.31,7.14,7.19,,213300.0
2002-05-07,7.19,7.19,7.1,7.18,,148500.0
2002-05-08,7.23,7.31,7.22,7.26,,201600.0
2002-05-09,7.23,7.38,7.2,7.22,,139200.0
2002-05-10,7.24,7.28,7.22,7.25,,551500.0
2002-05-13,7.25,7.34,7.24,7.33,,147800.0
2002-05-14,7.28,7.41,7.28,7.35,,375000.0
2002-05-15,7.34,7.34,7.22,7.27,,258900.0
2002-05-16,7.26,7.37,7.25,7.27,,194200.0
2002-05-17,7.28,7.28,7.11,7.24,,186200.0
2002-05-20,7.27,7.29,7.22,7.27,,161000.0
2002-05-21,7.28,7.34,7.26,7.27,,149300.0
2002-05-22,7.29,7.34,7.29,7.33,,218200.0
2002-05-23,7.34,7.4,7.28,7.4,,157900.0
2002-05-24,7.4,7.45,7.3,7.4,,122400.0
2002-05-28,7.36,7.38,7.29,7.33,,181200.0
2002-05-29,7.37,7.38,7.17,7.26,,155800.0
2002-05-30,7.24,7.26,7.11,7.17,,265900.0
2002-05-31,7.21,7.32,7.18,7.22,,167700.0
2002-06-03,7.26,7.26,7.04,7.06,,239900.0
2002-06-04,7.03,7.2,7.03,7.15,,175600.0
2002-06-05,7.15,7.16,7.02,7.06,,242800.0
2002-06-06,7.09,7.14,7.04,7.06,,169900.0
2002-06-07,7.06,7.1,7.02,7.09,,171500.0
2002-06-10,7.09,7.15,6.95,6.99,,312000.0
2002-06-11,7.01,7.12,6.98,7.05,,494200.0
2002-06-12,7.07,7.09,6.98,7.02,,100000.0
2002-06-13,7.02,7.17,6.98,7.04,,175100.0
2002-06-14,6.99,7.08,6.9,7.05,,183000.0
2002-06-17,7.05,7.17,7.05,7.07,,267900.0
2002-06-18,7.07,7.14,7.03,7.04,,188200.0
2002-06-19,7.05,7.19,7.0,7.0,,173300.0
2002-06-20,7.03,7.17,7.02,7.07,,228800.0
2002-06-21,7.02,7.1,6.95,6.95,,668800.0
2002-06-24,6.98,7.04,6.87,6.9,,341600.0
2002-06-25,6.82,6.95,6.82,6.83,,406600.0
2002-06-26,6.73,6.85,6.73,6.83,,537300.0
2002-06-27,6.91,6.96,6.78,6.83,,303700.0
2002-06-28,6.79,7.0,6.79,6.88,,407900.0
2002-07-01,6.89,6.96,6.82,6.82,,249000.0
2002-07-02,6.79,6.86,6.74,6.74,,302700.0
2002-07-03,6.77,6.78,6.66,6.7,,233500.0
2002-07-05,6.7,6.8,6.7,6.78,,121300.0
2002-07-08,6.76,6.81,6.67,6.67,,228300.0
2002-07-09,6.67,6.72,6.66,6.66,,251700.0
2002-07-10,6.8,6.8,6.63,6.65,,494000.0
2002-07-11,6.62,6.68,6.55,6.58,,422100.0
2002-07-12,6.58,6.62,6.5,6.5,,202800.0
2002-07-15,6.5,6.53,6.39,6.51,,420800.0
2002-07-16,6.48,6.53,6.43,6.44,,404300.0
2002-07-17,6.47,6.59,6.41,6.44,,277000.0
2002-07-18,6.44,6.51,6.41,6.42,,260000.0
2002-07-19,6.4,6.43,6.15,6.18,,891100.0
2002-07-22,6.18,6.27,5.92,6.0,,689600.0
2002-07-23,6.01,6.11,5.88,5.9,,1009800.0
2002-07-24,5.85,6.26,5.75,6.23,,491200.0
2002-07-25,6.24,6.47,6.22,6.44,,449600.0
2002-07-26,6.44,6.49,6.33,6.48,,325700.0
2002-07-29,6.46,6.7,6.45,6.67,,317100.0
2002-07-30,6.66,6.86,6.61,6.83,,563800.0
2002-07-31,6.81,6.89,6.69,6.86,,244400.0
2002-08-01,6.88,6.88,6.73,6.73,,236600.0
2002-08-02,6.65,6.76,6.62,6.66,,214600.0
2002-08-05,6.64,6.82,6.58,6.6,,293900.0
2002-08-06,6.64,6.83,6.64,6.74,,235400.0
2002-08-07,6.8,6.86,6.72,6.85,,140500.0
2002-08-08,6.82,7.01,6.79,6.99,,203600.0
2002-08-09,6.95,7.13,6.86,7.02,,240600.0
2002-08-12,7.0,7.19,6.95,7.14,,242700.0
2002-08-13,7.14,7.14,6.94,6.94,,290600.0
2002-08-14,6.92,7.08,6.9,7.05,,228900.0
2002-08-15,7.09,7.31,7.07,7.21,,371000.0
2002-08-16,7.19,7.29,7.12,7.23,,175400.0
2002-08-19,7.21,7.28,7.13,7.21,,164700.0
2002-08-20,7.19,7.19,7.11,7.14,,209600.0
2002-08-21,7.14,7.25,7.09,7.21,,230700.0
2002-08-22,7.22,7.33,7.22,7.31,,318600.0
2002-08-23,7.3,7.31,7.18,7.24,,174500.0
2002-08-26,7.25,7.3,7.19,7.3,,124800.0
2002-08-27,7.34,7.35,7.21,7.21,,170700.0
2002-08-28,7.2,7.21,7.08,7.1,,139600.0
2002-08-29,7.05,7.07,7.01,7.05,,235300.0
2002-08-30,7.03,7.14,7.03,7.08,,142600.0
2002-09-03,7.03,7.05,6.85,6.9,,229200.0
2002-09-04,6.9,6.98,6.76,6.96,,248500.0
2002-09-05,6.95,7.13,6.92,7.06,,202700.0
2002-09-06,7.13,7.15,7.06,7.13,,113200.0
2002-09-09,7.1,7.26,7.08,7.21,,242600.0
2002-09-10,7.19,7.28,7.16,7.24,,193600.0
2002-09-11,7.29,7.3,7.18,7.21,,93100.0
2002-09-12,7.19,7.21,7.07,7.09,,115300.0
2002-09-13,7.08,7.21,7.06,7.18,,155000.0
2002-09-16,7.17,7.26,7.11,7.25,,119800.0
2002-09-17,7.19,7.21,7.01,7.05,,163400.0
2002-09-18,7.03,7.1,6.9,7.04,,279900.0
2002-09-19,7.04,7.07,6.92,6.93,,109800.0
2002-09-20,6.89,6.91,6.85,6.87,,215600.0
2002-09-23,6.75,6.92,6.75,6.82,,243200.0
2002-09-24,6.76,6.79,6.68,6.69,,174000.0
2002-09-25,6.72,6.84,6.69,6.81,,306600.0
2002-09-26,6.82,7.05,6.81,7.05,,123900.0
2002-09-27,7.0,7.13,6.93,6.99,,148100.0
2002-09-30,6.98,7.04,6.83,6.96,,210500.0
2002-10-01,6.94,7.1,6.93,7.0,,477700.0
2002-10-02,6.96,7.2,6.96,7.0,,194400.0
2002-10-03,6.99,7.18,6.97,7.1,,221000.0
2002-10-04,7.12,7.2,6.99,7.06,,174600.0
2002-10-07,7.08,7.15,6.98,7.0,,227000.0
2002-10-08,7.0,7.0,6.74,6.89,,366000.0
2002-10-09,6.89,6.89,6.57,6.57,,372600.0
2002-10-10,6.51,6.74,6.47,6.73,,313900.0
2002-10-11,6.83,6.91,6.8,6.85,,239000.0
2002-10-14,6.85,7.03,6.83,7.0,,143500.0
2002-10-15,7.11,7.16,7.02,7.07,,242900.0
2002-10-16,7.05,7.13,6.87,6.9,,152100.0
2002-10-17,6.95,7.09,6.95,7.05,,200400.0
2002-10-18,7.03,7.05,6.85,6.91,,205700.0
2002-10-21,6.9,7.14,6.9,7.1,,216600.0
2002-10-22,7.07,7.07,6.8,6.91,,190000.0
2002-10-23,6.89,6.92,6.78,6.88,,267400.0
2002-10-24,6.9,6.91,6.74,6.83,,362500.0
2002-10-25,6.84,6.85,6.79,6.84,,200800.0
2002-10-28,6.86,7.07,6.75,6.98,,293400.0
2002-10-29,7.0,7.02,6.86,6.9,,358600.0
2002-10-30,6.9,7.22,6.9,7.09,,460200.0
2002-10-31,7.19,7.25,7.1,7.17,,211900.0
2002-11-01,7.16,7.32,7.15,7.31,,261100.0
2002-11-04,7.35,7.36,7.18,7.22,,143800.0
2002-11-05,7.19,7.24,7.11,7.22,,148700.0
2002-11-06,7.23,7.25,7.06,7.21,,145400.0
2002-11-07,7.19,7.27,7.12,7.24,,298600.0
2002-11-08,7.23,7.23,6.96,7.07,,180200.0
2002-11-11,7.07,7.15,7.02,7.07,,249200.0
2002-11-12,7.04,7.13,7.0,7.06,,274400.0
2002-11-13,7.03,7.03,6.9,6.95,,201300.0
2002-11-14,6.98,7.19,6.96,7.14,,128600.0
2002-11-15,7.12,7.23,7.12,7.2,,152600.0
2002-11-18,7.22,7.24,7.13,7.21,,105800.0
2002-11-19,7.2,7.2,7.05,7.09,,242900.0
2002-11-20,7.09,7.19,7.09,7.19,,221200.0
2002-11-21,7.17,7.25,7.11,7.19,,290000.0
2002-11-22,7.18,7.22,7.1,7.11,,163800.0
2002-11-25,7.08,7.23,7.08,7.18,,182700.0
2002-11-26,7.17,7.21,7.1,7.17,,134000.0
2002-11-27,7.15,7.23,7.15,7.19,,186100.0
2002-11-29,7.18,7.19,7.14,7.14,,41500.0
2002-12-02,7.17,7.22,7.11,7.19,,205000.0
2002-12-03,7.18,7.31,7.18,7.28,,140700.0
2002-12-04,7.22,7.3,7.22,7.23,,124400.0
2002-12-05,7.24,7.3,7.23,7.25,,235400.0
2002-12-06,7.23,7.29,7.22,7.29,,131200.0
2002-12-09,7.27,7.33,7.21,7.21,,224900.0
2002-12-10,7.22,7.29,7.2,7.27,,201300.0
2002-12-11,7.23,7.37,7.23,7.37,,318000.0
2002-12-12,7.33,7.43,7.33,7.42,,267600.0
2002-12-13,7.42,7.47,7.36,7.37,,187500.0
2002-12-16,7.38,7.44,7.37,7.39,,284700.0
2002-12-17,7.39,7.41,7.28,7.35,,243400.0
2002-12-18,7.29,7.3,7.16,7.23,,270800.0
2002-12-19,7.21,7.26,7.14,7.19,,227300.0
2002-12-20,7.16,7.2,7.12,7.17,,360600.0
2002-12-23,7.19,7.19,7.12,7.18,,182800.0
2002-12-24,7.15,7.18,7.13,7.16,,60400.0
2002-12-26,7.16,7.2,7.13,7.13,,240100.0
2002-12-27,7.14,7.14,7.05,7.06,,184100.0
2002-12-30,7.04,7.11,7.04,7.08,,226200.0
2002-12-31,7.06,7.12,7.01,7.1,,333500.0
2003-01-02,7.12,7.16,7.05,7.16,,176700.0
2003-01-03,7.18,7.2,7.13,7.18,,363800.0
2003-01-06,7.18,7.3,7.18,7.29,,297900.0
2003-01-07,7.23,7.26,7.11,7.21,,426900.0
2003-01-08,7.21,7.25,7.17,7.18,,183100.0
2003-01-09,7.22,7.35,7.2,7.32,,376700.0
2003-01-10,7.34,7.35,7.26,7.29,,213400.0
2003-01-13,7.27,7.37,7.21,7.27,,310700.0
2003-01-14,7.26,7.35,7.26,7.33,,200800.0
2003-01-15,7.33,7.41,7.31,7.39,,183100.0
2003-01-16,7.36,7.49,7.36,7.42,,120000.0
2003-01-17,7.42,7.43,7.3,7.3,,149800.0
2003-01-21,7.3,7.33,7.27,7.3,,221300.0
2003-01-22,7.27,7.36,7.23,7.29,,230800.0
2003-01-23,7.3,7.32,7.26,7.28,,165200.0
2003-01-24,7.3,7.3,7.23,7.24,,139300.0
2003-01-27,7.2,7.28,7.09,7.15,,327200.0
2003-01-28,7.14,7.3,7.13,7.15,,267000.0
2003-01-29,7.14,7.3,7.13,7.15,,207000.0
2003-01-30,7.28,7.36,7.27,7.33,,190100.0
2003-01-31,7.33,7.55,7.33,7.53,,320400.0
2003-02-03,7.52,7.56,7.44,7.53,,191500.0
2003-02-04,7.5,7.66,7.48,7.61,,350500.0
2003-02-05,7.62,7.64,7.39,7.48,,303600.0
2003-02-06,7.46,7.47,7.37,7.46,,231000.0
2003-02-07,7.46,7.46,7.37,7.42,,135300.0
2003-02-10,7.38,7.48,7.33,7.4,,143900.0
2003-02-11,7.39,7.4,7.27,7.32,,216700.0
2003-02-12,7.3,7.34,7.12,7.13,,187100.0
2003-02-13,7.13,7.16,7.03,7.1,,370700.0
2003-02-14,7.06,7.14,7.01,7.05,,403900.0
2003-02-18,7.07,7.21,7.02,7.2,,171700.0
2003-02-19,7.2,7.28,7.19,7.21,,184800.0
2003-02-20,7.22,7.28,7.18,7.18,,152600.0
2003-02-21,7.19,7.32,7.18,7.27,,210700.0
2003-02-24,7.3,7.34,7.26,7.31,,422500.0
2003-02-25,7.33,7.4,7.32,7.35,,275300.0
2003-02-26,7.32,7.35,7.24,7.28,,227700.0
2003-02-27,7.32,7.39,7.24,7.27,,259800.0
2003-02-28,7.38,7.41,7.37,7.38,,465200.0
2003-03-03,7.47,7.58,7.46,7.54,,717300.0
2003-03-04,7.59,7.67,7.56,7.64,,614000.0
2003-03-05,7.61,7.71,7.61,7.62,,582800.0
2003-03-06,7.61,7.68,7.59,7.64,,261700.0
2003-03-07,7.63,7.7,7.57,7.6,,198300.0
2003-03-10,7.6,7.6,7.48,7.5,,401600.0
2003-03-11,7.52,7.57,7.45,7.47,,279500.0
2003-03-12,7.47,7.47,7.33,7.39,,325800.0
2003-03-13,7.43,7.44,7.36,7.38,,231700.0
2003-03-14,7.41,7.42,7.36,7.38,,310400.0
2003-03-17,7.35,7.5,7.34,7.49,,510200.0
2003-03-18,7.49,7.49,7.37,7.45,,399900.0
2003-03-19,7.46,7.52,7.41,7.5,,221000.0
2003-03-20,7.5,7.5,7.39,7.46,,406400.0
2003-03-21,7.51,7.51,7.4,7.4,,389300.0
2003-03-24,7.34,7.46,7.33,7.42,,270100.0
2003-03-25,7.42,7.5,7.41,7.42,,398000.0
2003-03-26,7.42,7.46,7.35,7.37,,212000.0
2003-03-27,7.37,7.49,7.37,7.46,,204500.0
2003-03-28,7.46,7.56,7.46,7.56,,340500.0
2003-03-31,7.54,7.65,7.53,7.63,,418300.0
2003-04-01,7.63,7.68,7.57,7.66,,251100.0
2003-04-02,7.69,7.7,7.63,7.67,,180800.0
2003-04-03,7.67,7.67,7.57,7.6,,288700.0
2003-04-04,7.59,7.66,7.57,7.61,,128100.0
2003-04-07,7.66,7.68,7.55,7.57,,183700.0
2003-04-08,7.55,7.65,7.54,7.62,,190900.0
2003-04-09,7.67,7.73,7.67,7.72,,361300.0
2003-04-10,7.73,7.75,7.7,7.73,,264400.0
2003-04-11,7.77,7.78,7.72,7.73,,121400.0
2003-04-14,7.75,7.79,7.71,7.73,,143900.0
2003-04-15,7.73,7.76,7.67,7.75,,187000.0
2003-04-16,7.76,7.77,7.63,7.65,,338600.0
2003-04-17,7.65,7.8,7.65,7.78,,146400.0
2003-04-21,7.78,7.83,7.75,7.81,,216400.0
2003-04-22,7.93,7.93,7.8,7.92,,336700.0
2003-04-23,7.93,7.93,7.81,7.83,,155000.0
2003-04-24,7.78,7.87,7.74,7.74,,202700.0
2003-04-25,7.75,7.75,7.63,7.71,,189700.0
2003-04-28,7.71,7.81,7.67,7.74,,213300.0
2003-04-29,7.75,7.75,7.63,7.65,,146500.0
2003-04-30,7.62,7.85,7.62,7.82,,341300.0
2003-05-01,7.81,7.88,7.79,7.87,,290000.0
2003-05-02,7.85,7.96,7.85,7.91,,227300.0
2003-05-05,7.97,7.97,7.84,7.9,,224700.0
2003-05-06,7.9,7.96,7.89,7.93,,187900.0
2003-05-07,7.95,7.95,7.89,7.89,,220400.0
2003-05-08,7.86,7.92,7.74,7.77,,353700.0
2003-05-09,7.77,7.81,7.74,7.77,,963600.0
2003-05-12,7.74,7.87,7.74,7.84,,501600.0
2003-05-13,7.85,7.85,7.76,7.76,,365500.0
2003-05-14,7.76,7.77,7.73,7.74,,302600.0
2003-05-15,7.78,7.78,7.72,7.75,,313100.0
2003-05-16,7.75,7.83,7.72,7.8,,339400.0
2003-05-19,7.77,7.83,7.75,7.77,,525600.0
2003-05-20,7.77,7.81,7.71,7.78,,227500.0
2003-05-21,7.77,7.88,7.77,7.88,,314900.0
2003-05-22,7.88,7.88,7.82,7.84,,191900.0
2003-05-23,7.85,8.13,7.82,8.13,,367800.0
2003-05-27,8.14,8.2,8.11,8.16,,299600.0
2003-05-28,8.13,8.18,8.09,8.11,,385100.0
2003-05-29,8.11,8.13,8.04,8.07,,274000.0
2003-05-30,8.11,8.23,8.08,8.23,,358000.0
2003-06-02,8.44,8.59,8.36,8.39,,672000.0
2003-06-03,8.42,8.46,8.37,8.44,,227500.0
2003-06-04,8.44,8.55,8.44,8.5,,177600.0
2003-06-05,8.43,8.43,8.26,8.28,,430400.0
2003-06-06,8.33,8.37,8.26,8.27,,159900.0
2003-06-09,8.27,8.31,8.23,8.23,,149700.0
2003-06-10,8.22,8.28,8.18,8.27,,151500.0
2003-06-11,8.25,8.46,8.25,8.41,,244800.0
2003-06-12,8.46,8.47,8.33,8.38,,149600.0
2003-06-13,8.37,8.46,8.35,8.38,,204900.0
2003-06-16,8.36,8.38,8.26,8.37,,360800.0
2003-06-17,8.39,8.45,8.34,8.38,,294700.0
2003-06-18,8.39,8.42,8.34,8.38,,277700.0
2003-06-19,8.42,8.48,8.39,8.43,,243100.0
2003-06-20,8.48,8.48,8.43,8.46,,206000.0
2003-06-23,8.46,8.48,8.4,8.41,,369900.0
2003-06-24,8.41,8.48,8.41,8.44,,310700.0
2003-06-25,8.46,8.52,8.42,8.51,,338200.0
2003-06-26,8.53,8.55,8.47,8.47,,275600.0
2003-06-27,8.49,8.49,8.35,8.38,,156400.0
2003-06-30,8.42,8.42,8.3,8.33,,202900.0
2003-07-01,8.33,8.35,8.28,8.32,,190800.0
2003-07-02,8.33,8.4,8.27,8.4,,249800.0
2003-07-03,8.36,8.4,8.34,8.39,,65200.0
2003-07-07,8.42,8.44,8.37,8.37,,161400.0
2003-07-08,8.34,8.36,8.3,8.3,,272900.0
2003-07-09,8.33,8.36,8.32,8.34,,204400.0
2003-07-10,8.36,8.36,8.24,8.28,,156700.0
2003-07-11,8.36,8.4,8.31,8.33,,184900.0
2003-07-14,8.38,8.39,8.27,8.29,,156100.0
2003-07-15,8.32,8.32,8.25,8.26,,163800.0
2003-07-16,8.35,8.41,8.28,8.3,,272000.0
2003-07-17,8.28,8.32,8.24,8.25,,234100.0
2003-07-18,8.23,8.32,8.16,8.24,,349800.0
2003-07-21,8.23,8.3,8.17,8.19,,349000.0
2003-07-22,8.21,8.22,8.15,8.18,,507000.0
2003-07-23,8.18,8.19,8.02,8.05,,361600.0
2003-07-24,8.03,8.08,7.92,7.95,,418000.0
2003-07-25,7.97,7.98,7.86,7.93,,246800.0
2003-07-28,7.94,8.03,7.88,7.97,,416500.0
2003-07-29,8.01,8.02,7.94,7.98,,537100.0
2003-07-30,7.99,8.01,7.85,7.96,,279200.0
2003-07-31,8.0,8.0,7.9,7.9,,210600.0
2003-08-01,7.9,7.92,7.82,7.89,,301700.0
2003-08-04,7.83,7.86,7.74,7.77,,507000.0
2003-08-05,7.8,7.89,7.77,7.77,,360800.0
2003-08-06,7.81,7.87,7.77,7.86,,367900.0
2003-08-07,7.85,7.9,7.77,7.88,,404100.0
2003-08-08,7.91,7.93,7.86,7.93,,158100.0
2003-08-11,7.95,8.03,7.94,8.03,,481200.0
2003-08-12,8.02,8.08,8.02,8.05,,431400.0
2003-08-13,8.1,8.16,8.04,8.12,,276800.0
2003-08-14,8.09,8.14,8.09,8.14,,539100.0
2003-08-15,8.15,8.17,8.13,8.16,,85000.0
2003-08-18,8.19,8.2,8.15,8.17,,168600.0
2003-08-19,8.12,8.19,8.12,8.14,,175200.0
2003-08-20,8.14,8.18,8.13,8.14,,250300.0
2003-08-21,8.18,8.18,8.14,8.16,,247300.0
2003-08-22,8.13,8.2,8.04,8.06,,446300.0
2003-08-25,8.06,8.1,8.06,8.1,,127200.0
2003-08-26,8.1,8.11,8.03,8.1,,122200.0
2003-08-27,8.09,8.14,8.07,8.09,,155200.0
2003-08-28,8.11,8.19,8.04,8.16,,217700.0
2003-08-29,8.15,8.16,8.09,8.13,,190100.0
2003-09-02,8.13,8.16,8.1,8.15,,374600.0
2003-09-03,8.19,8.23,8.15,8.22,,185900.0
2003-09-04,8.21,8.23,8.18,8.2,,177700.0
2003-09-05,8.19,8.21,8.16,8.19,,158500.0
2003-09-08,8.21,8.29,8.19,8.27,,145600.0
2003-09-09,8.27,8.31,8.23,8.26,,197600.0
2003-09-10,8.27,8.27,8.2,8.24,,287200.0
2003-09-11,8.28,8.31,8.25,8.28,,278300.0
2003-09-12,8.26,8.3,8.23,8.29,,315600.0
2003-09-15,8.27,8.27,8.24,8.27,,205400.0
2003-09-16,8.26,8.27,8.24,8.25,,208400.0
2003-09-17,8.22,8.24,8.19,8.2,,207100.0
2003-09-18,8.23,8.23,8.18,8.2,,425000.0
2003-09-19,8.2,8.24,8.18,8.21,,417200.0
2003-09-22,8.2,8.3,8.19,8.27,,344700.0
2003-09-23,8.28,8.52,8.27,8.49,,674900.0
2003-09-24,8.53,8.58,8.48,8.49,,571500.0
2003-09-25,8.48,8.52,8.47,8.48,,410200.0
2003-09-26,8.49,8.5,8.43,8.48,,207200.0
2003-09-29,8.48,8.49,8.42,8.45,,412700.0
2003-09-30,8.45,8.5,8.42,8.47,,412900.0
2003-10-01,8.46,8.5,8.44,8.47,,587600.0
2003-10-02,8.46,8.46,8.44,8.45,,382400.0
2003-10-03,8.45,8.51,8.45,8.49,,432400.0
2003-10-06,8.49,8.56,8.47,8.55,,291900.0
2003-10-07,8.57,8.59,8.53,8.57,,234400.0
2003-10-08,8.57,8.57,8.47,8.54,,273000.0
2003-10-09,8.55,8.59,8.5,8.54,,207900.0
2003-10-10,8.56,8.64,8.53,8.61,,231200.0
2003-10-13,8.59,8.65,8.59,8.63,,76200.0
2003-10-14,8.63,8.63,8.54,8.61,,198000.0
2003-10-15,8.6,8.6,8.51,8.53,,261500.0
2003-10-16,8.51,8.55,8.49,8.54,,391700.0
2003-10-17,8.46,8.57,8.41,8.45,,637000.0
2003-10-20,8.45,8.53,8.44,8.49,,371100.0
2003-10-21,8.49,8.49,8.45,8.46,,330400.0
2003-10-22,8.45,8.47,8.44,8.45,,199900.0
2003-10-23,8.45,8.48,8.38,8.45,,186200.0
2003-10-24,8.43,8.45,8.42,8.44,,201100.0
2003-10-27,8.44,8.46,8.42,8.44,,143100.0
2003-10-28,8.45,8.45,8.4,8.44,,167500.0
2003-10-29,8.49,8.53,8.43,8.5,,179100.0
2003-10-30,8.53,8.55,8.43,8.46,,190600.0
2003-10-31,8.48,8.53,8.46,8.49,,235100.0
2003-11-03,8.51,8.57,8.46,8.49,,179200.0
2003-11-04,8.46,8.46,8.29,8.3,,646700.0
2003-11-05,8.29,8.46,8.23,8.46,,371400.0
2003-11-06,8.47,8.48,8.43,8.45,,184100.0
2003-11-07,8.49,8.57,8.45,8.47,,197700.0
2003-11-10,8.49,8.52,8.43,8.45,,194100.0
2003-11-11,8.41,8.47,8.41,8.47,,131200.0
2003-11-12,8.46,8.53,8.46,8.53,,175800.0
2003-11-13,8.53,8.53,8.47,8.49,,220700.0
2003-11-14,8.47,8.52,8.46,8.51,,174400.0
2003-11-17,8.5,8.5,8.44,8.48,,115800.0
2003-11-18,8.48,8.52,8.45,8.46,,168400.0
2003-11-19,8.46,8.5,8.45,8.46,,142300.0
2003-11-20,8.46,8.5,8.44,8.44,,155300.0
2003-11-21,8.45,8.47,8.44,8.46,,97700.0
2003-11-24,8.48,8.56,8.47,8.56,,245000.0
2003-11-25,8.61,8.61,8.51,8.61,,127400.0
2003-11-26,8.6,8.61,8.52,8.57,,100700.0
2003-11-28,8.59,8.59,8.55,8.55,,53300.0
2003-12-01,8.59,8.72,8.59,8.71,,175700.0
2003-12-02,8.68,8.75,8.66,8.75,,208500.0
2003-12-03,8.75,8.75,8.59,8.6,,149100.0
2003-12-04,8.58,8.71,8.58,8.71,,177100.0
2003-12-05,8.73,8.75,8.69,8.75,,316600.0
2003-12-08,8.76,8.89,8.74,8.89,,198000.0
2003-12-09,8.89,8.9,8.84,8.86,,184600.0
2003-12-10,8.84,8.95,8.84,8.92,,265700.0
2003-12-11,8.92,8.94,8.89,8.94,,164000.0
2003-12-12,8.94,8.95,8.85,8.93,,156200.0
2003-12-15,8.98,9.01,8.9,8.92,,182800.0
2003-12-16,8.97,9.01,8.9,8.92,,242700.0
2003-12-17,8.95,8.97,8.88,8.91,,191100.0
2003-12-18,8.94,8.98,8.92,8.92,,285300.0
2003-12-19,8.92,8.92,8.86,8.92,,217800.0
2003-12-22,8.9,8.97,8.87,8.92,,185300.0
2003-12-23,8.93,8.96,8.88,8.92,,106500.0
2003-12-24,8.93,9.01,8.91,8.95,,68400.0
2003-12-26,8.92,9.0,8.92,8.96,,44700.0
2003-12-29,8.99,9.01,8.95,8.98,,180300.0
2003-12-30,8.97,8.98,8.93,8.95,,152800.0
2003-12-31,8.98,8.98,8.87,8.91,,113400.0
2004-01-02,8.91,8.99,8.87,8.91,,103300.0
2004-01-05,8.93,9.0,8.93,8.98,,208500.0
2004-01-06,9.0,9.02,8.86,8.88,,282100.0
2004-01-07,8.86,8.88,8.79,8.87,,267600.0
2004-01-08,8.9,8.94,8.85,8.9,,197100.0
2004-01-09,8.88,8.99,8.88,8.95,,137800.0
2004-01-12,8.95,8.97,8.91,8.95,,133400.0
2004-01-13,8.92,8.97,8.91,8.92,,127200.0
2004-01-14,8.91,8.94,8.91,8.92,,103500.0
2004-01-15,8.9,8.94,8.83,8.86,,192900.0
2004-01-16,8.88,8.9,8.83,8.86,,129600.0
2004-01-20,8.88,9.1,8.86,9.05,,242400.0
2004-01-21,9.07,9.13,9.07,9.12,,167700.0
2004-01-22,9.13,9.23,9.12,9.13,,288900.0
2004-01-23,9.13,9.32,9.13,9.26,,280200.0
2004-01-26,9.26,9.32,9.22,9.31,,215900.0
2004-01-27,9.3,9.32,9.26,9.29,,263400.0
2004-01-28,9.29,9.32,9.19,9.19,,220600.0
2004-01-29,9.17,9.22,9.04,9.11,,122000.0
2004-01-30,9.11,9.12,8.96,9.11,,183600.0
2004-02-02,9.12,9.25,9.05,9.11,,165400.0
2004-02-03,9.15,9.28,9.12,9.17,,442000.0
2004-02-04,9.2,9.2,9.08,9.11,,180300.0
2004-02-05,9.09,9.16,9.02,9.11,,220100.0
2004-02-06,9.11,9.23,9.11,9.2,,197500.0
2004-02-09,9.29,9.32,9.27,9.28,,228800.0
2004-02-10,9.32,9.37,9.27,9.31,,198800.0
2004-02-11,9.32,9.32,9.21,9.24,,334400.0
2004-02-12,9.19,9.26,9.19,9.24,,173300.0
2004-02-13,9.27,9.28,9.11,9.15,,145100.0
2004-02-17,9.19,9.32,9.15,9.29,,223600.0
2004-02-18,9.34,9.34,9.2,9.2,,115800.0
2004-02-19,9.24,9.29,9.17,9.18,,162600.0
2004-02-20,9.19,9.19,8.98,9.0,,370300.0
2004-02-23,9.04,9.11,8.96,8.98,,352000.0
2004-02-24,8.98,9.01,8.9,8.94,,242000.0
2004-02-25,8.96,8.97,8.88,8.93,,325400.0
2004-02-26,8.95,9.0,8.92,8.95,,184000.0
2004-02-27,8.99,9.07,8.95,9.0,,337300.0
2004-03-01,9.03,9.14,9.03,9.12,,284900.0
2004-03-02,9.15,9.22,9.1,9.19,,358100.0
2004-03-03,9.17,9.23,9.15,9.19,,352100.0
2004-03-04,9.19,9.19,9.11,9.13,,135200.0
2004-03-05,9.12,9.21,9.11,9.15,,195800.0
2004-03-08,9.19,9.21,9.16,9.17,,183800.0
2004-03-09,9.13,9.17,9.12,9.13,,235700.0
2004-03-10,9.16,9.18,8.99,8.99,,229800.0
2004-03-11,8.96,9.05,8.89,8.9,,266300.0
2004-03-12,8.94,8.98,8.89,8.97,,249200.0
2004-03-15,8.93,9.02,8.93,8.98,,368500.0
2004-03-16,8.99,9.01,8.88,8.9,,371300.0
2004-03-17,8.93,9.04,8.91,8.99,,192900.0
2004-03-18,9.01,9.01,8.93,8.94,,224200.0
2004-03-19,8.92,8.96,8.85,8.85,,194600.0
2004-03-22,8.8,8.87,8.8,8.81,,239500.0
2004-03-23,8.84,8.94,8.82,8.93,,333500.0
2004-03-24,8.91,8.96,8.84,8.86,,351100.0
2004-03-25,8.84,8.93,8.84,8.92,,304900.0
2004-03-26,8.9,8.96,8.89,8.91,,270500.0
2004-03-29,8.92,9.02,8.92,9.01,,241300.0
2004-03-30,9.01,9.2,8.98,9.19,,326500.0
2004-03-31,9.24,9.29,9.18,9.28,,293000.0
2004-04-01,9.26,9.32,9.19,9.25,,434600.0
2004-04-02,9.27,9.3,9.25,9.29,,189100.0
2004-04-05,9.28,9.37,9.27,9.36,,178200.0
2004-04-06,9.35,9.42,9.35,9.41,,212600.0
2004-04-07,9.71,9.82,9.58,9.61,,538600.0
2004-04-08,9.7,9.74,9.58,9.61,,214400.0
2004-04-12,9.62,9.71,9.57,9.61,,248300.0
2004-04-13,9.63,9.73,9.45,9.48,,308300.0
2004-04-14,9.48,9.6,9.41,9.5,,315900.0
2004-04-15,9.61,9.73,9.61,9.67,,498300.0
2004-04-16,9.67,9.74,9.57,9.72,,325000.0
2004-04-19,9.72,9.76,9.67,9.73,,139200.0
2004-04-20,9.7,9.73,9.53,9.54,,328500.0
2004-04-21,9.54,9.61,9.47,9.59,,229100.0
2004-04-22,9.54,9.68,9.52,9.68,,194000.0
2004-04-23,9.64,9.75,9.64,9.74,,227300.0
2004-04-26,9.76,9.9,9.76,9.82,,237600.0
2004-04-27,9.85,9.92,9.81,9.83,,190900.0
2004-04-28,9.83,9.92,9.76,9.92,,323800.0
2004-04-29,9.92,9.98,9.86,9.91,,626600.0
2004-04-30,9.91,9.99,9.77,9.82,,465900.0
2004-05-03,9.84,9.87,9.74,9.82,,510800.0
2004-05-04,9.87,9.91,9.75,9.82,,515800.0
2004-05-05,9.81,9.91,9.65,9.89,,470500.0
2004-05-06,9.87,9.94,9.81,9.9,,256300.0
2004-05-07,9.87,9.88,9.74,9.76,,265900.0
2004-05-10,9.72,9.72,9.56,9.56,,423400.0
2004-05-11,9.59,9.71,9.57,9.67,,347500.0
2004-05-12,9.68,9.68,9.51,9.6,,453400.0
2004-05-13,9.64,9.75,9.61,9.69,,405000.0
2004-05-14,9.72,9.88,9.71,9.85,,199300.0
2004-05-17,9.84,9.92,9.8,9.87,,271300.0
2004-05-18,9.87,9.91,9.82,9.91,,345700.0
2004-05-19,9.92,9.97,9.86,9.88,,282700.0
2004-05-20,9.84,10.07,9.83,10.06,,607600.0
2004-05-21,10.04,10.1,9.98,10.0,,266300.0
2004-05-24,10.02,10.22,10.01,10.22,,392200.0
2004-05-25,10.19,10.26,10.15,10.18,,589900.0
2004-05-26,10.2,10.22,10.11,10.18,,287500.0
2004-05-27,10.19,10.19,10.08,10.12,,307100.0
2004-05-28,10.14,10.2,10.11,10.2,,213800.0
2004-06-01,10.23,10.38,10.23,10.26,,311900.0
2004-06-02,10.24,10.28,10.21,10.21,,414700.0
2004-06-03,10.18,10.25,10.11,10.11,,269000.0
2004-06-04,10.11,10.12,10.03,10.07,,183500.0
2004-06-07,10.08,10.21,10.06,10.16,,183200.0
2004-06-08,10.14,10.15,9.98,10.02,,537800.0
2004-06-09,10.01,10.06,9.97,10.02,,382800.0
2004-06-10,10.09,10.22,10.08,10.21,,247300.0
2004-06-14,10.22,10.31,10.21,10.23,,242400.0
2004-06-15,10.32,10.39,10.3,10.34,,313900.0
2004-06-16,10.39,10.43,10.38,10.41,,215600.0
2004-06-17,10.42,10.51,10.42,10.5,,182500.0
2004-06-18,10.47,10.56,10.46,10.53,,151400.0
2004-06-21,10.51,10.56,10.47,10.55,,191700.0
2004-06-22,10.56,10.63,10.53,10.62,,289900.0
2004-06-23,10.62,10.74,10.57,10.72,,181900.0
2004-06-24,10.75,10.82,10.75,10.76,,238400.0
2004-06-25,10.76,10.79,10.68,10.73,,241900.0
2004-06-28,10.72,10.79,10.66,10.75,,319000.0
2004-06-29,10.76,10.83,10.72,10.74,,326500.0
2004-06-30,10.74,10.9,10.74,10.89,,345900.0
2004-07-01,10.89,10.89,10.75,10.83,,522500.0
2004-07-02,10.8,10.88,10.77,10.83,,326500.0
2004-07-06,10.87,10.91,10.82,10.83,,211200.0
2004-07-07,10.85,10.87,10.79,10.85,,185900.0
2004-07-08,10.85,10.91,10.83,10.85,,187200.0
2004-07-09,10.86,10.88,10.81,10.83,,243600.0
2004-07-12,10.84,10.85,10.78,10.81,,142200.0
2004-07-13,10.81,10.82,10.68,10.75,,137000.0
2004-07-14,10.74,10.87,10.7,10.85,,240600.0
2004-07-15,11.06,11.08,10.79,10.82,,459900.0
2004-07-16,10.83,10.89,10.74,10.85,,239600.0
2004-07-19,10.89,10.97,10.84,10.89,,210200.0
2004-07-20,10.9,10.98,10.87,10.96,,207500.0
2004-07-21,11.06,11.06,10.86,10.86,,247300.0
2004-07-22,10.86,10.89,10.74,10.76,,288100.0
2004-07-23,10.76,10.78,10.65,10.65,,149900.0
2004-07-26,10.7,10.73,10.53,10.57,,187500.0
2004-07-27,10.57,10.61,10.51,10.59,,161800.0
2004-07-28,10.61,10.66,10.51,10.61,,249700.0
2004-07-29,10.62,10.8,10.6,10.76,,212300.0
2004-07-30,10.76,10.85,10.74,10.8,,124500.0
2004-08-02,10.8,10.84,10.67,10.84,,187000.0
2004-08-03,10.85,10.9,10.8,10.86,,141400.0
2004-08-04,10.86,10.86,10.7,10.75,,209600.0
2004-08-05,10.76,10.82,10.64,10.65,,232100.0
2004-08-06,10.65,10.65,10.52,10.59,,251000.0
2004-08-09,10.59,10.74,10.59,10.64,,123100.0
2004-08-10,10.66,10.75,10.66,10.74,,150500.0
2004-08-11,10.73,10.74,10.65,10.71,,178800.0
2004-08-12,10.73,10.75,10.66,10.67,,138900.0
2004-08-13,10.69,10.8,10.69,10.75,,124800.0
2004-08-16,10.72,10.85,10.72,10.8,,145800.0
2004-08-17,10.83,10.84,10.66,10.69,,194900.0
2004-08-18,10.71,10.81,10.64,10.81,,284700.0
2004-08-19,10.85,10.86,10.77,10.85,,192900.0
2004-08-20,10.87,10.96,10.85,10.89,,162400.0
2004-08-23,10.91,10.92,10.75,10.83,,162900.0
2004-08-24,10.83,10.89,10.78,10.82,,153600.0
2004-08-25,10.78,10.92,10.78,10.89,,139700.0
2004-08-26,10.88,10.94,10.83,10.92,,157600.0
2004-08-27,10.96,11.03,10.94,11.02,,132400.0
2004-08-30,11.01,11.05,10.95,10.99,,176900.0
2004-08-31,11.0,11.15,10.99,11.13,,208500.0
2004-09-01,11.13,11.29,11.13,11.13,,244300.0
2004-09-02,11.17,11.22,11.16,11.21,,145400.0
2004-09-03,11.22,11.24,11.14,11.22,,142900.0
2004-09-07,11.23,11.26,11.12,11.2,,203600.0
2004-09-08,11.22,11.22,11.12,11.2,,170400.0
2004-09-09,11.2,11.34,11.2,11.34,,161000.0
2004-09-10,11.34,11.36,11.23,11.26,,179200.0
2004-09-13,11.23,11.33,11.22,11.29,,129100.0
2004-09-14,11.31,11.33,11.23,11.24,,155700.0
2004-09-15,11.24,11.28,11.2,11.22,,105500.0
2004-09-16,11.22,11.26,11.22,11.25,,104600.0
2004-09-17,11.25,11.31,11.24,11.26,,302300.0
2004-09-20,11.27,11.38,11.2,11.31,,148800.0
2004-09-21,11.14,11.4,11.14,11.35,,288100.0
2004-09-22,11.35,11.35,11.19,11.28,,349100.0
2004-09-23,11.23,11.25,11.07,11.2,,245200.0
2004-09-24,11.25,11.3,11.21,11.24,,197100.0
2004-09-27,11.27,11.3,11.16,11.23,,178000.0
2004-09-28,11.26,11.45,11.26,11.42,,157900.0
2004-09-29,11.42,11.44,11.29,11.36,,217000.0
2004-09-30,11.37,11.57,11.35,11.53,,265000.0
2004-10-01,11.51,11.62,11.5,11.62,,179400.0
2004-10-04,11.62,11.64,11.55,11.61,,154800.0
2004-10-05,11.66,11.74,11.62,11.68,,215700.0
2004-10-06,11.69,11.77,11.69,11.76,,106100.0
2004-10-07,11.77,11.84,11.58,11.6,,171000.0
2004-10-08,11.6,11.68,11.54,11.58,,110500.0
2004-10-11,11.58,11.62,11.49,11.61,,122800.0
2004-10-12,11.55,11.64,11.52,11.53,,269700.0
2004-10-13,11.42,11.44,11.33,11.33,,486500.0
2004-10-14,11.34,11.69,11.34,11.57,,533900.0
2004-10-15,11.59,11.74,11.57,11.69,,121300.0
2004-10-18,11.76,11.76,11.54,11.56,,195000.0
2004-10-19,11.56,11.56,11.43,11.48,,177200.0
2004-10-20,11.53,11.72,11.51,11.65,,262800.0
2004-10-21,11.68,11.75,11.63,11.68,,181000.0
2004-10-22,11.69,11.71,11.58,11.58,,268600.0
2004-10-25,11.65,11.67,11.57,11.65,,356700.0
2004-10-26,11.69,11.72,11.57,11.62,,263800.0
2004-10-27,11.64,11.79,11.63,11.71,,424000.0
2004-10-28,11.71,11.73,11.54,11.59,,221200.0
2004-10-29,11.57,11.77,11.56,11.74,,350900.0
2004-11-01,11.79,11.89,11.68,11.85,,375900.0
2004-11-02,11.88,11.91,11.81,11.81,,370800.0
2004-11-03,11.9,12.02,11.89,11.99,,429500.0
2004-11-04,11.99,12.06,11.97,12.06,,327800.0
2004-11-05,12.06,12.09,11.98,12.03,,243700.0
2004-11-08,12.02,12.02,11.91,11.95,,237100.0
2004-11-09,11.94,11.96,11.86,11.88,,344500.0
2004-11-10,11.86,11.92,11.84,11.9,,289700.0
2004-11-11,11.91,11.97,11.88,11.91,,367700.0
2004-11-12,11.89,12.08,11.84,12.08,,237200.0
2004-11-15,12.07,12.08,11.89,12.02,,295000.0
2004-11-16,12.02,12.16,12.01,12.04,,221700.0
2004-11-17,12.05,12.22,12.05,12.1,,335400.0
2004-11-18,12.05,12.29,12.04,12.26,,243300.0
2004-11-19,12.29,12.32,12.17,12.22,,211300.0
2004-11-22,12.22,12.4,12.22,12.39,,278800.0
2004-11-23,12.41,12.51,12.36,12.47,,415000.0
2004-11-24,12.47,12.66,12.45,12.61,,167200.0
2004-11-26,12.63,12.75,12.63,12.65,,85200.0
2004-11-29,12.66,12.77,12.53,12.65,,244200.0
2004-11-30,12.65,12.79,12.65,12.72,,212100.0
2004-12-01,12.72,12.72,12.51,12.55,,467800.0
2004-12-02,12.55,12.55,12.37,12.4,,479100.0
2004-12-03,12.36,12.64,12.33,12.47,,416700.0
2004-12-06,12.52,12.55,12.39,12.46,,287100.0
2004-12-07,12.46,12.57,12.19,12.25,,329300.0
2004-12-08,12.25,12.45,12.08,12.43,,259000.0
2004-12-09,12.57,12.73,12.51,12.69,,389000.0
2004-12-10,12.67,12.73,12.57,12.63,,298600.0
2004-12-13,12.68,12.83,12.68,12.81,,230200.0
2004-12-14,12.88,12.89,12.76,12.8,,211900.0
2004-12-15,12.79,12.81,12.67,12.79,,395800.0
2004-12-16,12.89,12.89,12.61,12.71,,262300.0
2004-12-17,12.67,12.95,12.64,12.9,,614100.0
2004-12-20,12.89,12.91,12.73,12.78,,222700.0
2004-12-21,12.75,12.89,12.74,12.89,,162800.0
2004-12-22,12.92,12.99,12.83,12.83,,215100.0
2004-12-23,12.83,13.01,12.82,12.97,,136500.0
2004-12-27,12.99,12.99,12.77,12.79,,197300.0
2004-12-28,12.8,12.91,12.72,12.85,,152900.0
2004-12-29,12.87,13.01,12.86,12.96,,220300.0
2004-12-30,12.96,13.02,12.95,12.98,,95800.0
2004-12-31,12.97,13.07,12.94,12.96,,82200.0
2005-01-03,12.92,12.93,12.58,12.64,,311500.0
2005-01-04,12.62,12.68,12.52,12.54,,315200.0
2005-01-05,12.54,12.6,12.48,12.5,,299200.0
2005-01-06,12.5,12.8,12.49,12.71,,238700.0
2005-01-07,12.71,12.71,12.52,12.57,,226300.0
2005-01-10,12.61,12.69,12.56,12.6,,327500.0
2005-01-11,12.6,12.64,12.51,12.58,,291100.0
2005-01-12,12.6,12.67,12.51,12.64,,353400.0
2005-01-13,12.67,12.73,12.49,12.5,,318800.0
2005-01-14,12.51,12.54,12.44,12.49,,277200.0
2005-01-18,12.53,12.6,12.45,12.5,,602800.0
2005-01-19,12.46,12.52,12.29,12.36,,520900.0
2005-01-20,12.32,12.33,12.13,12.2,,701700.0
2005-01-21,12.26,12.29,12.18,12.22,,574200.0
2005-01-24,12.27,12.27,12.13,12.14,,456400.0
2005-01-25,12.17,12.29,12.04,12.06,,459600.0
2005-01-26,12.09,12.17,11.97,12.04,,769100.0
2005-01-27,12.01,12.12,11.92,12.08,,524000.0
2005-01-28,12.08,12.12,11.92,12.1,,472000.0
2005-01-31,12.1,12.25,12.06,12.19,,353000.0
2005-02-01,12.2,12.38,12.2,12.33,,332100.0
2005-02-02,12.35,12.45,12.26,12.32,,441500.0
2005-02-03,12.31,12.38,12.21,12.36,,345400.0
2005-02-04,12.38,12.42,12.3,12.42,,297700.0
2005-02-07,12.41,12.48,12.29,12.38,,189900.0
2005-02-08,12.36,12.4,12.29,12.36,,350200.0
2005-02-09,12.36,12.42,12.25,12.27,,291900.0
2005-02-10,12.34,12.36,12.22,12.33,,233900.0
2005-02-11,12.34,12.43,12.25,12.36,,235400.0
2005-02-14,12.39,12.49,12.36,12.48,,261300.0
2005-02-15,12.5,12.57,12.47,12.54,,186700.0
2005-02-16,12.59,12.73,12.53,12.73,,185500.0
2005-02-17,12.75,12.78,12.62,12.66,,279200.0
2005-02-18,12.68,12.79,12.67,12.7,,312400.0
2005-02-22,12.76,12.86,12.72,12.72,,410000.0
2005-02-23,12.74,12.78,12.62,12.67,,487400.0
2005-02-24,12.71,12.71,12.58,12.7,,336200.0
2005-02-25,12.75,12.88,12.72,12.8,,515500.0
2005-02-28,12.83,12.92,12.56,12.77,,371200.0
2005-03-01,12.77,12.86,12.67,12.78,,269200.0
2005-03-02,12.78,12.84,12.67,12.75,,291600.0
2005-03-03,12.82,12.94,12.74,12.85,,450000.0
2005-03-04,12.89,13.02,12.79,12.99,,202100.0
2005-03-07,12.99,13.01,12.88,12.98,,436100.0
2005-03-08,12.98,13.15,12.98,13.1,,228400.0
2005-03-09,13.12,13.17,12.85,12.86,,503200.0
2005-03-10,12.85,12.86,12.61,12.72,,192900.0
2005-03-11,12.67,12.83,12.66,12.7,,242300.0
2005-03-14,12.72,12.95,12.69,12.92,,336300.0
2005-03-15,12.94,13.0,12.72,12.74,,273000.0
2005-03-16,12.73,12.92,12.72,12.75,,150000.0
2005-03-17,12.8,12.84,12.73,12.78,,182100.0
2005-03-18,12.83,12.88,12.73,12.79,,206200.0
2005-03-21,12.79,12.8,12.66,12.74,,92100.0
2005-03-22,12.7,12.91,12.55,12.56,,375100.0
2005-03-23,12.48,12.48,12.05,12.29,,562300.0
2005-03-24,12.33,12.33,12.17,12.21,,390700.0
2005-03-28,12.21,12.31,12.17,12.22,,188700.0
2005-03-29,12.22,12.33,12.13,12.13,,241000.0
2005-03-30,12.15,12.27,12.09,12.21,,279700.0
2005-03-31,12.29,12.39,12.29,12.36,,277000.0
2005-04-01,12.44,12.51,12.35,12.47,,200400.0
2005-04-04,12.55,12.56,12.44,12.54,,223000.0
2005-04-05,12.51,12.69,12.47,12.66,,281200.0
2005-04-06,12.66,12.67,12.5,12.56,,241100.0
2005-04-07,12.56,12.7,12.54,12.67,,280400.0
2005-04-08,12.67,12.67,12.49,12.52,,202300.0
2005-04-11,12.5,12.51,12.39,12.39,,323500.0
2005-04-12,12.37,12.41,12.28,12.35,,296400.0
2005-04-13,12.32,12.36,12.2,12.21,,215400.0
2005-04-14,12.26,12.38,12.24,12.29,,340000.0
2005-04-15,12.27,12.33,12.12,12.13,,270700.0
2005-04-18,12.22,12.44,12.18,12.33,,316800.0
2005-04-19,12.34,12.5,12.25,12.43,,333700.0
2005-04-20,12.45,12.46,12.2,12.2,,182200.0
2005-04-21,12.27,12.39,12.19,12.34,,233000.0
2005-04-22,12.3,12.39,12.23,12.35,,226100.0
2005-04-25,12.4,12.53,12.39,12.53,,209000.0
2005-04-26,12.54,12.69,12.49,12.57,,267700.0
2005-04-27,12.58,12.58,12.36,12.45,,337700.0
2005-04-28,12.41,12.41,12.25,12.28,,235600.0
2005-04-29,12.28,12.4,12.24,12.4,,203700.0
2005-05-02,12.38,12.57,12.38,12.56,,186200.0
2005-05-03,12.53,12.86,12.53,12.78,,538400.0
2005-05-04,12.9,12.96,12.72,12.92,,496800.0
2005-05-05,12.92,13.07,12.89,12.92,,538300.0
2005-05-06,12.94,12.98,12.82,12.87,,270500.0
2005-05-09,12.88,13.13,12.87,13.09,,605000.0
2005-05-10,13.07,13.16,13.05,13.15,,377400.0
2005-05-11,13.13,13.25,13.03,13.23,,353800.0
2005-05-12,13.23,13.23,12.97,13.0,,409100.0
2005-05-13,12.98,13.01,12.71,12.82,,263200.0
2005-05-16,12.78,12.82,12.67,12.81,,360200.0
2005-05-17,12.78,12.88,12.75,12.87,,398000.0
2005-05-18,12.88,13.06,12.87,13.01,,285900.0
2005-05-19,12.99,13.02,12.9,12.96,,191000.0
2005-05-20,12.97,12.97,12.84,12.85,,177200.0
2005-05-23,12.89,13.06,12.86,13.04,,370400.0
2005-05-24,12.99,13.17,12.99,13.14,,394000.0
2005-05-25,13.14,13.18,13.06,13.09,,266500.0
2005-05-26,13.13,13.22,13.13,13.19,,297100.0
2005-05-27,13.19,13.48,13.19,13.4,,428100.0
2005-05-31,13.44,13.81,13.44,13.77,,1177100.0
2005-06-01,13.77,14.21,13.77,14.2,,708900.0
2005-06-02,14.15,14.4,14.15,14.4,,528000.0
2005-06-03,14.33,14.51,14.29,14.36,,485900.0
2005-06-06,14.37,14.42,14.18,14.27,,269500.0
2005-06-07,14.29,14.45,14.23,14.28,,416500.0
2005-06-08,14.28,14.33,14.23,14.28,,266500.0
2005-06-09,14.32,14.32,14.09,14.3,,336400.0
2005-06-10,14.4,14.46,14.27,14.44,,298800.0
2005-06-13,14.41,14.7,14.38,14.69,,282000.0
2005-06-14,14.66,14.7,14.59,14.65,,296100.0
2005-06-15,14.7,14.71,14.57,14.65,,203700.0
2005-06-16,14.63,14.79,14.62,14.79,,164900.0
2005-06-17,14.73,14.73,14.49,14.6,,630000.0
2005-06-20,14.59,14.68,14.52,14.68,,252000.0
2005-06-21,14.62,14.68,14.59,14.61,,217800.0
2005-06-22,14.61,14.68,14.57,14.64,,165600.0
2005-06-23,14.61,14.71,14.6,14.65,,174600.0
2005-06-24,14.63,14.8,14.62,14.67,,429000.0
2005-06-27,14.63,14.73,14.56,14.7,,208100.0
2005-06-28,14.71,14.86,14.71,14.86,,296200.0
2005-06-29,14.88,14.91,14.73,14.77,,338200.0
2005-06-30,14.78,14.81,14.68,14.73,,313600.0
2005-07-01,14.73,14.88,14.73,14.87,,197400.0
2005-07-05,14.93,15.09,14.93,15.06,,184100.0
2005-07-06,15.12,15.14,14.93,14.95,,179700.0
2005-07-07,14.8,15.06,14.8,15.05,,209600.0
2005-07-08,15.05,15.27,15.05,15.25,,182700.0
2005-07-11,15.25,15.3,15.22,15.3,,188500.0
2005-07-12,15.3,15.38,15.27,15.33,,197700.0
2005-07-13,15.34,15.37,15.14,15.17,,212500.0
2005-07-14,15.33,15.47,15.09,15.16,,275300.0
2005-07-15,15.17,15.27,15.11,15.21,,193500.0
2005-07-18,15.17,15.21,15.02,15.07,,132700.0
2005-07-19,15.11,15.12,15.0,15.08,,218300.0
2005-07-20,15.09,15.14,14.99,15.08,,253500.0
2005-07-21,15.1,15.1,14.85,14.99,,204400.0
2005-07-22,15.02,15.44,15.02,15.44,,268100.0
2005-07-25,15.37,15.5,15.34,15.45,,172100.0
2005-07-26,15.56,15.6,15.38,15.47,,164600.0
2005-07-27,15.42,15.65,15.41,15.65,,218600.0
2005-07-28,15.71,15.73,15.47,15.51,,380700.0
2005-07-29,15.56,15.66,15.35,15.39,,245800.0
2005-08-01,15.42,15.5,15.35,15.38,,141300.0
2005-08-02,15.38,15.68,15.38,15.66,,188000.0
2005-08-03,15.66,15.79,15.55,15.61,,159800.0
2005-08-04,15.55,15.64,15.47,15.48,,215700.0
2005-08-05,15.51,15.51,14.96,15.13,,285800.0
2005-08-08,15.16,15.23,15.01,15.03,,347700.0
2005-08-09,15.06,15.12,14.91,14.98,,434800.0
2005-08-10,15.04,15.14,14.94,15.03,,291300.0
2005-08-11,15.06,15.27,15.05,15.27,,260000.0
2005-08-12,15.26,15.3,15.14,15.24,,284700.0
2005-08-15,15.21,15.4,15.21,15.35,,272800.0
2005-08-16,15.32,15.42,15.21,15.22,,321500.0
2005-08-17,15.17,15.23,14.97,15.01,,281100.0
2005-08-18,14.95,15.08,14.83,15.04,,360500.0
2005-08-19,15.17,15.39,15.11,15.36,,286100.0
2005-08-22,15.37,15.48,15.33,15.45,,296500.0
2005-08-23,15.5,15.7,15.5,15.63,,390700.0
2005-08-24,15.69,15.94,15.66,15.81,,309500.0
2005-08-25,15.79,15.86,15.74,15.83,,202500.0
2005-08-26,15.83,15.86,15.68,15.69,,151100.0
2005-08-29,15.69,15.98,15.69,15.98,,243900.0
2005-08-30,16.0,16.15,15.93,16.13,,264800.0
2005-08-31,16.16,16.44,16.14,16.43,,316200.0
2005-09-01,16.48,16.68,16.48,16.6,,281400.0
2005-09-02,16.6,16.69,16.4,16.49,,187450.0
2005-09-06,16.63,16.97,16.63,16.96,,737900.0
2005-09-07,16.97,17.26,16.85,17.0,,572100.0
2005-09-08,17.0,17.06,16.87,16.87,,510200.0
2005-09-09,16.9,17.02,16.86,16.93,,545900.0
2005-09-12,16.95,17.02,16.86,16.88,,423800.0
2005-09-13,16.87,16.96,16.67,16.69,,530500.0
2005-09-14,16.76,16.83,16.67,16.69,,563700.0
2005-09-15,16.63,16.72,16.53,16.56,,779200.0
2005-09-16,16.56,16.83,16.52,16.78,,664900.0
2005-09-19,16.86,17.1,16.84,17.04,,435400.0
2005-09-20,17.0,17.24,16.87,17.07,,805100.0
2005-09-21,17.04,17.39,16.96,17.05,,553800.0
2005-09-22,17.05,17.07,16.7,16.86,,310200.0
2005-09-23,16.87,16.87,16.68,16.71,,361700.0
2005-09-26,16.71,16.72,16.55,16.67,,777500.0
2005-09-27,16.68,16.69,16.57,16.62,,390700.0
2005-09-28,16.65,17.07,16.6,17.07,,552600.0
2005-09-29,17.02,17.08,16.54,16.97,,860800.0
2005-09-30,16.95,17.19,16.93,17.03,,813300.0
2005-10-03,17.04,17.34,17.04,17.15,,584400.0
2005-10-04,17.49,17.95,17.1,17.1,,877900.0
2005-10-05,17.0,17.0,16.24,16.25,,662700.0
2005-10-06,16.39,16.94,16.04,16.53,,4482800.0
2005-10-07,16.7,17.0,16.64,16.92,,1723000.0
2005-10-10,16.96,16.96,16.42,16.44,,817800.0
2005-10-11,16.5,16.67,16.36,16.44,,644400.0
2005-10-12,16.48,16.54,15.97,16.05,,612600.0
2005-10-13,15.95,15.95,15.04,15.53,,1370500.0
2005-10-14,15.53,15.91,15.26,15.9,,554400.0
2005-10-17,16.69,16.69,16.02,16.06,,845900.0
2005-10-18,16.08,16.16,15.74,15.75,,474000.0
2005-10-19,15.69,15.9,15.26,15.88,,485400.0
2005-10-20,16.5,16.63,15.49,15.68,,934900.0
2005-10-21,15.8,16.12,15.69,15.88,,756800.0
2005-10-24,15.95,16.28,15.88,16.27,,638900.0
2005-10-25,16.26,16.5,16.15,16.48,,533800.0
2005-10-26,16.42,16.55,16.17,16.26,,395100.0
2005-10-27,16.22,16.39,15.96,16.04,,591200.0
2005-10-28,16.15,16.74,16.05,16.71,,675900.0
2005-10-31,16.75,17.05,16.64,16.85,,710800.0
2005-11-01,16.83,16.97,16.7,16.7,,932300.0
2005-11-02,16.66,16.94,16.63,16.93,,535800.0
2005-11-03,16.92,16.99,16.52,16.89,,683700.0
2005-11-04,16.87,16.93,16.54,16.66,,333800.0
2005-11-07,16.66,16.8,16.39,16.51,,380200.0
2005-11-08,16.44,16.66,16.29,16.38,,698700.0
2005-11-09,16.22,16.52,16.14,16.2,,1671800.0
2005-11-10,16.16,16.25,15.82,16.08,,730100.0
2005-11-11,16.05,16.23,15.85,16.06,,504800.0
2005-11-14,16.09,16.35,16.02,16.3,,505200.0
2005-11-15,16.17,16.36,16.04,16.07,,476100.0
2005-11-16,16.1,16.21,16.0,16.21,,453800.0
2005-11-17,16.32,16.5,16.11,16.22,,567400.0
2005-11-18,16.28,16.34,16.11,16.32,,711200.0
2005-11-21,16.34,16.57,16.2,16.57,,760900.0
2005-11-22,16.57,16.68,16.44,16.67,,594900.0
2005-11-23,16.65,16.8,16.53,16.74,,397200.0
2005-11-25,16.78,16.94,16.74,16.94,,196900.0
2005-11-28,16.92,16.92,16.6,16.6,,595500.0
2005-11-29,16.61,16.78,16.49,16.52,,607900.0
2005-11-30,16.6,16.7,16.38,16.39,,814500.0
2005-12-01,16.43,16.75,16.39,16.75,,857200.0
2005-12-02,16.77,16.77,16.46,16.69,,688100.0
2005-12-05,16.66,16.83,16.47,16.49,,816300.0
2005-12-06,16.56,16.63,16.35,16.4,,895200.0
2005-12-07,16.44,16.59,16.24,16.37,,601500.0
2005-12-08,16.38,16.48,16.23,16.46,,628200.0
2005-12-09,16.54,16.56,16.25,16.33,,634200.0
2005-12-12,16.46,16.6,16.39,16.57,,819900.0
2005-12-13,16.62,16.81,16.57,16.74,,708300.0
2005-12-14,16.85,17.32,16.85,17.23,,1155200.0
2005-12-15,17.23,17.26,16.96,17.12,,497400.0
2005-12-16,17.27,17.29,16.22,16.26,,3588900.0
2005-12-19,16.27,16.31,16.01,16.17,,1180000.0
2005-12-20,16.16,16.42,16.14,16.39,,1117400.0
2005-12-21,16.4,16.49,16.28,16.36,,657800.0
2005-12-22,16.36,16.48,16.28,16.36,,580400.0
2005-12-23,16.39,16.46,16.32,16.39,,502800.0
2005-12-27,16.34,16.34,16.04,16.08,,465900.0
2005-12-28,16.15,16.23,15.97,16.06,,525100.0
2005-12-29,16.25,16.32,16.0,16.04,,354600.0
2005-12-30,15.93,16.14,15.78,16.08,,500000.0
2006-01-03,16.14,16.56,16.13,16.49,,537300.0
2006-01-04,16.43,16.76,16.38,16.7,,807500.0
2006-01-05,16.74,16.79,16.51,16.68,,715100.0
2006-01-06,16.81,16.89,16.65,16.89,,743500.0
2006-01-09,16.96,17.07,16.72,16.81,,942000.0
2006-01-10,16.77,17.06,16.71,17.04,,505100.0
2006-01-11,17.02,17.1,16.91,17.08,,631000.0
2006-01-12,17.03,17.05,16.74,16.76,,584300.0
2006-01-13,16.73,16.93,16.73,16.85,,321800.0
2006-01-17,16.81,16.99,16.79,16.98,,471600.0
2006-01-18,16.77,16.94,16.66,16.78,,652800.0
2006-01-19,16.79,16.79,16.6,16.72,,712100.0
2006-01-20,16.74,16.93,16.74,16.79,,591600.0
2006-01-23,16.85,16.86,16.57,16.63,,478400.0
2006-01-24,16.6,16.72,16.48,16.7,,513700.0
2006-01-25,16.69,16.69,16.46,16.57,,722900.0
2006-01-26,16.57,16.57,15.7,15.87,,1852400.0
2006-01-27,15.89,16.23,15.81,16.1,,1145300.0
2006-01-30,16.1,16.19,15.96,16.09,,826400.0
2006-01-31,16.09,16.24,16.02,16.17,,1227800.0
2006-02-01,16.15,16.3,16.0,16.01,,653600.0
2006-02-02,15.91,16.07,15.85,15.99,,689600.0
2006-02-03,15.91,16.03,15.9,15.97,,479100.0
2006-02-06,15.96,16.11,15.91,15.92,,801200.0
2006-02-07,15.94,15.94,15.71,15.72,,702300.0
2006-02-08,15.92,15.92,15.56,15.58,,1206300.0
2006-02-09,15.55,15.73,15.45,15.45,,689900.0
2006-02-10,15.42,15.51,15.28,15.32,,653000.0
2006-02-13,15.27,15.45,15.22,15.4,,548700.0
2006-02-14,15.31,15.32,15.01,15.11,,919700.0
2006-02-15,15.09,15.29,15.07,15.12,,676300.0
2006-02-16,15.15,15.37,15.09,15.37,,676900.0
2006-02-17,15.37,15.6,15.32,15.47,,562300.0
2006-02-21,15.47,15.64,15.44,15.49,,375900.0
2006-02-22,15.45,15.61,15.43,15.61,,615800.0
2006-02-23,15.57,15.72,15.44,15.54,,442900.0
2006-02-24,15.63,15.85,15.6,15.74,,660600.0
2006-02-27,15.94,16.12,15.9,15.94,,1456700.0
2006-02-28,15.93,16.04,15.85,16.03,,1150300.0
2006-03-01,16.1,16.1,15.91,16.01,,903100.0
2006-03-02,16.03,16.45,16.03,16.29,,1361600.0
2006-03-03,16.27,16.35,16.17,16.2,,499700.0
2006-03-06,16.2,16.33,16.1,16.14,,716700.0
2006-03-07,16.1,16.16,16.03,16.1,,1148700.0
2006-03-08,16.06,16.13,15.53,15.93,,1490100.0
2006-03-09,15.98,16.06,15.9,15.92,,560400.0
2006-03-10,15.91,16.09,15.82,15.98,,463800.0
2006-03-13,16.07,16.09,15.92,15.95,,622800.0
2006-03-14,15.9,16.17,15.88,16.15,,553200.0
2006-03-15,16.09,16.16,16.01,16.11,,500700.0
2006-03-16,16.09,16.57,16.07,16.54,,693900.0
2006-03-17,16.66,16.7,16.58,16.65,,1172900.0
2006-03-20,16.62,16.65,16.35,16.44,,693300.0
2006-03-21,16.44,16.44,16.07,16.13,,754300.0
2006-03-22,16.18,16.2,15.98,16.11,,611900.0
2006-03-23,16.08,16.13,15.96,15.97,,668000.0
2006-03-24,15.97,16.11,15.86,16.02,,446500.0
2006-03-27,16.0,16.09,15.92,16.0,,361000.0
2006-03-28,15.94,16.1,15.87,16.05,,1049500.0
2006-03-29,16.13,16.35,16.06,16.25,,637500.0
2006-03-30,16.27,16.28,16.11,16.15,,286800.0
2006-03-31,16.15,16.21,15.93,16.1,,761300.0
2006-04-03,16.07,16.32,16.0,16.14,,764100.0
2006-04-04,16.09,16.09,15.87,16.0,,786000.0
2006-04-05,15.99,16.2,15.89,16.09,,511100.0
2006-04-06,16.11,16.24,16.07,16.18,,522800.0
2006-04-07,16.17,16.19,15.92,15.94,,508200.0
2006-04-10,15.93,16.05,15.89,15.94,,545700.0
2006-04-11,15.91,15.94,15.57,15.63,,1037500.0
2006-04-12,15.59,15.68,15.44,15.49,,550500.0
2006-04-13,15.46,15.52,15.41,15.43,,709400.0
2006-04-17,15.41,15.54,15.4,15.51,,385300.0
2006-04-18,15.5,15.81,15.49,15.79,,903000.0
2006-04-19,15.81,16.02,15.81,16.0,,479100.0
2006-04-20,15.99,16.09,15.83,15.97,,419100.0
2006-04-21,16.08,16.19,16.01,16.17,,590800.0
2006-04-24,16.17,16.27,16.09,16.2,,1014800.0
2006-04-25,16.2,16.21,15.98,15.98,,967000.0
2006-04-26,16.0,16.06,15.8,15.92,,902800.0
2006-04-27,15.85,16.06,15.52,15.76,,641700.0
2006-04-28,15.74,15.95,15.6,15.66,,666000.0
2006-05-01,15.66,15.81,15.59,15.67,,686500.0
2006-05-02,15.64,15.71,15.55,15.61,,690300.0
2006-05-03,15.6,15.66,15.46,15.6,,797600.0
2006-05-04,15.58,15.75,15.57,15.57,,393000.0
2006-05-05,15.6,15.72,15.58,15.71,,495200.0
2006-05-08,15.71,15.8,15.56,15.71,,468800.0
2006-05-09,15.68,15.74,15.58,15.68,,459900.0
2006-05-10,15.7,15.8,15.53,15.58,,594500.0
2006-05-11,15.54,15.61,15.47,15.53,,760800.0
2006-05-12,15.51,15.6,15.35,15.39,,926700.0
2006-05-15,15.38,15.46,15.14,15.33,,575700.0
2006-05-16,15.38,15.47,15.24,15.27,,645000.0
2006-05-17,15.32,15.36,14.94,15.0,,732100.0
2006-05-18,15.01,15.05,14.66,14.71,,782200.0
2006-05-19,14.77,14.86,14.5,14.74,,757300.0
2006-05-22,14.6,14.8,14.42,14.64,,1069600.0
2006-05-23,14.69,14.78,14.46,14.49,,1046200.0
2006-05-24,14.49,14.59,14.29,14.54,,942700.0
2006-05-25,14.62,14.84,14.55,14.78,,408800.0
2006-05-26,14.82,14.82,14.7,14.72,,406500.0
2006-05-30,14.91,15.2,14.8,14.83,,1060600.0
2006-05-31,14.8,15.06,14.8,14.93,,715100.0
2006-06-01,14.93,15.21,14.77,15.21,,1017000.0
2006-06-02,15.35,15.39,15.13,15.31,,482800.0
2006-06-05,15.24,15.43,15.21,15.26,,1119000.0
2006-06-06,15.25,15.3,14.81,14.91,,703500.0
2006-06-07,14.91,15.1,14.74,14.77,,508000.0
2006-06-08,14.75,14.86,14.52,14.82,,562000.0
2006-06-09,14.84,14.9,14.64,14.78,,477300.0
2006-06-12,14.78,14.81,14.59,14.62,,518400.0
2006-06-13,14.58,14.67,14.16,14.3,,850700.0
2006-06-14,14.3,14.39,14.13,14.36,,610900.0
2006-06-15,14.45,14.69,14.34,14.68,,638700.0
2006-06-16,14.82,14.84,14.5,14.69,,638800.0
2006-06-19,14.67,14.69,14.23,14.26,,558200.0
2006-06-20,14.25,14.32,14.02,14.19,,711600.0
2006-06-21,14.22,14.47,14.19,14.26,,600900.0
2006-06-22,14.21,14.25,14.02,14.1,,926100.0
2006-06-23,14.49,14.9,14.14,14.74,,1607400.0
2006-06-26,14.74,14.78,14.54,14.66,,563300.0
2006-06-27,14.83,15.02,14.78,14.95,,974900.0
2006-06-28,15.02,15.04,14.78,14.82,,635700.0
2006-06-29,14.91,14.92,14.64,14.86,,924900.0
2006-06-30,14.91,14.95,14.73,14.86,,920200.0
2006-07-03,14.94,14.97,14.79,14.96,,120100.0
2006-07-05,14.95,14.95,14.75,14.89,,830100.0
2006-07-06,14.87,15.0,14.83,14.93,,825500.0
2006-07-07,14.98,15.07,14.78,14.83,,465300.0
2006-07-10,14.9,15.18,14.89,15.07,,676500.0
2006-07-11,15.07,15.25,15.07,15.23,,751600.0
2006-07-12,15.17,15.29,15.1,15.16,,733300.0
2006-07-13,15.14,15.26,15.05,15.11,,1016700.0
2006-07-14,15.11,15.21,14.93,14.97,,951000.0
2006-07-17,14.93,14.95,14.58,14.64,,855400.0
2006-07-18,14.62,14.67,14.44,14.54,,672500.0
2006-07-19,14.52,15.07,14.49,15.06,,1063500.0
2006-07-20,15.04,15.21,14.82,14.84,,775700.0
2006-07-21,14.82,14.95,14.8,14.89,,843400.0
2006-07-24,14.93,15.18,14.91,15.15,,460900.0
2006-07-25,15.17,15.58,15.16,15.53,,1282800.0
2006-07-26,15.43,15.73,15.43,15.72,,1525200.0
2006-07-27,15.8,16.1,15.66,15.81,,1351300.0
2006-07-28,15.86,16.04,15.82,15.93,,698000.0
2006-07-31,15.88,16.04,15.88,15.98,,887100.0
2006-08-01,15.96,16.03,15.88,15.97,,645000.0
2006-08-02,16.0,16.09,15.81,15.87,,795500.0
2006-08-03,15.77,15.9,15.66,15.67,,605500.0
2006-08-04,15.76,15.84,15.64,15.83,,571700.0
2006-08-07,15.79,15.84,15.65,15.69,,518500.0
2006-08-08,15.68,15.86,15.62,15.74,,977200.0
2006-08-09,15.93,16.17,15.88,15.99,,745400.0
2006-08-10,15.94,16.0,15.72,15.99,,625100.0
2006-08-11,15.94,15.97,15.75,15.81,,629700.0
2006-08-14,15.82,15.88,15.66,15.75,,637700.0
2006-08-15,16.06,16.08,15.79,16.06,,735200.0
2006-08-16,16.15,16.33,16.06,16.11,,744600.0
2006-08-17,16.09,16.11,15.78,15.84,,407800.0
2006-08-18,15.83,15.96,15.82,15.92,,244300.0
2006-08-21,15.9,15.98,15.82,15.84,,373800.0
2006-08-22,15.82,15.91,15.75,15.89,,580100.0
2006-08-23,15.89,15.93,15.56,15.64,,512800.0
2006-08-24,15.67,15.76,15.56,15.74,,418200.0
2006-08-25,15.74,15.92,15.68,15.82,,372000.0
2006-08-28,15.8,15.98,15.69,15.94,,482600.0
2006-08-29,16.03,16.07,15.84,16.06,,966500.0
2006-08-30,16.09,16.18,15.94,16.15,,1040500.0
2006-08-31,16.17,16.48,16.17,16.46,,1104400.0
2006-09-01,16.46,16.65,16.37,16.46,,1059100.0
2006-09-05,16.48,16.71,16.38,16.67,,1540300.0
2006-09-06,16.58,16.73,16.36,16.44,,1511000.0
2006-09-07,16.38,16.54,16.24,16.3,,1082900.0
2006-09-08,16.27,16.36,16.09,16.11,,1031000.0
2006-09-11,16.05,16.16,15.77,15.89,,963900.0
2006-09-12,15.89,16.06,15.89,15.97,,416500.0
2006-09-13,15.93,16.14,15.93,16.08,,392300.0
2006-09-14,16.08,16.28,15.89,15.94,,845200.0
2006-09-15,16.0,16.02,15.82,15.87,,689600.0
2006-09-18,15.85,15.94,15.78,15.84,,1205900.0
2006-09-19,15.86,15.96,15.62,15.72,,974000.0
2006-09-20,15.71,15.75,15.54,15.58,,879400.0
2006-09-21,15.63,15.77,15.5,15.72,,975900.0
2006-09-22,15.7,15.74,15.45,15.48,,496800.0
2006-09-25,15.4,15.47,15.23,15.42,,836800.0
2006-09-26,15.39,15.57,15.39,15.56,,605200.0
2006-09-27,15.53,15.82,15.45,15.79,,841900.0
2006-09-28,15.83,15.88,15.6,15.64,,431500.0
2006-09-29,15.7,15.72,15.54,15.62,,480800.0
2006-10-02,15.59,15.92,15.55,15.92,,888100.0
2006-10-03,15.85,15.88,15.72,15.79,,781000.0
2006-10-04,15.75,16.06,15.7,16.06,,1082400.0
2006-10-05,16.06,16.31,16.04,16.31,,1273900.0
2006-10-06,16.27,16.31,16.04,16.12,,485400.0
2006-10-09,16.07,16.18,16.0,16.16,,348500.0
2006-10-10,16.17,16.3,16.11,16.19,,555800.0
2006-10-11,16.14,16.34,16.14,16.25,,452000.0
2006-10-12,16.3,16.3,16.17,16.29,,351900.0
2006-10-13,16.14,16.35,16.14,16.29,,435800.0
2006-10-16,16.24,16.63,16.24,16.57,,725900.0
2006-10-17,16.57,16.8,16.54,16.56,,669300.0
2006-10-18,16.59,16.67,16.46,16.49,,650600.0
2006-10-19,16.46,16.64,16.46,16.63,,768100.0
2006-10-20,16.63,16.87,16.54,16.85,,486500.0
2006-10-23,16.76,17.02,16.74,17.02,,667700.0
2006-10-24,16.96,17.38,16.92,17.32,,3012800.0
2006-10-25,17.31,17.89,17.24,17.86,,1918900.0
2006-10-26,18.19,18.91,17.5,18.59,,2968500.0
2006-10-27,18.53,18.58,18.21,18.27,,1478100.0
2006-10-30,18.14,18.14,17.92,18.0,,910400.0
2006-10-31,18.0,18.13,17.88,18.09,,522100.0
2006-11-01,18.15,18.15,17.88,18.06,,611000.0
2006-11-02,17.93,18.25,17.93,18.23,,504200.0
2006-11-03,18.28,18.57,18.01,18.13,,638900.0
2006-11-06,18.16,18.3,18.04,18.24,,423700.0
2006-11-07,18.21,18.35,18.15,18.2,,339800.0
2006-11-08,18.15,18.67,18.08,18.56,,559100.0
2006-11-09,18.61,18.7,18.49,18.54,,565000.0
2006-11-10,18.54,18.59,18.41,18.52,,237700.0
2006-11-13,18.59,18.66,18.47,18.63,,365800.0
2006-11-14,18.65,18.82,18.6,18.79,,408800.0
2006-11-15,18.82,19.08,18.8,19.05,,1033100.0
2006-11-16,19.09,19.18,18.98,19.05,,1184700.0
2006-11-17,19.03,19.03,18.63,18.98,,566600.0
2006-11-20,18.96,19.15,18.91,19.03,,522200.0
2006-11-21,19.11,19.11,18.91,19.05,,959700.0
2006-11-22,19.01,19.28,18.96,19.27,,553500.0
2006-11-24,19.21,19.45,19.21,19.44,,270400.0
2006-11-27,19.35,19.41,19.04,19.1,,536900.0
2006-11-28,19.07,19.39,19.04,19.38,,712600.0
2006-11-29,19.43,19.96,19.43,19.95,,891800.0
2006-11-30,19.88,19.9,19.42,19.47,,2162800.0
2006-12-01,19.45,19.62,19.25,19.59,,1671300.0
2006-12-04,19.59,19.7,19.34,19.43,,1175200.0
2006-12-05,19.47,19.67,19.39,19.66,,812500.0
2006-12-06,19.66,19.75,19.55,19.66,,886600.0
2006-12-07,19.66,19.7,19.48,19.5,,875600.0
2006-12-08,19.47,19.68,19.45,19.61,,434400.0
2006-12-11,19.57,19.62,19.51,19.56,,343900.0
2006-12-12,19.6,19.63,19.42,19.5,,316300.0
2006-12-13,19.59,19.69,19.53,19.6,,315000.0
2006-12-14,19.67,19.79,19.61,19.77,,317000.0
2006-12-15,19.77,19.78,19.58,19.6,,595500.0
2006-12-18,19.57,19.59,18.99,19.1,,1053400.0
2006-12-19,19.07,19.33,18.93,19.27,,323300.0
2006-12-20,19.24,19.29,19.04,19.07,,406200.0
2006-12-21,19.07,19.19,18.74,18.96,,543800.0
2006-12-22,18.97,19.03,18.75,18.84,,287300.0
2006-12-26,18.84,18.9,18.66,18.85,,199700.0
2006-12-27,18.92,19.04,18.79,19.04,,251700.0
2006-12-28,18.97,19.04,18.79,18.96,,376700.0
2006-12-29,18.92,19.0,18.67,18.74,,242400.0
2007-01-03,18.65,18.85,18.01,18.13,,1306400.0
2007-01-04,18.09,18.15,17.75,18.05,,882800.0
2007-01-05,17.69,18.08,17.65,17.8,,922300.0
2007-01-08,17.87,18.19,17.62,18.19,,1313400.0
2007-01-09,18.09,18.29,17.99,18.19,,615200.0
2007-01-10,18.14,18.27,18.05,18.27,,319400.0
2007-01-11,18.28,18.67,18.26,18.52,,865600.0
2007-01-12,18.46,18.83,18.46,18.78,,668000.0
2007-01-16,18.82,18.99,18.65,18.75,,739100.0
2007-01-17,18.74,18.94,18.68,18.91,,791500.0
2007-01-18,18.89,19.02,18.76,18.81,,632000.0
2007-01-19,18.84,19.07,18.77,18.99,,573800.0
2007-01-22,19.0,19.17,18.93,18.99,,593600.0
2007-01-23,18.95,19.36,18.95,19.27,,760300.0
2007-01-24,19.27,19.42,18.98,19.38,,368500.0
2007-01-25,19.35,19.61,19.19,19.46,,960800.0
2007-01-26,19.48,19.53,19.27,19.43,,719100.0
2007-01-29,19.41,19.43,19.1,19.15,,1328100.0
2007-01-30,19.22,19.46,19.17,19.45,,584900.0
2007-01-31,19.46,19.54,19.22,19.41,,635000.0
2007-02-01,19.38,19.55,19.32,19.44,,567500.0
2007-02-02,19.44,19.55,19.33,19.52,,376600.0
2007-02-05,19.49,19.62,19.4,19.59,,1130000.0
2007-02-06,19.6,19.72,19.53,19.57,,473500.0
2007-02-07,19.63,19.82,19.58,19.67,,431600.0
2007-02-08,19.61,19.91,19.59,19.91,,594200.0
2007-02-09,19.94,20.1,19.91,19.96,,629900.0
2007-02-12,19.96,19.96,19.36,19.81,,484900.0
2007-02-13,19.85,19.98,19.65,19.78,,605200.0
2007-02-14,19.86,20.0,19.73,19.77,,900700.0
2007-02-15,19.72,19.75,19.52,19.59,,1114000.0
2007-02-16,19.53,19.59,19.41,19.54,,424400.0
2007-02-20,19.45,19.66,19.4,19.64,,380400.0
2007-02-21,19.57,19.77,19.57,19.68,,409700.0
2007-02-22,19.71,19.91,19.6,19.89,,788500.0
2007-02-23,19.81,19.96,19.72,19.73,,783400.0
2007-02-26,19.73,20.06,19.73,19.75,,962100.0
2007-02-27,19.01,19.68,18.99,19.1,,951600.0
2007-02-28,19.13,19.46,18.95,19.27,,805700.0
2007-03-01,18.99,19.41,18.93,19.26,,769400.0
2007-03-02,19.22,19.22,18.91,18.96,,646000.0
2007-03-05,18.87,18.96,18.58,18.58,,823700.0
2007-03-06,18.68,18.95,18.64,18.85,,678200.0
2007-03-07,18.79,19.09,18.79,18.84,,645400.0
2007-03-08,19.04,19.45,18.99,19.42,,1041700.0
2007-03-09,19.54,20.01,19.48,19.7,,1463900.0
2007-03-12,19.65,19.94,19.55,19.79,,537700.0
2007-03-13,19.74,19.99,19.54,19.56,,862300.0
2007-03-14,19.64,19.7,19.12,19.36,,1492000.0
2007-03-15,19.37,19.99,19.35,19.97,,1360800.0
2007-03-16,19.93,20.12,19.82,19.88,,769300.0
2007-03-19,19.96,20.42,19.92,20.38,,728200.0
2007-03-20,20.74,21.02,20.53,20.99,,1210200.0
2007-03-21,21.05,21.29,20.88,21.2,,786200.0
2007-03-22,21.3,21.52,21.26,21.46,,721100.0
2007-03-23,21.46,21.48,21.26,21.4,,628100.0
2007-03-26,21.4,21.53,21.26,21.53,,569700.0
2007-03-27,21.4,21.46,21.1,21.29,,1206300.0
2007-03-28,21.27,21.46,21.21,21.25,,870000.0
2007-03-29,21.43,22.78,21.02,21.93,,3083700.0
2007-03-30,21.87,21.99,21.56,21.8,,1731400.0
2007-04-02,21.92,22.11,21.8,21.86,,1629900.0
2007-04-03,21.7,21.88,21.63,21.86,,843700.0
2007-04-04,21.94,22.07,21.79,22.07,,613100.0
2007-04-05,21.94,22.24,21.9,22.16,,972300.0
2007-04-09,22.15,22.45,22.07,22.1,,1041100.0
2007-04-10,22.11,22.42,22.06,22.34,,854300.0
2007-04-11,22.39,22.68,22.28,22.5,,871700.0
2007-04-12,22.37,22.53,22.18,22.48,,744600.0
2007-04-13,22.47,22.58,22.39,22.49,,389700.0
2007-04-16,22.64,22.82,22.61,22.71,,589800.0
2007-04-17,22.7,22.83,22.56,22.72,,725600.0
2007-04-18,22.59,22.77,22.47,22.69,,524500.0
2007-04-19,22.5,23.02,22.38,22.54,,495800.0
2007-04-20,22.65,22.69,22.45,22.58,,592300.0
2007-04-23,22.82,22.95,22.53,22.75,,637000.0
2007-04-24,22.68,23.02,22.57,23.02,,782900.0
2007-04-25,23.04,23.4,23.03,23.26,,637800.0
2007-04-26,23.12,24.08,23.09,23.79,,1521600.0
2007-04-27,23.79,23.92,23.6,23.83,,1009600.0
2007-04-30,23.79,23.9,23.42,23.46,,1326300.0
2007-05-01,23.5,23.61,23.26,23.47,,1177200.0
2007-05-02,23.28,23.62,23.28,23.45,,798200.0
2007-05-03,23.44,23.56,23.27,23.4,,701200.0
2007-05-04,23.77,23.77,23.29,23.64,,788000.0
2007-05-07,23.71,23.8,23.59,23.68,,358500.0
2007-05-08,23.71,23.75,23.34,23.72,,530100.0
2007-05-09,23.49,23.73,23.41,23.61,,739000.0
2007-05-10,23.5,23.55,23.22,23.27,,1053700.0
2007-05-11,23.31,23.5,23.2,23.44,,446100.0
2007-05-14,23.37,23.71,23.3,23.44,,531100.0
2007-05-15,23.51,23.9,23.36,23.41,,891300.0
2007-05-16,23.47,23.52,23.23,23.41,,445500.0
2007-05-17,23.32,23.41,23.13,23.32,,787700.0
2007-05-18,23.36,23.47,23.29,23.4,,445800.0
2007-05-21,23.0,23.9,23.0,23.61,,1055300.0
2007-05-22,23.6,23.76,23.53,23.61,,819500.0
2007-05-23,23.6,23.74,23.34,23.38,,376900.0
2007-05-24,23.28,23.48,22.76,22.78,,529100.0
2007-05-25,22.9,23.01,22.68,22.83,,436800.0
2007-05-29,22.88,22.96,22.54,22.9,,590800.0
2007-05-30,22.72,23.43,22.69,23.42,,1577000.0
2007-05-31,23.62,23.69,23.43,23.56,,1005500.0
2007-06-01,23.81,23.95,23.61,23.8,,856400.0
2007-06-04,23.78,24.25,23.78,24.24,,679400.0
2007-06-05,24.23,24.33,24.0,24.14,,738200.0
2007-06-06,24.1,24.12,23.71,23.72,,816400.0
2007-06-07,23.66,23.79,22.97,23.03,,945500.0
2007-06-08,23.13,23.31,22.9,23.25,,736200.0
2007-06-11,23.15,23.43,23.06,23.38,,598300.0
2007-06-12,23.32,23.48,23.05,23.1,,757600.0
2007-06-13,23.22,23.34,23.06,23.27,,558600.0
2007-06-14,23.26,23.66,23.16,23.55,,577900.0
2007-06-15,23.44,23.91,23.44,23.68,,570300.0
2007-06-18,23.74,23.76,23.44,23.58,,444000.0
2007-06-19,23.56,23.56,23.32,23.4,,810900.0
2007-06-20,23.38,23.58,22.87,22.89,,583600.0
2007-06-21,22.8,23.14,22.61,23.08,,642600.0
2007-06-22,23.04,23.04,22.43,22.61,,759800.0
2007-06-25,22.61,22.76,22.25,22.37,,751700.0
2007-06-26,22.48,22.52,22.08,22.12,,562000.0
2007-06-27,21.98,22.43,21.79,22.38,,574700.0
2007-06-28,22.48,22.82,22.41,22.53,,938200.0
2007-06-29,22.66,22.83,22.29,22.45,,599500.0
2007-07-02,22.74,23.09,22.57,23.0,,892200.0
2007-07-03,23.1,23.14,22.88,23.11,,235900.0
2007-07-05,23.21,23.28,22.87,23.18,,526900.0
2007-07-06,23.26,23.32,22.79,22.85,,517800.0
2007-07-09,22.88,23.03,22.64,22.84,,629200.0
2007-07-10,22.74,23.26,22.64,22.64,,1295200.0
2007-07-11,22.59,22.92,22.54,22.9,,670500.0
2007-07-12,23.02,23.36,23.02,23.33,,524500.0
2007-07-13,23.32,23.62,23.27,23.6,,274100.0
2007-07-16,23.49,23.55,23.05,23.09,,439300.0
2007-07-17,23.18,23.45,23.18,23.25,,452000.0
2007-07-18,23.18,23.44,23.14,23.39,,615200.0
2007-07-19,23.51,24.0,23.46,23.88,,709400.0
2007-07-20,23.88,24.18,23.71,23.71,,535100.0
2007-07-23,23.86,23.99,23.67,23.67,,346300.0
2007-07-24,23.42,23.51,22.46,22.58,,1082400.0
2007-07-25,22.76,22.97,22.26,22.69,,1046400.0
2007-07-26,22.41,22.58,21.16,21.61,,1894100.0
2007-07-27,21.59,21.63,20.98,21.07,,1514800.0
2007-07-30,21.05,21.83,20.98,21.66,,1345300.0
2007-07-31,21.83,22.14,21.34,21.34,,1788700.0
2007-08-01,21.4,22.1,21.38,22.1,,2002400.0
2007-08-02,22.34,22.67,22.18,22.57,,1378400.0
2007-08-03,22.92,22.92,21.99,22.01,,1271600.0
2007-08-06,22.04,22.35,21.28,22.35,,1515600.0
2007-08-07,22.63,23.29,22.2,23.16,,1376200.0
2007-08-08,23.64,24.5,23.44,24.02,,2578600.0
2007-08-09,23.41,24.75,23.27,23.75,,2863900.0
2007-08-10,23.24,24.2,23.2,23.69,,2092000.0
2007-08-13,23.61,23.88,22.84,22.98,,1111800.0
2007-08-14,23.24,23.43,22.69,22.73,,570800.0
2007-08-15,22.64,22.99,22.08,22.11,,953600.0
2007-08-16,22.06,22.06,20.27,21.57,,2189400.0
2007-08-17,22.39,22.62,21.46,21.75,,1574500.0
2007-08-20,21.73,22.1,21.63,21.97,,1298900.0
2007-08-21,21.97,22.93,21.83,22.45,,1900200.0
2007-08-22,22.72,22.87,22.47,22.71,,844200.0
2007-08-23,22.92,23.07,22.49,22.75,,705600.0
2007-08-24,22.86,23.18,22.64,23.18,,605700.0
2007-08-27,23.22,23.22,22.4,22.43,,775400.0
2007-08-28,22.34,22.48,21.85,21.85,,595500.0
2007-08-29,22.03,22.5,21.94,22.48,,500900.0
2007-08-30,22.28,22.79,22.12,22.38,,589800.0
2007-08-31,22.7,22.87,22.33,22.38,,623400.0
2007-09-04,22.48,23.34,22.37,23.14,,728800.0
2007-09-05,23.03,23.03,22.63,22.81,,415100.0
2007-09-06,22.93,23.27,22.72,22.9,,555600.0
2007-09-07,22.58,22.86,22.23,22.46,,588000.0
2007-09-10,22.46,22.64,22.03,22.43,,694900.0
2007-09-11,22.5,22.59,22.26,22.58,,868300.0
2007-09-12,22.57,22.75,22.34,22.53,,1256600.0
2007-09-13,22.76,22.79,22.33,22.4,,1073800.0
2007-09-14,22.29,22.5,22.27,22.36,,821900.0
2007-09-17,22.32,22.55,22.18,22.42,,1087100.0
2007-09-18,22.56,23.39,22.44,23.25,,1053600.0
2007-09-19,23.35,23.74,23.23,23.31,,684400.0
2007-09-20,23.41,23.49,23.1,23.16,,311800.0
2007-09-21,23.38,23.38,23.01,23.14,,800600.0
2007-09-24,23.11,23.28,23.08,23.17,,365900.0
2007-09-25,23.02,23.42,23.02,23.42,,630900.0
2007-09-26,23.4,23.78,23.34,23.54,,454100.0
2007-09-27,23.68,23.86,23.52,23.73,,357100.0
2007-09-28,23.84,23.85,23.46,23.59,,494100.0
2007-10-01,23.71,24.06,23.71,23.91,,464400.0
2007-10-02,23.84,24.09,23.79,24.05,,784000.0
2007-10-03,24.04,24.34,23.85,24.2,,725900.0
2007-10-04,24.25,24.48,23.92,24.41,,868100.0
2007-10-05,24.47,24.72,24.32,24.61,,1186600.0
2007-10-08,24.54,24.73,24.29,24.45,,628600.0
2007-10-09,24.63,24.88,24.49,24.88,,573500.0
2007-10-10,24.86,24.97,24.65,24.88,,593900.0
2007-10-11,25.02,25.42,25.01,25.36,,1095000.0
2007-10-12,25.37,25.79,25.23,25.73,,1245500.0
2007-10-15,25.72,25.78,25.36,25.56,,1047600.0
2007-10-16,25.5,25.6,24.71,24.92,,1287800.0
2007-10-17,25.44,25.44,24.48,24.86,,801800.0
2007-10-18,24.75,25.26,24.15,24.95,,845300.0
2007-10-19,24.95,24.99,24.1,24.16,,794500.0
2007-10-22,24.07,24.41,23.77,24.18,,850800.0
2007-10-23,24.12,24.35,23.92,24.18,,555300.0
2007-10-24,24.14,24.46,23.96,24.46,,734300.0
2007-10-25,24.56,25.39,24.3,25.18,,1289800.0
2007-10-26,25.36,25.45,25.07,25.17,,996200.0
2007-10-29,25.34,25.42,24.93,25.08,,1073900.0
2007-10-30,25.05,25.47,24.94,24.95,,736900.0
2007-10-31,25.01,25.62,24.99,25.62,,947500.0
2007-11-01,25.39,25.52,24.8,25.15,,1107300.0
2007-11-02,25.28,25.59,24.9,25.43,,611200.0
2007-11-05,25.23,25.46,25.04,25.16,,490500.0
2007-11-06,25.32,25.81,25.1,25.76,,842300.0
2007-11-07,25.49,25.6,25.03,25.04,,1085100.0
2007-11-08,25.08,25.19,24.53,24.79,,1609200.0
2007-11-09,24.58,24.82,24.27,24.38,,1104600.0
2007-11-12,24.36,24.37,23.69,23.75,,1537500.0
2007-11-13,24.01,24.41,23.82,24.37,,827800.0
2007-11-14,24.45,24.74,24.39,24.44,,888200.0
2007-11-15,24.29,24.59,24.19,24.3,,1274000.0
2007-11-16,24.45,24.63,23.98,24.38,,917100.0
2007-11-19,24.3,24.7,24.21,24.43,,704200.0
2007-11-20,24.39,24.78,24.31,24.69,,1028800.0
2007-11-21,24.57,24.83,24.49,24.64,,1177500.0
2007-11-23,24.61,24.8,24.32,24.39,,330900.0
2007-11-26,24.33,24.79,24.2,24.25,,968200.0
2007-11-27,24.1,24.29,23.54,23.73,,1287500.0
2007-11-28,23.93,24.17,23.67,24.12,,1178100.0
2007-11-29,24.06,24.12,23.66,23.96,,715900.0
2007-11-30,24.16,24.22,23.81,24.14,,1029700.0
2007-12-03,24.21,24.35,23.85,24.25,,665300.0
2007-12-04,24.04,24.42,23.99,24.26,,488700.0
2007-12-05,24.52,24.65,24.29,24.64,,600400.0
2007-12-06,24.66,24.97,24.55,24.97,,674300.0
2007-12-07,25.07,25.12,24.69,24.89,,794500.0
2007-12-10,24.96,25.18,24.87,25.09,,894400.0
2007-12-11,25.27,25.38,24.5,24.53,,1108000.0
2007-12-12,25.05,25.13,24.6,24.82,,795500.0
2007-12-13,24.71,24.79,24.47,24.76,,449200.0
2007-12-14,24.63,24.63,24.04,24.06,,844000.0
2007-12-17,24.01,24.05,23.66,23.71,,532500.0
2007-12-18,24.0,24.09,23.6,23.69,,823500.0
2007-12-19,23.56,23.98,23.54,23.87,,596000.0
2007-12-20,23.94,24.11,23.59,23.96,,562700.0
2007-12-21,23.93,24.35,23.85,24.25,,762000.0
2007-12-24,24.0,24.35,23.83,24.3,,514500.0
2007-12-26,24.08,24.38,23.91,24.25,,488900.0
2007-12-27,24.3,24.36,24.09,24.27,,860000.0
2007-12-28,24.41,24.79,24.22,24.53,,935800.0
2007-12-31,24.55,24.55,24.01,24.33,,555300.0
2008-01-02,24.27,24.74,24.21,24.72,,1008600.0
2008-01-03,24.68,25.1,24.58,24.69,,861800.0
2008-01-04,24.42,24.72,24.39,24.41,,699600.0
2008-01-07,24.43,24.59,24.26,24.37,,882100.0
2008-01-08,24.42,24.78,24.29,24.32,,726100.0
2008-01-09,24.3,24.96,24.17,24.89,,791000.0
2008-01-10,24.72,25.01,24.57,24.89,,808600.0
2008-01-11,24.46,25.16,24.43,25.13,,1031300.0
2008-01-14,25.31,25.59,25.29,25.47,,935000.0
2008-01-15,25.6,26.32,25.47,25.8,,2575900.0
2008-01-16,25.78,25.78,24.82,25.1,,1795700.0
2008-01-17,25.12,25.25,23.54,23.6,,2081600.0
2008-01-18,23.69,23.76,23.02,23.3,,1312300.0
2008-01-22,22.41,23.0,21.54,22.66,,1201800.0
2008-01-23,22.08,22.68,21.54,22.63,,1436100.0
2008-01-24,22.63,23.13,22.2,22.91,,1443300.0
2008-01-25,23.21,23.57,22.89,22.94,,1035600.0
2008-01-28,22.9,23.57,22.86,23.45,,844900.0
2008-01-29,23.59,23.88,23.44,23.87,,762200.0
2008-01-30,23.89,24.73,23.63,24.43,,1261500.0
2008-01-31,24.05,26.19,23.75,25.46,,2543600.0
2008-02-01,25.63,25.9,25.16,25.35,,1747600.0
2008-02-04,25.5,26.4,25.49,26.15,,1210600.0
2008-02-05,25.76,26.23,25.52,25.59,,1021100.0
2008-02-06,25.82,26.0,25.29,25.51,,1051200.0
2008-02-07,25.42,25.94,25.28,25.79,,860600.0
2008-02-08,25.68,26.37,25.62,26.19,,1041900.0
2008-02-11,26.3,27.08,25.82,27.06,,1023000.0
2008-02-12,27.02,27.05,26.43,26.61,,748000.0
2008-02-13,26.88,27.03,26.38,26.71,,815800.0
2008-02-14,26.8,27.22,26.78,27.0,,954400.0
2008-02-15,26.96,27.06,26.7,26.88,,724700.0
2008-02-19,27.37,27.38,27.13,27.19,,866000.0
2008-02-20,27.07,28.22,26.96,28.16,,1219800.0
2008-02-21,28.16,28.47,27.8,28.05,,1093700.0
2008-02-22,28.09,28.29,27.62,27.94,,916600.0
2008-02-25,27.98,28.52,27.84,28.36,,1517600.0
2008-02-26,28.28,28.95,28.1,28.62,,1074900.0
2008-02-27,28.37,28.84,28.26,28.67,,940200.0
2008-02-28,28.6,29.23,28.35,29.07,,951000.0
2008-02-29,28.93,29.06,28.05,28.25,,867200.0
2008-03-03,28.55,28.73,27.97,28.38,,1002000.0
2008-03-04,28.21,28.82,28.15,28.6,,1690900.0
2008-03-05,28.87,28.87,27.96,28.42,,1672500.0
2008-03-06,28.21,28.72,28.21,28.42,,1112700.0
2008-03-07,28.42,29.0,28.19,28.53,,1350600.0
2008-03-10,28.48,28.91,28.29,28.65,,2103800.0
2008-03-11,28.91,28.99,28.24,28.83,,1516700.0
2008-03-12,28.8,29.32,28.62,28.7,,1038500.0
2008-03-13,28.4,29.28,28.12,29.22,,1090700.0
2008-03-14,29.79,29.82,28.51,28.93,,2055700.0
2008-03-17,28.31,28.65,27.42,27.49,,1668800.0
2008-03-18,27.86,28.11,27.47,28.0,,1262800.0
2008-03-19,28.19,28.51,26.65,26.65,,1404900.0
2008-03-20,26.65,26.65,25.51,26.19,,1733600.0
2008-03-24,26.36,27.23,26.34,26.86,,1123300.0
2008-03-25,26.93,27.26,26.83,27.11,,910700.0
2008-03-26,27.08,27.54,26.96,27.18,,844300.0
2008-03-27,27.22,27.73,27.16,27.23,,898900.0
2008-03-28,27.4,27.45,26.56,26.59,,1080500.0
2008-03-31,26.69,27.1,26.35,27.0,,1254400.0
2008-04-01,27.41,27.65,27.02,27.37,,1163800.0
2008-04-02,27.17,28.04,27.17,27.8,,702700.0
2008-04-03,27.62,28.09,27.6,27.76,,901000.0
2008-04-04,27.83,28.32,27.71,27.73,,945700.0
2008-04-07,27.84,28.52,27.84,28.29,,782300.0
2008-04-08,28.37,28.96,28.34,28.79,,917100.0
2008-04-09,28.71,29.15,28.63,28.8,,835600.0
2008-04-10,28.79,28.91,28.61,28.84,,736000.0
2008-04-11,28.61,28.8,28.25,28.35,,681700.0
2008-04-14,28.29,28.86,28.29,28.84,,782200.0
2008-04-15,28.94,29.47,28.94,29.47,,845100.0
2008-04-16,29.68,30.54,29.52,30.39,,981400.0
2008-04-17,30.07,30.99,30.07,30.53,,1356400.0
2008-04-18,30.51,31.21,30.34,31.15,,1090400.0
2008-04-21,30.94,31.63,30.93,31.29,,616500.0
2008-04-22,31.22,31.81,31.19,31.48,,782100.0
2008-04-23,31.59,31.59,31.1,31.27,,1390900.0
2008-04-24,31.17,31.46,30.71,31.23,,1333200.0
2008-04-25,31.48,31.88,31.29,31.42,,1138000.0
2008-04-28,31.54,31.67,31.05,31.15,,563800.0
2008-04-29,31.04,31.05,30.31,30.38,,574800.0
2008-04-30,30.77,30.77,30.3,30.43,,1017000.0
2008-05-01,30.3,30.7,28.9,29.34,,1929800.0
2008-05-02,29.52,30.93,29.52,30.77,,1125400.0
2008-05-05,30.82,30.89,30.47,30.76,,837000.0
2008-05-06,30.43,31.7,30.26,31.49,,1466200.0
2008-05-07,31.84,33.09,31.75,32.78,,5939800.0
2008-05-08,32.77,33.48,32.6,33.48,,2158500.0
2008-05-09,33.21,33.64,32.81,33.48,,1299400.0
2008-05-12,33.45,33.5,32.89,33.04,,989400.0
2008-05-13,33.1,33.62,32.85,33.58,,714800.0
2008-05-14,33.71,33.78,33.11,33.46,,1137900.0
2008-05-15,33.54,33.74,33.01,33.23,,1089300.0
2008-05-16,33.32,33.5,33.17,33.33,,958200.0
2008-05-19,33.23,33.86,33.15,33.54,,762000.0
2008-05-20,33.5,34.25,33.43,34.24,,762500.0
2008-05-21,34.34,35.01,34.26,34.54,,1271100.0
2008-05-22,34.42,34.53,33.65,33.87,,977300.0
2008-05-23,33.87,34.13,32.82,33.08,,979300.0
2008-05-27,32.74,33.26,32.35,32.68,,1571400.0
2008-05-28,32.55,32.72,32.13,32.62,,1202600.0
2008-05-29,32.35,32.78,32.24,32.32,,1191900.0
2008-05-30,32.31,32.62,31.87,32.29,,1414900.0
2008-06-02,32.15,33.0,32.15,32.88,,1334300.0
2008-06-03,32.7,33.26,32.7,32.8,,1035200.0
2008-06-04,32.64,32.82,32.29,32.56,,895500.0
2008-06-05,32.96,33.67,32.52,33.67,,834900.0
2008-06-06,34.06,34.13,33.02,33.08,,588100.0
2008-06-09,33.07,33.74,32.9,33.67,,677500.0
2008-06-10,33.38,33.38,32.55,32.74,,790100.0
2008-06-11,32.76,33.06,32.29,32.34,,839900.0
2008-06-12,32.24,32.52,31.6,31.67,,1059100.0
2008-06-13,31.64,31.95,30.85,31.29,,1391700.0
2008-06-16,31.35,31.71,31.26,31.71,,789000.0
2008-06-17,31.68,32.49,31.51,32.4,,891100.0
2008-06-18,32.54,32.85,32.18,32.71,,1061300.0
2008-06-19,32.65,33.18,31.65,31.72,,1432900.0
2008-06-20,31.29,32.01,31.22,31.34,,1422500.0
2008-06-23,31.18,32.46,31.18,32.27,,943400.0
2008-06-24,32.17,32.48,31.1,31.25,,1320200.0
2008-06-25,31.26,31.51,30.79,31.5,,799700.0
2008-06-26,31.29,31.58,30.81,31.22,,1127900.0
2008-06-27,31.39,31.6,30.82,30.96,,1421600.0
2008-06-30,31.35,31.97,30.84,31.76,,966000.0
2008-07-01,31.53,32.19,30.9,31.94,,1211800.0
2008-07-02,31.93,32.8,31.77,31.84,,1268300.0
2008-07-03,32.09,32.09,30.58,30.84,,746100.0
2008-07-07,30.92,30.99,29.37,29.46,,1530000.0
2008-07-08,29.32,29.32,27.89,28.97,,2155900.0
2008-07-09,29.08,29.85,28.86,29.36,,1180100.0
2008-07-10,29.51,29.67,29.07,29.37,,1203100.0
2008-07-11,29.22,29.75,29.04,29.43,,1012200.0
2008-07-14,29.59,30.03,29.36,29.48,,1537100.0
2008-07-15,29.41,29.6,28.68,28.84,,1247400.0
2008-07-16,28.8,29.05,27.71,27.86,,1610500.0
2008-07-17,27.83,27.88,26.18,26.43,,1730200.0
2008-07-18,26.29,26.8,26.24,26.76,,1451900.0
2008-07-21,26.9,27.27,26.75,27.2,,1087400.0
2008-07-22,27.06,27.23,26.3,26.45,,1170900.0
2008-07-23,26.41,26.42,25.51,25.55,,1283900.0
2008-07-24,25.87,25.87,24.0,24.14,,5202400.0
2008-07-25,24.1,24.39,23.68,23.82,,2417200.0
2008-07-28,23.74,24.45,23.74,23.97,,1825000.0
2008-07-29,23.98,24.14,23.67,23.88,,2050900.0
2008-07-30,23.99,25.01,23.83,24.87,,1913400.0
2008-07-31,24.79,24.81,23.91,24.03,,1662500.0
2008-08-01,24.6,25.24,24.03,24.05,,1666100.0
2008-08-04,23.69,23.76,22.49,22.5,,2616900.0
2008-08-05,22.47,22.93,22.05,22.68,,1848400.0
2008-08-06,22.78,23.18,22.71,22.99,,1361300.0
2008-08-07,22.85,23.32,22.37,22.43,,1048200.0
2008-08-08,22.33,22.45,22.0,22.21,,1340200.0
2008-08-11,22.13,22.52,21.61,22.52,,2681100.0
2008-08-12,22.53,22.79,22.3,22.65,,1508300.0
2008-08-13,22.42,23.3,22.41,23.24,,2900700.0
2008-08-14,23.21,23.42,22.89,23.1,,1645600.0
2008-08-15,23.27,23.49,23.02,23.15,,792100.0
2008-08-18,23.3,23.43,22.73,22.9,,1195900.0
2008-08-19,22.92,23.26,22.79,23.02,,1129200.0
2008-08-20,23.21,23.44,22.8,23.3,,1403800.0
2008-08-21,23.29,24.35,23.29,24.13,,1630000.0
2008-08-22,24.09,24.09,23.04,23.32,,1470500.0
2008-08-25,23.28,23.44,22.76,22.94,,718600.0
2008-08-26,23.1,23.33,22.84,23.14,,1065300.0
2008-08-27,23.28,23.85,23.28,23.79,,1063000.0
2008-08-28,23.92,24.1,22.94,23.47,,1178700.0
2008-08-29,23.52,23.58,22.95,23.05,,577300.0
2008-09-02,22.03,22.35,21.71,21.84,,1159600.0
2008-09-03,21.76,22.15,20.81,21.24,,2210600.0
2008-09-04,21.31,21.57,20.17,20.68,,2660600.0
2008-09-05,20.7,20.7,20.11,20.43,,1751000.0
2008-09-08,20.86,20.99,20.28,20.53,,1507200.0
2008-09-09,20.28,20.34,19.11,19.12,,2303700.0
2008-09-10,19.22,19.89,19.03,19.72,,2010100.0
2008-09-11,19.53,19.73,19.01,19.45,,1964800.0
2008-09-12,19.49,20.36,19.49,19.96,,1396900.0
2008-09-15,19.44,19.44,18.21,18.23,,2289100.0
2008-09-16,18.17,19.01,17.23,18.85,,3117000.0
2008-09-17,18.53,18.7,17.44,17.75,,2802200.0
2008-09-18,18.11,18.67,17.65,18.45,,2282100.0
2008-09-19,19.63,22.72,18.6,19.85,,2462700.0
2008-09-22,19.71,20.14,19.41,19.41,,1598700.0
2008-09-23,19.39,19.87,18.59,18.79,,1312900.0
2008-09-24,18.86,19.15,18.46,18.57,,1382200.0
2008-09-25,18.59,19.02,18.41,18.92,,1660900.0
2008-09-26,18.56,18.73,17.99,18.43,,1000500.0
2008-09-29,18.05,18.07,15.53,16.53,,2703200.0
2008-09-30,16.68,17.12,16.39,16.94,,1662900.0
2008-10-01,16.66,16.95,16.15,16.4,,1210500.0
2008-10-02,16.18,16.23,14.69,14.81,,1657600.0
2008-10-03,15.01,15.38,14.11,14.31,,2762400.0
2008-10-06,13.84,13.86,11.44,12.28,,5001400.0
2008-10-07,12.4,12.74,11.3,11.4,,3896700.0
2008-10-08,11.16,11.95,10.44,11.28,,4660800.0
2008-10-09,11.48,11.96,10.48,10.62,,3985000.0
2008-10-10,10.12,10.91,9.57,10.62,,4348900.0
2008-10-13,11.56,13.14,11.09,13.14,,2641000.0
2008-10-14,14.12,14.26,11.97,12.48,,2097900.0
2008-10-15,12.42,12.42,10.48,10.6,,1776200.0
2008-10-16,10.65,11.78,10.37,11.77,,2849100.0
2008-10-17,11.33,12.94,11.33,11.93,,1615800.0
2008-10-20,12.19,13.66,12.12,13.64,,1513900.0
2008-10-21,13.41,13.69,12.8,12.96,,1968000.0
2008-10-22,12.47,12.66,11.22,11.65,,1496600.0
2008-10-23,11.89,13.39,11.76,12.88,,4777600.0
2008-10-24,11.55,13.45,11.11,13.12,,3031300.0
2008-10-27,12.77,13.93,12.48,12.58,,2831600.0
2008-10-28,12.94,13.93,12.44,13.93,,2297600.0
2008-10-29,14.04,15.39,13.98,15.06,,2528500.0
2008-10-30,15.3,15.81,14.48,15.72,,2378400.0
2008-10-31,15.7,16.27,15.2,16.03,,1617400.0
2008-11-03,15.88,16.16,14.54,14.66,,1898300.0
2008-11-04,15.19,15.96,14.95,15.54,,1932200.0
2008-11-05,15.27,15.88,14.96,14.99,,811700.0
2008-11-06,14.74,14.99,13.72,13.93,,950200.0
2008-11-07,14.15,14.69,14.02,14.61,,812100.0
2008-11-10,15.06,15.08,14.33,14.71,,1112800.0
2008-11-11,14.81,14.81,13.83,14.13,,971800.0
2008-11-12,13.74,13.95,13.15,13.28,,1361000.0
2008-11-13,13.5,14.54,12.63,14.54,,1704200.0
2008-11-14,14.09,14.76,13.7,13.95,,1323600.0
2008-11-17,13.7,14.42,13.41,13.88,,1048300.0
2008-11-18,13.8,14.23,13.16,13.8,,1702400.0
2008-11-19,13.71,14.13,12.92,12.93,,1785800.0
2008-11-20,12.72,12.78,11.5,11.57,,2187400.0
2008-11-21,11.83,12.95,11.55,12.92,,2106600.0
2008-11-24,13.31,14.59,12.66,14.17,,2282200.0
2008-11-25,14.23,14.72,14.16,14.57,,2047000.0
2008-11-26,14.42,15.41,14.22,15.37,,879900.0
2008-11-28,15.19,15.52,14.92,15.52,,362700.0
2008-12-01,14.89,14.9,13.25,13.34,,1647000.0
2008-12-02,13.61,13.95,13.26,13.95,,1057500.0
2008-12-03,13.42,14.33,13.34,13.99,,1604500.0
2008-12-04,13.83,14.2,12.61,12.94,,1518700.0
2008-12-05,12.82,13.23,12.13,13.23,,1539800.0
2008-12-08,13.77,14.64,13.7,14.1,,1201700.0
2008-12-09,13.84,14.7,13.75,14.02,,1057800.0
2008-12-10,14.41,15.2,14.29,14.85,,1153400.0
2008-12-11,14.96,15.76,14.16,14.48,,1502300.0
2008-12-12,14.35,14.88,14.16,14.57,,2648700.0
2008-12-15,14.82,15.13,14.2,14.58,,1713700.0
2008-12-16,14.69,15.01,14.13,14.9,,2126000.0
2008-12-17,14.75,15.16,14.39,14.84,,1215600.0
2008-12-18,15.15,15.18,14.4,14.71,,23168100.0
2008-12-19,14.93,15.23,14.53,14.7,,3516500.0
2008-12-22,14.74,14.96,13.99,14.28,,2125900.0
2008-12-23,14.46,14.65,14.22,14.46,,1444800.0
2008-12-24,14.51,14.7,14.27,14.61,,445000.0
2008-12-26,15.05,15.05,14.5,14.78,,504500.0
2008-12-29,14.95,15.02,14.53,14.95,,1199500.0
2008-12-30,15.03,15.47,14.74,15.44,,2591400.0
2008-12-31,15.44,15.73,15.36,15.6,,1706800.0
2009-01-02,15.52,16.21,15.42,16.12,,1014000.0
2009-01-05,16.01,16.74,15.82,16.72,,1947500.0
2009-01-06,17.21,17.21,16.31,16.41,,2285000.0
2009-01-07,16.21,16.28,15.49,15.73,,1752800.0
2009-01-08,15.37,15.88,15.34,15.72,,1767300.0
2009-01-09,15.74,16.15,15.48,15.74,,1777400.0
2009-01-12,15.56,15.85,15.16,15.3,,1705100.0
2009-01-13,15.28,15.59,15.13,15.48,,1560900.0
2009-01-14,15.13,15.24,14.56,14.88,,1910100.0
2009-01-15,14.76,14.97,14.09,14.79,,2419300.0
2009-01-16,15.1,15.64,14.91,15.35,,2591800.0
2009-01-20,15.23,15.3,14.36,14.39,,2323000.0
2009-01-21,14.58,15.7,14.58,15.62,,2903100.0
2009-01-22,15.3,16.17,15.09,15.76,,3482400.0
2009-01-23,15.47,16.72,15.16,16.66,,2930900.0
2009-01-26,16.73,17.49,16.56,17.01,,2644600.0
2009-01-27,17.22,17.27,16.62,17.01,,2485400.0
2009-01-28,17.18,17.8,17.05,17.63,,3258800.0
2009-01-29,16.99,17.15,16.23,16.48,,3384700.0
2009-01-30,16.84,17.21,15.76,15.92,,3471400.0
2009-02-02,15.83,16.25,15.59,16.09,,2446000.0
2009-02-03,16.25,16.85,16.13,16.75,,3172100.0
2009-02-04,16.83,17.31,16.68,16.99,,2166600.0
2009-02-05,16.92,17.65,16.68,17.57,,1804600.0
2009-02-06,17.47,17.98,17.24,17.96,,1438500.0
2009-02-09,18.07,18.46,17.73,17.84,,1829900.0
2009-02-10,17.74,18.28,16.98,17.13,,2015000.0
2009-02-11,17.22,17.44,16.37,16.71,,1341900.0
2009-02-12,16.47,16.87,16.14,16.83,,1168700.0
2009-02-13,16.81,17.37,16.66,17.08,,1187700.0
2009-02-17,16.18,16.44,15.89,15.91,,1602600.0
2009-02-18,15.93,15.99,15.0,15.09,,2923000.0
2009-02-19,15.25,15.46,14.9,14.95,,1453800.0
2009-02-20,14.43,14.85,13.96,14.24,,2887900.0
2009-02-23,14.41,14.55,13.62,13.66,,2047700.0
2009-02-24,13.8,14.21,13.65,14.18,,1335100.0
2009-02-25,14.11,14.86,13.85,14.52,,2059500.0
2009-02-26,14.67,14.98,14.53,14.57,,1620500.0
2009-02-27,14.06,14.94,13.87,14.39,,2142400.0
2009-03-02,14.06,14.12,12.92,13.0,,2263900.0
2009-03-03,13.27,13.36,12.82,12.99,,1716100.0
2009-03-04,13.29,14.23,13.25,13.98,,2412600.0
2009-03-05,13.61,13.78,13.2,13.32,,2021600.0
2009-03-06,13.32,13.91,12.93,13.37,,1738700.0
2009-03-09,13.2,13.87,13.11,13.44,,1256500.0
2009-03-10,13.62,14.35,13.55,14.06,,1525500.0
2009-03-11,14.28,14.32,13.7,13.94,,1321200.0
2009-03-12,14.01,14.74,13.82,14.67,,1634500.0
2009-03-13,14.73,14.88,14.59,14.66,,1699900.0
2009-03-16,14.79,15.23,14.63,14.82,,1435600.0
2009-03-17,14.79,15.29,14.5,15.29,,1456000.0
2009-03-18,15.13,15.78,14.85,15.6,,1648300.0
2009-03-19,15.87,16.37,15.63,16.09,,2184400.0
2009-03-20,15.93,16.43,15.51,15.59,,1413000.0
2009-03-23,15.81,16.62,15.5,16.62,,1129400.0
2009-03-24,16.31,16.48,15.81,16.11,,1063000.0
2009-03-25,16.05,16.21,15.4,15.91,,1402100.0
2009-03-26,16.17,16.37,15.8,16.19,,1366900.0
2009-03-27,15.74,15.9,15.44,15.47,,938200.0
2009-03-30,14.95,15.07,14.35,14.62,,1316100.0
2009-03-31,14.8,15.01,14.49,14.66,,1414800.0
2009-04-01,14.34,14.74,14.21,14.68,,1041600.0
2009-04-02,15.12,15.7,14.94,15.4,,1261700.0
2009-04-03,15.38,15.67,15.2,15.66,,1100200.0
2009-04-06,15.5,15.56,15.22,15.42,,867800.0
2009-04-07,15.06,15.26,14.88,14.97,,639100.0
2009-04-08,14.98,15.41,14.65,15.3,,682200.0
2009-04-09,16.01,16.01,15.46,15.78,,923700.0
2009-04-13,15.56,16.04,15.36,15.93,,883900.0
2009-04-14,15.8,16.22,15.64,16.04,,1074500.0
2009-04-15,16.13,16.17,15.82,16.12,,1091000.0
2009-04-16,16.21,16.42,15.8,16.24,,825000.0
2009-04-17,16.29,16.48,16.06,16.23,,1055600.0
2009-04-20,15.82,15.99,15.47,15.51,,996700.0
2009-04-21,15.39,16.08,15.39,15.95,,881500.0
2009-04-22,15.84,15.98,15.57,15.64,,813300.0
2009-04-23,15.51,15.94,15.51,15.8,,1042700.0
2009-04-24,15.93,16.24,15.93,16.15,,885700.0
2009-04-27,15.81,16.26,15.72,15.92,,792600.0
2009-04-28,15.73,16.11,15.65,15.87,,829200.0
2009-04-29,16.03,16.9,16.03,16.74,,1431300.0
2009-04-30,16.87,16.94,15.47,15.73,,3233400.0
2009-05-01,15.68,16.42,15.67,16.2,,1036200.0
2009-05-04,16.34,17.04,15.87,16.91,,1588500.0
2009-05-05,16.87,16.93,16.36,16.72,,1274100.0
2009-05-06,16.99,17.92,16.78,17.75,,1747300.0
2009-05-07,18.07,18.3,17.53,17.71,,1590500.0
2009-05-08,18.02,18.59,18.02,18.33,,1495300.0
2009-05-11,18.04,18.13,17.6,17.71,,978100.0
2009-05-12,17.8,17.98,17.22,17.57,,1364400.0
2009-05-13,17.26,17.45,16.78,16.85,,852200.0
2009-05-14,16.79,17.21,16.57,17.08,,1070900.0
2009-05-15,17.01,17.09,16.59,16.73,,1262400.0
2009-05-18,16.95,17.32,16.9,17.29,,1094100.0
2009-05-19,17.3,17.68,17.16,17.46,,1166300.0
2009-05-20,17.71,17.98,17.39,17.44,,972700.0
2009-05-21,17.23,17.28,16.78,17.03,,635400.0
2009-05-22,17.15,17.22,16.89,16.92,,644600.0
2009-05-26,16.74,17.56,16.59,17.52,,1111200.0
2009-05-27,17.56,17.62,16.61,16.64,,1839700.0
2009-05-28,16.75,17.32,16.72,17.18,,1325600.0
2009-05-29,17.85,17.85,17.05,17.53,,1580100.0
2009-06-01,17.87,18.56,17.73,18.31,,1554500.0
2009-06-02,18.26,18.28,17.79,17.95,,1040200.0
2009-06-03,17.75,17.89,16.88,17.1,,1074000.0
2009-06-04,17.25,17.47,17.03,17.19,,1354000.0
2009-06-05,17.31,17.56,17.13,17.36,,1119600.0
2009-06-08,17.05,17.29,16.9,17.18,,1019000.0
2009-06-09,17.28,17.4,17.0,17.22,,667800.0
2009-06-10,17.36,17.56,17.19,17.45,,986400.0
2009-06-11,17.47,18.33,17.47,17.93,,1143700.0
2009-06-12,17.64,18.04,17.62,17.94,,1140800.0
2009-06-15,17.66,17.82,17.32,17.55,,1039400.0
2009-06-16,17.69,17.85,17.23,17.28,,864100.0
2009-06-17,17.15,17.24,16.87,17.14,,861100.0
2009-06-18,17.14,17.52,17.02,17.32,,1075200.0
2009-06-19,17.51,17.53,16.9,17.09,,1124000.0
2009-06-22,16.73,16.74,15.95,15.95,,1277100.0
2009-06-23,16.09,16.15,15.71,15.92,,1011300.0
2009-06-24,16.01,16.2,15.77,15.85,,1136500.0
2009-06-25,15.81,16.32,15.68,16.22,,1361800.0
2009-06-26,16.18,16.29,15.88,16.13,,1234900.0
2009-06-29,16.19,16.81,16.19,16.66,,1612300.0
2009-06-30,16.56,16.64,16.14,16.43,,1560400.0
2009-07-01,16.6,17.01,16.49,16.51,,1198300.0
2009-07-02,16.12,16.51,15.79,15.8,,947100.0
2009-07-06,15.75,15.75,15.24,15.43,,1289800.0
2009-07-07,15.54,15.54,14.95,15.09,,1308000.0
2009-07-08,15.32,15.45,14.78,15.03,,1299400.0
2009-07-09,15.27,15.45,15.03,15.27,,1137300.0
2009-07-10,15.08,15.25,14.81,15.16,,896900.0
2009-07-13,15.2,15.4,14.88,15.39,,962600.0
2009-07-14,15.41,15.57,15.14,15.54,,858700.0
2009-07-15,15.74,16.02,15.74,16.02,,1037600.0
2009-07-16,15.94,16.49,15.87,16.42,,808100.0
2009-07-17,16.44,16.77,16.24,16.55,,1149800.0
2009-07-20,16.62,16.89,16.56,16.84,,752400.0
2009-07-21,17.1,17.16,16.71,17.05,,723900.0
2009-07-22,17.02,17.18,16.73,16.82,,1171100.0
2009-07-23,16.81,17.67,16.67,17.49,,1719400.0
2009-07-24,17.54,17.71,17.4,17.61,,1428800.0
2009-07-27,17.54,17.7,17.47,17.68,,1123600.0
2009-07-28,17.59,17.69,17.3,17.65,,1616900.0
2009-07-29,17.38,17.83,17.11,17.52,,2513500.0
2009-07-30,17.74,18.13,17.6,17.97,,1417200.0
2009-07-31,17.81,18.18,17.72,18.06,,1187100.0
2009-08-03,18.23,18.84,18.16,18.81,,1465600.0
2009-08-04,18.71,19.0,18.49,18.83,,1222100.0
2009-08-05,18.91,19.03,18.21,18.41,,1187100.0
2009-08-06,18.46,18.6,18.2,18.37,,795600.0
2009-08-07,18.64,18.89,18.4,18.72,,910100.0
2009-08-10,18.55,19.08,18.5,19.03,,1049900.0
2009-08-11,18.93,18.95,18.63,18.66,,907700.0
2009-08-12,18.73,19.18,18.69,19.03,,1092400.0
2009-08-13,18.99,19.11,18.77,19.07,,896400.0
2009-08-14,19.06,19.16,18.81,19.02,,1069700.0
2009-08-17,18.75,18.75,18.31,18.38,,1005700.0
2009-08-18,18.4,18.84,18.32,18.81,,865500.0
2009-08-19,18.59,19.16,18.59,19.02,,827200.0
2009-08-20,18.87,19.26,18.78,19.23,,694400.0
2009-08-21,19.37,19.73,19.37,19.64,,1098800.0
2009-08-24,19.78,19.87,19.41,19.73,,1183200.0
2009-08-25,19.86,19.93,19.39,19.55,,963000.0
2009-08-26,19.42,19.72,19.25,19.54,,743100.0
2009-08-27,19.48,19.56,18.91,19.27,,977100.0
2009-08-28,19.51,19.51,19.12,19.3,,894900.0
2009-08-31,19.04,19.07,18.55,18.77,,831200.0
2009-09-01,18.76,19.04,18.39,18.49,,935900.0
2009-09-02,18.45,18.53,18.25,18.37,,602200.0
2009-09-03,18.52,18.54,18.23,18.44,,743700.0
2009-09-04,18.43,18.71,18.37,18.68,,521500.0
2009-09-08,18.92,19.44,18.74,19.43,,1250200.0
2009-09-09,19.46,19.75,19.28,19.56,,1587000.0
2009-09-10,19.48,20.05,19.48,20.03,,944700.0
2009-09-11,19.99,20.59,19.99,20.16,,974100.0
2009-09-14,19.87,20.24,19.87,20.14,,993300.0
2009-09-15,20.16,20.3,19.98,20.18,,1296700.0
2009-09-16,19.58,19.96,19.51,19.92,,3364100.0
2009-09-17,19.84,20.11,19.65,19.84,,1599500.0
2009-09-18,20.0,20.01,19.52,19.87,,1564700.0
2009-09-21,19.63,19.63,19.37,19.56,,1206100.0
2009-09-22,19.68,20.3,19.68,20.26,,1280100.0
2009-09-23,20.27,20.34,19.91,19.92,,1015700.0
2009-09-24,20.06,20.18,19.64,19.71,,1186600.0
2009-09-25,19.71,19.87,19.52,19.55,,990800.0
2009-09-28,19.57,20.01,19.49,19.92,,690600.0
2009-09-29,19.89,20.37,19.89,20.3,,816600.0
2009-09-30,20.27,20.32,19.74,20.16,,1208500.0
2009-10-01,20.11,20.12,19.4,19.42,,1005000.0
2009-10-02,19.16,19.53,19.06,19.35,,1021100.0
2009-10-05,19.37,20.0,19.27,20.0,,942500.0
2009-10-06,20.21,20.52,19.99,20.28,,925600.0
2009-10-07,20.2,20.27,19.91,20.08,,843100.0
2009-10-08,20.24,20.68,20.09,20.53,,1289600.0
2009-10-09,20.45,20.68,20.24,20.64,,1104500.0
2009-10-12,20.75,21.26,20.75,21.07,,1168200.0
2009-10-13,20.97,21.15,20.77,20.83,,784000.0
2009-10-14,21.19,21.19,20.77,21.13,,1087000.0
2009-10-15,21.02,21.49,20.97,21.47,,1020000.0
2009-10-16,21.21,21.6,21.12,21.42,,1070000.0
2009-10-19,21.49,21.77,21.26,21.59,,992600.0
2009-10-20,21.64,21.68,21.1,21.59,,1368500.0
2009-10-21,21.56,22.15,21.46,21.65,,1212600.0
2009-10-22,21.67,21.72,21.11,21.28,,1704200.0
2009-10-23,21.38,21.52,20.93,21.08,,1338100.0
2009-10-26,21.15,21.42,20.39,20.45,,1444300.0
2009-10-27,20.59,21.0,20.31,20.7,,1942100.0
2009-10-28,20.72,20.85,19.97,20.02,,2022700.0
2009-10-29,20.33,21.17,19.97,20.97,,2183700.0
2009-10-30,20.83,20.83,19.78,19.81,,2214600.0
2009-11-02,19.92,20.2,19.38,19.73,,1530900.0
2009-11-03,19.64,19.86,19.39,19.82,,1558300.0
2009-11-04,19.98,20.17,19.78,19.84,,1153300.0
2009-11-05,20.01,20.23,19.8,20.23,,986100.0
2009-11-06,20.07,20.27,19.87,19.96,,1185800.0
2009-11-09,20.11,20.64,20.11,20.64,,1511300.0
2009-11-10,20.59,20.77,20.53,20.71,,1123900.0
2009-11-11,20.91,20.93,20.61,20.72,,922000.0
2009-11-12,20.69,20.71,20.1,20.12,,940700.0
2009-11-13,20.15,20.33,20.02,20.19,,958700.0
2009-11-16,20.34,20.62,20.31,20.58,,824000.0
2009-11-17,20.54,20.54,20.2,20.25,,909800.0
2009-11-18,20.29,20.32,19.8,19.85,,852300.0
2009-11-19,19.79,19.84,19.27,19.34,,1543900.0
2009-11-20,19.25,19.41,19.04,19.29,,1599400.0
2009-11-23,19.6,19.91,19.38,19.5,,881000.0
2009-11-24,19.47,19.61,19.17,19.58,,824800.0
2009-11-25,19.58,19.88,19.49,19.83,,964300.0
2009-11-27,19.31,19.59,19.19,19.36,,570100.0
2009-11-30,19.43,19.59,19.34,19.58,,981700.0
2009-12-01,19.74,19.92,19.7,19.81,,902300.0
2009-12-02,19.83,20.09,19.75,19.89,,976700.0
2009-12-03,19.72,20.06,19.64,19.69,,947000.0
2009-12-04,19.87,20.02,19.41,19.72,,1029400.0
2009-12-07,19.66,19.87,19.58,19.68,,696400.0
2009-12-08,19.63,19.65,19.25,19.38,,944600.0
2009-12-09,19.44,19.5,19.13,19.37,,883900.0
2009-12-10,19.44,19.75,19.42,19.72,,954800.0
2009-12-11,19.79,19.95,19.66,19.93,,919800.0
2009-12-14,20.22,20.68,20.18,20.65,,1328400.0
2009-12-15,20.47,20.89,20.47,20.56,,1755600.0
2009-12-16,20.67,20.82,20.51,20.7,,775300.0
2009-12-17,20.51,20.72,20.37,20.55,,892500.0
2009-12-18,20.7,20.95,20.5,20.61,,1191400.0
2009-12-21,20.82,21.04,20.81,20.86,,752500.0
2009-12-22,20.95,21.13,20.84,20.95,,669200.0
2009-12-23,21.05,21.15,20.93,21.09,,542400.0
2009-12-24,21.15,21.41,21.12,21.41,,260200.0
2009-12-28,21.52,21.6,21.47,21.51,,584700.0
2009-12-29,21.48,21.69,21.34,21.36,,453100.0
2009-12-30,21.22,21.43,21.11,21.2,,539000.0
2009-12-31,21.22,21.4,20.88,20.9,,456600.0
2010-01-04,21.17,21.53,21.17,21.31,,774200.0
2010-01-05,21.35,21.47,21.23,21.46,,762300.0
2010-01-06,21.41,21.65,21.37,21.54,,505100.0
2010-01-07,21.47,21.47,21.16,21.25,,706500.0
2010-01-08,21.16,21.25,20.97,21.07,,715400.0
2010-01-11,21.19,21.47,20.98,21.05,,797200.0
2010-01-12,20.95,20.95,20.66,20.78,,525400.0
2010-01-13,20.87,20.94,20.57,20.93,,481300.0
2010-01-14,20.89,21.16,20.77,21.12,,563500.0
2010-01-15,21.04,21.09,20.55,20.77,,806800.0
2010-01-19,20.73,21.08,20.72,21.08,,724100.0
2010-01-20,20.87,20.9,20.66,20.79,,902700.0
2010-01-21,20.76,21.04,20.49,20.59,,953700.0
2010-01-22,20.43,20.5,20.04,20.06,,748500.0
2010-01-25,20.24,20.54,20.12,20.41,,1094000.0
2010-01-26,20.29,20.65,20.17,20.31,,819600.0
2010-01-27,20.32,20.43,19.98,20.4,,1393600.0
2010-01-28,21.78,21.78,20.68,21.11,,3461300.0
2010-01-29,21.3,21.3,20.7,20.94,,2174000.0
2010-02-01,21.16,21.47,21.15,21.32,,1251500.0
2010-02-02,21.7,22.03,21.27,21.98,,1582000.0
2010-02-03,21.9,22.03,21.78,21.84,,923400.0
2010-02-04,21.6,21.6,20.55,20.57,,2361000.0
2010-02-05,20.53,20.61,19.95,20.41,,1504300.0
2010-02-08,20.44,20.54,20.15,20.16,,854500.0
2010-02-09,20.47,20.67,20.23,20.47,,766900.0
2010-02-10,20.53,20.53,19.99,20.28,,790500.0
2010-02-11,20.21,20.48,19.99,20.47,,912100.0
2010-02-12,20.23,20.59,20.11,20.56,,875200.0
2010-02-16,20.85,21.27,20.76,21.16,,1358900.0
2010-02-17,21.19,21.31,21.12,21.15,,2147800.0
2010-02-18,21.09,21.31,21.01,21.26,,691300.0
2010-02-19,21.15,21.63,21.12,21.58,,974300.0
2010-02-22,21.72,21.78,21.15,21.27,,1056400.0
2010-02-23,21.23,21.33,20.87,20.88,,929400.0
2010-02-24,20.98,21.17,20.86,21.07,,913200.0
2010-02-25,20.82,21.09,20.58,21.04,,931700.0
2010-02-26,21.09,21.16,20.88,20.93,,764600.0
2010-03-01,21.04,21.5,21.04,21.48,,851000.0
2010-03-02,21.67,21.98,21.64,21.88,,1485200.0
2010-03-03,21.93,22.13,21.93,22.09,,1038600.0
2010-03-04,22.09,22.23,21.89,22.0,,1064800.0
2010-03-05,22.17,22.68,22.14,22.63,,1246500.0
2010-03-08,22.57,22.65,22.45,22.52,,1137000.0
2010-03-09,22.44,22.67,22.37,22.65,,1162900.0
2010-03-10,21.25,21.92,21.19,21.37,,4012400.0
2010-03-11,21.04,21.17,20.87,20.96,,10197600.0
2010-03-12,21.08,21.15,20.87,20.99,,3446300.0
2010-03-15,20.99,21.02,20.38,20.8,,2471700.0
2010-03-16,20.85,20.92,20.73,20.9,,1700400.0
2010-03-17,20.92,21.04,20.78,20.86,,1448300.0
2010-03-18,20.81,20.9,20.23,20.45,,3054500.0
2010-03-19,20.46,20.54,19.72,19.95,,3089700.0
2010-03-22,19.82,19.83,19.54,19.77,,2171700.0
2010-03-23,19.79,20.01,19.63,19.96,,1372200.0
2010-03-24,19.89,19.97,19.74,19.85,,1276900.0
2010-03-25,19.93,20.04,19.49,19.52,,2423900.0
2010-03-26,19.6,19.6,19.02,19.27,,2772400.0
2010-03-29,19.35,19.73,19.27,19.71,,1626400.0
2010-03-30,19.67,19.73,19.52,19.66,,1359100.0
2010-03-31,19.62,19.8,19.5,19.61,,3481700.0
2010-04-01,19.78,20.17,19.72,20.12,,2014500.0
2010-04-05,20.13,20.7,20.13,20.7,,1894600.0
2010-04-06,20.57,20.87,20.53,20.75,,1957700.0
2010-04-07,20.67,20.82,20.53,20.76,,2549300.0
2010-04-08,20.67,20.82,20.45,20.77,,1156000.0
2010-04-09,21.45,21.51,21.0,21.43,,2368100.0
2010-04-12,21.38,21.57,21.38,21.48,,2043100.0
2010-04-13,21.44,21.55,21.24,21.37,,1832000.0
2010-04-14,21.37,21.56,21.35,21.46,,1343300.0
2010-04-15,21.38,21.52,21.33,21.36,,1177900.0
2010-04-16,21.3,21.34,20.75,20.93,,1394600.0
2010-04-19,20.8,20.89,20.57,20.89,,809300.0
2010-04-20,20.96,21.08,20.87,21.03,,975500.0
2010-04-21,21.01,21.02,20.72,20.88,,782400.0
2010-04-22,20.85,21.32,20.66,21.21,,1458900.0
2010-04-23,21.17,21.84,21.07,21.81,,1970500.0
2010-04-26,21.81,22.03,21.76,21.82,,1756100.0
2010-04-27,21.65,21.68,20.86,20.94,,1260100.0
2010-04-28,21.86,21.86,20.85,21.26,,1546900.0
2010-04-29,21.45,21.51,20.69,20.94,,1278700.0
2010-04-30,20.98,21.11,20.76,20.8,,1087300.0
2010-05-03,20.97,21.38,20.84,21.28,,1155700.0
2010-05-04,20.97,21.16,20.78,20.99,,1036700.0
2010-05-05,20.73,20.88,20.31,20.34,,1428600.0
2010-05-06,20.24,20.33,18.4,19.55,,1921700.0
2010-05-07,19.53,19.69,18.88,19.12,,1549400.0
2010-05-10,19.71,20.3,19.71,20.25,,2223500.0
2010-05-11,20.04,20.73,20.04,20.25,,2272600.0
2010-05-12,20.29,20.77,20.29,20.63,,1104300.0
2010-05-13,20.56,20.82,20.44,20.5,,766400.0
2010-05-14,20.4,20.4,19.97,20.32,,1545500.0
2010-05-17,20.43,20.51,19.57,19.8,,1607900.0
2010-05-18,19.94,20.23,19.39,19.47,,1956600.0
2010-05-19,19.28,19.47,18.75,19.02,,1940900.0
2010-05-20,18.56,18.56,18.1,18.12,,1739100.0
2010-05-21,17.79,18.45,17.61,18.44,,1833700.0
2010-05-24,18.37,18.48,17.83,17.87,,1179100.0
2010-05-25,17.36,17.74,17.21,17.71,,1931400.0
2010-05-26,17.98,18.29,17.87,17.97,,2014000.0
2010-05-27,18.39,18.73,18.08,18.69,,1638600.0
2010-05-28,18.84,19.03,18.59,18.84,,2116800.0
2010-06-01,18.66,18.9,18.17,18.19,,1563400.0
2010-06-02,18.28,19.01,18.13,19.01,,1977600.0
2010-06-03,18.98,19.65,18.95,19.6,,1804800.0
2010-06-04,19.19,19.56,18.21,18.32,,4531600.0
2010-06-07,18.49,18.77,18.26,18.29,,1739900.0
2010-06-08,18.3,18.63,18.1,18.57,,1628900.0
2010-06-09,18.68,18.96,18.36,18.43,,1434600.0
2010-06-10,18.96,19.46,18.77,19.44,,1257000.0
2010-06-11,19.09,19.58,19.04,19.57,,1234200.0
2010-06-14,19.78,20.05,19.57,19.61,,1297900.0
2010-06-15,19.68,19.95,19.66,19.91,,1477500.0
2010-06-16,19.73,20.12,19.69,19.96,,1095800.0
2010-06-17,20.07,20.07,19.52,19.71,,1467700.0
2010-06-18,19.65,19.71,19.44,19.69,,1653600.0
2010-06-21,19.92,19.94,19.29,19.43,,1226300.0
2010-06-22,19.43,19.47,18.52,18.63,,2355100.0
2010-06-23,18.58,18.59,18.21,18.41,,1395900.0
2010-06-24,18.24,18.42,18.07,18.19,,1172700.0
2010-06-25,18.23,18.34,18.03,18.3,,1179400.0
2010-06-28,18.35,18.36,18.03,18.16,,688400.0
2010-06-29,17.93,17.93,17.29,17.43,,1762800.0
2010-06-30,17.34,17.75,17.32,17.37,,1520700.0
2010-07-01,17.34,17.37,16.64,17.02,,1962400.0
2010-07-02,17.09,17.3,16.94,16.99,,1229500.0
2010-07-06,17.2,17.45,17.07,17.25,,1060400.0
2010-07-07,17.25,17.93,17.25,17.93,,1058500.0
2010-07-08,18.06,18.18,17.77,17.95,,1115100.0
2010-07-09,17.95,17.98,17.69,17.82,,1234300.0
2010-07-12,17.7,17.88,17.52,17.74,,630400.0
2010-07-13,17.98,18.03,17.74,17.85,,844500.0
2010-07-14,17.75,17.95,17.58,17.8,,856100.0
2010-07-15,17.77,18.05,17.56,17.99,,1013800.0
2010-07-16,17.88,17.88,17.26,17.3,,1362000.0
2010-07-19,17.41,17.54,17.26,17.49,,602500.0
2010-07-20,17.28,18.05,17.25,18.02,,1641700.0
2010-07-21,18.06,18.07,17.6,17.7,,1432700.0
2010-07-22,17.88,18.27,17.88,18.17,,973400.0
2010-07-23,18.01,18.15,17.71,17.87,,1988000.0
2010-07-26,17.88,18.17,17.82,18.13,,1327200.0
2010-07-27,18.18,18.19,17.83,17.97,,1271600.0
2010-07-28,17.9,18.2,17.81,18.18,,1831100.0
2010-07-29,18.28,18.28,17.32,17.72,,2057200.0
2010-07-30,17.5,17.65,17.26,17.63,,2125700.0
2010-08-02,17.9,18.55,17.88,18.52,,2227000.0
2010-08-03,18.52,18.65,18.24,18.56,,1616500.0
2010-08-04,18.55,18.69,18.38,18.63,,1292400.0
2010-08-05,18.49,19.1,18.48,19.02,,1934300.0
2010-08-06,18.84,18.94,18.56,18.84,,1348400.0
2010-08-09,18.99,19.0,18.75,18.88,,785600.0
2010-08-10,18.73,18.88,18.5,18.73,,1781800.0
2010-08-11,18.37,18.39,17.98,18.0,,1421400.0
2010-08-12,17.68,17.79,17.48,17.53,,1858400.0
2010-08-13,17.44,17.67,17.39,17.48,,1293200.0
2010-08-16,17.34,17.41,17.19,17.26,,1398200.0
2010-08-17,17.42,17.42,17.17,17.28,,2136300.0
2010-08-18,17.28,17.28,16.99,17.1,,1637700.0
2010-08-19,17.04,17.04,16.42,16.56,,2113500.0
2010-08-20,16.4,16.44,16.07,16.22,,2017700.0
2010-08-23,16.27,16.49,16.25,16.36,,1424700.0
2010-08-24,16.14,16.22,15.93,15.95,,1315100.0
2010-08-25,15.8,15.94,15.58,15.89,,1760700.0
2010-08-26,15.91,15.99,15.67,15.73,,1422500.0
2010-08-27,15.9,16.15,15.59,16.13,,1644500.0
2010-08-30,16.08,16.21,15.88,15.88,,1117500.0
2010-08-31,15.77,16.01,15.66,15.76,,5602000.0
2010-09-01,16.01,16.47,16.0,16.43,,2133700.0
2010-09-02,16.45,16.49,16.21,16.46,,1518900.0
2010-09-03,16.6,16.73,16.51,16.67,,815100.0
2010-09-07,16.55,16.56,16.39,16.44,,1182000.0
2010-09-08,16.44,16.61,16.32,16.36,,1196000.0
2010-09-09,16.62,16.75,16.58,16.68,,1704900.0
2010-09-10,16.71,16.75,16.59,16.64,,1204600.0
2010-09-13,16.8,16.88,16.66,16.75,,1674700.0
2010-09-14,16.75,16.87,16.62,16.74,,1011200.0
2010-09-15,16.68,16.74,16.49,16.72,,912900.0
2010-09-16,16.67,16.74,16.49,16.63,,1029600.0
2010-09-17,16.7,16.7,16.29,16.38,,3650200.0
2010-09-20,16.4,16.54,16.18,16.51,,1561300.0
2010-09-21,16.45,16.51,15.93,16.04,,2376300.0
2010-09-22,16.07,16.31,15.99,16.04,,1308400.0
2010-09-23,15.91,16.0,15.75,15.8,,1263400.0
2010-09-24,16.0,16.35,15.97,16.33,,1150000.0
2010-09-27,16.32,16.44,16.19,16.34,,745900.0
2010-09-28,16.45,16.67,16.22,16.63,,1829900.0
2010-09-29,17.2,17.63,16.87,17.39,,3045200.0
2010-09-30,17.51,17.71,17.24,17.43,,1301800.0
2010-10-01,17.64,17.7,17.47,17.6,,1268300.0
2010-10-04,17.59,17.65,17.41,17.51,,977100.0
2010-10-05,17.71,17.87,17.65,17.8,,1370400.0
2010-10-06,17.74,18.18,17.74,18.07,,1951800.0
2010-10-07,18.17,18.17,17.85,17.97,,1186600.0
2010-10-08,17.98,18.11,17.86,18.03,,2013100.0
2010-10-11,18.08,18.13,17.94,18.04,,1455200.0
2010-10-12,17.94,18.0,17.68,17.96,,1086300.0
2010-10-13,18.09,18.45,18.09,18.41,,1781200.0
2010-10-14,18.4,18.58,18.27,18.33,,1064500.0
2010-10-15,18.51,18.57,18.2,18.35,,984400.0
2010-10-18,18.3,18.54,18.26,18.54,,1085900.0
2010-10-19,18.23,18.41,18.06,18.31,,1444600.0
2010-10-20,18.34,18.51,18.26,18.37,,950100.0
2010-10-21,18.42,18.49,17.95,18.07,,1028900.0
2010-10-22,18.11,18.21,17.93,18.09,,711200.0
2010-10-25,18.22,18.43,18.06,18.12,,845500.0
2010-10-26,18.04,18.04,17.88,17.97,,853300.0
2010-10-27,17.69,17.87,17.54,17.78,,1164800.0
2010-10-28,17.94,18.04,17.7,18.01,,1157700.0
2010-10-29,17.95,18.17,17.83,18.1,,1060400.0
2010-11-01,18.29,18.44,17.84,17.97,,1138600.0
2010-11-02,18.16,18.36,18.05,18.34,,880100.0
2010-11-03,18.47,18.52,18.03,18.36,,1165500.0
2010-11-04,18.6,18.91,18.58,18.88,,1007600.0
2010-11-05,18.87,18.94,18.6,18.65,,1058700.0
2010-11-08,18.58,18.75,18.44,18.75,,1218600.0
2010-11-09,19.46,21.13,19.46,19.7,,3682300.0
2010-11-10,19.74,20.0,19.56,19.97,,1606200.0
2010-11-11,19.87,20.4,19.87,20.25,,1949600.0
2010-11-12,20.13,20.17,19.72,19.85,,1733200.0
2010-11-15,19.91,20.1,19.69,19.73,,881500.0
2010-11-16,19.48,19.58,19.23,19.31,,1413800.0
2010-11-17,19.35,19.61,19.22,19.58,,1230100.0
2010-11-18,19.78,19.87,19.68,19.74,,737200.0
2010-11-19,19.68,19.95,19.43,19.95,,932400.0
2010-11-22,19.82,19.98,19.61,19.95,,849500.0
2010-11-23,19.66,19.68,19.4,19.45,,691500.0
2010-11-24,19.61,19.82,19.58,19.79,,591500.0
2010-11-26,19.6,19.73,19.45,19.55,,266000.0
2010-11-29,19.41,19.68,19.22,19.62,,548800.0
2010-11-30,19.4,19.76,19.33,19.68,,1239700.0
2010-12-01,19.97,20.2,19.81,20.13,,1265700.0
2010-12-02,20.13,20.74,20.11,20.67,,1407400.0
2010-12-03,20.56,20.87,20.52,20.81,,1121700.0
2010-12-06,21.25,21.31,20.9,20.96,,1935800.0
2010-12-07,21.22,21.34,20.87,20.97,,1338700.0
2010-12-08,21.03,21.16,20.69,20.88,,775000.0
2010-12-09,20.95,20.96,20.61,20.86,,945000.0
2010-12-10,20.9,21.03,20.81,20.93,,711100.0
2010-12-13,21.02,21.23,21.0,21.0,,769400.0
2010-12-14,21.07,21.2,20.95,21.08,,749900.0
2010-12-15,21.0,21.11,20.91,21.05,,846300.0
2010-12-16,21.06,21.27,20.96,21.21,,1380200.0
2010-12-17,21.16,21.43,21.02,21.42,,1601000.0
2010-12-20,21.56,21.67,21.34,21.5,,1173400.0
2010-12-21,21.59,21.99,21.46,21.87,,1142600.0
2010-12-22,21.88,21.95,21.63,21.68,,992200.0
2010-12-23,21.69,21.91,21.62,21.91,,644700.0
2010-12-27,21.78,21.83,21.73,21.75,,465300.0
2010-12-28,21.78,21.79,21.61,21.79,,421300.0
2010-12-29,21.81,21.87,21.74,21.8,,622200.0
2010-12-30,21.75,21.88,21.68,21.83,,583000.0
2010-12-31,21.78,21.89,21.75,21.8,,552600.0
2011-01-03,21.92,22.06,21.69,21.84,,1419100.0
2011-01-04,22.11,22.4,21.71,21.9,,2437300.0
2011-01-05,21.83,22.16,21.81,22.08,,1772200.0
2011-01-06,22.13,22.15,21.91,22.06,,1052700.0
2011-01-07,22.05,22.43,22.02,22.18,,1265700.0
2011-01-10,22.14,22.43,22.01,22.34,,1119300.0
2011-01-11,22.27,22.52,22.09,22.43,,1003700.0
2011-01-12,22.55,22.64,22.34,22.5,,1047000.0
2011-01-13,22.5,22.71,22.35,22.61,,1013000.0
2011-01-14,22.54,22.85,22.44,22.85,,982900.0
2011-01-18,22.76,22.96,22.61,22.89,,986600.0
2011-01-19,22.9,22.94,22.5,22.55,,895900.0
2011-01-20,22.38,22.38,21.95,22.12,,1404100.0
2011-01-21,22.31,22.41,22.11,22.31,,1244100.0
2011-01-24,22.28,22.45,22.22,22.29,,880700.0
2011-01-25,22.23,22.23,21.76,21.96,,1700900.0
2011-01-26,21.98,22.39,21.93,22.31,,1728200.0
2011-01-27,22.56,23.17,22.29,22.73,,2354800.0
2011-01-28,22.72,22.94,22.51,22.64,,1334600.0
2011-01-31,22.65,23.48,22.62,23.43,,1238100.0
2011-02-01,23.66,23.83,23.52,23.8,,1131200.0
2011-02-02,23.76,23.93,23.66,23.73,,1381600.0
2011-02-03,23.59,23.95,23.48,23.9,,835700.0
2011-02-04,23.92,24.05,23.46,23.63,,974100.0
2011-02-07,23.71,24.0,23.63,23.64,,618300.0
2011-02-08,23.66,23.71,23.27,23.49,,824500.0
2011-02-09,23.42,23.42,22.82,22.86,,764300.0
2011-02-10,22.69,23.79,22.67,23.78,,1866300.0
2011-02-11,23.62,23.77,23.4,23.58,,1081500.0
2011-02-14,23.53,23.66,23.48,23.63,,759300.0
2011-02-15,23.49,23.57,23.2,23.33,,1007800.0
2011-02-16,23.39,23.46,23.27,23.3,,1232800.0
2011-02-17,23.26,23.52,23.19,23.2,,1549500.0
2011-02-18,23.23,23.33,23.08,23.27,,1642800.0
2011-02-22,23.16,23.66,22.88,23.03,,1239000.0
2011-02-23,22.97,23.82,22.97,23.62,,1476800.0
2011-02-24,23.69,23.87,23.24,23.34,,840100.0
2011-02-25,23.46,23.83,23.34,23.8,,695300.0
2011-02-28,23.89,24.1,23.57,24.08,,1020400.0
2011-03-01,24.27,24.31,23.41,23.48,,1105600.0
2011-03-02,23.43,23.52,23.14,23.42,,792400.0
2011-03-03,23.6,23.64,23.41,23.59,,709300.0
2011-03-04,23.52,23.59,23.03,23.23,,979000.0
2011-03-07,23.35,23.48,22.89,22.98,,839300.0
2011-03-08,23.02,23.06,22.69,22.89,,799900.0
2011-03-09,22.88,23.02,22.7,22.89,,827300.0
2011-03-10,22.58,22.63,21.68,21.71,,1275500.0
2011-03-11,21.68,21.88,21.53,21.81,,2029300.0
2011-03-14,21.66,21.92,21.34,21.82,,2037900.0
2011-03-15,21.32,22.07,21.09,21.9,,1776700.0
2011-03-16,21.94,22.29,21.44,21.7,,1200700.0
2011-03-17,22.15,22.59,22.07,22.51,,1006100.0
2011-03-18,22.82,23.95,22.71,22.89,,2655200.0
2011-03-21,23.16,23.41,23.01,23.32,,611800.0
2011-03-22,23.35,23.43,23.23,23.27,,505700.0
2011-03-23,23.23,23.3,23.07,23.2,,517300.0
2011-03-24,23.36,23.69,23.18,23.67,,858700.0
2011-03-25,23.74,24.1,23.64,24.03,,719700.0
2011-03-28,24.05,24.11,23.35,23.36,,804000.0
2011-03-29,23.44,23.76,23.24,23.74,,813800.0
2011-03-30,23.9,24.18,23.78,24.15,,948200.0
2011-03-31,24.13,24.42,24.13,24.38,,967600.0
2011-04-01,24.42,24.69,24.41,24.51,,904100.0
2011-04-04,24.62,24.66,24.48,24.55,,545600.0
2011-04-05,24.42,24.68,24.35,24.52,,444500.0
2011-04-06,24.68,24.88,24.49,24.55,,699800.0
2011-04-07,24.48,24.66,24.19,24.53,,737200.0
2011-04-08,24.66,24.7,24.07,24.14,,939900.0
2011-04-11,24.12,24.22,23.56,23.71,,1250000.0
2011-04-12,23.51,23.53,22.74,22.78,,974800.0
2011-04-13,22.95,23.2,22.81,22.89,,651700.0
2011-04-14,22.77,22.91,22.55,22.88,,846100.0
2011-04-15,22.93,23.03,22.75,22.96,,625800.0
2011-04-18,22.61,22.65,22.31,22.46,,582100.0
2011-04-19,22.46,22.71,22.43,22.66,,552800.0
2011-04-20,23.02,23.28,22.87,23.26,,930000.0
2011-04-21,23.27,23.41,22.97,23.04,,665400.0
2011-04-25,23.06,23.06,22.74,22.98,,586100.0
2011-04-26,23.1,23.14,22.92,23.1,,691100.0
2011-04-27,23.2,23.48,22.75,23.41,,1201600.0
2011-04-28,23.34,24.41,23.29,24.35,,1671300.0
2011-04-29,24.42,25.72,24.39,25.7,,2000000.0
2011-05-02,25.87,26.12,25.52,25.73,,1376800.0
2011-05-03,25.61,25.96,25.54,25.8,,1501400.0
2011-05-04,25.71,25.72,24.86,25.17,,1130600.0
2011-05-05,24.95,25.01,24.25,24.59,,1414300.0
2011-05-06,24.94,25.51,24.51,24.93,,972300.0
2011-05-09,24.98,25.41,24.95,25.34,,781900.0
2011-05-10,25.4,25.44,25.17,25.34,,780500.0
2011-05-11,25.26,25.34,24.09,24.47,,834900.0
2011-05-12,24.47,24.82,24.13,24.77,,1330300.0
2011-05-13,24.75,25.12,24.38,24.61,,1082100.0
2011-05-16,24.6,24.85,24.21,24.29,,866900.0
2011-05-17,24.15,24.61,24.0,24.58,,1064800.0
2011-05-18,24.57,25.38,24.52,24.75,,1334500.0
2011-05-19,24.92,25.09,24.64,24.84,,827800.0
2011-05-20,24.79,25.17,24.46,25.05,,1054300.0
2011-05-23,24.56,24.71,24.4,24.47,,676500.0
2011-05-24,24.61,25.25,24.61,25.0,,927300.0
2011-05-25,24.84,25.9,24.84,25.8,,1299400.0
2011-05-26,25.66,26.09,25.42,26.02,,1164300.0
2011-05-27,26.16,26.49,26.01,26.17,,990400.0
2011-05-31,26.5,26.62,26.17,26.58,,1583300.0
2011-06-01,26.54,26.6,25.47,25.56,,1082400.0
2011-06-02,25.66,26.28,25.47,26.05,,1356800.0
2011-06-03,25.63,26.34,25.45,26.06,,1160400.0
2011-06-06,26.0,26.03,25.16,25.19,,889400.0
2011-06-07,25.6,25.65,25.11,25.27,,807300.0
2011-06-08,25.3,25.6,25.22,25.41,,788200.0
2011-06-09,25.52,26.33,25.49,26.08,,1492800.0
2011-06-10,25.86,26.23,25.72,25.78,,1598000.0
2011-06-13,25.8,25.8,24.53,24.75,,1673400.0
2011-06-14,25.1,25.33,24.98,25.29,,956400.0
2011-06-15,24.95,25.23,24.57,24.78,,1179800.0
2011-06-16,24.83,25.05,24.39,24.68,,1120500.0
2011-06-17,24.91,24.96,24.49,24.68,,1474800.0
2011-06-20,24.55,24.72,24.33,24.58,,1066900.0
2011-06-21,24.84,25.02,24.77,24.96,,1093100.0
2011-06-22,24.93,25.21,24.77,24.84,,817500.0
2011-06-23,24.43,24.48,23.85,24.44,,1175900.0
2011-06-24,24.51,24.63,23.98,24.13,,2320600.0
2011-06-27,24.14,24.52,23.98,24.4,,956100.0
2011-06-28,24.54,25.12,24.49,25.11,,770200.0
2011-06-29,25.19,25.87,25.15,25.66,,1224300.0
2011-06-30,25.79,25.98,25.65,25.77,,972900.0
2011-07-01,25.71,26.25,25.46,26.21,,710000.0
2011-07-05,26.18,26.67,26.17,26.23,,1287100.0
2011-07-06,26.21,26.29,25.9,26.17,,685000.0
2011-07-07,26.51,26.77,26.37,26.72,,1144200.0
2011-07-08,26.31,26.76,26.3,26.75,,1331200.0
2011-07-11,26.62,26.96,26.27,26.4,,2178100.0
2011-07-12,26.22,26.83,26.12,26.5,,1552200.0
2011-07-13,26.67,27.11,26.54,27.03,,2282600.0
2011-07-14,27.2,27.59,26.62,26.85,,1951000.0
2011-07-15,27.46,28.7,27.46,28.21,,2548100.0
2011-07-18,28.4,29.02,27.9,28.98,,3027500.0
2011-07-19,29.29,29.68,29.06,29.49,,2529100.0
2011-07-20,29.54,29.86,29.32,29.69,,1665200.0
2011-07-21,29.86,30.39,29.85,30.28,,1613500.0
2011-07-22,30.29,30.9,30.15,30.83,,1278600.0
2011-07-25,30.41,31.12,30.33,30.7,,1569100.0
2011-07-26,30.64,30.83,30.4,30.69,,1214600.0
2011-07-27,30.43,30.51,29.95,30.03,,2283100.0
2011-07-28,30.14,31.71,29.93,31.36,,3693600.0
2011-07-29,30.71,31.56,30.03,31.15,,2281700.0
2011-08-01,31.67,31.98,30.99,31.38,,1925300.0
2011-08-02,31.12,31.64,30.04,30.08,,2024300.0
2011-08-03,30.16,30.33,29.16,29.73,,3357200.0
2011-08-04,29.32,29.32,27.39,27.48,,3499900.0
2011-08-05,28.09,28.34,25.62,26.58,,4966600.0
2011-08-08,25.72,25.74,23.57,23.71,,3406400.0
2011-08-09,24.2,25.83,23.76,25.8,,3372200.0
2011-08-10,25.07,26.37,24.93,25.07,,2415600.0
2011-08-11,25.19,26.91,24.93,26.51,,2790000.0
2011-08-12,26.92,27.43,26.62,26.96,,1638400.0
2011-08-15,27.24,28.54,27.24,28.47,,1882600.0
2011-08-16,28.0,28.16,27.42,27.76,,2107500.0
2011-08-17,27.99,28.54,27.66,27.8,,1348700.0
2011-08-18,26.79,26.97,26.21,26.63,,2895600.0
2011-08-19,26.14,26.75,25.58,25.72,,1964200.0
2011-08-22,26.55,26.69,25.34,25.54,,1338600.0
2011-08-23,25.66,26.65,25.37,26.63,,1757500.0
2011-08-24,26.47,27.03,26.39,26.88,,1615200.0
2011-08-25,27.02,27.38,26.02,26.08,,1409200.0
2011-08-26,25.96,26.87,25.38,26.85,,872300.0
2011-08-29,27.27,28.09,27.17,28.06,,1130100.0
2011-08-30,27.93,28.76,27.76,28.62,,1362600.0
2011-08-31,28.71,29.55,28.71,29.46,,1972500.0
2011-09-01,29.59,30.58,29.44,29.49,,1749400.0
2011-09-02,28.71,28.93,28.13,28.62,,1146200.0
2011-09-06,27.63,28.9,27.37,28.82,,1439700.0
2011-09-07,29.34,30.6,29.34,30.58,,1796600.0
2011-09-08,30.27,30.86,30.07,30.19,,1852000.0
2011-09-09,29.67,30.06,28.86,29.07,,1774300.0
2011-09-12,28.79,29.4,27.85,28.62,,2063900.0
2011-09-13,28.8,29.33,28.37,29.17,,1268700.0
2011-09-14,29.33,29.85,28.7,29.41,,2405800.0
2011-09-15,29.88,30.32,29.57,29.9,,1791300.0
2011-09-16,30.0,30.51,29.85,30.4,,2341600.0
2011-09-19,29.72,31.08,29.2,30.84,,2301400.0
2011-09-20,31.03,31.84,30.41,30.46,,1529800.0
2011-09-21,30.37,32.49,29.78,29.82,,4016800.0
2011-09-22,28.7,29.09,27.65,28.2,,2271900.0
2011-09-23,28.02,28.65,26.84,27.04,,2314500.0
2011-09-26,27.88,28.27,26.64,28.2,,2260100.0
2011-09-27,29.01,29.73,28.44,28.65,,1729200.0
2011-09-28,28.85,29.56,27.53,27.57,,1985500.0
2011-09-29,28.27,28.44,26.57,27.33,,1996300.0
2011-09-30,26.85,27.02,26.25,26.28,,2203800.0
2011-10-03,26.1,26.47,25.39,25.41,,2144000.0
2011-10-04,24.99,26.32,24.4,26.29,,2500000.0
2011-10-05,26.38,27.44,25.77,27.41,,1774000.0
2011-10-06,27.25,28.03,26.71,27.88,,1626800.0
2011-10-07,28.02,28.18,27.23,27.48,,1143500.0
2011-10-10,28.07,29.04,28.07,28.85,,1102000.0
2011-10-11,28.57,29.27,28.34,28.71,,1146900.0
2011-10-12,29.12,29.67,28.94,28.96,,1291800.0
2011-10-13,28.85,30.18,28.18,29.83,,1993700.0
2011-10-14,30.08,31.07,29.62,31.04,,1781000.0
2011-10-17,31.04,31.99,30.87,31.23,,2136600.0
2011-10-18,31.17,32.79,30.6,32.37,,1791800.0
2011-10-19,32.27,33.04,31.91,32.09,,1775400.0
2011-10-20,31.97,32.72,31.62,32.54,,1850900.0
2011-10-21,32.91,33.68,32.83,33.29,,1566600.0
2011-10-24,33.6,33.76,33.25,33.66,,1003700.0
2011-10-25,33.69,33.71,32.42,32.51,,1391500.0
2011-10-26,33.23,33.37,32.36,33.07,,2169000.0
2011-10-27,34.97,36.0,30.26,31.82,,7330800.0
2011-10-28,31.24,33.1,31.17,32.47,,2896200.0
2011-10-31,32.19,32.19,31.25,31.27,,1735700.0
2011-11-01,30.3,30.6,29.82,30.23,,2751300.0
2011-11-02,31.1,31.19,30.4,30.88,,1691200.0
2011-11-03,31.13,31.68,30.89,31.55,,1485800.0
2011-11-04,31.34,31.61,30.92,31.36,,1674300.0
2011-11-07,31.35,31.66,30.64,31.27,,972300.0
2011-11-08,31.42,32.15,30.98,32.07,,1625500.0
2011-11-09,31.15,31.5,30.44,30.58,,1513600.0
2011-11-10,31.28,31.64,30.55,31.07,,1449300.0
2011-11-11,31.49,32.05,31.3,32.04,,1200500.0
2011-11-14,31.5,31.58,30.93,31.36,,1514400.0
2011-11-15,31.12,31.5,30.81,31.04,,1797600.0
2011-11-16,30.69,30.99,29.83,29.89,,2453900.0
2011-11-17,29.78,30.29,29.03,29.26,,2788700.0
2011-11-18,29.39,29.67,29.03,29.16,,1477300.0
2011-11-21,28.58,28.84,27.84,28.23,,1796300.0
2011-11-22,28.13,28.61,27.99,28.31,,1941300.0
2011-11-23,27.74,28.04,27.47,27.57,,1810500.0
2011-11-25,27.47,27.82,27.31,27.35,,549400.0
2011-11-28,28.16,28.43,27.95,28.17,,1420600.0
2011-11-29,28.23,29.16,28.23,29.02,,1730000.0
2011-11-30,29.96,30.66,29.75,30.64,,2792700.0
2011-12-01,30.45,31.08,30.31,30.33,,1666000.0
2011-12-02,30.66,30.78,30.04,30.09,,322469.0
2011-12-05,30.78,30.85,29.92,30.11,,321009.0
2011-12-06,30.2,30.32,29.55,29.56,,1997700.0
2011-12-07,29.53,29.78,28.58,28.74,,2464700.0
2011-12-08,30.04,30.04,27.89,28.04,,3753500.0
2011-12-09,28.34,28.58,27.88,27.99,,2130500.0
2011-12-12,28.17,28.3,26.8,27.53,,2506100.0
2011-12-13,27.6,28.35,26.84,27.06,,2244200.0
2011-12-14,26.83,26.87,26.1,26.45,,2153700.0
2011-12-15,26.85,26.9,26.31,26.47,,2052000.0
2011-12-16,26.83,26.94,26.34,26.85,,1917600.0
2011-12-19,27.03,27.03,26.25,26.34,,1257600.0
2011-12-20,26.8,27.33,26.73,27.1,,1234800.0
2011-12-21,26.95,27.64,26.74,27.57,,1503100.0
2011-12-22,27.58,27.73,27.25,27.41,,1156600.0
2011-12-23,27.54,27.66,27.25,27.66,,654600.0
2011-12-27,27.72,27.83,27.46,27.64,,540200.0
2011-12-28,27.56,27.64,26.9,27.01,,795700.0
2011-12-29,27.17,27.42,27.04,27.26,,518300.0
2011-12-30,27.19,27.27,27.06,27.08,,648300.0
2012-01-03,27.67,27.86,26.76,26.94,,2197300.0
2012-01-04,26.88,27.65,26.69,27.57,,2273600.0
2012-01-05,27.42,27.9,27.13,27.73,,1743200.0
2012-01-06,27.86,27.95,27.51,27.57,,976900.0
2012-01-09,27.55,27.64,26.94,27.0,,1123300.0
2012-01-10,27.23,27.55,26.43,26.53,,2302200.0
2012-01-11,26.36,26.36,24.96,25.16,,4486600.0
2012-01-12,25.1,25.43,24.19,24.29,,3639700.0
2012-01-13,23.86,24.24,23.78,24.12,,2628700.0
2012-01-17,24.26,24.41,23.93,24.03,,1732300.0
2012-01-18,24.02,24.18,23.84,24.08,,2160600.0
2012-01-19,24.12,24.12,23.46,23.54,,2746000.0
2012-01-20,23.5,23.67,22.75,22.88,,3280700.0
2012-01-23,23.52,24.92,23.47,24.77,,5104000.0
2012-01-24,24.35,24.7,24.08,24.56,,3493300.0
2012-01-25,24.57,25.26,23.96,25.18,,3012700.0
2012-01-26,25.65,25.67,23.62,23.89,,2933900.0
2012-01-27,23.8,24.2,23.58,24.11,,1968800.0
2012-01-30,23.62,24.56,23.59,24.53,,2293300.0
2012-01-31,24.8,25.34,24.78,24.97,,2726300.0
2012-02-01,25.18,25.21,24.42,24.7,,2159400.0
2012-02-02,24.68,24.9,24.37,24.74,,1564200.0
2012-02-03,25.03,25.05,24.58,24.67,,1930500.0
2012-02-06,24.58,25.13,24.51,25.11,,2254600.0
2012-02-07,25.09,25.25,24.79,25.05,,1595900.0
2012-02-08,25.12,25.16,24.49,24.66,,2677600.0
2012-02-09,24.7,25.07,24.46,24.88,,2077900.0
2012-02-10,24.75,24.75,24.03,24.22,,2166500.0
2012-02-13,24.39,24.61,23.97,24.19,,1173500.0
2012-02-14,24.12,24.54,24.11,24.48,,1953500.0
2012-02-15,24.63,24.98,24.53,24.98,,2097000.0
2012-02-16,25.0,25.52,24.82,25.46,,1937400.0
2012-02-17,25.88,26.87,25.69,26.13,,2401200.0
2012-02-21,26.27,26.3,25.92,26.16,,1873900.0
2012-02-22,26.16,26.42,25.76,26.12,,1917900.0
2012-02-23,26.12,27.74,25.84,26.9,,3453400.0
2012-02-24,26.86,26.97,26.69,26.82,,1605200.0
2012-02-27,26.8,27.14,26.74,27.05,,1500000.0
2012-02-28,27.02,27.02,26.28,26.57,,1201600.0
2012-02-29,26.6,26.67,26.07,26.32,,1142900.0
2012-03-01,26.39,26.86,26.37,26.75,,1050100.0
2012-03-02,26.66,26.8,26.27,26.37,,1129700.0
2012-03-05,26.21,26.41,25.56,26.15,,1911300.0
2012-03-06,25.8,25.83,25.31,25.57,,1590000.0
2012-03-07,25.64,25.77,25.42,25.62,,1878100.0
2012-03-08,25.81,26.34,25.78,26.2,,1021600.0
2012-03-09,26.22,26.39,25.68,25.75,,1610800.0
2012-03-12,25.68,25.82,25.03,25.06,,1921500.0
2012-03-13,25.2,25.34,24.79,25.23,,1578400.0
2012-03-14,25.21,25.25,24.7,24.76,,1914200.0
2012-03-15,24.73,24.99,24.49,24.88,,1795000.0
2012-03-16,24.82,25.03,24.72,24.91,,2027100.0
2012-03-19,24.84,25.5,24.84,25.34,,1323500.0
2012-03-20,25.14,25.49,25.04,25.31,,1496400.0
2012-03-21,25.22,25.35,24.8,25.09,,1232000.0
2012-03-22,24.79,24.83,24.03,24.22,,1161400.0
2012-03-23,24.15,24.67,24.06,24.53,,1106100.0
2012-03-26,24.72,24.87,24.48,24.82,,907000.0
2012-03-27,24.74,24.96,24.5,24.51,,1098200.0
2012-03-28,24.42,24.49,23.91,24.03,,911300.0
2012-03-29,23.81,23.95,23.33,23.59,,1700100.0
2012-03-30,23.79,24.03,23.68,23.93,,1044200.0
2012-04-02,23.91,24.81,23.77,24.53,,1244400.0
2012-04-03,24.45,24.58,24.25,24.57,,1664100.0
2012-04-04,24.24,24.5,24.18,24.41,,1666100.0
2012-04-05,24.42,24.72,24.21,24.37,,1341700.0
2012-04-09,23.91,24.26,23.83,24.13,,1113800.0
2012-04-10,24.04,24.09,23.39,23.56,,1950600.0
2012-04-11,23.79,23.9,22.72,22.86,,2248400.0
2012-04-12,22.87,23.32,22.85,23.13,,1482700.0
2012-04-13,23.1,23.21,22.85,22.92,,1203900.0
2012-04-16,23.02,23.13,22.43,22.5,,1681800.0
2012-04-17,22.72,23.07,22.61,23.01,,1509600.0
2012-04-18,22.87,22.93,22.68,22.82,,1678800.0
2012-04-19,22.84,23.37,22.79,23.32,,1515500.0
2012-04-20,23.41,23.72,23.1,23.16,,1778800.0
2012-04-23,22.84,23.31,22.65,23.06,,1448900.0
2012-04-24,23.13,23.2,22.9,23.02,,727300.0
2012-04-25,23.23,23.62,23.07,23.53,,2148400.0
2012-04-26,22.99,24.13,22.7,23.59,,2606500.0
2012-04-27,23.61,23.78,23.27,23.74,,2072900.0
2012-04-30,24.05,24.86,23.87,24.73,,2630300.0
2012-05-01,24.84,25.66,24.54,25.57,,2724200.0
2012-05-02,25.19,25.19,24.5,24.65,,2314400.0
2012-05-03,24.63,24.92,24.44,24.52,,1783800.0
2012-05-04,24.3,24.4,24.0,24.32,,1572800.0
2012-05-07,24.24,24.47,23.84,24.34,,1206600.0
2012-05-08,24.1,24.64,23.9,24.57,,1926100.0
2012-05-09,24.2,25.04,23.97,24.87,,2710200.0
2012-05-10,25.04,25.21,24.71,24.85,,1776100.0
2012-05-11,24.6,25.51,24.57,24.93,,1576600.0
2012-05-14,24.65,24.75,24.24,24.31,,1345000.0
2012-05-15,24.28,24.33,23.09,23.17,,1878100.0
2012-05-16,23.29,24.0,23.23,23.3,,2347600.0
2012-05-17,23.33,23.37,22.9,22.93,,2299100.0
2012-05-18,23.06,23.35,22.83,22.92,,1736700.0
2012-05-21,22.99,23.35,22.75,23.33,,1078700.0
2012-05-22,23.33,23.7,22.97,23.15,,1582500.0
2012-05-23,22.94,23.54,22.54,23.49,,1179200.0
2012-05-24,23.55,23.62,22.89,23.22,,1265300.0
2012-05-25,23.22,23.46,23.19,23.38,,917700.0
2012-05-29,23.56,23.88,23.51,23.71,,1587900.0
2012-05-30,23.5,23.5,22.56,22.59,,1499600.0
2012-05-31,22.59,23.35,22.04,23.12,,2297000.0
2012-06-01,22.75,22.79,22.25,22.29,,1605400.0
2012-06-04,22.38,22.49,21.78,21.93,,2777100.0
2012-06-05,21.87,22.35,21.83,22.21,,1387200.0
2012-06-06,22.44,22.96,22.4,22.95,,1175700.0
2012-06-07,23.2,23.5,22.73,22.8,,1427000.0
2012-06-08,22.66,23.01,22.41,23.01,,1530700.0
2012-06-11,23.28,23.34,22.68,22.71,,1310700.0
2012-06-12,22.73,23.2,22.68,23.06,,1334100.0
2012-06-13,22.96,23.21,22.63,22.74,,1083300.0
2012-06-14,22.8,23.97,22.7,23.68,,2019000.0
2012-06-15,23.7,24.35,23.49,24.22,,1759900.0
2012-06-18,24.12,24.36,23.8,24.29,,2264900.0
2012-06-19,24.38,25.06,24.37,24.81,,1900100.0
2012-06-20,24.84,25.53,24.82,25.3,,3011200.0
2012-06-21,25.58,25.79,24.97,25.15,,3737500.0
2012-06-22,25.39,25.61,24.92,25.5,,2379400.0
2012-06-25,25.43,25.5,24.84,25.49,,2253400.0
2012-06-26,25.52,26.0,25.46,25.78,,2794300.0
2012-06-27,25.94,26.94,25.71,26.84,,2991000.0
2012-06-28,26.65,27.02,26.37,26.95,,2174200.0
2012-06-29,27.33,27.52,26.47,26.74,,2584400.0
2012-07-02,27.0,27.0,26.31,26.82,,2025400.0
2012-07-03,27.0,27.42,26.85,27.21,,1480400.0
2012-07-05,27.1,27.54,27.05,27.22,,1613100.0
2012-07-06,26.74,27.17,26.66,26.9,,1906800.0
2012-07-09,26.91,27.25,26.8,27.2,,1278100.0
2012-07-10,27.27,27.44,26.35,26.54,,1881000.0
2012-07-11,26.7,26.88,26.31,26.59,,1854800.0
2012-07-12,26.32,26.53,26.02,26.42,,2245400.0
2012-07-13,26.53,27.49,26.5,27.45,,1729600.0
2012-07-16,27.32,27.81,27.26,27.53,,2133400.0
2012-07-17,27.59,27.88,27.27,27.86,,1350600.0
2012-07-18,27.75,28.11,27.64,27.83,,1363100.0
2012-07-19,27.87,27.94,27.51,27.62,,2151500.0
2012-07-20,27.55,28.2,27.15,28.18,,1628100.0
2012-07-23,27.7,28.15,27.57,28.05,,1387000.0
2012-07-24,28.09,28.33,27.29,27.61,,1348600.0
2012-07-25,27.67,27.92,26.9,27.26,,2002100.0
2012-07-26,27.84,28.46,27.51,27.8,,2155600.0
2012-07-27,27.85,28.49,27.62,28.41,,1621100.0
2012-07-30,28.42,29.09,28.38,28.69,,1715300.0
2012-07-31,28.71,28.71,28.11,28.12,,1271400.0
2012-08-01,27.88,27.88,27.88,27.88,,1004100.0
2012-08-02,27.56,27.56,26.42,26.6,,2057100.0
2012-08-03,27.06,27.38,26.9,27.02,,1221400.0
2012-08-06,27.14,27.63,27.08,27.48,,1314200.0
2012-08-07,27.59,28.29,27.59,28.09,,1507400.0
2012-08-08,27.97,28.07,27.74,27.92,,929100.0
2012-08-09,27.79,28.87,27.7,28.45,,1459500.0
2012-08-10,28.2,28.2,27.69,27.89,,1169700.0
2012-08-13,27.78,28.18,27.67,27.79,,565200.0
2012-08-14,27.89,27.99,27.48,27.56,,823400.0
2012-08-15,27.6,27.68,27.36,27.62,,1133600.0
2012-08-16,27.55,28.17,27.53,28.06,,1113300.0
2012-08-17,28.15,28.52,27.94,28.25,,1247100.0
2012-08-20,28.45,28.5,27.98,28.26,,965600.0
2012-08-21,28.34,28.84,28.21,28.33,,1425200.0
2012-08-22,28.29,28.29,27.87,28.16,,870900.0
2012-08-23,28.06,28.09,27.2,27.25,,994600.0
2012-08-24,27.12,27.22,26.92,27.02,,1409200.0
2012-08-27,27.14,27.16,26.86,27.03,,962000.0
2012-08-28,27.02,27.06,26.63,26.77,,1126500.0
2012-08-29,26.78,26.86,26.48,26.73,,965600.0
2012-08-30,26.58,26.88,26.37,26.8,,1159400.0
2012-08-31,26.94,27.19,26.72,27.01,,979300.0
2012-09-04,26.9,26.92,26.37,26.69,,1178400.0
2012-09-05,26.72,26.74,26.44,26.65,,823100.0
2012-09-06,26.93,27.44,26.86,27.26,,772200.0
2012-09-07,27.29,27.64,27.27,27.61,,627900.0
2012-09-10,27.71,27.94,27.47,27.48,,848800.0
2012-09-11,27.6,28.51,27.56,28.44,,1836700.0
2012-09-12,28.52,28.94,28.32,28.84,,1280700.0
2012-09-13,28.9,29.13,28.34,28.91,,1077300.0
2012-09-14,28.97,29.66,28.97,29.65,,1267900.0
2012-09-17,29.56,29.76,29.0,29.07,,979000.0
2012-09-18,29.07,29.2,28.6,28.84,,935700.0
2012-09-19,28.82,28.85,28.42,28.59,,753100.0
2012-09-20,28.37,28.67,28.2,28.66,,820500.0
2012-09-21,28.88,29.22,28.76,29.15,,1221100.0
2012-09-24,28.97,29.09,28.9,28.98,,897800.0
2012-09-25,28.97,29.03,28.56,28.57,,700400.0
2012-09-26,28.56,28.91,28.33,28.5,,632300.0
2012-09-27,28.76,29.66,28.7,29.45,,1165500.0
2012-09-28,29.28,29.67,29.11,29.53,,889100.0
2012-10-01,29.75,30.33,29.69,30.05,,1956800.0
2012-10-02,30.01,30.17,29.59,29.85,,895900.0
2012-10-03,29.79,29.82,29.04,29.19,,924200.0
2012-10-04,29.39,30.08,29.33,29.96,,1854800.0
2012-10-05,30.12,30.28,29.77,29.94,,1022600.0
2012-10-08,29.73,30.26,29.69,30.05,,834800.0
2012-10-09,30.13,30.45,30.07,30.27,,789800.0
2012-10-10,30.25,30.29,29.69,29.87,,687800.0
2012-10-11,30.13,30.71,29.96,30.45,,1075700.0
2012-10-12,30.46,30.65,30.01,30.19,,615200.0
2012-10-15,30.13,30.44,29.72,29.97,,853200.0
2012-10-16,30.13,30.35,30.06,30.29,,580600.0
2012-10-17,30.5,30.72,30.34,30.56,,649800.0
2012-10-18,30.47,30.69,30.33,30.64,,484000.0
2012-10-19,30.63,30.83,29.91,30.11,,1081600.0
2012-10-22,30.17,30.2,29.34,29.6,,1440300.0
2012-10-23,29.06,29.28,28.75,29.08,,1097900.0
2012-10-24,29.2,29.8,28.89,29.02,,1647000.0
2012-10-25,29.36,30.71,29.24,30.39,,2087800.0
2012-10-26,30.35,31.35,30.28,31.24,,1605500.0
2012-10-31,31.14,31.17,30.21,30.34,,2073300.0
2012-11-01,30.11,30.96,30.03,30.58,,828300.0
2012-11-02,30.91,30.99,30.2,30.29,,1022900.0
2012-11-05,30.06,30.81,30.06,30.65,,804800.0
2012-11-06,30.8,31.35,30.77,31.02,,801100.0
2012-11-07,30.67,30.67,29.81,30.04,,1391300.0
2012-11-08,30.08,30.29,29.53,29.53,,661800.0
2012-11-09,29.37,29.81,29.18,29.46,,965200.0
2012-11-12,29.54,29.73,29.35,29.68,,579700.0
2012-11-13,29.43,30.67,29.33,30.19,,1323000.0
2012-11-14,30.25,30.55,29.97,30.24,,1293500.0
2012-11-15,30.25,30.48,29.91,30.07,,1136000.0
2012-11-16,30.08,30.42,29.72,30.25,,1084300.0
2012-11-19,30.72,30.97,30.49,30.86,,1127400.0
2012-11-20,30.69,30.85,30.49,30.76,,865900.0
2012-11-21,30.79,31.18,30.71,31.1,,749400.0
2012-11-23,31.22,31.52,31.06,31.52,,242000.0
2012-11-26,31.11,31.26,30.68,30.78,,1205700.0
2012-11-27,30.73,30.8,30.33,30.38,,1228200.0
2012-11-28,30.13,31.07,30.04,31.05,,1209000.0
2012-11-29,31.17,31.43,30.36,30.41,,1755200.0
2012-11-30,30.47,30.75,30.01,30.17,,1967800.0
2012-12-03,30.44,30.68,29.8,29.83,,1433300.0
2012-12-04,29.55,29.73,29.01,29.03,,2560500.0
2012-12-05,29.24,29.8,29.0,29.52,,1879500.0
2012-12-06,29.53,29.68,29.35,29.59,,1427900.0
2012-12-07,29.69,29.73,29.5,29.55,,811400.0
2012-12-10,29.44,29.51,28.48,29.0,,2012200.0
2012-12-11,29.01,29.33,28.83,29.18,,1060200.0
2012-12-12,29.21,29.84,29.16,29.24,,814800.0
2012-12-13,29.24,29.24,28.58,28.61,,966700.0
2012-12-14,28.36,28.68,28.36,28.47,,974400.0
2012-12-17,28.49,28.8,28.45,28.77,,1953400.0
2012-12-18,28.81,29.38,28.74,29.26,,1273100.0
2012-12-19,29.57,29.57,28.63,28.64,,1301800.0
2012-12-20,28.79,30.24,28.79,29.72,,3882900.0
2012-12-21,29.22,30.34,29.19,30.19,,2829800.0
2012-12-24,29.87,29.96,29.42,29.75,,642600.0
2012-12-26,29.87,29.92,29.48,29.63,,970900.0
2012-12-27,29.62,29.66,29.1,29.45,,1140900.0
2012-12-28,29.25,29.48,29.15,29.2,,916500.0
2012-12-31,29.07,29.63,28.66,29.63,,1756100.0
2013-01-02,30.18,30.19,28.57,29.3,,2848200.0
2013-01-03,29.12,29.93,28.91,29.67,,1332200.0
2013-01-04,29.75,30.5,29.64,30.35,,1310000.0
2013-01-07,30.3,30.61,30.03,30.38,,1689600.0
2013-01-08,30.32,30.37,29.44,29.48,,1764000.0
2013-01-09,29.52,29.54,28.55,28.73,,1958600.0
2013-01-10,28.86,29.05,28.57,28.98,,1272200.0
2013-01-11,29.1,29.36,29.05,29.35,,1120600.0
2013-01-14,29.34,29.66,29.24,29.39,,1058900.0
2013-01-15,29.2,29.61,29.12,29.61,,932900.0
2013-01-16,29.5,29.7,29.01,29.47,,1157800.0
2013-01-17,29.36,29.76,29.22,29.67,,1696400.0
2013-01-18,29.56,29.9,29.36,29.89,,1090900.0
2013-01-22,29.9,30.45,29.68,30.36,,1778300.0
2013-01-23,30.27,30.27,29.65,29.95,,1615400.0
2013-01-24,30.2,31.36,30.04,30.52,,2274500.0
2013-01-25,30.73,31.23,30.61,31.12,,1415500.0
2013-01-28,30.99,31.03,30.21,30.24,,1649300.0
2013-01-29,30.24,30.44,29.87,30.34,,2060600.0
2013-01-30,30.41,30.8,30.29,30.47,,1726600.0
2013-01-31,30.37,30.44,29.78,29.84,,2013600.0
2013-02-01,30.05,30.05,29.58,29.91,,2770600.0
2013-02-04,29.76,30.1,29.59,30.06,,2382600.0
2013-02-05,30.19,31.17,30.16,31.08,,2021200.0
2013-02-06,30.88,31.22,30.74,31.21,,1630700.0
2013-02-07,31.14,31.35,30.93,31.04,,1441400.0
2013-02-08,31.14,31.15,30.81,31.06,,1294900.0
2013-02-11,31.02,31.02,30.54,30.83,,653500.0
2013-02-12,30.88,30.94,30.45,30.48,,1095700.0
2013-02-13,30.52,30.72,30.38,30.51,,920300.0
2013-02-14,30.46,30.71,30.35,30.41,,1363600.0
2013-02-15,30.39,30.4,29.67,29.84,,1121300.0
2013-02-19,29.94,30.52,29.94,30.52,,912100.0
2013-02-20,30.58,30.58,29.75,29.79,,916400.0
2013-02-21,29.79,29.93,29.31,29.74,,911900.0
2013-02-22,29.89,30.44,29.78,30.44,,1130500.0
2013-02-25,30.59,30.8,29.59,29.59,,1270500.0
2013-02-26,29.72,30.02,29.08,30.0,,1397200.0
2013-02-27,29.92,31.06,29.89,30.96,,1649300.0
2013-02-28,30.92,31.86,30.79,31.71,,1790600.0
2013-03-01,31.48,32.14,31.35,32.12,,1986600.0
2013-03-04,32.05,32.22,31.18,31.5,,2355500.0
2013-03-05,31.72,31.96,31.68,31.71,,1602000.0
2013-03-06,31.86,32.05,31.63,31.84,,1368300.0
2013-03-07,31.89,33.26,31.8,33.02,,2106200.0
2013-03-08,33.08,33.09,32.44,32.8,,1381200.0
2013-03-11,32.74,32.85,32.3,32.74,,3146400.0
2013-03-12,32.79,32.91,32.49,32.87,,1050000.0
2013-03-13,32.86,33.12,32.66,32.84,,1693700.0
2013-03-14,32.89,34.13,32.85,34.08,,2308100.0
2013-03-15,33.93,34.34,33.3,33.52,,2320800.0
2013-03-18,33.13,33.72,33.11,33.42,,1029800.0
2013-03-19,33.52,33.82,33.04,33.72,,2054500.0
2013-03-20,33.91,33.97,33.36,33.77,,1087900.0
2013-03-21,33.61,33.94,33.37,33.52,,1074500.0
2013-03-22,33.68,33.82,33.52,33.62,,1151100.0
2013-03-25,33.67,34.4,33.63,33.73,,1269400.0
2013-03-26,33.87,34.29,33.68,34.27,,988200.0
2013-03-27,34.04,34.35,33.69,34.24,,1030400.0
2013-03-28,34.24,34.38,34.0,34.05,,1112600.0
2013-04-01,34.14,34.31,33.43,34.02,,837500.0
2013-04-02,34.13,34.28,33.65,33.81,,983700.0
2013-04-03,33.74,33.77,32.64,32.83,,1534600.0
2013-04-04,33.01,33.25,32.74,33.0,,989700.0
2013-04-05,32.66,34.08,32.66,33.89,,1451700.0
2013-04-08,33.81,34.81,33.61,34.81,,2028100.0
2013-04-09,34.79,35.22,34.38,34.88,,1539100.0
2013-04-10,35.04,35.2,34.79,35.15,,1647500.0
2013-04-11,35.23,35.42,34.88,34.94,,852200.0
2013-04-12,34.68,34.78,34.04,34.63,,1227900.0
2013-04-15,34.47,34.52,32.95,32.96,,2051700.0
2013-04-16,33.37,33.67,33.04,33.59,,1235400.0
2013-04-17,33.37,33.48,32.52,33.21,,1840600.0
2013-04-18,33.34,34.05,32.96,33.65,,1634600.0
2013-04-19,33.75,33.79,33.33,33.5,,1923900.0
2013-04-22,33.59,33.73,33.13,33.59,,1122100.0
2013-04-23,33.72,34.09,33.43,34.07,,1690500.0
2013-04-24,34.24,34.83,34.08,34.47,,1841800.0
2013-04-25,35.81,37.99,35.81,37.17,,3894000.0
2013-04-26,37.17,37.44,36.92,37.12,,1504200.0
2013-04-29,37.4,38.65,37.4,38.07,,1641300.0
2013-04-30,38.04,38.12,37.52,37.75,,1642100.0
2013-05-01,37.59,38.21,37.25,38.11,,2096500.0
2013-05-02,38.2,38.4,37.0,37.39,,1948300.0
2013-05-03,38.22,38.5,37.56,37.76,,2028700.0
2013-05-06,37.7,38.45,37.69,38.02,,1291200.0
2013-05-07,38.16,38.42,37.67,38.08,,1938500.0
2013-05-08,38.09,38.19,37.61,37.89,,2293000.0
2013-05-09,38.08,38.37,37.66,38.29,,1518500.0
2013-05-10,38.05,38.15,37.64,38.1,,942800.0
2013-05-13,38.02,38.25,37.47,37.64,,1058600.0
2013-05-14,37.77,38.49,37.66,38.46,,1015100.0
2013-05-15,38.27,39.41,38.15,38.89,,1533600.0
2013-05-16,38.7,39.16,38.34,38.49,,1345000.0
2013-05-17,38.53,39.79,38.53,39.74,,1459100.0
2013-05-20,39.82,41.01,39.81,40.94,,2384400.0
2013-05-21,40.89,41.29,40.61,40.72,,2114800.0
2013-05-22,40.6,41.02,39.84,40.17,,1716600.0
2013-05-23,39.87,40.44,39.31,40.15,,1123800.0
2013-05-24,39.91,40.61,39.66,40.51,,1143000.0
2013-05-28,41.0,41.34,40.48,40.64,,1001100.0
2013-05-29,40.4,40.78,40.31,40.52,,977300.0
2013-05-30,40.56,41.13,40.34,40.93,,1078800.0
2013-05-31,41.15,41.9,40.16,40.16,,2359100.0
2013-06-03,40.22,40.86,39.87,40.11,,1349900.0
2013-06-04,40.04,40.44,39.39,39.8,,1045200.0
2013-06-05,39.68,39.9,38.93,38.96,,1519800.0
2013-06-06,39.15,39.87,38.68,39.4,,1928900.0
2013-06-07,39.62,40.94,39.5,40.94,,1205000.0
2013-06-10,41.48,41.54,40.72,41.14,,1045600.0
2013-06-11,40.67,40.79,40.15,40.42,,883100.0
2013-06-12,40.78,40.78,39.68,39.71,,1053700.0
2013-06-13,39.53,40.28,39.49,40.24,,980100.0
2013-06-14,40.27,40.39,39.82,40.07,,717200.0
2013-06-17,40.24,41.11,39.83,41.07,,1069400.0
2013-06-18,41.08,42.1,40.83,42.06,,1450800.0
2013-06-19,41.99,42.23,41.4,41.43,,852800.0
2013-06-20,40.82,40.88,39.58,39.82,,1307600.0
2013-06-21,40.1,40.32,39.55,40.05,,1276800.0
2013-06-24,39.57,40.86,38.9,40.37,,1451500.0
2013-06-25,40.91,40.96,40.25,40.5,,1275600.0
2013-06-26,40.64,41.17,40.3,40.73,,1241500.0
2013-06-27,40.77,41.23,40.63,40.72,,818200.0
2013-06-28,40.54,40.65,39.74,39.9,,3113900.0
2013-07-01,40.12,40.66,40.03,40.08,,1242300.0
2013-07-02,40.1,40.57,39.9,40.07,,1185000.0
2013-07-03,40.03,40.18,39.5,40.06,,642200.0
2013-07-05,40.48,40.48,39.89,40.19,,970100.0
2013-07-08,40.45,41.27,40.38,40.88,,1389700.0
2013-07-09,41.04,41.5,40.87,40.92,,1301900.0
2013-07-10,41.1,41.31,40.65,41.13,,934700.0
2013-07-11,41.62,42.33,41.31,41.48,,1406200.0
2013-07-12,41.39,41.64,41.08,41.32,,1044500.0
2013-07-15,41.24,41.45,40.45,40.46,,1307600.0
2013-07-16,40.45,40.91,40.27,40.77,,1167200.0
2013-07-17,41.04,41.63,40.88,41.11,,1106500.0
2013-07-18,41.38,42.58,41.38,42.36,,1031300.0
2013-07-19,42.51,42.51,41.63,41.99,,1074900.0
2013-07-22,41.88,42.1,41.41,41.49,,920700.0
2013-07-23,41.5,41.78,41.32,41.36,,997800.0
2013-07-24,41.29,41.3,40.61,40.97,,1356900.0
2013-07-25,41.23,43.19,40.63,43.0,,3096600.0
2013-07-26,42.67,43.46,42.34,42.86,,1576000.0
2013-07-29,42.74,42.95,42.46,42.49,,2804700.0
2013-07-30,42.62,43.16,42.49,43.1,,2156100.0
2013-07-31,43.35,44.32,43.17,43.49,,2316000.0
2013-08-01,43.97,44.36,43.67,43.85,,1209900.0
2013-08-02,43.82,44.07,43.43,43.68,,968500.0
2013-08-05,43.64,43.66,43.18,43.34,,1023500.0
2013-08-06,43.4,43.74,42.72,42.91,,904000.0
2013-08-07,42.83,42.9,42.0,42.19,,1302700.0
2013-08-08,42.4,42.74,41.85,42.69,,1289100.0
2013-08-09,42.59,42.81,42.47,42.55,,829900.0
2013-08-12,42.43,42.64,41.85,42.01,,1005000.0
2013-08-13,41.89,42.38,41.6,42.35,,1251900.0
2013-08-14,42.0,42.65,41.97,42.33,,975300.0
2013-08-15,42.09,42.37,41.68,42.27,,900100.0
2013-08-16,42.07,42.67,41.86,42.06,,787200.0
2013-08-19,42.18,42.83,41.6,41.65,,1048500.0
2013-08-20,41.84,42.56,41.55,42.08,,833500.0
2013-08-21,42.14,42.25,41.71,41.81,,516600.0
2013-08-22,42.01,43.3,41.96,43.06,,744400.0
2013-08-23,42.95,43.05,42.53,42.9,,613700.0
2013-08-26,43.08,43.26,42.77,42.91,,590600.0
2013-08-27,42.37,42.72,42.37,42.48,,883000.0
2013-08-28,42.41,43.7,42.41,43.51,,688300.0
2013-08-29,43.35,43.44,42.92,43.08,,661500.0
2013-08-30,43.07,43.18,42.75,43.11,,914900.0
2013-09-03,43.74,43.96,43.45,43.68,,1068400.0
2013-09-04,43.49,43.5,42.84,43.17,,794800.0
2013-09-05,43.15,43.45,42.79,42.82,,585900.0
2013-09-06,42.89,43.11,42.3,42.62,,889200.0
2013-09-09,42.91,43.35,42.88,43.31,,690400.0
2013-09-10,43.46,43.46,42.79,43.13,,458000.0
2013-09-11,43.19,43.93,42.97,43.9,,687300.0
2013-09-12,43.84,44.19,43.5,43.87,,927600.0
2013-09-13,44.02,45.02,43.55,44.32,,1446500.0
2013-09-16,44.86,45.27,44.45,44.75,,924000.0
2013-09-17,44.75,45.48,44.67,45.27,,605400.0
2013-09-18,45.33,46.4,45.17,46.4,,1185800.0
2013-09-19,46.65,47.49,46.12,46.55,,1392900.0
2013-09-20,46.5,46.74,45.66,45.89,,1976200.0
2013-09-23,45.63,46.09,45.41,45.92,,720300.0
2013-09-24,45.87,46.0,45.38,45.45,,842100.0
2013-09-25,45.55,46.07,45.03,45.16,,1616900.0
2013-09-26,45.27,46.09,45.1,45.97,,1143500.0
2013-09-27,45.72,45.93,45.08,45.45,,761800.0
2013-09-30,44.76,45.01,44.42,44.62,,1249800.0
2013-10-01,44.75,45.07,44.32,44.7,,1303700.0
2013-10-02,44.62,44.63,43.63,43.75,,1573300.0
2013-10-03,43.62,43.92,43.09,43.43,,1036900.0
2013-10-04,43.59,44.31,43.34,44.04,,1043100.0
2013-10-07,43.38,43.96,42.87,43.25,,1810100.0
2013-10-08,43.39,43.59,42.86,42.87,,1425900.0
2013-10-09,42.86,43.93,42.62,43.64,,2210500.0
2013-10-10,44.42,45.08,43.92,44.69,,1394500.0
2013-10-11,44.54,45.18,44.36,44.75,,637700.0
2013-10-14,44.56,45.18,44.4,45.15,,633000.0
2013-10-15,44.95,45.23,44.35,44.75,,948100.0
2013-10-16,45.2,46.08,45.13,45.66,,862400.0
2013-10-17,45.49,45.93,44.57,45.06,,951600.0
2013-10-18,45.34,45.46,44.7,45.09,,734100.0
2013-10-21,45.18,45.28,44.62,44.92,,708500.0
2013-10-22,44.84,45.25,44.38,44.65,,1564100.0
2013-10-23,44.33,44.54,43.59,44.28,,1670800.0
2013-10-24,45.05,45.05,43.62,43.75,,2425200.0
2013-10-25,44.0,44.37,43.26,44.17,,2262400.0
2013-10-28,44.07,44.68,43.96,44.01,,1246900.0
2013-10-29,44.21,44.56,43.75,43.98,,1365100.0
2013-10-30,44.14,44.79,42.88,43.45,,1528900.0
2013-10-31,43.55,43.57,42.79,43.07,,1089500.0
2013-11-01,43.13,43.55,42.4,43.01,,1573100.0
2013-11-04,43.24,43.42,42.84,43.32,,1136500.0
2013-11-05,43.26,43.26,42.5,42.5,,1243400.0
2013-11-06,42.89,43.14,41.72,41.76,,2217500.0
2013-11-07,41.87,41.98,40.61,40.77,,2444700.0
2013-11-08,40.74,42.11,40.74,41.95,,2249200.0
2013-11-11,41.8,42.01,41.49,41.91,,968300.0
2013-11-12,42.25,42.78,42.07,42.52,,2092700.0
2013-11-13,42.52,42.78,41.95,42.7,,1448500.0
2013-11-14,42.8,43.17,42.11,42.89,,1403200.0
2013-11-15,42.91,43.25,42.4,42.84,,1938600.0
2013-11-18,43.09,43.19,42.22,42.3,,1708000.0
2013-11-19,42.3,42.68,41.92,42.31,,1572600.0
2013-11-20,42.92,43.14,42.51,42.77,,1238400.0
2013-11-21,43.05,44.2,42.9,44.12,,1379400.0
2013-11-22,44.29,44.29,43.35,44.11,,965500.0
2013-11-25,44.14,44.32,43.62,44.05,,1737500.0
2013-11-26,44.03,44.26,43.61,43.69,,830400.0
2013-11-27,43.54,43.67,43.0,43.16,,624600.0
2013-11-29,43.13,43.42,42.67,42.84,,546600.0
2013-12-02,42.83,43.09,42.31,42.58,,1118700.0
2013-12-03,42.28,42.5,41.89,41.97,,1638300.0
2013-12-04,41.92,42.14,41.57,42.04,,1035000.0
2013-12-05,42.02,43.39,41.79,43.29,,1911300.0
2013-12-06,43.88,44.21,42.93,43.12,,1631300.0
2013-12-09,43.54,44.13,43.08,44.12,,1379200.0
2013-12-10,44.07,44.61,43.71,44.34,,1704600.0
2013-12-11,44.26,44.4,43.22,43.5,,2657200.0
2013-12-12,43.55,44.03,43.42,43.87,,1281800.0
2013-12-13,43.94,44.17,43.42,44.09,,1044400.0
2013-12-16,44.0,44.17,43.27,43.87,,1563500.0
2013-12-17,43.8,43.88,42.84,43.2,,1511700.0
2013-12-18,43.2,43.2,41.3,42.6,,4292700.0
2013-12-19,42.55,43.98,42.45,43.92,,2501300.0
2013-12-20,44.23,44.85,44.08,44.66,,2202300.0
2013-12-23,44.85,45.53,44.73,45.07,,1473800.0
2013-12-24,45.52,45.52,44.92,45.46,,265300.0
2013-12-26,45.36,45.81,45.36,45.44,,740000.0
2013-12-27,45.37,45.62,45.17,45.41,,418900.0
2013-12-30,45.66,45.9,45.12,45.19,,581900.0
2013-12-31,45.12,45.48,44.98,45.19,,743800.0
2014-01-02,45.24,45.39,44.35,44.66,,807800.0
2014-01-03,44.56,44.71,43.77,44.08,,724200.0
2014-01-06,44.19,44.54,43.71,44.18,,1085300.0
2014-01-07,44.3,45.39,44.15,44.21,,1334000.0
2014-01-08,44.0,44.54,43.89,44.5,,1499200.0
2014-01-09,44.55,44.79,43.13,43.28,,1400700.0
2014-01-10,43.41,43.48,42.93,43.29,,930000.0
2014-01-13,43.3,43.66,42.4,42.45,,1222400.0
2014-01-14,42.69,43.52,42.69,43.51,,1139600.0
2014-01-15,43.67,43.96,43.36,43.83,,1050000.0
2014-01-16,43.95,44.91,43.75,44.83,,1926200.0
2014-01-17,45.48,45.48,43.98,44.1,,1244400.0
2014-01-21,44.2,45.61,44.2,45.58,,1012900.0
2014-01-22,46.31,47.11,46.01,46.42,,1486700.0
2014-01-23,46.37,46.86,45.85,46.24,,1267800.0
2014-01-24,46.14,46.2,45.38,45.65,,1010700.0
2014-01-27,45.47,45.59,44.38,44.98,,901600.0
2014-01-28,45.07,46.0,45.06,45.85,,909500.0
2014-01-29,45.67,46.11,44.98,45.43,,1511500.0
2014-01-30,45.39,45.69,44.95,45.3,,1044100.0
2014-01-31,45.15,46.78,45.0,46.71,,2415300.0
2014-02-03,46.71,47.06,46.11,46.37,,1799800.0
2014-02-04,46.71,48.56,46.63,48.13,,2511800.0
2014-02-05,48.14,48.25,46.6,47.37,,3267400.0
2014-02-06,47.6,47.82,46.98,47.42,,1734700.0
2014-02-07,47.44,47.89,46.46,47.44,,1669300.0
2014-02-10,47.2,47.62,46.49,47.53,,2472100.0
2014-02-11,47.76,48.24,47.56,48.18,,1414800.0
2014-02-12,48.37,49.09,47.87,47.96,,2068100.0
2014-02-13,47.18,49.0,46.82,48.15,,3318000.0
2014-02-14,48.43,49.21,48.2,49.17,,1711100.0
2014-02-18,49.21,50.48,49.21,50.46,,2066400.0
2014-02-19,50.26,51.33,50.17,50.35,,1795400.0
2014-02-20,50.35,50.57,49.78,50.36,,2596900.0
2014-02-21,50.4,50.95,50.13,50.75,,1428300.0
2014-02-24,50.99,51.5,50.71,51.25,,1723900.0
2014-02-25,51.15,51.44,50.62,50.97,,1546600.0
2014-02-26,50.66,51.04,49.7,50.39,,1530100.0
2014-02-27,50.26,50.98,50.23,50.93,,1266700.0
2014-02-28,51.02,51.69,50.98,51.5,,1228200.0
2014-03-03,51.08,51.76,50.48,50.71,,1197200.0
2014-03-04,51.21,51.49,50.59,51.34,,923300.0
2014-03-05,51.39,51.42,50.37,50.55,,1657100.0
2014-03-06,50.63,50.74,49.83,50.44,,1327000.0
2014-03-07,50.56,50.68,50.36,50.67,,1655500.0
2014-03-10,50.69,51.27,50.33,51.25,,896000.0
2014-03-11,51.16,51.52,50.46,50.68,,850200.0
2014-03-12,50.13,50.83,49.96,50.73,,850800.0
2014-03-13,50.73,51.2,50.45,50.83,,953700.0
2014-03-14,50.87,51.56,50.68,51.53,,900500.0
2014-03-17,51.78,52.04,51.37,51.86,,1187700.0
2014-03-18,51.88,52.72,51.67,52.51,,897500.0
2014-03-19,52.44,52.63,51.51,51.93,,981500.0
2014-03-20,51.71,52.21,51.44,52.06,,963200.0
2014-03-21,52.43,52.43,51.59,52.0,,1831100.0
2014-03-24,52.2,52.52,51.53,51.59,,839400.0
2014-03-25,51.84,52.02,49.81,49.88,,2641300.0
2014-03-26,50.17,50.23,47.93,47.97,,3900200.0
2014-03-27,47.97,49.03,47.5,48.75,,2406100.0
2014-03-28,49.19,49.61,48.53,49.61,,1521100.0
2014-03-31,49.74,49.82,48.7,48.82,,1225100.0
2014-04-01,48.68,49.68,48.22,49.67,,1220300.0
2014-04-02,49.82,51.04,49.6,50.99,,1952800.0
2014-04-03,51.25,52.07,50.87,51.93,,2344500.0
2014-04-04,52.34,52.36,51.51,51.96,,1899900.0
2014-04-07,51.63,52.37,50.27,51.06,,2572900.0
2014-04-08,50.94,51.82,50.4,51.78,,2344300.0
2014-04-09,51.78,52.84,51.61,52.78,,2160000.0
2014-04-10,52.64,52.81,51.45,51.61,,1805500.0
2014-04-11,51.52,52.04,51.01,51.37,,1217900.0
2014-04-14,51.43,51.93,51.06,51.4,,867800.0
2014-04-15,51.56,51.91,50.97,51.79,,1058400.0
2014-04-16,52.3,52.31,51.45,52.14,,1261500.0
2014-04-17,52.02,52.92,52.02,52.72,,1815500.0
2014-04-21,52.65,53.24,52.15,53.16,,1715300.0
2014-04-22,53.37,53.5,52.83,52.87,,1306500.0
2014-04-23,52.87,53.52,52.87,53.15,,1392100.0
2014-04-24,55.19,56.12,54.28,54.46,,2342600.0
2014-04-25,54.37,54.37,52.87,52.99,,1265500.0
2014-04-28,53.74,53.79,52.74,53.72,,1351100.0
2014-04-29,54.1,54.77,54.03,54.58,,1183800.0
2014-04-30,54.21,54.96,53.75,54.87,,1511100.0
2014-05-01,54.92,55.34,53.97,55.0,,2340300.0
2014-05-02,55.25,56.21,54.71,55.55,,1614400.0
2014-05-05,55.2,55.72,54.84,55.16,,1002300.0
2014-05-06,54.92,55.87,54.65,54.74,,929000.0
2014-05-07,55.21,55.45,54.3,54.98,,1113500.0
2014-05-08,54.75,55.16,53.68,53.75,,1318900.0
2014-05-09,53.87,54.05,52.79,53.12,,4068000.0
2014-05-12,53.23,53.73,52.87,53.16,,908700.0
2014-05-13,53.24,53.61,52.67,52.84,,924300.0
2014-05-14,53.09,53.48,52.77,52.9,,776500.0
2014-05-15,52.78,52.78,51.64,52.16,,1446000.0
2014-05-16,52.11,52.15,51.58,51.88,,982100.0
2014-05-19,51.87,52.33,51.59,52.14,,874900.0
2014-05-20,52.12,52.48,51.98,52.16,,847000.0
2014-05-21,52.3,52.87,52.19,52.7,,779000.0
2014-05-22,52.56,52.75,52.08,52.1,,838900.0
2014-05-23,52.29,52.39,51.62,51.69,,1456500.0
2014-05-27,51.9,52.75,51.66,52.62,,1031700.0
2014-05-28,52.74,53.12,52.33,52.77,,943700.0
2014-05-29,52.82,53.27,52.29,53.1,,846800.0
2014-05-30,52.87,54.14,52.5,54.06,,1789700.0
2014-06-02,53.99,54.1,52.96,53.24,,1698100.0
2014-06-03,53.2,53.91,53.07,53.72,,866100.0
2014-06-04,53.83,54.07,53.11,53.86,,1635500.0
2014-06-05,53.87,54.0,53.52,53.9,,1354400.0
2014-06-06,54.13,54.23,53.68,53.82,,717700.0
2014-06-09,53.72,53.97,52.85,52.98,,957200.0
2014-06-10,52.73,53.37,51.67,51.92,,2029200.0
2014-06-11,51.9,52.41,51.74,52.03,,1044700.0
2014-06-12,52.17,53.12,51.91,52.93,,1829300.0
2014-06-13,52.93,53.58,52.81,53.54,,1935700.0
2014-06-16,53.46,53.85,53.34,53.84,,1216600.0
2014-06-17,53.75,54.33,53.67,54.3,,1550100.0
2014-06-18,54.3,54.77,54.13,54.69,,1639200.0
2014-06-19,54.78,55.04,54.44,54.86,,1416200.0
2014-06-20,55.14,55.41,54.41,55.41,,2547600.0
2014-06-23,55.28,55.63,54.93,55.16,,1684100.0
2014-06-24,55.24,55.47,54.3,54.45,,1461500.0
2014-06-25,54.33,55.03,54.0,54.07,,1026300.0
2014-06-26,54.22,54.64,53.92,54.64,,1226100.0
2014-06-27,54.46,54.71,53.73,54.14,,1669500.0
2014-06-30,54.13,54.15,53.78,54.07,,1085400.0
2014-07-01,53.98,54.48,53.52,54.0,,1121400.0
2014-07-02,53.93,54.24,53.72,53.93,,749400.0
2014-07-03,53.9,54.07,53.47,53.68,,622000.0
2014-07-07,53.35,53.54,52.58,53.03,,1451600.0
2014-07-08,52.94,53.29,52.51,53.28,,1098700.0
2014-07-09,53.23,53.61,52.9,53.49,,963500.0
2014-07-10,52.8,52.94,51.91,51.96,,1686900.0
2014-07-11,51.91,52.05,51.16,51.55,,1595600.0
2014-07-14,51.77,52.41,51.66,52.1,,1235500.0
2014-07-15,52.31,52.41,51.84,51.93,,1519900.0
2014-07-16,51.99,52.43,51.98,52.33,,1383300.0
2014-07-17,52.33,52.33,50.13,50.2,,2598000.0
2014-07-18,50.26,50.93,50.26,50.87,,1427800.0
2014-07-21,50.84,50.84,50.25,50.28,,1330900.0
2014-07-22,50.34,50.52,49.54,50.04,,4426100.0
2014-07-23,50.33,50.65,49.99,50.54,,1580200.0
2014-07-24,49.57,53.35,49.15,52.7,,3791100.0
2014-07-25,51.66,51.93,50.21,50.66,,2865400.0
2014-07-28,50.68,50.87,50.08,50.15,,1458600.0
2014-07-29,49.95,50.29,49.59,49.74,,1218100.0
2014-07-30,49.82,50.07,48.68,48.75,,1387700.0
2014-07-31,48.5,48.5,47.43,47.46,,1648200.0
2014-08-01,47.26,48.34,47.05,47.95,,284744.0
2014-08-04,48.25,48.86,47.93,48.61,,367859.0
2014-08-05,48.54,48.9,47.63,48.08,,1324100.0
2014-08-06,48.07,48.53,47.72,47.99,,812900.0
2014-08-07,48.13,48.43,47.04,47.31,,956200.0
2014-08-08,47.66,48.29,47.37,48.14,,1041500.0
2014-08-11,48.52,48.75,47.28,47.56,,1857500.0
2014-08-12,47.48,47.65,46.88,47.06,,1545400.0
2014-08-13,47.13,47.77,46.94,47.59,,1210900.0
2014-08-14,47.74,48.05,47.37,47.51,,775500.0
2014-08-15,47.75,48.1,47.34,47.88,,945100.0
2014-08-18,47.88,48.17,47.52,48.04,,884500.0
2014-08-19,48.14,48.38,47.84,47.99,,819500.0
2014-08-20,47.81,48.13,47.49,48.02,,541100.0
2014-08-21,47.93,48.17,47.41,48.05,,920500.0
2014-08-22,47.99,48.3,47.53,48.09,,892300.0
2014-08-25,48.66,49.11,48.24,48.97,,794400.0
2014-08-26,49.12,50.11,48.88,49.65,,1652800.0
2014-08-27,49.65,49.99,49.27,49.42,,856800.0
2014-08-28,49.39,49.85,49.09,49.58,,779200.0
2014-08-29,49.46,50.16,49.37,50.13,,743600.0
2014-09-02,50.13,50.2,49.02,49.37,,918500.0
2014-09-03,49.5,49.61,48.79,48.82,,735300.0
2014-09-04,48.9,49.15,48.34,48.53,,970200.0
2014-09-05,48.53,48.97,48.13,48.8,,768100.0
2014-09-08,48.82,48.82,47.88,48.14,,664100.0
2014-09-09,48.31,49.43,48.21,48.53,,1166800.0
2014-09-10,48.58,48.7,47.96,48.36,,756600.0
2014-09-11,47.86,48.6,47.49,48.51,,1579000.0
2014-09-12,48.22,48.37,47.68,47.77,,898300.0
2014-09-15,47.78,48.78,47.56,48.24,,914400.0
2014-09-16,47.99,48.71,47.99,48.4,,1295400.0
2014-09-17,48.8,49.51,48.61,48.96,,2020100.0
2014-09-18,48.91,49.26,47.93,47.97,,1056200.0
2014-09-19,48.1,48.29,47.26,47.3,,1541800.0
2014-09-22,47.3,47.36,46.24,46.47,,1179131.0
2014-09-23,46.45,46.89,46.31,46.34,,1436152.0
2014-09-24,46.22,46.65,45.42,46.24,,940356.0
2014-09-25,46.27,46.27,45.6,46.04,,1415259.0
2014-09-26,45.89,47.17,45.79,46.61,,1480126.0
2014-09-29,46.17,47.04,46.0,46.98,,1119380.0
2014-09-30,47.05,47.33,46.1,46.32,,1440164.0
2014-10-01,46.46,46.73,45.41,45.49,,1396036.0
2014-10-02,45.05,45.92,44.55,45.6,,1371732.0
2014-10-03,45.67,45.87,45.09,45.72,,809576.0
2014-10-06,45.71,45.93,45.0,45.19,,942526.0
2014-10-07,44.77,45.49,44.32,44.32,,1312863.0
2014-10-08,44.28,44.83,43.36,44.78,,1807914.0
2014-10-09,44.56,44.56,42.65,42.66,,2163837.0
2014-10-10,42.54,42.92,41.34,41.51,,2573640.0
2014-10-13,41.51,41.9,39.32,39.37,,2599885.0
2014-10-14,39.61,40.58,39.23,39.65,,2404178.0
2014-10-15,38.93,41.61,38.56,41.59,,2910437.0
2014-10-16,40.5,43.75,40.5,43.15,,2784462.0
2014-10-17,43.66,44.19,41.63,42.21,,2092537.0
2014-10-20,42.14,42.71,41.33,42.05,,1383090.0
2014-10-21,42.63,43.3,42.47,43.14,,1658848.0
2014-10-22,43.14,43.69,41.88,41.94,,1509379.0
2014-10-23,42.25,45.05,41.84,44.35,,2392251.0
2014-10-24,45.36,45.56,43.92,44.98,,2141193.0
2014-10-27,44.32,44.42,43.0,43.85,,1964062.0
2014-10-28,44.12,46.05,43.73,45.87,,2057130.0
2014-10-29,46.41,46.93,45.26,45.58,,2205875.0
2014-10-30,45.39,45.72,44.64,45.08,,945074.0
2014-10-31,45.14,47.67,44.71,47.58,,2411386.0
2014-11-03,47.64,48.27,46.32,46.49,,1380837.0
2014-11-04,45.87,47.07,45.35,47.04,,2076611.0
2014-11-05,47.34,49.33,47.0,49.1,,2903752.0
2014-11-06,48.99,50.52,48.55,50.47,,3070841.0
2014-11-07,50.33,50.93,49.63,49.91,,2220954.0
2014-11-10,50.1,50.59,48.18,48.47,,1863190.0
2014-11-11,48.3,48.95,47.88,48.72,,1232038.0
2014-11-12,48.04,48.51,47.6,47.71,,1241570.0
2014-11-13,47.45,47.77,45.93,46.35,,1999232.0
2014-11-14,46.45,47.25,46.22,47.07,,1179168.0
2014-11-17,46.94,47.54,46.62,47.1,,1577846.0
2014-11-18,46.87,47.73,46.2,47.37,,1930810.0
2014-11-19,47.66,48.77,47.36,48.56,,2172200.0
2014-11-20,48.37,49.7,48.3,48.72,,1492993.0
2014-11-21,49.46,49.6,47.78,48.1,,1780524.0
2014-11-24,47.88,48.16,47.27,47.85,,1547082.0
2014-11-25,47.9,48.18,46.93,47.32,,1572445.0
2014-11-26,47.23,47.37,46.68,46.8,,1196245.0
2014-11-28,45.28,47.3,44.62,46.05,,1660187.0
2014-12-01,45.56,46.41,45.12,46.3,,1539586.0
2014-12-02,45.63,46.22,45.14,45.18,,2180034.0
2014-12-03,45.61,45.96,45.37,45.59,,1436622.0
2014-12-04,45.06,45.48,44.08,44.09,,1766410.0
2014-12-05,44.09,44.46,42.98,44.1,,1930074.0
2014-12-08,41.23,43.32,40.46,40.76,,3199127.0
2014-12-09,40.69,41.31,39.78,40.36,,2222989.0
2014-12-10,40.59,40.59,39.11,39.23,,1661077.0
2014-12-11,39.26,40.92,39.16,39.65,,1903572.0
2014-12-12,39.48,40.65,39.2,40.01,,1622910.0
2014-12-15,40.43,40.98,39.37,39.46,,1629604.0
2014-12-16,38.85,41.31,38.73,39.29,,1471929.0
2014-12-17,39.52,40.93,39.43,40.45,,1751987.0
2014-12-18,41.4,41.77,40.09,41.76,,2092980.0
2014-12-19,42.35,42.39,39.49,40.79,,3476951.0
2014-12-22,40.11,40.17,38.76,39.3,,2585523.0
2014-12-23,39.62,39.92,39.26,39.69,,1392394.0
2014-12-24,39.44,39.62,38.93,39.2,,535446.0
2014-12-26,39.42,39.68,38.14,38.4,,1551266.0
2014-12-29,38.6,39.16,38.51,38.83,,1217767.0
2014-12-30,38.66,39.37,38.0,38.15,,1263469.0
2014-12-31,38.02,39.0,37.64,38.32,,1011448.0
2015-01-02,38.55,39.71,38.1,39.24,,2296663.0
2015-01-05,39.24,39.24,37.02,37.14,,1819699.0
2015-01-06,37.07,37.57,36.49,36.72,,2034645.0
2015-01-07,37.14,37.43,36.48,36.77,,1364944.0
2015-01-08,37.0,38.42,36.68,38.24,,1510185.0
2015-01-09,38.22,38.75,37.83,38.51,,1310678.0
2015-01-12,37.93,37.93,36.62,36.74,,1403820.0
2015-01-13,36.92,37.46,36.37,36.76,,919176.0
2015-01-14,36.53,37.16,36.11,37.06,,1397309.0
2015-01-15,37.71,37.72,36.67,36.71,,1262283.0
2015-01-16,36.79,38.35,36.79,38.26,,1114895.0
2015-01-20,37.36,37.72,36.8,37.49,,1363260.0
2015-01-21,37.91,38.97,37.56,38.85,,1450605.0
2015-01-22,38.97,39.34,37.56,38.4,,1356735.0
2015-01-23,38.38,38.72,37.96,37.99,,707155.0
2015-01-26,37.96,38.63,37.59,38.19,,827786.0
2015-01-27,38.08,38.67,37.63,38.03,,931772.0
2015-01-28,37.68,38.15,36.91,37.29,,1697942.0
2015-01-29,37.5,37.81,36.24,37.31,,1255232.0
2015-01-30,36.89,38.13,36.44,37.68,,1401299.0
2015-02-02,38.19,38.5,37.3,38.25,,1318802.0
2015-02-03,38.85,39.27,38.09,38.9,,1778012.0
2015-02-04,38.21,38.75,37.2,37.71,,2624093.0
2015-02-05,38.43,40.4,38.43,39.17,,2941639.0
2015-02-06,39.9,40.16,38.96,39.96,,2441761.0
2015-02-09,39.99,40.76,39.83,40.46,,2780630.0
2015-02-10,40.48,41.63,39.77,41.46,,2591410.0
2015-02-11,40.77,41.98,40.35,41.41,,2072453.0
2015-02-12,41.84,41.91,40.61,40.89,,1324837.0
2015-02-13,41.35,41.43,40.51,41.11,,1145943.0
2015-02-17,40.82,41.54,40.7,41.31,,1576395.0
2015-02-18,40.96,41.71,40.74,41.07,,1788357.0
2015-02-19,39.64,42.09,39.64,41.31,,1172086.0
2015-02-20,41.32,41.92,40.73,41.08,,1470403.0
2015-02-23,40.55,41.38,40.41,40.58,,1307650.0
2015-02-24,40.84,41.47,40.4,41.4,,1505561.0
2015-02-25,41.5,42.26,41.12,42.25,,1352354.0
2015-02-26,41.96,42.12,40.21,40.39,,1736695.0
2015-02-27,40.65,40.71,40.23,40.41,,1068980.0
2015-03-02,40.5,41.24,40.32,40.85,,1482889.0
2015-03-03,40.82,42.16,40.72,41.64,,1780655.0
2015-03-04,41.71,41.74,40.36,40.94,,1173403.0
2015-03-05,40.76,40.94,40.23,40.79,,1021670.0
2015-03-06,40.33,40.74,40.11,40.27,,767724.0
2015-03-09,40.02,40.14,39.0,39.0,,1425772.0
2015-03-10,38.76,39.02,38.36,38.58,,1202004.0
2015-03-11,38.6,39.43,38.27,39.26,,1637119.0
2015-03-12,39.36,39.51,38.59,38.61,,1293167.0
2015-03-13,38.28,38.63,37.86,38.6,,1165685.0
2015-03-16,38.29,39.18,38.23,39.17,,1000681.0
2015-03-17,39.13,39.6,38.95,39.21,,1096984.0
2015-03-18,38.87,40.24,38.76,40.01,,1238968.0
2015-03-19,39.34,39.85,39.2,39.71,,774318.0
2015-03-20,39.99,40.62,39.92,39.96,,1762927.0
2015-03-23,40.09,40.45,39.86,39.86,,713649.0
2015-03-24,40.01,40.5,39.84,40.34,,720888.0
2015-03-25,40.61,41.36,40.25,41.06,,995084.0
2015-03-26,41.61,41.82,40.31,40.47,,874802.0
2015-03-27,40.15,40.82,39.9,40.54,,871185.0
2015-03-30,40.87,41.94,40.72,41.88,,1078353.0
2015-03-31,41.42,42.25,41.19,41.96,,1334274.0
2015-04-01,42.21,42.73,41.68,41.93,,1189211.0
2015-04-02,41.69,42.91,41.51,42.84,,1280259.0
2015-04-06,42.99,43.24,42.55,42.64,,1014133.0
2015-04-07,42.79,43.0,42.57,42.64,,977312.0
2015-04-08,42.69,42.85,42.18,42.22,,1268657.0
2015-04-09,42.44,43.27,41.98,43.1,,1775264.0
2015-04-10,43.2,43.28,42.44,42.87,,1098573.0
2015-04-13,43.0,43.16,42.11,42.15,,923097.0
2015-04-14,42.43,43.05,42.29,42.84,,1115606.0
2015-04-15,43.22,44.6,42.82,44.52,,1516679.0
2015-04-16,44.27,45.14,44.04,44.17,,1690703.0
2015-04-17,43.73,44.33,43.62,44.25,,1212264.0
2015-04-20,44.06,44.19,43.37,43.85,,1225993.0
2015-04-21,44.06,44.22,43.58,43.77,,1243027.0
2015-04-22,44.05,44.44,43.62,44.2,,1221828.0
2015-04-23,44.98,46.0,44.23,44.33,,3039074.0
2015-04-24,44.45,44.94,43.45,43.85,,1369019.0
2015-04-27,43.92,44.16,43.3,43.59,,1410172.0
2015-04-28,43.56,44.3,43.34,44.29,,1125693.0
2015-04-29,44.17,45.3,43.95,45.27,,1214283.0
2015-04-30,45.41,46.29,44.44,45.54,,1467753.0
2015-05-01,45.65,45.93,45.33,45.56,,1635522.0
2015-05-04,45.58,45.89,45.29,45.41,,910521.0
2015-05-05,45.87,46.47,45.09,45.12,,1169424.0
2015-05-06,45.48,45.57,44.67,44.87,,775827.0
2015-05-07,44.67,44.74,44.2,44.6,,944999.0
2015-05-08,45.18,46.04,44.27,46.0,,1130061.0
2015-05-11,46.07,46.1,44.84,45.51,,1263191.0
2015-05-12,45.68,46.98,45.36,46.56,,2002627.0
2015-05-13,46.53,46.56,45.36,45.56,,1255538.0
2015-05-14,45.65,46.24,45.18,45.99,,1061189.0
2015-05-15,45.68,45.99,45.09,45.92,,984268.0
2015-05-18,45.7,45.9,45.19,45.35,,1802665.0
2015-05-19,45.0,45.28,44.28,44.64,,2059065.0
2015-05-20,44.9,44.9,44.08,44.59,,1124803.0
2015-05-21,44.89,45.14,44.44,44.85,,907414.0
2015-05-22,44.39,45.09,44.34,44.78,,498399.0
2015-05-26,44.31,44.73,43.81,44.05,,816918.0
2015-05-27,44.0,44.46,43.65,44.37,,708352.0
2015-05-28,44.15,44.23,43.3,43.38,,1039259.0
2015-05-29,43.59,43.84,42.8,43.09,,1608450.0
2015-06-01,43.07,43.2,42.86,43.02,,797881.0
2015-06-02,42.99,43.46,42.6,43.08,,1307931.0
2015-06-03,43.02,43.28,42.49,43.08,,1010780.0
2015-06-04,42.75,43.05,42.49,42.54,,811769.0
2015-06-05,42.21,43.31,42.18,42.57,,930288.0
2015-06-08,42.54,42.98,42.14,42.57,,957930.0
2015-06-09,42.94,44.26,42.94,43.6,,1307393.0
2015-06-10,44.11,44.18,43.14,43.45,,829707.0
2015-06-11,43.4,43.56,43.04,43.16,,1109636.0
2015-06-12,42.91,42.98,42.58,42.72,,563953.0
2015-06-15,42.47,42.86,42.24,42.63,,717173.0
2015-06-16,42.64,43.13,42.47,42.87,,634184.0
2015-06-17,43.24,43.55,42.8,42.97,,1296791.0
2015-06-18,43.07,43.38,41.64,41.81,,1693024.0
2015-06-19,41.57,41.92,41.12,41.44,,2260181.0
2015-06-22,41.62,42.02,40.96,41.63,,1418140.0
2015-06-23,41.59,42.7,41.46,42.62,,1506590.0
2015-06-24,42.65,43.06,42.27,42.52,,959502.0
2015-06-25,42.49,42.49,41.88,42.07,,1992117.0
2015-06-26,41.87,42.1,41.44,41.53,,4058101.0
2015-06-29,41.14,41.85,41.05,41.17,,1323451.0
2015-06-30,41.51,41.81,41.06,41.2,,847684.0
2015-07-01,41.22,41.37,40.37,40.63,,1171678.0
2015-07-02,40.71,41.12,40.55,40.6,,959454.0
2015-07-06,40.1,40.35,39.47,39.55,,1370559.0
2015-07-07,39.71,39.92,38.88,39.76,,1937815.0
2015-07-08,39.69,39.93,38.97,39.08,,1568891.0
2015-07-09,39.78,40.24,39.25,39.28,,1633022.0
2015-07-10,39.42,39.75,38.72,38.77,,1346177.0
2015-07-13,38.93,39.4,38.75,39.32,,1881162.0
2015-07-14,39.3,39.89,39.23,39.82,,827707.0
2015-07-15,39.67,39.96,38.54,38.66,,1498286.0
2015-07-16,38.94,39.1,38.59,38.86,,1446998.0
2015-07-17,38.69,38.89,38.01,38.11,,1319087.0
2015-07-20,37.92,38.12,36.84,36.91,,1690959.0
2015-07-21,37.23,37.41,37.0,37.23,,1271248.0
2015-07-22,36.87,37.58,36.62,36.65,,1854519.0
2015-07-23,36.14,39.0,36.14,38.63,,4084715.0
2015-07-24,38.11,38.7,37.16,37.62,,3033730.0
2015-07-27,37.19,39.4,36.75,38.37,,3113781.0
2015-07-28,38.62,39.81,38.06,39.36,,2246285.0
2015-07-29,39.28,39.89,38.88,39.39,,1607722.0
2015-07-30,39.16,39.51,38.69,39.22,,1471660.0
2015-07-31,38.92,39.63,38.86,38.93,,1182996.0
2015-08-03,38.47,38.89,37.86,37.95,,1879309.0
2015-08-04,38.26,38.29,37.52,37.83,,1500434.0
2015-08-05,38.36,38.93,37.63,37.71,,1372292.0
2015-08-06,37.4,38.69,37.04,38.4,,1447343.0
2015-08-07,38.19,38.75,37.48,37.62,,1275923.0
2015-08-10,37.89,38.91,37.77,38.85,,922290.0
2015-08-11,37.93,38.75,37.22,38.55,,1220442.0
2015-08-12,38.54,39.89,38.2,39.87,,1263281.0
2015-08-13,39.46,40.14,38.99,39.71,,1122306.0
2015-08-14,39.69,40.24,39.42,39.65,,830822.0
2015-08-17,39.19,39.96,38.88,39.76,,625950.0
2015-08-18,39.38,39.98,38.98,39.34,,933849.0
2015-08-19,38.95,39.2,37.75,38.22,,1066512.0
2015-08-20,38.16,38.52,37.6,37.6,,906090.0
2015-08-21,37.48,38.34,37.09,37.62,,1310886.0
2015-08-24,35.75,37.83,35.59,35.94,,1858632.0
2015-08-25,37.45,37.62,36.06,36.07,,1528058.0
2015-08-26,36.92,37.7,36.17,37.67,,1498416.0
2015-08-27,38.34,39.42,38.07,38.99,,2588311.0
2015-08-28,38.82,40.11,38.57,39.38,,1537310.0
2015-08-31,39.12,39.81,38.39,39.43,,1245941.0
2015-09-01,38.3,39.28,38.0,38.24,,1885288.0
2015-09-02,38.66,39.23,37.45,38.2,,1179912.0
2015-09-03,38.37,39.14,37.65,38.04,,1492856.0
2015-09-04,37.73,37.82,37.01,37.07,,1437379.0
2015-09-08,37.42,38.0,37.03,37.91,,1103963.0
2015-09-09,38.08,38.75,36.87,36.94,,993018.0
2015-09-10,36.85,37.4,36.33,36.99,,1632091.0
2015-09-11,36.46,36.92,36.23,36.78,,1543735.0
2015-09-14,36.67,36.78,36.2,36.47,,1176622.0
2015-09-15,36.68,37.12,36.52,37.05,,1102872.0
2015-09-16,37.11,37.83,37.05,37.77,,1084928.0
2015-09-17,37.81,38.58,37.51,37.82,,1335010.0
2015-09-18,37.16,37.52,36.96,37.37,,1858298.0
2015-09-21,37.57,37.9,37.16,37.39,,867821.0
2015-09-22,36.87,37.59,36.69,36.92,,1048822.0
2015-09-23,37.1,37.24,36.34,36.53,,1014584.0
2015-09-24,36.28,36.63,35.86,35.93,,2327844.0
2015-09-25,36.2,36.36,35.23,35.48,,1536696.0
2015-09-28,35.17,35.39,33.89,34.03,,1877870.0
2015-09-29,34.1,34.54,32.87,32.97,,2478676.0
2015-09-30,33.31,33.33,31.97,32.82,,3851754.0
2015-10-01,33.54,34.0,32.54,32.8,,1672293.0
2015-10-02,32.52,34.65,32.52,34.63,,1610157.0
2015-10-05,35.01,36.07,34.76,36.04,,2042551.0
2015-10-06,36.13,37.41,35.96,36.55,,2514864.0
2015-10-07,37.69,37.77,36.5,37.08,,1533061.0
2015-10-08,37.17,38.17,37.1,38.01,,1309034.0
2015-10-09,38.13,38.33,37.34,37.75,,1426244.0
2015-10-12,37.74,37.75,37.12,37.69,,1203921.0
2015-10-13,37.37,37.94,36.82,37.32,,1238435.0
2015-10-14,37.29,37.97,37.1,37.81,,764184.0
2015-10-15,37.82,38.77,37.26,38.76,,1013197.0
2015-10-16,38.92,39.31,38.39,38.73,,1110240.0
2015-10-19,38.51,38.69,37.95,38.08,,1273367.0
2015-10-20,38.04,39.08,37.48,38.41,,1072025.0
2015-10-21,38.34,38.49,37.55,37.64,,1813310.0
2015-10-22,37.54,37.54,34.51,34.62,,3858958.0
2015-10-23,34.84,35.97,34.35,35.19,,3675716.0
2015-10-26,35.5,35.64,34.01,34.06,,2246123.0
2015-10-27,33.52,33.55,32.4,32.43,,4462345.0
2015-10-28,32.46,33.04,31.98,32.45,,3411474.0
2015-10-29,32.48,33.86,32.41,33.72,,1853772.0
2015-10-30,33.58,33.8,32.78,33.48,,2116768.0
2015-11-02,33.27,34.15,33.23,33.59,,1426351.0
2015-11-03,33.68,33.74,32.78,33.17,,2389373.0
2015-11-04,33.25,34.11,32.99,33.8,,2117638.0
2015-11-05,33.63,34.92,33.28,34.2,,1775418.0
2015-11-06,33.94,34.39,33.6,34.07,,1178616.0
2015-11-09,33.96,34.46,33.44,33.8,,1298223.0
2015-11-10,33.71,34.38,33.63,33.81,,1573813.0
2015-11-11,33.73,33.81,32.09,32.26,,1232717.0
2015-11-12,31.56,32.26,31.46,31.59,,1265065.0
2015-11-13,31.53,32.03,31.1,31.58,,992816.0
2015-11-16,31.67,32.31,31.44,32.19,,1461044.0
2015-11-17,31.95,32.63,30.79,30.89,,2144358.0
2015-11-18,31.09,31.43,30.03,30.75,,2291173.0
2015-11-19,30.48,30.96,29.96,30.19,,1052475.0
2015-11-20,30.14,30.67,29.61,29.81,,1379563.0
2015-11-23,29.82,30.38,29.6,29.91,,1433194.0
2015-11-24,29.84,30.28,29.03,30.17,,1797224.0
2015-11-25,29.81,29.83,29.38,29.5,,1365681.0
2015-11-27,29.27,29.49,28.98,29.1,,503889.0
2015-11-30,29.26,29.55,28.86,29.01,,1508815.0
2015-12-01,28.94,29.46,28.81,29.07,,1617193.0
2015-12-02,28.77,28.82,27.51,27.6,,2025789.0
2015-12-03,27.7,28.1,27.05,27.23,,1490036.0
2015-12-04,26.82,27.87,26.59,27.69,,2046649.0
2015-12-07,26.98,27.11,26.26,26.91,,2175093.0
2015-12-08,26.51,27.04,26.23,26.55,,3509800.0
2015-12-09,28.12,28.12,25.32,26.23,,4377840.0
2015-12-10,26.15,26.96,25.91,26.53,,2723037.0
2015-12-11,26.05,26.35,25.08,25.45,,2567215.0
2015-12-14,25.18,25.42,24.3,24.37,,2523708.0
2015-12-15,24.59,24.93,23.99,24.49,,3444406.0
2015-12-16,24.62,24.71,23.94,24.44,,2700492.0
2015-12-17,24.39,24.57,23.88,24.21,,2693794.0
2015-12-18,24.22,25.12,24.15,24.8,,3393738.0
2015-12-21,24.9,25.17,24.38,25.12,,2307347.0
2015-12-22,25.07,25.41,24.62,24.68,,2192786.0
2015-12-23,25.25,26.34,25.13,26.31,,1773911.0
2015-12-24,26.3,26.67,26.16,26.33,,904563.0
2015-12-28,26.19,26.48,25.73,26.38,,1773967.0
2015-12-29,26.98,27.21,26.65,26.86,,1935814.0
2015-12-30,26.39,26.84,25.94,26.06,,1431420.0
2015-12-31,26.07,26.55,25.89,26.43,,1219700.0
2016-01-04,26.23,27.04,26.22,26.94,,2262806.0
2016-01-05,27.12,27.21,26.47,26.67,,1493073.0
2016-01-06,25.84,25.84,25.0,25.11,,2056120.0
2016-01-07,24.71,26.41,24.49,26.3,,2818751.0
2016-01-08,26.44,27.97,26.44,27.6,,3321151.0
2016-01-11,27.49,27.72,26.23,26.64,,4065867.0
2016-01-12,26.71,27.09,25.12,25.88,,2875507.0
2016-01-13,26.12,26.79,25.43,25.94,,2737494.0
2016-01-14,26.14,26.64,25.73,26.38,,2401688.0
2016-01-15,25.56,26.77,25.28,26.61,,1911841.0
2016-01-19,26.85,27.27,26.17,27.01,,2238925.0
2016-01-20,26.45,28.5,26.05,28.11,,2841501.0
2016-01-21,28.19,29.43,27.65,28.21,,4510684.0
2016-01-22,29.09,29.81,28.64,29.42,,3849002.0
2016-01-25,28.7,29.54,28.51,28.53,,2412757.0
2016-01-26,29.71,31.16,29.2,31.06,,2458214.0
2016-01-27,31.05,31.57,30.01,30.4,,2119085.0
2016-01-28,31.64,31.85,29.79,30.39,,2136315.0
2016-01-29,30.87,31.32,30.46,31.3,,2241267.0
2016-02-01,31.13,31.13,29.81,30.36,,3564739.0
2016-02-02,29.41,29.92,28.86,29.46,,3206934.0
2016-02-03,30.28,31.0,29.09,30.88,,3115914.0
2016-02-04,31.17,31.67,29.58,30.29,,4907337.0
2016-02-05,30.16,31.12,29.52,30.31,,2419337.0
2016-02-08,29.85,30.46,29.51,30.3,,2597626.0
2016-02-09,29.72,30.07,28.26,28.88,,2289085.0
2016-02-10,28.73,29.92,28.26,29.8,,1944732.0
2016-02-11,29.33,29.74,28.06,28.96,,1677476.0
2016-02-12,29.45,30.05,28.83,29.98,,1117003.0
2016-02-16,30.49,30.66,29.77,30.59,,1865984.0
2016-02-17,30.91,31.7,30.31,31.65,,1835973.0
2016-02-18,31.58,31.74,30.1,30.9,,1287662.0
2016-02-19,30.05,30.18,29.67,29.87,,8707651.0
2016-02-22,30.25,30.71,30.0,30.55,,2955740.0
2016-02-23,30.46,30.53,28.13,28.15,,3650823.0
2016-02-24,27.65,29.09,27.5,28.99,,2285661.0
2016-02-25,28.75,29.01,27.81,28.49,,2093162.0
2016-02-26,28.91,29.09,28.25,28.8,,1756018.0
2016-02-29,29.07,29.08,27.78,28.27,,2878152.0
2016-03-01,28.69,29.42,27.58,29.33,,2054881.0
2016-03-02,28.99,29.92,28.91,29.9,,1807157.0
2016-03-03,29.84,30.61,29.4,30.27,,2545202.0
2016-03-04,30.38,30.86,28.57,28.58,,5739396.0
2016-03-07,28.6,31.25,28.6,31.17,,4405170.0
2016-03-08,30.87,30.87,29.28,29.4,,2312853.0
2016-03-09,30.05,30.4,29.13,29.37,,1617828.0
2016-03-10,29.47,30.53,28.8,30.43,,1855801.0
2016-03-11,30.82,31.15,30.35,31.05,,1626956.0
2016-03-14,30.52,31.4,30.43,30.79,,1377281.0
2016-03-15,30.38,31.77,30.07,31.74,,1242129.0
2016-03-16,31.83,33.14,31.76,32.83,,2207916.0
2016-03-17,33.24,33.51,32.1,32.74,,1177559.0
2016-03-18,33.06,33.73,32.86,33.34,,2607107.0
2016-03-21,33.08,33.29,31.78,32.12,,1407096.0
2016-03-22,31.91,32.62,31.84,32.32,,1002214.0
2016-03-23,32.23,32.6,31.89,31.98,,1113353.0
2016-03-24,31.36,33.0,31.2,32.74,,1887464.0
2016-03-28,32.7,33.18,32.25,33.14,,1500936.0
2016-03-29,32.64,33.74,32.39,33.71,,2000902.0
2016-03-30,34.07,34.62,33.3,33.64,,1507172.0
2016-03-31,33.64,34.2,33.37,34.11,,1354003.0
2016-04-01,33.51,34.04,33.3,33.85,,1268307.0
2016-04-04,34.04,34.44,33.35,33.54,,1145120.0
2016-04-05,33.37,33.47,32.54,32.68,,1463807.0
2016-04-06,32.86,33.2,32.2,32.69,,1649620.0
2016-04-07,32.59,33.48,32.42,33.03,,1838484.0
2016-04-08,33.51,34.08,33.44,34.07,,1381182.0
2016-04-11,34.28,34.33,32.94,33.13,,1449186.0
2016-04-12,33.41,35.31,33.22,35.0,,1346148.0
2016-04-13,34.99,34.99,33.73,34.58,,1698347.0
2016-04-14,34.54,34.71,33.36,34.01,,1385264.0
2016-04-15,33.61,34.18,33.49,33.66,,1017043.0
2016-04-18,32.8,34.34,32.62,34.27,,805210.0
2016-04-19,34.52,35.17,34.4,34.9,,1088183.0
2016-04-20,34.6,35.04,34.27,34.7,,1026408.0
2016-04-21,34.8,34.91,33.68,33.93,,1304835.0
2016-04-22,34.14,34.86,33.73,34.73,,1026605.0
2016-04-25,34.57,34.75,34.04,34.72,,1073875.0
2016-04-26,34.91,35.42,34.55,35.15,,1707461.0
2016-04-27,35.49,36.78,35.27,36.74,,2518953.0
2016-04-28,36.15,37.12,35.04,35.53,,3184053.0
2016-04-29,35.7,36.15,34.7,35.55,,1960939.0
2016-05-02,35.31,35.42,34.69,35.1,,1834222.0
2016-05-03,34.49,34.81,33.81,34.5,,15006305.0
2016-05-04,34.71,35.56,34.5,34.59,,2871499.0
2016-05-05,35.26,35.74,34.9,35.28,,1789911.0
2016-05-06,35.23,36.42,34.9,35.27,,1544732.0
2016-05-09,35.15,35.46,34.41,35.35,,1371776.0
2016-05-10,35.73,36.16,35.33,36.1,,1313892.0
2016-05-11,35.75,36.12,35.4,35.64,,1397074.0
2016-05-12,36.02,36.69,35.45,35.84,,1224397.0
2016-05-13,35.62,36.07,35.42,35.54,,983180.0
2016-05-16,35.87,36.18,35.34,35.44,,1398334.0
2016-05-17,35.56,36.57,35.35,36.51,,1985645.0
2016-05-18,36.36,36.69,35.45,35.67,,1328988.0
2016-05-19,35.3,35.39,34.65,35.17,,1131082.0
2016-05-20,35.5,35.51,34.7,35.24,,1372708.0
2016-05-23,35.03,35.35,34.74,35.1,,1861964.0
2016-05-24,35.33,35.76,34.88,35.64,,1647395.0
2016-05-25,36.01,36.33,35.84,36.29,,1162759.0
2016-05-26,36.35,37.41,36.28,37.1,,2896230.0
2016-05-27,37.09,37.3,36.71,37.12,,1307899.0
2016-05-31,37.32,37.34,36.74,37.17,,2715416.0
2016-06-01,36.91,37.65,36.78,37.17,,2601715.0
2016-06-02,36.92,37.45,36.44,37.44,,1530188.0
2016-06-03,37.42,37.46,37.03,37.4,,1031605.0
2016-06-06,37.86,37.86,37.26,37.59,,862290.0
2016-06-07,37.75,38.31,37.49,38.17,,1929213.0
2016-06-08,38.44,38.51,37.74,38.09,,1954555.0
2016-06-09,37.61,39.57,37.6,39.53,,2007265.0
2016-06-10,39.0,39.17,38.3,38.32,,2525825.0
2016-06-13,38.13,38.51,37.78,38.03,,1934278.0
2016-06-14,37.68,38.13,37.36,37.9,,1616427.0
2016-06-15,37.9,38.5,37.81,37.94,,1439993.0
2016-06-16,37.46,38.12,37.37,37.95,,943717.0
2016-06-17,38.24,39.22,38.21,39.08,,2693808.0
2016-06-20,39.56,39.72,39.32,39.54,,1557590.0
2016-06-21,39.2,39.97,39.13,39.92,,1395700.0
2016-06-22,39.98,40.16,39.59,39.81,,1844593.0
2016-06-23,40.09,40.32,39.68,39.96,,1278183.0
2016-06-24,38.41,39.47,38.37,38.91,,1680157.0
2016-06-27,38.59,39.33,38.35,38.58,,1909579.0
2016-06-28,39.24,40.23,39.03,40.19,,1599602.0
2016-06-29,40.58,40.9,38.93,39.05,,1746328.0
2016-06-30,39.04,39.37,38.68,39.29,,1302862.0
2016-07-01,39.2,40.41,39.2,40.25,,1171233.0
2016-07-05,39.41,39.64,38.47,39.21,,1933204.0
2016-07-06,39.01,39.37,38.73,39.26,,1585039.0
2016-07-07,39.76,39.95,38.87,38.98,,1700991.0
2016-07-08,39.43,39.71,38.95,39.42,,1450434.0
2016-07-11,39.72,39.89,39.02,39.05,,740384.0
2016-07-12,39.69,40.0,39.54,39.79,,1044927.0
2016-07-13,39.82,39.84,38.17,38.63,,1918967.0
2016-07-14,39.17,39.17,38.17,38.42,,1271560.0
2016-07-15,38.68,38.68,38.07,38.34,,1846373.0
2016-07-18,38.36,38.41,38.04,38.29,,853395.0
2016-07-19,38.39,38.42,37.85,38.17,,1398875.0
2016-07-20,38.1,38.53,37.84,38.1,,943506.0
2016-07-21,38.1,38.68,37.93,37.97,,1104085.0
2016-07-22,38.22,38.37,37.73,38.09,,833980.0
2016-07-25,37.85,37.88,37.11,37.48,,1082982.0
2016-07-26,37.23,37.7,37.08,37.53,,1052736.0
2016-07-27,37.55,38.05,36.88,37.29,,1781257.0
2016-07-28,37.55,38.04,36.63,37.5,,2573278.0
2016-07-29,37.24,37.26,36.76,36.97,,2231333.0
2016-08-01,36.69,36.94,35.76,35.86,,1971743.0
2016-08-02,35.97,36.04,35.26,35.72,,1792420.0
2016-08-03,35.9,36.31,35.68,36.3,,1418830.0
2016-08-04,36.2,36.74,35.69,35.78,,1797245.0
2016-08-05,35.85,36.04,35.19,35.48,,1671802.0
2016-08-08,35.63,35.75,35.32,35.43,,1581577.0
2016-08-09,35.41,35.93,34.84,34.94,,1107141.0
2016-08-10,35.08,35.3,34.58,34.65,,1567167.0
2016-08-11,35.0,35.35,34.44,34.68,,1192435.0
2016-08-12,34.82,35.04,34.47,34.68,,1339272.0
2016-08-15,34.77,34.91,34.53,34.65,,1579589.0
2016-08-16,34.63,35.31,34.36,35.15,,2011391.0
2016-08-17,35.05,35.19,34.4,35.0,,1785850.0
2016-08-18,35.14,36.18,34.94,36.17,,1661325.0
2016-08-19,35.92,36.26,35.79,36.22,,1920245.0
2016-08-22,35.93,36.36,35.57,36.35,,1756107.0
2016-08-23,36.45,36.64,36.02,36.6,,2135714.0
2016-08-24,36.41,36.77,36.17,36.48,,1660604.0
2016-08-25,36.47,36.6,36.15,36.33,,987124.0
2016-08-26,36.73,37.52,36.13,36.39,,1626809.0
2016-08-29,36.33,36.86,36.15,36.86,,1137012.0
2016-08-30,37.05,37.24,36.61,36.68,,1361052.0
2016-08-31,36.45,36.6,35.9,36.3,,1248093.0
2016-09-01,36.07,36.69,35.92,36.42,,1146411.0
2016-09-02,36.65,37.03,36.32,36.46,,1023238.0
2016-09-06,36.45,36.92,36.35,36.88,,853228.0
2016-09-07,37.0,37.18,36.49,36.77,,966189.0
2016-09-08,37.04,37.55,36.89,37.37,,1197446.0
2016-09-09,37.16,37.72,36.82,36.82,,1618377.0
2016-09-12,36.73,37.73,36.65,37.55,,1260500.0
2016-09-13,36.9,37.06,36.18,36.23,,1338936.0
2016-09-14,36.29,36.55,35.7,35.85,,1459312.0
2016-09-15,35.95,36.52,35.64,36.27,,1198675.0
2016-09-16,35.91,35.91,35.37,35.79,,2310689.0
2016-09-19,36.07,36.39,35.97,36.16,,1076441.0
2016-09-20,36.24,37.38,36.2,36.94,,1754326.0
2016-09-21,37.22,37.67,36.69,37.65,,1732842.0
2016-09-22,38.06,38.33,37.63,37.74,,1590246.0
2016-09-23,37.65,38.0,37.09,37.39,,1674616.0
2016-09-26,37.43,37.59,36.86,36.9,,1076283.0
2016-09-27,36.55,36.55,34.59,34.84,,4027996.0
2016-09-28,35.08,36.24,34.65,35.68,,3700825.0
2016-09-29,35.61,35.77,35.03,35.31,,2336998.0
2016-09-30,35.56,37.05,35.37,36.86,,1893595.0
2016-10-03,37.0,37.62,36.8,37.39,,1291451.0
2016-10-04,37.42,37.54,36.64,36.77,,1132751.0
2016-10-05,36.94,37.1,36.6,36.99,,1274749.0
2016-10-06,37.18,37.5,36.85,36.99,,871482.0
2016-10-07,37.14,37.27,36.71,36.73,,1260162.0
2016-10-10,36.97,37.36,36.88,37.03,,1059911.0
2016-10-11,36.8,36.99,35.84,36.07,,1341457.0
2016-10-12,35.94,36.11,35.58,35.71,,917181.0
2016-10-13,35.36,36.01,34.72,35.72,,2219860.0
2016-10-14,35.83,36.03,34.24,34.25,,1542303.0
2016-10-17,34.16,34.31,33.15,33.46,,1463673.0
2016-10-18,33.94,33.94,32.8,33.31,,1454040.0
2016-10-19,33.44,33.67,32.99,33.49,,1614562.0
2016-10-20,33.12,33.49,32.81,33.16,,1428096.0
2016-10-21,33.0,33.21,32.54,32.67,,1698671.0
2016-10-24,32.66,32.78,32.35,32.72,,1453466.0
2016-10-25,33.0,33.78,32.8,32.96,,2528207.0
2016-10-26,32.54,32.74,32.04,32.67,,2523990.0
2016-10-27,32.64,34.78,32.59,33.72,,2881461.0
2016-10-28,34.39,35.09,33.43,33.51,,2302236.0
2016-10-31,33.59,33.81,33.26,33.5,,1671844.0
2016-11-01,33.82,34.06,32.57,33.01,,1429192.0
2016-11-02,32.68,33.06,32.14,32.56,,1249348.0
2016-11-03,32.72,32.91,32.1,32.37,,889813.0
2016-11-04,32.45,32.62,32.14,32.15,,1154102.0
2016-11-07,32.68,33.57,32.44,33.38,,1448776.0
2016-11-08,33.1,33.27,32.42,32.48,,1426351.0
2016-11-09,32.12,33.78,32.12,33.37,,1262177.0
2016-11-10,33.02,33.71,33.02,33.4,,1138794.0
2016-11-11,33.15,33.68,32.67,33.37,,1968374.0
2016-11-14,33.4,34.29,33.26,34.24,,1659831.0
2016-11-15,34.69,35.77,34.58,34.93,,1376090.0
2016-11-16,34.89,35.39,34.74,34.78,,1177744.0
2016-11-17,35.07,35.34,33.86,33.98,,1013880.0
2016-11-18,34.13,34.74,34.0,34.1,,1304441.0
2016-11-21,34.78,35.75,34.55,35.71,,1675785.0
2016-11-22,35.79,36.21,34.89,35.31,,1202340.0
2016-11-23,35.12,36.21,35.07,36.16,,1227081.0
2016-11-25,35.96,36.23,35.5,35.62,,459367.0
2016-11-28,36.05,36.81,35.61,35.65,,1639790.0
2016-11-29,34.87,36.29,34.54,36.04,,1200811.0
2016-11-30,37.62,37.89,35.37,35.59,,3106166.0
2016-12-01,36.38,37.31,36.17,36.55,,1916173.0
2016-12-02,36.47,36.66,35.82,36.15,,1371760.0
2016-12-05,36.7,37.69,36.58,36.99,,2018246.0
2016-12-06,36.83,37.3,36.76,36.78,,1211591.0
2016-12-07,36.84,37.36,36.72,37.24,,1603993.0
2016-12-08,37.44,37.89,37.09,37.78,,1144258.0
2016-12-09,37.76,38.47,37.73,37.94,,1757049.0
2016-12-12,38.08,38.09,35.01,35.5,,6547180.0
2016-12-13,35.8,36.24,35.14,36.0,,2857400.0
2016-12-14,35.99,36.1,34.8,34.84,,2884768.0
2016-12-15,34.23,35.03,33.62,34.14,,2941016.0
2016-12-16,33.82,34.02,32.54,33.05,,5010121.0
2016-12-19,33.25,33.72,32.83,33.41,,2212219.0
2016-12-20,33.19,33.59,32.56,33.34,,3051041.0
2016-12-21,33.94,34.62,33.63,34.06,,1980964.0
2016-12-22,34.03,34.24,33.73,33.83,,856496.0
2016-12-23,33.87,34.09,33.62,33.72,,661531.0
2016-12-27,33.98,34.13,33.69,34.07,,520369.0
2016-12-28,34.0,34.14,33.43,33.65,,834480.0
2016-12-29,33.56,33.69,33.24,33.33,,1049907.0
2016-12-30,33.37,33.76,33.04,33.22,,1246891.0
2017-01-03,32.71,33.4,31.79,32.54,,3012971.0
2017-01-04,32.66,33.3,32.33,33.11,,1388889.0
2017-01-05,33.23,33.73,32.77,33.45,,2827020.0
2017-01-06,33.4,33.67,33.06,33.18,,1075117.0
2017-01-09,32.61,32.88,32.07,32.08,,1339255.0
2017-01-10,32.31,32.51,31.81,32.17,,2381333.0
2017-01-11,32.09,32.22,31.58,31.84,,2465107.0
2017-01-12,32.11,32.25,31.85,31.97,,1490021.0
2017-01-13,31.98,32.05,31.53,31.56,,1291186.0
2017-01-17,31.53,31.79,31.33,31.54,,2869880.0
2017-01-18,31.33,31.8,31.25,31.76,,2035114.0
2017-01-19,31.81,31.95,31.56,31.74,,1199621.0
2017-01-20,32.05,32.15,31.41,31.93,,2152373.0
2017-01-23,31.73,32.1,31.48,31.7,,1691930.0
2017-01-24,31.92,32.68,31.87,32.52,,1718251.0
2017-01-25,32.61,32.83,32.47,32.57,,962761.0
2017-01-26,32.8,33.29,32.7,33.15,,2160273.0
2017-01-27,32.89,33.26,32.54,32.59,,1617661.0
2017-01-30,32.28,32.45,31.24,31.44,,1864358.0
2017-01-31,31.32,31.62,30.57,30.79,,3073950.0
2017-02-01,31.24,31.24,30.73,30.87,,4016086.0
2017-02-02,31.72,32.68,30.96,32.44,,4876949.0
2017-02-03,32.09,33.14,32.09,33.05,,3412242.0
2017-02-06,33.0,33.6,32.37,32.51,,1971842.0
2017-02-07,32.58,32.58,31.56,31.64,,2085069.0
2017-02-08,31.36,31.58,30.96,31.32,,1694811.0
2017-02-09,31.84,32.59,31.26,32.38,,2574515.0
2017-02-10,32.41,33.19,32.17,32.68,,2141132.0
2017-02-13,32.48,32.53,31.75,31.76,,1614851.0
2017-02-14,31.68,32.13,31.53,32.1,,1038891.0
2017-02-15,32.09,32.67,32.04,32.53,,1348467.0
2017-02-16,32.47,32.56,31.59,31.63,,1665461.0
2017-02-17,31.46,32.12,31.29,31.54,,1060461.0
2017-02-21,31.39,31.89,30.81,31.71,,2045296.0
2017-02-22,31.45,31.81,30.72,30.77,,2239364.0
2017-02-23,31.26,31.38,30.62,30.89,,1521942.0
2017-02-24,30.88,31.23,30.33,30.46,,1524801.0
2017-02-27,30.39,30.92,30.26,30.79,,1630753.0
2017-02-28,30.72,30.73,30.26,30.43,,1291272.0
2017-03-01,30.86,31.22,30.6,31.01,,1473424.0
2017-03-02,30.82,31.24,30.7,30.86,,1600822.0
2017-03-03,30.81,31.07,30.05,30.13,,1671667.0
2017-03-06,30.55,30.9,30.18,30.53,,2904766.0
2017-03-07,30.57,30.79,29.8,29.87,,1748303.0
2017-03-08,29.95,30.39,29.39,29.46,,1951590.0
2017-03-09,29.53,29.7,28.69,29.22,,3439099.0
2017-03-10,29.5,29.6,28.84,29.0,,3366340.0
2017-03-13,29.28,29.96,29.16,29.37,,2590441.0
2017-03-14,29.0,29.35,28.86,29.14,,2055251.0
2017-03-15,29.54,29.96,29.1,29.57,,1919724.0
2017-03-16,29.58,29.62,29.2,29.24,,1808036.0
2017-03-17,29.43,29.54,29.08,29.38,,2779999.0
2017-03-20,29.22,29.59,28.94,29.51,,1769862.0
2017-03-21,29.6,29.95,28.91,29.35,,2843340.0
2017-03-22,29.23,29.26,28.65,28.84,,1960718.0
2017-03-23,28.87,29.32,28.62,28.98,,1764561.0
2017-03-24,28.99,29.4,28.81,29.12,,2524379.0
2017-03-27,28.75,29.98,28.69,29.85,,2398411.0
2017-03-28,29.82,30.5,29.59,30.31,,1896247.0
2017-03-29,30.41,31.18,30.17,31.08,,1942342.0
2017-03-30,31.14,31.36,30.74,30.83,,2642100.0
2017-03-31,30.77,31.35,30.74,31.05,,2181751.0
2017-04-03,31.06,31.17,30.26,30.94,,2376329.0
2017-04-04,31.01,31.77,30.85,31.71,,2002377.0
2017-04-05,32.03,32.15,31.55,31.62,,2236047.0
2017-04-06,31.82,32.33,31.71,32.26,,2139322.0
2017-04-07,32.27,32.32,31.91,32.01,,1398924.0
2017-04-10,31.84,32.35,31.84,32.25,,1193235.0
2017-04-11,32.09,32.51,31.86,32.32,,1520644.0
2017-04-12,32.19,32.59,31.97,32.19,,1578974.0
2017-04-13,32.34,32.37,31.74,31.82,,1806538.0
2017-04-17,31.73,32.01,31.61,31.82,,1509321.0
2017-04-18,31.53,31.99,31.38,31.8,,1190600.0
2017-04-19,31.98,32.26,31.57,31.63,,1833247.0
2017-04-20,31.76,32.52,31.61,32.15,,1477710.0
2017-04-21,32.05,32.26,31.58,31.94,,1505185.0
2017-04-24,32.06,32.27,31.72,31.85,,1970553.0
2017-04-25,31.82,32.3,31.58,32.23,,1561378.0
2017-04-26,31.96,32.75,31.96,32.46,,3200974.0
2017-04-27,31.57,31.57,30.04,30.17,,5916048.0
2017-04-28,30.52,30.6,29.39,29.54,,3162416.0
2017-05-01,29.44,29.8,29.22,29.53,,2065077.0
2017-05-02,29.68,30.6,29.62,30.01,,2187224.0
2017-05-03,29.83,30.11,29.49,29.57,,1669348.0
2017-05-04,29.35,29.35,28.13,28.58,,3156303.0
2017-05-05,28.79,29.61,28.62,29.58,,2609963.0
2017-05-08,29.4,29.52,28.89,29.03,,2523996.0
2017-05-09,29.18,29.23,28.59,28.64,,2223306.0
2017-05-10,28.88,29.21,28.68,29.02,,2442969.0
2017-05-11,29.18,29.2,28.65,28.85,,1735370.0
2017-05-12,28.84,29.06,28.68,28.89,,1288649.0
2017-05-15,29.33,29.46,28.68,28.82,,1666572.0
2017-05-16,28.93,28.93,28.44,28.55,,1418906.0
2017-05-17,28.38,28.73,28.19,28.29,,1300275.0
2017-05-18,28.15,28.57,28.01,28.2,,1573034.0
2017-05-19,28.3,28.84,28.05,28.68,,1486362.0
2017-05-22,28.85,28.97,28.67,28.73,,1257805.0
2017-05-23,28.64,29.15,28.57,29.08,,1836944.0
2017-05-24,29.05,29.13,28.58,28.77,,1399012.0
2017-05-25,28.6,29.15,28.24,28.63,,3423120.0
2017-05-26,28.62,28.98,28.4,28.82,,1492602.0
2017-05-30,28.59,28.75,28.34,28.47,,2442191.0
2017-05-31,28.11,28.33,27.82,28.1,,2588354.0
2017-06-01,28.21,28.62,28.03,28.56,,2371081.0
2017-06-02,28.3,28.44,27.51,27.85,,3864681.0
2017-06-05,27.64,27.83,27.31,27.34,,1635607.0
2017-06-06,27.29,27.6,26.78,27.44,,3068965.0
2017-06-07,27.42,27.48,26.9,27.22,,3939181.0
2017-06-08,27.24,28.03,27.02,27.91,,2814467.0
2017-06-09,28.04,28.87,28.01,28.72,,4320703.0
2017-06-12,29.14,29.26,28.49,28.88,,1656586.0
2017-06-13,28.94,29.45,28.72,29.44,,2949379.0
2017-06-14,29.29,29.44,28.83,29.24,,2180462.0
2017-06-15,29.04,29.51,29.03,29.33,,2006080.0
2017-06-16,29.47,30.05,29.39,29.88,,3452929.0
2017-06-19,28.22,28.55,26.89,27.2,,22129500.0
2017-06-20,27.23,27.23,26.2,26.65,,10524284.0
2017-06-21,26.65,26.65,25.23,25.84,,10582237.0
2017-06-22,26.01,26.72,25.55,26.45,,9918823.0
2017-06-23,26.74,28.6,26.59,28.57,,7639979.0
2017-06-26,28.81,29.81,28.37,29.66,,5448029.0
2017-06-27,29.72,29.9,29.2,29.62,,6608114.0
2017-06-28,29.82,30.33,29.67,29.87,,3986182.0
2017-06-29,30.04,30.27,29.67,30.0,,4217806.0
2017-06-30,30.15,30.33,29.72,29.79,,3858103.0
2017-07-03,30.62,30.9,29.81,30.38,,6730337.0
2017-07-05,30.02,30.6,29.57,30.4,,6721453.0
2017-07-06,30.53,30.8,29.9,29.99,,5432210.0
2017-07-07,29.84,29.97,29.23,29.86,,5421084.0
2017-07-10,29.93,30.54,29.74,30.45,,3746037.0
2017-07-11,30.53,31.14,30.33,31.03,,3961120.0
2017-07-12,31.27,31.37,30.78,31.13,,4715582.0
2017-07-13,31.02,31.41,30.92,31.37,,2807943.0
2017-07-14,31.63,31.78,31.25,31.46,,1928629.0
2017-07-17,31.49,32.01,31.4,31.61,,2214327.0
2017-07-18,31.79,31.9,30.72,31.09,,2138811.0
2017-07-19,31.2,31.81,31.0,31.78,,3755319.0
2017-07-20,31.94,32.19,31.43,31.5,,4182972.0
2017-07-21,31.51,32.43,31.44,32.0,,4633798.0
2017-07-24,32.02,32.28,31.7,32.07,,2860910.0
2017-07-25,32.55,32.99,32.38,32.57,,3249330.0
2017-07-26,32.64,32.83,32.14,32.52,,2563892.0
2017-07-27,32.48,34.34,31.94,34.07,,6263333.0
2017-07-28,34.12,34.49,33.54,33.6,,4470558.0
2017-07-31,33.45,33.63,32.23,32.38,,4453114.0
2017-08-01,32.36,32.58,32.15,32.5,,2562995.0
2017-08-02,32.21,32.67,31.88,32.03,,2150940.0
2017-08-03,32.09,32.27,31.34,31.58,,3460041.0
2017-08-04,31.59,32.15,31.49,31.75,,2711085.0
2017-08-07,31.7,31.72,30.89,31.35,,2781564.0
2017-08-08,31.15,32.13,31.15,31.92,,4368575.0
2017-08-09,32.12,32.37,31.42,31.9,,2634494.0
2017-08-10,32.04,32.35,31.55,31.57,,1620084.0
2017-08-11,31.45,32.04,31.37,32.01,,1286500.0
2017-08-14,32.14,32.35,31.38,31.44,,2305939.0
2017-08-15,31.3,31.37,30.42,31.05,,2944244.0
2017-08-16,30.95,31.3,30.76,30.9,,1980348.0
2017-08-17,30.63,31.32,30.59,31.05,,2850268.0
2017-08-18,31.0,31.02,30.61,30.64,,3422547.0
2017-08-21,30.6,30.77,30.3,30.61,,2532575.0
2017-08-22,30.72,31.35,30.72,31.16,,2374765.0
2017-08-23,31.08,31.5,31.03,31.05,,2729710.0
2017-08-24,31.05,31.41,30.68,31.17,,1090650.0
2017-08-25,31.24,31.28,30.86,31.06,,1839592.0
2017-08-28,30.97,31.07,30.62,30.94,,1310787.0
2017-08-29,30.74,31.23,30.59,31.12,,1025873.0
2017-08-30,30.9,31.51,30.71,31.42,,1361932.0
2017-08-31,31.54,32.03,31.37,31.71,,1639830.0
2017-09-01,31.76,31.94,31.21,31.85,,1764538.0
2017-09-05,32.02,32.23,31.63,31.89,,3477552.0
2017-09-06,32.2,32.2,31.77,32.0,,1913144.0
2017-09-07,31.96,32.0,31.27,31.59,,1914782.0
2017-09-08,31.27,31.3,30.35,30.86,,3656352.0
2017-09-11,30.96,31.15,30.61,31.02,,2979129.0
2017-09-12,31.15,31.82,30.95,31.65,,2428691.0
2017-09-13,31.78,32.22,31.78,32.1,,4284296.0
2017-09-14,32.34,33.54,32.3,32.99,,6842246.0
2017-09-15,32.87,33.15,32.64,32.99,,3034554.0
2017-09-18,33.12,33.29,32.62,32.71,,2324677.0
2017-09-19,32.74,32.83,32.37,32.61,,2197411.0
2017-09-20,32.83,33.16,32.59,32.81,,4092901.0
2017-09-21,32.59,32.88,32.23,32.47,,3917053.0
2017-09-22,32.42,32.84,32.33,32.68,,2087577.0
2017-09-25,32.84,33.12,32.66,32.78,,2058093.0
2017-09-26,33.11,33.5,32.93,33.04,,3062299.0
2017-09-27,33.28,33.36,32.66,33.2,,2350438.0
2017-09-28,33.2,33.33,32.71,33.09,,3039947.0
2017-09-29,32.91,33.34,32.83,33.18,,2577737.0
2017-10-02,32.81,33.35,32.72,33.24,,2569510.0
2017-10-03,33.22,33.42,32.65,32.66,,1917511.0
2017-10-04,32.85,32.95,32.16,32.66,,4222106.0
2017-10-05,32.86,33.33,32.68,33.09,,3211481.0
2017-10-06,32.74,32.98,32.18,32.35,,4987129.0
2017-10-09,32.37,32.54,31.85,31.99,,3490473.0
2017-10-10,32.22,32.35,31.83,31.98,,2936237.0
2017-10-11,32.03,32.17,31.79,32.09,,1773903.0
2017-10-12,31.91,32.48,31.69,32.29,,2249604.0
2017-10-13,32.56,32.58,32.01,32.05,,2029354.0
2017-10-16,32.09,32.35,31.68,31.82,,1888339.0
2017-10-17,31.8,32.3,31.74,32.21,,2313568.0
2017-10-18,32.16,32.41,31.86,32.01,,1558875.0
2017-10-19,31.87,32.13,31.72,32.07,,2913102.0
2017-10-20,32.08,32.44,31.96,32.22,,1808295.0
2017-10-23,32.39,32.88,32.01,32.03,,3304679.0
2017-10-24,32.33,32.73,32.11,32.58,,2782389.0
2017-10-25,32.35,32.51,30.84,30.88,,5829649.0
2017-10-26,30.96,30.96,29.6,30.55,,6712425.0
2017-10-27,30.29,33.08,30.13,32.2,,11369009.0
2017-10-30,32.2,32.37,31.34,31.51,,5353171.0
2017-10-31,31.64,32.08,31.35,31.81,,2908254.0
2017-11-01,32.08,32.24,31.49,31.57,,3334579.0
2017-11-02,31.48,32.04,31.3,31.55,,2147754.0
2017-11-03,31.61,32.17,30.93,31.93,,2818809.0
2017-11-06,32.19,32.57,31.83,32.47,,3651505.0
2017-11-07,32.47,32.61,31.92,32.17,,2598570.0
2017-11-08,32.23,32.96,31.95,32.78,,5348299.0
2017-11-09,32.84,33.56,32.84,33.54,,9250714.0
2017-11-10,33.49,33.6,32.79,33.17,,21244607.0
2017-11-13,33.17,33.49,32.68,32.86,,8092176.0
2017-11-14,32.79,32.84,30.7,30.84,,5615524.0
2017-11-15,30.49,30.53,29.8,30.28,,6585633.0
2017-11-16,30.64,30.64,29.89,30.18,,2659023.0
2017-11-17,30.2,30.38,29.9,30.04,,2701100.0
2017-11-20,29.9,30.23,29.5,30.19,,3718614.0
2017-11-21,30.2,30.33,29.47,29.68,,2273590.0
2017-11-22,29.68,29.91,29.51,29.61,,1721472.0
2017-11-24,29.57,29.69,29.12,29.34,,1167237.0
2017-11-27,29.41,29.47,28.74,28.94,,3647539.0
2017-11-28,28.94,29.13,28.67,28.94,,2814373.0
2017-11-29,28.95,29.66,28.84,29.57,,2846614.0
2017-11-30,29.49,30.39,29.49,30.33,,4524177.0
2017-12-01,30.53,30.71,29.82,30.31,,3877494.0
2017-12-04,30.31,30.68,30.14,30.35,,4862094.0
2017-12-05,29.95,30.37,29.82,30.03,,2743519.0
2017-12-06,30.05,30.05,29.04,29.1,,2751451.0
2017-12-07,29.0,29.16,28.36,28.39,,2856002.0
2017-12-08,28.64,28.81,28.23,28.69,,5678226.0
2017-12-11,28.8,29.44,28.79,29.07,,2790291.0
2017-12-12,29.35,29.42,28.47,28.49,,2650629.0
2017-12-13,28.32,29.3,28.32,28.91,,3621735.0
2017-12-14,28.8,28.95,28.44,28.5,,2806861.0
2017-12-15,28.73,28.75,27.8,27.84,,5300521.0
2017-12-18,27.99,28.55,27.97,28.16,,3570681.0
2017-12-19,28.34,28.39,27.64,27.69,,4116599.0
2017-12-20,27.74,27.81,27.3,27.59,,3068195.0
2017-12-21,27.39,28.3,27.19,28.2,,2818922.0
2017-12-22,28.26,28.35,27.83,27.87,,2203357.0
2017-12-26,28.03,28.32,27.95,28.22,,1624160.0
2017-12-27,28.23,28.33,27.91,28.16,,2966418.0
2017-12-28,28.24,29.25,28.14,29.14,,3280443.0
2017-12-29,29.24,29.31,28.88,28.96,,2610831.0
2018-01-02,29.26,29.9,29.07,29.83,,3246510.0
2018-01-03,30.0,30.36,29.6,29.99,,4423640.0
2018-01-04,30.1,30.14,29.7,30.01,,1888361.0
2018-01-05,29.82,29.82,29.08,29.42,,3092391.0
2018-01-08,29.49,29.94,29.15,29.89,,2866620.0
2018-01-09,29.89,30.12,29.7,29.87,,2097851.0
2018-01-10,29.81,30.02,29.48,29.51,,2061530.0
2018-01-11,29.78,30.1,29.6,29.87,,5599050.0
2018-01-12,29.89,30.12,29.56,29.75,,3116306.0
2018-01-16,29.71,29.89,29.34,29.57,,4989778.0
2018-01-17,29.75,30.03,29.51,29.6,,4634931.0
2018-01-18,29.44,29.5,29.04,29.08,,2138610.0
2018-01-19,28.94,28.96,28.48,28.51,,2226620.0
2018-01-22,28.89,29.17,28.53,29.09,,2868054.0
2018-01-23,29.38,29.88,29.21,29.74,,6050407.0
2018-01-24,29.89,30.34,29.81,29.9,,2941572.0
2018-01-25,30.02,30.23,29.55,29.76,,2137402.0
2018-01-26,29.97,30.08,29.72,29.89,,2903383.0
2018-01-29,29.67,29.72,28.81,28.93,,1886182.0
2018-01-30,28.66,28.7,27.65,27.81,,3827705.0
2018-01-31,27.81,28.0,27.54,27.63,,4126816.0
2018-02-01,27.56,27.82,26.75,27.13,,5376987.0
2018-02-02,26.8,27.02,26.31,26.41,,3920956.0
2018-02-05,26.07,26.33,24.91,25.07,,5137150.0
2018-02-06,24.57,25.74,24.26,25.26,,3940260.0
2018-02-07,25.17,25.42,23.98,24.25,,4791397.0
2018-02-08,24.24,24.66,23.53,23.53,,5465707.0
2018-02-09,23.64,23.8,22.24,23.27,,4450154.0
2018-02-12,23.66,24.5,23.66,24.31,,4407699.0
2018-02-13,24.13,24.22,23.87,24.12,,4598565.0
2018-02-14,23.87,24.92,23.78,24.7,,4822047.0
2018-02-15,25.01,27.27,24.57,27.16,,10822214.0
2018-02-16,26.97,27.42,26.61,26.76,,6130391.0
2018-02-20,26.87,26.99,26.09,26.17,,6057832.0
2018-02-21,27.27,27.27,25.34,25.36,,7028120.0
2018-02-22,25.49,26.24,25.26,25.88,,6761162.0
2018-02-23,26.05,26.66,25.97,26.52,,3798063.0
2018-02-26,26.8,26.86,26.46,26.73,,3720630.0
2018-02-27,26.62,26.94,26.15,26.16,,4156213.0
2018-02-28,26.3,26.48,25.62,25.62,,3061541.0
2018-03-01,25.75,25.93,25.42,25.53,,3751245.0
2018-03-02,25.32,25.7,24.85,25.62,,4071183.0
2018-03-05,25.6,26.56,25.6,26.42,,3534025.0
2018-03-06,26.63,26.79,26.26,26.39,,3772530.0
2018-03-07,26.11,26.56,25.86,26.15,,2166267.0
2018-03-08,26.22,26.27,25.78,26.0,,1797221.0
2018-03-09,26.08,26.91,26.08,26.7,,2253310.0
2018-03-12,26.79,26.8,26.33,26.58,,1999376.0
2018-03-13,26.69,26.93,26.47,26.81,,2264910.0
2018-03-14,26.94,26.98,26.57,26.71,,2768707.0
2018-03-15,26.22,26.56,24.75,25.32,,7586814.0
2018-03-16,25.38,25.85,25.17,25.69,,3696231.0
2018-03-19,25.18,25.53,24.59,24.77,,2031697.0
2018-03-20,24.95,25.08,24.64,24.7,,1886036.0
2018-03-21,24.78,25.37,24.6,25.22,,1722740.0
2018-03-22,24.94,25.2,24.81,24.83,,1850514.0
2018-03-23,24.98,25.35,24.48,24.55,,2223317.0
2018-03-26,24.82,25.0,24.39,24.89,,1762684.0
2018-03-27,24.98,24.98,24.01,24.16,,3077422.0
2018-03-28,24.26,24.38,23.71,23.72,,2592670.0
2018-03-29,23.86,24.35,23.77,24.19,,3145934.0
2018-04-02,24.01,24.07,23.01,23.44,,2136637.0
2018-04-03,23.6,24.08,23.35,24.0,,2043820.0
2018-04-04,23.67,23.88,23.51,23.84,,2020424.0
2018-04-05,24.04,24.98,23.97,24.82,,2635040.0
2018-04-06,24.7,24.76,23.39,23.88,,2832783.0
2018-04-09,23.79,24.29,23.7,23.75,,1667667.0
2018-04-10,24.08,25.04,24.08,24.74,,2252169.0
2018-04-11,24.71,25.05,24.45,24.8,,1655747.0
2018-04-12,24.88,24.98,24.47,24.61,,1663044.0
2018-04-13,24.74,25.07,24.53,24.87,,1905831.0
2018-04-16,25.04,25.27,24.74,24.95,,1625187.0
2018-04-17,24.99,25.25,24.69,25.14,,1297277.0
2018-04-18,25.3,25.56,25.0,25.02,,1780466.0
2018-04-19,24.94,25.14,24.53,24.55,,1661145.0
2018-04-20,24.43,24.43,23.74,24.11,,3412844.0
2018-04-23,23.97,24.44,23.69,24.41,,2057623.0
2018-04-24,24.44,24.51,23.58,23.75,,2544361.0
2018-04-25,23.6,24.02,23.42,23.91,,2389096.0
2018-04-26,24.33,26.33,23.87,25.94,,10516170.0
2018-04-27,26.03,26.32,25.36,25.44,,3927253.0
2018-04-30,25.26,25.84,25.1,25.56,,3268456.0
2018-05-01,25.49,26.08,25.31,25.57,,3731739.0
2018-05-02,25.34,25.87,25.13,25.35,,3131799.0
2018-05-03,24.93,25.26,23.9,23.98,,3637544.0
2018-05-04,23.98,24.9,23.95,24.76,,2110623.0
2018-05-07,25.19,25.9,24.93,25.15,,3177693.0
2018-05-08,25.13,25.74,24.57,25.73,,2936007.0
2018-05-09,26.07,26.82,25.88,26.09,,4170394.0
2018-05-10,26.28,26.37,25.66,26.31,,2526679.0
2018-05-11,26.31,26.31,25.72,25.88,,2292904.0
2018-05-14,26.08,26.5,25.97,26.33,,2300440.0
2018-05-15,26.37,26.62,25.94,26.62,,2976391.0
2018-05-16,26.6,27.4,26.42,27.28,,3867512.0
2018-05-17,27.36,27.6,26.93,27.48,,2431396.0
2018-05-18,27.4,27.4,26.73,26.82,,2742509.0
2018-05-21,27.08,27.37,26.9,27.35,,2285328.0
2018-05-22,27.59,27.82,26.67,26.77,,3048113.0
2018-05-23,26.58,26.93,26.2,26.59,,2427336.0
2018-05-24,26.33,26.59,25.79,25.9,,2236139.0
2018-05-25,25.39,25.64,25.13,25.59,,2804859.0
2018-05-29,25.2,25.64,24.94,25.2,,1962572.0
2018-05-30,25.38,26.13,25.16,26.1,,1999369.0
2018-05-31,25.93,26.68,25.74,26.26,,3128832.0
2018-06-01,26.32,26.8,26.11,26.45,,2696034.0
2018-06-04,26.51,26.57,25.58,25.74,,1977288.0
2018-06-05,25.48,25.98,25.23,25.85,,2139245.0
2018-06-06,25.99,26.44,25.87,26.33,,2069893.0
2018-06-07,26.49,27.16,26.46,27.08,,2303324.0
2018-06-08,27.08,27.4,26.68,27.06,,1876343.0
2018-06-11,27.19,27.76,27.01,27.62,,1813491.0
2018-06-12,27.66,28.35,27.61,28.28,,3485177.0
2018-06-13,28.41,29.22,28.37,28.93,,3957654.0
2018-06-14,29.12,29.19,28.58,28.61,,3346739.0
2018-06-15,28.43,28.66,28.21,28.26,,5333345.0
2018-06-18,28.16,28.86,28.11,28.48,,3231620.0
2018-06-19,28.01,28.79,27.89,28.76,,2678406.0
2018-06-20,29.07,29.22,28.57,28.93,,2888026.0
2018-06-21,28.75,29.07,28.37,28.51,,2090677.0
2018-06-22,28.85,29.05,27.22,27.35,,6729106.0
2018-06-25,27.31,27.71,27.12,27.41,,3964053.0
2018-06-26,27.39,28.07,27.13,28.05,,2773798.0
2018-06-27,28.29,28.68,27.93,28.01,,2615150.0
2018-06-28,28.25,28.8,27.99,28.65,,3389320.0
2018-06-29,28.71,29.24,28.02,28.11,,2635107.0
2018-07-02,27.77,27.85,27.38,27.74,,1708139.0
2018-07-03,28.11,28.2,27.59,27.77,,1094198.0
2018-07-05,27.89,28.18,27.74,28.01,,1967640.0
2018-07-06,27.99,28.61,27.95,28.49,,1285011.0
2018-07-09,28.71,29.01,28.4,28.98,,2091340.0
2018-07-10,29.12,29.18,28.57,28.73,,1997658.0
2018-07-11,28.52,29.21,28.34,28.43,,2417436.0
2018-07-12,28.48,28.48,27.87,28.14,,2081377.0
2018-07-13,28.05,28.74,27.73,28.29,,2369022.0
2018-07-16,27.99,28.26,27.71,27.95,,2644538.0
2018-07-17,27.85,28.15,27.56,27.99,,1375561.0
2018-07-18,27.92,28.07,27.63,27.95,,1686574.0
2018-07-19,27.56,28.52,27.56,28.37,,2573149.0
2018-07-20,28.42,28.51,28.09,28.37,,3249952.0
2018-07-23,28.4,28.53,27.92,27.98,,1914478.0
2018-07-24,28.16,28.34,27.86,28.02,,1934768.0
2018-07-25,28.17,28.47,27.74,28.24,,2597125.0
2018-07-26,28.7,28.84,27.44,27.68,,5346726.0
2018-07-27,27.54,27.82,25.35,25.4,,6554367.0
2018-07-30,25.23,25.66,25.01,25.32,,4331793.0
2018-07-31,25.32,25.82,24.96,25.31,,3113110.0
2018-08-01,24.96,25.39,24.82,25.07,,2623922.0
2018-08-02,24.84,25.24,24.76,25.21,,2393956.0
2018-08-03,25.14,26.15,25.14,25.66,,4040626.0
2018-08-06,25.67,25.89,25.56,25.73,,2178101.0
2018-08-07,25.98,26.29,25.77,26.01,,2216464.0
2018-08-08,25.86,26.09,25.67,25.76,,3483354.0
2018-08-09,25.72,26.0,25.43,25.46,,3899477.0
2018-08-10,25.3,25.6,25.03,25.39,,5260480.0
2018-08-13,25.36,25.58,24.98,25.16,,3520726.0
2018-08-14,25.6,25.86,25.47,25.67,,3515374.0
2018-08-15,25.44,25.45,24.83,25.1,,2965475.0
2018-08-16,25.22,25.61,25.09,25.41,,2596277.0
2018-08-17,25.35,25.78,25.23,25.25,,3406736.0
2018-08-20,25.17,25.67,25.14,25.49,,4791430.0
2018-08-21,25.73,26.33,25.7,26.11,,3834396.0
2018-08-22,26.23,26.51,26.18,26.34,,1977093.0
2018-08-23,26.2,26.44,26.04,26.24,,2142188.0
2018-08-24,26.33,26.5,26.04,26.08,,1237966.0
2018-08-27,26.1,26.29,25.48,25.49,,3268755.0
2018-08-28,25.51,25.65,25.19,25.5,,2831911.0
2018-08-29,25.64,26.03,25.36,25.84,,1990011.0
2018-08-30,25.85,26.26,25.81,26.15,,2275008.0
2018-08-31,26.11,26.31,25.85,26.01,,1777686.0
2018-09-04,25.96,26.11,25.04,25.13,,2408727.0
2018-09-05,25.0,25.05,24.58,24.86,,2509432.0
2018-09-06,24.8,24.8,23.79,23.91,,4048506.0
2018-09-07,23.69,23.86,23.35,23.74,,2307593.0
2018-09-10,23.81,23.88,23.38,23.43,,2551902.0
2018-09-11,23.31,23.91,23.22,23.89,,3396852.0
2018-09-12,24.13,24.31,23.95,24.05,,2041309.0
2018-09-13,24.01,24.41,23.74,24.36,,2460981.0
2018-09-14,24.31,24.48,24.19,24.24,,1431809.0
2018-09-17,24.31,24.4,23.91,23.98,,2047676.0
2018-09-18,23.98,24.29,23.46,23.72,,3288927.0
2018-09-19,23.65,24.53,23.65,24.26,,2307020.0
2018-09-20,24.39,24.78,24.31,24.72,,1982707.0
2018-09-21,24.69,24.81,24.49,24.59,,5206711.0
2018-09-24,24.89,25.04,23.78,23.85,,2700596.0
2018-09-25,23.93,24.07,23.51,23.92,,2599546.0
2018-09-26,23.66,23.75,22.64,22.65,,3459811.0
2018-09-27,22.79,23.11,22.55,22.79,,2949947.0
2018-09-28,22.64,23.04,22.51,22.55,,3306052.0
2018-10-01,22.71,22.75,22.37,22.46,,1994818.0
2018-10-02,22.44,22.69,22.35,22.52,,3649657.0
2018-10-03,22.68,22.9,22.19,22.53,,4853836.0
2018-10-04,22.53,23.18,22.41,22.55,,2981169.0
2018-10-05,22.64,23.02,22.59,22.86,,1949274.0
2018-10-08,22.78,23.36,22.66,23.3,,2197875.0
2018-10-09,23.3,23.92,23.29,23.65,,2476425.0
2018-10-10,23.73,23.92,23.15,23.27,,2699031.0
2018-10-11,23.1,23.61,22.81,23.12,,4185208.0
2018-10-12,23.53,23.78,22.7,23.14,,2008399.0
2018-10-15,23.46,24.17,23.3,23.93,,2473338.0
2018-10-16,23.98,24.31,23.88,24.25,,1787670.0
2018-10-17,24.21,24.36,23.73,24.14,,2154873.0
2018-10-18,23.9,24.15,23.6,23.8,,1809771.0
2018-10-19,23.79,24.2,23.61,23.64,,1911927.0
2018-10-22,23.62,23.62,22.5,22.65,,2882136.0
2018-10-23,22.16,22.32,21.29,21.65,,3367680.0
2018-10-24,21.74,21.96,20.57,20.63,,4282581.0
2018-10-25,19.52,19.94,17.08,18.02,,13621767.0
2018-10-26,17.73,18.02,16.51,16.59,,11732742.0
2018-10-29,16.59,16.75,15.56,15.8,,10305920.0
2018-10-30,15.76,16.8,15.73,16.76,,7205766.0
2018-10-31,17.1,17.77,16.91,17.32,,7448181.0
2018-11-01,17.65,17.91,17.43,17.78,,3571524.0
2018-11-02,17.63,17.74,16.47,16.63,,4207574.0
2018-11-05,17.15,18.09,17.15,18.02,,4344177.0
2018-11-06,17.8,18.15,17.79,17.85,,3252135.0
2018-11-07,18.04,18.17,16.79,17.42,,5632862.0
2018-11-08,17.25,18.02,17.0,17.74,,8448326.0
2018-11-09,17.68,19.1,17.58,18.3,,11832529.0
2018-11-12,18.43,18.55,17.58,17.66,,69020884.0
2018-11-13,17.69,19.81,17.19,17.38,,35458798.0
2018-11-14,17.54,17.9,15.57,16.37,,20937166.0
2018-11-15,16.0,16.71,15.84,16.11,,12247549.0
2018-11-16,15.99,16.14,15.26,15.57,,11981749.0
2018-11-19,15.47,16.31,15.34,16.01,,9691021.0
2018-11-20,16.09,16.14,15.48,15.68,,9112804.0
2018-11-21,15.79,16.79,15.77,16.69,,7334273.0
2018-11-23,16.22,17.18,16.2,16.99,,3538800.0
2018-11-26,17.03,17.56,16.91,17.52,,7676980.0
2018-11-27,17.41,17.64,17.03,17.52,,6644138.0
2018-11-28,17.44,18.01,17.12,17.89,,5772076.0
2018-11-29,17.9,18.08,17.33,17.64,,6855147.0
2018-11-30,17.53,17.82,17.28,17.55,,4814306.0
2018-12-03,17.97,18.08,17.02,17.74,,7427813.0
2018-12-04,17.79,18.14,17.06,17.12,,4767396.0
2018-12-06,16.76,16.93,16.24,16.88,,5852104.0
2018-12-07,17.24,18.34,17.01,17.27,,8203584.0
2018-12-10,17.08,18.53,16.99,18.42,,12089241.0
2018-12-11,18.63,19.58,18.6,19.03,,12622454.0
2018-12-12,19.22,19.45,18.73,18.75,,9079135.0
2018-12-13,18.85,19.51,18.58,18.94,,7191818.0
2018-12-14,18.92,18.94,18.03,18.2,,7052951.0
2018-12-17,18.03,18.7,17.62,17.72,,6387161.0
2018-12-18,17.91,17.99,17.49,17.7,,5869801.0
2018-12-19,17.72,18.56,17.53,17.72,,8051065.0
2018-12-20,17.54,18.49,17.02,17.4,,9243528.0
2018-12-21,17.3,17.89,17.13,17.52,,10150186.0
2018-12-24,17.32,17.37,16.43,16.5,,2774503.0
2018-12-26,16.63,18.25,16.23,18.17,,5662236.0
2018-12-27,17.92,18.6,17.65,18.6,,5501233.0
2018-12-28,18.7,18.76,17.75,18.0,,3500058.0
2018-12-31,18.19,18.19,17.34,17.72,,4776477.0
2019-01-02,17.37,18.72,17.06,18.67,,7754231.0
2019-01-03,18.68,18.68,17.85,18.13,,4969975.0
2019-01-04,18.46,18.93,17.9,18.31,,11672127.0
2019-01-07,17.97,19.34,17.85,18.52,,8225772.0
2019-01-08,18.63,19.15,18.43,19.09,,6983770.0
2019-01-09,19.2,19.26,18.49,18.73,,5085601.0
2019-01-10,18.63,19.03,18.25,18.57,,4247048.0
2019-01-11,18.35,19.15,18.19,19.11,,3791103.0
2019-01-14,18.9,19.73,18.76,19.5,,4568761.0
2019-01-15,19.61,19.95,19.28,19.65,,3755210.0
2019-01-16,19.65,19.82,19.2,19.23,,3390939.0
2019-01-17,19.16,19.76,18.97,19.66,,3904559.0
2019-01-18,19.82,20.1,19.43,19.87,,4792898.0
2019-01-22,19.64,19.64,18.72,18.75,,4902385.0
2019-01-23,18.9,19.24,17.82,17.87,,5623544.0
2019-01-24,17.84,17.94,17.09,17.72,,7062727.0
2019-01-25,17.78,18.84,17.71,18.73,,4363199.0
2019-01-28,18.65,18.65,17.82,18.15,,3664159.0
2019-01-29,18.11,18.63,17.56,18.55,,3924611.0
2019-01-30,18.64,18.8,18.5,18.62,,3484822.0
2019-01-31,18.69,18.7,17.91,18.27,,5711819.0
2019-02-01,18.28,18.84,18.05,18.44,,3335986.0
2019-02-04,18.32,18.58,18.01,18.56,,2414135.0
2019-02-05,18.5,18.76,17.84,17.91,,4778606.0
2019-02-06,17.83,17.91,17.37,17.52,,3186720.0
2019-02-07,17.4,17.52,16.69,16.74,,4224932.0
2019-02-08,16.69,16.9,16.47,16.69,,3992885.0
2019-02-11,16.76,17.4,16.57,17.24,,2715537.0
2019-02-12,17.46,17.94,17.39,17.71,,3391949.0
2019-02-13,17.79,18.05,17.64,18.02,,4407526.0
2019-02-14,17.84,18.12,16.84,17.1,,6704327.0
2019-02-15,17.22,18.15,17.22,17.79,,5858560.0
2019-02-19,17.69,18.36,17.67,17.83,,5633792.0
2019-02-20,17.93,18.56,17.87,18.18,,5114591.0
2019-02-21,18.13,18.34,17.74,17.88,,3089135.0
2019-02-22,18.39,18.56,18.03,18.15,,5516284.0
2019-02-25,18.16,18.82,18.16,18.62,,4334892.0
2019-02-26,18.59,18.77,17.86,17.89,,3956066.0
2019-02-27,18.07,18.09,17.18,17.21,,5474233.0
2019-02-28,17.26,17.35,16.71,17.03,,5194326.0
2019-03-01,17.22,18.32,17.22,18.31,,4737917.0
2019-03-04,18.35,18.79,18.04,18.63,,3775322.0
2019-03-05,18.57,18.69,18.03,18.23,,3682308.0
2019-03-06,18.08,18.27,17.65,17.71,,3229169.0
2019-03-07,17.7,17.94,17.5,17.73,,4691341.0
2019-03-08,17.53,17.55,16.91,17.25,,4255048.0
2019-03-11,17.25,17.58,17.06,17.57,,3855005.0
2019-03-12,17.63,18.51,17.58,18.47,,4166073.0
2019-03-13,18.48,18.93,18.4,18.46,,4527626.0
2019-03-14,18.49,18.87,18.45,18.66,,3756360.0
2019-03-15,18.47,18.56,17.89,18.24,,6557264.0
2019-03-18,18.33,19.04,18.2,18.83,,5406425.0
2019-03-19,19.06,19.26,18.62,18.84,,3252112.0
2019-03-20,18.76,19.84,18.67,19.57,,4198762.0
2019-03-21,19.47,19.64,18.82,19.04,,5781954.0
2019-03-22,18.83,18.89,18.08,18.33,,4146200.0
2019-03-25,18.29,19.19,18.28,18.79,,3909578.0
2019-03-26,18.88,19.25,18.71,18.92,,4198883.0
2019-03-27,18.68,19.24,18.68,19.1,,3285347.0
2019-03-28,19.25,19.43,18.93,19.4,,3491427.0
2019-03-29,19.56,19.72,19.23,19.49,,3980779.0
2019-04-01,19.6,19.78,19.19,19.31,,4084670.0
2019-04-02,19.72,19.85,19.34,19.38,,3963851.0
2019-04-03,19.38,19.54,18.73,18.89,,3224014.0
2019-04-04,18.99,19.92,18.79,19.63,,4265280.0
2019-04-05,19.6,20.33,19.49,20.31,,2570117.0
2019-04-08,20.14,20.54,20.08,20.21,,3530489.0
2019-04-09,20.16,20.3,19.57,19.67,,4445757.0
2019-04-10,19.79,19.93,19.56,19.79,,2428840.0
2019-04-11,19.74,19.89,19.49,19.7,,2309188.0
2019-04-12,20.35,20.41,19.96,20.04,,3125275.0
2019-04-15,19.89,20.44,19.67,20.28,,2089503.0
2019-04-16,20.26,20.46,20.04,20.42,,2779088.0
2019-04-17,20.49,20.5,19.63,19.98,,3526682.0
2019-04-18,20.03,20.08,19.14,19.21,,3926636.0
2019-04-22,19.35,19.81,19.09,19.78,,3880413.0
2019-04-23,19.87,20.12,19.6,19.74,,3534730.0
2019-04-24,19.83,19.91,19.44,19.5,,4583710.0
2019-04-25,19.33,19.41,18.82,18.94,,5075874.0
2019-04-26,19.17,20.09,18.93,19.72,,6193809.0
2019-04-29,19.73,19.93,19.46,19.8,,3900407.0
2019-04-30,19.93,20.0,19.15,19.22,,3836058.0
2019-05-01,19.23,19.53,18.85,18.87,,3082824.0
2019-05-02,18.62,18.94,18.41,18.53,,3928448.0
2019-05-03,18.78,19.2,18.52,19.15,,2754659.0
2019-05-06,18.95,19.29,18.8,19.13,,2517187.0
2019-05-07,18.93,19.44,18.73,19.44,,2755116.0
2019-05-08,19.53,19.86,19.2,19.21,,2525562.0
2019-05-09,18.95,19.39,18.7,19.22,,1720915.0
2019-05-10,19.17,19.8,19.02,19.78,,3987511.0
2019-05-13,19.56,19.69,19.19,19.6,,5816904.0
2019-05-14,19.67,19.97,19.52,19.82,,3940320.0
2019-05-15,19.59,20.36,19.42,20.27,,2315121.0
2019-05-16,20.35,20.39,19.71,19.78,,5179973.0
2019-05-17,19.62,20.05,19.56,19.58,,2961993.0
2019-05-20,19.72,19.95,19.56,19.66,,2549998.0
2019-05-21,19.83,20.2,19.72,20.19,,2823739.0
2019-05-22,19.91,20.12,18.75,18.77,,3336187.0
2019-05-23,18.47,18.52,18.08,18.42,,5705378.0
2019-05-24,18.59,18.68,18.15,18.28,,3790477.0
2019-05-28,18.14,18.29,17.67,17.77,,2457448.0
2019-05-29,17.55,17.61,17.08,17.57,,3541344.0
2019-05-30,17.39,17.62,17.09,17.18,,2817113.0
2019-05-31,17.12,17.55,17.02,17.22,,3485217.0
2019-06-03,17.21,17.39,17.06,17.33,,2921978.0
2019-06-04,17.46,17.61,17.1,17.47,,3364372.0
2019-06-05,17.48,17.57,16.64,16.78,,3944006.0
2019-06-06,16.75,17.0,16.64,17.0,,3643259.0
2019-06-07,16.98,17.1,16.63,16.65,,3274342.0
2019-06-10,16.58,16.85,16.27,16.29,,3686028.0
2019-06-11,16.5,16.5,15.65,15.68,,4916739.0
2019-06-12,15.5,15.66,14.76,14.84,,5492505.0
2019-06-13,15.06,15.21,14.74,15.18,,6151690.0
2019-06-14,15.12,15.26,14.81,14.88,,3441130.0
2019-06-17,14.74,15.28,14.49,14.92,,3924161.0
2019-06-18,14.96,15.4,14.93,15.02,,3433090.0
2019-06-19,15.05,15.05,14.23,14.27,,4028377.0
2019-06-20,14.49,14.98,14.42,14.63,,4817200.0
2019-06-21,14.64,14.77,14.12,14.33,,4365504.0
2019-06-24,14.29,14.7,14.23,14.47,,3854240.0
2019-06-25,14.47,14.47,13.44,13.54,,7329875.0
2019-06-26,13.64,14.04,13.62,13.92,,4841981.0
2019-06-27,13.88,14.06,13.51,13.58,,3699682.0
2019-06-28,13.7,15.14,13.7,14.88,,9014793.0
2019-07-01,15.0,15.24,14.89,15.12,,5939851.0
2019-07-02,15.08,15.12,14.03,14.19,,6446698.0
2019-07-03,14.2,14.37,14.11,14.17,,2179369.0
2019-07-05,14.35,14.82,14.19,14.56,,4892688.0
2019-07-08,14.41,14.58,14.18,14.19,,3044123.0
2019-07-09,14.17,14.88,14.09,14.74,,5567678.0
2019-07-10,15.46,15.47,14.87,15.0,,7007769.0
2019-07-11,15.05,15.19,14.36,14.46,,4408582.0
2019-07-12,14.71,15.13,14.46,14.89,,5075444.0
2019-07-15,14.93,14.98,14.54,14.7,,4413598.0
2019-07-16,14.63,14.63,14.04,14.23,,4737761.0
2019-07-17,14.23,14.33,13.88,14.08,,2986122.0
2019-07-18,13.96,14.44,13.9,14.35,,3759259.0
2019-07-19,14.29,14.63,14.22,14.54,,3160894.0
2019-07-22,14.64,14.84,14.33,14.61,,3472040.0
2019-07-23,14.59,14.79,14.44,14.75,,3677460.0
2019-07-24,14.72,15.14,14.62,14.98,,4655491.0
2019-07-25,15.34,15.38,13.45,13.95,,8902583.0
2019-07-26,13.79,14.22,13.34,13.47,,6567152.0
2019-07-29,13.48,13.48,12.43,12.85,,8119612.0
2019-07-30,12.78,14.05,12.62,13.88,,7492435.0
2019-07-31,13.98,14.66,13.9,14.22,,7999630.0
2019-08-01,14.02,14.02,12.7,12.91,,10046851.0
2019-08-02,12.97,13.13,12.44,12.56,,5388101.0
2019-08-05,12.23,12.38,11.95,12.3,,6318594.0
2019-08-06,12.33,12.43,11.4,11.8,,5837102.0
2019-08-07,11.57,11.74,11.09,11.68,,9484081.0
2019-08-08,11.87,11.93,11.42,11.89,,6022063.0
2019-08-09,11.88,11.93,11.35,11.4,,5167212.0
2019-08-12,11.39,11.56,10.89,11.48,,12150755.0
2019-08-13,11.55,12.11,11.24,11.6,,6309399.0
2019-08-14,11.35,11.41,11.04,11.14,,4786122.0
2019-08-15,11.16,11.22,10.82,11.1,,4540473.0
2019-08-16,11.07,11.79,10.94,11.66,,4156671.0
2019-08-19,11.74,12.1,11.62,11.89,,5528020.0
2019-08-20,11.77,12.08,11.53,11.59,,3280825.0
2019-08-21,11.48,11.85,11.08,11.19,,4424856.0
2019-08-22,11.23,11.39,10.64,10.71,,4994859.0
2019-08-23,10.56,10.66,9.73,9.76,,12308342.0
2019-08-26,9.9,9.93,9.56,9.68,,8330576.0
2019-08-27,9.77,9.8,9.24,9.26,,4971662.0
2019-08-28,9.36,9.76,9.26,9.61,,7392313.0
2019-08-29,9.7,10.44,9.7,10.14,,6737706.0
2019-08-30,10.0,10.14,9.34,9.59,,6709796.0
2019-09-03,9.44,9.51,9.16,9.45,,6864912.0
2019-09-04,9.6,10.06,9.55,9.98,,5589686.0
2019-09-05,10.07,10.6,10.0,10.28,,5321931.0
2019-09-06,10.04,10.16,9.54,10.07,,6151007.0
2019-09-09,10.22,11.15,10.18,11.08,,7298275.0
2019-09-10,11.24,11.89,11.06,11.14,,6571487.0
2019-09-11,11.25,11.92,10.97,11.63,,5910747.0
2019-09-12,11.43,11.78,11.06,11.59,,6081809.0
2019-09-13,11.72,11.95,11.0,11.47,,4925515.0
2019-09-16,12.19,12.38,10.94,11.47,,11983889.0
2019-09-17,11.28,12.19,11.06,11.73,,8381715.0
2019-09-18,11.58,11.89,11.39,11.56,,3564254.0
2019-09-19,11.56,11.62,10.83,10.86,,4494789.0
2019-09-20,10.95,11.13,10.68,10.81,,9735866.0
2019-09-23,10.61,11.01,10.53,10.84,,4632241.0
2019-09-24,10.71,10.9,10.49,10.64,,3284757.0
2019-09-25,10.56,10.8,10.4,10.54,,3297394.0
2019-09-26,10.36,10.46,10.04,10.28,,3849788.0
2019-09-27,10.11,10.62,9.99,10.59,,4207791.0
2019-09-30,10.5,10.5,9.7,10.04,,6344344.0
2019-10-01,10.1,10.26,9.44,9.62,,4718721.0
2019-10-02,9.64,9.98,9.4,9.5,,5019347.0
2019-10-03,9.41,9.43,8.55,9.13,,7447000.0
2019-10-04,9.23,9.34,8.59,9.34,,5905293.0
2019-10-07,9.24,9.55,9.03,9.22,,6596639.0
2019-10-08,9.07,9.24,8.71,8.73,,4915740.0
2019-10-09,8.71,9.0,8.62,8.8,,6250012.0
2019-10-10,8.8,9.0,8.62,8.89,,4299911.0
2019-10-11,9.06,9.35,8.88,9.11,,5372142.0
2019-10-14,9.03,9.1,8.72,8.95,,3429579.0
2019-10-15,8.88,9.49,8.86,9.09,,7522728.0
2019-10-16,9.2,9.4,8.98,9.02,,4498275.0
2019-10-17,9.09,9.46,8.93,9.39,,5417935.0
2019-10-18,9.37,9.45,9.11,9.16,,4144534.0
2019-10-21,9.06,9.28,8.87,9.01,,4312404.0
2019-10-22,9.12,9.24,8.73,8.92,,6191159.0
2019-10-23,8.89,9.25,8.62,9.07,,5952515.0
2019-10-24,9.19,9.21,8.52,8.73,,4956881.0
2019-10-25,8.73,9.11,8.59,8.95,,6141620.0
2019-10-28,9.05,9.47,8.87,8.89,,4005162.0
2019-10-29,8.9,9.89,8.74,9.73,,9189357.0
2019-10-30,9.9,10.01,9.34,9.34,,9410030.0
2019-10-31,9.75,10.54,9.14,10.13,,14378930.0
2019-11-01,10.01,10.36,9.74,9.96,,7763696.0
2019-11-04,10.23,10.65,10.23,10.48,,8419269.0
2019-11-05,10.59,10.88,10.23,10.25,,6939674.0
2019-11-06,10.17,10.55,10.03,10.16,,5481783.0
2019-11-07,10.34,10.65,10.26,10.46,,5643664.0
2019-11-08,10.51,11.02,10.29,10.96,,6364063.0
2019-11-11,10.69,10.7,9.94,9.97,,6035957.0
2019-11-12,10.05,10.13,9.78,9.88,,3570966.0
2019-11-13,9.75,9.95,9.64,9.83,,3414131.0
2019-11-14,9.89,10.14,9.69,9.75,,3647118.0
2019-11-15,9.76,9.88,9.64,9.79,,3894936.0
2019-11-18,9.64,9.64,9.08,9.14,,7037172.0
2019-11-19,9.07,9.11,8.46,8.47,,6845062.0
2019-11-20,8.46,8.56,8.14,8.35,,7313343.0
2019-11-21,8.39,8.47,8.16,8.2,,4479995.0
2019-11-22,8.22,8.66,8.17,8.57,,4706635.0
2019-11-25,8.33,8.64,8.17,8.6,,6701102.0
2019-11-26,8.51,8.51,8.18,8.33,,7674160.0
2019-11-27,8.34,8.6,8.23,8.57,,7089169.0
2019-11-29,8.4,8.46,8.2,8.26,,3420825.0
2019-12-02,8.32,8.33,7.93,7.98,,8333277.0
2019-12-03,7.9,8.22,7.89,8.02,,6140336.0
2019-12-04,8.09,8.45,8.0,8.28,,6709386.0
2019-12-05,8.36,8.5,8.12,8.14,,5870997.0
2019-12-06,8.14,8.41,8.06,8.3,,6415592.0
2019-12-09,8.19,8.6,8.14,8.39,,5311782.0
2019-12-10,8.38,8.65,8.38,8.6,,4683127.0
2019-12-11,8.63,8.68,8.27,8.37,,4422382.0
2019-12-12,8.42,9.02,8.39,8.95,,5697578.0
2019-12-13,9.02,9.16,8.7,8.8,,5225278.0
2019-12-16,8.88,9.33,8.85,9.2,,7439616.0
2019-12-17,9.21,9.36,9.09,9.29,,5876975.0
2019-12-18,9.13,9.69,9.13,9.59,,5860527.0
2019-12-19,9.59,10.14,9.57,10.09,,5589081.0
2019-12-20,10.13,10.16,9.78,9.97,,12179483.0
2019-12-23,9.98,10.33,9.94,10.29,,7562975.0
2019-12-24,10.32,10.45,10.2,10.22,,2439063.0
2019-12-26,10.38,10.45,10.04,10.11,,3769830.0
2019-12-27,10.11,10.15,9.86,9.88,,3631936.0
2019-12-30,9.92,10.22,9.86,10.06,,5387423.0
2019-12-31,9.98,10.52,9.93,10.31,,4477966.0
2020-01-02,10.38,10.45,9.71,9.8,,9285377.0
2020-01-03,9.93,10.06,9.61,9.78,,7208724.0
2020-01-06,9.88,9.93,9.61,9.89,,8293685.0
2020-01-07,9.76,9.91,9.61,9.73,,4618274.0
2020-01-08,9.66,9.7,8.61,8.64,,9478049.0
2020-01-09,8.59,8.67,8.18,8.52,,7885302.0
2020-01-10,8.56,8.74,8.3,8.36,,6560622.0
2020-01-13,8.36,8.61,7.57,7.92,,13158060.0
2020-01-14,7.87,8.27,7.76,8.14,,9032149.0
2020-01-15,8.03,8.13,7.73,8.0,,9308391.0
2020-01-16,8.04,8.52,8.01,8.09,,5979733.0
2020-01-17,8.07,8.12,7.78,7.79,,6354814.0
2020-01-21,7.78,7.78,7.26,7.26,,8751647.0
2020-01-22,7.3,7.41,6.98,7.0,,7257978.0
2020-01-23,6.96,7.07,6.7,6.73,,8758225.0
2020-01-24,6.67,6.7,6.12,6.29,,11762089.0
2020-01-27,6.09,6.42,6.05,6.23,,8453122.0
2020-01-28,6.29,6.44,6.17,6.32,,7112699.0
2020-01-29,6.34,6.38,5.68,5.76,,9945965.0
2020-01-30,5.7,5.9,5.68,5.85,,6957906.0
2020-01-31,5.74,5.93,5.46,5.72,,12281422.0
2020-02-03,5.68,5.8,5.43,5.58,,9139562.0
2020-02-04,5.7,5.72,5.37,5.41,,8939473.0
2020-02-05,5.52,5.82,5.5,5.68,,13261105.0
2020-02-06,5.63,5.65,5.14,5.15,,12068652.0
2020-02-07,5.1,5.22,4.98,5.01,,8670625.0
2020-02-10,4.91,5.07,4.74,4.83,,8002025.0
2020-02-11,4.93,5.08,4.83,4.85,,7467523.0
2020-02-12,5.0,5.13,4.87,4.99,,8389307.0
2020-02-13,5.01,5.24,4.93,5.15,,6544784.0
2020-02-14,5.16,5.26,5.01,5.03,,6198587.0
2020-02-18,5.09,5.44,5.06,5.4,,6848276.0
2020-02-19,5.48,5.65,5.32,5.62,,9990259.0
2020-02-20,5.61,5.85,5.61,5.72,,8788636.0
2020-02-21,5.59,5.59,5.26,5.53,,8703287.0
2020-02-24,5.15,5.43,5.15,5.24,,7711171.0
2020-02-25,5.25,5.25,4.69,4.91,,8388417.0
2020-02-26,4.96,5.12,4.71,4.72,,9344417.0
2020-02-27,4.68,5.27,4.0,5.12,,21823825.0
2020-02-28,4.9,5.66,4.88,5.58,,19793936.0
2020-03-02,5.76,5.8,5.46,5.78,,17255873.0
2020-03-03,5.77,5.91,5.47,5.85,,11179798.0
2020-03-04,5.85,6.03,5.55,5.81,,10516769.0
2020-03-05,5.57,6.09,5.57,6.04,,11214898.0
2020-03-06,5.78,6.59,5.73,6.08,,18484844.0
2020-03-09,4.68,7.53,4.66,6.71,,26463739.0
2020-03-10,6.87,7.34,5.72,6.71,,20686465.0
2020-03-11,6.37,7.1,6.35,6.54,,16600406.0
2020-03-12,5.99,6.96,5.75,6.6,,15092974.0
2020-03-13,6.76,9.06,6.55,9.06,,21555216.0
2020-03-16,8.06,9.81,7.49,8.26,,18019948.0
2020-03-17,8.36,9.11,8.09,8.95,,14634343.0
2020-03-18,8.61,9.17,7.81,8.26,,12140853.0
2020-03-19,8.49,8.67,6.69,7.68,,11988027.0
2020-03-20,7.68,7.83,6.89,7.09,,9511996.0
2020-03-23,7.09,7.15,5.72,5.76,,8973371.0
2020-03-24,6.13,6.94,5.35,6.9,,11355731.0
2020-03-25,6.9,7.71,6.51,7.35,,11076807.0
2020-03-26,7.36,7.86,6.35,6.62,,6892363.0
2020-03-27,6.45,7.02,6.32,6.56,,6588261.0
2020-03-30,6.4,7.11,6.18,6.64,,9191193.0
2020-03-31,6.65,6.98,6.32,6.72,,9753505.0
2020-04-01,6.54,7.31,6.51,6.94,,8688829.0
2020-04-02,7.15,7.54,6.12,7.5,,14678601.0
2020-04-03,7.62,8.5,7.29,8.34,,9024189.0
2020-04-06,8.42,9.49,8.06,9.28,,9123670.0
2020-04-07,9.37,10.63,9.09,10.22,,10691861.0
2020-04-08,10.3,10.57,9.69,10.31,,6552491.0
2020-04-09,10.29,11.18,10.03,10.29,,11881666.0
2020-04-13,10.83,11.9,10.67,11.82,,10942319.0
2020-04-14,11.89,12.45,11.56,12.23,,9092035.0
2020-04-15,12.05,12.58,11.45,12.41,,9015225.0
2020-04-16,12.42,12.89,12.02,12.18,,9167862.0
2020-04-17,12.4,12.82,11.91,12.72,,7702895.0
2020-04-20,12.39,14.97,12.38,14.8,,13226029.0
2020-04-21,14.97,16.32,14.73,14.81,,11685445.0
2020-04-22,15.1,15.39,13.44,13.55,,7500822.0
2020-04-23,13.19,13.5,11.75,11.89,,17449322.0
2020-04-24,12.02,12.97,11.78,12.73,,25836340.0
2020-04-27,12.73,13.31,12.19,13.12,,8616502.0
2020-04-28,13.22,13.47,12.53,12.73,,9159842.0
2020-04-29,12.96,13.65,12.84,13.4,,6911058.0
2020-04-30,13.8,14.4,13.04,13.88,,10296259.0
2020-05-01,13.58,13.82,13.22,13.67,,6444030.0
2020-05-04,13.53,14.18,13.19,14.08,,6613333.0
2020-05-05,14.55,14.67,13.41,13.63,,6853208.0
2020-05-06,13.71,13.82,12.91,12.96,,6300652.0
2020-05-07,12.97,13.76,12.68,12.95,,6887868.0
2020-05-08,12.93,13.38,12.8,13.31,,4597767.0
2020-05-11,13.21,13.66,12.51,12.53,,6436412.0
2020-05-12,12.59,12.8,12.02,12.04,,7110009.0
2020-05-13,12.07,12.11,11.31,11.83,,9142713.0
2020-05-14,11.67,12.49,11.36,11.93,,6650677.0
2020-05-15,11.92,12.72,11.72,12.12,,5517902.0
2020-05-18,12.45,12.67,11.96,12.25,,7375206.0
2020-05-19,12.43,12.71,12.11,12.17,,4684106.0
2020-05-20,12.39,13.04,12.29,12.68,,7183786.0
2020-05-21,12.87,13.03,12.28,12.53,,3992335.0
2020-05-22,12.47,13.17,12.23,13.07,,6788232.0
2020-05-26,12.69,14.31,12.46,14.03,,12750187.0
2020-05-27,14.09,14.22,12.97,13.48,,6925566.0
2020-05-28,13.37,14.18,12.59,12.72,,6073514.0
2020-05-29,12.73,13.04,12.35,12.69,,5988378.0
2020-06-01,12.19,12.57,11.94,12.24,,7219511.0
2020-06-02,12.28,12.83,12.18,12.73,,4393636.0
2020-06-03,12.94,13.3,12.55,13.19,,7113673.0
2020-06-04,13.18,13.63,13.0,13.6,,5281362.0
2020-06-05,13.66,14.37,13.35,14.29,,6679813.0
2020-06-08,14.4,16.07,14.18,16.06,,9865813.0
2020-06-09,15.88,15.88,15.23,15.44,,7274178.0
2020-06-10,15.3,15.41,14.41,14.43,,5811747.0
2020-06-11,13.83,14.65,13.71,13.95,,7067554.0
2020-06-12,14.45,14.45,13.6,14.09,,5339310.0
2020-06-15,13.48,13.85,12.97,13.69,,6698301.0
2020-06-16,14.08,14.08,13.25,13.39,,5288385.0
2020-06-17,13.46,13.66,13.13,13.33,,4560648.0
2020-06-18,13.27,13.52,12.95,13.01,,4681091.0
2020-06-19,13.13,13.23,12.28,12.29,,14576384.0
2020-06-22,12.3,12.4,11.48,11.75,,5756783.0
2020-06-23,11.81,12.12,11.5,11.65,,5455588.0
2020-06-24,11.57,11.99,11.37,11.4,,5339264.0
2020-06-25,11.23,11.58,10.53,10.82,,7014339.0
2020-06-26,10.81,10.81,10.01,10.13,,7140023.0
2020-06-29,10.27,10.66,10.03,10.52,,5757036.0
2020-06-30,10.64,11.4,10.53,11.32,,8873057.0
2020-07-01,11.18,11.35,10.75,10.88,,4940758.0
2020-07-02,11.37,12.19,11.32,12.05,,5177350.0
2020-07-06,12.5,13.08,12.48,12.93,,7123816.0
2020-07-07,12.71,14.04,12.71,13.38,,6666792.0
2020-07-08,13.41,13.5,12.53,12.66,,4130059.0
2020-07-09,12.83,13.26,12.52,12.53,,5416330.0
2020-07-10,12.53,12.68,12.06,12.38,,4693756.0
2020-07-13,12.5,12.69,11.87,11.88,,4129372.0
2020-07-14,11.78,12.15,11.59,11.99,,4077185.0
2020-07-15,12.22,12.27,11.76,12.13,,3998263.0
2020-07-16,12.11,12.49,11.98,12.04,,2697754.0
2020-07-17,12.17,12.3,11.83,11.87,,3763300.0
2020-07-20,11.83,12.09,11.67,11.76,,4287156.0
2020-07-21,11.99,12.84,11.78,12.71,,4493248.0
2020-07-22,12.43,12.49,11.9,12.39,,4530048.0
2020-07-23,12.62,13.83,12.49,13.53,,6980435.0
2020-07-24,13.35,14.02,13.32,13.48,,5308207.0
2020-07-27,12.61,13.72,12.47,12.75,,5230517.0
2020-07-28,12.88,13.58,12.87,13.14,,3950265.0
2020-07-29,13.27,13.78,12.83,13.78,,4477881.0
2020-07-30,13.51,13.82,13.33,13.54,,3597150.0
2020-07-31,13.43,13.81,13.08,13.81,,5056222.0
2020-08-03,14.27,15.41,14.22,14.92,,6736530.0
2020-08-04,14.83,15.33,14.56,15.2,,6202538.0
2020-08-05,15.44,16.04,15.13,15.56,,6163515.0
2020-08-06,15.71,16.31,15.45,15.54,,4653617.0
2020-08-07,15.51,16.4,15.47,16.33,,4392937.0
2020-08-10,16.33,17.09,16.2,16.32,,7098309.0
2020-08-11,16.39,16.56,15.42,15.44,,3920884.0
2020-08-12,15.57,15.87,15.24,15.57,,2700109.0
2020-08-13,15.58,15.78,15.0,15.21,,3194802.0
2020-08-14,15.41,16.68,15.38,16.13,,5616870.0
2020-08-17,16.17,16.38,15.45,16.27,,4398581.0
2020-08-18,16.53,16.78,15.66,15.72,,4270780.0
2020-08-19,15.76,16.29,15.63,15.82,,2554283.0
2020-08-20,15.77,15.81,15.06,15.08,,3038132.0
2020-08-21,15.17,15.39,14.93,15.26,,3187587.0
2020-08-24,15.47,15.87,15.0,15.58,,3014306.0
2020-08-25,15.61,15.78,15.34,15.57,,1817685.0
2020-08-26,15.46,15.58,14.78,14.91,,3306237.0
2020-08-27,15.08,15.46,14.81,15.36,,3504146.0
2020-08-28,15.38,15.53,15.15,15.24,,2515978.0
2020-08-31,15.17,15.3,14.33,15.09,,4945732.0
2020-09-01,14.86,14.96,14.56,14.84,,2380550.0
2020-09-02,14.73,14.82,14.29,14.32,,3702908.0
2020-09-03,14.29,15.06,14.29,14.54,,3188487.0
2020-09-04,14.68,14.87,14.08,14.61,,3275693.0
2020-09-08,14.33,14.33,13.63,13.79,,5222908.0
2020-09-09,13.98,14.13,13.67,14.05,,3882472.0
2020-09-10,14.13,14.13,13.25,13.38,,4114154.0
2020-09-11,13.47,13.53,12.98,13.34,,4217679.0
2020-09-14,13.46,13.69,13.01,13.53,,4493072.0
2020-09-15,13.67,14.18,13.49,13.55,,4506061.0
2020-09-16,13.6,14.24,13.48,14.04,,4591730.0
2020-09-17,13.79,13.93,12.98,13.87,,6260407.0
2020-09-18,13.94,14.65,13.81,14.4,,6956257.0
2020-09-21,14.12,14.86,13.96,14.69,,4443035.0
2020-09-22,14.64,14.86,13.99,13.99,,4037769.0
2020-09-23,14.17,14.48,13.68,13.69,,3425426.0
2020-09-24,13.63,14.17,13.54,13.77,,3779889.0
2020-09-25,13.55,13.74,13.07,13.19,,3570773.0
2020-09-28,13.29,13.44,12.59,13.31,,3602904.0
2020-09-29,13.06,13.11,12.13,12.21,,6710542.0
2020-09-30,12.11,12.53,11.96,12.3,,4474939.0
2020-10-01,12.18,12.44,11.85,12.06,,2916065.0
2020-10-02,11.69,12.44,11.67,12.11,,2583378.0
2020-10-05,12.4,13.06,12.35,13.02,,4438717.0
2020-10-06,13.2,13.54,12.74,12.8,,3119203.0
2020-10-07,13.0,13.51,12.84,13.44,,3542026.0
2020-10-08,13.57,13.8,13.21,13.79,,3052569.0
2020-10-09,14.18,14.49,13.68,13.97,,4188425.0
2020-10-12,14.04,14.77,13.88,14.65,,3954658.0
2020-10-13,14.84,14.87,14.43,14.5,,2807152.0
2020-10-14,14.34,14.58,14.1,14.12,,3165545.0
2020-10-15,14.25,14.61,13.98,14.36,,3121843.0
2020-10-16,14.43,14.56,13.96,13.99,,3543115.0
2020-10-19,14.11,14.13,13.64,13.94,,2380187.0
2020-10-20,14.06,14.57,13.96,14.29,,4106147.0
2020-10-21,14.72,15.12,13.91,14.1,,4933877.0
2020-10-22,14.11,16.04,14.03,15.03,,11511430.0
2020-10-23,15.0,15.44,14.67,15.36,,6562151.0
2020-10-26,15.29,15.29,14.7,14.87,,3390628.0
2020-10-27,14.84,15.52,14.44,15.37,,5483651.0
2020-10-28,14.61,15.72,14.61,15.01,,22007480.0
2020-10-29,14.99,15.24,14.43,14.81,,13423841.0
2020-10-30,14.75,14.86,14.03,14.4,,6577461.0
2020-11-02,14.39,14.98,13.9,14.71,,5651972.0
2020-11-03,14.8,15.11,13.93,14.13,,5863710.0
2020-11-04,13.97,14.1,13.12,13.51,,6681646.0
2020-11-05,13.6,14.22,13.4,13.56,,4875657.0
2020-11-06,13.61,13.8,13.1,13.46,,5954154.0
2020-11-09,13.98,14.08,12.38,12.83,,11310641.0
2020-11-10,13.03,13.43,12.59,13.42,,6111972.0
2020-11-11,13.6,14.01,13.48,13.97,,4465571.0
2020-11-12,13.8,14.24,13.58,13.81,,4425612.0
2020-11-13,14.01,14.58,13.82,14.48,,4165903.0
2020-11-16,14.24,14.27,13.28,13.93,,5999765.0
2020-11-17,13.76,13.95,13.52,13.72,,3879216.0
2020-11-18,13.9,14.16,13.6,13.7,,5141751.0
2020-11-19,13.37,14.27,13.04,14.26,,6067105.0
2020-11-20,14.29,14.82,13.7,14.0,,5896926.0
2020-11-23,14.21,14.76,14.02,14.66,,5038488.0
2020-11-24,14.98,15.22,14.4,15.19,,5672518.0
2020-11-25,15.15,15.15,14.38,14.65,,3932286.0
2020-11-27,14.46,14.87,14.35,14.5,,1440625.0
2020-11-30,14.79,15.09,14.12,14.15,,5346929.0
2020-12-01,14.33,14.63,13.63,13.77,,4262700.0
2020-12-02,13.82,14.37,13.49,13.78,,4139439.0
2020-12-03,13.7,13.71,12.79,12.83,,7718197.0
2020-12-04,13.05,13.64,12.97,13.54,,5450191.0
2020-12-07,13.21,13.63,12.84,13.2,,6318996.0
2020-12-08,12.93,13.25,12.58,12.73,,8810122.0
2020-12-09,12.93,13.5,12.68,13.27,,6901979.0
2020-12-10,13.33,14.1,13.18,13.94,,8051072.0
2020-12-11,13.99,13.99,12.75,13.27,,7432809.0
2020-12-14,13.49,13.75,13.17,13.2,,4008457.0
2020-12-15,13.53,13.7,13.17,13.57,,4922026.0
2020-12-16,13.57,13.58,12.87,12.94,,5840887.0
2020-12-17,13.05,13.32,12.62,12.85,,6621919.0
2020-12-18,12.92,13.12,12.61,12.86,,10448902.0
2020-12-21,12.57,12.92,12.29,12.79,,5752101.0
2020-12-22,12.93,13.07,12.56,12.63,,3724705.0
2020-12-23,12.54,13.54,12.54,13.5,,5817655.0
2020-12-24,13.53,13.57,13.17,13.23,,1469497.0
2020-12-28,12.86,12.93,11.96,11.99,,10229335.0
2020-12-29,12.08,12.18,11.67,11.85,,4846826.0
2020-12-30,11.85,12.45,11.75,12.35,,3853592.0
2020-12-31,12.29,12.33,11.92,12.09,,4550691.0
2021-01-04,12.34,12.88,12.3,12.75,,5338818.0
2021-01-05,13.08,13.96,12.98,13.35,,10400648.0
2021-01-06,13.48,14.24,13.21,14.23,,6488266.0
2021-01-07,14.23,14.69,13.98,14.21,,4896138.0
2021-01-08,14.35,14.39,13.65,13.81,,4830727.0
2021-01-11,13.54,14.52,13.43,14.48,,4200484.0
2021-01-12,14.89,15.7,14.76,15.67,,8670320.0
2021-01-13,15.75,16.72,15.43,16.35,,9650053.0
2021-01-14,16.6,17.29,16.51,17.02,,8873907.0
2021-01-15,17.22,17.75,16.94,17.59,,7712825.0
2021-01-19,17.4,17.71,15.65,16.2,,7818836.0
2021-01-20,16.31,16.39,15.1,15.39,,6356378.0
2021-01-21,15.25,15.73,14.72,15.21,,4876229.0
2021-01-22,14.85,15.64,14.6,15.59,,3356325.0
2021-01-25,15.87,16.27,15.46,15.66,,4480636.0
2021-01-26,15.86,16.05,15.17,15.19,,4638621.0
2021-01-27,14.96,16.39,14.65,15.75,,9222408.0
2021-01-28,16.03,16.06,15.05,15.64,,5974467.0
2021-01-29,15.66,16.37,15.44,15.51,,6138800.0
2021-02-01,16.15,16.7,16.05,16.18,,5397094.0
2021-02-02,16.74,16.8,15.69,15.76,,5275852.0
2021-02-03,15.75,16.61,15.75,16.42,,4788912.0
2021-02-04,16.54,16.54,16.07,16.16,,3121026.0
2021-02-05,16.46,16.49,15.72,15.93,,4090539.0
2021-02-08,16.13,16.26,15.82,16.24,,4480535.0
2021-02-09,16.12,16.27,15.54,15.65,,4784226.0
2021-02-10,15.72,16.08,15.19,15.95,,5121694.0
2021-02-11,15.95,16.18,15.7,16.01,,6318961.0
2021-02-12,16.03,16.89,15.9,16.8,,6451304.0
2021-02-16,17.36,17.67,16.82,16.99,,7559093.0
2021-02-17,17.18,18.73,16.34,18.23,,9144391.0
2021-02-18,18.13,18.4,17.13,17.4,,7551634.0
2021-02-19,17.65,18.04,17.15,17.48,,5376072.0
2021-02-22,17.6,17.71,16.82,16.82,,6084483.0
2021-02-23,16.93,17.03,15.54,16.79,,6878343.0
2021-02-24,16.98,18.03,16.76,17.7,,5112811.0
2021-02-25,17.69,18.16,16.9,17.26,,4934581.0
2021-02-26,17.21,17.42,16.26,16.92,,4856041.0
2021-03-01,17.21,17.62,16.72,17.54,,6782798.0
2021-03-02,17.61,18.47,17.44,17.54,,4190310.0
2021-03-03,17.78,18.12,17.32,17.52,,4901317.0
2021-03-04,17.5,18.18,16.94,17.41,,7885912.0
2021-03-05,17.71,17.83,16.16,17.1,,7308159.0
2021-03-08,17.17,17.36,16.43,16.52,,6401586.0
2021-03-09,16.28,17.0,16.06,16.85,,6442378.0
2021-03-10,16.99,18.21,16.89,17.85,,7761542.0
2021-03-11,17.85,18.67,17.46,18.49,,4892866.0
2021-03-12,18.54,18.71,17.67,17.83,,3716149.0
2021-03-15,17.77,18.1,17.58,17.77,,2891808.0
2021-03-16,17.59,17.95,17.43,17.73,,2741178.0
2021-03-17,17.49,18.06,17.45,17.93,,3120990.0
2021-03-18,17.77,17.92,16.61,16.74,,5571136.0
2021-03-19,16.74,17.71,16.27,17.57,,8042261.0
2021-03-22,17.41,17.81,17.19,17.57,,3139777.0
2021-03-23,17.46,17.82,16.95,17.06,,5109255.0
2021-03-24,17.3,17.55,16.67,16.68,,4377512.0
2021-03-25,16.51,17.75,16.27,17.68,,7592664.0
2021-03-26,18.06,18.88,17.7,18.75,,6604207.0
2021-03-29,18.59,19.36,18.29,18.33,,5855198.0
2021-03-30,18.18,18.42,17.24,17.34,,5325243.0
2021-03-31,17.26,17.88,17.02,17.67,,6655304.0
2021-04-01,17.79,18.1,17.46,18.03,,4335746.0
2021-04-05,17.86,17.87,17.07,17.21,,4589007.0
2021-04-06,17.27,17.79,17.25,17.55,,3359935.0
2021-04-07,17.6,17.67,16.97,17.18,,3954016.0
2021-04-08,16.93,17.08,16.28,16.85,,4810388.0
2021-04-09,16.67,16.81,16.21,16.35,,3746666.0
2021-04-12,16.62,16.97,15.94,15.98,,4218735.0
2021-04-13,16.0,16.16,15.74,16.04,,3454430.0
2021-04-14,16.17,17.21,16.17,16.76,,4301007.0
2021-04-15,16.76,16.96,16.25,16.81,,3377403.0
2021-04-16,16.99,16.99,16.46,16.69,,2470918.0
2021-04-19,16.67,16.87,16.32,16.66,,2833132.0
2021-04-20,16.66,16.83,16.42,16.53,,4994241.0
2021-04-21,16.26,16.87,16.2,16.53,,3113096.0
2021-04-22,16.5,17.03,16.24,16.86,,3115010.0
2021-04-23,16.91,17.1,16.81,16.85,,3421153.0
2021-04-26,16.69,17.72,16.62,17.42,,4403575.0
2021-04-27,17.62,18.03,17.37,17.73,,3214878.0
2021-04-28,17.84,18.77,17.77,18.58,,4150984.0
2021-04-29,18.64,18.9,17.87,18.38,,3040225.0
2021-04-30,18.21,18.81,18.03,18.17,,3591378.0
2021-05-03,18.36,18.94,18.18,18.78,,2810162.0
2021-05-04,18.78,18.96,18.22,18.94,,3057903.0
2021-05-05,19.08,19.25,18.82,19.19,,3640450.0
2021-05-06,18.82,18.98,16.91,17.51,,19303885.0
2021-05-07,17.76,19.69,17.74,19.68,,9881662.0
2021-05-10,19.93,20.48,19.65,19.93,,4979452.0
2021-05-11,19.57,20.2,19.33,19.91,,3905223.0
2021-05-12,20.18,20.72,19.77,19.85,,4351844.0
2021-05-13,19.55,19.81,18.85,19.15,,3955155.0
2021-05-14,19.47,20.37,19.35,20.34,,3552491.0
2021-05-17,20.59,22.03,20.54,22.0,,5438642.0
2021-05-18,21.87,22.03,21.41,21.61,,3226283.0
2021-05-19,20.9,21.63,20.86,21.27,,4269423.0
2021-05-20,21.39,21.51,20.85,20.93,,3313516.0
2021-05-21,21.17,21.5,20.87,21.29,,4143733.0
2021-05-24,21.28,21.48,20.3,20.35,,4278147.0
2021-05-25,20.25,20.43,19.59,19.61,,3707921.0
2021-05-26,19.78,20.22,19.55,20.19,,2891633.0
2021-05-27,19.97,20.4,19.73,19.74,,3598437.0
2021-05-28,19.93,19.93,19.38,19.86,,3484623.0
2021-06-01,20.36,21.1,20.26,20.71,,5271354.0
2021-06-02,20.69,20.91,20.32,20.67,,3908647.0
2021-06-03,20.63,20.63,20.1,20.36,,3121922.0
2021-06-04,20.53,20.61,19.94,20.4,,3162460.0
2021-06-07,20.36,20.97,20.25,20.77,,3536540.0
2021-06-08,20.7,21.4,20.41,21.4,,3795839.0
2021-06-09,21.59,21.72,21.29,21.3,,2986408.0
2021-06-10,21.58,21.87,21.26,21.43,,3311358.0
2021-06-11,21.75,22.05,21.63,21.89,,3192011.0
2021-06-14,21.88,22.1,21.15,21.3,,4670223.0
2021-06-15,21.42,21.64,20.5,20.78,,4094182.0
2021-06-16,20.71,20.79,19.93,20.24,,3773226.0
2021-06-17,20.22,20.23,19.3,19.49,,7332438.0
2021-06-18,18.76,19.06,18.33,18.39,,8247362.0
2021-06-21,18.44,19.43,18.44,19.41,,4111531.0
2021-06-22,19.4,19.43,18.99,19.35,,3775213.0
2021-06-23,19.71,19.97,19.47,19.66,,3294467.0
2021-06-24,19.66,20.54,19.46,20.35,,3408397.0
2021-06-25,20.49,20.96,20.4,20.95,,3785671.0
2021-06-28,21.06,21.11,19.66,20.32,,5473991.0
2021-06-29,20.6,20.84,20.07,20.12,,3819009.0
2021-06-30,20.47,21.3,20.32,21.17,,5875499.0
2021-07-01,21.68,21.81,20.68,21.06,,4513407.0
2021-07-02,20.71,20.93,20.23,20.55,,2887632.0
2021-07-06,20.44,20.44,19.43,19.67,,3886288.0
2021-07-07,19.6,19.9,18.79,19.54,,2538016.0
2021-07-08,19.2,20.54,19.2,20.3,,5977063.0
2021-07-09,20.51,20.79,19.99,20.65,,2422368.0
2021-07-12,20.42,20.67,20.12,20.35,,1682287.0
2021-07-13,20.55,21.01,20.33,20.34,,1663609.0
2021-07-14,20.45,20.53,19.45,19.51,,2010838.0
2021-07-15,19.3,19.67,18.88,18.98,,2374975.0
2021-07-16,19.19,19.26,17.89,18.02,,3387600.0
2021-07-19,17.67,18.06,17.36,17.88,,5205923.0
2021-07-20,17.98,18.63,17.7,18.54,,5379479.0
2021-07-21,18.83,19.62,18.68,19.47,,4783247.0
2021-07-22,19.6,19.69,19.02,19.44,,2702868.0
2021-07-23,19.26,19.42,18.56,19.23,,3292507.0
2021-07-26,19.26,20.48,19.25,19.85,,3187637.0
2021-07-27,19.58,19.82,18.88,19.33,,3654900.0
2021-07-28,19.52,20.02,19.24,19.73,,3654132.0
2021-07-29,18.14,18.76,17.29,17.78,,17159453.0
2021-07-30,17.45,17.59,16.9,17.49,,8770465.0
2021-08-02,17.3,17.46,16.64,16.66,,10886333.0
2021-08-03,16.71,17.33,16.48,17.01,,5632850.0
2021-08-04,17.01,17.46,16.73,17.31,,6584861.0
2021-08-05,17.26,17.72,17.12,17.22,,5606220.0
2021-08-06,17.4,17.68,17.03,17.64,,6543306.0
2021-08-09,17.37,18.23,17.24,18.2,,8372331.0
2021-08-10,18.28,18.52,18.1,18.42,,3986831.0
2021-08-11,18.09,18.31,17.8,18.23,,4100224.0
2021-08-12,18.07,18.25,17.48,17.82,,4265763.0
2021-08-13,17.84,17.92,17.02,17.06,,3065173.0
2021-08-16,16.81,16.96,16.42,16.51,,5563204.0
2021-08-17,16.29,16.69,15.92,16.2,,6735334.0
2021-08-18,16.19,16.34,15.58,15.62,,7070443.0
2021-08-19,15.39,15.56,14.94,15.46,,7729467.0
2021-08-20,15.35,15.79,15.24,15.4,,4487003.0
2021-08-23,15.75,16.05,15.49,15.75,,7390803.0
2021-08-24,15.93,16.05,15.61,15.78,,5640933.0
2021-08-25,15.71,16.63,15.55,16.61,,5202641.0
2021-08-26,16.57,17.2,16.44,16.5,,8644715.0
2021-08-27,16.82,18.0,16.82,17.71,,7383319.0
2021-08-30,17.71,17.82,17.14,17.22,,4579247.0
2021-08-31,17.09,17.79,16.98,17.43,,6152246.0
2021-09-01,17.47,18.03,17.35,17.83,,4179985.0
2021-09-02,17.97,18.97,17.9,18.86,,7102338.0
2021-09-03,18.8,19.73,18.68,19.53,,7236659.0
2021-09-07,19.61,19.86,18.98,19.33,,7873207.0
2021-09-08,19.73,20.26,19.2,19.47,,10385777.0
2021-09-09,18.94,19.35,18.63,18.9,,9614095.0
2021-09-10,19.2,19.47,18.38,18.45,,10191009.0
2021-09-13,18.88,19.54,18.8,18.99,,14294485.0
2021-09-14,19.2,19.26,18.41,18.57,,9187847.0
2021-09-15,18.87,19.82,18.77,19.57,,10348741.0
2021-09-16,19.21,19.29,18.41,18.41,,8358955.0
2021-09-17,18.29,18.47,17.85,17.91,,14395565.0
2021-09-20,17.6,18.18,17.5,17.84,,8672893.0
2021-09-21,17.99,18.06,17.15,17.49,,6920244.0
2021-09-22,17.82,18.29,17.74,17.98,,6763907.0
2021-09-23,18.15,18.67,17.95,18.52,,6784631.0
2021-09-24,18.46,19.43,18.36,19.01,,7175206.0
2021-09-27,19.83,21.3,19.7,21.25,,17306521.0
2021-09-28,21.77,21.78,20.82,21.0,,8244466.0
2021-09-29,19.78,20.2,19.42,19.73,,35417966.0
2021-09-30,19.76,19.97,19.22,19.46,,26320158.0
2021-10-01,19.48,20.12,19.27,19.61,,20734349.0
2021-10-04,19.89,20.56,19.78,20.43,,17018709.0
2021-10-05,20.94,21.33,20.28,20.56,,20177189.0
2021-10-06,20.21,20.43,19.39,19.96,,14186755.0
2021-10-07,20.05,20.57,19.86,20.26,,6579852.0
2021-10-08,20.38,20.71,19.79,19.86,,6651551.0
2021-10-11,20.1,20.22,18.9,18.93,,7879338.0
2021-10-12,18.76,19.05,18.41,18.86,,8873503.0
2021-10-13,18.64,19.25,18.58,18.88,,6089319.0
2021-10-14,19.32,19.87,19.16,19.43,,5211262.0
2021-10-15,19.59,19.73,18.83,18.84,,8642186.0
2021-10-18,18.97,19.87,18.86,19.08,,8059526.0
2021-10-19,18.93,19.42,18.61,19.26,,7105038.0
2021-10-20,19.08,20.41,18.94,20.32,,8608045.0
2021-10-21,20.16,20.33,19.36,19.71,,7129094.0
2021-10-22,19.98,20.4,19.87,20.35,,4959998.0
2021-10-25,20.82,21.53,20.73,21.41,,6843777.0
2021-10-26,21.21,21.77,21.15,21.43,,6745260.0
2021-10-27,21.26,21.61,20.81,21.01,,6517444.0
2021-10-28,20.55,21.09,19.52,19.65,,10204858.0
2021-10-29,19.84,19.94,18.87,18.94,,10708354.0
2021-11-01,19.1,19.84,19.03,19.61,,6658434.0
2021-11-02,19.68,19.95,19.34,19.38,,7655127.0
2021-11-03,19.15,20.08,18.88,19.43,,8070475.0
2021-11-04,19.84,20.1,19.25,19.37,,3587378.0
2021-11-05,19.51,19.75,19.26,19.57,,4428651.0
2021-11-08,19.83,20.11,19.46,19.69,,4867893.0
2021-11-09,19.58,19.67,18.74,19.33,,5801993.0
2021-11-10,19.08,19.17,18.23,18.68,,7424238.0
2021-11-11,18.78,20.21,18.76,20.16,,7398266.0
2021-11-12,20.04,20.64,19.88,20.32,,4833427.0
2021-11-15,20.48,21.0,19.94,20.79,,7354959.0
2021-11-16,21.03,21.22,20.41,20.92,,5668147.0
2021-11-17,20.54,21.01,20.19,20.34,,4432731.0
2021-11-18,20.48,20.67,19.77,20.07,,4111680.0
2021-11-19,19.54,20.02,19.39,19.8,,11795984.0
2021-11-22,19.72,20.48,19.7,19.87,,5487009.0
2021-11-23,20.38,20.61,19.93,20.1,,4890215.0
2021-11-24,19.99,20.42,19.9,20.26,,3758570.0
2021-11-26,19.21,20.07,19.09,19.96,,4115579.0
2021-11-29,19.95,20.2,19.43,19.7,,4506322.0
2021-11-30,19.33,19.54,18.31,18.48,,8392317.0
2021-12-01,18.66,18.74,17.42,17.46,,8779939.0
2021-12-02,17.31,17.89,17.07,17.64,,6896133.0
2021-12-03,17.97,18.77,17.68,18.61,,15380348.0
2021-12-06,18.43,18.95,17.68,18.76,,11223580.0
2021-12-07,18.76,19.87,18.76,19.54,,6551288.0
2021-12-08,19.91,20.13,19.58,19.94,,4304175.0
2021-12-09,19.69,20.15,19.57,19.7,,3996290.0
2021-12-10,19.99,20.08,19.44,19.84,,3983369.0
2021-12-13,19.68,19.93,19.0,19.14,,5706749.0
2021-12-14,19.79,20.49,19.48,20.23,,10546093.0
2021-12-15,20.31,20.32,19.33,19.94,,7484014.0
2021-12-16,20.21,21.09,20.13,20.35,,6540055.0
2021-12-17,20.3,20.56,19.96,20.22,,9781677.0
2021-12-20,19.78,20.42,19.5,20.21,,6876063.0
2021-12-21,20.35,20.86,20.07,20.15,,6161755.0
2021-12-22,20.29,21.12,20.06,21.09,,5146373.0
2021-12-23,21.13,21.36,20.79,21.05,,3208882.0
2021-12-27,21.43,21.7,20.9,21.7,,3271656.0
2021-12-28,21.69,22.23,21.57,21.75,,3665614.0
2021-12-29,21.69,21.92,21.42,21.68,,2592788.0
2021-12-30,21.64,21.85,20.95,20.96,,3290537.0
2021-12-31,21.05,21.05,20.54,20.74,,3871321.0
2022-01-03,20.74,21.19,20.55,20.75,,6321179.0
2022-01-04,20.92,21.67,20.77,21.31,,6574064.0
2022-01-05,21.79,22.16,20.62,20.63,,4995055.0
2022-01-06,21.1,21.23,20.42,20.71,,4040625.0
2022-01-07,20.98,21.7,20.97,21.69,,6050918.0
2022-01-10,21.88,22.14,21.32,21.87,,7701744.0
2022-01-11,22.0,22.5,21.72,22.38,,9160274.0
2022-01-12,22.59,23.62,22.34,23.45,,7433498.0
2022-01-13,22.83,23.52,22.27,22.36,,7082821.0
2022-01-14,22.19,22.69,22.18,22.63,,3808974.0
2022-01-18,22.73,22.75,21.41,21.56,,17300380.0
2022-01-19,21.6,21.78,20.77,21.11,,7744079.0
2022-01-20,20.89,21.3,20.08,20.09,,8034854.0
2022-01-21,19.97,20.04,19.37,19.55,,8110571.0
2022-01-24,19.02,19.71,18.66,19.64,,8623491.0
2022-01-25,19.42,19.47,18.75,19.12,,8526797.0
2022-01-26,19.71,20.01,18.57,18.77,,9838649.0
2022-01-27,19.19,19.34,18.26,19.29,,12123341.0
2022-01-28,19.58,20.4,19.44,20.11,,11020942.0
2022-01-31,20.25,20.36,19.37,20.21,,7465215.0
2022-02-01,20.01,20.98,19.89,20.72,,8735101.0
2022-02-02,21.21,21.29,20.52,21.07,,8967982.0
2022-02-03,20.56,21.08,20.29,20.31,,7482667.0
2022-02-04,20.43,20.96,20.19,20.51,,6953982.0
2022-02-07,20.14,20.42,19.71,20.13,,7961457.0
2022-02-08,20.18,20.37,19.84,20.14,,6084825.0
2022-02-09,20.08,20.57,20.05,20.45,,7082316.0
2022-02-10,19.88,21.11,19.62,20.61,,12760355.0
2022-02-11,20.77,22.01,20.77,21.93,,14352656.0
2022-02-14,22.01,22.1,21.46,21.77,,9777364.0
2022-02-15,21.73,22.18,21.39,22.09,,12170094.0
2022-02-16,22.37,22.96,22.14,22.4,,12436712.0
2022-02-17,22.41,22.93,21.99,22.19,,10709468.0
2022-02-18,22.04,22.05,21.27,21.34,,10371120.0
2022-02-22,21.9,21.99,20.52,20.67,,10322750.0
2022-02-23,20.92,21.37,20.71,20.87,,7676178.0
2022-02-24,21.25,21.37,20.39,21.26,,10730696.0
2022-02-25,21.15,21.77,20.91,21.76,,5798311.0
2022-02-28,21.43,22.2,21.41,22.13,,13898191.0
2022-03-01,22.49,24.11,22.47,23.35,,13165680.0
2022-03-02,23.77,24.49,23.43,23.79,,12553326.0
2022-03-03,23.9,23.92,23.28,23.76,,10922428.0
2022-03-04,24.07,25.71,24.04,25.21,,16635907.0
2022-03-07,25.69,25.89,24.47,25.36,,12773375.0
2022-03-08,25.79,25.92,24.36,24.49,,10982280.0
2022-03-09,24.18,25.17,23.45,24.99,,9272602.0
2022-03-10,25.3,26.01,24.62,25.8,,9186909.0
2022-03-11,25.48,26.35,25.21,25.82,,11624233.0
2022-03-14,25.34,25.48,24.07,24.31,,9403951.0
2022-03-15,23.4,24.61,23.24,24.52,,7514206.0
2022-03-16,24.52,25.13,24.33,24.93,,8709802.0
2022-03-17,25.61,25.94,25.07,25.87,,7563960.0
2022-03-18,25.87,26.05,25.5,25.93,,6076681.0
2022-03-21,26.36,27.18,26.36,27.18,,14874515.0
2022-03-22,27.36,27.53,26.39,26.97,,7648663.0
2022-03-23,27.37,27.78,26.93,27.44,,7144772.0
2022-03-24,27.72,29.95,27.64,29.4,,13977269.0
2022-03-25,29.49,32.96,29.46,32.83,,21258358.0
2022-03-28,32.01,33.4,31.86,33.37,,10336435.0
2022-03-29,31.79,32.8,31.13,32.52,,9851935.0
2022-03-30,33.49,33.97,32.27,32.68,,8101077.0
2022-03-31,32.66,33.84,32.58,32.91,,9612899.0
2022-04-01,32.84,34.5,32.84,34.45,,7881965.0
2022-04-04,35.09,35.26,33.96,34.77,,8147737.0
2022-04-05,35.35,36.32,34.6,34.65,,7809077.0
2022-04-06,35.15,36.11,34.45,35.69,,8192532.0
2022-04-07,35.86,35.97,33.9,34.75,,9153974.0
2022-04-08,35.34,37.04,35.26,36.63,,10674937.0
2022-04-11,36.57,37.56,35.88,37.46,,9782086.0
2022-04-12,37.78,38.91,37.66,38.35,,9504589.0
2022-04-13,38.86,40.01,38.26,39.99,,8801668.0
2022-04-14,39.92,40.72,39.76,40.51,,7999084.0
2022-04-18,41.56,43.51,41.14,43.51,,16673636.0
2022-04-19,42.29,43.38,40.26,42.05,,17241592.0
2022-04-20,42.42,43.21,40.89,42.7,,8168777.0
2022-04-21,43.36,43.41,39.75,40.2,,12234865.0
2022-04-22,39.88,40.67,37.86,38.0,,10515665.0
2022-04-25,36.81,38.13,36.2,37.96,,10997106.0
2022-04-26,38.39,39.03,37.18,37.24,,7888110.0
2022-04-27,37.72,38.63,36.7,37.84,,8489898.0
2022-04-28,38.23,39.73,36.15,38.81,,11399534.0
2022-04-29,39.06,40.06,37.85,38.01,,8022915.0
2022-05-02,37.7,38.63,36.53,37.72,,7927513.0
2022-05-03,38.29,41.18,38.29,40.22,,9845784.0
2022-05-04,41.14,41.26,39.41,41.07,,7462708.0
2022-05-05,41.1,41.46,38.05,40.09,,8041785.0
2022-05-06,40.74,40.91,38.6,39.25,,6063108.0
2022-05-09,38.2,38.24,34.55,34.95,,12035625.0
2022-05-10,34.96,35.53,33.22,35.12,,11027991.0
2022-05-11,35.71,37.89,35.57,36.28,,8245310.0
2022-05-12,35.76,37.2,35.23,36.18,,9734786.0
2022-05-13,37.36,37.89,36.26,36.65,,5219742.0
2022-05-16,37.15,38.8,36.99,38.15,,5856835.0
2022-05-17,39.0,41.5,38.31,40.75,,9465639.0
2022-05-18,40.78,40.96,37.97,38.8,,8617026.0
2022-05-19,37.66,39.86,37.58,38.88,,7184149.0
2022-05-20,39.24,40.1,38.37,39.2,,5341882.0
2022-05-23,39.54,42.87,39.34,42.68,,9274740.0
2022-05-24,42.16,43.3,41.23,43.29,,6543019.0
2022-05-25,43.75,45.89,43.58,44.95,,8100353.0
2022-05-26,45.09,47.17,44.93,45.48,,8879440.0
2022-05-27,44.45,46.75,44.28,46.47,,6169580.0
2022-05-31,47.22,47.3,44.8,45.79,,28938489.0
2022-06-01,46.46,48.37,45.85,47.78,,9976540.0
2022-06-02,47.6,47.88,46.56,46.89,,5859766.0
2022-06-03,46.99,47.16,45.26,46.05,,6404328.0
2022-06-06,47.05,47.92,46.42,47.04,,5923229.0
2022-06-07,46.8,48.2,46.26,47.77,,5378285.0
2022-06-08,47.98,48.26,46.19,46.99,,4771341.0
2022-06-09,46.2,46.91,44.91,46.12,,5156582.0
2022-06-10,45.67,46.7,45.02,46.02,,4565334.0
2022-06-13,44.61,44.85,42.32,43.25,,7244769.0
2022-06-14,43.75,43.75,38.35,39.18,,11843279.0
2022-06-15,39.88,40.76,38.09,39.57,,8215643.0
2022-06-16,39.3,39.3,36.36,37.03,,8783184.0
2022-06-17,37.1,37.25,33.7,34.49,,13505047.0
2022-06-21,35.2,35.82,34.47,35.31,,7103667.0
2022-06-22,33.03,34.64,32.86,33.66,,6414480.0
2022-06-23,33.84,34.13,31.28,31.8,,9555972.0
2022-06-24,32.12,34.02,31.75,33.67,,11336377.0
2022-06-27,34.18,35.5,33.21,35.17,,6713383.0
2022-06-28,36.06,36.82,35.29,36.69,,7147487.0
2022-06-29,37.29,37.64,35.79,36.0,,10386229.0
2022-06-30,35.0,35.98,32.28,33.01,,17164425.0
2022-07-01,33.49,33.7,32.39,32.88,,9259061.0
2022-07-05,32.29,32.36,30.51,30.92,,11865825.0
2022-07-06,31.26,32.1,29.77,30.37,,9023139.0
2022-07-07,31.56,33.64,31.31,33.14,,6952231.0
2022-07-08,33.39,33.45,32.21,32.82,,4742185.0
2022-07-11,33.88,34.49,32.67,33.16,,4644726.0
2022-07-12,32.01,33.46,31.79,33.0,,5250712.0
2022-07-13,32.84,36.11,32.82,35.18,,6925288.0
2022-07-14,33.93,35.08,33.25,34.66,,9928405.0
2022-07-15,34.97,35.26,33.84,35.14,,5779562.0
2022-07-18,35.79,37.35,35.79,36.33,,5414644.0
2022-07-19,36.02,37.68,35.84,37.56,,4494954.0
2022-07-20,37.29,39.73,37.02,39.54,,6241078.0
2022-07-21,38.79,40.86,38.44,40.72,,7828833.0
2022-07-22,41.57,42.16,40.45,40.52,,6981344.0
2022-07-25,41.28,43.35,40.48,43.16,,7656215.0
2022-07-26,44.36,44.82,43.18,43.73,,7732999.0
2022-07-27,43.61,44.03,42.52,43.6,,6593864.0
2022-07-28,42.96,44.71,40.36,41.02,,10544255.0
2022-07-29,41.8,42.83,41.61,42.25,,6524422.0
2022-08-01,41.3,41.58,39.69,40.6,,6573016.0
2022-08-02,40.5,40.74,39.35,40.19,,4760197.0
2022-08-03,40.34,41.59,39.0,41.06,,8098303.0
2022-08-04,40.72,41.32,39.37,39.58,,5936192.0
2022-08-05,38.71,41.62,38.56,40.57,,4815333.0
2022-08-08,40.33,40.87,39.75,39.81,,3865769.0
2022-08-09,40.88,42.4,40.57,41.32,,5163775.0
2022-08-10,41.27,41.96,39.93,41.9,,4462014.0
2022-08-11,43.18,44.59,42.09,44.11,,6495225.0
2022-08-12,44.06,44.51,43.2,44.48,,3631010.0
2022-08-15,42.37,43.66,41.06,43.58,,4957004.0
2022-08-16,46.31,47.24,45.11,45.44,,7738881.0
2022-08-17,45.69,46.44,43.89,45.37,,4899014.0
2022-08-18,46.06,46.74,45.13,46.46,,5304106.0
2022-08-19,45.77,46.95,45.52,45.94,,4117909.0
2022-08-22,46.5,48.16,45.99,47.3,,6516365.0
2022-08-23,48.19,49.82,45.4,46.07,,12887396.0
2022-08-24,46.25,48.36,45.82,47.85,,6913227.0
2022-08-25,48.07,48.07,46.32,47.65,,6555362.0
2022-08-26,47.85,49.08,47.52,47.83,,5789372.0
2022-08-29,47.14,49.5,47.06,48.16,,6005298.0
2022-08-30,47.06,47.14,44.12,45.14,,7905213.0
2022-08-31,43.87,46.82,43.71,46.03,,6520156.0
2022-09-01,45.41,46.33,44.47,44.6,,5305787.0
2022-09-02,45.21,45.77,44.13,45.53,,5294702.0
2022-09-06,44.72,45.26,43.61,43.75,,10161314.0
2022-09-07,42.86,45.06,42.7,44.3,,8643063.0
2022-09-08,44.71,45.96,43.78,45.36,,5642581.0
2022-09-09,46.01,47.23,45.32,46.56,,5647616.0
2022-09-12,46.91,48.47,46.33,48.44,,6114760.0
2022-09-13,47.64,48.7,45.98,46.14,,6277650.0
2022-09-14,47.97,50.05,47.59,48.73,,10330122.0
2022-09-15,47.16,48.11,46.27,46.31,,8878670.0
2022-09-16,45.92,45.92,42.98,44.36,,21973897.0
2022-09-19,43.31,45.92,42.96,45.59,,6636551.0
2022-09-20,45.42,45.92,44.71,44.84,,6055231.0
2022-09-21,45.98,46.29,43.69,43.71,,4188884.0
2022-09-22,44.14,45.58,42.73,42.98,,6491671.0
2022-09-23,40.99,41.1,38.25,39.73,,10573422.0
2022-09-26,39.31,39.85,37.7,37.92,,8878338.0
2022-09-27,38.52,39.37,37.59,37.84,,8878040.0
2022-09-28,38.06,39.44,37.3,39.3,,9025088.0
2022-09-29,38.7,38.8,36.74,38.07,,8045867.0
2022-09-30,37.65,39.26,37.45,39.24,,102622253.0
2022-10-03,39.29,40.75,39.24,40.21,,9169848.0
2022-10-04,41.28,43.31,40.82,43.25,,8962437.0
2022-10-05,43.48,43.85,41.63,43.66,,6524400.0
2022-10-06,43.38,44.21,42.13,42.31,,5541529.0
2022-10-07,42.26,43.26,41.48,41.57,,6203709.0
2022-10-10,42.23,43.18,41.15,41.19,,4904985.0
2022-10-11,40.23,42.55,40.23,41.94,,4628249.0
2022-10-12,42.21,42.56,41.0,41.94,,3962539.0
2022-10-13,41.16,42.95,40.65,42.73,,5678106.0
2022-10-14,42.16,42.81,39.54,39.61,,5623473.0
2022-10-17,39.57,40.43,38.83,40.26,,5733015.0
2022-10-18,41.03,42.11,40.16,40.26,,6233902.0
2022-10-19,40.05,40.73,39.16,40.65,,7130021.0
2022-10-20,40.83,40.84,39.16,39.23,,6118465.0
2022-10-21,38.8,38.97,36.09,36.48,,14156451.0
2022-10-24,36.75,37.5,36.25,36.91,,8140341.0
2022-10-25,36.75,38.15,36.26,38.14,,13084075.0
2022-10-26,37.77,38.6,37.13,37.57,,12472656.0
2022-10-27,35.82,39.58,35.42,37.65,,11762323.0
2022-10-28,37.99,38.64,35.43,37.25,,8361379.0
2022-10-31,38.45,40.81,38.31,40.29,,10788097.0
2022-11-01,40.8,40.95,38.72,39.24,,6965057.0
2022-11-02,39.44,40.51,38.5,38.97,,6945963.0
2022-11-03,38.39,39.34,37.85,37.89,,5142385.0
2022-11-04,38.88,39.62,37.97,39.56,,6079781.0
2022-11-07,41.0,43.09,40.97,42.55,,8365029.0
2022-11-08,41.89,42.52,40.78,42.46,,6350043.0
2022-11-09,41.39,41.77,39.42,39.46,,7213054.0
2022-11-10,40.49,41.53,39.67,41.45,,4008240.0
2022-11-11,42.18,42.53,39.95,41.18,,7255975.0
2022-11-14,41.95,43.03,40.9,40.94,,6739915.0
2022-11-15,41.28,42.29,40.74,42.29,,4500031.0
2022-11-16,41.34,41.51,39.41,40.09,,4288846.0
2022-11-17,39.74,40.37,39.16,40.29,,3606224.0
2022-11-18,39.12,39.86,38.54,39.65,,4387424.0
2022-11-21,39.14,39.95,38.0,39.94,,5433951.0
2022-11-22,40.54,43.09,40.54,42.3,,7160413.0
2022-11-23,42.89,43.46,41.83,42.09,,6000243.0
2022-11-25,41.95,42.29,41.46,41.58,,1711769.0
2022-11-28,40.05,41.02,39.64,40.12,,6179812.0
2022-11-29,40.47,41.27,40.36,41.22,,3167725.0
2022-11-30,41.45,41.72,40.23,40.98,,6100957.0
2022-12-01,41.46,41.93,39.8,40.12,,4306695.0
2022-12-02,39.41,39.95,38.18,38.58,,6529683.0
2022-12-05,38.09,38.49,35.55,35.82,,8568755.0
2022-12-06,35.56,36.2,35.32,35.67,,5139835.0
2022-12-07,35.61,35.68,34.82,35.49,,6071536.0
2022-12-08,35.88,36.31,34.16,34.49,,8102453.0
2022-12-09,34.79,35.39,34.39,34.47,,5462394.0
2022-12-12,35.6,36.6,35.11,35.67,,8646148.0
2022-12-13,36.82,36.92,35.69,35.86,,6138367.0
2022-12-14,36.23,37.17,35.83,36.54,,6502980.0
2022-12-15,36.24,37.85,36.14,36.94,,7604581.0
2022-12-16,35.98,36.31,35.06,35.98,,17388885.0
2022-12-19,35.35,35.7,34.56,34.89,,4458869.0
2022-12-20,34.59,35.03,34.19,34.92,,3985723.0
2022-12-21,35.7,35.86,34.98,35.41,,4150996.0
2022-12-22,35.07,35.2,33.28,33.82,,5613919.0
2022-12-23,34.04,35.01,33.47,34.99,,4191535.0
2022-12-27,35.27,35.77,34.84,35.12,,4243388.0
2022-12-28,34.68,34.68,32.28,32.37,,5874111.0
2022-12-29,32.08,32.94,31.92,32.73,,4116874.0
2022-12-30,32.37,32.84,32.25,32.69,,3655806.0
2023-01-03,31.57,32.54,30.52,30.75,,8233814.0
2023-01-04,30.59,32.91,30.44,32.09,,7902110.0
2023-01-05,31.5,32.1,30.87,31.0,,9156509.0
2023-01-06,31.0,32.71,31.0,32.22,,6557927.0
2023-01-09,32.98,34.14,32.98,33.5,,7163721.0
2023-01-10,33.34,33.6,32.62,32.89,,7295307.0
2023-01-11,33.43,33.44,32.01,32.27,,7014611.0
2023-01-12,32.71,33.98,32.6,33.78,,8560554.0
2023-01-13,33.33,33.7,32.79,33.64,,5677768.0
2023-01-17,34.17,34.77,33.72,34.0,,6394975.0
2023-01-18,33.69,33.94,32.46,32.52,,6420219.0
2023-01-19,32.43,33.25,32.16,32.79,,5313522.0
2023-01-20,32.95,33.4,32.38,32.81,,5079013.0
2023-01-23,33.32,34.26,32.95,34.05,,5546768.0
2023-01-24,33.69,34.26,32.2,33.06,,5973508.0
2023-01-25,32.59,32.59,31.5,32.1,,6709159.0
2023-01-26,32.07,32.18,30.86,31.98,,8649609.0
2023-01-27,32.18,32.47,31.68,31.82,,4212857.0
2023-01-30,31.11,31.75,30.99,31.07,,4530815.0
2023-01-31,31.17,31.59,30.93,31.57,,5435521.0
2023-02-01,30.99,31.25,29.84,30.56,,7411196.0
2023-02-02,30.6,31.61,30.21,30.77,,6949137.0
2023-02-03,30.67,31.17,30.02,30.21,,4354929.0
2023-02-06,30.25,30.4,28.66,28.97,,9594241.0
2023-02-07,29.25,29.66,28.64,29.63,,7569387.0
2023-02-08,29.36,29.39,28.03,28.81,,7082464.0
2023-02-09,29.02,30.41,28.94,29.47,,8840648.0
2023-02-10,29.69,30.69,29.61,30.6,,8807165.0
2023-02-13,30.25,30.31,29.44,29.82,,7716900.0
2023-02-14,29.76,30.45,29.52,30.03,,6477589.0
2023-02-15,29.48,29.61,28.95,29.59,,7068681.0
2023-02-16,30.22,32.05,30.11,30.76,,13292038.0
2023-02-17,30.25,30.55,29.66,30.34,,9391337.0
2023-02-21,30.38,30.76,29.14,29.56,,7779903.0
2023-02-22,29.94,31.66,29.67,31.05,,8786338.0
2023-02-23,31.78,32.08,30.91,31.55,,8605290.0
2023-02-24,31.58,33.75,31.16,33.72,,14461425.0
2023-02-27,33.74,33.79,32.28,32.56,,8911630.0
2023-02-28,32.72,33.07,31.88,32.22,,6443471.0
2023-03-01,31.95,32.69,31.51,32.33,,6691783.0
2023-03-02,32.26,32.7,31.83,32.39,,4276795.0
2023-03-03,32.13,33.55,32.08,33.35,,5488524.0
2023-03-06,32.25,32.56,31.56,31.99,,6854227.0
2023-03-07,31.99,32.47,31.76,31.99,,4618376.0
2023-03-08,31.96,32.06,30.81,31.23,,4420833.0
2023-03-09,31.33,31.62,30.29,30.43,,7839825.0
2023-03-10,30.25,30.58,29.27,29.53,,5943916.0
2023-03-13,28.86,30.4,28.4,29.4,,7437588.0
2023-03-14,29.53,30.48,29.04,29.8,,5927261.0
2023-03-15,28.48,28.91,27.29,27.99,,10060474.0
2023-03-16,27.62,29.26,27.55,29.24,,6226171.0
2023-03-17,28.96,29.28,28.23,28.52,,11748429.0
2023-03-20,28.64,29.69,28.55,29.28,,7154524.0
2023-03-21,29.86,30.26,29.2,30.1,,5584652.0
2023-03-22,30.03,30.14,28.64,28.65,,7467860.0
2023-03-23,28.96,29.66,28.21,28.67,,6478698.0
2023-03-24,28.34,29.84,28.24,29.67,,6922060.0
2023-03-27,29.86,29.93,28.75,29.56,,7115249.0
2023-03-28,29.56,30.5,29.07,30.0,,5624688.0
2023-03-29,30.26,30.69,29.9,30.54,,4215956.0
2023-03-30,30.72,30.74,29.98,30.38,,3931604.0
2023-03-31,30.89,31.49,30.65,30.98,,5194012.0
2023-04-03,31.89,31.94,30.4,30.88,,7089164.0
2023-04-04,31.13,31.62,30.46,31.54,,6649973.0
2023-04-05,31.74,31.88,30.75,31.65,,4878091.0
2023-04-06,31.34,31.57,30.77,31.19,,5491103.0
2023-04-10,31.87,32.91,31.82,32.42,,5931198.0
2023-04-11,31.67,32.55,31.32,32.45,,7340507.0
2023-04-12,32.53,32.65,31.57,31.7,,5668775.0
2023-04-13,31.69,32.24,31.58,31.91,,5959807.0
2023-04-14,32.04,32.31,31.7,32.18,,4718129.0
2023-04-17,32.91,33.23,31.8,31.84,,5174843.0
2023-04-18,31.85,32.58,31.79,32.34,,4487817.0
2023-04-19,31.74,32.26,31.46,32.25,,4631351.0
2023-04-20,31.95,32.3,31.55,31.78,,7028672.0
2023-04-21,31.77,32.01,31.23,31.64,,5345282.0
2023-04-24,31.57,32.02,31.32,31.79,,3831874.0
2023-04-25,31.42,31.49,30.4,30.79,,4604747.0
2023-04-26,30.43,30.81,30.13,30.45,,4219598.0
2023-04-27,31.8,33.05,31.6,32.57,,11116478.0
2023-04-28,33.18,34.17,32.73,33.83,,9171822.0
2023-05-01,33.4,33.85,32.91,33.27,,5711156.0
2023-05-02,32.69,32.91,31.19,31.88,,6745647.0
2023-05-03,31.36,31.74,30.48,30.58,,6197548.0
2023-05-04,30.4,30.97,29.94,30.14,,6690951.0
2023-05-05,30.97,31.86,30.91,31.41,,5570431.0
2023-05-08,32.3,32.35,31.27,31.35,,3551639.0
2023-05-09,31.13,32.29,30.98,31.53,,4711686.0
2023-05-10,31.69,31.75,31.07,31.41,,4374926.0
2023-05-11,30.95,31.5,30.8,31.12,,4082830.0
2023-05-12,31.56,32.77,30.89,32.63,,8723576.0
2023-05-15,33.06,34.76,32.87,34.28,,11037542.0
2023-05-16,34.38,34.9,33.76,33.96,,9003970.0
2023-05-17,34.15,34.19,33.4,33.96,,6324275.0
2023-05-18,33.93,36.09,33.84,35.94,,9080478.0
2023-05-19,36.56,36.58,34.89,35.34,,7847558.0
2023-05-22,34.59,35.89,34.5,35.42,,6103107.0
2023-05-23,35.7,35.78,34.89,34.97,,4725732.0
2023-05-24,35.26,35.66,34.81,35.64,,7896735.0
2023-05-25,35.13,35.68,34.72,35.59,,10365053.0
2023-05-26,35.55,35.78,34.59,35.2,,9711123.0
2023-05-30,34.48,34.63,33.32,34.21,,9168864.0
2023-05-31,34.35,34.45,33.61,33.92,,7926381.0
2023-06-01,33.95,34.54,33.59,34.24,,7046645.0
2023-06-02,34.87,36.04,34.41,35.65,,7768843.0
2023-06-05,36.38,36.48,34.9,35.15,,5351600.0
2023-06-06,34.71,36.46,34.68,36.44,,5376340.0
2023-06-07,36.58,38.07,36.58,37.86,,6574386.0
2023-06-08,37.81,38.05,37.19,38.01,,4525898.0
2023-06-09,37.77,38.25,37.42,37.6,,4287161.0
2023-06-12,37.24,37.57,36.86,37.37,,5690565.0
2023-06-13,37.71,38.33,37.58,37.98,,5180720.0
2023-06-14,38.24,38.24,37.18,37.51,,5691261.0
2023-06-15,37.78,39.13,37.78,37.99,,6870514.0
2023-06-16,38.31,38.9,38.23,38.67,,11570091.0
2023-06-20,38.73,38.96,37.87,38.33,,6407434.0
2023-06-21,38.57,39.02,38.23,38.8,,6017273.0
2023-06-22,38.66,38.82,38.19,38.49,,5371436.0
2023-06-23,37.7,38.43,37.69,38.22,,5336936.0
2023-06-26,38.44,39.56,38.37,39.22,,4491623.0
2023-06-27,38.84,39.6,38.47,39.35,,7890677.0
2023-06-28,39.47,39.48,38.73,38.77,,6273495.0
2023-06-29,38.73,40.06,38.73,40.03,,6786750.0
2023-06-30,40.19,40.39,39.49,40.12,,6114657.0
2023-07-03,39.9,40.32,39.68,39.68,,2483409.0
2023-07-05,39.84,39.93,39.13,39.41,,6226836.0
2023-07-06,39.2,39.32,37.69,38.32,,4714281.0
2023-07-07,38.42,39.54,38.33,38.73,,6409716.0
2023-07-10,38.56,39.61,38.5,39.3,,5699173.0
2023-07-11,39.5,39.99,39.16,39.56,,5176750.0
2023-07-12,39.52,39.92,38.77,38.8,,6444346.0
2023-07-13,38.84,39.29,38.28,38.44,,7509172.0
2023-07-14,38.38,38.42,37.16,37.27,,6568628.0
2023-07-17,37.13,37.73,37.01,37.52,,4345141.0
2023-07-18,37.77,39.0,37.54,38.67,,5411308.0
2023-07-19,38.77,39.0,38.24,38.89,,5704989.0
2023-07-20,39.32,39.9,38.96,39.82,,6619042.0
2023-07-21,40.02,40.1,38.9,38.92,,4802329.0
2023-07-24,38.77,38.93,38.05,38.73,,8656203.0
2023-07-25,38.82,38.89,38.15,38.67,,6480512.0
2023-07-26,38.12,41.35,37.73,40.5,,11333321.0
2023-07-27,40.99,41.32,39.89,40.4,,5563882.0
2023-07-28,41.13,41.6,40.69,41.24,,7959930.0
2023-07-31,40.83,41.38,40.8,41.14,,6317477.0
2023-08-01,40.57,41.11,40.19,40.65,,6217591.0
2023-08-02,40.12,40.19,38.95,39.86,,4832071.0
2023-08-03,40.3,41.28,39.86,40.71,,2855741.0
2023-08-04,40.97,41.52,40.36,40.77,,3330086.0
2023-08-07,41.12,41.86,40.96,41.11,,3285795.0
2023-08-08,40.3,42.02,40.13,42.0,,3436422.0
2023-08-09,43.06,43.42,42.37,43.12,,17814351.0
2023-08-10,42.6,43.05,41.66,41.89,,4668194.0
2023-08-11,41.8,42.35,41.7,42.14,,2615758.0
2023-08-14,42.16,42.2,41.66,41.99,,4426557.0
2023-08-15,41.43,41.63,40.92,41.31,,3292225.0
2023-08-16,41.05,41.67,40.94,41.09,,2991732.0
2023-08-17,42.04,42.66,41.37,42.0,,6028266.0
2023-08-18,41.62,42.56,41.55,42.55,,5191535.0
2023-08-21,43.07,43.93,42.85,43.63,,7609715.0
2023-08-22,43.5,43.63,42.44,42.48,,3408095.0
2023-08-23,41.38,41.59,40.73,40.87,,6881590.0
2023-08-24,40.61,41.52,40.5,40.82,,4174487.0
2023-08-25,40.99,41.58,40.91,41.15,,2931046.0
2023-08-28,41.6,41.74,41.1,41.45,,3021391.0
2023-08-29,41.19,41.87,40.89,41.84,,3446105.0
2023-08-30,41.86,42.33,41.8,42.08,,4573975.0
2023-08-31,42.04,42.43,41.66,42.31,,4111371.0
2023-09-01,42.75,43.3,42.26,43.28,,3947863.0
2023-09-05,43.01,43.08,42.27,42.3,,3681285.0
2023-09-06,42.06,42.56,41.11,41.43,,5157802.0
2023-09-07,41.58,41.65,40.7,40.88,,4977959.0
2023-09-08,41.2,41.6,40.9,41.58,,6495239.0
2023-09-11,41.83,42.22,40.85,41.32,,4219936.0
2023-09-12,41.92,42.84,41.79,42.84,,4218034.0
2023-09-13,42.82,43.05,42.01,42.04,,3865326.0
2023-09-14,42.62,42.82,41.43,41.69,,4590164.0
2023-09-15,41.24,41.64,40.48,40.65,,7924220.0
2023-09-18,40.56,40.83,40.17,40.32,,5821839.0
2023-09-19,40.77,41.01,39.87,40.12,,8309253.0
2023-09-20,39.52,40.11,39.14,39.15,,5928723.0
2023-09-21,39.31,39.31,37.75,37.92,,6346431.0
2023-09-22,38.19,38.66,37.5,37.64,,4931352.0
2023-09-25,37.64,38.35,37.36,38.1,,3444478.0
2023-09-26,37.73,38.6,37.59,38.14,,4629962.0
2023-09-27,38.64,39.37,38.47,38.77,,6979472.0
2023-09-28,38.79,39.77,38.75,39.58,,4248035.0
2023-09-29,39.51,39.9,39.36,39.72,,4413426.0
2023-10-02,39.47,39.47,37.83,38.26,,5434409.0
2023-10-03,38.22,38.81,37.86,38.78,,5685819.0
2023-10-04,38.59,39.19,38.16,38.81,,5614927.0
2023-10-05,38.86,40.52,38.75,40.22,,6080023.0
2023-10-06,40.43,42.26,40.36,41.89,,7244604.0
2023-10-09,42.18,43.49,42.18,43.41,,4894264.0
2023-10-10,43.35,43.61,42.68,43.16,,4067611.0
2023-10-11,42.39,42.81,41.73,42.63,,4939146.0
2023-10-12,42.63,43.02,42.25,42.49,,3933125.0
2023-10-13,42.92,43.27,42.4,42.45,,4254844.0
2023-10-16,42.58,42.68,41.52,42.58,,4329318.0
2023-10-17,42.72,43.71,42.44,43.32,,6792518.0
2023-10-18,43.72,43.72,42.14,42.76,,5559612.0
2023-10-19,42.82,43.22,42.06,42.18,,4183925.0
2023-10-20,42.06,42.12,40.93,41.45,,4358211.0
2023-10-23,40.95,41.58,40.45,41.38,,5288664.0
2023-10-24,41.65,41.82,41.18,41.63,,3859891.0
2023-10-25,41.88,41.88,40.93,41.13,,4324440.0
2023-10-26,39.64,42.23,38.74,41.9,,7130183.0
2023-10-27,42.25,42.3,40.52,41.06,,4425326.0
2023-10-30,40.6,41.36,39.54,40.31,,8406714.0
2023-10-31,40.48,41.6,40.19,41.48,,4464768.0
2023-11-01,41.34,42.15,40.68,41.82,,4276260.0
2023-11-02,41.8,43.56,41.63,43.41,,3782956.0
2023-11-03,43.14,44.27,43.12,43.77,,5232847.0
2023-11-06,43.26,43.53,41.22,41.61,,5785425.0
2023-11-07,41.0,41.03,39.58,40.05,,5791547.0
2023-11-08,39.83,40.29,38.91,39.2,,4498756.0
2023-11-09,39.39,39.6,38.65,38.73,,3042631.0
2023-11-10,39.1,39.21,37.95,38.45,,4538545.0
2023-11-13,38.84,39.36,38.53,39.11,,3706125.0
2023-11-14,39.14,39.8,38.86,39.21,,3782636.0
2023-11-15,39.29,41.0,39.15,40.61,,5968354.0
2023-11-16,40.02,40.43,38.6,39.35,,6232563.0
2023-11-17,39.16,40.14,39.09,39.67,,4711554.0
2023-11-20,39.57,39.78,39.0,39.39,,3285274.0
2023-11-21,39.28,39.65,38.74,39.33,,3956452.0
2023-11-22,38.7,39.86,38.5,39.62,,3271292.0
2023-11-24,39.26,40.39,39.26,40.14,,1873406.0
2023-11-27,39.81,39.81,39.01,39.53,,3773165.0
2023-11-28,39.66,39.78,39.05,39.16,,4504033.0
2023-11-29,39.4,39.41,38.63,39.06,,4361687.0
2023-11-30,39.55,40.08,38.57,39.27,,11829014.0
2023-12-01,39.12,39.8,38.96,39.54,,3301567.0
2023-12-04,38.96,39.22,38.14,38.29,,6762535.0
2023-12-05,38.6,38.85,37.66,37.69,,2946760.0
2023-12-06,37.54,38.0,36.19,36.23,,6000168.0
2023-12-07,36.32,36.54,35.46,36.35,,6629514.0
2023-12-08,36.6,36.69,35.89,36.49,,4769202.0
2023-12-11,35.63,36.58,35.49,36.25,,5518773.0
2023-12-12,35.69,36.01,35.22,35.38,,6437763.0
2023-12-13,35.52,36.64,35.34,36.61,,6643341.0
2023-12-14,36.98,38.16,36.73,38.15,,9302462.0
2023-12-15,38.17,38.19,37.33,37.77,,19031864.0
2023-12-18,38.55,38.87,38.04,38.23,,6630774.0
2023-12-19,37.9,38.2,37.03,38.17,,7405125.0
2023-12-20,38.18,38.42,37.22,37.34,,7190931.0
2023-12-21,37.85,38.37,37.54,38.34,,5239594.0
2023-12-22,38.4,38.65,38.13,38.31,,3310982.0
2023-12-26,38.32,38.87,38.32,38.53,,2657062.0
2023-12-27,38.84,38.97,38.26,38.5,,3208461.0
2023-12-28,38.52,39.19,38.31,38.34,,4005609.0
2023-12-29,38.27,38.62,37.98,37.99,,2090992.0
2024-01-02,38.43,38.64,37.91,38.24,,4707210.0
2024-01-03,38.1,38.31,37.52,38.06,,8412430.0
2024-01-04,38.72,38.72,37.51,37.54,,5823471.0
2024-01-05,37.44,38.04,36.9,38.04,,8309964.0
2024-01-08,37.35,37.62,36.48,37.55,,6001833.0
2024-01-09,37.86,37.92,37.0,37.41,,6252494.0
2024-01-10,37.06,37.22,36.58,37.06,,4098201.0
2024-01-11,36.89,37.45,36.38,36.41,,6627528.0
2024-01-12,37.3,37.72,36.75,37.16,,4357238.0
2024-01-16,36.27,36.72,35.62,35.67,,5563949.0
2024-01-17,35.12,35.71,35.09,35.34,,5684878.0
2024-01-18,35.28,35.39,34.24,34.6,,6872628.0
2024-01-19,34.44,34.74,34.04,34.72,,6086337.0
2024-01-22,34.28,35.05,34.17,34.77,,7055568.0
2024-01-23,34.82,35.06,34.4,34.65,,3559800.0
2024-01-24,34.94,35.62,34.85,35.04,,4297535.0
2024-01-25,35.37,35.44,34.66,35.43,,3800104.0
2024-01-26,35.35,35.42,34.58,35.26,,4477758.0
2024-01-29,35.15,35.23,34.54,35.2,,3882346.0
2024-01-30,34.82,35.87,34.76,35.52,,3431102.0
2024-01-31,35.59,35.62,34.76,34.79,,4259783.0
2024-02-01,34.96,35.14,34.26,34.45,,3652986.0
2024-02-02,34.4,34.78,33.98,34.43,,3834266.0
2024-02-05,34.18,34.27,33.55,33.59,,4790032.0
2024-02-06,33.53,34.02,33.32,33.64,,3247537.0
2024-02-07,33.77,33.91,33.25,33.64,,4576687.0
2024-02-08,33.41,34.24,33.28,34.15,,4380419.0
2024-02-09,33.9,34.22,33.62,33.73,,3616765.0
2024-02-12,34.06,34.75,33.79,34.32,,5205470.0
2024-02-13,33.82,34.06,33.13,33.51,,6480697.0
2024-02-14,32.16,33.02,31.51,32.39,,13748764.0
2024-02-15,32.86,34.14,32.61,33.89,,7970939.0
2024-02-16,34.05,34.61,33.6,34.25,,4934614.0
2024-02-20,34.15,34.15,33.11,33.29,,6013601.0
2024-02-21,34.86,37.75,34.84,36.82,,12919204.0
2024-02-22,36.01,37.07,35.66,36.84,,6677741.0
2024-02-23,36.29,36.83,35.86,36.53,,5777625.0
2024-02-26,36.95,37.21,36.0,36.27,,4569679.0
2024-02-27,36.67,36.8,35.92,36.05,,3174319.0
2024-02-28,36.2,36.52,35.92,36.11,,3375615.0
2024-02-29,36.21,36.83,36.13,36.67,,5415198.0
2024-03-01,36.69,36.93,36.34,36.53,,9281710.0
2024-03-04,37.36,37.7,36.92,37.06,,4843454.0
2024-03-05,37.0,37.82,36.84,37.5,,2898954.0
2024-03-06,37.73,37.74,36.78,37.1,,4344389.0
2024-03-07,37.22,37.35,36.69,36.78,,3106450.0
2024-03-08,36.92,37.24,36.62,37.04,,2788376.0
2024-03-11,34.45,35.01,33.2,34.16,,28465029.0
2024-03-12,34.33,34.44,33.38,34.07,,12814610.0
2024-03-13,33.94,34.08,33.56,33.57,,11069126.0
2024-03-14,33.86,33.86,32.78,33.34,,11836583.0
2024-03-15,33.45,33.62,32.56,33.0,,23927094.0
2024-03-18,33.25,33.43,32.88,32.97,,5769870.0
2024-03-19,32.85,33.37,32.77,33.13,,7376470.0
2024-03-20,32.8,33.56,32.74,33.38,,7017321.0
2024-03-21,33.51,33.97,33.34,33.92,,5584975.0
2024-03-22,33.86,33.96,33.69,33.92,,4897494.0
2024-03-25,34.04,34.52,33.99,34.37,,6541877.0
2024-03-26,34.59,34.83,34.3,34.5,,6988749.0
2024-03-27,34.24,35.6,34.17,35.6,,7136418.0
2024-03-28,35.83,36.92,35.65,36.59,,9857438.0
2024-04-01,36.85,37.02,36.13,36.63,,6530481.0
2024-04-02,36.52,36.6,36.06,36.39,,4534330.0
2024-04-03,36.5,36.77,36.21,36.71,,5624169.0
2024-04-04,37.27,37.35,36.19,36.29,,5655378.0
2024-04-05,36.07,36.25,35.62,36.01,,3681585.0
2024-04-08,36.17,36.55,35.98,36.36,,4540825.0
2024-04-09,36.46,37.46,36.46,37.46,,6556871.0
2024-04-10,37.48,37.75,37.06,37.22,,6232579.0
2024-04-11,37.46,37.49,36.46,37.01,,6009203.0
2024-04-12,37.24,37.91,36.65,36.77,,5580607.0
2024-04-15,36.82,37.15,35.96,36.05,,5710990.0
2024-04-16,35.81,36.05,34.79,35.73,,4914894.0
2024-04-17,35.49,36.3,35.45,35.57,,5246753.0
2024-04-18,35.73,36.31,35.65,35.75,,6788452.0
2024-04-19,35.54,36.22,35.45,36.18,,4957492.0
2024-04-22,36.02,37.66,35.98,37.48,,10531573.0
2024-04-23,37.31,38.03,37.07,37.49,,7640337.0
2024-04-24,38.08,39.34,37.39,38.92,,11735099.0
2024-04-25,38.89,40.51,38.7,39.89,,9380080.0
2024-04-26,39.68,40.2,39.04,40.09,,7059896.0
2024-04-29,40.0,40.72,40.0,40.52,,5849486.0
2024-04-30,40.87,40.93,39.54,39.57,,7630648.0
2024-05-01,39.29,39.3,37.8,38.16,,8342501.0
2024-05-02,38.54,39.16,38.31,38.97,,5026287.0
2024-05-03,39.41,39.88,39.15,39.75,,5993122.0
2024-05-06,40.3,40.93,40.04,40.51,,6081006.0
2024-05-07,40.45,40.99,40.12,40.14,,5961244.0
2024-05-08,39.79,40.04,39.42,39.55,,4432029.0
2024-05-09,39.82,39.96,39.4,39.66,,3978545.0
2024-05-10,39.77,39.85,38.39,38.58,,5645034.0
2024-05-13,38.81,39.46,38.43,39.43,,6086552.0
2024-05-14,39.64,40.37,39.44,40.34,,4554079.0
2024-05-15,40.55,40.59,39.8,40.56,,3742937.0
2024-05-16,40.61,41.75,40.12,40.14,,6355211.0
2024-05-17,40.6,41.11,40.21,40.8,,5199633.0
2024-05-20,41.05,42.06,41.01,41.54,,5553783.0
2024-05-21,41.24,41.7,40.81,40.82,,4063943.0
2024-05-22,40.47,40.96,39.85,40.84,,5188030.0
2024-05-23,41.15,41.74,39.37,39.55,,16515713.0
2024-05-24,39.69,40.47,39.59,39.79,,6920313.0
2024-05-28,40.15,41.32,39.97,40.87,,6194747.0
2024-05-29,40.6,40.7,40.1,40.32,,4903960.0
2024-05-30,40.32,41.18,40.29,40.83,,5073567.0
2024-05-31,40.95,41.32,40.59,40.72,,9975478.0
2024-06-03,41.52,41.7,40.15,40.61,,6901646.0
2024-06-04,40.34,40.47,39.75,40.25,,5297796.0
2024-06-05,40.27,40.83,40.07,40.57,,6537088.0
2024-06-06,40.5,40.75,39.89,40.29,,3578971.0
2024-06-07,39.93,40.44,39.68,40.17,,2879055.0
2024-06-10,40.47,41.2,40.24,40.76,,7348731.0
2024-06-11,40.63,41.04,40.23,40.8,,8933228.0
2024-06-12,41.28,41.4,40.16,40.4,,9574057.0
2024-06-13,40.12,40.46,39.51,39.93,,5369427.0
2024-06-14,39.86,39.91,38.94,38.98,,5897956.0
2024-06-17,38.8,39.12,37.67,38.22,,7236597.0
2024-06-18,38.36,38.53,37.79,37.85,,6687641.0
2024-06-20,37.76,38.29,37.38,37.42,,6158305.0
2024-06-21,37.42,37.5,36.58,36.63,,17253655.0
2024-06-24,36.91,38.21,36.91,38.17,,7641653.0
2024-06-25,37.81,38.25,37.69,38.2,,5830056.0
2024-06-26,38.28,38.32,36.94,37.42,,6202575.0
2024-06-27,37.8,38.07,36.53,36.94,,4984897.0
2024-06-28,37.16,37.28,36.47,36.64,,9817030.0
2024-07-01,36.57,36.75,35.91,36.36,,4633135.0
2024-07-02,36.63,37.09,36.26,36.62,,6241921.0
2024-07-03,36.58,37.29,36.52,36.7,,2643384.0
2024-07-05,36.45,36.69,35.7,35.99,,7089330.0
2024-07-08,36.37,36.57,35.94,36.05,,3571247.0
2024-07-09,35.78,36.33,35.35,36.21,,5905893.0
2024-07-10,36.22,36.38,35.7,36.31,,3776878.0
2024-07-11,36.5,36.92,36.31,36.85,,3456428.0
2024-07-12,37.21,37.22,36.58,36.87,,3692407.0
2024-07-15,36.91,37.05,36.19,36.5,,6411389.0
2024-07-16,36.69,36.69,35.45,35.55,,8664125.0
2024-07-17,35.54,36.45,35.02,35.28,,10959004.0
2024-07-18,35.75,35.91,34.94,35.03,,9161269.0
2024-07-19,34.72,35.59,34.63,35.55,,66340092.0
2024-07-22,35.96,36.34,35.2,35.35,,13474265.0
2024-07-23,35.52,35.54,34.69,34.73,,13451849.0
2024-07-24,35.28,35.95,34.72,34.78,,15384819.0
2024-07-25,34.56,35.15,33.84,34.07,,11098283.0
2024-07-26,33.98,34.29,33.36,34.0,,7690909.0
2024-07-29,34.18,34.29,33.5,33.76,,7386144.0
2024-07-30,33.59,34.54,33.44,34.49,,8323766.0
2024-07-31,34.68,35.03,34.03,34.2,,8432044.0
2024-08-01,34.12,34.21,33.16,33.29,,8194668.0
2024-08-02,32.92,32.93,31.12,31.28,,9078198.0
2024-08-05,30.57,30.61,29.75,29.94,,8526547.0
2024-08-06,30.21,30.91,29.94,30.53,,7245824.0
2024-08-07,31.1,31.54,30.05,30.1,,10023327.0
2024-08-08,30.16,31.06,30.13,30.84,,7107582.0
2024-08-09,30.81,31.29,30.47,30.98,,5845419.0
2024-08-12,31.34,32.2,31.24,32.13,,8768025.0
2024-08-13,31.95,31.97,30.86,31.03,,10566599.0
2024-08-14,31.43,31.63,30.89,31.36,,8678157.0
2024-08-15,30.83,31.74,30.76,31.66,,7319121.0
2024-08-16,31.32,32.25,31.3,32.02,,5089311.0
2024-08-19,32.31,33.77,32.17,33.59,,9237750.0
2024-08-20,33.37,33.48,32.59,33.11,,6502356.0
2024-08-21,33.36,33.46,32.49,32.97,,6830847.0
2024-08-22,32.95,33.35,32.58,32.77,,5904700.0
2024-08-23,32.87,33.53,32.72,33.51,,4549119.0
2024-08-26,33.75,34.02,33.0,33.06,,6432825.0
2024-08-27,32.87,33.0,32.4,32.62,,4042485.0
2024-08-28,32.48,32.51,31.92,32.47,,3454664.0
2024-08-29,32.58,33.53,32.46,33.38,,5088811.0
2024-08-30,33.18,33.53,33.02,33.38,,4609171.0
2024-09-03,32.91,33.08,32.05,32.79,,6376819.0
2024-09-04,32.86,33.62,32.41,32.53,,5379326.0
2024-09-05,32.88,32.97,32.08,32.69,,5155531.0
2024-09-06,32.68,33.07,32.02,32.23,,7131879.0
2024-09-09,32.12,32.52,31.76,31.79,,5876800.0
2024-09-10,32.03,32.25,31.33,31.99,,5504838.0
2024-09-11,32.07,33.02,31.77,32.75,,7822167.0
2024-09-12,32.56,32.95,31.54,32.73,,8351494.0
2024-09-13,33.47,33.77,32.7,33.06,,7092365.0
2024-09-16,33.12,33.67,32.96,33.42,,5492099.0
2024-09-17,33.56,33.77,33.08,33.14,,6247280.0
2024-09-18,33.2,33.63,32.76,33.4,,4495969.0
2024-09-19,34.12,34.84,33.69,34.59,,7468200.0
2024-09-20,34.44,35.01,33.88,34.69,,10596246.0
2024-09-23,34.86,36.22,34.82,35.82,,8604943.0
2024-09-24,35.94,36.23,35.49,35.5,,5984882.0
2024-09-25,35.52,35.68,34.75,35.02,,5574611.0
2024-09-26,34.86,35.55,34.86,35.37,,7221791.0
2024-09-27,36.01,36.97,35.82,36.39,,6441684.0
2024-09-30,36.29,36.99,36.15,36.5,,8664975.0
2024-10-01,36.11,36.59,35.75,36.11,,6610937.0
2024-10-02,36.85,36.91,36.22,36.63,,9145339.0
2024-10-03,36.98,37.64,36.5,37.52,,12309674.0
2024-10-04,37.79,38.01,36.8,36.8,,10143018.0
2024-10-07,36.74,37.21,36.4,37.15,,6957678.0
2024-10-08,36.84,37.09,36.16,36.93,,10857797.0
2024-10-09,36.61,36.92,36.29,36.41,,5347433.0
2024-10-10,36.37,36.59,36.05,36.48,,3970290.0
2024-10-11,36.22,37.41,36.22,37.26,,5047030.0
2024-10-14,36.99,37.05,36.34,36.46,,4483791.0
2024-10-15,35.96,36.86,35.85,36.14,,5318859.0
2024-10-16,36.35,36.72,36.25,36.54,,4304196.0
2024-10-17,36.82,36.94,36.37,36.92,,4594730.0
2024-10-18,36.92,36.94,35.87,36.35,,5360451.0
2024-10-21,36.56,36.64,35.96,36.22,,4495769.0
2024-10-22,36.43,36.43,35.82,35.83,,4663930.0
2024-10-23,35.91,36.16,35.56,36.05,,7354824.0
2024-10-24,36.28,37.04,35.9,36.82,,4559263.0
2024-10-25,37.0,37.62,36.49,37.33,,6633652.0
2024-10-28,36.76,37.34,36.47,37.16,,5027130.0
2024-10-29,37.18,37.46,36.83,37.16,,7254026.0
2024-10-30,37.13,38.68,36.96,38.42,,9989297.0
2024-10-31,38.37,38.55,36.36,36.4,,6555823.0
2024-11-01,36.73,36.81,35.31,35.48,,7274280.0
2024-11-04,35.56,37.13,35.46,36.66,,6788731.0
2024-11-05,36.7,37.85,36.63,37.39,,6392706.0
2024-11-06,38.76,40.81,38.73,40.21,,12582221.0
2024-11-07,40.21,40.75,39.46,40.69,,6239714.0
2024-11-08,40.58,41.58,40.52,41.22,,6873711.0
2024-11-11,42.48,44.06,41.93,43.98,,9569058.0
2024-11-12,43.73,44.28,43.48,43.78,,8423014.0
2024-11-13,43.76,43.94,43.23,43.31,,7714025.0
2024-11-14,43.38,43.61,42.38,42.86,,7217987.0
2024-11-15,42.88,43.44,42.45,42.71,,4711865.0
2024-11-18,42.99,44.62,42.64,44.28,,7274811.0
2024-11-19,43.51,44.33,43.32,44.08,,5675065.0
2024-11-20,44.97,46.86,44.47,46.54,,18788494.0
2024-11-21,47.64,48.02,46.8,46.89,,11367846.0
2024-11-22,46.44,47.02,45.71,45.92,,10015309.0
2024-11-25,47.58,47.92,45.9,45.99,,20758510.0
2024-11-26,45.96,46.19,44.83,45.56,,7663481.0
2024-11-27,45.18,45.87,44.8,45.28,,4702248.0
2024-11-29,45.7,45.93,45.36,45.44,,2469060.0
2024-12-02,45.0,45.33,43.93,44.53,,6497879.0
2024-12-03,44.58,45.1,44.35,44.81,,4868321.0
2024-12-04,44.7,44.81,43.84,44.69,,7524044.0
2024-12-05,45.35,45.54,44.36,44.45,,7874338.0
2024-12-06,44.19,44.51,43.21,43.33,,7158107.0
2024-12-09,43.99,44.2,43.07,43.27,,5774320.0
2024-12-10,43.23,43.82,42.73,43.05,,6095841.0
2024-12-11,43.55,45.9,43.39,45.58,,9615068.0
2024-12-12,45.5,46.31,45.27,45.86,,4701197.0
2024-12-13,45.82,46.12,45.12,45.59,,8514983.0
2024-12-16,45.59,45.82,44.64,44.82,,5326706.0
2024-12-17,44.36,44.59,43.86,44.2,,7058896.0
2024-12-18,44.15,44.37,42.27,42.54,,7449316.0
2024-12-19,43.59,43.73,42.59,42.65,,6921876.0
2024-12-20,42.59,43.64,42.42,42.99,,12909009.0
2024-12-23,43.0,43.99,42.85,43.86,,4813955.0
2024-12-24,44.09,44.76,43.63,44.58,,2013642.0
2024-12-26,44.16,44.64,43.71,44.18,,2712338.0
2024-12-27,44.17,44.98,43.96,44.32,,4508290.0
2024-12-30,46.35,46.76,45.06,46.59,,9723837.0
