time,open,high,low,close,Volume,volume
1999-11-01,11.03,11.42,10.99,11.42,,94578.0
1999-11-02,11.42,11.63,11.35,11.35,,71467.0
1999-11-03,11.36,11.4,11.29,11.36,,45600.0
1999-11-04,11.2,11.2,11.13,11.15,,31230.0
1999-11-05,11.13,11.15,10.96,10.96,,32978.0
1999-11-08,10.94,11.01,10.94,10.94,,6667.0
1999-11-09,10.97,10.97,10.24,10.55,,45985.0
1999-11-10,10.53,10.72,10.49,10.71,,56978.0
1999-11-11,10.74,10.92,10.74,10.85,,24563.0
1999-11-12,10.83,11.22,10.72,11.22,,45363.0
1999-11-15,11.26,11.6,11.26,11.53,,76563.0
1999-11-16,11.58,11.92,11.58,11.85,,87644.0
1999-11-17,11.88,12.22,11.88,12.22,,40267.0
1999-11-18,12.28,13.67,12.28,13.47,,156267.0
1999-11-19,13.4,13.4,12.31,12.38,,124385.0
1999-11-22,12.4,12.4,12.24,12.28,,13244.0
1999-11-23,12.31,12.33,12.01,12.03,,22667.0
1999-11-24,12.04,12.49,12.04,12.28,,64000.0
1999-11-26,12.28,12.28,12.15,12.15,,5630.0
1999-11-29,12.2,12.2,12.04,12.15,,16978.0
1999-11-30,12.15,12.15,12.03,12.13,,16652.0
1999-12-01,12.07,12.08,11.62,11.64,,28267.0
1999-12-02,11.62,12.0,11.32,12.0,,53185.0
1999-12-03,12.05,12.3,12.03,12.14,,36030.0
1999-12-06,12.14,12.53,12.14,12.53,,23852.0
1999-12-07,12.55,12.76,12.55,12.57,,35378.0
1999-12-08,12.57,12.73,12.37,12.58,,18963.0
1999-12-09,12.62,12.73,12.57,12.58,,26400.0
1999-12-10,12.6,12.71,12.6,12.71,,18163.0
1999-12-13,12.69,13.32,12.69,13.3,,66252.0
1999-12-14,13.28,13.58,13.14,13.48,,68385.0
1999-12-15,13.42,13.69,13.39,13.6,,92000.0
1999-12-16,13.6,14.05,13.6,13.87,,56385.0
1999-12-17,14.01,14.42,14.01,14.21,,44444.0
1999-12-20,14.23,14.46,14.1,14.3,,59852.0
1999-12-21,14.28,14.28,13.89,13.96,,23585.0
1999-12-22,13.96,14.53,13.94,14.44,,58044.0
1999-12-23,14.44,15.57,14.42,15.07,,64000.0
1999-12-27,15.03,15.3,14.92,15.3,,32978.0
1999-12-28,15.26,15.89,15.26,15.83,,36978.0
1999-12-29,15.69,15.76,15.42,15.57,,19200.0
1999-12-30,15.57,15.57,15.19,15.19,,10785.0
1999-12-31,15.19,15.19,15.12,15.14,,3230.0
2000-01-03,15.19,15.19,14.91,15.07,,19467.0
2000-01-04,15.01,15.01,14.41,14.42,,30252.0
2000-01-05,14.46,14.55,14.23,14.39,,22163.0
2000-01-06,14.25,14.25,13.69,13.89,,37867.0
2000-01-07,13.75,14.17,13.75,14.17,,31230.0
2000-01-10,14.25,14.78,14.12,14.73,,47230.0
2000-01-11,14.67,15.03,14.51,15.03,,37244.0
2000-01-12,15.08,15.3,14.64,14.67,,23585.0
2000-01-13,14.6,14.75,14.6,14.71,,17185.0
2000-01-14,14.78,15.07,14.78,14.99,,16000.0
2000-01-18,14.89,15.23,14.85,15.21,,27378.0
2000-01-19,15.17,15.64,15.17,15.62,,17244.0
2000-01-20,15.62,15.82,15.46,15.46,,19852.0
2000-01-21,15.39,15.39,14.65,14.69,,66252.0
2000-01-24,14.76,15.05,14.76,14.83,,48030.0
2000-01-25,14.85,14.85,14.3,14.35,,92000.0
2000-01-26,14.33,14.33,13.92,13.98,,39763.0
2000-01-27,13.98,13.98,13.85,13.98,,51052.0
2000-01-28,13.98,14.0,13.68,13.68,,48652.0
2000-01-31,13.64,13.64,13.01,13.07,,24267.0
2000-02-01,13.03,13.5,13.03,13.39,,51378.0
2000-02-02,13.39,13.66,13.28,13.41,,31230.0
2000-02-03,13.44,13.82,13.37,13.37,,32563.0
2000-02-04,13.37,13.37,12.94,13.0,,43763.0
2000-02-07,13.03,13.1,12.98,13.07,,38430.0
2000-02-08,13.08,13.34,13.08,13.3,,29600.0
2000-02-09,13.25,13.28,13.03,13.03,,24800.0
2000-02-10,13.05,13.16,13.0,13.12,,52030.0
2000-02-11,13.12,13.14,12.85,13.14,,52444.0
2000-02-14,13.07,13.16,13.01,13.16,,25452.0
2000-02-15,13.07,13.1,12.91,12.98,,56800.0
2000-02-16,12.91,13.13,12.91,13.02,,29778.0
2000-02-17,13.04,13.06,12.98,13.0,,33778.0
2000-02-18,13.0,13.0,12.77,12.77,,63052.0
2000-02-22,12.73,13.0,12.59,13.0,,54578.0
2000-02-23,13.0,13.13,12.75,13.11,,28800.0
2000-02-24,13.04,13.38,13.04,13.3,,31230.0
2000-02-25,13.25,13.38,13.25,13.3,,10252.0
2000-02-28,13.29,13.32,12.98,13.32,,20030.0
2000-02-29,13.29,13.95,13.29,13.95,,62667.0
2000-03-01,13.95,14.61,13.95,14.45,,113778.0
2000-03-02,14.5,14.75,14.38,14.4,,36000.0
2000-03-03,14.47,14.79,14.4,14.75,,39200.0
2000-03-06,14.7,14.98,14.63,14.9,,86430.0
2000-03-07,14.88,15.13,14.77,14.77,,158044.0
2000-03-08,14.73,14.73,14.48,14.66,,261185.0
2000-03-09,14.64,14.66,14.25,14.27,,31052.0
2000-03-10,14.25,14.25,13.29,13.36,,176030.0
2000-03-13,13.29,13.29,11.29,11.29,,220978.0
2000-03-14,11.27,12.25,10.86,11.91,,235378.0
2000-03-15,11.88,11.95,11.52,11.52,,72267.0
2000-03-16,11.57,12.07,11.57,12.07,,48830.0
2000-03-17,11.93,11.97,11.75,11.91,,24830.0
2000-03-20,11.91,11.91,11.75,11.8,,17363.0
2000-03-21,11.8,11.84,11.72,11.82,,65244.0
2000-03-22,11.79,11.8,11.66,11.7,,18844.0
2000-03-23,11.72,11.72,11.47,11.56,,46430.0
2000-03-24,11.56,11.86,11.53,11.82,,72563.0
2000-03-27,11.88,11.93,11.66,11.66,,15585.0
2000-03-28,11.63,11.63,11.3,11.32,,20178.0
2000-03-29,11.32,11.32,11.07,11.2,,26963.0
2000-03-30,11.13,11.34,11.09,11.29,,33067.0
2000-03-31,11.4,11.4,11.06,11.11,,36385.0
2000-04-03,11.07,11.07,10.88,10.9,,9985.0
2000-04-04,10.91,11.09,10.45,10.5,,36030.0
2000-04-05,10.5,10.77,10.45,10.57,,16563.0
2000-04-06,10.64,11.09,10.63,11.09,,21067.0
2000-04-07,11.13,11.13,10.7,10.7,,17244.0
2000-04-10,10.72,10.95,10.59,10.59,,28178.0
2000-04-11,10.57,10.93,10.57,10.77,,35852.0
2000-04-12,10.73,10.86,10.72,10.79,,21067.0
2000-04-13,10.79,11.13,10.73,11.02,,30578.0
2000-04-14,11.02,11.02,10.75,10.79,,42400.0
2000-04-17,11.07,11.07,10.84,10.86,,23052.0
2000-04-18,10.8,10.9,10.75,10.88,,24000.0
2000-04-19,10.9,11.0,10.88,10.93,,20800.0
2000-04-20,10.95,11.13,10.88,11.13,,31852.0
2000-04-24,11.14,11.29,10.88,10.93,,38252.0
2000-04-25,10.93,11.36,10.93,11.36,,16978.0
2000-04-26,11.64,12.98,11.64,12.29,,166252.0
2000-04-27,12.14,12.77,12.02,12.57,,25778.0
2000-04-28,12.32,12.32,11.68,12.09,,121452.0
2000-05-01,12.11,12.41,12.11,12.32,,16444.0
2000-05-02,12.18,12.25,12.0,12.09,,18163.0
2000-05-03,12.11,12.38,12.02,12.2,,28652.0
2000-05-04,11.97,12.07,11.73,12.07,,51200.0
2000-05-05,12.11,12.29,12.11,12.29,,8385.0
2000-05-08,12.29,12.29,12.09,12.14,,19852.0
2000-05-09,12.14,12.14,11.72,11.77,,23467.0
2000-05-10,11.84,12.13,11.84,12.0,,45452.0
2000-05-11,12.02,12.14,12.02,12.14,,43644.0
2000-05-12,12.16,12.16,11.86,12.09,,27378.0
2000-05-15,12.13,12.14,12.06,12.14,,37867.0
2000-05-16,12.14,12.27,12.04,12.04,,63763.0
2000-05-17,12.0,12.02,11.97,11.98,,23052.0
2000-05-18,12.0,12.0,11.88,11.9,,46044.0
2000-05-19,11.86,12.13,11.86,12.09,,42252.0
2000-05-22,12.01,12.01,11.67,11.9,,28385.0
2000-05-23,11.92,12.15,11.79,12.08,,55200.0
2000-05-24,12.04,12.13,11.9,12.13,,22252.0
2000-05-25,12.13,12.15,12.02,12.06,,26578.0
2000-05-26,12.1,12.1,11.83,11.86,,18400.0
2000-05-30,11.92,11.99,11.72,11.99,,24267.0
2000-05-31,12.02,12.02,11.9,12.01,,17363.0
2000-06-01,12.08,12.22,12.01,12.12,,48444.0
2000-06-02,12.12,12.12,11.9,11.94,,38785.0
2000-06-05,11.9,12.22,11.88,12.22,,103644.0
2000-06-06,12.22,12.36,12.1,12.19,,36000.0
2000-06-07,12.17,12.44,12.17,12.38,,16800.0
2000-06-08,12.38,12.44,12.28,12.4,,21778.0
2000-06-09,12.42,12.58,12.38,12.38,,40267.0
2000-06-12,12.35,12.36,12.19,12.19,,27763.0
2000-06-13,12.2,12.2,12.13,12.17,,27644.0
2000-06-14,12.19,12.26,12.1,12.13,,221452.0
2000-06-15,12.17,12.28,12.01,12.04,,45600.0
2000-06-16,12.08,12.22,11.97,12.2,,32830.0
2000-06-19,12.17,12.22,12.12,12.22,,15644.0
2000-06-20,12.22,12.26,12.17,12.24,,77867.0
2000-06-21,12.24,12.24,12.13,12.22,,15230.0
2000-06-22,12.22,12.22,12.02,12.13,,15644.0
2000-06-23,12.13,12.22,12.13,12.19,,53244.0
2000-06-26,12.26,12.36,12.22,12.36,,47230.0
2000-06-27,12.42,12.58,12.33,12.35,,18667.0
2000-06-28,12.31,12.85,12.22,12.83,,24444.0
2000-06-29,12.78,13.19,12.78,12.94,,35052.0
2000-06-30,12.9,12.92,12.42,12.58,,43052.0
2000-07-03,12.6,12.6,12.52,12.54,,5067.0
2000-07-05,12.51,12.88,12.51,12.88,,13244.0
2000-07-06,12.88,13.33,12.86,12.95,,73630.0
2000-07-07,13.02,13.15,12.95,12.97,,74430.0
2000-07-10,12.95,13.19,12.88,13.15,,39585.0
2000-07-11,13.1,13.1,12.94,12.97,,41363.0
2000-07-12,12.94,13.7,12.94,13.58,,36178.0
2000-07-13,13.58,13.9,13.54,13.69,,58785.0
2000-07-14,13.69,13.81,13.45,13.47,,23585.0
2000-07-17,13.47,13.67,13.44,13.67,,28444.0
2000-07-18,13.63,13.97,13.6,13.95,,18430.0
2000-07-19,13.88,14.12,13.74,13.79,,29244.0
2000-07-20,13.76,13.99,13.69,13.86,,18044.0
2000-07-21,14.01,14.05,13.9,13.99,,60444.0
2000-07-24,13.94,13.94,13.38,13.38,,23585.0
2000-07-25,13.28,13.58,13.28,13.52,,70252.0
2000-07-26,13.45,14.28,13.44,14.28,,70163.0
2000-07-27,14.21,14.62,13.94,14.06,,108830.0
2000-07-28,14.03,14.03,13.24,13.36,,40800.0
2000-07-31,13.49,14.24,13.28,14.24,,76444.0
2000-08-01,14.01,14.19,14.01,14.19,,39644.0
2000-08-02,14.15,14.15,13.83,13.95,,16830.0
2000-08-03,13.95,13.95,13.74,13.83,,8444.0
2000-08-04,13.88,14.01,13.67,14.01,,17452.0
2000-08-07,14.01,14.24,14.01,14.24,,10844.0
2000-08-08,14.06,14.08,14.03,14.03,,10578.0
2000-08-09,14.06,14.06,13.95,13.97,,10163.0
2000-08-10,13.88,13.92,13.81,13.85,,26844.0
2000-08-11,13.81,13.94,13.72,13.9,,13363.0
2000-08-14,13.85,13.86,13.74,13.86,,12563.0
2000-08-15,13.76,13.76,13.52,13.74,,18163.0
2000-08-16,13.74,13.74,13.63,13.67,,31763.0
2000-08-17,13.89,14.0,13.87,14.0,,10667.0
2000-08-18,14.0,14.0,13.92,13.94,,5867.0
2000-08-21,13.94,13.94,13.8,13.87,,8978.0
2000-08-22,13.87,13.92,13.78,13.87,,9600.0
2000-08-23,13.85,13.89,13.55,13.55,,9985.0
2000-08-24,13.37,13.8,12.91,13.8,,66163.0
2000-08-25,13.74,13.87,13.74,13.82,,10044.0
2000-08-28,13.41,13.41,13.08,13.14,,46252.0
2000-08-29,13.14,13.14,12.94,12.94,,29778.0
2000-08-30,12.94,13.14,12.94,13.14,,10785.0
2000-08-31,13.12,13.21,13.08,13.14,,34252.0
2000-09-01,13.1,13.21,13.1,13.1,,25185.0
2000-09-05,13.12,13.12,12.82,12.91,,50963.0
2000-09-06,12.94,13.14,12.91,13.14,,16563.0
2000-09-07,13.1,13.14,13.0,13.14,,15763.0
2000-09-08,13.14,13.21,12.58,12.58,,32267.0
2000-09-11,12.58,12.58,12.23,12.26,,51585.0
2000-09-12,12.23,12.3,11.94,11.98,,60978.0
2000-09-13,11.91,11.98,11.44,11.44,,84563.0
2000-09-14,11.44,11.94,11.39,11.92,,82963.0
2000-09-15,11.89,12.07,11.87,12.07,,53985.0
2000-09-18,12.1,12.24,11.89,12.05,,34044.0
2000-09-19,12.01,12.21,11.96,12.1,,24444.0
2000-09-20,12.14,12.48,12.03,12.31,,45452.0
2000-09-21,12.31,12.33,12.07,12.1,,18785.0
2000-09-22,12.07,12.07,11.76,11.99,,12800.0
2000-09-25,11.96,11.96,11.73,11.73,,11467.0
2000-09-26,11.69,11.83,11.6,11.71,,17363.0
2000-09-27,11.67,11.74,11.48,11.73,,69185.0
2000-09-28,11.67,12.01,11.67,11.99,,15644.0
2000-09-29,11.96,12.21,11.92,12.21,,98400.0
2000-10-02,12.15,12.15,11.53,11.53,,20563.0
2000-10-03,11.46,11.55,11.42,11.44,,81985.0
2000-10-04,11.41,11.53,11.37,11.46,,65363.0
2000-10-05,11.48,11.62,11.39,11.39,,26578.0
2000-10-06,11.42,11.53,11.35,11.53,,99763.0
2000-10-09,11.51,11.55,11.31,11.48,,26963.0
2000-10-10,11.48,11.48,11.15,11.17,,60267.0
2000-10-11,11.21,11.3,11.14,11.23,,28563.0
2000-10-12,11.21,11.26,11.17,11.24,,15763.0
2000-10-13,11.21,11.39,11.17,11.37,,6578.0
2000-10-16,11.3,11.74,11.3,11.69,,42044.0
2000-10-17,11.58,11.58,11.44,11.46,,13600.0
2000-10-18,11.48,11.49,11.46,11.48,,7644.0
2000-10-19,11.48,11.48,11.46,11.48,,5363.0
2000-10-20,11.44,12.07,11.44,12.03,,31644.0
2000-10-23,12.03,12.17,11.81,11.91,,14578.0
2000-10-24,11.87,11.87,11.55,11.57,,22578.0
2000-10-25,11.46,11.46,11.14,11.15,,55230.0
2000-10-26,11.15,11.17,10.92,11.14,,42252.0
2000-10-27,11.14,11.14,10.96,10.98,,11763.0
2000-10-30,10.96,11.08,10.94,11.01,,40800.0
2000-10-31,11.07,12.24,11.07,11.73,,296267.0
2000-11-01,11.74,12.19,11.74,12.12,,63052.0
2000-11-02,12.12,12.31,12.12,12.23,,62400.0
2000-11-03,12.26,13.07,12.26,12.48,,40978.0
2000-11-06,12.46,12.46,12.23,12.23,,58044.0
2000-11-07,12.23,12.26,12.08,12.14,,29363.0
2000-11-08,12.14,12.28,12.06,12.12,,57363.0
2000-11-09,12.07,12.15,11.91,11.99,,27230.0
2000-11-10,11.99,11.99,11.67,11.69,,114252.0
2000-11-13,11.69,11.99,11.69,11.99,,20000.0
2000-11-14,11.98,11.99,11.73,11.73,,21363.0
2000-11-15,11.74,12.21,11.74,12.15,,92385.0
2000-11-16,12.17,12.42,12.15,12.23,,27230.0
2000-11-17,12.24,12.24,12.1,12.21,,8444.0
2000-11-20,12.24,12.24,11.94,11.94,,26667.0
2000-11-21,11.94,12.08,11.89,12.07,,38578.0
2000-11-22,12.07,12.1,11.58,12.01,,14785.0
2000-11-24,11.99,12.1,11.99,12.07,,8030.0
2000-11-27,12.14,12.15,12.12,12.15,,30578.0
2000-11-28,12.15,12.15,11.94,11.98,,24000.0
2000-11-29,12.05,12.26,11.98,12.26,,30044.0
2000-11-30,12.25,12.29,11.91,11.96,,21985.0
2000-12-01,12.0,12.25,12.0,12.05,,13867.0
2000-12-04,12.05,12.18,11.91,12.0,,20563.0
2000-12-05,11.96,12.48,11.96,12.45,,55230.0
2000-12-06,12.43,12.88,12.39,12.79,,42163.0
2000-12-07,12.75,12.82,12.7,12.77,,48652.0
2000-12-08,12.82,12.98,12.7,12.79,,57630.0
2000-12-11,12.73,12.73,12.61,12.68,,48444.0
2000-12-12,12.68,12.72,12.21,12.21,,45867.0
2000-12-13,12.25,12.52,12.23,12.5,,52800.0
2000-12-14,12.46,12.5,12.27,12.3,,85185.0
2000-12-15,12.29,12.54,12.29,12.5,,36830.0
2000-12-18,12.59,12.7,12.45,12.45,,40267.0
2000-12-19,12.45,12.7,12.3,12.3,,109244.0
2000-12-20,12.23,12.25,12.0,12.0,,65867.0
2000-12-21,12.0,12.23,11.87,12.23,,169363.0
2000-12-22,12.25,12.84,12.25,12.84,,62430.0
2000-12-26,12.84,13.47,12.84,13.41,,46163.0
2000-12-27,12.84,13.79,12.84,13.77,,78400.0
2000-12-28,13.77,14.34,13.77,14.13,,62844.0
2000-12-29,14.11,14.59,14.11,14.59,,76267.0
2001-01-02,14.52,14.52,13.79,13.95,,84178.0
2001-01-03,13.73,14.58,13.66,14.58,,313185.0
2001-01-04,14.45,14.47,13.7,13.7,,88563.0
2001-01-05,13.7,13.7,12.96,13.29,,43585.0
2001-01-08,13.27,13.63,13.16,13.63,,43052.0
2001-01-09,13.63,14.07,13.52,13.63,,48800.0
2001-01-10,13.59,13.88,13.5,13.73,,37867.0
2001-01-11,13.59,13.75,13.57,13.61,,32563.0
2001-01-12,13.61,14.06,13.61,13.72,,58252.0
2001-01-16,13.72,13.91,13.65,13.91,,33778.0
2001-01-17,13.99,13.99,13.81,13.81,,21867.0
2001-01-18,13.81,13.89,13.63,13.63,,55052.0
2001-01-19,13.63,13.89,13.54,13.68,,64000.0
2001-01-22,13.68,13.68,13.43,13.43,,34844.0
2001-01-23,13.43,13.57,13.36,13.52,,34163.0
2001-01-24,13.56,13.72,13.54,13.54,,48000.0
2001-01-25,13.54,13.54,13.43,13.45,,16030.0
2001-01-26,14.42,15.81,14.42,15.74,,463467.0
2001-01-29,15.88,17.67,15.74,17.17,,537185.0
2001-01-30,17.17,18.03,16.31,17.02,,298844.0
2001-01-31,17.0,17.12,16.42,16.88,,132800.0
2001-02-01,16.88,16.88,16.35,16.64,,63378.0
2001-02-02,16.64,16.82,16.45,16.46,,56267.0
2001-02-05,16.45,16.77,16.37,16.7,,58667.0
2001-02-06,16.74,17.38,16.74,17.17,,116385.0
2001-02-07,17.12,18.6,17.07,18.32,,151644.0
2001-02-08,18.39,18.76,17.78,18.07,,184830.0
2001-02-09,18.04,18.04,17.28,17.36,,51763.0
2001-02-12,17.31,17.63,17.17,17.48,,59378.0
2001-02-13,17.51,18.24,17.5,17.9,,84978.0
2001-02-14,17.9,18.22,17.6,18.22,,54430.0
2001-02-15,18.2,18.34,17.72,17.9,,65067.0
2001-02-16,17.83,17.99,17.75,17.95,,38044.0
2001-02-20,17.95,17.99,17.63,17.69,,32267.0
2001-02-21,17.57,17.85,17.57,17.68,,26252.0
2001-02-22,17.69,17.69,17.19,17.23,,43467.0
2001-02-23,17.23,17.4,16.99,17.26,,59467.0
2001-02-26,17.26,17.41,17.03,17.03,,48030.0
2001-02-27,17.12,17.72,17.12,17.44,,119852.0
2001-02-28,17.51,17.89,17.51,17.69,,67230.0
2001-03-01,17.69,17.69,17.22,17.42,,96385.0
2001-03-02,17.46,17.6,17.17,17.26,,68030.0
2001-03-05,17.33,17.43,17.08,17.18,,45985.0
2001-03-06,17.4,17.75,17.4,17.67,,76178.0
2001-03-07,17.68,18.03,17.6,17.75,,94844.0
2001-03-08,17.75,17.75,16.8,16.83,,56830.0
2001-03-09,16.6,17.46,16.33,17.3,,124978.0
2001-03-12,17.24,17.24,16.83,16.89,,100267.0
2001-03-13,16.89,17.08,16.39,16.74,,41600.0
2001-03-14,16.74,16.84,16.41,16.66,,131763.0
2001-03-15,16.66,16.94,16.66,16.77,,30430.0
2001-03-16,16.78,16.8,16.49,16.49,,50252.0
2001-03-19,16.37,16.47,16.33,16.46,,45867.0
2001-03-20,16.52,16.82,16.29,16.66,,73244.0
2001-03-21,16.66,16.66,15.79,15.85,,68444.0
2001-03-22,15.85,16.07,15.01,16.01,,97067.0
2001-03-23,16.01,16.74,15.97,16.53,,88978.0
2001-03-26,16.53,17.02,16.37,16.76,,97778.0
2001-03-27,16.72,17.14,16.7,17.13,,75467.0
2001-03-28,17.06,17.46,16.81,17.19,,142578.0
2001-03-29,17.19,17.44,17.06,17.16,,74578.0
2001-03-30,17.16,17.4,16.75,16.75,,96000.0
2001-04-02,16.75,16.97,16.23,16.46,,75378.0
2001-04-03,16.46,16.49,15.89,16.11,,76830.0
2001-04-04,16.1,16.43,16.0,16.38,,68563.0
2001-04-05,16.34,17.17,16.34,17.16,,135852.0
2001-04-06,17.13,17.14,16.76,16.9,,34252.0
2001-04-09,16.94,17.39,16.94,17.06,,67644.0
2001-04-10,17.12,17.17,16.92,16.94,,69630.0
2001-04-11,17.02,17.13,16.7,16.74,,56563.0
2001-04-12,16.77,16.89,16.77,16.84,,24800.0
2001-04-16,16.83,16.86,16.56,16.7,,35200.0
2001-04-17,16.72,16.92,16.69,16.92,,41778.0
2001-04-18,16.94,17.35,16.94,17.07,,77630.0
2001-04-19,17.1,17.67,17.08,17.63,,88385.0
2001-04-20,17.53,17.6,17.0,17.27,,97778.0
2001-04-23,17.32,17.53,17.32,17.35,,58963.0
2001-04-24,17.32,17.53,17.32,17.46,,45244.0
2001-04-25,17.46,18.45,17.46,18.06,,95852.0
2001-04-26,18.06,18.6,18.06,18.56,,64444.0
2001-04-27,19.18,20.22,19.09,19.36,,292444.0
2001-04-30,19.46,20.53,19.46,19.87,,175852.0
2001-05-01,19.87,20.68,19.71,20.35,,109867.0
2001-05-02,20.35,20.75,20.35,20.52,,72652.0
2001-05-03,20.81,21.46,20.81,21.15,,209867.0
2001-05-04,21.12,21.45,21.02,21.17,,107644.0
2001-05-07,21.14,21.18,20.55,20.91,,56178.0
2001-05-08,20.98,21.18,20.87,21.15,,60444.0
2001-05-09,21.18,21.18,20.89,20.97,,54400.0
2001-05-10,20.71,21.33,20.71,21.13,,68444.0
2001-05-11,21.13,21.83,21.13,21.31,,137600.0
2001-05-14,21.31,21.36,21.04,21.18,,98667.0
2001-05-15,21.18,21.18,20.52,20.58,,175230.0
2001-05-16,20.38,20.9,20.18,20.9,,147200.0
2001-05-17,20.9,21.09,20.7,20.83,,68030.0
2001-05-18,20.83,21.01,20.79,20.9,,65600.0
2001-05-21,20.86,21.17,20.86,21.15,,50844.0
2001-05-22,21.22,21.41,21.1,21.25,,69778.0
2001-05-23,21.16,21.2,21.03,21.16,,38963.0
2001-05-24,21.1,21.9,21.1,21.59,,173600.0
2001-05-25,21.59,22.1,21.59,21.93,,90844.0
2001-05-29,22.04,22.2,22.02,22.12,,82667.0
2001-05-30,22.04,22.2,21.93,21.94,,116267.0
2001-05-31,21.87,21.87,21.41,21.47,,92800.0
2001-06-01,21.48,21.76,21.42,21.66,,68000.0
2001-06-04,21.69,22.9,21.68,22.76,,143585.0
2001-06-05,22.87,22.87,22.04,22.67,,166696.0
2001-06-06,22.67,22.72,22.18,22.48,,93467.0
2001-06-07,22.48,22.55,22.03,22.48,,48800.0
2001-06-08,22.49,22.5,22.19,22.4,,41467.0
2001-06-11,22.33,22.67,22.18,22.25,,82000.0
2001-06-12,22.07,22.76,22.07,22.74,,97867.0
2001-06-13,22.76,23.58,22.76,22.99,,126400.0
2001-06-14,22.98,22.98,22.16,22.49,,109778.0
2001-06-15,22.76,24.16,22.7,23.47,,278044.0
2001-06-18,23.47,23.47,23.02,23.02,,86400.0
2001-06-19,22.98,23.4,22.8,22.82,,66844.0
2001-06-20,22.93,23.15,22.44,22.63,,103467.0
2001-06-21,22.64,23.62,22.62,23.35,,127378.0
2001-06-22,23.36,23.36,22.92,22.92,,61067.0
2001-06-25,22.98,24.11,22.95,23.77,,184978.0
2001-06-26,23.78,24.29,23.46,24.09,,109244.0
2001-06-27,24.06,24.89,24.06,24.71,,130000.0
2001-06-28,24.71,26.49,24.7,26.09,,218000.0
2001-06-29,26.26,26.8,26.11,26.55,,211244.0
2001-07-02,26.73,27.04,26.09,26.34,,149600.0
2001-07-03,26.34,26.54,25.92,26.3,,77467.0
2001-07-05,26.41,27.91,26.2,27.7,,334400.0
2001-07-06,27.7,27.7,26.45,27.27,,196578.0
2001-07-09,27.27,27.35,27.06,27.27,,108978.0
2001-07-10,27.38,27.76,27.07,27.24,,78000.0
2001-07-11,27.24,27.88,26.75,27.81,,93600.0
2001-07-12,27.91,28.77,27.91,28.46,,284000.0
2001-07-13,28.6,28.77,27.92,28.5,,163644.0
2001-07-16,28.41,30.02,28.41,29.94,,152178.0
2001-07-17,29.38,29.59,28.58,29.2,,236400.0
2001-07-18,29.2,29.28,28.27,28.36,,284400.0
2001-07-19,28.39,28.43,27.38,27.46,,286978.0
2001-07-20,27.27,27.4,26.84,27.37,,128578.0
2001-07-23,27.48,27.83,27.06,27.22,,328178.0
2001-07-24,27.22,27.31,26.94,27.06,,144000.0
2001-07-25,27.38,27.91,27.15,27.66,,206267.0
2001-07-26,27.66,28.24,26.67,28.11,,244578.0
2001-07-27,27.74,27.75,23.83,25.37,,1203467.0
2001-07-30,25.25,27.11,24.91,26.92,,374800.0
2001-07-31,26.71,26.94,26.26,26.8,,236844.0
2001-08-01,26.69,26.98,25.81,26.81,,160178.0
2001-08-02,26.82,26.84,26.37,26.41,,105378.0
2001-08-03,26.37,26.62,26.15,26.41,,61067.0
2001-08-06,26.41,26.43,25.9,25.9,,63378.0
2001-08-07,25.53,26.17,25.52,26.07,,93644.0
2001-08-08,26.07,26.36,25.78,25.9,,73244.0
2001-08-09,25.9,25.9,25.53,25.55,,87644.0
2001-08-10,25.55,25.62,25.33,25.5,,90400.0
2001-08-13,25.42,25.47,24.95,25.32,,57467.0
2001-08-14,25.34,25.77,25.22,25.66,,82178.0
2001-08-15,25.61,26.09,25.06,25.69,,151467.0
2001-08-16,25.69,26.28,25.64,26.07,,78667.0
2001-08-17,25.98,26.2,25.76,25.97,,56578.0
2001-08-20,26.03,26.63,26.03,26.63,,93778.0
2001-08-21,26.52,27.15,26.52,26.94,,187600.0
2001-08-22,26.94,27.28,26.72,27.06,,212400.0
2001-08-23,27.11,27.66,27.06,27.51,,146400.0
2001-08-24,27.52,27.58,26.84,27.19,,203378.0
2001-08-27,27.19,27.24,26.57,26.63,,102400.0
2001-08-28,26.66,26.98,26.51,26.63,,86044.0
2001-08-29,26.63,26.68,26.21,26.33,,81467.0
2001-08-30,26.33,26.41,25.75,25.91,,82178.0
2001-08-31,26.02,26.42,25.9,26.2,,102667.0
2001-09-04,26.1,26.42,25.5,25.5,,146044.0
2001-09-05,25.5,25.52,24.53,24.66,,234800.0
2001-09-06,24.34,24.7,23.91,23.97,,175867.0
2001-09-07,23.54,23.83,22.66,22.88,,253467.0
2001-09-10,22.3,23.17,22.3,22.76,,119600.0
2001-09-17,21.93,22.98,21.85,22.49,,138667.0
2001-09-18,22.12,22.25,21.67,21.96,,141600.0
2001-09-19,22.34,22.34,21.27,21.63,,167600.0
2001-09-20,21.48,21.48,20.26,20.56,,128178.0
2001-09-21,20.19,20.19,18.62,19.25,,239778.0
2001-09-24,19.89,21.24,19.89,20.6,,251778.0
2001-09-25,20.36,20.53,19.89,20.25,,103467.0
2001-09-26,20.08,20.18,19.77,19.95,,75467.0
2001-09-27,19.85,19.96,18.7,19.93,,146444.0
2001-09-28,19.93,20.56,19.93,20.29,,110400.0
2001-10-01,20.29,20.29,19.05,19.86,,94000.0
2001-10-02,19.33,19.39,17.18,17.36,,464578.0
2001-10-03,17.36,17.36,15.34,16.23,,790267.0
2001-10-04,17.85,17.85,16.05,17.45,,474667.0
2001-10-05,17.18,17.18,16.75,16.97,,175200.0
2001-10-08,16.84,16.84,15.81,16.24,,225867.0
2001-10-09,20.36,20.36,18.92,20.21,,768044.0
2001-10-10,20.21,22.34,20.19,21.48,,505378.0
2001-10-11,21.89,22.57,21.89,22.24,,232400.0
2001-10-12,21.81,21.82,20.99,21.3,,268400.0
2001-10-15,21.41,22.22,20.97,21.49,,126578.0
2001-10-16,21.6,21.95,21.44,21.54,,103067.0
2001-10-17,21.74,21.74,21.4,21.48,,162267.0
2001-10-18,21.48,21.51,20.94,20.94,,61200.0
2001-10-19,20.99,21.49,20.77,21.37,,69067.0
2001-10-22,21.41,21.61,21.16,21.3,,97244.0
2001-10-23,21.38,21.69,21.1,21.54,,102800.0
2001-10-24,22.33,22.33,21.33,22.18,,134667.0
2001-10-25,22.13,22.34,21.91,22.11,,93200.0
2001-10-26,20.62,21.18,20.29,20.6,,517867.0
2001-10-29,20.6,20.99,19.98,20.89,,318444.0
2001-10-30,21.03,21.03,20.62,20.94,,172800.0
2001-10-31,20.95,21.39,20.41,20.43,,210267.0
2001-11-01,20.49,21.16,19.76,20.73,,228444.0
2001-11-02,20.75,21.01,20.62,20.73,,108178.0
2001-11-05,20.62,21.17,20.62,21.12,,60000.0
2001-11-06,20.84,21.25,20.84,21.11,,82267.0
2001-11-07,21.81,21.81,21.11,21.51,,95600.0
2001-11-08,21.48,24.85,21.48,24.06,,642400.0
2001-11-09,23.84,24.44,23.41,23.89,,255200.0
2001-11-12,23.82,24.43,23.7,24.34,,104400.0
2001-11-13,24.81,25.24,24.6,24.92,,184978.0
2001-11-14,24.74,24.79,24.36,24.57,,130667.0
2001-11-15,24.66,25.23,24.6,25.03,,152667.0
2001-11-16,25.03,25.12,24.66,24.96,,73778.0
2001-11-19,24.85,25.03,24.77,24.96,,84978.0
2001-11-20,24.92,24.93,24.66,24.72,,54400.0
2001-11-21,24.68,24.68,23.97,24.18,,92178.0
2001-11-23,24.92,24.92,24.18,24.87,,45644.0
2001-11-26,24.98,25.77,24.42,24.68,,160844.0
2001-11-27,24.64,25.13,24.52,24.83,,102444.0
2001-11-28,24.8,24.8,24.27,24.36,,152978.0
2001-11-29,24.4,25.18,24.28,24.8,,94000.0
2001-11-30,24.8,25.57,24.8,25.41,,139600.0
2001-12-03,25.78,25.78,25.44,25.55,,131200.0
2001-12-04,25.55,25.78,25.33,25.57,,180578.0
2001-12-05,25.61,27.07,25.57,27.0,,289778.0
2001-12-06,26.91,26.91,26.51,26.84,,134578.0
2001-12-07,27.93,27.93,26.64,27.57,,312667.0
2001-12-10,27.5,27.68,27.05,27.2,,161200.0
2001-12-11,27.16,27.6,27.14,27.29,,122578.0
2001-12-12,27.29,27.33,27.03,27.12,,112578.0
2001-12-13,27.14,27.89,26.28,26.28,,207644.0
2001-12-14,26.28,26.99,26.28,26.73,,331200.0
2001-12-17,26.84,27.64,26.8,27.29,,199378.0
2001-12-18,27.37,27.72,26.86,27.42,,228000.0
2001-12-19,27.33,27.45,27.18,27.41,,94844.0
2001-12-20,27.52,27.57,26.64,27.03,,135467.0
2001-12-21,27.03,27.32,26.87,27.22,,217600.0
2001-12-24,27.22,27.33,26.97,27.13,,56667.0
2001-12-26,27.16,27.33,26.91,26.94,,90978.0
2001-12-27,27.05,27.66,26.99,27.55,,164978.0
2001-12-28,27.89,29.33,27.86,27.93,,703378.0
2001-12-31,28.26,28.36,26.43,27.08,,368400.0
2002-01-02,26.78,26.82,25.46,26.62,,260044.0
2002-01-03,24.71,24.71,20.42,20.5,,2222800.0
2002-01-04,21.85,21.85,20.41,21.5,,1607244.0
2002-01-07,21.72,22.67,21.14,21.36,,391200.0
2002-01-08,21.25,21.64,20.43,21.17,,219378.0
2002-01-09,21.17,21.4,19.71,20.78,,259467.0
2002-01-10,21.21,21.27,20.67,21.05,,127244.0
2002-01-11,20.96,20.96,19.77,20.63,,276578.0
2002-01-14,20.2,20.73,20.0,20.61,,373467.0
2002-01-15,20.84,21.16,20.63,20.75,,270800.0
2002-01-16,20.63,21.01,20.37,20.55,,237467.0
2002-01-17,20.61,20.89,19.9,20.62,,221378.0
2002-01-18,20.56,20.84,20.07,20.53,,246844.0
2002-01-22,20.53,20.94,20.2,20.49,,137467.0
2002-01-23,21.42,21.42,20.6,21.08,,397867.0
2002-01-24,21.29,22.17,21.29,21.86,,268978.0
2002-01-25,21.86,21.92,21.36,21.36,,199867.0
2002-01-28,21.74,21.74,21.15,21.27,,237467.0
2002-01-29,21.27,22.47,21.19,22.01,,292000.0
2002-01-30,24.37,24.37,22.88,23.96,,798267.0
2002-01-31,23.95,24.6,23.85,24.54,,305467.0
2002-02-01,25.68,25.68,24.37,25.14,,231867.0
2002-02-04,25.14,25.87,24.92,25.08,,390044.0
2002-02-05,25.08,25.78,25.01,25.61,,186178.0
2002-02-06,25.68,25.96,25.57,25.59,,177200.0
2002-02-07,25.7,25.96,25.63,25.78,,191467.0
2002-02-08,25.78,25.96,25.56,25.93,,158000.0
2002-02-11,25.93,26.49,25.88,26.37,,188044.0
2002-02-12,26.26,26.64,26.24,26.47,,153644.0
2002-02-13,26.43,26.62,26.21,26.41,,162800.0
2002-02-14,26.41,26.48,25.89,26.09,,179244.0
2002-02-15,26.87,26.87,26.06,26.53,,240978.0
2002-02-19,26.42,26.42,25.71,25.72,,131778.0
2002-02-20,25.93,25.93,25.35,25.53,,197244.0
2002-02-21,25.49,25.71,25.36,25.42,,182178.0
2002-02-22,25.41,25.96,25.28,25.77,,134978.0
2002-02-25,25.84,26.22,25.79,26.18,,109778.0
2002-02-26,26.13,26.2,25.69,25.92,,145067.0
2002-02-27,25.92,26.39,25.92,26.21,,236400.0
2002-02-28,26.22,26.37,25.96,26.37,,118800.0
2002-03-01,26.37,27.25,26.31,27.21,,157600.0
2002-03-04,27.32,27.62,27.12,27.48,,122978.0
2002-03-05,27.39,27.9,27.3,27.8,,126978.0
2002-03-06,27.79,28.02,27.25,27.55,,140000.0
2002-03-07,27.53,27.53,26.97,27.43,,129244.0
2002-03-08,27.51,28.37,27.51,28.15,,142667.0
2002-03-11,28.14,28.14,27.53,27.83,,74844.0
2002-03-12,28.14,28.14,27.58,27.77,,53867.0
2002-03-13,27.81,27.81,27.43,27.47,,136044.0
2002-03-14,27.73,27.73,27.36,27.73,,36400.0
2002-03-15,27.4,28.16,27.4,28.16,,87644.0
2002-03-18,28.26,28.35,27.97,28.07,,63600.0
2002-03-19,28.07,28.11,27.69,27.83,,102578.0
2002-03-20,27.77,27.81,27.34,27.51,,163378.0
2002-03-21,27.5,27.5,27.21,27.47,,101867.0
2002-03-22,27.47,28.01,27.43,27.47,,129600.0
2002-03-25,27.25,27.36,27.09,27.23,,156000.0
2002-03-26,27.21,27.22,27.02,27.19,,117600.0
2002-03-27,27.51,27.51,26.99,27.13,,92000.0
2002-03-28,27.08,27.38,27.06,27.25,,102000.0
2002-04-01,27.34,27.34,27.09,27.25,,93644.0
2002-04-02,27.08,27.08,26.78,26.87,,158178.0
2002-04-03,26.78,26.93,26.3,26.3,,210800.0
2002-04-04,25.79,26.14,25.57,26.02,,128400.0
2002-04-05,25.92,26.81,25.92,26.71,,90978.0
2002-04-08,26.5,27.36,26.45,27.15,,118444.0
2002-04-09,27.36,27.7,26.97,27.07,,149200.0
2002-04-10,27.08,27.33,26.91,27.33,,127378.0
2002-04-11,27.37,27.59,27.23,27.25,,108578.0
2002-04-12,27.25,27.62,27.15,27.62,,164400.0
2002-04-15,27.62,27.73,26.91,26.96,,73778.0
2002-04-16,27.0,27.28,26.78,27.28,,209778.0
2002-04-17,27.38,27.48,27.25,27.25,,58978.0
2002-04-18,27.25,27.5,27.04,27.5,,36267.0
2002-04-19,27.51,27.51,27.2,27.31,,62444.0
2002-04-22,27.4,27.4,26.94,27.04,,36444.0
2002-04-23,27.07,27.19,26.76,26.86,,87067.0
2002-04-24,27.64,28.06,27.02,27.5,,284844.0
2002-04-25,27.4,28.48,27.36,28.37,,101244.0
2002-04-26,28.29,28.59,27.53,27.55,,213778.0
2002-04-29,25.79,26.09,24.72,24.72,,1838978.0
2002-04-30,23.43,24.49,23.39,23.96,,662844.0
2002-05-01,24.03,24.36,23.47,23.99,,628444.0
2002-05-02,24.12,25.26,24.07,24.93,,792178.0
2002-05-03,24.85,25.66,24.46,25.49,,517644.0
2002-05-06,25.41,25.41,24.6,24.86,,506578.0
2002-05-07,24.91,24.91,24.21,24.22,,446844.0
2002-05-08,24.29,24.93,24.2,24.76,,620578.0
2002-05-09,24.74,24.76,24.49,24.55,,656578.0
2002-05-10,24.55,24.61,24.27,24.45,,541467.0
2002-05-13,24.44,24.93,24.38,24.85,,183067.0
2002-05-14,25.0,25.69,24.91,25.62,,332000.0
2002-05-15,25.62,26.19,25.56,25.81,,654844.0
2002-05-16,25.75,25.96,25.17,25.19,,272267.0
2002-05-17,25.17,25.58,24.89,25.58,,263600.0
2002-05-20,25.48,25.49,25.2,25.3,,171244.0
2002-05-21,25.3,25.36,24.95,24.98,,317200.0
2002-05-22,24.98,25.13,24.85,24.87,,256044.0
2002-05-23,24.87,25.75,24.86,25.7,,319244.0
2002-05-24,25.66,25.67,25.11,25.11,,212667.0
2002-05-28,25.12,25.56,25.08,25.56,,247644.0
2002-05-29,25.51,25.51,25.0,25.04,,163200.0
2002-05-30,24.93,25.36,24.77,25.36,,283644.0
2002-05-31,25.3,25.58,25.19,25.19,,191778.0
2002-06-03,25.15,25.28,24.8,24.8,,248844.0
2002-06-04,24.65,25.32,24.65,25.26,,298000.0
2002-06-05,25.26,25.62,25.1,25.47,,360578.0
2002-06-06,25.53,25.53,24.25,24.63,,265244.0
2002-06-07,24.54,25.21,24.25,24.98,,233067.0
2002-06-10,24.95,25.24,23.78,24.02,,427867.0
2002-06-11,24.03,24.18,23.26,23.59,,683200.0
2002-06-12,23.43,23.43,22.5,23.23,,420867.0
2002-06-13,23.24,23.62,22.52,22.58,,480467.0
2002-06-14,22.58,23.97,22.32,23.39,,367200.0
2002-06-17,23.48,24.1,23.48,23.85,,301467.0
2002-06-18,23.87,24.25,23.54,23.67,,247867.0
2002-06-19,23.61,23.92,23.41,23.41,,246600.0
2002-06-20,23.42,23.61,22.9,22.97,,306267.0
2002-06-21,23.03,23.12,22.78,22.87,,343867.0
2002-06-24,22.84,23.42,22.48,23.1,,345000.0
2002-06-25,23.03,23.03,22.1,22.36,,394000.0
2002-06-26,22.19,22.26,21.65,22.04,,574667.0
2002-06-27,22.05,22.1,20.97,21.41,,745467.0
2002-06-28,21.71,21.82,21.17,21.21,,1454000.0
2002-07-01,21.29,21.67,20.1,20.32,,541600.0
2002-07-02,20.32,20.47,19.54,19.56,,833267.0
2002-07-03,19.56,21.13,19.1,21.13,,743467.0
2002-07-05,21.29,21.49,21.07,21.49,,184000.0
2002-07-08,21.48,21.71,20.87,20.88,,398067.0
2002-07-09,20.75,20.75,19.93,20.03,,321600.0
2002-07-10,20.03,20.12,19.52,19.57,,601867.0
2002-07-11,19.52,19.97,19.1,19.68,,525467.0
2002-07-12,20.77,20.9,20.39,20.65,,612000.0
2002-07-15,20.65,20.71,20.0,20.28,,465267.0
2002-07-16,20.15,20.52,19.87,20.39,,353000.0
2002-07-17,20.65,20.77,20.03,20.41,,277600.0
2002-07-18,20.58,20.58,18.94,19.02,,1351400.0
2002-07-19,19.36,20.84,19.36,20.0,,1187267.0
2002-07-22,20.0,20.41,19.81,19.99,,434000.0
2002-07-23,19.99,20.19,19.37,19.37,,314000.0
2002-07-24,18.87,20.72,18.81,20.72,,331800.0
2002-07-25,20.72,21.89,20.64,21.07,,474467.0
2002-07-26,21.23,21.48,21.03,21.33,,216267.0
2002-07-29,21.61,22.78,21.58,22.72,,365267.0
2002-07-30,22.87,23.6,22.52,23.19,,654267.0
2002-07-31,23.19,23.19,22.39,23.0,,184200.0
2002-08-01,23.0,23.07,22.05,22.09,,293000.0
2002-08-02,21.94,21.94,21.1,21.11,,221400.0
2002-08-05,20.97,21.48,19.36,19.74,,648400.0
2002-08-06,19.76,21.1,19.76,20.17,,427867.0
2002-08-07,20.48,20.96,19.68,20.67,,465467.0
2002-08-08,20.68,22.2,20.68,22.12,,393867.0
2002-08-09,22.12,22.97,22.12,22.83,,601400.0
2002-08-12,22.65,24.13,22.52,23.43,,639067.0
2002-08-13,23.43,24.83,23.43,24.02,,636067.0
2002-08-14,24.02,24.52,23.71,24.52,,509667.0
2002-08-15,24.61,24.78,24.07,24.25,,404200.0
2002-08-16,24.26,24.68,23.94,24.52,,350400.0
2002-08-19,24.36,24.53,23.69,23.88,,460067.0
2002-08-20,23.88,24.18,23.78,23.95,,252667.0
2002-08-21,23.95,24.08,23.8,24.03,,143400.0
2002-08-22,24.34,25.54,24.27,25.43,,453600.0
2002-08-23,25.27,25.27,24.27,24.52,,370400.0
2002-08-26,24.47,24.47,23.34,24.01,,335067.0
2002-08-27,23.95,24.03,23.08,23.3,,279800.0
2002-08-28,23.3,23.3,22.36,22.92,,327267.0
2002-08-29,22.82,22.92,22.28,22.92,,289467.0
2002-08-30,22.76,23.37,22.7,22.88,,113867.0
2002-09-03,22.88,23.08,22.13,22.31,,152600.0
2002-09-04,22.31,23.37,22.04,23.25,,238467.0
2002-09-05,23.14,23.16,22.54,22.59,,256867.0
2002-09-06,22.82,23.3,22.72,23.3,,159200.0
2002-09-09,23.24,23.56,23.05,23.43,,264467.0
2002-09-10,23.56,24.23,23.56,24.2,,328067.0
2002-09-11,24.34,24.47,22.88,23.06,,429867.0
2002-09-12,22.92,22.92,22.53,22.63,,407867.0
2002-09-13,22.67,22.97,22.6,22.97,,259800.0
2002-09-16,22.97,22.97,22.47,22.6,,295000.0
2002-09-17,22.53,22.69,22.4,22.59,,160600.0
2002-09-18,22.59,22.59,21.72,22.21,,335867.0
2002-09-19,22.11,22.65,21.86,21.99,,441600.0
2002-09-20,21.99,22.21,21.82,21.95,,310467.0
2002-09-23,21.79,21.92,21.21,21.45,,130800.0
2002-09-24,21.45,21.45,20.42,20.72,,286000.0
2002-09-25,21.04,21.11,20.53,20.83,,367600.0
2002-09-26,20.92,21.24,20.73,21.17,,193067.0
2002-09-27,21.17,21.43,20.98,21.11,,261600.0
2002-09-30,21.11,21.21,20.59,21.11,,374467.0
2002-10-01,21.11,21.4,20.64,21.33,,310067.0
2002-10-02,21.33,21.56,21.04,21.04,,332667.0
2002-10-03,20.98,21.26,20.33,20.56,,236067.0
2002-10-04,20.66,20.66,19.37,19.66,,418000.0
2002-10-07,19.43,19.58,19.24,19.46,,341600.0
2002-10-08,19.53,19.62,18.98,19.5,,328667.0
2002-10-09,19.5,19.65,19.33,19.53,,204467.0
2002-10-10,19.5,19.5,19.2,19.37,,644867.0
2002-10-11,19.53,19.64,19.24,19.24,,809667.0
2002-10-14,19.56,19.91,19.35,19.79,,521667.0
2002-10-15,20.01,21.01,20.01,20.87,,793467.0
2002-10-16,20.8,20.82,20.33,20.4,,444667.0
2002-10-17,20.59,22.43,20.59,22.14,,444600.0
2002-10-18,22.14,22.26,21.63,21.97,,328667.0
2002-10-21,21.95,22.9,21.62,22.83,,218067.0
2002-10-22,22.83,23.08,21.97,22.21,,223067.0
2002-10-23,22.21,23.03,22.11,23.02,,233467.0
2002-10-24,23.08,23.08,22.59,22.6,,157667.0
2002-10-25,22.63,23.3,22.49,23.26,,212267.0
2002-10-28,23.5,23.79,23.27,23.31,,266400.0
2002-10-29,23.37,23.4,22.5,22.96,,146467.0
2002-10-30,22.98,23.82,22.92,23.24,,188867.0
2002-10-31,23.56,24.92,23.47,24.83,,631067.0
2002-11-01,24.89,25.56,23.81,25.56,,515800.0
2002-11-04,25.24,25.63,24.27,24.87,,863667.0
2002-11-05,25.11,25.14,24.11,24.82,,381867.0
2002-11-06,24.83,25.29,24.83,25.16,,322067.0
2002-11-07,25.11,25.12,24.63,24.79,,189400.0
2002-11-08,24.72,24.9,24.5,24.55,,252200.0
2002-11-11,24.47,24.47,23.9,24.16,,254800.0
2002-11-12,24.21,24.69,23.92,24.08,,334600.0
2002-11-13,24.11,24.65,24.02,24.38,,329467.0
2002-11-14,24.53,25.01,24.53,24.76,,194000.0
2002-11-15,24.76,25.17,24.43,25.16,,328400.0
2002-11-18,25.17,25.5,25.01,25.21,,271067.0
2002-11-19,25.21,25.76,25.21,25.57,,284067.0
2002-11-20,25.5,25.89,25.5,25.85,,381400.0
2002-11-21,25.82,27.29,25.78,26.98,,859200.0
2002-11-22,26.82,27.21,26.6,27.04,,549800.0
2002-11-25,27.11,28.08,27.1,28.08,,464600.0
2002-11-26,27.92,28.15,27.57,27.57,,558600.0
2002-11-27,27.62,28.67,27.6,28.05,,504267.0
2002-11-29,28.14,28.29,27.9,28.29,,137600.0
2002-12-02,28.45,28.64,27.9,28.09,,286800.0
2002-12-03,27.96,27.97,27.32,27.71,,303400.0
2002-12-04,27.58,27.73,26.81,26.87,,1081400.0
2002-12-05,26.93,27.19,26.16,27.06,,617800.0
2002-12-06,27.06,27.61,26.73,26.88,,387600.0
2002-12-09,26.79,26.87,26.22,26.22,,250467.0
2002-12-10,26.23,26.98,26.18,26.93,,406000.0
2002-12-11,26.93,27.17,26.16,26.36,,433200.0
2002-12-12,26.29,27.2,26.29,27.12,,414200.0
2002-12-13,26.96,27.11,26.67,26.74,,318800.0
2002-12-16,26.61,27.07,26.61,26.9,,297267.0
2002-12-17,26.87,27.0,26.54,26.64,,182867.0
2002-12-18,26.64,26.64,26.03,26.03,,224400.0
2002-12-19,25.96,26.32,25.69,25.79,,326267.0
2002-12-20,25.9,26.26,25.88,26.09,,269867.0
2002-12-23,26.09,26.71,25.9,26.48,,235867.0
2002-12-24,26.41,26.48,26.38,26.45,,88667.0
2002-12-26,26.48,27.45,26.41,27.32,,212467.0
2002-12-27,27.22,27.36,26.87,26.98,,201200.0
2002-12-30,26.98,27.45,26.77,27.26,,275800.0
2002-12-31,27.26,27.94,27.23,27.58,,469667.0
2003-01-02,27.58,27.6,27.12,27.45,,324067.0
2003-01-03,27.45,27.8,27.42,27.8,,256467.0
2003-01-06,27.64,28.0,27.5,27.93,,387000.0
2003-01-07,27.93,28.35,27.8,28.07,,331200.0
2003-01-08,28.08,28.1,27.84,28.0,,230267.0
2003-01-09,28.0,29.15,28.0,28.95,,437000.0
2003-01-10,28.87,29.92,28.8,29.19,,501467.0
2003-01-13,29.45,29.48,29.04,29.06,,512200.0
2003-01-14,29.13,29.18,28.82,29.06,,272000.0
2003-01-15,28.93,29.11,28.81,28.82,,249267.0
2003-01-16,28.83,29.06,28.33,28.49,,470467.0
2003-01-17,28.49,28.49,27.96,28.08,,246267.0
2003-01-21,28.08,28.18,27.64,27.64,,331467.0
2003-01-22,27.64,29.39,27.29,29.39,,962800.0
2003-01-23,29.87,30.63,29.69,30.61,,1238000.0
2003-01-24,30.62,30.62,30.04,30.45,,448000.0
2003-01-27,30.19,30.83,30.19,30.68,,709267.0
2003-01-28,30.68,31.39,30.43,31.26,,818200.0
2003-01-29,30.68,31.39,30.43,31.26,,907000.0
2003-01-30,31.52,31.65,31.1,31.1,,672467.0
2003-01-31,31.03,32.13,31.03,32.13,,592867.0
2003-02-03,32.12,32.42,31.42,31.45,,769800.0
2003-02-04,31.45,31.63,30.94,31.27,,690800.0
2003-02-05,31.39,31.92,31.27,31.55,,565600.0
2003-02-06,31.45,31.55,31.01,31.16,,521200.0
2003-02-07,31.16,31.65,31.11,31.21,,573667.0
2003-02-10,31.21,31.32,30.92,31.25,,523400.0
2003-02-11,31.0,31.5,31.0,31.3,,464600.0
2003-02-12,31.19,31.26,30.12,30.24,,1172200.0
2003-02-13,30.25,30.48,29.38,29.64,,922467.0
2003-02-14,29.65,30.19,29.65,30.19,,541400.0
2003-02-18,30.24,30.95,30.24,30.72,,443200.0
2003-02-19,30.63,30.63,30.3,30.46,,308600.0
2003-02-20,30.46,30.52,30.26,30.38,,347867.0
2003-02-21,30.37,31.5,30.37,31.33,,459267.0
2003-02-24,31.33,31.33,30.37,30.37,,339400.0
2003-02-25,30.21,30.83,30.07,30.75,,363800.0
2003-02-26,30.75,31.28,30.72,30.72,,357667.0
2003-02-27,30.73,30.99,30.69,30.95,,315667.0
2003-02-28,31.01,31.76,31.01,31.56,,503467.0
2003-03-03,32.24,32.34,31.62,31.63,,561667.0
2003-03-04,31.63,31.63,30.85,30.86,,275000.0
2003-03-05,30.86,31.05,30.46,30.74,,281200.0
2003-03-06,30.69,30.71,30.13,30.3,,249067.0
2003-03-07,30.14,30.27,29.9,30.26,,281000.0
2003-03-10,29.88,29.98,29.07,29.11,,364000.0
2003-03-11,29.11,29.27,28.34,28.36,,455467.0
2003-03-12,28.2,28.79,27.88,28.79,,699600.0
2003-03-13,29.07,30.08,29.01,30.02,,535400.0
2003-03-14,30.37,30.46,29.25,29.57,,579867.0
2003-03-17,29.58,30.21,29.35,30.04,,499067.0
2003-03-18,30.05,30.53,29.98,30.44,,356667.0
2003-03-19,30.44,30.44,29.91,30.08,,177667.0
2003-03-20,30.04,30.58,29.61,30.24,,368267.0
2003-03-21,30.27,30.95,30.22,30.61,,462600.0
2003-03-24,30.37,30.5,30.09,30.17,,192467.0
2003-03-25,30.94,31.19,30.61,31.05,,660400.0
2003-03-26,30.85,31.47,30.72,31.14,,557200.0
2003-03-27,31.01,31.45,30.64,31.15,,211267.0
2003-03-28,31.34,32.74,31.34,32.53,,2891867.0
2003-03-31,32.31,33.18,32.22,32.84,,1542667.0
2003-04-01,32.95,33.15,32.34,32.63,,875467.0
2003-04-02,32.89,33.76,32.89,33.52,,752400.0
2003-04-03,33.66,33.66,33.15,33.27,,319600.0
2003-04-04,33.21,33.33,32.74,32.92,,345000.0
2003-04-07,33.34,33.79,33.19,33.47,,586067.0
2003-04-08,33.47,33.47,32.12,32.31,,650067.0
2003-04-09,32.31,32.56,31.74,31.75,,533867.0
2003-04-10,31.75,32.31,31.68,32.31,,541400.0
2003-04-11,32.49,32.71,32.05,32.27,,265867.0
2003-04-14,32.14,32.73,31.96,32.73,,293467.0
2003-04-15,32.78,33.13,32.6,32.91,,357267.0
2003-04-16,32.95,33.11,32.41,32.47,,261467.0
2003-04-17,32.47,33.27,32.47,33.27,,279267.0
2003-04-21,33.27,33.27,32.98,33.26,,214400.0
2003-04-22,33.26,33.33,32.94,33.24,,244200.0
2003-04-23,33.21,33.92,33.21,33.6,,250400.0
2003-04-24,33.82,34.44,33.82,34.15,,787200.0
2003-04-25,34.24,34.24,33.6,33.6,,325467.0
2003-04-28,32.95,33.88,32.9,33.37,,662667.0
2003-04-29,33.24,33.73,33.08,33.68,,420867.0
2003-04-30,33.53,33.78,33.21,33.65,,252800.0
2003-05-01,33.4,33.92,32.63,33.53,,674400.0
2003-05-02,33.6,34.35,33.42,34.29,,264467.0
2003-05-05,34.37,34.7,34.19,34.38,,381267.0
2003-05-06,34.28,34.87,34.28,34.62,,341600.0
2003-05-07,34.62,34.66,34.0,34.24,,376267.0
2003-05-08,34.11,34.12,33.34,33.49,,496200.0
2003-05-09,33.6,34.08,33.46,33.89,,168800.0
2003-05-12,33.87,33.93,33.61,33.74,,384000.0
2003-05-13,33.64,34.42,33.61,34.41,,336600.0
2003-05-14,34.52,34.9,34.33,34.81,,434800.0
2003-05-15,35.08,35.22,34.69,35.1,,272200.0
2003-05-16,35.19,35.63,34.98,35.17,,328200.0
2003-05-19,35.17,35.23,34.48,34.49,,438667.0
2003-05-20,34.64,34.64,34.25,34.29,,349200.0
2003-05-21,34.26,34.83,34.12,34.49,,203800.0
2003-05-22,34.58,34.83,34.47,34.72,,249800.0
2003-05-23,34.72,34.72,34.35,34.46,,258600.0
2003-05-27,34.26,35.42,34.26,35.29,,288267.0
2003-05-28,35.26,35.28,34.96,35.01,,174267.0
2003-05-29,34.87,35.54,34.84,35.39,,273200.0
2003-05-30,35.42,36.1,35.41,36.03,,428267.0
2003-06-02,36.68,36.68,35.85,35.87,,555600.0
2003-06-03,35.68,35.76,35.39,35.49,,319800.0
2003-06-04,35.5,35.5,33.68,34.94,,1089667.0
2003-06-05,34.58,35.27,34.26,34.44,,560667.0
2003-06-06,34.59,34.72,33.93,34.1,,451400.0
2003-06-09,34.0,34.06,33.75,33.8,,242600.0
2003-06-10,33.8,34.99,33.8,34.75,,345267.0
2003-06-11,34.84,35.23,34.55,35.05,,176867.0
2003-06-12,35.16,35.45,34.9,35.03,,160867.0
2003-06-13,35.03,35.27,34.9,34.95,,298867.0
2003-06-16,35.06,35.1,34.31,34.58,,589067.0
2003-06-17,34.64,34.64,33.26,33.37,,973867.0
2003-06-18,33.37,33.97,32.76,33.97,,856267.0
2003-06-19,33.97,34.07,33.49,33.79,,397667.0
2003-06-20,33.79,33.79,33.22,33.74,,441467.0
2003-06-23,33.71,33.71,32.87,33.02,,244867.0
2003-06-24,33.02,33.22,32.58,32.8,,298200.0
2003-06-25,32.8,33.24,32.8,33.09,,268200.0
2003-06-26,32.93,33.09,32.67,32.72,,336267.0
2003-06-27,32.8,32.96,32.58,32.84,,385867.0
2003-06-30,32.93,33.8,32.93,33.25,,466867.0
2003-07-01,33.16,33.74,32.96,33.61,,320267.0
2003-07-02,33.55,33.93,33.31,33.86,,321867.0
2003-07-03,33.74,34.0,33.42,33.42,,133400.0
2003-07-07,33.55,34.08,33.48,33.48,,316867.0
2003-07-08,33.38,34.19,33.16,33.8,,390000.0
2003-07-09,34.26,35.09,34.16,34.81,,535200.0
2003-07-10,34.71,34.72,34.08,34.23,,311667.0
2003-07-11,34.31,34.63,34.19,34.24,,349200.0
2003-07-14,34.68,34.9,34.31,34.61,,415467.0
2003-07-15,34.68,34.83,33.86,34.14,,204200.0
2003-07-16,34.42,34.48,33.87,34.11,,344867.0
2003-07-17,33.61,33.8,32.74,32.8,,1029867.0
2003-07-18,32.8,33.19,32.8,32.94,,261267.0
2003-07-21,32.83,32.83,31.79,31.87,,460000.0
2003-07-22,32.12,32.6,31.37,32.25,,374267.0
2003-07-23,32.22,32.57,31.83,32.51,,235800.0
2003-07-24,34.26,36.69,34.11,35.82,,2753467.0
2003-07-25,35.74,37.14,35.48,36.92,,735800.0
2003-07-28,36.62,37.65,36.51,37.39,,614067.0
2003-07-29,37.29,37.45,37.22,37.32,,292600.0
2003-07-30,37.88,38.1,37.74,38.04,,680667.0
2003-07-31,36.52,37.36,34.9,34.93,,2988200.0
2003-08-01,34.84,36.13,34.84,35.55,,3986667.0
2003-08-04,35.48,35.87,35.42,35.48,,939400.0
2003-08-05,35.99,36.23,35.69,35.87,,1291400.0
2003-08-06,35.81,36.33,35.78,36.13,,899000.0
2003-08-07,35.97,36.36,35.89,36.07,,924667.0
2003-08-08,36.23,36.39,35.89,36.0,,302600.0
2003-08-11,36.0,36.16,35.59,35.78,,385000.0
2003-08-12,35.94,36.61,35.79,36.51,,541200.0
2003-08-13,36.57,36.84,36.37,36.6,,219867.0
2003-08-14,36.6,36.84,36.29,36.55,,248000.0
2003-08-15,36.52,36.61,36.45,36.56,,109600.0
2003-08-18,36.62,36.84,36.58,36.77,,259000.0
2003-08-19,36.77,36.9,36.43,36.85,,624267.0
2003-08-20,36.69,37.18,36.55,37.13,,444067.0
2003-08-21,37.13,37.56,37.04,37.41,,409267.0
2003-08-22,37.6,37.61,37.04,37.17,,264667.0
2003-08-25,37.18,37.18,36.45,36.49,,327267.0
2003-08-26,36.36,36.36,35.42,36.09,,514600.0
2003-08-27,36.2,36.53,36.13,36.47,,228867.0
2003-08-28,36.56,37.75,36.54,37.7,,505000.0
2003-08-29,37.76,38.01,37.61,37.89,,217800.0
2003-09-02,38.05,38.22,37.84,38.16,,231000.0
2003-09-03,38.16,38.98,38.11,38.78,,707067.0
2003-09-04,38.79,39.31,38.59,38.96,,585200.0
2003-09-05,38.83,38.92,38.67,38.79,,607267.0
2003-09-08,38.86,39.22,38.65,39.21,,473400.0
2003-09-09,39.21,40.02,38.74,39.41,,730800.0
2003-09-10,39.25,39.3,38.41,38.55,,529067.0
2003-09-11,38.47,38.57,37.75,37.94,,382000.0
2003-09-12,37.82,38.41,37.7,38.17,,261400.0
2003-09-15,38.24,38.76,38.19,38.26,,299800.0
2003-09-16,38.26,38.83,38.26,38.79,,293467.0
2003-09-17,38.86,38.89,37.74,37.95,,1005400.0
2003-09-18,38.05,38.46,38.03,38.28,,247667.0
2003-09-19,38.37,38.79,38.3,38.74,,430600.0
2003-09-22,38.63,38.99,38.52,38.99,,372600.0
2003-09-23,38.96,39.18,38.76,39.06,,335267.0
2003-09-24,38.99,39.1,38.41,38.41,,250200.0
2003-09-25,38.47,38.57,37.87,38.12,,268267.0
2003-09-26,38.12,38.56,37.55,37.6,,451400.0
2003-09-29,37.89,38.24,37.7,37.96,,278400.0
2003-09-30,38.02,38.5,37.66,38.12,,375667.0
2003-10-01,38.18,38.31,38.12,38.28,,278867.0
2003-10-02,38.28,38.69,38.2,38.62,,231200.0
2003-10-03,38.79,38.96,38.34,38.5,,510800.0
2003-10-06,38.6,38.81,38.6,38.79,,285600.0
2003-10-07,38.79,39.44,38.68,39.44,,506467.0
2003-10-08,39.38,39.6,38.99,39.04,,334667.0
2003-10-09,39.28,39.7,39.21,39.61,,346067.0
2003-10-10,39.99,40.19,39.62,40.09,,382667.0
2003-10-13,40.41,40.73,40.31,40.35,,270400.0
2003-10-14,40.25,40.73,39.96,40.45,,445000.0
2003-10-15,40.58,40.6,40.26,40.28,,498000.0
2003-10-16,40.28,40.41,39.89,40.23,,347400.0
2003-10-17,40.17,40.21,39.41,39.49,,509400.0
2003-10-20,39.6,39.82,39.47,39.76,,525067.0
2003-10-21,39.89,40.15,39.74,39.88,,354400.0
2003-10-22,39.87,39.93,39.62,39.83,,300667.0
2003-10-23,39.68,39.84,39.43,39.76,,318600.0
2003-10-24,39.6,39.72,39.31,39.59,,195600.0
2003-10-27,39.44,40.08,39.44,39.75,,158600.0
2003-10-28,39.83,40.7,39.8,40.67,,290267.0
2003-10-29,40.68,41.26,40.41,41.26,,418267.0
2003-10-30,41.61,41.82,40.95,41.04,,243067.0
2003-10-31,41.17,41.62,41.1,41.24,,438400.0
2003-11-03,41.38,41.64,37.5,41.37,,458800.0
2003-11-04,36.42,37.7,34.31,36.52,,10016800.0
2003-11-05,35.95,36.5,35.63,36.17,,1385400.0
2003-11-06,36.21,36.21,35.17,35.52,,855267.0
2003-11-07,35.5,35.66,34.61,34.75,,902800.0
2003-11-10,34.62,35.01,34.27,34.27,,527800.0
2003-11-11,34.3,34.52,34.04,34.27,,596000.0
2003-11-12,34.2,35.25,34.12,35.23,,634867.0
2003-11-13,35.37,35.66,35.14,35.57,,498600.0
2003-11-14,35.58,35.85,34.93,34.94,,362867.0
2003-11-17,34.94,35.05,34.26,34.43,,383400.0
2003-11-18,34.92,35.43,33.69,33.82,,720067.0
2003-11-19,33.72,33.98,33.17,33.62,,688800.0
2003-11-20,33.73,33.99,33.56,33.63,,717600.0
2003-11-21,33.55,34.16,33.49,33.62,,584000.0
2003-11-24,33.72,34.18,33.72,34.0,,438000.0
2003-11-25,34.2,34.39,34.03,34.04,,476667.0
2003-11-26,35.32,36.12,35.26,35.74,,1134067.0
2003-11-28,36.06,36.06,35.53,35.68,,172400.0
2003-12-01,35.57,35.87,35.51,35.79,,445467.0
2003-12-02,35.8,35.9,35.15,35.15,,376400.0
2003-12-03,35.15,35.41,34.6,34.6,,368267.0
2003-12-04,34.77,34.83,33.87,34.04,,836800.0
2003-12-05,34.06,34.13,33.3,33.3,,609600.0
2003-12-08,33.34,33.5,32.86,32.94,,612400.0
2003-12-09,33.05,33.1,32.24,32.24,,505200.0
2003-12-10,32.24,32.31,31.14,31.31,,916467.0
2003-12-11,31.31,32.07,31.05,31.24,,1038600.0
2003-12-12,31.32,31.36,30.54,30.78,,773200.0
2003-12-15,31.34,31.34,29.38,29.38,,1267600.0
2003-12-16,29.56,29.91,29.41,29.69,,1113667.0
2003-12-17,29.69,30.21,29.66,30.15,,831000.0
2003-12-18,30.43,31.96,30.35,31.7,,1584600.0
2003-12-19,32.33,32.54,32.08,32.47,,1028667.0
2003-12-22,32.31,32.5,32.02,32.21,,396867.0
2003-12-23,32.21,32.41,32.08,32.2,,322867.0
2003-12-24,32.16,32.34,32.04,32.04,,196600.0
2003-12-26,32.15,32.2,31.73,31.73,,177200.0
2003-12-29,31.86,31.98,31.64,31.8,,336667.0
2003-12-30,31.82,32.3,31.7,32.24,,391067.0
2003-12-31,32.15,32.33,31.69,31.8,,408667.0
2004-01-02,32.08,32.15,31.34,31.43,,388200.0
2004-01-05,31.43,32.41,31.38,32.35,,1102267.0
2004-01-06,32.35,32.99,32.31,32.99,,669800.0
2004-01-07,32.99,34.32,32.99,34.04,,1638067.0
2004-01-08,34.04,34.28,33.75,34.04,,592400.0
2004-01-09,33.93,33.93,33.56,33.63,,640467.0
2004-01-12,33.5,33.52,32.99,33.25,,652667.0
2004-01-13,34.93,35.81,33.98,34.9,,2039800.0
2004-01-14,34.8,35.22,34.8,35.09,,1312400.0
2004-01-15,35.1,35.1,34.73,34.99,,805067.0
2004-01-16,34.83,35.22,34.77,34.96,,573667.0
2004-01-20,34.96,35.3,34.67,35.02,,540267.0
2004-01-21,34.93,35.12,34.6,34.72,,406667.0
2004-01-22,34.99,35.33,34.73,35.09,,390267.0
2004-01-23,35.32,35.9,34.8,35.32,,455600.0
2004-01-26,35.32,35.57,34.73,35.57,,499067.0
2004-01-27,38.42,38.85,38.1,38.1,,2674200.0
2004-01-28,38.23,38.51,38.01,38.01,,697200.0
2004-01-29,38.01,38.01,37.51,37.98,,912267.0
2004-01-30,37.93,38.45,37.68,38.4,,396667.0
2004-02-02,38.4,38.6,38.26,38.45,,698600.0
2004-02-03,38.42,38.89,37.93,38.81,,924267.0
2004-02-04,38.65,39.23,38.36,39.16,,858400.0
2004-02-05,39.16,40.04,39.13,39.9,,932000.0
2004-02-06,39.8,39.98,39.72,39.97,,437267.0
2004-02-09,40.0,40.1,39.84,40.01,,435000.0
2004-02-10,39.91,40.06,39.68,39.87,,332867.0
2004-02-11,39.94,40.3,39.55,40.1,,536467.0
2004-02-12,39.97,40.19,39.8,39.9,,224800.0
2004-02-13,39.9,40.1,39.44,39.83,,415200.0
2004-02-17,39.83,39.83,39.33,39.47,,545267.0
2004-02-18,39.47,39.75,39.38,39.57,,313200.0
2004-02-19,39.63,39.71,38.43,38.48,,557200.0
2004-02-20,38.82,38.95,37.95,38.13,,400400.0
2004-02-23,38.88,38.89,37.95,38.15,,842467.0
2004-02-24,37.92,38.03,37.7,37.91,,383400.0
2004-02-25,37.9,38.01,37.37,37.67,,345667.0
2004-02-26,37.67,38.52,37.66,38.23,,717400.0
2004-02-27,38.29,39.01,38.29,38.59,,1560800.0
2004-03-01,38.76,39.38,38.63,39.16,,400600.0
2004-03-02,39.08,39.53,38.94,39.14,,212667.0
2004-03-03,39.05,39.21,38.92,39.0,,283600.0
2004-03-04,39.11,39.62,39.11,39.44,,239067.0
2004-03-05,39.42,39.73,39.16,39.31,,254800.0
2004-03-08,39.15,39.27,38.7,38.77,,244867.0
2004-03-09,38.76,38.8,38.3,38.5,,186800.0
2004-03-10,38.63,38.63,37.43,37.72,,461400.0
2004-03-11,37.72,38.21,37.38,37.72,,341933.0
2004-03-12,37.79,37.91,37.42,37.71,,448400.0
2004-03-15,37.71,37.77,35.76,37.07,,333900.0
2004-03-16,37.22,37.51,36.28,36.57,,415700.0
2004-03-17,36.78,37.06,36.59,36.63,,830600.0
2004-03-18,36.63,36.66,36.11,36.31,,496500.0
2004-03-19,36.3,36.68,36.11,36.29,,611400.0
2004-03-22,36.27,36.27,35.09,35.52,,841000.0
2004-03-23,35.52,35.92,35.39,35.51,,639300.0
2004-03-24,35.51,35.76,35.04,35.04,,354400.0
2004-03-25,35.33,35.89,35.31,35.62,,446800.0
2004-03-26,35.62,35.76,35.04,35.04,,470900.0
2004-03-29,35.05,35.67,34.5,34.68,,883900.0
2004-03-30,34.68,35.26,34.39,35.07,,661500.0
2004-03-31,35.08,35.2,34.54,35.02,,611000.0
2004-04-01,35.04,35.89,34.91,35.52,,602400.0
2004-04-02,36.15,36.23,34.94,35.4,,591700.0
2004-04-05,35.42,35.98,35.42,35.91,,472500.0
2004-04-06,35.81,36.16,35.47,35.52,,360500.0
2004-04-07,35.52,35.66,34.98,35.45,,548000.0
2004-04-08,35.42,35.52,35.05,35.19,,455100.0
2004-04-12,35.21,35.41,35.08,35.23,,220400.0
2004-04-13,35.4,35.42,34.84,34.88,,319200.0
2004-04-14,34.07,34.48,33.53,34.1,,1133100.0
2004-04-15,34.1,34.26,33.97,34.16,,632100.0
2004-04-16,34.16,35.15,34.08,35.11,,950600.0
2004-04-19,34.92,35.49,34.8,35.12,,637200.0
2004-04-20,35.12,35.69,35.12,35.33,,704900.0
2004-04-21,35.34,35.6,35.14,35.46,,538700.0
2004-04-22,35.46,35.87,35.33,35.8,,381600.0
2004-04-23,35.76,35.98,35.08,35.78,,456800.0
2004-04-26,35.62,35.76,34.57,34.7,,725900.0
2004-04-27,34.65,35.26,34.6,35.15,,970600.0
2004-04-28,35.15,35.57,35.02,35.24,,653000.0
2004-04-29,35.24,35.4,34.57,35.13,,837500.0
2004-04-30,31.54,33.05,31.45,32.73,,4295100.0
2004-05-03,32.73,33.19,32.36,33.07,,902600.0
2004-05-04,33.0,33.23,32.82,33.09,,1006700.0
2004-05-05,33.09,33.5,32.93,33.47,,1281500.0
2004-05-06,33.47,33.47,32.94,33.14,,757200.0
2004-05-07,33.14,33.58,32.85,32.99,,490000.0
2004-05-10,32.8,32.8,32.03,32.45,,711000.0
2004-05-11,32.51,33.0,32.43,32.69,,942000.0
2004-05-12,32.63,32.64,32.38,32.51,,996400.0
2004-05-13,32.55,33.17,32.51,33.1,,687000.0
2004-05-14,33.1,33.39,33.02,33.06,,979800.0
2004-05-17,33.06,33.07,32.46,32.55,,546900.0
2004-05-18,33.05,33.05,32.42,32.51,,1653100.0
2004-05-19,32.8,33.11,32.8,32.94,,913100.0
2004-05-20,32.9,33.0,32.32,32.42,,1053000.0
2004-05-21,32.46,33.0,32.38,32.99,,938900.0
2004-05-24,32.89,33.29,32.79,33.02,,937600.0
2004-05-25,33.07,33.79,32.73,33.77,,587000.0
2004-05-26,33.77,34.15,33.16,34.09,,646400.0
2004-05-27,34.09,34.09,33.4,33.75,,427300.0
2004-05-28,33.75,33.92,33.41,33.75,,546400.0
2004-06-01,33.55,33.84,33.43,33.68,,564000.0
2004-06-02,33.79,34.09,33.51,34.09,,574900.0
2004-06-03,33.5,33.5,32.52,32.68,,972300.0
2004-06-04,32.77,33.16,32.73,33.14,,515100.0
2004-06-07,33.14,33.31,32.95,33.28,,815000.0
2004-06-08,33.18,33.26,32.55,32.82,,813000.0
2004-06-09,32.77,32.77,31.9,32.02,,1229100.0
2004-06-10,32.24,32.43,31.77,32.38,,1676800.0
2004-06-14,32.18,32.43,32.02,32.14,,573600.0
2004-06-15,32.34,32.71,32.33,32.53,,506700.0
2004-06-16,32.5,32.62,32.43,32.47,,383400.0
2004-06-17,32.38,32.63,32.14,32.55,,413000.0
2004-06-18,32.49,32.8,32.49,32.63,,295700.0
2004-06-21,32.61,32.61,32.09,32.09,,475700.0
2004-06-22,32.09,32.19,31.85,32.12,,1018900.0
2004-06-23,32.12,32.63,31.95,32.63,,367600.0
2004-06-24,32.63,32.96,32.37,32.73,,425000.0
2004-06-25,32.77,33.1,32.74,33.1,,510900.0
2004-06-28,33.1,33.14,32.17,32.3,,679300.0
2004-06-29,32.3,32.42,31.98,32.18,,779400.0
2004-06-30,32.19,32.42,32.06,32.42,,659100.0
2004-07-01,32.27,32.45,32.08,32.21,,473100.0
2004-07-02,32.19,32.19,31.33,31.59,,581400.0
2004-07-06,31.57,31.66,31.01,31.21,,477700.0
2004-07-07,31.03,31.44,30.98,31.08,,618700.0
2004-07-08,31.15,31.17,30.55,30.59,,1066100.0
2004-07-09,30.69,30.86,30.38,30.41,,472400.0
2004-07-12,30.41,30.57,30.01,30.45,,861300.0
2004-07-13,25.26,25.73,23.02,23.31,,12183100.0
2004-07-14,23.31,24.47,23.31,24.35,,3937600.0
2004-07-15,24.71,25.12,24.7,25.01,,2514600.0
2004-07-16,25.05,25.07,24.61,24.72,,1501000.0
2004-07-19,25.05,25.95,25.04,25.8,,1714900.0
2004-07-20,25.92,26.44,25.85,26.24,,2071300.0
2004-07-21,26.24,26.39,25.85,26.09,,1143300.0
2004-07-22,25.98,25.98,25.15,25.75,,1195000.0
2004-07-23,25.75,25.8,25.35,25.55,,409500.0
2004-07-26,25.56,25.68,25.42,25.61,,563800.0
2004-07-27,25.61,26.32,25.49,25.98,,923700.0
2004-07-28,25.95,26.22,25.73,26.07,,817500.0
2004-07-29,26.32,28.36,26.32,27.62,,2134400.0
2004-07-30,27.56,28.05,27.36,27.75,,928300.0
2004-08-02,27.61,27.94,27.43,27.92,,678500.0
2004-08-03,27.91,27.91,27.3,27.79,,974700.0
2004-08-04,27.72,27.82,27.59,27.69,,783500.0
2004-08-05,27.65,27.72,26.67,26.71,,797400.0
2004-08-06,26.62,26.95,26.41,26.61,,585300.0
2004-08-09,26.75,26.91,26.01,26.22,,736500.0
2004-08-10,26.26,26.54,26.18,26.48,,603300.0
2004-08-11,26.48,26.72,26.23,26.54,,595200.0
2004-08-12,26.55,26.55,25.9,25.95,,442500.0
2004-08-13,25.96,25.97,25.15,25.26,,1116200.0
2004-08-16,25.3,26.13,25.3,26.04,,522500.0
2004-08-17,26.07,26.24,25.59,25.68,,625600.0
2004-08-18,25.64,26.46,25.64,26.21,,554800.0
2004-08-19,26.3,26.69,26.25,26.43,,502700.0
2004-08-20,26.43,26.85,26.3,26.71,,299000.0
2004-08-23,26.71,26.72,26.28,26.36,,325400.0
2004-08-24,26.66,26.75,26.03,26.03,,574200.0
2004-08-25,26.17,26.45,25.98,26.45,,546100.0
2004-08-26,26.4,26.49,25.59,25.63,,519400.0
2004-08-27,25.64,26.08,25.55,26.0,,399900.0
2004-08-30,25.98,26.09,25.55,26.05,,441500.0
2004-08-31,25.96,26.22,25.8,26.15,,384000.0
2004-09-01,26.18,26.64,26.12,26.34,,368900.0
2004-09-02,26.21,26.71,26.21,26.59,,135900.0
2004-09-03,26.59,26.71,26.1,26.24,,213700.0
2004-09-07,26.43,26.81,26.31,26.71,,541200.0
2004-09-08,26.55,26.75,26.37,26.37,,235700.0
2004-09-09,26.38,26.96,26.38,26.86,,488900.0
2004-09-10,26.87,27.4,26.74,27.4,,324400.0
2004-09-13,27.55,27.68,27.42,27.59,,380200.0
2004-09-14,27.65,27.7,27.15,27.63,,269200.0
2004-09-15,27.53,27.6,27.18,27.5,,325300.0
2004-09-16,27.55,27.87,27.36,27.37,,227100.0
2004-09-17,27.38,27.69,27.11,27.21,,244400.0
2004-09-20,27.21,27.21,26.82,26.86,,340200.0
2004-09-21,26.82,28.25,26.0,28.23,,1676100.0
2004-09-22,28.91,30.13,28.61,28.98,,2710900.0
2004-09-23,28.77,29.39,28.66,29.15,,875900.0
2004-09-24,29.08,29.25,28.72,28.77,,590700.0
2004-09-27,28.86,29.05,28.25,28.43,,652000.0
2004-09-28,28.43,28.57,27.88,28.25,,936800.0
2004-09-29,28.13,28.45,28.1,28.18,,726600.0
2004-09-30,28.25,28.84,28.1,28.38,,570800.0
2004-10-01,28.35,28.95,28.35,28.77,,612200.0
2004-10-04,29.07,29.19,29.06,29.11,,467200.0
2004-10-05,29.08,29.25,29.02,29.1,,508100.0
2004-10-06,29.15,29.3,29.12,29.18,,1122600.0
2004-10-07,29.19,29.43,29.18,29.2,,644300.0
2004-10-08,29.21,29.21,28.72,28.72,,459200.0
2004-10-11,28.72,28.93,28.59,28.72,,305700.0
2004-10-12,28.73,29.13,28.71,28.95,,470200.0
2004-10-13,29.0,29.45,28.61,28.64,,862000.0
2004-10-14,28.64,28.66,28.01,28.09,,457100.0
2004-10-15,28.28,28.32,27.79,27.93,,691600.0
2004-10-18,27.99,28.39,27.93,28.36,,339200.0
2004-10-19,28.29,28.84,28.22,28.23,,331800.0
2004-10-20,28.28,28.54,27.85,27.99,,495500.0
2004-10-21,28.15,28.28,27.97,28.17,,425500.0
2004-10-22,28.12,28.13,27.51,27.84,,508600.0
2004-10-25,27.81,28.37,27.79,27.97,,305800.0
2004-10-26,27.93,28.57,27.8,28.42,,285200.0
2004-10-27,28.51,29.4,28.46,29.32,,514200.0
2004-10-28,29.45,29.65,29.21,29.64,,702200.0
2004-10-29,29.64,29.73,29.25,29.35,,426100.0
2004-11-01,29.25,29.25,28.85,29.1,,251800.0
2004-11-02,29.1,29.24,28.84,28.84,,426300.0
2004-11-03,29.2,29.7,29.05,29.2,,502200.0
2004-11-04,29.16,29.6,29.03,29.53,,294400.0
2004-11-05,29.66,30.27,29.63,30.1,,834900.0
2004-11-08,30.02,30.71,29.87,30.61,,557800.0
2004-11-09,30.62,30.86,30.47,30.53,,465300.0
2004-11-10,30.52,31.2,30.52,31.02,,710200.0
2004-11-11,30.48,30.96,29.93,30.28,,1372700.0
2004-11-12,30.37,30.81,30.08,30.74,,767100.0
2004-11-15,30.71,31.18,30.6,31.11,,1250400.0
2004-11-16,31.1,31.27,31.08,31.15,,789000.0
2004-11-17,31.15,31.39,31.0,31.29,,938300.0
2004-11-18,31.29,31.59,31.19,31.57,,567300.0
2004-11-19,31.54,31.78,31.42,31.54,,604300.0
2004-11-22,31.44,31.83,31.11,31.73,,617100.0
2004-11-23,31.6,31.96,31.35,31.91,,423300.0
2004-11-24,31.91,32.29,31.91,32.16,,468700.0
2004-11-26,32.24,32.86,32.2,32.76,,303300.0
2004-11-29,32.68,32.7,32.24,32.25,,587300.0
2004-11-30,32.17,32.35,31.85,32.24,,1086300.0
2004-12-01,32.44,33.3,32.44,33.26,,727300.0
2004-12-02,33.01,33.45,33.0,33.34,,644800.0
2004-12-03,33.21,33.79,33.17,33.7,,552200.0
2004-12-06,33.7,33.82,32.98,33.67,,498200.0
2004-12-07,33.67,33.84,32.99,33.07,,622700.0
2004-12-08,33.07,33.5,32.82,33.47,,545500.0
2004-12-09,33.23,33.89,32.72,33.68,,521700.0
2004-12-10,33.62,34.01,33.55,33.93,,473100.0
2004-12-13,33.84,33.96,33.43,33.51,,366500.0
2004-12-14,33.64,34.52,33.49,34.36,,511100.0
2004-12-15,34.2,34.83,33.98,34.51,,639600.0
2004-12-16,34.37,34.79,34.08,34.62,,424500.0
2004-12-17,34.42,34.93,34.35,34.92,,1002100.0
2004-12-20,35.0,35.79,34.86,35.14,,895600.0
2004-12-21,35.14,35.51,34.99,35.26,,337000.0
2004-12-22,34.91,35.3,34.81,35.2,,437900.0
2004-12-23,35.2,35.37,35.02,35.16,,258900.0
2004-12-27,35.17,35.17,34.91,35.08,,276100.0
2004-12-28,35.08,35.83,35.08,35.83,,318300.0
2004-12-29,35.73,35.92,35.37,35.58,,242700.0
2004-12-30,35.58,35.8,35.47,35.73,,186100.0
2004-12-31,35.75,35.91,35.45,35.67,,240900.0
2005-01-03,35.5,35.65,34.39,34.39,,678200.0
2005-01-04,34.54,34.54,32.95,32.97,,819000.0
2005-01-05,33.08,33.41,32.97,33.02,,674700.0
2005-01-06,33.07,33.23,32.66,32.85,,657500.0
2005-01-07,32.87,33.11,32.57,32.61,,414800.0
2005-01-10,32.57,32.76,32.09,32.29,,548300.0
2005-01-11,32.23,32.5,32.09,32.23,,258800.0
2005-01-12,32.24,32.56,32.07,32.55,,511700.0
2005-01-13,32.38,32.56,32.38,32.43,,399400.0
2005-01-14,32.4,32.47,32.12,32.38,,264200.0
2005-01-18,32.42,32.87,32.38,32.66,,412900.0
2005-01-19,32.76,32.76,32.09,32.21,,285600.0
2005-01-20,32.21,32.32,31.72,31.97,,313900.0
2005-01-21,32.06,32.35,31.94,32.09,,507400.0
2005-01-24,33.79,34.32,33.23,33.4,,1042800.0
2005-01-25,33.41,33.73,33.18,33.54,,383100.0
2005-01-26,33.55,33.89,33.42,33.74,,377000.0
2005-01-27,33.49,34.21,33.23,33.49,,667200.0
2005-01-28,33.55,33.76,33.12,33.24,,482600.0
2005-01-31,33.26,33.62,33.11,33.6,,659800.0
2005-02-01,33.45,33.6,33.1,33.27,,363200.0
2005-02-02,33.3,33.71,33.26,33.57,,454400.0
2005-02-03,33.49,33.62,33.12,33.42,,364700.0
2005-02-04,33.36,34.03,33.26,33.98,,279800.0
2005-02-07,33.98,34.02,33.61,33.86,,273800.0
2005-02-08,33.79,34.07,33.67,34.03,,340600.0
2005-02-09,33.98,33.98,33.55,33.64,,316900.0
2005-02-10,33.65,33.67,33.22,33.42,,230000.0
2005-02-11,33.31,33.65,33.16,33.53,,144900.0
2005-02-14,33.42,33.46,33.09,33.26,,169000.0
2005-02-15,33.26,33.61,33.18,33.47,,185900.0
2005-02-16,33.37,33.54,33.26,33.4,,236600.0
2005-02-17,33.29,33.48,32.94,33.42,,519300.0
2005-02-18,33.43,33.49,33.25,33.26,,132900.0
2005-02-22,33.16,33.57,32.6,32.91,,449600.0
2005-02-23,32.97,32.97,32.7,32.85,,175300.0
2005-02-24,32.75,32.97,32.64,32.81,,653800.0
2005-02-25,32.71,32.91,32.31,32.65,,345300.0
2005-02-28,32.41,33.16,32.4,32.89,,389600.0
2005-03-01,32.89,33.4,32.89,33.4,,310800.0
2005-03-02,33.16,33.72,33.16,33.34,,362600.0
2005-03-03,33.34,33.4,32.85,32.85,,323900.0
2005-03-04,32.91,33.29,32.74,33.13,,214800.0
2005-03-07,33.0,33.42,33.0,33.34,,196900.0
2005-03-08,33.24,33.33,32.9,32.99,,218900.0
2005-03-09,32.9,33.06,32.45,32.45,,196300.0
2005-03-10,32.54,32.69,31.98,32.38,,284700.0
2005-03-11,32.32,32.66,32.29,32.51,,184000.0
2005-03-14,32.44,32.7,32.24,32.42,,234400.0
2005-03-15,32.42,32.48,32.01,32.14,,371200.0
2005-03-16,32.01,32.4,31.98,31.99,,242800.0
2005-03-17,32.11,32.16,31.81,31.96,,264800.0
2005-03-18,32.06,32.59,31.99,32.43,,448400.0
2005-03-21,32.41,32.74,32.35,32.64,,228000.0
2005-03-22,32.86,33.08,32.53,32.8,,298600.0
2005-03-23,32.76,33.08,32.63,33.03,,314100.0
2005-03-24,33.04,33.15,32.81,32.81,,207400.0
2005-03-28,32.6,32.75,32.56,32.64,,242500.0
2005-03-29,32.48,33.14,32.48,32.7,,315800.0
2005-03-30,32.7,33.34,32.7,33.32,,202800.0
2005-03-31,33.23,33.53,32.98,33.51,,283800.0
2005-04-01,33.48,33.56,33.1,33.2,,347500.0
2005-04-04,33.16,33.57,33.13,33.57,,299400.0
2005-04-05,33.56,33.81,33.41,33.5,,306300.0
2005-04-06,33.57,34.03,33.54,33.56,,456700.0
2005-04-07,33.46,33.63,33.08,33.43,,382900.0
2005-04-08,33.28,33.37,33.01,33.13,,311300.0
2005-04-11,33.07,33.08,32.64,32.68,,430000.0
2005-04-12,32.57,33.45,32.57,33.4,,313000.0
2005-04-13,33.27,33.42,32.86,32.9,,203500.0
2005-04-14,32.9,33.06,32.56,32.69,,273000.0
2005-04-15,32.75,33.01,32.54,32.74,,458000.0
2005-04-18,32.54,33.09,32.54,32.99,,1006700.0
2005-04-19,32.93,33.13,32.84,33.1,,254900.0
2005-04-20,33.1,33.22,32.71,32.89,,413500.0
2005-04-21,33.03,33.35,32.89,33.09,,358100.0
2005-04-22,33.08,33.23,32.69,32.86,,237800.0
2005-04-25,32.83,32.84,32.52,32.7,,303800.0
2005-04-26,32.58,32.58,31.88,32.16,,353100.0
2005-04-27,32.01,32.56,31.67,32.35,,546400.0
2005-04-28,31.4,32.31,31.39,31.72,,530200.0
2005-04-29,31.96,32.24,31.71,31.99,,383000.0
2005-05-02,32.13,32.33,31.69,32.28,,506700.0
2005-05-03,32.11,32.52,32.01,32.33,,370100.0
2005-05-04,32.33,33.32,32.2,33.24,,722300.0
2005-05-05,33.18,33.3,32.91,33.14,,287900.0
2005-05-06,33.18,33.18,32.86,33.05,,236000.0
2005-05-09,32.93,33.02,32.7,32.95,,143100.0
2005-05-10,32.93,33.3,32.82,33.16,,509100.0
2005-05-11,33.23,33.56,32.94,33.44,,539100.0
2005-05-12,33.41,33.44,32.92,33.17,,273600.0
2005-05-13,33.08,33.27,32.9,33.0,,505500.0
2005-05-16,33.03,33.14,32.87,32.98,,544700.0
2005-05-17,32.98,33.13,32.95,33.13,,249600.0
2005-05-18,33.12,33.62,32.99,33.57,,340600.0
2005-05-19,33.5,33.79,33.36,33.79,,251700.0
2005-05-20,33.76,33.91,33.55,33.76,,178000.0
2005-05-23,33.86,34.09,33.78,33.98,,315400.0
2005-05-24,33.92,34.32,33.89,34.2,,577000.0
2005-05-25,34.07,34.11,33.73,33.88,,256900.0
2005-05-26,34.03,34.32,34.03,34.17,,188800.0
2005-05-27,34.13,34.21,33.98,34.02,,243900.0
2005-05-31,33.98,34.09,33.34,33.34,,753300.0
2005-06-01,33.34,33.34,33.34,33.34,,501500.0
2005-06-02,33.49,33.83,33.43,33.59,,194900.0
2005-06-03,33.41,34.03,33.33,33.86,,299300.0
2005-06-06,33.86,34.55,33.86,34.32,,306700.0
2005-06-07,34.38,34.93,34.38,34.49,,1137400.0
2005-06-08,34.66,34.7,34.31,34.36,,249100.0
2005-06-09,34.43,34.66,34.27,34.65,,219000.0
2005-06-10,34.56,34.7,33.92,34.04,,296900.0
2005-06-13,34.02,34.9,33.98,34.54,,665200.0
2005-06-14,34.66,35.53,34.59,35.21,,649500.0
2005-06-15,35.24,35.78,35.24,35.73,,470300.0
2005-06-16,35.97,36.55,35.82,36.49,,686100.0
2005-06-17,36.55,36.8,36.51,36.68,,575900.0
2005-06-20,36.75,36.8,36.51,36.65,,413700.0
2005-06-21,36.57,36.75,36.34,36.46,,225600.0
2005-06-22,36.49,36.55,36.19,36.42,,185900.0
2005-06-23,36.38,36.41,35.85,35.86,,295800.0
2005-06-24,35.82,35.92,34.95,35.06,,456600.0
2005-06-27,35.04,35.46,34.85,34.99,,461400.0
2005-06-28,35.05,35.76,35.05,35.76,,224300.0
2005-06-29,35.72,36.01,35.39,35.43,,274800.0
2005-06-30,35.53,35.76,35.45,35.53,,330500.0
2005-07-01,35.53,35.9,35.11,35.4,,221600.0
2005-07-05,35.39,35.68,35.31,35.58,,227200.0
2005-07-06,35.44,35.45,34.96,35.06,,344600.0
2005-07-07,34.81,35.92,34.65,35.9,,375400.0
2005-07-08,35.82,36.0,35.49,35.67,,321900.0
2005-07-11,35.63,36.53,35.63,36.38,,262500.0
2005-07-12,36.33,36.9,36.1,36.57,,213600.0
2005-07-13,36.57,36.69,36.06,36.13,,197500.0
2005-07-14,36.13,36.4,36.02,36.04,,298200.0
2005-07-15,35.97,36.24,35.49,36.2,,305000.0
2005-07-18,36.15,36.34,36.01,36.18,,261100.0
2005-07-19,36.12,36.19,35.93,36.1,,291100.0
2005-07-20,35.97,36.14,35.9,36.11,,192800.0
2005-07-21,36.09,36.09,35.58,35.84,,271700.0
2005-07-22,35.75,35.94,35.59,35.94,,131600.0
2005-07-25,35.8,36.19,35.6,35.95,,345200.0
2005-07-26,35.87,36.05,35.64,35.94,,198200.0
2005-07-27,35.8,36.07,35.64,36.02,,427600.0
2005-07-28,36.12,36.84,35.94,36.65,,428000.0
2005-07-29,36.78,37.22,36.51,36.63,,521600.0
2005-08-01,36.7,36.92,36.37,36.42,,410800.0
2005-08-02,36.42,36.69,36.26,36.45,,681600.0
2005-08-03,36.38,37.17,36.35,37.02,,509400.0
2005-08-04,36.73,37.61,36.71,37.08,,600300.0
2005-08-05,37.01,37.41,36.8,36.9,,303400.0
2005-08-08,36.87,37.43,36.54,37.08,,461700.0
2005-08-09,37.22,37.67,37.05,37.16,,483600.0
2005-08-10,37.29,37.8,36.78,37.13,,505800.0
2005-08-11,37.04,37.94,37.04,37.92,,507400.0
2005-08-12,37.72,38.06,37.49,37.91,,369900.0
2005-08-15,37.73,38.69,37.52,38.13,,382300.0
2005-08-16,38.08,38.49,37.7,37.76,,380500.0
2005-08-17,37.71,38.31,37.68,38.13,,344200.0
2005-08-18,38.08,38.08,37.64,37.93,,153100.0
2005-08-19,37.87,37.92,37.48,37.63,,310600.0
2005-08-22,37.58,38.28,37.58,38.18,,346400.0
2005-08-23,38.18,38.97,38.18,38.7,,900100.0
2005-08-24,38.71,39.1,38.21,38.5,,481200.0
2005-08-25,38.6,38.95,38.41,38.63,,416500.0
2005-08-26,38.63,39.26,38.63,39.04,,506300.0
2005-08-29,38.6,38.65,37.91,38.45,,373600.0
2005-08-30,38.45,39.57,38.45,39.48,,633100.0
2005-08-31,39.38,39.79,38.94,39.79,,805600.0
2005-09-01,39.62,40.23,39.53,39.78,,449100.0
2005-09-02,39.83,39.96,39.48,39.65,,284900.0
2005-09-06,39.65,40.15,39.63,40.03,,627100.0
2005-09-07,40.18,40.8,40.17,40.73,,404000.0
2005-09-08,40.88,41.09,40.78,40.98,,788700.0
2005-09-09,40.93,41.27,40.86,41.19,,367900.0
2005-09-12,41.29,41.66,41.15,41.43,,310400.0
2005-09-13,41.4,41.4,41.02,41.15,,220400.0
2005-09-14,41.0,41.14,40.72,41.08,,301100.0
2005-09-15,41.08,41.08,40.66,40.9,,713300.0
2005-09-16,40.9,41.2,40.71,40.94,,566500.0
2005-09-19,40.94,41.04,40.55,40.87,,250300.0
2005-09-20,40.94,40.97,40.58,40.69,,298900.0
2005-09-21,40.55,40.91,40.36,40.62,,419100.0
2005-09-22,40.72,41.21,40.44,40.96,,274700.0
2005-09-23,40.81,41.05,40.43,40.94,,182500.0
2005-09-26,41.05,41.25,40.5,40.83,,369200.0
2005-09-27,40.85,40.88,40.57,40.6,,246300.0
2005-09-28,41.87,43.15,41.64,42.88,,1629300.0
2005-09-29,42.69,44.06,42.46,43.66,,642100.0
2005-09-30,43.53,43.82,43.34,43.63,,745200.0
2005-10-03,43.63,43.63,42.83,42.92,,575300.0
2005-10-04,42.85,43.1,42.08,42.1,,490000.0
2005-10-05,41.98,41.98,41.32,41.37,,495300.0
2005-10-06,41.33,41.71,40.86,41.6,,859800.0
2005-10-07,42.12,42.31,41.34,41.75,,395200.0
2005-10-10,41.85,41.86,40.94,41.25,,253900.0
2005-10-11,41.34,41.78,40.69,41.11,,393000.0
2005-10-12,41.01,41.4,40.05,40.44,,424900.0
2005-10-13,40.49,40.81,39.83,40.37,,512300.0
2005-10-14,40.37,41.21,40.35,40.88,,344000.0
2005-10-17,40.93,41.06,40.47,40.76,,273100.0
2005-10-18,40.76,40.76,40.03,40.04,,299900.0
2005-10-19,39.84,40.62,39.57,40.59,,246300.0
2005-10-20,40.59,40.96,39.69,40.0,,255700.0
2005-10-21,40.1,40.63,40.04,40.38,,296600.0
2005-10-24,40.44,40.91,40.07,40.78,,343300.0
2005-10-25,40.69,40.86,40.07,40.32,,340600.0
2005-10-26,40.03,40.2,39.17,39.6,,543000.0
2005-10-27,39.59,39.84,38.91,39.16,,389400.0
2005-10-28,39.24,40.21,39.16,40.11,,534500.0
2005-10-31,40.29,41.0,40.29,40.67,,530400.0
2005-11-01,40.67,40.88,39.99,40.45,,548700.0
2005-11-02,40.39,41.34,40.36,41.07,,346100.0
2005-11-03,42.17,43.62,42.17,43.34,,1036700.0
2005-11-04,43.44,44.02,42.99,43.12,,553400.0
2005-11-07,43.03,43.59,42.78,43.42,,622800.0
2005-11-08,43.41,43.83,42.9,43.7,,780400.0
2005-11-09,43.68,45.01,43.59,44.56,,1215500.0
2005-11-10,44.75,45.68,44.71,45.58,,715600.0
2005-11-11,45.58,46.24,45.53,45.74,,521400.0
2005-11-14,45.7,46.0,45.58,45.7,,975800.0
2005-11-15,45.05,45.71,44.71,45.44,,555400.0
2005-11-16,45.68,45.73,45.3,45.7,,640300.0
2005-11-17,45.72,46.4,45.52,46.4,,709300.0
2005-11-18,46.26,46.46,45.75,45.9,,655400.0
2005-11-21,45.48,46.25,44.8,46.21,,683100.0
2005-11-22,46.16,47.21,45.92,46.95,,693600.0
2005-11-23,46.95,47.19,46.7,46.87,,364400.0
2005-11-25,46.79,47.08,46.7,46.8,,91200.0
2005-11-28,46.7,46.74,46.04,46.19,,422100.0
2005-11-29,46.43,46.75,46.23,46.25,,357400.0
2005-11-30,45.83,46.0,43.93,44.63,,1280900.0
2005-12-01,44.82,45.35,44.75,45.07,,748700.0
2005-12-02,44.68,45.14,44.55,45.06,,700000.0
2005-12-05,44.57,44.79,44.46,44.65,,347300.0
2005-12-06,44.79,45.96,44.75,45.68,,986800.0
2005-12-07,45.84,46.38,45.84,46.22,,615600.0
2005-12-08,46.22,46.76,45.96,46.34,,810000.0
2005-12-09,46.25,46.32,45.55,45.8,,670200.0
2005-12-12,45.8,45.8,45.03,45.32,,446700.0
2005-12-13,43.81,43.81,42.11,43.19,,1656600.0
2005-12-14,43.02,43.56,42.58,43.17,,1012100.0
2005-12-15,43.31,43.62,43.2,43.36,,555800.0
2005-12-16,43.31,43.49,42.56,42.6,,684700.0
2005-12-19,42.59,42.71,42.01,42.31,,489300.0
2005-12-20,42.12,43.0,41.38,42.46,,1144700.0
2005-12-21,42.71,43.24,42.61,43.23,,548100.0
2005-12-22,43.18,43.35,43.07,43.21,,482000.0
2005-12-23,43.21,43.53,43.17,43.28,,170800.0
2005-12-27,43.38,43.58,42.66,42.76,,525200.0
2005-12-28,42.79,43.81,42.78,43.61,,380700.0
2005-12-29,43.81,43.98,43.31,43.37,,299500.0
2005-12-30,43.21,43.22,42.94,43.04,,205800.0
2006-01-03,42.98,44.38,42.97,44.11,,629400.0
2006-01-04,44.07,45.46,44.03,44.98,,781300.0
2006-01-05,44.68,45.06,44.68,44.97,,376000.0
2006-01-06,44.97,45.45,44.82,45.27,,335200.0
2006-01-09,45.02,46.05,45.02,45.7,,601600.0
2006-01-10,45.5,45.79,45.37,45.78,,248100.0
2006-01-11,45.77,46.66,45.67,46.55,,663300.0
2006-01-12,46.54,46.57,45.79,45.81,,682200.0
2006-01-13,45.71,45.78,45.37,45.49,,207700.0
2006-01-17,45.32,45.46,45.16,45.23,,453000.0
2006-01-18,45.02,45.31,44.87,45.03,,390500.0
2006-01-19,45.08,45.5,44.85,45.18,,470000.0
2006-01-20,45.11,45.25,44.58,44.58,,241100.0
2006-01-23,44.53,44.69,44.44,44.48,,390400.0
2006-01-24,44.48,44.84,44.21,44.24,,366100.0
2006-01-25,44.24,44.55,43.75,44.04,,650700.0
2006-01-26,44.58,45.05,43.35,43.36,,845100.0
2006-01-27,43.39,43.88,43.31,43.68,,702900.0
2006-01-30,43.85,43.99,42.75,42.99,,714500.0
2006-01-31,42.94,43.19,42.57,43.18,,433900.0
2006-02-01,43.13,43.48,43.08,43.34,,372300.0
2006-02-02,43.3,43.33,42.75,43.16,,668300.0
2006-02-03,42.72,43.36,42.68,43.01,,662500.0
2006-02-06,43.2,43.67,43.13,43.52,,671300.0
2006-02-07,43.52,43.52,43.12,43.35,,638000.0
2006-02-08,43.51,43.51,43.11,43.29,,375200.0
2006-02-09,43.3,43.54,43.17,43.26,,457100.0
2006-02-10,43.26,43.43,42.89,43.26,,259500.0
2006-02-13,43.17,43.31,42.88,42.95,,183400.0
2006-02-14,43.01,43.37,42.7,43.16,,404200.0
2006-02-15,43.2,43.26,42.69,43.21,,235900.0
2006-02-16,43.2,43.23,42.89,43.21,,261500.0
2006-02-17,43.22,43.33,42.88,43.21,,441800.0
2006-02-21,43.17,43.18,42.35,42.95,,506400.0
2006-02-22,42.92,43.1,42.51,42.98,,362900.0
2006-02-23,42.79,42.83,42.39,42.43,,279800.0
2006-02-24,42.42,42.48,42.03,42.16,,380100.0
2006-02-27,42.14,42.33,41.96,42.16,,486600.0
2006-02-28,42.06,42.2,41.48,41.55,,562800.0
2006-03-01,41.6,42.91,41.6,42.63,,493400.0
2006-03-02,42.55,42.96,42.4,42.85,,301300.0
2006-03-03,42.76,42.97,42.4,42.41,,149000.0
2006-03-06,42.4,42.51,41.9,41.93,,303800.0
2006-03-07,41.93,42.0,41.63,41.72,,712300.0
2006-03-08,41.63,41.94,41.49,41.77,,427900.0
2006-03-09,41.76,41.76,41.14,41.39,,257700.0
2006-03-10,41.39,41.59,41.04,41.47,,551800.0
2006-03-13,41.3,41.66,40.99,41.1,,238900.0
2006-03-14,40.94,40.98,36.85,38.38,,4664100.0
2006-03-15,38.21,38.26,35.44,38.04,,5442800.0
2006-03-16,37.99,39.03,37.82,37.94,,1894000.0
2006-03-17,38.16,39.29,38.02,38.93,,1277300.0
2006-03-20,38.94,39.32,38.72,38.91,,804700.0
2006-03-21,38.84,38.99,38.26,38.53,,743500.0
2006-03-22,38.41,38.69,37.83,38.47,,1080500.0
2006-03-23,38.37,38.53,38.1,38.31,,331400.0
2006-03-24,38.29,38.39,38.14,38.28,,430700.0
2006-03-27,38.31,38.31,37.34,37.79,,967600.0
2006-03-28,38.75,38.98,37.89,38.12,,1473800.0
2006-03-29,38.0,38.28,37.78,37.87,,933100.0
2006-03-30,37.92,38.02,37.71,37.82,,570100.0
2006-03-31,37.97,38.84,37.79,38.62,,666200.0
2006-04-03,38.9,39.03,38.68,38.92,,690900.0
2006-04-04,38.97,39.33,38.69,39.18,,654300.0
2006-04-05,39.04,39.2,38.67,38.91,,340300.0
2006-04-06,38.91,38.95,38.53,38.91,,421800.0
2006-04-07,38.9,39.31,38.85,38.91,,427600.0
2006-04-10,38.91,39.25,38.76,38.8,,414700.0
2006-04-11,38.9,39.29,38.9,39.17,,838100.0
2006-04-12,39.22,39.91,39.22,39.79,,483500.0
2006-04-13,39.79,39.87,39.48,39.72,,272800.0
2006-04-17,39.7,40.08,39.49,39.78,,282000.0
2006-04-18,39.72,40.03,39.63,39.9,,392300.0
2006-04-19,39.76,40.01,39.38,39.73,,980700.0
2006-04-20,39.76,40.2,39.68,40.07,,380500.0
2006-04-21,40.1,40.25,39.82,40.08,,599000.0
2006-04-24,40.07,40.08,39.56,39.81,,282500.0
2006-04-25,39.84,40.07,39.48,39.62,,420400.0
2006-04-26,39.76,39.96,39.19,39.38,,493900.0
2006-04-27,37.42,37.53,35.6,36.38,,3488600.0
2006-04-28,36.19,36.61,35.94,36.18,,1130300.0
2006-05-01,36.31,36.37,35.82,35.9,,636800.0
2006-05-02,35.9,36.38,35.82,36.11,,624500.0
2006-05-03,36.13,36.71,36.07,36.42,,993700.0
2006-05-04,36.42,36.77,36.28,36.36,,857200.0
2006-05-05,36.36,37.49,36.17,37.23,,1058200.0
2006-05-08,37.23,37.76,37.23,37.5,,781800.0
2006-05-09,37.5,37.74,37.06,37.3,,1419900.0
2006-05-10,37.14,37.94,37.12,37.38,,854500.0
2006-05-11,37.43,37.46,36.87,37.06,,1063400.0
2006-05-12,36.97,37.52,36.62,37.08,,793300.0
2006-05-15,36.34,37.38,36.34,37.11,,616400.0
2006-05-16,37.05,37.53,36.78,37.16,,766900.0
2006-05-17,36.97,37.14,35.86,35.9,,1131700.0
2006-05-18,36.01,36.09,35.5,35.53,,971800.0
2006-05-19,35.75,36.48,35.75,36.1,,624100.0
2006-05-22,36.01,36.02,35.24,35.7,,702700.0
2006-05-23,35.69,35.76,34.66,34.73,,1046100.0
2006-05-24,34.63,34.83,33.95,34.53,,1306400.0
2006-05-25,34.64,35.22,34.62,35.16,,442300.0
2006-05-26,35.11,35.36,34.91,35.21,,252900.0
2006-05-30,35.22,35.28,34.53,34.89,,602600.0
2006-05-31,34.99,35.35,34.61,34.69,,903900.0
2006-06-01,34.68,35.76,34.55,35.6,,691900.0
2006-06-02,35.77,35.87,34.87,35.13,,426600.0
2006-06-05,34.94,35.0,34.42,34.51,,501300.0
2006-06-06,34.52,34.79,33.74,34.01,,794800.0
2006-06-07,34.0,34.55,33.67,33.78,,739500.0
2006-06-08,33.75,34.39,33.73,34.18,,984100.0
2006-06-09,34.22,34.75,34.18,34.48,,401900.0
2006-06-12,34.39,34.39,33.35,33.6,,906000.0
2006-06-13,33.6,34.02,33.41,33.65,,760200.0
2006-06-14,33.6,33.8,33.44,33.66,,558200.0
2006-06-15,33.77,33.78,33.24,33.45,,890400.0
2006-06-16,34.14,35.03,34.08,34.75,,2210000.0
2006-06-19,34.67,36.38,34.67,35.36,,1967300.0
2006-06-20,35.42,35.57,34.63,34.81,,1276000.0
2006-06-21,35.28,35.74,34.79,35.53,,569300.0
2006-06-22,35.45,35.5,34.88,34.96,,550400.0
2006-06-23,34.96,35.47,34.85,35.23,,279400.0
2006-06-26,35.4,35.67,34.98,35.05,,397500.0
2006-06-27,35.01,35.05,34.33,34.48,,970200.0
2006-06-28,34.47,34.79,34.38,34.67,,283500.0
2006-06-29,34.85,35.43,34.54,35.41,,398300.0
2006-06-30,35.38,35.74,35.25,35.41,,435700.0
2006-07-03,35.38,35.44,35.05,35.13,,150300.0
2006-07-05,34.88,34.92,34.06,34.46,,858100.0
2006-07-06,34.46,34.72,34.13,34.34,,546900.0
2006-07-07,34.34,34.6,34.14,34.23,,589300.0
2006-07-10,34.25,34.45,34.06,34.15,,436600.0
2006-07-11,34.17,34.42,34.09,34.2,,571300.0
2006-07-12,34.14,34.33,33.56,34.14,,559900.0
2006-07-13,33.86,34.26,33.55,33.56,,797300.0
2006-07-14,33.47,34.14,33.45,34.02,,684300.0
2006-07-17,34.09,34.35,33.8,33.94,,442300.0
2006-07-18,33.94,34.23,33.93,34.16,,700300.0
2006-07-19,34.16,35.41,34.12,35.15,,1028400.0
2006-07-20,35.15,35.38,34.53,34.61,,1309900.0
2006-07-21,34.45,34.53,33.78,34.04,,841900.0
2006-07-24,34.14,34.63,34.14,34.57,,416400.0
2006-07-25,34.48,34.69,33.89,34.03,,425200.0
2006-07-26,33.89,34.03,33.32,33.32,,952100.0
2006-07-27,32.67,32.92,31.71,32.43,,3566800.0
2006-07-28,32.63,33.1,32.63,32.83,,679000.0
2006-07-31,32.72,33.22,32.72,32.95,,580700.0
2006-08-01,32.98,33.18,32.69,33.11,,686800.0
2006-08-02,33.19,33.8,33.18,33.76,,1056100.0
2006-08-03,33.67,34.03,33.32,33.94,,553400.0
2006-08-04,34.09,34.31,33.75,33.84,,675000.0
2006-08-07,33.75,33.88,33.35,33.79,,918500.0
2006-08-08,33.92,33.93,33.55,33.62,,778200.0
2006-08-09,33.79,33.85,33.21,33.29,,742200.0
2006-08-10,33.23,33.46,32.99,33.11,,494900.0
2006-08-11,33.11,33.19,32.66,32.82,,202500.0
2006-08-14,32.89,33.35,32.89,33.03,,279400.0
2006-08-15,33.17,33.4,33.11,33.24,,616900.0
2006-08-16,33.31,33.52,33.12,33.41,,466000.0
2006-08-17,33.31,33.54,33.21,33.5,,1176100.0
2006-08-18,33.46,33.9,33.19,33.84,,538000.0
2006-08-21,33.64,33.7,33.06,33.15,,303500.0
2006-08-22,33.16,33.55,33.15,33.36,,835500.0
2006-08-23,33.24,33.57,33.19,33.5,,737700.0
2006-08-24,33.73,33.76,32.67,32.8,,571500.0
2006-08-25,32.77,33.02,32.59,32.89,,336100.0
2006-08-28,32.86,33.03,32.7,32.94,,458900.0
2006-08-29,33.1,33.42,32.98,33.41,,908200.0
2006-08-30,33.39,35.08,33.39,34.52,,1225900.0
2006-08-31,34.52,34.55,34.14,34.15,,663100.0
2006-09-01,34.14,34.93,34.14,34.67,,557800.0
2006-09-05,34.68,34.69,34.32,34.42,,507300.0
2006-09-06,34.25,34.34,33.88,34.23,,553900.0
2006-09-07,34.11,34.21,33.62,34.03,,745300.0
2006-09-08,34.06,34.28,33.83,34.21,,524900.0
2006-09-11,34.01,35.12,33.85,34.89,,919300.0
2006-09-12,34.88,35.46,34.25,35.3,,782200.0
2006-09-13,35.14,35.92,34.96,35.83,,809200.0
2006-09-14,35.83,36.48,35.61,36.11,,899800.0
2006-09-15,36.16,36.46,35.43,35.5,,746100.0
2006-09-18,35.4,35.57,35.03,35.46,,537600.0
2006-09-19,35.44,35.82,35.28,35.79,,559600.0
2006-09-20,35.85,36.42,35.76,36.3,,496500.0
2006-09-21,36.29,36.3,35.34,35.55,,665700.0
2006-09-22,35.48,35.59,34.99,35.15,,967300.0
2006-09-25,35.1,35.44,34.99,35.4,,367000.0
2006-09-26,35.41,35.85,35.21,35.83,,440000.0
2006-09-27,35.82,36.01,35.36,35.43,,580700.0
2006-09-28,35.39,36.01,35.38,36.01,,483200.0
2006-09-29,35.96,36.01,35.51,35.69,,465600.0
2006-10-02,35.57,35.72,35.17,35.29,,482200.0
2006-10-03,35.23,35.68,35.22,35.39,,244000.0
2006-10-04,35.32,36.11,35.25,36.1,,369800.0
2006-10-05,36.0,36.11,35.68,36.03,,421600.0
2006-10-06,35.86,36.01,35.5,35.92,,237700.0
2006-10-09,35.83,36.0,35.48,35.91,,263700.0
2006-10-10,35.9,36.09,35.53,35.66,,277300.0
2006-10-11,35.52,35.79,35.37,35.65,,266600.0
2006-10-12,35.68,35.76,35.15,35.23,,823000.0
2006-10-13,35.27,35.45,35.11,35.32,,643300.0
2006-10-16,35.48,36.11,35.33,35.65,,3230900.0
2006-10-17,35.65,35.65,35.32,35.39,,525900.0
2006-10-18,34.88,35.25,34.75,34.98,,1674700.0
2006-10-19,34.79,35.02,34.79,35.0,,866600.0
2006-10-20,35.0,35.43,34.86,35.33,,478600.0
2006-10-23,35.21,36.14,35.21,36.13,,771800.0
2006-10-24,36.01,36.01,35.33,35.47,,438000.0
2006-10-25,35.48,35.72,35.27,35.52,,294700.0
2006-10-26,35.64,35.64,35.02,35.6,,468700.0
2006-10-27,35.47,35.67,35.35,35.42,,526100.0
2006-10-30,35.43,36.18,35.43,36.07,,534200.0
2006-10-31,36.18,36.33,35.55,35.75,,355100.0
2006-11-01,35.99,36.11,35.38,35.58,,1081700.0
2006-11-02,35.6,39.36,35.52,38.95,,3361600.0
2006-11-03,38.94,39.15,37.72,38.19,,1681300.0
2006-11-06,38.01,38.86,37.96,38.66,,839400.0
2006-11-07,38.79,39.77,38.52,39.66,,995500.0
2006-11-08,39.59,40.6,39.52,40.37,,1226400.0
2006-11-09,40.55,40.55,39.62,39.76,,818200.0
2006-11-10,39.91,40.62,39.57,40.19,,705900.0
2006-11-13,40.16,40.36,39.75,40.15,,805500.0
2006-11-14,40.06,40.66,39.98,40.6,,757200.0
2006-11-15,40.5,41.04,40.48,40.87,,906400.0
2006-11-16,40.97,41.42,40.59,41.33,,934700.0
2006-11-17,41.23,41.4,40.78,40.98,,741600.0
2006-11-20,40.77,41.45,40.24,41.34,,735900.0
2006-11-21,40.99,41.2,40.71,41.16,,582400.0
2006-11-22,41.04,41.27,40.9,41.05,,464100.0
2006-11-24,40.89,41.93,40.67,41.52,,647500.0
2006-11-27,41.33,41.46,40.28,40.34,,814300.0
2006-11-28,40.16,40.18,39.65,40.07,,1495800.0
2006-11-29,40.08,40.49,39.98,40.21,,957200.0
2006-11-30,40.45,40.74,40.26,40.62,,692700.0
2006-12-01,40.65,41.59,40.6,41.56,,1414000.0
2006-12-04,41.52,41.71,41.23,41.35,,656100.0
2006-12-05,41.43,41.5,41.02,41.27,,309900.0
2006-12-06,41.15,41.15,40.75,40.94,,323200.0
2006-12-07,40.93,40.94,40.37,40.46,,880300.0
2006-12-08,40.35,40.72,40.21,40.49,,537600.0
2006-12-11,40.39,40.85,40.23,40.73,,446500.0
2006-12-12,40.59,40.65,40.26,40.39,,298500.0
2006-12-13,40.81,41.29,40.76,41.12,,968100.0
2006-12-14,41.3,41.91,41.2,41.47,,824500.0
2006-12-15,41.35,41.68,40.87,40.89,,1008200.0
2006-12-18,41.09,41.09,40.73,40.75,,819400.0
2006-12-19,40.24,40.52,40.08,40.32,,349600.0
2006-12-20,40.34,40.83,40.32,40.6,,205900.0
2006-12-21,40.62,40.77,40.15,40.32,,321400.0
2006-12-22,40.23,40.35,39.86,39.99,,221100.0
2006-12-26,39.99,40.44,39.82,40.29,,130700.0
2006-12-27,40.3,40.42,40.09,40.12,,205900.0
2006-12-28,40.13,40.23,39.86,40.07,,211000.0
2006-12-29,39.97,40.12,39.43,39.69,,317600.0
2007-01-03,39.25,40.13,39.25,39.55,,741500.0
2007-01-04,39.51,40.0,39.44,39.88,,640600.0
2007-01-05,39.1,39.64,39.1,39.44,,558800.0
2007-01-08,39.33,39.72,39.22,39.39,,475000.0
2007-01-09,39.32,39.62,39.19,39.46,,401100.0
2007-01-10,39.35,39.87,39.25,39.81,,302500.0
2007-01-11,39.81,40.35,39.6,40.11,,401100.0
2007-01-12,40.17,40.62,40.11,40.58,,361600.0
2007-01-16,40.7,40.71,40.41,40.52,,318000.0
2007-01-17,40.32,40.48,40.09,40.29,,327200.0
2007-01-18,40.37,40.85,40.17,40.58,,556300.0
2007-01-19,40.47,40.75,40.32,40.68,,425700.0
2007-01-22,40.6,40.62,40.06,40.09,,502100.0
2007-01-23,40.12,40.16,39.81,40.07,,946200.0
2007-01-24,40.03,40.5,39.92,40.03,,679100.0
2007-01-25,40.76,40.76,39.2,39.89,,792700.0
2007-01-26,39.93,39.93,39.3,39.38,,807400.0
2007-01-29,39.49,39.64,39.14,39.35,,367700.0
2007-01-30,39.33,39.49,38.67,39.03,,901400.0
2007-01-31,39.03,39.08,38.2,38.88,,784300.0
2007-02-01,38.86,39.19,38.85,39.08,,470800.0
2007-02-02,39.07,39.21,38.86,38.97,,226800.0
2007-02-05,38.88,39.45,38.77,39.28,,407100.0
2007-02-06,39.49,39.54,39.15,39.53,,287800.0
2007-02-07,39.47,39.62,39.28,39.46,,372800.0
2007-02-08,39.44,39.79,39.44,39.55,,297400.0
2007-02-09,39.47,39.69,38.82,38.97,,242000.0
2007-02-12,39.04,39.19,38.96,39.06,,315300.0
2007-02-13,39.28,39.28,38.66,38.76,,280200.0
2007-02-14,38.76,38.84,38.5,38.68,,600700.0
2007-02-15,38.68,38.82,38.57,38.62,,458900.0
2007-02-16,38.63,38.9,38.51,38.8,,182700.0
2007-02-20,38.66,39.38,38.64,39.31,,494700.0
2007-02-21,39.19,39.44,39.03,39.18,,283500.0
2007-02-22,39.19,39.37,39.0,39.32,,274000.0
2007-02-23,39.25,39.36,39.04,39.21,,255100.0
2007-02-26,39.2,39.42,38.99,39.03,,622000.0
2007-02-27,38.45,38.79,37.83,38.06,,721800.0
2007-02-28,38.16,38.39,37.76,38.13,,795800.0
2007-03-01,37.76,38.59,37.47,38.3,,609400.0
2007-03-02,38.27,38.27,37.62,37.63,,370900.0
2007-03-05,37.51,37.82,37.21,37.21,,624100.0
2007-03-06,37.35,37.89,37.28,37.77,,800100.0
2007-03-07,37.71,38.02,37.63,37.86,,512500.0
2007-03-08,37.98,38.06,37.34,37.49,,888500.0
2007-03-09,37.72,37.72,37.17,37.29,,384800.0
2007-03-12,37.35,37.88,37.32,37.67,,412600.0
2007-03-13,37.51,37.52,36.94,36.99,,263100.0
2007-03-14,37.01,37.14,36.58,37.09,,778400.0
2007-03-15,37.09,37.22,36.77,37.06,,552500.0
2007-03-16,37.14,37.23,36.68,36.91,,426800.0
2007-03-19,37.22,37.36,36.97,37.09,,603700.0
2007-03-20,37.06,37.38,37.05,37.36,,397900.0
2007-03-21,37.36,37.99,37.32,37.78,,374900.0
2007-03-22,38.53,38.53,37.69,37.86,,253200.0
2007-03-23,37.9,37.95,37.6,37.6,,484700.0
2007-03-26,37.71,37.71,37.22,37.36,,258200.0
2007-03-27,37.32,37.72,37.28,37.65,,320300.0
2007-03-28,37.56,37.61,37.18,37.55,,300100.0
2007-03-29,37.7,37.76,37.41,37.6,,341800.0
2007-03-30,37.55,37.84,37.55,37.78,,415900.0
2007-04-02,37.88,38.06,37.66,37.79,,365900.0
2007-04-03,37.93,38.07,37.73,37.76,,270900.0
2007-04-04,37.81,38.37,37.67,38.34,,451800.0
2007-04-05,38.39,38.39,38.1,38.27,,212600.0
2007-04-09,38.26,38.42,37.97,38.34,,261900.0
2007-04-10,38.34,38.59,38.29,38.54,,525500.0
2007-04-11,38.58,39.39,38.47,39.27,,965000.0
2007-04-12,39.12,39.16,38.57,38.87,,861400.0
2007-04-13,38.91,39.88,38.75,39.28,,389400.0
2007-04-16,39.5,39.72,39.39,39.61,,556700.0
2007-04-17,36.0,36.97,35.67,36.22,,6121900.0
2007-04-18,35.9,36.73,35.85,36.12,,1223500.0
2007-04-19,35.88,36.29,35.77,36.09,,1502100.0
2007-04-20,36.2,36.27,35.68,36.11,,1854800.0
2007-04-23,36.05,36.14,35.68,36.05,,691300.0
2007-04-24,36.01,36.32,35.78,35.96,,956800.0
2007-04-25,35.98,36.09,35.7,35.79,,879200.0
2007-04-26,36.02,36.17,35.5,35.71,,900200.0
2007-04-27,35.64,35.73,35.06,35.27,,1057200.0
2007-04-30,35.32,35.36,34.85,34.88,,967600.0
2007-05-01,34.87,35.2,34.87,35.16,,816000.0
2007-05-02,35.12,35.31,34.85,34.88,,958400.0
2007-05-03,34.82,35.36,34.78,35.36,,1192800.0
2007-05-04,35.18,35.41,34.76,35.0,,1237700.0
2007-05-07,34.98,35.29,34.94,35.18,,791100.0
2007-05-08,34.98,35.69,34.9,35.52,,939300.0
2007-05-09,35.32,35.47,35.06,35.07,,1214700.0
2007-05-10,34.92,35.21,34.82,34.91,,918700.0
2007-05-11,35.1,35.39,35.06,35.2,,606500.0
2007-05-14,35.17,35.23,34.54,34.65,,487400.0
2007-05-15,34.75,34.87,34.17,34.22,,1112400.0
2007-05-16,34.26,34.59,34.23,34.57,,1023000.0
2007-05-17,34.55,35.06,34.53,34.84,,968300.0
2007-05-18,34.86,35.76,34.76,35.69,,1239000.0
2007-05-21,35.66,35.85,35.24,35.71,,899700.0
2007-05-22,35.78,36.23,35.71,36.14,,606300.0
2007-05-23,36.07,36.3,35.95,36.02,,465600.0
2007-05-24,36.02,36.42,35.89,35.95,,621600.0
2007-05-25,36.16,36.34,36.03,36.28,,382500.0
2007-05-29,36.3,36.53,36.13,36.21,,418900.0
2007-05-30,36.18,36.81,36.1,36.5,,892500.0
2007-05-31,36.56,37.22,36.49,36.99,,729700.0
2007-06-01,36.94,37.04,36.7,36.91,,453600.0
2007-06-04,36.67,37.17,36.61,37.17,,858800.0
2007-06-05,36.95,37.27,36.83,37.18,,431400.0
2007-06-06,37.19,37.24,36.79,36.84,,1108300.0
2007-06-07,36.68,36.75,35.99,35.99,,842500.0
2007-06-08,36.3,36.72,36.16,36.65,,415300.0
2007-06-11,36.65,36.77,36.25,36.34,,455900.0
2007-06-12,36.29,36.47,36.04,36.26,,936700.0
2007-06-13,36.44,36.46,36.02,36.24,,567700.0
2007-06-14,36.22,36.61,36.02,36.21,,474700.0
2007-06-15,36.16,36.16,35.97,36.07,,718100.0
2007-06-18,36.11,36.42,35.97,36.37,,534900.0
2007-06-19,36.16,36.41,36.02,36.17,,377300.0
2007-06-20,36.19,36.45,36.06,36.24,,453100.0
2007-06-21,36.07,36.43,35.87,36.27,,439600.0
2007-06-22,36.27,36.31,36.04,36.04,,661300.0
2007-06-25,35.95,36.57,35.89,36.4,,599600.0
2007-06-26,36.6,36.65,36.23,36.42,,596600.0
2007-06-27,36.26,36.85,36.06,36.67,,682100.0
2007-06-28,36.6,36.83,36.4,36.53,,674400.0
2007-06-29,36.65,39.79,36.65,39.21,,4229800.0
2007-07-02,39.14,39.65,39.1,39.61,,1028500.0
2007-07-03,39.6,39.68,39.34,39.39,,203300.0
2007-07-05,39.05,39.19,38.27,39.09,,1116000.0
2007-07-06,39.09,39.36,38.78,39.32,,324900.0
2007-07-09,39.29,39.29,38.8,39.11,,206000.0
2007-07-10,38.9,38.95,38.29,38.33,,372200.0
2007-07-11,38.4,38.58,38.28,38.51,,273700.0
2007-07-12,38.61,38.92,38.27,38.57,,430800.0
2007-07-13,38.51,38.64,38.24,38.58,,280200.0
2007-07-16,38.51,38.61,38.22,38.36,,464500.0
2007-07-17,38.51,38.73,38.32,38.45,,1264700.0
2007-07-18,38.36,38.61,38.04,38.58,,447700.0
2007-07-19,38.54,38.93,38.51,38.86,,260100.0
2007-07-20,38.79,38.82,38.0,38.02,,555100.0
2007-07-23,38.12,38.51,37.73,37.82,,410800.0
2007-07-24,37.6,37.67,36.75,36.93,,545600.0
2007-07-25,37.08,37.5,36.7,37.29,,981400.0
2007-07-26,37.19,37.84,36.29,36.82,,1723400.0
2007-07-27,36.93,37.95,36.63,37.6,,1131400.0
2007-07-30,37.86,38.37,37.67,38.26,,996200.0
2007-07-31,38.43,38.97,38.12,38.37,,956700.0
2007-08-01,38.33,38.73,37.09,37.58,,1465000.0
2007-08-02,37.7,38.34,37.54,38.16,,854300.0
2007-08-03,38.06,38.08,37.11,37.19,,611600.0
2007-08-06,37.23,37.34,36.5,36.94,,922500.0
2007-08-07,36.63,37.05,36.39,36.66,,879800.0
2007-08-08,36.56,36.98,35.35,35.91,,1326900.0
2007-08-09,35.48,35.97,34.95,35.19,,2005800.0
2007-08-10,34.81,35.85,34.75,35.69,,1065400.0
2007-08-13,35.71,36.59,35.71,36.07,,518700.0
2007-08-14,36.07,36.21,35.5,35.54,,799100.0
2007-08-15,35.54,36.1,34.8,34.84,,1122900.0
2007-08-16,34.72,35.86,34.53,35.52,,1103400.0
2007-08-17,36.22,36.22,35.18,35.62,,285500.0
2007-08-20,35.59,35.87,34.93,35.09,,678000.0
2007-08-21,34.98,35.37,34.93,35.21,,634100.0
2007-08-22,35.52,35.73,35.16,35.41,,345500.0
2007-08-23,35.58,35.58,35.14,35.26,,231500.0
2007-08-24,35.16,35.87,35.09,35.77,,327500.0
2007-08-27,35.75,35.91,35.35,35.52,,273000.0
2007-08-28,35.28,35.28,34.7,34.94,,710400.0
2007-08-29,35.12,35.44,35.01,35.41,,260600.0
2007-08-30,35.29,36.12,35.19,35.49,,580900.0
2007-08-31,35.87,36.26,35.45,36.15,,608600.0
2007-09-04,36.07,37.1,35.99,36.9,,504700.0
2007-09-05,36.83,37.56,36.37,37.14,,673200.0
2007-09-06,37.19,37.43,36.4,37.14,,727000.0
2007-09-07,36.79,37.19,36.22,36.64,,571000.0
2007-09-10,36.67,36.98,35.72,35.92,,631400.0
2007-09-11,36.06,36.43,35.64,36.15,,542500.0
2007-09-12,36.12,36.48,35.84,36.12,,435200.0
2007-09-13,36.29,36.79,35.82,36.29,,451100.0
2007-09-14,36.01,36.95,35.45,36.69,,371500.0
2007-09-17,36.52,36.55,35.94,36.16,,404500.0
2007-09-18,36.36,36.46,35.79,36.18,,858800.0
2007-09-19,36.46,36.88,36.4,36.52,,519900.0
2007-09-20,36.53,36.55,35.94,35.96,,522700.0
2007-09-21,36.17,36.17,35.37,35.59,,729800.0
2007-09-24,35.55,35.64,35.15,35.22,,645400.0
2007-09-25,35.19,35.49,35.13,35.31,,297000.0
2007-09-26,35.43,35.53,35.11,35.35,,425000.0
2007-09-27,35.49,35.6,35.19,35.6,,270100.0
2007-09-28,35.6,35.6,35.17,35.31,,382700.0
2007-10-01,35.22,35.52,35.21,35.47,,858900.0
2007-10-02,35.45,35.94,35.25,35.8,,616300.0
2007-10-03,35.67,36.04,35.67,35.88,,638000.0
2007-10-04,36.01,36.05,35.64,35.72,,205000.0
2007-10-05,35.91,36.23,35.74,36.23,,292000.0
2007-10-08,36.15,36.43,36.12,36.33,,450700.0
2007-10-09,36.35,36.35,36.01,36.28,,263100.0
2007-10-10,36.22,36.23,35.88,36.03,,218900.0
2007-10-11,36.11,36.13,35.4,35.66,,289700.0
2007-10-12,35.76,35.96,35.25,35.4,,361700.0
2007-10-15,35.35,35.41,35.09,35.22,,718600.0
2007-10-16,35.13,35.32,35.06,35.15,,428100.0
2007-10-17,35.36,35.4,35.02,35.25,,388700.0
2007-10-18,35.05,35.36,34.96,35.27,,1313600.0
2007-10-19,35.27,35.38,33.98,34.05,,907200.0
2007-10-22,34.02,34.02,32.97,33.45,,974000.0
2007-10-23,33.51,33.89,33.49,33.86,,480400.0
2007-10-24,33.68,33.84,33.25,33.71,,623600.0
2007-10-25,33.86,34.06,33.18,33.39,,702600.0
2007-10-26,33.76,33.76,33.26,33.51,,389700.0
2007-10-29,33.72,33.77,33.33,33.53,,431900.0
2007-10-30,33.39,33.58,33.25,33.3,,606900.0
2007-10-31,35.5,37.27,35.5,37.08,,3947000.0
2007-11-01,36.89,37.08,36.44,36.53,,1171800.0
2007-11-02,36.74,37.12,35.99,36.71,,1202900.0
2007-11-05,36.46,36.85,36.36,36.54,,523200.0
2007-11-06,36.48,36.62,36.18,36.31,,446600.0
2007-11-07,36.1,36.38,35.96,36.2,,1031100.0
2007-11-08,36.1,36.57,35.92,36.24,,779900.0
2007-11-09,35.9,37.14,35.89,36.75,,907100.0
2007-11-12,36.62,38.5,36.56,38.39,,1736200.0
2007-11-13,38.49,39.22,37.9,39.1,,2011200.0
2007-11-14,39.12,39.6,38.36,38.4,,1127300.0
2007-11-15,38.27,38.92,38.27,38.42,,875300.0
2007-11-16,38.37,39.73,38.37,39.04,,1056100.0
2007-11-19,38.76,39.06,38.46,38.72,,652600.0
2007-11-20,38.49,38.72,37.15,37.55,,1504000.0
2007-11-21,37.46,37.46,36.92,36.96,,435200.0
2007-11-23,37.12,37.87,37.03,37.55,,172900.0
2007-11-26,37.45,37.52,36.65,36.87,,688300.0
2007-11-27,37.14,37.29,36.48,36.66,,609800.0
2007-11-28,36.66,37.04,36.46,36.89,,676000.0
2007-11-29,36.78,36.78,36.12,36.49,,992800.0
2007-11-30,36.73,36.76,35.87,36.14,,759700.0
2007-12-03,35.86,35.96,35.3,35.3,,508900.0
2007-12-04,35.07,35.75,35.07,35.48,,690400.0
2007-12-05,35.78,35.91,35.08,35.35,,971300.0
2007-12-06,35.23,35.81,35.01,35.61,,542800.0
2007-12-07,35.61,35.72,35.21,35.28,,442600.0
2007-12-10,35.13,35.6,35.13,35.54,,302100.0
2007-12-11,35.6,35.6,34.12,34.26,,573100.0
2007-12-12,34.85,34.99,34.24,34.57,,633800.0
2007-12-13,34.52,34.55,33.14,34.3,,1371500.0
2007-12-14,34.11,34.35,33.77,33.96,,552700.0
2007-12-17,33.87,34.42,33.68,33.85,,493300.0
2007-12-18,34.1,34.24,33.42,33.52,,396800.0
2007-12-19,33.3,33.55,32.87,33.0,,512100.0
2007-12-20,33.28,33.32,32.75,32.97,,579900.0
2007-12-21,33.39,33.39,32.04,32.23,,1142800.0
2007-12-24,32.14,33.11,32.11,32.98,,305800.0
2007-12-26,33.08,33.09,32.38,32.92,,351600.0
2007-12-27,32.76,33.01,32.05,32.15,,336900.0
2007-12-28,32.31,32.35,31.54,31.7,,506000.0
2007-12-31,31.59,31.77,31.39,31.46,,516700.0
2008-01-02,31.41,31.58,30.64,30.76,,630600.0
2008-01-03,30.87,30.87,29.94,30.07,,779100.0
2008-01-04,29.72,30.02,29.5,29.8,,971100.0
2008-01-07,29.88,30.07,29.3,29.49,,486900.0
2008-01-08,29.53,29.68,28.49,28.52,,663200.0
2008-01-09,28.43,28.53,27.44,27.53,,1615200.0
2008-01-10,27.4,28.17,27.27,27.85,,606400.0
2008-01-11,27.65,28.04,26.91,27.88,,1036600.0
2008-01-14,28.01,28.18,27.65,27.73,,642200.0
2008-01-15,25.72,25.93,22.36,22.42,,5129100.0
2008-01-16,22.37,23.92,22.16,23.18,,2130100.0
2008-01-17,23.09,23.18,21.82,22.07,,1745900.0
2008-01-18,22.19,22.46,21.67,22.11,,1126000.0
2008-01-22,21.18,22.24,21.12,21.58,,980900.0
2008-01-23,20.89,22.0,20.73,21.54,,1782000.0
2008-01-24,21.54,23.05,21.45,22.82,,1497500.0
2008-01-25,23.02,23.24,22.52,23.18,,1389700.0
2008-01-28,23.14,23.56,22.6,23.56,,1046700.0
2008-01-29,23.81,25.43,23.62,25.24,,1672100.0
2008-01-30,25.13,25.25,25.0,25.19,,2736700.0
2008-01-31,25.01,25.14,24.59,24.95,,886400.0
2008-02-01,24.9,25.28,24.26,25.21,,673900.0
2008-02-04,25.04,25.33,24.9,25.14,,482000.0
2008-02-05,24.62,24.82,24.5,24.71,,635500.0
2008-02-06,24.66,24.94,24.19,24.22,,627500.0
2008-02-07,24.04,24.41,23.89,24.11,,505300.0
2008-02-08,23.98,24.2,23.53,23.89,,548700.0
2008-02-11,23.91,23.99,23.33,23.85,,665000.0
2008-02-12,23.88,24.65,23.73,24.52,,709900.0
2008-02-13,24.65,24.75,24.49,24.68,,424800.0
2008-02-14,24.71,24.81,24.45,24.52,,424200.0
2008-02-15,24.43,24.44,24.03,24.24,,356200.0
2008-02-19,24.33,24.48,23.79,23.93,,421800.0
2008-02-20,23.62,24.22,23.62,24.2,,369800.0
2008-02-21,24.38,24.57,23.88,23.97,,497500.0
2008-02-22,23.88,24.0,22.75,23.44,,484800.0
2008-02-25,23.12,23.64,22.88,23.54,,519700.0
2008-02-26,23.59,24.16,23.42,23.86,,402100.0
2008-02-27,23.7,24.1,23.57,24.02,,371300.0
2008-02-28,23.84,23.99,23.1,23.33,,449900.0
2008-02-29,23.14,23.14,22.64,22.72,,578600.0
2008-03-03,22.38,22.64,21.92,22.2,,469300.0
2008-03-04,21.96,22.21,21.9,22.02,,458900.0
2008-03-05,22.16,22.72,22.03,22.7,,398100.0
2008-03-06,22.55,22.69,22.25,22.3,,403700.0
2008-03-07,22.01,22.45,21.77,21.94,,390000.0
2008-03-10,21.99,22.49,21.8,21.97,,290600.0
2008-03-11,22.52,22.52,21.78,22.18,,302100.0
2008-03-12,22.35,22.52,21.91,22.29,,240000.0
2008-03-13,21.95,22.29,21.65,22.13,,416600.0
2008-03-14,22.4,22.4,21.05,21.45,,583500.0
2008-03-17,20.89,21.04,20.27,20.4,,556000.0
2008-03-18,20.52,21.8,20.5,21.7,,431600.0
2008-03-19,21.77,21.98,21.27,21.27,,402100.0
2008-03-20,21.25,21.69,20.66,21.6,,426300.0
2008-03-24,21.72,22.72,21.7,22.57,,426400.0
2008-03-25,22.65,22.84,22.42,22.69,,658100.0
2008-03-26,22.58,22.73,22.22,22.56,,365200.0
2008-03-27,22.62,22.67,22.23,22.39,,391900.0
2008-03-28,22.38,22.4,21.68,21.74,,380800.0
2008-03-31,21.62,21.63,20.94,21.07,,939900.0
2008-04-01,20.98,22.15,20.96,22.04,,586300.0
2008-04-02,22.37,23.43,21.92,23.14,,955100.0
2008-04-03,23.18,23.8,22.9,23.66,,655400.0
2008-04-04,23.6,24.05,23.19,23.87,,369300.0
2008-04-07,24.27,24.27,23.54,23.85,,275000.0
2008-04-08,23.7,24.66,23.57,24.41,,497700.0
2008-04-09,24.39,24.49,24.08,24.14,,388700.0
2008-04-10,24.09,24.92,23.93,24.6,,356000.0
2008-04-11,24.36,24.54,23.8,24.08,,281700.0
2008-04-14,23.96,24.3,23.9,24.02,,365600.0
2008-04-15,24.19,24.39,23.96,24.27,,233300.0
2008-04-16,24.28,24.83,24.16,24.73,,334800.0
2008-04-17,24.68,25.06,24.6,24.78,,332600.0
2008-04-18,25.09,25.26,24.9,25.11,,260700.0
2008-04-21,24.97,25.14,24.74,25.04,,310800.0
2008-04-22,24.94,24.94,24.27,24.57,,393800.0
2008-04-23,24.69,25.27,24.54,25.23,,322700.0
2008-04-24,25.21,26.39,25.08,26.01,,342900.0
2008-04-25,26.03,26.23,25.53,26.15,,216600.0
2008-04-28,26.07,26.08,25.46,25.88,,604800.0
2008-04-29,24.61,24.62,21.3,22.78,,2830400.0
2008-04-30,22.99,24.58,22.65,24.26,,1109800.0
2008-05-01,24.13,24.13,23.1,24.05,,834300.0
2008-05-02,24.19,24.21,23.58,24.02,,586900.0
2008-05-05,23.78,23.78,22.22,22.46,,1006600.0
2008-05-06,22.29,23.23,22.23,22.99,,682000.0
2008-05-07,23.07,23.07,22.28,22.39,,487600.0
2008-05-08,22.51,22.85,22.38,22.7,,429400.0
2008-05-09,22.44,22.97,22.44,22.68,,312900.0
2008-05-12,22.62,23.19,22.49,23.14,,470000.0
2008-05-13,23.22,24.15,23.22,23.76,,404500.0
2008-05-14,23.78,24.36,23.66,23.79,,529300.0
2008-05-15,23.79,24.39,23.59,24.35,,149300.0
2008-05-16,24.04,24.67,23.49,24.66,,225100.0
2008-05-19,24.36,25.01,24.11,24.15,,409300.0
2008-05-20,24.02,24.88,24.02,24.81,,361700.0
2008-05-21,24.81,25.17,24.8,24.9,,449100.0
2008-05-22,24.88,25.43,24.86,25.06,,285300.0
2008-05-23,24.99,25.04,24.63,24.64,,251800.0
2008-05-27,24.74,25.13,24.22,24.64,,850900.0
2008-05-28,24.7,24.8,24.27,24.4,,478900.0
2008-05-29,24.4,24.75,24.33,24.48,,550600.0
2008-05-30,24.47,24.8,24.24,24.77,,400700.0
2008-06-02,24.65,24.67,23.55,23.81,,458300.0
2008-06-03,23.68,24.09,23.46,23.74,,563900.0
2008-06-04,23.62,24.17,23.47,23.88,,311500.0
2008-06-05,24.03,24.19,23.51,23.94,,661900.0
2008-06-06,23.72,23.78,23.28,23.37,,333800.0
2008-06-09,23.37,23.37,22.41,22.65,,486000.0
2008-06-10,22.53,22.96,22.43,22.9,,465800.0
2008-06-11,22.88,22.9,22.31,22.31,,644300.0
2008-06-12,22.47,22.77,22.25,22.35,,279200.0
2008-06-13,22.64,22.94,22.39,22.61,,380500.0
2008-06-16,22.45,23.03,22.42,22.82,,322700.0
2008-06-17,22.67,23.48,22.67,23.01,,453200.0
2008-06-18,22.71,22.88,22.16,22.81,,484200.0
2008-06-19,22.85,23.23,22.47,23.09,,357300.0
2008-06-20,22.32,23.34,22.15,22.31,,428900.0
2008-06-23,22.39,22.53,21.7,21.7,,215500.0
2008-06-24,21.7,21.72,21.27,21.49,,284000.0
2008-06-25,21.62,22.28,21.29,21.9,,287000.0
2008-06-26,21.54,21.71,20.19,20.31,,1028600.0
2008-06-27,20.31,20.65,19.76,19.9,,4186000.0
2008-06-30,19.8,20.65,19.42,20.36,,1086600.0
2008-07-01,19.93,20.5,19.66,20.42,,976900.0
2008-07-02,20.47,20.76,20.24,20.43,,874000.0
2008-07-03,20.46,20.48,18.98,18.98,,692100.0
2008-07-07,19.08,19.26,18.39,18.7,,1026700.0
2008-07-08,18.55,19.57,18.55,19.56,,518500.0
2008-07-09,19.59,19.79,18.91,19.0,,376600.0
2008-07-10,19.06,19.84,19.06,19.44,,478900.0
2008-07-11,19.18,20.07,18.99,19.57,,671700.0
2008-07-14,19.18,19.98,19.14,19.17,,374000.0
2008-07-15,18.96,19.89,18.49,19.21,,526200.0
2008-07-16,19.23,20.36,19.02,20.31,,531500.0
2008-07-17,20.36,21.18,20.32,20.87,,410500.0
2008-07-18,20.94,21.2,20.58,21.12,,366700.0
2008-07-21,21.08,21.45,20.8,20.86,,194900.0
2008-07-22,20.65,21.49,20.43,21.27,,584900.0
2008-07-23,21.24,22.83,20.97,22.56,,1135400.0
2008-07-24,19.84,23.02,19.84,21.62,,877800.0
2008-07-25,21.56,22.67,21.56,22.18,,532600.0
2008-07-28,22.04,22.04,21.33,21.47,,408700.0
2008-07-29,21.55,22.87,21.49,22.87,,605800.0
2008-07-30,22.8,22.96,21.96,22.37,,575000.0
2008-07-31,22.16,22.45,21.82,21.82,,272500.0
2008-08-01,21.76,22.01,21.04,21.86,,646300.0
2008-08-04,21.67,21.96,20.7,21.27,,459300.0
2008-08-05,21.57,22.6,21.34,22.55,,563600.0
2008-08-06,22.53,23.36,22.29,23.05,,398900.0
2008-08-07,22.79,23.62,22.66,23.05,,469200.0
2008-08-08,23.06,24.01,23.06,23.69,,427600.0
2008-08-11,23.71,24.83,23.61,24.39,,551900.0
2008-08-12,24.5,24.92,24.31,24.81,,418500.0
2008-08-13,24.78,25.79,24.64,25.46,,721700.0
2008-08-14,25.36,26.02,25.03,25.65,,698100.0
2008-08-15,26.01,26.32,25.67,26.14,,576300.0
2008-08-18,26.23,26.44,25.47,25.86,,592000.0
2008-08-19,25.58,25.96,23.81,23.9,,760100.0
2008-08-20,23.73,24.01,22.88,23.11,,826600.0
2008-08-21,22.94,23.1,22.28,22.78,,744700.0
2008-08-22,23.03,23.6,22.89,23.1,,365300.0
2008-08-25,22.87,22.87,22.34,22.37,,259200.0
2008-08-26,22.36,22.44,22.0,22.29,,489800.0
2008-08-27,22.26,22.76,22.26,22.53,,419600.0
2008-08-28,22.42,23.05,22.42,22.89,,426800.0
2008-08-29,22.81,22.98,22.64,22.64,,513000.0
2008-09-02,23.14,23.82,22.87,23.03,,407200.0
2008-09-03,23.02,23.83,22.87,23.48,,444300.0
2008-09-04,23.26,23.8,23.25,23.68,,636400.0
2008-09-05,23.53,23.77,22.84,23.66,,589700.0
2008-09-08,24.49,24.91,23.47,24.04,,547300.0
2008-09-09,23.98,25.17,23.98,24.23,,736400.0
2008-09-10,24.38,24.83,23.84,24.28,,305100.0
2008-09-11,23.73,24.94,23.63,24.6,,371400.0
2008-09-12,24.35,25.04,24.04,24.7,,512400.0
2008-09-15,23.78,24.81,23.75,24.1,,615600.0
2008-09-16,23.5,24.36,23.14,24.3,,766100.0
2008-09-17,23.97,24.02,22.79,23.21,,973500.0
2008-09-18,23.38,25.85,23.35,24.22,,1600100.0
2008-09-19,25.35,27.31,24.82,25.5,,1605200.0
2008-09-22,25.5,25.5,24.24,24.41,,473600.0
2008-09-23,24.36,24.8,23.68,23.88,,591400.0
2008-09-24,23.92,24.02,23.43,23.46,,782500.0
2008-09-25,23.56,23.98,23.46,23.53,,526700.0
2008-09-26,22.99,23.87,22.99,23.82,,1005900.0
2008-09-29,23.53,23.93,22.35,22.8,,1401200.0
2008-09-30,23.27,23.27,22.31,22.62,,963100.0
2008-10-01,22.46,22.95,21.85,22.14,,632400.0
2008-10-02,21.98,22.35,20.49,20.55,,673700.0
2008-10-03,20.87,21.0,18.69,18.84,,912800.0
2008-10-06,18.29,18.67,17.28,18.05,,1295200.0
2008-10-07,18.19,18.42,16.79,16.8,,882200.0
2008-10-08,16.67,16.8,15.58,15.94,,1487800.0
2008-10-09,15.99,16.28,14.75,14.75,,804700.0
2008-10-10,14.07,16.01,13.49,15.42,,1209800.0
2008-10-13,16.26,17.24,15.73,17.24,,296100.0
2008-10-14,17.37,17.78,16.05,16.54,,752700.0
2008-10-15,16.04,16.13,15.2,15.2,,626900.0
2008-10-16,15.24,15.47,14.22,14.63,,1449500.0
2008-10-17,14.28,15.86,14.28,15.13,,778000.0
2008-10-20,15.39,15.91,14.99,15.91,,323100.0
2008-10-21,15.64,16.36,15.59,15.91,,418500.0
2008-10-22,15.25,15.64,14.52,14.76,,444900.0
2008-10-23,14.79,14.82,13.44,14.03,,643400.0
2008-10-24,13.43,13.84,13.12,13.57,,622100.0
2008-10-27,13.34,13.35,12.58,12.58,,414200.0
2008-10-28,12.9,13.65,12.33,13.65,,663800.0
2008-10-29,13.54,14.47,13.52,13.88,,611500.0
2008-10-30,14.21,15.17,14.02,15.14,,689500.0
2008-10-31,15.01,16.25,14.68,15.29,,920200.0
2008-11-03,15.29,15.72,14.99,15.12,,435900.0
2008-11-04,15.47,15.73,14.61,14.72,,766300.0
2008-11-05,14.54,14.96,13.86,13.93,,773300.0
2008-11-06,14.09,15.52,13.62,13.65,,1050800.0
2008-11-07,13.52,14.74,13.52,14.7,,577000.0
2008-11-10,15.03,15.38,14.23,14.36,,503100.0
2008-11-11,14.11,14.52,13.62,13.91,,317500.0
2008-11-12,13.64,13.65,12.77,12.79,,396500.0
2008-11-13,13.15,14.34,12.4,14.31,,659300.0
2008-11-14,13.98,14.27,13.03,13.16,,442600.0
2008-11-17,13.02,13.32,12.6,12.65,,376200.0
2008-11-18,12.72,12.83,11.81,12.29,,598800.0
2008-11-19,12.31,12.58,11.21,11.23,,350700.0
2008-11-20,11.1,12.05,10.72,10.73,,540900.0
2008-11-21,10.92,11.32,10.15,11.3,,717100.0
2008-11-24,11.39,12.55,11.36,12.38,,433200.0
2008-11-25,12.46,12.65,11.89,12.56,,377200.0
2008-11-26,12.45,13.49,12.2,13.31,,744700.0
2008-11-28,12.96,13.94,12.96,13.87,,235100.0
2008-12-01,13.55,13.56,12.11,12.22,,480500.0
2008-12-02,12.23,12.82,12.09,12.73,,635800.0
2008-12-03,12.46,13.55,12.26,13.48,,448200.0
2008-12-04,13.28,13.72,12.4,12.72,,375700.0
2008-12-05,12.8,13.09,12.02,13.04,,618000.0
2008-12-08,13.35,14.43,13.35,14.11,,512700.0
2008-12-09,14.31,14.88,13.7,14.22,,496100.0
2008-12-10,14.31,14.93,14.1,14.36,,313100.0
2008-12-11,14.21,14.72,13.7,13.87,,381500.0
2008-12-12,13.37,14.28,12.95,14.03,,428300.0
2008-12-15,13.99,14.09,12.68,12.99,,380500.0
2008-12-16,13.16,13.96,13.15,13.77,,532200.0
2008-12-17,13.66,14.25,13.47,13.97,,380700.0
2008-12-18,13.72,14.28,13.51,13.91,,445700.0
2008-12-19,14.79,14.96,13.93,14.46,,890500.0
2008-12-22,14.5,14.5,13.47,13.97,,401100.0
2008-12-23,14.37,14.65,13.72,13.9,,635600.0
2008-12-24,13.8,14.04,13.57,13.88,,197200.0
2008-12-26,13.97,14.38,13.79,14.36,,160600.0
2008-12-29,14.23,14.86,14.03,14.21,,366400.0
2008-12-30,14.37,15.23,14.12,15.2,,520300.0
2008-12-31,15.25,16.88,15.25,16.56,,771200.0
2009-01-02,16.6,17.02,16.17,16.95,,528100.0
2009-01-05,16.87,16.87,16.21,16.43,,378700.0
2009-01-06,16.4,17.02,16.4,16.62,,444400.0
2009-01-07,16.27,16.69,16.1,16.25,,567700.0
2009-01-08,14.26,15.89,14.26,15.75,,605700.0
2009-01-09,15.68,15.79,14.94,15.22,,475800.0
2009-01-12,15.31,15.61,15.02,15.29,,608600.0
2009-01-13,15.29,15.73,15.23,15.58,,562800.0
2009-01-14,15.37,15.46,14.84,15.14,,561700.0
2009-01-15,15.13,15.59,14.49,15.42,,442100.0
2009-01-16,15.77,15.91,14.83,15.51,,439700.0
2009-01-20,15.17,15.61,14.63,14.63,,485400.0
2009-01-21,14.87,15.45,14.55,15.4,,362000.0
2009-01-22,15.0,15.05,14.39,14.61,,603600.0
2009-01-23,14.36,14.89,14.15,14.5,,442900.0
2009-01-26,14.43,15.08,14.28,14.56,,498000.0
2009-01-27,14.57,15.22,14.57,14.98,,259800.0
2009-01-28,14.99,15.82,14.99,15.75,,849900.0
2009-01-29,14.33,14.49,12.76,12.88,,2379200.0
2009-01-30,13.07,13.39,12.36,12.48,,804400.0
2009-02-02,12.28,13.06,12.16,12.99,,710300.0
2009-02-03,13.02,13.19,12.39,13.03,,682700.0
2009-02-04,13.06,13.19,12.63,12.91,,561600.0
2009-02-05,12.86,13.0,12.53,12.76,,689300.0
2009-02-06,12.76,13.39,12.7,13.3,,540300.0
2009-02-09,13.22,13.22,12.77,12.93,,545000.0
2009-02-10,12.82,13.15,12.31,12.37,,499500.0
2009-02-11,12.47,12.6,12.16,12.29,,377800.0
2009-02-12,12.07,12.21,11.75,12.16,,687300.0
2009-02-13,12.24,12.47,12.01,12.05,,534700.0
2009-02-17,11.6,11.8,11.48,11.56,,700900.0
2009-02-18,11.58,11.88,11.32,11.77,,581000.0
2009-02-19,12.09,12.09,11.32,11.41,,451300.0
2009-02-20,11.15,11.43,10.76,11.06,,603000.0
2009-02-23,11.19,11.25,10.59,10.62,,453500.0
2009-02-24,10.7,11.31,10.58,11.18,,425200.0
2009-02-25,11.09,11.13,10.45,10.73,,393200.0
2009-02-26,10.91,10.96,10.55,10.57,,377600.0
2009-02-27,10.43,11.15,10.24,10.78,,418300.0
2009-03-02,10.5,10.62,10.24,10.31,,570600.0
2009-03-03,10.49,10.57,10.02,10.08,,380500.0
2009-03-04,10.21,10.71,10.03,10.49,,424200.0
2009-03-05,10.15,10.26,9.7,9.74,,483400.0
2009-03-06,9.83,10.09,9.6,9.93,,465900.0
2009-03-09,10.23,11.29,10.23,10.96,,829600.0
2009-03-10,11.38,12.63,11.3,12.57,,1047400.0
2009-03-11,12.57,13.01,12.37,12.49,,501900.0
2009-03-12,12.51,13.15,12.34,13.07,,567400.0
2009-03-13,12.96,13.25,12.76,12.91,,469200.0
2009-03-16,13.09,13.35,12.63,12.65,,417100.0
2009-03-17,12.68,13.03,12.53,13.03,,447300.0
2009-03-18,13.03,13.4,12.77,13.23,,596300.0
2009-03-19,13.43,13.54,13.03,13.13,,519600.0
2009-03-20,13.25,13.33,12.47,12.52,,609200.0
2009-03-23,12.87,13.55,12.63,13.38,,662000.0
2009-03-24,13.18,13.43,13.11,13.14,,375300.0
2009-03-25,13.21,14.2,13.21,13.95,,545200.0
2009-03-26,14.12,14.74,14.11,14.73,,461500.0
2009-03-27,14.49,14.66,13.82,13.96,,411000.0
2009-03-30,13.37,13.73,13.01,13.23,,405700.0
2009-03-31,13.4,14.26,13.36,13.85,,457300.0
2009-04-01,13.59,14.24,13.41,13.92,,372700.0
2009-04-02,14.3,15.38,14.3,14.97,,470400.0
2009-04-03,14.78,15.14,14.71,15.1,,254600.0
2009-04-06,14.96,15.29,14.69,15.26,,476800.0
2009-04-07,15.2,15.2,14.73,14.85,,653100.0
2009-04-08,14.91,15.29,14.88,15.09,,423400.0
2009-04-09,15.48,16.42,15.31,16.38,,456300.0
2009-04-13,16.28,16.46,15.92,16.37,,300000.0
2009-04-14,16.1,16.14,15.45,15.81,,345300.0
2009-04-15,15.73,16.02,15.54,15.88,,341200.0
2009-04-16,15.99,17.19,15.97,17.08,,484200.0
2009-04-17,17.05,18.04,16.89,17.95,,567300.0
2009-04-20,17.28,17.28,14.27,14.27,,1127300.0
2009-04-21,14.16,15.03,13.89,14.89,,815400.0
2009-04-22,14.71,15.4,14.33,14.95,,684900.0
2009-04-23,15.1,15.38,14.43,15.03,,846200.0
2009-04-24,15.15,15.91,14.98,15.75,,698800.0
2009-04-27,15.55,16.81,15.41,16.68,,804000.0
2009-04-28,15.67,15.94,15.27,15.63,,552100.0
2009-04-29,15.98,16.76,15.37,16.54,,416100.0
2009-04-30,16.57,16.99,16.49,16.55,,371500.0
2009-05-01,16.18,16.52,16.07,16.28,,325200.0
2009-05-04,16.48,16.99,16.37,16.99,,344000.0
2009-05-05,16.94,17.2,16.82,17.06,,404100.0
2009-05-06,17.2,17.35,16.61,17.25,,339100.0
2009-05-07,17.1,17.44,16.18,16.39,,346700.0
2009-05-08,16.68,17.27,16.54,17.27,,362800.0
2009-05-11,17.25,17.25,16.8,16.95,,251200.0
2009-05-12,17.01,17.17,16.31,16.66,,224300.0
2009-05-13,16.32,16.32,15.54,15.61,,386500.0
2009-05-14,15.74,16.56,15.57,16.21,,337200.0
2009-05-15,16.2,16.66,16.2,16.33,,303400.0
2009-05-18,16.5,16.97,16.35,16.92,,439500.0
2009-05-19,16.89,17.21,16.75,16.97,,378700.0
2009-05-20,17.11,17.47,16.75,16.78,,568000.0
2009-05-21,16.63,16.8,16.38,16.64,,527900.0
2009-05-22,16.73,17.04,16.55,16.63,,364500.0
2009-05-26,16.44,17.61,16.3,17.47,,365800.0
2009-05-27,17.32,17.62,17.07,17.08,,331300.0
2009-05-28,17.18,17.5,16.72,17.06,,522100.0
2009-05-29,17.19,17.32,16.86,17.32,,402800.0
2009-06-01,17.65,18.28,17.61,18.08,,640500.0
2009-06-02,18.06,18.23,17.78,18.09,,514300.0
2009-06-03,17.91,18.11,17.63,17.84,,311400.0
2009-06-04,17.87,18.19,17.77,17.99,,228100.0
2009-06-05,18.12,18.32,17.89,18.1,,284600.0
2009-06-08,18.1,18.1,17.61,17.8,,230700.0
2009-06-09,17.8,17.88,17.43,17.46,,343800.0
2009-06-10,17.49,17.49,16.33,16.75,,519500.0
2009-06-11,16.86,17.09,16.7,16.81,,586400.0
2009-06-12,16.71,16.8,16.11,16.75,,287000.0
2009-06-15,16.52,16.64,15.86,15.99,,313200.0
2009-06-16,16.15,16.21,15.52,15.53,,345500.0
2009-06-17,15.61,15.88,15.37,15.64,,371200.0
2009-06-18,15.59,15.74,15.37,15.6,,497600.0
2009-06-19,15.85,15.85,15.24,15.39,,583400.0
2009-06-22,15.28,15.67,14.91,14.91,,455100.0
2009-06-23,14.93,15.24,14.93,14.94,,324500.0
2009-06-24,14.96,15.12,14.86,15.08,,313800.0
2009-06-25,14.91,15.19,14.78,15.17,,270400.0
2009-06-26,15.02,15.61,15.02,15.47,,646300.0
2009-06-29,15.28,15.46,15.1,15.18,,347800.0
2009-06-30,15.26,15.59,15.14,15.23,,279700.0
2009-07-01,15.44,15.76,15.34,15.6,,209200.0
2009-07-02,15.25,15.25,14.76,14.86,,164700.0
2009-07-06,14.74,14.85,14.28,14.47,,243500.0
2009-07-07,14.41,14.53,14.05,14.11,,298200.0
2009-07-08,14.27,14.33,13.73,13.79,,345800.0
2009-07-09,14.01,14.01,13.61,13.67,,459100.0
2009-07-10,13.62,13.99,13.62,13.83,,253200.0
2009-07-13,13.84,14.04,13.48,13.98,,571600.0
2009-07-14,13.95,14.12,13.73,13.89,,722800.0
2009-07-15,14.14,14.16,13.83,13.98,,731100.0
2009-07-16,13.95,14.53,13.95,14.52,,561500.0
2009-07-17,14.42,14.76,14.33,14.76,,722900.0
2009-07-20,14.84,15.02,14.76,14.91,,393900.0
2009-07-21,15.05,15.22,14.86,15.2,,348000.0
2009-07-22,15.11,15.81,15.0,15.58,,749700.0
2009-07-23,15.96,18.17,15.82,17.81,,1939500.0
2009-07-24,17.59,17.66,17.3,17.54,,339000.0
2009-07-27,17.63,17.99,17.57,17.65,,422800.0
2009-07-28,17.65,18.25,17.65,18.21,,597800.0
2009-07-29,17.96,18.32,17.96,18.18,,299500.0
2009-07-30,18.47,18.77,18.28,18.64,,594900.0
2009-07-31,18.55,19.16,18.55,18.91,,498600.0
2009-08-03,19.02,19.48,18.69,19.43,,533100.0
2009-08-04,19.26,20.3,19.25,20.3,,651500.0
2009-08-05,20.28,20.28,19.74,19.98,,480300.0
2009-08-06,19.97,20.62,19.78,20.39,,560500.0
2009-08-07,20.68,21.34,20.53,21.23,,408200.0
2009-08-10,20.98,21.48,20.58,21.28,,453000.0
2009-08-11,21.24,21.24,20.79,20.98,,430300.0
2009-08-12,20.86,22.05,20.8,21.5,,691100.0
2009-08-13,21.65,22.06,21.52,22.06,,540300.0
2009-08-14,22.09,22.09,21.67,21.95,,422600.0
2009-08-17,21.49,21.67,20.69,21.0,,648800.0
2009-08-18,20.89,21.92,20.7,21.83,,415200.0
2009-08-19,21.02,22.22,20.73,22.18,,346200.0
2009-08-20,22.08,23.1,22.07,23.01,,555300.0
2009-08-21,23.14,23.86,22.78,23.77,,696900.0
2009-08-24,23.81,23.97,23.51,23.61,,505300.0
2009-08-25,23.63,23.89,23.28,23.76,,404200.0
2009-08-26,23.66,24.11,23.6,23.86,,203700.0
2009-08-27,24.05,24.13,22.83,23.4,,249400.0
2009-08-28,23.57,23.7,22.78,22.97,,281100.0
2009-08-31,22.45,22.62,21.62,21.97,,710100.0
2009-09-01,21.72,22.39,21.13,21.43,,498400.0
2009-09-02,21.41,21.41,20.8,20.92,,372800.0
2009-09-03,20.92,20.92,20.92,20.92,,762600.0
2009-09-04,21.06,21.3,20.88,21.26,,221000.0
2009-09-08,21.41,21.69,21.14,21.44,,175300.0
2009-09-09,21.45,22.09,21.35,22.05,,210000.0
2009-09-10,21.97,22.33,21.61,22.26,,155700.0
2009-09-11,22.24,22.24,21.75,21.97,,324700.0
2009-09-14,21.78,21.81,21.53,21.77,,305000.0
2009-09-15,21.79,21.79,21.54,21.68,,314100.0
2009-09-16,21.69,21.88,21.43,21.82,,365000.0
2009-09-17,21.77,22.18,21.72,21.89,,342600.0
2009-09-18,21.96,21.97,21.59,21.89,,645800.0
2009-09-21,21.56,21.93,21.55,21.76,,404200.0
2009-09-22,21.76,21.96,21.64,21.92,,402600.0
2009-09-23,21.92,22.01,21.66,21.66,,262500.0
2009-09-24,21.67,21.76,21.24,21.35,,409200.0
2009-09-25,21.25,21.38,20.86,20.9,,203400.0
2009-09-28,21.06,21.57,20.87,21.43,,198200.0
2009-09-29,21.38,21.53,21.21,21.25,,265200.0
2009-09-30,21.33,21.47,20.94,21.19,,334000.0
2009-10-01,21.18,21.19,20.87,20.9,,263900.0
2009-10-02,20.72,21.16,20.72,21.07,,308600.0
2009-10-05,21.23,21.37,21.01,21.24,,290800.0
2009-10-06,21.49,21.49,21.14,21.28,,239000.0
2009-10-07,21.28,21.35,21.11,21.33,,248500.0
2009-10-08,21.6,21.98,21.3,21.94,,1183100.0
2009-10-09,21.89,22.48,21.84,22.43,,164500.0
2009-10-12,22.57,22.76,22.22,22.36,,101000.0
2009-10-13,22.4,22.45,21.91,21.92,,190200.0
2009-10-14,22.28,22.28,21.91,22.22,,165300.0
2009-10-15,22.11,22.36,21.98,22.24,,139200.0
2009-10-16,22.02,22.25,21.57,21.9,,159100.0
2009-10-19,21.9,22.37,21.81,22.33,,165200.0
2009-10-20,22.3,22.3,21.64,21.78,,146600.0
2009-10-21,21.72,22.42,21.72,21.91,,340700.0
2009-10-22,21.84,22.46,21.75,22.31,,170500.0
2009-10-23,22.33,22.45,21.81,22.0,,244400.0
2009-10-26,21.95,22.67,21.69,21.87,,267100.0
2009-10-27,21.92,22.28,21.63,21.66,,175700.0
2009-10-28,21.67,21.83,21.04,21.07,,154300.0
2009-10-29,21.35,21.4,20.99,21.14,,138800.0
2009-10-30,20.96,21.0,19.91,20.05,,343200.0
2009-11-02,20.1,20.17,19.44,19.74,,245900.0
2009-11-03,19.56,20.08,19.52,20.03,,194500.0
2009-11-04,20.04,20.18,19.23,19.24,,301800.0
2009-11-05,18.51,18.51,17.95,18.3,,562000.0
2009-11-06,18.05,18.49,17.93,18.39,,312200.0
2009-11-09,18.49,18.8,18.47,18.74,,334300.0
2009-11-10,17.39,18.47,17.39,17.82,,644500.0
2009-11-11,18.02,18.17,17.79,18.11,,357400.0
2009-11-12,18.1,18.24,17.98,18.03,,349900.0
2009-11-13,18.19,18.47,18.01,18.37,,347000.0
2009-11-16,18.47,19.33,18.47,19.19,,406900.0
2009-11-17,19.08,19.08,18.6,18.68,,132100.0
2009-11-18,18.39,18.57,17.8,18.54,,351800.0
2009-11-19,18.72,18.74,18.29,18.51,,410900.0
2009-11-20,18.37,18.57,18.28,18.45,,258700.0
2009-11-23,18.7,19.23,18.61,19.09,,280000.0
2009-11-24,19.21,19.24,18.7,19.15,,257600.0
2009-11-25,19.22,19.22,18.91,19.0,,151500.0
2009-11-27,18.37,18.63,18.26,18.41,,89600.0
2009-11-30,18.23,18.31,17.45,18.0,,437600.0
2009-12-01,18.0,18.0,18.0,18.0,,557700.0
2009-12-02,17.96,18.67,17.87,18.36,,386100.0
2009-12-03,18.45,18.67,18.0,18.02,,312000.0
2009-12-04,18.32,18.9,18.23,18.82,,304600.0
2009-12-07,18.74,19.06,18.74,18.86,,196000.0
2009-12-08,18.63,19.02,18.25,18.89,,285800.0
2009-12-09,18.78,18.82,18.34,18.7,,345200.0
2009-12-10,18.85,19.03,18.21,18.3,,391600.0
2009-12-11,18.33,19.11,18.31,19.07,,287200.0
2009-12-14,19.17,19.8,19.1,19.8,,356200.0
2009-12-15,18.78,19.8,18.78,19.5,,472700.0
2009-12-16,19.65,19.99,19.59,19.93,,512500.0
2009-12-17,19.91,19.99,19.68,19.76,,525200.0
2009-12-18,19.97,20.47,19.86,20.05,,651700.0
2009-12-21,19.99,20.88,19.92,20.74,,319400.0
2009-12-22,20.89,20.89,20.59,20.71,,247600.0
2009-12-23,20.66,20.98,20.61,20.85,,273900.0
2009-12-24,20.87,21.23,20.68,21.23,,104800.0
2009-12-28,21.21,21.22,21.02,21.1,,226400.0
2009-12-29,21.1,21.32,20.91,21.21,,139600.0
2009-12-30,21.1,21.36,21.0,21.23,,172200.0
2009-12-31,21.27,21.42,21.04,21.04,,247700.0
2010-01-04,21.11,21.49,21.11,21.37,,304100.0
2010-01-05,21.27,21.33,21.17,21.18,,205500.0
2010-01-06,21.17,21.4,21.16,21.25,,209000.0
2010-01-07,21.22,21.33,21.21,21.27,,182900.0
2010-01-08,21.27,21.38,21.16,21.23,,240600.0
2010-01-11,21.32,21.44,21.18,21.24,,131200.0
2010-01-12,21.13,21.33,21.09,21.26,,368500.0
2010-01-13,21.27,21.83,21.14,21.63,,321200.0
2010-01-14,21.61,21.85,21.54,21.72,,143800.0
2010-01-15,21.85,21.9,21.4,21.78,,351400.0
2010-01-19,21.71,22.48,21.71,22.47,,397400.0
2010-01-20,22.29,22.4,21.83,22.32,,494100.0
2010-01-21,22.3,22.64,21.75,21.76,,317100.0
2010-01-22,21.79,22.24,21.41,21.61,,227700.0
2010-01-25,21.77,22.11,21.68,22.06,,376300.0
2010-01-26,22.06,22.9,21.92,22.63,,792300.0
2010-01-27,22.64,22.89,21.94,22.4,,391400.0
2010-01-28,22.41,22.41,21.58,21.93,,335600.0
2010-01-29,22.08,22.36,21.65,21.65,,443000.0
2010-02-01,21.92,21.92,21.33,21.73,,278500.0
2010-02-02,21.72,21.89,21.32,21.49,,201600.0
2010-02-03,21.35,21.77,21.22,21.25,,217300.0
2010-02-04,21.23,21.25,20.29,20.36,,359100.0
2010-02-05,20.33,20.36,19.57,20.21,,455300.0
2010-02-08,20.06,20.06,19.29,19.69,,478000.0
2010-02-09,19.97,20.8,19.79,20.59,,328400.0
2010-02-10,20.54,20.69,20.33,20.47,,255700.0
2010-02-11,20.36,20.76,20.23,20.74,,258200.0
2010-02-12,20.53,20.87,20.47,20.79,,209200.0
2010-02-16,20.92,21.18,20.58,21.18,,145200.0
2010-02-17,21.24,21.6,21.14,21.54,,179900.0
2010-02-18,21.72,22.15,21.63,22.14,,212900.0
2010-02-19,22.15,22.64,22.06,22.46,,241600.0
2010-02-22,22.41,22.69,22.41,22.61,,310300.0
2010-02-23,22.52,22.7,22.31,22.33,,102300.0
2010-02-24,22.35,22.95,22.35,22.75,,161200.0
2010-02-25,22.37,22.75,22.22,22.69,,95100.0
2010-02-26,22.78,22.78,22.38,22.69,,268700.0
2010-03-01,22.96,23.61,22.96,23.55,,369500.0
2010-03-02,23.57,23.6,23.31,23.52,,288200.0
2010-03-03,23.65,23.66,23.27,23.39,,153800.0
2010-03-04,23.34,23.65,23.33,23.37,,216100.0
2010-03-05,23.58,24.21,23.49,24.16,,239000.0
2010-03-08,24.06,24.21,23.77,23.81,,240600.0
2010-03-09,23.62,24.39,23.56,24.28,,391800.0
2010-03-10,24.22,24.49,23.97,24.42,,225500.0
2010-03-11,24.18,24.97,24.08,24.95,,221200.0
2010-03-12,24.94,25.27,24.69,25.17,,459500.0
2010-03-15,25.22,25.24,24.83,24.95,,329100.0
2010-03-16,24.75,25.41,24.62,25.3,,352400.0
2010-03-17,25.44,25.96,25.42,25.73,,330800.0
2010-03-18,25.64,25.89,25.32,25.35,,238200.0
2010-03-19,25.48,25.68,25.04,25.16,,452000.0
2010-03-22,25.04,26.25,25.04,26.14,,260700.0
2010-03-23,26.12,26.29,25.84,26.16,,231700.0
2010-03-24,25.97,26.5,25.97,26.25,,220500.0
2010-03-25,26.31,26.68,25.98,26.04,,230000.0
2010-03-26,26.02,26.19,25.43,25.46,,282900.0
2010-03-29,25.62,25.71,25.09,25.2,,336800.0
2010-03-30,25.29,25.74,25.2,25.37,,345200.0
2010-03-31,25.36,25.92,25.03,25.04,,326500.0
2010-04-01,25.17,25.47,24.68,25.18,,310300.0
2010-04-05,25.23,25.8,25.13,25.71,,260800.0
2010-04-06,25.54,25.96,25.54,25.62,,292500.0
2010-04-07,25.57,25.57,24.73,25.01,,210700.0
2010-04-08,24.85,25.37,24.59,25.01,,215400.0
2010-04-09,25.01,25.01,24.46,24.94,,188800.0
2010-04-12,25.0,25.08,24.61,24.87,,151000.0
2010-04-13,24.89,25.26,24.7,25.08,,162600.0
2010-04-14,25.14,25.28,25.02,25.23,,143500.0
2010-04-15,25.23,25.27,24.99,25.06,,131900.0
2010-04-16,25.03,25.26,24.64,24.7,,174000.0
2010-04-19,24.52,24.83,24.31,24.68,,148700.0
2010-04-20,24.72,25.07,24.6,24.69,,246100.0
2010-04-21,24.63,25.11,24.5,24.87,,192600.0
2010-04-22,24.48,24.8,24.34,24.69,,219700.0
2010-04-23,24.69,25.67,24.55,25.54,,340100.0
2010-04-26,25.45,25.56,25.1,25.3,,132100.0
2010-04-27,25.16,25.53,24.63,24.66,,194700.0
2010-04-28,24.94,25.01,23.89,23.93,,370400.0
2010-04-29,21.74,22.05,19.92,21.81,,1014700.0
2010-04-30,21.77,21.85,20.81,20.81,,578500.0
2010-05-03,20.78,21.51,20.62,21.22,,592700.0
2010-05-04,20.81,21.82,20.72,21.69,,523800.0
2010-05-05,21.61,22.11,21.32,21.76,,491800.0
2010-05-06,21.67,22.0,20.09,21.74,,684700.0
2010-05-07,21.45,22.15,21.09,21.61,,711900.0
2010-05-10,22.34,22.41,21.52,21.93,,494600.0
2010-05-11,21.74,22.31,21.74,21.92,,548500.0
2010-05-12,21.95,22.47,21.87,22.31,,498800.0
2010-05-13,22.19,23.41,22.19,23.18,,505700.0
2010-05-14,23.09,23.17,22.52,22.71,,328700.0
2010-05-17,22.85,23.4,22.05,22.46,,456800.0
2010-05-18,22.61,23.0,22.3,22.5,,367000.0
2010-05-19,22.51,22.81,22.02,22.34,,421200.0
2010-05-20,21.92,22.43,21.54,21.55,,495700.0
2010-05-21,21.38,21.91,21.2,21.8,,409000.0
2010-05-24,21.7,22.15,21.52,21.76,,277900.0
2010-05-25,21.34,22.6,21.1,22.39,,597600.0
2010-05-26,22.39,22.82,22.19,22.58,,717400.0
2010-05-27,22.87,22.94,22.25,22.81,,682300.0
2010-05-28,22.69,23.12,22.55,22.94,,592500.0
2010-06-01,22.78,22.78,21.54,21.56,,543700.0
2010-06-02,21.77,22.32,21.34,22.3,,507700.0
2010-06-03,22.15,22.64,22.04,22.4,,418200.0
2010-06-04,22.09,22.1,21.25,21.28,,406700.0
2010-06-07,21.27,21.52,20.7,20.74,,387100.0
2010-06-08,20.82,21.02,20.14,20.92,,406300.0
2010-06-09,21.03,21.56,20.99,21.21,,403600.0
2010-06-10,21.48,22.17,21.48,21.85,,542200.0
2010-06-11,21.76,22.15,21.64,21.87,,218500.0
2010-06-14,22.16,23.03,22.16,22.74,,480500.0
2010-06-15,22.99,23.83,22.9,23.78,,441400.0
2010-06-16,23.62,24.03,23.39,23.78,,376700.0
2010-06-17,23.96,24.52,23.85,24.34,,524400.0
2010-06-18,24.34,24.78,24.0,24.05,,644600.0
2010-06-21,24.41,24.76,23.82,23.88,,287400.0
2010-06-22,23.87,24.34,23.16,23.18,,262800.0
2010-06-23,23.1,23.21,22.46,22.7,,405600.0
2010-06-24,22.55,22.89,22.36,22.39,,240200.0
2010-06-25,22.45,22.87,22.13,22.66,,417300.0
2010-06-28,22.7,23.05,22.53,22.66,,229300.0
2010-06-29,22.37,22.51,21.58,21.75,,436100.0
2010-06-30,21.78,22.39,21.47,21.55,,344200.0
2010-07-01,21.58,21.98,21.01,21.82,,415700.0
2010-07-02,21.9,22.27,21.7,21.98,,340600.0
2010-07-06,22.19,22.71,21.65,21.73,,421200.0
2010-07-07,21.8,22.77,21.73,22.7,,457600.0
2010-07-08,22.86,23.06,22.58,22.9,,462100.0
2010-07-09,22.79,23.65,22.79,23.65,,277100.0
2010-07-12,23.61,23.89,23.22,23.52,,400800.0
2010-07-13,23.78,24.06,23.69,23.88,,400700.0
2010-07-14,23.72,24.13,23.72,23.92,,378700.0
2010-07-15,23.87,23.94,23.26,23.5,,476300.0
2010-07-16,23.4,23.45,22.61,22.63,,378300.0
2010-07-19,22.63,22.82,22.01,22.08,,486500.0
2010-07-20,21.85,22.54,21.66,22.51,,390100.0
2010-07-21,22.63,22.71,22.22,22.29,,308300.0
2010-07-22,22.51,23.2,22.42,23.15,,286200.0
2010-07-23,23.02,24.23,22.88,24.18,,377900.0
2010-07-26,24.32,24.91,24.31,24.63,,407100.0
2010-07-27,24.81,24.9,24.2,24.22,,438800.0
2010-07-28,24.13,24.45,23.22,23.3,,542800.0
2010-07-29,23.75,24.6,23.33,24.12,,1015500.0
2010-07-30,23.79,23.91,23.44,23.59,,577500.0
2010-08-02,23.87,24.03,23.44,23.6,,587900.0
2010-08-03,23.41,23.74,23.08,23.34,,382000.0
2010-08-04,23.35,24.07,23.35,24.05,,289200.0
2010-08-05,23.87,24.26,23.43,24.02,,728200.0
2010-08-06,23.69,24.11,23.62,24.0,,194600.0
2010-08-09,24.33,24.66,23.93,24.56,,287500.0
2010-08-10,24.28,24.55,23.89,24.26,,365400.0
2010-08-11,23.82,23.87,23.27,23.34,,486000.0
2010-08-12,22.9,23.12,22.47,22.88,,600000.0
2010-08-13,22.87,23.03,22.47,22.69,,343200.0
2010-08-16,22.63,23.23,22.45,22.98,,392300.0
2010-08-17,23.19,23.56,23.06,23.23,,242600.0
2010-08-18,23.17,23.5,22.87,23.17,,759400.0
2010-08-19,23.06,23.27,22.38,22.39,,369800.0
2010-08-20,22.31,22.53,21.74,22.3,,581200.0
2010-08-23,22.46,22.77,22.19,22.42,,411900.0
2010-08-24,22.17,22.34,21.9,21.93,,513300.0
2010-08-25,21.9,22.82,21.62,22.69,,361000.0
2010-08-26,22.7,22.88,22.17,22.25,,270200.0
2010-08-27,22.5,22.85,22.01,22.79,,309800.0
2010-08-30,22.67,22.85,22.02,22.04,,229200.0
2010-08-31,22.0,22.38,21.76,22.14,,821800.0
2010-09-01,22.47,23.22,22.45,23.15,,340100.0
2010-09-02,23.02,23.37,22.95,23.34,,325000.0
2010-09-03,23.68,24.06,23.48,24.01,,261600.0
2010-09-07,23.84,24.04,23.16,23.21,,288900.0
2010-09-08,23.2,23.75,23.13,23.31,,81400.0
2010-09-09,23.65,23.9,23.35,23.45,,182300.0
2010-09-10,23.55,23.82,23.44,23.64,,185900.0
2010-09-13,23.88,24.58,23.84,24.43,,377600.0
2010-09-14,24.41,24.84,24.28,24.59,,340300.0
2010-09-15,24.6,24.78,24.11,24.56,,255500.0
2010-09-16,24.45,24.72,24.08,24.2,,211800.0
2010-09-17,24.47,24.47,23.7,24.11,,400700.0
2010-09-20,24.14,24.8,23.91,24.7,,259400.0
2010-09-21,24.75,24.77,24.35,24.49,,205300.0
2010-09-22,24.41,24.66,23.89,24.03,,193400.0
2010-09-23,23.82,24.73,23.81,24.02,,227900.0
2010-09-24,24.41,25.01,24.35,25.01,,185700.0
2010-09-27,24.68,24.68,23.88,24.24,,376400.0
2010-09-28,24.39,24.72,23.92,24.66,,327400.0
2010-09-29,24.5,24.82,24.44,24.47,,394200.0
2010-09-30,24.61,24.81,24.07,24.41,,571700.0
2010-10-01,24.7,24.73,24.3,24.53,,1096700.0
2010-10-04,24.41,24.58,23.7,23.85,,230700.0
2010-10-05,24.17,24.8,24.0,24.7,,232600.0
2010-10-06,24.59,24.74,24.09,24.23,,207400.0
2010-10-07,24.45,24.48,23.83,24.2,,178200.0
2010-10-08,24.18,24.64,23.94,24.42,,136700.0
2010-10-11,24.41,24.41,23.9,23.93,,166900.0
2010-10-12,23.95,24.45,23.56,24.31,,152100.0
2010-10-13,24.22,24.77,24.09,24.59,,164700.0
2010-10-14,24.49,24.8,24.49,24.66,,637900.0
2010-10-15,24.79,24.94,24.44,24.57,,649500.0
2010-10-18,24.59,24.74,24.01,24.13,,287800.0
2010-10-19,23.87,24.05,23.26,23.43,,299200.0
2010-10-20,23.56,23.96,23.33,23.88,,189300.0
2010-10-21,23.94,24.36,23.67,24.0,,224000.0
2010-10-22,23.99,24.58,23.96,24.51,,211900.0
2010-10-25,24.68,24.69,24.25,24.28,,178800.0
2010-10-26,24.11,24.65,23.96,24.2,,138100.0
2010-10-27,24.01,24.01,23.33,23.65,,191400.0
2010-10-28,23.81,24.17,23.46,23.7,,113100.0
2010-10-29,23.58,24.0,23.58,23.79,,116500.0
2010-11-01,23.87,23.97,23.35,23.52,,198500.0
2010-11-02,23.79,24.28,23.75,24.19,,263000.0
2010-11-03,24.18,24.65,24.18,24.38,,220700.0
2010-11-04,24.93,25.73,24.74,25.18,,637300.0
2010-11-05,25.26,25.39,25.01,25.22,,287300.0
2010-11-08,25.07,25.34,24.74,24.92,,310000.0
2010-11-09,25.03,25.03,24.52,24.61,,200700.0
2010-11-10,24.67,24.72,24.07,24.22,,459000.0
2010-11-11,23.97,24.14,23.61,23.99,,425500.0
2010-11-12,23.75,23.87,23.37,23.68,,265600.0
2010-11-15,23.77,24.12,23.59,23.71,,200300.0
2010-11-16,23.52,23.52,22.8,23.06,,254400.0
2010-11-17,23.07,23.42,22.88,23.28,,165200.0
2010-11-18,23.59,24.01,23.39,23.6,,194900.0
2010-11-19,23.54,23.7,23.36,23.53,,215100.0
2010-11-22,23.41,23.66,23.07,23.49,,155200.0
2010-11-23,23.11,23.39,22.96,23.28,,245600.0
2010-11-24,23.54,23.98,23.48,23.71,,214900.0
2010-11-26,23.56,23.64,23.41,23.48,,92000.0
2010-11-29,23.36,23.4,22.87,23.36,,163700.0
2010-11-30,23.36,23.36,23.36,23.36,,462400.0
2010-12-01,23.49,24.15,23.46,23.86,,244100.0
2010-12-02,23.94,24.26,23.94,24.2,,185100.0
2010-12-03,24.1,24.32,23.97,24.25,,179300.0
2010-12-06,24.23,24.38,24.17,24.25,,183100.0
2010-12-07,24.47,24.47,23.89,23.92,,207400.0
2010-12-08,23.93,24.18,23.87,23.89,,144600.0
2010-12-09,24.11,24.17,23.84,24.08,,287600.0
2010-12-10,24.15,24.53,24.04,24.37,,254900.0
2010-12-13,24.47,24.47,23.72,23.8,,200600.0
2010-12-14,23.92,24.05,23.77,23.8,,139500.0
2010-12-15,23.81,24.21,23.75,23.76,,229900.0
2010-12-16,23.83,24.21,23.75,23.77,,218400.0
2010-12-17,23.94,23.94,23.5,23.77,,484600.0
2010-12-20,23.81,23.95,23.39,23.42,,250300.0
2010-12-21,23.47,23.53,23.27,23.34,,178300.0
2010-12-22,23.38,23.73,23.37,23.43,,179300.0
2010-12-23,23.48,23.59,23.2,23.2,,83400.0
2010-12-27,23.18,23.7,23.13,23.63,,79900.0
2010-12-28,23.69,23.69,23.19,23.29,,95900.0
2010-12-29,23.38,23.8,23.36,23.74,,120200.0
2010-12-30,23.68,23.75,23.57,23.58,,97900.0
2010-12-31,23.52,23.62,23.14,23.15,,187900.0
2011-01-03,23.36,23.9,23.11,23.34,,190300.0
2011-01-04,23.33,23.44,22.43,22.81,,191400.0
2011-01-05,22.79,22.92,22.65,22.82,,177600.0
2011-01-06,22.8,23.01,22.68,22.9,,177600.0
2011-01-07,23.01,23.13,22.01,22.31,,245100.0
2011-01-10,22.21,22.68,21.95,22.5,,299000.0
2011-01-11,22.55,22.67,22.41,22.51,,335000.0
2011-01-12,22.74,22.93,22.58,22.86,,225600.0
2011-01-13,22.82,22.99,22.75,22.94,,151400.0
2011-01-14,22.95,23.38,22.87,23.32,,216900.0
2011-01-18,23.21,23.85,23.11,23.85,,231300.0
2011-01-19,23.74,23.98,23.25,23.31,,166300.0
2011-01-20,23.13,23.43,22.95,23.33,,206700.0
2011-01-21,23.47,23.47,23.06,23.09,,234000.0
2011-01-24,23.09,23.55,22.91,23.43,,292300.0
2011-01-25,23.25,23.83,23.12,23.79,,313300.0
2011-01-26,23.76,24.63,23.64,24.54,,445300.0
2011-01-27,24.35,26.03,24.29,25.75,,525800.0
2011-01-28,25.76,25.87,25.27,25.41,,484700.0
2011-01-31,25.57,25.72,25.13,25.14,,397300.0
2011-02-01,25.42,25.8,25.25,25.63,,313600.0
2011-02-02,25.47,25.87,25.39,25.54,,334900.0
2011-02-03,25.43,25.44,24.91,24.92,,277500.0
2011-02-04,24.94,25.07,24.51,24.97,,168600.0
2011-02-07,25.0,25.4,24.78,25.37,,206900.0
2011-02-08,25.36,25.6,25.19,25.57,,191000.0
2011-02-09,25.44,25.49,25.11,25.35,,227500.0
2011-02-10,25.2,25.58,24.83,24.93,,231200.0
2011-02-11,24.84,25.49,24.79,25.4,,164600.0
2011-02-14,25.35,25.47,25.09,25.31,,45600.0
2011-02-15,25.27,25.37,25.01,25.22,,109400.0
2011-02-16,25.38,25.59,25.07,25.13,,216400.0
2011-02-17,26.23,28.33,26.23,27.88,,2331800.0
2011-02-18,27.91,28.33,27.91,28.11,,1062100.0
2011-02-22,27.9,28.1,27.47,27.51,,637600.0
2011-02-23,27.61,27.7,26.62,26.74,,265800.0
2011-02-24,26.77,27.52,26.77,27.17,,406600.0
2011-02-25,27.41,28.23,27.41,28.16,,410300.0
2011-02-28,28.26,28.26,27.36,27.71,,345300.0
2011-03-01,27.77,28.01,27.05,27.06,,439700.0
2011-03-02,27.1,27.93,27.03,27.68,,232600.0
2011-03-03,27.89,28.33,27.89,28.14,,352900.0
2011-03-04,28.12,28.16,27.24,27.63,,272800.0
2011-03-07,27.76,27.85,27.08,27.4,,190300.0
2011-03-08,27.5,28.08,27.2,27.89,,208800.0
2011-03-09,27.8,28.02,27.55,27.72,,160400.0
2011-03-10,27.36,27.49,26.87,27.16,,223900.0
2011-03-11,27.05,27.74,26.95,27.49,,171200.0
2011-03-14,27.17,27.84,27.01,27.73,,232500.0
2011-03-15,26.7,28.11,26.7,27.94,,345700.0
2011-03-16,27.79,28.05,27.53,27.66,,363800.0
2011-03-17,28.14,28.18,27.6,27.62,,369500.0
2011-03-18,27.9,28.79,27.84,28.72,,495900.0
2011-03-21,28.91,30.25,28.86,30.2,,446200.0
2011-03-22,30.16,30.46,29.65,29.8,,265100.0
2011-03-23,29.68,30.02,29.31,29.99,,338500.0
2011-03-24,30.2,30.31,29.81,30.23,,276800.0
2011-03-25,30.49,30.74,30.15,30.36,,271500.0
2011-03-28,30.49,30.85,30.37,30.73,,260400.0
2011-03-29,30.61,31.14,30.48,30.72,,562600.0
2011-03-30,30.81,31.09,30.54,31.02,,198300.0
2011-03-31,30.9,31.54,30.56,31.34,,215200.0
2011-04-01,31.51,31.51,31.01,31.03,,326200.0
2011-04-04,31.09,31.29,30.89,31.14,,238600.0
2011-04-05,31.11,31.29,30.91,30.94,,390100.0
2011-04-06,31.06,31.14,30.41,30.73,,1262500.0
2011-04-07,30.8,30.89,30.37,30.48,,305500.0
2011-04-08,30.73,30.74,29.83,30.08,,156200.0
2011-04-11,30.2,30.36,29.59,29.68,,328900.0
2011-04-12,29.52,29.75,29.34,29.43,,123400.0
2011-04-13,29.68,29.84,29.38,29.74,,188900.0
2011-04-14,29.42,29.68,29.12,29.56,,135300.0
2011-04-15,29.56,29.75,29.33,29.75,,215300.0
2011-04-18,29.21,29.21,28.41,28.91,,353600.0
2011-04-19,28.95,29.1,28.47,28.65,,227700.0
2011-04-20,29.15,29.53,29.04,29.42,,277500.0
2011-04-21,29.49,29.5,29.22,29.43,,76000.0
2011-04-25,29.32,29.36,28.72,29.09,,193500.0
2011-04-26,29.11,29.47,28.92,29.2,,160700.0
2011-04-27,29.16,29.49,29.07,29.47,,163300.0
2011-04-28,29.35,29.68,29.35,29.48,,116800.0
2011-04-29,29.54,29.83,29.43,29.62,,164000.0
2011-05-02,29.78,29.8,28.9,28.97,,357700.0
2011-05-03,28.98,29.23,28.53,28.9,,279000.0
2011-05-04,28.9,28.97,28.25,28.85,,270000.0
2011-05-05,28.05,29.05,27.55,28.35,,312700.0
2011-05-06,28.74,29.03,28.2,28.25,,249900.0
2011-05-09,28.21,29.0,28.1,28.91,,516300.0
2011-05-10,29.13,29.65,29.04,29.55,,187100.0
2011-05-11,29.38,29.79,28.74,28.96,,414700.0
2011-05-12,28.89,29.27,28.76,29.03,,451000.0
2011-05-13,29.03,29.14,28.64,28.71,,244800.0
2011-05-16,28.49,28.97,28.38,28.39,,255400.0
2011-05-17,28.11,28.78,28.08,28.36,,194100.0
2011-05-18,28.36,28.94,28.31,28.65,,853300.0
2011-05-19,28.75,28.84,28.48,28.64,,303500.0
2011-05-20,28.51,28.73,28.37,28.48,,247600.0
2011-05-23,28.48,28.69,28.17,28.51,,389200.0
2011-05-24,28.55,28.61,28.04,28.17,,64468.0
2011-05-25,28.04,28.74,28.04,28.57,,85888.0
2011-05-26,28.42,28.86,28.39,28.75,,215400.0
2011-05-27,28.82,28.93,28.75,28.76,,193600.0
2011-05-31,28.98,29.2,28.71,29.02,,585700.0
2011-06-01,28.91,29.06,28.09,28.15,,445700.0
2011-06-02,28.12,28.71,28.08,28.5,,226300.0
2011-06-03,28.03,28.29,27.85,27.95,,275400.0
2011-06-06,27.9,28.29,27.8,28.05,,306800.0
2011-06-07,28.19,28.78,27.9,28.37,,350400.0
2011-06-08,28.22,28.9,28.0,28.04,,297700.0
2011-06-09,28.07,28.72,28.03,28.37,,286000.0
2011-06-10,28.17,28.41,27.92,28.05,,220100.0
2011-06-13,28.14,28.52,28.01,28.14,,282200.0
2011-06-14,28.4,28.77,28.33,28.58,,535700.0
2011-06-15,28.24,28.68,27.91,28.04,,256300.0
2011-06-16,28.08,28.27,27.74,28.13,,243300.0
2011-06-17,28.24,28.64,28.22,28.42,,469000.0
2011-06-20,28.34,29.11,28.28,28.73,,179600.0
2011-06-21,28.84,29.76,28.78,29.46,,339900.0
2011-06-22,29.28,29.59,29.11,29.3,,261300.0
2011-06-23,28.95,29.38,28.71,29.02,,290300.0
2011-06-24,29.06,29.24,28.59,28.75,,760300.0
2011-06-27,28.79,29.36,28.73,29.06,,209200.0
2011-06-28,29.12,29.74,29.08,29.74,,447500.0
2011-06-29,29.78,29.97,29.63,29.75,,351600.0
2011-06-30,29.76,30.6,29.76,29.96,,275500.0
2011-07-01,30.05,30.36,29.83,30.25,,232100.0
2011-07-05,30.19,30.23,29.79,29.94,,182200.0
2011-07-06,29.85,30.42,29.85,30.25,,316700.0
2011-07-07,30.47,30.79,30.41,30.65,,558700.0
2011-07-08,30.26,30.56,30.16,30.29,,261100.0
2011-07-11,29.91,30.19,29.65,29.75,,275800.0
2011-07-12,29.61,29.99,29.47,29.76,,203800.0
2011-07-13,29.94,30.39,29.91,30.08,,214400.0
2011-07-14,30.11,30.29,29.74,29.82,,261400.0
2011-07-15,29.96,29.98,29.52,29.81,,231900.0
2011-07-18,29.68,29.81,29.11,29.48,,285500.0
2011-07-19,29.77,29.93,29.33,29.91,,250500.0
2011-07-20,29.93,30.22,29.64,30.02,,226300.0
2011-07-21,30.12,30.48,30.04,30.09,,195000.0
2011-07-22,30.15,30.18,29.79,29.92,,151300.0
2011-07-25,29.58,30.11,29.57,29.67,,126500.0
2011-07-26,29.69,29.8,29.29,29.31,,165400.0
2011-07-27,29.21,29.22,28.5,28.73,,209900.0
2011-07-28,28.67,29.54,28.65,29.13,,238200.0
2011-07-29,28.75,29.91,28.45,29.51,,322600.0
2011-08-01,29.85,29.99,29.03,29.63,,360700.0
2011-08-02,29.43,29.84,28.78,28.8,,278300.0
2011-08-03,28.94,29.31,27.85,29.15,,263300.0
2011-08-04,29.33,30.35,27.73,27.78,,1224000.0
2011-08-05,28.1,28.15,25.69,26.37,,800000.0
2011-08-08,25.63,26.91,24.21,24.21,,828800.0
2011-08-09,24.69,25.91,23.78,25.84,,934300.0
2011-08-10,25.01,25.62,24.54,24.61,,787700.0
2011-08-11,24.76,25.67,24.67,25.26,,758500.0
2011-08-12,25.51,25.76,24.89,25.5,,327700.0
2011-08-15,25.74,26.24,25.68,26.13,,540800.0
2011-08-16,25.83,26.35,25.7,26.1,,428200.0
2011-08-17,26.28,26.76,26.28,26.53,,587100.0
2011-08-18,25.5,25.78,24.85,25.03,,709400.0
2011-08-19,24.65,25.25,24.23,24.3,,583000.0
2011-08-22,24.81,25.08,24.29,24.38,,481100.0
2011-08-23,24.54,25.51,24.22,25.45,,519600.0
2011-08-24,25.4,25.96,25.13,25.87,,222700.0
2011-08-25,26.08,26.39,25.13,25.2,,479900.0
2011-08-26,24.89,25.54,24.55,25.44,,257800.0
2011-08-29,25.67,26.28,25.62,26.06,,609400.0
2011-08-30,25.88,25.97,25.55,25.6,,667300.0
2011-08-31,25.81,25.98,25.27,25.35,,551100.0
2011-09-01,25.46,25.7,24.73,24.76,,537500.0
2011-09-02,24.14,24.48,23.61,23.66,,294500.0
2011-09-06,22.92,23.73,22.76,23.63,,353800.0
2011-09-07,24.06,24.95,24.0,24.87,,397900.0
2011-09-08,24.7,24.82,23.59,23.79,,328400.0
2011-09-09,23.51,23.63,22.5,22.75,,392200.0
2011-09-12,22.57,23.41,22.26,23.38,,320300.0
2011-09-13,23.52,24.45,23.41,24.26,,472400.0
2011-09-14,24.44,25.01,23.9,24.64,,247100.0
2011-09-15,25.04,25.11,24.58,24.72,,369600.0
2011-09-16,25.47,25.47,24.27,24.33,,612100.0
2011-09-19,23.93,23.94,23.18,23.42,,331600.0
2011-09-20,23.6,23.76,23.11,23.13,,359200.0
2011-09-21,23.2,23.4,22.11,22.14,,258800.0
2011-09-22,21.45,21.7,20.74,21.04,,324800.0
2011-09-23,21.04,21.77,21.04,21.52,,424300.0
2011-09-26,21.71,22.27,21.15,22.14,,563800.0
2011-09-27,22.63,23.2,22.63,22.87,,717300.0
2011-09-28,22.95,23.05,21.96,21.98,,425000.0
2011-09-29,22.48,22.81,21.89,22.54,,510700.0
2011-09-30,22.1,22.59,21.64,21.67,,294900.0
2011-10-03,21.57,21.84,20.1,20.12,,493900.0
2011-10-04,19.91,21.55,19.91,21.44,,907600.0
2011-10-05,21.58,22.94,21.38,22.72,,500000.0
2011-10-06,22.69,23.43,22.53,23.42,,437400.0
2011-10-07,23.5,23.77,22.78,22.94,,340300.0
2011-10-10,23.47,24.05,23.23,24.05,,249300.0
2011-10-11,23.77,24.6,23.73,24.43,,358700.0
2011-10-12,24.62,25.56,24.58,25.14,,379800.0
2011-10-13,24.94,25.04,24.5,24.84,,270700.0
2011-10-14,25.14,25.8,25.06,25.69,,199600.0
2011-10-17,25.39,25.56,24.77,24.87,,362800.0
2011-10-18,24.91,26.11,24.59,25.8,,310500.0
2011-10-19,25.68,26.16,25.17,25.24,,244200.0
2011-10-20,25.36,25.92,24.89,25.77,,263000.0
2011-10-21,26.2,26.63,25.79,26.0,,328800.0
2011-10-24,26.15,26.95,26.05,26.91,,291200.0
2011-10-25,26.77,26.95,26.31,26.41,,334800.0
2011-10-26,26.89,27.21,26.08,27.02,,289700.0
2011-10-27,27.77,29.26,27.55,28.97,,402200.0
2011-10-28,28.68,28.86,27.93,28.18,,244500.0
2011-10-31,27.68,27.84,27.11,27.15,,307000.0
2011-11-01,26.16,26.61,25.42,25.74,,312900.0
2011-11-02,26.18,27.05,26.07,26.99,,328000.0
2011-11-03,28.14,34.11,27.56,33.75,,1590900.0
2011-11-04,33.46,34.2,33.12,33.74,,556600.0
2011-11-07,32.23,33.54,32.06,33.49,,781000.0
2011-11-08,32.72,34.89,32.72,34.78,,697700.0
2011-11-09,33.76,34.66,33.25,33.28,,527300.0
2011-11-10,33.36,34.63,33.36,34.42,,401400.0
2011-11-11,34.81,35.58,34.52,34.78,,630800.0
2011-11-14,34.55,34.64,33.46,33.84,,652800.0
2011-11-15,33.5,35.16,33.49,34.89,,333300.0
2011-11-16,34.32,34.9,33.71,33.74,,296800.0
2011-11-17,33.66,34.0,33.07,33.32,,228600.0
2011-11-18,33.43,34.5,32.92,34.11,,374500.0
2011-11-21,33.43,34.0,33.09,33.43,,413800.0
2011-11-22,33.32,34.25,32.98,33.6,,374100.0
2011-11-23,33.29,33.53,32.69,32.92,,424400.0
2011-11-25,32.75,33.11,32.44,32.57,,192400.0
2011-11-28,33.85,34.58,33.5,34.04,,300600.0
2011-11-29,34.16,34.71,33.74,33.88,,245100.0
2011-11-30,35.27,36.22,35.04,36.11,,694900.0
2011-12-01,35.9,36.46,35.63,35.67,,377500.0
2011-12-02,36.17,36.88,36.0,36.36,,390300.0
2011-12-05,36.96,37.37,36.6,37.04,,422700.0
2011-12-06,36.9,36.95,36.09,36.24,,469200.0
2011-12-07,35.84,37.25,35.53,36.99,,351600.0
2011-12-08,36.59,36.69,36.04,36.12,,526300.0
2011-12-09,36.17,38.22,36.11,37.65,,497000.0
2011-12-12,35.32,37.06,35.32,36.72,,344900.0
2011-12-13,37.02,37.58,35.61,35.75,,297300.0
2011-12-14,35.4,35.7,34.93,35.52,,363800.0
2011-12-15,36.02,36.34,35.26,35.88,,260200.0
2011-12-16,36.12,37.13,35.84,36.14,,770500.0
2011-12-19,36.35,37.06,34.94,35.0,,351700.0
2011-12-20,35.82,36.99,35.82,36.91,,331400.0
2011-12-21,36.69,36.7,35.25,36.16,,218000.0
2011-12-22,36.21,36.69,35.78,36.11,,184300.0
2011-12-23,36.19,36.76,36.0,36.23,,141000.0
2011-12-27,36.14,36.75,35.83,36.56,,123300.0
2011-12-28,36.53,36.53,35.59,35.74,,210900.0
2011-12-29,36.0,36.83,36.0,36.42,,118300.0
2011-12-30,36.26,36.32,35.54,35.6,,182600.0
2012-01-03,36.76,37.41,36.16,36.37,,273600.0
2012-01-04,36.11,36.12,35.03,35.26,,233000.0
2012-01-05,35.07,36.12,34.37,36.04,,204200.0
2012-01-06,35.92,36.19,35.09,35.73,,265300.0
2012-01-09,35.83,35.86,35.18,35.65,,225700.0
2012-01-10,36.17,36.66,36.14,36.49,,182200.0
2012-01-11,36.27,36.89,36.27,36.82,,218900.0
2012-01-12,36.81,36.95,36.38,36.79,,188000.0
2012-01-13,36.2,37.06,35.96,37.0,,212700.0
2012-01-17,37.25,37.45,35.6,35.66,,250600.0
2012-01-18,35.63,36.76,34.82,36.67,,229900.0
2012-01-19,36.82,37.7,36.7,37.52,,222400.0
2012-01-20,37.41,38.13,37.35,37.86,,213600.0
2012-01-23,37.74,37.97,37.11,37.55,,212800.0
2012-01-24,37.37,38.49,37.37,38.39,,263800.0
2012-01-25,38.37,39.28,38.21,38.95,,320100.0
2012-01-26,39.14,39.18,38.56,38.97,,298600.0
2012-01-27,37.73,37.79,34.79,35.77,,835500.0
2012-01-30,35.41,36.42,35.41,36.26,,347700.0
2012-01-31,36.56,36.89,35.91,36.0,,374700.0
2012-02-01,36.1,37.87,35.93,37.83,,418200.0
2012-02-02,37.9,38.27,37.42,37.49,,253200.0
2012-02-03,38.23,38.84,38.16,38.74,,332700.0
2012-02-06,38.41,38.73,37.95,38.28,,251800.0
2012-02-07,38.28,39.19,38.23,38.85,,303800.0
2012-02-08,38.83,39.12,38.07,38.23,,331200.0
2012-02-09,38.45,38.94,38.15,38.72,,364700.0
2012-02-10,38.23,38.72,38.12,38.31,,281400.0
2012-02-13,38.68,39.46,38.55,38.98,,318100.0
2012-02-14,38.81,38.99,38.54,38.96,,255900.0
2012-02-15,39.09,39.52,38.58,38.72,,296000.0
2012-02-16,38.74,40.0,38.7,39.88,,320200.0
2012-02-17,39.93,40.22,39.51,39.93,,245500.0
2012-02-21,39.87,40.25,39.52,39.79,,246600.0
2012-02-22,39.71,40.4,39.56,40.07,,273200.0
2012-02-23,40.04,40.65,39.41,40.48,,263700.0
2012-02-24,40.6,40.64,40.22,40.28,,179700.0
2012-02-27,40.07,40.62,39.76,39.95,,294200.0
2012-02-28,39.94,40.45,39.49,40.28,,356700.0
2012-02-29,40.39,40.75,40.16,40.23,,365500.0
2012-03-01,40.44,41.02,40.35,40.52,,264000.0
2012-03-02,40.45,40.45,39.14,39.51,,239200.0
2012-03-05,39.33,40.3,39.13,39.99,,207800.0
2012-03-06,39.54,39.8,39.14,39.44,,209400.0
2012-03-07,39.45,40.06,39.3,39.79,,241200.0
2012-03-08,40.15,41.15,39.78,41.02,,242100.0
2012-03-09,41.03,41.75,40.9,41.64,,293600.0
2012-03-12,41.58,41.97,41.32,41.72,,281800.0
2012-03-13,41.95,42.74,41.72,42.74,,428700.0
2012-03-14,42.63,42.97,41.96,42.29,,212500.0
2012-03-15,42.19,42.89,41.93,42.89,,241800.0
2012-03-16,42.94,43.02,42.59,42.73,,482300.0
2012-03-19,42.73,43.29,42.38,42.59,,272400.0
2012-03-20,42.22,42.91,42.13,42.55,,192700.0
2012-03-21,42.66,42.96,42.47,42.62,,236800.0
2012-03-22,42.12,42.97,41.92,42.72,,210000.0
2012-03-23,42.69,43.16,42.15,43.13,,238200.0
2012-03-26,43.62,44.08,43.35,43.77,,289300.0
2012-03-27,43.77,43.98,43.33,43.33,,242000.0
2012-03-28,43.28,43.35,42.14,42.68,,263000.0
2012-03-29,42.48,43.44,42.48,43.1,,360200.0
2012-03-30,43.49,44.02,43.49,43.63,,352100.0
2012-04-02,43.58,44.2,43.29,44.07,,261500.0
2012-04-03,43.98,43.99,42.45,42.79,,475400.0
2012-04-04,42.09,42.37,41.7,42.19,,320500.0
2012-04-05,41.9,42.34,41.82,42.05,,244000.0
2012-04-09,41.14,42.13,41.1,41.65,,214100.0
2012-04-10,41.64,41.77,40.72,40.73,,307100.0
2012-04-11,41.19,42.06,40.82,42.05,,253800.0
2012-04-12,42.1,42.7,42.06,42.18,,166200.0
2012-04-13,41.94,42.23,41.58,41.76,,192400.0
2012-04-16,41.96,42.56,41.33,41.9,,180000.0
2012-04-17,42.4,42.95,42.4,42.59,,154300.0
2012-04-18,42.23,42.38,41.87,42.13,,119900.0
2012-04-19,42.17,42.68,41.09,41.36,,188600.0
2012-04-20,41.71,43.01,41.71,42.16,,268700.0
2012-04-23,41.29,41.64,40.8,41.49,,177700.0
2012-04-24,41.57,42.01,41.22,41.42,,198600.0
2012-04-25,42.04,42.92,41.83,42.79,,258600.0
2012-04-26,42.79,44.73,41.29,43.05,,333000.0
2012-04-27,43.07,44.22,42.9,44.05,,328400.0
2012-04-30,43.84,43.88,42.61,42.64,,299000.0
2012-05-01,42.64,43.72,42.18,42.61,,258200.0
2012-05-02,42.18,43.05,41.67,42.94,,217000.0
2012-05-03,42.95,42.95,41.78,42.0,,230400.0
2012-05-04,41.65,41.86,40.97,41.26,,256700.0
2012-05-07,41.21,41.86,41.2,41.32,,245000.0
2012-05-08,41.18,41.75,40.66,41.57,,322200.0
2012-05-09,41.04,41.39,40.86,41.18,,265000.0
2012-05-10,41.41,41.62,40.59,41.29,,305700.0
2012-05-11,41.0,41.46,41.0,41.24,,245000.0
2012-05-14,40.79,41.37,40.64,40.81,,257000.0
2012-05-15,40.75,41.45,40.49,40.71,,281000.0
2012-05-16,40.88,41.3,40.5,40.51,,254900.0
2012-05-17,40.5,40.58,39.6,39.75,,260800.0
2012-05-18,39.72,40.49,39.5,39.7,,267400.0
2012-05-21,39.71,41.1,39.15,40.94,,274300.0
2012-05-22,40.83,41.22,40.48,40.86,,255000.0
2012-05-23,40.59,41.22,39.97,41.11,,262000.0
2012-05-24,41.15,41.22,40.62,41.01,,196500.0
2012-05-25,41.02,41.41,40.67,40.81,,146700.0
2012-05-29,41.15,41.38,40.18,40.57,,337800.0
2012-05-30,40.18,40.41,39.94,39.98,,174700.0
2012-05-31,40.03,41.12,39.31,40.43,,834000.0
2012-06-01,39.3,39.92,38.25,38.31,,315500.0
2012-06-04,38.5,38.78,37.81,38.29,,261400.0
2012-06-05,37.98,38.83,37.96,38.79,,501500.0
2012-06-06,38.97,39.79,38.97,39.79,,257800.0
2012-06-07,40.13,40.83,39.51,39.95,,345300.0
2012-06-08,39.85,40.53,39.26,40.47,,167300.0
2012-06-11,40.79,41.27,40.52,40.59,,424500.0
2012-06-12,40.71,41.21,40.46,41.14,,369400.0
2012-06-13,40.97,41.37,40.64,41.06,,347500.0
2012-06-14,41.05,41.29,40.39,40.77,,231600.0
2012-06-15,40.77,40.98,40.53,40.83,,634300.0
2012-06-18,40.57,41.26,40.28,41.13,,209600.0
2012-06-19,41.23,42.29,41.22,42.16,,317400.0
2012-06-20,42.09,42.44,41.93,42.2,,191800.0
2012-06-21,42.16,42.27,40.8,40.84,,179800.0
2012-06-22,41.06,41.78,40.8,41.45,,671000.0
2012-06-25,40.66,40.89,39.88,40.02,,202400.0
2012-06-26,40.19,40.57,39.59,40.38,,157500.0
2012-06-27,40.46,41.44,40.36,41.23,,129300.0
2012-06-28,40.86,41.04,40.38,40.97,,122000.0
2012-06-29,41.93,42.41,41.9,42.04,,216100.0
2012-07-02,42.32,43.19,42.0,43.17,,156800.0
2012-07-03,43.09,43.98,43.01,43.98,,135900.0
2012-07-05,43.79,43.99,43.62,43.75,,169500.0
2012-07-06,43.26,43.38,42.8,43.29,,117300.0
2012-07-09,43.15,43.61,42.94,43.42,,151700.0
2012-07-10,43.63,43.63,42.83,43.02,,109800.0
2012-07-11,43.05,43.65,42.74,43.59,,233600.0
2012-07-12,43.34,43.46,42.75,43.06,,214200.0
2012-07-13,43.26,44.15,43.14,44.04,,202300.0
2012-07-16,43.91,43.92,43.46,43.64,,110000.0
2012-07-17,43.78,44.05,43.1,43.96,,132900.0
2012-07-18,43.9,44.73,43.53,43.79,,175000.0
2012-07-19,43.75,43.99,43.65,43.8,,122600.0
2012-07-20,43.5,43.7,43.24,43.35,,156700.0
2012-07-23,42.72,42.86,42.29,42.6,,204900.0
2012-07-24,42.64,43.04,42.59,42.95,,177800.0
2012-07-25,43.27,43.99,43.19,43.62,,201300.0
2012-07-26,43.62,43.62,38.77,38.97,,537000.0
2012-07-27,39.37,43.24,39.16,42.95,,410200.0
2012-07-30,43.17,43.57,42.38,42.86,,274600.0
2012-07-31,42.81,43.38,42.77,43.05,,241300.0
2012-08-01,43.36,43.51,42.53,42.55,,449100.0
2012-08-02,42.26,43.26,42.26,43.08,,273100.0
2012-08-03,43.2,44.26,43.13,43.77,,556500.0
2012-08-06,43.75,44.04,43.58,43.83,,174400.0
2012-08-07,44.0,44.06,43.75,43.86,,333800.0
2012-08-08,43.72,44.25,43.72,44.12,,327000.0
2012-08-09,44.2,44.3,43.92,44.1,,103200.0
2012-08-10,44.0,44.2,43.65,44.16,,104000.0
2012-08-13,43.97,44.17,43.05,44.05,,170300.0
2012-08-14,44.33,44.33,43.02,43.2,,174100.0
2012-08-15,43.07,43.9,43.07,43.71,,115800.0
2012-08-16,43.58,44.25,43.57,44.1,,112200.0
2012-08-17,44.11,45.48,44.0,45.42,,254200.0
2012-08-20,45.34,45.34,44.22,44.43,,163200.0
2012-08-21,44.46,44.8,44.05,44.62,,219300.0
2012-08-22,44.55,44.68,43.67,43.8,,170300.0
2012-08-23,43.75,43.95,43.54,43.73,,88500.0
2012-08-24,43.59,43.73,43.14,43.3,,115400.0
2012-08-27,43.4,43.54,43.11,43.22,,146100.0
2012-08-28,43.34,44.16,43.16,44.0,,168900.0
2012-08-29,43.96,44.18,43.09,43.2,,153300.0
2012-08-30,43.06,43.06,42.03,42.06,,236400.0
2012-08-31,42.45,42.81,42.0,42.47,,316400.0
2012-09-04,42.2,44.36,42.13,44.16,,247700.0
2012-09-05,43.96,44.31,43.71,43.76,,215200.0
2012-09-06,44.03,44.97,43.76,44.95,,202700.0
2012-09-07,45.05,45.05,44.46,44.53,,131600.0
2012-09-10,44.48,44.88,44.26,44.6,,174800.0
2012-09-11,44.53,44.9,44.23,44.76,,185500.0
2012-09-12,45.22,45.22,44.57,45.04,,158700.0
2012-09-13,45.02,45.26,44.47,44.93,,273600.0
2012-09-14,45.03,45.63,45.03,45.34,,144600.0
2012-09-17,45.14,45.2,44.52,44.87,,227400.0
2012-09-18,44.81,45.21,44.55,44.85,,141400.0
2012-09-19,44.77,45.03,44.34,44.72,,196700.0
2012-09-20,44.52,45.0,44.34,44.95,,93000.0
2012-09-21,45.26,45.87,44.9,45.71,,488800.0
2012-09-24,45.4,45.76,45.28,45.59,,111900.0
2012-09-25,45.76,45.76,44.53,44.62,,192700.0
2012-09-26,44.74,45.0,44.2,44.34,,146800.0
2012-09-27,44.34,44.6,44.11,44.42,,125200.0
2012-09-28,44.27,44.58,43.99,44.03,,139300.0
2012-10-01,44.17,44.26,42.54,43.21,,241700.0
2012-10-02,43.4,43.83,43.18,43.57,,259500.0
2012-10-03,43.6,44.4,43.18,44.27,,121600.0
2012-10-04,44.38,45.23,43.8,45.23,,152700.0
2012-10-05,45.31,45.93,44.41,44.43,,168000.0
2012-10-08,44.27,44.62,44.12,44.33,,58800.0
2012-10-09,44.28,44.3,43.24,43.38,,92100.0
2012-10-10,43.44,43.79,43.39,43.6,,60900.0
2012-10-11,43.94,44.44,43.59,43.78,,66900.0
2012-10-12,43.75,44.26,43.55,43.98,,59700.0
2012-10-15,44.2,44.6,43.91,44.48,,83700.0
2012-10-16,44.62,45.2,44.39,44.46,,99600.0
2012-10-17,44.49,45.03,44.28,44.73,,57300.0
2012-10-18,44.73,44.75,44.19,44.47,,64400.0
2012-10-19,44.15,44.54,43.13,43.48,,204200.0
2012-10-22,43.35,44.34,43.14,44.31,,146300.0
2012-10-23,43.81,44.19,43.43,44.09,,73900.0
2012-10-24,44.32,44.32,43.9,44.18,,91300.0
2012-10-25,44.51,45.18,44.46,45.1,,204900.0
2012-10-26,45.21,45.8,45.06,45.59,,156900.0
2012-10-31,45.6,46.52,45.31,46.36,,239700.0
2012-11-01,46.01,47.61,45.71,47.61,,467400.0
2012-11-02,46.92,46.92,43.08,43.24,,375200.0
2012-11-05,43.14,43.69,42.51,43.5,,210900.0
2012-11-06,43.67,43.89,42.63,42.81,,249600.0
2012-11-07,42.33,42.39,41.47,41.52,,276800.0
2012-11-08,41.45,42.03,41.14,41.65,,193300.0
2012-11-09,41.2,42.36,41.2,41.97,,141100.0
2012-11-12,42.09,42.14,41.43,41.78,,85100.0
2012-11-13,41.42,41.85,41.29,41.75,,51248.0
2012-11-14,41.91,41.98,41.08,41.18,,35836.0
2012-11-15,41.02,41.14,40.31,40.41,,247700.0
2012-11-16,40.29,41.15,40.26,40.98,,234200.0
2012-11-19,41.45,41.56,40.94,41.56,,93300.0
2012-11-20,41.38,41.79,41.15,41.69,,104000.0
2012-11-21,41.74,42.65,41.64,42.59,,157200.0
2012-11-23,42.79,42.79,42.28,42.52,,61900.0
2012-11-26,42.25,42.68,42.02,42.61,,93200.0
2012-11-27,42.51,42.91,42.05,42.09,,166000.0
2012-11-28,41.84,41.88,41.04,41.83,,214400.0
2012-11-29,42.07,43.01,41.9,42.92,,157900.0
2012-11-30,43.06,43.12,42.25,42.6,,195300.0
2012-12-03,42.82,42.85,41.95,42.2,,172600.0
2012-12-04,42.16,43.24,41.95,43.04,,285100.0
2012-12-05,43.11,43.17,42.39,42.43,,215900.0
2012-12-06,42.39,42.59,41.96,42.05,,246500.0
2012-12-07,42.27,42.27,41.79,41.96,,185900.0
2012-12-10,42.04,42.19,41.49,41.51,,176100.0
2012-12-11,41.9,42.58,41.87,42.26,,206800.0
2012-12-12,42.3,42.55,41.85,41.92,,112300.0
2012-12-13,41.97,42.33,41.5,41.69,,122000.0
2012-12-14,41.48,42.0,41.4,41.45,,107400.0
2012-12-17,41.49,42.09,41.31,41.8,,210400.0
2012-12-18,41.86,42.01,41.72,41.98,,582100.0
2012-12-19,41.88,42.0,41.74,41.75,,354000.0
2012-12-20,41.67,42.18,41.65,42.04,,287200.0
2012-12-21,41.6,42.4,41.58,41.82,,677300.0
2012-12-24,41.74,41.79,41.27,41.56,,73900.0
2012-12-26,41.56,41.99,41.1,41.32,,107200.0
2012-12-27,41.3,41.79,41.15,41.51,,292200.0
2012-12-28,41.3,41.69,41.2,41.2,,157300.0
2012-12-31,41.24,41.99,41.07,41.83,,240100.0
2013-01-02,42.8,43.2,42.57,43.17,,218500.0
2013-01-03,43.14,43.63,42.76,42.89,,101600.0
2013-01-04,43.08,43.37,42.8,43.11,,108800.0
2013-01-07,42.77,42.97,42.42,42.78,,65400.0
2013-01-08,42.64,43.03,42.54,42.83,,142600.0
2013-01-09,42.98,43.63,42.78,43.56,,120900.0
2013-01-10,43.79,43.95,43.2,43.78,,130500.0
2013-01-11,43.87,43.94,43.29,43.9,,181900.0
2013-01-14,43.7,43.91,43.46,43.64,,127200.0
2013-01-15,43.37,43.9,43.37,43.83,,93100.0
2013-01-16,43.77,43.86,43.19,43.62,,111700.0
2013-01-17,43.87,44.42,43.69,44.3,,146900.0
2013-01-18,44.21,44.32,43.93,44.28,,156000.0
2013-01-22,44.29,44.58,44.17,44.53,,126600.0
2013-01-23,44.73,44.75,44.26,44.34,,122300.0
2013-01-24,44.29,44.79,43.92,44.65,,244600.0
2013-01-25,44.75,44.75,44.08,44.3,,228800.0
2013-01-28,44.44,44.72,44.22,44.65,,130900.0
2013-01-29,44.49,44.66,43.84,44.17,,271900.0
2013-01-30,44.24,44.29,43.83,44.23,,234900.0
2013-01-31,45.24,45.31,43.95,44.86,,284300.0
2013-02-01,45.19,45.19,44.74,45.06,,176800.0
2013-02-04,44.66,45.0,44.36,44.44,,234700.0
2013-02-05,44.76,45.11,44.73,44.89,,286800.0
2013-02-06,44.65,45.09,44.56,45.04,,223900.0
2013-02-07,44.97,45.06,44.57,45.05,,258100.0
2013-02-08,45.18,45.52,45.08,45.35,,384900.0
2013-02-11,45.17,45.73,44.79,45.67,,399800.0
2013-02-12,45.57,45.57,44.72,44.76,,272000.0
2013-02-13,44.74,45.09,44.49,44.82,,261500.0
2013-02-14,44.56,44.94,44.45,44.76,,110600.0
2013-02-15,44.82,45.07,44.72,44.85,,185800.0
2013-02-19,44.81,45.12,44.64,44.89,,671800.0
2013-02-20,44.87,45.31,44.32,44.35,,195600.0
2013-02-21,44.35,44.37,43.16,43.17,,82400.0
2013-02-22,43.48,44.17,43.16,43.91,,372000.0
2013-02-25,44.08,44.25,43.17,43.17,,149200.0
2013-02-26,43.4,43.86,42.87,43.28,,105000.0
2013-02-27,43.23,44.18,43.21,44.05,,145600.0
2013-02-28,44.11,44.49,43.92,44.15,,244600.0
2013-03-01,43.78,43.94,43.18,43.83,,205300.0
2013-03-04,43.79,44.05,43.52,44.01,,113200.0
2013-03-05,44.03,45.11,43.94,45.1,,463300.0
2013-03-06,45.25,45.57,45.03,45.48,,393500.0
2013-03-07,45.36,45.51,45.12,45.35,,103900.0
2013-03-08,45.62,45.73,45.26,45.66,,89600.0
2013-03-11,45.53,45.59,45.09,45.22,,82300.0
2013-03-12,45.06,45.14,44.63,45.0,,181800.0
2013-03-13,45.11,45.29,44.93,45.23,,138000.0
2013-03-14,45.44,45.8,45.27,45.77,,126500.0
2013-03-15,45.8,45.8,45.5,45.7,,285700.0
2013-03-18,45.19,45.65,45.14,45.47,,99600.0
2013-03-19,45.48,45.66,44.98,45.51,,127800.0
2013-03-20,45.8,46.12,45.41,45.83,,108100.0
2013-03-21,45.41,45.74,45.21,45.29,,107500.0
2013-03-22,45.52,45.61,45.09,45.26,,50400.0
2013-03-25,45.32,45.57,44.63,45.04,,189100.0
2013-03-26,45.2,45.24,44.82,45.16,,63100.0
2013-03-27,44.91,45.75,44.78,45.69,,129100.0
2013-03-28,45.7,45.75,45.4,45.5,,108000.0
2013-04-01,45.36,45.56,43.94,44.26,,130200.0
2013-04-02,44.53,44.6,43.5,43.85,,123800.0
2013-04-03,43.97,44.13,43.36,43.51,,179700.0
2013-04-04,43.5,43.5,42.24,42.63,,418800.0
2013-04-05,42.13,42.13,41.42,41.69,,127400.0
2013-04-08,41.81,42.06,41.15,42.04,,93800.0
2013-04-09,42.17,42.17,41.19,41.44,,90300.0
2013-04-10,41.65,43.03,41.58,42.89,,190800.0
2013-04-11,42.87,43.23,42.51,43.12,,128300.0
2013-04-12,42.73,42.94,42.36,42.39,,87200.0
2013-04-15,42.14,42.2,41.44,41.6,,246300.0
2013-04-16,42.03,43.08,42.02,43.01,,206500.0
2013-04-17,42.74,42.74,42.03,42.51,,208200.0
2013-04-18,42.55,42.8,41.94,42.49,,169200.0
2013-04-19,42.54,42.87,42.05,42.83,,130300.0
2013-04-22,42.92,43.19,42.15,43.15,,136700.0
2013-04-23,43.48,43.93,42.99,43.81,,115300.0
2013-04-24,43.67,43.97,43.33,43.81,,143800.0
2013-04-25,45.18,45.18,43.84,44.09,,202800.0
2013-04-26,43.92,44.13,43.89,43.99,,281000.0
2013-04-29,44.15,45.37,43.98,44.92,,289900.0
2013-04-30,44.93,46.56,44.85,46.38,,330900.0
2013-05-01,46.07,46.23,45.16,45.36,,421800.0
2013-05-02,45.46,46.47,45.23,46.09,,189000.0
2013-05-03,46.37,47.92,46.3,47.28,,316600.0
2013-05-06,47.07,47.92,46.86,47.7,,243500.0
2013-05-07,47.8,48.36,47.6,47.99,,218400.0
2013-05-08,47.84,48.26,47.76,48.11,,197100.0
2013-05-09,47.93,48.15,47.63,47.97,,234600.0
2013-05-10,48.12,48.93,48.0,48.54,,197500.0
2013-05-13,48.55,48.77,48.12,48.26,,128000.0
2013-05-14,48.24,49.19,48.15,49.1,,233900.0
2013-05-15,49.09,50.02,48.84,49.62,,212200.0
2013-05-16,49.61,50.62,49.56,49.96,,199200.0
2013-05-17,50.33,50.71,50.04,50.54,,223900.0
2013-05-20,50.27,50.6,49.31,49.59,,201800.0
2013-05-21,49.51,50.02,49.46,49.8,,96100.0
2013-05-22,49.75,50.54,48.85,49.08,,199700.0
2013-05-23,48.71,49.5,48.71,49.02,,180800.0
2013-05-24,48.62,48.95,48.31,48.93,,78300.0
2013-05-28,49.64,50.01,49.23,49.58,,153700.0
2013-05-29,49.11,49.68,48.93,49.51,,148500.0
2013-05-30,49.73,50.46,49.55,49.75,,131800.0
2013-05-31,49.41,49.41,48.86,48.89,,206800.0
2013-06-03,49.03,49.15,48.03,48.85,,245400.0
2013-06-04,48.95,49.97,48.38,48.89,,166900.0
2013-06-05,48.81,48.87,47.62,47.84,,213100.0
2013-06-06,47.9,48.47,47.34,48.2,,144200.0
2013-06-07,48.3,48.67,47.77,48.6,,308600.0
2013-06-10,48.85,48.85,48.25,48.59,,160100.0
2013-06-11,47.85,48.1,47.49,47.54,,154300.0
2013-06-12,47.74,47.81,46.68,46.94,,118100.0
2013-06-13,46.85,47.83,46.71,47.59,,132500.0
2013-06-14,47.56,47.82,46.86,46.99,,87400.0
2013-06-17,47.49,47.49,46.65,46.91,,147300.0
2013-06-18,46.87,47.48,46.7,47.16,,152000.0
2013-06-19,47.22,47.22,46.35,46.39,,203600.0
2013-06-20,45.72,46.14,45.24,45.3,,387700.0
2013-06-21,45.43,45.43,44.37,44.81,,407800.0
2013-06-24,44.42,44.69,43.89,44.39,,230900.0
2013-06-25,44.78,44.78,43.96,44.34,,130500.0
2013-06-26,44.79,44.95,44.42,44.69,,152300.0
2013-06-27,45.05,46.18,45.01,46.09,,130400.0
2013-06-28,45.87,46.32,45.62,45.65,,196100.0
2013-07-01,45.83,47.02,45.62,46.51,,148600.0
2013-07-02,46.46,47.1,46.36,46.64,,120200.0
2013-07-03,46.36,47.76,46.36,47.32,,105500.0
2013-07-05,47.83,48.1,47.55,48.03,,83300.0
2013-07-08,47.99,48.16,47.52,47.91,,285600.0
2013-07-09,47.99,48.16,47.67,47.95,,123100.0
2013-07-10,47.82,48.01,47.65,47.94,,115800.0
2013-07-11,48.28,48.56,47.73,48.14,,131900.0
2013-07-12,48.06,48.37,47.92,48.32,,161800.0
2013-07-15,48.3,49.33,48.3,49.3,,135400.0
2013-07-16,49.31,49.64,49.14,49.31,,115800.0
2013-07-17,49.42,49.73,49.3,49.44,,69600.0
2013-07-18,49.48,50.51,49.48,50.24,,78800.0
2013-07-19,49.97,50.48,49.9,50.18,,203700.0
2013-07-22,50.23,50.78,50.23,50.45,,122600.0
2013-07-23,50.51,50.65,49.93,50.23,,263100.0
2013-07-24,50.5,50.5,49.76,49.97,,91600.0
2013-07-25,49.97,51.01,49.97,50.97,,147300.0
2013-07-26,50.5,51.06,49.91,50.25,,152400.0
2013-07-29,50.03,50.35,49.44,49.6,,130500.0
2013-07-30,49.81,50.27,49.43,49.94,,120100.0
2013-07-31,50.05,50.32,48.49,49.77,,245600.0
2013-08-01,50.32,53.6,50.32,51.71,,428900.0
2013-08-02,50.72,51.68,50.72,51.52,,161500.0
2013-08-05,51.4,52.49,51.3,51.98,,177400.0
2013-08-06,51.73,51.75,51.37,51.57,,93600.0
2013-08-07,51.48,51.88,51.35,51.52,,92700.0
2013-08-08,51.58,51.94,51.15,51.68,,61800.0
2013-08-09,51.59,52.07,51.43,51.67,,55800.0
2013-08-12,51.34,52.49,51.34,52.25,,109100.0
2013-08-13,52.38,52.75,51.83,52.59,,148900.0
2013-08-14,52.53,52.65,52.18,52.29,,170500.0
2013-08-15,51.62,51.95,51.47,51.64,,192700.0
2013-08-16,51.7,51.96,51.54,51.6,,118000.0
2013-08-19,51.51,51.57,51.02,51.07,,89400.0
2013-08-20,51.0,51.99,50.99,51.61,,62100.0
2013-08-21,51.41,52.21,51.0,51.6,,114400.0
2013-08-22,51.62,52.57,51.62,52.39,,84300.0
2013-08-23,52.44,52.47,52.05,52.2,,127000.0
2013-08-26,52.15,52.79,51.95,52.45,,130200.0
2013-08-27,51.68,51.73,50.67,50.97,,221100.0
2013-08-28,50.82,51.23,50.55,50.65,,138000.0
2013-08-29,50.55,51.1,50.52,50.79,,98700.0
2013-08-30,50.63,50.63,49.81,49.89,,168900.0
2013-09-03,50.64,50.77,48.39,49.14,,361200.0
2013-09-04,49.09,50.14,48.78,50.03,,174000.0
2013-09-05,49.89,50.51,49.43,50.13,,112200.0
2013-09-06,50.29,50.64,49.39,50.13,,108400.0
2013-09-09,50.26,51.41,50.26,51.12,,96700.0
2013-09-10,51.32,52.4,51.01,52.38,,107700.0
2013-09-11,52.37,53.41,52.3,53.28,,185700.0
2013-09-12,53.11,53.26,52.22,52.23,,116400.0
2013-09-13,52.38,52.83,51.9,52.25,,65100.0
2013-09-16,52.72,52.82,52.23,52.36,,79400.0
2013-09-17,52.35,53.3,52.2,53.25,,104300.0
2013-09-18,53.1,54.63,52.96,54.23,,107400.0
2013-09-19,54.15,54.36,53.61,53.74,,97900.0
2013-09-20,53.54,54.71,53.54,53.65,,269700.0
2013-09-23,53.56,54.08,53.56,53.73,,128800.0
2013-09-24,53.9,54.93,53.57,54.72,,146700.0
2013-09-25,54.72,55.39,54.56,55.0,,131500.0
2013-09-26,55.03,55.61,54.69,55.1,,75300.0
2013-09-27,54.61,55.42,54.61,55.03,,106900.0
2013-09-30,54.57,55.35,54.35,55.09,,146100.0
2013-10-01,55.04,56.16,54.68,55.09,,295700.0
2013-10-02,54.79,55.52,54.4,55.35,,110800.0
2013-10-03,55.2,55.21,53.95,54.82,,209200.0
2013-10-04,54.69,55.55,54.58,55.22,,84700.0
2013-10-07,54.75,56.17,54.75,55.67,,221800.0
2013-10-08,55.5,56.29,55.18,55.46,,225500.0
2013-10-09,55.69,55.8,54.88,55.17,,119900.0
2013-10-10,55.78,56.55,55.25,56.42,,126700.0
2013-10-11,56.13,57.38,56.13,57.13,,129600.0
2013-10-14,53.51,55.2,52.72,54.48,,420300.0
2013-10-15,54.18,54.81,54.02,54.31,,131300.0
2013-10-16,54.56,55.55,54.48,54.78,,170800.0
2013-10-17,54.37,54.97,54.12,54.81,,189100.0
2013-10-18,55.28,56.63,55.15,56.56,,246100.0
2013-10-21,56.48,57.48,56.24,57.15,,129700.0
2013-10-22,57.31,57.99,57.29,57.45,,93000.0
2013-10-23,57.24,57.32,56.64,56.68,,109800.0
2013-10-24,56.9,57.68,56.9,57.07,,113200.0
2013-10-25,57.35,57.75,56.93,56.95,,113200.0
2013-10-28,57.01,57.29,56.66,57.02,,171500.0
2013-10-29,57.18,57.75,56.99,57.66,,95500.0
2013-10-30,57.61,57.71,56.48,56.52,,198700.0
2013-10-31,55.81,59.44,55.81,57.08,,234500.0
2013-11-01,56.98,57.23,55.98,56.49,,166800.0
2013-11-04,56.48,57.23,56.25,57.1,,105900.0
2013-11-05,56.71,56.92,55.59,56.18,,104600.0
2013-11-06,56.48,56.48,55.23,55.28,,159600.0
2013-11-07,55.37,55.71,54.14,54.18,,273700.0
2013-11-08,54.12,55.41,54.12,55.38,,173500.0
2013-11-11,55.3,56.5,54.87,55.47,,151300.0
2013-11-12,55.27,56.64,55.0,56.53,,145000.0
2013-11-13,56.26,57.23,56.04,56.99,,115900.0
2013-11-14,57.07,57.07,56.31,56.66,,37500.0
2013-11-15,56.58,57.52,56.12,57.39,,123100.0
2013-11-18,57.31,58.31,57.16,57.46,,192400.0
2013-11-19,57.32,57.86,56.98,57.2,,119800.0
2013-11-20,57.41,57.87,57.13,57.51,,98500.0
2013-11-21,57.75,58.54,56.8,58.5,,110800.0
2013-11-22,58.6,58.6,57.61,57.95,,131100.0
2013-11-25,58.3,58.58,57.86,58.3,,160000.0
2013-11-26,58.08,59.06,57.94,58.74,,102500.0
2013-11-27,58.89,58.98,58.52,58.84,,78500.0
2013-11-29,58.64,59.21,58.32,58.81,,69200.0
2013-12-02,58.76,59.35,57.95,58.03,,131900.0
2013-12-03,57.84,58.46,57.84,58.2,,147000.0
2013-12-04,57.81,58.66,57.26,58.24,,113000.0
2013-12-05,58.05,58.83,57.77,58.54,,171200.0
2013-12-06,59.03,59.88,58.69,59.43,,152300.0
2013-12-09,59.43,59.43,57.77,58.03,,161800.0
2013-12-10,57.8,58.56,57.27,57.51,,222200.0
2013-12-11,57.73,57.89,56.24,56.36,,157900.0
2013-12-12,56.35,57.29,56.03,56.61,,159800.0
2013-12-13,56.9,57.5,56.71,56.82,,227200.0
2013-12-16,56.94,59.28,56.94,59.09,,284200.0
2013-12-17,58.64,58.71,57.72,58.05,,200400.0
2013-12-18,58.17,59.97,58.17,59.94,,218300.0
2013-12-19,59.7,60.23,59.12,59.96,,180500.0
2013-12-20,60.05,61.68,60.05,61.57,,444600.0
2013-12-23,61.98,62.5,61.45,62.39,,129000.0
2013-12-24,62.27,62.89,62.25,62.59,,64600.0
2013-12-26,62.83,63.28,62.27,62.59,,95300.0
2013-12-27,62.93,63.24,62.28,62.6,,143400.0
2013-12-30,62.37,63.1,62.21,62.77,,97600.0
2013-12-31,63.08,63.08,62.36,62.64,,99300.0
2014-01-02,62.3,62.3,60.65,61.38,,184900.0
2014-01-03,61.36,61.68,60.7,61.4,,234500.0
2014-01-06,61.49,61.72,60.94,60.97,,132700.0
2014-01-07,61.3,61.53,60.47,60.96,,193500.0
2014-01-08,60.97,61.06,60.35,60.74,,167300.0
2014-01-09,61.12,61.12,60.12,60.8,,92400.0
2014-01-10,60.81,60.85,60.06,60.68,,155900.0
2014-01-13,60.36,60.58,59.02,59.34,,134900.0
2014-01-14,59.85,60.36,59.41,59.81,,126100.0
2014-01-15,59.81,60.32,59.66,60.01,,108700.0
2014-01-16,60.0,60.1,59.61,59.81,,143200.0
2014-01-17,59.77,60.04,59.74,59.81,,310100.0
2014-01-21,60.28,60.42,59.49,59.76,,129200.0
2014-01-22,59.8,59.81,59.21,59.81,,157100.0
2014-01-23,59.67,59.67,56.47,57.53,,315300.0
2014-01-24,57.34,57.96,56.4,56.52,,254700.0
2014-01-27,56.7,56.7,55.26,55.29,,173200.0
2014-01-28,55.39,55.56,54.88,55.07,,278700.0
2014-01-29,54.57,55.23,53.65,53.75,,160300.0
2014-01-30,54.09,54.91,53.76,54.36,,163200.0
2014-01-31,53.74,54.63,53.74,54.19,,177800.0
2014-02-03,54.08,54.2,51.93,51.98,,369900.0
2014-02-04,52.07,52.52,51.54,52.04,,274600.0
2014-02-05,51.56,51.9,50.59,51.38,,267900.0
2014-02-06,51.42,51.78,50.71,51.28,,211000.0
2014-02-07,51.38,51.97,50.77,50.84,,257500.0
2014-02-10,50.79,51.57,50.1,51.55,,213600.0
2014-02-11,51.51,52.82,51.51,52.43,,188600.0
2014-02-12,52.34,52.84,52.19,52.61,,169800.0
2014-02-13,52.61,53.69,51.97,53.31,,220000.0
2014-02-14,53.29,53.52,52.58,53.24,,128500.0
2014-02-18,53.23,53.65,52.49,52.81,,218500.0
2014-02-19,52.49,53.03,52.39,52.61,,164700.0
2014-02-20,52.55,53.17,52.55,52.98,,192900.0
2014-02-21,53.05,53.17,52.77,52.82,,173400.0
2014-02-24,52.85,53.6,52.85,53.28,,191900.0
2014-02-25,53.3,53.33,52.76,52.95,,118700.0
2014-02-26,52.94,53.21,52.41,52.68,,199300.0
2014-02-27,52.46,53.3,52.33,53.0,,262700.0
2014-02-28,53.13,53.95,53.1,53.58,,164600.0
2014-03-03,52.91,53.86,52.71,52.92,,183700.0
2014-03-04,53.85,54.65,53.73,53.81,,347100.0
2014-03-05,53.72,54.14,53.25,53.48,,150600.0
2014-03-06,53.64,53.73,53.11,53.26,,166800.0
2014-03-07,53.41,53.71,53.13,53.5,,157600.0
2014-03-10,53.39,54.7,52.48,52.97,,279100.0
2014-03-11,52.85,54.07,52.57,53.73,,197000.0
2014-03-12,53.48,53.95,53.12,53.57,,200100.0
2014-03-13,53.68,53.88,52.35,52.52,,150100.0
2014-03-14,52.26,53.34,52.14,52.58,,132000.0
2014-03-17,52.93,53.62,52.93,53.14,,131100.0
2014-03-18,53.24,54.85,53.24,54.85,,174100.0
2014-03-19,54.64,55.09,53.93,54.39,,258200.0
2014-03-20,54.27,54.83,54.27,54.64,,143800.0
2014-03-21,55.11,55.62,54.57,54.6,,300000.0
2014-03-24,54.83,54.83,54.21,54.62,,185700.0
2014-03-25,54.93,55.12,54.27,54.65,,129200.0
2014-03-26,55.09,55.09,53.9,54.16,,220200.0
2014-03-27,54.17,54.7,53.79,54.16,,209500.0
2014-03-28,54.17,55.05,54.02,54.16,,171400.0
2014-03-31,54.42,55.47,54.11,55.17,,207600.0
2014-04-01,55.33,56.24,55.11,56.13,,220700.0
2014-04-02,56.12,56.27,55.36,55.84,,116800.0
2014-04-03,55.71,56.38,54.73,54.92,,101500.0
2014-04-04,55.32,55.32,53.58,53.65,,217300.0
2014-04-07,53.51,54.29,52.81,53.33,,240600.0
2014-04-08,53.32,53.84,52.89,53.45,,166800.0
2014-04-09,53.53,53.98,53.27,53.86,,156900.0
2014-04-10,53.64,53.76,52.88,53.38,,306200.0
2014-04-11,52.85,53.11,51.07,51.28,,179100.0
2014-04-14,51.92,52.23,51.08,51.51,,163600.0
2014-04-15,51.55,51.71,50.35,51.42,,188200.0
2014-04-16,51.66,52.37,51.31,52.08,,162800.0
2014-04-17,51.93,53.52,51.92,53.24,,174600.0
2014-04-21,53.32,53.48,52.87,53.3,,96200.0
2014-04-22,53.3,54.17,53.19,54.03,,113500.0
2014-04-23,53.77,54.39,53.52,54.2,,128200.0
2014-04-24,54.76,55.02,53.38,54.1,,154500.0
2014-04-25,54.07,59.14,54.07,57.25,,348700.0
2014-04-28,57.69,58.54,56.96,58.1,,237000.0
2014-04-29,58.45,58.72,57.04,57.18,,272600.0
2014-04-30,56.9,57.52,56.4,57.04,,218000.0
2014-05-01,57.14,57.37,55.99,56.41,,222800.0
2014-05-02,56.47,57.59,56.39,56.74,,156800.0
2014-05-05,56.27,56.67,55.74,56.28,,162500.0
2014-05-06,55.96,56.21,55.24,55.44,,154000.0
2014-05-07,55.68,56.28,55.01,56.21,,188800.0
2014-05-08,56.16,56.84,55.67,55.83,,172200.0
2014-05-09,55.49,56.71,55.34,56.64,,170500.0
2014-05-12,56.81,58.55,56.81,58.11,,206000.0
2014-05-13,58.09,58.09,56.19,56.29,,196500.0
2014-05-14,56.18,56.18,54.63,54.8,,176500.0
2014-05-15,54.69,54.7,53.51,54.12,,200600.0
2014-05-16,53.99,55.53,53.39,55.44,,178300.0
2014-05-19,55.13,57.12,55.12,56.97,,201500.0
2014-05-20,56.69,56.69,55.37,56.0,,242300.0
2014-05-21,56.11,56.83,55.87,56.43,,120600.0
2014-05-22,56.43,56.58,56.18,56.43,,126100.0
2014-05-23,56.3,57.39,55.7,57.02,,221000.0
2014-05-27,57.43,57.76,57.1,57.68,,215600.0
2014-05-28,57.85,59.12,57.81,58.87,,324500.0
2014-05-29,58.95,59.74,58.95,59.36,,256500.0
2014-05-30,59.51,59.58,58.53,58.76,,180200.0
2014-06-02,58.83,59.07,58.32,58.34,,183800.0
2014-06-03,58.17,58.45,57.58,57.89,,259500.0
2014-06-04,57.59,57.84,57.23,57.4,,217400.0
2014-06-05,57.36,58.0,57.22,57.98,,294600.0
2014-06-06,58.42,58.96,57.87,58.46,,440900.0
2014-06-09,58.35,59.53,58.26,59.35,,320200.0
2014-06-10,59.23,59.63,58.82,59.46,,203700.0
2014-06-11,59.21,59.86,58.96,59.5,,208500.0
2014-06-12,59.32,59.68,58.69,59.16,,252200.0
2014-06-13,59.37,59.93,59.19,59.4,,142200.0
2014-06-16,59.26,59.81,58.9,59.66,,246700.0
2014-06-17,59.64,61.0,59.59,59.73,,453100.0
2014-06-18,59.69,60.23,59.24,60.16,,245200.0
2014-06-19,60.22,60.72,59.75,60.4,,212700.0
2014-06-20,60.28,61.38,60.0,61.28,,409600.0
2014-06-23,61.36,61.8,60.89,61.02,,219400.0
2014-06-24,60.97,61.79,60.51,61.49,,263800.0
2014-06-25,61.15,61.97,61.05,61.9,,209600.0
2014-06-26,61.83,62.36,61.34,61.96,,192600.0
2014-06-27,61.5,63.01,61.5,62.77,,442500.0
2014-06-30,62.78,63.72,62.15,63.61,,281700.0
2014-07-01,63.85,65.45,63.61,64.73,,474200.0
2014-07-02,64.74,65.46,64.56,64.71,,281800.0
2014-07-03,64.94,65.29,64.64,64.72,,197700.0
2014-07-07,64.63,64.63,63.71,63.78,,250500.0
2014-07-08,63.76,63.76,62.71,62.84,,413300.0
2014-07-09,63.07,63.35,62.54,63.27,,282400.0
2014-07-10,62.24,63.4,62.19,63.08,,218500.0
2014-07-11,63.0,63.47,62.86,63.14,,137500.0
2014-07-14,63.61,64.02,63.09,63.26,,216700.0
2014-07-15,63.16,63.37,62.44,63.03,,306600.0
2014-07-16,63.39,63.89,62.64,62.79,,366800.0
2014-07-17,62.59,62.98,61.81,61.87,,225600.0
2014-07-18,61.8,62.47,61.79,62.34,,282200.0
2014-07-21,62.03,62.5,61.71,62.17,,229700.0
2014-07-22,62.57,63.61,62.57,62.88,,309700.0
2014-07-23,62.88,63.11,62.3,62.89,,245200.0
2014-07-24,63.06,63.3,62.46,62.65,,208700.0
2014-07-25,59.94,60.68,58.3,58.37,,372100.0
2014-07-28,58.37,58.37,57.53,58.01,,241200.0
2014-07-29,58.06,59.21,58.06,58.42,,259500.0
2014-07-30,58.89,58.95,58.28,58.71,,171400.0
2014-07-31,57.91,58.67,56.99,57.01,,214200.0
2014-08-01,57.14,57.2,55.22,55.65,,426900.0
2014-08-04,55.87,56.03,55.18,56.0,,293000.0
2014-08-05,55.72,56.05,54.25,54.8,,319900.0
2014-08-06,54.63,55.62,54.31,55.42,,220900.0
2014-08-07,55.49,55.64,54.69,54.76,,175900.0
2014-08-08,54.74,55.22,54.47,54.77,,649200.0
2014-08-11,55.07,56.1,54.83,55.92,,238800.0
2014-08-12,55.79,56.12,55.15,55.33,,174300.0
2014-08-13,55.54,55.98,55.47,55.79,,93700.0
2014-08-14,55.78,56.07,55.4,55.53,,89100.0
2014-08-15,55.93,56.03,54.64,55.3,,167800.0
2014-08-18,55.87,56.53,55.85,56.09,,93900.0
2014-08-19,56.03,56.31,55.77,55.93,,133900.0
2014-08-20,55.8,55.92,54.7,55.53,,376700.0
2014-08-21,55.72,58.4,55.71,58.31,,437500.0
2014-08-22,58.24,58.44,56.94,56.96,,255600.0
2014-08-25,57.38,57.41,56.78,57.04,,146400.0
2014-08-26,57.03,57.42,56.12,57.2,,148100.0
2014-08-27,57.08,57.16,56.53,56.83,,213500.0
2014-08-28,56.77,57.71,56.58,57.41,,200900.0
2014-08-29,57.53,58.11,57.27,58.03,,341300.0
2014-09-02,58.16,59.3,58.01,59.27,,302300.0
2014-09-03,59.54,59.62,59.08,59.32,,262900.0
2014-09-04,59.31,59.91,59.03,59.12,,118700.0
2014-09-05,58.97,59.9,58.82,59.9,,140000.0
2014-09-08,59.62,60.0,59.26,59.82,,175800.0
2014-09-09,59.6,59.76,58.94,59.4,,224800.0
2014-09-10,59.28,61.36,59.28,61.14,,278800.0
2014-09-11,60.68,61.06,60.33,60.71,,207200.0
2014-09-12,60.69,60.69,59.39,60.09,,113400.0
2014-09-15,60.24,60.41,59.32,59.52,,100800.0
2014-09-16,59.5,59.97,58.86,59.37,,170100.0
2014-09-17,59.53,59.53,58.86,59.09,,114700.0
2014-09-18,59.15,59.45,58.73,58.86,,153200.0
2014-09-19,58.87,59.21,57.77,57.85,,410800.0
2014-09-22,57.72,57.72,56.92,57.11,,129216.0
2014-09-23,56.88,57.09,55.89,55.96,,126878.0
2014-09-24,55.94,56.4,55.58,56.2,,129261.0
2014-09-25,55.94,56.0,54.78,55.0,,161511.0
2014-09-26,55.03,55.68,54.87,55.54,,98903.0
2014-09-29,55.02,55.64,55.02,55.35,,116372.0
2014-09-30,55.27,55.46,54.83,54.99,,281902.0
2014-10-01,55.2,55.77,54.74,55.03,,358165.0
2014-10-02,55.03,55.62,54.64,55.15,,180179.0
2014-10-03,55.65,55.68,55.13,55.44,,206815.0
2014-10-06,55.53,55.55,54.89,54.89,,113135.0
2014-10-07,54.45,54.73,53.88,53.88,,163576.0
2014-10-08,53.94,55.31,53.79,55.25,,157005.0
2014-10-09,55.06,55.16,53.73,54.14,,197752.0
2014-10-10,53.91,54.82,53.6,53.79,,159126.0
2014-10-13,53.82,54.72,53.25,53.78,,184578.0
2014-10-14,54.25,55.28,54.01,54.21,,172292.0
2014-10-15,53.37,55.17,52.98,54.75,,189516.0
2014-10-16,53.88,54.55,53.34,54.47,,278791.0
2014-10-17,54.97,56.42,54.1,54.5,,266771.0
2014-10-20,54.26,56.03,54.26,56.01,,107524.0
2014-10-21,56.38,57.28,56.34,57.11,,105097.0
2014-10-22,57.42,57.46,56.16,56.18,,67449.0
2014-10-23,56.77,57.01,56.14,56.9,,126622.0
2014-10-24,56.9,57.11,56.46,56.8,,116235.0
2014-10-27,56.74,57.92,56.3,57.87,,79632.0
2014-10-28,58.1,59.28,58.1,59.27,,151623.0
2014-10-29,59.27,60.28,59.04,60.03,,136905.0
2014-10-30,59.7,61.56,59.7,61.25,,152351.0
2014-10-31,62.39,62.63,62.09,62.17,,184265.0
2014-11-03,62.32,63.12,62.06,62.33,,156017.0
2014-11-04,62.32,62.85,61.99,62.11,,118338.0
2014-11-05,62.56,62.64,60.82,61.01,,216932.0
2014-11-06,61.09,62.11,61.09,61.62,,203489.0
2014-11-07,66.56,73.19,65.24,70.2,,967562.0
2014-11-10,70.36,70.89,69.9,70.58,,332791.0
2014-11-11,70.42,71.88,70.21,71.69,,313356.0
2014-11-12,71.36,72.45,71.1,71.6,,280329.0
2014-11-13,71.82,71.97,71.5,71.66,,140066.0
2014-11-14,71.66,71.88,71.23,71.29,,200399.0
2014-11-17,71.17,71.91,70.74,71.36,,222722.0
2014-11-18,71.48,71.96,71.48,71.63,,214141.0
2014-11-19,71.6,71.9,70.75,71.53,,167502.0
2014-11-20,71.0,71.86,70.94,71.85,,166265.0
2014-11-21,72.58,72.97,71.78,71.83,,200419.0
2014-11-24,71.85,72.62,71.8,71.86,,447775.0
2014-11-25,71.61,71.97,71.36,71.59,,349997.0
2014-11-26,71.78,71.93,71.15,71.78,,351524.0
2014-11-28,71.82,73.0,71.17,71.63,,153172.0
2014-12-01,71.28,73.19,71.23,72.24,,201281.0
2014-12-02,72.19,73.24,71.95,72.78,,119807.0
2014-12-03,72.87,73.77,72.47,73.21,,119423.0
2014-12-04,73.01,73.59,72.37,72.83,,99501.0
2014-12-05,72.76,73.77,72.76,73.07,,110750.0
2014-12-08,73.0,73.2,71.67,71.93,,135236.0
2014-12-09,71.01,73.29,71.01,73.11,,214386.0
2014-12-10,72.95,73.66,71.77,71.82,,147199.0
2014-12-11,72.15,73.58,72.11,72.39,,114961.0
2014-12-12,71.73,72.41,70.97,71.03,,119697.0
2014-12-15,71.27,71.74,69.84,69.86,,216480.0
2014-12-16,69.39,69.39,67.55,67.62,,486120.0
2014-12-17,67.14,68.85,66.83,68.28,,501733.0
2014-12-18,69.06,70.83,68.76,70.71,,509939.0
2014-12-19,70.72,71.99,70.47,71.69,,405911.0
2014-12-22,71.8,72.15,71.13,71.77,,147394.0
2014-12-23,71.87,72.42,71.71,72.32,,148974.0
2014-12-24,72.37,73.57,72.13,72.72,,59017.0
2014-12-26,73.22,73.63,72.79,72.9,,73704.0
2014-12-29,72.97,73.93,72.56,73.33,,70894.0
2014-12-30,73.3,73.64,72.8,73.11,,60840.0
2014-12-31,73.45,74.26,72.1,72.17,,127158.0
2015-01-02,72.48,73.25,71.03,72.04,,115922.0
2015-01-05,71.54,72.42,70.64,71.23,,170952.0
2015-01-06,71.33,71.61,69.55,69.93,,154643.0
2015-01-07,70.3,70.69,69.32,70.36,,161471.0
2015-01-08,70.97,72.72,70.73,72.59,,353236.0
2015-01-09,72.62,72.62,71.59,71.7,,133240.0
2015-01-12,71.92,72.1,70.5,70.83,,157338.0
2015-01-13,71.55,73.64,71.06,72.03,,157474.0
2015-01-14,71.29,73.08,71.16,72.47,,159243.0
2015-01-15,72.79,73.07,70.69,71.68,,147668.0
2015-01-16,71.28,73.94,71.28,73.76,,164864.0
2015-01-20,73.76,74.2,71.91,73.45,,137920.0
2015-01-21,74.64,78.61,74.55,77.88,,381786.0
2015-01-22,78.62,80.33,77.52,79.32,,336575.0
2015-01-23,79.46,79.64,78.62,78.68,,194797.0
2015-01-26,78.67,78.94,77.68,78.53,,229073.0
2015-01-27,77.52,79.79,77.35,79.14,,370529.0
2015-01-28,79.92,80.08,78.34,78.57,,482919.0
2015-01-29,78.89,79.09,76.85,78.08,,265882.0
2015-01-30,76.81,76.81,70.17,71.22,,951326.0
2015-02-02,72.33,76.3,72.24,76.27,,585246.0
2015-02-03,76.42,77.27,75.32,77.06,,373912.0
2015-02-04,76.98,78.68,76.35,77.87,,203071.0
2015-02-05,77.88,79.29,77.55,78.25,,204873.0
2015-02-06,78.2,79.32,77.52,77.91,,181394.0
2015-02-09,77.43,78.25,76.85,77.37,,245081.0
2015-02-10,78.22,78.24,77.21,77.88,,163956.0
2015-02-11,77.79,78.54,77.33,78.39,,128310.0
2015-02-12,78.8,80.46,78.41,80.36,,162707.0
2015-02-13,80.61,82.01,79.66,81.85,,222848.0
2015-02-17,81.82,82.15,80.76,81.38,,221752.0
2015-02-18,81.04,82.04,81.04,81.81,,174703.0
2015-02-19,81.45,82.02,81.16,81.68,,195941.0
2015-02-20,81.68,82.94,80.54,82.44,,143353.0
2015-02-23,82.45,82.45,81.41,82.33,,229902.0
2015-02-24,82.39,83.2,81.95,83.16,,186711.0
2015-02-25,82.95,84.25,82.79,84.09,,235116.0
2015-02-26,83.91,85.32,83.8,84.96,,224372.0
2015-02-27,84.85,85.66,84.32,84.97,,259985.0
2015-03-02,84.94,87.0,84.87,86.97,,277878.0
2015-03-03,86.98,87.24,85.11,85.85,,343039.0
2015-03-04,85.36,86.12,83.83,84.85,,344165.0
2015-03-05,84.9,85.45,84.15,84.87,,151865.0
2015-03-06,84.06,84.98,84.01,84.51,,193030.0
2015-03-09,84.93,85.21,84.0,84.55,,140586.0
2015-03-10,83.59,84.15,82.66,82.89,,254615.0
2015-03-11,82.97,83.7,82.42,83.59,,181397.0
2015-03-12,84.26,85.87,83.85,85.75,,199581.0
2015-03-13,85.63,85.63,82.6,83.9,,184564.0
2015-03-16,84.38,85.11,83.87,84.57,,233172.0
2015-03-17,83.76,84.63,83.16,84.04,,228049.0
2015-03-18,84.11,85.64,82.47,85.46,,176846.0
2015-03-19,85.01,86.76,85.01,86.36,,162537.0
2015-03-20,86.92,88.38,86.52,87.91,,346368.0
2015-03-23,87.6,88.3,86.91,87.29,,275916.0
2015-03-24,87.54,88.11,86.76,87.06,,225266.0
2015-03-25,86.95,87.7,84.66,84.98,,217307.0
2015-03-26,85.06,86.53,84.53,85.72,,149841.0
2015-03-27,85.65,86.64,85.19,86.62,,183621.0
2015-03-30,87.0,88.87,86.62,88.7,,222810.0
2015-03-31,87.96,89.28,87.62,88.58,,227701.0
2015-04-01,88.8,90.58,87.79,90.32,,368322.0
2015-04-02,90.36,91.63,89.58,91.1,,384837.0
2015-04-06,90.82,91.95,90.18,91.89,,319164.0
2015-04-07,91.67,91.98,90.98,91.48,,161881.0
2015-04-08,91.3,92.7,90.98,92.66,,151345.0
2015-04-09,92.62,93.38,91.86,93.13,,269029.0
2015-04-10,93.78,94.14,92.44,93.05,,168422.0
2015-04-13,92.81,93.22,91.78,92.31,,179919.0
2015-04-14,92.46,92.7,91.31,91.86,,177540.0
2015-04-15,92.21,92.88,91.54,92.26,,174665.0
2015-04-16,91.92,92.6,91.46,92.52,,142100.0
2015-04-17,91.68,92.32,90.66,92.09,,182419.0
2015-04-20,92.44,92.57,91.75,92.2,,155888.0
2015-04-21,92.61,92.7,91.81,92.01,,235295.0
2015-04-22,91.8,92.36,90.97,91.86,,302002.0
2015-04-23,91.38,93.2,91.38,93.16,,450087.0
2015-04-24,94.1,96.38,92.82,93.71,,283779.0
2015-04-27,93.55,93.55,90.63,90.8,,262523.0
2015-04-28,91.0,91.46,89.39,90.67,,282292.0
2015-04-29,90.41,91.24,90.04,90.9,,198658.0
2015-04-30,90.67,91.66,88.17,88.32,,203116.0
2015-05-01,88.54,89.77,88.07,88.47,,203315.0
2015-05-04,88.66,90.02,88.24,89.0,,248415.0
2015-05-05,88.86,89.69,87.2,87.46,,147485.0
2015-05-06,87.46,87.79,85.98,86.89,,135461.0
2015-05-07,86.49,88.11,86.49,87.64,,104686.0
2015-05-08,88.62,88.62,86.56,87.17,,138675.0
2015-05-11,86.87,88.09,86.67,86.96,,138546.0
2015-05-12,86.23,87.44,85.27,86.5,,187278.0
2015-05-13,86.75,87.44,86.13,86.72,,122733.0
2015-05-14,87.29,88.29,86.62,88.23,,148643.0
2015-05-15,88.35,89.19,87.62,87.73,,133840.0
2015-05-18,87.65,88.88,87.38,88.65,,151955.0
2015-05-19,88.14,88.7,87.25,87.73,,141806.0
2015-05-20,87.84,88.26,87.19,87.93,,95513.0
2015-05-21,87.86,88.71,87.31,88.15,,121742.0
2015-05-22,87.68,88.75,87.68,88.36,,134019.0
2015-05-26,87.94,87.94,85.94,86.59,,125692.0
2015-05-27,86.47,87.99,86.39,87.61,,108341.0
2015-05-28,87.32,87.61,86.32,87.17,,80603.0
2015-05-29,86.95,87.91,86.27,87.6,,146232.0
2015-06-01,87.75,89.08,86.37,88.05,,195703.0
2015-06-02,87.85,89.87,87.71,88.61,,179754.0
2015-06-03,88.88,90.0,88.38,88.62,,242518.0
2015-06-04,87.99,88.2,86.82,87.35,,154420.0
2015-06-05,87.26,87.9,86.33,87.63,,120594.0
2015-06-08,87.63,88.15,86.86,87.54,,151758.0
2015-06-09,87.39,87.54,86.16,86.49,,138337.0
2015-06-10,86.87,87.43,86.67,86.92,,206544.0
2015-06-11,86.83,87.7,86.83,87.27,,136317.0
2015-06-12,87.08,88.61,86.71,88.49,,188737.0
2015-06-15,87.62,87.62,85.58,86.87,,114575.0
2015-06-16,86.64,88.09,86.28,87.64,,141506.0
2015-06-17,88.09,88.47,86.94,86.96,,116260.0
2015-06-18,87.53,89.03,86.7,88.78,,231630.0
2015-06-19,89.06,90.85,88.96,90.21,,320294.0
2015-06-22,90.48,92.35,90.02,92.11,,250124.0
2015-06-23,92.14,92.64,91.2,92.4,,164988.0
2015-06-24,92.13,92.93,92.09,92.39,,172029.0
2015-06-25,92.83,93.35,91.09,93.21,,176389.0
2015-06-26,93.5,94.01,92.83,93.77,,373516.0
2015-06-29,93.0,93.82,90.82,91.04,,141707.0
2015-06-30,91.57,91.67,90.21,90.66,,223484.0
2015-07-01,91.51,92.19,91.18,91.44,,149014.0
2015-07-02,91.72,92.66,90.29,90.91,,85359.0
2015-07-06,90.25,90.96,89.81,90.57,,144306.0
2015-07-07,90.6,91.64,89.49,91.58,,219237.0
2015-07-08,91.02,92.28,90.43,91.36,,209151.0
2015-07-09,92.68,93.37,91.89,92.32,,133517.0
2015-07-10,93.42,94.03,92.68,93.71,,107409.0
2015-07-13,94.15,95.35,93.9,95.14,,237266.0
2015-07-14,95.24,95.93,93.92,95.57,,135842.0
2015-07-15,95.48,96.18,95.21,95.74,,97126.0
2015-07-16,96.69,97.43,95.46,97.12,,136855.0
2015-07-17,96.84,97.17,94.81,94.86,,179783.0
2015-07-20,94.91,95.67,94.48,94.81,,94464.0
2015-07-21,94.77,95.52,92.85,93.55,,117942.0
2015-07-22,93.11,93.98,92.98,93.47,,168610.0
2015-07-23,93.92,94.38,92.15,92.34,,163195.0
2015-07-24,92.3,92.96,91.68,91.81,,145781.0
2015-07-27,91.2,91.73,90.51,90.97,,130128.0
2015-07-28,91.37,92.23,90.73,91.88,,153111.0
2015-07-29,91.88,94.27,91.37,93.85,,163849.0
2015-07-30,92.85,93.8,91.04,91.85,,312107.0
2015-07-31,92.27,92.62,90.5,90.57,,267332.0
2015-08-03,90.48,91.34,89.53,89.93,,253581.0
2015-08-04,89.83,91.77,89.7,90.79,,153535.0
2015-08-05,91.51,92.26,91.07,91.46,,161402.0
2015-08-06,91.71,92.08,90.4,90.56,,173569.0
2015-08-07,90.1,91.01,89.95,90.51,,133715.0
2015-08-10,91.11,92.42,91.11,92.03,,198024.0
2015-08-11,91.06,92.53,90.45,90.73,,144372.0
2015-08-12,90.07,91.78,88.19,89.5,,149052.0
2015-08-13,89.33,89.88,88.61,88.9,,116945.0
2015-08-14,88.74,89.72,88.29,89.46,,189936.0
2015-08-17,89.04,90.77,88.44,90.74,,96760.0
2015-08-18,90.49,90.96,89.32,89.42,,88385.0
2015-08-19,88.99,88.99,87.66,87.75,,108672.0
2015-08-20,86.59,87.09,85.11,85.16,,157554.0
2015-08-21,83.78,84.66,82.56,83.08,,198102.0
2015-08-24,78.56,82.27,77.47,80.58,,335500.0
2015-08-25,81.59,83.88,81.07,81.08,,192333.0
2015-08-26,82.74,84.37,80.74,84.13,,183211.0
2015-08-27,84.88,86.36,84.45,85.89,,254460.0
2015-08-28,85.44,86.68,84.82,85.93,,191772.0
2015-08-31,85.64,86.01,84.69,85.46,,146890.0
2015-09-01,84.27,84.7,82.12,82.21,,293949.0
2015-09-02,83.37,83.51,82.36,83.19,,213407.0
2015-09-03,83.3,84.46,83.19,84.08,,169152.0
2015-09-04,82.87,83.93,82.12,82.42,,71606.0
2015-09-08,83.74,85.09,83.29,84.83,,147998.0
2015-09-09,85.33,85.43,83.45,83.62,,134458.0
2015-09-10,83.4,84.78,83.25,83.52,,115753.0
2015-09-11,83.19,84.17,82.84,83.99,,124220.0
2015-09-14,84.05,84.23,83.41,83.76,,60171.0
2015-09-15,83.78,84.51,83.44,84.15,,151018.0
2015-09-16,84.21,84.21,82.11,82.34,,373634.0
2015-09-17,82.32,84.03,82.32,83.24,,198171.0
2015-09-18,82.15,83.91,81.9,82.11,,270936.0
2015-09-21,82.71,83.91,82.25,83.44,,122398.0
2015-09-22,82.44,83.34,82.32,82.84,,138064.0
2015-09-23,82.92,83.29,82.04,82.49,,195392.0
2015-09-24,81.8,83.03,81.41,82.89,,137693.0
2015-09-25,83.36,84.2,81.99,82.31,,130603.0
2015-09-28,82.07,83.39,81.59,81.63,,185242.0
2015-09-29,81.66,82.87,80.76,82.73,,192618.0
2015-09-30,83.63,84.97,83.21,84.41,,303803.0
2015-10-01,84.42,85.47,83.86,84.86,,186686.0
2015-10-02,83.85,83.97,82.2,83.93,,224575.0
2015-10-05,84.64,86.09,84.36,85.73,,218888.0
2015-10-06,85.76,87.28,85.24,85.91,,159497.0
2015-10-07,86.17,87.35,85.98,87.2,,178229.0
2015-10-08,86.97,88.91,86.79,88.54,,129925.0
2015-10-09,88.84,90.27,88.17,90.04,,114609.0
2015-10-12,90.03,91.37,89.75,90.38,,111533.0
2015-10-13,89.81,90.72,88.29,88.44,,160523.0
2015-10-14,88.44,89.09,87.45,87.53,,90843.0
2015-10-15,87.96,90.06,87.72,89.88,,122002.0
2015-10-16,89.95,90.1,88.68,89.41,,139443.0
2015-10-19,88.79,90.32,88.79,89.72,,124894.0
2015-10-20,89.74,90.61,89.16,89.46,,150013.0
2015-10-21,89.81,89.81,87.69,87.94,,94921.0
2015-10-22,88.55,89.91,88.55,89.11,,156925.0
2015-10-23,89.97,90.7,89.25,90.58,,113899.0
2015-10-26,90.68,91.69,89.9,90.87,,275263.0
2015-10-27,90.42,90.95,88.26,88.55,,168407.0
2015-10-28,88.93,93.27,88.72,93.25,,284442.0
2015-10-29,94.25,94.65,90.81,92.12,,157167.0
2015-10-30,91.87,92.9,91.49,92.27,,83811.0
2015-11-02,92.51,93.13,92.15,92.67,,229221.0
2015-11-03,92.35,93.9,90.56,93.55,,239132.0
2015-11-04,93.75,93.9,93.01,93.32,,134853.0
2015-11-05,93.38,93.7,91.96,92.11,,101888.0
2015-11-06,89.4,89.4,78.03,87.28,,743238.0
2015-11-09,86.67,87.26,85.81,86.92,,225851.0
2015-11-10,86.48,87.31,85.94,87.1,,156519.0
2015-11-11,87.53,87.93,86.77,86.8,,201013.0
2015-11-12,86.32,87.33,85.86,86.29,,188710.0
2015-11-13,85.7,87.06,85.28,86.91,,202975.0
2015-11-16,87.13,87.83,86.64,87.47,,126130.0
2015-11-17,87.71,89.11,87.16,87.67,,142039.0
2015-11-18,87.76,90.76,87.41,89.6,,276666.0
2015-11-19,89.69,90.9,89.69,89.94,,290076.0
2015-11-20,90.39,91.53,90.28,91.48,,175770.0
2015-11-23,91.16,92.24,91.16,92.03,,88091.0
2015-11-24,91.27,92.92,91.03,92.74,,115386.0
2015-11-25,92.73,94.79,92.73,94.49,,145239.0
2015-11-27,94.51,95.25,93.95,94.75,,82091.0
2015-11-30,95.07,95.32,94.62,95.17,,138387.0
2015-12-01,95.31,96.1,95.05,95.81,,102690.0
2015-12-02,95.8,95.98,94.49,94.77,,68249.0
2015-12-03,94.93,94.93,91.83,92.02,,120991.0
2015-12-04,92.02,93.93,91.97,93.56,,143214.0
2015-12-07,93.53,93.87,91.72,91.91,,120925.0
2015-12-08,91.0,92.82,90.95,91.83,,154849.0
2015-12-09,91.36,92.0,88.7,89.03,,196986.0
2015-12-10,89.19,91.0,89.18,90.64,,275520.0
2015-12-11,89.23,90.72,89.16,89.53,,355013.0
2015-12-14,89.41,90.8,89.41,89.84,,279678.0
2015-12-15,90.41,92.39,90.19,91.45,,147340.0
2015-12-16,91.92,92.86,91.09,92.77,,136370.0
2015-12-17,93.41,94.67,92.74,92.82,,125067.0
2015-12-18,92.62,93.6,91.4,91.67,,329565.0
2015-12-21,92.15,92.83,91.72,92.76,,99748.0
2015-12-22,93.08,94.12,92.7,93.92,,129205.0
2015-12-23,94.3,94.76,93.82,94.67,,116448.0
2015-12-24,94.7,95.43,94.38,95.02,,42462.0
2015-12-28,94.7,95.76,94.33,95.75,,121665.0
2015-12-29,96.26,96.92,95.42,96.35,,132375.0
2015-12-30,96.47,96.77,95.32,95.37,,104037.0
2015-12-31,95.13,96.2,94.08,94.1,,161568.0
2016-01-04,93.25,93.35,91.25,92.98,,318687.0
2016-01-05,93.03,94.46,92.73,93.92,,204385.0
2016-01-06,92.68,94.58,91.9,93.92,,350581.0
2016-01-07,92.24,93.61,91.33,91.38,,258478.0
2016-01-08,91.77,91.95,88.55,88.88,,278270.0
2016-01-11,89.23,89.71,88.42,89.26,,229030.0
2016-01-12,89.91,90.13,86.67,88.3,,446432.0
2016-01-13,88.67,88.7,83.24,84.31,,285350.0
2016-01-14,84.49,86.08,82.36,85.41,,425477.0
2016-01-15,83.06,85.53,82.99,85.42,,409797.0
2016-01-19,86.34,86.62,84.1,85.24,,262096.0
2016-01-20,84.13,86.21,82.66,85.18,,285036.0
2016-01-21,85.45,85.55,80.13,80.94,,504721.0
2016-01-22,81.92,84.03,81.92,83.9,,369982.0
2016-01-25,83.38,83.74,80.73,81.01,,290988.0
2016-01-26,81.65,84.31,81.6,83.99,,203254.0
2016-01-27,83.36,83.97,81.67,81.98,,181669.0
2016-01-28,82.88,82.88,81.48,82.27,,140669.0
2016-01-29,87.48,98.87,85.74,95.49,,960822.0
2016-02-01,94.85,98.34,94.57,95.48,,427165.0
2016-02-02,94.42,96.41,93.64,96.01,,379520.0
2016-02-03,96.97,97.08,94.56,96.57,,319988.0
2016-02-04,96.35,96.78,94.93,95.83,,276644.0
2016-02-05,95.43,95.99,93.46,94.25,,290437.0
2016-02-08,92.99,92.99,90.54,92.29,,334094.0
2016-02-09,91.4,93.19,90.27,91.3,,255667.0
2016-02-10,92.01,94.11,91.46,92.39,,317658.0
2016-02-11,90.64,92.24,90.31,91.34,,262758.0
2016-02-12,92.7,93.62,91.7,92.93,,202697.0
2016-02-16,94.26,94.33,93.34,93.9,,266420.0
2016-02-17,94.44,94.92,93.62,94.27,,236675.0
2016-02-18,94.24,94.78,92.21,92.83,,296113.0
2016-02-19,92.71,93.92,92.62,92.92,,261610.0
2016-02-22,93.68,95.27,93.56,94.84,,184746.0
2016-02-23,94.6,94.92,94.3,94.47,,178391.0
2016-02-24,93.74,95.68,93.74,95.51,,214767.0
2016-02-25,95.83,98.7,95.22,98.49,,314745.0
2016-02-26,98.16,98.91,96.07,96.58,,218643.0
2016-02-29,96.58,99.83,96.58,99.43,,506896.0
2016-03-01,99.91,102.82,99.64,102.54,,335547.0
2016-03-02,102.13,102.88,101.68,102.81,,178097.0
2016-03-03,102.6,102.6,101.31,102.09,,197559.0
2016-03-04,102.18,102.18,100.55,101.17,,232245.0
2016-03-07,100.5,101.33,99.35,100.09,,169232.0
2016-03-08,99.43,99.43,97.72,97.82,,143439.0
2016-03-09,98.06,98.41,97.29,97.68,,130873.0
2016-03-10,98.1,101.11,97.71,99.22,,307366.0
2016-03-11,99.98,100.79,98.56,99.85,,117887.0
2016-03-14,99.64,100.5,98.94,100.21,,109175.0
2016-03-15,99.65,100.73,99.13,99.38,,85182.0
2016-03-16,99.16,102.28,99.16,102.26,,156528.0
2016-03-17,102.01,104.42,100.78,103.95,,201702.0
2016-03-18,104.46,104.99,103.26,104.27,,294568.0
2016-03-21,103.88,104.3,102.98,104.06,,84196.0
2016-03-22,104.07,106.57,104.07,104.54,,191845.0
2016-03-23,102.32,102.53,99.33,100.52,,351699.0
2016-03-24,100.18,101.53,99.89,100.93,,140364.0
2016-03-28,101.63,101.77,100.28,100.58,,195566.0
2016-03-29,100.35,105.93,100.35,105.32,,314739.0
2016-03-30,105.62,105.93,103.86,104.99,,148579.0
2016-03-31,104.82,106.41,104.82,106.02,,241270.0
2016-04-01,105.02,109.12,104.89,108.73,,331347.0
2016-04-04,108.48,109.08,104.46,104.79,,166941.0
2016-04-05,104.27,106.64,104.12,105.34,,247741.0
2016-04-06,105.28,106.68,104.77,105.87,,153666.0
2016-04-07,105.34,105.61,103.67,104.35,,151393.0
2016-04-08,104.98,106.13,104.39,104.79,,89456.0
2016-04-11,105.12,105.66,103.24,103.26,,97377.0
2016-04-12,103.09,105.14,102.7,104.09,,146285.0
2016-04-13,104.96,106.33,104.04,106.21,,170271.0
2016-04-14,106.31,106.72,105.37,106.04,,128083.0
2016-04-15,105.52,107.18,104.32,106.16,,186124.0
2016-04-18,105.82,107.13,105.44,106.72,,132797.0
2016-04-19,107.22,108.11,107.12,107.37,,159969.0
2016-04-20,107.77,108.23,106.5,107.92,,126906.0
2016-04-21,107.81,109.18,106.99,107.11,,154825.0
2016-04-22,106.72,107.2,104.71,105.37,,228168.0
2016-04-25,104.71,105.53,104.42,105.09,,137839.0
2016-04-26,104.93,105.85,104.24,105.33,,216059.0
2016-04-27,105.59,107.02,104.67,105.36,,203304.0
2016-04-28,104.69,107.75,104.36,106.48,,239905.0
2016-04-29,106.02,106.84,105.43,106.64,,159160.0
2016-05-02,106.93,108.96,106.1,108.89,,231357.0
2016-05-03,108.25,108.88,104.36,104.89,,160547.0
2016-05-04,104.2,105.03,103.82,104.27,,172393.0
2016-05-05,106.25,107.22,104.13,106.06,,294161.0
2016-05-06,105.3,106.77,104.35,105.95,,132331.0
2016-05-09,106.24,108.86,106.24,107.62,,155909.0
2016-05-10,107.93,109.36,107.44,109.33,,123427.0
2016-05-11,109.23,109.47,107.26,107.93,,93639.0
2016-05-12,108.35,109.18,107.46,108.72,,97852.0
2016-05-13,108.32,110.88,107.87,109.07,,237857.0
2016-05-16,109.07,110.32,108.29,109.95,,127519.0
2016-05-17,109.62,109.62,105.58,106.09,,180571.0
2016-05-18,105.79,107.27,104.65,105.67,,172130.0
2016-05-19,104.82,105.94,103.43,104.51,,143861.0
2016-05-20,104.69,107.16,104.63,107.1,,159925.0
2016-05-23,107.11,108.0,106.13,106.23,,80395.0
2016-05-24,106.94,110.29,105.69,109.94,,163385.0
2016-05-25,110.14,110.32,109.17,109.38,,119508.0
2016-05-26,109.38,110.24,108.56,109.06,,147761.0
2016-05-27,109.48,111.59,109.11,111.52,,136690.0
2016-05-31,111.65,112.2,110.62,111.38,,241286.0
2016-06-01,111.29,112.59,110.82,112.53,,225510.0
2016-06-02,112.14,114.63,112.14,114.02,,231037.0
2016-06-03,114.26,114.26,112.21,112.84,,132347.0
2016-06-06,112.68,114.19,111.78,113.57,,116812.0
2016-06-07,113.44,114.65,113.21,113.7,,80770.0
2016-06-08,113.65,115.22,113.2,114.77,,108167.0
2016-06-09,114.2,115.81,112.6,115.67,,134920.0
2016-06-10,115.04,115.18,113.09,113.5,,109538.0
2016-06-13,113.12,113.38,110.8,110.86,,241983.0
2016-06-14,110.85,111.79,110.41,111.34,,91639.0
2016-06-15,111.66,111.74,110.59,110.81,,155513.0
2016-06-16,110.09,111.53,109.42,111.38,,205939.0
2016-06-17,111.61,111.83,108.3,109.32,,265408.0
2016-06-20,111.32,112.58,110.79,111.1,,104690.0
2016-06-21,111.12,112.03,110.66,111.26,,107995.0
2016-06-22,111.15,113.09,110.54,111.66,,184490.0
2016-06-23,112.63,113.45,111.01,113.03,,167808.0
2016-06-24,107.95,110.74,107.12,108.95,,285124.0
2016-06-27,107.84,108.13,105.7,105.93,,263094.0
2016-06-28,106.65,107.74,105.64,106.83,,154119.0
2016-06-29,108.33,109.8,107.85,109.32,,107621.0
2016-06-30,109.77,113.15,109.7,112.96,,240013.0
2016-07-01,112.69,114.71,111.68,113.87,,267916.0
2016-07-05,113.21,114.33,112.88,113.71,,132179.0
2016-07-06,113.53,114.21,112.75,113.4,,125980.0
2016-07-07,113.39,115.15,113.39,114.79,,189810.0
2016-07-08,115.94,116.28,114.74,114.8,,191727.0
2016-07-11,115.26,115.83,114.71,115.09,,150220.0
2016-07-12,116.0,117.98,114.94,117.78,,245778.0
2016-07-13,118.76,119.12,117.03,118.14,,232975.0
2016-07-14,119.16,119.22,117.76,117.88,,117191.0
2016-07-15,118.25,118.35,116.48,116.69,,125028.0
2016-07-18,116.96,116.96,115.47,116.34,,161895.0
2016-07-19,116.53,117.9,116.49,117.4,,88952.0
2016-07-20,118.32,118.93,117.89,118.7,,127687.0
2016-07-21,118.49,118.55,116.39,116.67,,82730.0
2016-07-22,116.55,119.09,116.55,118.89,,158178.0
2016-07-25,118.88,119.57,116.41,117.71,,89403.0
2016-07-26,117.89,118.77,116.9,117.54,,86781.0
2016-07-27,117.86,118.2,117.0,117.45,,103147.0
2016-07-28,117.44,119.73,115.37,115.54,,257719.0
2016-07-29,119.94,130.1,118.82,126.58,,875807.0
2016-08-01,126.34,130.22,126.01,130.16,,305958.0
2016-08-02,129.94,130.93,128.34,128.5,,333419.0
2016-08-03,128.08,128.87,127.99,128.57,,210307.0
2016-08-04,128.59,128.59,127.68,127.9,,161273.0
2016-08-05,128.86,129.23,128.33,129.04,,137785.0
2016-08-08,128.67,128.98,127.46,127.74,,179502.0
2016-08-09,127.16,128.44,127.03,127.46,,206641.0
2016-08-10,127.58,128.23,126.62,127.45,,140151.0
2016-08-11,127.6,128.6,127.47,127.49,,88980.0
2016-08-12,127.37,127.42,126.72,126.77,,81108.0
2016-08-15,126.25,127.9,126.25,127.39,,117903.0
2016-08-16,127.15,127.15,125.5,125.55,,127086.0
2016-08-17,125.33,125.81,124.73,125.22,,85324.0
2016-08-18,125.04,126.47,125.04,126.27,,90993.0
2016-08-19,126.69,127.31,125.38,127.0,,118639.0
2016-08-22,126.78,126.93,125.79,126.84,,89197.0
2016-08-23,127.1,128.52,126.72,127.23,,173755.0
2016-08-24,127.12,127.69,125.76,125.86,,117414.0
2016-08-25,125.63,128.95,125.63,127.75,,227360.0
2016-08-26,127.98,128.94,125.84,126.69,,143943.0
2016-08-29,126.95,128.02,126.8,127.08,,124245.0
2016-08-30,127.68,128.37,127.09,128.2,,151560.0
2016-08-31,128.53,128.6,127.22,127.88,,162957.0
2016-09-01,127.41,129.89,127.41,129.89,,261993.0
2016-09-02,130.02,132.3,130.02,132.3,,152622.0
2016-09-06,132.1,132.77,131.21,132.65,,122928.0
2016-09-07,132.05,132.71,131.23,132.45,,216235.0
2016-09-08,131.91,132.89,131.78,132.81,,115899.0
2016-09-09,131.48,131.95,128.42,128.45,,179695.0
2016-09-12,127.78,131.75,127.78,131.69,,147397.0
2016-09-13,130.09,130.96,127.25,127.41,,311135.0
2016-09-14,127.19,129.62,127.19,128.14,,310429.0
2016-09-15,128.31,131.56,128.31,131.33,,232085.0
2016-09-16,130.96,131.39,129.21,129.39,,293708.0
2016-09-19,130.54,132.2,129.34,129.41,,171589.0
2016-09-20,130.42,130.56,128.81,128.83,,95834.0
2016-09-21,127.66,128.5,125.25,128.32,,208292.0
2016-09-22,129.31,129.84,127.88,129.53,,187793.0
2016-09-23,128.97,129.51,128.38,128.43,,100037.0
2016-09-26,127.98,128.84,127.36,127.9,,148581.0
2016-09-27,127.69,128.38,126.76,127.45,,164014.0
2016-09-28,127.57,128.51,126.4,127.35,,211520.0
2016-09-29,127.24,127.49,125.06,125.13,,124117.0
2016-09-30,125.88,125.88,124.22,124.55,,233637.0
2016-10-03,123.7,125.96,123.38,124.2,,175943.0
2016-10-04,124.11,124.38,122.47,122.78,,172854.0
2016-10-05,123.42,125.62,121.13,122.12,,152465.0
2016-10-06,122.16,123.68,121.06,123.36,,163093.0
2016-10-07,123.34,123.34,121.31,122.03,,140695.0
2016-10-10,122.76,123.79,121.73,121.85,,207764.0
2016-10-11,120.93,121.46,118.94,119.62,,215671.0
2016-10-12,119.75,121.12,118.97,120.71,,136935.0
2016-10-13,119.34,121.34,119.34,120.24,,132048.0
2016-10-14,120.81,121.25,119.95,120.81,,136446.0
2016-10-17,121.05,121.84,120.73,121.42,,130764.0
2016-10-18,122.29,122.92,121.87,122.09,,132932.0
2016-10-19,122.17,123.26,121.1,122.75,,103951.0
2016-10-20,122.59,123.31,121.68,123.23,,163270.0
2016-10-21,122.2,123.48,122.18,123.45,,212333.0
2016-10-24,125.01,125.02,121.96,123.6,,228799.0
2016-10-25,123.6,125.18,120.89,122.43,,202038.0
2016-10-26,121.78,123.14,121.78,122.28,,161333.0
2016-10-27,122.96,122.96,119.02,119.77,,220240.0
2016-10-28,119.64,121.32,119.05,119.13,,169538.0
2016-10-31,119.72,121.79,119.01,120.64,,183239.0
2016-11-01,120.57,120.57,116.11,116.87,,207606.0
2016-11-02,116.88,118.05,115.62,115.68,,174756.0
2016-11-03,116.1,116.37,114.74,115.05,,157522.0
2016-11-04,115.0,115.67,113.54,113.58,,302300.0
2016-11-07,115.08,118.43,114.77,117.49,,387958.0
2016-11-08,118.27,119.4,109.73,114.78,,976624.0
2016-11-09,112.39,114.76,111.21,114.58,,256004.0
2016-11-10,114.96,116.4,112.67,113.15,,335611.0
2016-11-11,113.15,114.6,112.71,113.97,,350149.0
2016-11-14,114.86,115.32,111.53,112.28,,220469.0
2016-11-15,111.71,112.71,110.14,111.38,,400928.0
2016-11-16,111.24,113.0,110.7,112.96,,250669.0
2016-11-17,113.23,114.88,113.23,114.25,,213948.0
2016-11-18,114.64,114.91,113.53,114.22,,163808.0
2016-11-21,114.96,114.99,113.58,114.55,,156228.0
2016-11-22,114.63,116.16,113.39,116.04,,244524.0
2016-11-23,115.55,116.82,115.51,116.36,,192553.0
2016-11-25,116.42,117.25,115.58,117.25,,91121.0
2016-11-28,116.82,117.69,116.43,116.72,,143755.0
2016-11-29,116.96,118.15,116.68,117.69,,203584.0
2016-11-30,117.89,117.89,113.55,113.67,,344076.0
2016-12-01,113.81,114.69,112.22,112.96,,297667.0
2016-12-02,112.84,113.74,111.98,112.48,,185517.0
2016-12-05,112.88,115.33,112.12,115.19,,279508.0
2016-12-06,115.82,116.8,114.17,116.24,,290332.0
2016-12-07,116.02,120.0,115.76,119.98,,217353.0
2016-12-08,119.64,121.87,119.42,121.46,,213075.0
2016-12-09,121.86,123.01,121.42,122.13,,258158.0
2016-12-12,121.5,123.2,120.59,122.03,,187389.0
2016-12-13,121.98,123.18,121.5,121.65,,243215.0
2016-12-14,121.98,122.33,120.24,120.47,,243369.0
2016-12-15,120.07,122.06,119.37,120.78,,206775.0
2016-12-16,121.09,122.66,120.57,120.89,,404763.0
2016-12-19,120.98,122.03,120.62,121.28,,115747.0
2016-12-20,121.1,121.67,120.12,121.27,,82527.0
2016-12-21,121.02,121.62,120.29,121.22,,79656.0
2016-12-22,121.58,121.58,119.39,120.72,,92267.0
2016-12-23,121.09,121.42,119.63,120.95,,49060.0
2016-12-27,121.4,122.15,120.65,121.38,,53893.0
2016-12-28,121.7,122.2,119.16,119.32,,105680.0
2016-12-29,119.26,120.81,118.05,120.5,,82369.0
2016-12-30,121.05,121.05,118.84,119.2,,152951.0
2017-01-03,119.8,120.33,118.93,120.15,,200297.0
2017-01-04,120.87,123.85,120.82,123.45,,231074.0
2017-01-05,123.36,124.54,120.58,122.98,,148478.0
2017-01-06,123.2,123.96,121.64,122.49,,235190.0
2017-01-09,121.72,122.68,120.99,121.52,,331235.0
2017-01-10,121.34,122.81,120.76,122.02,,246710.0
2017-01-11,121.95,123.5,121.52,122.67,,137665.0
2017-01-12,122.18,123.08,120.8,122.89,,113532.0
2017-01-13,123.07,125.28,123.07,124.69,,137352.0
2017-01-17,123.95,124.9,122.47,122.73,,175436.0
2017-01-18,123.41,124.07,122.69,123.01,,130326.0
2017-01-19,123.31,123.59,121.56,122.36,,124760.0
2017-01-20,122.84,123.87,122.08,123.1,,141233.0
2017-01-23,123.11,124.66,122.66,123.28,,149550.0
2017-01-24,123.94,125.32,123.0,124.96,,149691.0
2017-01-25,125.92,126.27,124.96,125.59,,121701.0
2017-01-26,125.49,126.38,124.97,125.83,,126355.0
2017-01-27,126.31,126.68,124.9,125.49,,110282.0
2017-01-30,125.42,125.42,123.14,123.44,,185354.0
2017-01-31,123.52,124.6,122.21,123.28,,153549.0
2017-02-01,124.3,126.97,120.31,120.92,,424508.0
2017-02-02,121.16,124.19,119.52,123.91,,299167.0
2017-02-03,124.94,125.48,124.28,124.52,,137614.0
2017-02-06,123.73,124.88,122.95,123.67,,191613.0
2017-02-07,124.0,124.35,122.46,123.29,,101232.0
2017-02-08,122.98,123.55,122.2,122.95,,97386.0
2017-02-09,123.13,125.72,123.13,125.41,,122319.0
2017-02-10,126.01,127.39,125.5,126.79,,128183.0
2017-02-13,127.44,127.64,126.41,126.75,,99589.0
2017-02-14,126.24,128.69,124.09,128.44,,217978.0
2017-02-15,127.8,129.09,127.1,128.78,,96406.0
2017-02-16,128.95,130.47,128.44,128.77,,171535.0
2017-02-17,129.09,129.85,128.54,129.85,,151928.0
2017-02-21,130.54,131.23,130.01,131.2,,114055.0
2017-02-22,131.24,131.75,130.35,130.7,,161147.0
2017-02-23,131.38,131.38,129.34,130.93,,126483.0
2017-02-24,130.07,133.09,129.51,132.35,,199496.0
2017-02-27,131.8,133.12,131.23,131.93,,171394.0
2017-02-28,130.67,132.41,125.98,130.05,,170029.0
2017-03-01,131.74,132.98,131.31,132.08,,287466.0
2017-03-02,132.0,132.99,131.28,131.68,,140680.0
2017-03-03,131.87,132.04,130.24,131.79,,106463.0
2017-03-06,131.11,131.7,130.44,130.69,,128710.0
2017-03-07,130.41,131.35,129.51,129.67,,109807.0
2017-03-08,130.03,130.97,129.66,129.8,,110351.0
2017-03-09,130.16,130.67,129.13,129.63,,93170.0
2017-03-10,130.45,130.73,128.53,128.9,,132945.0
2017-03-13,128.92,130.5,128.53,130.34,,79034.0
2017-03-14,130.17,130.45,128.66,129.92,,76996.0
2017-03-15,130.22,131.63,129.11,131.45,,146685.0
2017-03-16,131.35,132.11,130.33,131.82,,91913.0
2017-03-17,131.9,132.31,131.16,131.69,,284803.0
2017-03-20,131.31,131.31,129.88,130.71,,95481.0
2017-03-21,131.33,131.51,128.12,128.31,,140802.0
2017-03-22,127.93,128.42,126.25,127.16,,145752.0
2017-03-23,126.97,129.3,124.59,126.98,,122310.0
2017-03-24,127.54,128.68,126.03,126.85,,87368.0
2017-03-27,125.93,127.42,125.0,126.91,,90750.0
2017-03-28,126.5,127.72,125.42,127.23,,115656.0
2017-03-29,126.97,128.46,126.82,128.22,,69115.0
2017-03-30,128.95,129.14,127.45,128.4,,62797.0
2017-03-31,128.11,129.6,127.94,128.95,,146406.0
2017-04-03,128.5,129.24,126.52,127.94,,149979.0
2017-04-04,127.43,128.51,127.07,127.7,,119792.0
2017-04-05,127.94,128.72,125.78,125.93,,108840.0
2017-04-06,125.87,127.78,125.71,127.73,,118074.0
2017-04-07,127.67,129.35,127.3,128.5,,101206.0
2017-04-10,128.36,128.9,127.07,128.11,,87252.0
2017-04-11,127.73,129.76,126.76,129.75,,118439.0
2017-04-12,129.38,130.04,127.91,128.16,,117741.0
2017-04-13,127.93,128.59,125.99,126.03,,76275.0
2017-04-17,126.19,128.12,125.88,128.08,,119644.0
2017-04-18,127.3,128.78,126.99,128.5,,81539.0
2017-04-19,129.01,129.54,128.45,128.8,,77316.0
2017-04-20,129.47,130.86,129.18,130.38,,124825.0
2017-04-21,129.8,131.79,129.46,130.19,,144246.0
2017-04-24,132.32,133.25,131.43,132.73,,169889.0
2017-04-25,133.76,134.77,133.02,133.59,,113803.0
2017-04-26,133.4,134.29,132.62,133.57,,135505.0
2017-04-27,133.94,134.73,132.79,133.47,,153976.0
2017-04-28,133.6,137.57,130.99,135.48,,247944.0
2017-05-01,135.63,137.85,134.32,137.37,,228275.0
2017-05-02,137.47,138.99,136.73,137.98,,191775.0
2017-05-03,137.16,138.35,136.6,137.6,,133666.0
2017-05-04,137.91,139.0,137.2,137.49,,123161.0
2017-05-05,137.88,138.0,136.88,137.91,,130774.0
2017-05-08,137.65,138.13,136.01,137.08,,106693.0
2017-05-09,137.12,137.99,136.54,137.02,,74246.0
2017-05-10,136.5,137.63,135.89,137.21,,88016.0
2017-05-11,136.58,136.58,135.09,135.72,,61568.0
2017-05-12,134.96,135.44,134.44,134.9,,68190.0
2017-05-15,135.0,135.82,135.0,135.58,,96763.0
2017-05-16,136.04,136.22,135.15,135.8,,75640.0
2017-05-17,135.8,136.34,132.15,132.17,,140803.0
2017-05-18,131.69,133.89,131.37,131.54,,125879.0
2017-05-19,131.99,133.95,131.94,133.2,,111045.0
2017-05-22,133.12,133.98,131.21,131.99,,340208.0
2017-05-23,132.48,133.41,131.14,132.17,,158780.0
2017-05-24,132.43,133.19,131.9,132.9,,163980.0
2017-05-25,133.55,134.16,132.92,132.96,,135753.0
2017-05-26,133.07,134.38,131.61,133.53,,201164.0
2017-05-30,133.25,134.31,132.63,132.71,,128788.0
2017-05-31,133.15,133.63,131.84,132.66,,204698.0
2017-06-01,133.47,134.45,132.48,133.94,,375812.0
2017-06-02,134.09,138.32,134.09,138.24,,228252.0
2017-06-05,138.0,138.61,136.44,136.57,,92495.0
2017-06-06,135.6,136.57,135.18,135.72,,111254.0
2017-06-07,135.75,136.19,134.55,134.62,,103635.0
2017-06-08,134.92,136.05,133.46,134.23,,151768.0
2017-06-09,134.33,135.25,131.42,133.1,,309251.0
2017-06-12,132.88,134.15,131.35,134.15,,343101.0
2017-06-13,134.78,135.39,133.79,135.28,,234463.0
2017-06-14,135.39,137.01,133.84,134.53,,180752.0
2017-06-15,133.15,134.91,132.3,134.74,,153768.0
2017-06-16,134.08,135.5,133.14,135.4,,337417.0
2017-06-19,136.11,136.72,134.83,136.41,,265593.0
2017-06-20,135.84,136.57,133.96,134.01,,157796.0
2017-06-21,134.33,135.62,133.4,133.78,,233040.0
2017-06-22,134.03,135.9,133.22,135.18,,209463.0
2017-06-23,135.2,136.91,134.6,136.42,,265086.0
2017-06-26,137.0,137.63,135.85,136.7,,187859.0
2017-06-27,136.68,138.64,134.73,137.69,,247390.0
2017-06-28,138.85,140.64,137.56,140.29,,170052.0
2017-06-29,140.0,140.09,136.39,138.21,,131538.0
2017-06-30,138.79,140.47,138.79,139.41,,157183.0
2017-07-03,139.89,140.29,138.32,138.46,,86277.0
2017-07-05,138.45,139.67,136.6,138.92,,164261.0
2017-07-06,137.98,139.9,137.27,138.18,,202958.0
2017-07-07,138.47,141.53,138.47,140.58,,177958.0
2017-07-10,140.2,140.95,139.4,139.62,,139974.0
2017-07-11,139.94,140.2,137.96,139.87,,132900.0
2017-07-12,141.18,142.99,141.18,142.54,,120661.0
2017-07-13,142.3,142.6,141.33,141.54,,91548.0
2017-07-14,141.53,142.74,141.45,141.84,,91052.0
2017-07-17,141.83,142.41,141.09,141.64,,95597.0
2017-07-18,141.02,142.18,141.0,141.55,,89216.0
2017-07-19,141.95,143.68,141.94,143.11,,90033.0
2017-07-20,143.21,143.98,141.74,142.75,,92147.0
2017-07-21,143.11,143.51,141.7,142.41,,122491.0
2017-07-24,142.52,144.22,142.05,144.05,,86566.0
2017-07-25,144.79,145.76,144.05,145.54,,174356.0
2017-07-26,145.7,146.13,144.75,145.35,,101500.0
2017-07-27,145.78,146.34,143.03,143.99,,133610.0
2017-07-28,143.54,144.47,141.69,142.72,,314461.0
2017-07-31,143.2,144.88,139.19,142.55,,194689.0
2017-08-01,139.82,147.02,136.5,143.12,,278943.0
2017-08-02,143.53,144.17,140.98,141.26,,130000.0
2017-08-03,140.89,141.95,139.81,140.33,,110366.0
2017-08-04,140.76,140.99,138.08,140.49,,76719.0
2017-08-07,140.42,140.62,139.35,139.61,,159853.0
2017-08-08,139.62,141.25,138.71,139.46,,138473.0
2017-08-09,138.69,139.73,138.31,139.11,,81156.0
2017-08-10,138.41,139.73,136.68,136.93,,118611.0
2017-08-11,136.53,137.9,136.53,137.03,,196759.0
2017-08-14,138.67,140.42,138.67,140.27,,93586.0
2017-08-15,140.44,140.94,138.74,139.25,,111553.0
2017-08-16,139.85,141.68,139.33,140.94,,90954.0
2017-08-17,140.56,142.13,138.52,138.56,,154361.0
2017-08-18,137.66,139.3,137.14,137.94,,216636.0
2017-08-21,137.88,139.6,137.45,139.25,,90135.0
2017-08-22,139.28,141.98,139.28,141.56,,95606.0
2017-08-23,140.41,141.33,139.09,139.5,,96301.0
2017-08-24,140.0,140.45,138.15,138.45,,129571.0
2017-08-25,139.04,139.31,138.1,138.38,,79302.0
2017-08-28,138.81,139.14,138.11,139.05,,67804.0
2017-08-29,138.05,139.21,137.63,138.55,,140957.0
2017-08-30,138.71,139.79,137.67,139.22,,122480.0
2017-08-31,139.72,141.85,138.97,140.76,,217642.0
2017-09-01,141.53,141.86,140.65,141.51,,119174.0
2017-09-05,141.02,142.13,139.53,140.47,,99804.0
2017-09-06,140.76,140.76,138.8,139.65,,137492.0
2017-09-07,139.88,140.7,139.03,139.33,,133925.0
2017-09-08,138.7,139.27,137.3,138.29,,387645.0
2017-09-11,139.04,140.53,138.8,140.15,,144939.0
2017-09-12,140.4,142.1,140.4,142.08,,112203.0
2017-09-13,141.89,142.24,139.48,139.73,,187709.0
2017-09-14,139.4,139.58,134.08,134.37,,356404.0
2017-09-15,134.5,134.7,131.65,131.75,,838224.0
2017-09-18,131.52,135.5,131.52,135.04,,265584.0
2017-09-19,135.43,137.45,134.76,136.27,,312999.0
2017-09-20,136.18,138.0,136.06,137.71,,162575.0
2017-09-21,137.5,138.27,136.37,137.68,,181074.0
2017-09-22,137.59,140.44,137.59,140.13,,189218.0
2017-09-25,140.25,141.06,138.98,139.88,,140880.0
2017-09-26,140.49,141.27,139.89,140.01,,173913.0
2017-09-27,141.04,143.35,140.84,142.2,,183782.0
2017-09-28,141.94,142.41,141.45,141.54,,142995.0
2017-09-29,141.61,141.61,140.43,140.5,,198206.0
2017-10-02,140.62,142.46,140.62,142.25,,137350.0
2017-10-03,142.38,143.97,141.76,142.95,,167928.0
2017-10-04,143.43,143.77,142.05,142.41,,171282.0
2017-10-05,142.42,143.75,142.42,142.94,,141356.0
2017-10-06,142.44,144.17,142.42,143.96,,144567.0
2017-10-09,144.04,145.53,144.0,144.89,,86320.0
2017-10-10,145.79,146.28,144.66,145.47,,97077.0
2017-10-11,146.06,146.4,145.45,146.28,,130484.0
2017-10-12,146.07,147.87,146.01,146.48,,157066.0
2017-10-13,147.04,148.26,146.56,146.84,,136702.0
2017-10-16,147.3,147.94,146.19,147.49,,151114.0
2017-10-17,147.57,148.32,146.32,146.67,,107106.0
2017-10-18,147.36,149.0,146.81,147.15,,172287.0
2017-10-19,146.64,146.64,144.39,145.24,,144363.0
2017-10-20,146.0,146.89,145.5,146.59,,134864.0
2017-10-23,146.9,147.95,146.64,147.09,,113142.0
2017-10-24,147.69,148.0,146.04,147.55,,79047.0
2017-10-25,147.28,147.76,146.27,147.44,,110375.0
2017-10-26,147.99,148.15,147.23,147.23,,112555.0
2017-10-27,147.47,148.35,146.72,147.03,,162990.0
2017-10-30,147.03,147.03,143.65,143.81,,126042.0
2017-10-31,143.72,146.0,143.41,145.16,,151616.0
2017-11-01,146.13,148.58,143.04,143.94,,233306.0
2017-11-02,142.51,148.69,141.9,147.9,,245636.0
2017-11-03,147.64,153.26,146.97,152.55,,235091.0
2017-11-06,151.77,152.37,150.5,151.16,,212035.0
2017-11-07,151.6,153.47,151.04,152.45,,174664.0
2017-11-08,151.75,154.84,150.98,154.61,,161738.0
2017-11-09,152.94,153.76,151.48,153.76,,107749.0
2017-11-10,154.3,155.24,153.38,154.68,,138078.0
2017-11-13,153.72,155.19,153.42,153.94,,116823.0
2017-11-14,153.16,153.66,152.05,152.41,,176278.0
2017-11-15,151.52,152.75,150.56,151.9,,131819.0
2017-11-16,152.39,153.78,151.27,152.89,,92184.0
2017-11-17,152.0,153.4,152.0,152.7,,93694.0
2017-11-20,152.73,154.11,152.29,154.01,,87503.0
2017-11-21,154.53,155.97,154.1,154.62,,78908.0
2017-11-22,154.71,154.71,153.08,154.0,,75570.0
2017-11-24,154.73,155.83,153.17,155.43,,43859.0
2017-11-27,155.56,156.53,154.7,155.44,,100860.0
2017-11-28,155.67,156.64,153.87,156.28,,115082.0
2017-11-29,157.06,158.1,155.2,155.37,,132573.0
2017-11-30,156.05,158.34,155.79,157.06,,142672.0
2017-12-01,157.56,158.1,152.62,157.5,,134505.0
2017-12-04,159.0,159.0,156.16,156.29,,127222.0
2017-12-05,156.1,157.47,155.25,155.59,,124946.0
2017-12-06,155.35,156.27,154.53,155.57,,118404.0
2017-12-07,155.66,158.07,155.66,156.68,,104079.0
2017-12-08,157.05,158.49,156.37,157.31,,115754.0
2017-12-11,156.93,157.93,154.77,155.56,,104508.0
2017-12-12,155.19,155.84,153.5,154.95,,108256.0
2017-12-13,154.68,156.92,154.68,155.64,,121885.0
2017-12-14,154.98,156.67,154.01,154.44,,127246.0
2017-12-15,156.77,158.7,155.09,157.7,,387665.0
2017-12-18,158.29,159.92,157.62,158.13,,158729.0
2017-12-19,158.25,158.68,156.55,157.01,,123687.0
2017-12-20,158.19,158.44,156.02,156.75,,150599.0
2017-12-21,157.26,158.31,156.5,156.55,,104361.0
2017-12-22,155.32,156.08,153.34,153.73,,119032.0
2017-12-26,153.73,154.68,152.61,153.24,,101511.0
2017-12-27,153.32,155.7,153.19,154.44,,83983.0
2017-12-28,154.71,154.85,153.44,154.26,,50685.0
2017-12-29,154.15,155.06,153.09,153.2,,103938.0
2018-01-02,153.41,154.48,152.47,153.39,,176425.0
2018-01-03,153.42,155.12,153.21,153.43,,127860.0
2018-01-04,154.07,156.51,154.07,155.18,,122160.0
2018-01-05,155.67,157.46,155.54,156.92,,100526.0
2018-01-08,156.53,159.14,156.2,158.86,,111648.0
2018-01-09,159.3,159.3,157.64,158.36,,97909.0
2018-01-10,158.38,160.18,157.54,158.22,,123319.0
2018-01-11,158.77,161.23,157.44,160.25,,198889.0
2018-01-12,160.32,162.94,159.29,159.56,,136292.0
2018-01-16,160.19,161.15,159.09,159.75,,170647.0
2018-01-17,160.62,162.77,159.73,162.32,,161838.0
2018-01-18,162.52,163.28,160.91,161.2,,105733.0
2018-01-19,160.94,164.76,160.94,163.45,,193252.0
2018-01-22,162.78,164.05,162.39,163.52,,117165.0
2018-01-23,163.4,165.14,162.54,164.02,,123228.0
2018-01-24,164.56,165.55,162.59,162.88,,138754.0
2018-01-25,163.61,164.83,161.82,162.89,,137494.0
2018-01-26,170.99,170.99,163.44,170.09,,346887.0
2018-01-29,169.97,177.91,168.97,176.13,,420770.0
2018-01-30,174.17,175.91,172.67,173.52,,297218.0
2018-01-31,174.12,175.08,172.15,172.66,,222256.0
2018-02-01,172.19,173.87,170.87,172.84,,181592.0
2018-02-02,171.88,172.31,169.34,169.38,,119617.0
2018-02-05,167.68,170.56,163.96,164.01,,168460.0
2018-02-06,160.54,165.45,160.54,164.47,,189845.0
2018-02-07,164.32,164.99,162.6,163.19,,125603.0
2018-02-08,163.58,163.58,156.2,156.25,,155457.0
2018-02-09,157.91,158.88,153.61,157.82,,152245.0
2018-02-12,158.36,161.11,157.38,159.83,,158957.0
2018-02-13,158.73,159.84,157.75,159.72,,73172.0
2018-02-14,158.15,164.51,158.15,163.72,,167070.0
2018-02-15,164.97,166.44,163.61,165.74,,122790.0
2018-02-16,164.86,168.81,163.6,166.48,,230659.0
2018-02-20,166.5,173.2,166.49,172.02,,355765.0
2018-02-21,172.25,176.25,172.22,172.34,,232764.0
2018-02-22,172.44,174.31,171.88,172.75,,155721.0
2018-02-23,174.48,176.46,173.15,176.3,,144221.0
2018-02-26,177.35,177.74,174.72,175.25,,166950.0
2018-02-27,175.81,176.41,172.59,172.69,,144067.0
2018-02-28,173.64,174.03,169.85,169.94,,154676.0
2018-03-01,169.99,170.94,167.06,169.6,,210479.0
2018-03-02,168.12,172.56,167.4,172.22,,141471.0
2018-03-05,172.0,173.83,170.77,173.49,,102343.0
2018-03-06,174.31,176.14,173.87,175.9,,156893.0
2018-03-07,175.21,178.18,174.37,177.85,,139958.0
2018-03-08,178.63,178.95,176.02,177.64,,116606.0
2018-03-09,179.0,179.58,177.16,178.09,,293355.0
2018-03-12,178.77,179.21,175.96,177.14,,190692.0
2018-03-13,178.05,178.05,175.26,176.1,,109173.0
2018-03-14,177.3,177.3,173.28,173.75,,247760.0
2018-03-15,173.67,173.67,170.9,171.3,,265174.0
2018-03-16,171.64,172.89,169.28,170.65,,321356.0
2018-03-19,169.66,170.13,166.09,167.6,,251391.0
2018-03-20,167.71,170.8,167.71,169.96,,169519.0
2018-03-21,170.0,172.86,170.0,170.88,,116482.0
2018-03-22,169.54,171.59,167.52,167.76,,163823.0
2018-03-23,168.03,168.55,163.1,163.1,,138584.0
2018-03-26,165.34,170.16,164.37,169.93,,208888.0
2018-03-27,170.54,171.78,164.8,165.75,,190981.0
2018-03-28,166.03,168.59,165.04,167.51,,203863.0
2018-03-29,168.58,170.96,167.38,169.37,,188771.0
2018-04-02,168.44,169.54,162.58,163.17,,160599.0
2018-04-03,164.27,167.6,163.42,167.26,,214682.0
2018-04-04,164.44,167.62,163.07,167.04,,136472.0
2018-04-05,168.41,169.37,166.8,168.92,,121273.0
2018-04-06,167.1,168.34,163.22,164.23,,110612.0
2018-04-09,165.83,168.19,163.2,163.33,,112456.0
2018-04-10,165.52,168.1,164.08,167.62,,84760.0
2018-04-11,166.48,169.36,166.36,168.97,,128441.0
2018-04-12,170.0,171.76,169.08,171.03,,159138.0
2018-04-13,171.86,171.86,168.31,168.81,,166225.0
2018-04-16,169.93,171.7,169.03,171.0,,74919.0
2018-04-17,172.24,174.25,171.05,173.86,,96352.0
2018-04-18,174.13,175.12,172.82,174.13,,134628.0
2018-04-19,173.05,174.48,172.69,173.23,,89985.0
2018-04-20,172.56,174.43,172.1,172.69,,109128.0
2018-04-23,172.82,173.23,170.91,171.71,,89304.0
2018-04-24,172.68,172.95,167.49,169.19,,116651.0
2018-04-25,168.43,169.54,165.21,166.84,,131481.0
2018-04-26,167.54,171.57,166.16,170.4,,192166.0
2018-04-27,175.0,177.92,170.44,176.54,,328348.0
2018-04-30,177.83,177.83,173.12,173.18,,239037.0
2018-05-01,172.69,174.78,170.64,174.38,,199346.0
2018-05-02,173.37,174.35,170.7,171.25,,194166.0
2018-05-03,171.07,174.16,169.75,173.59,,139545.0
2018-05-04,172.54,176.99,171.67,176.14,,116848.0
2018-05-07,176.6,177.77,175.87,176.35,,98041.0
2018-05-08,175.42,176.49,174.27,176.09,,137853.0
2018-05-09,176.44,177.65,174.79,176.44,,112336.0
2018-05-10,177.37,179.79,177.34,179.12,,130744.0
2018-05-11,178.87,180.42,177.32,178.03,,121575.0
2018-05-14,178.26,178.71,176.0,176.42,,227790.0
2018-05-15,175.4,178.9,175.0,178.28,,180977.0
2018-05-16,178.66,181.89,178.66,180.09,,205824.0
2018-05-17,179.34,180.93,178.65,180.3,,159745.0
2018-05-18,181.08,182.27,179.87,180.04,,274907.0
2018-05-21,180.74,182.34,180.63,181.76,,120088.0
2018-05-22,181.88,182.09,180.41,180.41,,125602.0
2018-05-23,179.95,182.03,179.73,181.87,,86321.0
2018-05-24,181.77,182.2,180.76,181.08,,124389.0
2018-05-25,180.55,182.3,180.32,181.29,,133509.0
2018-05-29,180.42,182.22,180.42,181.79,,120195.0
2018-05-30,182.94,185.81,182.94,184.32,,259888.0
2018-05-31,185.18,186.76,183.59,184.03,,217724.0
2018-06-01,185.67,187.68,185.44,187.38,,174473.0
2018-06-04,188.55,190.69,187.87,189.79,,255604.0
2018-06-05,190.3,192.34,190.09,191.77,,166863.0
2018-06-06,192.46,193.73,191.89,192.86,,219826.0
2018-06-07,193.32,193.87,192.18,192.83,,294580.0
2018-06-08,192.92,199.06,192.84,198.95,,261015.0
2018-06-11,199.05,200.0,196.51,196.59,,295612.0
2018-06-12,197.0,197.25,193.73,194.02,,268832.0
2018-06-13,195.27,198.19,195.13,197.47,,201921.0
2018-06-14,198.4,200.72,198.3,200.72,,203293.0
2018-06-15,199.94,201.32,198.58,199.97,,289914.0
2018-06-18,199.04,200.79,198.34,200.56,,198228.0
2018-06-19,198.98,200.27,197.51,200.16,,271204.0
2018-06-20,202.79,203.12,201.01,202.12,,195229.0
2018-06-21,202.38,203.01,197.68,198.42,,268179.0
2018-06-22,198.75,199.78,194.38,195.61,,3025342.0
2018-06-25,195.0,195.0,190.07,190.38,,373791.0
2018-06-26,191.31,193.64,190.94,191.57,,231118.0
2018-06-27,191.43,191.98,188.08,188.11,,359824.0
2018-06-28,187.29,192.25,187.29,191.97,,283768.0
2018-06-29,192.97,194.87,191.9,193.32,,352957.0
2018-07-02,193.11,195.73,193.11,194.22,,281368.0
2018-07-03,194.35,196.74,193.38,195.81,,149559.0
2018-07-05,197.43,197.65,193.37,195.86,,251144.0
2018-07-06,195.86,198.59,195.45,197.65,,140520.0
2018-07-09,198.93,199.98,198.51,199.26,,162020.0
2018-07-10,199.35,201.1,198.59,199.46,,120757.0
2018-07-11,197.76,199.92,197.58,198.47,,260454.0
2018-07-12,200.15,203.63,200.1,202.31,,217476.0
2018-07-13,202.97,203.7,201.9,202.89,,192159.0
2018-07-16,202.94,204.83,202.12,202.51,,179514.0
2018-07-17,201.46,206.91,201.46,206.47,,261874.0
2018-07-18,206.09,207.09,202.75,206.24,,195608.0
2018-07-19,205.27,208.5,205.02,206.7,,182101.0
2018-07-20,207.36,209.01,206.11,206.27,,147636.0
2018-07-23,206.2,207.13,205.63,206.63,,254360.0
2018-07-24,208.08,208.36,202.44,203.35,,172534.0
2018-07-25,203.0,206.31,203.0,205.81,,158057.0
2018-07-26,205.91,206.9,204.35,205.17,,185671.0
2018-07-27,206.48,212.44,199.48,203.02,,460566.0
2018-07-30,202.72,202.72,198.79,200.14,,395430.0
2018-07-31,200.42,203.42,199.78,201.46,,292674.0
2018-08-01,201.77,206.83,201.77,205.55,,396520.0
2018-08-02,204.02,209.63,203.78,209.13,,254650.0
2018-08-03,209.82,209.93,206.14,208.15,,221717.0
2018-08-06,208.27,213.0,208.27,212.03,,308386.0
2018-08-07,212.0,213.05,210.56,212.09,,264547.0
2018-08-08,212.1,212.75,208.31,212.11,,287532.0
2018-08-09,212.56,215.14,212.56,213.21,,186543.0
2018-08-10,212.87,217.46,212.87,213.96,,271379.0
2018-08-13,214.21,215.71,212.34,213.5,,175076.0
2018-08-14,213.5,217.4,213.0,216.14,,211617.0
2018-08-15,214.9,215.8,212.13,215.38,,282672.0
2018-08-16,218.0,218.51,214.59,216.12,,186011.0
2018-08-17,215.87,217.35,214.25,217.29,,104000.0
2018-08-20,217.21,218.67,217.21,217.57,,148897.0
2018-08-21,217.76,219.52,216.92,218.6,,130806.0
2018-08-22,218.62,222.49,218.16,222.02,,127032.0
2018-08-23,222.23,224.58,221.87,222.83,,291594.0
2018-08-24,223.25,226.51,223.25,225.14,,157748.0
2018-08-27,227.25,227.25,222.57,222.63,,228076.0
2018-08-28,222.97,224.42,221.71,224.22,,233008.0
2018-08-29,224.79,228.08,224.79,227.78,,146188.0
2018-08-30,226.91,228.49,226.32,227.49,,128990.0
2018-08-31,226.68,231.46,226.68,230.98,,170754.0
2018-09-04,230.85,235.17,229.44,233.73,,265529.0
2018-09-05,233.11,233.11,227.1,230.78,,162771.0
2018-09-06,231.0,236.07,230.53,235.19,,190443.0
2018-09-07,234.85,237.61,234.17,235.0,,111556.0
2018-09-10,236.42,237.1,234.04,236.1,,181937.0
2018-09-11,236.18,241.1,235.61,236.99,,359805.0
2018-09-12,237.17,238.06,233.31,236.83,,242246.0
2018-09-13,238.55,240.53,236.91,237.51,,162591.0
2018-09-14,238.78,240.88,238.11,240.03,,231934.0
2018-09-17,239.65,240.01,234.11,234.25,,108212.0
2018-09-18,233.97,236.72,232.96,235.14,,213197.0
2018-09-19,235.64,235.64,227.68,227.96,,256573.0
2018-09-20,228.43,230.31,225.23,229.72,,218247.0
2018-09-21,230.36,231.41,227.62,228.23,,389170.0
2018-09-24,228.0,229.68,225.67,229.11,,135472.0
2018-09-25,229.42,231.3,228.87,230.03,,182649.0
2018-09-26,230.32,231.25,227.24,227.25,,179806.0
2018-09-27,227.47,229.94,227.17,227.32,,202873.0
2018-09-28,227.28,230.21,227.28,228.55,,168639.0
2018-10-01,229.94,231.96,226.78,227.47,,233246.0
2018-10-02,226.8,227.46,222.7,224.27,,279062.0
2018-10-03,225.9,227.86,224.43,225.69,,214471.0
2018-10-04,225.27,227.15,220.08,221.21,,197972.0
2018-10-05,221.68,224.72,217.73,220.57,,201684.0
2018-10-08,219.1,221.14,214.26,216.66,,226953.0
2018-10-09,215.7,218.9,214.88,215.78,,220168.0
2018-10-10,215.46,215.46,207.94,208.22,,298909.0
2018-10-11,206.76,211.45,202.61,203.18,,327778.0
2018-10-12,210.0,210.0,202.26,206.75,,270460.0
2018-10-15,206.81,209.4,204.46,206.52,,213665.0
2018-10-16,209.42,214.44,208.3,213.94,,240978.0
2018-10-17,213.73,213.93,211.24,212.76,,154682.0
2018-10-18,211.95,213.84,210.18,210.99,,153803.0
2018-10-19,212.02,214.19,207.52,207.74,,161274.0
2018-10-22,208.17,210.0,207.18,208.01,,357271.0
2018-10-23,204.54,207.41,201.9,206.55,,395453.0
2018-10-24,206.55,208.03,196.54,196.8,,200674.0
2018-10-25,198.07,199.68,196.18,196.62,,333579.0
2018-10-26,192.42,193.9,187.82,189.88,,432731.0
2018-10-29,193.38,197.16,185.23,187.9,,408880.0
2018-10-30,187.93,190.38,186.3,188.99,,277046.0
2018-10-31,191.6,195.52,191.26,192.71,,380337.0
2018-11-01,193.54,198.78,193.54,198.42,,277195.0
2018-11-02,198.34,198.34,186.94,190.07,,545457.0
2018-11-05,189.79,192.97,189.35,192.15,,230113.0
2018-11-06,190.99,193.58,188.61,190.46,,536949.0
2018-11-07,192.14,199.73,192.14,199.52,,408952.0
2018-11-08,199.23,201.37,197.28,198.25,,247142.0
2018-11-09,197.28,199.79,194.18,196.33,,166384.0
2018-11-12,195.17,195.17,188.67,189.16,,196382.0
2018-11-13,189.17,192.49,188.16,190.77,,237625.0
2018-11-14,192.59,193.3,187.77,188.0,,185104.0
2018-11-15,188.35,194.7,187.74,193.3,,194885.0
2018-11-16,192.13,193.82,190.66,191.92,,154565.0
2018-11-19,190.56,190.56,180.51,181.23,,259098.0
2018-11-20,176.17,179.98,174.66,177.2,,351066.0
2018-11-21,179.85,180.99,177.36,179.37,,198836.0
2018-11-23,177.57,180.9,177.57,179.8,,56666.0
2018-11-26,181.74,181.89,178.44,179.77,,297612.0
2018-11-27,178.46,179.59,177.26,177.64,,180442.0
2018-11-28,178.8,186.95,178.8,186.23,,283624.0
2018-11-29,185.02,191.68,185.02,190.44,,254152.0
2018-11-30,196.01,201.33,193.68,198.63,,492712.0
2018-12-03,200.0,202.23,198.0,201.91,,242932.0
2018-12-04,200.4,201.28,192.15,192.56,,317627.0
2018-12-06,189.61,191.97,187.24,190.48,,357717.0
2018-12-07,190.03,190.59,181.48,182.41,,191915.0
2018-12-10,182.31,185.76,181.38,185.05,,521815.0
2018-12-11,188.09,189.0,183.78,185.59,,244827.0
2018-12-12,188.23,191.31,185.26,189.26,,252398.0
2018-12-13,189.99,192.36,188.82,191.73,,337687.0
2018-12-14,188.36,191.27,187.79,188.07,,318554.0
2018-12-17,186.03,186.98,181.37,182.2,,472355.0
2018-12-18,183.04,187.14,183.04,186.5,,262033.0
2018-12-19,187.33,192.4,184.53,187.7,,310227.0
2018-12-20,187.23,188.54,178.23,182.31,,425134.0
2018-12-21,182.83,182.83,173.99,175.05,,365797.0
2018-12-24,173.35,174.99,170.26,171.5,,87113.0
2018-12-26,172.83,182.38,172.44,182.27,,198688.0
2018-12-27,178.9,183.97,176.72,183.97,,164938.0
2018-12-28,185.68,186.61,181.71,184.16,,144765.0
2018-12-31,186.43,187.67,184.5,187.0,,210339.0
2019-01-02,184.16,186.66,183.47,185.49,,205437.0
2019-01-03,183.53,183.53,178.42,178.77,,170652.0
2019-01-04,181.53,190.01,181.53,189.48,,273398.0
2019-01-07,190.64,194.93,189.74,193.45,,311680.0
2019-01-08,195.86,197.23,193.28,197.17,,256181.0
2019-01-09,198.35,200.0,196.98,199.02,,185574.0
2019-01-10,198.69,204.43,197.34,204.31,,206845.0
2019-01-11,204.3,205.94,202.35,205.78,,237776.0
2019-01-14,203.82,204.8,202.03,203.44,,127365.0
2019-01-15,203.63,209.32,202.19,208.51,,188054.0
2019-01-16,208.5,211.65,207.81,210.59,,210648.0
2019-01-17,210.4,212.72,209.33,211.69,,198380.0
2019-01-18,213.9,216.98,212.08,216.39,,179507.0
2019-01-22,215.31,215.9,211.48,212.88,,169856.0
2019-01-23,214.95,216.39,211.75,215.3,,165669.0
2019-01-24,215.08,215.61,212.68,215.14,,130854.0
2019-01-25,217.45,218.41,215.97,218.01,,122394.0
2019-01-28,215.29,216.87,213.37,216.24,,167342.0
2019-01-29,216.18,216.37,212.75,214.51,,119435.0
2019-01-30,216.7,217.98,214.17,217.73,,161646.0
2019-01-31,218.87,227.11,216.98,225.2,,390467.0
2019-02-01,225.94,228.52,224.45,228.51,,326426.0
2019-02-04,228.38,230.97,227.51,230.06,,238790.0
2019-02-05,230.6,232.99,229.67,231.85,,248868.0
2019-02-06,231.43,232.83,229.68,232.19,,309531.0
2019-02-07,230.0,232.6,228.22,232.21,,201532.0
2019-02-08,231.14,236.04,231.14,235.98,,172994.0
2019-02-11,236.26,239.41,234.91,235.74,,215293.0
2019-02-12,237.57,239.93,236.27,239.69,,158817.0
2019-02-13,240.0,242.45,239.15,240.64,,165656.0
2019-02-14,239.51,244.63,238.76,242.46,,230498.0
2019-02-15,243.87,244.06,240.34,240.64,,308787.0
2019-02-19,240.0,244.94,240.0,244.34,,151286.0
2019-02-20,245.14,245.16,242.28,243.63,,190136.0
2019-02-21,243.6,246.0,242.41,245.47,,134190.0
2019-02-22,246.95,249.24,246.29,248.65,,110034.0
2019-02-25,250.0,250.0,245.91,247.02,,210422.0
2019-02-26,246.74,248.06,245.18,246.51,,259128.0
2019-02-27,245.96,249.25,245.03,249.06,,125938.0
2019-02-28,248.23,250.62,247.39,247.82,,212931.0
2019-03-01,250.7,252.98,249.08,251.58,,188931.0
2019-03-04,252.7,253.77,243.78,248.05,,259922.0
2019-03-05,248.39,248.39,246.63,247.26,,238796.0
2019-03-06,247.0,248.36,244.78,245.43,,212114.0
2019-03-07,245.66,247.13,244.58,246.8,,216126.0
2019-03-08,244.24,245.76,241.74,245.6,,252870.0
2019-03-11,248.0,252.89,247.95,252.76,,462682.0
2019-03-12,253.35,257.75,252.13,256.75,,179111.0
2019-03-13,257.66,261.08,257.66,257.81,,254338.0
2019-03-14,258.2,261.45,257.49,261.24,,280270.0
2019-03-15,260.78,265.27,260.32,263.38,,328521.0
2019-03-18,263.49,266.74,263.49,264.18,,172845.0
2019-03-19,264.18,265.89,261.02,264.61,,189868.0
2019-03-20,264.06,267.0,261.37,263.39,,191892.0
2019-03-21,262.07,270.31,262.07,269.07,,151929.0
2019-03-22,268.43,269.06,262.44,263.33,,170830.0
2019-03-25,262.92,264.19,260.37,262.58,,181328.0
2019-03-26,265.32,267.26,262.98,265.51,,187044.0
2019-03-27,265.8,266.78,260.92,262.94,,155221.0
2019-03-28,263.43,266.71,262.78,266.45,,247245.0
2019-03-29,267.97,271.92,266.5,271.63,,271274.0
2019-04-01,273.78,276.55,270.6,272.77,,197785.0
2019-04-02,273.19,275.72,270.53,275.59,,184538.0
2019-04-03,277.0,279.42,274.81,276.63,,199253.0
2019-04-04,277.31,277.31,269.2,270.63,,226254.0
2019-04-05,271.87,274.93,270.83,272.31,,187186.0
2019-04-08,272.06,275.45,269.64,275.45,,230088.0
2019-04-09,275.14,277.22,274.0,275.79,,98428.0
2019-04-10,276.61,278.16,274.97,276.31,,213385.0
2019-04-11,277.68,279.98,273.69,279.34,,213404.0
2019-04-12,280.35,281.74,276.69,279.11,,216698.0
2019-04-15,279.49,281.27,277.17,278.23,,202166.0
2019-04-16,280.41,284.12,279.51,283.39,,192134.0
2019-04-17,285.37,285.37,274.89,275.44,,187328.0
2019-04-18,275.75,276.16,273.36,275.46,,277337.0
2019-04-22,274.86,280.57,274.0,280.25,,205790.0
2019-04-23,281.46,285.56,280.38,283.75,,301489.0
2019-04-24,283.48,287.29,282.54,283.0,,131920.0
2019-04-25,282.91,283.92,278.15,280.5,,314774.0
2019-04-26,280.96,284.44,277.4,283.68,,199224.0
2019-04-29,285.16,285.48,279.07,279.81,,289196.0
2019-04-30,279.8,281.44,275.56,279.75,,416027.0
2019-05-01,280.0,281.99,270.52,270.9,,366721.0
2019-05-02,270.61,273.97,268.25,272.5,,285849.0
2019-05-03,274.4,280.54,274.4,280.25,,161513.0
2019-05-06,276.53,285.65,275.68,284.47,,305721.0
2019-05-07,282.22,283.61,276.37,278.92,,304215.0
2019-05-08,279.18,285.09,278.42,283.12,,185185.0
2019-05-09,280.63,289.03,278.28,287.21,,342080.0
2019-05-10,285.13,288.31,279.23,287.33,,140194.0
2019-05-13,280.93,282.83,272.25,273.07,,272950.0
2019-05-14,274.25,284.67,274.25,282.36,,173418.0
2019-05-15,278.51,287.52,278.39,287.3,,166818.0
2019-05-16,288.28,296.49,288.28,294.25,,195098.0
2019-05-17,290.54,295.38,290.54,291.85,,147866.0
2019-05-20,288.64,292.26,285.0,290.16,,188733.0
2019-05-21,294.01,296.49,292.78,293.45,,164182.0
2019-05-22,292.76,298.77,292.76,296.91,,132703.0
2019-05-23,294.09,296.01,290.71,294.32,,127545.0
2019-05-24,296.12,298.0,294.23,295.73,,120146.0
2019-05-28,297.89,302.88,296.64,299.14,,212666.0
2019-05-29,297.17,297.91,293.13,295.88,,296402.0
2019-05-30,295.6,298.91,295.23,297.56,,138742.0
2019-05-31,294.65,297.39,292.92,295.9,,250230.0
2019-06-03,295.9,297.45,285.77,287.56,,248303.0
2019-06-04,291.35,297.42,288.53,297.39,,338994.0
2019-06-05,300.0,303.72,298.69,302.0,,310302.0
2019-06-06,301.81,313.51,299.36,312.17,,402316.0
2019-06-07,314.25,316.25,311.11,313.15,,372231.0
2019-06-10,316.01,320.39,313.82,315.24,,203431.0
2019-06-11,317.97,317.97,308.09,309.91,,208387.0
2019-06-12,308.11,312.22,304.75,311.48,,228698.0
2019-06-13,313.24,314.87,310.07,311.67,,111760.0
2019-06-14,311.77,311.87,305.72,306.2,,142610.0
2019-06-17,306.69,309.79,305.34,305.95,,165923.0
2019-06-18,309.28,309.99,305.24,306.11,,184026.0
2019-06-19,306.57,306.57,300.62,305.66,,347869.0
2019-06-20,310.4,312.16,302.79,305.92,,325982.0
2019-06-21,304.37,306.75,301.95,304.58,,280841.0
2019-06-24,306.38,306.43,300.66,300.74,,133362.0
2019-06-25,300.0,301.33,294.06,294.89,,204252.0
2019-06-26,296.13,300.39,296.13,297.88,,202551.0
2019-06-27,299.36,302.93,297.8,302.1,,180225.0
2019-06-28,303.0,314.13,303.0,314.02,,374697.0
2019-07-01,318.7,318.81,310.01,316.74,,204222.0
2019-07-02,316.69,323.94,315.71,323.57,,190001.0
2019-07-03,324.82,331.54,324.7,331.4,,170285.0
2019-07-05,330.03,332.59,326.2,332.43,,172133.0
2019-07-08,331.62,335.08,330.97,334.6,,225531.0
2019-07-09,332.3,339.01,332.1,338.1,,304751.0
2019-07-10,340.47,341.82,337.13,340.81,,200145.0
2019-07-11,342.99,346.38,339.87,345.74,,241259.0
2019-07-12,345.44,346.98,344.01,344.43,,198768.0
2019-07-15,344.18,345.92,341.38,344.64,,302223.0
2019-07-16,344.52,345.56,338.98,339.0,,159095.0
2019-07-17,338.93,343.74,338.93,341.49,,192186.0
2019-07-18,341.49,345.88,339.21,345.28,,149141.0
2019-07-19,345.0,345.72,339.04,340.63,,188722.0
2019-07-22,341.64,346.0,340.08,342.5,,118412.0
2019-07-23,343.65,343.65,336.17,338.09,,208738.0
2019-07-24,337.38,345.78,335.04,344.88,,138989.0
2019-07-25,344.88,346.07,340.97,345.74,,113550.0
2019-07-26,347.59,354.2,347.17,352.67,,149708.0
2019-07-29,352.73,354.42,347.51,350.19,,187163.0
2019-07-30,347.39,351.97,346.69,349.88,,114829.0
2019-07-31,350.68,352.78,344.56,347.42,,286305.0
2019-08-01,358.21,371.81,355.73,359.81,,422333.0
2019-08-02,358.67,358.76,345.33,352.3,,241314.0
2019-08-05,345.57,345.57,335.3,338.65,,294964.0
2019-08-06,343.02,348.0,342.05,344.54,,222134.0
2019-08-07,341.64,351.94,340.01,350.81,,308358.0
2019-08-08,355.89,368.48,354.2,368.17,,258161.0
2019-08-09,366.28,369.23,360.65,365.16,,148562.0
2019-08-12,362.53,364.8,355.02,357.9,,240824.0
2019-08-13,356.57,362.75,335.85,337.33,,855322.0
2019-08-14,331.62,333.95,324.21,326.93,,545565.0
2019-08-15,327.77,342.53,327.54,340.98,,248241.0
2019-08-16,344.21,350.73,344.16,350.12,,223446.0
2019-08-19,351.97,353.46,344.82,345.47,,226783.0
2019-08-20,345.3,353.02,342.95,346.4,,183931.0
2019-08-21,349.65,352.07,346.02,349.68,,160489.0
2019-08-22,351.76,354.33,347.78,352.54,,136112.0
2019-08-23,352.36,356.78,345.39,346.19,,210424.0
2019-08-26,350.0,350.58,343.63,350.37,,129068.0
2019-08-27,353.95,356.54,347.7,353.35,,184598.0
2019-08-28,352.03,352.03,345.19,346.36,,251089.0
2019-08-29,352.02,354.5,346.17,354.18,,220038.0
2019-08-30,356.28,356.93,347.82,352.72,,155792.0
2019-09-03,350.89,354.3,349.37,352.0,,258019.0
2019-09-04,355.21,359.47,353.01,355.5,,251363.0
2019-09-05,359.0,365.38,356.61,364.82,,251253.0
2019-09-06,365.92,373.24,365.92,369.4,,322230.0
2019-09-09,370.02,370.02,344.74,349.26,,383765.0
2019-09-10,344.45,344.45,318.81,326.2,,785753.0
2019-09-11,324.42,326.35,313.27,313.93,,594230.0
2019-09-12,314.52,319.08,312.17,313.26,,341717.0
2019-09-13,312.64,314.05,305.66,309.34,,312107.0
2019-09-16,306.54,311.78,306.35,309.91,,162757.0
2019-09-17,310.28,320.3,310.28,319.46,,200353.0
2019-09-18,318.97,321.01,310.14,314.9,,153132.0
2019-09-19,316.41,322.44,314.27,320.99,,159333.0
2019-09-20,322.74,323.64,310.28,312.24,,447868.0
2019-09-23,312.24,319.47,310.72,316.51,,191214.0
2019-09-24,318.54,321.86,312.16,313.28,,186996.0
2019-09-25,313.5,315.0,305.77,313.46,,367828.0
2019-09-26,314.0,320.83,313.4,317.59,,198171.0
2019-09-27,318.64,318.64,296.24,298.98,,331286.0
2019-09-30,300.0,304.95,299.23,303.52,,254997.0
2019-10-01,303.25,305.64,298.74,303.28,,255687.0
2019-10-02,301.92,302.26,296.2,301.08,,224405.0
2019-10-03,301.65,304.7,297.15,303.83,,344640.0
2019-10-04,307.14,310.61,306.58,309.95,,306218.0
2019-10-07,308.02,312.14,307.5,310.31,,273137.0
2019-10-08,307.74,307.92,297.78,300.72,,203838.0
2019-10-09,303.74,309.65,302.0,307.99,,107470.0
2019-10-10,307.89,308.23,304.88,305.5,,122429.0
2019-10-11,308.97,312.86,307.95,309.22,,192571.0
2019-10-14,308.52,312.43,308.13,310.57,,120990.0
2019-10-15,313.0,315.49,311.5,313.37,,164991.0
2019-10-16,310.6,311.03,302.18,310.5,,370701.0
2019-10-17,312.72,314.05,309.63,311.98,,258370.0
2019-10-18,311.98,312.17,297.42,301.86,,297316.0
2019-10-21,303.17,304.14,295.44,298.0,,317068.0
2019-10-22,299.4,301.2,288.25,289.02,,301774.0
2019-10-23,289.02,292.8,281.56,286.04,,370586.0
2019-10-24,290.07,301.56,287.87,299.58,,298823.0
2019-10-25,297.2,299.99,294.45,299.28,,127982.0
2019-10-28,301.81,303.48,299.0,301.85,,127076.0
2019-10-29,301.94,306.7,301.03,301.85,,145438.0
2019-10-30,302.86,302.86,295.37,302.24,,301586.0
2019-10-31,302.96,305.4,298.7,304.04,,228128.0
2019-11-01,306.32,310.26,305.52,309.12,,243541.0
2019-11-04,310.03,311.13,298.63,300.82,,405544.0
2019-11-05,319.63,338.83,319.63,331.37,,743566.0
2019-11-06,329.35,333.08,320.84,329.93,,491604.0
2019-11-07,330.98,335.95,327.22,328.78,,199471.0
2019-11-08,327.39,332.36,322.71,331.59,,194340.0
2019-11-11,329.08,339.33,327.12,336.11,,177960.0
2019-11-12,334.47,336.65,329.2,334.42,,214705.0
2019-11-13,329.87,340.23,329.87,338.03,,200743.0
2019-11-14,337.06,344.0,335.03,342.82,,206973.0
2019-11-15,344.39,348.63,341.62,348.11,,178939.0
2019-11-18,347.56,356.11,347.04,354.25,,263609.0
2019-11-19,355.55,359.27,353.83,357.0,,204060.0
2019-11-20,357.24,361.36,353.12,355.62,,229488.0
2019-11-21,357.15,360.78,353.82,355.36,,179664.0
2019-11-22,356.33,359.77,352.43,355.69,,126060.0
2019-11-25,359.0,365.68,357.87,365.32,,259740.0
2019-11-26,365.74,369.68,365.74,368.98,,168329.0
2019-11-27,370.0,370.56,367.07,369.29,,150910.0
2019-11-29,368.17,370.31,365.62,367.75,,74552.0
2019-12-02,367.98,367.98,356.97,359.92,,246347.0
2019-12-03,355.08,360.02,352.93,357.74,,225336.0
2019-12-04,357.76,363.8,357.76,361.89,,215823.0
2019-12-05,364.52,366.35,359.22,360.97,,188526.0
2019-12-06,363.61,366.68,363.16,363.83,,173766.0
2019-12-09,362.26,363.44,357.71,357.71,,151902.0
2019-12-10,357.39,359.06,353.66,354.18,,146322.0
2019-12-11,353.22,355.83,346.94,354.5,,161572.0
2019-12-12,352.59,355.49,345.78,352.83,,173666.0
2019-12-13,351.74,357.27,351.74,356.88,,164118.0
2019-12-16,357.34,365.69,357.21,362.28,,169596.0
2019-12-17,364.25,365.38,360.14,364.12,,192082.0
2019-12-18,363.72,366.84,363.04,365.77,,153337.0
2019-12-19,365.33,371.24,363.45,368.2,,150760.0
2019-12-20,369.03,374.05,368.98,373.54,,300587.0
2019-12-23,373.54,377.31,372.04,376.06,,171447.0
2019-12-24,376.4,377.28,374.57,375.7,,76291.0
2019-12-26,376.53,379.88,375.09,379.35,,116112.0
2019-12-27,380.0,380.49,376.17,378.8,,121322.0
2019-12-30,378.21,378.42,372.03,374.42,,208060.0
2019-12-31,373.36,376.25,371.9,374.68,,195128.0
2020-01-02,377.0,383.17,375.25,382.92,,145848.0
2020-01-03,378.66,383.38,378.66,381.92,,171966.0
2020-01-06,377.96,384.0,377.96,384.0,,245979.0
2020-01-07,383.01,390.0,381.97,388.49,,157425.0
2020-01-08,391.25,395.5,389.14,391.33,,200251.0
2020-01-09,396.01,405.0,394.91,401.51,,273525.0
2020-01-10,404.42,408.01,402.05,404.01,,327459.0
2020-01-13,405.05,410.43,405.05,408.92,,214442.0
2020-01-14,407.93,408.8,400.09,402.77,,214903.0
2020-01-15,404.24,407.59,402.16,403.87,,237172.0
2020-01-16,406.95,408.74,403.24,407.84,,158305.0
2020-01-17,408.54,408.54,402.2,404.97,,202182.0
2020-01-21,402.95,410.71,402.95,407.53,,189167.0
2020-01-22,410.68,413.25,408.08,410.97,,197935.0
2020-01-23,410.61,418.1,409.19,415.08,,184270.0
2020-01-24,417.67,420.2,407.13,409.3,,144031.0
2020-01-27,400.61,406.38,400.04,403.75,,173773.0
2020-01-28,404.68,411.02,402.3,408.94,,231139.0
2020-01-29,410.65,413.87,408.73,409.35,,195862.0
2020-01-30,405.86,411.36,403.95,409.89,,244809.0
2020-01-31,397.58,409.61,390.01,402.38,,411266.0
2020-02-03,405.04,417.88,405.04,415.83,,305915.0
2020-02-04,420.02,426.98,417.96,421.58,,352922.0
2020-02-05,421.68,422.43,405.76,410.81,,235043.0
2020-02-06,412.77,415.0,408.68,413.72,,203710.0
2020-02-07,413.41,418.17,410.68,417.6,,147808.0
2020-02-10,416.37,421.14,414.36,419.72,,232644.0
2020-02-11,421.0,421.0,410.29,411.75,,171796.0
2020-02-12,411.5,413.87,405.82,410.57,,157733.0
2020-02-13,409.0,420.54,409.0,418.09,,205490.0
2020-02-14,420.0,425.21,417.05,424.58,,142949.0
2020-02-18,423.96,430.76,419.87,430.55,,192254.0
2020-02-19,434.32,436.69,430.24,431.78,,191096.0
2020-02-20,430.0,430.77,413.31,420.12,,225014.0
2020-02-21,416.46,416.46,402.58,409.48,,300467.0
2020-02-24,391.28,405.99,391.28,402.71,,290635.0
2020-02-25,407.35,408.97,387.28,390.38,,220002.0
2020-02-26,390.38,398.91,384.53,390.36,,249753.0
2020-02-27,378.1,389.11,366.1,366.1,,456738.0
2020-02-28,357.85,380.42,351.99,376.03,,634293.0
2020-03-02,380.68,387.18,371.12,387.06,,284247.0
2020-03-03,388.38,394.14,367.15,372.61,,305869.0
2020-03-04,380.64,392.75,377.15,391.57,,239499.0
2020-03-05,381.93,389.75,377.17,380.4,,217379.0
2020-03-06,369.11,370.88,345.32,357.93,,404520.0
2020-03-09,330.65,339.43,315.24,315.86,,390026.0
2020-03-10,325.37,336.64,311.89,336.56,,450855.0
2020-03-11,326.84,333.46,306.36,314.54,,319335.0
2020-03-12,293.2,298.69,274.6,279.13,,623651.0
2020-03-13,294.03,304.03,255.7,303.55,,496269.0
2020-03-16,250.0,294.16,238.04,240.68,,842229.0
2020-03-17,247.27,251.4,212.94,245.69,,559436.0
2020-03-18,226.23,234.33,177.65,212.0,,596725.0
2020-03-19,210.71,254.0,202.25,244.78,,502445.0
2020-03-20,245.7,265.93,237.6,241.43,,516910.0
2020-03-23,236.82,248.29,219.71,231.14,,419406.0
2020-03-24,244.74,271.29,240.86,269.31,,298669.0
2020-03-25,269.01,285.0,257.02,268.93,,310826.0
2020-03-26,274.65,306.04,270.21,305.0,,272731.0
2020-03-27,290.48,303.36,280.16,291.06,,277565.0
2020-03-30,294.04,315.23,289.0,313.83,,490371.0
2020-03-31,313.0,329.38,304.01,307.69,,693472.0
2020-04-01,296.4,306.13,285.23,288.82,,436496.0
2020-04-02,285.44,294.68,276.19,282.92,,370793.0
2020-04-03,280.22,282.31,259.37,263.85,,403680.0
2020-04-06,272.68,302.75,272.68,301.6,,283409.0
2020-04-07,314.44,317.41,296.96,297.59,,193113.0
2020-04-08,304.03,307.0,299.04,300.69,,330867.0
2020-04-09,310.0,323.23,298.53,301.11,,285910.0
2020-04-13,301.5,303.0,291.71,298.0,,206183.0
2020-04-14,309.34,315.33,305.85,313.18,,268854.0
2020-04-15,303.06,317.5,303.04,309.96,,243806.0
2020-04-16,314.99,317.88,299.53,301.52,,328735.0
2020-04-17,309.99,320.8,303.96,319.26,,299711.0
2020-04-20,314.24,320.68,306.72,307.34,,149082.0
2020-04-21,301.17,301.63,287.15,291.56,,190298.0
2020-04-22,302.29,307.63,295.2,303.88,,155065.0
2020-04-23,303.56,309.21,299.94,302.26,,176445.0
2020-04-24,303.5,305.79,296.68,300.04,,210036.0
2020-04-27,304.95,312.7,302.99,309.66,,247397.0
2020-04-28,315.5,330.0,311.68,324.89,,343618.0
2020-04-29,330.71,359.76,330.71,356.99,,326560.0
2020-04-30,362.06,364.26,335.32,352.94,,559251.0
2020-05-01,340.3,349.68,330.01,336.61,,295457.0
2020-05-04,332.27,346.32,327.9,345.83,,237774.0
2020-05-05,349.52,360.92,349.52,353.41,,257952.0
2020-05-06,359.35,362.87,354.46,357.3,,239679.0
2020-05-07,364.04,371.19,360.07,366.58,,228179.0
2020-05-08,371.42,375.05,367.41,371.1,,191346.0
2020-05-11,366.6,376.41,366.6,370.58,,232036.0
2020-05-12,371.39,373.3,351.58,351.58,,280809.0
2020-05-13,354.36,357.24,341.53,349.94,,356536.0
2020-05-14,343.46,350.16,337.04,349.92,,165949.0
2020-05-15,347.4,358.79,344.23,352.36,,224437.0
2020-05-18,363.92,375.1,360.97,366.67,,250104.0
2020-05-19,370.0,379.2,369.08,369.08,,184933.0
2020-05-20,378.78,387.33,376.73,383.6,,240730.0
2020-05-21,386.11,389.38,381.44,385.18,,209510.0
2020-05-22,385.0,389.99,382.47,389.4,,180360.0
2020-05-26,398.95,402.61,395.0,396.55,,332912.0
2020-05-27,396.55,398.19,372.62,394.94,,301630.0
2020-05-28,398.4,407.25,395.34,397.61,,340940.0
2020-05-29,400.37,407.53,394.6,402.65,,1839808.0
2020-06-01,401.7,414.95,400.9,407.84,,290133.0
2020-06-02,407.8,417.73,398.83,416.24,,411101.0
2020-06-03,419.0,425.95,416.52,423.92,,203057.0
2020-06-04,416.63,419.8,404.69,407.07,,314079.0
2020-06-05,411.1,427.24,409.5,420.71,,290879.0
2020-06-08,420.0,423.25,405.18,411.9,,342697.0
2020-06-09,407.2,426.94,407.2,419.51,,262847.0
2020-06-10,427.17,429.59,420.31,426.87,,287798.0
2020-06-11,412.19,426.14,401.95,403.41,,315024.0
2020-06-12,417.63,420.96,399.04,413.52,,256222.0
2020-06-15,405.0,420.27,403.4,419.54,,201489.0
2020-06-16,427.9,431.61,415.37,425.32,,192381.0
2020-06-17,428.76,430.0,420.6,422.43,,142368.0
2020-06-18,419.92,427.41,418.55,423.99,,170106.0
2020-06-19,426.32,428.53,418.29,421.9,,352637.0
2020-06-22,421.74,433.14,420.15,428.47,,186026.0
2020-06-23,432.88,434.63,423.05,425.53,,170456.0
2020-06-24,422.4,427.78,407.42,409.06,,199135.0
2020-06-25,409.02,416.89,405.01,416.37,,177754.0
2020-06-26,417.35,419.98,406.2,406.2,,415083.0
2020-06-29,408.36,409.43,397.68,406.03,,218900.0
2020-06-30,407.77,421.19,407.77,418.04,,253900.0
2020-07-01,416.52,428.28,413.53,423.57,,201000.0
2020-07-02,428.0,428.99,418.01,418.77,,153700.0
2020-07-06,425.39,427.52,416.42,416.85,,249300.0
2020-07-07,412.18,422.18,409.53,409.8,,122500.0
2020-07-08,412.47,423.1,410.05,422.0,,163500.0
2020-07-09,426.66,428.54,410.02,421.76,,255300.0
2020-07-10,422.09,423.82,409.35,412.17,,289000.0
2020-07-13,415.22,419.05,398.63,399.62,,331000.0
2020-07-14,396.84,409.19,388.02,408.59,,350600.0
2020-07-15,411.77,412.27,402.31,406.01,,306300.0
2020-07-16,400.93,403.32,396.87,400.29,,221000.0
2020-07-17,403.42,414.53,399.89,413.15,,317600.0
2020-07-20,413.15,418.08,407.01,415.73,,247039.0
2020-07-21,418.05,422.49,413.46,416.91,,281841.0
2020-07-22,417.18,424.95,417.18,422.1,,210994.0
2020-07-23,421.52,433.18,415.61,420.57,,300652.0
2020-07-24,415.21,420.26,409.14,414.33,,174929.0
2020-07-27,417.44,427.52,415.15,425.72,,261811.0
2020-07-28,423.36,424.11,415.29,416.3,,130229.0
2020-07-29,423.55,440.92,423.55,438.39,,275282.0
2020-07-30,415.8,441.77,415.8,439.1,,311796.0
2020-07-31,441.33,442.65,427.22,439.19,,220471.0
2020-08-03,442.95,447.72,437.0,438.17,,294689.0
2020-08-04,439.66,440.49,431.13,435.77,,166474.0
2020-08-05,438.0,441.68,435.18,437.44,,155809.0
2020-08-06,438.59,443.16,433.69,441.06,,171764.0
2020-08-07,437.87,444.77,435.84,441.72,,189592.0
2020-08-10,441.93,443.01,431.28,437.26,,151858.0
2020-08-11,435.09,438.36,426.04,429.42,,219968.0
2020-08-12,435.0,438.15,430.48,431.7,,94312.0
2020-08-13,432.97,443.99,431.86,434.8,,215945.0
2020-08-14,435.05,438.45,428.55,429.67,,137201.0
2020-08-17,434.09,437.2,431.79,434.56,,190900.0
2020-08-18,435.91,437.66,429.31,430.14,,157667.0
2020-08-19,433.26,433.26,424.96,426.5,,221773.0
2020-08-20,423.87,433.76,423.31,428.51,,148933.0
2020-08-21,427.95,428.37,420.41,421.6,,157674.0
2020-08-24,426.16,427.94,418.51,420.66,,175215.0
2020-08-25,421.17,426.13,418.99,423.42,,214264.0
2020-08-26,424.9,431.07,420.5,425.38,,146053.0
2020-08-27,426.1,428.42,419.72,425.01,,128000.0
2020-08-28,426.29,432.96,423.6,425.48,,117205.0
2020-08-31,425.45,428.15,415.56,420.79,,208767.0
2020-09-01,423.01,451.23,423.01,444.71,,388321.0
2020-09-02,447.55,452.74,431.18,451.02,,223575.0
2020-09-03,443.76,446.91,417.04,419.34,,205598.0
2020-09-04,416.98,424.11,397.82,419.43,,276543.0
2020-09-08,403.79,418.69,401.7,406.32,,310049.0
2020-09-09,412.5,422.59,405.47,419.7,,212039.0
2020-09-10,423.33,427.99,413.06,413.37,,207031.0
2020-09-11,418.72,418.72,409.09,417.39,,189022.0
2020-09-14,423.62,426.92,418.73,424.63,,124067.0
2020-09-15,432.0,436.79,429.84,435.72,,144867.0
2020-09-16,440.0,440.0,428.18,431.25,,207745.0
2020-09-17,428.57,446.8,426.54,443.26,,369522.0
2020-09-18,447.71,449.44,435.64,437.01,,639630.0
2020-09-21,431.72,431.72,416.25,424.24,,249822.0
2020-09-22,424.76,429.06,418.25,428.33,,189381.0
2020-09-23,426.86,430.89,415.16,417.42,,194839.0
2020-09-24,415.0,417.98,405.43,410.0,,251741.0
2020-09-25,408.73,422.1,408.73,420.2,,216988.0
2020-09-28,426.04,432.14,424.64,427.52,,203397.0
2020-09-29,426.32,431.66,425.95,427.21,,118283.0
2020-09-30,427.21,433.79,418.11,425.38,,306831.0
2020-10-01,431.62,439.68,431.5,436.99,,174375.0
2020-10-02,429.5,438.27,421.45,433.72,,190322.0
2020-10-05,436.95,439.55,432.22,437.35,,101650.0
2020-10-06,437.17,445.35,433.17,435.83,,153357.0
2020-10-07,441.07,446.5,438.03,446.44,,136192.0
2020-10-08,450.25,450.25,437.83,439.19,,163130.0
2020-10-09,440.95,446.9,438.56,442.3,,120650.0
2020-10-12,448.0,448.73,442.42,444.52,,85066.0
2020-10-13,445.3,449.33,438.84,440.17,,158665.0
2020-10-14,444.17,447.39,437.52,437.73,,95579.0
2020-10-15,431.16,437.79,426.13,437.01,,111640.0
2020-10-16,441.9,441.9,433.23,437.4,,184964.0
2020-10-19,439.29,444.25,430.36,432.43,,170883.0
2020-10-20,433.92,442.0,433.3,434.81,,85481.0
2020-10-21,433.1,439.93,429.88,431.77,,72644.0
2020-10-22,433.47,435.16,425.15,433.06,,129364.0
2020-10-23,434.13,436.86,430.7,435.6,,97696.0
2020-10-26,430.15,433.57,411.46,415.59,,114514.0
2020-10-27,419.28,420.23,403.68,405.84,,191939.0
2020-10-28,395.91,397.73,389.21,390.15,,136363.0
2020-10-29,390.34,398.01,386.62,393.43,,156379.0
2020-10-30,392.51,395.24,380.0,391.45,,227757.0
2020-11-02,395.16,401.82,384.26,390.85,,202066.0
2020-11-03,396.8,406.22,392.26,402.71,,178062.0
2020-11-04,410.27,443.2,410.27,441.65,,301438.0
2020-11-05,446.78,450.0,434.19,444.6,,117196.0
2020-11-06,445.55,449.77,441.79,443.85,,129374.0
2020-11-09,465.84,468.57,428.79,430.5,,282918.0
2020-11-10,433.33,436.16,415.54,432.89,,353826.0
2020-11-11,450.0,474.99,443.54,471.78,,374912.0
2020-11-12,473.21,473.21,457.68,461.72,,164723.0
2020-11-13,467.71,475.9,467.71,473.25,,143512.0
2020-11-16,473.3,477.77,466.69,473.25,,159739.0
2020-11-17,469.75,480.37,467.89,478.02,,102084.0
2020-11-18,479.92,479.92,471.88,474.28,,133054.0
2020-11-19,473.32,481.6,470.63,479.3,,114001.0
2020-11-20,477.84,487.03,475.04,482.79,,138867.0
2020-11-23,483.66,489.96,479.18,486.17,,114510.0
2020-11-24,487.96,488.2,475.83,480.02,,210158.0
2020-11-25,480.75,480.75,466.16,475.57,,279636.0
2020-11-27,481.15,481.15,472.02,473.52,,110038.0
2020-11-30,476.0,477.84,465.64,472.78,,253900.0
2020-12-01,479.77,479.77,470.34,477.35,,199532.0
2020-12-02,477.0,477.0,469.82,476.01,,170391.0
2020-12-03,481.41,491.39,478.62,483.52,,468817.0
2020-12-04,489.71,498.85,488.68,494.81,,163335.0
2020-12-07,499.5,503.45,496.25,501.64,,149793.0
2020-12-08,507.12,522.01,506.27,509.97,,242535.0
2020-12-09,505.82,514.16,495.0,498.32,,168281.0
2020-12-10,494.21,508.21,493.45,506.91,,139273.0
2020-12-11,504.0,512.55,503.83,511.91,,127411.0
2020-12-14,511.91,524.35,511.91,517.64,,175265.0
2020-12-15,520.21,524.25,514.46,518.33,,155967.0
2020-12-16,520.51,526.89,518.26,522.41,,192089.0
2020-12-17,525.0,528.62,524.22,527.43,,200436.0
2020-12-18,530.95,530.95,515.25,521.98,,346591.0
2020-12-21,515.28,520.71,505.69,516.23,,189795.0
2020-12-22,516.23,520.74,511.48,515.62,,138480.0
2020-12-23,517.09,520.61,510.08,514.07,,174621.0
2020-12-24,514.46,518.45,512.08,518.45,,60240.0
2020-12-28,517.79,519.94,505.62,508.42,,110472.0
2020-12-29,513.07,514.76,499.1,507.51,,108405.0
2020-12-30,512.02,512.02,503.9,503.95,,63969.0
2020-12-31,502.43,513.49,498.08,511.04,,140438.0
2021-01-04,511.99,514.38,493.98,505.26,,208140.0
2021-01-05,505.38,508.38,500.77,505.01,,113341.0
2021-01-06,498.32,501.15,494.81,497.01,,336896.0
2021-01-07,500.24,506.47,488.2,490.11,,221919.0
2021-01-08,492.9,504.58,490.42,500.36,,172613.0
2021-01-11,495.18,499.58,491.61,495.67,,110549.0
2021-01-12,494.85,497.03,487.51,492.28,,179169.0
2021-01-13,492.43,495.36,485.85,488.96,,86344.0
2021-01-14,490.11,496.06,480.56,481.38,,79241.0
2021-01-15,480.0,485.2,467.82,483.3,,241148.0
2021-01-19,487.93,489.6,479.52,483.72,,184586.0
2021-01-20,492.05,509.45,488.64,503.05,,248891.0
2021-01-21,502.19,509.41,487.11,491.32,,168142.0
2021-01-22,489.53,504.28,487.5,496.16,,194691.0
2021-01-25,500.67,512.75,498.0,511.08,,341084.0
2021-01-26,513.62,514.75,498.32,511.56,,237619.0
2021-01-27,501.17,501.92,463.11,469.07,,405211.0
2021-01-28,472.84,499.46,469.56,491.15,,384362.0
2021-01-29,478.47,478.47,436.65,450.11,,904846.0
2021-02-01,450.31,454.82,440.18,451.98,,456429.0
2021-02-02,456.54,466.66,452.95,464.27,,283122.0
2021-02-03,466.52,470.29,457.5,463.63,,252267.0
2021-02-04,465.19,478.56,464.78,477.55,,176883.0
2021-02-05,478.67,480.47,474.12,477.92,,190507.0
2021-02-08,478.12,482.58,471.89,477.68,,160483.0
2021-02-09,476.67,482.0,473.62,476.98,,274711.0
2021-02-10,480.38,480.83,466.58,472.07,,254912.0
2021-02-11,473.1,476.46,468.23,470.33,,215597.0
2021-02-12,469.77,477.74,465.54,473.78,,344435.0
2021-02-16,473.3,475.25,464.44,466.13,,173175.0
2021-02-17,461.34,471.16,452.81,469.24,,270836.0
2021-02-18,462.54,475.67,462.54,473.09,,159530.0
2021-02-19,476.34,480.78,472.96,473.82,,225685.0
2021-02-22,465.96,469.08,458.58,459.34,,201273.0
2021-02-23,452.27,460.93,441.53,458.57,,221874.0
2021-02-24,457.66,467.17,450.94,465.06,,222544.0
2021-02-25,463.93,468.09,444.79,448.25,,302977.0
2021-02-26,453.13,463.74,450.37,457.55,,310244.0
2021-03-01,465.59,472.08,464.45,471.95,,192327.0
2021-03-02,475.0,475.0,465.82,466.38,,138411.0
2021-03-03,463.8,463.8,454.39,455.13,,217174.0
2021-03-04,452.8,458.45,432.39,439.27,,240514.0
2021-03-05,443.38,447.54,423.23,444.74,,278113.0
2021-03-08,445.29,445.29,428.5,429.86,,210142.0
2021-03-09,440.1,459.02,436.32,457.17,,267838.0
2021-03-10,459.16,467.43,456.65,458.73,,208506.0
2021-03-11,470.49,477.52,463.73,469.09,,237299.0
2021-03-12,460.01,466.52,450.01,464.33,,165004.0
2021-03-15,469.8,487.2,467.26,486.47,,186101.0
2021-03-16,490.32,493.87,476.69,480.0,,193699.0
2021-03-17,480.35,486.82,472.77,483.52,,155399.0
2021-03-18,473.78,479.56,458.57,461.62,,293734.0
2021-03-19,463.03,468.69,456.15,458.87,,414897.0
2021-03-22,460.62,473.49,459.67,471.8,,145989.0
2021-03-23,468.63,478.82,468.22,471.93,,218760.0
2021-03-24,474.03,482.23,470.81,475.39,,223019.0
2021-03-25,472.81,482.45,467.89,479.48,,160162.0
2021-03-26,480.69,493.84,477.68,492.91,,305530.0
2021-03-29,491.54,494.82,476.38,485.14,,170426.0
2021-03-30,484.22,486.47,476.8,484.0,,190220.0
2021-03-31,486.27,492.61,477.25,486.05,,289720.0
2021-04-01,492.26,502.52,490.0,500.95,,249452.0
2021-04-05,500.0,504.46,495.38,498.79,,233932.0
2021-04-06,498.82,507.23,495.36,505.01,,169638.0
2021-04-07,506.92,506.92,497.23,501.48,,117900.0
2021-04-08,507.92,515.67,502.76,513.74,,224300.0
2021-04-09,514.53,520.53,508.79,518.35,,123187.0
2021-04-12,515.8,525.5,515.05,525.11,,122829.0
2021-04-13,525.11,531.22,521.93,524.78,,107987.0
2021-04-14,525.93,529.39,518.64,521.57,,92445.0
2021-04-15,530.16,534.62,525.06,530.91,,164037.0
2021-04-16,532.94,536.33,529.31,532.95,,164472.0
2021-04-19,529.9,533.43,525.83,529.99,,123140.0
2021-04-20,531.12,532.6,516.89,523.6,,131119.0
2021-04-21,523.13,528.9,522.55,527.64,,91375.0
2021-04-22,530.28,539.24,528.26,534.01,,148587.0
2021-04-23,537.97,546.9,537.97,542.49,,255026.0
2021-04-26,544.57,547.57,538.04,544.42,,155810.0
2021-04-27,545.18,546.93,540.08,542.55,,110275.0
2021-04-28,542.75,545.0,538.2,539.47,,127497.0
2021-04-29,543.9,544.91,531.77,533.0,,102468.0
2021-04-30,527.47,527.47,516.35,521.41,,161737.0
2021-05-03,524.27,525.66,515.13,515.75,,108693.0
2021-05-04,511.21,511.21,500.73,507.24,,109279.0
2021-05-05,512.3,513.17,492.14,496.36,,248100.0
2021-05-06,491.42,498.2,470.65,494.21,,302999.0
2021-05-07,501.75,508.97,494.4,496.17,,101964.0
2021-05-10,491.32,496.82,486.73,492.9,,216829.0
2021-05-11,484.67,492.58,484.58,487.06,,158915.0
2021-05-12,479.2,484.74,465.05,466.16,,171153.0
2021-05-13,472.27,478.15,460.64,475.78,,245350.0
2021-05-14,482.09,493.99,480.81,491.41,,168429.0
2021-05-17,486.34,491.58,486.02,490.19,,150271.0
2021-05-18,492.56,496.24,488.58,489.92,,191643.0
2021-05-19,480.63,487.34,480.47,483.77,,130271.0
2021-05-20,487.26,505.38,487.26,501.24,,176307.0
2021-05-21,504.53,505.39,491.09,491.73,,152693.0
2021-05-24,498.81,506.08,493.0,500.3,,152941.0
2021-05-25,504.48,509.39,502.07,506.6,,166990.0
2021-05-26,510.45,510.91,500.98,503.51,,106421.0
2021-05-27,501.7,509.17,500.57,501.65,,161598.0
2021-05-28,506.13,508.23,501.39,506.06,,157512.0
2021-06-01,510.79,512.97,496.35,498.96,,264137.0
2021-06-02,498.02,499.39,488.0,494.69,,230376.0
2021-06-03,490.12,490.12,477.72,479.76,,139936.0
2021-06-04,483.43,490.78,483.21,490.34,,130010.0
2021-06-07,488.28,491.72,482.88,484.71,,108427.0
2021-06-08,489.39,489.77,480.15,488.17,,225350.0
2021-06-09,491.0,496.2,488.03,491.19,,119337.0
2021-06-10,491.85,497.07,491.43,496.42,,93500.0
2021-06-11,497.5,505.52,495.09,504.78,,103354.0
2021-06-14,504.78,507.21,501.48,505.6,,196181.0
2021-06-15,504.0,504.0,496.44,499.52,,147602.0
2021-06-16,500.61,502.34,488.23,493.6,,151848.0
2021-06-17,492.48,503.73,489.3,500.94,,180578.0
2021-06-18,506.49,508.79,499.67,502.35,,348504.0
2021-06-21,505.15,512.4,499.31,506.32,,219531.0
2021-06-22,504.95,510.14,503.79,506.02,,196865.0
2021-06-23,507.28,509.93,496.58,496.96,,162018.0
2021-06-24,500.48,501.36,495.32,501.01,,193204.0
2021-06-25,501.03,506.0,500.05,500.98,,246287.0
2021-06-28,501.57,507.73,501.57,506.37,,114350.0
2021-06-29,508.39,513.09,505.57,511.77,,155220.0
2021-06-30,510.25,513.77,502.45,502.68,,145444.0
2021-07-01,503.53,510.62,500.32,500.32,,297588.0
2021-07-02,502.04,509.64,501.17,507.81,,109474.0
2021-07-06,511.03,519.15,507.78,516.71,,167044.0
2021-07-07,520.0,523.79,511.48,521.37,,150677.0
2021-07-08,517.61,524.54,512.51,515.07,,222743.0
2021-07-09,515.6,526.53,512.44,524.05,,115144.0
2021-07-12,523.66,526.22,513.19,517.7,,150205.0
2021-07-13,515.0,524.63,512.07,516.99,,102721.0
2021-07-14,521.0,523.88,518.6,521.62,,165230.0
2021-07-15,521.27,522.2,514.26,519.33,,155789.0
2021-07-16,522.39,530.01,522.39,523.93,,113437.0
2021-07-19,519.74,526.96,516.4,521.88,,134690.0
2021-07-20,525.41,538.11,523.88,533.3,,184740.0
2021-07-21,531.96,542.69,530.97,540.83,,162402.0
2021-07-22,542.69,551.09,542.69,550.24,,160684.0
2021-07-23,551.57,553.97,545.79,552.88,,153468.0
2021-07-26,539.99,547.44,535.84,539.94,,183223.0
2021-07-27,541.43,541.86,526.49,529.79,,227109.0
2021-07-28,531.1,536.99,525.53,527.46,,149934.0
2021-07-29,528.34,536.18,525.75,527.78,,233521.0
2021-07-30,522.64,529.08,522.64,523.91,,154283.0
2021-08-02,526.15,534.33,525.29,526.05,,199457.0
2021-08-03,527.36,529.64,501.72,513.61,,612739.0
2021-08-04,518.87,528.19,496.35,501.31,,613567.0
2021-08-05,501.0,504.33,485.43,487.0,,409857.0
2021-08-06,486.11,489.81,473.56,477.61,,322498.0
2021-08-09,476.97,484.13,469.15,469.9,,254811.0
2021-08-10,474.11,477.06,455.71,459.52,,427690.0
2021-08-11,460.41,468.42,454.27,460.04,,250552.0
2021-08-12,458.58,459.04,450.62,454.22,,388450.0
2021-08-13,453.79,455.5,445.13,451.65,,373110.0
2021-08-16,450.0,450.0,442.99,448.12,,307534.0
2021-08-17,446.31,457.83,443.7,457.33,,307991.0
2021-08-18,459.69,461.95,449.6,450.04,,274544.0
2021-08-19,446.56,454.77,446.56,447.16,,241163.0
2021-08-20,447.99,448.54,440.54,442.38,,216623.0
2021-08-23,442.0,450.29,439.07,448.43,,257521.0
2021-08-24,449.5,457.5,449.0,454.28,,196548.0
2021-08-25,455.0,459.98,447.43,458.15,,249614.0
2021-08-26,458.15,459.0,447.48,450.55,,203985.0
2021-08-27,451.54,464.76,451.54,459.5,,237575.0
2021-08-30,459.0,462.12,454.08,455.14,,166354.0
2021-08-31,454.55,460.98,452.61,459.74,,292154.0
2021-09-01,462.83,472.61,462.83,468.98,,288983.0
2021-09-02,472.14,473.44,468.32,471.97,,190327.0
2021-09-03,470.0,472.11,466.38,467.23,,143937.0
2021-09-07,466.59,466.9,460.73,462.29,,150603.0
2021-09-08,462.06,464.05,459.06,462.64,,180552.0
2021-09-09,463.08,465.07,461.01,461.59,,162416.0
2021-09-10,464.24,465.77,451.16,451.38,,177808.0
2021-09-13,452.96,452.96,442.67,444.35,,160423.0
2021-09-14,445.67,445.98,437.9,439.27,,187421.0
2021-09-15,437.37,440.89,430.0,440.5,,315756.0
2021-09-16,439.3,446.05,438.47,444.44,,290110.0
2021-09-17,443.89,444.49,432.3,434.25,,594948.0
2021-09-20,429.25,429.76,420.8,426.56,,326345.0
2021-09-21,429.09,429.09,418.18,419.82,,239385.0
2021-09-22,421.05,421.57,416.87,417.96,,347423.0
2021-09-23,419.78,427.26,418.54,423.35,,163820.0
2021-09-24,421.82,422.82,417.59,419.31,,175746.0
2021-09-27,416.1,418.07,411.97,416.36,,190378.0
2021-09-28,410.55,411.9,404.27,404.42,,228438.0
2021-09-29,407.75,408.89,399.25,399.75,,243338.0
2021-09-30,400.03,403.62,397.21,397.93,,294093.0
2021-10-01,400.41,410.23,397.57,406.08,,257857.0
2021-10-04,404.58,404.58,392.25,396.12,,190328.0
2021-10-05,397.6,401.44,394.26,395.77,,257808.0
2021-10-06,392.06,400.54,392.06,400.16,,295111.0
2021-10-07,403.16,415.15,403.16,406.45,,246833.0
2021-10-08,408.14,411.42,400.66,400.96,,155714.0
2021-10-11,400.67,403.47,394.17,394.54,,197665.0
2021-10-12,396.8,402.01,396.25,399.16,,162486.0
2021-10-13,402.1,404.23,396.95,397.26,,209763.0
2021-10-14,401.08,409.51,401.08,408.23,,205113.0
2021-10-15,410.0,412.59,406.21,409.8,,285218.0
2021-10-18,408.09,415.91,408.09,415.22,,142393.0
2021-10-19,419.16,419.95,414.57,415.45,,129511.0
2021-10-20,418.4,419.66,409.43,410.64,,204965.0
2021-10-21,407.36,410.88,401.13,407.83,,220243.0
2021-10-22,409.03,412.45,406.02,410.05,,140884.0
2021-10-25,410.78,419.21,409.74,413.99,,205579.0
2021-10-26,415.17,419.22,410.8,410.82,,210869.0
2021-10-27,410.48,410.48,394.42,395.05,,266055.0
2021-10-28,397.46,400.94,392.28,395.34,,226514.0
2021-10-29,392.91,401.78,392.91,398.2,,211703.0
2021-11-01,398.52,402.59,396.77,400.26,,109747.0
2021-11-02,400.0,403.75,390.28,390.54,,176188.0
2021-11-03,390.0,391.43,380.56,384.0,,510319.0
2021-11-04,385.61,388.23,382.11,382.85,,349815.0
2021-11-05,384.34,387.52,379.41,380.2,,220154.0
2021-11-08,388.29,400.88,386.14,398.18,,550069.0
2021-11-09,398.9,406.09,391.68,403.74,,364600.0
2021-11-10,400.28,402.04,383.0,388.61,,376390.0
2021-11-11,387.78,399.8,377.55,377.81,,629734.0
2021-11-12,382.47,382.47,370.52,375.67,,430198.0
2021-11-15,376.21,394.5,376.21,390.66,,444330.0
2021-11-16,390.0,396.09,377.73,377.86,,436778.0
2021-11-17,379.4,379.9,362.39,362.58,,587010.0
2021-11-18,363.42,363.85,352.73,352.76,,395883.0
2021-11-19,354.26,367.34,354.0,357.51,,593405.0
2021-11-22,357.59,359.62,349.7,354.18,,296509.0
2021-11-23,351.3,352.95,342.89,349.93,,342901.0
2021-11-24,348.42,354.45,344.75,353.37,,216979.0
2021-11-26,350.64,354.46,344.63,345.62,,129868.0
2021-11-29,347.15,354.06,343.6,350.66,,300499.0
2021-11-30,349.35,356.93,348.92,353.13,,645099.0
2021-12-01,358.0,368.0,355.86,363.58,,452469.0
2021-12-02,361.62,381.76,361.62,380.55,,538650.0
2021-12-03,383.77,383.77,372.89,381.51,,423003.0
2021-12-06,381.21,402.24,377.18,399.28,,575730.0
2021-12-07,402.04,415.39,398.33,400.33,,442622.0
2021-12-08,399.0,408.84,396.15,404.4,,304006.0
2021-12-09,403.09,409.69,402.36,406.99,,361546.0
2021-12-10,407.39,410.83,403.8,407.49,,295957.0
2021-12-13,408.06,417.7,403.57,414.04,,314982.0
2021-12-14,409.23,418.58,403.29,407.77,,373957.0
2021-12-15,407.27,415.46,401.34,415.01,,361683.0
2021-12-16,416.08,423.01,405.03,408.46,,477983.0
2021-12-17,404.6,414.98,404.33,412.25,,735264.0
2021-12-20,409.67,424.79,408.73,423.13,,305610.0
2021-12-21,425.0,430.77,422.03,424.72,,370843.0
2021-12-22,423.37,434.0,423.37,430.26,,204731.0
2021-12-23,430.0,436.99,429.26,435.1,,143413.0
2021-12-27,435.99,438.31,430.5,434.88,,163566.0
2021-12-28,432.88,436.76,430.95,433.7,,219213.0
2021-12-29,435.0,440.89,433.1,439.63,,179282.0
2021-12-30,440.65,444.12,436.98,437.11,,291864.0
2021-12-31,436.17,440.37,433.47,433.67,,138336.0
2022-01-03,437.15,445.14,433.7,443.13,,217866.0
2022-01-04,445.52,447.14,438.64,445.83,,239563.0
2022-01-05,439.2,444.48,425.43,425.89,,298432.0
2022-01-06,426.94,448.43,426.94,443.53,,230576.0
2022-01-07,440.67,449.83,439.64,440.05,,230927.0
2022-01-10,433.96,440.49,430.1,440.19,,305808.0
2022-01-11,440.19,450.54,439.97,448.5,,221561.0
2022-01-12,451.0,453.82,447.44,451.98,,238197.0
2022-01-13,449.53,455.81,438.07,438.58,,258815.0
2022-01-14,433.94,438.43,419.5,436.44,,327175.0
2022-01-18,433.15,440.01,431.39,435.94,,339866.0
2022-01-19,435.77,447.62,432.3,438.8,,494448.0
2022-01-20,440.44,448.66,430.84,430.97,,174307.0
2022-01-21,430.65,436.53,425.55,427.03,,354302.0
2022-01-24,420.0,440.3,416.04,439.45,,299744.0
2022-01-25,432.52,436.95,416.23,416.77,,258691.0
2022-01-26,425.26,429.15,413.92,417.29,,170550.0
2022-01-27,422.45,430.76,420.5,422.99,,298575.0
2022-01-28,426.46,497.0,425.72,493.12,,753639.0
2022-01-31,490.12,499.04,478.65,494.99,,402445.0
2022-02-01,495.4,498.89,484.32,497.54,,369002.0
2022-02-02,498.2,506.05,495.43,504.66,,249019.0
2022-02-03,493.26,502.01,490.51,495.22,,209220.0
2022-02-04,494.2,506.44,492.0,502.06,,206107.0
2022-02-07,502.28,507.83,499.01,502.74,,232938.0
2022-02-08,504.45,512.98,501.42,512.48,,196269.0
2022-02-09,520.0,523.6,515.18,523.43,,366780.0
2022-02-10,509.68,531.03,509.68,516.82,,285819.0
2022-02-11,520.58,528.6,514.98,516.62,,322394.0
2022-02-14,515.04,526.85,508.53,512.4,,221199.0
2022-02-15,513.53,522.68,510.06,517.93,,143811.0
2022-02-16,512.64,514.74,503.31,511.56,,188461.0
2022-02-17,505.5,512.79,498.19,508.93,,194544.0
2022-02-18,507.79,513.41,495.5,498.2,,228399.0
2022-02-22,493.28,495.29,483.43,485.16,,218110.0
2022-02-23,488.69,488.69,453.73,454.8,,381108.0
2022-02-24,435.9,473.4,435.42,472.45,,259694.0
2022-02-25,468.61,473.86,461.49,473.39,,185763.0
2022-02-28,467.3,479.82,464.27,471.19,,398250.0
2022-03-01,471.18,483.39,465.06,475.46,,324555.0
2022-03-02,477.23,492.49,474.06,490.0,,178244.0
2022-03-03,495.29,495.29,481.56,481.97,,172691.0
2022-03-04,483.52,502.71,480.6,497.23,,326777.0
2022-03-07,489.31,497.76,476.39,477.02,,254033.0
2022-03-08,475.14,487.4,468.56,468.91,,293289.0
2022-03-09,476.54,492.02,473.72,485.92,,241311.0
2022-03-10,478.06,486.98,476.82,481.61,,189650.0
2022-03-11,484.59,484.59,462.33,463.18,,142464.0
2022-03-14,462.15,479.15,460.11,466.03,,265731.0
2022-03-15,468.52,479.72,465.91,478.68,,225922.0
2022-03-16,483.7,488.36,467.65,483.72,,224597.0
2022-03-17,482.87,487.17,477.63,480.2,,277041.0
2022-03-18,474.95,492.53,470.6,491.65,,579974.0
2022-03-21,487.89,491.33,473.74,483.73,,209433.0
2022-03-22,484.69,489.12,483.11,484.79,,231446.0
2022-03-23,478.7,478.7,464.11,464.42,,191012.0
2022-03-24,464.55,465.63,459.5,465.17,,145680.0
2022-03-25,468.49,469.12,455.6,457.5,,299369.0
2022-03-28,457.44,464.44,454.07,462.39,,216391.0
2022-03-29,469.32,480.99,468.91,479.36,,234937.0
2022-03-30,476.03,479.91,472.03,476.96,,173081.0
2022-03-31,473.35,475.86,466.3,466.46,,254467.0
2022-04-01,466.05,468.67,447.6,449.29,,346340.0
2022-04-04,450.88,459.45,450.88,452.43,,154079.0
2022-04-05,450.46,453.49,437.38,439.91,,349613.0
2022-04-06,437.09,437.27,414.55,419.1,,441020.0
2022-04-07,417.63,426.18,414.48,421.18,,274501.0
2022-04-08,419.59,429.14,418.16,418.75,,219705.0
2022-04-11,414.23,416.8,409.54,411.01,,249657.0
2022-04-12,416.84,417.45,405.49,407.4,,221060.0
2022-04-13,405.0,416.37,402.56,414.98,,177729.0
2022-04-14,417.8,417.92,411.62,413.72,,145352.0
2022-04-18,413.33,414.77,403.45,404.74,,197626.0
2022-04-19,402.87,414.53,402.78,409.55,,314816.0
2022-04-20,413.45,416.37,405.2,408.09,,220923.0
2022-04-21,412.42,412.42,384.44,386.67,,319035.0
2022-04-22,386.91,389.05,381.74,382.6,,195040.0
2022-04-25,380.0,390.24,378.06,386.5,,393166.0
2022-04-26,384.0,384.0,367.45,369.34,,498433.0
2022-04-27,372.05,376.9,368.85,375.28,,458741.0
2022-04-28,395.97,400.0,372.89,385.38,,694561.0
2022-04-29,381.53,381.53,372.98,373.51,,317889.0
2022-05-02,373.11,377.22,367.33,374.09,,640163.0
2022-05-03,374.41,376.94,369.1,370.52,,369409.0
2022-05-04,370.22,380.63,361.77,378.42,,332575.0
2022-05-05,374.76,376.13,360.63,362.67,,191222.0
2022-05-06,355.43,357.25,345.3,349.89,,497591.0
2022-05-09,345.65,350.62,340.48,341.44,,303129.0
2022-05-10,347.73,362.04,345.44,358.41,,357810.0
2022-05-11,353.45,364.31,349.17,351.09,,250276.0
2022-05-12,347.24,357.77,346.66,352.73,,244943.0
2022-05-13,356.64,365.7,352.81,361.53,,189927.0
2022-05-16,359.43,370.07,357.6,364.4,,227788.0
2022-05-17,369.17,380.62,369.06,379.6,,252308.0
2022-05-18,371.53,378.48,371.29,375.63,,332100.0
2022-05-19,375.73,385.56,372.25,378.72,,387831.0
2022-05-20,376.72,395.43,376.7,395.42,,361795.0
2022-05-23,399.26,403.13,391.35,398.72,,313377.0
2022-05-24,394.59,397.38,389.14,390.84,,306363.0
2022-05-25,389.16,399.11,386.48,398.1,,284491.0
2022-05-26,399.0,404.17,398.12,401.62,,252776.0
2022-05-27,406.41,410.93,397.96,410.92,,263253.0
2022-05-31,406.96,411.47,398.26,409.55,,525026.0
2022-06-01,412.2,416.63,401.86,406.25,,239663.0
2022-06-02,403.57,420.69,401.85,419.56,,275349.0
2022-06-03,415.08,421.47,411.58,420.45,,160093.0
2022-06-06,424.4,425.07,412.75,416.59,,218011.0
2022-06-07,411.78,422.79,409.6,421.88,,141544.0
2022-06-08,420.59,422.76,407.41,408.48,,150989.0
2022-06-09,404.19,415.01,404.0,404.83,,149544.0
2022-06-10,398.27,406.33,395.63,401.81,,209396.0
2022-06-13,386.26,392.62,378.45,381.14,,199976.0
2022-06-14,382.81,386.73,377.13,379.41,,207733.0
2022-06-15,383.72,399.87,383.42,395.8,,253381.0
2022-06-16,384.5,389.99,371.52,374.79,,267719.0
2022-06-17,375.27,379.79,373.15,379.03,,395880.0
2022-06-21,384.44,387.91,373.53,385.01,,191364.0
2022-06-22,381.91,390.84,377.23,386.63,,168395.0
2022-06-23,388.41,402.95,385.0,402.24,,150237.0
2022-06-24,406.67,417.55,404.79,416.15,,231066.0
2022-06-27,417.73,419.93,411.1,415.03,,153327.0
2022-06-28,416.84,418.41,401.12,401.36,,118370.0
2022-06-29,401.6,402.68,393.51,401.06,,95033.0
2022-06-30,399.73,405.68,390.25,400.9,,179785.0
2022-07-01,398.33,408.69,397.4,408.26,,119192.0
2022-07-05,404.88,412.66,398.79,411.33,,125695.0
2022-07-06,413.87,423.95,410.5,419.0,,157711.0
2022-07-07,419.54,424.58,417.14,423.61,,130209.0
2022-07-08,421.12,423.62,413.36,418.85,,126475.0
2022-07-11,417.47,421.66,412.8,417.82,,116827.0
2022-07-12,421.59,423.48,410.71,412.13,,121182.0
2022-07-13,406.32,419.27,403.31,416.32,,178749.0
2022-07-14,409.98,421.69,403.09,419.5,,123087.0
2022-07-15,423.35,429.06,421.29,428.3,,110566.0
2022-07-18,431.56,436.12,424.56,425.4,,102846.0
2022-07-19,431.3,441.17,429.42,440.43,,178509.0
2022-07-20,444.32,451.02,441.48,450.0,,193058.0
2022-07-21,446.13,467.49,445.07,466.22,,280103.0
2022-07-22,464.96,468.4,459.39,467.65,,99456.0
2022-07-25,465.88,471.27,462.47,469.7,,284920.0
2022-07-26,471.94,471.94,424.0,427.62,,340694.0
2022-07-27,429.44,438.84,429.44,437.67,,231722.0
2022-07-28,436.73,457.13,434.75,456.27,,115638.0
2022-07-29,455.03,463.32,448.73,462.03,,139056.0
2022-08-01,458.13,463.87,454.21,460.7,,116347.0
2022-08-02,458.32,464.23,450.37,462.6,,102401.0
2022-08-03,465.0,476.17,462.83,470.46,,140414.0
2022-08-04,480.0,480.0,469.95,475.4,,234042.0
2022-08-05,472.55,489.64,470.29,482.47,,140542.0
2022-08-08,483.03,491.52,482.47,489.84,,190459.0
2022-08-09,489.51,492.68,485.42,490.58,,164361.0
2022-08-10,495.47,507.99,495.38,501.11,,170564.0
2022-08-11,503.88,506.01,485.61,486.23,,135244.0
2022-08-12,490.07,491.43,484.3,490.75,,83200.0
2022-08-15,491.13,495.9,489.3,489.79,,115043.0
2022-08-16,489.79,501.75,489.15,501.49,,130166.0
2022-08-17,493.28,502.38,493.28,499.18,,101713.0
2022-08-18,501.61,502.96,494.68,497.38,,110707.0
2022-08-19,495.48,497.19,486.89,489.79,,148791.0
2022-08-22,479.48,482.74,475.07,477.92,,120744.0
2022-08-23,475.51,482.05,475.51,476.13,,65334.0
2022-08-24,476.13,482.98,472.34,478.72,,101933.0
2022-08-25,478.16,487.08,478.02,485.58,,72870.0
2022-08-26,483.39,485.87,472.91,476.85,,100929.0
2022-08-29,471.85,476.44,461.81,462.54,,115237.0
2022-08-30,466.39,468.24,452.52,455.83,,149217.0
2022-08-31,456.19,463.3,445.02,449.4,,200899.0
2022-09-01,445.0,446.76,435.81,442.82,,166327.0
2022-09-02,444.84,452.4,435.67,439.78,,165408.0
2022-09-06,438.27,451.18,437.14,441.63,,145139.0
2022-09-07,440.12,452.2,439.03,449.54,,106048.0
2022-09-08,447.28,457.37,447.28,451.61,,89443.0
2022-09-09,458.33,460.62,450.38,451.77,,119317.0
2022-09-12,456.91,465.68,453.39,460.67,,220833.0
2022-09-13,451.21,461.28,451.01,454.33,,295351.0
2022-09-14,454.34,465.38,446.61,463.98,,312492.0
2022-09-15,459.65,463.58,451.3,458.0,,307891.0
2022-09-16,453.57,466.43,449.71,465.95,,496379.0
2022-09-19,463.23,466.27,442.72,449.84,,234724.0
2022-09-20,443.62,452.58,436.5,450.07,,346548.0
2022-09-21,452.95,461.25,448.77,449.7,,210961.0
2022-09-22,446.93,446.93,435.23,439.59,,179028.0
2022-09-23,432.71,438.14,423.64,427.91,,191552.0
2022-09-26,430.47,436.51,425.45,428.18,,161052.0
2022-09-27,435.87,439.0,420.2,425.57,,179368.0
2022-09-28,427.93,436.14,425.33,433.03,,141307.0
2022-09-29,429.84,431.1,422.22,424.84,,158191.0
2022-09-30,422.28,427.65,410.8,412.01,,232517.0
2022-10-03,415.16,430.99,409.32,423.91,,221212.0
2022-10-04,430.25,441.77,430.25,441.14,,355561.0
2022-10-05,434.66,443.98,428.64,439.98,,131221.0
2022-10-06,430.77,434.95,410.72,413.82,,304626.0
2022-10-07,407.3,411.73,399.31,402.2,,327728.0
2022-10-10,402.65,403.66,391.51,396.31,,241397.0
2022-10-11,402.24,406.11,394.38,405.73,,346662.0
2022-10-12,406.2,413.44,404.16,405.31,,251166.0
2022-10-13,394.26,407.65,389.83,404.07,,191937.0
2022-10-14,407.33,413.54,398.56,400.41,,154330.0
2022-10-17,406.44,417.59,406.11,409.28,,163446.0
2022-10-18,419.3,425.23,414.89,420.01,,159641.0
2022-10-19,417.2,418.77,403.24,408.95,,246427.0
2022-10-20,410.34,412.45,400.23,408.59,,189998.0
2022-10-21,407.61,413.0,400.51,409.66,,142168.0
2022-10-24,412.67,419.27,408.88,415.88,,186292.0
2022-10-25,418.97,437.65,418.97,432.75,,278550.0
2022-10-26,429.7,448.07,429.7,447.56,,259736.0
2022-10-27,450.0,475.91,449.45,474.57,,351922.0
2022-10-28,473.24,485.43,471.67,485.11,,207406.0
2022-10-31,482.3,487.83,477.5,478.84,,271398.0
2022-11-01,486.17,487.24,471.48,476.12,,166583.0
2022-11-02,473.52,475.04,442.27,447.5,,245609.0
2022-11-03,440.88,451.13,433.45,436.68,,199264.0
2022-11-04,442.74,443.55,427.72,435.35,,171772.0
2022-11-07,435.17,442.3,427.09,436.85,,227122.0
2022-11-08,439.21,456.33,435.48,450.53,,311284.0
2022-11-09,446.82,446.94,437.31,443.77,,201447.0
2022-11-10,525.74,581.87,518.26,581.78,,844599.0
2022-11-11,583.86,623.15,583.86,607.57,,475693.0
2022-11-14,600.01,613.86,580.01,592.9,,368129.0
2022-11-15,610.99,623.61,604.84,616.49,,273915.0
2022-11-16,603.65,623.34,603.65,617.87,,194510.0
2022-11-17,600.84,603.45,571.25,586.71,,346047.0
2022-11-18,593.87,593.87,568.38,576.2,,290668.0
2022-11-21,577.42,582.93,568.9,581.49,,163316.0
2022-11-22,581.89,584.36,574.14,577.9,,174968.0
2022-11-23,578.42,594.67,578.29,579.29,,177371.0
2022-11-25,576.59,589.97,570.81,589.07,,84283.0
2022-11-28,579.43,589.05,571.81,587.68,,189969.0
2022-11-29,583.78,597.13,579.48,590.74,,214628.0
2022-11-30,587.37,621.2,582.49,619.72,,395794.0
2022-12-01,617.52,637.69,612.17,621.14,,303258.0
2022-12-02,619.0,626.96,602.3,621.32,,190173.0
2022-12-05,612.34,615.53,599.07,612.1,,170105.0
2022-12-06,609.65,612.68,595.05,609.61,,174326.0
2022-12-07,609.0,616.12,598.48,613.5,,136825.0
2022-12-08,620.69,632.02,610.6,624.99,,179424.0
2022-12-09,620.76,626.45,614.9,615.45,,142127.0
2022-12-12,618.13,623.2,609.29,616.31,,120397.0
2022-12-13,628.0,638.87,615.34,620.56,,237578.0
2022-12-14,616.86,628.65,602.5,606.68,,193770.0
2022-12-15,594.02,598.22,583.63,598.21,,242626.0
2022-12-16,595.19,595.19,583.18,590.63,,427657.0
2022-12-19,586.61,593.7,579.61,585.65,,170815.0
2022-12-20,582.74,595.52,580.49,591.15,,138329.0
2022-12-21,592.59,614.21,592.59,614.2,,133042.0
2022-12-22,602.71,617.48,599.28,614.52,,128404.0
2022-12-23,613.1,623.15,605.05,616.76,,90452.0
2022-12-27,613.88,617.37,608.17,614.3,,92277.0
2022-12-28,615.33,622.22,604.4,606.84,,92623.0
2022-12-29,607.49,614.49,598.75,600.9,,120581.0
2022-12-30,591.69,599.09,587.81,598.58,,153245.0
2023-01-03,608.65,617.1,586.11,591.19,,165263.0
2023-01-04,596.54,609.8,596.15,609.04,,117334.0
2023-01-05,601.06,606.4,589.5,596.9,,146516.0
2023-01-06,603.6,608.7,583.69,601.94,,115677.0
2023-01-09,609.55,611.98,591.8,593.87,,193283.0
2023-01-10,588.48,591.62,575.39,585.86,,253026.0
2023-01-11,588.26,600.92,584.44,598.97,,168387.0
2023-01-12,598.4,608.31,586.6,605.58,,163850.0
2023-01-13,599.22,620.65,599.22,617.92,,128997.0
2023-01-17,616.01,628.26,610.19,627.88,,161389.0
2023-01-18,635.29,640.5,619.17,629.97,,212055.0
2023-01-19,625.03,636.99,622.47,623.86,,178572.0
2023-01-20,623.39,649.92,623.39,649.18,,199706.0
2023-01-23,648.39,658.21,640.53,649.95,,217787.0
2023-01-24,653.12,657.58,638.0,640.22,,243542.0
2023-01-25,627.82,646.38,610.66,642.83,,188732.0
2023-01-26,646.65,648.89,632.09,646.05,,227523.0
2023-01-27,623.79,676.98,617.35,660.25,,317427.0
2023-01-30,658.12,659.98,644.27,644.28,,186002.0
2023-01-31,643.52,668.45,640.12,665.95,,286040.0
2023-02-01,662.47,686.23,653.19,682.68,,204363.0
2023-02-02,693.62,710.0,685.27,690.32,,214570.0
2023-02-03,671.73,692.79,671.73,681.32,,209905.0
2023-02-06,677.72,677.72,667.8,673.45,,169793.0
2023-02-07,666.35,680.85,657.2,677.53,,162509.0
2023-02-08,677.41,682.47,667.65,676.85,,217192.0
2023-02-09,680.41,698.99,674.92,677.74,,244374.0
2023-02-10,670.98,686.24,669.04,679.73,,176071.0
2023-02-13,691.8,698.03,684.01,694.24,,189645.0
2023-02-14,692.56,701.63,690.29,698.06,,191637.0
2023-02-15,691.33,703.86,691.33,698.94,,181689.0
2023-02-16,690.0,696.22,687.24,687.8,,156479.0
2023-02-17,674.68,687.24,665.8,682.19,,207399.0
2023-02-21,667.33,676.56,663.02,665.0,,213572.0
2023-02-22,666.62,668.34,654.69,663.48,,169895.0
2023-02-23,666.72,674.54,662.56,671.67,,94431.0
2023-02-24,659.87,668.24,658.72,665.94,,100101.0
2023-02-27,671.18,672.72,666.43,670.41,,119411.0
2023-02-28,671.85,686.74,671.85,677.39,,292775.0
2023-03-01,675.54,682.79,670.32,682.79,,194182.0
2023-03-02,681.17,687.77,679.49,687.52,,101132.0
2023-03-03,690.84,708.54,688.5,705.23,,172176.0
2023-03-06,706.99,711.41,696.58,696.58,,278913.0
2023-03-07,696.57,705.75,693.43,701.73,,184989.0
2023-03-08,701.37,705.0,689.48,700.54,,192444.0
2023-03-09,700.94,711.85,696.38,696.43,,265761.0
2023-03-10,694.05,707.31,683.33,695.76,,237226.0
2023-03-13,689.12,693.09,662.19,682.89,,486387.0
2023-03-14,691.04,708.86,689.1,696.89,,330437.0
2023-03-15,684.12,691.5,659.33,668.3,,321960.0
2023-03-16,669.4,697.67,666.5,679.97,,314687.0
2023-03-17,677.21,693.61,651.08,654.94,,5150036.0
2023-03-20,654.5,684.49,650.0,682.55,,309508.0
2023-03-21,686.14,700.37,676.08,696.88,,246547.0
2023-03-22,694.06,696.07,677.71,678.7,,217294.0
2023-03-23,682.85,688.29,673.12,680.85,,218650.0
2023-03-24,677.55,691.15,672.0,690.94,,130569.0
2023-03-27,691.95,699.3,687.24,688.63,,215383.0
2023-03-28,686.25,690.96,674.8,679.52,,180143.0
2023-03-29,685.87,698.96,685.54,698.13,,158964.0
2023-03-30,700.9,705.0,692.24,696.4,,108508.0
2023-03-31,696.4,703.02,694.71,702.69,,364009.0
2023-04-03,700.0,702.46,686.83,689.84,,225989.0
2023-04-04,689.08,691.5,682.59,689.29,,290461.0
2023-04-05,687.53,693.41,676.6,676.62,,102508.0
2023-04-06,671.3,677.0,668.98,672.42,,127596.0
2023-04-10,668.12,680.19,664.41,679.57,,129836.0
2023-04-11,678.54,688.38,675.37,678.96,,167650.0
2023-04-12,682.33,690.89,682.33,684.43,,103639.0
2023-04-13,687.05,699.22,687.05,698.78,,126523.0
2023-04-14,695.22,702.26,695.22,698.06,,133272.0
2023-04-17,700.68,703.46,686.9,696.47,,115284.0
2023-04-18,700.0,702.29,693.19,697.37,,136083.0
2023-04-19,692.16,695.32,686.08,695.31,,192053.0
2023-04-20,693.65,704.15,692.87,703.44,,216989.0
2023-04-21,707.62,728.85,707.06,719.23,,305426.0
2023-04-24,722.51,726.56,712.65,713.56,,232383.0
2023-04-25,711.35,715.37,708.25,709.52,,219849.0
2023-04-26,710.96,723.89,708.0,714.36,,307455.0
2023-04-27,724.16,736.37,719.17,734.68,,251190.0
2023-04-28,719.22,758.0,718.22,727.95,,412358.0
2023-05-01,726.72,751.58,714.63,745.99,,238770.0
2023-05-02,749.44,749.44,725.29,739.71,,251551.0
2023-05-03,740.47,756.02,732.1,752.39,,273140.0
2023-05-04,748.67,760.15,736.0,736.65,,208150.0
2023-05-05,739.92,743.37,730.33,731.98,,148264.0
2023-05-08,729.54,736.78,729.54,736.41,,194955.0
2023-05-09,735.42,741.83,733.75,737.24,,158601.0
2023-05-10,744.33,758.46,741.43,757.9,,171972.0
2023-05-11,759.0,762.73,743.02,749.29,,197706.0
2023-05-12,751.41,758.59,741.28,743.83,,305512.0
2023-05-15,742.58,757.57,739.61,756.14,,211815.0
2023-05-16,753.31,756.64,746.0,754.13,,146257.0
2023-05-17,759.74,759.74,748.8,749.21,,181442.0
2023-05-18,749.0,766.15,748.13,765.94,,198924.0
2023-05-19,768.06,768.79,754.23,755.79,,206532.0
2023-05-22,766.7,794.02,760.37,776.73,,233848.0
2023-05-23,769.57,777.02,759.05,760.21,,246039.0
2023-05-24,758.58,770.0,747.71,765.21,,165223.0
2023-05-25,773.5,777.78,766.53,772.13,,144603.0
2023-05-26,774.79,792.22,774.27,791.62,,211157.0
2023-05-30,795.0,796.5,783.96,790.41,,187004.0
2023-05-31,789.89,794.98,775.11,787.67,,399036.0
2023-06-01,786.3,799.95,786.3,793.24,,208759.0
2023-06-02,793.33,800.09,783.06,790.84,,176866.0
2023-06-05,787.21,796.67,783.88,791.6,,101134.0
2023-06-06,789.21,795.35,786.03,789.99,,155178.0
2023-06-07,789.54,797.18,745.45,757.18,,374896.0
2023-06-08,756.11,771.01,756.11,766.69,,216687.0
2023-06-09,769.67,779.74,765.4,774.71,,232705.0
2023-06-12,782.45,800.46,779.37,800.18,,154351.0
2023-06-13,804.53,806.45,797.6,801.58,,201692.0
2023-06-14,804.07,807.08,785.54,795.25,,196205.0
2023-06-15,791.68,807.41,791.68,802.11,,175296.0
2023-06-16,809.69,815.64,795.5,799.96,,262951.0
2023-06-20,797.27,806.67,788.92,795.54,,220065.0
2023-06-21,794.15,796.76,782.43,790.5,,187186.0
2023-06-22,786.84,795.24,778.65,786.85,,130075.0
2023-06-23,779.79,783.26,770.58,776.05,,326104.0
2023-06-26,772.59,780.98,768.16,768.48,,125651.0
2023-06-27,768.48,778.3,764.49,775.54,,228815.0
2023-06-28,774.58,799.61,773.5,787.84,,153801.0
2023-06-29,789.69,797.57,786.51,796.54,,104408.0
2023-06-30,805.44,815.18,805.44,809.21,,164309.0
2023-07-03,805.9,811.1,790.51,795.0,,69556.0
2023-07-05,790.08,798.67,788.89,791.97,,109911.0
2023-07-06,787.75,787.75,776.63,782.4,,174988.0
2023-07-07,781.68,798.13,781.68,793.79,,145460.0
2023-07-10,792.47,810.64,792.47,802.38,,151615.0
2023-07-11,802.73,810.44,799.18,808.41,,153133.0
2023-07-12,815.54,815.54,804.28,810.97,,148194.0
2023-07-13,814.89,817.38,808.49,810.8,,104653.0
2023-07-14,811.3,824.94,810.48,824.45,,128334.0
2023-07-17,825.79,840.71,825.61,837.24,,139990.0
2023-07-18,836.33,847.56,828.85,843.67,,134422.0
2023-07-19,847.06,849.37,825.75,844.85,,150799.0
2023-07-20,842.36,856.47,828.94,852.16,,261426.0
2023-07-21,858.85,860.0,838.99,844.5,,132615.0
2023-07-24,850.46,859.51,826.62,834.78,,160229.0
2023-07-25,830.18,858.74,830.0,852.49,,302176.0
2023-07-26,850.56,854.23,829.24,834.75,,244092.0
2023-07-27,843.12,849.11,815.63,820.32,,338449.0
2023-07-28,829.19,835.4,819.53,824.97,,146697.0
2023-07-31,830.0,838.01,825.19,837.97,,111233.0
2023-08-01,835.43,837.53,826.7,829.69,,155087.0
2023-08-02,821.21,826.53,810.26,822.19,,215091.0
2023-08-03,850.0,892.03,837.52,855.18,,343322.0
2023-08-04,856.97,859.25,825.47,841.02,,173416.0
2023-08-07,847.68,862.82,845.01,861.27,,161550.0
2023-08-08,858.05,870.29,841.29,856.16,,193672.0
2023-08-09,860.0,862.21,846.41,854.77,,99623.0
2023-08-10,864.05,870.27,854.9,859.09,,122192.0
2023-08-11,855.98,864.71,855.98,860.11,,75258.0
2023-08-14,868.34,877.57,864.23,875.66,,133238.0
2023-08-15,874.03,877.54,867.57,871.09,,105428.0
2023-08-16,870.46,875.09,848.4,848.8,,90962.0
2023-08-17,844.35,851.25,839.73,843.48,,165985.0
2023-08-18,830.86,852.33,830.86,846.13,,136703.0
2023-08-21,848.75,860.22,845.06,845.4,,135935.0
2023-08-22,849.34,857.4,843.46,843.51,,89750.0
2023-08-23,848.78,864.64,845.5,859.91,,125549.0
2023-08-24,866.8,866.8,846.68,846.91,,97815.0
2023-08-25,850.13,861.27,846.02,851.89,,73846.0
2023-08-28,851.34,869.49,851.34,865.0,,165725.0
2023-08-29,861.19,890.0,861.19,888.34,,123334.0
2023-08-30,890.0,902.98,888.67,898.69,,160087.0
2023-08-31,898.8,915.48,898.8,904.59,,205430.0
2023-09-01,909.87,914.72,891.02,896.56,,176696.0
2023-09-05,889.48,898.27,868.16,892.71,,147115.0
2023-09-06,889.7,916.41,889.7,907.88,,155706.0
2023-09-07,905.47,906.96,894.83,904.22,,192311.0
2023-09-08,904.23,911.41,895.0,899.72,,110705.0
2023-09-11,903.35,910.81,899.72,904.93,,100058.0
2023-09-12,897.63,903.99,887.51,890.35,,139010.0
2023-09-13,886.18,906.19,886.18,897.46,,231436.0
2023-09-14,900.0,907.92,889.61,906.52,,224257.0
2023-09-15,903.22,903.22,874.17,891.4,,426853.0
2023-09-18,889.12,908.11,884.95,903.12,,207340.0
2023-09-19,903.0,911.91,898.06,909.97,,213676.0
2023-09-20,913.39,915.0,903.01,903.87,,145405.0
2023-09-21,900.0,902.05,889.33,889.84,,214225.0
2023-09-22,892.58,899.92,880.32,889.51,,175667.0
2023-09-25,883.58,898.78,883.58,889.98,,137178.0
2023-09-26,884.8,886.11,865.31,871.22,,169170.0
2023-09-27,870.42,892.25,870.42,885.61,,164345.0
2023-09-28,880.72,896.14,870.74,886.84,,117219.0
2023-09-29,878.78,891.66,868.03,868.53,,197369.0
2023-10-02,865.0,878.36,858.63,863.59,,140374.0
2023-10-03,861.43,871.64,829.98,836.54,,220549.0
2023-10-04,840.34,862.3,840.34,860.85,,131857.0
2023-10-05,857.34,866.53,851.79,862.53,,109527.0
2023-10-06,861.49,880.67,858.88,873.52,,99977.0
2023-10-09,865.73,889.41,862.23,889.39,,128397.0
2023-10-10,895.54,896.0,882.79,889.15,,126895.0
2023-10-11,893.69,906.74,884.21,904.68,,162138.0
2023-10-12,906.67,906.67,889.13,892.34,,149803.0
2023-10-13,889.11,895.98,883.59,895.34,,154347.0
2023-10-16,903.18,909.61,885.85,886.6,,128007.0
2023-10-17,881.76,919.72,881.56,918.29,,249817.0
2023-10-18,915.33,922.23,908.08,914.7,,256420.0
2023-10-19,907.85,931.99,901.84,919.26,,294801.0
2023-10-20,924.79,927.85,899.0,912.0,,223402.0
2023-10-23,909.07,940.1,903.03,927.19,,204087.0
2023-10-24,927.19,929.58,845.48,862.12,,553990.0
2023-10-25,845.12,859.3,824.64,825.1,,446042.0
2023-10-26,832.29,838.81,811.99,829.72,,313868.0
2023-10-27,830.99,849.0,823.49,848.1,,235815.0
2023-10-30,851.02,859.23,838.72,851.29,,151344.0
2023-10-31,853.02,853.02,831.55,845.87,,161543.0
2023-11-01,849.23,872.68,838.43,870.99,,193949.0
2023-11-02,879.69,907.47,879.69,900.69,,191740.0
2023-11-03,910.84,932.25,910.84,930.41,,171360.0
2023-11-06,930.41,930.41,907.64,927.76,,219576.0
2023-11-07,934.94,940.61,925.13,938.4,,152053.0
2023-11-08,940.0,954.23,930.07,940.43,,284267.0
2023-11-09,901.26,987.02,900.01,962.7,,343330.0
2023-11-10,962.47,1002.74,962.47,996.7,,188286.0
2023-11-13,998.08,1014.0,991.04,1012.27,,165585.0
2023-11-14,1021.46,1031.69,1006.71,1027.15,,214435.0
2023-11-15,1027.64,1036.41,1014.86,1020.96,,210984.0
2023-11-16,1021.06,1046.45,1021.06,1034.06,,142614.0
2023-11-17,1037.69,1043.47,1028.59,1042.27,,101614.0
2023-11-20,1045.89,1059.68,1037.55,1051.45,,108983.0
2023-11-21,1053.71,1064.31,1049.3,1054.9,,110744.0
2023-11-22,1063.1,1077.13,1057.69,1065.17,,100831.0
2023-11-24,1061.96,1070.96,1061.96,1069.54,,36011.0
2023-11-27,1073.36,1083.53,1072.31,1081.96,,142641.0
2023-11-28,1077.76,1089.73,1067.36,1073.31,,161249.0
2023-11-29,1084.67,1105.56,1071.68,1075.1,,219898.0
2023-11-30,1075.0,1092.15,1070.37,1087.6,,370491.0
2023-12-01,1084.97,1130.47,1083.72,1127.71,,299849.0
2023-12-04,1120.0,1151.49,1117.26,1122.43,,191052.0
2023-12-05,1115.14,1131.69,1110.72,1131.04,,156112.0
2023-12-06,1133.58,1140.51,1108.17,1111.61,,161910.0
2023-12-07,1110.29,1120.49,1099.74,1118.06,,138422.0
2023-12-08,1114.12,1140.85,1112.92,1134.39,,130079.0
2023-12-11,1131.81,1147.52,1123.93,1145.82,,133110.0
2023-12-12,1140.19,1159.67,1132.73,1159.22,,160563.0
2023-12-13,1163.29,1183.79,1157.76,1166.78,,236277.0
2023-12-14,1181.69,1185.42,1123.56,1129.59,,423633.0
2023-12-15,1127.12,1136.63,1121.53,1129.78,,467099.0
2023-12-18,1135.0,1152.53,1130.74,1148.77,,359591.0
2023-12-19,1150.26,1156.39,1149.16,1152.51,,316537.0
2023-12-20,1152.51,1180.56,1149.92,1155.15,,130052.0
2023-12-21,1162.23,1172.2,1154.57,1165.46,,135161.0
2023-12-22,1175.61,1175.61,1160.26,1168.88,,67053.0
2023-12-26,1175.17,1175.17,1160.57,1164.62,,111451.0
2023-12-27,1163.99,1175.35,1162.34,1170.61,,115132.0
2023-12-28,1172.28,1173.71,1167.04,1169.34,,62817.0
2023-12-29,1168.1,1176.22,1155.27,1164.01,,97009.0
2024-01-02,1152.4,1158.01,1119.88,1131.16,,190842.0
2024-01-03,1131.16,1135.0,1116.12,1122.37,,158588.0
2024-01-04,1124.09,1132.93,1115.1,1117.46,,127731.0
2024-01-05,1115.52,1132.4,1113.19,1115.46,,148191.0
2024-01-08,1120.92,1154.52,1115.81,1152.43,,134291.0
2024-01-09,1144.84,1163.94,1139.75,1159.66,,109963.0
2024-01-10,1168.33,1200.34,1165.77,1200.23,,141312.0
2024-01-11,1204.27,1215.69,1190.57,1214.84,,105107.0
2024-01-12,1221.12,1231.5,1215.77,1230.99,,117315.0
2024-01-16,1230.0,1254.42,1211.59,1224.39,,214680.0
2024-01-17,1220.0,1231.23,1204.69,1230.16,,162759.0
2024-01-18,1237.25,1253.47,1231.99,1250.42,,130868.0
2024-01-19,1260.25,1266.71,1248.02,1260.21,,176049.0
2024-01-22,1272.0,1297.45,1264.52,1288.32,,248384.0
2024-01-23,1280.0,1291.48,1263.36,1281.51,,260545.0
2024-01-24,1307.14,1307.14,1274.55,1275.55,,181906.0
2024-01-25,1286.92,1292.17,1273.89,1284.27,,219995.0
2024-01-26,1235.5,1275.92,1195.01,1196.36,,407235.0
2024-01-29,1200.0,1228.36,1199.04,1222.38,,198417.0
2024-01-30,1216.62,1222.72,1196.99,1197.06,,195248.0
2024-01-31,1197.34,1219.34,1187.89,1198.83,,206128.0
2024-02-01,1198.83,1243.65,1198.83,1243.17,,159725.0
2024-02-02,1243.2,1257.5,1239.98,1255.3,,121410.0
2024-02-05,1256.13,1258.79,1233.87,1256.13,,100646.0
2024-02-06,1259.81,1264.24,1230.38,1259.81,,208992.0
2024-02-07,1263.63,1286.75,1261.96,1280.45,,168593.0
2024-02-08,1283.23,1325.0,1283.23,1321.44,,196762.0
2024-02-09,1327.95,1336.38,1317.42,1323.81,,118953.0
2024-02-12,1333.93,1333.93,1295.02,1298.35,,159583.0
2024-02-13,1269.68,1289.88,1257.78,1269.48,,272961.0
2024-02-14,1283.56,1297.77,1279.42,1293.84,,154982.0
2024-02-15,1299.64,1307.49,1283.22,1302.7,,143552.0
2024-02-16,1295.88,1304.23,1280.6,1282.06,,115327.0
2024-02-20,1278.76,1278.76,1252.69,1259.2,,153381.0
2024-02-21,1248.91,1259.38,1223.88,1246.56,,151191.0
2024-02-22,1277.52,1290.92,1267.38,1288.26,,146160.0
2024-02-23,1291.89,1296.36,1268.29,1282.33,,123454.0
2024-02-26,1292.92,1306.2,1288.23,1288.25,,180408.0
2024-02-27,1280.78,1288.75,1271.02,1276.03,,102227.0
2024-02-28,1273.86,1286.8,1273.86,1274.63,,193391.0
2024-02-29,1279.34,1284.27,1265.2,1269.91,,163261.0
2024-03-01,1266.48,1297.63,1263.64,1295.2,,148503.0
2024-03-04,1295.04,1315.84,1293.11,1301.25,,87271.0
2024-03-05,1297.37,1297.37,1248.03,1263.65,,181559.0
2024-03-06,1278.42,1290.5,1268.56,1288.11,,112713.0
2024-03-07,1300.0,1335.04,1295.2,1334.99,,183126.0
2024-03-08,1336.37,1349.75,1296.0,1300.45,,135929.0
2024-03-11,1288.29,1294.96,1262.86,1282.68,,146848.0
2024-03-12,1289.42,1331.97,1282.84,1328.59,,148859.0
2024-03-13,1324.23,1327.54,1221.3,1245.82,,353929.0
2024-03-14,1251.52,1258.77,1192.75,1202.0,,364200.0
2024-03-15,1188.1,1213.63,1181.0,1211.81,,333057.0
2024-03-18,1217.97,1254.99,1216.34,1222.74,,176340.0
2024-03-19,1216.82,1239.73,1210.0,1235.63,,155265.0
2024-03-20,1243.38,1247.13,1228.02,1245.4,,101868.0
2024-03-21,1258.76,1287.46,1241.41,1280.02,,135124.0
2024-03-22,1280.0,1286.0,1264.1,1276.74,,205626.0
2024-03-25,1276.74,1276.74,1260.19,1266.61,,115916.0
2024-03-26,1277.19,1290.12,1271.3,1282.47,,137069.0
2024-03-27,1292.0,1307.98,1255.02,1258.51,,144687.0
2024-03-28,1259.11,1276.48,1248.57,1249.61,,151704.0
2024-04-01,1249.61,1265.74,1247.93,1254.37,,121105.0
2024-04-02,1233.58,1247.46,1224.81,1247.29,,141657.0
2024-04-03,1229.61,1261.74,1229.61,1248.55,,101626.0
2024-04-04,1260.61,1266.86,1214.89,1219.85,,111580.0
2024-04-05,1221.89,1243.4,1221.89,1231.65,,80237.0
2024-04-08,1232.31,1244.04,1222.46,1238.88,,93128.0
2024-04-09,1246.45,1246.45,1209.54,1219.08,,112840.0
2024-04-10,1200.0,1211.26,1177.61,1181.23,,179076.0
2024-04-11,1187.13,1199.67,1180.25,1191.68,,108216.0
2024-04-12,1168.89,1183.73,1166.5,1175.61,,118199.0
2024-04-15,1185.21,1197.84,1145.62,1150.52,,182644.0
2024-04-16,1151.27,1153.92,1130.86,1152.7,,163230.0
2024-04-17,1157.25,1169.92,1144.87,1153.28,,175830.0
2024-04-18,1163.28,1203.0,1147.06,1162.25,,214712.0
2024-04-19,1165.64,1165.64,1121.88,1130.06,,156442.0
2024-04-22,1142.48,1157.16,1136.64,1150.66,,233504.0
2024-04-23,1155.01,1188.4,1155.01,1188.19,,275267.0
2024-04-24,1197.67,1218.12,1178.07,1193.03,,177940.0
2024-04-25,1175.79,1211.77,1168.83,1193.66,,218965.0
2024-04-26,1136.83,1159.81,1105.65,1110.85,,440692.0
2024-04-29,1116.4,1145.48,1112.65,1143.06,,323172.0
2024-04-30,1143.0,1157.98,1131.03,1133.33,,210640.0
2024-05-01,1138.03,1178.6,1134.06,1140.73,,244833.0
2024-05-02,1155.64,1166.53,1134.86,1165.35,,166156.0
2024-05-03,1182.34,1204.54,1176.43,1193.01,,182907.0
2024-05-06,1205.78,1242.64,1204.03,1242.63,,207706.0
2024-05-07,1240.1,1244.18,1229.29,1240.62,,163561.0
2024-05-08,1241.0,1262.97,1238.69,1251.44,,132847.0
2024-05-09,1251.44,1288.52,1240.31,1286.78,,200875.0
2024-05-10,1293.0,1358.21,1293.0,1328.61,,436617.0
2024-05-13,1331.02,1342.45,1322.32,1332.53,,244621.0
2024-05-14,1333.12,1355.33,1324.3,1353.93,,208211.0
2024-05-15,1365.94,1397.79,1364.58,1368.16,,260249.0
2024-05-16,1374.86,1412.36,1366.16,1404.43,,356944.0
2024-05-17,1415.95,1415.95,1388.0,1411.35,,246644.0
2024-05-20,1423.49,1451.78,1422.35,1446.28,,259431.0
2024-05-21,1443.69,1443.69,1367.02,1374.8,,368583.0
2024-05-22,1374.71,1393.42,1366.06,1366.64,,192942.0
2024-05-23,1381.35,1381.35,1353.09,1353.18,,237070.0
2024-05-24,1356.19,1387.84,1346.25,1384.64,,171482.0
2024-05-28,1380.16,1390.0,1364.34,1385.13,,188540.0
2024-05-29,1374.22,1386.55,1354.33,1356.3,,131455.0
2024-05-30,1341.56,1342.38,1293.69,1302.66,,196804.0
2024-05-31,1304.31,1305.15,1266.72,1289.93,,332819.0
2024-06-03,1288.67,1294.94,1274.55,1293.82,,144015.0
2024-06-04,1290.46,1310.91,1285.27,1302.74,,98913.0
2024-06-05,1312.33,1351.95,1309.57,1351.07,,107297.0
2024-06-06,1351.97,1364.22,1329.11,1329.88,,119619.0
2024-06-07,1332.93,1332.93,1307.12,1310.32,,100584.0
2024-06-10,1307.68,1325.72,1298.27,1310.15,,125934.0
2024-06-11,1298.64,1322.19,1287.99,1315.33,,77100.0
2024-06-12,1332.15,1390.54,1331.86,1378.36,,183707.0
2024-06-13,1378.4,1389.87,1358.23,1379.01,,94654.0
2024-06-14,1374.29,1393.25,1365.0,1390.59,,111715.0
2024-06-17,1386.58,1410.61,1370.28,1409.96,,119114.0
2024-06-18,1411.65,1439.94,1411.15,1421.8,,214418.0
2024-06-20,1428.25,1428.61,1401.67,1412.76,,138331.0
2024-06-21,1418.23,1436.44,1406.38,1436.11,,235291.0
2024-06-24,1429.23,1444.81,1410.65,1441.5,,253181.0
2024-06-25,1445.37,1462.89,1442.41,1457.29,,183354.0
2024-06-26,1448.94,1475.56,1443.68,1470.0,,177334.0
2024-06-27,1477.53,1497.91,1469.96,1477.51,,150393.0
2024-06-28,1480.29,1518.27,1480.29,1488.66,,340261.0
2024-07-01,1495.2,1504.28,1454.41,1496.51,,143609.0
2024-07-02,1496.0,1529.62,1487.7,1529.38,,292357.0
2024-07-03,1531.0,1541.37,1518.46,1530.06,,71820.0
2024-07-05,1541.58,1555.06,1527.01,1551.55,,108505.0
2024-07-08,1549.23,1549.39,1522.22,1530.06,,161706.0
2024-07-09,1549.18,1575.01,1536.08,1568.06,,317284.0
2024-07-10,1569.84,1569.84,1496.18,1534.09,,198192.0
2024-07-11,1535.76,1567.62,1535.76,1567.52,,146175.0
2024-07-12,1571.38,1605.69,1571.38,1588.52,,119771.0
2024-07-15,1593.42,1609.45,1579.14,1590.03,,187283.0
2024-07-16,1596.0,1620.5,1594.51,1614.77,,108966.0
2024-07-17,1616.88,1627.11,1594.83,1602.8,,201149.0
2024-07-18,1608.01,1635.68,1575.51,1584.76,,152389.0
2024-07-19,1594.11,1623.82,1588.34,1590.79,,191294.0
2024-07-22,1597.82,1643.55,1597.82,1632.17,,155691.0
2024-07-23,1635.48,1658.03,1625.45,1628.12,,159604.0
2024-07-24,1621.8,1626.29,1553.71,1559.24,,159787.0
2024-07-25,1570.65,1591.47,1551.94,1576.93,,111811.0
2024-07-26,1579.42,1612.57,1579.42,1605.94,,131700.0
2024-07-29,1612.6,1615.45,1586.99,1588.72,,201210.0
2024-07-30,1599.98,1621.97,1581.92,1588.5,,180675.0
2024-07-31,1617.14,1630.0,1592.27,1600.0,,253283.0
2024-08-01,1554.68,1668.62,1528.43,1578.95,,261745.0
2024-08-02,1547.1,1602.49,1537.39,1600.38,,144730.0
2024-08-05,1554.6,1607.08,1544.99,1581.82,,136453.0
2024-08-06,1599.89,1677.01,1589.92,1654.99,,286187.0
2024-08-07,1678.25,1708.6,1659.0,1668.63,,191606.0
2024-08-08,1683.93,1720.6,1673.03,1717.12,,135333.0
2024-08-09,1720.0,1759.76,1714.01,1752.25,,215928.0
2024-08-12,1755.8,1755.8,1710.41,1720.0,,143959.0
2024-08-13,1734.38,1776.32,1734.38,1774.66,,119518.0
2024-08-14,1777.0,1812.67,1777.0,1809.75,,149693.0
2024-08-15,1818.02,1818.02,1731.67,1733.79,,291801.0
2024-08-16,1726.93,1762.56,1707.93,1751.7,,152977.0
2024-08-19,1747.1,1761.19,1738.87,1753.7,,138046.0
2024-08-20,1760.15,1766.54,1744.73,1750.0,,148059.0
2024-08-21,1745.03,1759.71,1732.92,1751.6,,97101.0
2024-08-22,1758.09,1760.88,1732.85,1737.16,,80881.0
2024-08-23,1747.93,1756.45,1732.36,1745.38,,72889.0
2024-08-26,1743.2,1749.09,1706.27,1706.27,,189024.0
2024-08-27,1701.55,1717.5,1688.35,1714.9,,201018.0
2024-08-28,1723.37,1725.17,1702.03,1722.35,,105387.0
2024-08-29,1730.0,1750.35,1710.05,1713.29,,126297.0
2024-08-30,1722.84,1730.27,1696.87,1730.27,,119526.0
2024-09-03,1730.61,1769.02,1679.54,1688.41,,183117.0
2024-09-04,1677.47,1758.78,1677.47,1751.25,,157762.0
2024-09-05,1742.2,1759.63,1727.07,1757.14,,98920.0
2024-09-06,1771.1,1779.0,1732.12,1734.01,,156278.0
2024-09-09,1749.03,1795.2,1749.03,1776.49,,144360.0
2024-09-10,1783.78,1798.61,1760.83,1797.28,,100323.0
2024-09-11,1792.0,1836.77,1764.01,1834.23,,133833.0
2024-09-12,1840.75,1863.44,1822.24,1862.08,,110850.0
2024-09-13,1868.29,1886.23,1858.5,1868.96,,132468.0
2024-09-16,1865.0,1895.08,1862.96,1894.98,,109724.0
2024-09-17,1894.48,1907.49,1868.25,1884.45,,170704.0
2024-09-18,1885.34,1915.0,1876.86,1900.33,,128965.0
2024-09-19,1935.98,1946.8,1917.47,1929.21,,122298.0
2024-09-20,1925.17,1951.4,1923.94,1934.63,,294808.0
2024-09-23,1949.51,1962.83,1939.82,1947.38,,111150.0
2024-09-24,1950.04,1950.04,1911.22,1916.9,,133770.0
2024-09-25,1916.9,1934.75,1907.41,1909.85,,108280.0
2024-09-26,1926.87,1928.6,1910.0,1923.81,,116383.0
2024-09-27,1923.11,1925.53,1908.87,1919.65,,107576.0
2024-09-30,1921.61,1946.75,1917.27,1943.52,,91574.0
2024-10-01,1953.57,1962.96,1906.0,1915.69,,184525.0
2024-10-02,1907.56,1944.79,1902.97,1938.16,,106400.0
2024-10-03,1938.0,1941.78,1918.6,1935.95,,109521.0
2024-10-04,1941.43,1948.29,1886.2,1913.38,,121533.0
2024-10-07,1920.75,1975.89,1918.55,1955.0,,138808.0
2024-10-08,1973.11,1996.24,1968.31,1989.58,,132539.0
2024-10-09,2000.0,2043.6,2000.0,2024.99,,114914.0
2024-10-10,2008.28,2010.0,1976.74,1984.52,,163326.0
2024-10-11,1998.39,2031.0,1991.2,2031.0,,203669.0
2024-10-14,2051.31,2085.2,2042.39,2068.91,,118394.0
2024-10-15,2090.0,2103.7,2057.2,2061.05,,123006.0
2024-10-16,2050.3,2055.96,2036.0,2051.78,,118537.0
2024-10-17,2056.29,2060.01,2012.35,2038.95,,115696.0
2024-10-18,2041.09,2041.09,1969.7,1973.46,,206313.0
2024-10-21,1964.62,1998.29,1961.0,1994.45,,185898.0
2024-10-22,1978.79,2045.89,1978.79,2027.82,,220111.0
2024-10-23,2020.19,2020.19,1991.53,1998.66,,200369.0
2024-10-24,2020.62,2024.42,1993.1,1994.05,,190426.0
2024-10-25,2015.08,2025.92,1989.09,1999.97,,139798.0
2024-10-28,2012.44,2018.67,1996.5,1996.88,,100817.0
2024-10-29,2000.85,2023.39,2000.85,2021.86,,151002.0
2024-10-30,2007.22,2034.46,2000.2,2006.99,,100884.0
2024-10-31,2000.0,2026.59,1993.09,1993.11,,123204.0
2024-11-01,1995.25,2011.87,1985.38,1988.91,,128344.0
2024-11-04,1986.3,1999.62,1978.39,1990.94,,139503.0
2024-11-05,1992.0,2023.13,1989.11,2009.75,,124435.0
2024-11-06,2059.0,2098.34,2042.48,2090.63,,234084.0
2024-11-07,2123.84,2188.93,2036.65,2176.1,,344242.0
2024-11-08,2203.5,2351.98,2203.5,2332.29,,275985.0
2024-11-11,2355.61,2359.77,2316.36,2350.0,,152620.0
2024-11-12,2350.0,2369.05,2324.28,2348.1,,148186.0
2024-11-13,2348.23,2402.51,2342.62,2348.45,,135091.0
2024-11-14,2344.52,2364.38,2305.3,2323.17,,82927.0
2024-11-15,2295.05,2295.05,2246.32,2261.0,,185667.0
2024-11-18,2261.0,2305.3,2250.26,2272.31,,98078.0
2024-11-19,2252.27,2304.52,2252.27,2284.43,,130295.0
2024-11-20,2292.5,2310.07,2232.38,2309.6,,102183.0
2024-11-21,2317.2,2353.01,2297.53,2337.83,,95208.0
2024-11-22,2348.38,2377.74,2324.32,2355.35,,90183.0
2024-11-25,2362.21,2383.43,2329.94,2360.22,,283516.0
2024-11-26,2354.64,2390.45,2352.41,2382.4,,202624.0
2024-11-27,2382.4,2382.4,2329.28,2354.0,,94091.0
2024-11-29,2376.68,2387.2,2361.36,2375.03,,80765.0
2024-12-02,2376.67,2376.67,2315.01,2332.11,,119453.0
2024-12-03,2313.3,2345.67,2302.57,2345.32,,270618.0
2024-12-04,2356.91,2400.0,2356.91,2375.83,,128303.0
2024-12-05,2391.64,2398.27,2351.15,2367.16,,152986.0
2024-12-06,2368.0,2400.0,2360.65,2371.83,,110041.0
2024-12-09,2353.82,2361.83,2206.7,2227.11,,189029.0
2024-12-10,2232.97,2250.45,2162.23,2172.69,,270819.0
2024-12-11,2183.26,2216.05,2175.12,2196.05,,156924.0
2024-12-12,2176.57,2211.15,2169.8,2190.92,,157565.0
2024-12-13,2189.36,2202.82,2156.15,2168.89,,120376.0
2024-12-16,2163.53,2178.77,2161.64,2170.49,,147850.0
2024-12-17,2154.78,2166.61,2132.73,2138.18,,233956.0
2024-12-18,2146.06,2146.06,2044.46,2051.1,,192783.0
2024-12-19,2055.14,2091.96,2036.65,2044.89,,223017.0
2024-12-20,2030.0,2090.98,2030.0,2090.98,,298672.0
2024-12-23,2080.12,2091.32,2059.6,2080.43,,71846.0
2024-12-24,2086.72,2105.2,2083.07,2104.99,,39385.0
2024-12-26,2093.45,2093.45,2058.19,2062.71,,129146.0
2024-12-27,2054.29,2054.29,2017.0,2037.33,,103656.0
2024-12-30,2007.27,2031.5,1981.0,2013.65,,105162.0
