time,open,high,low,close,Volume,volume
2009-11-18,1.7,1.75,1.63,1.66,,13670400.0
2009-11-19,1.66,1.71,1.61,1.69,,2217300.0
2009-11-20,1.69,1.7,1.61,1.69,,1139000.0
2009-11-23,1.71,1.72,1.66,1.69,,1185800.0
2009-11-24,1.68,1.7,1.67,1.7,,467700.0
2009-11-25,1.71,1.73,1.7,1.72,,428000.0
2009-11-27,1.68,1.77,1.67,1.69,,174000.0
2009-11-30,1.71,1.73,1.68,1.7,,433800.0
2009-12-01,1.7,1.72,1.66,1.68,,412500.0
2009-12-02,1.69,1.69,1.61,1.66,,960200.0
2009-12-03,1.66,1.69,1.65,1.67,,569900.0
2009-12-04,1.69,1.73,1.64,1.73,,812700.0
2009-12-07,1.71,1.76,1.68,1.69,,523200.0
2009-12-08,1.69,1.69,1.64,1.66,,208000.0
2009-12-09,1.65,1.73,1.65,1.7,,405500.0
2009-12-10,1.72,1.72,1.68,1.69,,76300.0
2009-12-11,1.68,1.7,1.67,1.69,,131200.0
2009-12-14,1.69,1.72,1.68,1.7,,78700.0
2009-12-15,1.71,1.72,1.69,1.7,,244500.0
2009-12-16,1.7,1.83,1.7,1.82,,782300.0
2009-12-17,1.83,1.85,1.78,1.79,,671700.0
2009-12-18,1.82,1.84,1.76,1.76,,1949300.0
2009-12-21,1.76,1.8,1.72,1.76,,302800.0
2009-12-22,1.77,1.78,1.71,1.72,,261400.0
2009-12-23,1.73,1.82,1.72,1.8,,402300.0
2009-12-24,1.8,1.86,1.79,1.84,,237600.0
2009-12-28,1.87,1.88,1.75,1.77,,553700.0
2009-12-29,1.77,1.84,1.77,1.83,,331700.0
2009-12-30,1.83,1.83,1.79,1.8,,117300.0
2009-12-31,1.81,1.82,1.75,1.76,,151800.0
2010-01-04,1.79,1.82,1.76,1.8,,358000.0
2010-01-05,1.8,1.86,1.8,1.84,,411400.0
2010-01-06,1.89,1.99,1.88,1.94,,936700.0
2010-01-07,1.95,1.96,1.9,1.95,,137600.0
2010-01-08,1.96,2.06,1.92,2.01,,457100.0
2010-01-11,2.02,2.02,1.97,2.0,,187900.0
2010-01-12,1.99,2.02,1.97,1.98,,473700.0
2010-01-13,1.98,1.99,1.84,1.94,,390900.0
2010-01-14,1.95,2.01,1.93,1.99,,353400.0
2010-01-15,2.0,2.0,1.92,1.96,,325500.0
2010-01-19,1.96,2.05,1.96,1.98,,308600.0
2010-01-20,1.97,2.0,1.89,1.91,,231600.0
2010-01-21,1.91,1.91,1.82,1.84,,355500.0
2010-01-22,1.84,1.88,1.78,1.79,,464500.0
2010-01-25,1.81,1.81,1.77,1.8,,245600.0
2010-01-26,1.8,1.87,1.8,1.83,,338600.0
2010-01-27,1.84,1.88,1.79,1.86,,394100.0
2010-01-28,1.9,1.9,1.73,1.78,,1354500.0
2010-01-29,1.79,1.84,1.61,1.72,,879800.0
2010-02-01,1.73,1.78,1.7,1.75,,180700.0
2010-02-02,1.75,1.77,1.7,1.71,,650000.0
2010-02-03,1.71,1.72,1.64,1.64,,456800.0
2010-02-04,1.64,1.66,1.55,1.57,,602000.0
2010-02-05,1.57,1.59,1.52,1.57,,530400.0
2010-02-08,1.58,1.61,1.54,1.59,,188600.0
2010-02-09,1.67,1.71,1.63,1.66,,439000.0
2010-02-10,1.66,1.7,1.64,1.69,,277600.0
2010-02-11,1.69,1.69,1.63,1.67,,322300.0
2010-02-12,1.64,1.7,1.64,1.65,,205400.0
2010-02-16,1.67,1.68,1.64,1.65,,80900.0
2010-02-17,1.66,1.69,1.65,1.69,,184700.0
2010-02-18,1.7,1.74,1.69,1.73,,140900.0
2010-02-19,1.73,1.75,1.73,1.73,,166300.0
2010-02-22,1.73,1.74,1.69,1.7,,173400.0
2010-02-23,1.69,1.7,1.65,1.67,,127800.0
2010-02-24,1.68,1.71,1.65,1.66,,255500.0
2010-02-25,1.64,1.68,1.6,1.68,,193300.0
2010-02-26,1.68,1.73,1.65,1.72,,210900.0
2010-03-01,1.73,1.81,1.7,1.8,,347000.0
2010-03-02,1.8,1.82,1.73,1.75,,279200.0
2010-03-03,1.75,1.75,1.7,1.71,,156400.0
2010-03-04,1.72,1.74,1.67,1.69,,203400.0
2010-03-05,1.7,1.74,1.69,1.71,,385700.0
2010-03-08,1.71,1.73,1.71,1.72,,315900.0
2010-03-09,1.71,1.76,1.7,1.7,,353300.0
2010-03-10,1.71,1.71,1.65,1.67,,283600.0
2010-03-11,1.66,1.66,1.62,1.64,,194600.0
2010-03-12,1.65,1.65,1.62,1.63,,147900.0
2010-03-15,1.64,1.69,1.62,1.63,,164400.0
2010-03-16,1.63,1.68,1.6,1.65,,236400.0
2010-03-17,1.66,1.7,1.64,1.69,,471200.0
2010-03-18,1.7,1.76,1.7,1.72,,627600.0
2010-03-19,1.72,1.72,1.67,1.71,,452400.0
2010-03-22,1.7,1.73,1.7,1.71,,565600.0
2010-03-23,1.71,1.74,1.71,1.73,,256600.0
2010-03-24,1.73,1.76,1.71,1.72,,186400.0
2010-03-25,1.72,1.76,1.72,1.72,,143500.0
2010-03-26,1.72,1.73,1.69,1.71,,337500.0
2010-03-29,1.7,1.74,1.7,1.74,,208000.0
2010-03-30,1.74,1.77,1.73,1.77,,236000.0
2010-03-31,1.76,1.79,1.75,1.76,,212200.0
2010-04-01,1.77,1.79,1.76,1.77,,313400.0
2010-04-05,1.78,1.78,1.71,1.73,,282400.0
2010-04-06,1.72,1.74,1.7,1.72,,117400.0
2010-04-07,1.72,1.74,1.69,1.73,,200700.0
2010-04-08,1.73,1.74,1.67,1.7,,244400.0
2010-04-09,1.7,1.72,1.63,1.69,,230200.0
2010-04-12,1.68,1.71,1.67,1.7,,207600.0
2010-04-13,1.69,1.71,1.64,1.64,,342100.0
2010-04-14,1.66,1.72,1.62,1.71,,500900.0
2010-04-15,1.7,1.71,1.64,1.65,,567400.0
2010-04-16,1.65,1.65,1.59,1.62,,613100.0
2010-04-19,1.62,1.65,1.62,1.62,,229900.0
2010-04-20,1.63,1.67,1.62,1.67,,388000.0
2010-04-21,1.67,1.68,1.63,1.64,,162200.0
2010-04-22,1.62,1.66,1.61,1.64,,203000.0
2010-04-23,1.64,1.66,1.59,1.66,,311800.0
2010-04-26,1.66,1.67,1.62,1.63,,220500.0
2010-04-27,1.62,1.67,1.6,1.64,,293000.0
2010-04-28,1.66,1.69,1.62,1.68,,395800.0
2010-04-29,1.73,1.8,1.69,1.78,,1176100.0
2010-04-30,1.79,1.92,1.75,1.78,,712600.0
2010-05-03,1.78,1.87,1.78,1.86,,381800.0
2010-05-04,1.85,1.91,1.75,1.79,,442600.0
2010-05-05,1.79,1.79,1.73,1.76,,265800.0
2010-05-06,1.75,1.77,1.56,1.72,,583100.0
2010-05-07,1.71,1.72,1.62,1.65,,303900.0
2010-05-10,1.74,1.75,1.67,1.69,,313400.0
2010-05-11,1.66,1.71,1.65,1.68,,258700.0
2010-05-12,1.69,1.73,1.67,1.72,,310200.0
2010-05-13,1.7,1.71,1.66,1.68,,285200.0
2010-05-14,1.65,1.67,1.61,1.61,,473700.0
2010-05-17,1.52,1.68,1.51,1.68,,3787400.0
2010-05-18,1.66,1.71,1.65,1.66,,1517100.0
2010-05-19,1.65,1.7,1.64,1.65,,1563300.0
2010-05-20,1.64,1.66,1.6,1.62,,747700.0
2010-05-21,1.61,1.64,1.6,1.63,,904700.0
2010-05-24,1.63,1.65,1.6,1.6,,339900.0
2010-05-25,1.56,1.58,1.55,1.57,,1386900.0
2010-05-26,1.57,1.64,1.57,1.62,,931200.0
2010-05-27,1.64,1.64,1.6,1.62,,1616500.0
2010-05-28,1.61,1.64,1.6,1.63,,898400.0
2010-06-01,1.61,1.63,1.57,1.57,,936100.0
2010-06-02,1.59,1.6,1.57,1.6,,427100.0
2010-06-03,1.6,1.61,1.55,1.58,,1091600.0
2010-06-04,1.56,1.58,1.52,1.52,,552400.0
2010-06-07,1.53,1.53,1.5,1.5,,567800.0
2010-06-08,1.5,1.52,1.48,1.5,,435800.0
2010-06-09,1.51,1.57,1.5,1.51,,1015500.0
2010-06-10,1.52,1.56,1.51,1.54,,587600.0
2010-06-11,1.54,1.6,1.54,1.58,,1035200.0
2010-06-14,1.58,1.64,1.58,1.62,,863700.0
2010-06-15,1.62,1.64,1.62,1.64,,733800.0
2010-06-16,1.63,1.64,1.62,1.62,,634000.0
2010-06-17,1.63,1.67,1.62,1.65,,686100.0
2010-06-18,1.66,1.71,1.66,1.71,,1279800.0
2010-06-21,1.71,1.72,1.7,1.71,,956900.0
2010-06-22,1.7,1.73,1.69,1.7,,942000.0
2010-06-23,1.69,1.71,1.67,1.68,,330600.0
2010-06-24,1.67,1.71,1.67,1.71,,768400.0
2010-06-25,1.71,1.77,1.7,1.75,,5087100.0
2010-06-28,1.76,1.76,1.73,1.75,,748600.0
2010-06-29,1.73,1.73,1.68,1.71,,1025200.0
2010-06-30,1.7,1.74,1.64,1.64,,975000.0
2010-07-01,1.65,1.65,1.59,1.63,,491300.0
2010-07-02,1.63,1.67,1.6,1.62,,227600.0
2010-07-06,1.63,1.69,1.61,1.63,,420500.0
2010-07-07,1.63,1.67,1.61,1.67,,346000.0
2010-07-08,1.68,1.7,1.64,1.7,,543800.0
2010-07-09,1.7,1.71,1.67,1.7,,474000.0
2010-07-12,1.69,1.7,1.64,1.67,,452800.0
2010-07-13,1.68,1.71,1.47,1.69,,518100.0
2010-07-14,1.68,1.7,1.66,1.69,,299200.0
2010-07-15,1.68,1.69,1.64,1.66,,265600.0
2010-07-16,1.65,1.66,1.61,1.63,,379300.0
2010-07-19,1.63,1.64,1.57,1.61,,520300.0
2010-07-20,1.59,1.63,1.57,1.61,,496500.0
2010-07-21,1.62,1.65,1.57,1.6,,456500.0
2010-07-22,1.62,1.74,1.62,1.73,,1578100.0
2010-07-23,1.72,1.79,1.67,1.78,,2506800.0
2010-07-26,1.78,1.82,1.78,1.81,,587538.0
2010-07-27,1.8,1.81,1.78,1.79,,344872.0
2010-07-28,1.79,1.79,1.76,1.77,,370200.0
2010-07-29,1.77,1.79,1.74,1.78,,493400.0
2010-07-30,1.76,1.8,1.76,1.8,,452500.0
2010-08-02,1.81,1.83,1.78,1.82,,597000.0
2010-08-03,1.81,1.84,1.81,1.82,,569600.0
2010-08-04,1.82,1.84,1.79,1.84,,201300.0
2010-08-05,1.83,1.84,1.79,1.8,,191200.0
2010-08-06,1.78,1.82,1.76,1.82,,324200.0
2010-08-09,1.82,1.83,1.8,1.82,,492000.0
2010-08-10,1.79,1.8,1.75,1.79,,235600.0
2010-08-11,1.76,1.78,1.71,1.72,,425600.0
2010-08-12,1.71,1.74,1.69,1.74,,312500.0
2010-08-13,1.73,1.78,1.68,1.76,,273100.0
2010-08-16,1.74,1.79,1.73,1.77,,171200.0
2010-08-17,1.79,1.81,1.74,1.81,,544200.0
2010-08-18,1.79,1.83,1.78,1.82,,744900.0
2010-08-19,1.82,1.83,1.74,1.78,,662300.0
2010-08-20,1.77,1.84,1.75,1.84,,810600.0
2010-08-23,1.84,1.86,1.81,1.84,,945400.0
2010-08-24,1.81,1.85,1.81,1.84,,521800.0
2010-08-25,1.83,1.86,1.8,1.86,,693000.0
2010-08-26,1.86,1.92,1.85,1.88,,1414300.0
2010-08-27,1.9,2.17,1.89,2.0,,4574800.0
2010-08-30,2.0,2.05,1.98,2.0,,1516400.0
2010-08-31,2.0,2.04,1.97,2.04,,2227900.0
2010-09-01,2.05,2.1,2.05,2.1,,2186000.0
2010-09-02,2.09,2.19,2.08,2.18,,835900.0
2010-09-03,2.2,2.21,2.1,2.12,,531400.0
2010-09-07,2.12,2.15,2.04,2.05,,788000.0
2010-09-08,2.04,2.1,2.04,2.09,,401200.0
2010-09-09,2.11,2.21,2.11,2.2,,1280200.0
2010-09-10,2.21,2.21,2.14,2.15,,733500.0
2010-09-13,2.23,2.3,2.18,2.19,,1835900.0
2010-09-14,2.17,2.31,2.14,2.29,,1583200.0
2010-09-15,2.29,2.34,2.23,2.24,,1080200.0
2010-09-16,2.24,2.31,2.24,2.28,,1212300.0
2010-09-17,2.31,2.53,2.26,2.5,,2856700.0
2010-09-20,2.5,2.54,2.46,2.51,,1259000.0
2010-09-21,2.5,2.5,2.46,2.47,,760300.0
2010-09-22,2.47,2.47,2.36,2.38,,602400.0
2010-09-23,2.35,2.41,2.32,2.37,,1157600.0
2010-09-24,2.41,2.45,2.38,2.4,,1342300.0
2010-09-27,2.4,2.51,2.37,2.47,,1320500.0
2010-09-28,2.48,2.56,2.42,2.44,,912800.0
2010-09-29,2.44,2.53,2.43,2.52,,1193000.0
2010-09-30,2.54,2.56,2.49,2.5,,800000.0
2010-10-01,2.52,2.52,2.45,2.5,,378700.0
2010-10-04,2.5,2.56,2.48,2.55,,985600.0
2010-10-05,2.56,2.59,2.52,2.55,,651100.0
2010-10-06,2.57,2.59,2.38,2.42,,1082900.0
2010-10-07,2.42,2.45,2.36,2.41,,1385700.0
2010-10-08,2.4,2.45,2.38,2.42,,545500.0
2010-10-11,2.42,2.53,2.42,2.5,,683100.0
2010-10-12,2.49,2.51,2.47,2.5,,769700.0
2010-10-13,2.51,2.54,2.49,2.5,,469500.0
2010-10-14,2.5,2.54,2.49,2.53,,338200.0
2010-10-15,2.55,2.66,2.53,2.6,,1192600.0
2010-10-18,2.6,2.66,2.57,2.61,,434100.0
2010-10-19,2.58,2.58,2.49,2.52,,580900.0
2010-10-20,2.53,2.6,2.49,2.52,,661600.0
2010-10-21,2.54,2.54,2.43,2.47,,810900.0
2010-10-22,2.7,2.98,2.69,2.96,,3518600.0
2010-10-25,2.96,3.03,2.92,3.02,,948000.0
2010-10-26,3.0,3.15,2.99,3.14,,1312400.0
2010-10-27,3.13,3.16,3.09,3.13,,784200.0
2010-10-28,3.06,3.08,2.87,3.0,,1390600.0
2010-10-29,3.01,3.03,2.96,3.0,,494200.0
2010-11-01,3.67,3.68,3.11,3.19,,9530600.0
2010-11-02,3.24,3.27,3.07,3.1,,2524900.0
2010-11-03,3.11,3.16,3.08,3.1,,679300.0
2010-11-04,3.1,3.12,2.94,3.06,,2134200.0
2010-11-05,3.04,3.15,3.04,3.13,,652100.0
2010-11-08,3.1,3.13,2.91,3.1,,1308300.0
2010-11-09,3.1,3.18,3.1,3.12,,616100.0
2010-11-10,3.11,3.14,3.07,3.1,,383200.0
2010-11-11,3.06,3.11,3.0,3.04,,377300.0
2010-11-12,3.02,3.1,3.0,3.03,,381500.0
2010-11-15,3.06,3.15,3.03,3.1,,433000.0
2010-11-16,3.09,3.18,2.99,3.14,,1319600.0
2010-11-17,3.12,3.16,3.06,3.13,,660300.0
2010-11-18,3.16,3.28,3.14,3.26,,700600.0
2010-11-19,3.26,3.29,3.18,3.19,,708100.0
2010-11-22,3.17,3.26,3.08,3.17,,718900.0
2010-11-23,3.14,3.18,3.11,3.14,,614600.0
2010-11-24,3.17,3.2,3.14,3.19,,388400.0
2010-11-26,3.19,3.22,3.16,3.17,,117300.0
2010-11-29,3.15,3.17,3.1,3.15,,236000.0
2010-11-30,3.13,3.21,3.11,3.19,,1012900.0
2010-12-01,3.23,3.25,3.17,3.22,,750900.0
2010-12-02,3.17,3.27,3.11,3.24,,718400.0
2010-12-03,3.24,3.39,3.2,3.33,,714600.0
2010-12-06,3.34,3.39,3.28,3.29,,505500.0
2010-12-07,3.32,3.33,3.26,3.27,,527300.0
2010-12-08,3.27,3.3,3.21,3.27,,275200.0
2010-12-09,3.3,3.4,3.25,3.35,,661800.0
2010-12-10,3.35,3.39,3.31,3.33,,322300.0
2010-12-13,3.35,3.39,3.19,3.19,,567800.0
2010-12-14,3.2,3.22,3.06,3.11,,770100.0
2010-12-15,3.11,3.16,3.09,3.14,,441800.0
2010-12-16,3.15,3.19,3.13,3.18,,281100.0
2010-12-17,3.17,3.21,3.14,3.21,,868700.0
2010-12-20,3.2,3.26,3.14,3.2,,455600.0
2010-12-21,3.21,3.23,3.18,3.2,,312400.0
2010-12-22,3.18,3.2,3.16,3.17,,312700.0
2010-12-23,3.17,3.2,3.13,3.13,,203600.0
2010-12-27,3.13,3.27,3.1,3.25,,331600.0
2010-12-28,3.25,3.26,3.14,3.17,,176200.0
2010-12-29,3.18,3.25,3.15,3.22,,335200.0
2010-12-30,3.21,3.27,3.21,3.22,,270500.0
2010-12-31,3.22,3.25,3.18,3.23,,188900.0
2011-01-03,3.26,3.34,3.25,3.31,,503600.0
2011-01-04,3.34,3.5,3.32,3.5,,1169500.0
2011-01-05,3.5,3.69,3.49,3.65,,1432700.0
2011-01-06,3.65,3.69,3.6,3.64,,571400.0
2011-01-07,3.66,3.67,3.5,3.52,,427600.0
2011-01-10,3.55,3.61,3.48,3.6,,559900.0
2011-01-11,3.65,3.68,3.59,3.61,,322900.0
2011-01-12,3.64,3.68,3.58,3.66,,314800.0
2011-01-13,3.69,3.8,3.65,3.68,,813800.0
2011-01-14,3.7,3.75,3.59,3.74,,904200.0
2011-01-18,3.74,3.74,3.6,3.67,,1044100.0
2011-01-19,3.58,3.64,3.55,3.56,,1096800.0
2011-01-20,3.45,3.54,3.34,3.5,,873900.0
2011-01-21,3.52,3.53,3.44,3.51,,688500.0
2011-01-24,3.49,3.53,3.38,3.45,,686900.0
2011-01-25,3.4,3.41,3.28,3.39,,1524400.0
2011-01-26,3.56,3.98,3.54,3.96,,4109200.0
2011-01-27,3.97,3.98,3.77,3.78,,957200.0
2011-01-28,3.8,3.84,3.6,3.69,,1079300.0
2011-01-31,3.64,3.88,3.63,3.85,,1292600.0
2011-02-01,3.85,3.97,3.82,3.95,,1114400.0
2011-02-02,3.93,3.95,3.89,3.9,,805200.0
2011-02-03,3.9,3.91,3.82,3.89,,522000.0
2011-02-04,3.9,4.1,3.88,4.09,,1807700.0
2011-02-07,4.09,4.2,3.94,3.98,,1123400.0
2011-02-08,3.96,4.06,3.96,4.05,,668700.0
2011-02-09,4.1,4.12,4.0,4.02,,575900.0
2011-02-10,3.97,4.08,3.88,4.07,,737200.0
2011-02-11,4.03,4.08,3.98,4.06,,375500.0
2011-02-14,4.06,4.17,4.03,4.1,,668900.0
2011-02-15,4.07,4.11,3.96,4.05,,864900.0
2011-02-16,4.05,4.14,4.02,4.13,,609000.0
2011-02-17,4.06,4.17,4.03,4.13,,1089600.0
2011-02-18,4.15,4.2,4.12,4.17,,663300.0
2011-02-22,4.11,4.12,3.94,3.96,,953700.0
2011-02-23,3.95,4.02,3.8,3.99,,1126600.0
2011-02-24,4.05,4.17,4.03,4.08,,924400.0
2011-02-25,4.08,4.2,4.08,4.15,,1263600.0
2011-02-28,4.2,4.2,4.02,4.08,,625100.0
2011-03-01,4.1,4.12,3.96,3.97,,742500.0
2011-03-02,3.96,4.04,3.87,4.04,,668400.0
2011-03-03,4.07,4.25,4.06,4.22,,1079200.0
2011-03-04,4.24,4.34,4.23,4.33,,780100.0
2011-03-07,4.34,4.36,4.16,4.31,,698000.0
2011-03-08,4.39,4.4,4.29,4.33,,525700.0
2011-03-09,4.32,4.39,4.27,4.32,,467000.0
2011-03-10,4.3,4.35,4.2,4.21,,666900.0
2011-03-11,4.2,4.32,4.17,4.3,,625700.0
2011-03-14,4.28,4.37,4.28,4.36,,458600.0
2011-03-15,4.14,4.3,4.08,4.22,,1045900.0
2011-03-16,4.22,4.26,4.09,4.1,,965500.0
2011-03-17,4.15,4.22,4.11,4.14,,538000.0
2011-03-18,4.19,4.25,4.17,4.23,,934800.0
2011-03-21,4.28,4.38,4.25,4.38,,587800.0
2011-03-22,4.39,4.39,4.19,4.23,,607000.0
2011-03-23,4.21,4.21,4.06,4.1,,949700.0
2011-03-24,4.13,4.21,4.1,4.17,,698300.0
2011-03-25,4.2,4.32,4.2,4.3,,569300.0
2011-03-28,4.3,4.31,4.21,4.23,,466900.0
2011-03-29,4.23,4.36,4.19,4.34,,688700.0
2011-03-30,4.34,4.4,4.3,4.3,,491600.0
2011-03-31,4.32,4.44,4.29,4.42,,974500.0
2011-04-01,4.45,4.49,3.9,4.08,,3204600.0
2011-04-04,4.18,4.36,4.16,4.35,,1796600.0
2011-04-05,4.33,4.45,4.29,4.45,,870600.0
2011-04-06,4.46,4.49,4.17,4.2,,1235400.0
2011-04-07,4.17,4.2,3.93,3.98,,1674300.0
2011-04-08,4.01,4.02,3.92,3.96,,731400.0
2011-04-11,3.97,4.01,3.85,3.91,,690000.0
2011-04-12,3.87,3.91,3.76,3.79,,798100.0
2011-04-13,3.85,4.07,3.85,4.03,,1521700.0
2011-04-14,3.99,4.06,3.92,4.02,,603800.0
2011-04-15,3.99,4.06,3.92,4.06,,793200.0
2011-04-18,4.0,4.0,3.88,3.92,,542400.0
2011-04-19,3.93,3.95,3.83,3.88,,634100.0
2011-04-20,3.91,4.03,3.88,4.03,,891600.0
2011-04-21,4.07,4.09,3.99,4.04,,363500.0
2011-04-25,4.01,4.1,3.94,4.09,,582400.0
2011-04-26,4.1,4.2,4.1,4.12,,942800.0
2011-04-27,4.1,4.17,3.98,4.17,,1022500.0
2011-04-28,4.49,4.85,4.47,4.78,,3700000.0
2011-04-29,4.78,4.9,4.77,4.87,,1300000.0
2011-05-02,4.87,4.92,4.62,4.62,,1176000.0
2011-05-03,4.64,4.7,4.35,4.52,,1707400.0
2011-05-04,4.5,4.53,4.41,4.42,,1000700.0
2011-05-05,4.35,4.71,4.3,4.62,,1554400.0
2011-05-06,4.66,4.75,4.61,4.65,,892300.0
2011-05-09,4.65,4.78,4.62,4.74,,811100.0
2011-05-10,4.77,4.79,4.69,4.72,,468200.0
2011-05-11,4.73,4.73,4.54,4.61,,356400.0
2011-05-12,4.56,4.73,4.56,4.7,,603000.0
2011-05-13,4.72,4.79,4.68,4.7,,544100.0
2011-05-16,4.66,4.78,4.65,4.68,,925600.0
2011-05-17,4.65,4.77,4.63,4.67,,704400.0
2011-05-18,4.68,4.74,4.64,4.73,,697500.0
2011-05-19,4.77,4.95,4.72,4.86,,942200.0
2011-05-20,4.86,4.88,4.77,4.85,,487500.0
2011-05-23,4.76,4.78,4.67,4.68,,469800.0
2011-05-24,4.7,4.73,4.63,4.65,,355500.0
2011-05-25,4.63,4.8,4.59,4.79,,623200.0
2011-05-26,4.77,4.84,4.71,4.73,,589400.0
2011-05-27,4.76,4.85,4.73,4.79,,335500.0
2011-05-31,4.85,4.88,4.73,4.85,,826400.0
2011-06-01,4.86,5.08,4.86,4.97,,3867100.0
2011-06-02,5.03,5.05,4.63,4.7,,1270750.0
2011-06-03,4.66,4.79,4.62,4.69,,1697200.0
2011-06-06,4.8,4.85,4.66,4.74,,2130600.0
2011-06-07,4.79,4.85,4.67,4.84,,1994500.0
2011-06-08,4.84,4.88,4.75,4.79,,1629600.0
2011-06-09,4.8,4.85,4.72,4.76,,887300.0
2011-06-10,4.76,4.78,4.51,4.53,,1593500.0
2011-06-13,4.53,4.66,4.5,4.55,,1214000.0
2011-06-14,4.59,4.69,4.54,4.58,,1201300.0
2011-06-15,4.54,4.58,4.46,4.46,,1015100.0
2011-06-16,4.45,4.67,4.45,4.63,,1875800.0
2011-06-17,4.67,4.71,4.52,4.53,,1782000.0
2011-06-20,4.53,4.57,4.45,4.54,,1208800.0
2011-06-21,4.57,5.0,4.55,4.93,,2832400.0
2011-06-22,4.9,5.07,4.79,4.93,,2398600.0
2011-06-23,4.84,5.04,4.76,5.02,,2067600.0
2011-06-24,5.04,5.25,4.98,5.17,,13152600.0
2011-06-27,5.19,5.27,5.13,5.2,,2754400.0
2011-06-28,5.21,5.35,5.19,5.34,,2905900.0
2011-06-29,5.38,5.44,5.29,5.38,,1968600.0
2011-06-30,5.38,5.47,5.34,5.46,,2207400.0
2011-07-01,5.43,5.53,5.43,5.52,,1169700.0
2011-07-05,5.56,5.63,5.54,5.58,,1888400.0
2011-07-06,5.58,5.64,5.51,5.63,,1660400.0
2011-07-07,5.7,5.71,5.45,5.52,,2258300.0
2011-07-08,5.38,5.64,5.3,5.61,,1977600.0
2011-07-11,5.52,5.57,5.42,5.47,,1131500.0
2011-07-12,5.46,5.46,5.28,5.37,,1614400.0
2011-07-13,5.41,5.59,5.41,5.5,,1558500.0
2011-07-14,5.53,5.56,5.3,5.4,,1391000.0
2011-07-15,5.44,5.49,5.34,5.37,,1234800.0
2011-07-18,5.36,5.47,5.27,5.31,,1799500.0
2011-07-19,5.31,5.47,5.31,5.36,,4434500.0
2011-07-20,4.47,4.48,3.97,4.32,,19916300.0
2011-07-21,4.32,4.4,4.13,4.14,,5595000.0
2011-07-22,4.17,4.29,4.16,4.22,,3911200.0
2011-07-25,4.14,4.26,4.09,4.12,,3399200.0
2011-07-26,4.1,4.16,4.0,4.14,,3086000.0
2011-07-27,4.08,4.08,3.94,3.96,,2988400.0
2011-07-28,3.96,4.07,3.89,3.96,,3002100.0
2011-07-29,3.92,4.15,3.78,4.06,,3726200.0
2011-08-01,4.12,4.16,3.98,4.05,,2226600.0
2011-08-02,4.01,4.24,4.0,4.03,,2404200.0
2011-08-03,4.05,4.22,4.01,4.22,,3957600.0
2011-08-04,4.16,4.29,4.11,4.16,,4139500.0
2011-08-05,4.19,4.23,3.79,3.92,,4396800.0
2011-08-08,3.7,3.88,3.52,3.6,,4779000.0
2011-08-09,3.66,3.84,3.57,3.84,,3905600.0
2011-08-10,3.76,3.78,3.61,3.63,,2417900.0
2011-08-11,3.67,3.94,3.66,3.89,,2841300.0
2011-08-12,3.92,3.99,3.78,3.94,,1913800.0
2011-08-15,4.1,4.19,4.06,4.12,,1652000.0
2011-08-16,4.08,4.12,4.01,4.06,,1504400.0
2011-08-17,4.13,4.36,4.1,4.17,,3129600.0
2011-08-18,4.03,4.03,3.7,3.74,,1809600.0
2011-08-19,3.7,3.8,3.47,3.51,,2041400.0
2011-08-22,3.57,3.65,3.39,3.45,,2359700.0
2011-08-23,3.49,3.71,3.42,3.7,,1539100.0
2011-08-24,3.71,3.74,3.52,3.57,,2203000.0
2011-08-25,3.64,3.64,3.45,3.5,,1310600.0
2011-08-26,3.48,3.72,3.45,3.72,,1050900.0
2011-08-29,3.78,3.85,3.75,3.81,,1933000.0
2011-08-30,3.78,3.86,3.76,3.76,,1900900.0
2011-08-31,3.79,3.89,3.79,3.83,,2516000.0
2011-09-01,3.82,3.92,3.8,3.81,,1275400.0
2011-09-02,3.75,3.8,3.65,3.68,,1531900.0
2011-09-06,3.55,3.65,3.48,3.64,,2503200.0
2011-09-07,3.7,3.8,3.59,3.77,,2443000.0
2011-09-08,3.76,3.77,3.62,3.69,,2215200.0
2011-09-09,3.64,3.67,3.5,3.53,,2079100.0
2011-09-12,3.45,3.54,3.38,3.49,,2648700.0
2011-09-13,3.5,3.52,3.43,3.5,,1928000.0
2011-09-14,3.51,3.8,3.5,3.72,,3047200.0
2011-09-15,3.76,3.8,3.68,3.78,,1668600.0
2011-09-16,3.78,3.8,3.62,3.63,,2897800.0
2011-09-19,3.57,3.72,3.54,3.68,,2744700.0
2011-09-20,3.71,3.74,3.48,3.48,,1978200.0
2011-09-21,3.5,3.63,3.5,3.5,,1971700.0
2011-09-22,3.39,3.49,3.19,3.32,,2759400.0
2011-09-23,3.29,3.34,3.16,3.25,,3880000.0
2011-09-26,3.27,3.52,3.25,3.51,,3011600.0
2011-09-27,3.55,3.6,3.45,3.47,,1545800.0
2011-09-28,3.48,3.51,3.38,3.39,,1545800.0
2011-09-29,3.46,3.5,3.22,3.36,,1856900.0
2011-09-30,3.32,3.47,3.27,3.36,,3038500.0
2011-10-03,3.32,3.42,3.28,3.31,,2425400.0
2011-10-04,3.25,3.38,3.16,3.33,,2392900.0
2011-10-05,3.32,3.45,3.24,3.41,,1962900.0
2011-10-06,3.41,3.6,3.35,3.57,,2288300.0
2011-10-07,3.58,3.66,3.51,3.59,,1926600.0
2011-10-10,3.62,3.73,3.62,3.71,,1637300.0
2011-10-11,3.63,3.69,3.6,3.65,,2350600.0
2011-10-12,3.68,3.71,3.53,3.54,,2138300.0
2011-10-13,3.5,3.72,3.5,3.71,,2663100.0
2011-10-14,3.76,3.99,3.72,3.96,,2593800.0
2011-10-17,3.96,3.96,3.8,3.85,,1577300.0
2011-10-18,3.87,3.96,3.78,3.93,,1276000.0
2011-10-19,3.93,3.94,3.66,3.7,,2225400.0
2011-10-20,3.72,3.75,3.52,3.64,,2908000.0
2011-10-21,3.7,3.71,3.51,3.53,,2537400.0
2011-10-24,3.62,3.87,3.55,3.82,,4957500.0
2011-10-25,4.04,4.3,3.98,4.29,,10018700.0
2011-10-26,4.12,4.22,4.05,4.16,,6991900.0
2011-10-27,4.26,4.38,4.25,4.35,,4297300.0
2011-10-28,4.34,4.67,4.31,4.61,,3230000.0
2011-10-31,4.58,4.66,4.46,4.61,,3189800.0
2011-11-01,4.38,4.54,4.37,4.51,,2758700.0
2011-11-02,4.55,4.6,4.48,4.59,,2360000.0
2011-11-03,4.75,5.07,4.7,5.0,,5080000.0
2011-11-04,4.92,5.0,4.86,4.94,,2386800.0
2011-11-07,4.93,4.96,4.67,4.79,,2858800.0
2011-11-08,4.81,4.87,4.76,4.84,,1734300.0
2011-11-09,4.75,4.8,4.65,4.65,,1811300.0
2011-11-10,4.73,5.09,4.69,4.99,,3847100.0
2011-11-11,5.02,5.05,4.9,4.91,,1160200.0
2011-11-14,4.95,5.02,4.86,4.9,,1167200.0
2011-11-15,4.98,5.2,4.95,5.15,,2281700.0
2011-11-16,5.12,5.24,5.08,5.11,,1540200.0
2011-11-17,5.11,5.13,4.83,4.9,,2080900.0
2011-11-18,4.94,4.96,4.82,4.86,,1008100.0
2011-11-21,4.79,4.8,4.55,4.74,,1646400.0
2011-11-22,4.7,4.75,4.63,4.72,,1156300.0
2011-11-23,4.65,4.69,4.51,4.56,,1152900.0
2011-11-25,4.53,4.62,4.53,4.56,,307500.0
2011-11-28,4.69,4.84,4.67,4.71,,1318800.0
2011-11-29,4.66,4.73,4.56,4.63,,1072400.0
2011-11-30,4.77,4.84,4.74,4.8,,1297100.0
2011-12-01,4.76,4.84,4.69,4.8,,1477100.0
2011-12-02,4.86,4.98,4.83,4.88,,853500.0
2011-12-05,4.95,5.32,4.92,5.12,,2876700.0
2011-12-06,4.97,5.04,4.88,4.91,,2563100.0
2011-12-07,4.89,4.9,4.66,4.73,,2324900.0
2011-12-08,4.69,4.8,4.66,4.69,,2159800.0
2011-12-09,4.82,4.97,4.7,4.91,,2544100.0
2011-12-12,4.8,4.9,4.72,4.79,,1327200.0
2011-12-13,4.83,4.84,4.64,4.66,,1211200.0
2011-12-14,4.61,4.66,4.41,4.43,,1965400.0
2011-12-15,4.47,4.54,4.36,4.37,,1423300.0
2011-12-16,4.38,4.54,4.36,4.43,,1772900.0
2011-12-19,4.44,4.45,4.3,4.32,,1232900.0
2011-12-20,4.41,4.41,4.19,4.27,,3011800.0
2011-12-21,4.24,4.24,3.63,4.01,,8096200.0
2011-12-22,4.01,4.14,4.01,4.12,,1695000.0
2011-12-23,4.14,4.21,4.14,4.17,,1083000.0
2011-12-27,4.15,4.24,4.11,4.23,,893800.0
2011-12-28,4.24,4.32,4.2,4.27,,1759600.0
2011-12-29,4.27,4.39,4.26,4.33,,1207700.0
2011-12-30,4.35,4.37,4.31,4.36,,1041100.0
2012-01-03,4.44,4.45,4.14,4.15,,3134100.0
2012-01-04,4.11,4.12,3.94,4.02,,3426200.0
2012-01-05,4.03,4.08,4.0,4.04,,2670200.0
2012-01-06,4.03,4.12,3.97,4.08,,2282600.0
2012-01-09,4.09,4.1,3.94,4.03,,1450400.0
2012-01-10,4.1,4.1,3.92,3.98,,2863800.0
2012-01-11,4.04,4.26,4.03,4.12,,3411700.0
2012-01-12,4.25,4.27,4.15,4.21,,2651100.0
2012-01-13,4.16,4.25,4.11,4.18,,1986600.0
2012-01-17,4.23,4.42,4.16,4.32,,3420700.0
2012-01-18,4.37,4.46,4.32,4.41,,2192400.0
2012-01-19,4.55,4.59,4.47,4.5,,2698200.0
2012-01-20,4.51,4.64,4.45,4.55,,2298500.0
2012-01-23,4.52,4.6,4.39,4.47,,2125800.0
2012-01-24,4.47,4.59,4.44,4.46,,2495900.0
2012-01-25,4.46,4.61,4.39,4.59,,1539800.0
2012-01-26,4.62,4.63,4.53,4.57,,1393300.0
2012-01-27,4.52,4.63,4.51,4.56,,1161600.0
2012-01-30,4.51,4.55,4.46,4.5,,2182100.0
2012-01-31,4.53,4.63,4.42,4.56,,3796800.0
2012-02-01,5.02,5.15,4.91,5.01,,14608300.0
2012-02-02,4.99,5.2,4.98,5.11,,3667500.0
2012-02-03,5.13,5.19,5.07,5.08,,1962000.0
2012-02-06,5.08,5.08,4.97,5.03,,2607200.0
2012-02-07,4.91,5.02,4.91,4.97,,2790800.0
2012-02-08,4.97,5.07,4.97,5.05,,1571800.0
2012-02-09,5.1,5.28,5.1,5.24,,2845500.0
2012-02-10,5.16,5.19,5.05,5.12,,1335300.0
2012-02-13,5.25,5.29,5.15,5.28,,2262000.0
2012-02-14,5.28,5.34,5.24,5.34,,2368300.0
2012-02-15,5.36,5.36,5.14,5.16,,2208900.0
2012-02-16,5.15,5.27,5.14,5.26,,1423200.0
2012-02-17,5.28,5.28,5.12,5.19,,1165300.0
2012-02-21,5.19,5.32,5.19,5.24,,1715300.0
2012-02-22,5.3,5.33,5.22,5.23,,1223900.0
2012-02-23,5.2,5.31,5.18,5.25,,1261900.0
2012-02-24,5.3,5.42,5.28,5.4,,1987700.0
2012-02-27,5.36,5.43,5.35,5.38,,1149600.0
2012-02-28,5.42,5.53,5.37,5.48,,2247800.0
2012-02-29,5.47,5.49,5.36,5.41,,1505700.0
2012-03-01,5.42,5.58,5.37,5.57,,1553100.0
2012-03-02,5.55,5.58,5.44,5.51,,1748500.0
2012-03-05,5.36,5.42,5.15,5.25,,2751700.0
2012-03-06,5.15,5.23,5.11,5.13,,1777800.0
2012-03-07,5.16,5.32,5.15,5.21,,1802800.0
2012-03-08,5.27,5.33,5.24,5.26,,1327900.0
2012-03-09,5.27,5.37,5.26,5.32,,1209200.0
2012-03-12,5.32,5.45,5.28,5.45,,3841100.0
2012-03-13,5.46,5.56,5.37,5.56,,2820000.0
2012-03-14,5.53,5.57,5.38,5.43,,1694000.0
2012-03-15,5.46,5.58,5.38,5.49,,1495500.0
2012-03-16,5.46,5.48,5.41,5.42,,866400.0
2012-03-19,5.44,5.56,5.37,5.49,,1126100.0
2012-03-20,5.45,5.48,5.33,5.44,,1539400.0
2012-03-21,5.48,5.51,5.41,5.43,,1520300.0
2012-03-22,5.4,5.4,5.31,5.32,,1126100.0
2012-03-23,5.34,5.41,5.27,5.41,,1036900.0
2012-03-26,5.44,5.54,5.43,5.53,,1118800.0
2012-03-27,5.42,5.57,5.41,5.42,,1767000.0
2012-03-28,5.42,5.45,5.25,5.33,,1480000.0
2012-03-29,5.32,5.49,5.26,5.46,,1832900.0
2012-03-30,5.5,5.62,5.43,5.53,,2077400.0
2012-04-02,5.5,5.76,5.41,5.68,,3079900.0
2012-04-03,5.68,5.74,5.61,5.68,,1961300.0
2012-04-04,5.62,5.67,5.53,5.64,,2185000.0
2012-04-05,5.6,5.7,5.54,5.69,,1473200.0
2012-04-09,5.6,5.62,5.52,5.58,,1991800.0
2012-04-10,5.56,5.6,5.38,5.45,,1745800.0
2012-04-11,5.49,5.6,5.42,5.46,,1552800.0
2012-04-12,5.5,5.56,5.46,5.56,,861400.0
2012-04-13,5.52,5.61,5.47,5.5,,1305800.0
2012-04-16,5.55,5.57,5.36,5.41,,859900.0
2012-04-17,5.45,5.54,5.39,5.51,,1026600.0
2012-04-18,5.5,5.56,5.45,5.53,,699500.0
2012-04-19,5.55,5.61,5.44,5.5,,867800.0
2012-04-20,5.5,5.54,5.42,5.42,,1079200.0
2012-04-23,5.3,5.3,5.14,5.28,,2934900.0
2012-04-24,5.4,5.44,5.1,5.15,,5150700.0
2012-04-25,5.47,5.5,5.24,5.29,,4936500.0
2012-04-26,5.3,5.32,5.15,5.2,,2942100.0
2012-04-27,5.21,5.27,5.1,5.24,,1988600.0
2012-04-30,5.24,5.24,5.13,5.22,,1650600.0
2012-05-01,5.23,5.4,5.19,5.28,,2825600.0
2012-05-02,5.22,5.34,5.2,5.27,,1609900.0
2012-05-03,5.26,5.28,5.1,5.21,,1829800.0
2012-05-04,5.17,5.17,4.98,5.06,,2047300.0
2012-05-07,5.03,5.09,4.98,5.04,,1748500.0
2012-05-08,5.03,5.07,4.82,4.98,,3338200.0
2012-05-09,4.9,4.99,4.85,4.94,,1761000.0
2012-05-10,4.95,4.99,4.71,4.79,,3668300.0
2012-05-11,4.74,4.87,4.73,4.84,,2566400.0
2012-05-14,4.75,4.84,4.71,4.75,,1614900.0
2012-05-15,4.76,4.86,4.76,4.8,,2078800.0
2012-05-16,4.86,4.9,4.81,4.85,,1934500.0
2012-05-17,4.83,4.85,4.65,4.66,,2141000.0
2012-05-18,4.66,4.71,4.46,4.49,,2600000.0
2012-05-21,4.49,4.62,4.33,4.61,,2837800.0
2012-05-22,4.61,4.72,4.57,4.65,,2048400.0
2012-05-23,4.6,4.65,4.46,4.63,,1675300.0
2012-05-24,4.64,4.65,4.25,4.29,,4661200.0
2012-05-25,4.27,4.4,4.21,4.37,,2892800.0
2012-05-29,4.44,4.51,4.29,4.36,,1973900.0
2012-05-30,4.31,4.37,4.24,4.31,,1796400.0
2012-05-31,4.33,4.33,4.17,4.25,,4647200.0
2012-06-01,4.16,4.16,4.07,4.08,,2161200.0
2012-06-04,4.1,4.13,3.99,4.1,,2161100.0
2012-06-05,4.06,4.17,4.06,4.15,,2638300.0
2012-06-06,4.21,4.37,4.19,4.33,,2683300.0
2012-06-07,4.39,4.4,4.28,4.32,,2345800.0
2012-06-08,4.3,4.39,4.27,4.37,,1265200.0
2012-06-11,4.39,4.44,4.18,4.19,,1099600.0
2012-06-12,4.21,4.23,4.06,4.18,,3672000.0
2012-06-13,4.35,4.36,4.22,4.24,,2149000.0
2012-06-14,4.21,4.26,4.15,4.24,,1632700.0
2012-06-15,4.23,4.43,4.21,4.43,,2340300.0
2012-06-18,4.39,4.46,4.31,4.44,,1655800.0
2012-06-19,4.46,4.65,4.44,4.49,,2664500.0
2012-06-20,4.5,4.57,4.46,4.53,,1029400.0
2012-06-21,4.51,4.55,4.37,4.39,,1431000.0
2012-06-22,4.4,4.52,4.39,4.51,,1924100.0
2012-06-25,4.43,4.49,4.36,4.38,,890300.0
2012-06-26,4.39,4.46,4.37,4.4,,912300.0
2012-06-27,4.42,4.56,4.4,4.54,,1214500.0
2012-06-28,4.47,4.52,4.33,4.4,,1371600.0
2012-06-29,4.47,4.66,4.47,4.64,,1969400.0
2012-07-02,4.68,4.74,4.6,4.72,,1267300.0
2012-07-03,4.73,4.85,4.68,4.84,,689600.0
2012-07-05,4.82,4.87,4.8,4.83,,1250800.0
2012-07-06,4.76,4.76,4.34,4.36,,3101100.0
2012-07-09,4.36,4.41,4.23,4.24,,2194800.0
2012-07-10,4.29,4.37,4.19,4.25,,2761400.0
2012-07-11,4.15,4.24,4.13,4.21,,2492000.0
2012-07-12,4.15,4.25,4.07,4.19,,2080300.0
2012-07-13,4.18,4.34,4.17,4.31,,1190200.0
2012-07-16,4.3,4.33,4.23,4.26,,1188900.0
2012-07-17,4.29,4.34,4.2,4.25,,1645600.0
2012-07-18,4.3,4.72,4.28,4.7,,4024200.0
2012-07-19,4.72,4.84,4.69,4.81,,3271400.0
2012-07-20,4.82,4.85,4.64,4.69,,1312800.0
2012-07-23,4.61,4.62,4.47,4.56,,1720900.0
2012-07-24,4.55,4.61,4.39,4.45,,1560900.0
2012-07-25,4.52,4.56,4.43,4.48,,2842600.0
2012-07-26,5.0,5.35,4.9,5.01,,6332200.0
2012-07-27,5.04,5.15,4.99,5.09,,2401400.0
2012-07-30,5.06,5.08,4.87,4.92,,3101100.0
2012-07-31,4.93,4.98,4.79,4.8,,2690600.0
2012-08-01,4.83,4.9,4.66,4.68,,3304800.0
2012-08-02,4.65,4.79,4.6,4.69,,2443400.0
2012-08-03,4.8,4.88,4.71,4.85,,1806100.0
2012-08-06,4.85,4.96,4.84,4.91,,1299500.0
2012-08-07,4.93,5.07,4.9,5.03,,1869300.0
2012-08-08,4.99,5.05,4.95,4.98,,1285800.0
2012-08-09,4.99,5.01,4.93,4.94,,574500.0
2012-08-10,4.91,4.96,4.88,4.96,,888800.0
2012-08-13,4.95,4.95,4.86,4.88,,672200.0
2012-08-14,4.9,4.93,4.75,4.77,,1369800.0
2012-08-15,4.83,4.92,4.8,4.88,,1603100.0
2012-08-16,4.91,5.02,4.9,4.98,,1553600.0
2012-08-17,5.0,5.11,4.99,5.07,,1846600.0
2012-08-20,5.07,5.08,4.97,5.04,,1398800.0
2012-08-21,5.06,5.1,5.03,5.07,,2059000.0
2012-08-22,5.1,5.18,5.07,5.15,,1767300.0
2012-08-23,5.15,5.18,5.08,5.14,,1351200.0
2012-08-24,5.12,5.16,5.08,5.12,,999600.0
2012-08-27,5.13,5.27,5.09,5.26,,2027600.0
2012-08-28,5.23,5.3,5.18,5.28,,2211800.0
2012-08-29,5.31,5.33,5.27,5.3,,1335800.0
2012-08-30,5.3,5.3,5.19,5.21,,1373900.0
2012-08-31,5.26,5.32,5.21,5.3,,1595000.0
2012-09-04,5.31,5.36,5.25,5.32,,1719000.0
2012-09-05,5.33,5.4,5.3,5.31,,1883400.0
2012-09-06,5.33,5.56,5.31,5.48,,2460200.0
2012-09-07,5.47,5.54,5.46,5.48,,1040100.0
2012-09-10,5.48,5.49,5.42,5.46,,1181900.0
2012-09-11,5.46,5.48,5.39,5.44,,1341200.0
2012-09-12,5.52,5.53,5.46,5.5,,1243300.0
2012-09-13,5.49,5.55,5.43,5.52,,2005200.0
2012-09-14,5.56,5.65,5.52,5.54,,2709800.0
2012-09-17,5.57,5.59,5.46,5.47,,1001500.0
2012-09-18,5.47,5.49,5.43,5.46,,1021700.0
2012-09-19,5.45,5.55,5.43,5.51,,901700.0
2012-09-20,5.47,5.5,5.41,5.48,,739400.0
2012-09-21,5.48,5.54,5.37,5.4,,1991500.0
2012-09-24,5.38,5.39,5.16,5.22,,2495200.0
2012-09-25,5.25,5.28,5.16,5.17,,1459100.0
2012-09-26,4.8,5.03,4.76,5.0,,10099500.0
2012-09-27,5.02,5.16,4.9,4.94,,4583100.0
2012-09-28,4.93,4.96,4.78,4.82,,4962000.0
2012-10-01,4.8,4.85,4.63,4.68,,4631400.0
2012-10-02,4.7,4.74,4.62,4.65,,3114100.0
2012-10-03,4.71,4.71,4.62,4.68,,2348200.0
2012-10-04,4.67,4.8,4.55,4.79,,2802800.0
2012-10-05,4.79,4.91,4.77,4.82,,3705300.0
2012-10-08,4.79,4.86,4.73,4.76,,1558600.0
2012-10-09,4.8,4.87,4.7,4.74,,2847500.0
2012-10-10,4.73,4.78,4.68,4.73,,1559800.0
2012-10-11,4.75,4.83,4.7,4.78,,1890200.0
2012-10-12,4.79,4.88,4.75,4.85,,1654700.0
2012-10-15,4.86,4.96,4.8,4.95,,3011200.0
2012-10-16,4.95,5.02,4.87,4.96,,5515700.0
2012-10-17,4.13,4.16,3.9,4.03,,20841100.0
2012-10-18,4.0,4.01,3.85,3.91,,10062100.0
2012-10-19,3.94,3.96,3.84,3.94,,4945800.0
2012-10-22,3.92,3.98,3.86,3.89,,3625900.0
2012-10-23,3.83,3.93,3.8,3.91,,2804300.0
2012-10-24,3.93,3.94,3.82,3.85,,3652500.0
2012-10-25,3.89,3.92,3.84,3.87,,2445800.0
2012-10-26,3.88,3.94,3.84,3.91,,2235100.0
2012-10-31,3.9,3.96,3.83,3.87,,2922400.0
2012-11-01,3.9,4.09,3.87,4.05,,3389400.0
2012-11-02,4.07,4.08,3.99,4.0,,2006600.0
2012-11-05,3.98,4.0,3.88,3.93,,2655000.0
2012-11-06,3.98,3.99,3.93,3.95,,1903100.0
2012-11-07,3.92,3.93,3.81,3.83,,3336400.0
2012-11-08,3.82,3.85,3.77,3.78,,1728200.0
2012-11-09,3.77,3.92,3.74,3.8,,2088600.0
2012-11-12,3.81,3.82,3.64,3.67,,3378000.0
2012-11-13,3.66,3.68,3.52,3.56,,6121800.0
2012-11-14,3.63,3.71,3.59,3.61,,4380200.0
2012-11-15,3.63,3.64,3.51,3.56,,2474400.0
2012-11-16,3.58,3.68,3.57,3.66,,3861200.0
2012-11-19,3.72,3.74,3.65,3.72,,2321300.0
2012-11-20,3.72,3.75,3.64,3.65,,1971600.0
2012-11-21,3.67,3.86,3.65,3.74,,1924100.0
2012-11-23,3.74,3.82,3.74,3.81,,795400.0
2012-11-26,3.8,3.88,3.76,3.85,,1741700.0
2012-11-27,3.92,3.92,3.83,3.84,,2160500.0
2012-11-28,3.9,3.92,3.82,3.9,,2235000.0
2012-11-29,3.94,4.03,3.92,3.97,,2402100.0
2012-11-30,3.99,4.01,3.93,4.0,,2035300.0
2012-12-03,4.0,4.02,3.92,3.94,,1249000.0
2012-12-04,3.95,4.0,3.91,3.99,,1437800.0
2012-12-05,3.98,3.98,3.74,3.76,,3838400.0
2012-12-06,3.75,3.83,3.71,3.82,,2586400.0
2012-12-07,3.82,3.95,3.82,3.94,,3547100.0
2012-12-10,3.93,4.05,3.91,4.02,,1974400.0
2012-12-11,4.02,4.08,3.99,4.05,,1516400.0
2012-12-12,4.07,4.14,4.02,4.04,,2125800.0
2012-12-13,4.04,4.13,4.03,4.11,,2484000.0
2012-12-14,4.18,4.21,4.13,4.2,,3336300.0
2012-12-17,4.22,4.28,4.2,4.23,,2292900.0
2012-12-18,4.25,4.3,4.24,4.27,,1545300.0
2012-12-19,4.31,4.38,4.26,4.27,,1727400.0
2012-12-20,4.27,4.28,4.21,4.26,,1847500.0
2012-12-21,4.2,4.24,4.12,4.23,,1361600.0
2012-12-24,4.21,4.23,4.16,4.22,,522300.0
2012-12-26,4.21,4.25,4.15,4.16,,853300.0
2012-12-27,4.16,4.18,4.1,4.16,,1943100.0
2012-12-28,4.14,4.24,4.12,4.19,,1022700.0
2012-12-31,4.18,4.23,4.16,4.2,,1882300.0
2013-01-02,4.26,4.38,4.21,4.24,,2112400.0
2013-01-03,4.22,4.24,3.84,3.87,,7380700.0
2013-01-04,3.86,3.89,3.79,3.86,,4203100.0
2013-01-07,3.86,3.91,3.8,3.81,,2254500.0
2013-01-08,3.83,3.89,3.76,3.82,,2407300.0
2013-01-09,3.89,3.95,3.81,3.84,,2645700.0
2013-01-10,3.87,3.92,3.85,3.92,,2287500.0
2013-01-11,3.94,3.94,3.85,3.87,,2093300.0
2013-01-14,3.82,3.96,3.82,3.89,,2378500.0
2013-01-15,3.87,4.04,3.85,4.02,,2814200.0
2013-01-16,4.02,4.11,3.97,3.98,,2497900.0
2013-01-17,4.01,4.06,3.93,3.96,,1773200.0
2013-01-18,3.95,3.97,3.9,3.95,,1318000.0
2013-01-22,3.86,3.93,3.85,3.86,,3607200.0
2013-01-23,3.87,3.96,3.85,3.94,,2808000.0
2013-01-24,3.94,4.07,3.89,3.99,,1899300.0
2013-01-25,4.0,4.19,3.98,4.17,,2926700.0
2013-01-28,4.16,4.23,4.16,4.21,,2332400.0
2013-01-29,4.04,4.09,3.89,3.94,,4720300.0
2013-01-30,3.96,3.96,3.81,3.87,,5935200.0
2013-01-31,4.66,4.85,4.52,4.72,,14834800.0
2013-02-01,4.73,4.78,4.7,4.72,,2961200.0
2013-02-04,4.71,4.72,4.57,4.58,,2441300.0
2013-02-05,4.58,4.66,4.5,4.6,,2621300.0
2013-02-06,4.57,4.72,4.56,4.68,,3019200.0
2013-02-07,4.64,4.69,4.56,4.62,,2072200.0
2013-02-08,4.61,4.72,4.61,4.69,,1239600.0
2013-02-11,4.68,4.7,4.61,4.62,,1442500.0
2013-02-12,4.63,4.84,4.62,4.77,,3792500.0
2013-02-13,4.79,4.8,4.63,4.66,,2137000.0
2013-02-14,4.65,4.8,4.65,4.68,,1761400.0
2013-02-15,4.7,4.76,4.62,4.7,,1809300.0
2013-02-19,4.68,4.75,4.64,4.71,,1872700.0
2013-02-20,4.7,4.77,4.7,4.72,,2582400.0
2013-02-21,4.7,4.7,4.6,4.63,,1864900.0
2013-02-22,4.72,4.83,4.68,4.8,,3885400.0
2013-02-25,4.88,4.91,4.74,4.75,,3407500.0
2013-02-26,4.78,5.07,4.75,4.94,,6246200.0
2013-02-27,4.93,5.01,4.85,4.96,,2387800.0
2013-02-28,4.95,5.03,4.82,4.83,,3550100.0
2013-03-01,4.82,4.87,4.77,4.83,,2728700.0
2013-03-04,4.82,4.87,4.8,4.83,,1178300.0
2013-03-05,4.84,4.92,4.81,4.91,,1768600.0
2013-03-06,4.91,4.96,4.82,4.86,,1809200.0
2013-03-07,4.87,4.89,4.77,4.79,,2816700.0
2013-03-08,4.83,4.9,4.78,4.87,,937900.0
2013-03-11,4.86,4.89,4.82,4.86,,691100.0
2013-03-12,4.84,4.89,4.8,4.89,,1220600.0
2013-03-13,4.89,4.97,4.84,4.93,,1541400.0
2013-03-14,4.92,5.04,4.78,5.0,,2179600.0
2013-03-15,4.98,5.0,4.89,4.96,,1681500.0
2013-03-18,4.9,4.9,4.81,4.84,,1783000.0
2013-03-19,4.86,4.86,4.63,4.67,,3893500.0
2013-03-20,4.77,4.81,4.68,4.73,,1811900.0
2013-03-21,4.68,4.7,4.61,4.66,,1498100.0
2013-03-22,4.67,4.68,4.52,4.61,,2098600.0
2013-03-25,4.61,4.65,4.54,4.59,,1781400.0
2013-03-26,4.62,4.66,4.56,4.6,,1503400.0
2013-03-27,4.57,4.66,4.55,4.65,,1289700.0
2013-03-28,4.63,4.75,4.57,4.74,,1883200.0
2013-04-01,4.7,4.71,4.53,4.6,,1687000.0
2013-04-02,4.62,4.64,4.57,4.59,,1246600.0
2013-04-03,4.6,4.61,4.38,4.44,,2864300.0
2013-04-04,4.45,4.49,4.37,4.46,,1611800.0
2013-04-05,4.36,4.43,4.05,4.39,,2672500.0
2013-04-08,4.41,4.46,4.31,4.35,,2249000.0
2013-04-09,4.36,4.46,4.34,4.42,,1389400.0
2013-04-10,4.47,4.53,4.36,4.37,,4725600.0
2013-04-11,3.51,3.83,3.51,3.8,,25063600.0
2013-04-12,3.78,3.79,3.69,3.75,,3555600.0
2013-04-15,3.73,3.74,3.59,3.61,,4817200.0
2013-04-16,3.6,3.69,3.58,3.63,,3870000.0
2013-04-17,3.63,3.77,3.59,3.61,,4539600.0
2013-04-18,3.61,3.64,3.53,3.54,,2742700.0
2013-04-19,3.55,3.59,3.46,3.51,,2517000.0
2013-04-22,3.52,3.58,3.48,3.56,,1673900.0
2013-04-23,3.58,3.61,3.53,3.56,,3142900.0
2013-04-24,3.54,3.6,3.48,3.51,,2515600.0
2013-04-25,3.53,3.57,3.51,3.52,,2297600.0
2013-04-26,3.5,3.51,3.45,3.47,,2007100.0
2013-04-29,3.5,3.59,3.48,3.57,,2122300.0
2013-04-30,3.54,3.62,3.48,3.59,,4158500.0
2013-05-01,3.62,3.79,3.55,3.57,,8011200.0
2013-05-02,3.59,3.65,3.55,3.61,,2779100.0
2013-05-03,3.62,3.67,3.6,3.62,,1482900.0
2013-05-06,3.61,3.68,3.61,3.64,,1538100.0
2013-05-07,3.64,3.68,3.59,3.62,,1887100.0
2013-05-08,3.62,3.65,3.56,3.64,,2444500.0
2013-05-09,3.63,3.69,3.61,3.62,,1852900.0
2013-05-10,3.64,3.78,3.63,3.75,,1933700.0
2013-05-13,3.73,3.74,3.61,3.62,,1679300.0
2013-05-14,3.62,3.68,3.61,3.65,,1525300.0
2013-05-15,3.64,3.65,3.61,3.64,,2766800.0
2013-05-16,3.65,3.75,3.65,3.7,,3080100.0
2013-05-17,3.73,3.82,3.69,3.79,,3214200.0
2013-05-20,3.81,3.88,3.8,3.85,,2297600.0
2013-05-21,3.87,3.91,3.82,3.84,,1966400.0
2013-05-22,3.84,3.86,3.7,3.74,,2809500.0
2013-05-23,3.7,3.73,3.66,3.68,,2143000.0
2013-05-24,3.67,3.7,3.61,3.66,,1945600.0
2013-05-28,3.7,3.75,3.7,3.72,,1646100.0
2013-05-29,3.71,3.8,3.66,3.79,,1658800.0
2013-05-30,3.77,3.87,3.77,3.86,,1553000.0
2013-05-31,3.81,3.9,3.78,3.85,,2435800.0
2013-06-03,3.86,3.86,3.65,3.7,,2741200.0
2013-06-04,3.68,3.7,3.62,3.64,,1424200.0
2013-06-05,3.66,3.66,3.58,3.61,,2289200.0
2013-06-06,3.64,3.69,3.6,3.69,,1408600.0
2013-06-07,3.7,3.74,3.67,3.73,,1392900.0
2013-06-10,3.76,3.76,3.7,3.73,,1385400.0
2013-06-11,3.69,3.72,3.64,3.66,,1198100.0
2013-06-12,3.68,3.71,3.6,3.63,,1571200.0
2013-06-13,3.62,3.63,3.54,3.61,,2094700.0
2013-06-14,3.6,3.63,3.51,3.55,,2532800.0
2013-06-17,3.56,3.62,3.53,3.6,,2004400.0
2013-06-18,3.61,3.62,3.6,3.6,,1466400.0
2013-06-19,3.6,3.62,3.55,3.55,,2377200.0
2013-06-20,3.53,3.58,3.5,3.53,,1879100.0
2013-06-21,3.55,3.56,3.41,3.47,,2964000.0
2013-06-24,3.43,3.44,3.3,3.31,,2416800.0
2013-06-25,3.32,3.37,3.29,3.35,,3084700.0
2013-06-26,3.38,3.44,3.36,3.42,,985100.0
2013-06-27,3.44,3.51,3.43,3.46,,1998200.0
2013-06-28,3.46,3.53,3.31,3.5,,4474900.0
2013-07-01,3.5,3.56,3.45,3.46,,1391400.0
2013-07-02,3.45,3.52,3.41,3.47,,1862100.0
2013-07-03,3.5,3.72,3.5,3.6,,3248900.0
2013-07-05,3.62,3.65,3.57,3.65,,1389600.0
2013-07-08,3.66,3.69,3.64,3.67,,1262500.0
2013-07-09,3.68,3.74,3.63,3.74,,1619700.0
2013-07-10,3.86,3.96,3.83,3.93,,3519300.0
2013-07-11,3.96,4.01,3.95,3.98,,2692900.0
2013-07-12,3.99,4.06,3.96,4.01,,1115600.0
2013-07-15,4.0,4.02,3.97,4.0,,1569100.0
2013-07-16,4.0,4.04,3.99,3.99,,1005000.0
2013-07-17,4.0,4.09,4.0,4.08,,2683100.0
2013-07-18,4.1,4.16,4.07,4.09,,1155000.0
2013-07-19,4.06,4.1,4.03,4.09,,1189600.0
2013-07-22,4.12,4.14,4.08,4.09,,1498200.0
2013-07-23,4.4,4.42,4.21,4.29,,5345500.0
2013-07-24,4.33,4.36,4.23,4.27,,2221000.0
2013-07-25,4.28,4.3,4.17,4.2,,4155600.0
2013-07-26,4.17,4.21,4.14,4.15,,1951400.0
2013-07-29,4.1,4.11,4.05,4.07,,4570800.0
2013-07-30,4.11,4.16,4.03,4.03,,7675100.0
2013-07-31,4.26,4.34,4.19,4.25,,8218900.0
2013-08-01,4.3,4.32,4.23,4.27,,2676000.0
2013-08-02,4.27,4.31,4.22,4.27,,1685300.0
2013-08-05,4.27,4.27,4.22,4.22,,1277000.0
2013-08-06,4.2,4.21,4.14,4.18,,1163900.0
2013-08-07,4.17,4.18,4.09,4.13,,981800.0
2013-08-08,4.16,4.17,4.12,4.17,,810200.0
2013-08-09,4.16,4.19,4.12,4.14,,838400.0
2013-08-12,4.13,4.2,4.12,4.17,,729300.0
2013-08-13,4.17,4.23,4.13,4.22,,883000.0
2013-08-14,4.21,4.22,4.15,4.21,,1029100.0
2013-08-15,4.16,4.16,4.04,4.04,,2330800.0
2013-08-16,4.02,4.04,3.96,3.98,,1851900.0
2013-08-19,4.0,4.07,3.98,4.01,,1391200.0
2013-08-20,4.01,4.03,3.98,4.0,,761000.0
2013-08-21,4.0,4.06,3.99,4.04,,1477100.0
2013-08-22,4.05,4.11,4.04,4.07,,603100.0
2013-08-23,4.08,4.11,4.05,4.07,,552200.0
2013-08-26,4.08,4.11,4.03,4.04,,714800.0
2013-08-27,4.06,4.08,3.95,3.96,,1796300.0
2013-08-28,3.97,4.0,3.94,3.94,,978200.0
2013-08-29,3.95,4.06,3.95,4.01,,1008400.0
2013-08-30,4.02,4.05,3.94,3.96,,1118100.0
2013-09-03,4.01,4.02,3.89,3.95,,1590400.0
2013-09-04,3.97,4.01,3.9,3.96,,1626200.0
2013-09-05,3.96,4.0,3.93,3.96,,1126500.0
2013-09-06,3.98,4.04,3.95,4.01,,1245800.0
2013-09-09,4.04,4.11,4.01,4.07,,1360900.0
2013-09-10,4.14,4.18,4.07,4.12,,2421600.0
2013-09-11,4.1,4.14,4.07,4.11,,1263100.0
2013-09-12,4.1,4.17,4.09,4.12,,1482000.0
2013-09-13,4.15,4.2,4.11,4.12,,1822800.0
2013-09-16,4.17,4.17,4.07,4.1,,2129600.0
2013-09-17,4.1,4.18,4.09,4.16,,1222900.0
2013-09-18,4.16,4.2,4.12,4.19,,1480500.0
2013-09-19,4.19,4.25,4.15,4.22,,1443700.0
2013-09-20,4.22,4.29,4.19,4.25,,3459900.0
2013-09-23,4.25,4.26,4.12,4.16,,1895400.0
2013-09-24,4.14,4.15,4.04,4.08,,1312600.0
2013-09-25,4.08,4.11,4.06,4.08,,1154000.0
2013-09-26,4.08,4.13,4.07,4.12,,1072500.0
2013-09-27,4.1,4.13,4.06,4.08,,1210700.0
2013-09-30,4.03,4.07,3.98,4.05,,1466400.0
2013-10-01,4.06,4.21,4.06,4.17,,3303200.0
2013-10-02,4.16,4.22,4.13,4.21,,2286500.0
2013-10-03,4.2,4.23,4.11,4.11,,1429500.0
2013-10-04,4.24,4.39,4.19,4.34,,4918200.0
2013-10-07,4.31,4.44,4.28,4.4,,3294300.0
2013-10-08,4.4,4.42,4.23,4.27,,2724700.0
2013-10-09,4.27,4.27,4.14,4.16,,2511300.0
2013-10-10,4.17,4.24,4.15,4.23,,1954400.0
2013-10-11,4.21,4.3,4.19,4.24,,1648100.0
2013-10-14,4.2,4.27,4.18,4.26,,766400.0
2013-10-15,4.25,4.25,3.99,4.02,,3888800.0
2013-10-16,4.06,4.12,4.04,4.07,,1528800.0
2013-10-17,4.03,4.05,3.93,3.94,,2141700.0
2013-10-18,3.98,4.06,3.96,4.04,,2310400.0
2013-10-21,4.08,4.16,4.06,4.13,,2630200.0
2013-10-22,4.16,4.21,4.08,4.14,,1296500.0
2013-10-23,4.12,4.13,4.04,4.11,,2889100.0
2013-10-24,4.44,4.49,4.15,4.17,,4538000.0
2013-10-25,4.17,4.2,4.0,4.01,,2574300.0
2013-10-28,4.0,4.04,3.97,4.02,,2134100.0
2013-10-29,4.01,4.06,3.97,4.03,,1304700.0
2013-10-30,4.03,4.03,3.93,3.98,,2340100.0
2013-10-31,3.99,4.04,3.93,4.03,,1779900.0
2013-11-01,4.04,4.06,3.93,3.95,,1622300.0
2013-11-04,3.96,4.02,3.94,4.02,,952700.0
2013-11-05,3.99,4.01,3.95,4.0,,1050700.0
2013-11-06,4.03,4.05,3.97,3.99,,1294000.0
2013-11-07,4.0,4.03,3.87,3.88,,1523000.0
2013-11-08,3.89,3.91,3.84,3.89,,1256400.0
2013-11-11,3.91,3.97,3.88,3.95,,918900.0
2013-11-12,3.95,3.98,3.92,3.94,,717600.0
2013-11-13,3.92,4.0,3.91,4.0,,1075400.0
2013-11-14,3.98,4.01,3.89,3.98,,1458500.0
2013-11-15,3.99,4.08,3.99,4.07,,1303200.0
2013-11-18,4.1,4.1,3.92,3.95,,1445800.0
2013-11-19,3.94,3.96,3.87,3.89,,1221400.0
2013-11-20,3.89,3.95,3.87,3.88,,716500.0
2013-11-21,3.87,3.92,3.86,3.9,,1168400.0
2013-11-22,3.91,3.98,3.88,3.94,,1647900.0
2013-11-25,3.95,3.97,3.87,3.88,,750500.0
2013-11-26,3.92,3.94,3.87,3.92,,1139000.0
2013-11-27,3.92,3.94,3.87,3.93,,760400.0
2013-11-29,3.57,3.58,3.38,3.42,,13047700.0
2013-12-02,3.42,3.45,3.26,3.35,,8575900.0
2013-12-03,3.45,3.49,3.37,3.41,,5223600.0
2013-12-04,3.43,3.53,3.4,3.51,,4727200.0
2013-12-05,3.52,3.58,3.5,3.53,,3868300.0
2013-12-06,3.57,3.58,3.5,3.54,,2992000.0
2013-12-09,3.59,3.64,3.55,3.61,,3320400.0
2013-12-10,3.6,3.66,3.59,3.62,,2444900.0
2013-12-11,3.62,3.63,3.55,3.56,,1419400.0
2013-12-12,3.55,3.56,3.5,3.51,,1356200.0
2013-12-13,3.52,3.55,3.5,3.54,,1231700.0
2013-12-16,3.54,3.59,3.52,3.57,,1869200.0
2013-12-17,3.56,3.6,3.54,3.58,,1954700.0
2013-12-18,3.58,3.64,3.54,3.61,,2035000.0
2013-12-19,3.61,3.63,3.57,3.58,,1786700.0
2013-12-20,3.65,3.7,3.57,3.69,,5158400.0
2013-12-23,3.77,3.81,3.75,3.79,,3276700.0
2013-12-24,3.81,3.81,3.77,3.78,,650900.0
2013-12-26,3.77,3.81,3.73,3.78,,1481600.0
2013-12-27,3.77,3.81,3.76,3.78,,1253500.0
2013-12-30,3.78,3.8,3.77,3.78,,1644200.0
2013-12-31,3.78,3.84,3.77,3.83,,2409400.0
2014-01-02,3.83,3.85,3.79,3.8,,2693000.0
2014-01-03,3.84,3.87,3.79,3.85,,2351400.0
2014-01-06,3.88,3.94,3.84,3.85,,4996100.0
2014-01-07,3.86,3.98,3.84,3.97,,2763100.0
2014-01-08,3.98,4.01,3.93,3.97,,2140600.0
2014-01-09,3.99,4.0,3.89,3.89,,1874200.0
2014-01-10,3.91,3.94,3.82,3.91,,6073600.0
2014-01-13,4.04,4.04,3.91,3.93,,6298200.0
2014-01-14,3.98,4.22,3.98,4.18,,6854900.0
2014-01-15,4.28,4.36,4.23,4.29,,4487300.0
2014-01-16,4.29,4.35,4.22,4.3,,3291800.0
2014-01-17,4.31,4.33,4.25,4.3,,2157600.0
2014-01-21,4.31,4.33,4.24,4.27,,1771100.0
2014-01-22,4.29,4.3,4.21,4.27,,2124700.0
2014-01-23,4.25,4.3,4.18,4.27,,2056200.0
2014-01-24,4.45,4.45,4.32,4.34,,8053300.0
2014-01-27,4.33,4.36,4.23,4.31,,4134200.0
2014-01-28,4.41,4.41,4.35,4.4,,25311500.0
2014-01-29,4.36,4.37,4.25,4.28,,7048000.0
2014-01-30,4.48,4.54,4.37,4.43,,8775300.0
2014-01-31,4.34,4.37,4.2,4.24,,4480100.0
2014-02-03,4.21,4.25,4.05,4.06,,4872400.0
2014-02-04,4.16,4.18,4.05,4.16,,3551800.0
2014-02-05,4.12,4.13,4.02,4.04,,2220100.0
2014-02-06,4.05,4.21,4.05,4.2,,2846000.0
2014-02-07,4.22,4.32,4.2,4.3,,2890800.0
2014-02-10,4.3,4.33,4.25,4.3,,1940500.0
2014-02-11,4.32,4.35,4.29,4.32,,1539500.0
2014-02-12,4.32,4.34,4.27,4.29,,1465300.0
2014-02-13,4.31,4.44,4.29,4.44,,1981300.0
2014-02-14,4.44,4.45,4.4,4.41,,850700.0
2014-02-18,4.41,4.56,4.41,4.56,,2843100.0
2014-02-19,4.52,4.54,4.42,4.42,,2114300.0
2014-02-20,4.43,4.54,4.4,4.53,,1624300.0
2014-02-21,4.54,4.58,4.48,4.52,,1549200.0
2014-02-24,4.53,4.59,4.52,4.53,,1094200.0
2014-02-25,4.52,4.64,4.51,4.61,,2007300.0
2014-02-26,4.59,4.72,4.59,4.68,,2334700.0
2014-02-27,4.69,4.79,4.68,4.77,,2049800.0
2014-02-28,4.78,4.78,4.57,4.63,,2407700.0
2014-03-03,4.58,4.6,4.51,4.55,,1745000.0
2014-03-04,4.73,4.75,4.65,4.7,,2081400.0
2014-03-05,4.71,4.75,4.67,4.67,,1842700.0
2014-03-06,4.68,4.72,4.59,4.69,,2912600.0
2014-03-07,4.71,4.72,4.65,4.68,,1205900.0
2014-03-10,4.66,4.69,4.58,4.63,,1215900.0
2014-03-11,4.63,4.68,4.54,4.57,,1184300.0
2014-03-12,4.56,4.63,4.52,4.62,,1094000.0
2014-03-13,4.66,4.67,4.48,4.52,,1530900.0
2014-03-14,4.5,4.59,4.5,4.57,,1263700.0
2014-03-17,4.65,4.66,4.58,4.63,,1608800.0
2014-03-18,4.64,4.78,4.63,4.76,,1596900.0
2014-03-19,4.75,4.77,4.69,4.74,,1286700.0
2014-03-20,4.73,4.78,4.68,4.7,,1203900.0
2014-03-21,4.71,4.75,4.56,4.6,,3389700.0
2014-03-24,4.62,4.62,4.39,4.46,,3595900.0
2014-03-25,4.5,4.53,4.4,4.43,,1645100.0
2014-03-26,4.45,4.48,4.33,4.33,,2232500.0
2014-03-27,4.34,4.38,4.28,4.37,,2156200.0
2014-03-28,4.4,4.42,4.33,4.36,,1461600.0
2014-03-31,4.39,4.45,4.38,4.41,,1137500.0
2014-04-01,4.43,4.55,4.41,4.54,,1480300.0
2014-04-02,4.66,4.67,4.53,4.56,,1837800.0
2014-04-03,4.55,4.6,4.46,4.5,,1822100.0
2014-04-04,4.55,4.56,4.31,4.4,,2555000.0
2014-04-07,4.4,4.54,4.38,4.46,,3249800.0
2014-04-08,4.48,4.62,4.42,4.56,,2432100.0
2014-04-09,4.57,4.67,4.53,4.66,,1261300.0
2014-04-10,4.58,4.59,4.28,4.33,,4733300.0
2014-04-11,4.25,4.31,4.05,4.09,,4348000.0
2014-04-14,4.16,4.2,4.05,4.1,,2477200.0
2014-04-15,4.12,4.17,4.01,4.15,,2933700.0
2014-04-16,4.17,4.34,4.16,4.31,,3331800.0
2014-04-17,4.3,4.35,4.25,4.33,,1635400.0
2014-04-21,4.33,4.39,4.3,4.36,,1385200.0
2014-04-22,4.35,4.44,4.34,4.41,,4612500.0
2014-04-23,4.44,4.44,4.34,4.41,,3555200.0
2014-04-24,4.63,4.63,4.35,4.59,,6584100.0
2014-04-25,4.56,4.56,4.38,4.41,,2235800.0
2014-04-28,4.41,4.45,4.17,4.29,,3202400.0
2014-04-29,4.27,4.37,4.2,4.32,,2200800.0
2014-04-30,4.32,4.41,4.27,4.4,,1403400.0
2014-05-01,4.41,4.46,4.36,4.39,,2173200.0
2014-05-02,4.4,4.45,4.36,4.39,,1806000.0
2014-05-05,4.35,4.4,4.32,4.39,,1403300.0
2014-05-06,4.37,4.39,4.26,4.27,,1673500.0
2014-05-07,4.27,4.27,4.1,4.15,,3020900.0
2014-05-08,4.13,4.24,4.1,4.14,,2080200.0
2014-05-09,4.13,4.15,4.06,4.07,,3261500.0
2014-05-12,4.09,4.21,4.09,4.2,,3385100.0
2014-05-13,4.2,4.24,4.11,4.12,,2027100.0
2014-05-14,4.11,4.22,4.09,4.17,,1114600.0
2014-05-15,4.14,4.23,4.05,4.21,,1800200.0
2014-05-16,4.21,4.25,4.16,4.24,,1065400.0
2014-05-19,4.22,4.32,4.22,4.3,,1425700.0
2014-05-20,4.29,4.32,4.23,4.25,,1091900.0
2014-05-21,4.27,4.31,4.25,4.28,,683400.0
2014-05-22,4.29,4.39,4.29,4.35,,1008100.0
2014-05-23,4.36,4.4,4.29,4.39,,992500.0
2014-05-27,4.4,4.43,4.39,4.43,,1131200.0
2014-05-28,4.43,4.47,4.37,4.46,,1225300.0
2014-05-29,4.48,4.58,4.47,4.53,,2126200.0
2014-05-30,4.53,4.55,4.45,4.49,,1944200.0
2014-06-02,4.51,4.52,4.39,4.43,,1344300.0
2014-06-03,4.42,4.45,4.39,4.44,,1359100.0
2014-06-04,4.43,4.52,4.4,4.51,,1203400.0
2014-06-05,4.52,4.6,4.5,4.56,,1601300.0
2014-06-06,4.57,4.62,4.54,4.61,,968200.0
2014-06-09,4.6,4.67,4.58,4.64,,990200.0
2014-06-10,4.63,4.67,4.5,4.66,,845100.0
2014-06-11,4.68,4.77,4.65,4.76,,2121500.0
2014-06-12,4.75,4.78,4.68,4.69,,1342800.0
2014-06-13,4.69,4.74,4.66,4.72,,956600.0
2014-06-16,4.71,4.84,4.7,4.83,,1655400.0
2014-06-17,4.82,4.91,4.8,4.87,,2052600.0
2014-06-18,4.89,4.9,4.79,4.88,,1758400.0
2014-06-19,4.9,4.93,4.86,4.93,,1327400.0
2014-06-20,4.92,4.92,4.83,4.87,,1721900.0
2014-06-23,4.87,4.89,4.83,4.84,,1008300.0
2014-06-24,4.85,4.87,4.77,4.78,,1178200.0
2014-06-25,4.76,4.91,4.76,4.9,,1132100.0
2014-06-26,4.89,4.93,4.86,4.88,,647000.0
2014-06-27,4.86,4.95,4.86,4.95,,1087800.0
2014-06-30,4.93,5.03,4.93,5.03,,1734900.0
2014-07-01,5.04,5.09,5.01,5.03,,1891500.0
2014-07-02,5.07,5.09,5.01,5.02,,1074700.0
2014-07-03,5.03,5.08,5.01,5.06,,1047300.0
2014-07-07,5.06,5.07,4.97,4.98,,1510300.0
2014-07-08,4.96,4.96,4.61,4.76,,5619100.0
2014-07-09,4.83,4.89,4.76,4.85,,2820600.0
2014-07-10,4.75,4.84,4.69,4.82,,1586000.0
2014-07-11,4.82,4.88,4.81,4.85,,1178600.0
2014-07-14,4.89,4.91,4.84,4.85,,807300.0
2014-07-15,4.86,4.88,4.77,4.81,,1088700.0
2014-07-16,4.83,4.9,4.81,4.85,,3158000.0
2014-07-17,4.83,4.88,4.73,4.74,,1431200.0
2014-07-18,4.76,4.8,4.72,4.8,,1412300.0
2014-07-21,4.78,4.84,4.76,4.79,,1016300.0
2014-07-22,4.82,4.92,4.81,4.86,,1426900.0
2014-07-23,4.86,4.94,4.79,4.81,,2815300.0
2014-07-24,5.22,5.25,5.0,5.19,,6091400.0
2014-07-25,5.13,5.18,5.08,5.1,,3786900.0
2014-07-28,5.09,5.1,5.0,5.06,,1847900.0
2014-07-29,5.06,5.09,5.02,5.02,,1613100.0
2014-07-30,5.07,5.12,5.03,5.11,,1041900.0
2014-07-31,5.05,5.06,4.91,4.91,,1344800.0
2014-08-01,4.9,4.93,4.79,4.84,,1879700.0
2014-08-04,4.83,4.9,4.81,4.88,,1166600.0
2014-08-05,4.85,4.92,4.82,4.89,,1537600.0
2014-08-06,4.85,4.94,4.84,4.9,,904000.0
2014-08-07,4.92,5.01,4.91,4.94,,1539900.0
2014-08-08,4.94,4.99,4.92,4.97,,1085100.0
2014-08-11,5.0,5.08,4.95,5.04,,2089500.0
2014-08-12,5.02,5.06,4.96,4.97,,935900.0
2014-08-13,5.01,5.13,5.0,5.13,,1207900.0
2014-08-14,5.11,5.14,5.08,5.08,,996400.0
2014-08-15,5.1,5.11,4.99,5.02,,807300.0
2014-08-18,5.05,5.09,5.03,5.08,,624400.0
2014-08-19,5.11,5.15,5.07,5.11,,1033600.0
2014-08-20,5.06,5.1,5.01,5.05,,1092900.0
2014-08-21,5.05,5.11,5.02,5.1,,724300.0
2014-08-22,5.1,5.12,5.02,5.09,,913700.0
2014-08-25,5.12,5.12,5.04,5.08,,846200.0
2014-08-26,5.1,5.19,5.08,5.17,,1057300.0
2014-08-27,5.17,5.27,5.11,5.12,,1596600.0
2014-08-28,5.09,5.1,4.99,5.06,,1286100.0
2014-08-29,5.09,5.16,5.07,5.16,,948600.0
2014-09-02,5.17,5.33,5.17,5.28,,2782700.0
2014-09-03,5.35,5.36,5.23,5.29,,1310800.0
2014-09-04,5.31,5.33,5.22,5.23,,1318600.0
2014-09-05,5.22,5.31,5.21,5.28,,1277700.0
2014-09-08,5.29,5.36,5.24,5.29,,1518800.0
2014-09-09,5.27,5.28,5.2,5.2,,927900.0
2014-09-10,5.22,5.34,5.2,5.26,,2278800.0
2014-09-11,5.29,5.3,5.18,5.19,,2732800.0
2014-09-12,5.19,5.29,5.13,5.28,,1939900.0
2014-09-15,5.27,5.27,5.12,5.13,,1136500.0
2014-09-16,5.12,5.22,5.09,5.22,,1853400.0
2014-09-17,5.26,5.35,5.25,5.26,,2056300.0
2014-09-18,5.28,5.36,5.28,5.36,,1287800.0
2014-09-19,5.37,5.37,5.24,5.28,,1221300.0
2014-09-22,5.26,5.27,5.2,5.22,,1145900.0
2014-09-23,5.2,5.2,5.1,5.1,,1517500.0
2014-09-24,5.13,5.2,5.12,5.17,,1122586.0
2014-09-25,5.15,5.17,5.01,5.01,,1514680.0
2014-09-26,5.02,5.06,4.99,5.06,,1813289.0
2014-09-29,5.01,5.11,4.96,5.11,,1424764.0
2014-09-30,5.1,5.14,5.05,5.05,,1344673.0
2014-10-01,5.05,5.07,4.94,4.96,,1643029.0
2014-10-02,4.95,5.02,4.87,5.0,,1373542.0
2014-10-03,5.05,5.15,5.02,5.11,,1711845.0
2014-10-06,4.98,5.08,4.92,5.03,,2159790.0
2014-10-07,4.99,5.04,4.87,4.87,,1514990.0
2014-10-08,4.88,5.0,4.79,4.99,,1363890.0
2014-10-09,4.98,5.03,4.86,4.87,,1344025.0
2014-10-10,4.84,4.89,4.63,4.72,,3174934.0
2014-10-13,4.73,4.79,4.62,4.69,,2924003.0
2014-10-14,4.75,4.87,4.73,4.81,,2952634.0
2014-10-15,4.71,4.86,4.68,4.81,,2060562.0
2014-10-16,4.72,4.82,4.7,4.75,,3134421.0
2014-10-17,4.84,5.01,4.82,4.92,,2196673.0
2014-10-20,4.9,5.03,4.86,5.01,,2181084.0
2014-10-21,5.09,5.13,5.04,5.05,,2889199.0
2014-10-22,5.08,5.13,4.98,5.03,,3463578.0
2014-10-23,5.25,5.34,5.0,5.09,,6417522.0
2014-10-24,5.07,5.17,5.06,5.15,,2846256.0
2014-10-27,5.11,5.13,5.04,5.09,,1170909.0
2014-10-28,5.1,5.16,5.08,5.15,,1859291.0
2014-10-29,5.16,5.17,5.11,5.15,,2868972.0
2014-10-30,5.13,5.2,5.09,5.15,,2143887.0
2014-10-31,5.23,5.26,5.16,5.21,,1870384.0
2014-11-03,5.22,5.29,5.2,5.26,,1490909.0
2014-11-04,5.24,5.31,5.2,5.28,,2205867.0
2014-11-05,5.3,5.32,5.24,5.3,,1817796.0
2014-11-06,5.29,5.37,5.25,5.31,,1334731.0
2014-11-07,5.3,5.44,5.3,5.42,,2055270.0
2014-11-10,5.41,5.45,5.37,5.42,,1488122.0
2014-11-11,5.4,5.45,5.37,5.43,,940666.0
2014-11-12,5.39,5.46,5.36,5.43,,1244232.0
2014-11-13,5.44,5.47,5.38,5.38,,808246.0
2014-11-14,5.38,5.45,5.31,5.43,,1650073.0
2014-11-17,5.42,5.43,5.37,5.38,,836661.0
2014-11-18,5.39,5.44,5.38,5.39,,1005681.0
2014-11-19,5.39,5.39,5.26,5.35,,1216033.0
2014-11-20,5.31,5.42,5.3,5.41,,1650437.0
2014-11-21,5.46,5.48,5.4,5.42,,1137415.0
2014-11-24,5.44,5.48,5.41,5.47,,1282629.0
2014-11-25,5.48,5.53,5.43,5.46,,2338939.0
2014-11-26,5.48,5.52,5.46,5.5,,650092.0
2014-11-28,5.5,5.54,5.48,5.51,,362413.0
2014-12-01,5.49,5.5,5.41,5.46,,843285.0
2014-12-02,5.44,5.52,5.42,5.49,,1567243.0
2014-12-03,5.49,5.51,5.42,5.49,,768410.0
2014-12-04,5.49,5.53,5.42,5.53,,1554073.0
2014-12-05,5.54,5.57,5.48,5.57,,1021211.0
2014-12-08,5.55,5.62,5.54,5.55,,1739291.0
2014-12-09,5.45,5.58,5.37,5.57,,1644289.0
2014-12-10,5.56,5.64,5.52,5.54,,1310329.0
2014-12-11,5.54,5.69,5.54,5.67,,2030151.0
2014-12-12,5.6,5.67,5.58,5.62,,979090.0
2014-12-15,5.66,5.7,5.56,5.63,,1439261.0
2014-12-16,5.6,5.66,5.57,5.6,,1637504.0
2014-12-17,5.63,5.7,5.59,5.7,,1529622.0
2014-12-18,5.71,5.93,5.7,5.93,,2317630.0
2014-12-19,5.95,6.04,5.92,6.02,,3924390.0
2014-12-22,6.04,6.18,6.01,6.13,,1704363.0
2014-12-23,6.23,6.23,6.14,6.18,,1601023.0
2014-12-24,6.18,6.29,6.16,6.24,,727542.0
2014-12-26,6.27,6.3,6.24,6.26,,709073.0
2014-12-29,6.25,6.26,6.18,6.23,,886910.0
2014-12-30,6.18,6.23,6.17,6.2,,832167.0
2014-12-31,6.23,6.26,6.13,6.13,,1137424.0
2015-01-02,6.18,6.24,6.1,6.16,,1261945.0
2015-01-05,6.13,6.2,6.06,6.1,,1824365.0
2015-01-06,6.11,6.15,5.91,5.99,,2183945.0
2015-01-07,6.05,6.13,5.99,6.08,,1413158.0
2015-01-08,6.18,6.3,6.16,6.24,,1436684.0
2015-01-09,6.26,6.28,6.16,6.21,,1337085.0
2015-01-12,6.24,6.27,6.16,6.17,,1292388.0
2015-01-13,6.21,6.34,6.12,6.18,,1298794.0
2015-01-14,6.1,6.2,6.09,6.18,,1021894.0
2015-01-15,6.2,6.22,6.05,6.05,,1151422.0
2015-01-16,6.07,6.19,6.04,6.18,,1365791.0
2015-01-20,6.2,6.27,6.12,6.21,,1161272.0
2015-01-21,6.2,6.28,6.16,6.24,,917755.0
2015-01-22,6.2,6.29,6.05,6.29,,2136477.0
2015-01-23,6.31,6.43,6.25,6.39,,1828796.0
2015-01-26,6.53,6.57,6.42,6.49,,2672846.0
2015-01-27,6.39,6.56,6.37,6.49,,1956169.0
2015-01-28,6.59,6.59,6.25,6.28,,2662045.0
2015-01-29,5.9,6.05,5.71,5.84,,9551294.0
2015-01-30,5.78,6.04,5.78,5.98,,4828105.0
2015-02-02,5.95,6.02,5.79,6.01,,4101460.0
2015-02-03,6.02,6.13,5.98,6.1,,2623928.0
2015-02-04,6.07,6.25,6.07,6.21,,2518726.0
2015-02-05,6.25,6.37,6.25,6.35,,2057468.0
2015-02-06,6.4,6.4,6.32,6.36,,2438528.0
2015-02-09,6.32,6.33,6.25,6.3,,1635794.0
2015-02-10,6.35,6.46,6.29,6.45,,1919325.0
2015-02-11,6.45,6.58,6.43,6.56,,1972270.0
2015-02-12,6.6,6.68,6.56,6.6,,3021654.0
2015-02-13,6.67,6.68,6.59,6.65,,2840477.0
2015-02-17,6.61,6.68,6.58,6.6,,1843627.0
2015-02-18,6.63,6.68,6.6,6.66,,1349021.0
2015-02-19,6.66,6.79,6.62,6.7,,1543202.0
2015-02-20,6.68,6.79,6.68,6.77,,1847707.0
2015-02-23,6.75,6.77,6.62,6.66,,1281751.0
2015-02-24,6.69,6.77,6.67,6.74,,1331939.0
2015-02-25,6.75,6.9,6.74,6.85,,2095127.0
2015-02-26,6.84,6.95,6.8,6.81,,1679875.0
2015-02-27,6.8,6.82,6.7,6.72,,1308609.0
2015-03-02,6.72,6.83,6.67,6.82,,1350233.0
2015-03-03,6.82,6.84,6.71,6.81,,1149251.0
2015-03-04,6.79,6.8,6.7,6.74,,1183241.0
2015-03-05,6.73,6.86,6.69,6.85,,1451260.0
2015-03-06,6.83,6.85,6.7,6.72,,1090492.0
2015-03-09,6.74,6.77,6.66,6.75,,967000.0
2015-03-10,6.67,6.69,6.56,6.58,,939399.0
2015-03-11,6.61,6.68,6.59,6.68,,908566.0
2015-03-12,6.68,6.79,6.6,6.79,,1068220.0
2015-03-13,6.77,6.81,6.61,6.64,,1322208.0
2015-03-16,6.68,6.83,6.67,6.82,,861040.0
2015-03-17,6.8,6.89,6.77,6.85,,1193044.0
2015-03-18,6.89,7.05,6.84,6.97,,2184126.0
2015-03-19,6.96,7.1,6.9,7.09,,1501820.0
2015-03-20,7.12,7.14,7.04,7.06,,2443925.0
2015-03-23,7.03,7.03,6.88,6.92,,1342100.0
2015-03-24,6.94,6.98,6.83,6.83,,1201388.0
2015-03-25,6.87,6.89,6.59,6.62,,1595797.0
2015-03-26,6.58,6.77,6.53,6.73,,1071615.0
2015-03-27,6.75,6.93,6.75,6.92,,1373234.0
2015-03-30,6.95,7.08,6.93,7.03,,1090495.0
2015-03-31,7.02,7.1,6.96,6.99,,1479702.0
2015-04-01,6.99,6.99,6.73,6.81,,1687907.0
2015-04-02,6.81,6.89,6.78,6.88,,748047.0
2015-04-06,6.84,6.93,6.8,6.88,,1459515.0
2015-04-07,6.88,7.02,6.86,6.91,,1510770.0
2015-04-08,7.01,7.02,6.88,6.9,,2017960.0
2015-04-09,6.98,7.07,6.93,7.05,,1775275.0
2015-04-10,7.07,7.17,7.03,7.12,,1478299.0
2015-04-13,6.91,7.16,6.85,6.85,,2096803.0
2015-04-14,6.85,6.89,6.78,6.83,,1693823.0
2015-04-15,6.91,6.98,6.85,6.97,,1550918.0
2015-04-16,6.94,6.98,6.88,6.91,,1449190.0
2015-04-17,6.88,6.89,6.68,6.74,,2255918.0
2015-04-20,6.85,6.96,6.81,6.93,,3786600.0
2015-04-21,7.6,7.8,7.45,7.62,,9742228.0
2015-04-22,7.65,7.69,7.54,7.61,,2295129.0
2015-04-23,7.6,7.78,7.58,7.74,,2245556.0
2015-04-24,7.8,7.8,7.67,7.74,,1590184.0
2015-04-27,7.74,7.75,7.59,7.64,,1623999.0
2015-04-28,7.66,7.74,7.55,7.71,,1529454.0
2015-04-29,7.67,7.75,7.58,7.68,,1071166.0
2015-04-30,7.67,7.73,7.52,7.55,,1456010.0
2015-05-01,7.63,7.72,7.62,7.68,,1405385.0
2015-05-04,7.67,7.86,7.65,7.75,,1255913.0
2015-05-05,7.71,7.74,7.5,7.57,,1505938.0
2015-05-06,7.61,7.66,7.49,7.59,,1001519.0
2015-05-07,7.59,7.71,7.57,7.68,,1211327.0
2015-05-08,7.73,7.85,7.7,7.8,,1270003.0
2015-05-11,7.78,7.87,7.75,7.79,,1402783.0
2015-05-12,7.71,7.78,7.66,7.73,,1346045.0
2015-05-13,7.78,7.81,7.67,7.69,,1453939.0
2015-05-14,7.78,7.82,7.69,7.77,,1780527.0
2015-05-15,7.77,7.8,7.71,7.73,,950077.0
2015-05-18,7.77,7.95,7.7,7.91,,1756884.0
2015-05-19,7.95,7.96,7.67,7.82,,1958265.0
2015-05-20,7.87,7.89,7.7,7.76,,1887808.0
2015-05-21,7.79,7.8,7.72,7.76,,1042068.0
2015-05-22,7.75,7.88,7.7,7.86,,1138162.0
2015-05-26,7.97,7.99,7.79,7.86,,1138386.0
2015-05-27,7.86,7.92,7.73,7.89,,1964699.0
2015-05-28,7.88,8.05,7.87,8.04,,1496747.0
2015-05-29,8.05,8.08,7.92,8.01,,1228435.0
2015-06-01,8.05,8.06,7.89,7.97,,1158555.0
2015-06-02,7.91,8.03,7.88,7.95,,948614.0
2015-06-03,7.99,8.06,7.92,8.02,,851169.0
2015-06-04,8.02,8.03,7.86,7.9,,953283.0
2015-06-05,7.97,8.24,7.85,8.21,,1814703.0
2015-06-08,8.29,8.3,8.06,8.12,,1547051.0
2015-06-09,8.17,8.17,7.97,8.15,,1307041.0
2015-06-10,8.19,8.27,8.13,8.24,,733727.0
2015-06-11,8.24,8.33,8.17,8.2,,1484567.0
2015-06-12,8.19,8.27,8.1,8.24,,1028667.0
2015-06-15,8.16,8.24,8.02,8.21,,1487170.0
2015-06-16,8.27,8.53,8.24,8.49,,1715874.0
2015-06-17,8.5,8.62,8.49,8.58,,1349772.0
2015-06-18,8.65,8.82,8.61,8.75,,1958815.0
2015-06-19,8.78,8.79,8.59,8.62,,2406013.0
2015-06-22,8.73,8.78,8.65,8.71,,1294641.0
2015-06-23,8.74,8.75,8.6,8.64,,1317377.0
2015-06-24,8.36,8.42,8.15,8.34,,4080503.0
2015-06-25,8.37,8.43,8.35,8.39,,1220236.0
2015-06-26,8.4,8.4,8.21,8.34,,2115048.0
2015-06-29,8.14,8.32,8.11,8.12,,1498737.0
2015-06-30,8.2,8.29,8.15,8.27,,1470028.0
2015-07-01,8.37,8.38,8.21,8.26,,1108872.0
2015-07-02,8.29,8.32,8.17,8.25,,881911.0
2015-07-06,7.95,8.1,7.81,7.99,,1958879.0
2015-07-07,8.13,8.14,7.83,8.12,,2005138.0
2015-07-08,8.01,8.15,7.98,8.11,,1599326.0
2015-07-09,8.28,8.43,8.23,8.28,,1539342.0
2015-07-10,8.35,8.35,8.21,8.29,,957902.0
2015-07-13,8.39,8.4,8.25,8.3,,1278820.0
2015-07-14,8.34,8.55,8.3,8.52,,1448358.0
2015-07-15,8.5,8.54,8.4,8.43,,821108.0
2015-07-16,8.5,8.56,8.45,8.55,,1064975.0
2015-07-17,8.58,8.58,8.42,8.48,,1085505.0
2015-07-20,8.48,8.55,8.42,8.48,,974699.0
2015-07-21,8.49,8.7,8.4,8.59,,2238134.0
2015-07-22,8.61,8.71,8.42,8.46,,3561836.0
2015-07-23,9.44,9.57,9.2,9.37,,6981849.0
2015-07-24,9.46,9.66,9.45,9.6,,3053463.0
2015-07-27,9.52,9.59,9.36,9.42,,1905753.0
2015-07-28,9.49,9.51,9.25,9.42,,1776936.0
2015-07-29,9.44,9.49,9.3,9.47,,1648003.0
2015-07-30,9.46,9.54,9.34,9.52,,1440727.0
2015-07-31,9.51,9.72,9.46,9.55,,1459799.0
2015-08-03,9.53,9.6,9.39,9.53,,1543997.0
2015-08-04,9.52,9.56,9.47,9.54,,980759.0
2015-08-05,9.57,9.84,9.56,9.77,,2085425.0
2015-08-06,9.75,9.79,9.26,9.33,,2069530.0
2015-08-07,9.32,9.38,9.21,9.38,,1520081.0
2015-08-10,10.06,10.06,9.44,9.51,,1045596.0
2015-08-11,9.42,9.54,9.3,9.39,,1060136.0
2015-08-12,9.32,9.38,9.01,9.3,,2288031.0
2015-08-13,9.31,9.4,9.23,9.3,,920372.0
2015-08-14,9.25,9.35,9.21,9.34,,1111137.0
2015-08-17,9.3,9.58,9.24,9.57,,1286293.0
2015-08-18,9.6,9.6,9.47,9.55,,1093047.0
2015-08-19,9.44,9.62,9.35,9.47,,866667.0
2015-08-20,9.36,9.4,8.92,8.92,,2067441.0
2015-08-21,8.77,8.81,8.56,8.57,,3362745.0
2015-08-24,7.6,8.52,7.0,8.18,,3105023.0
2015-08-25,8.56,8.59,8.12,8.13,,1792534.0
2015-08-26,8.34,8.57,8.17,8.51,,1629536.0
2015-08-27,8.63,8.71,8.41,8.53,,1744881.0
2015-08-28,8.47,8.63,8.42,8.59,,956568.0
2015-08-31,8.56,8.65,8.37,8.43,,1265261.0
2015-09-01,8.2,8.37,8.1,8.17,,1739850.0
2015-09-02,8.31,8.38,8.14,8.38,,1153351.0
2015-09-03,8.37,8.54,8.35,8.43,,1322518.0
2015-09-04,8.3,8.44,8.26,8.35,,928854.0
2015-09-08,8.45,8.67,8.39,8.66,,1202776.0
2015-09-09,8.68,8.79,8.58,8.6,,1435098.0
2015-09-10,8.67,8.91,8.62,8.81,,1460743.0
2015-09-11,8.8,8.88,8.74,8.87,,1106140.0
2015-09-14,8.86,8.9,8.74,8.79,,855941.0
2015-09-15,8.81,8.99,8.77,8.95,,1013556.0
2015-09-16,8.93,9.04,8.83,8.98,,968907.0
2015-09-17,8.96,9.19,8.92,9.04,,1511695.0
2015-09-18,8.91,9.07,8.9,8.96,,2488653.0
2015-09-21,9.03,9.23,8.98,9.12,,1274087.0
2015-09-22,8.98,9.09,8.93,9.08,,1291225.0
2015-09-23,9.0,9.25,8.9,9.2,,1454881.0
2015-09-24,9.16,9.21,8.97,9.18,,1314729.0
2015-09-25,9.3,9.3,8.92,9.02,,1265154.0
2015-09-28,8.99,9.05,8.47,8.57,,2215069.0
2015-09-29,8.62,8.67,8.37,8.45,,1801886.0
2015-09-30,8.53,8.63,8.33,8.5,,1998424.0
2015-10-01,8.5,8.63,8.41,8.61,,1095211.0
2015-10-02,8.49,8.74,8.31,8.74,,1459580.0
2015-10-05,8.8,8.87,8.74,8.84,,1170043.0
2015-10-06,8.84,8.93,8.63,8.69,,1092561.0
2015-10-07,8.72,8.8,8.36,8.61,,2792257.0
2015-10-08,8.61,8.63,8.4,8.56,,1950326.0
2015-10-09,8.54,8.64,8.48,8.6,,1175128.0
2015-10-12,8.61,8.63,8.51,8.56,,1048559.0
2015-10-13,8.51,8.63,8.32,8.32,,1421529.0
2015-10-14,8.31,8.46,8.21,8.37,,1500197.0
2015-10-15,8.38,8.68,8.38,8.65,,1584937.0
2015-10-16,8.66,8.72,8.53,8.7,,1332880.0
2015-10-19,8.72,8.9,8.65,8.74,,1977736.0
2015-10-20,8.72,8.75,8.54,8.68,,1434400.0
2015-10-21,8.7,8.7,8.18,8.38,,2410481.0
2015-10-22,8.51,8.93,8.45,8.65,,4229388.0
2015-10-23,7.3,7.37,6.58,6.98,,15436812.0
2015-10-26,7.01,7.05,6.75,6.95,,4495837.0
2015-10-27,6.91,7.07,6.69,6.76,,3963052.0
2015-10-28,6.79,7.05,6.69,6.99,,3030326.0
2015-10-29,6.94,7.02,6.8,6.81,,3101710.0
2015-10-30,6.82,6.92,6.82,6.87,,1620119.0
2015-11-02,6.89,6.98,6.83,6.95,,1353227.0
2015-11-03,6.92,7.06,6.85,6.93,,1896458.0
2015-11-04,6.93,7.03,6.86,7.02,,2052160.0
2015-11-05,6.91,6.98,6.66,6.66,,3380851.0
2015-11-06,6.63,6.84,6.62,6.81,,2359179.0
2015-11-09,6.8,6.82,6.66,6.69,,2151829.0
2015-11-10,6.64,6.69,6.46,6.68,,2956062.0
2015-11-11,6.67,6.69,6.57,6.58,,1456997.0
2015-11-12,6.55,6.77,6.51,6.65,,1492865.0
2015-11-13,6.62,6.71,6.54,6.63,,1806058.0
2015-11-16,6.63,6.71,6.55,6.68,,1347194.0
2015-11-17,6.7,6.82,6.62,6.68,,1597143.0
2015-11-18,6.73,6.84,6.68,6.81,,1464191.0
2015-11-19,6.67,6.91,6.67,6.88,,1417161.0
2015-11-20,6.9,7.0,6.88,6.95,,1180691.0
2015-11-23,6.97,7.06,6.95,7.01,,2159448.0
2015-11-24,6.99,7.16,6.93,7.15,,2700612.0
2015-11-25,7.18,7.43,7.14,7.35,,2834976.0
2015-11-27,7.35,7.4,7.29,7.34,,927282.0
2015-11-30,7.34,7.45,7.2,7.2,,8448056.0
2015-12-01,7.25,7.25,7.12,7.22,,1661280.0
2015-12-02,7.21,7.27,7.15,7.18,,1063150.0
2015-12-03,7.19,7.22,6.91,6.94,,1455389.0
2015-12-04,6.95,7.07,6.93,7.04,,1253136.0
2015-12-07,7.05,7.05,6.87,6.9,,1331181.0
2015-12-08,6.81,6.98,6.76,6.9,,1395433.0
2015-12-09,6.9,6.96,6.51,6.54,,2966776.0
2015-12-10,6.53,6.53,6.31,6.36,,3438915.0
2015-12-11,6.29,6.32,6.08,6.11,,2484253.0
2015-12-14,6.07,6.19,5.97,6.08,,2849549.0
2015-12-15,6.14,6.14,6.05,6.12,,2117153.0
2015-12-16,6.19,6.43,6.09,6.39,,3077397.0
2015-12-17,6.4,6.41,6.28,6.28,,1866168.0
2015-12-18,6.29,6.39,6.23,6.24,,3208178.0
2015-12-21,6.3,6.35,6.24,6.33,,1442511.0
2015-12-22,6.33,6.37,6.26,6.31,,1313623.0
2015-12-23,6.33,6.39,6.29,6.38,,861329.0
2015-12-24,6.36,6.41,6.34,6.35,,383762.0
2015-12-28,6.34,6.38,6.3,6.36,,1013884.0
2015-12-29,6.38,6.4,6.3,6.36,,824922.0
2015-12-30,6.32,6.45,6.29,6.29,,1246610.0
2015-12-31,6.28,6.33,6.23,6.23,,1581618.0
2016-01-04,6.11,6.2,5.96,6.05,,3666529.0
2016-01-05,6.04,6.06,5.94,5.97,,2048675.0
2016-01-06,5.88,5.92,5.77,5.9,,3520589.0
2016-01-07,5.78,5.93,5.67,5.83,,2500247.0
2016-01-08,5.84,5.89,5.7,5.72,,3071306.0
2016-01-11,5.76,5.79,5.58,5.67,,3402669.0
2016-01-12,5.71,5.83,5.62,5.75,,2700076.0
2016-01-13,5.9,5.99,5.58,5.68,,3273572.0
2016-01-14,5.75,5.93,5.59,5.86,,3573594.0
2016-01-15,5.67,5.7,5.44,5.66,,3715511.0
2016-01-19,5.7,5.74,5.29,5.29,,5065304.0
2016-01-20,4.81,5.26,4.73,5.2,,5911789.0
2016-01-21,5.26,5.44,5.21,5.34,,2608550.0
2016-01-22,5.42,5.57,5.26,5.55,,2598864.0
2016-01-25,5.52,5.61,5.42,5.44,,2729901.0
2016-01-26,5.3,5.43,5.13,5.37,,4438744.0
2016-01-27,5.32,5.39,5.14,5.17,,4200475.0
2016-01-28,5.26,5.29,5.11,5.27,,3860944.0
2016-01-29,6.0,6.01,5.5,5.63,,5979341.0
2016-02-01,5.6,5.72,5.48,5.68,,3131605.0
2016-02-02,5.64,5.72,5.4,5.41,,2009859.0
2016-02-03,5.43,5.45,5.21,5.28,,2718074.0
2016-02-04,5.28,5.35,5.18,5.34,,2842669.0
2016-02-05,5.3,5.31,4.87,5.02,,5232014.0
2016-02-08,4.94,4.97,4.68,4.85,,3998016.0
2016-02-09,4.74,5.03,4.73,4.77,,2561443.0
2016-02-10,4.81,4.96,4.77,4.78,,3467671.0
2016-02-11,4.7,4.81,4.63,4.77,,2855291.0
2016-02-12,4.85,4.85,4.7,4.82,,2160200.0
2016-02-16,4.92,5.11,4.88,5.08,,3491559.0
2016-02-17,5.09,5.3,5.06,5.24,,2961176.0
2016-02-18,5.19,5.23,5.05,5.12,,2454938.0
2016-02-19,5.1,5.23,5.07,5.22,,1878138.0
2016-02-22,5.24,5.42,5.2,5.31,,3909352.0
2016-02-23,5.31,5.35,5.23,5.31,,1971833.0
2016-02-24,5.24,5.48,5.21,5.46,,2735113.0
2016-02-25,5.5,5.63,5.4,5.61,,2554412.0
2016-02-26,5.7,5.72,5.57,5.62,,1605397.0
2016-02-29,5.66,5.84,5.64,5.68,,2464449.0
2016-03-01,5.75,5.97,5.7,5.92,,2200929.0
2016-03-02,5.9,5.92,5.78,5.87,,2498776.0
2016-03-03,5.98,5.98,5.7,5.75,,2999412.0
2016-03-04,5.75,5.8,5.66,5.7,,1545046.0
2016-03-07,5.65,5.74,5.6,5.68,,1401540.0
2016-03-08,5.64,5.67,5.43,5.44,,1665560.0
2016-03-09,5.47,5.61,5.42,5.53,,1852175.0
2016-03-10,5.56,5.61,5.42,5.5,,1275654.0
2016-03-11,5.55,5.73,5.55,5.7,,1064389.0
2016-03-14,5.66,5.73,5.56,5.6,,1374006.0
2016-03-15,5.59,5.63,5.48,5.52,,1512767.0
2016-03-16,5.45,5.69,5.44,5.66,,1225536.0
2016-03-17,5.62,5.83,5.6,5.8,,1700970.0
2016-03-18,5.81,5.87,5.74,5.74,,2254195.0
2016-03-21,5.91,5.99,5.83,5.93,,2237414.0
2016-03-22,5.89,6.07,5.74,5.79,,4088900.0
2016-03-23,5.78,5.78,5.59,5.69,,3131626.0
2016-03-24,5.64,5.72,5.59,5.71,,1417530.0
2016-03-28,5.74,5.75,5.6,5.73,,1489979.0
2016-03-29,5.72,5.82,5.66,5.82,,1351677.0
2016-03-30,5.86,5.96,5.85,5.88,,1526278.0
2016-03-31,5.98,6.2,5.96,6.13,,3375995.0
2016-04-01,6.05,6.21,6.04,6.2,,2818969.0
2016-04-04,6.2,6.23,6.15,6.2,,1823457.0
2016-04-05,6.14,6.24,6.11,6.13,,2248075.0
2016-04-06,6.15,6.17,6.07,6.13,,1204042.0
2016-04-07,6.1,6.14,6.03,6.07,,1628146.0
2016-04-08,6.14,6.2,6.04,6.07,,1198431.0
2016-04-11,6.09,6.16,5.98,5.99,,1058221.0
2016-04-12,5.91,5.93,5.62,5.76,,4021170.0
2016-04-13,5.83,5.99,5.8,5.96,,2619019.0
2016-04-14,5.93,5.97,5.85,5.89,,2317541.0
2016-04-15,5.87,5.96,5.86,5.93,,1699943.0
2016-04-18,5.9,6.11,5.87,6.05,,1581228.0
2016-04-19,6.08,6.09,5.91,6.0,,1527772.0
2016-04-20,5.95,6.21,5.91,6.16,,2539767.0
2016-04-21,6.16,6.21,6.12,6.16,,1773628.0
2016-04-22,6.09,6.24,6.09,6.23,,1499706.0
2016-04-25,6.21,6.32,6.16,6.26,,2057176.0
2016-04-26,6.24,6.29,6.1,6.19,,3225563.0
2016-04-27,6.6,6.87,6.48,6.67,,6894426.0
2016-04-28,6.66,6.66,6.45,6.47,,2207192.0
2016-04-29,6.47,6.53,6.26,6.5,,2036270.0
2016-05-02,6.5,6.58,6.45,6.57,,1487255.0
2016-05-03,6.49,6.53,6.39,6.43,,1344310.0
2016-05-04,6.37,6.45,6.29,6.43,,1857165.0
2016-05-05,6.44,6.47,6.38,6.41,,1498539.0
2016-05-06,6.32,6.4,6.22,6.4,,2659795.0
2016-05-09,6.38,6.44,6.31,6.41,,1315518.0
2016-05-10,6.44,6.56,6.39,6.55,,1612972.0
2016-05-11,6.52,6.61,6.49,6.5,,1949806.0
2016-05-12,6.53,6.55,6.37,6.44,,1999033.0
2016-05-13,6.44,6.54,6.42,6.47,,1649817.0
2016-05-16,6.48,6.59,6.45,6.52,,1341117.0
2016-05-17,6.51,6.62,6.5,6.55,,1390331.0
2016-05-18,6.5,6.63,6.5,6.56,,1125078.0
2016-05-19,6.57,6.71,6.57,6.66,,1247528.0
2016-05-20,6.71,6.75,6.64,6.74,,1174126.0
2016-05-23,6.75,6.83,6.67,6.73,,1148083.0
2016-05-24,6.77,6.86,6.74,6.83,,1032459.0
2016-05-25,6.84,6.92,6.83,6.87,,1074911.0
2016-05-26,6.85,6.93,6.81,6.91,,974975.0
2016-05-27,6.79,6.81,6.67,6.79,,2547856.0
2016-05-31,6.81,6.87,6.77,6.84,,2095247.0
2016-06-01,6.8,6.92,6.76,6.9,,1125975.0
2016-06-02,6.9,6.97,6.89,6.93,,1298783.0
2016-06-03,6.93,6.98,6.86,6.92,,982481.0
2016-06-06,6.96,6.97,6.83,6.92,,1320751.0
2016-06-07,6.92,6.95,6.88,6.89,,1104033.0
2016-06-08,6.9,6.99,6.87,6.96,,1149336.0
2016-06-09,6.93,6.99,6.88,6.89,,1007458.0
2016-06-10,6.85,6.85,6.7,6.74,,1483630.0
2016-06-13,6.68,6.87,6.67,6.79,,1427002.0
2016-06-14,6.78,6.8,6.68,6.75,,1200446.0
2016-06-15,6.76,6.86,6.74,6.81,,1336303.0
2016-06-16,6.74,6.78,6.57,6.67,,1762686.0
2016-06-17,6.69,6.69,6.58,6.67,,3335334.0
2016-06-20,6.75,6.8,6.7,6.71,,1280767.0
2016-06-21,6.73,6.8,6.7,6.75,,939036.0
2016-06-22,6.74,6.77,6.66,6.67,,743571.0
2016-06-23,6.72,6.87,6.72,6.86,,1191622.0
2016-06-24,6.55,6.6,6.35,6.38,,3140216.0
2016-06-27,6.3,6.3,5.98,5.99,,3024182.0
2016-06-28,6.09,6.11,5.98,6.03,,2212956.0
2016-06-29,6.03,6.24,6.0,6.22,,2118703.0
2016-06-30,6.25,6.33,6.16,6.32,,1689866.0
2016-07-01,6.3,6.38,6.28,6.34,,1194202.0
2016-07-05,6.3,6.34,6.27,6.31,,1120919.0
2016-07-06,6.26,6.38,6.18,6.34,,1422227.0
2016-07-07,6.36,6.45,6.31,6.42,,1574217.0
2016-07-08,6.49,6.69,6.49,6.69,,1531140.0
2016-07-11,6.75,6.79,6.7,6.72,,1057677.0
2016-07-12,6.7,6.84,6.61,6.77,,1334179.0
2016-07-13,6.8,6.89,6.76,6.76,,1089465.0
2016-07-14,6.85,6.89,6.78,6.8,,1216784.0
2016-07-15,6.8,6.88,6.8,6.82,,1071257.0
2016-07-18,6.83,6.88,6.79,6.83,,1057397.0
2016-07-19,6.81,6.88,6.77,6.78,,841507.0
2016-07-20,6.8,7.01,6.77,6.98,,1282078.0
2016-07-21,6.95,7.04,6.91,6.94,,1132593.0
2016-07-22,6.99,7.17,6.9,7.15,,1597976.0
2016-07-25,7.15,7.32,7.07,7.31,,2438307.0
2016-07-26,7.29,7.37,7.24,7.3,,1959797.0
2016-07-27,7.32,7.42,7.28,7.33,,1469544.0
2016-07-28,7.35,7.46,7.26,7.43,,2446872.0
2016-07-29,6.75,6.94,6.59,6.94,,7027491.0
2016-08-01,6.96,7.04,6.92,6.97,,1951860.0
2016-08-02,6.97,6.97,6.74,6.8,,1938071.0
2016-08-03,6.79,6.85,6.74,6.83,,1589354.0
2016-08-04,6.85,6.9,6.75,6.76,,1536969.0
2016-08-05,6.74,6.76,6.67,6.69,,2694628.0
2016-08-08,6.7,6.76,6.67,6.67,,1052681.0
2016-08-09,6.66,6.69,6.61,6.64,,945721.0
2016-08-10,6.63,6.66,6.58,6.58,,1008444.0
2016-08-11,6.6,6.64,6.56,6.57,,999257.0
2016-08-12,6.57,6.57,6.49,6.53,,1144104.0
2016-08-15,6.54,6.62,6.51,6.58,,617614.0
2016-08-16,6.54,7.03,6.54,6.97,,4525317.0
2016-08-17,6.95,7.0,6.86,6.89,,2059417.0
2016-08-18,6.9,7.07,6.88,7.01,,2011475.0
2016-08-19,7.01,7.02,6.94,6.98,,864565.0
2016-08-22,6.95,7.0,6.9,6.99,,686628.0
2016-08-23,7.05,7.16,7.02,7.15,,1403855.0
2016-08-24,7.11,7.18,7.06,7.08,,1220633.0
2016-08-25,7.07,7.13,7.07,7.12,,660892.0
2016-08-26,7.12,7.17,7.06,7.14,,966392.0
2016-08-29,7.14,7.22,7.12,7.13,,1329846.0
2016-08-30,7.28,7.33,7.22,7.27,,1295651.0
2016-08-31,7.18,7.25,7.12,7.23,,1134007.0
2016-09-01,7.22,7.39,7.17,7.33,,1783844.0
2016-09-02,7.36,7.41,7.32,7.37,,1310187.0
2016-09-06,7.36,7.44,7.34,7.36,,1114907.0
2016-09-07,7.36,7.46,7.35,7.4,,1392552.0
2016-09-08,7.4,7.4,7.25,7.28,,919954.0
2016-09-09,7.25,7.29,7.15,7.15,,945930.0
2016-09-12,7.11,7.21,7.06,7.18,,1371251.0
2016-09-13,7.16,7.18,7.05,7.09,,1039355.0
2016-09-14,7.11,7.17,7.04,7.06,,981161.0
2016-09-15,7.03,7.18,7.01,7.13,,1107012.0
2016-09-16,7.14,7.16,7.07,7.1,,2503600.0
2016-09-19,7.18,7.21,7.12,7.15,,1330311.0
2016-09-20,7.16,7.19,7.08,7.08,,852548.0
2016-09-21,7.09,7.2,7.08,7.19,,1040676.0
2016-09-22,7.26,7.37,7.22,7.28,,1223859.0
2016-09-23,7.42,7.46,7.25,7.27,,1576290.0
2016-09-26,7.22,7.29,7.21,7.23,,1202957.0
2016-09-27,7.23,7.27,7.19,7.22,,1053314.0
2016-09-28,7.25,7.27,7.19,7.26,,933206.0
2016-09-29,7.23,7.27,7.16,7.19,,1045034.0
2016-09-30,7.22,7.41,7.22,7.39,,2130861.0
2016-10-03,7.38,7.5,7.37,7.39,,1803031.0
2016-10-04,7.39,7.49,7.33,7.36,,1288047.0
2016-10-05,7.36,7.46,7.32,7.32,,2182400.0
2016-10-06,7.35,7.35,7.13,7.14,,1624527.0
2016-10-07,7.15,7.16,7.0,7.0,,1833403.0
2016-10-10,7.06,7.08,6.97,7.0,,1991036.0
2016-10-11,6.98,7.01,6.78,6.82,,4197863.0
2016-10-12,5.82,6.21,5.8,6.13,,21248756.0
2016-10-13,6.12,6.27,6.0,6.24,,7813583.0
2016-10-14,6.29,6.31,6.11,6.2,,3966005.0
2016-10-17,6.18,6.26,6.15,6.19,,2554951.0
2016-10-18,6.23,6.26,6.17,6.2,,1533941.0
2016-10-19,6.18,6.27,6.16,6.22,,2296929.0
2016-10-20,6.22,6.29,6.19,6.27,,1972881.0
2016-10-21,6.3,6.39,6.24,6.36,,2512214.0
2016-10-24,6.37,6.4,6.24,6.25,,1834818.0
2016-10-25,6.27,6.27,6.13,6.13,,1600394.0
2016-10-26,6.13,6.15,6.03,6.04,,2791162.0
2016-10-27,6.09,6.15,5.94,5.98,,4158081.0
2016-10-28,6.15,6.38,6.07,6.36,,3308424.0
2016-10-31,6.39,6.44,6.36,6.41,,2159715.0
2016-11-01,6.4,6.43,6.31,6.35,,1863423.0
2016-11-02,6.41,6.41,6.21,6.22,,1938204.0
2016-11-03,6.23,6.27,6.15,6.16,,1013850.0
2016-11-04,6.16,6.31,6.16,6.18,,1679226.0
2016-11-07,6.26,6.33,6.21,6.29,,3924189.0
2016-11-08,6.3,6.34,6.2,6.27,,1765301.0
2016-11-09,6.19,6.38,6.16,6.35,,1548902.0
2016-11-10,6.35,6.48,6.24,6.28,,1380216.0
2016-11-11,6.24,6.42,6.22,6.37,,1255949.0
2016-11-14,6.4,6.46,6.26,6.33,,1627514.0
2016-11-15,6.7,6.7,6.32,6.43,,7029748.0
2016-11-16,6.42,6.54,6.41,6.51,,2743882.0
2016-11-17,6.49,6.51,6.27,6.33,,4012666.0
2016-11-18,6.36,6.37,6.18,6.19,,3407045.0
2016-11-21,6.2,6.22,6.06,6.13,,4262052.0
2016-11-22,5.92,6.24,5.92,6.23,,3619212.0
2016-11-23,6.2,6.24,6.13,6.17,,1490037.0
2016-11-25,6.18,6.18,6.09,6.11,,701641.0
2016-11-28,6.13,6.18,6.04,6.05,,1583714.0
2016-11-29,6.03,6.1,6.0,6.05,,1543518.0
2016-11-30,6.09,6.09,6.01,6.02,,1178744.0
2016-12-01,6.04,6.04,5.78,5.81,,2363694.0
2016-12-02,5.78,5.93,5.77,5.91,,2171609.0
2016-12-05,5.96,6.1,5.95,6.04,,2564350.0
2016-12-06,6.03,6.04,5.88,5.99,,2393916.0
2016-12-07,6.0,6.18,5.99,6.15,,2160488.0
2016-12-08,6.14,6.19,6.08,6.11,,2135710.0
2016-12-09,6.11,6.15,6.07,6.14,,1359798.0
2016-12-12,6.14,6.14,5.97,5.99,,1171146.0
2016-12-13,6.02,6.13,6.01,6.11,,1725223.0
2016-12-14,6.09,6.15,5.94,5.94,,2570054.0
2016-12-15,5.95,6.07,5.91,5.99,,1864490.0
2016-12-16,6.02,6.03,5.91,5.95,,4962684.0
2016-12-19,5.98,6.05,5.94,5.96,,2280633.0
2016-12-20,5.97,6.02,5.8,5.94,,4274551.0
2016-12-21,5.93,5.98,5.85,5.91,,4359200.0
2016-12-22,5.89,5.89,5.7,5.72,,4318558.0
2016-12-23,5.72,5.84,5.72,5.83,,1930736.0
2016-12-27,5.81,6.06,5.79,6.02,,3399898.0
2016-12-28,6.05,6.1,5.96,6.07,,4502640.0
2016-12-29,6.07,6.14,6.01,6.06,,1844747.0
2016-12-30,6.07,6.07,6.0,6.02,,1800395.0
2017-01-03,6.11,6.13,5.98,6.02,,2441264.0
2017-01-04,6.03,6.11,6.02,6.08,,2322238.0
2017-01-05,6.05,6.18,6.05,6.17,,3113653.0
2017-01-06,6.16,6.24,6.1,6.2,,1926191.0
2017-01-09,6.2,6.3,6.16,6.26,,2025985.0
2017-01-10,6.29,6.41,6.29,6.39,,1845083.0
2017-01-11,6.45,6.58,6.38,6.42,,2360981.0
2017-01-12,6.41,6.43,6.29,6.37,,1337615.0
2017-01-13,6.37,6.47,6.36,6.46,,743303.0
2017-01-17,6.46,6.49,6.28,6.34,,7723588.0
2017-01-18,6.33,6.39,6.27,6.37,,2121932.0
2017-01-19,6.47,6.55,6.44,6.47,,5443720.0
2017-01-20,6.47,6.52,6.44,6.46,,2651978.0
2017-01-23,6.46,6.49,6.37,6.44,,2769898.0
2017-01-24,6.45,6.54,6.44,6.53,,1464341.0
2017-01-25,6.59,6.67,6.52,6.56,,1343234.0
2017-01-26,6.59,6.63,6.47,6.51,,1463237.0
2017-01-27,6.51,6.57,6.45,6.56,,1208485.0
2017-01-30,6.55,6.57,6.41,6.56,,1599906.0
2017-01-31,6.57,6.68,6.51,6.65,,2207430.0
2017-02-01,6.65,6.69,6.54,6.62,,1784460.0
2017-02-02,6.61,6.7,6.56,6.64,,4434397.0
2017-02-03,7.43,7.6,7.22,7.54,,127062.0
2017-02-06,7.53,7.67,7.36,7.57,,3762949.0
2017-02-07,7.6,7.65,7.51,7.55,,1934417.0
2017-02-08,7.54,7.57,7.44,7.48,,2624541.0
2017-02-09,7.48,7.65,7.46,7.6,,1551267.0
2017-02-10,7.55,7.63,7.52,7.54,,1521512.0
2017-02-13,7.54,7.6,7.51,7.56,,1353971.0
2017-02-14,7.54,7.59,7.48,7.55,,2861511.0
2017-02-15,7.56,7.61,7.51,7.59,,1168399.0
2017-02-16,7.58,7.62,7.41,7.45,,1561924.0
2017-02-17,7.41,7.52,7.38,7.49,,1249866.0
2017-02-21,7.45,7.55,7.44,7.48,,1268319.0
2017-02-22,7.46,7.53,7.44,7.45,,1093764.0
2017-02-23,7.44,7.45,7.36,7.45,,1620528.0
2017-02-24,7.39,7.44,7.31,7.43,,1003507.0
2017-02-27,7.42,7.5,7.38,7.49,,1944190.0
2017-02-28,7.45,7.48,7.41,7.47,,2678637.0
2017-03-01,7.35,7.47,7.33,7.46,,3190582.0
2017-03-02,7.43,7.47,7.33,7.35,,1931900.0
2017-03-03,7.32,7.33,7.23,7.26,,2340531.0
2017-03-06,7.23,7.32,7.2,7.27,,1886118.0
2017-03-07,7.25,7.3,7.19,7.29,,1809480.0
2017-03-08,7.3,7.52,7.3,7.45,,3403725.0
2017-03-09,7.41,7.46,7.29,7.33,,1547643.0
2017-03-10,7.4,7.42,7.34,7.39,,1143504.0
2017-03-13,7.37,7.43,7.36,7.39,,956396.0
2017-03-14,7.39,7.39,7.27,7.33,,917121.0
2017-03-15,7.32,7.39,7.28,7.37,,908865.0
2017-03-16,7.41,7.47,7.41,7.46,,1121411.0
2017-03-17,7.54,7.54,7.39,7.43,,3088961.0
2017-03-20,7.43,7.49,7.39,7.4,,881389.0
2017-03-21,7.42,7.43,7.21,7.22,,1365535.0
2017-03-22,7.19,7.3,7.18,7.3,,1016511.0
2017-03-23,7.3,7.35,7.25,7.28,,976648.0
2017-03-24,7.3,7.33,7.24,7.26,,920737.0
2017-03-27,7.19,7.31,7.17,7.27,,1313636.0
2017-03-28,7.28,7.33,7.26,7.31,,725317.0
2017-03-29,7.5,7.71,7.46,7.66,,2977354.0
2017-03-30,7.65,7.71,7.56,7.57,,1447825.0
2017-03-31,7.55,7.7,7.55,7.67,,1298345.0
2017-04-03,7.71,7.81,7.61,7.65,,1799913.0
2017-04-04,7.63,7.7,7.51,7.53,,1219517.0
2017-04-05,7.57,7.62,7.47,7.49,,1290764.0
2017-04-06,7.49,7.49,7.39,7.45,,1697100.0
2017-04-07,7.44,7.5,7.41,7.48,,932169.0
2017-04-10,7.51,7.51,7.39,7.44,,2363273.0
2017-04-11,7.43,7.52,7.41,7.52,,1400597.0
2017-04-12,7.53,7.58,7.48,7.49,,817916.0
2017-04-13,7.49,7.53,7.46,7.46,,995570.0
2017-04-17,7.52,7.73,7.52,7.61,,1672299.0
2017-04-18,7.61,7.71,7.58,7.7,,1466270.0
2017-04-19,7.73,7.77,7.67,7.69,,1136014.0
2017-04-20,7.7,7.71,7.6,7.7,,864194.0
2017-04-21,7.83,7.93,7.76,7.91,,3230531.0
2017-04-24,8.04,8.07,7.91,7.98,,2929500.0
2017-04-25,8.04,8.13,8.0,8.05,,1584232.0
2017-04-26,8.04,8.06,7.98,7.98,,1535867.0
2017-04-27,8.03,8.12,7.97,8.08,,2909651.0
2017-04-28,7.81,7.99,7.73,7.8,,4585376.0
2017-05-01,7.86,7.87,7.73,7.83,,1919706.0
2017-05-02,7.87,7.94,7.83,7.88,,1840242.0
2017-05-03,7.9,7.96,7.8,7.84,,1586586.0
2017-05-04,7.86,7.92,7.82,7.89,,1278661.0
2017-05-05,7.91,8.05,7.89,8.02,,1568729.0
2017-05-08,8.02,8.04,7.93,7.96,,907241.0
2017-05-09,8.07,8.14,7.8,7.81,,1708127.0
2017-05-10,7.8,7.88,7.79,7.85,,920270.0
2017-05-11,7.83,7.86,7.72,7.81,,1059576.0
2017-05-12,7.81,7.84,7.71,7.82,,1343845.0
2017-05-15,8.02,8.27,8.02,8.09,,3464282.0
2017-05-16,8.16,8.2,8.09,8.19,,1681427.0
2017-05-17,8.15,8.15,7.91,7.91,,1419000.0
2017-05-18,7.87,7.95,7.77,7.93,,1412748.0
2017-05-19,7.98,8.08,7.96,8.01,,1155659.0
2017-05-22,8.01,8.11,7.98,8.1,,1552784.0
2017-05-23,8.12,8.14,8.0,8.01,,956913.0
2017-05-24,8.05,8.09,7.94,7.96,,806301.0
2017-05-25,7.99,8.02,7.89,7.93,,1033084.0
2017-05-26,7.92,7.93,7.86,7.9,,863557.0
2017-05-30,7.87,7.89,7.8,7.83,,2017430.0
2017-05-31,7.84,7.88,7.77,7.87,,1768235.0
2017-06-01,7.96,7.97,7.8,7.84,,2879197.0
2017-06-02,7.91,7.93,7.79,7.81,,2222152.0
2017-06-05,7.78,7.92,7.78,7.87,,1501347.0
2017-06-06,7.83,7.89,7.78,7.82,,2375766.0
2017-06-07,7.8,7.84,7.71,7.84,,3000701.0
2017-06-08,7.82,7.92,7.71,7.9,,2131652.0
2017-06-09,7.92,7.94,7.36,7.46,,3646807.0
2017-06-12,7.38,7.5,7.15,7.49,,3550302.0
2017-06-13,7.53,7.6,7.49,7.59,,984352.0
2017-06-14,7.62,7.67,7.49,7.57,,1584101.0
2017-06-15,7.48,7.55,7.47,7.53,,825056.0
2017-06-16,7.52,7.57,7.48,7.57,,1665486.0
2017-06-19,7.61,7.65,7.58,7.6,,1119441.0
2017-06-20,7.6,7.64,7.49,7.49,,1075678.0
2017-06-21,7.52,7.63,7.52,7.55,,910559.0
2017-06-22,7.56,7.6,7.52,7.56,,751930.0
2017-06-23,7.57,7.67,7.52,7.66,,1029956.0
2017-06-26,7.66,7.7,7.51,7.57,,1006400.0
2017-06-27,7.53,7.61,7.43,7.44,,972563.0
2017-06-28,7.5,7.61,7.44,7.55,,1175829.0
2017-06-29,7.56,7.64,7.42,7.55,,1667682.0
2017-06-30,7.55,7.61,7.48,7.49,,1277040.0
2017-07-03,7.53,7.6,7.41,7.43,,500486.0
2017-07-05,7.54,7.84,7.52,7.73,,2459577.0
2017-07-06,7.66,7.69,7.56,7.6,,1584847.0
2017-07-07,7.65,7.78,7.5,7.7,,1286658.0
2017-07-10,7.71,7.74,7.62,7.7,,1080359.0
2017-07-11,7.7,7.78,7.66,7.78,,1653733.0
2017-07-12,7.82,7.99,7.81,7.9,,1914276.0
2017-07-13,7.92,8.02,7.86,8.01,,1715759.0
2017-07-14,7.8,8.04,7.73,8.02,,1912633.0
2017-07-17,8.04,8.1,7.96,8.05,,2005391.0
2017-07-18,8.02,8.11,8.0,8.09,,893426.0
2017-07-19,8.12,8.31,8.1,8.22,,1402735.0
2017-07-20,8.1,8.17,8.01,8.14,,1730423.0
2017-07-21,8.13,8.15,8.07,8.07,,636410.0
2017-07-24,8.09,8.14,8.04,8.11,,779643.0
2017-07-25,8.12,8.19,8.09,8.14,,1828203.0
2017-07-26,8.15,8.18,8.05,8.12,,1872824.0
2017-07-27,7.91,8.16,7.64,7.68,,6244645.0
2017-07-28,7.66,7.71,7.48,7.49,,2227286.0
2017-07-31,7.52,7.55,7.36,7.38,,2304398.0
2017-08-01,7.43,7.43,7.34,7.36,,1589864.0
2017-08-02,7.4,7.42,7.17,7.27,,1786016.0
2017-08-03,7.27,7.32,7.21,7.28,,1412589.0
2017-08-04,7.28,7.4,7.25,7.37,,3191361.0
2017-08-07,7.36,7.42,7.29,7.37,,2029069.0
2017-08-08,7.33,7.38,7.29,7.3,,1158347.0
2017-08-09,7.25,7.34,7.23,7.34,,1370514.0
2017-08-10,7.28,7.35,7.2,7.22,,1652660.0
2017-08-11,7.18,7.31,7.18,7.3,,1194415.0
2017-08-14,7.36,7.44,7.35,7.41,,706630.0
2017-08-15,7.44,7.44,7.34,7.36,,596493.0
2017-08-16,7.36,7.46,7.36,7.44,,602893.0
2017-08-17,7.41,7.47,7.3,7.3,,608507.0
2017-08-18,7.31,7.39,7.28,7.33,,620471.0
2017-08-21,7.32,7.39,7.29,7.39,,637163.0
2017-08-22,7.41,7.53,7.4,7.5,,778518.0
2017-08-23,7.45,7.49,7.4,7.42,,589509.0
2017-08-24,7.43,7.5,7.42,7.45,,683096.0
2017-08-25,7.5,7.53,7.42,7.44,,890867.0
2017-08-28,7.44,7.46,7.41,7.45,,1033478.0
2017-08-29,7.4,7.5,7.39,7.47,,529516.0
2017-08-30,7.48,7.58,7.47,7.57,,556624.0
2017-08-31,7.59,7.68,7.58,7.64,,1311588.0
2017-09-01,7.68,7.72,7.61,7.66,,712709.0
2017-09-05,7.58,7.67,7.33,7.35,,1803405.0
2017-09-06,7.37,7.48,7.33,7.48,,1187126.0
2017-09-07,7.5,7.54,7.42,7.47,,781063.0
2017-09-08,7.52,7.69,7.5,7.51,,1171487.0
2017-09-11,7.57,7.71,7.57,7.65,,1147520.0
2017-09-12,7.68,7.7,7.58,7.7,,764325.0
2017-09-13,7.66,7.69,7.59,7.59,,1069936.0
2017-09-14,7.56,7.62,7.48,7.61,,822552.0
2017-09-15,7.59,7.73,7.59,7.73,,1767574.0
2017-09-18,7.76,7.81,7.72,7.72,,1277778.0
2017-09-19,7.77,7.78,7.7,7.71,,695768.0
2017-09-20,7.7,7.73,7.57,7.65,,705351.0
2017-09-21,7.65,7.9,7.61,7.66,,793063.0
2017-09-22,7.63,7.73,7.63,7.67,,609373.0
2017-09-25,7.66,7.67,7.48,7.51,,839876.0
2017-09-26,7.55,7.59,7.44,7.49,,933405.0
2017-09-27,7.52,7.6,7.52,7.54,,2595008.0
2017-09-28,7.52,7.52,7.18,7.18,,3129731.0
2017-09-29,7.17,7.24,7.09,7.17,,3263471.0
2017-10-02,7.18,7.39,7.18,7.27,,2166249.0
2017-10-03,7.3,7.39,7.29,7.35,,1507889.0
2017-10-04,7.35,7.39,7.32,7.37,,971619.0
2017-10-05,7.39,7.67,7.37,7.66,,2694647.0
2017-10-06,7.64,7.83,7.62,7.81,,1674412.0
2017-10-09,7.8,7.84,7.72,7.75,,1235739.0
2017-10-10,7.76,7.79,7.68,7.69,,863759.0
2017-10-11,7.68,7.78,7.67,7.74,,620934.0
2017-10-12,7.71,7.75,7.69,7.7,,1046314.0
2017-10-13,7.75,7.85,7.73,7.82,,934256.0
2017-10-16,7.82,7.85,7.71,7.79,,832258.0
2017-10-17,7.82,7.93,7.8,7.85,,1117920.0
2017-10-18,8.0,8.08,7.86,8.06,,2261231.0
2017-10-19,8.01,8.04,7.88,8.04,,1112231.0
2017-10-20,8.07,8.11,8.02,8.06,,1145834.0
2017-10-23,8.06,8.1,7.99,8.03,,927299.0
2017-10-24,8.03,8.08,7.97,8.0,,1155747.0
2017-10-25,8.0,8.05,7.9,7.94,,892706.0
2017-10-26,7.96,8.05,7.9,8.02,,1419750.0
2017-10-27,7.45,8.07,7.43,7.75,,5102571.0
2017-10-30,7.74,7.94,7.73,7.9,,2072983.0
2017-10-31,7.93,7.98,7.86,7.88,,1419491.0
2017-11-01,7.88,7.89,7.66,7.75,,2296868.0
2017-11-02,7.69,7.81,7.62,7.72,,1563847.0
2017-11-03,7.7,7.82,7.7,7.8,,1200950.0
2017-11-06,7.78,7.86,7.72,7.85,,1532270.0
2017-11-07,7.89,7.91,7.77,7.82,,1363336.0
2017-11-08,7.83,8.02,7.8,7.98,,1887021.0
2017-11-09,7.93,8.01,7.83,7.9,,1582495.0
2017-11-10,7.9,8.02,7.84,7.99,,1601659.0
2017-11-13,7.97,8.08,7.94,8.07,,1748874.0
2017-11-14,7.99,8.08,7.89,8.0,,1437737.0
2017-11-15,7.93,8.05,7.88,7.98,,1428857.0
2017-11-16,8.02,8.15,7.98,8.05,,2132266.0
2017-11-17,8.05,8.1,8.0,8.06,,1264588.0
2017-11-20,8.08,8.2,8.04,8.15,,1364864.0
2017-11-21,8.2,8.3,8.17,8.26,,1813973.0
2017-11-22,8.3,8.4,8.27,8.35,,1641259.0
2017-11-24,8.37,8.42,8.33,8.38,,564816.0
2017-11-27,8.38,8.45,8.36,8.37,,2840664.0
2017-11-28,8.42,8.46,8.33,8.43,,1103400.0
2017-11-29,8.42,8.43,8.2,8.29,,1135868.0
2017-11-30,8.35,8.44,8.27,8.41,,1364310.0
2017-12-01,8.4,8.46,8.24,8.44,,1187201.0
2017-12-04,8.48,8.5,8.3,8.31,,1326729.0
2017-12-05,8.25,8.39,8.21,8.22,,1556358.0
2017-12-06,8.19,8.28,8.1,8.26,,1235723.0
2017-12-07,8.28,8.33,8.21,8.28,,1490372.0
2017-12-08,8.32,8.41,8.31,8.39,,949415.0
2017-12-11,8.39,8.48,8.36,8.44,,1202612.0
2017-12-12,8.31,8.52,8.29,8.44,,1331080.0
2017-12-13,8.47,8.62,8.44,8.53,,1191379.0
2017-12-14,8.56,8.61,8.51,8.54,,1425696.0
2017-12-15,8.57,8.76,8.57,8.73,,2382846.0
2017-12-18,8.78,8.94,8.74,8.85,,1793333.0
2017-12-19,8.85,9.13,8.82,9.02,,2166858.0
2017-12-20,9.1,9.1,8.74,8.97,,1728941.0
2017-12-21,9.0,9.0,8.78,8.8,,1555530.0
2017-12-22,8.81,8.85,8.72,8.78,,1435102.0
2017-12-26,8.72,8.86,8.72,8.83,,1298249.0
2017-12-27,8.84,8.86,8.78,8.81,,553106.0
2017-12-28,8.82,8.82,8.77,8.8,,1392295.0
2017-12-29,8.82,8.84,8.74,8.74,,882735.0
2018-01-02,8.75,8.89,8.71,8.87,,1281162.0
2018-01-03,8.86,9.03,8.83,9.01,,1512020.0
2018-01-04,9.02,9.05,8.79,8.8,,2529707.0
2018-01-05,8.86,8.91,8.78,8.82,,1426163.0
2018-01-08,8.86,9.01,8.8,9.0,,1110846.0
2018-01-09,8.94,8.97,8.79,8.86,,1381022.0
2018-01-10,8.81,8.84,8.7,8.82,,1178592.0
2018-01-11,8.82,8.92,8.78,8.85,,1200373.0
2018-01-12,8.89,9.03,8.86,8.99,,1456722.0
2018-01-16,9.01,9.16,8.83,8.87,,1464924.0
2018-01-17,8.95,9.05,8.93,9.02,,1096350.0
2018-01-18,8.98,9.18,8.97,9.14,,1917748.0
2018-01-19,9.18,9.29,9.13,9.2,,2291875.0
2018-01-22,9.16,9.18,9.04,9.17,,1348142.0
2018-01-23,8.86,9.18,8.71,9.15,,2694631.0
2018-01-24,9.19,9.25,9.01,9.05,,1275773.0
2018-01-25,9.11,9.16,9.02,9.08,,680860.0
2018-01-26,9.02,9.21,9.02,9.17,,1198571.0
2018-01-29,9.15,9.25,9.14,9.19,,1659735.0
2018-01-30,9.13,9.2,9.13,9.15,,1220132.0
2018-01-31,9.08,9.28,9.07,9.21,,1426773.0
2018-02-01,9.15,9.25,9.09,9.17,,1434407.0
2018-02-02,9.14,9.15,8.97,8.99,,1475281.0
2018-02-05,8.85,9.14,8.73,8.77,,2364366.0
2018-02-06,9.05,9.4,8.92,9.31,,6649393.0
2018-02-07,9.34,9.36,9.1,9.1,,2502765.0
2018-02-08,9.1,9.17,8.89,8.9,,2757778.0
2018-02-09,9.05,9.37,8.91,9.31,,4078160.0
2018-02-12,9.37,9.44,9.28,9.3,,2661071.0
2018-02-13,9.29,9.63,9.26,9.62,,2471958.0
2018-02-14,9.59,9.7,9.54,9.68,,1543955.0
2018-02-15,9.7,9.91,9.64,9.86,,1688125.0
2018-02-16,9.81,9.92,9.79,9.79,,1294453.0
2018-02-20,9.69,9.92,9.68,9.81,,1124606.0
2018-02-21,9.88,9.99,9.82,9.82,,1591335.0
2018-02-22,9.85,9.96,9.8,9.84,,1694033.0
2018-02-23,9.93,9.99,9.82,9.97,,1240937.0
2018-02-26,10.0,10.08,9.96,10.06,,1103234.0
2018-02-27,10.08,10.17,9.99,9.99,,856066.0
2018-02-28,9.96,10.2,9.92,10.09,,1692279.0
2018-03-01,10.14,10.18,9.85,9.9,,1899883.0
2018-03-02,9.88,10.11,9.85,10.09,,1982489.0
2018-03-05,10.05,10.25,9.98,10.13,,1568408.0
2018-03-06,10.18,10.39,10.09,10.37,,1949850.0
2018-03-07,10.27,10.51,10.24,10.49,,1755314.0
2018-03-08,10.57,10.83,10.53,10.82,,2544977.0
2018-03-09,10.89,10.94,10.79,10.89,,1743415.0
2018-03-12,10.89,10.96,10.83,10.94,,1253412.0
2018-03-13,10.94,10.99,10.8,10.85,,1229576.0
2018-03-14,10.85,10.93,10.78,10.91,,748656.0
2018-03-15,10.92,10.99,10.81,10.84,,905259.0
2018-03-16,10.82,10.95,10.8,10.8,,2146430.0
2018-03-19,10.54,10.69,10.44,10.67,,1363681.0
2018-03-20,10.64,10.83,10.56,10.76,,710180.0
2018-03-21,10.83,11.04,10.76,10.91,,1521267.0
2018-03-22,10.79,10.93,10.7,10.72,,896957.0
2018-03-23,10.72,10.77,10.58,10.59,,1168064.0
2018-03-26,10.77,10.92,10.69,10.92,,935164.0
2018-03-27,11.02,11.07,10.59,10.67,,1315077.0
2018-03-28,10.67,10.72,10.39,10.46,,2012857.0
2018-03-29,10.55,10.75,10.49,10.72,,1352148.0
2018-04-02,10.62,10.71,10.41,10.49,,954436.0
2018-04-03,10.55,10.74,10.55,10.69,,1499978.0
2018-04-04,10.48,10.9,10.45,10.86,,1240083.0
2018-04-05,10.87,11.05,10.84,10.92,,1007104.0
2018-04-06,10.85,10.99,10.8,10.87,,1241784.0
2018-04-09,10.86,11.09,10.85,10.89,,1233569.0
2018-04-10,11.03,11.31,10.94,11.25,,1485892.0
2018-04-11,10.94,11.27,10.85,10.97,,2301234.0
2018-04-12,11.08,11.29,11.08,11.22,,1384160.0
2018-04-13,11.29,11.29,11.11,11.17,,816749.0
2018-04-16,11.29,11.47,11.22,11.35,,1161431.0
2018-04-17,11.44,11.56,11.4,11.53,,1454786.0
2018-04-18,11.6,11.6,11.48,11.5,,844380.0
2018-04-19,11.45,11.51,11.38,11.48,,764506.0
2018-04-20,11.46,11.53,11.37,11.43,,686201.0
2018-04-23,11.51,11.56,11.34,11.35,,1554280.0
2018-04-24,11.5,11.54,11.1,11.21,,1349419.0
2018-04-25,11.16,11.2,10.85,10.96,,2438044.0
2018-04-26,11.03,11.19,11.0,11.08,,1647075.0
2018-04-27,11.13,11.23,10.98,10.99,,1500677.0
2018-04-30,11.04,11.26,10.99,11.07,,1527529.0
2018-05-01,11.0,11.17,10.99,11.15,,1238107.0
2018-05-02,11.18,11.29,11.13,11.19,,1347397.0
2018-05-03,11.11,11.3,10.98,11.22,,2799052.0
2018-05-04,11.15,11.22,10.68,10.95,,3490049.0
2018-05-07,11.04,11.16,10.95,11.14,,1603314.0
2018-05-08,11.08,11.39,11.06,11.39,,2134346.0
2018-05-09,11.41,11.81,11.41,11.8,,2541955.0
2018-05-10,11.78,12.06,11.77,12.03,,1464738.0
2018-05-11,12.04,12.11,11.87,12.08,,1713479.0
2018-05-14,12.08,12.16,11.83,11.91,,1295836.0
2018-05-15,11.85,11.92,11.66,11.86,,1280255.0
2018-05-16,11.89,11.9,11.69,11.72,,1365005.0
2018-05-17,11.7,11.76,11.55,11.66,,1552236.0
2018-05-18,11.66,11.8,11.64,11.7,,1512028.0
2018-05-21,11.85,11.94,11.77,11.86,,2164740.0
2018-05-22,11.88,11.94,11.75,11.75,,1352777.0
2018-05-23,11.65,11.84,11.62,11.83,,968400.0
2018-05-24,11.86,12.16,11.86,12.13,,2584202.0
2018-05-25,12.09,12.13,11.99,12.07,,838884.0
2018-05-29,12.04,12.19,11.96,11.99,,1475178.0
2018-05-30,12.07,12.28,12.07,12.24,,1312766.0
2018-05-31,12.23,12.43,12.2,12.24,,2020931.0
2018-06-01,12.31,12.42,12.3,12.4,,1255396.0
2018-06-04,12.5,12.53,12.31,12.49,,1135769.0
2018-06-05,12.54,12.65,12.41,12.64,,1464656.0
2018-06-06,12.66,12.71,12.55,12.66,,1380748.0
2018-06-07,12.68,12.74,12.17,12.3,,1745604.0
2018-06-08,12.3,12.53,12.17,12.51,,1315050.0
2018-06-11,12.56,12.67,12.51,12.65,,908735.0
2018-06-12,12.67,12.83,12.58,12.82,,1263400.0
2018-06-13,12.88,13.03,12.83,12.94,,1872996.0
2018-06-14,13.02,13.25,13.02,13.15,,1678570.0
2018-06-15,13.18,13.2,12.96,13.06,,2620459.0
2018-06-18,13.0,13.26,12.95,13.23,,2435586.0
2018-06-19,12.64,12.95,12.56,12.86,,2693762.0
2018-06-20,12.87,13.11,12.87,13.02,,1231486.0
2018-06-21,13.01,13.09,12.8,12.95,,1038257.0
2018-06-22,12.97,12.97,12.66,12.79,,2304188.0
2018-06-25,12.69,12.71,12.31,12.42,,2315228.0
2018-06-26,12.49,12.66,12.43,12.57,,1426388.0
2018-06-27,12.65,12.72,12.34,12.36,,1423267.0
2018-06-28,12.31,12.53,12.22,12.49,,963698.0
2018-06-29,12.56,12.69,12.47,12.49,,1869329.0
2018-07-02,12.43,12.79,12.38,12.79,,939207.0
2018-07-03,12.82,12.86,12.67,12.72,,599681.0
2018-07-05,12.82,12.88,12.66,12.87,,1770901.0
2018-07-06,12.87,13.02,12.82,12.99,,718809.0
2018-07-09,13.06,13.19,12.88,12.95,,1082307.0
2018-07-10,13.02,13.17,13.0,13.08,,1000345.0
2018-07-11,13.01,13.17,12.96,13.13,,740286.0
2018-07-12,13.19,13.49,13.16,13.45,,797868.0
2018-07-13,13.42,13.46,13.25,13.31,,976113.0
2018-07-16,13.37,13.4,13.22,13.25,,543892.0
2018-07-17,13.2,13.44,13.0,13.39,,1203731.0
2018-07-18,13.41,13.44,13.3,13.36,,1409185.0
2018-07-19,13.41,13.61,13.37,13.49,,1604371.0
2018-07-20,13.27,13.67,13.27,13.6,,1015260.0
2018-07-23,13.58,13.66,13.38,13.64,,1165743.0
2018-07-24,13.73,13.76,13.23,13.35,,1444656.0
2018-07-25,13.38,13.73,13.38,13.69,,1177361.0
2018-07-26,13.62,13.77,13.47,13.71,,1218103.0
2018-07-27,13.67,13.71,13.01,13.16,,1268609.0
2018-07-30,13.12,13.15,12.45,12.56,,2396038.0
2018-07-31,12.62,12.75,12.47,12.58,,1947541.0
2018-08-01,12.65,12.97,12.62,12.92,,2956574.0
2018-08-02,14.1,14.77,14.0,14.75,,4123980.0
2018-08-03,14.8,15.13,14.62,14.73,,2627514.0
2018-08-06,14.7,14.85,14.56,14.73,,1456054.0
2018-08-07,14.72,14.88,14.6,14.61,,931763.0
2018-08-08,14.61,14.67,14.43,14.61,,1319478.0
2018-08-09,14.67,15.03,14.63,14.91,,1722648.0
2018-08-10,14.8,15.16,14.77,15.06,,1252851.0
2018-08-13,15.0,15.11,14.85,14.96,,1818688.0
2018-08-14,15.06,15.29,14.84,15.27,,912365.0
2018-08-15,15.25,15.39,15.04,15.24,,1522219.0
2018-08-16,15.3,15.48,15.27,15.32,,1144724.0
2018-08-17,15.3,15.34,15.08,15.3,,948102.0
2018-08-20,15.38,15.47,15.21,15.34,,1252158.0
2018-08-21,15.45,15.5,15.25,15.32,,1236153.0
2018-08-22,15.3,15.6,15.3,15.54,,828246.0
2018-08-23,15.5,15.82,15.5,15.75,,1170642.0
2018-08-24,15.79,16.14,15.79,16.08,,889915.0
2018-08-27,16.11,16.24,15.95,16.06,,951341.0
2018-08-28,16.13,16.23,16.02,16.18,,916761.0
2018-08-29,16.32,16.61,16.27,16.5,,1225393.0
2018-08-30,16.49,16.73,16.42,16.61,,1124604.0
2018-08-31,16.57,16.82,16.57,16.75,,1732168.0
2018-09-04,17.02,17.23,16.76,17.22,,1966485.0
2018-09-05,17.26,17.31,16.31,16.7,,2092382.0
2018-09-06,16.76,17.15,16.7,17.0,,1763500.0
2018-09-07,16.89,17.36,16.75,17.1,,1071905.0
2018-09-10,17.23,17.6,17.12,17.57,,1554356.0
2018-09-11,17.5,17.77,17.4,17.45,,2143239.0
2018-09-12,17.47,17.79,17.27,17.75,,1646534.0
2018-09-13,17.85,18.1,17.7,17.99,,1754961.0
2018-09-14,18.0,18.25,18.0,18.07,,1529457.0
2018-09-17,18.06,18.15,17.52,17.63,,1418859.0
2018-09-18,17.32,17.89,17.06,17.69,,1829607.0
2018-09-19,17.73,17.79,16.91,17.17,,2604038.0
2018-09-20,16.8,17.29,16.55,17.14,,2715543.0
2018-09-21,17.18,17.43,17.04,17.1,,3201360.0
2018-09-24,17.1,17.54,16.83,17.45,,2097970.0
2018-09-25,17.65,17.97,17.6,17.9,,2332903.0
2018-09-26,18.0,18.1,17.75,17.91,,1872498.0
2018-09-27,18.01,18.45,18.01,18.35,,2314174.0
2018-09-28,18.24,18.48,17.95,18.45,,2269033.0
2018-10-01,18.6,18.87,18.36,18.46,,1859843.0
2018-10-02,18.47,18.49,18.02,18.24,,2070894.0
2018-10-03,18.31,18.53,18.2,18.3,,1637746.0
2018-10-04,18.29,18.34,17.7,17.86,,1733240.0
2018-10-05,17.54,17.63,16.92,17.22,,3950135.0
2018-10-08,17.24,17.38,16.37,16.74,,3797313.0
2018-10-09,16.61,16.92,16.4,16.51,,3196196.0
2018-10-10,16.62,16.69,15.68,15.91,,33370602.0
2018-10-11,15.77,15.96,15.35,15.42,,4072740.0
2018-10-12,15.93,16.2,15.71,15.99,,3729143.0
2018-10-15,16.06,16.26,15.71,16.03,,2581030.0
2018-10-16,16.29,16.6,16.13,16.54,,2237727.0
2018-10-17,16.6,16.75,16.21,16.33,,2707805.0
2018-10-18,16.19,16.5,16.14,16.34,,2829082.0
2018-10-19,16.52,16.79,16.23,16.24,,2278720.0
2018-10-22,16.3,16.69,16.17,16.59,,2115114.0
2018-10-23,16.16,16.75,16.07,16.68,,2095341.0
2018-10-24,16.61,16.79,15.78,15.82,,1787400.0
2018-10-25,15.98,16.36,15.85,16.22,,1806876.0
2018-10-26,15.77,15.99,15.43,15.64,,1813944.0
2018-10-29,16.05,16.2,15.2,15.51,,2093133.0
2018-10-30,15.46,15.89,15.38,15.79,,1983469.0
2018-10-31,16.21,16.57,16.15,16.44,,2119149.0
2018-11-01,16.44,16.8,15.94,16.74,,2360628.0
2018-11-02,16.34,16.34,14.31,14.51,,5926495.0
2018-11-05,14.6,15.04,14.34,14.97,,2900249.0
2018-11-06,14.91,15.13,14.7,14.95,,1929005.0
2018-11-07,15.18,15.74,15.12,15.57,,2935203.0
2018-11-08,15.61,15.9,15.46,15.58,,2292101.0
2018-11-09,15.38,15.44,14.79,14.95,,2234878.0
2018-11-12,14.88,15.07,14.53,14.75,,1715291.0
2018-11-13,14.76,15.01,14.56,14.7,,1355448.0
2018-11-14,14.94,15.09,14.6,14.67,,1874991.0
2018-11-15,14.5,14.63,14.32,14.55,,1735086.0
2018-11-16,14.48,14.73,14.31,14.69,,2219843.0
2018-11-19,14.63,14.67,13.51,13.56,,2884051.0
2018-11-20,13.15,13.72,12.93,13.41,,3384808.0
2018-11-21,13.53,13.86,13.51,13.71,,3579274.0
2018-11-23,13.53,13.8,13.53,13.59,,852734.0
2018-11-26,13.84,14.21,13.73,14.17,,1816078.0
2018-11-27,14.12,14.24,13.97,14.14,,1857324.0
2018-11-28,14.25,14.76,14.25,14.7,,1622497.0
2018-11-29,14.61,14.88,14.43,14.78,,1483339.0
2018-11-30,14.79,15.01,14.53,14.77,,3121551.0
2018-12-03,15.25,15.44,14.87,15.02,,2262271.0
2018-12-04,15.1,15.28,14.49,14.68,,2287423.0
2018-12-06,14.32,15.09,14.07,15.09,,2274026.0
2018-12-07,14.96,15.1,14.24,14.32,,1843258.0
2018-12-10,14.41,14.99,14.41,14.94,,1441326.0
2018-12-11,15.19,15.26,14.8,14.89,,3499438.0
2018-12-12,15.2,15.27,14.93,15.04,,1439655.0
2018-12-13,15.19,15.27,14.73,14.9,,1140956.0
2018-12-14,14.61,14.91,14.43,14.58,,2238413.0
2018-12-17,14.47,14.5,13.57,13.65,,2946568.0
2018-12-18,13.73,14.28,13.73,14.01,,3158338.0
2018-12-19,14.14,14.49,13.89,14.0,,2422557.0
2018-12-20,13.88,14.14,13.43,13.97,,3487036.0
2018-12-21,14.04,14.16,13.02,13.17,,4143242.0
2018-12-24,13.0,13.4,12.88,13.1,,1094326.0
2018-12-26,13.21,13.73,13.19,13.71,,2792778.0
2018-12-27,13.53,14.08,13.41,14.08,,1605976.0
2018-12-28,14.15,14.33,13.83,14.07,,1081695.0
2018-12-31,14.21,14.31,13.99,14.09,,1109149.0
2019-01-02,13.72,14.14,13.61,13.94,,1549979.0
2019-01-03,13.76,13.87,13.39,13.51,,2058514.0
2019-01-04,13.16,13.58,13.01,13.38,,4211912.0
2019-01-07,13.36,14.1,13.36,14.02,,4210274.0
2019-01-08,14.16,14.37,14.06,14.31,,2409092.0
2019-01-09,14.4,14.69,14.34,14.62,,1737706.0
2019-01-10,14.45,14.65,14.04,14.64,,1516340.0
2019-01-11,14.6,14.68,14.45,14.65,,1299469.0
2019-01-14,14.52,14.57,14.38,14.45,,1162367.0
2019-01-15,14.51,15.06,14.51,14.93,,1958515.0
2019-01-16,14.92,15.0,14.34,14.47,,1427746.0
2019-01-17,14.39,14.66,14.32,14.53,,1084470.0
2019-01-18,14.47,14.5,13.97,14.1,,3630884.0
2019-01-22,13.8,14.1,13.63,13.97,,3558934.0
2019-01-23,14.06,14.54,13.84,14.3,,2994563.0
2019-01-24,14.31,14.6,14.29,14.5,,1565477.0
2019-01-25,14.63,14.79,14.6,14.72,,1456921.0
2019-01-28,14.61,14.83,14.45,14.74,,1242803.0
2019-01-29,14.79,14.9,14.56,14.64,,1490466.0
2019-01-30,14.78,15.04,14.66,15.03,,1760418.0
2019-01-31,15.05,15.51,15.05,15.31,,2270120.0
2019-02-01,15.34,15.85,15.34,15.78,,2489525.0
2019-02-04,15.91,16.11,15.79,16.03,,2764393.0
2019-02-05,16.05,16.45,16.03,16.39,,2774498.0
2019-02-06,16.4,16.46,16.01,16.24,,2788665.0
2019-02-07,16.2,16.22,15.27,15.87,,4959748.0
2019-02-08,15.73,16.33,15.68,16.2,,2335781.0
2019-02-11,16.28,16.45,16.16,16.34,,1786075.0
2019-02-12,16.43,16.66,16.4,16.63,,2101529.0
2019-02-13,16.67,16.74,16.42,16.48,,1280848.0
2019-02-14,16.42,16.73,16.39,16.64,,1144669.0
2019-02-15,16.67,16.7,16.52,16.62,,1397522.0
2019-02-19,16.6,16.85,16.6,16.79,,1439336.0
2019-02-20,16.83,16.85,16.59,16.77,,1271361.0
2019-02-21,16.74,16.96,16.63,16.9,,1469235.0
2019-02-22,17.0,17.37,16.95,17.36,,1681365.0
2019-02-25,17.49,17.72,17.37,17.41,,1554901.0
2019-02-26,17.35,17.46,17.22,17.4,,1159094.0
2019-02-27,17.5,17.68,17.42,17.58,,1205601.0
2019-02-28,17.57,17.71,17.33,17.36,,2066628.0
2019-03-01,17.48,17.58,17.13,17.39,,1467559.0
2019-03-04,17.44,17.47,16.47,16.76,,1843714.0
2019-03-05,16.7,16.85,16.64,16.72,,1203110.0
2019-03-06,16.75,16.85,16.5,16.58,,1226254.0
2019-03-07,16.58,16.78,16.48,16.5,,2002197.0
2019-03-08,16.33,16.34,15.93,16.13,,1847994.0
2019-03-11,16.26,16.53,16.23,16.51,,1428950.0
2019-03-12,16.53,16.6,16.33,16.48,,1285055.0
2019-03-13,16.53,16.89,16.53,16.73,,1426800.0
2019-03-14,16.72,16.93,16.7,16.88,,1017512.0
2019-03-15,16.9,16.93,16.65,16.65,,3790142.0
2019-03-18,16.68,16.91,16.6,16.9,,1670203.0
2019-03-19,16.99,17.08,16.73,17.06,,1803747.0
2019-03-20,17.2,17.39,16.9,17.12,,1388198.0
2019-03-21,17.11,17.67,17.09,17.66,,1520283.0
2019-03-22,17.6,17.64,17.02,17.04,,1321003.0
2019-03-25,16.92,17.12,16.7,17.0,,864957.0
2019-03-26,17.18,17.27,16.91,16.97,,980479.0
2019-03-27,16.95,16.98,16.17,16.37,,1980942.0
2019-03-28,16.43,16.59,16.33,16.47,,917136.0
2019-03-29,16.58,16.81,16.45,16.79,,1339473.0
2019-04-01,16.92,17.19,16.65,17.04,,1221412.0
2019-04-02,17.08,17.18,16.85,17.13,,1924294.0
2019-04-03,17.22,17.59,17.22,17.5,,1633031.0
2019-04-04,17.56,17.57,16.49,16.7,,3227350.0
2019-04-05,16.79,17.01,16.69,16.82,,1138605.0
2019-04-08,16.82,17.37,16.66,17.22,,1622208.0
2019-04-09,17.09,17.49,17.07,17.46,,1800585.0
2019-04-10,17.52,17.99,17.48,17.92,,2780144.0
2019-04-11,18.0,18.17,17.8,17.94,,2030268.0
2019-04-12,18.06,18.58,18.0,18.54,,2505316.0
2019-04-15,18.57,19.12,18.56,19.04,,2523204.0
2019-04-16,19.19,19.39,18.69,18.81,,2184730.0
2019-04-17,18.87,18.99,18.31,18.47,,1777578.0
2019-04-18,17.97,18.22,17.64,18.22,,2208852.0
2019-04-22,18.17,18.39,18.12,18.31,,1244607.0
2019-04-23,18.36,18.43,18.06,18.4,,1793217.0
2019-04-24,18.49,18.64,18.41,18.45,,1384953.0
2019-04-25,18.56,18.68,18.27,18.58,,1411160.0
2019-04-26,18.6,18.68,18.28,18.6,,1191487.0
2019-04-29,18.7,18.84,18.55,18.61,,1314719.0
2019-04-30,18.6,18.75,18.52,18.68,,1266154.0
2019-05-01,18.73,18.73,18.36,18.38,,1517909.0
2019-05-02,18.36,18.52,18.1,18.3,,2159409.0
2019-05-03,17.21,17.34,16.56,17.19,,4383233.0
2019-05-06,16.73,17.04,16.57,17.0,,2356183.0
2019-05-07,16.8,16.83,16.15,16.36,,3097005.0
2019-05-08,16.32,16.44,16.18,16.33,,1492165.0
2019-05-09,16.05,16.45,15.95,16.36,,1448817.0
2019-05-10,16.25,16.64,16.07,16.58,,1738500.0
2019-05-13,16.15,16.35,15.88,15.9,,1921873.0
2019-05-14,16.0,16.33,16.0,16.24,,1388454.0
2019-05-15,16.15,16.45,16.1,16.21,,1113932.0
2019-05-16,16.22,16.72,16.22,16.65,,1271121.0
2019-05-17,16.47,16.81,16.36,16.52,,1273911.0
2019-05-20,16.32,16.41,16.14,16.27,,882556.0
2019-05-21,16.49,16.59,16.39,16.51,,915345.0
2019-05-22,16.39,16.52,16.31,16.39,,737925.0
2019-05-23,16.13,16.14,15.34,15.5,,2720591.0
2019-05-24,15.64,15.78,15.45,15.55,,1522663.0
2019-05-28,15.57,15.86,15.41,15.45,,1760339.0
2019-05-29,15.32,15.48,15.01,15.16,,1729699.0
2019-05-30,15.16,15.29,15.02,15.21,,1418588.0
2019-05-31,15.0,15.05,14.45,14.5,,2543910.0
2019-06-03,14.46,14.57,13.77,13.93,,2633485.0
2019-06-04,14.14,14.5,14.08,14.49,,1695435.0
2019-06-05,14.7,14.75,14.32,14.63,,1356042.0
2019-06-06,14.69,14.78,14.49,14.72,,1192727.0
2019-06-07,14.75,14.92,14.7,14.76,,1192999.0
2019-06-10,14.88,15.13,14.87,14.94,,1348834.0
2019-06-11,15.04,15.23,14.94,15.2,,2122155.0
2019-06-12,15.1,15.41,15.04,15.4,,1407374.0
2019-06-13,15.45,15.46,15.22,15.32,,1233576.0
2019-06-14,15.31,15.43,15.14,15.14,,1221455.0
2019-06-17,15.11,15.34,14.89,14.91,,1145924.0
2019-06-18,15.15,15.15,14.93,14.99,,1168092.0
2019-06-19,15.06,15.43,14.9,15.39,,1168198.0
2019-06-20,15.57,15.86,15.28,15.39,,1589351.0
2019-06-21,15.39,15.48,15.0,15.23,,2731056.0
2019-06-24,15.81,15.84,15.14,15.17,,1685504.0
2019-06-25,15.22,15.3,14.93,14.97,,1525325.0
2019-06-26,15.04,15.26,14.96,15.05,,1411640.0
2019-06-27,15.16,15.42,14.97,15.35,,926928.0
2019-06-28,15.42,15.52,15.2,15.37,,2056411.0
2019-07-01,15.62,15.73,15.38,15.44,,1264120.0
2019-07-02,15.49,15.69,15.44,15.62,,1169020.0
2019-07-03,15.7,15.89,15.61,15.77,,1089114.0
2019-07-05,15.68,15.79,15.44,15.78,,635192.0
2019-07-08,15.59,15.9,15.57,15.71,,950740.0
2019-07-09,15.69,16.14,15.6,16.11,,1718404.0
2019-07-10,16.2,16.29,16.08,16.21,,1710235.0
2019-07-11,16.32,16.84,16.24,16.81,,2341756.0
2019-07-12,16.86,16.95,16.61,16.94,,1751213.0
2019-07-15,16.99,17.05,16.73,17.0,,1819686.0
2019-07-16,17.0,17.13,16.79,16.95,,1215480.0
2019-07-17,16.94,17.37,16.89,17.31,,1292444.0
2019-07-18,17.2,17.35,17.08,17.29,,1266468.0
2019-07-19,17.41,17.73,17.39,17.47,,1768738.0
2019-07-22,17.51,17.63,17.37,17.51,,868571.0
2019-07-23,17.66,17.66,17.26,17.52,,1024151.0
2019-07-24,17.43,17.45,17.23,17.32,,1607136.0
2019-07-25,17.21,17.33,17.02,17.07,,1012406.0
2019-07-26,17.16,17.24,17.05,17.07,,1033884.0
2019-07-29,17.07,17.07,16.24,16.59,,1924656.0
2019-07-30,16.43,16.67,16.42,16.49,,1151260.0
2019-07-31,16.49,16.51,15.88,16.06,,1758193.0
2019-08-01,16.09,16.28,15.77,15.8,,1826198.0
2019-08-02,17.6,18.56,17.18,17.21,,5660134.0
2019-08-05,16.67,16.68,15.77,16.17,,2952639.0
2019-08-06,16.29,16.5,16.11,16.41,,1976181.0
2019-08-07,16.1,16.36,15.81,16.29,,1990355.0
2019-08-08,16.42,16.93,16.42,16.87,,1701984.0
2019-08-09,16.85,17.06,16.62,16.71,,1549935.0
2019-08-12,16.6,16.68,16.28,16.44,,1226742.0
2019-08-13,16.31,16.89,16.29,16.78,,1659762.0
2019-08-14,16.44,16.5,15.83,16.14,,1563631.0
2019-08-15,16.16,16.33,15.96,16.02,,1529971.0
2019-08-16,16.17,16.4,16.07,16.13,,1072862.0
2019-08-19,16.39,16.43,16.22,16.23,,783882.0
2019-08-20,16.14,16.22,15.89,15.93,,1067088.0
2019-08-21,16.13,16.51,15.84,16.39,,1335193.0
2019-08-22,16.4,16.47,16.18,16.35,,750921.0
2019-08-23,16.35,16.57,16.01,16.07,,1644850.0
2019-08-26,16.17,16.31,16.1,16.23,,1329933.0
2019-08-27,16.3,16.37,16.08,16.17,,1363289.0
2019-08-28,16.02,16.12,15.42,15.57,,2049660.0
2019-08-29,15.79,15.84,15.43,15.59,,1821398.0
2019-08-30,15.72,15.95,15.65,15.84,,1258774.0
2019-09-03,15.7,15.86,15.47,15.61,,1276605.0
2019-09-04,15.85,15.88,15.53,15.64,,1123516.0
2019-09-05,15.91,16.12,15.76,16.08,,1557303.0
2019-09-06,16.1,16.28,15.97,16.02,,980265.0
2019-09-09,16.12,16.21,15.65,15.8,,1364998.0
2019-09-10,15.67,15.91,15.47,15.84,,1086753.0
2019-09-11,15.96,16.18,15.77,15.97,,1139214.0
2019-09-12,16.01,16.13,15.65,15.67,,1458571.0
2019-09-13,15.74,15.84,15.55,15.62,,1015842.0
2019-09-16,15.49,15.98,15.37,15.93,,969047.0
2019-09-17,15.98,16.05,15.72,15.89,,1176026.0
2019-09-18,15.86,15.87,15.55,15.77,,859053.0
2019-09-19,15.8,15.92,15.58,15.68,,1093873.0
2019-09-20,15.85,16.04,15.62,15.65,,2184225.0
2019-09-23,15.65,16.0,15.61,15.85,,1311265.0
2019-09-24,15.99,15.99,15.63,15.86,,1348520.0
2019-09-25,15.8,15.92,15.47,15.86,,1011752.0
2019-09-26,15.82,15.93,15.7,15.77,,775906.0
2019-09-27,15.83,15.88,15.17,15.24,,1107586.0
2019-09-30,15.24,15.46,15.11,15.35,,1263772.0
2019-10-01,15.52,15.62,15.36,15.41,,810044.0
2019-10-02,15.28,15.28,14.91,15.13,,1057816.0
2019-10-03,15.12,15.56,15.09,15.47,,1264505.0
2019-10-04,15.58,15.64,15.35,15.5,,890517.0
2019-10-07,15.5,15.67,15.4,15.56,,1275028.0
2019-10-08,15.4,15.48,15.03,15.27,,1012933.0
2019-10-09,15.45,15.7,15.36,15.58,,917504.0
2019-10-10,15.43,15.61,15.31,15.52,,930220.0
2019-10-11,15.65,16.0,15.63,15.83,,1207169.0
2019-10-14,15.85,15.94,15.78,15.86,,1146839.0
2019-10-15,15.96,15.99,15.73,15.74,,877270.0
2019-10-16,15.43,15.62,15.14,15.55,,1270562.0
2019-10-17,15.57,15.82,15.51,15.78,,795967.0
2019-10-18,15.75,15.76,15.16,15.31,,1361386.0
2019-10-21,15.4,15.44,15.21,15.26,,856546.0
2019-10-22,15.29,15.64,15.27,15.41,,779045.0
2019-10-23,15.33,15.73,15.24,15.61,,1196012.0
2019-10-24,15.77,16.21,15.74,16.19,,1421589.0
2019-10-25,16.13,16.13,15.87,16.1,,1039637.0
2019-10-28,16.14,16.29,16.01,16.06,,892735.0
2019-10-29,16.05,16.25,15.91,16.15,,893122.0
2019-10-30,16.21,16.54,16.09,16.52,,877100.0
2019-10-31,16.44,16.69,16.19,16.31,,3091422.0
2019-11-01,17.73,18.38,17.45,18.03,,4326980.0
2019-11-04,18.15,18.55,18.1,18.38,,2159867.0
2019-11-05,18.3,18.51,18.2,18.33,,2006753.0
2019-11-06,18.33,18.72,18.15,18.62,,1955167.0
2019-11-07,18.72,18.99,18.44,18.83,,1733575.0
2019-11-08,18.88,19.32,18.82,19.25,,1814162.0
2019-11-11,19.1,19.64,19.04,19.19,,1987730.0
2019-11-12,19.41,20.02,19.35,20.0,,2451267.0
2019-11-13,19.84,20.07,19.75,19.93,,1056125.0
2019-11-14,19.87,20.17,19.82,20.02,,1117532.0
2019-11-15,20.26,20.33,19.96,20.31,,1316980.0
2019-11-18,20.21,20.87,20.13,20.77,,1950554.0
2019-11-19,20.89,21.1,20.81,21.01,,1365553.0
2019-11-20,20.99,21.2,20.42,20.49,,2091172.0
2019-11-21,20.54,20.7,20.47,20.6,,1334224.0
2019-11-22,20.67,20.87,20.58,20.76,,1500429.0
2019-11-25,20.86,21.06,20.79,21.03,,1020324.0
2019-11-26,20.82,21.08,20.8,20.87,,1764644.0
2019-11-27,20.99,21.05,20.79,21.05,,650951.0
2019-11-29,20.97,21.1,20.88,21.02,,486623.0
2019-12-02,21.04,21.09,20.47,20.78,,1193843.0
2019-12-03,20.39,20.81,19.96,20.76,,1800748.0
2019-12-04,20.82,20.9,20.66,20.71,,1107085.0
2019-12-05,20.73,20.99,20.61,20.98,,1394285.0
2019-12-06,21.09,21.13,20.66,20.72,,1035130.0
2019-12-09,20.71,20.91,20.61,20.77,,844676.0
2019-12-10,20.84,20.95,20.67,20.71,,817729.0
2019-12-11,20.76,20.87,20.64,20.83,,691565.0
2019-12-12,20.84,21.0,20.65,20.88,,721203.0
2019-12-13,20.86,21.33,20.8,21.13,,1173637.0
2019-12-16,21.3,21.55,21.27,21.45,,1157871.0
2019-12-17,21.45,21.49,21.01,21.27,,1688477.0
2019-12-18,21.28,21.71,21.23,21.6,,1469468.0
2019-12-19,21.6,21.96,21.56,21.91,,1316344.0
2019-12-20,22.06,22.06,21.37,21.38,,2242425.0
2019-12-23,21.46,21.66,21.42,21.56,,1163487.0
2019-12-24,21.58,21.66,21.53,21.56,,310613.0
2019-12-26,21.53,21.89,21.53,21.65,,412984.0
2019-12-27,21.73,21.74,21.42,21.49,,728280.0
2019-12-30,21.49,21.58,21.04,21.39,,594859.0
2019-12-31,21.32,21.53,21.26,21.35,,729704.0
2020-01-02,21.52,22.06,21.48,21.94,,1108235.0
2020-01-03,21.68,22.31,21.62,22.24,,1328764.0
2020-01-06,22.12,22.47,21.91,22.4,,1473781.0
2020-01-07,22.47,22.5,22.21,22.38,,761877.0
2020-01-08,22.39,22.88,22.36,22.73,,1390601.0
2020-01-09,23.0,23.16,22.69,22.9,,1095255.0
2020-01-10,22.97,23.06,22.77,22.86,,696632.0
2020-01-13,23.24,23.35,22.97,23.34,,840296.0
2020-01-14,23.5,23.53,23.26,23.34,,796470.0
2020-01-15,23.39,23.55,23.32,23.41,,851098.0
2020-01-16,23.48,23.85,23.42,23.82,,866231.0
2020-01-17,23.86,23.9,23.39,23.5,,1121207.0
2020-01-21,23.55,23.66,23.4,23.53,,856847.0
2020-01-22,24.0,24.09,23.54,23.56,,999198.0
2020-01-23,23.55,23.91,23.45,23.81,,1465775.0
2020-01-24,23.9,24.06,23.47,23.6,,1090250.0
2020-01-27,22.98,23.16,22.41,22.89,,1243888.0
2020-01-28,23.0,23.54,22.99,23.51,,1072132.0
2020-01-29,23.6,23.77,23.42,23.45,,884674.0
2020-01-30,23.28,23.68,23.21,23.67,,802695.0
2020-01-31,23.7,23.74,22.91,23.07,,2848859.0
2020-02-03,23.17,23.5,23.1,23.3,,866683.0
2020-02-04,23.91,24.07,23.44,24.02,,1048433.0
2020-02-05,24.21,24.3,23.77,23.96,,1283732.0
2020-02-06,23.99,24.36,23.76,24.27,,1886991.0
2020-02-07,23.6,23.99,22.53,23.42,,2127139.0
2020-02-10,23.3,23.8,23.0,23.75,,1373375.0
2020-02-11,23.95,24.04,23.28,23.46,,1097609.0
2020-02-12,23.5,23.7,23.16,23.48,,859401.0
2020-02-13,23.29,23.85,23.2,23.82,,826041.0
2020-02-14,23.87,23.92,23.59,23.84,,974399.0
2020-02-18,23.77,24.25,23.75,23.89,,2827686.0
2020-02-19,24.0,24.17,23.82,23.84,,703605.0
2020-02-20,23.85,23.99,23.22,23.6,,1171034.0
2020-02-21,23.55,23.56,22.75,22.9,,896737.0
2020-02-24,21.71,22.12,21.18,21.74,,1703839.0
2020-02-25,21.8,21.95,20.84,21.01,,2790367.0
2020-02-26,21.11,21.65,21.11,21.25,,1775834.0
2020-02-27,20.67,21.31,20.25,20.53,,3553951.0
2020-02-28,19.78,20.81,19.62,20.41,,3566599.0
2020-03-02,20.72,22.04,20.69,22.02,,2890770.0
2020-03-03,22.02,22.1,20.44,20.71,,2280951.0
2020-03-04,21.0,21.43,20.76,21.41,,1490287.0
2020-03-05,20.93,21.48,20.69,20.8,,1302885.0
2020-03-06,20.2,20.57,19.54,19.9,,3417920.0
2020-03-09,18.65,19.52,17.06,17.43,,3880240.0
2020-03-10,18.09,18.67,17.52,18.14,,3447402.0
2020-03-11,17.79,18.39,17.33,17.59,,2547771.0
2020-03-12,16.44,17.06,15.16,15.16,,2832497.0
2020-03-13,16.1,16.9,15.21,16.53,,2803799.0
2020-03-16,14.51,16.35,14.04,15.14,,3199539.0
2020-03-17,15.42,15.98,15.01,15.6,,3619905.0
2020-03-18,14.57,16.42,14.4,15.3,,3455361.0
2020-03-19,15.17,18.25,15.17,17.23,,4691050.0
2020-03-20,17.54,18.78,16.92,16.98,,4041914.0
2020-03-23,17.11,18.1,17.0,17.18,,3578789.0
2020-03-24,18.1,20.16,18.1,19.96,,5226487.0
2020-03-25,19.9,20.51,19.31,19.39,,3020630.0
2020-03-26,19.39,20.3,19.39,19.89,,2713231.0
2020-03-27,19.31,19.98,18.91,19.46,,2888697.0
2020-03-30,19.87,20.37,19.6,20.19,,2095877.0
2020-03-31,20.02,20.8,19.93,20.23,,2964490.0
2020-04-01,19.39,20.48,19.2,20.09,,3089077.0
2020-04-02,20.01,20.4,19.76,20.18,,3458541.0
2020-04-03,20.16,20.47,19.92,20.29,,1974875.0
2020-04-06,20.86,21.72,20.4,21.58,,2707472.0
2020-04-07,22.18,22.4,21.08,21.34,,3859445.0
2020-04-08,21.62,22.04,21.34,21.84,,1212155.0
2020-04-09,21.96,21.96,20.13,20.39,,2473513.0
2020-04-13,20.4,21.03,20.01,20.93,,2157366.0
2020-04-14,21.48,21.97,21.01,21.87,,1703896.0
2020-04-15,21.51,22.15,21.39,21.97,,1739855.0
2020-04-16,22.25,22.35,21.64,22.05,,1459639.0
2020-04-17,22.3,22.61,21.81,22.59,,1587017.0
2020-04-20,22.59,23.0,22.36,22.47,,1529556.0
2020-04-21,22.06,22.09,19.92,20.24,,3585025.0
2020-04-22,20.76,21.04,20.5,20.86,,1279555.0
2020-04-23,20.85,20.94,19.95,20.12,,2372609.0
2020-04-24,20.2,20.7,19.97,20.65,,1295582.0
2020-04-27,20.96,21.23,20.65,21.13,,1132018.0
2020-04-28,21.5,21.57,20.95,21.09,,2313088.0
2020-04-29,21.4,21.85,21.02,21.7,,1108468.0
2020-04-30,21.6,21.83,21.44,21.55,,967860.0
2020-05-01,21.13,21.38,20.75,20.87,,805573.0
2020-05-04,20.85,21.32,20.81,21.14,,975764.0
2020-05-05,21.14,22.03,21.14,21.71,,1163980.0
2020-05-06,21.98,22.44,21.81,22.29,,1758426.0
2020-05-07,24.19,27.37,24.09,27.02,,5360400.0
2020-05-08,26.85,27.42,25.73,27.37,,2569128.0
2020-05-11,27.09,28.47,26.96,28.09,,2617277.0
2020-05-12,28.38,28.68,27.68,27.68,,1910243.0
2020-05-13,27.86,27.97,26.78,27.43,,1524437.0
2020-05-14,27.02,27.69,26.96,27.61,,1455060.0
2020-05-15,27.36,28.81,27.2,28.69,,1430992.0
2020-05-18,29.77,29.77,28.81,28.93,,2511316.0
2020-05-19,28.8,29.51,28.8,28.96,,1075498.0
2020-05-20,29.52,29.94,28.7,29.12,,2170353.0
2020-05-21,28.97,29.2,28.5,28.68,,1216559.0
2020-05-22,28.67,28.9,28.25,28.53,,1711669.0
2020-05-26,28.87,29.1,27.42,27.51,,2020858.0
2020-05-27,27.45,27.67,25.66,26.23,,3360362.0
2020-05-28,26.29,27.5,25.99,26.93,,1781489.0
2020-05-29,27.16,27.9,27.06,27.84,,1734925.0
2020-06-01,27.96,29.33,27.84,28.95,,2065632.0
2020-06-02,29.06,29.17,27.99,28.79,,1386796.0
2020-06-03,29.0,29.14,28.33,28.58,,1008372.0
2020-06-04,28.38,28.66,27.58,27.92,,1088022.0
2020-06-05,27.59,28.33,27.1,28.1,,1524416.0
2020-06-08,27.62,27.85,27.07,27.5,,1488908.0
2020-06-09,27.5,27.54,27.01,27.18,,1280954.0
2020-06-10,27.47,28.0,27.47,27.53,,1138856.0
2020-06-11,27.28,27.59,26.27,26.35,,1240610.0
2020-06-12,26.77,27.15,25.65,26.07,,1151135.0
2020-06-15,25.68,27.46,25.38,27.18,,2042764.0
2020-06-16,27.86,28.0,27.07,27.35,,1260110.0
2020-06-17,27.55,27.77,26.96,27.1,,1194402.0
2020-06-18,27.04,27.4,26.91,27.13,,1195336.0
2020-06-19,27.44,27.67,26.69,27.34,,3516630.0
2020-06-22,27.53,28.85,27.32,28.57,,2416387.0
2020-06-23,28.86,28.9,27.34,27.41,,2010329.0
2020-06-24,27.54,28.16,26.6,26.87,,1938036.0
2020-06-25,26.93,27.36,26.66,27.17,,1126495.0
2020-06-26,27.2,27.3,26.62,26.91,,1360870.0
2020-06-29,26.8,26.88,25.66,26.69,,1490833.0
2020-06-30,26.82,27.53,26.74,27.45,,1221698.0
2020-07-01,27.45,27.97,27.24,27.84,,1239414.0
2020-07-02,28.06,28.19,27.56,27.69,,979667.0
2020-07-06,27.93,28.53,27.73,27.94,,1235593.0
2020-07-07,27.4,28.15,27.21,27.59,,1473325.0
2020-07-08,27.84,29.35,27.7,29.27,,2517012.0
2020-07-09,29.74,30.39,29.08,29.92,,2695053.0
2020-07-10,30.19,30.19,29.08,29.16,,1394501.0
2020-07-13,29.18,29.32,26.09,26.22,,3378943.0
2020-07-14,26.56,27.28,25.73,26.9,,2799608.0
2020-07-15,26.28,26.31,24.85,25.86,,2828864.0
2020-07-16,25.54,25.7,24.96,25.47,,1638110.0
2020-07-17,25.52,25.93,25.08,25.82,,1375683.0
2020-07-20,25.86,27.03,25.77,26.96,,1295963.0
2020-07-21,27.2,27.24,26.31,26.73,,1204959.0
2020-07-22,27.18,27.48,26.74,26.86,,1712936.0
2020-07-23,26.88,27.68,26.75,27.03,,1514305.0
2020-07-24,26.62,26.87,26.07,26.61,,915017.0
2020-07-27,26.92,27.4,26.73,27.33,,696495.0
2020-07-28,27.22,27.38,26.65,26.68,,938812.0
2020-07-29,26.97,27.57,26.84,27.37,,708714.0
2020-07-30,27.01,27.65,26.67,27.35,,912275.0
2020-07-31,27.68,27.7,27.08,27.66,,856478.0
2020-08-03,28.0,28.28,27.3,27.64,,1532150.0
2020-08-04,27.46,27.77,27.24,27.77,,1027901.0
2020-08-05,28.02,28.16,27.53,28.02,,1342241.0
2020-08-06,28.0,28.16,27.45,27.9,,1650948.0
2020-08-07,26.19,26.34,25.12,26.2,,4196552.0
2020-08-10,26.23,26.56,25.14,25.38,,1631133.0
2020-08-11,25.2,25.63,24.61,25.32,,2168909.0
2020-08-12,25.46,25.65,25.16,25.34,,1154729.0
2020-08-13,25.29,25.72,25.26,25.49,,1000494.0
2020-08-14,25.5,25.68,25.14,25.52,,854340.0
2020-08-17,25.7,26.09,25.7,25.83,,849135.0
2020-08-18,26.02,26.27,25.64,25.98,,868739.0
2020-08-19,25.85,26.15,25.52,25.9,,1336059.0
2020-08-20,26.09,26.79,25.75,26.72,,922258.0
2020-08-21,26.77,26.86,26.18,26.34,,800841.0
2020-08-24,26.66,26.91,25.83,26.61,,1107022.0
2020-08-25,26.39,26.68,26.23,26.66,,898737.0
2020-08-26,26.8,27.73,26.76,27.44,,1332765.0
2020-08-27,27.34,27.34,26.08,26.41,,1688198.0
2020-08-28,26.64,26.85,26.01,26.15,,1272212.0
2020-08-31,26.2,26.46,25.83,26.4,,1962961.0
2020-09-01,26.55,26.88,25.97,26.1,,1223661.0
2020-09-02,26.35,26.66,26.0,26.52,,1273802.0
2020-09-03,26.04,26.1,23.81,24.14,,2458959.0
2020-09-04,24.0,24.34,22.54,23.53,,2237391.0
2020-09-08,22.8,23.63,22.78,23.08,,1580661.0
2020-09-09,23.64,23.64,22.95,23.42,,987172.0
2020-09-10,23.55,24.12,23.26,23.35,,1365542.0
2020-09-11,23.61,23.81,22.7,23.03,,997103.0
2020-09-14,23.24,23.72,23.23,23.6,,816207.0
2020-09-15,24.06,24.06,23.38,23.64,,745572.0
2020-09-16,23.88,24.16,23.35,23.39,,1088698.0
2020-09-17,22.76,23.17,22.52,23.07,,1481681.0
2020-09-18,23.23,23.54,22.86,23.46,,1518248.0
2020-09-21,23.25,23.66,23.02,23.57,,1219082.0
2020-09-22,23.7,23.77,23.0,23.74,,1182019.0
2020-09-23,23.89,23.96,22.94,23.05,,1081633.0
2020-09-24,22.96,23.36,22.7,23.1,,1146400.0
2020-09-25,23.19,23.49,22.93,23.36,,898479.0
2020-09-28,23.65,23.7,23.28,23.46,,926250.0
2020-09-29,23.52,23.76,23.33,23.42,,1037146.0
2020-09-30,23.41,23.73,23.23,23.56,,1384853.0
2020-10-01,23.73,24.19,23.66,24.05,,1261609.0
2020-10-02,23.63,24.35,23.26,23.28,,1176528.0
2020-10-05,23.77,23.93,23.28,23.82,,1768384.0
2020-10-06,23.95,24.26,23.58,23.66,,1013862.0
2020-10-07,23.79,24.2,23.67,24.14,,1015583.0
2020-10-08,24.34,24.59,24.16,24.33,,772133.0
2020-10-09,24.72,25.4,24.67,25.24,,1295017.0
2020-10-12,25.54,26.11,25.41,25.78,,1385960.0
2020-10-13,25.79,26.32,25.64,26.12,,1301347.0
2020-10-14,26.26,26.56,25.82,26.03,,1285172.0
2020-10-15,25.67,26.51,25.54,26.35,,1337599.0
2020-10-16,26.44,26.58,26.28,26.31,,1004017.0
2020-10-19,26.17,26.7,25.72,25.76,,649844.0
2020-10-20,26.6,26.99,26.4,26.5,,1589802.0
2020-10-21,26.46,26.52,25.89,26.0,,1313336.0
2020-10-22,26.07,26.13,25.35,25.63,,701961.0
2020-10-23,25.6,26.08,25.52,26.08,,951151.0
2020-10-26,25.83,26.14,24.44,24.64,,1429074.0
2020-10-27,24.96,25.12,24.7,24.85,,1321422.0
2020-10-28,24.61,24.63,23.77,23.79,,1409275.0
2020-10-29,23.95,24.19,23.6,23.6,,1434264.0
2020-10-30,23.62,23.62,21.35,22.07,,4300530.0
2020-11-02,22.2,22.29,21.98,22.12,,1527667.0
2020-11-03,22.09,22.77,21.85,22.48,,1361522.0
2020-11-04,22.94,23.57,22.7,23.25,,1244236.0
2020-11-05,23.6,23.98,23.56,23.9,,1046020.0
2020-11-06,23.91,23.91,23.38,23.44,,1126232.0
2020-11-09,23.57,24.59,23.32,23.42,,1607853.0
2020-11-10,23.19,23.27,21.99,22.26,,1631295.0
2020-11-11,22.68,23.06,22.47,22.92,,914025.0
2020-11-12,23.1,23.33,22.47,22.72,,940841.0
2020-11-13,23.01,23.23,22.79,23.18,,890939.0
2020-11-16,23.16,23.46,23.06,23.34,,895149.0
2020-11-17,23.48,23.93,23.37,23.68,,926994.0
2020-11-18,24.02,24.1,23.31,23.34,,1049119.0
2020-11-19,23.25,23.57,23.03,23.41,,838625.0
2020-11-20,23.29,23.91,23.21,23.62,,1083259.0
2020-11-23,23.7,23.8,23.18,23.42,,986574.0
2020-11-24,23.56,23.78,23.14,23.72,,1426105.0
2020-11-25,23.87,24.29,23.8,23.97,,960977.0
2020-11-27,24.21,24.82,24.15,24.76,,734969.0
2020-11-30,24.73,24.82,24.03,24.65,,1720628.0
2020-12-01,24.86,24.86,24.07,24.53,,905761.0
2020-12-02,24.43,24.65,24.14,24.58,,679975.0
2020-12-03,24.73,25.5,24.6,25.22,,1247141.0
2020-12-04,25.37,25.71,25.19,25.56,,616517.0
2020-12-07,25.72,25.88,25.52,25.62,,674153.0
2020-12-08,25.37,26.37,25.37,26.33,,1055835.0
2020-12-09,26.01,26.16,24.9,25.07,,1313230.0
2020-12-10,24.98,25.6,24.83,25.51,,1037711.0
2020-12-11,25.46,25.71,25.22,25.67,,1072727.0
2020-12-14,25.64,26.44,25.57,26.14,,1156499.0
2020-12-15,26.38,26.4,25.88,26.36,,1039856.0
2020-12-16,26.4,26.98,26.25,26.67,,896551.0
2020-12-17,26.86,27.3,26.79,27.28,,1072716.0
2020-12-18,27.31,29.29,27.28,29.17,,3045316.0
2020-12-21,28.68,29.47,28.24,29.19,,1356414.0
2020-12-22,29.15,30.67,29.08,30.43,,1507435.0
2020-12-23,30.51,30.63,29.99,30.05,,1005849.0
2020-12-24,29.99,30.3,29.71,29.96,,425569.0
2020-12-28,30.13,30.3,29.68,29.86,,707781.0
2020-12-29,30.0,30.17,29.3,29.51,,686308.0
2020-12-30,29.74,29.95,29.53,29.6,,612902.0
2020-12-31,29.73,29.8,29.45,29.71,,485112.0
2021-01-04,29.91,29.93,28.57,29.11,,1078192.0
2021-01-05,28.31,28.54,27.97,28.35,,1226179.0
2021-01-06,27.46,28.12,27.46,27.62,,1306255.0
2021-01-07,27.83,28.72,27.82,28.65,,1371204.0
2021-01-08,28.9,29.7,28.82,29.63,,1260454.0
2021-01-11,29.38,30.11,28.87,29.63,,1374865.0
2021-01-12,30.13,31.06,29.87,30.58,,1690479.0
2021-01-13,30.73,30.74,29.41,29.58,,1285111.0
2021-01-14,29.82,30.19,29.21,29.51,,838685.0
2021-01-15,29.5,29.83,29.17,29.31,,862794.0
2021-01-19,29.49,29.86,29.29,29.64,,823894.0
2021-01-20,30.0,30.43,29.83,30.06,,669167.0
2021-01-21,30.27,30.32,29.81,29.95,,519457.0
2021-01-22,30.6,30.6,30.11,30.25,,806642.0
2021-01-25,30.51,30.9,29.74,30.36,,652663.0
2021-01-26,30.44,30.73,29.9,29.93,,679422.0
2021-01-27,29.6,29.89,28.73,29.16,,1101912.0
2021-01-28,29.4,29.97,29.29,29.71,,587170.0
2021-01-29,29.43,29.7,28.84,28.95,,1291301.0
2021-02-01,29.28,29.74,29.11,29.68,,691399.0
2021-02-02,29.89,30.81,29.87,30.76,,912692.0
2021-02-03,30.82,30.91,29.88,30.18,,1106964.0
2021-02-04,30.27,31.41,30.27,31.4,,1989869.0
2021-02-05,31.48,31.67,30.4,31.1,,1921596.0
2021-02-08,31.44,32.19,31.3,31.89,,1324791.0
2021-02-09,31.91,32.1,31.53,31.99,,1086067.0
2021-02-10,32.0,32.7,32.0,32.26,,1136246.0
2021-02-11,32.51,32.63,31.97,32.6,,772330.0
2021-02-12,32.4,32.97,32.26,32.95,,781066.0
2021-02-16,33.08,33.2,32.69,32.98,,982418.0
2021-02-17,32.84,33.3,32.31,33.25,,1038111.0
2021-02-18,32.82,33.63,32.65,33.54,,1060171.0
2021-02-19,33.93,34.48,33.69,34.39,,1351594.0
2021-02-22,33.74,34.12,33.55,34.07,,1775493.0
2021-02-23,33.03,33.85,32.63,33.75,,2365282.0
2021-02-24,33.69,34.04,33.24,33.97,,1264990.0
2021-02-25,33.76,34.12,33.17,33.6,,2171994.0
2021-02-26,33.64,34.12,33.04,33.77,,1589067.0
2021-03-01,34.3,34.74,34.04,34.65,,918584.0
2021-03-02,34.81,34.96,34.2,34.67,,1406537.0
2021-03-03,34.7,34.72,33.65,33.98,,2188864.0
2021-03-04,33.57,33.75,32.33,32.79,,3209158.0
2021-03-05,33.14,33.64,32.23,33.51,,1447938.0
2021-03-08,33.59,34.16,33.22,33.24,,1192608.0
2021-03-09,34.14,35.24,34.05,35.15,,1449483.0
2021-03-10,35.91,36.25,35.28,36.09,,2029545.0
2021-03-11,36.72,37.52,36.44,37.51,,1658041.0
2021-03-12,36.87,37.78,36.66,37.67,,1180019.0
2021-03-15,37.78,38.45,37.58,38.41,,1093572.0
2021-03-16,38.62,38.77,37.42,37.9,,1939913.0
2021-03-17,37.28,37.94,36.24,36.53,,1630382.0
2021-03-18,36.04,36.04,34.61,34.61,,1628488.0
2021-03-19,34.63,35.26,34.19,34.9,,1862777.0
2021-03-22,35.37,35.92,34.95,35.82,,1383210.0
2021-03-23,35.66,35.83,34.87,35.21,,1056881.0
2021-03-24,35.21,35.49,34.1,34.26,,876855.0
2021-03-25,33.81,34.36,33.42,34.25,,1001517.0
2021-03-26,34.31,36.62,34.08,36.55,,1846529.0
2021-03-29,36.32,37.41,36.24,36.73,,1623627.0
2021-03-30,36.35,36.77,35.9,36.27,,1094504.0
2021-03-31,36.68,37.33,36.47,36.88,,1004567.0
2021-04-01,37.35,38.04,37.09,37.28,,931881.0
2021-04-05,37.25,38.36,37.24,38.25,,993505.0
2021-04-06,37.9,39.1,37.5,38.94,,1248332.0
2021-04-07,38.75,39.0,38.45,38.57,,1070498.0
2021-04-08,38.97,39.58,38.78,39.32,,765129.0
2021-04-09,39.29,39.54,38.9,39.52,,583458.0
2021-04-12,39.41,39.67,39.08,39.42,,813664.0
2021-04-13,39.82,40.11,39.44,40.01,,832654.0
2021-04-14,39.93,40.76,39.75,39.86,,839279.0
2021-04-15,40.41,41.23,40.3,41.11,,1136363.0
2021-04-16,41.44,41.88,40.98,41.2,,1333113.0
2021-04-19,41.03,41.52,40.56,41.23,,777585.0
2021-04-20,41.3,41.34,40.23,40.56,,589827.0
2021-04-21,40.55,40.82,40.15,40.38,,739238.0
2021-04-22,39.89,40.73,39.81,40.23,,1129602.0
2021-04-23,40.5,40.67,39.94,40.35,,749266.0
2021-04-26,40.95,41.02,40.45,40.78,,1337668.0
2021-04-27,40.57,40.78,39.96,40.25,,1098780.0
2021-04-28,40.7,40.73,39.56,39.6,,930354.0
2021-04-29,39.88,39.9,38.56,39.09,,1174331.0
2021-04-30,39.63,41.09,38.9,40.85,,2744449.0
2021-05-03,41.06,41.16,39.86,40.64,,1232697.0
2021-05-04,40.63,41.55,40.47,41.36,,1604543.0
2021-05-05,41.53,42.35,41.45,41.88,,1227154.0
2021-05-06,41.73,41.82,40.65,41.3,,1165253.0
2021-05-07,41.8,42.53,41.66,42.35,,808087.0
2021-05-10,42.2,42.26,40.85,40.86,,843673.0
2021-05-11,39.99,41.41,39.78,41.3,,817835.0
2021-05-12,40.69,40.81,39.19,39.41,,1141338.0
2021-05-13,40.0,40.25,39.63,39.68,,1453475.0
2021-05-14,39.94,41.28,39.8,41.17,,1212254.0
2021-05-17,40.74,41.3,40.3,40.87,,844556.0
2021-05-18,40.85,41.6,40.78,40.85,,931570.0
2021-05-19,40.21,41.56,40.05,41.52,,878610.0
2021-05-20,41.66,42.64,41.66,42.46,,868478.0
2021-05-21,42.64,43.03,42.02,42.17,,817930.0
2021-05-24,42.31,42.96,42.31,42.61,,849382.0
2021-05-25,42.83,43.28,42.74,42.91,,716718.0
2021-05-26,43.16,43.74,42.83,43.14,,898112.0
2021-05-27,43.13,43.66,42.62,43.27,,1581589.0
2021-05-28,43.31,44.2,43.23,43.71,,830032.0
2021-06-01,44.02,44.08,42.73,43.0,,726156.0
2021-06-02,42.98,43.33,42.78,43.27,,665805.0
2021-06-03,43.0,43.47,42.33,43.08,,566422.0
2021-06-04,43.48,44.47,43.48,44.35,,628473.0
2021-06-07,44.43,44.76,44.01,44.71,,567690.0
2021-06-08,44.76,45.56,44.75,45.47,,856043.0
2021-06-09,45.59,45.7,44.81,45.1,,586578.0
2021-06-10,45.07,45.9,44.88,45.79,,774122.0
2021-06-11,45.6,45.88,45.44,45.79,,654645.0
2021-06-14,45.82,46.3,45.6,46.29,,656866.0
2021-06-15,46.21,46.34,45.8,46.01,,633139.0
2021-06-16,46.06,46.52,45.42,46.05,,687729.0
2021-06-17,45.92,47.53,45.82,47.4,,1174342.0
2021-06-18,47.4,47.8,46.69,46.73,,1871707.0
2021-06-21,47.15,47.99,46.74,47.58,,815492.0
2021-06-22,47.6,48.41,47.6,48.38,,828670.0
2021-06-23,48.46,48.58,47.67,48.01,,781067.0
2021-06-24,48.49,48.79,47.99,48.0,,686889.0
2021-06-25,48.1,48.47,47.29,48.41,,1059426.0
2021-06-28,48.63,49.47,48.55,49.41,,759167.0
2021-06-29,48.71,48.99,47.93,48.65,,954854.0
2021-06-30,48.56,48.56,47.57,47.64,,1093359.0
2021-07-01,47.57,48.53,47.27,48.47,,1143633.0
2021-07-02,48.69,49.74,48.69,49.61,,733421.0
2021-07-06,50.15,50.37,49.14,50.23,,1006901.0
2021-07-07,50.55,50.76,49.35,50.67,,1080546.0
2021-07-08,49.96,50.9,49.12,50.59,,902620.0
2021-07-09,50.92,51.49,50.51,51.36,,958313.0
2021-07-12,51.62,51.89,50.95,51.16,,820565.0
2021-07-13,51.18,51.69,50.8,51.41,,509199.0
2021-07-14,51.58,51.73,50.73,51.17,,734942.0
2021-07-15,51.55,52.38,50.86,51.26,,1257249.0
2021-07-16,51.72,52.55,51.64,51.69,,865404.0
2021-07-19,51.02,51.67,50.47,51.33,,908055.0
2021-07-20,51.9,53.03,51.6,52.77,,790452.0
2021-07-21,52.84,53.2,52.41,52.93,,815653.0
2021-07-22,53.25,54.29,53.14,54.15,,808569.0
2021-07-23,54.19,55.22,53.72,55.14,,822521.0
2021-07-26,55.32,55.4,54.43,54.47,,671466.0
2021-07-27,54.48,54.68,53.34,54.23,,737372.0
2021-07-28,54.4,54.76,53.82,54.34,,801114.0
2021-07-29,54.46,55.34,54.43,54.84,,957341.0
2021-07-30,54.2,54.76,50.0,54.45,,1866291.0
2021-08-02,54.85,57.71,54.03,56.92,,2042388.0
2021-08-03,57.09,59.6,57.0,59.55,,1511339.0
2021-08-04,59.47,61.12,58.69,60.8,,1203303.0
2021-08-05,61.0,61.3,59.65,60.0,,1324181.0
2021-08-06,59.71,60.75,59.2,60.74,,796295.0
2021-08-09,61.03,61.1,59.84,60.22,,725042.0
2021-08-10,60.31,60.87,59.62,60.08,,722240.0
2021-08-11,60.29,60.6,58.74,59.73,,979559.0
2021-08-12,59.87,61.96,59.66,61.13,,1156590.0
2021-08-13,60.7,61.91,60.44,61.87,,598236.0
2021-08-16,61.8,61.8,59.73,60.49,,758044.0
2021-08-17,60.03,60.45,59.04,59.73,,895504.0
2021-08-18,59.64,59.78,58.52,58.54,,880358.0
2021-08-19,57.56,59.72,57.25,59.16,,818776.0
2021-08-20,59.54,59.92,59.07,59.59,,731744.0
2021-08-23,60.38,61.69,60.33,61.5,,941016.0
2021-08-24,61.6,61.6,59.82,59.97,,1041493.0
2021-08-25,60.1,61.57,60.04,61.21,,801763.0
2021-08-26,61.06,62.31,61.05,62.03,,731827.0
2021-08-27,62.1,63.49,61.77,63.21,,891504.0
2021-08-30,63.82,64.38,63.6,63.88,,678647.0
2021-08-31,64.0,64.12,62.64,63.03,,1171347.0
2021-09-01,63.51,63.59,60.89,61.69,,1677605.0
2021-09-02,62.26,63.36,62.09,62.78,,814909.0
2021-09-03,62.77,64.29,62.77,64.04,,707280.0
2021-09-07,64.2,64.4,62.48,62.82,,812936.0
2021-09-08,62.61,63.15,61.61,61.84,,1080192.0
2021-09-09,61.84,62.65,61.82,62.15,,813124.0
2021-09-10,62.65,62.96,61.72,62.1,,663904.0
2021-09-13,62.11,62.29,58.85,59.38,,1777380.0
2021-09-14,59.6,61.14,59.26,60.12,,1242571.0
2021-09-15,60.45,60.8,59.84,60.31,,1005479.0
2021-09-16,60.18,60.88,59.71,60.81,,670901.0
2021-09-17,60.51,60.88,59.36,59.9,,1555940.0
2021-09-20,58.4,59.55,56.83,59.41,,1037170.0
2021-09-21,60.4,60.66,59.02,59.92,,713283.0
2021-09-22,60.2,60.64,59.47,60.32,,703209.0
2021-09-23,60.89,62.29,60.47,62.11,,977481.0
2021-09-24,61.64,62.56,61.42,62.38,,656649.0
2021-09-27,61.69,61.98,59.84,60.11,,825551.0
2021-09-28,59.57,60.19,57.41,57.58,,1486681.0
2021-09-29,58.25,58.81,57.62,57.77,,1120916.0
2021-09-30,57.68,59.02,57.68,58.41,,866662.0
2021-10-01,58.23,59.9,57.81,59.6,,895869.0
2021-10-04,58.51,58.87,56.95,57.77,,1015075.0
2021-10-05,58.72,60.2,58.32,59.7,,1048188.0
2021-10-06,58.88,60.94,58.58,60.36,,834252.0
2021-10-07,60.93,62.65,60.8,61.92,,741019.0
2021-10-08,62.04,62.45,61.07,61.43,,472614.0
2021-10-11,61.03,61.82,60.57,61.36,,504827.0
2021-10-12,62.17,62.17,61.15,61.32,,502060.0
2021-10-13,61.78,62.8,61.6,62.02,,759685.0
2021-10-14,62.98,63.78,62.22,62.76,,890895.0
2021-10-15,62.99,63.31,62.35,63.06,,739516.0
2021-10-18,63.09,65.38,63.09,65.35,,929316.0
2021-10-19,65.77,66.62,65.3,66.42,,909617.0
2021-10-20,66.84,67.32,65.72,66.69,,706944.0
2021-10-21,66.77,66.89,65.54,66.87,,621871.0
2021-10-22,66.97,67.76,66.26,67.06,,456497.0
2021-10-25,67.52,69.05,66.2,66.38,,994199.0
2021-10-26,66.79,66.82,64.0,64.53,,1437586.0
2021-10-27,64.84,65.7,64.04,64.12,,698303.0
2021-10-28,64.14,65.53,64.14,65.48,,568567.0
2021-10-29,65.05,67.59,65.01,67.27,,855325.0
2021-11-01,67.27,67.6,63.81,64.82,,1172705.0
2021-11-02,65.0,66.4,64.94,65.69,,759665.0
2021-11-03,66.01,66.47,64.44,65.98,,686340.0
2021-11-04,65.73,67.71,65.72,67.68,,1149538.0
2021-11-05,69.85,69.85,65.5,68.24,,1679080.0
2021-11-08,69.0,71.07,68.27,70.24,,1317783.0
2021-11-09,70.39,70.83,68.66,69.81,,1001195.0
2021-11-10,69.13,69.2,65.88,66.63,,1162336.0
2021-11-11,67.78,67.98,66.91,67.38,,660899.0
2021-11-12,67.87,68.75,67.85,68.43,,575897.0
2021-11-15,68.95,68.95,66.36,67.03,,751375.0
2021-11-16,66.42,68.5,66.42,68.2,,678170.0
2021-11-17,68.25,68.83,66.96,68.27,,751378.0
2021-11-18,68.2,69.28,67.61,68.7,,693062.0
2021-11-19,69.37,70.13,68.38,68.5,,721729.0
2021-11-22,68.74,68.91,65.06,66.16,,1032007.0
2021-11-23,65.31,66.63,63.65,65.5,,1065554.0
2021-11-24,65.37,66.68,63.99,66.65,,589254.0
2021-11-26,66.09,68.21,65.04,65.48,,647150.0
2021-11-29,66.6,69.1,66.37,68.66,,1047218.0
2021-11-30,68.93,69.55,66.07,66.42,,1732119.0
2021-12-01,67.52,67.61,60.9,61.05,,2301967.0
2021-12-02,61.05,62.93,60.22,62.62,,1698171.0
2021-12-03,62.18,62.65,59.33,60.56,,2089788.0
2021-12-06,59.56,60.1,57.85,58.41,,2258591.0
2021-12-07,60.64,63.54,60.6,63.45,,1290883.0
2021-12-08,63.45,64.78,62.29,64.49,,1029465.0
2021-12-09,64.58,64.89,62.97,63.28,,808301.0
2021-12-10,64.02,66.85,64.02,66.53,,1380360.0
2021-12-13,66.91,67.88,65.75,66.32,,1424033.0
2021-12-14,64.58,64.63,61.22,63.16,,1698426.0
2021-12-15,63.2,67.52,63.18,67.36,,1653248.0
2021-12-16,67.1,67.54,64.0,64.58,,1457552.0
2021-12-17,63.27,67.44,63.02,66.77,,9746924.0
2021-12-20,64.73,66.87,64.15,66.11,,1472259.0
2021-12-21,66.96,67.95,64.64,67.85,,1132464.0
2021-12-22,68.0,69.76,67.0,69.63,,846656.0
2021-12-23,69.6,70.97,69.22,69.8,,707304.0
2021-12-27,70.78,73.56,70.75,73.53,,1019028.0
2021-12-28,74.0,74.0,72.3,73.2,,765691.0
2021-12-29,73.25,74.35,72.54,73.35,,595123.0
2021-12-30,73.45,74.06,71.76,71.96,,751044.0
2021-12-31,71.95,72.71,71.79,71.88,,528037.0
2022-01-03,72.42,72.42,66.49,66.62,,1905241.0
2022-01-04,66.1,66.68,62.53,64.43,,1965848.0
2022-01-05,63.18,63.94,60.58,60.7,,2406573.0
2022-01-06,58.9,63.93,58.74,62.8,,2400839.0
2022-01-07,61.89,63.97,61.82,62.93,,1761022.0
2022-01-10,60.84,64.98,60.48,64.94,,2331511.0
2022-01-11,63.55,64.8,62.8,64.71,,1388255.0
2022-01-12,65.11,66.05,63.64,64.16,,1402789.0
2022-01-13,64.11,64.56,61.45,61.58,,1294288.0
2022-01-14,61.05,62.78,60.63,62.51,,1282383.0
2022-01-18,60.82,63.53,60.61,61.69,,1521739.0
2022-01-19,62.47,64.63,61.35,61.43,,1160380.0
2022-01-20,62.0,63.59,60.93,61.0,,1053565.0
2022-01-21,60.37,60.88,57.65,57.73,,1949283.0
2022-01-24,56.53,58.15,52.57,58.07,,3365199.0
2022-01-25,56.76,56.89,54.23,54.59,,1740614.0
2022-01-26,56.36,57.3,53.66,54.23,,1725763.0
2022-01-27,55.13,56.33,53.73,53.94,,1233967.0
2022-01-28,54.75,56.51,53.04,56.43,,1469271.0
2022-01-31,56.43,59.62,55.91,59.45,,1820730.0
2022-02-01,59.57,60.63,58.36,60.44,,1293380.0
2022-02-02,61.22,62.2,60.6,61.98,,1707134.0
2022-02-03,59.9,62.11,59.07,59.4,,1771461.0
2022-02-04,60.81,63.47,57.84,62.87,,2544479.0
2022-02-07,62.28,63.38,61.15,61.44,,1184992.0
2022-02-08,61.19,63.19,60.89,62.97,,997755.0
2022-02-09,64.0,66.05,63.71,65.97,,1381803.0
2022-02-10,64.25,66.47,64.1,65.07,,1152954.0
2022-02-11,65.26,65.96,61.64,62.05,,1176235.0
2022-02-14,62.22,63.36,61.29,62.07,,1074081.0
2022-02-15,63.37,64.67,62.98,64.48,,766061.0
2022-02-16,63.49,64.3,62.07,64.07,,991100.0
2022-02-17,63.53,63.53,61.85,62.11,,791430.0
2022-02-18,62.21,62.86,60.79,60.97,,922579.0
2022-02-22,60.41,61.34,58.59,59.48,,1332133.0
2022-02-23,60.09,60.74,56.68,56.9,,1372408.0
2022-02-24,55.58,63.69,55.19,63.29,,2581143.0
2022-02-25,63.39,65.11,62.0,64.99,,1236480.0
2022-02-28,64.51,69.09,64.3,68.9,,2401338.0
2022-03-01,69.21,70.3,66.84,67.57,,1629570.0
2022-03-02,67.93,69.37,66.47,68.96,,1173596.0
2022-03-03,69.23,69.66,66.31,67.27,,1135640.0
2022-03-04,67.26,67.81,65.29,67.09,,1215540.0
2022-03-07,66.74,67.59,58.17,58.27,,2580615.0
2022-03-08,56.91,57.3,54.5,55.37,,2113170.0
2022-03-09,57.02,57.86,54.81,57.49,,2198856.0
2022-03-10,56.86,57.95,55.51,57.35,,1467666.0
2022-03-11,58.41,58.41,55.7,55.83,,1369052.0
2022-03-14,55.27,56.42,53.05,55.09,,1996589.0
2022-03-15,55.69,56.8,54.75,56.66,,1226134.0
2022-03-16,56.77,59.56,56.34,59.51,,1830466.0
2022-03-17,58.74,60.71,57.84,60.7,,1624027.0
2022-03-18,60.6,64.23,60.06,63.99,,2551515.0
2022-03-21,63.07,63.77,61.16,62.91,,1588261.0
2022-03-22,62.64,65.36,62.4,65.14,,1283049.0
2022-03-23,64.75,65.91,63.63,64.29,,786309.0
2022-03-24,64.5,67.27,63.67,67.14,,999665.0
2022-03-25,66.6,67.23,64.41,66.55,,858029.0
2022-03-28,66.6,68.25,65.92,67.71,,774622.0
2022-03-29,68.91,69.72,67.27,69.5,,1284223.0
2022-03-30,69.0,70.16,68.0,68.39,,715637.0
2022-03-31,68.25,70.6,68.25,68.35,,1218576.0
2022-04-01,68.2,69.02,67.2,67.8,,724482.0
2022-04-04,68.5,69.53,68.07,69.34,,671644.0
2022-04-05,69.25,69.4,67.73,68.38,,819109.0
2022-04-06,67.06,67.56,65.7,66.41,,983712.0
2022-04-07,66.25,68.9,66.25,67.62,,1045711.0
2022-04-08,67.02,68.34,66.78,67.17,,723487.0
2022-04-11,66.14,66.77,64.93,65.61,,897024.0
2022-04-12,67.06,68.34,65.49,66.02,,778831.0
2022-04-13,66.4,68.54,66.1,68.17,,790926.0
2022-04-14,68.57,68.68,66.21,66.35,,728972.0
2022-04-18,65.89,66.84,64.65,66.08,,637618.0
2022-04-19,65.87,67.23,65.09,67.04,,760973.0
2022-04-20,67.6,69.73,67.35,68.12,,1066852.0
2022-04-21,68.92,71.52,64.09,64.25,,1214163.0
2022-04-22,64.18,64.77,60.73,60.86,,1052433.0
2022-04-25,60.43,64.86,60.2,64.7,,1325245.0
2022-04-26,63.87,64.29,61.29,61.3,,992505.0
2022-04-27,61.32,63.15,59.93,60.06,,1037386.0
2022-04-28,60.85,62.38,59.33,61.73,,1194406.0
2022-04-29,61.24,61.98,57.53,57.8,,1202703.0
2022-05-02,57.71,58.9,56.71,58.4,,1291273.0
2022-05-03,58.4,58.8,56.73,57.31,,1013893.0
2022-05-04,56.84,57.7,53.55,57.47,,2253937.0
2022-05-05,60.6,61.28,55.16,56.9,,2638205.0
2022-05-06,55.82,55.9,52.65,53.27,,1598958.0
2022-05-09,51.95,52.38,48.73,49.04,,2147525.0
2022-05-10,51.76,53.46,49.1,52.36,,2633991.0
2022-05-11,52.32,55.75,51.88,52.19,,3133487.0
2022-05-12,51.4,55.48,50.8,53.33,,2159617.0
2022-05-13,54.51,56.7,54.47,56.31,,1734836.0
2022-05-16,55.86,57.48,54.96,55.11,,1272131.0
2022-05-17,56.69,57.4,55.03,56.56,,1544256.0
2022-05-18,55.32,56.66,53.69,54.12,,2239811.0
2022-05-19,53.52,56.32,53.14,55.03,,1670083.0
2022-05-20,57.26,57.8,54.25,57.06,,2293572.0
2022-05-23,57.29,58.51,56.72,57.27,,1403812.0
2022-05-24,56.41,61.92,55.31,57.17,,1795881.0
2022-05-25,56.19,58.14,56.04,57.46,,1324718.0
2022-05-26,57.54,59.43,56.92,58.86,,1242315.0
2022-05-27,59.43,59.93,58.46,59.57,,1834662.0
2022-05-31,59.45,59.63,57.81,58.83,,1973163.0
2022-06-01,59.25,59.85,57.44,57.81,,1051419.0
2022-06-02,57.91,61.07,57.64,60.64,,1102575.0
2022-06-03,59.62,59.93,58.4,59.33,,984955.0
2022-06-06,60.18,60.3,59.03,59.39,,655051.0
2022-06-07,58.74,61.3,58.55,61.08,,829707.0
2022-06-08,60.82,61.42,60.04,60.11,,683682.0
2022-06-09,60.51,62.41,59.53,60.7,,1194023.0
2022-06-10,59.59,59.94,57.36,57.66,,1373990.0
2022-06-13,55.6,55.83,53.01,53.3,,1387798.0
2022-06-14,53.75,54.31,53.02,53.85,,982727.0
2022-06-15,54.49,56.59,54.14,55.5,,1072362.0
2022-06-16,54.09,54.55,52.34,52.75,,1146154.0
2022-06-17,52.62,54.3,52.6,53.8,,2350357.0
2022-06-21,55.18,57.0,55.09,56.2,,1153756.0
2022-06-22,55.2,56.91,55.1,55.69,,819319.0
2022-06-23,56.2,57.36,55.19,56.8,,4574937.0
2022-06-24,57.51,59.38,56.38,59.13,,7996945.0
2022-06-27,58.97,60.39,57.58,58.85,,3179612.0
2022-06-28,59.61,60.59,57.06,57.29,,4750698.0
2022-06-29,57.25,57.95,56.45,57.17,,3357635.0
2022-06-30,56.75,57.36,55.84,56.58,,4280082.0
2022-07-01,56.4,57.63,55.78,57.37,,2661730.0
2022-07-05,56.13,59.2,56.04,59.0,,3437794.0
2022-07-06,59.52,60.6,59.09,59.87,,4152507.0
2022-07-07,60.25,61.92,59.8,61.62,,5456503.0
2022-07-08,61.26,63.11,60.59,62.7,,3691572.0
2022-07-11,62.23,62.64,61.36,62.28,,3549150.0
2022-07-12,63.0,63.56,59.13,59.62,,5614699.0
2022-07-13,58.1,59.91,57.44,58.91,,3750947.0
2022-07-14,58.29,58.32,55.57,57.64,,4630826.0
2022-07-15,58.08,60.58,58.08,60.22,,4738287.0
2022-07-18,60.43,60.9,57.78,58.0,,4819287.0
2022-07-19,59.32,59.59,58.34,59.2,,7184898.0
2022-07-20,59.53,60.63,58.84,59.64,,5244886.0
2022-07-21,59.97,61.93,59.02,61.86,,3901157.0
2022-07-22,62.32,63.4,60.91,61.23,,2397553.0
2022-07-25,61.18,61.24,59.95,61.0,,3182922.0
2022-07-26,61.21,61.21,55.21,56.26,,6507243.0
2022-07-27,57.31,58.54,56.35,57.93,,4262441.0
2022-07-28,58.26,59.63,57.35,59.4,,3886293.0
2022-07-29,59.46,59.93,58.53,59.65,,4806095.0
2022-08-01,59.03,60.95,58.58,60.06,,3960299.0
2022-08-02,59.55,61.03,59.4,60.37,,4032542.0
2022-08-03,61.19,63.16,60.83,62.88,,6500514.0
2022-08-04,56.83,56.96,52.0,52.61,,19687502.0
2022-08-05,52.0,53.45,51.24,53.39,,11779803.0
2022-08-08,53.52,54.37,53.17,53.32,,6173403.0
2022-08-09,52.91,53.36,51.9,52.19,,4390974.0
2022-08-10,54.04,54.32,53.34,53.89,,6173795.0
2022-08-11,54.29,54.87,52.41,52.52,,5496374.0
2022-08-12,53.07,54.41,52.79,54.29,,5007717.0
2022-08-15,53.9,54.53,53.76,54.08,,3109708.0
2022-08-16,53.84,54.27,52.32,52.94,,4902275.0
2022-08-17,52.33,52.64,51.63,51.93,,4814184.0
2022-08-18,52.07,52.56,51.82,52.27,,3793675.0
2022-08-19,51.87,52.16,51.07,51.29,,4369387.0
2022-08-22,50.28,50.79,49.71,50.32,,6160763.0
2022-08-23,50.91,52.32,50.51,50.59,,6809892.0
2022-08-24,50.74,50.9,49.98,50.16,,3366019.0
2022-08-25,50.66,50.97,50.18,50.87,,4258870.0
2022-08-26,51.22,51.22,49.42,49.57,,7008612.0
2022-08-29,49.34,49.49,48.57,48.69,,5818826.0
2022-08-30,49.19,49.35,48.31,49.04,,6129994.0
2022-08-31,49.45,50.18,48.49,48.69,,5860023.0
2022-09-01,48.04,48.6,47.37,48.55,,5723816.0
2022-09-02,49.08,49.55,48.34,48.6,,6405123.0
2022-09-06,48.68,49.94,48.03,49.65,,7441742.0
2022-09-07,49.88,50.64,49.29,50.45,,5120837.0
2022-09-08,50.21,51.84,49.98,51.71,,4492249.0
2022-09-09,52.08,53.69,52.08,53.59,,5488832.0
2022-09-12,53.78,55.94,53.75,55.84,,7382447.0
2022-09-13,53.23,53.62,51.8,51.87,,7693733.0
2022-09-14,52.25,52.32,51.05,51.94,,4542249.0
2022-09-15,51.92,52.48,50.53,50.82,,6011877.0
2022-09-16,50.19,50.64,49.6,50.42,,10405467.0
2022-09-19,49.61,50.84,49.61,50.74,,3593398.0
2022-09-20,50.33,51.1,50.17,50.77,,3590266.0
2022-09-21,51.11,51.8,49.76,49.8,,4367552.0
2022-09-22,49.51,50.17,48.64,48.74,,4006297.0
2022-09-23,48.5,48.92,47.95,48.59,,4248348.0
2022-09-26,48.77,49.54,48.21,48.29,,3514589.0
2022-09-27,49.01,49.74,47.87,48.5,,4214915.0
2022-09-28,48.94,50.23,48.4,49.97,,3878541.0
2022-09-29,49.5,49.86,48.49,49.63,,3470094.0
2022-09-30,49.59,50.59,49.06,49.13,,4727179.0
2022-10-03,49.58,51.38,49.33,50.96,,5040495.0
2022-10-04,52.27,53.08,52.11,52.68,,3892419.0
2022-10-05,51.7,53.85,51.69,53.59,,3368094.0
2022-10-06,53.78,54.75,53.56,53.74,,4983333.0
2022-10-07,52.68,53.16,50.95,51.47,,5489920.0
2022-10-10,53.31,53.84,50.83,51.23,,6974998.0
2022-10-11,50.81,51.06,48.29,48.58,,6377629.0
2022-10-12,48.81,48.95,47.4,48.21,,4970399.0
2022-10-13,46.46,49.63,45.74,49.2,,5114592.0
2022-10-14,50.06,50.27,48.07,48.13,,4752942.0
2022-10-17,49.67,50.74,49.67,50.46,,5594577.0
2022-10-18,52.19,52.75,50.66,51.56,,5121994.0
2022-10-19,51.17,52.74,51.09,51.79,,4373777.0
2022-10-20,52.02,53.13,51.3,51.59,,4433508.0
2022-10-21,51.72,53.87,50.94,53.75,,5512162.0
2022-10-24,54.34,55.5,52.83,54.9,,5905886.0
2022-10-25,54.98,56.75,54.98,55.92,,5524345.0
2022-10-26,55.09,57.25,54.8,55.49,,5976165.0
2022-10-27,56.2,57.0,55.51,56.01,,4246197.0
2022-10-28,56.36,57.16,55.27,57.1,,3795562.0
2022-10-31,56.39,57.34,55.9,57.16,,5405877.0
2022-11-01,57.86,58.29,56.39,56.42,,4765894.0
2022-11-02,56.2,56.33,53.09,53.23,,9976918.0
2022-11-03,45.55,47.34,42.61,45.93,,16959841.0
2022-11-04,46.21,47.31,45.15,47.1,,9579970.0
2022-11-07,47.22,48.27,45.94,47.86,,6168103.0
2022-11-08,48.51,51.24,48.15,50.6,,7080982.0
2022-11-09,50.25,50.52,49.59,49.88,,4717297.0
2022-11-10,53.27,54.74,52.78,54.39,,7428165.0
2022-11-11,54.0,56.23,53.76,56.13,,6267068.0
2022-11-14,55.7,56.91,54.8,55.52,,5687773.0
2022-11-15,56.9,57.39,55.66,56.2,,4498314.0
2022-11-16,55.68,55.98,54.51,54.69,,4280673.0
2022-11-17,53.46,54.54,52.68,54.14,,5430229.0
2022-11-18,55.8,55.8,51.26,52.15,,6356989.0
2022-11-21,51.55,52.59,51.4,52.32,,3731795.0
2022-11-22,52.78,52.85,51.22,52.28,,4935640.0
2022-11-23,52.25,53.58,51.84,53.35,,2997239.0
2022-11-25,53.08,53.48,52.87,52.91,,2117775.0
2022-11-28,52.97,53.24,51.89,52.08,,3905900.0
2022-11-29,52.25,52.3,50.84,51.59,,5729062.0
2022-11-30,51.23,53.19,50.48,53.16,,11465916.0
2022-12-01,53.63,55.55,53.35,55.38,,4410179.0
2022-12-02,54.11,54.36,52.96,53.61,,4685425.0
2022-12-05,52.72,52.83,51.14,51.67,,3644072.0
2022-12-06,51.77,51.89,50.63,50.85,,3714526.0
2022-12-07,50.74,51.77,50.37,51.6,,3172643.0
2022-12-08,51.92,53.39,51.17,52.91,,4108989.0
2022-12-09,52.78,52.95,51.88,52.13,,3784844.0
2022-12-12,52.46,54.06,52.3,53.64,,3808504.0
2022-12-13,56.65,56.71,53.81,54.71,,4640555.0
2022-12-14,55.01,55.8,53.68,54.27,,3709422.0
2022-12-15,53.54,53.99,52.01,52.17,,4502605.0
2022-12-16,51.54,52.5,51.37,51.92,,14845496.0
2022-12-19,51.74,51.74,49.67,49.98,,4871639.0
2022-12-20,49.52,50.73,49.26,50.47,,4342127.0
2022-12-21,50.3,50.3,47.04,50.01,,6803119.0
2022-12-22,49.64,49.99,48.45,49.15,,4906815.0
2022-12-23,48.97,49.22,48.29,48.73,,2958818.0
2022-12-27,48.44,49.23,47.9,48.55,,2804555.0
2022-12-28,48.49,49.03,47.8,47.86,,2633166.0
2022-12-29,48.1,49.37,48.0,49.21,,2668139.0
2022-12-30,48.55,48.92,48.15,48.89,,2338869.0
2023-01-03,49.53,50.25,48.02,48.52,,4647541.0
2023-01-04,49.02,49.47,47.96,48.3,,4674756.0
2023-01-05,47.77,48.17,46.55,47.45,,6585086.0
2023-01-06,48.32,48.86,47.08,48.69,,5223692.0
2023-01-09,49.41,50.67,49.3,49.41,,4539775.0
2023-01-10,49.12,50.15,48.1,48.42,,5314078.0
2023-01-11,48.84,49.06,48.15,48.8,,4111294.0
2023-01-12,48.13,48.63,47.19,48.4,,4932537.0
2023-01-13,46.25,49.04,45.88,48.87,,6281654.0
2023-01-17,48.76,50.45,48.43,50.1,,5436649.0
2023-01-18,50.68,51.52,48.31,48.38,,4894771.0
2023-01-19,48.11,49.02,47.78,48.42,,4632012.0
2023-01-20,48.55,49.35,48.5,49.27,,5372895.0
2023-01-23,49.27,50.55,48.89,50.51,,5771266.0
2023-01-24,50.47,51.45,50.1,51.09,,4698034.0
2023-01-25,50.21,51.91,49.43,51.76,,5872659.0
2023-01-26,53.33,54.57,51.94,53.21,,6410609.0
2023-01-27,51.9,53.13,51.71,52.7,,5257089.0
2023-01-30,52.34,52.41,50.92,51.05,,5248754.0
2023-01-31,51.09,52.53,50.92,52.34,,6031284.0
2023-02-01,52.15,53.59,51.42,53.09,,9170552.0
2023-02-02,53.01,54.33,53.0,53.84,,6790021.0
2023-02-03,52.87,53.74,52.53,53.0,,5467718.0
2023-02-06,52.47,53.47,51.88,51.99,,4853644.0
2023-02-07,52.55,54.19,51.79,53.78,,9785529.0
2023-02-08,60.75,61.45,58.72,59.64,,18344640.0
2023-02-09,60.76,60.83,57.65,57.82,,9973302.0
2023-02-10,57.42,59.69,57.1,59.61,,5564420.0
2023-02-13,59.76,60.46,59.33,60.15,,4507535.0
2023-02-14,60.15,61.5,59.88,61.19,,5190087.0
2023-02-15,60.99,63.02,60.71,62.81,,5235525.0
2023-02-16,62.0,62.61,61.23,61.39,,4033854.0
2023-02-17,60.87,61.3,60.29,60.64,,3687234.0
2023-02-21,59.79,60.37,59.3,59.71,,4515537.0
2023-02-22,60.6,61.25,59.77,60.21,,5662901.0
2023-02-23,60.61,60.79,59.34,60.58,,4123799.0
2023-02-24,59.39,59.85,58.57,58.86,,3730481.0
2023-02-27,59.68,60.14,59.38,59.62,,3597166.0
2023-02-28,59.63,60.09,59.08,59.44,,3962266.0
2023-03-01,59.54,59.54,58.3,58.44,,3352973.0
2023-03-02,58.41,60.04,58.16,59.64,,3444011.0
2023-03-03,59.68,60.9,59.53,60.84,,3870891.0
2023-03-06,61.11,61.76,60.66,61.31,,2542930.0
2023-03-07,61.0,61.99,60.11,60.37,,5258114.0
2023-03-08,60.66,61.99,59.75,61.79,,5047405.0
2023-03-09,61.46,62.08,59.86,59.95,,4940399.0
2023-03-10,60.02,60.47,58.6,58.76,,4381780.0
2023-03-13,58.22,60.17,57.62,59.27,,4772371.0
2023-03-14,60.35,61.09,59.89,60.89,,3887517.0
2023-03-15,60.61,61.22,59.72,60.39,,3450425.0
2023-03-16,60.34,61.97,59.9,61.88,,3994330.0
2023-03-17,61.72,62.47,60.7,61.22,,8196983.0
2023-03-20,60.91,61.58,60.76,61.54,,4768262.0
2023-03-21,61.75,62.61,60.87,62.46,,3661932.0
2023-03-22,62.3,63.2,61.17,61.21,,2859419.0
2023-03-23,62.1,63.95,62.0,63.25,,4429908.0
2023-03-24,62.92,63.25,62.02,62.99,,3384685.0
2023-03-27,63.26,64.33,63.17,63.98,,5029826.0
2023-03-28,63.73,64.6,63.51,64.27,,3993197.0
2023-03-29,65.04,65.1,64.36,64.81,,4280265.0
2023-03-30,65.2,65.88,65.09,65.81,,3681561.0
2023-03-31,66.02,66.57,65.55,66.46,,5714939.0
2023-04-03,65.82,66.38,65.65,66.31,,3343034.0
2023-04-04,66.57,66.72,65.53,65.97,,3402003.0
2023-04-05,65.68,66.26,64.7,65.15,,3864954.0
2023-04-06,64.75,65.58,64.26,65.52,,2772246.0
2023-04-10,64.8,67.44,64.65,66.91,,5934740.0
2023-04-11,66.71,67.64,66.55,67.0,,3107935.0
2023-04-12,67.57,68.18,66.96,67.19,,3890275.0
2023-04-13,67.67,68.85,67.51,68.39,,4195259.0
2023-04-14,68.27,69.07,67.42,68.07,,4049580.0
2023-04-17,68.36,68.77,67.07,67.71,,3342219.0
2023-04-18,68.51,68.7,67.55,67.82,,3526678.0
2023-04-19,67.37,67.51,66.92,67.32,,2458537.0
2023-04-20,66.84,67.63,66.53,66.9,,2702581.0
2023-04-21,67.32,67.32,66.51,66.78,,2876606.0
2023-04-24,67.08,67.21,65.7,66.25,,2933578.0
2023-04-25,65.36,65.93,63.1,63.17,,5726609.0
2023-04-26,63.27,64.13,63.09,63.4,,3558467.0
2023-04-27,64.08,64.2,62.33,63.06,,5011968.0
2023-04-28,62.67,63.08,61.73,63.05,,5597589.0
2023-05-01,62.3,63.3,61.66,62.81,,3827322.0
2023-05-02,62.6,62.83,61.01,61.44,,5429953.0
2023-05-03,61.64,61.7,60.33,60.49,,6497298.0
2023-05-04,61.28,61.61,60.37,61.18,,5939259.0
2023-05-05,60.75,65.45,60.5,64.59,,9353899.0
2023-05-08,65.74,66.48,64.6,66.08,,5872768.0
2023-05-09,66.46,67.0,66.06,66.4,,4814477.0
2023-05-10,66.97,67.8,66.54,67.01,,4055996.0
2023-05-11,67.29,67.76,66.96,67.5,,4397030.0
2023-05-12,67.68,68.18,66.96,67.77,,3703008.0
2023-05-15,67.68,68.78,67.45,68.56,,4580036.0
2023-05-16,68.49,68.97,68.22,68.31,,3399410.0
2023-05-17,68.4,68.99,67.64,68.43,,3466501.0
2023-05-18,68.68,68.76,67.75,68.14,,4576215.0
2023-05-19,68.5,69.68,68.19,69.63,,4745557.0
2023-05-22,69.75,71.29,69.47,69.52,,4493142.0
2023-05-23,69.37,69.46,67.45,68.09,,5495388.0
2023-05-24,68.5,69.46,66.01,66.59,,9000609.0
2023-05-25,66.89,67.88,64.46,67.17,,8565601.0
2023-05-26,67.36,68.82,67.3,67.77,,5343667.0
2023-05-30,68.11,69.1,67.41,68.54,,4419571.0
2023-05-31,68.34,69.27,67.86,68.33,,6586713.0
2023-06-01,67.64,69.11,66.93,68.64,,4694400.0
2023-06-02,68.64,69.37,67.85,68.13,,4186232.0
2023-06-05,67.98,71.63,67.95,71.27,,8966767.0
2023-06-06,71.35,71.38,68.84,69.54,,5112953.0
2023-06-07,69.54,69.93,66.84,67.06,,5446399.0
2023-06-08,67.07,69.35,67.02,69.0,,4743162.0
2023-06-09,68.95,69.8,67.01,68.01,,4213274.0
2023-06-12,68.2,69.98,68.13,69.84,,5488105.0
2023-06-13,70.5,70.75,69.36,70.49,,4761604.0
2023-06-14,70.07,71.59,69.7,71.48,,4875365.0
2023-06-15,71.29,73.85,71.15,73.59,,5438003.0
2023-06-16,74.45,74.77,72.37,72.78,,10916028.0
2023-06-20,72.45,72.77,70.92,71.66,,4286343.0
2023-06-21,71.66,71.84,70.58,71.11,,7128115.0
2023-06-22,71.11,72.24,70.81,71.86,,3234243.0
2023-06-23,71.11,71.76,70.15,71.59,,14856242.0
2023-06-26,71.69,72.72,70.89,71.06,,3416560.0
2023-06-27,71.64,73.89,71.55,73.66,,4602491.0
2023-06-28,73.49,74.93,72.95,74.33,,5834392.0
2023-06-29,74.54,75.3,73.9,75.09,,6114359.0
2023-06-30,75.55,76.27,75.26,75.59,,4578622.0
2023-07-03,75.3,75.36,73.65,74.66,,2253856.0
2023-07-05,74.42,74.71,74.01,74.31,,3763947.0
2023-07-06,73.84,74.77,72.45,74.65,,4330011.0
2023-07-07,74.41,75.46,73.99,74.68,,4011783.0
2023-07-10,74.79,78.66,74.79,77.86,,8176651.0
2023-07-11,78.61,78.63,77.22,78.32,,4295195.0
2023-07-12,78.87,79.03,75.51,76.72,,6147898.0
2023-07-13,77.4,78.29,76.73,78.25,,4709541.0
2023-07-14,78.55,80.03,78.34,78.92,,4913721.0
2023-07-17,78.72,80.6,78.58,80.28,,4185827.0
2023-07-18,79.96,80.44,79.16,80.24,,4586209.0
2023-07-19,80.45,81.24,78.3,78.69,,5984975.0
2023-07-20,78.67,79.37,77.53,77.7,,3623851.0
2023-07-21,78.37,79.14,78.06,78.16,,12134200.0
2023-07-24,78.69,78.82,76.32,77.27,,3870766.0
2023-07-25,77.73,78.62,77.41,78.34,,3678984.0
2023-07-26,77.56,78.75,76.86,77.26,,3378450.0
2023-07-27,78.39,78.52,76.31,76.58,,3957737.0
2023-07-28,77.24,77.62,76.14,76.8,,3545155.0
2023-07-31,77.09,77.75,76.79,77.72,,3544369.0
2023-08-01,77.64,78.58,76.91,78.03,,2621393.0
2023-08-02,77.24,77.24,74.01,74.32,,5677076.0
2023-08-03,74.2,76.0,74.15,75.76,,6102273.0
2023-08-04,60.42,61.36,56.1,56.77,,32831477.0
2023-08-07,57.58,58.18,56.86,57.7,,14402404.0
2023-08-08,56.88,59.12,56.57,58.57,,16011804.0
2023-08-09,58.84,60.35,58.46,59.78,,13133517.0
2023-08-10,61.16,62.21,60.07,60.56,,10993561.0
2023-08-11,60.05,61.21,59.35,59.68,,7695677.0
2023-08-14,59.69,60.1,59.2,59.66,,7339978.0
2023-08-15,59.57,60.23,59.01,59.17,,7210700.0
2023-08-16,59.0,59.59,58.15,58.18,,3596708.0
2023-08-17,58.6,58.83,57.34,57.41,,5045623.0
2023-08-18,56.98,57.69,56.84,57.16,,5390397.0
2023-08-21,58.07,58.72,57.79,58.39,,6711700.0
2023-08-22,58.32,58.6,57.78,58.32,,4843329.0
2023-08-23,58.8,59.5,58.14,59.19,,4689677.0
2023-08-24,59.6,59.83,58.12,58.15,,4833725.0
2023-08-25,58.2,58.96,57.96,58.81,,4241207.0
2023-08-28,59.1,59.43,58.2,58.7,,4840914.0
2023-08-29,58.7,60.93,58.51,60.63,,5632182.0
2023-08-30,60.57,61.45,60.5,61.22,,5045791.0
2023-08-31,61.5,61.83,60.17,60.21,,6428583.0
2023-09-01,60.5,60.96,60.38,60.87,,4957878.0
2023-09-05,60.92,61.97,60.56,61.91,,4904778.0
2023-09-06,61.9,62.39,61.72,62.23,,5225479.0
2023-09-07,61.88,63.33,61.62,63.17,,5440718.0
2023-09-08,63.05,64.3,63.05,64.07,,5817932.0
2023-09-11,64.82,65.45,64.52,65.07,,4575513.0
2023-09-12,64.61,65.68,63.47,63.5,,5316945.0
2023-09-13,63.27,63.88,62.57,62.62,,3995868.0
2023-09-14,62.78,63.39,62.66,63.1,,4289192.0
2023-09-15,62.5,62.67,60.68,61.02,,10314018.0
2023-09-18,60.83,61.28,60.33,60.45,,3429315.0
2023-09-19,59.95,60.51,58.45,60.44,,4220538.0
2023-09-20,60.68,61.38,60.14,60.15,,3452716.0
2023-09-21,59.66,60.15,58.66,58.78,,4389127.0
2023-09-22,58.75,59.09,58.11,58.24,,3458580.0
2023-09-25,57.84,58.15,57.63,58.11,,3811284.0
2023-09-26,57.84,58.04,57.19,57.43,,4347550.0
2023-09-27,57.94,58.34,57.5,58.14,,3285461.0
2023-09-28,58.18,59.24,57.71,58.6,,3545915.0
2023-09-29,59.64,59.67,58.35,58.68,,4665251.0
2023-10-02,58.79,59.57,58.34,58.63,,4099010.0
2023-10-03,58.03,58.37,57.08,57.61,,6914051.0
2023-10-04,57.97,58.75,57.47,58.26,,4875569.0
2023-10-05,58.11,58.31,56.64,58.02,,7429115.0
2023-10-06,57.62,60.21,57.5,59.93,,4752606.0
2023-10-09,59.72,60.6,58.45,59.51,,4918273.0
2023-10-10,59.6,60.35,59.34,59.4,,5051028.0
2023-10-11,59.43,59.47,57.0,58.97,,9492372.0
2023-10-12,58.85,59.1,57.76,58.0,,8388440.0
2023-10-13,56.61,58.05,56.07,57.76,,11561247.0
2023-10-16,58.56,59.75,57.84,59.14,,5498620.0
2023-10-17,58.42,59.37,57.71,58.65,,4774828.0
2023-10-18,57.88,58.49,57.59,57.67,,4671309.0
2023-10-19,57.63,58.45,57.46,57.77,,7383288.0
2023-10-20,57.91,57.94,55.92,56.36,,6500862.0
2023-10-23,56.01,56.57,55.52,56.1,,4084992.0
2023-10-24,56.28,57.7,56.14,57.54,,4714843.0
2023-10-25,57.08,57.45,55.9,55.94,,4252305.0
2023-10-26,56.0,56.42,55.45,55.72,,5490516.0
2023-10-27,55.79,56.57,55.58,56.26,,5318005.0
2023-10-30,56.51,56.82,55.94,56.32,,5594170.0
2023-10-31,56.48,57.4,56.08,57.17,,4076541.0
2023-11-01,57.43,57.68,56.21,57.31,,5825489.0
2023-11-02,57.34,58.19,57.15,57.59,,9607506.0
2023-11-03,44.5,50.57,44.12,50.48,,38074360.0
2023-11-06,50.09,50.8,48.29,50.1,,16541931.0
2023-11-07,50.17,50.34,47.66,49.52,,14908340.0
2023-11-08,49.82,51.34,49.44,50.24,,13596965.0
2023-11-09,50.51,50.96,49.63,49.67,,9651259.0
2023-11-10,50.0,50.83,49.9,50.82,,6709583.0
2023-11-13,50.44,50.73,49.7,50.3,,6038855.0
2023-11-14,51.01,51.98,50.91,51.32,,6778053.0
2023-11-15,51.43,51.81,50.7,51.06,,6946374.0
2023-11-16,50.71,51.24,49.97,50.42,,8052127.0
2023-11-17,50.59,51.31,50.32,51.26,,5021557.0
2023-11-20,51.59,52.08,51.27,51.91,,4915386.0
2023-11-21,51.77,52.77,51.55,52.58,,5441893.0
2023-11-22,52.9,53.7,52.76,52.97,,5587417.0
2023-11-24,52.97,53.69,52.82,53.43,,2847395.0
2023-11-27,53.32,53.95,53.21,53.74,,7096021.0
2023-11-28,53.25,53.93,52.69,52.79,,5731191.0
2023-11-29,53.48,53.93,52.84,53.6,,7385040.0
2023-11-30,53.88,54.89,52.43,52.56,,16805144.0
2023-12-01,52.05,52.7,51.69,52.49,,7175496.0
2023-12-04,51.98,52.67,51.86,52.25,,4726168.0
2023-12-05,52.07,52.97,51.83,52.52,,4242030.0
2023-12-06,52.84,52.99,51.79,51.83,,3953118.0
2023-12-07,51.91,51.91,50.65,51.32,,6341135.0
2023-12-08,51.14,52.36,50.97,52.16,,4620508.0
2023-12-11,52.39,53.74,52.2,53.64,,5135287.0
2023-12-12,53.84,55.64,53.4,55.04,,7815408.0
2023-12-13,55.1,55.53,54.66,55.35,,5551338.0
2023-12-14,55.8,57.47,55.72,57.05,,9119726.0
2023-12-15,57.05,58.01,56.38,57.83,,16923959.0
2023-12-18,57.71,57.81,56.08,56.11,,11621292.0
2023-12-19,56.3,57.81,55.8,57.76,,6336942.0
2023-12-20,57.66,58.63,56.94,57.45,,6049726.0
2023-12-21,57.77,58.66,57.54,58.51,,4444339.0
2023-12-22,58.84,59.53,58.55,59.27,,5057419.0
2023-12-26,59.46,59.87,59.12,59.8,,3134373.0
2023-12-27,59.66,59.83,59.02,59.34,,2876723.0
2023-12-28,59.5,59.58,59.06,59.4,,2900263.0
2023-12-29,59.3,59.39,58.27,58.53,,2880568.0
2024-01-02,58.1,58.77,57.35,57.78,,6012333.0
2024-01-03,57.28,58.22,56.94,57.85,,5329549.0
2024-01-04,58.0,58.73,57.78,58.39,,5365387.0
2024-01-05,58.26,58.93,58.08,58.34,,4912633.0
2024-01-08,58.55,61.3,58.45,61.26,,6054488.0
2024-01-09,60.31,61.2,59.31,59.4,,9085851.0
2024-01-10,59.38,61.59,59.13,61.37,,6296082.0
2024-01-11,62.0,62.33,60.96,62.25,,5072234.0
2024-01-12,62.63,63.04,61.76,62.44,,4793979.0
2024-01-16,61.09,62.39,61.01,62.0,,6578183.0
2024-01-17,61.2,61.62,59.73,60.62,,5407773.0
2024-01-18,61.0,61.49,60.29,61.41,,4429104.0
2024-01-19,61.55,62.1,60.08,60.9,,9170503.0
2024-01-22,61.88,62.8,61.4,62.66,,8397957.0
2024-01-23,64.26,64.78,63.77,64.41,,8220622.0
2024-01-24,65.06,66.72,64.77,66.11,,7119724.0
2024-01-25,67.27,67.36,65.02,65.55,,6800378.0
2024-01-26,65.46,66.77,65.35,66.12,,6691532.0
2024-01-29,65.81,66.64,65.66,66.45,,4443352.0
2024-01-30,66.19,66.92,65.8,66.71,,5829977.0
2024-01-31,64.87,65.28,63.59,64.49,,9668130.0
2024-02-01,64.71,66.69,64.59,66.45,,9622546.0
2024-02-02,66.34,66.99,65.89,66.44,,8320021.0
2024-02-05,66.41,66.44,64.86,66.09,,9137541.0
2024-02-06,66.5,67.56,65.89,67.48,,13315838.0
2024-02-07,73.83,73.91,67.22,70.03,,25551135.0
2024-02-08,69.79,70.64,67.76,67.85,,8370859.0
2024-02-09,68.25,70.86,68.2,70.44,,7522413.0
2024-02-12,70.66,71.09,70.13,70.26,,4790775.0
2024-02-13,68.52,69.56,68.25,69.4,,5427329.0
2024-02-14,70.08,70.94,69.92,70.88,,3703416.0
2024-02-15,71.45,71.49,70.04,70.26,,3186036.0
2024-02-16,70.08,70.08,67.9,68.48,,4528400.0
2024-02-20,68.16,68.36,66.76,67.91,,3271365.0
2024-02-21,62.03,65.52,61.0,65.34,,12820123.0
2024-02-22,66.95,67.23,65.77,66.96,,7627622.0
2024-02-23,67.5,67.89,67.19,67.64,,3772767.0
2024-02-26,68.0,69.48,67.77,68.4,,5204973.0
2024-02-27,69.32,70.28,68.87,69.95,,4991533.0
2024-02-28,69.95,70.05,68.78,69.51,,2744765.0
2024-02-29,70.05,70.15,68.14,69.11,,5782091.0
2024-03-01,69.09,70.49,68.57,70.44,,4840847.0
2024-03-04,70.69,71.69,70.5,71.39,,4277706.0
2024-03-05,71.07,71.07,67.31,69.04,,6840679.0
2024-03-06,70.97,71.73,69.11,71.32,,7401228.0
2024-03-07,71.95,73.33,71.19,73.07,,6314272.0
2024-03-08,73.26,73.5,71.09,71.35,,5278875.0
2024-03-11,70.93,71.8,69.91,71.46,,3069810.0
2024-03-12,71.68,71.95,70.74,71.34,,3828274.0
2024-03-13,71.59,71.59,70.0,70.18,,4053051.0
2024-03-14,69.29,69.75,67.62,68.04,,6493118.0
2024-03-15,67.72,67.97,66.51,66.72,,10117981.0
2024-03-18,66.99,68.18,66.81,67.55,,3909019.0
2024-03-19,67.13,67.88,66.45,67.79,,3059385.0
2024-03-20,67.79,68.06,67.02,67.87,,4230313.0
2024-03-21,68.58,68.72,67.75,68.57,,3716264.0
2024-03-22,68.92,68.93,67.53,68.3,,2832796.0
2024-03-25,67.85,68.41,67.61,67.89,,3296053.0
2024-03-26,67.96,68.17,67.04,67.45,,3312375.0
2024-03-27,68.29,68.32,66.19,67.27,,3534963.0
2024-03-28,67.21,68.59,67.0,68.31,,3922212.0
2024-04-01,68.73,68.73,66.73,67.82,,2942560.0
2024-04-02,66.97,68.93,66.6,68.85,,4703733.0
2024-04-03,68.61,72.02,68.58,71.32,,7849101.0
2024-04-04,72.03,73.63,69.21,69.23,,6949389.0
2024-04-05,69.75,71.83,69.34,70.91,,7462799.0
2024-04-08,70.04,70.24,68.23,68.39,,5081127.0
2024-04-09,69.14,69.14,67.8,68.22,,2758658.0
2024-04-10,67.08,68.5,67.08,68.13,,3641299.0
2024-04-11,68.61,68.86,67.44,68.22,,2917975.0
2024-04-12,67.47,67.72,65.93,66.45,,5134673.0
2024-04-15,67.08,67.19,64.58,64.73,,4911148.0
2024-04-16,64.62,65.57,64.26,64.48,,3015060.0
2024-04-17,64.89,65.55,64.5,64.66,,3278443.0
2024-04-18,64.77,65.01,63.53,64.03,,3087289.0
2024-04-19,63.79,64.41,62.92,63.4,,4836140.0
2024-04-22,63.97,64.23,62.61,63.69,,3629295.0
2024-04-23,64.08,65.1,63.98,64.8,,3544127.0
2024-04-24,64.89,65.8,64.59,65.45,,3817138.0
2024-04-25,64.61,64.69,62.87,64.03,,3670755.0
2024-04-26,64.42,65.15,63.9,64.18,,4138352.0
2024-04-29,64.35,65.14,63.7,64.3,,3824366.0
2024-04-30,63.79,64.44,63.16,63.18,,5324350.0
2024-05-01,63.51,64.87,63.14,63.53,,4336994.0
2024-05-02,63.15,65.26,63.01,65.2,,8288946.0
2024-05-03,61.86,62.49,58.79,58.88,,15896615.0
2024-05-06,59.25,60.35,58.43,58.81,,14472605.0
2024-05-07,59.0,60.4,58.41,59.43,,18440295.0
2024-05-08,59.42,59.8,57.84,59.63,,10886899.0
2024-05-09,59.4,59.74,58.01,58.11,,6929752.0
2024-05-10,58.25,59.4,58.07,58.16,,3934532.0
2024-05-13,58.56,59.92,58.4,59.63,,5491977.0
2024-05-14,59.8,60.5,59.23,60.2,,4269834.0
2024-05-15,60.82,61.28,60.61,60.73,,3551810.0
2024-05-16,60.61,61.35,59.58,61.24,,4443146.0
2024-05-17,61.04,61.86,60.78,61.43,,2799682.0
2024-05-20,61.17,62.41,60.85,62.34,,2842407.0
2024-05-21,61.74,61.8,59.85,61.31,,5127601.0
2024-05-22,61.43,61.69,60.75,61.57,,3048404.0
2024-05-23,61.97,62.08,60.65,60.93,,3714123.0
2024-05-24,61.11,61.76,60.68,61.35,,2653983.0
2024-05-28,61.0,61.08,59.28,59.45,,4875281.0
2024-05-29,58.93,60.3,58.7,59.73,,4597970.0
2024-05-30,59.12,59.23,57.86,58.0,,5437156.0
2024-05-31,58.87,59.41,57.7,59.32,,16362989.0
2024-06-03,59.61,59.61,58.18,58.8,,3565526.0
2024-06-04,58.66,59.48,58.61,58.64,,3687971.0
2024-06-05,59.39,60.14,58.45,59.71,,3614749.0
2024-06-06,59.84,60.06,59.21,59.75,,3060270.0
2024-06-07,59.38,59.99,59.01,59.72,,2613238.0
2024-06-10,59.11,60.25,58.94,60.09,,3462829.0
2024-06-11,60.0,60.09,58.16,59.74,,5133437.0
2024-06-12,59.69,60.75,59.05,60.62,,5706040.0
2024-06-13,60.51,60.69,59.65,60.23,,3574803.0
2024-06-14,60.45,60.89,60.13,60.78,,3212908.0
2024-06-17,60.64,61.48,60.18,60.9,,4979297.0
2024-06-18,60.88,61.25,59.0,59.15,,5501773.0
2024-06-20,58.6,58.76,57.17,57.94,,10407451.0
2024-06-21,58.28,58.65,57.77,58.56,,16786744.0
2024-06-24,58.4,59.18,58.26,58.28,,4147862.0
2024-06-25,58.44,59.08,57.9,58.69,,5248337.0
2024-06-26,58.17,58.43,57.0,58.11,,6374167.0
2024-06-27,58.31,60.18,57.93,60.04,,5019493.0
2024-06-28,60.03,60.84,59.79,60.27,,7987420.0
2024-07-01,60.43,60.43,59.58,59.85,,4884493.0
2024-07-02,59.66,61.04,59.66,61.01,,4604927.0
2024-07-03,61.14,61.48,60.66,60.73,,3039750.0
2024-07-05,60.62,61.38,60.37,61.09,,3120561.0
2024-07-08,60.98,61.05,59.52,60.11,,4845385.0
2024-07-09,60.26,60.78,59.32,60.28,,3563658.0
2024-07-10,60.5,60.55,58.98,59.59,,3905224.0
2024-07-11,59.63,59.92,58.78,58.79,,4377694.0
2024-07-12,58.93,59.9,58.77,59.55,,4398851.0
2024-07-15,59.74,60.72,59.26,59.9,,3879710.0
2024-07-16,60.15,60.27,59.41,59.48,,4158831.0
2024-07-17,58.49,59.59,57.97,59.11,,7022566.0
2024-07-18,60.48,60.51,58.07,58.13,,5598977.0
2024-07-19,58.12,58.78,57.58,58.48,,8563233.0
2024-07-22,59.0,59.0,58.04,58.45,,4386488.0
2024-07-23,58.34,58.95,57.68,57.94,,5989369.0
2024-07-24,57.83,58.7,56.52,56.64,,5379116.0
2024-07-25,57.13,58.62,56.81,57.31,,5262437.0
2024-07-26,57.66,57.81,56.84,57.0,,4244996.0
2024-07-29,57.0,58.06,56.42,57.39,,4001838.0
2024-07-30,57.49,58.45,56.93,57.5,,4116066.0
2024-07-31,58.3,59.06,57.94,58.04,,4676336.0
2024-08-01,58.03,58.3,56.47,57.2,,4542904.0
2024-08-02,56.62,56.75,55.52,56.51,,5940825.0
2024-08-05,54.91,56.36,54.57,55.39,,7664667.0
2024-08-06,56.0,56.85,55.19,55.81,,9433793.0
2024-08-07,65.68,71.82,65.0,69.93,,23535602.0
2024-08-08,69.72,70.99,68.39,68.68,,10955053.0
2024-08-09,68.99,69.98,67.97,69.69,,6988618.0
2024-08-12,69.8,71.54,69.4,70.36,,6173310.0
2024-08-13,70.32,71.59,69.65,71.5,,5524287.0
2024-08-14,71.61,73.67,71.44,72.79,,6099262.0
2024-08-15,73.28,73.83,72.53,73.4,,4589777.0
2024-08-16,73.25,74.9,72.9,74.72,,4798599.0
2024-08-19,74.69,75.19,74.36,74.77,,5248310.0
2024-08-20,75.0,76.31,74.77,75.57,,5733205.0
2024-08-21,75.3,75.8,74.64,75.42,,3065758.0
2024-08-22,75.6,75.81,74.39,74.49,,5006805.0
2024-08-23,74.88,75.1,73.75,74.73,,3182470.0
2024-08-26,74.98,75.4,74.8,75.18,,2751206.0
2024-08-27,74.85,75.99,74.61,75.97,,2471210.0
2024-08-28,76.0,76.28,75.19,75.61,,2635293.0
2024-08-29,76.0,77.18,75.54,76.27,,3054470.0
2024-08-30,76.31,76.91,76.08,76.71,,3585700.0
2024-09-03,76.62,78.08,76.08,77.13,,5807885.0
2024-09-04,76.55,77.18,75.71,76.87,,4173080.0
2024-09-05,76.44,76.67,75.25,75.8,,4469068.0
2024-09-06,76.02,76.42,74.6,75.16,,5364384.0
2024-09-09,75.27,75.92,74.92,75.1,,4088881.0
2024-09-10,75.43,76.13,75.02,76.07,,3853883.0
2024-09-11,75.78,76.84,74.71,76.64,,4102347.0
2024-09-12,76.85,76.89,73.29,74.49,,8618080.0
2024-09-13,74.67,75.6,74.13,75.01,,4637702.0
2024-09-16,74.87,76.65,74.8,76.34,,4402057.0
2024-09-17,76.1,76.47,75.38,75.61,,2677888.0
2024-09-18,75.81,75.84,74.54,74.68,,2876414.0
2024-09-19,76.08,76.2,74.85,75.66,,3947493.0
2024-09-20,75.52,76.86,75.52,76.78,,12542759.0
2024-09-23,77.2,77.82,76.97,77.44,,3252169.0
2024-09-24,77.37,78.18,77.13,77.46,,2943311.0
2024-09-25,77.42,77.83,75.94,76.61,,4286288.0
2024-09-26,77.14,77.74,76.07,77.21,,5170085.0
2024-09-27,77.2,77.78,76.43,77.45,,2987870.0
2024-09-30,77.65,78.08,76.7,77.55,,3453441.0
2024-10-01,78.21,78.5,76.18,76.49,,3966326.0
2024-10-02,76.49,77.83,76.0,77.59,,3000106.0
2024-10-03,77.3,77.61,76.78,76.98,,3717008.0
2024-10-04,77.69,78.2,76.82,78.01,,3144257.0
2024-10-07,78.02,79.08,77.34,77.48,,4212995.0
2024-10-08,77.81,78.04,76.82,77.78,,3879120.0
2024-10-09,78.07,80.37,78.0,80.33,,4709415.0
2024-10-10,79.66,82.5,79.66,82.47,,5288320.0
2024-10-11,82.44,83.04,81.92,82.87,,2966193.0
2024-10-14,83.45,83.77,81.93,82.83,,2777129.0
2024-10-15,82.66,82.98,82.18,82.64,,5379012.0
2024-10-16,82.61,82.61,81.4,82.12,,2696638.0
2024-10-17,80.02,81.72,79.56,80.86,,4093275.0
2024-10-18,80.51,81.29,80.24,81.07,,2955891.0
2024-10-21,82.66,83.22,81.77,82.05,,3798949.0
2024-10-22,81.38,82.97,81.2,82.44,,3046845.0
2024-10-23,82.03,82.89,80.24,80.37,,4067878.0
2024-10-24,80.65,81.34,80.36,80.62,,2828761.0
2024-10-25,80.79,81.8,80.22,80.34,,3112008.0
2024-10-28,81.16,81.48,80.47,80.75,,2492169.0
2024-10-29,79.77,80.39,78.51,79.37,,3806406.0
2024-10-30,79.25,79.92,78.59,78.74,,2595493.0
2024-10-31,78.99,79.51,78.15,78.66,,4585233.0
2024-11-01,78.18,79.42,77.82,78.8,,4055570.0
2024-11-04,78.63,79.37,77.8,78.84,,3488417.0
2024-11-05,79.35,79.45,77.72,77.92,,4408036.0
2024-11-06,80.21,81.08,79.78,80.87,,5711298.0
2024-11-07,82.44,83.83,81.5,83.68,,6375040.0
2024-11-08,84.5,92.53,84.26,92.04,,13790376.0
2024-11-11,92.42,97.35,92.3,97.18,,8393346.0
2024-11-12,97.16,99.51,96.91,99.15,,7145994.0
2024-11-13,98.05,100.59,97.6,97.88,,6571755.0
2024-11-14,96.54,97.06,94.11,94.46,,7275759.0
2024-11-15,94.8,96.38,92.73,94.2,,5916022.0
2024-11-18,94.57,96.74,90.96,91.88,,8702907.0
2024-11-19,90.58,91.78,89.67,90.79,,5706880.0
2024-11-20,91.3,92.49,90.61,92.45,,5026814.0
2024-11-21,93.0,94.35,92.52,94.02,,4379697.0
2024-11-22,94.32,94.5,92.33,92.77,,4060455.0
2024-11-25,93.11,94.9,92.68,93.12,,8804549.0
2024-11-26,93.97,96.7,93.97,96.44,,4729263.0
2024-11-27,96.68,96.79,93.86,94.06,,3835031.0
2024-11-29,94.33,95.47,94.11,95.05,,2124139.0
2024-12-02,95.36,97.18,94.93,95.32,,4379471.0
2024-12-03,95.0,95.79,93.38,95.29,,3716650.0
2024-12-04,96.99,98.5,96.05,98.19,,4979240.0
2024-12-05,98.31,99.74,97.7,98.46,,3940690.0
2024-12-06,98.52,99.71,98.1,99.21,,3219862.0
2024-12-09,99.71,100.4,96.2,97.04,,4260813.0
2024-12-10,96.52,98.37,96.06,97.13,,3915618.0
2024-12-11,98.0,98.68,97.03,98.04,,3417447.0
2024-12-12,98.04,98.9,97.25,98.6,,2859805.0
2024-12-13,98.29,99.19,96.86,97.95,,3166115.0
2024-12-16,98.21,98.5,97.03,98.16,,3822362.0
2024-12-17,98.16,99.37,97.01,97.62,,4009767.0
2024-12-18,98.05,98.56,92.83,93.36,,5751007.0
2024-12-19,95.94,96.86,94.23,94.85,,4583508.0
2024-12-20,93.72,97.83,93.36,97.19,,13324435.0
2024-12-23,96.92,97.07,95.34,96.42,,3107902.0
2024-12-24,96.65,97.83,96.32,97.81,,1764854.0
2024-12-26,97.16,97.6,96.73,97.29,,1661958.0
2024-12-27,96.51,96.51,94.8,96.08,,2774949.0
2024-12-30,94.88,95.73,94.0,95.13,,2128262.0
