time,open,high,low,close,Volume,volume
1999-11-01,3.4,3.4,3.28,3.3,,173541.0
1999-11-02,3.3,3.51,3.3,3.5,,256059.0
1999-11-03,3.5,3.52,3.3,3.3,,152385.0
1999-11-04,3.31,3.33,3.3,3.31,,136178.0
1999-11-05,3.33,3.36,3.3,3.36,,70815.0
1999-11-08,3.35,3.48,3.34,3.45,,133333.0
1999-11-09,3.45,3.45,3.35,3.38,,149600.0
1999-11-10,3.38,3.38,3.34,3.38,,60770.0
1999-11-11,3.37,3.37,3.32,3.32,,60770.0
1999-11-12,3.33,3.38,3.33,3.38,,99378.0
1999-11-15,3.36,3.44,3.34,3.44,,128800.0
1999-11-16,3.44,3.44,3.34,3.39,,124207.0
1999-11-17,3.39,3.42,3.38,3.41,,74430.0
1999-11-18,3.42,3.47,3.41,3.45,,58281.0
1999-11-19,3.46,3.5,3.45,3.5,,86163.0
1999-11-22,3.5,3.54,3.43,3.5,,820207.0
1999-11-23,3.52,3.59,3.45,3.57,,128978.0
1999-11-24,3.54,3.54,3.44,3.47,,87615.0
1999-11-26,3.48,3.48,3.45,3.45,,31170.0
1999-11-29,3.46,3.47,3.41,3.41,,154104.0
1999-11-30,3.34,3.36,3.29,3.31,,253185.0
1999-12-01,3.31,3.34,3.27,3.33,,112148.0
1999-12-02,3.31,3.51,3.31,3.48,,159970.0
1999-12-03,3.48,3.6,3.48,3.59,,137363.0
1999-12-06,3.61,3.62,3.6,3.61,,69096.0
1999-12-07,3.62,3.65,3.61,3.64,,83526.0
1999-12-08,3.64,3.93,3.64,3.93,,168415.0
1999-12-09,3.93,3.93,3.8,3.82,,235289.0
1999-12-10,3.82,3.95,3.79,3.95,,377156.0
1999-12-13,3.93,4.19,3.93,4.19,,219289.0
1999-12-14,4.18,4.22,4.06,4.21,,104474.0
1999-12-15,4.2,4.3,4.18,4.23,,109363.0
1999-12-16,4.25,4.37,4.25,4.29,,210815.0
1999-12-17,4.27,4.34,4.27,4.3,,155644.0
1999-12-20,4.28,4.31,4.27,4.27,,74844.0
1999-12-21,4.27,4.34,4.27,4.3,,123200.0
1999-12-22,4.31,4.33,4.28,4.29,,28593.0
1999-12-23,4.29,4.32,4.26,4.31,,63793.0
1999-12-27,4.32,4.32,4.27,4.32,,57156.0
1999-12-28,4.32,4.41,4.31,4.38,,61304.0
1999-12-29,4.37,4.37,4.32,4.34,,63230.0
1999-12-30,4.37,4.37,4.31,4.34,,341452.0
1999-12-31,4.32,4.44,4.23,4.41,,41393.0
2000-01-03,4.41,4.41,3.99,4.01,,197363.0
2000-01-04,4.01,4.09,3.76,3.88,,105037.0
2000-01-05,3.86,3.88,3.76,3.78,,198400.0
2000-01-06,3.78,3.78,3.68,3.72,,196326.0
2000-01-07,3.73,3.76,3.68,3.71,,185541.0
2000-01-10,3.71,3.93,3.71,3.9,,482341.0
2000-01-11,3.93,3.99,3.93,3.94,,72267.0
2000-01-12,3.93,3.93,3.73,3.78,,94844.0
2000-01-13,3.81,3.82,3.7,3.82,,137363.0
2000-01-14,3.82,3.85,3.8,3.81,,46489.0
2000-01-18,3.78,3.78,3.65,3.67,,130459.0
2000-01-19,3.69,3.71,3.66,3.67,,34815.0
2000-01-20,3.66,3.78,3.66,3.76,,61481.0
2000-01-21,3.76,3.93,3.73,3.87,,222015.0
2000-01-24,3.88,4.01,3.88,3.92,,448415.0
2000-01-25,3.92,3.92,3.78,3.78,,130696.0
2000-01-26,3.78,3.92,3.76,3.76,,139644.0
2000-01-27,3.78,3.85,3.76,3.76,,270933.0
2000-01-28,3.78,3.86,3.71,3.82,,108919.0
2000-01-31,3.85,3.9,3.69,3.71,,138341.0
2000-02-01,3.69,3.69,3.6,3.66,,149185.0
2000-02-02,3.64,3.76,3.58,3.75,,84148.0
2000-02-03,3.72,3.85,3.72,3.78,,118193.0
2000-02-04,3.73,3.92,3.73,3.91,,48030.0
2000-02-07,3.89,3.89,3.68,3.71,,176326.0
2000-02-08,3.73,3.86,3.71,3.83,,154104.0
2000-02-09,3.82,3.82,3.61,3.61,,88474.0
2000-02-10,3.61,3.61,3.43,3.53,,158252.0
2000-02-11,3.53,3.65,3.47,3.52,,194756.0
2000-02-14,3.52,3.52,3.26,3.37,,352326.0
2000-02-15,3.4,3.52,3.4,3.49,,209896.0
2000-02-16,3.47,3.5,3.47,3.48,,82726.0
2000-02-17,3.49,3.81,3.49,3.76,,132059.0
2000-02-18,3.76,3.78,3.64,3.68,,80919.0
2000-02-22,3.64,3.64,3.59,3.6,,27733.0
2000-02-23,3.59,3.59,3.26,3.52,,227496.0
2000-02-24,3.52,3.52,3.38,3.43,,101481.0
2000-02-25,3.43,3.43,3.12,3.28,,306844.0
2000-02-28,3.26,3.34,3.14,3.28,,177185.0
2000-02-29,3.27,3.52,3.26,3.43,,413096.0
2000-03-01,3.37,3.48,3.37,3.42,,154963.0
2000-03-02,3.43,3.48,3.4,3.45,,87911.0
2000-03-03,3.47,3.52,3.46,3.52,,64356.0
2000-03-06,3.51,3.73,3.51,3.73,,229393.0
2000-03-07,3.73,3.75,3.6,3.6,,263170.0
2000-03-08,3.6,3.64,3.54,3.57,,111407.0
2000-03-09,3.56,3.65,3.52,3.61,,56267.0
2000-03-10,3.56,3.57,3.52,3.52,,83141.0
2000-03-13,3.5,3.69,3.5,3.62,,210074.0
2000-03-14,3.62,3.79,3.56,3.64,,296741.0
2000-03-15,3.61,3.77,3.54,3.7,,152356.0
2000-03-16,3.68,3.76,3.66,3.71,,339733.0
2000-03-17,3.67,3.71,3.64,3.64,,143022.0
2000-03-20,3.62,3.64,3.47,3.59,,239970.0
2000-03-21,3.55,3.67,3.52,3.67,,131852.0
2000-03-22,3.66,3.9,3.66,3.8,,170726.0
2000-03-23,3.78,3.85,3.75,3.8,,106756.0
2000-03-24,3.78,3.87,3.76,3.78,,212681.0
2000-03-27,3.76,3.78,3.76,3.77,,66696.0
2000-03-28,3.77,3.82,3.73,3.76,,170815.0
2000-03-29,3.76,3.83,3.76,3.8,,149067.0
2000-03-30,3.82,3.9,3.75,3.78,,161896.0
2000-03-31,3.77,3.9,3.77,3.82,,179793.0
2000-04-03,3.83,3.85,3.78,3.78,,96563.0
2000-04-04,3.78,3.85,3.68,3.74,,128593.0
2000-04-05,3.69,3.82,3.69,3.82,,151022.0
2000-04-06,3.79,3.82,3.74,3.76,,116681.0
2000-04-07,3.78,3.78,3.6,3.62,,75052.0
2000-04-10,3.51,3.58,3.45,3.45,,118607.0
2000-04-11,3.51,3.51,3.35,3.38,,95822.0
2000-04-12,3.4,3.64,3.4,3.64,,138044.0
2000-04-13,3.63,3.73,3.63,3.71,,148059.0
2000-04-14,3.68,3.85,3.55,3.55,,323170.0
2000-04-17,3.52,3.58,3.33,3.48,,120148.0
2000-04-18,3.57,3.7,3.51,3.7,,201719.0
2000-04-19,3.68,3.75,3.66,3.72,,83378.0
2000-04-20,3.73,3.82,3.68,3.8,,81570.0
2000-04-24,3.78,3.85,3.74,3.85,,106756.0
2000-04-25,3.85,3.92,3.79,3.87,,244800.0
2000-04-26,3.87,3.87,3.82,3.85,,40000.0
2000-04-27,3.83,3.92,3.82,3.92,,207763.0
2000-04-28,3.89,3.99,3.87,3.94,,100889.0
2000-05-01,3.92,3.98,3.9,3.98,,96089.0
2000-05-02,3.97,4.13,3.9,4.0,,223941.0
2000-05-03,3.99,4.01,3.89,3.96,,190844.0
2000-05-04,3.96,4.04,3.93,3.94,,104563.0
2000-05-05,3.93,4.0,3.93,3.99,,69244.0
2000-05-08,3.96,4.03,3.9,4.0,,93511.0
2000-05-09,4.0,4.0,3.9,3.9,,362696.0
2000-05-10,3.92,3.92,3.76,3.78,,168119.0
2000-05-11,3.81,4.0,3.81,3.99,,113244.0
2000-05-12,3.97,3.97,3.87,3.89,,72711.0
2000-05-15,3.89,3.89,3.79,3.8,,24533.0
2000-05-16,3.82,4.01,3.82,3.9,,90933.0
2000-05-17,3.9,3.9,3.79,3.79,,32622.0
2000-05-18,3.78,3.93,3.77,3.91,,113807.0
2000-05-19,3.92,3.92,3.82,3.82,,24948.0
2000-05-22,3.85,3.87,3.73,3.85,,79467.0
2000-05-23,3.87,3.95,3.87,3.95,,166489.0
2000-05-24,3.95,4.02,3.94,3.98,,190044.0
2000-05-25,3.99,4.03,3.96,3.97,,95052.0
2000-05-26,3.99,3.99,3.96,3.97,,39437.0
2000-05-30,3.97,4.04,3.97,4.02,,91763.0
2000-05-31,4.01,4.12,4.01,4.06,,137630.0
2000-06-01,4.09,4.11,4.04,4.11,,107348.0
2000-06-02,4.11,4.13,4.09,4.09,,81837.0
2000-06-05,4.1,4.11,3.85,3.85,,80059.0
2000-06-06,3.87,3.93,3.86,3.87,,60622.0
2000-06-07,3.87,3.87,3.73,3.82,,164889.0
2000-06-08,3.83,3.9,3.82,3.9,,89185.0
2000-06-09,3.9,4.03,3.9,4.01,,62163.0
2000-06-12,4.02,4.04,4.01,4.01,,78815.0
2000-06-13,4.01,4.01,3.8,3.82,,28119.0
2000-06-14,3.83,3.94,3.83,3.87,,83526.0
2000-06-15,3.86,3.87,3.8,3.84,,103052.0
2000-06-16,3.84,3.87,3.68,3.72,,156504.0
2000-06-19,3.73,3.75,3.59,3.66,,185956.0
2000-06-20,3.68,3.72,3.64,3.67,,217867.0
2000-06-21,3.68,3.7,3.52,3.55,,114252.0
2000-06-22,3.57,3.62,3.56,3.59,,196504.0
2000-06-23,3.57,3.59,3.51,3.59,,124681.0
2000-06-26,3.58,3.64,3.48,3.64,,176859.0
2000-06-27,3.61,3.66,3.52,3.55,,243704.0
2000-06-28,3.57,3.71,3.56,3.71,,143526.0
2000-06-29,3.71,3.71,3.53,3.57,,381067.0
2000-06-30,3.57,3.82,3.55,3.81,,606104.0
2000-07-03,3.77,3.86,3.75,3.86,,123407.0
2000-07-05,3.86,3.95,3.8,3.8,,89630.0
2000-07-06,3.76,3.76,3.61,3.71,,117570.0
2000-07-07,3.71,3.85,3.71,3.8,,90311.0
2000-07-10,3.72,3.72,3.69,3.7,,16474.0
2000-07-11,3.68,3.68,3.61,3.68,,95822.0
2000-07-12,3.71,3.77,3.68,3.77,,68859.0
2000-07-13,3.81,3.81,3.76,3.8,,81985.0
2000-07-14,3.78,3.86,3.78,3.8,,69659.0
2000-07-17,3.81,3.83,3.71,3.73,,86104.0
2000-07-18,3.76,3.9,3.76,3.85,,223793.0
2000-07-19,3.84,3.89,3.84,3.86,,68978.0
2000-07-20,3.87,3.87,3.79,3.86,,47022.0
2000-07-21,3.86,3.86,3.72,3.72,,56267.0
2000-07-24,3.73,3.85,3.73,3.85,,85304.0
2000-07-25,3.82,3.88,3.77,3.78,,61867.0
2000-07-26,3.76,3.8,3.61,3.73,,116859.0
2000-07-27,3.75,3.87,3.75,3.8,,223793.0
2000-07-28,3.8,3.83,3.77,3.78,,119200.0
2000-07-31,3.79,3.94,3.79,3.93,,305570.0
2000-08-01,3.93,3.93,3.8,3.82,,200385.0
2000-08-02,3.82,3.83,3.81,3.82,,66844.0
2000-08-03,3.83,3.84,3.76,3.78,,37837.0
2000-08-04,3.79,3.86,3.78,3.78,,77452.0
2000-08-07,3.78,3.85,3.77,3.81,,185659.0
2000-08-08,3.8,3.89,3.79,3.82,,132711.0
2000-08-09,3.82,3.85,3.81,3.82,,60622.0
2000-08-10,3.82,3.82,3.79,3.82,,38489.0
2000-08-11,3.83,3.85,3.8,3.85,,75141.0
2000-08-14,3.85,3.85,3.78,3.8,,42163.0
2000-08-15,3.79,3.79,3.75,3.76,,96800.0
2000-08-16,3.74,3.74,3.71,3.71,,61215.0
2000-08-17,3.7,3.71,3.69,3.71,,73570.0
2000-08-18,3.71,3.78,3.71,3.76,,140237.0
2000-08-21,3.78,3.78,3.71,3.73,,92444.0
2000-08-22,3.72,3.72,3.71,3.72,,25096.0
2000-08-23,3.72,3.73,3.69,3.69,,69244.0
2000-08-24,3.69,3.73,3.69,3.72,,149185.0
2000-08-25,3.71,3.76,3.71,3.73,,118341.0
2000-08-28,3.75,3.79,3.75,3.79,,24267.0
2000-08-29,3.79,3.91,3.79,3.82,,209778.0
2000-08-30,3.83,3.83,3.78,3.8,,21926.0
2000-08-31,3.8,3.85,3.79,3.83,,85304.0
2000-09-01,3.82,3.86,3.82,3.83,,51348.0
2000-09-05,3.83,3.87,3.82,3.82,,28770.0
2000-09-06,3.82,3.87,3.82,3.85,,47022.0
2000-09-07,3.85,3.85,3.76,3.82,,103615.0
2000-09-08,3.85,3.87,3.8,3.87,,96356.0
2000-09-11,3.87,3.87,3.8,3.8,,81778.0
2000-09-12,3.8,3.8,3.72,3.77,,188889.0
2000-09-13,3.78,3.9,3.78,3.88,,110637.0
2000-09-14,3.89,3.93,3.87,3.92,,118874.0
2000-09-15,3.92,3.93,3.81,3.82,,179170.0
2000-09-18,3.8,3.8,3.68,3.71,,70607.0
2000-09-19,3.72,3.72,3.65,3.66,,67259.0
2000-09-20,3.66,3.68,3.63,3.64,,51496.0
2000-09-21,3.62,3.63,3.58,3.58,,106874.0
2000-09-22,3.55,3.58,3.49,3.52,,169956.0
2000-09-25,3.54,3.61,3.5,3.5,,104059.0
2000-09-26,3.5,3.68,3.48,3.65,,97807.0
2000-09-27,3.65,3.85,3.65,3.85,,135644.0
2000-09-28,3.93,4.07,3.87,3.98,,682370.0
2000-09-29,3.98,4.16,3.93,4.16,,229007.0
2000-10-02,4.1,4.1,3.96,3.98,,169393.0
2000-10-03,3.96,4.0,3.86,3.99,,52415.0
2000-10-04,4.0,4.03,3.92,3.99,,112533.0
2000-10-05,3.99,4.11,3.98,4.08,,145452.0
2000-10-06,4.08,4.09,3.97,3.98,,107348.0
2000-10-09,3.97,3.97,3.93,3.94,,64237.0
2000-10-10,3.93,4.06,3.93,4.04,,146993.0
2000-10-11,4.01,4.05,3.95,3.96,,125511.0
2000-10-12,3.93,3.95,3.8,3.93,,199793.0
2000-10-13,3.94,4.04,3.94,4.02,,73333.0
2000-10-16,3.99,4.0,3.9,3.92,,60770.0
2000-10-17,3.93,3.93,3.9,3.92,,18163.0
2000-10-18,3.9,3.9,3.77,3.79,,64919.0
2000-10-19,3.78,3.92,3.78,3.92,,88326.0
2000-10-20,3.9,3.96,3.9,3.94,,199378.0
2000-10-23,3.93,3.93,3.8,3.81,,138252.0
2000-10-24,3.82,3.92,3.79,3.87,,136385.0
2000-10-25,3.86,3.89,3.8,3.86,,92919.0
2000-10-26,3.86,3.9,3.8,3.82,,162726.0
2000-10-27,3.85,3.92,3.8,3.91,,69244.0
2000-10-30,3.92,3.93,3.89,3.93,,199289.0
2000-10-31,3.93,3.93,3.73,3.8,,627556.0
2000-11-01,3.81,3.85,3.66,3.7,,216830.0
2000-11-02,3.73,3.82,3.71,3.71,,238459.0
2000-11-03,3.73,3.73,3.64,3.68,,58015.0
2000-11-06,3.69,3.79,3.66,3.66,,61926.0
2000-11-07,3.66,3.69,3.6,3.65,,192207.0
2000-11-08,3.66,3.79,3.65,3.74,,155141.0
2000-11-09,3.74,3.8,3.69,3.71,,88030.0
2000-11-10,3.71,3.71,3.68,3.68,,45215.0
2000-11-13,3.69,3.69,3.66,3.68,,22044.0
2000-11-14,3.69,3.73,3.64,3.66,,50044.0
2000-11-15,3.68,3.82,3.68,3.7,,158815.0
2000-11-16,3.7,3.73,3.63,3.66,,64770.0
2000-11-17,3.64,3.69,3.64,3.69,,35052.0
2000-11-20,3.68,3.68,3.57,3.57,,809748.0
2000-11-21,3.59,3.68,3.59,3.68,,201867.0
2000-11-22,3.71,3.71,3.65,3.67,,96800.0
2000-11-24,3.67,3.69,3.67,3.68,,21481.0
2000-11-27,3.69,3.72,3.66,3.67,,34904.0
2000-11-28,3.66,3.74,3.62,3.72,,122252.0
2000-11-29,3.71,3.73,3.7,3.72,,174459.0
2000-11-30,3.72,3.76,3.71,3.73,,88296.0
2000-12-01,3.72,3.72,3.58,3.59,,625867.0
2000-12-04,3.48,3.48,3.31,3.39,,335170.0
2000-12-05,3.38,3.44,3.38,3.43,,171378.0
2000-12-06,3.45,3.45,3.42,3.42,,111407.0
2000-12-07,3.4,3.43,3.4,3.41,,61007.0
2000-12-08,3.42,3.55,3.42,3.54,,166400.0
2000-12-11,3.54,3.62,3.54,3.59,,88296.0
2000-12-12,3.58,3.58,3.48,3.51,,70815.0
2000-12-13,3.53,3.58,3.51,3.56,,43704.0
2000-12-14,3.57,3.57,3.46,3.46,,50044.0
2000-12-15,3.49,3.72,3.47,3.72,,162933.0
2000-12-18,3.71,3.71,3.62,3.64,,164889.0
2000-12-19,3.64,3.76,3.64,3.71,,107763.0
2000-12-20,3.72,3.72,3.62,3.64,,38578.0
2000-12-21,3.7,3.78,3.68,3.77,,82844.0
2000-12-22,3.76,3.95,3.76,3.89,,294311.0
2000-12-26,3.88,3.96,3.88,3.94,,96267.0
2000-12-27,3.94,4.01,3.9,3.96,,143111.0
2000-12-28,3.99,4.15,3.99,4.04,,276593.0
2000-12-29,4.06,4.21,4.06,4.17,,264000.0
2001-01-02,4.01,4.01,3.55,3.71,,415526.0
2001-01-03,3.73,3.95,3.73,3.87,,238637.0
2001-01-04,3.87,3.88,3.8,3.81,,71674.0
2001-01-05,3.82,3.99,3.82,3.94,,170519.0
2001-01-08,3.92,3.92,3.9,3.92,,126400.0
2001-01-09,3.9,3.92,3.86,3.87,,50815.0
2001-01-10,3.87,3.9,3.8,3.86,,107526.0
2001-01-11,3.86,3.91,3.83,3.88,,117156.0
2001-01-12,3.87,3.92,3.82,3.92,,80533.0
2001-01-16,3.9,3.96,3.87,3.93,,386044.0
2001-01-17,3.95,4.06,3.95,4.04,,213126.0
2001-01-18,4.04,4.14,4.03,4.06,,200237.0
2001-01-19,4.06,4.06,4.01,4.01,,140059.0
2001-01-22,3.98,4.04,3.96,4.04,,34044.0
2001-01-23,4.03,4.07,4.03,4.06,,160148.0
2001-01-24,4.06,4.12,4.04,4.11,,105452.0
2001-01-25,4.1,4.11,4.08,4.1,,110785.0
2001-01-26,4.09,4.14,4.08,4.13,,27319.0
2001-01-29,4.13,4.23,4.13,4.18,,174607.0
2001-01-30,4.18,4.32,4.18,4.19,,137630.0
2001-01-31,4.19,4.24,4.18,4.18,,94756.0
2001-02-01,4.21,4.21,4.07,4.17,,102756.0
2001-02-02,4.16,4.18,4.09,4.18,,118578.0
2001-02-05,4.18,4.18,4.16,4.18,,23674.0
2001-02-06,4.18,4.29,4.18,4.28,,101689.0
2001-02-07,4.28,4.28,4.22,4.26,,32326.0
2001-02-08,4.26,4.4,4.23,4.24,,221156.0
2001-02-09,4.26,4.35,4.26,4.29,,194370.0
2001-02-12,4.29,4.29,4.26,4.28,,31348.0
2001-02-13,4.28,4.3,4.28,4.29,,126222.0
2001-02-14,4.3,4.31,4.28,4.3,,32030.0
2001-02-15,4.27,4.28,4.26,4.28,,21185.0
2001-02-16,4.27,4.28,4.23,4.27,,26163.0
2001-02-20,4.26,4.29,4.23,4.26,,208444.0
2001-02-21,4.26,4.32,4.26,4.31,,100711.0
2001-02-22,4.3,4.31,4.27,4.29,,126133.0
2001-02-23,4.29,4.33,4.24,4.31,,45304.0
2001-02-26,4.31,4.31,4.27,4.3,,117333.0
2001-02-27,4.28,4.29,4.27,4.29,,232681.0
2001-02-28,4.29,4.39,4.29,4.38,,474341.0
2001-03-01,4.36,4.45,4.35,4.44,,145274.0
2001-03-02,4.44,4.55,4.44,4.54,,153037.0
2001-03-05,4.54,4.61,4.54,4.59,,226519.0
2001-03-06,4.58,4.79,4.58,4.68,,315378.0
2001-03-07,4.67,4.68,4.64,4.66,,111407.0
2001-03-08,4.67,4.67,4.59,4.59,,227852.0
2001-03-09,4.6,4.6,4.5,4.51,,73333.0
2001-03-12,4.5,4.5,4.45,4.46,,118874.0
2001-03-13,4.42,4.43,4.36,4.37,,106963.0
2001-03-14,4.38,4.38,4.24,4.26,,294341.0
2001-03-15,4.26,4.26,4.12,4.14,,136089.0
2001-03-16,4.14,4.16,4.0,4.14,,174696.0
2001-03-19,4.13,4.15,4.1,4.15,,190726.0
2001-03-20,4.15,4.15,4.06,4.08,,174281.0
2001-03-21,4.09,4.14,4.04,4.05,,177452.0
2001-03-22,4.05,4.05,3.9,3.99,,96504.0
2001-03-23,3.99,4.16,3.99,4.09,,177007.0
2001-03-26,4.09,4.18,4.07,4.15,,130548.0
2001-03-27,4.14,4.18,4.14,4.18,,175259.0
2001-03-28,4.18,4.2,4.15,4.19,,66933.0
2001-03-29,4.17,4.19,4.14,4.19,,147348.0
2001-03-30,4.19,4.31,4.16,4.3,,128385.0
2001-04-02,4.29,4.29,4.16,4.21,,146311.0
2001-04-03,4.22,4.22,4.03,4.04,,183526.0
2001-04-04,4.04,4.09,3.96,4.01,,173985.0
2001-04-05,4.01,4.1,3.99,4.1,,69719.0
2001-04-06,4.04,4.04,3.94,3.95,,176148.0
2001-04-09,3.97,4.14,3.97,4.13,,68859.0
2001-04-10,4.13,4.23,4.13,4.13,,106074.0
2001-04-11,4.12,4.12,3.97,4.08,,144178.0
2001-04-12,4.09,4.1,4.02,4.09,,75319.0
2001-04-16,4.08,4.08,3.99,3.99,,104770.0
2001-04-17,3.99,3.99,3.84,3.97,,301926.0
2001-04-18,3.99,4.1,3.97,4.04,,281748.0
2001-04-19,4.04,4.05,4.02,4.04,,125985.0
2001-04-20,4.02,4.05,4.0,4.0,,256622.0
2001-04-23,4.0,4.04,3.87,3.91,,199111.0
2001-04-24,3.91,3.99,3.91,3.98,,117748.0
2001-04-25,3.95,4.05,3.95,3.99,,26578.0
2001-04-26,4.01,4.04,4.0,4.0,,148622.0
2001-04-27,3.99,4.01,3.96,4.0,,66252.0
2001-04-30,4.0,4.1,3.98,4.06,,280000.0
2001-05-01,4.07,4.24,4.07,4.23,,670844.0
2001-05-02,4.28,4.46,4.26,4.39,,294904.0
2001-05-03,4.38,4.38,4.32,4.32,,177067.0
2001-05-04,4.32,4.36,4.31,4.36,,76770.0
2001-05-07,4.38,4.44,4.33,4.37,,359704.0
2001-05-08,4.37,4.39,4.37,4.37,,384178.0
2001-05-09,4.38,4.49,4.38,4.48,,191793.0
2001-05-10,4.49,4.6,4.48,4.52,,171141.0
2001-05-11,4.53,4.57,4.47,4.5,,250341.0
2001-05-14,4.5,4.51,4.4,4.44,,78370.0
2001-05-15,4.49,4.53,4.48,4.52,,72148.0
2001-05-16,4.54,4.54,4.46,4.49,,218726.0
2001-05-17,4.49,4.6,4.49,4.56,,779467.0
2001-05-18,4.57,4.66,4.57,4.63,,68119.0
2001-05-21,4.63,4.63,4.55,4.59,,158252.0
2001-05-22,4.59,4.63,4.53,4.58,,598607.0
2001-05-23,4.57,4.57,4.49,4.5,,66074.0
2001-05-24,4.5,4.54,4.5,4.51,,272089.0
2001-05-25,4.51,4.55,4.46,4.53,,466311.0
2001-05-29,4.54,4.54,4.46,4.49,,52533.0
2001-05-30,4.49,4.58,4.45,4.55,,153807.0
2001-05-31,4.6,4.66,4.59,4.62,,135052.0
2001-06-01,4.62,4.63,4.6,4.62,,86400.0
2001-06-04,4.62,4.65,4.62,4.64,,30785.0
2001-06-05,4.64,4.66,4.62,4.62,,128385.0
2001-06-06,4.62,4.63,4.6,4.62,,382133.0
2001-06-07,4.62,4.69,4.62,4.68,,212681.0
2001-06-08,4.69,4.71,4.66,4.71,,79052.0
2001-06-11,4.72,4.72,4.64,4.64,,80681.0
2001-06-12,4.61,4.68,4.61,4.66,,255081.0
2001-06-13,4.67,4.68,4.62,4.62,,69452.0
2001-06-14,4.63,4.69,4.63,4.68,,118874.0
2001-06-15,4.68,4.68,4.61,4.66,,465689.0
2001-06-18,4.67,4.67,4.6,4.62,,45630.0
2001-06-19,4.62,4.62,4.6,4.62,,150044.0
2001-06-20,4.61,4.63,4.6,4.62,,141393.0
2001-06-21,4.62,4.69,4.62,4.69,,642104.0
2001-06-22,4.69,4.69,4.59,4.63,,304444.0
2001-06-25,4.63,4.67,4.61,4.65,,280207.0
2001-06-26,4.65,4.77,4.64,4.72,,174459.0
2001-06-27,4.74,4.82,4.72,4.8,,208622.0
2001-06-28,4.83,4.89,4.8,4.87,,145452.0
2001-06-29,4.88,5.05,4.88,5.04,,275556.0
2001-07-02,5.03,5.03,4.83,4.84,,291733.0
2001-07-03,4.87,4.89,4.85,4.86,,52830.0
2001-07-05,4.86,4.89,4.81,4.81,,109689.0
2001-07-06,4.81,4.81,4.73,4.73,,82222.0
2001-07-09,4.73,4.83,4.69,4.83,,169956.0
2001-07-10,4.83,4.83,4.79,4.8,,119289.0
2001-07-11,4.8,4.8,4.69,4.76,,617452.0
2001-07-12,4.77,4.82,4.74,4.74,,102993.0
2001-07-13,4.75,4.78,4.75,4.77,,70993.0
2001-07-16,4.78,4.85,4.78,4.8,,104563.0
2001-07-17,4.81,4.83,4.8,4.82,,65333.0
2001-07-18,4.81,4.84,4.79,4.81,,61067.0
2001-07-19,4.81,4.82,4.76,4.78,,39141.0
2001-07-20,4.78,4.81,4.78,4.78,,22519.0
2001-07-23,4.78,4.78,4.71,4.73,,155437.0
2001-07-24,4.73,4.76,4.72,4.72,,273807.0
2001-07-25,4.72,4.74,4.72,4.72,,113867.0
2001-07-26,4.72,4.73,4.72,4.72,,337570.0
2001-07-27,4.72,4.74,4.72,4.72,,326074.0
2001-07-30,4.72,4.72,4.69,4.72,,120919.0
2001-07-31,4.72,4.94,4.72,4.9,,240178.0
2001-08-01,4.91,5.05,4.89,4.94,,227674.0
2001-08-02,4.94,5.03,4.94,5.03,,133926.0
2001-08-03,5.02,5.02,4.86,4.86,,151022.0
2001-08-06,4.87,4.91,4.83,4.86,,72711.0
2001-08-07,4.87,4.87,4.72,4.76,,93037.0
2001-08-08,4.78,4.86,4.78,4.81,,67348.0
2001-08-09,4.81,4.81,4.72,4.77,,98104.0
2001-08-10,4.77,4.78,4.75,4.76,,30044.0
2001-08-13,4.77,4.79,4.74,4.75,,60770.0
2001-08-14,4.78,4.8,4.73,4.74,,98667.0
2001-08-15,4.74,4.8,4.72,4.78,,109481.0
2001-08-16,4.77,4.78,4.75,4.78,,18785.0
2001-08-17,4.81,4.81,4.75,4.76,,117452.0
2001-08-20,4.76,4.76,4.72,4.73,,180474.0
2001-08-21,4.73,4.83,4.73,4.81,,102341.0
2001-08-22,4.8,4.8,4.67,4.68,,278044.0
2001-08-23,4.69,4.71,4.68,4.71,,194370.0
2001-08-24,4.71,4.77,4.7,4.76,,41837.0
2001-08-27,4.75,4.77,4.73,4.75,,42607.0
2001-08-28,4.73,4.76,4.73,4.76,,103615.0
2001-08-29,4.76,4.77,4.75,4.77,,208356.0
2001-08-30,4.8,4.8,4.77,4.77,,264859.0
2001-08-31,4.77,4.8,4.76,4.79,,250163.0
2001-09-04,4.79,4.79,4.72,4.74,,58874.0
2001-09-05,4.74,4.75,4.65,4.65,,88593.0
2001-09-06,4.66,4.69,4.62,4.63,,345126.0
2001-09-07,4.62,4.62,4.55,4.59,,268089.0
2001-09-10,4.59,4.59,4.53,4.59,,134370.0
2001-09-17,4.83,5.05,4.71,4.72,,702696.0
2001-09-18,4.72,4.77,4.68,4.74,,211674.0
2001-09-19,4.76,4.76,4.58,4.65,,355170.0
2001-09-20,4.65,4.65,4.55,4.62,,438607.0
2001-09-21,4.59,4.59,4.51,4.57,,416089.0
2001-09-24,4.64,4.64,4.55,4.59,,255556.0
2001-09-25,4.6,4.66,4.54,4.61,,216415.0
2001-09-26,4.63,4.63,4.52,4.55,,139970.0
2001-09-27,4.55,4.56,4.46,4.56,,233452.0
2001-09-28,4.58,4.7,4.57,4.65,,1606311.0
2001-10-01,4.65,4.66,4.59,4.62,,429067.0
2001-10-02,4.62,4.63,4.49,4.5,,252178.0
2001-10-03,4.65,4.65,4.4,4.62,,240178.0
2001-10-04,4.64,4.64,4.54,4.6,,115822.0
2001-10-05,4.6,4.6,4.54,4.54,,133600.0
2001-10-08,4.55,4.55,4.51,4.53,,65985.0
2001-10-09,4.55,4.55,4.48,4.5,,193896.0
2001-10-10,4.49,4.51,4.46,4.51,,204711.0
2001-10-11,4.52,4.6,4.51,4.58,,117333.0
2001-10-12,4.59,4.59,4.49,4.53,,66074.0
2001-10-15,4.54,4.57,4.49,4.52,,49096.0
2001-10-16,4.51,4.61,4.5,4.59,,149304.0
2001-10-17,4.59,4.67,4.57,4.64,,240267.0
2001-10-18,4.64,4.71,4.62,4.63,,60622.0
2001-10-19,4.64,4.64,4.58,4.62,,115822.0
2001-10-22,4.62,4.62,4.55,4.55,,93481.0
2001-10-23,4.58,4.66,4.56,4.62,,69719.0
2001-10-24,4.65,4.65,4.58,4.63,,52800.0
2001-10-25,4.62,4.62,4.57,4.59,,40000.0
2001-10-26,4.59,4.64,4.59,4.62,,128593.0
2001-10-29,4.64,4.65,4.63,4.63,,62074.0
2001-10-30,4.68,4.68,4.62,4.67,,111496.0
2001-10-31,4.67,4.67,4.32,4.39,,1384119.0
2001-11-01,4.38,4.38,4.27,4.33,,1244741.0
2001-11-02,4.33,4.52,4.32,4.49,,527644.0
2001-11-05,4.54,4.54,4.45,4.51,,627407.0
2001-11-06,4.49,4.53,4.48,4.51,,268741.0
2001-11-07,4.56,4.56,4.49,4.55,,145719.0
2001-11-08,4.56,4.59,4.54,4.55,,343496.0
2001-11-09,4.56,4.66,4.55,4.61,,85126.0
2001-11-12,4.62,4.62,4.55,4.59,,273956.0
2001-11-13,4.61,4.68,4.6,4.67,,142667.0
2001-11-14,4.67,4.71,4.64,4.7,,278281.0
2001-11-15,4.71,4.85,4.71,4.82,,402548.0
2001-11-16,4.81,4.83,4.74,4.75,,75793.0
2001-11-19,4.86,4.89,4.8,4.83,,384948.0
2001-11-20,4.83,4.89,4.83,4.86,,339615.0
2001-11-21,4.86,4.86,4.82,4.83,,207081.0
2001-11-23,4.91,4.91,4.83,4.9,,16741.0
2001-11-26,4.9,4.9,4.78,4.83,,278133.0
2001-11-27,4.83,4.84,4.76,4.82,,105600.0
2001-11-28,4.87,4.87,4.83,4.87,,69274.0
2001-11-29,4.86,4.86,4.83,4.86,,75733.0
2001-11-30,4.86,4.89,4.83,4.86,,147852.0
2001-12-03,4.9,4.9,4.85,4.88,,236148.0
2001-12-04,4.89,4.95,4.86,4.94,,129867.0
2001-12-05,4.97,5.09,4.97,5.06,,222637.0
2001-12-06,5.12,5.12,5.01,5.12,,151319.0
2001-12-07,5.13,5.13,5.09,5.12,,111704.0
2001-12-10,5.12,5.12,5.04,5.04,,104770.0
2001-12-11,5.06,5.07,5.01,5.04,,87437.0
2001-12-12,5.01,5.04,4.99,5.0,,52237.0
2001-12-13,5.0,5.03,4.89,4.91,,194785.0
2001-12-14,4.89,4.95,4.83,4.89,,283081.0
2001-12-17,4.9,4.94,4.9,4.93,,53956.0
2001-12-18,4.93,4.93,4.88,4.9,,308178.0
2001-12-19,4.9,4.93,4.9,4.91,,66489.0
2001-12-20,4.91,4.95,4.89,4.93,,158607.0
2001-12-21,4.94,4.99,4.91,4.97,,136593.0
2001-12-24,4.95,4.95,4.89,4.94,,50696.0
2001-12-26,4.94,5.0,4.94,4.97,,40415.0
2001-12-27,4.97,5.0,4.95,4.98,,102607.0
2001-12-28,4.98,4.98,4.92,4.95,,94341.0
2001-12-31,4.92,4.99,4.92,4.92,,208148.0
2002-01-02,4.92,4.97,4.92,4.97,,138815.0
2002-01-03,5.01,5.01,4.92,5.0,,204889.0
2002-01-04,5.09,5.09,4.98,5.08,,114133.0
2002-01-07,5.09,5.14,5.05,5.07,,213422.0
2002-01-08,5.07,5.07,5.01,5.05,,87200.0
2002-01-09,5.05,5.39,5.05,5.38,,461200.0
2002-01-10,5.38,5.43,5.35,5.37,,378889.0
2002-01-11,5.39,5.44,5.36,5.4,,371200.0
2002-01-14,5.39,5.4,5.35,5.37,,139200.0
2002-01-15,5.39,5.43,5.38,5.42,,263200.0
2002-01-16,5.42,5.48,5.4,5.4,,120311.0
2002-01-17,5.4,5.47,5.39,5.46,,252356.0
2002-01-18,5.39,5.4,5.36,5.39,,165200.0
2002-01-22,5.38,5.42,5.37,5.37,,152978.0
2002-01-23,5.36,5.36,5.29,5.3,,215956.0
2002-01-24,5.3,5.32,5.3,5.3,,141822.0
2002-01-25,5.3,5.31,5.2,5.31,,326756.0
2002-01-28,5.37,5.37,5.28,5.34,,449111.0
2002-01-29,5.33,5.39,5.31,5.39,,211644.0
2002-01-30,5.37,5.44,5.33,5.4,,132178.0
2002-01-31,5.39,5.47,5.37,5.4,,443600.0
2002-02-01,5.4,5.4,5.34,5.39,,136756.0
2002-02-04,5.39,5.39,5.28,5.34,,379333.0
2002-02-05,5.32,5.32,5.17,5.18,,302800.0
2002-02-06,5.14,5.14,5.04,5.07,,478089.0
2002-02-07,5.04,5.06,5.01,5.05,,271644.0
2002-02-08,5.03,5.04,4.93,5.02,,382444.0
2002-02-11,5.02,5.19,5.02,5.18,,223778.0
2002-02-12,5.14,5.17,5.06,5.15,,93911.0
2002-02-13,5.18,5.18,5.02,5.03,,190000.0
2002-02-14,5.03,5.07,5.01,5.04,,107333.0
2002-02-15,5.17,5.17,5.04,5.16,,215378.0
2002-02-19,5.16,5.16,5.05,5.07,,225333.0
2002-02-20,5.12,5.12,5.01,5.11,,188978.0
2002-02-21,5.1,5.1,5.05,5.05,,98711.0
2002-02-22,5.07,5.12,5.04,5.08,,199511.0
2002-02-25,5.08,5.17,5.08,5.14,,166622.0
2002-02-26,5.15,5.18,5.11,5.13,,120489.0
2002-02-27,5.14,5.39,5.13,5.25,,355067.0
2002-02-28,5.25,5.39,5.25,5.39,,548133.0
2002-03-01,5.14,5.38,5.14,5.23,,523289.0
2002-03-04,5.28,5.53,5.22,5.34,,769289.0
2002-03-05,5.34,5.39,5.26,5.35,,166667.0
2002-03-06,5.35,5.37,5.22,5.35,,268533.0
2002-03-07,5.35,5.37,5.26,5.33,,88489.0
2002-03-08,5.33,5.37,5.27,5.29,,167556.0
2002-03-11,5.21,5.22,5.16,5.19,,395156.0
2002-03-12,5.21,5.21,5.17,5.18,,56978.0
2002-03-13,5.15,5.16,5.1,5.12,,247556.0
2002-03-14,5.12,5.12,5.08,5.1,,203422.0
2002-03-15,5.11,5.11,5.01,5.03,,283956.0
2002-03-18,5.03,5.03,4.99,5.02,,311467.0
2002-03-19,5.03,5.17,5.03,5.15,,140933.0
2002-03-20,5.11,5.24,5.04,5.2,,228356.0
2002-03-21,5.31,5.31,5.15,5.29,,269067.0
2002-03-22,5.32,5.33,5.23,5.29,,288889.0
2002-03-25,5.27,5.29,5.14,5.15,,317022.0
2002-03-26,5.18,5.26,5.16,5.2,,90489.0
2002-03-27,5.36,5.36,5.19,5.3,,150667.0
2002-03-28,5.34,5.34,5.3,5.34,,199822.0
2002-04-01,5.32,5.32,5.21,5.3,,144978.0
2002-04-02,5.27,5.28,5.22,5.23,,96267.0
2002-04-03,5.23,5.24,5.17,5.2,,333689.0
2002-04-04,5.17,5.22,5.12,5.19,,68000.0
2002-04-05,5.19,5.25,5.12,5.2,,249778.0
2002-04-08,5.23,5.27,5.18,5.22,,158267.0
2002-04-09,5.22,5.28,5.17,5.19,,216400.0
2002-04-10,5.18,5.24,5.14,5.19,,106533.0
2002-04-11,5.22,5.29,5.14,5.21,,80489.0
2002-04-12,5.21,5.25,5.14,5.24,,150489.0
2002-04-15,5.21,5.24,5.15,5.23,,109778.0
2002-04-16,5.24,5.31,5.22,5.31,,260178.0
2002-04-17,5.27,5.29,5.18,5.22,,182711.0
2002-04-18,5.22,5.28,5.22,5.28,,136533.0
2002-04-19,5.26,5.32,5.25,5.32,,125289.0
2002-04-22,5.3,5.3,5.22,5.25,,111511.0
2002-04-23,5.25,5.37,5.22,5.37,,409911.0
2002-04-24,5.34,5.34,5.24,5.26,,54978.0
2002-04-25,5.26,5.26,5.21,5.25,,433422.0
2002-04-26,5.26,5.31,5.22,5.3,,209111.0
2002-04-29,5.28,5.29,5.19,5.22,,154978.0
2002-04-30,5.22,5.24,5.14,5.19,,225911.0
2002-05-01,5.22,5.43,5.22,5.41,,809778.0
2002-05-02,5.41,5.44,5.36,5.37,,252933.0
2002-05-03,5.37,5.39,5.31,5.34,,168533.0
2002-05-06,5.39,5.39,5.28,5.29,,276578.0
2002-05-07,5.33,5.33,5.22,5.22,,135644.0
2002-05-08,5.26,5.33,5.25,5.32,,355333.0
2002-05-09,5.39,5.47,5.3,5.39,,610444.0
2002-05-10,5.4,5.4,5.31,5.36,,83733.0
2002-05-13,5.35,5.47,5.32,5.42,,178356.0
2002-05-14,5.42,5.47,5.39,5.42,,87422.0
2002-05-15,5.44,5.56,5.4,5.54,,164311.0
2002-05-16,5.54,5.59,5.48,5.48,,52978.0
2002-05-17,5.48,5.53,5.42,5.47,,68444.0
2002-05-20,5.47,5.47,5.4,5.42,,88356.0
2002-05-21,5.44,5.52,5.39,5.4,,153911.0
2002-05-22,5.4,5.41,5.33,5.37,,180089.0
2002-05-23,5.33,5.45,5.23,5.45,,91600.0
2002-05-24,5.47,5.51,5.41,5.46,,44000.0
2002-05-28,5.43,5.45,5.28,5.36,,81200.0
2002-05-29,5.32,5.33,5.24,5.25,,96933.0
2002-05-30,5.25,5.31,5.19,5.2,,482178.0
2002-05-31,5.22,5.28,5.2,5.22,,161200.0
2002-06-03,5.26,5.3,5.26,5.27,,157733.0
2002-06-04,5.23,5.24,5.07,5.16,,602756.0
2002-06-05,5.17,5.25,5.16,5.23,,124267.0
2002-06-06,5.22,5.22,5.1,5.14,,159333.0
2002-06-07,5.14,5.24,5.09,5.2,,116844.0
2002-06-10,5.21,5.24,5.1,5.12,,144844.0
2002-06-11,5.12,5.12,5.02,5.07,,516978.0
2002-06-12,5.06,5.11,4.9,5.09,,1070356.0
2002-06-13,5.05,5.18,5.04,5.09,,197378.0
2002-06-14,5.09,5.13,4.97,5.09,,209956.0
2002-06-17,5.31,5.36,5.22,5.27,,461200.0
2002-06-18,5.27,5.44,5.26,5.37,,480178.0
2002-06-19,5.36,5.42,5.31,5.35,,87467.0
2002-06-20,5.33,5.36,5.27,5.28,,76356.0
2002-06-21,5.3,5.31,5.22,5.26,,113689.0
2002-06-24,5.15,5.21,5.02,5.14,,210622.0
2002-06-25,5.16,5.27,5.16,5.19,,244311.0
2002-06-26,5.17,5.17,5.01,5.1,,480444.0
2002-06-27,5.06,5.13,5.05,5.1,,447556.0
2002-06-28,5.12,5.2,5.05,5.2,,483289.0
2002-07-01,5.27,5.27,5.06,5.1,,308444.0
2002-07-02,5.1,5.1,4.76,4.77,,1567600.0
2002-07-03,4.72,4.78,4.6,4.63,,1869111.0
2002-07-05,4.64,4.79,4.64,4.78,,323289.0
2002-07-08,4.78,4.88,4.78,4.83,,346444.0
2002-07-09,4.83,4.87,4.69,4.72,,224178.0
2002-07-10,4.72,4.77,4.55,4.59,,351289.0
2002-07-11,4.61,4.71,4.52,4.71,,470089.0
2002-07-12,4.72,4.79,4.67,4.76,,542356.0
2002-07-15,4.76,4.76,4.62,4.73,,586044.0
2002-07-16,4.72,4.73,4.56,4.63,,500089.0
2002-07-17,4.63,4.71,4.63,4.69,,438844.0
2002-07-18,4.69,4.7,4.51,4.6,,328267.0
2002-07-19,4.6,4.6,4.34,4.41,,675378.0
2002-07-22,4.38,4.38,4.01,4.23,,1024178.0
2002-07-23,4.21,4.24,3.98,4.09,,1043333.0
2002-07-24,4.0,4.27,3.83,4.27,,1094178.0
2002-07-25,4.26,4.38,4.19,4.27,,422400.0
2002-07-26,4.23,4.36,4.21,4.31,,351644.0
2002-07-29,4.31,4.55,4.31,4.54,,611556.0
2002-07-30,4.57,4.67,4.49,4.62,,389511.0
2002-07-31,4.62,5.01,4.62,5.01,,687733.0
2002-08-01,4.97,4.99,4.79,4.89,,599867.0
2002-08-02,4.89,4.89,4.71,4.81,,493600.0
2002-08-05,4.78,4.8,4.63,4.68,,483200.0
2002-08-06,4.68,4.82,4.55,4.76,,581689.0
2002-08-07,4.8,4.8,4.62,4.69,,352578.0
2002-08-08,4.7,4.87,4.61,4.84,,248622.0
2002-08-09,4.84,4.89,4.79,4.83,,142000.0
2002-08-12,4.82,4.85,4.75,4.82,,116267.0
2002-08-13,4.75,4.84,4.7,4.71,,108844.0
2002-08-14,4.71,4.75,4.58,4.71,,294356.0
2002-08-15,4.73,4.89,4.72,4.84,,198267.0
2002-08-16,4.83,4.93,4.82,4.92,,117289.0
2002-08-19,4.92,5.1,4.89,5.07,,280089.0
2002-08-20,5.05,5.07,4.99,5.04,,374978.0
2002-08-21,5.04,5.04,4.92,4.98,,249600.0
2002-08-22,4.98,5.0,4.89,4.91,,404222.0
2002-08-23,4.91,4.92,4.84,4.86,,78622.0
2002-08-26,4.86,4.9,4.82,4.89,,79378.0
2002-08-27,4.89,4.89,4.75,4.79,,185867.0
2002-08-28,4.79,4.79,4.72,4.75,,80711.0
2002-08-29,4.74,4.74,4.69,4.7,,117911.0
2002-08-30,4.7,4.73,4.67,4.68,,155244.0
2002-09-03,4.67,4.71,4.49,4.53,,350756.0
2002-09-04,4.53,4.63,4.53,4.62,,299689.0
2002-09-05,4.59,4.59,4.43,4.44,,297511.0
2002-09-06,4.45,4.51,4.44,4.46,,233556.0
2002-09-09,4.46,4.48,4.4,4.46,,211200.0
2002-09-10,4.46,4.49,4.46,4.48,,291111.0
2002-09-11,4.49,4.5,4.44,4.45,,238756.0
2002-09-12,4.46,4.46,4.36,4.37,,132178.0
2002-09-13,4.37,4.44,4.37,4.39,,217244.0
2002-09-16,4.4,4.45,4.36,4.38,,107644.0
2002-09-17,4.42,4.44,4.35,4.35,,258800.0
2002-09-18,4.33,4.35,4.33,4.34,,285644.0
2002-09-19,4.31,4.34,4.29,4.3,,194800.0
2002-09-20,4.31,4.34,4.28,4.28,,143867.0
2002-09-23,4.24,4.32,4.21,4.24,,211689.0
2002-09-24,4.26,4.26,4.13,4.14,,473244.0
2002-09-25,4.14,4.28,4.14,4.26,,247733.0
2002-09-26,4.29,4.45,4.28,4.39,,457778.0
2002-09-27,4.33,4.33,4.19,4.24,,803911.0
2002-09-30,4.24,4.24,4.05,4.21,,865200.0
2002-10-01,4.23,4.3,4.11,4.28,,638444.0
2002-10-02,4.28,4.28,4.11,4.13,,260533.0
2002-10-03,4.11,4.13,3.99,3.99,,636222.0
2002-10-04,3.98,3.98,3.68,3.7,,2083244.0
2002-10-07,3.69,3.72,3.39,3.61,,1320089.0
2002-10-08,3.69,3.87,3.64,3.84,,919289.0
2002-10-09,3.84,3.87,3.79,3.87,,578000.0
2002-10-10,3.87,3.99,3.86,3.99,,490844.0
2002-10-11,4.02,4.22,3.98,4.1,,307556.0
2002-10-14,4.1,4.17,4.06,4.12,,305600.0
2002-10-15,4.23,4.38,4.21,4.26,,351022.0
2002-10-16,4.27,4.32,4.08,4.17,,280933.0
2002-10-17,4.34,4.43,4.25,4.33,,571067.0
2002-10-18,4.33,4.36,4.24,4.32,,178089.0
2002-10-21,4.32,4.43,4.24,4.43,,219733.0
2002-10-22,4.38,4.45,4.35,4.42,,253822.0
2002-10-23,4.41,4.48,4.34,4.48,,338622.0
2002-10-24,4.46,4.52,4.42,4.47,,162800.0
2002-10-25,4.47,4.58,4.42,4.57,,272222.0
2002-10-28,4.56,4.56,4.4,4.46,,320578.0
2002-10-29,4.46,4.46,4.36,4.4,,167911.0
2002-10-30,4.49,4.65,4.45,4.46,,820356.0
2002-10-31,4.51,4.75,4.51,4.75,,634756.0
2002-11-01,4.75,4.95,4.72,4.92,,683689.0
2002-11-04,4.94,5.0,4.9,4.94,,666578.0
2002-11-05,4.92,4.99,4.86,4.99,,233733.0
2002-11-06,4.99,5.14,4.99,5.1,,216444.0
2002-11-07,5.08,5.08,4.99,5.03,,196933.0
2002-11-08,5.02,5.03,4.95,5.0,,322444.0
2002-11-11,4.97,4.99,4.8,4.83,,477244.0
2002-11-12,4.85,4.97,4.84,4.94,,201733.0
2002-11-13,4.93,4.96,4.88,4.95,,167689.0
2002-11-14,4.95,5.73,4.95,5.58,,3270267.0
2002-11-15,5.58,5.69,5.47,5.64,,1480800.0
2002-11-18,5.69,5.69,5.51,5.53,,360400.0
2002-11-19,5.51,5.56,5.44,5.47,,307556.0
2002-11-20,5.47,5.63,5.47,5.62,,247156.0
2002-11-21,5.64,5.71,5.47,5.65,,747511.0
2002-11-22,5.61,5.76,5.58,5.64,,542489.0
2002-11-25,5.64,5.64,5.47,5.5,,485200.0
2002-11-26,5.51,5.52,5.45,5.45,,365911.0
2002-11-27,5.46,5.6,5.4,5.56,,418356.0
2002-11-29,5.57,5.57,5.52,5.57,,96133.0
2002-12-02,5.57,5.58,5.4,5.46,,400533.0
2002-12-03,5.46,5.46,5.18,5.29,,481333.0
2002-12-04,5.29,5.37,5.24,5.26,,782800.0
2002-12-05,5.3,5.3,5.22,5.24,,342533.0
2002-12-06,5.24,5.4,5.24,5.32,,388267.0
2002-12-09,5.29,5.33,5.29,5.3,,366000.0
2002-12-10,5.29,5.37,5.29,5.35,,157733.0
2002-12-11,5.36,5.37,5.27,5.32,,160311.0
2002-12-12,5.35,5.36,5.28,5.31,,175156.0
2002-12-13,5.29,5.34,5.26,5.29,,225911.0
2002-12-16,5.31,5.35,5.23,5.35,,288711.0
2002-12-17,5.39,5.5,5.37,5.39,,237378.0
2002-12-18,5.38,5.38,5.27,5.32,,115333.0
2002-12-19,5.32,5.39,5.25,5.25,,273111.0
2002-12-20,5.24,5.39,5.24,5.35,,162933.0
2002-12-23,5.32,5.37,5.32,5.35,,142667.0
2002-12-24,5.35,5.38,5.32,5.35,,81200.0
2002-12-26,5.36,5.39,5.34,5.39,,87022.0
2002-12-27,5.38,5.38,5.24,5.26,,381067.0
2002-12-30,5.26,5.4,5.26,5.4,,316356.0
2002-12-31,5.44,5.64,5.43,5.56,,613911.0
2003-01-02,5.59,5.62,5.51,5.6,,365289.0
2003-01-03,5.58,5.68,5.58,5.61,,201022.0
2003-01-06,5.6,5.6,5.54,5.58,,471156.0
2003-01-07,5.59,5.64,5.59,5.63,,322889.0
2003-01-08,5.64,5.72,5.59,5.69,,494311.0
2003-01-09,5.69,5.79,5.69,5.76,,296311.0
2003-01-10,5.76,5.85,5.71,5.73,,224178.0
2003-01-13,5.73,5.74,5.64,5.68,,109244.0
2003-01-14,5.7,5.7,5.59,5.67,,294800.0
2003-01-15,5.67,5.69,5.61,5.67,,201244.0
2003-01-16,5.68,5.7,5.54,5.59,,243956.0
2003-01-17,5.58,5.64,5.52,5.59,,181644.0
2003-01-21,5.56,5.59,5.46,5.48,,296089.0
2003-01-22,5.44,5.48,5.41,5.46,,294489.0
2003-01-23,5.46,5.54,5.46,5.46,,207067.0
2003-01-24,5.44,5.49,5.42,5.46,,379556.0
2003-01-27,5.43,5.45,5.31,5.31,,203289.0
2003-01-28,5.3,5.37,5.28,5.34,,229556.0
2003-01-29,5.3,5.37,5.28,5.34,,359422.0
2003-01-30,5.34,5.34,5.25,5.25,,136978.0
2003-01-31,5.26,5.35,5.25,5.34,,258133.0
2003-02-03,5.34,5.46,5.33,5.43,,337600.0
2003-02-04,5.41,5.41,5.33,5.38,,365022.0
2003-02-05,5.41,5.42,5.31,5.32,,197378.0
2003-02-06,5.31,5.31,5.21,5.23,,233289.0
2003-02-07,5.24,5.25,5.18,5.24,,152978.0
2003-02-10,5.23,5.27,5.22,5.27,,101467.0
2003-02-11,5.26,5.38,5.26,5.31,,254978.0
2003-02-12,5.3,5.3,5.21,5.26,,171156.0
2003-02-13,5.24,5.26,5.09,5.26,,484578.0
2003-02-14,5.26,5.42,5.22,5.41,,461378.0
2003-02-18,5.41,5.46,5.41,5.44,,157822.0
2003-02-19,5.46,5.47,5.42,5.44,,169867.0
2003-02-20,5.43,5.43,5.33,5.36,,197778.0
2003-02-21,5.37,5.73,5.32,5.64,,612178.0
2003-02-24,5.59,5.59,5.53,5.56,,333467.0
2003-02-25,5.6,5.63,5.54,5.62,,260533.0
2003-02-26,5.62,5.65,5.55,5.61,,213822.0
2003-02-27,5.64,5.77,5.63,5.67,,490533.0
2003-02-28,5.67,5.94,5.67,5.93,,726667.0
2003-03-03,5.98,6.02,5.86,5.87,,509600.0
2003-03-04,5.87,5.9,5.84,5.84,,228933.0
2003-03-05,5.81,5.88,5.8,5.87,,179911.0
2003-03-06,5.87,5.87,5.78,5.85,,245689.0
2003-03-07,5.83,5.89,5.79,5.86,,538444.0
2003-03-10,5.86,5.89,5.79,5.86,,344578.0
2003-03-11,5.83,5.86,5.74,5.77,,317111.0
2003-03-12,5.77,5.79,5.67,5.79,,275022.0
2003-03-13,5.9,5.98,5.83,5.98,,487600.0
2003-03-14,6.02,6.02,5.96,6.01,,581956.0
2003-03-17,6.06,6.43,6.05,6.38,,1444978.0
2003-03-18,6.5,6.5,6.39,6.45,,1185644.0
2003-03-19,6.45,6.46,6.27,6.37,,483022.0
2003-03-20,6.38,6.48,6.33,6.48,,651867.0
2003-03-21,6.49,6.65,6.48,6.63,,700711.0
2003-03-24,6.59,6.59,6.38,6.4,,1002400.0
2003-03-25,6.4,6.64,6.38,6.57,,894889.0
2003-03-26,6.58,6.58,6.44,6.55,,741378.0
2003-03-27,6.51,6.51,6.42,6.47,,330267.0
2003-03-28,6.47,6.51,6.41,6.49,,411867.0
2003-03-31,6.49,6.5,6.36,6.44,,374000.0
2003-04-01,6.44,6.51,6.37,6.49,,504267.0
2003-04-02,6.59,6.63,6.56,6.57,,652000.0
2003-04-03,6.57,6.57,6.47,6.52,,328533.0
2003-04-04,6.54,6.54,6.46,6.51,,274667.0
2003-04-07,6.59,6.64,6.52,6.52,,424178.0
2003-04-08,6.52,6.52,6.46,6.49,,375289.0
2003-04-09,6.52,6.52,6.35,6.37,,440889.0
2003-04-10,6.39,6.4,6.28,6.36,,256667.0
2003-04-11,6.36,6.44,6.29,6.35,,449556.0
2003-04-14,6.33,6.49,6.32,6.48,,349111.0
2003-04-15,6.48,6.57,6.47,6.55,,233022.0
2003-04-16,6.55,6.57,6.47,6.54,,330667.0
2003-04-17,6.53,6.6,6.53,6.58,,516178.0
2003-04-21,6.58,6.59,6.54,6.58,,440578.0
2003-04-22,6.58,6.71,6.58,6.68,,3007822.0
2003-04-23,6.7,6.81,6.69,6.79,,600044.0
2003-04-24,6.78,6.83,6.71,6.77,,452489.0
2003-04-25,6.76,6.76,6.57,6.62,,462000.0
2003-04-28,6.65,6.81,6.65,6.76,,638844.0
2003-04-29,6.77,6.85,6.75,6.77,,327467.0
2003-04-30,6.77,6.79,6.64,6.71,,1006711.0
2003-05-01,6.71,6.71,6.28,6.34,,1389067.0
2003-05-02,6.37,6.43,6.18,6.37,,793511.0
2003-05-05,6.37,6.41,6.3,6.33,,454444.0
2003-05-06,6.33,6.36,6.27,6.31,,606800.0
2003-05-07,6.33,6.39,6.29,6.36,,435156.0
2003-05-08,6.35,6.35,6.24,6.25,,190000.0
2003-05-09,6.27,6.34,6.24,6.32,,249067.0
2003-05-12,6.38,6.38,6.29,6.33,,352133.0
2003-05-13,6.34,6.51,6.33,6.44,,349733.0
2003-05-14,6.46,6.54,6.46,6.52,,295022.0
2003-05-15,6.49,6.55,6.46,6.54,,369822.0
2003-05-16,6.56,6.71,6.54,6.71,,422178.0
2003-05-19,6.67,6.67,6.44,6.45,,679067.0
2003-05-20,6.47,6.48,6.37,6.39,,192444.0
2003-05-21,6.39,6.39,6.27,6.34,,330000.0
2003-05-22,6.4,6.56,6.38,6.56,,366000.0
2003-05-23,6.55,6.63,6.53,6.59,,406444.0
2003-05-27,6.58,6.67,6.57,6.58,,356667.0
2003-05-28,6.57,6.63,6.57,6.59,,294311.0
2003-05-29,6.61,6.64,6.56,6.56,,141511.0
2003-05-30,6.56,6.7,6.56,6.65,,455600.0
2003-06-02,6.66,6.72,6.62,6.62,,526311.0
2003-06-03,6.63,6.64,6.55,6.6,,242667.0
2003-06-04,6.59,6.72,6.59,6.71,,276133.0
2003-06-05,6.69,6.74,6.67,6.69,,465289.0
2003-06-06,6.71,6.77,6.57,6.58,,386489.0
2003-06-09,6.57,6.57,6.49,6.53,,201956.0
2003-06-10,6.54,6.57,6.51,6.57,,224400.0
2003-06-11,6.54,6.59,6.54,6.57,,182711.0
2003-06-12,6.54,6.65,6.54,6.59,,199067.0
2003-06-13,6.59,6.6,6.55,6.57,,394267.0
2003-06-16,6.57,6.58,6.54,6.57,,260400.0
2003-06-17,6.57,6.65,6.56,6.59,,268756.0
2003-06-18,6.59,6.59,6.46,6.5,,342089.0
2003-06-19,6.52,6.58,6.46,6.46,,161422.0
2003-06-20,6.46,6.47,6.41,6.43,,173422.0
2003-06-23,6.4,6.4,6.35,6.37,,251644.0
2003-06-24,6.34,6.35,6.31,6.33,,206489.0
2003-06-25,6.33,6.38,6.25,6.25,,245378.0
2003-06-26,6.25,6.38,6.25,6.33,,137200.0
2003-06-27,6.36,6.38,6.27,6.31,,150622.0
2003-06-30,6.23,6.25,6.17,6.25,,504222.0
2003-07-01,6.25,6.33,6.22,6.33,,382000.0
2003-07-02,6.36,6.49,6.31,6.49,,317733.0
2003-07-03,6.44,6.48,6.4,6.48,,177289.0
2003-07-07,6.49,6.54,6.48,6.51,,214000.0
2003-07-08,6.51,6.57,6.47,6.57,,227067.0
2003-07-09,6.58,6.58,6.45,6.55,,126800.0
2003-07-10,6.54,6.54,6.38,6.45,,221778.0
2003-07-11,6.42,6.43,6.34,6.39,,206444.0
2003-07-14,6.42,6.51,6.42,6.49,,299911.0
2003-07-15,6.51,6.51,6.43,6.5,,344489.0
2003-07-16,6.5,6.57,6.5,6.57,,198844.0
2003-07-17,6.65,6.67,6.51,6.54,,307467.0
2003-07-18,6.52,6.53,6.45,6.51,,196533.0
2003-07-21,6.52,6.52,6.43,6.48,,121644.0
2003-07-22,6.47,6.51,6.44,6.49,,101467.0
2003-07-23,6.49,6.59,6.49,6.58,,119022.0
2003-07-24,6.61,6.61,6.54,6.57,,93689.0
2003-07-25,6.58,6.66,6.57,6.64,,242000.0
2003-07-28,6.66,6.73,6.65,6.68,,162489.0
2003-07-29,6.67,6.67,6.57,6.62,,261467.0
2003-07-30,6.64,6.67,6.53,6.59,,257378.0
2003-07-31,6.49,6.49,6.06,6.17,,1519556.0
2003-08-01,6.15,6.16,5.98,6.04,,631200.0
2003-08-04,6.06,6.15,5.82,6.11,,1066622.0
2003-08-05,6.12,6.23,6.11,6.12,,716756.0
2003-08-06,6.12,6.23,6.06,6.23,,573200.0
2003-08-07,6.22,6.23,6.08,6.23,,313333.0
2003-08-08,6.21,6.21,6.15,6.17,,193067.0
2003-08-11,6.17,6.24,6.15,6.2,,214711.0
2003-08-12,6.2,6.25,6.2,6.23,,314222.0
2003-08-13,6.24,6.29,6.24,6.24,,147022.0
2003-08-14,6.21,6.31,6.21,6.29,,161067.0
2003-08-15,6.29,6.38,6.29,6.38,,110667.0
2003-08-18,6.38,6.38,6.29,6.32,,249911.0
2003-08-19,6.32,6.33,6.26,6.32,,196044.0
2003-08-20,6.32,6.37,6.31,6.31,,143244.0
2003-08-21,6.33,6.36,6.29,6.32,,132622.0
2003-08-22,6.33,6.35,6.26,6.3,,185511.0
2003-08-25,6.3,6.3,6.21,6.23,,147200.0
2003-08-26,6.23,6.23,6.16,6.23,,174622.0
2003-08-27,6.23,6.24,6.19,6.23,,547956.0
2003-08-28,6.23,6.24,6.22,6.22,,349911.0
2003-08-29,6.25,6.25,6.2,6.23,,302578.0
2003-09-02,6.22,6.24,6.13,6.22,,823244.0
2003-09-03,6.22,6.25,6.17,6.2,,260844.0
2003-09-04,6.18,6.24,6.18,6.2,,230267.0
2003-09-05,6.22,6.22,6.14,6.16,,234844.0
2003-09-08,6.12,6.18,6.08,6.11,,419822.0
2003-09-09,6.1,6.11,5.96,6.02,,978000.0
2003-09-10,6.02,6.03,5.85,5.87,,1124444.0
2003-09-11,5.87,5.88,5.65,5.83,,1430711.0
2003-09-12,5.81,5.9,5.74,5.88,,396222.0
2003-09-15,5.9,5.97,5.9,5.96,,418533.0
2003-09-16,5.98,6.0,5.87,5.95,,378044.0
2003-09-17,5.92,5.94,5.88,5.88,,474533.0
2003-09-18,5.9,5.9,5.79,5.85,,708933.0
2003-09-19,5.85,6.04,5.77,6.02,,1048222.0
2003-09-22,6.06,6.06,5.95,5.98,,877467.0
2003-09-23,5.95,6.13,5.94,6.13,,1102978.0
2003-09-24,6.13,6.13,6.06,6.09,,715022.0
2003-09-25,6.13,6.15,6.09,6.11,,713733.0
2003-09-26,6.13,6.13,6.0,6.06,,349556.0
2003-09-29,5.98,6.15,5.98,6.09,,426756.0
2003-09-30,6.11,6.11,6.04,6.05,,338044.0
2003-10-01,6.07,6.13,6.05,6.11,,417644.0
2003-10-02,6.08,6.15,6.08,6.13,,332844.0
2003-10-03,6.13,6.18,6.1,6.11,,503200.0
2003-10-06,6.11,6.14,6.08,6.1,,493689.0
2003-10-07,6.1,6.16,6.08,6.15,,420444.0
2003-10-08,6.14,6.15,6.06,6.1,,269511.0
2003-10-09,6.1,6.17,6.03,6.05,,1037467.0
2003-10-10,6.05,6.05,5.98,6.03,,467600.0
2003-10-13,6.04,6.15,6.04,6.09,,205600.0
2003-10-14,6.09,6.09,6.01,6.06,,557022.0
2003-10-15,6.08,6.08,6.0,6.03,,359644.0
2003-10-16,6.03,6.06,6.02,6.05,,347378.0
2003-10-17,6.05,6.05,5.88,5.9,,440000.0
2003-10-20,5.9,5.97,5.86,5.97,,291556.0
2003-10-21,5.94,6.01,5.92,5.98,,183289.0
2003-10-22,6.15,6.17,6.02,6.11,,686622.0
2003-10-23,6.14,6.14,6.07,6.11,,157378.0
2003-10-24,6.12,6.26,6.12,6.26,,426089.0
2003-10-27,6.29,6.31,6.18,6.21,,379333.0
2003-10-28,6.2,6.29,6.2,6.22,,267956.0
2003-10-29,6.11,6.52,6.02,6.43,,913911.0
2003-10-30,6.45,6.48,6.33,6.38,,504400.0
2003-10-31,6.4,6.44,6.34,6.44,,328089.0
2003-11-03,6.44,6.44,6.34,6.4,,333111.0
2003-11-04,6.4,6.4,6.26,6.26,,522000.0
2003-11-05,6.26,6.27,6.19,6.23,,609156.0
2003-11-06,6.26,6.26,6.22,6.23,,246756.0
2003-11-07,6.23,6.27,6.2,6.25,,478978.0
2003-11-10,6.27,6.27,6.22,6.24,,392311.0
2003-11-11,6.26,6.26,6.18,6.22,,445956.0
2003-11-12,6.26,6.3,6.19,6.3,,198089.0
2003-11-13,6.3,6.31,6.22,6.25,,157156.0
2003-11-14,6.24,6.29,6.24,6.26,,185422.0
2003-11-17,6.23,6.23,6.1,6.17,,539689.0
2003-11-18,6.14,6.19,6.11,6.15,,395867.0
2003-11-19,6.17,6.23,6.12,6.21,,141511.0
2003-11-20,6.22,6.31,6.18,6.25,,582133.0
2003-11-21,6.28,6.31,6.24,6.27,,132711.0
2003-11-24,6.28,6.29,6.15,6.2,,334756.0
2003-11-25,6.2,6.23,6.13,6.2,,282667.0
2003-11-26,6.18,6.23,6.17,6.22,,175467.0
2003-11-28,6.22,6.22,6.19,6.2,,72889.0
2003-12-01,6.19,6.25,6.19,6.24,,596267.0
2003-12-02,6.3,6.4,6.26,6.36,,269644.0
2003-12-03,6.36,6.4,6.35,6.39,,322889.0
2003-12-04,6.39,6.59,6.35,6.58,,785733.0
2003-12-05,6.57,6.57,6.49,6.53,,248178.0
2003-12-08,6.5,6.51,6.47,6.51,,273156.0
2003-12-09,6.51,6.53,6.49,6.53,,295378.0
2003-12-10,6.54,6.56,6.51,6.54,,668089.0
2003-12-11,6.59,6.67,6.56,6.64,,274444.0
2003-12-12,6.64,6.7,6.59,6.69,,200889.0
2003-12-15,6.74,6.75,6.67,6.67,,285422.0
2003-12-16,6.65,6.66,6.55,6.57,,190044.0
2003-12-17,6.55,6.58,6.49,6.57,,236489.0
2003-12-18,6.57,6.58,6.53,6.57,,198844.0
2003-12-19,6.59,6.59,6.49,6.54,,357244.0
2003-12-22,6.57,6.73,6.54,6.73,,203289.0
2003-12-23,6.7,6.7,6.64,6.68,,227956.0
2003-12-24,6.73,6.76,6.68,6.73,,101911.0
2003-12-26,6.7,6.74,6.69,6.71,,84578.0
2003-12-29,6.7,6.72,6.67,6.69,,314844.0
2003-12-30,6.7,6.71,6.65,6.69,,142667.0
2003-12-31,6.7,6.72,6.66,6.66,,359689.0
2004-01-02,6.53,6.62,6.53,6.6,,310622.0
2004-01-05,6.59,6.66,6.59,6.66,,269511.0
2004-01-06,6.66,7.41,6.65,7.41,,1275200.0
2004-01-07,7.36,7.36,7.03,7.07,,866222.0
2004-01-08,7.06,7.22,6.97,7.2,,286800.0
2004-01-09,7.2,7.2,7.04,7.07,,305333.0
2004-01-12,7.04,7.04,6.91,7.03,,425733.0
2004-01-13,7.05,7.07,7.01,7.05,,142667.0
2004-01-14,7.02,7.06,6.99,7.01,,346533.0
2004-01-15,7.01,7.01,6.93,6.96,,152356.0
2004-01-16,6.96,6.98,6.93,6.97,,185289.0
2004-01-20,6.97,6.98,6.94,6.95,,205156.0
2004-01-21,6.95,6.95,6.91,6.94,,289556.0
2004-01-22,6.93,6.97,6.89,6.97,,289600.0
2004-01-23,6.94,6.99,6.91,6.94,,332133.0
2004-01-26,6.92,6.97,6.91,6.97,,110222.0
2004-01-27,7.01,7.11,6.96,6.98,,270089.0
2004-01-28,6.98,6.99,6.89,6.92,,360400.0
2004-01-29,6.96,6.99,6.9,6.9,,294489.0
2004-01-30,6.91,7.09,6.9,7.01,,178489.0
2004-02-02,7.05,7.06,6.91,6.91,,315111.0
2004-02-03,6.98,6.98,6.91,6.91,,138667.0
2004-02-04,6.91,6.94,6.9,6.9,,136978.0
2004-02-05,6.91,7.01,6.88,6.98,,186400.0
2004-02-06,6.97,7.06,6.97,7.03,,75333.0
2004-02-09,7.05,7.13,7.04,7.1,,165822.0
2004-02-10,7.1,7.16,7.08,7.15,,173333.0
2004-02-11,7.19,7.38,7.19,7.35,,404978.0
2004-02-12,7.34,7.34,7.27,7.31,,220933.0
2004-02-13,7.31,7.36,7.27,7.34,,234756.0
2004-02-17,7.37,7.42,7.33,7.39,,178622.0
2004-02-18,7.42,7.5,7.41,7.45,,257511.0
2004-02-19,7.47,7.5,7.36,7.37,,212356.0
2004-02-20,7.35,7.35,7.13,7.24,,184800.0
2004-02-23,7.22,7.22,6.95,7.01,,336044.0
2004-02-24,6.97,7.04,6.95,6.98,,137067.0
2004-02-25,6.97,7.04,6.97,7.02,,154578.0
2004-02-26,7.1,7.67,7.1,7.45,,1247378.0
2004-02-27,7.49,7.6,7.49,7.56,,559244.0
2004-03-01,7.66,7.71,7.59,7.62,,787111.0
2004-03-02,7.57,7.7,7.56,7.62,,458089.0
2004-03-03,7.62,7.65,7.56,7.59,,285511.0
2004-03-04,7.63,7.72,7.62,7.68,,426311.0
2004-03-05,7.77,7.77,7.68,7.69,,470311.0
2004-03-08,7.73,7.74,7.69,7.69,,187467.0
2004-03-09,7.69,7.69,7.53,7.57,,221778.0
2004-03-10,7.57,7.6,7.52,7.53,,216889.0
2004-03-11,7.53,7.57,7.48,7.51,,238667.0
2004-03-12,7.55,7.58,7.52,7.54,,226400.0
2004-03-15,7.58,7.59,7.53,7.57,,238756.0
2004-03-16,7.59,7.6,7.45,7.52,,163778.0
2004-03-17,7.54,7.65,7.53,7.6,,256222.0
2004-03-18,7.61,7.61,7.56,7.58,,396889.0
2004-03-19,7.58,7.6,7.54,7.54,,344489.0
2004-03-22,7.57,7.57,7.46,7.48,,457067.0
2004-03-23,7.5,7.53,7.44,7.45,,204756.0
2004-03-24,7.45,7.45,7.32,7.37,,444933.0
2004-03-25,7.37,7.44,7.37,7.41,,518667.0
2004-03-26,7.4,7.43,7.39,7.41,,236756.0
2004-03-29,7.44,7.49,7.39,7.43,,162489.0
2004-03-30,7.43,7.47,7.42,7.45,,202133.0
2004-03-31,7.49,7.52,7.43,7.52,,188311.0
2004-04-01,7.53,7.56,7.5,7.51,,429378.0
2004-04-02,7.56,7.58,7.51,7.55,,558800.0
2004-04-05,7.54,7.55,7.51,7.51,,267467.0
2004-04-06,7.52,7.52,7.39,7.41,,407556.0
2004-04-07,7.41,7.41,7.34,7.34,,338889.0
2004-04-08,7.38,7.46,7.38,7.45,,333689.0
2004-04-12,7.45,7.49,7.4,7.43,,120489.0
2004-04-13,7.45,7.45,7.32,7.34,,125689.0
2004-04-14,7.34,7.34,7.23,7.26,,134889.0
2004-04-15,7.24,7.24,7.14,7.16,,409600.0
2004-04-16,7.16,7.42,7.06,7.37,,557467.0
2004-04-19,7.35,7.36,7.28,7.36,,131200.0
2004-04-20,7.34,7.36,7.26,7.3,,270356.0
2004-04-21,7.34,7.4,7.3,7.39,,218311.0
2004-04-22,7.39,7.43,7.32,7.42,,452267.0
2004-04-23,7.45,7.45,7.36,7.42,,149333.0
2004-04-26,7.4,7.4,7.33,7.37,,189778.0
2004-04-27,7.37,7.46,7.35,7.37,,186400.0
2004-04-28,7.37,7.41,7.34,7.35,,287378.0
2004-04-29,7.45,7.81,7.45,7.6,,821733.0
2004-04-30,7.71,7.73,7.56,7.67,,321422.0
2004-05-03,7.68,7.72,7.62,7.69,,364400.0
2004-05-04,7.69,7.69,7.59,7.62,,188444.0
2004-05-05,7.63,7.65,7.56,7.58,,115733.0
2004-05-06,7.56,7.61,7.52,7.6,,105467.0
2004-05-07,7.6,7.6,7.52,7.56,,250356.0
2004-05-10,7.89,7.89,7.4,7.44,,215822.0
2004-05-11,7.51,7.52,7.36,7.45,,355822.0
2004-05-12,7.46,7.46,7.31,7.38,,221644.0
2004-05-13,7.38,7.42,7.33,7.33,,145422.0
2004-05-14,7.34,7.34,7.2,7.21,,417511.0
2004-05-17,7.18,7.19,7.11,7.17,,309644.0
2004-05-18,7.16,7.25,7.16,7.2,,246444.0
2004-05-19,7.23,7.32,7.2,7.22,,225778.0
2004-05-20,7.21,7.23,7.18,7.22,,158178.0
2004-05-21,7.32,7.32,7.26,7.27,,184000.0
2004-05-24,7.28,7.38,7.23,7.27,,163156.0
2004-05-25,7.24,7.38,7.22,7.36,,97556.0
2004-05-26,7.36,7.43,7.36,7.41,,126222.0
2004-05-27,7.44,7.49,7.38,7.41,,210089.0
2004-05-28,7.45,7.49,7.44,7.46,,140000.0
2004-06-01,7.49,7.5,7.44,7.49,,163200.0
2004-06-02,7.51,7.59,7.47,7.59,,200800.0
2004-06-03,7.62,7.62,7.54,7.57,,201956.0
2004-06-04,7.58,7.6,7.53,7.58,,133778.0
2004-06-07,7.63,7.66,7.61,7.66,,158444.0
2004-06-08,7.64,7.82,7.64,7.8,,306711.0
2004-06-09,7.84,7.9,7.82,7.85,,329422.0
2004-06-10,7.87,7.91,7.83,7.84,,341511.0
2004-06-14,7.84,7.86,7.76,7.79,,260178.0
2004-06-15,7.77,7.9,7.76,7.83,,268800.0
2004-06-16,7.87,7.94,7.86,7.89,,201867.0
2004-06-17,7.92,8.01,7.87,7.98,,220756.0
2004-06-18,7.98,8.02,7.94,7.97,,170578.0
2004-06-21,8.03,8.28,8.02,8.09,,590978.0
2004-06-22,8.09,8.16,8.04,8.06,,249778.0
2004-06-23,8.09,8.12,8.06,8.06,,178933.0
2004-06-24,8.06,8.09,8.02,8.02,,216667.0
2004-06-25,8.04,8.14,8.01,8.13,,298267.0
2004-06-28,8.1,8.18,8.07,8.1,,266178.0
2004-06-29,8.08,8.13,7.98,8.0,,227289.0
2004-06-30,8.0,8.14,7.95,8.13,,317244.0
2004-07-01,8.13,8.19,7.97,8.0,,240933.0
2004-07-02,8.06,8.06,7.96,8.0,,216600.0
2004-07-06,8.0,8.2,7.99,8.12,,781867.0
2004-07-07,8.28,8.36,8.2,8.23,,877600.0
2004-07-08,8.29,8.29,8.06,8.08,,677200.0
2004-07-09,8.17,8.18,7.99,8.05,,583733.0
2004-07-12,7.99,8.05,7.95,7.96,,372867.0
2004-07-13,8.0,8.06,7.89,7.92,,200200.0
2004-07-14,7.89,8.11,7.86,8.03,,387800.0
2004-07-15,8.0,8.12,7.98,8.05,,200667.0
2004-07-16,8.09,8.14,8.05,8.06,,231133.0
2004-07-19,8.13,8.13,8.03,8.05,,377400.0
2004-07-20,8.11,8.12,7.99,8.11,,630600.0
2004-07-21,8.17,8.19,8.06,8.1,,242400.0
2004-07-22,8.09,8.1,7.98,8.06,,287667.0
2004-07-23,8.16,8.33,8.06,8.3,,882533.0
2004-07-26,8.34,8.48,8.33,8.39,,765667.0
2004-07-27,8.4,8.44,8.37,8.39,,637733.0
2004-07-28,8.39,8.39,8.14,8.2,,535867.0
2004-07-29,8.2,8.24,8.11,8.17,,601133.0
2004-07-30,8.17,8.2,8.11,8.15,,205867.0
2004-08-02,8.15,8.26,8.05,8.26,,360733.0
2004-08-03,8.19,8.2,8.06,8.09,,272867.0
2004-08-04,8.02,8.11,7.96,8.05,,570000.0
2004-08-05,8.01,8.03,7.85,7.86,,222000.0
2004-08-06,7.83,7.85,7.72,7.77,,326333.0
2004-08-09,7.77,7.81,7.63,7.71,,282933.0
2004-08-10,7.68,7.85,7.68,7.85,,170600.0
2004-08-11,7.88,7.99,7.85,7.89,,299267.0
2004-08-12,7.89,7.89,7.79,7.85,,304667.0
2004-08-13,7.85,7.86,7.8,7.86,,174933.0
2004-08-16,7.88,7.96,7.87,7.92,,190267.0
2004-08-17,7.92,7.92,7.75,7.76,,349333.0
2004-08-18,7.78,7.88,7.74,7.83,,222467.0
2004-08-19,7.83,7.85,7.78,7.8,,201133.0
2004-08-20,7.77,7.81,7.69,7.78,,452333.0
2004-08-23,7.85,7.86,7.78,7.81,,208800.0
2004-08-24,7.81,7.83,7.75,7.81,,182867.0
2004-08-25,7.83,7.85,7.74,7.8,,190533.0
2004-08-26,7.8,7.89,7.8,7.83,,693200.0
2004-08-27,7.83,7.83,7.82,7.83,,114733.0
2004-08-30,7.86,7.87,7.82,7.83,,179800.0
2004-08-31,7.82,7.85,7.77,7.79,,190200.0
2004-09-01,7.79,7.83,7.76,7.82,,410933.0
2004-09-02,7.82,7.96,7.82,7.92,,139200.0
2004-09-03,7.87,7.93,7.81,7.82,,515000.0
2004-09-07,7.83,7.92,7.8,7.91,,302333.0
2004-09-08,7.86,7.93,7.83,7.9,,250800.0
2004-09-09,7.91,8.0,7.88,7.9,,420133.0
2004-09-10,7.92,8.06,7.91,8.04,,236800.0
2004-09-13,8.06,8.2,8.01,8.16,,433333.0
2004-09-14,8.12,8.39,8.1,8.35,,826267.0
2004-09-15,8.35,8.57,8.3,8.47,,1084467.0
2004-09-16,8.46,8.58,8.4,8.41,,464067.0
2004-09-17,8.41,8.44,8.36,8.37,,374400.0
2004-09-20,8.37,8.39,8.34,8.36,,245067.0
2004-09-21,8.39,8.52,8.39,8.46,,1041200.0
2004-09-22,8.47,8.54,8.4,8.44,,875133.0
2004-09-23,8.33,8.48,8.33,8.46,,462333.0
2004-09-24,8.48,8.48,8.43,8.46,,522400.0
2004-09-27,8.46,8.46,8.38,8.41,,636867.0
2004-09-28,8.38,8.43,8.37,8.41,,420267.0
2004-09-29,8.38,8.48,8.36,8.45,,340467.0
2004-09-30,8.45,8.55,8.44,8.55,,294600.0
2004-10-01,8.54,8.55,8.48,8.53,,524200.0
2004-10-04,8.53,8.84,8.4,8.56,,783200.0
2004-10-05,8.56,8.82,8.54,8.8,,793600.0
2004-10-06,8.78,8.78,8.65,8.77,,447400.0
2004-10-07,8.77,8.79,8.7,8.71,,333933.0
2004-10-08,8.69,8.72,8.59,8.59,,762467.0
2004-10-11,8.5,8.67,8.5,8.59,,195200.0
2004-10-12,8.57,8.71,8.53,8.64,,3055200.0
2004-10-13,8.63,8.67,8.55,8.57,,1309667.0
2004-10-14,8.55,8.58,8.48,8.49,,245600.0
2004-10-15,8.47,8.61,8.47,8.53,,277000.0
2004-10-18,8.47,8.71,8.47,8.69,,395600.0
2004-10-19,8.66,8.76,8.66,8.68,,351000.0
2004-10-20,8.67,8.67,8.56,8.59,,408200.0
2004-10-21,8.59,8.62,8.52,8.56,,324600.0
2004-10-22,8.59,8.6,8.52,8.52,,236333.0
2004-10-25,8.47,8.63,8.47,8.61,,509867.0
2004-10-26,8.62,8.78,8.58,8.74,,591400.0
2004-10-27,8.72,8.87,8.7,8.86,,675867.0
2004-10-28,7.91,8.69,7.91,8.38,,3110933.0
2004-10-29,8.38,8.38,8.14,8.35,,1058467.0
2004-11-01,8.35,8.36,8.18,8.25,,554200.0
2004-11-02,8.25,8.26,8.16,8.22,,886400.0
2004-11-03,8.26,8.31,8.19,8.3,,443067.0
2004-11-04,8.2,8.37,8.14,8.37,,705533.0
2004-11-05,8.36,8.42,8.35,8.38,,451000.0
2004-11-08,8.32,8.45,8.31,8.45,,552733.0
2004-11-09,8.43,8.51,8.42,8.47,,526333.0
2004-11-10,8.71,8.72,8.39,8.42,,875000.0
2004-11-11,8.48,8.54,8.41,8.53,,405733.0
2004-11-12,8.55,8.57,8.46,8.56,,365133.0
2004-11-15,8.56,8.59,8.52,8.59,,357467.0
2004-11-16,8.64,8.65,8.56,8.61,,441667.0
2004-11-17,8.61,8.78,8.6,8.76,,741000.0
2004-11-18,8.46,8.47,7.64,7.79,,8100333.0
2004-11-19,7.78,7.86,7.28,7.79,,5912667.0
2004-11-22,7.79,7.83,7.62,7.76,,2447067.0
2004-11-23,7.69,7.7,7.57,7.59,,1574400.0
2004-11-24,7.58,7.6,7.51,7.58,,1305733.0
2004-11-26,7.58,7.61,7.56,7.58,,416133.0
2004-11-29,7.56,7.65,7.53,7.61,,1269000.0
2004-11-30,7.6,7.65,7.58,7.61,,959400.0
2004-12-01,7.5,7.66,7.5,7.62,,1248200.0
2004-12-02,7.55,7.67,7.53,7.67,,620067.0
2004-12-03,7.71,7.75,7.68,7.74,,649400.0
2004-12-06,7.76,7.78,7.67,7.78,,461867.0
2004-12-07,7.76,7.78,7.67,7.68,,442533.0
2004-12-08,7.71,7.71,7.59,7.66,,410133.0
2004-12-09,7.73,7.74,7.57,7.66,,508800.0
2004-12-10,7.66,7.66,7.57,7.62,,533667.0
2004-12-13,7.65,7.65,7.56,7.56,,1335267.0
2004-12-14,7.65,7.69,7.56,7.69,,743533.0
2004-12-15,7.69,7.7,7.61,7.67,,453600.0
2004-12-16,7.6,7.66,7.58,7.62,,345133.0
2004-12-17,7.59,7.62,7.55,7.55,,739000.0
2004-12-20,7.57,7.58,7.55,7.57,,557667.0
2004-12-21,7.56,7.58,7.54,7.55,,620467.0
2004-12-22,7.53,7.58,7.53,7.58,,369800.0
2004-12-23,7.58,7.75,7.57,7.71,,1992600.0
2004-12-27,7.69,7.71,7.61,7.63,,412067.0
2004-12-28,7.65,7.76,7.65,7.7,,245933.0
2004-12-29,7.75,7.78,7.68,7.73,,295200.0
2004-12-30,7.73,7.8,7.71,7.75,,381067.0
2004-12-31,7.72,7.75,7.69,7.7,,241533.0
2005-01-03,7.7,7.7,7.53,7.53,,1024533.0
2005-01-04,7.53,7.57,7.31,7.32,,2387600.0
2005-01-05,7.32,7.42,7.3,7.41,,810867.0
2005-01-06,7.41,7.51,7.41,7.43,,689333.0
2005-01-07,7.43,7.58,7.43,7.49,,467667.0
2005-01-10,7.5,7.5,7.43,7.45,,385000.0
2005-01-11,7.44,7.46,7.28,7.29,,994600.0
2005-01-12,7.31,7.55,7.28,7.51,,661400.0
2005-01-13,7.51,7.53,7.37,7.39,,315800.0
2005-01-14,7.48,7.51,7.37,7.41,,373600.0
2005-01-18,7.46,7.5,7.4,7.46,,397733.0
2005-01-19,7.44,7.46,7.29,7.29,,740800.0
2005-01-20,7.3,7.39,7.3,7.33,,728667.0
2005-01-21,7.31,7.36,7.26,7.28,,678867.0
2005-01-24,7.28,7.33,7.11,7.13,,951067.0
2005-01-25,7.13,7.2,7.06,7.07,,1013067.0
2005-01-26,7.07,7.1,6.94,7.07,,1985333.0
2005-01-27,7.08,7.18,7.07,7.13,,796333.0
2005-01-28,7.13,7.17,7.08,7.16,,682333.0
2005-01-31,7.16,7.2,7.1,7.13,,688467.0
2005-02-01,7.13,7.15,7.07,7.13,,1281400.0
2005-02-02,7.18,7.19,7.12,7.17,,596267.0
2005-02-03,7.14,7.2,7.14,7.18,,596667.0
2005-02-04,7.13,7.24,7.12,7.24,,387400.0
2005-02-07,7.23,7.29,7.22,7.23,,974533.0
2005-02-08,7.38,7.38,7.23,7.25,,627200.0
2005-02-09,7.25,7.26,7.12,7.15,,648533.0
2005-02-10,7.13,7.17,7.1,7.13,,589067.0
2005-02-11,7.16,7.25,7.14,7.23,,728067.0
2005-02-14,7.26,7.26,7.06,7.12,,904600.0
2005-02-15,7.09,7.1,7.01,7.02,,1085733.0
2005-02-16,7.0,7.05,6.95,6.97,,1419667.0
2005-02-17,7.02,7.11,6.89,6.92,,799667.0
2005-02-18,6.91,6.94,6.9,6.9,,744000.0
2005-02-22,6.9,6.91,6.84,6.87,,750667.0
2005-02-23,6.88,6.92,6.88,6.88,,1105200.0
2005-02-24,6.9,6.9,6.78,6.86,,850867.0
2005-02-25,6.89,6.89,6.81,6.86,,653933.0
2005-02-28,6.86,6.89,6.74,6.83,,670267.0
2005-03-01,6.83,6.89,6.82,6.83,,761400.0
2005-03-02,7.95,8.09,7.54,7.69,,5507267.0
2005-03-03,7.73,7.79,7.64,7.71,,1663733.0
2005-03-04,7.73,7.89,7.68,7.87,,1095867.0
2005-03-07,7.88,7.98,7.83,7.91,,730333.0
2005-03-08,7.93,8.01,7.91,7.92,,788000.0
2005-03-09,7.87,7.89,7.71,7.76,,932933.0
2005-03-10,7.78,7.84,7.73,7.78,,347200.0
2005-03-11,7.78,7.81,7.74,7.77,,759000.0
2005-03-14,7.77,7.87,7.74,7.87,,633200.0
2005-03-15,7.87,7.92,7.81,7.83,,735400.0
2005-03-16,7.83,7.83,7.73,7.75,,485200.0
2005-03-17,7.75,7.83,7.62,7.78,,499667.0
2005-03-18,7.78,7.78,7.64,7.69,,386933.0
2005-03-21,7.67,7.67,7.56,7.62,,598133.0
2005-03-22,7.61,7.64,7.54,7.59,,752733.0
2005-03-23,7.58,7.6,7.49,7.53,,219067.0
2005-03-24,7.54,7.56,7.45,7.52,,371400.0
2005-03-28,7.52,7.58,7.52,7.55,,286067.0
2005-03-29,7.33,7.38,7.19,7.28,,1462267.0
2005-03-30,7.33,7.35,7.21,7.24,,765000.0
2005-03-31,7.24,7.33,7.2,7.29,,415067.0
2005-04-01,7.31,7.31,7.18,7.19,,358667.0
2005-04-04,7.16,7.16,7.01,7.07,,839267.0
2005-04-05,7.08,7.14,7.03,7.08,,684333.0
2005-04-06,7.11,7.25,7.07,7.19,,417067.0
2005-04-07,7.19,7.26,7.14,7.24,,373267.0
2005-04-08,7.23,7.28,7.2,7.23,,458867.0
2005-04-11,7.26,7.29,7.21,7.28,,445200.0
2005-04-12,7.32,7.36,7.22,7.33,,474333.0
2005-04-13,7.33,7.36,7.16,7.18,,358400.0
2005-04-14,7.15,7.22,7.06,7.07,,351267.0
2005-04-15,7.07,7.14,6.96,7.04,,526800.0
2005-04-18,7.04,7.04,6.9,6.93,,600133.0
2005-04-19,6.97,6.97,6.92,6.95,,511400.0
2005-04-20,6.91,6.98,6.89,6.9,,701600.0
2005-04-21,7.0,7.11,6.97,7.07,,806067.0
2005-04-22,7.07,7.11,6.97,7.01,,617600.0
2005-04-25,7.01,7.29,7.01,7.16,,751333.0
2005-04-26,7.17,7.17,7.02,7.03,,695533.0
2005-04-27,7.03,7.12,6.97,7.11,,869333.0
2005-04-28,7.33,7.75,7.32,7.5,,3266867.0
2005-04-29,7.58,7.62,7.45,7.5,,1196267.0
2005-05-02,7.5,7.55,7.38,7.41,,1438867.0
2005-05-03,7.39,7.4,7.23,7.34,,1328533.0
2005-05-04,7.34,7.4,7.27,7.37,,985067.0
2005-05-05,7.34,7.43,7.26,7.39,,792467.0
2005-05-06,7.38,7.43,7.36,7.36,,612267.0
2005-05-09,7.37,7.39,7.31,7.39,,631933.0
2005-05-10,7.39,7.4,7.33,7.38,,387667.0
2005-05-11,7.43,7.43,7.33,7.36,,190933.0
2005-05-12,7.36,7.4,7.21,7.27,,400400.0
2005-05-13,7.25,7.27,7.19,7.23,,224667.0
2005-05-16,7.26,7.3,7.21,7.29,,205133.0
2005-05-17,7.26,7.31,7.24,7.27,,426733.0
2005-05-18,7.3,7.36,7.26,7.32,,445133.0
2005-05-19,7.42,7.44,7.35,7.41,,544333.0
2005-05-20,7.4,7.42,7.37,7.39,,524200.0
2005-05-23,7.43,7.44,7.36,7.36,,432133.0
2005-05-24,7.33,7.39,7.25,7.31,,449667.0
2005-05-25,7.32,7.35,7.19,7.23,,338467.0
2005-05-26,7.25,7.33,7.25,7.32,,316133.0
2005-05-27,7.33,7.35,7.25,7.27,,170933.0
2005-05-31,7.29,7.3,7.23,7.25,,414000.0
2005-06-01,7.23,7.23,7.13,7.17,,1589933.0
2005-06-02,7.2,7.21,7.16,7.2,,306867.0
2005-06-03,7.19,7.23,7.15,7.23,,654000.0
2005-06-06,7.26,7.28,7.1,7.17,,327733.0
2005-06-07,7.2,7.24,7.1,7.11,,306067.0
2005-06-08,7.1,7.13,7.05,7.12,,398000.0
2005-06-09,7.12,7.16,6.93,7.02,,2960133.0
2005-06-10,7.02,7.09,6.91,7.02,,441733.0
2005-06-13,7.01,7.14,7.01,7.1,,583600.0
2005-06-14,7.07,7.15,7.04,7.07,,551667.0
2005-06-15,7.08,7.12,7.05,7.09,,401267.0
2005-06-16,7.09,7.11,7.04,7.08,,471400.0
2005-06-17,7.09,7.22,7.06,7.11,,1381267.0
2005-06-20,7.11,7.22,7.11,7.17,,438000.0
2005-06-21,7.17,7.23,7.15,7.19,,295600.0
2005-06-22,7.21,7.24,7.18,7.23,,461800.0
2005-06-23,7.23,7.39,7.23,7.37,,1076133.0
2005-06-24,7.35,7.4,7.35,7.39,,596600.0
2005-06-27,7.37,7.5,7.33,7.5,,774267.0
2005-06-28,7.49,7.62,7.49,7.62,,783133.0
2005-06-29,7.59,7.62,7.54,7.6,,516133.0
2005-06-30,7.63,7.89,7.63,7.84,,1037733.0
2005-07-01,7.83,7.84,7.76,7.8,,464600.0
2005-07-05,7.8,7.8,7.68,7.77,,531533.0
2005-07-06,7.77,7.84,7.75,7.83,,564000.0
2005-07-07,7.79,7.8,7.63,7.79,,372667.0
2005-07-08,7.82,8.01,7.8,7.97,,750467.0
2005-07-11,7.95,8.0,7.85,8.0,,546600.0
2005-07-12,7.98,7.98,7.87,7.88,,390800.0
2005-07-13,7.86,7.94,7.83,7.89,,246133.0
2005-07-14,7.87,7.87,7.76,7.83,,375667.0
2005-07-15,7.8,7.81,7.76,7.81,,203600.0
2005-07-18,7.82,7.85,7.74,7.79,,201267.0
2005-07-19,7.79,7.92,7.79,7.91,,306867.0
2005-07-20,7.9,8.0,7.87,8.0,,588267.0
2005-07-21,8.01,8.16,8.0,8.15,,415267.0
2005-07-22,8.16,8.17,8.08,8.16,,329200.0
2005-07-25,8.15,8.15,8.02,8.05,,345400.0
2005-07-26,8.06,8.09,7.95,7.96,,415733.0
2005-07-27,7.97,7.97,7.78,7.83,,960200.0
2005-07-28,8.07,8.81,8.07,8.81,,1591400.0
2005-07-29,8.84,8.96,8.65,8.66,,1190267.0
2005-08-01,8.67,8.83,8.53,8.65,,565933.0
2005-08-02,8.6,8.68,8.53,8.58,,370733.0
2005-08-03,8.58,8.68,8.5,8.67,,408667.0
2005-08-04,8.61,8.79,8.58,8.64,,251333.0
2005-08-05,8.63,8.63,8.53,8.57,,133333.0
2005-08-08,8.56,8.57,8.43,8.47,,485667.0
2005-08-09,8.44,8.52,8.36,8.41,,381400.0
2005-08-10,8.41,8.49,8.38,8.4,,391333.0
2005-08-11,8.4,8.54,8.4,8.52,,318200.0
2005-08-12,8.5,8.55,8.49,8.52,,333467.0
2005-08-15,8.52,8.52,8.36,8.44,,330467.0
2005-08-16,8.44,8.49,8.43,8.44,,170600.0
2005-08-17,8.39,8.52,8.35,8.48,,223733.0
2005-08-18,8.46,8.58,8.4,8.57,,515467.0
2005-08-19,8.58,8.81,8.58,8.74,,519400.0
2005-08-22,8.73,8.79,8.65,8.69,,326333.0
2005-08-23,8.73,8.82,8.58,8.65,,334400.0
2005-08-24,8.67,8.73,8.58,8.7,,660333.0
2005-08-25,8.69,8.87,8.62,8.87,,417067.0
2005-08-26,8.9,8.9,8.79,8.83,,372867.0
2005-08-29,8.79,8.84,8.72,8.75,,297867.0
2005-08-30,8.74,8.76,8.6,8.64,,1112933.0
2005-08-31,8.68,8.72,8.63,8.71,,598800.0
2005-09-01,8.71,8.84,8.68,8.83,,430933.0
2005-09-02,8.81,8.84,8.72,8.83,,394933.0
2005-09-06,8.83,8.96,8.78,8.86,,1085267.0
2005-09-07,8.84,8.93,8.73,8.86,,371400.0
2005-09-08,8.86,8.9,8.83,8.85,,344600.0
2005-09-09,8.86,8.87,8.8,8.86,,226000.0
2005-09-12,8.87,9.03,8.87,9.0,,285533.0
2005-09-13,9.0,9.3,8.98,9.21,,775867.0
2005-09-14,9.21,9.32,9.14,9.17,,712600.0
2005-09-15,9.12,9.23,9.1,9.23,,330267.0
2005-09-16,9.22,9.36,9.18,9.32,,426333.0
2005-09-19,9.32,9.34,9.15,9.23,,236800.0
2005-09-20,9.2,9.31,9.19,9.22,,197333.0
2005-09-21,9.25,9.35,9.25,9.32,,463200.0
2005-09-22,9.32,9.39,9.19,9.28,,406067.0
2005-09-23,9.28,9.42,9.25,9.42,,356400.0
2005-09-26,9.44,9.54,9.25,9.29,,426533.0
2005-09-27,9.29,9.33,9.06,9.19,,429800.0
2005-09-28,9.19,9.36,9.1,9.19,,298000.0
2005-09-29,9.15,9.29,9.15,9.29,,251867.0
2005-09-30,9.29,9.3,9.2,9.27,,141733.0
2005-10-03,9.24,9.26,9.18,9.22,,474000.0
2005-10-04,9.22,9.28,9.22,9.25,,204067.0
2005-10-05,9.25,9.25,9.0,9.07,,310200.0
2005-10-06,9.07,9.13,8.84,9.06,,213200.0
2005-10-07,9.05,9.1,8.88,8.94,,302133.0
2005-10-10,8.94,9.07,8.89,9.04,,323133.0
2005-10-11,9.0,9.13,8.97,8.99,,191067.0
2005-10-12,8.97,8.98,8.64,8.79,,534600.0
2005-10-13,8.74,8.88,8.74,8.87,,267067.0
2005-10-14,8.92,9.06,8.89,8.99,,334333.0
2005-10-17,9.02,9.02,8.91,8.99,,210600.0
2005-10-18,9.01,9.13,8.98,9.09,,190067.0
2005-10-19,9.1,9.25,9.03,9.24,,170600.0
2005-10-20,9.18,9.31,9.17,9.27,,369667.0
2005-10-21,9.27,9.49,9.23,9.41,,464067.0
2005-10-24,9.45,9.53,9.38,9.52,,246800.0
2005-10-25,9.52,9.52,9.37,9.47,,236400.0
2005-10-26,9.46,9.71,9.32,9.33,,521133.0
2005-10-27,9.33,9.72,9.33,9.7,,879533.0
2005-10-28,9.67,10.09,9.67,9.84,,1045067.0
2005-10-31,9.82,9.96,9.73,9.85,,591267.0
2005-11-01,9.88,10.18,9.88,10.11,,1232667.0
2005-11-02,10.09,10.61,10.09,10.54,,1419133.0
2005-11-03,10.51,10.64,10.44,10.63,,713533.0
2005-11-04,10.69,10.76,10.57,10.71,,1078333.0
2005-11-07,10.71,10.84,10.69,10.83,,825400.0
2005-11-08,10.75,10.83,10.68,10.83,,917400.0
2005-11-09,10.83,11.39,10.81,11.3,,1508133.0
2005-11-10,11.27,11.27,11.02,11.1,,903733.0
2005-11-11,11.14,11.17,10.88,10.94,,978000.0
2005-11-14,10.98,11.14,10.91,11.12,,639000.0
2005-11-15,11.09,11.2,11.0,11.03,,479533.0
2005-11-16,11.03,11.07,10.92,11.06,,746667.0
2005-11-17,11.07,11.16,11.06,11.09,,398400.0
2005-11-18,11.11,11.21,11.06,11.19,,579533.0
2005-11-21,11.22,11.24,11.1,11.11,,466533.0
2005-11-22,11.11,11.22,11.03,11.07,,978333.0
2005-11-23,11.08,11.12,11.02,11.04,,411000.0
2005-11-25,10.97,11.0,10.95,10.99,,168133.0
2005-11-28,10.93,10.93,10.64,10.72,,1138067.0
2005-11-29,10.69,10.74,10.69,10.71,,401000.0
2005-11-30,10.76,10.78,10.41,10.42,,2374800.0
2005-12-01,10.46,10.54,10.42,10.49,,1700667.0
2005-12-02,10.44,10.73,10.44,10.73,,699933.0
2005-12-05,10.7,10.74,10.51,10.66,,438400.0
2005-12-06,10.65,10.83,10.65,10.76,,405200.0
2005-12-07,10.76,11.0,10.74,10.92,,681933.0
2005-12-08,10.9,11.07,10.89,11.02,,771467.0
2005-12-09,11.02,11.09,10.95,11.05,,575867.0
2005-12-12,11.08,11.16,11.05,11.13,,632333.0
2005-12-13,11.13,11.18,10.99,11.12,,529733.0
2005-12-14,11.08,11.18,11.06,11.14,,326333.0
2005-12-15,11.13,11.17,11.07,11.16,,335000.0
2005-12-16,11.17,11.18,11.06,11.12,,332800.0
2005-12-19,11.12,11.13,10.89,10.94,,487733.0
2005-12-20,10.9,10.92,10.82,10.89,,430067.0
2005-12-21,10.86,11.11,10.83,10.94,,496667.0
2005-12-22,10.94,10.99,10.86,10.91,,258800.0
2005-12-23,10.92,10.97,10.86,10.91,,244400.0
2005-12-27,10.9,10.9,10.74,10.78,,232933.0
2005-12-28,10.78,10.78,10.67,10.74,,360800.0
2005-12-29,10.72,10.77,10.67,10.71,,283733.0
2005-12-30,10.71,10.71,10.57,10.67,,235067.0
2006-01-03,10.61,10.69,10.35,10.63,,648867.0
2006-01-04,10.59,10.75,10.58,10.69,,438733.0
2006-01-05,10.7,10.74,10.59,10.7,,518933.0
2006-01-06,10.71,10.76,10.59,10.65,,456267.0
2006-01-09,10.66,10.68,10.59,10.62,,353467.0
2006-01-10,10.59,10.64,10.5,10.6,,343200.0
2006-01-11,10.55,10.65,10.49,10.6,,288667.0
2006-01-12,10.56,10.59,10.36,10.53,,481533.0
2006-01-13,10.55,10.66,10.5,10.54,,402333.0
2006-01-17,10.42,10.51,10.4,10.46,,252800.0
2006-01-18,10.44,10.58,10.41,10.55,,465667.0
2006-01-19,10.53,10.56,10.46,10.54,,274067.0
2006-01-20,10.5,10.55,10.38,10.42,,235000.0
2006-01-23,10.38,10.46,10.28,10.34,,299067.0
2006-01-24,10.31,10.44,10.31,10.41,,389733.0
2006-01-25,10.41,10.52,10.4,10.5,,346667.0
2006-01-26,10.49,10.6,10.49,10.56,,311000.0
2006-01-27,10.56,10.59,10.49,10.53,,222667.0
2006-01-30,10.51,10.56,10.46,10.53,,231733.0
2006-01-31,10.49,10.59,10.36,10.53,,203067.0
2006-02-01,10.53,10.7,10.53,10.7,,299067.0
2006-02-02,7.14,7.21,7.12,7.18,,345000.0
2006-02-03,10.76,10.81,10.65,10.79,,248200.0
2006-02-06,10.79,10.84,10.72,10.76,,240200.0
2006-02-07,10.78,10.84,10.64,10.71,,360733.0
2006-02-08,10.7,10.73,10.49,10.55,,456467.0
2006-02-09,10.54,10.69,10.52,10.57,,316400.0
2006-02-10,10.59,10.66,10.53,10.62,,184200.0
2006-02-13,10.65,10.66,10.5,10.54,,178400.0
2006-02-14,10.55,10.87,10.5,10.86,,596067.0
2006-02-15,10.86,11.16,10.8,11.08,,568467.0
2006-02-16,11.08,11.13,11.04,11.12,,320133.0
2006-02-17,11.12,11.16,11.07,11.07,,407267.0
2006-02-21,11.03,11.08,10.88,10.95,,274400.0
2006-02-22,10.93,11.33,10.92,11.31,,427667.0
2006-02-23,11.29,11.34,11.18,11.28,,331133.0
2006-02-24,11.25,11.29,11.18,11.24,,199400.0
2006-02-27,11.17,11.31,11.13,11.19,,577200.0
2006-02-28,11.21,11.21,10.99,11.04,,349533.0
2006-03-01,10.95,11.24,10.76,10.98,,825333.0
2006-03-02,10.98,11.11,10.93,11.08,,346533.0
2006-03-03,11.08,11.08,10.42,10.56,,1381467.0
2006-03-06,10.51,10.81,10.44,10.68,,812200.0
2006-03-07,10.64,10.71,10.64,10.7,,300133.0
2006-03-08,10.7,10.7,10.49,10.6,,416133.0
2006-03-09,10.58,10.61,10.49,10.51,,185667.0
2006-03-10,10.5,10.61,10.38,10.59,,495600.0
2006-03-13,10.6,10.65,10.54,10.59,,214000.0
2006-03-14,10.58,10.59,10.48,10.54,,368733.0
2006-03-15,10.54,10.6,10.52,10.58,,316667.0
2006-03-16,10.57,10.59,10.45,10.54,,323600.0
2006-03-17,10.56,10.63,10.49,10.59,,256067.0
2006-03-20,10.59,10.6,10.44,10.46,,522000.0
2006-03-21,10.41,10.61,10.36,10.51,,222667.0
2006-03-22,10.51,10.51,10.38,10.41,,270133.0
2006-03-23,10.36,10.55,10.33,10.4,,259333.0
2006-03-24,10.39,10.44,10.38,10.4,,267267.0
2006-03-27,10.38,10.38,10.19,10.2,,490867.0
2006-03-28,10.2,10.25,10.08,10.11,,440133.0
2006-03-29,10.16,10.18,9.97,10.13,,648200.0
2006-03-30,10.09,10.16,10.07,10.11,,339800.0
2006-03-31,10.11,10.38,10.1,10.29,,452733.0
2006-04-03,10.26,10.32,10.19,10.26,,506000.0
2006-04-04,10.27,10.28,10.19,10.21,,298400.0
2006-04-05,10.16,10.31,10.09,10.29,,569000.0
2006-04-06,10.24,10.28,10.2,10.24,,152333.0
2006-04-07,10.23,10.27,10.14,10.16,,207200.0
2006-04-10,10.16,10.16,10.04,10.08,,313533.0
2006-04-11,10.04,10.07,9.94,9.97,,226333.0
2006-04-12,9.97,10.04,9.96,9.97,,173400.0
2006-04-13,9.94,10.04,9.9,10.01,,287400.0
2006-04-17,9.97,10.07,9.94,10.0,,257267.0
2006-04-18,10.0,10.17,9.97,10.12,,262467.0
2006-04-19,10.11,10.17,10.07,10.13,,158600.0
2006-04-20,10.14,10.23,10.09,10.1,,314933.0
2006-04-21,10.1,10.11,9.98,10.11,,356867.0
2006-04-24,10.06,10.09,9.96,10.06,,169533.0
2006-04-25,10.08,10.11,9.88,9.97,,491200.0
2006-04-26,9.93,10.0,9.84,9.95,,232000.0
2006-04-27,9.94,9.97,9.83,9.9,,262533.0
2006-04-28,9.89,10.01,9.79,9.88,,258667.0
2006-05-01,9.9,9.98,9.75,9.8,,389800.0
2006-05-02,9.48,9.48,8.88,9.21,,2239533.0
2006-05-03,9.21,9.26,9.08,9.19,,1044533.0
2006-05-04,9.2,9.36,9.18,9.35,,728667.0
2006-05-05,9.34,9.43,9.24,9.31,,1529733.0
2006-05-08,9.29,9.34,9.2,9.24,,824267.0
2006-05-09,9.24,9.34,9.22,9.33,,814200.0
2006-05-10,9.33,9.53,9.29,9.51,,673733.0
2006-05-11,9.72,9.78,9.64,9.75,,1087400.0
2006-05-12,9.75,9.78,9.67,9.78,,908000.0
2006-05-15,9.78,9.79,9.67,9.79,,674533.0
2006-05-16,9.81,9.83,9.64,9.67,,1738800.0
2006-05-17,9.68,9.68,9.39,9.56,,655467.0
2006-05-18,9.59,9.82,9.53,9.7,,823933.0
2006-05-19,9.7,9.74,9.61,9.69,,430467.0
2006-05-22,9.69,9.69,9.53,9.56,,437000.0
2006-05-23,9.56,9.62,9.42,9.42,,646000.0
2006-05-24,9.43,9.44,9.2,9.3,,904200.0
2006-05-25,9.3,9.42,9.23,9.3,,528667.0
2006-05-26,9.31,9.46,9.31,9.46,,704800.0
2006-05-30,9.48,9.58,9.42,9.44,,1138133.0
2006-05-31,9.42,9.46,9.25,9.33,,2259667.0
2006-06-01,9.33,9.45,9.29,9.43,,616800.0
2006-06-02,9.55,9.57,9.22,9.29,,932267.0
2006-06-05,9.26,9.29,9.02,9.03,,926000.0
2006-06-06,9.01,9.08,8.88,9.03,,833800.0
2006-06-07,9.05,9.21,9.02,9.09,,384600.0
2006-06-08,9.13,9.17,8.99,9.03,,479400.0
2006-06-09,9.04,9.2,9.03,9.06,,393467.0
2006-06-12,9.02,9.05,8.85,8.88,,345800.0
2006-06-13,8.88,8.97,8.76,8.81,,561400.0
2006-06-14,8.83,8.87,8.68,8.77,,459400.0
2006-06-15,8.8,9.12,8.8,9.1,,459467.0
2006-06-16,9.1,9.17,9.0,9.05,,521333.0
2006-06-19,9.05,9.11,8.98,9.09,,504667.0
2006-06-20,9.11,9.14,9.01,9.12,,330933.0
2006-06-21,9.11,9.42,9.11,9.39,,1069333.0
2006-06-22,9.35,9.37,9.2,9.25,,478067.0
2006-06-23,9.24,9.34,9.21,9.34,,337133.0
2006-06-26,9.33,9.42,9.28,9.38,,371333.0
2006-06-27,9.34,9.39,9.29,9.34,,288000.0
2006-06-28,9.35,9.39,9.24,9.37,,333133.0
2006-06-29,9.41,9.43,9.23,9.42,,485467.0
2006-06-30,9.42,9.58,9.42,9.45,,441467.0
2006-07-03,9.46,9.55,9.38,9.5,,215800.0
2006-07-05,9.46,9.55,9.38,9.38,,371533.0
2006-07-06,9.38,9.4,9.18,9.22,,498200.0
2006-07-07,9.21,9.27,9.12,9.14,,367933.0
2006-07-10,9.17,9.18,9.07,9.11,,181600.0
2006-07-11,9.1,9.12,9.02,9.1,,243867.0
2006-07-12,9.11,9.17,9.0,9.04,,262933.0
2006-07-13,9.04,9.1,8.89,8.91,,318733.0
2006-07-14,8.85,8.91,8.69,8.79,,501200.0
2006-07-17,8.8,8.94,8.67,8.83,,369667.0
2006-07-18,8.83,9.0,8.82,9.0,,469867.0
2006-07-19,9.03,9.11,8.98,9.01,,315800.0
2006-07-20,9.01,9.01,8.84,8.84,,302067.0
2006-07-21,8.91,8.92,8.58,8.69,,826933.0
2006-07-24,8.69,8.8,8.69,8.78,,398000.0
2006-07-25,8.78,8.89,8.77,8.83,,834933.0
2006-07-26,8.83,9.04,8.71,9.04,,529600.0
2006-07-27,9.18,10.13,9.18,10.01,,1814133.0
2006-07-28,10.01,10.2,10.0,10.14,,825133.0
2006-07-31,9.92,10.36,9.9,10.36,,905400.0
2006-08-01,10.32,10.35,9.8,9.83,,848133.0
2006-08-02,9.96,9.96,9.83,9.85,,410600.0
2006-08-03,9.85,9.96,9.84,9.93,,320733.0
2006-08-04,9.99,10.11,9.9,9.95,,235000.0
2006-08-07,9.93,9.93,9.65,9.75,,336600.0
2006-08-08,9.75,9.82,9.63,9.66,,274067.0
2006-08-09,9.69,9.72,9.47,9.49,,286733.0
2006-08-10,9.49,9.63,9.49,9.55,,314733.0
2006-08-11,9.49,9.55,9.38,9.39,,260333.0
2006-08-14,9.39,9.48,9.39,9.47,,501400.0
2006-08-15,9.51,9.64,9.51,9.61,,248867.0
2006-08-16,9.66,9.82,9.64,9.81,,311067.0
2006-08-17,9.81,9.9,9.8,9.87,,337400.0
2006-08-18,9.88,9.9,9.83,9.89,,201267.0
2006-08-21,9.89,9.96,9.87,9.94,,244733.0
2006-08-22,9.9,9.94,9.78,9.78,,281133.0
2006-08-23,9.82,9.92,9.78,9.86,,263600.0
2006-08-24,9.91,9.97,9.85,9.97,,315533.0
2006-08-25,9.93,10.04,9.87,10.04,,259867.0
2006-08-28,10.01,10.17,10.0,10.06,,333733.0
2006-08-29,10.08,10.11,10.02,10.05,,232600.0
2006-08-30,10.07,10.31,10.07,10.3,,381933.0
2006-08-31,10.3,10.38,10.18,10.36,,493200.0
2006-09-01,10.35,10.44,10.32,10.36,,198533.0
2006-09-05,10.3,10.34,10.21,10.33,,322933.0
2006-09-06,10.32,10.34,10.21,10.27,,256533.0
2006-09-07,10.28,10.28,10.11,10.17,,182933.0
2006-09-08,10.15,10.29,10.12,10.28,,215733.0
2006-09-11,10.23,10.33,10.17,10.28,,211067.0
2006-09-12,10.3,10.41,10.3,10.38,,191133.0
2006-09-13,10.35,10.57,10.35,10.57,,240267.0
2006-09-14,10.43,10.6,10.43,10.6,,309067.0
2006-09-15,10.59,10.61,10.47,10.5,,183133.0
2006-09-18,10.45,10.56,10.34,10.36,,216267.0
2006-09-19,10.35,10.42,10.25,10.4,,238733.0
2006-09-20,10.44,10.49,10.38,10.41,,271133.0
2006-09-21,10.41,10.57,10.39,10.48,,251733.0
2006-09-22,10.48,10.57,10.36,10.55,,199400.0
2006-09-25,10.56,10.64,10.42,10.61,,250467.0
2006-09-26,10.62,10.79,10.59,10.69,,346867.0
2006-09-27,10.7,10.71,10.58,10.63,,209533.0
2006-09-28,10.66,11.17,10.55,11.02,,1010000.0
2006-09-29,11.02,11.02,10.74,10.85,,541000.0
2006-10-02,10.85,10.91,10.71,10.71,,368600.0
2006-10-03,10.71,10.75,10.59,10.64,,393867.0
2006-10-04,10.66,10.75,10.61,10.64,,453667.0
2006-10-05,10.6,10.74,10.25,10.68,,865600.0
2006-10-06,10.6,10.6,10.43,10.45,,336333.0
2006-10-09,10.46,10.58,10.39,10.53,,277933.0
2006-10-10,10.52,10.57,10.49,10.56,,354133.0
2006-10-11,10.55,10.57,10.44,10.47,,309667.0
2006-10-12,10.49,10.55,10.45,10.48,,262267.0
2006-10-13,10.5,10.52,10.36,10.38,,242133.0
2006-10-16,10.36,10.44,10.32,10.38,,430933.0
2006-10-17,10.39,10.46,10.31,10.39,,294733.0
2006-10-18,10.4,10.47,10.28,10.37,,227733.0
2006-10-19,10.33,10.51,10.32,10.44,,248267.0
2006-10-20,10.43,10.5,10.33,10.49,,264533.0
2006-10-23,10.46,10.73,10.41,10.69,,886467.0
2006-10-24,10.66,10.68,10.51,10.55,,297400.0
2006-10-25,10.58,10.71,10.55,10.66,,268800.0
2006-10-26,10.74,10.85,10.69,10.85,,440467.0
2006-10-27,10.86,10.93,10.73,10.74,,317933.0
2006-10-30,10.76,10.99,10.75,10.95,,547800.0
2006-10-31,10.89,11.05,10.75,10.96,,674400.0
2006-11-01,10.95,10.95,10.85,10.87,,674067.0
2006-11-02,10.87,10.87,10.78,10.82,,690600.0
2006-11-03,10.82,10.9,10.82,10.88,,222533.0
2006-11-06,10.86,10.91,10.8,10.85,,309333.0
2006-11-07,10.84,11.02,10.84,10.97,,156933.0
2006-11-08,10.92,11.01,10.85,10.94,,295267.0
2006-11-09,10.97,10.97,10.91,10.92,,142267.0
2006-11-10,10.92,10.95,10.87,10.92,,170333.0
2006-11-13,10.92,10.99,10.89,10.96,,327867.0
2006-11-14,10.95,10.99,10.87,10.96,,341533.0
2006-11-15,10.96,10.98,10.9,10.95,,248867.0
2006-11-16,10.98,11.26,10.96,11.25,,459667.0
2006-11-17,11.24,11.25,11.11,11.2,,245600.0
2006-11-20,11.14,11.15,11.02,11.05,,254267.0
2006-11-21,11.02,11.07,10.98,11.05,,180067.0
2006-11-22,11.04,11.08,10.97,11.0,,245467.0
2006-11-24,10.97,10.98,10.87,10.93,,302800.0
2006-11-27,10.94,10.95,10.86,10.91,,367000.0
2006-11-28,10.88,10.95,10.75,10.89,,337200.0
2006-11-29,10.88,10.93,10.81,10.9,,275467.0
2006-11-30,10.94,10.94,10.83,10.89,,539533.0
2006-12-01,10.84,10.84,10.64,10.73,,262067.0
2006-12-04,10.72,10.8,10.64,10.73,,482333.0
2006-12-05,10.7,10.71,10.64,10.68,,265067.0
2006-12-06,10.68,10.73,10.61,10.67,,442333.0
2006-12-07,10.67,10.69,10.53,10.57,,201733.0
2006-12-08,10.82,10.9,10.65,10.76,,531667.0
2006-12-11,10.72,10.76,10.66,10.75,,364867.0
2006-12-12,10.77,10.79,10.6,10.63,,305333.0
2006-12-13,10.69,10.69,10.57,10.6,,153000.0
2006-12-14,10.57,10.67,10.49,10.53,,454533.0
2006-12-15,10.55,10.62,10.5,10.52,,481467.0
2006-12-18,10.49,10.55,10.44,10.47,,840733.0
2006-12-19,10.43,10.53,10.37,10.48,,849600.0
2006-12-20,10.45,10.54,10.44,10.51,,396333.0
2006-12-21,10.5,10.55,10.46,10.51,,366667.0
2006-12-22,10.55,10.63,10.52,10.56,,437867.0
2006-12-26,10.55,10.57,10.52,10.55,,255000.0
2006-12-27,10.56,10.58,10.52,10.54,,334333.0
2006-12-28,10.55,10.57,10.49,10.54,,265733.0
2006-12-29,10.54,10.54,10.43,10.45,,228933.0
2007-01-03,10.45,10.62,10.31,10.43,,549067.0
2007-01-04,10.4,10.5,10.36,10.38,,685000.0
2007-01-05,10.36,10.37,10.25,10.32,,492400.0
2007-01-08,10.32,10.34,10.23,10.29,,686200.0
2007-01-09,10.29,10.37,10.28,10.33,,397900.0
2007-01-10,10.31,10.36,10.25,10.35,,253800.0
2007-01-11,10.31,10.45,10.31,10.38,,387700.0
2007-01-12,10.42,10.48,10.26,10.31,,675500.0
2007-01-16,10.31,10.38,10.16,10.22,,1036400.0
2007-01-17,10.18,10.23,10.06,10.1,,545500.0
2007-01-18,10.1,10.15,10.02,10.03,,409000.0
2007-01-19,10.0,10.01,9.86,9.9,,601600.0
2007-01-22,9.9,10.1,9.9,10.06,,1854900.0
2007-01-23,10.01,10.03,9.94,9.96,,542700.0
2007-01-24,10.04,10.21,9.99,10.21,,1709000.0
2007-01-25,10.42,10.42,10.12,10.13,,556800.0
2007-01-26,10.14,10.17,10.08,10.14,,490700.0
2007-01-29,10.43,10.65,10.37,10.56,,1179500.0
2007-01-30,10.5,10.59,10.35,10.53,,497600.0
2007-01-31,10.53,10.67,10.43,10.6,,610700.0
2007-02-01,10.6,10.75,10.59,10.68,,620200.0
2007-02-02,10.67,10.82,10.62,10.8,,767200.0
2007-02-05,10.79,10.79,10.64,10.65,,354400.0
2007-02-06,10.62,10.64,10.56,10.61,,308200.0
2007-02-07,10.59,10.72,10.56,10.7,,189600.0
2007-02-08,10.65,10.74,10.6,10.7,,246200.0
2007-02-09,10.74,10.76,10.58,10.65,,309800.0
2007-02-12,10.61,10.67,10.53,10.6,,344200.0
2007-02-13,10.63,10.68,10.56,10.64,,254300.0
2007-02-14,10.67,10.79,10.55,10.77,,490900.0
2007-02-15,10.78,10.86,10.67,10.81,,414300.0
2007-02-16,10.81,10.99,10.79,10.96,,643100.0
2007-02-20,10.9,10.99,10.84,10.99,,499700.0
2007-02-21,10.95,11.01,10.91,11.01,,377600.0
2007-02-22,11.01,11.08,10.96,11.0,,291100.0
2007-02-23,10.98,11.01,10.93,11.0,,174400.0
2007-02-26,11.0,11.0,10.83,10.94,,434600.0
2007-02-27,10.82,10.87,10.56,10.65,,557600.0
2007-02-28,10.61,10.73,10.35,10.54,,823800.0
2007-03-01,10.46,10.5,10.31,10.42,,913900.0
2007-03-02,10.37,10.38,10.22,10.23,,752700.0
2007-03-05,10.14,10.23,10.04,10.05,,322900.0
2007-03-06,10.12,10.4,10.12,10.16,,513100.0
2007-03-07,10.15,10.33,10.12,10.29,,559300.0
2007-03-08,10.37,10.45,10.24,10.32,,685000.0
2007-03-09,10.38,10.43,10.29,10.32,,489800.0
2007-03-12,10.31,10.42,10.25,10.38,,382100.0
2007-03-13,10.38,10.38,10.05,10.06,,596600.0
2007-03-14,10.04,10.07,9.89,10.06,,542600.0
2007-03-15,10.04,10.09,9.96,10.03,,533900.0
2007-03-16,10.05,10.06,9.95,9.98,,388300.0
2007-03-19,10.02,10.04,9.91,10.01,,513000.0
2007-03-20,10.01,10.12,9.98,10.12,,365300.0
2007-03-21,10.12,10.23,10.0,10.1,,652000.0
2007-03-22,10.08,10.1,10.03,10.07,,371900.0
2007-03-23,10.04,10.12,10.0,10.11,,359900.0
2007-03-26,10.08,10.11,10.02,10.07,,382400.0
2007-03-27,10.04,10.07,9.93,9.94,,528900.0
2007-03-28,9.96,9.98,9.82,9.88,,362800.0
2007-03-29,9.91,9.95,9.84,9.88,,326000.0
2007-03-30,9.84,9.96,9.78,9.9,,459700.0
2007-04-02,9.89,9.94,9.82,9.89,,690700.0
2007-04-03,9.89,10.04,9.83,10.04,,585000.0
2007-04-04,10.04,10.08,10.01,10.01,,468600.0
2007-04-05,10.04,10.1,10.01,10.04,,350400.0
2007-04-09,10.02,10.1,9.99,10.04,,294200.0
2007-04-10,10.01,10.17,9.97,10.12,,316200.0
2007-04-11,10.14,10.14,9.86,10.05,,545100.0
2007-04-12,10.05,10.23,10.01,10.16,,347500.0
2007-04-13,10.15,10.27,10.15,10.25,,442300.0
2007-04-16,10.31,10.38,10.23,10.37,,490500.0
2007-04-17,10.36,10.4,10.33,10.4,,396800.0
2007-04-18,10.4,10.51,10.37,10.48,,421800.0
2007-04-19,10.54,10.58,10.41,10.56,,593000.0
2007-04-20,10.56,10.56,10.45,10.53,,539900.0
2007-04-23,10.49,10.55,10.44,10.53,,284600.0
2007-04-24,10.5,10.66,10.44,10.64,,364400.0
2007-04-25,10.3,10.71,10.3,10.7,,368700.0
2007-04-26,10.71,10.75,10.54,10.61,,352000.0
2007-04-27,10.58,10.71,10.47,10.69,,735000.0
2007-04-30,10.64,10.74,10.61,10.65,,2081200.0
2007-05-01,10.64,10.64,10.39,10.56,,690600.0
2007-05-02,10.88,10.99,10.8,10.88,,1061200.0
2007-05-03,10.9,10.95,10.78,10.83,,811400.0
2007-05-04,10.83,10.84,10.75,10.78,,748500.0
2007-05-07,10.76,10.79,10.73,10.77,,429200.0
2007-05-08,10.7,10.76,10.67,10.69,,759200.0
2007-05-09,10.64,10.73,10.64,10.72,,551900.0
2007-05-10,10.73,10.76,10.6,10.62,,326900.0
2007-05-11,10.62,10.64,10.57,10.62,,460000.0
2007-05-14,10.6,10.62,10.55,10.57,,182700.0
2007-05-15,10.54,10.54,10.41,10.42,,338800.0
2007-05-16,10.4,10.49,10.32,10.34,,2628400.0
2007-05-17,10.34,10.4,10.34,10.36,,588300.0
2007-05-18,10.38,10.47,10.38,10.43,,469500.0
2007-05-21,10.41,10.51,10.34,10.35,,695200.0
2007-05-22,10.33,10.45,10.29,10.45,,446000.0
2007-05-23,10.5,10.61,10.48,10.54,,607300.0
2007-05-24,10.54,10.61,10.36,10.38,,435600.0
2007-05-25,10.42,10.43,10.37,10.38,,326700.0
2007-05-29,10.38,10.42,10.34,10.36,,493000.0
2007-05-30,10.37,10.45,10.33,10.45,,458000.0
2007-05-31,10.42,10.43,10.4,10.42,,1467700.0
2007-06-01,10.42,10.43,10.3,10.32,,692900.0
2007-06-04,10.27,10.34,10.24,10.34,,855600.0
2007-06-05,10.32,10.32,10.21,10.21,,688900.0
2007-06-06,10.17,10.17,10.06,10.11,,485600.0
2007-06-07,10.08,10.11,9.92,9.93,,595700.0
2007-06-08,9.92,9.96,9.85,9.9,,581900.0
2007-06-11,9.85,9.9,9.82,9.9,,533900.0
2007-06-12,9.84,9.89,9.75,9.77,,527000.0
2007-06-13,9.77,9.84,9.74,9.83,,507100.0
2007-06-14,9.85,9.9,9.72,9.86,,1961800.0
2007-06-15,9.9,9.95,9.81,9.88,,538300.0
2007-06-18,9.9,10.08,9.89,10.05,,940100.0
2007-06-19,9.99,10.07,9.97,10.04,,417100.0
2007-06-20,10.06,10.13,10.01,10.02,,756500.0
2007-06-21,10.01,10.01,9.84,9.86,,951200.0
2007-06-22,9.85,10.01,9.74,9.75,,1060100.0
2007-06-25,9.71,9.77,9.63,9.68,,718800.0
2007-06-26,9.72,9.79,9.65,9.73,,581300.0
2007-06-27,9.73,9.88,9.68,9.85,,679900.0
2007-06-28,9.83,9.87,9.78,9.82,,682000.0
2007-06-29,10.15,10.15,9.49,9.9,,553700.0
2007-07-02,10.1,10.1,9.98,10.05,,618800.0
2007-07-03,10.08,10.08,9.99,10.07,,193600.0
2007-07-05,10.01,10.07,9.98,10.0,,421100.0
2007-07-06,9.97,10.01,9.92,9.99,,261000.0
2007-07-09,9.96,10.05,9.89,9.98,,406100.0
2007-07-10,9.96,10.02,9.87,9.89,,286200.0
2007-07-11,9.89,9.92,9.84,9.91,,260100.0
2007-07-12,9.91,9.98,9.88,9.96,,354700.0
2007-07-13,9.93,10.07,9.89,10.05,,246200.0
2007-07-16,10.08,10.08,9.94,10.02,,446400.0
2007-07-17,9.98,10.02,9.85,9.87,,682100.0
2007-07-18,9.88,9.89,9.76,9.84,,620300.0
2007-07-19,9.82,10.16,9.79,10.12,,623700.0
2007-07-20,10.21,10.28,10.09,10.23,,982300.0
2007-07-23,10.23,10.38,10.17,10.38,,1086700.0
2007-07-24,10.27,10.4,10.14,10.18,,1155600.0
2007-07-25,10.2,10.26,10.03,10.09,,542000.0
2007-07-26,10.05,10.24,9.9,9.94,,918900.0
2007-07-27,9.99,10.04,9.87,9.94,,465200.0
2007-07-30,9.93,9.99,9.77,9.95,,577700.0
2007-07-31,10.01,10.28,9.99,10.15,,964700.0
2007-08-01,10.4,10.72,10.29,10.71,,1664100.0
2007-08-02,10.68,10.75,10.48,10.67,,908800.0
2007-08-03,10.7,10.73,10.56,10.62,,740100.0
2007-08-06,10.63,10.78,10.61,10.78,,642900.0
2007-08-07,10.78,10.87,10.72,10.85,,1149000.0
2007-08-08,10.84,10.97,10.83,10.97,,1722000.0
2007-08-09,10.88,11.48,10.85,11.43,,2101600.0
2007-08-10,11.53,11.54,10.96,11.1,,1711300.0
2007-08-13,11.04,11.09,10.75,10.9,,802400.0
2007-08-14,10.95,10.99,10.73,10.78,,520400.0
2007-08-15,10.81,10.96,10.59,10.62,,609500.0
2007-08-16,10.55,10.8,10.44,10.63,,1065000.0
2007-08-17,10.8,10.88,10.5,10.86,,580900.0
2007-08-20,10.79,10.84,10.57,10.63,,545900.0
2007-08-21,10.65,10.71,10.56,10.57,,462200.0
2007-08-22,10.64,10.73,10.53,10.67,,296600.0
2007-08-23,10.69,10.79,10.46,10.63,,762300.0
2007-08-24,10.59,10.65,10.48,10.57,,411400.0
2007-08-27,10.49,10.75,10.49,10.6,,425600.0
2007-08-28,10.54,10.64,10.31,10.31,,792000.0
2007-08-29,10.35,10.57,10.29,10.57,,701500.0
2007-08-30,10.47,10.6,10.41,10.53,,361900.0
2007-08-31,10.67,10.72,10.6,10.71,,527700.0
2007-09-04,10.89,10.9,10.73,10.75,,704700.0
2007-09-05,10.72,10.9,10.68,10.86,,472600.0
2007-09-06,10.87,10.99,10.78,10.93,,449500.0
2007-09-07,10.83,10.93,10.8,10.87,,398500.0
2007-09-10,10.95,10.95,10.69,10.79,,407900.0
2007-09-11,10.8,10.93,10.74,10.79,,502000.0
2007-09-12,10.79,10.81,10.69,10.72,,399900.0
2007-09-13,10.75,10.75,10.57,10.59,,756400.0
2007-09-14,10.53,10.69,10.47,10.69,,463400.0
2007-09-17,10.69,10.69,10.38,10.4,,352500.0
2007-09-18,10.42,10.75,10.38,10.75,,476400.0
2007-09-19,10.76,11.02,10.76,10.97,,529700.0
2007-09-20,10.91,10.99,10.83,10.86,,316500.0
2007-09-21,10.89,10.96,10.83,10.86,,412100.0
2007-09-24,10.82,11.02,10.82,11.01,,465600.0
2007-09-25,10.93,11.33,10.92,11.28,,1130600.0
2007-09-26,11.34,11.55,11.29,11.54,,418600.0
2007-09-27,11.5,11.71,11.44,11.71,,680700.0
2007-09-28,11.65,11.69,11.39,11.55,,1064700.0
2007-10-01,11.55,11.95,11.55,11.88,,989500.0
2007-10-02,11.88,12.41,11.88,12.14,,1897400.0
2007-10-03,12.14,12.25,12.01,12.16,,1235400.0
2007-10-04,12.17,12.23,12.11,12.18,,539700.0
2007-10-05,12.18,12.62,12.09,12.48,,797100.0
2007-10-08,12.41,12.6,12.31,12.47,,783400.0
2007-10-09,12.44,12.53,12.3,12.51,,515400.0
2007-10-10,12.4,12.58,12.3,12.53,,588000.0
2007-10-11,12.56,12.62,12.28,12.32,,397500.0
2007-10-12,12.26,12.4,12.24,12.33,,361400.0
2007-10-15,12.31,12.41,12.28,12.36,,268400.0
2007-10-16,12.35,12.41,12.22,12.29,,335700.0
2007-10-17,12.36,12.36,12.09,12.23,,423200.0
2007-10-18,12.19,12.25,11.83,12.09,,652200.0
2007-10-19,12.08,12.08,11.92,11.96,,276600.0
2007-10-22,11.92,12.03,11.85,11.98,,196300.0
2007-10-23,12.05,12.27,12.02,12.25,,350100.0
2007-10-24,12.19,12.24,11.9,12.05,,484700.0
2007-10-25,12.01,12.18,11.96,12.12,,445500.0
2007-10-26,12.2,12.32,12.1,12.12,,380500.0
2007-10-29,12.2,12.31,12.14,12.3,,248100.0
2007-10-30,12.28,12.46,12.23,12.39,,471800.0
2007-10-31,13.08,13.3,12.66,13.16,,1691900.0
2007-11-01,13.12,13.24,12.91,13.16,,771500.0
2007-11-02,13.12,13.45,13.09,13.43,,1339100.0
2007-11-05,13.27,13.71,13.27,13.66,,952600.0
2007-11-06,13.64,14.16,13.59,14.14,,3379700.0
2007-11-07,14.08,14.26,13.88,14.14,,1493700.0
2007-11-08,14.2,14.46,13.91,14.46,,1771200.0
2007-11-09,14.03,14.13,13.65,13.68,,1565400.0
2007-11-12,13.6,13.8,13.48,13.59,,1019000.0
2007-11-13,13.69,13.77,13.37,13.53,,862100.0
2007-11-14,13.5,13.67,13.43,13.51,,791600.0
2007-11-15,13.56,13.65,13.38,13.57,,474600.0
2007-11-16,13.72,13.72,13.41,13.59,,733500.0
2007-11-19,13.41,13.69,13.34,13.54,,777700.0
2007-11-20,13.67,13.75,13.27,13.45,,436300.0
2007-11-21,13.27,13.41,13.06,13.08,,678000.0
2007-11-23,13.24,13.35,13.15,13.25,,212200.0
2007-11-26,13.12,13.46,13.12,13.32,,493700.0
2007-11-27,13.36,13.45,13.18,13.33,,898500.0
2007-11-28,13.38,13.58,13.27,13.5,,407200.0
2007-11-29,13.35,13.88,13.35,13.83,,596500.0
2007-11-30,14.03,14.03,13.67,13.83,,538400.0
2007-12-03,13.72,13.87,13.62,13.72,,558100.0
2007-12-04,13.68,13.93,13.55,13.89,,335300.0
2007-12-05,13.93,14.27,13.8,14.2,,656300.0
2007-12-06,14.18,14.36,14.09,14.36,,464700.0
2007-12-07,14.26,14.35,14.07,14.13,,576100.0
2007-12-10,14.18,14.19,13.91,14.06,,607800.0
2007-12-11,13.97,14.16,13.85,14.04,,754700.0
2007-12-12,14.24,14.29,13.8,14.02,,645800.0
2007-12-13,13.94,14.07,13.77,14.05,,320400.0
2007-12-14,13.79,14.05,13.73,13.91,,500900.0
2007-12-17,13.95,14.03,13.6,14.0,,648000.0
2007-12-18,14.08,14.08,13.77,13.88,,603400.0
2007-12-19,13.97,14.11,13.77,13.94,,441000.0
2007-12-20,14.02,14.08,13.8,14.08,,592000.0
2007-12-21,14.08,14.24,13.92,14.05,,332700.0
2007-12-24,14.04,14.49,14.04,14.38,,372500.0
2007-12-26,14.37,14.72,14.25,14.61,,553800.0
2007-12-27,14.59,14.71,14.14,14.18,,400800.0
2007-12-28,13.99,14.21,13.74,14.03,,478100.0
2007-12-31,13.89,14.11,13.86,14.03,,291800.0
2008-01-02,13.93,14.07,13.55,13.61,,452000.0
2008-01-03,13.62,13.66,13.45,13.66,,698100.0
2008-01-04,13.64,13.66,13.23,13.28,,434400.0
2008-01-07,13.45,13.45,13.03,13.29,,661300.0
2008-01-08,13.44,13.44,12.97,13.06,,813400.0
2008-01-09,13.03,13.15,12.81,12.97,,724900.0
2008-01-10,13.03,13.07,12.77,12.98,,728100.0
2008-01-11,13.01,13.01,12.76,12.8,,424500.0
2008-01-14,12.95,12.96,12.64,12.75,,553900.0
2008-01-15,12.6,12.7,12.5,12.53,,668800.0
2008-01-16,12.48,12.75,12.42,12.63,,518600.0
2008-01-17,12.72,12.81,12.22,12.25,,652300.0
2008-01-18,12.5,12.51,12.06,12.17,,566200.0
2008-01-22,11.81,12.45,11.66,12.22,,898100.0
2008-01-23,12.31,12.35,11.92,12.32,,613900.0
2008-01-24,12.39,12.73,12.24,12.64,,694500.0
2008-01-25,12.83,12.84,12.58,12.61,,556800.0
2008-01-28,12.69,12.72,12.4,12.64,,615300.0
2008-01-29,12.64,12.83,12.62,12.82,,398000.0
2008-01-30,12.94,13.07,12.64,12.91,,524000.0
2008-01-31,12.73,13.09,12.69,13.03,,675300.0
2008-02-01,13.07,13.43,13.06,13.38,,1459200.0
2008-02-04,13.38,13.48,13.17,13.31,,416700.0
2008-02-05,13.21,13.35,13.04,13.09,,516100.0
2008-02-06,13.23,13.55,13.07,13.13,,760600.0
2008-02-07,13.17,13.55,12.81,12.92,,1004100.0
2008-02-08,12.92,13.25,12.89,13.24,,474700.0
2008-02-11,13.2,13.25,13.0,13.17,,526900.0
2008-02-12,13.31,13.34,13.02,13.12,,551400.0
2008-02-13,13.25,13.25,13.07,13.18,,642100.0
2008-02-14,13.25,13.43,13.17,13.29,,579400.0
2008-02-15,13.15,13.23,12.7,12.83,,754700.0
2008-02-19,12.89,13.05,12.53,12.6,,795300.0
2008-02-20,12.45,12.77,12.45,12.77,,628500.0
2008-02-21,12.77,12.86,12.6,12.63,,472600.0
2008-02-22,12.61,12.64,12.34,12.5,,780900.0
2008-02-25,12.42,12.54,12.39,12.52,,560200.0
2008-02-26,12.42,12.91,12.42,12.84,,589900.0
2008-02-27,12.88,13.04,12.69,12.95,,645800.0
2008-02-28,11.75,12.05,11.31,11.59,,4258600.0
2008-02-29,11.52,11.52,11.07,11.4,,1515200.0
2008-03-03,11.13,11.32,10.95,11.09,,1158800.0
2008-03-04,10.92,11.04,10.67,10.73,,1459800.0
2008-03-05,10.7,11.05,10.45,11.02,,2550900.0
2008-03-06,10.96,10.98,10.54,10.57,,1971700.0
2008-03-07,10.43,10.68,10.41,10.65,,1281200.0
2008-03-10,10.58,10.64,10.27,10.31,,1119300.0
2008-03-11,10.44,10.49,10.19,10.38,,1120500.0
2008-03-12,10.34,10.45,10.29,10.32,,1020400.0
2008-03-13,10.13,10.38,10.12,10.32,,1027100.0
2008-03-14,10.31,10.37,9.76,9.83,,2121500.0
2008-03-17,9.68,9.74,9.42,9.46,,1956100.0
2008-03-18,9.59,9.65,9.31,9.46,,1698500.0
2008-03-19,9.54,9.64,9.24,9.3,,1450000.0
2008-03-20,9.27,9.5,9.17,9.34,,1547800.0
2008-03-24,9.3,9.6,9.3,9.48,,1862700.0
2008-03-25,9.51,9.71,9.49,9.62,,1568100.0
2008-03-26,9.63,9.72,9.39,9.48,,1024300.0
2008-03-27,9.48,9.64,9.47,9.52,,2522100.0
2008-03-28,9.52,9.62,9.48,9.53,,789600.0
2008-03-31,9.98,10.1,9.82,10.02,,2377600.0
2008-04-01,10.17,10.2,9.95,10.03,,1266500.0
2008-04-02,10.1,10.34,10.06,10.13,,1375100.0
2008-04-03,10.06,10.23,10.06,10.16,,1190300.0
2008-04-04,10.13,10.23,10.04,10.16,,920300.0
2008-04-07,10.17,10.33,10.16,10.2,,4229900.0
2008-04-08,10.1,10.46,10.1,10.38,,1406000.0
2008-04-09,10.45,10.49,10.0,10.07,,1767000.0
2008-04-10,10.08,10.2,9.98,10.11,,456200.0
2008-04-11,10.02,10.04,9.9,9.94,,411300.0
2008-04-14,9.89,9.95,9.71,9.73,,536900.0
2008-04-15,9.72,9.85,9.67,9.82,,782300.0
2008-04-16,9.91,10.07,9.9,10.04,,780000.0
2008-04-17,9.97,10.06,9.91,9.94,,701900.0
2008-04-18,10.04,10.21,9.95,10.03,,3703000.0
2008-04-21,10.04,10.26,9.91,10.24,,695900.0
2008-04-22,10.2,10.31,10.1,10.2,,770700.0
2008-04-23,10.25,10.25,10.09,10.16,,559000.0
2008-04-24,10.21,10.46,10.1,10.42,,616400.0
2008-04-25,10.45,10.56,10.32,10.54,,636300.0
2008-04-28,10.5,10.62,10.4,10.62,,618300.0
2008-04-29,10.59,10.6,10.37,10.51,,711700.0
2008-04-30,10.55,10.61,10.41,10.41,,933000.0
2008-05-01,10.78,11.8,10.78,11.55,,2267000.0
2008-05-02,11.64,11.77,11.3,11.46,,1095800.0
2008-05-05,11.39,11.47,11.19,11.21,,729300.0
2008-05-06,11.19,11.68,11.15,11.62,,1018500.0
2008-05-07,11.74,11.86,11.43,11.51,,783500.0
2008-05-08,11.52,11.59,11.44,11.58,,579500.0
2008-05-09,11.52,11.52,11.29,11.34,,555800.0
2008-05-12,11.32,11.45,11.23,11.41,,448900.0
2008-05-13,11.39,11.41,11.04,11.31,,1119400.0
2008-05-14,11.4,11.43,11.23,11.34,,828900.0
2008-05-15,11.33,11.37,11.16,11.34,,441700.0
2008-05-16,11.37,11.37,11.19,11.28,,571600.0
2008-05-19,11.37,11.5,11.18,11.37,,576400.0
2008-05-20,11.32,11.32,11.08,11.2,,365600.0
2008-05-21,11.17,11.36,11.09,11.22,,697000.0
2008-05-22,11.17,11.34,11.07,11.28,,541600.0
2008-05-23,11.24,11.3,10.95,11.03,,814200.0
2008-05-27,11.07,11.15,10.95,11.01,,872200.0
2008-05-28,10.98,11.23,10.98,11.18,,969500.0
2008-05-29,11.12,11.39,11.12,11.25,,1054100.0
2008-05-30,11.2,11.41,11.2,11.38,,925300.0
2008-06-02,11.38,11.4,11.12,11.23,,635400.0
2008-06-03,11.15,11.52,11.09,11.39,,713800.0
2008-06-04,11.36,11.62,11.26,11.56,,958700.0
2008-06-05,11.65,11.77,11.51,11.77,,592700.0
2008-06-06,11.75,11.76,11.44,11.46,,511700.0
2008-06-09,11.48,11.56,11.35,11.55,,538800.0
2008-06-10,11.53,11.53,11.36,11.45,,407800.0
2008-06-11,11.42,11.47,11.12,11.15,,759900.0
2008-06-12,11.16,11.25,10.96,11.06,,769200.0
2008-06-13,11.17,11.24,10.99,11.22,,913000.0
2008-06-16,11.09,11.42,11.02,11.37,,877100.0
2008-06-17,11.37,11.43,11.29,11.43,,778400.0
2008-06-18,11.25,11.52,11.25,11.51,,1320400.0
2008-06-19,11.52,11.59,11.42,11.56,,712800.0
2008-06-20,11.38,11.56,11.31,11.45,,777200.0
2008-06-23,11.44,11.48,11.27,11.45,,1049600.0
2008-06-24,11.38,11.44,11.04,11.06,,797300.0
2008-06-25,11.1,11.2,10.95,11.01,,718400.0
2008-06-26,10.95,10.95,10.66,10.73,,995300.0
2008-06-27,10.7,10.86,10.52,10.67,,690000.0
2008-06-30,10.68,10.68,10.02,10.06,,1654500.0
2008-07-01,10.01,10.26,9.92,10.01,,1265100.0
2008-07-02,10.13,10.14,9.7,9.7,,1349900.0
2008-07-03,9.73,9.88,9.68,9.86,,1410900.0
2008-07-07,9.91,10.0,9.68,9.76,,1181200.0
2008-07-08,9.68,9.88,9.49,9.58,,2004500.0
2008-07-09,9.54,9.9,9.49,9.57,,1514300.0
2008-07-10,9.63,9.81,9.52,9.79,,1964400.0
2008-07-11,9.64,9.76,9.48,9.57,,1192800.0
2008-07-14,9.64,9.74,9.34,9.41,,760200.0
2008-07-15,9.31,9.46,9.1,9.29,,898000.0
2008-07-16,9.25,9.78,9.24,9.75,,866700.0
2008-07-17,9.84,10.02,9.76,10.01,,995200.0
2008-07-18,10.01,10.1,9.92,10.08,,902300.0
2008-07-21,10.12,10.25,9.94,10.09,,576100.0
2008-07-22,9.96,10.24,9.93,10.19,,1391500.0
2008-07-23,10.27,10.4,10.11,10.21,,1945800.0
2008-07-24,10.18,10.25,9.94,9.97,,2648100.0
2008-07-25,9.98,10.08,9.92,10.06,,1062500.0
2008-07-28,10.13,10.2,10.06,10.12,,933400.0
2008-07-29,10.16,10.29,10.05,10.23,,625800.0
2008-07-30,10.31,10.56,10.26,10.56,,1176700.0
2008-07-31,10.82,11.06,10.66,10.99,,1914400.0
2008-08-01,10.95,11.04,10.67,10.82,,1481400.0
2008-08-04,11.06,11.06,10.58,10.62,,1482000.0
2008-08-05,10.74,10.92,10.58,10.88,,980900.0
2008-08-06,10.9,10.99,10.76,10.87,,673000.0
2008-08-07,10.81,10.89,10.64,10.73,,648900.0
2008-08-08,10.69,11.03,10.62,10.96,,507300.0
2008-08-11,10.89,11.06,10.84,11.01,,514300.0
2008-08-12,10.94,11.07,10.65,10.94,,636300.0
2008-08-13,10.87,11.09,10.85,11.03,,634900.0
2008-08-14,10.93,11.33,10.86,11.24,,697800.0
2008-08-15,11.28,11.4,11.2,11.4,,525100.0
2008-08-18,11.36,11.36,10.93,11.11,,704600.0
2008-08-19,11.07,11.35,10.8,10.86,,787900.0
2008-08-20,10.9,11.03,10.78,10.87,,545700.0
2008-08-21,10.7,10.82,10.49,10.79,,583700.0
2008-08-22,10.86,10.96,10.83,10.92,,560900.0
2008-08-25,10.9,10.9,10.61,10.69,,359700.0
2008-08-26,10.69,10.8,10.56,10.66,,342800.0
2008-08-27,10.6,10.87,10.55,10.83,,358100.0
2008-08-28,10.84,11.12,10.84,11.11,,433200.0
2008-08-29,11.11,11.18,10.86,10.96,,477600.0
2008-09-02,11.11,11.27,10.78,10.81,,586600.0
2008-09-03,10.8,10.84,10.48,10.57,,931000.0
2008-09-04,10.51,10.51,10.29,10.35,,730000.0
2008-09-05,10.34,10.34,10.03,10.22,,635400.0
2008-09-08,10.48,10.81,10.39,10.78,,829800.0
2008-09-09,10.87,10.91,10.45,10.49,,1139800.0
2008-09-10,10.57,10.57,10.06,10.21,,1047700.0
2008-09-11,10.1,10.27,9.98,10.2,,952700.0
2008-09-12,10.13,10.14,9.87,10.05,,672700.0
2008-09-15,9.8,10.04,9.45,9.45,,1252100.0
2008-09-16,9.21,9.77,9.12,9.75,,1429000.0
2008-09-17,9.59,9.91,9.52,9.66,,1447800.0
2008-09-18,9.74,10.23,9.58,9.95,,1605600.0
2008-09-19,10.41,10.8,10.18,10.41,,1280100.0
2008-09-22,10.37,10.42,9.76,9.84,,725800.0
2008-09-23,9.84,9.84,9.58,9.61,,820700.0
2008-09-24,9.6,9.78,9.45,9.72,,694100.0
2008-09-25,9.72,9.95,9.65,9.86,,876600.0
2008-09-26,9.82,9.84,9.6,9.73,,575800.0
2008-09-29,9.56,9.58,8.91,9.05,,1026100.0
2008-09-30,9.19,9.47,9.02,9.25,,1619300.0
2008-10-01,9.21,9.38,9.04,9.35,,862100.0
2008-10-02,9.6,9.79,9.48,9.59,,1586400.0
2008-10-03,9.82,10.22,9.72,9.77,,2035700.0
2008-10-06,9.4,9.57,8.81,9.18,,2316300.0
2008-10-07,9.2,9.73,9.12,9.3,,2490300.0
2008-10-08,9.12,10.53,9.1,10.36,,2959900.0
2008-10-09,10.38,10.53,9.3,9.61,,2017700.0
2008-10-10,9.21,9.93,8.58,8.92,,3048900.0
2008-10-13,9.19,9.39,9.0,9.34,,1686600.0
2008-10-14,9.68,9.68,8.51,8.53,,2692700.0
2008-10-15,8.54,8.57,7.39,7.43,,3363900.0
2008-10-16,7.53,7.61,7.02,7.48,,2528700.0
2008-10-17,7.43,8.54,7.36,8.51,,2985500.0
2008-10-20,8.48,8.81,8.38,8.76,,2807100.0
2008-10-21,8.65,8.77,8.49,8.59,,1911400.0
2008-10-22,8.47,8.47,7.83,7.95,,2447300.0
2008-10-23,7.87,8.29,7.59,8.01,,1538800.0
2008-10-24,7.47,7.8,7.47,7.63,,1160300.0
2008-10-27,7.44,7.71,7.42,7.44,,1168500.0
2008-10-28,7.58,8.22,7.41,8.21,,1714900.0
2008-10-29,8.27,8.58,8.16,8.36,,998900.0
2008-10-30,10.03,10.03,7.49,8.76,,1527500.0
2008-10-31,8.64,9.23,8.49,9.2,,1939800.0
2008-11-03,9.27,9.56,9.07,9.44,,1106800.0
2008-11-04,9.66,9.74,9.34,9.55,,1527600.0
2008-11-05,9.79,9.97,9.01,9.06,,1367300.0
2008-11-06,8.82,9.19,8.61,8.71,,1101800.0
2008-11-07,8.7,9.08,8.7,9.05,,709400.0
2008-11-10,9.18,9.34,8.87,9.09,,1843800.0
2008-11-11,8.91,8.92,8.36,8.41,,1647600.0
2008-11-12,8.34,8.38,7.87,7.93,,1126500.0
2008-11-13,7.98,8.2,7.32,8.16,,1585200.0
2008-11-14,8.17,8.24,7.83,7.86,,1132400.0
2008-11-17,7.79,7.89,7.53,7.54,,1034700.0
2008-11-18,7.55,7.78,7.39,7.77,,1048300.0
2008-11-19,7.65,7.8,7.21,7.24,,1547700.0
2008-11-20,7.38,7.38,6.64,6.69,,1713300.0
2008-11-21,6.67,7.0,6.33,7.0,,1866700.0
2008-11-24,7.1,7.64,7.1,7.38,,1838800.0
2008-11-25,7.39,7.63,7.25,7.6,,1128900.0
2008-11-26,7.39,7.93,7.25,7.89,,1057500.0
2008-11-28,7.77,8.24,7.77,8.24,,452400.0
2008-12-01,8.05,8.06,7.14,7.15,,2403200.0
2008-12-02,6.84,7.35,6.56,7.31,,1241700.0
2008-12-03,7.14,7.46,6.99,7.29,,1383000.0
2008-12-04,7.23,7.61,7.21,7.38,,1071300.0
2008-12-05,7.3,7.42,7.04,7.42,,1364900.0
2008-12-08,7.44,7.6,7.17,7.38,,1532000.0
2008-12-09,7.31,7.35,6.91,7.07,,1983100.0
2008-12-10,7.14,7.19,6.99,7.17,,1137300.0
2008-12-11,6.99,7.31,6.99,7.13,,1068600.0
2008-12-12,7.12,7.3,6.85,7.3,,1348900.0
2008-12-15,7.32,7.35,7.06,7.2,,1777200.0
2008-12-16,7.25,7.41,7.15,7.38,,1280400.0
2008-12-17,7.24,7.64,7.22,7.52,,1460100.0
2008-12-18,7.64,7.82,7.52,7.69,,1411300.0
2008-12-19,7.9,7.96,7.63,7.74,,1536700.0
2008-12-22,7.72,7.78,7.49,7.66,,748400.0
2008-12-23,7.65,7.71,7.35,7.55,,875800.0
2008-12-24,7.55,7.61,7.4,7.5,,341600.0
2008-12-26,7.58,7.7,7.52,7.57,,449500.0
2008-12-29,7.61,7.69,7.44,7.52,,543200.0
2008-12-30,8.13,8.76,8.11,8.52,,4045900.0
2008-12-31,8.57,9.54,8.57,9.37,,3809800.0
2009-01-02,9.33,9.54,9.04,9.4,,4185700.0
2009-01-05,9.54,9.73,9.2,9.4,,35745500.0
2009-01-06,9.42,9.58,8.96,8.98,,7250000.0
2009-01-07,8.79,8.99,8.67,8.9,,3440100.0
2009-01-08,8.87,8.96,8.65,8.92,,2281700.0
2009-01-09,8.9,8.94,8.58,8.7,,1900600.0
2009-01-12,8.72,8.85,8.57,8.69,,2104200.0
2009-01-13,8.76,9.06,8.75,8.91,,2755600.0
2009-01-14,8.69,8.88,8.54,8.61,,2692600.0
2009-01-15,8.59,8.74,8.34,8.66,,3390900.0
2009-01-16,8.79,8.91,8.46,8.62,,2019800.0
2009-01-20,8.57,8.78,8.37,8.46,,2598100.0
2009-01-21,8.54,8.68,8.34,8.65,,2518600.0
2009-01-22,8.48,8.6,8.25,8.49,,2411900.0
2009-01-23,8.26,8.33,8.08,8.22,,2034900.0
2009-01-26,8.21,8.45,8.16,8.22,,2108300.0
2009-01-27,8.26,8.41,8.18,8.28,,1525400.0
2009-01-28,8.58,8.58,8.24,8.32,,1918400.0
2009-01-29,8.26,8.28,8.0,8.04,,1218800.0
2009-01-30,8.02,8.13,7.69,7.75,,2074800.0
2009-02-02,7.68,7.81,7.58,7.75,,1707500.0
2009-02-03,7.7,7.75,7.5,7.66,,1801500.0
2009-02-04,7.7,7.86,7.62,7.71,,1616200.0
2009-02-05,7.67,7.99,7.6,7.91,,2660600.0
2009-02-06,7.96,8.15,7.88,8.11,,1649500.0
2009-02-09,8.07,8.24,8.0,8.08,,1287700.0
2009-02-10,7.99,8.14,7.82,7.89,,3173300.0
2009-02-11,7.89,7.99,7.75,7.82,,2055600.0
2009-02-12,7.71,7.79,7.53,7.79,,1550800.0
2009-02-13,7.78,7.87,7.63,7.74,,1595700.0
2009-02-17,7.4,7.58,6.86,7.46,,2094100.0
2009-02-18,7.52,7.59,7.36,7.51,,1898800.0
2009-02-19,7.55,7.66,7.49,7.51,,2548000.0
2009-02-20,7.42,7.62,7.34,7.54,,3371200.0
2009-02-23,7.69,7.88,7.52,7.55,,4574700.0
2009-02-24,7.6,8.02,7.58,7.96,,4109500.0
2009-02-25,7.91,7.94,7.69,7.8,,4860700.0
2009-02-26,7.57,7.79,6.96,6.99,,5798200.0
2009-02-27,6.89,7.14,6.78,7.04,,3978900.0
2009-03-02,6.89,6.9,6.53,6.56,,3192800.0
2009-03-03,6.67,7.02,6.41,6.47,,3078600.0
2009-03-04,6.5,6.96,6.5,6.94,,3920800.0
2009-03-05,6.8,6.93,6.7,6.74,,2826700.0
2009-03-06,6.73,6.82,6.56,6.75,,2087600.0
2009-03-09,6.67,6.82,6.62,6.69,,1528500.0
2009-03-10,6.73,7.14,6.73,7.13,,2067600.0
2009-03-11,7.19,7.36,7.11,7.28,,1868400.0
2009-03-12,7.28,7.63,7.14,7.55,,2156600.0
2009-03-13,7.64,7.67,7.43,7.65,,1335600.0
2009-03-16,7.72,7.84,7.65,7.71,,1405800.0
2009-03-17,7.61,7.75,7.6,7.75,,1595500.0
2009-03-18,7.75,8.23,7.71,8.11,,2241300.0
2009-03-19,8.3,8.33,8.08,8.22,,2058600.0
2009-03-20,8.16,8.26,7.97,8.02,,2084800.0
2009-03-23,8.03,8.59,8.03,8.59,,1899000.0
2009-03-24,8.63,8.75,8.46,8.47,,1589200.0
2009-03-25,8.51,8.68,8.24,8.49,,1418500.0
2009-03-26,8.54,8.82,8.35,8.81,,1667100.0
2009-03-27,8.7,8.76,8.4,8.43,,1470300.0
2009-03-30,8.29,8.34,8.1,8.21,,1529100.0
2009-03-31,8.52,8.54,8.23,8.4,,1416700.0
2009-04-01,8.25,8.44,8.16,8.4,,1874000.0
2009-04-02,8.57,9.25,8.39,9.17,,3584000.0
2009-04-03,9.16,9.46,9.0,9.46,,2007100.0
2009-04-06,9.3,9.39,9.01,9.32,,1737000.0
2009-04-07,9.12,9.28,9.03,9.12,,1839400.0
2009-04-08,9.13,9.43,9.1,9.41,,1709900.0
2009-04-09,9.53,9.85,9.49,9.79,,2795800.0
2009-04-13,9.07,9.64,9.07,9.58,,1577200.0
2009-04-14,9.45,9.57,9.29,9.32,,1598300.0
2009-04-15,9.27,9.42,9.27,9.41,,1432600.0
2009-04-16,9.44,10.06,9.4,9.99,,2294600.0
2009-04-17,10.0,10.02,9.77,9.99,,1819400.0
2009-04-20,9.2,9.68,9.2,9.39,,1592900.0
2009-04-21,9.35,9.56,9.32,9.56,,1107600.0
2009-04-22,9.47,9.8,9.39,9.58,,997500.0
2009-04-23,9.57,9.85,9.29,9.83,,1458000.0
2009-04-24,9.82,9.94,9.71,9.84,,1809800.0
2009-04-27,9.71,9.9,9.68,9.79,,1093900.0
2009-04-28,9.61,9.71,9.46,9.65,,2039900.0
2009-04-29,9.76,10.31,9.66,10.26,,2711100.0
2009-04-30,10.37,11.28,10.27,10.8,,2877800.0
2009-05-01,10.75,11.18,10.75,10.9,,2066300.0
2009-05-04,10.89,11.38,10.59,11.18,,2943000.0
2009-05-05,11.17,11.85,11.16,11.35,,3906200.0
2009-05-06,11.4,11.59,11.12,11.21,,2480400.0
2009-05-07,11.31,11.4,10.53,10.62,,3116800.0
2009-05-08,10.77,11.01,10.65,10.92,,2017500.0
2009-05-11,10.7,10.77,10.47,10.64,,1965500.0
2009-05-12,10.67,10.81,10.28,10.49,,1204600.0
2009-05-13,10.21,10.3,10.04,10.07,,1822400.0
2009-05-14,10.09,10.3,10.0,10.24,,1725800.0
2009-05-15,10.24,10.4,10.17,10.21,,1603700.0
2009-05-18,10.28,10.64,10.23,10.64,,1253900.0
2009-05-19,10.56,10.73,10.49,10.65,,1343400.0
2009-05-20,10.64,10.93,10.55,10.59,,1372100.0
2009-05-21,10.37,10.44,10.17,10.28,,1184800.0
2009-05-22,10.32,10.43,10.16,10.23,,1087100.0
2009-05-26,10.15,10.65,10.03,10.56,,1593800.0
2009-05-27,10.58,10.65,10.34,10.35,,1133500.0
2009-05-28,10.43,10.45,9.87,10.11,,1716600.0
2009-05-29,10.08,10.35,10.08,10.33,,1938900.0
2009-06-01,10.51,10.85,10.51,10.79,,1601000.0
2009-06-02,10.82,11.06,10.79,11.03,,1771100.0
2009-06-03,10.91,10.93,10.65,10.79,,1241900.0
2009-06-04,10.7,10.91,10.58,10.77,,1353600.0
2009-06-05,10.95,10.99,10.66,10.77,,1283000.0
2009-06-08,10.66,10.86,10.56,10.75,,976100.0
2009-06-09,10.83,10.96,10.69,10.93,,892400.0
2009-06-10,10.96,10.99,10.55,10.72,,1041200.0
2009-06-11,10.84,10.85,10.65,10.69,,783600.0
2009-06-12,10.66,10.7,10.38,10.59,,758400.0
2009-06-15,10.46,10.47,10.25,10.38,,1255600.0
2009-06-16,10.48,10.59,10.32,10.34,,1064600.0
2009-06-17,10.33,10.61,10.29,10.51,,1156400.0
2009-06-18,10.57,10.72,10.46,10.68,,730800.0
2009-06-19,10.74,10.96,10.73,10.91,,1611300.0
2009-06-22,10.84,10.89,10.63,10.63,,902300.0
2009-06-23,10.64,10.65,10.39,10.55,,1043300.0
2009-06-24,10.61,10.82,10.51,10.68,,1229300.0
2009-06-25,10.6,11.14,10.54,11.07,,1216600.0
2009-06-26,11.0,11.03,10.81,10.91,,1212800.0
2009-06-29,10.94,11.11,10.82,10.99,,872500.0
2009-06-30,10.99,11.03,10.84,10.9,,1085000.0
2009-07-01,10.93,11.15,10.74,11.08,,897600.0
2009-07-02,10.93,10.98,10.66,10.78,,1052800.0
2009-07-06,10.68,10.83,10.58,10.77,,926200.0
2009-07-07,10.74,10.74,10.34,10.46,,1366900.0
2009-07-08,10.5,10.54,10.37,10.41,,1288800.0
2009-07-09,10.42,10.6,10.34,10.56,,852600.0
2009-07-10,10.43,10.63,10.4,10.56,,577900.0
2009-07-13,10.55,10.67,10.33,10.67,,792300.0
2009-07-14,10.67,10.94,10.62,10.94,,1288000.0
2009-07-15,11.13,11.3,11.02,11.29,,1232500.0
2009-07-16,11.29,11.5,11.2,11.45,,1085100.0
2009-07-17,11.51,11.51,11.21,11.29,,1087400.0
2009-07-20,11.25,11.42,11.24,11.32,,1402800.0
2009-07-21,11.4,11.45,11.12,11.39,,1196800.0
2009-07-22,11.38,11.45,11.24,11.38,,1920100.0
2009-07-23,11.37,11.58,11.24,11.53,,1879900.0
2009-07-24,11.46,11.61,11.4,11.61,,1420400.0
2009-07-27,11.58,11.67,11.5,11.67,,719300.0
2009-07-28,11.47,11.92,11.47,11.9,,1272200.0
2009-07-29,11.78,12.14,11.78,12.11,,2050900.0
2009-07-30,11.37,11.56,10.99,11.06,,3973300.0
2009-07-31,10.72,11.1,10.65,11.07,,2428800.0
2009-08-03,11.07,11.47,11.05,11.4,,2113500.0
2009-08-04,11.37,11.5,11.34,11.44,,1279800.0
2009-08-05,11.34,11.47,11.01,11.06,,1668700.0
2009-08-06,11.16,11.25,10.98,11.07,,968400.0
2009-08-07,11.17,11.27,11.11,11.18,,743600.0
2009-08-10,11.17,11.21,10.81,10.93,,985300.0
2009-08-11,10.84,10.92,10.63,10.72,,960600.0
2009-08-12,10.76,11.03,10.67,10.92,,1248100.0
2009-08-13,10.95,10.99,10.79,10.95,,588600.0
2009-08-14,10.99,11.05,10.66,10.79,,663600.0
2009-08-17,10.58,10.71,10.45,10.51,,617300.0
2009-08-18,10.56,10.59,10.42,10.54,,547300.0
2009-08-19,10.48,10.65,10.43,10.6,,769700.0
2009-08-20,10.59,10.78,10.51,10.74,,811900.0
2009-08-21,10.73,11.25,10.73,11.2,,1947900.0
2009-08-24,11.26,11.32,11.12,11.14,,549000.0
2009-08-25,11.14,11.31,11.05,11.18,,772000.0
2009-08-26,11.13,11.39,11.11,11.37,,1328800.0
2009-08-27,11.4,11.53,11.15,11.53,,1248300.0
2009-08-28,11.6,11.62,11.28,11.32,,1373300.0
2009-08-31,11.29,11.31,11.06,11.1,,880300.0
2009-09-01,11.08,11.16,10.7,10.82,,1582600.0
2009-09-02,10.81,10.86,10.57,10.66,,1119000.0
2009-09-03,10.7,10.72,10.41,10.67,,940900.0
2009-09-04,10.67,10.86,10.56,10.84,,1117100.0
2009-09-08,10.9,10.9,10.69,10.74,,1026300.0
2009-09-09,10.73,10.76,10.58,10.65,,1520000.0
2009-09-10,10.66,10.71,10.59,10.68,,756900.0
2009-09-11,10.68,10.82,10.68,10.78,,1378300.0
2009-09-14,10.72,11.0,10.68,10.94,,822600.0
2009-09-15,10.95,11.01,10.82,11.0,,429800.0
2009-09-16,11.04,11.07,10.89,11.04,,852300.0
2009-09-17,10.99,11.05,10.82,10.83,,1216200.0
2009-09-18,10.82,10.88,10.62,10.71,,2014600.0
2009-09-21,10.64,10.71,10.36,10.48,,1785000.0
2009-09-22,10.6,10.6,10.45,10.49,,975000.0
2009-09-23,10.49,10.5,10.26,10.28,,1431900.0
2009-09-24,10.33,10.36,10.09,10.15,,1209200.0
2009-09-25,10.16,10.17,9.96,10.15,,2140100.0
2009-09-28,10.16,10.36,10.12,10.32,,539500.0
2009-09-29,10.32,10.43,10.2,10.3,,968000.0
2009-09-30,10.34,10.34,9.98,10.1,,1886700.0
2009-10-01,10.01,10.05,9.76,9.81,,1630800.0
2009-10-02,9.74,9.79,9.57,9.62,,1434500.0
2009-10-05,9.65,9.95,9.58,9.91,,2348400.0
2009-10-06,10.04,10.31,9.96,10.05,,2074500.0
2009-10-07,10.13,10.18,10.04,10.06,,1301900.0
2009-10-08,10.13,10.34,10.07,10.32,,1065600.0
2009-10-09,10.32,10.42,10.3,10.42,,904300.0
2009-10-12,10.42,10.45,10.25,10.31,,572100.0
2009-10-13,10.31,10.31,10.13,10.15,,882500.0
2009-10-14,10.21,10.24,10.12,10.19,,960300.0
2009-10-15,10.13,10.21,10.07,10.2,,865800.0
2009-10-16,10.1,10.18,10.02,10.13,,968800.0
2009-10-19,10.17,10.19,10.06,10.18,,1025700.0
2009-10-20,10.14,10.17,10.04,10.07,,1123700.0
2009-10-21,10.03,10.15,9.84,9.85,,1430100.0
2009-10-22,9.9,10.0,9.77,9.99,,1418500.0
2009-10-23,9.99,10.05,9.82,9.85,,1308500.0
2009-10-26,9.88,10.09,9.87,10.04,,2186400.0
2009-10-27,10.04,10.19,9.96,10.0,,2475800.0
2009-10-28,10.0,10.13,9.93,10.0,,3304500.0
2009-10-29,10.05,10.08,9.53,9.62,,3665400.0
2009-10-30,9.56,9.6,9.15,9.26,,2993000.0
2009-11-02,9.31,9.43,9.12,9.27,,2537000.0
2009-11-03,9.27,9.36,9.2,9.33,,1308500.0
2009-11-04,9.38,9.5,9.31,9.34,,1381500.0
2009-11-05,9.44,9.54,9.37,9.49,,1109900.0
2009-11-06,9.48,9.62,9.41,9.53,,1064900.0
2009-11-09,9.59,9.73,9.54,9.73,,788000.0
2009-11-10,9.68,9.73,9.58,9.65,,1172500.0
2009-11-11,9.7,9.76,9.65,9.69,,1228800.0
2009-11-12,9.66,9.87,9.45,9.48,,2414300.0
2009-11-13,9.51,9.66,9.4,9.49,,1297200.0
2009-11-16,9.5,9.65,9.5,9.63,,1023800.0
2009-11-17,9.59,9.63,9.5,9.56,,592400.0
2009-11-18,9.53,9.57,9.23,9.28,,1465500.0
2009-11-19,9.25,9.3,9.08,9.27,,1489900.0
2009-11-20,9.24,9.33,9.17,9.22,,1310200.0
2009-11-23,9.29,9.47,9.29,9.37,,904600.0
2009-11-24,9.39,9.39,9.24,9.33,,1075800.0
2009-11-25,9.36,9.43,9.34,9.4,,809700.0
2009-11-27,9.26,9.37,9.15,9.29,,594600.0
2009-11-30,9.26,9.3,9.06,9.1,,1578900.0
2009-12-01,9.18,9.19,9.06,9.1,,1458200.0
2009-12-02,9.11,9.24,9.06,9.12,,2441000.0
2009-12-03,9.1,9.17,9.0,9.01,,968200.0
2009-12-04,9.09,9.17,9.01,9.1,,1337100.0
2009-12-07,9.13,9.13,8.98,9.04,,1622600.0
2009-12-08,9.01,9.01,8.81,8.85,,1762700.0
2009-12-09,8.83,8.88,8.74,8.87,,1316100.0
2009-12-10,8.88,8.99,8.88,8.95,,1054100.0
2009-12-11,8.96,9.07,8.93,9.02,,626600.0
2009-12-14,9.05,9.13,9.01,9.05,,907500.0
2009-12-15,9.01,9.06,8.94,8.97,,825500.0
2009-12-16,8.98,9.03,8.89,8.92,,925000.0
2009-12-17,8.89,8.93,8.78,8.79,,890100.0
2009-12-18,8.79,8.85,8.65,8.78,,1815700.0
2009-12-21,8.85,8.94,8.83,8.87,,644400.0
2009-12-22,8.88,8.93,8.87,8.92,,787400.0
2009-12-23,8.89,8.92,8.82,8.87,,621200.0
2009-12-24,8.9,8.9,8.85,8.87,,222900.0
2009-12-28,8.87,8.91,8.79,8.8,,398300.0
2009-12-29,8.85,8.87,8.79,8.8,,690200.0
2009-12-30,8.8,8.83,8.68,8.72,,975600.0
2009-12-31,8.76,8.83,8.62,8.63,,690900.0
2010-01-04,8.68,8.74,8.6,8.68,,995500.0
2010-01-05,8.65,8.73,8.6,8.7,,1120200.0
2010-01-06,8.71,9.01,8.69,8.98,,1975000.0
2010-01-07,8.96,9.13,8.95,9.13,,1518900.0
2010-01-08,9.1,9.18,9.03,9.15,,1048600.0
2010-01-11,9.17,9.25,9.09,9.22,,1014200.0
2010-01-12,9.15,9.26,9.08,9.11,,1605600.0
2010-01-13,9.13,9.35,9.13,9.35,,1002400.0
2010-01-14,9.34,9.42,9.23,9.41,,1214000.0
2010-01-15,9.38,9.45,9.19,9.24,,1261300.0
2010-01-19,9.23,9.4,9.19,9.37,,959000.0
2010-01-20,9.3,9.31,9.16,9.21,,681200.0
2010-01-21,9.19,9.26,9.1,9.12,,1418900.0
2010-01-22,9.13,9.14,8.99,9.0,,1560100.0
2010-01-25,9.07,9.08,8.87,8.93,,905900.0
2010-01-26,8.92,8.96,8.79,8.79,,834700.0
2010-01-27,8.79,8.85,8.68,8.8,,1289600.0
2010-01-28,8.82,8.82,8.64,8.68,,784600.0
2010-01-29,8.75,8.79,8.65,8.66,,1605100.0
2010-02-01,8.71,8.77,8.66,8.71,,1015100.0
2010-02-02,8.71,8.82,8.68,8.8,,1066500.0
2010-02-03,8.77,8.88,8.74,8.76,,874100.0
2010-02-04,8.67,8.74,8.56,8.56,,1499300.0
2010-02-05,8.53,8.62,8.32,8.38,,2948200.0
2010-02-08,8.37,8.38,8.26,8.26,,1330500.0
2010-02-09,8.35,8.41,8.25,8.32,,1251700.0
2010-02-10,8.32,8.36,8.15,8.19,,1705600.0
2010-02-11,8.18,8.31,8.08,8.24,,1853600.0
2010-02-12,8.19,8.25,8.1,8.23,,1668100.0
2010-02-16,8.28,8.49,8.22,8.49,,1283900.0
2010-02-17,8.76,8.97,8.66,8.93,,3239000.0
2010-02-18,8.94,9.05,8.91,9.04,,1319000.0
2010-02-19,9.01,9.26,9.01,9.15,,1933600.0
2010-02-22,9.2,9.26,8.98,9.05,,1786300.0
2010-02-23,9.04,9.13,9.01,9.05,,2021500.0
2010-02-24,9.09,9.27,9.07,9.21,,2511400.0
2010-02-25,9.67,10.04,9.67,9.86,,4288900.0
2010-02-26,9.9,9.95,9.78,9.81,,2187600.0
2010-03-01,9.89,9.89,9.73,9.85,,2250000.0
2010-03-02,9.9,9.91,9.74,9.79,,1368500.0
2010-03-03,9.83,9.87,9.67,9.71,,1506600.0
2010-03-04,9.71,9.74,9.61,9.72,,1005100.0
2010-03-05,9.74,9.85,9.71,9.79,,1192100.0
2010-03-08,9.83,9.86,9.76,9.79,,751200.0
2010-03-09,9.77,9.79,9.66,9.72,,1267200.0
2010-03-10,9.72,9.81,9.71,9.72,,1158800.0
2010-03-11,9.68,9.78,9.63,9.77,,726300.0
2010-03-12,9.79,9.84,9.73,9.82,,635800.0
2010-03-15,9.85,9.9,9.79,9.87,,890200.0
2010-03-16,9.9,9.91,9.82,9.89,,1000000.0
2010-03-17,9.96,10.01,9.88,10.0,,957100.0
2010-03-18,10.0,10.01,9.94,9.99,,667400.0
2010-03-19,10.01,10.06,9.82,9.85,,1279600.0
2010-03-22,9.79,10.02,9.79,9.98,,909500.0
2010-03-23,10.09,10.36,10.04,10.36,,1850400.0
2010-03-24,10.3,10.41,10.23,10.26,,1425300.0
2010-03-25,10.36,10.45,10.28,10.29,,1434100.0
2010-03-26,10.36,10.44,10.18,10.27,,997800.0
2010-03-29,10.28,10.54,10.28,10.54,,1433400.0
2010-03-30,10.53,10.55,10.38,10.42,,1184800.0
2010-03-31,10.34,10.43,10.29,10.41,,1272500.0
2010-04-01,10.49,10.64,10.34,10.43,,1367000.0
2010-04-05,10.46,10.47,10.34,10.37,,1201100.0
2010-04-06,10.3,10.32,10.21,10.26,,1435100.0
2010-04-07,10.22,10.25,10.11,10.15,,1110100.0
2010-04-08,10.09,10.11,9.98,10.07,,1078400.0
2010-04-09,10.1,10.15,10.05,10.07,,1030900.0
2010-04-12,10.08,10.12,10.04,10.07,,1467700.0
2010-04-13,10.04,10.11,9.96,10.07,,1196500.0
2010-04-14,10.09,10.22,10.0,10.21,,2270700.0
2010-04-15,10.21,10.46,10.16,10.42,,1277100.0
2010-04-16,10.42,10.51,10.28,10.34,,1621200.0
2010-04-19,10.34,10.42,10.27,10.4,,944000.0
2010-04-20,10.43,10.57,10.38,10.54,,1154400.0
2010-04-21,10.52,10.61,10.48,10.59,,1072600.0
2010-04-22,10.51,10.77,10.45,10.75,,1243200.0
2010-04-23,10.78,10.8,10.67,10.78,,1153200.0
2010-04-26,10.75,10.82,10.69,10.74,,1023200.0
2010-04-27,10.71,10.71,10.36,10.38,,1441000.0
2010-04-28,10.5,10.64,10.45,10.64,,1088300.0
2010-04-29,10.62,10.62,9.65,9.8,,3770200.0
2010-04-30,9.8,9.84,9.49,9.55,,2182600.0
2010-05-03,9.61,9.67,9.57,9.6,,1531200.0
2010-05-04,9.48,9.54,9.35,9.52,,2119200.0
2010-05-05,9.47,9.52,9.42,9.49,,1554200.0
2010-05-06,9.41,9.5,8.59,9.08,,1982700.0
2010-05-07,9.08,9.22,8.9,9.08,,2193900.0
2010-05-10,9.46,9.61,9.41,9.54,,1877600.0
2010-05-11,9.38,9.63,9.38,9.51,,1184900.0
2010-05-12,9.53,9.69,9.53,9.69,,913000.0
2010-05-13,9.63,9.65,9.48,9.49,,1078900.0
2010-05-14,9.46,9.47,9.23,9.3,,1054400.0
2010-05-17,9.44,9.79,9.44,9.63,,2386600.0
2010-05-18,9.88,9.97,9.66,9.75,,2556100.0
2010-05-19,9.73,9.77,9.43,9.56,,1671800.0
2010-05-20,9.4,9.4,9.08,9.1,,1935000.0
2010-05-21,9.04,9.35,9.01,9.35,,2608900.0
2010-05-24,9.29,9.37,9.19,9.2,,1675200.0
2010-05-25,8.91,9.22,8.87,9.2,,2202600.0
2010-05-26,9.3,9.46,9.18,9.21,,1520600.0
2010-05-27,9.4,9.45,9.32,9.45,,1093400.0
2010-05-28,9.45,9.45,9.26,9.31,,934400.0
2010-06-01,9.23,9.33,9.07,9.07,,822500.0
2010-06-02,9.12,9.24,9.06,9.24,,1054000.0
2010-06-03,9.31,9.35,9.23,9.31,,1586100.0
2010-06-04,9.17,9.19,8.85,8.89,,2144600.0
2010-06-07,8.95,8.97,8.71,8.73,,1600200.0
2010-06-08,8.78,8.84,8.64,8.81,,2515500.0
2010-06-09,8.84,8.99,8.8,8.84,,1832800.0
2010-06-10,8.98,9.06,8.85,9.05,,1504300.0
2010-06-11,8.95,9.14,8.89,9.14,,981400.0
2010-06-14,9.17,9.33,9.17,9.25,,1436200.0
2010-06-15,9.33,9.5,9.33,9.5,,980800.0
2010-06-16,9.44,9.53,9.41,9.48,,1033500.0
2010-06-17,9.48,9.48,9.22,9.3,,1503500.0
2010-06-18,9.31,9.4,9.22,9.25,,1490200.0
2010-06-21,9.39,9.4,9.1,9.12,,1309000.0
2010-06-22,9.14,9.27,8.98,9.01,,2003800.0
2010-06-23,8.97,9.0,8.86,8.94,,1848900.0
2010-06-24,8.94,9.11,8.89,8.95,,2116100.0
2010-06-25,8.99,8.99,8.81,8.92,,2245700.0
2010-06-28,8.99,8.99,8.84,8.86,,1077600.0
2010-06-29,8.78,8.79,8.6,8.64,,2293600.0
2010-06-30,8.61,8.73,8.55,8.55,,1922100.0
2010-07-01,8.54,8.59,8.37,8.47,,1898200.0
2010-07-02,8.46,8.54,8.36,8.38,,782000.0
2010-07-06,8.53,8.6,8.38,8.44,,1187900.0
2010-07-07,8.49,8.79,8.46,8.78,,1461500.0
2010-07-08,8.83,8.91,8.77,8.89,,1219600.0
2010-07-09,8.86,8.97,8.83,8.96,,1197600.0
2010-07-12,8.89,8.98,8.88,8.92,,790600.0
2010-07-13,9.0,9.18,8.99,9.15,,1003600.0
2010-07-14,9.1,9.23,9.05,9.23,,1011300.0
2010-07-15,9.22,9.25,9.07,9.22,,881400.0
2010-07-16,9.16,9.18,8.92,8.94,,975600.0
2010-07-19,8.95,9.03,8.82,8.95,,835000.0
2010-07-20,8.79,9.17,8.79,9.16,,954400.0
2010-07-21,9.17,9.27,9.1,9.18,,1648600.0
2010-07-22,9.25,9.46,9.24,9.39,,1068600.0
2010-07-23,9.39,9.57,9.35,9.56,,974300.0
2010-07-26,9.57,9.74,9.5,9.74,,892400.0
2010-07-27,9.78,9.78,9.66,9.71,,1858000.0
2010-07-28,9.72,9.83,9.64,9.69,,1935800.0
2010-07-29,9.53,9.66,9.11,9.16,,2682900.0
2010-07-30,9.05,9.2,8.95,9.02,,1685400.0
2010-08-02,9.11,9.3,9.06,9.28,,1385000.0
2010-08-03,9.21,9.23,8.96,9.02,,1496400.0
2010-08-04,9.02,9.06,8.92,8.99,,1640100.0
2010-08-05,8.93,9.05,8.88,8.96,,1071700.0
2010-08-06,8.86,8.9,8.75,8.85,,1227700.0
2010-08-09,8.88,8.92,8.85,8.89,,1219200.0
2010-08-10,8.84,8.9,8.7,8.8,,1246200.0
2010-08-11,8.7,8.7,8.49,8.49,,944700.0
2010-08-12,8.4,8.51,8.32,8.45,,1566600.0
2010-08-13,8.43,8.46,8.37,8.37,,906500.0
2010-08-16,8.35,8.42,8.32,8.38,,1469000.0
2010-08-17,8.46,8.48,8.37,8.38,,1923000.0
2010-08-18,8.4,8.4,8.35,8.35,,1479600.0
2010-08-19,8.34,8.34,8.05,8.16,,2633900.0
2010-08-20,8.08,8.22,8.06,8.22,,1663600.0
2010-08-23,8.26,8.27,8.11,8.12,,1955600.0
2010-08-24,8.02,8.06,7.96,7.99,,2005900.0
2010-08-25,7.9,8.05,7.89,7.98,,2097100.0
2010-08-26,8.0,8.02,7.78,7.78,,2075400.0
2010-08-27,7.84,7.96,7.75,7.91,,2395300.0
2010-08-30,7.93,7.93,7.74,7.74,,1758900.0
2010-08-31,7.71,7.83,7.65,7.72,,2332100.0
2010-09-01,7.81,7.9,7.72,7.82,,2138700.0
2010-09-02,7.85,8.09,7.82,8.01,,3527800.0
2010-09-03,8.11,8.14,7.96,8.0,,2699900.0
2010-09-07,7.98,7.99,7.79,7.81,,1762500.0
2010-09-08,7.83,7.88,7.73,7.79,,2751300.0
2010-09-09,7.91,7.97,7.88,7.95,,3824800.0
2010-09-10,8.0,8.08,7.93,8.05,,3885200.0
2010-09-13,8.12,8.13,8.02,8.03,,3375500.0
2010-09-14,8.04,8.05,7.9,7.93,,3781800.0
2010-09-15,7.87,7.93,7.74,7.76,,11611500.0
2010-09-16,7.76,7.79,7.68,7.71,,8349900.0
2010-09-17,7.73,7.89,7.69,7.77,,19582800.0
2010-09-20,7.82,7.9,7.69,7.88,,7229200.0
2010-09-21,7.88,8.02,7.87,7.96,,6081700.0
2010-09-22,7.96,8.0,7.88,7.95,,4160700.0
2010-09-23,7.99,8.15,7.9,8.01,,5408300.0
2010-09-24,8.13,8.35,8.09,8.35,,5179900.0
2010-09-27,8.37,8.41,8.29,8.35,,2671700.0
2010-09-28,8.38,8.56,8.33,8.53,,4131100.0
2010-09-29,8.5,8.51,8.37,8.48,,2220600.0
2010-09-30,8.54,8.61,8.42,8.53,,3538900.0
2010-10-01,8.58,8.59,8.35,8.53,,5483700.0
2010-10-04,8.49,8.61,8.48,8.54,,4175500.0
2010-10-05,8.15,8.15,7.66,7.81,,17616600.0
2010-10-06,7.76,7.88,7.61,7.8,,5628300.0
2010-10-07,7.78,7.81,7.67,7.77,,3786500.0
2010-10-08,7.76,7.87,7.69,7.82,,3330800.0
2010-10-11,7.8,8.03,7.8,7.98,,3568200.0
2010-10-12,7.96,8.03,7.89,8.01,,3482200.0
2010-10-13,8.07,8.14,8.03,8.12,,2483200.0
2010-10-14,8.12,8.17,8.07,8.16,,2593300.0
2010-10-15,8.24,8.25,8.14,8.22,,2473600.0
2010-10-18,8.19,8.37,8.19,8.37,,1776800.0
2010-10-19,8.29,8.44,8.24,8.36,,3223900.0
2010-10-20,8.38,8.52,8.36,8.45,,2045600.0
2010-10-21,8.51,8.58,8.46,8.57,,2184100.0
2010-10-22,8.57,8.64,8.51,8.64,,1192400.0
2010-10-25,8.69,8.79,8.69,8.75,,2475900.0
2010-10-26,8.7,8.77,8.62,8.72,,1938500.0
2010-10-27,8.64,8.64,8.48,8.62,,2766500.0
2010-10-28,8.62,8.62,7.81,8.09,,7942100.0
2010-10-29,8.12,8.32,8.11,8.32,,2857800.0
2010-11-01,8.34,8.34,8.21,8.27,,2196000.0
2010-11-02,8.31,8.48,8.31,8.48,,1715600.0
2010-11-03,8.53,8.56,8.42,8.56,,2009100.0
2010-11-04,8.62,8.73,8.58,8.71,,2726000.0
2010-11-05,8.74,8.79,8.67,8.75,,1499800.0
2010-11-08,8.73,8.74,8.67,8.72,,1320500.0
2010-11-09,8.74,8.81,8.71,8.76,,1505300.0
2010-11-10,8.76,8.8,8.68,8.77,,1180100.0
2010-11-11,8.7,8.88,8.64,8.87,,1789800.0
2010-11-12,8.81,8.85,8.74,8.76,,1075600.0
2010-11-15,8.76,8.86,8.71,8.71,,1483200.0
2010-11-16,8.52,8.56,8.17,8.4,,4621300.0
2010-11-17,8.39,8.47,8.36,8.38,,1626900.0
2010-11-18,8.42,8.53,8.42,8.49,,1297900.0
2010-11-19,8.47,8.56,8.38,8.54,,1106000.0
2010-11-22,8.49,8.59,8.38,8.51,,983300.0
2010-11-23,8.43,8.53,8.38,8.46,,1050200.0
2010-11-24,8.51,8.71,8.51,8.71,,908900.0
2010-11-26,8.65,8.67,8.59,8.63,,545900.0
2010-11-29,8.57,8.65,8.47,8.63,,1052700.0
2010-11-30,8.53,8.56,8.43,8.48,,1843900.0
2010-12-01,8.59,8.77,8.59,8.72,,1581500.0
2010-12-02,8.71,8.97,8.71,8.96,,1401600.0
2010-12-03,8.93,8.98,8.86,8.93,,948200.0
2010-12-06,8.88,8.9,8.75,8.84,,1155600.0
2010-12-07,8.93,9.0,8.86,8.9,,1207000.0
2010-12-08,8.9,8.96,8.83,8.89,,829200.0
2010-12-09,8.96,9.03,8.89,8.9,,1858300.0
2010-12-10,8.94,8.98,8.86,8.94,,4213300.0
2010-12-13,9.09,9.27,9.08,9.27,,3059400.0
2010-12-14,9.34,9.47,9.29,9.45,,3231900.0
2010-12-15,9.2,9.43,9.17,9.39,,2478200.0
2010-12-16,9.39,9.69,9.35,9.65,,3234500.0
2010-12-17,9.63,9.68,9.54,9.67,,2370900.0
2010-12-20,9.68,9.71,9.58,9.66,,1847300.0
2010-12-21,9.68,9.7,9.58,9.6,,1452200.0
2010-12-22,9.66,9.72,9.56,9.63,,1529200.0
2010-12-23,9.61,9.66,9.59,9.61,,747400.0
2010-12-27,9.61,9.68,9.59,9.62,,1009700.0
2010-12-28,9.62,9.67,9.59,9.63,,1051700.0
2010-12-29,9.64,9.67,9.61,9.63,,688500.0
2010-12-30,9.62,9.65,9.58,9.62,,1119100.0
2010-12-31,9.62,9.65,9.59,9.62,,828800.0
2011-01-03,9.68,9.71,9.55,9.57,,2064000.0
2011-01-04,9.57,9.59,9.36,9.44,,2575800.0
2011-01-05,9.42,9.66,9.39,9.54,,3248800.0
2011-01-06,9.53,9.63,9.48,9.52,,1316300.0
2011-01-07,9.51,9.61,9.45,9.51,,1432700.0
2011-01-10,9.45,9.54,9.41,9.54,,925700.0
2011-01-11,9.55,9.58,9.45,9.47,,1388500.0
2011-01-12,9.54,9.72,9.49,9.59,,1310600.0
2011-01-13,9.56,9.6,9.49,9.52,,915300.0
2011-01-14,9.52,9.57,9.47,9.54,,747600.0
2011-01-18,9.54,9.64,9.54,9.57,,1629800.0
2011-01-19,9.57,9.57,9.43,9.47,,952900.0
2011-01-20,9.44,9.49,9.39,9.43,,1475500.0
2011-01-21,9.49,9.51,9.41,9.47,,2344400.0
2011-01-24,9.48,9.59,9.44,9.56,,1277100.0
2011-01-25,9.51,9.59,9.45,9.58,,1233800.0
2011-01-26,9.58,9.77,9.54,9.74,,1378900.0
2011-01-27,9.73,9.91,9.7,9.84,,1501900.0
2011-01-28,9.83,9.91,9.5,9.51,,1459300.0
2011-01-31,9.49,9.52,9.34,9.39,,1745700.0
2011-02-01,9.44,9.52,9.41,9.47,,1005300.0
2011-02-02,9.44,9.68,9.44,9.61,,1139900.0
2011-02-03,9.57,9.68,9.52,9.66,,870700.0
2011-02-04,9.68,9.88,9.6,9.88,,1408400.0
2011-02-07,9.92,10.13,9.91,10.12,,1618000.0
2011-02-08,10.1,10.22,10.06,10.22,,2129200.0
2011-02-09,10.18,10.23,10.13,10.21,,2112300.0
2011-02-10,10.13,10.28,10.13,10.26,,3289000.0
2011-02-11,10.2,10.28,10.18,10.27,,2457700.0
2011-02-14,10.27,10.29,10.2,10.26,,1243500.0
2011-02-15,10.23,10.33,10.18,10.31,,1350700.0
2011-02-16,10.35,10.39,10.24,10.26,,1443100.0
2011-02-17,10.21,10.45,10.1,10.38,,1702900.0
2011-02-18,10.38,10.44,10.29,10.44,,1333500.0
2011-02-22,10.33,10.38,10.13,10.15,,2104900.0
2011-02-23,10.16,10.18,9.9,10.0,,2274300.0
2011-02-24,10.01,10.01,9.44,9.73,,5359400.0
2011-02-25,9.79,10.03,9.77,10.03,,2765300.0
2011-02-28,10.06,10.11,9.96,10.01,,2306500.0
2011-03-01,10.04,10.06,9.77,9.82,,1416200.0
2011-03-02,9.83,9.88,9.69,9.79,,1614300.0
2011-03-03,9.89,9.98,9.8,9.85,,1803700.0
2011-03-04,9.83,9.83,9.61,9.7,,1352300.0
2011-03-07,9.77,10.01,9.73,9.88,,3010100.0
2011-03-08,9.89,10.21,9.88,10.13,,1998700.0
2011-03-09,10.09,10.15,9.97,10.12,,1524900.0
2011-03-10,11.24,11.76,10.61,10.64,,12016200.0
2011-03-11,10.66,10.98,10.66,10.93,,4254400.0
2011-03-14,10.86,10.96,10.78,10.94,,2108900.0
2011-03-15,10.63,10.99,10.63,10.93,,3998300.0
2011-03-16,10.91,10.98,10.74,10.87,,3170600.0
2011-03-17,11.0,11.08,10.89,10.97,,3477200.0
2011-03-18,11.07,11.14,10.98,11.04,,3586600.0
2011-03-21,11.14,11.14,11.06,11.1,,1388000.0
2011-03-22,11.07,11.37,11.06,11.36,,3124700.0
2011-03-23,11.33,12.03,11.32,11.96,,7051400.0
2011-03-24,12.02,12.13,11.94,12.06,,6540000.0
2011-03-25,12.03,12.11,11.98,12.0,,3415000.0
2011-03-28,11.99,12.07,11.94,11.95,,2399100.0
2011-03-29,11.95,12.2,11.94,12.17,,2469300.0
2011-03-30,12.18,12.21,12.04,12.1,,1851700.0
2011-03-31,12.05,12.13,11.98,12.09,,2974500.0
2011-04-01,12.09,12.21,12.07,12.21,,2642700.0
2011-04-04,12.17,12.62,12.12,12.56,,3404600.0
2011-04-05,12.51,12.75,12.48,12.68,,2725100.0
2011-04-06,12.69,13.04,12.64,12.98,,3293500.0
2011-04-07,12.9,12.97,12.73,12.85,,6461800.0
2011-04-08,12.9,13.11,12.82,12.92,,2337200.0
2011-04-11,12.9,12.93,12.7,12.77,,2320300.0
2011-04-12,12.7,12.81,12.67,12.71,,1177600.0
2011-04-13,12.7,12.82,12.7,12.76,,1582100.0
2011-04-14,13.16,13.42,13.07,13.4,,10652800.0
2011-04-15,13.42,13.43,13.26,13.37,,2443300.0
2011-04-18,13.16,13.2,13.0,13.13,,4687200.0
2011-04-19,13.56,13.74,13.29,13.51,,17544800.0
2011-04-20,13.73,13.74,12.76,12.78,,13664000.0
2011-04-21,12.77,12.87,12.17,12.31,,9166400.0
2011-04-25,12.29,12.33,12.09,12.29,,3465900.0
2011-04-26,12.26,12.45,12.24,12.32,,2488600.0
2011-04-27,12.31,12.43,12.21,12.26,,2559600.0
2011-04-28,12.17,12.38,12.17,12.26,,2729000.0
2011-04-29,12.25,12.37,12.18,12.33,,2671300.0
2011-05-02,12.34,12.5,12.33,12.47,,2688200.0
2011-05-03,12.4,12.54,12.33,12.46,,3170400.0
2011-05-04,12.44,12.57,12.39,12.43,,2198700.0
2011-05-05,12.39,12.44,12.25,12.29,,2083000.0
2011-05-06,12.37,12.45,12.2,12.26,,2556800.0
2011-05-09,12.28,12.5,12.16,12.47,,2215800.0
2011-05-10,12.5,12.7,12.44,12.62,,2444600.0
2011-05-11,12.65,12.75,12.48,12.64,,2242400.0
2011-05-12,12.59,12.79,12.5,12.77,,2434500.0
2011-05-13,12.75,12.75,12.48,12.56,,1557200.0
2011-05-16,12.66,12.91,12.6,12.65,,1688800.0
2011-05-17,12.7,12.82,12.62,12.75,,1899500.0
2011-05-18,12.72,12.85,12.67,12.85,,1200800.0
2011-05-19,12.88,12.89,12.63,12.73,,1938500.0
2011-05-20,12.71,12.84,12.59,12.78,,1912000.0
2011-05-23,12.63,12.8,12.57,12.73,,1447600.0
2011-05-24,12.73,12.79,12.7,12.72,,1444800.0
2011-05-25,12.67,12.82,12.61,12.81,,1742200.0
2011-05-26,12.78,13.09,12.73,13.05,,1581100.0
2011-05-27,13.05,13.2,13.05,13.16,,1454900.0
2011-05-31,13.2,13.28,13.12,13.17,,2157800.0
2011-06-01,13.1,13.14,12.8,12.84,,2887100.0
2011-06-02,12.82,12.92,12.78,12.86,,1405800.0
2011-06-03,12.68,12.81,12.57,12.64,,1665800.0
2011-06-06,12.59,12.68,12.38,12.42,,1789300.0
2011-06-07,12.47,12.59,12.37,12.47,,1023500.0
2011-06-08,12.44,12.54,12.35,12.44,,1054200.0
2011-06-09,12.46,12.62,12.38,12.56,,869700.0
2011-06-10,12.5,12.56,12.34,12.35,,2079700.0
2011-06-13,12.41,12.62,12.38,12.49,,2811800.0
2011-06-14,12.61,12.76,12.57,12.6,,1773800.0
2011-06-15,12.53,12.62,12.38,12.49,,1821200.0
2011-06-16,12.52,12.61,12.32,12.44,,1981500.0
2011-06-17,12.55,12.78,12.54,12.6,,1843400.0
2011-06-20,12.58,12.78,12.58,12.72,,851300.0
2011-06-21,12.77,12.98,12.74,12.91,,1675800.0
2011-06-22,12.92,13.03,12.83,12.88,,1235200.0
2011-06-23,12.76,12.96,12.68,12.94,,1318600.0
2011-06-24,12.92,13.0,12.73,12.81,,1414900.0
2011-06-27,12.81,13.03,12.79,12.89,,1140000.0
2011-06-28,12.91,13.09,12.84,13.05,,1280900.0
2011-06-29,13.1,13.18,13.05,13.13,,1013100.0
2011-06-30,13.14,13.33,13.13,13.3,,4292600.0
2011-07-01,13.28,13.48,13.27,13.42,,1959400.0
2011-07-05,13.38,13.57,13.34,13.51,,1786900.0
2011-07-06,13.52,13.67,13.41,13.65,,3138700.0
2011-07-07,13.65,13.86,13.63,13.81,,1671700.0
2011-07-08,13.67,13.83,13.64,13.81,,2294100.0
2011-07-11,13.67,13.81,13.65,13.69,,2016600.0
2011-07-12,13.64,13.84,13.63,13.74,,2183700.0
2011-07-13,13.79,13.96,13.76,13.79,,2164600.0
2011-07-14,13.79,13.94,13.6,13.7,,3025600.0
2011-07-15,13.75,13.75,13.33,13.47,,2612200.0
2011-07-18,13.51,13.51,13.21,13.31,,1364100.0
2011-07-19,13.34,13.54,13.32,13.51,,1289500.0
2011-07-20,13.55,13.6,13.42,13.45,,946300.0
2011-07-21,13.52,13.72,13.51,13.56,,1806300.0
2011-07-22,13.57,13.64,13.5,13.53,,973800.0
2011-07-25,13.42,13.59,13.37,13.51,,1375100.0
2011-07-26,13.46,13.54,13.37,13.4,,1690200.0
2011-07-27,13.33,13.33,12.93,13.05,,3156200.0
2011-07-28,13.03,13.2,12.31,12.36,,6909400.0
2011-07-29,12.27,12.44,12.1,12.34,,2486400.0
2011-08-01,12.44,12.51,12.22,12.26,,2833500.0
2011-08-02,12.16,12.38,12.02,12.03,,3239700.0
2011-08-03,12.05,12.22,11.94,12.19,,2882000.0
2011-08-04,12.06,12.11,11.73,11.89,,4558700.0
2011-08-05,12.02,12.08,11.7,11.91,,5336600.0
2011-08-08,11.67,11.81,10.89,10.89,,6013000.0
2011-08-09,11.0,11.45,10.8,11.44,,5881000.0
2011-08-10,11.25,11.6,11.13,11.18,,3705200.0
2011-08-11,11.25,12.1,11.25,11.95,,3504100.0
2011-08-12,12.0,12.26,12.0,12.14,,2023800.0
2011-08-15,12.22,12.5,12.16,12.5,,1761400.0
2011-08-16,12.36,12.61,12.33,12.48,,2044200.0
2011-08-17,12.54,12.67,12.37,12.46,,1632000.0
2011-08-18,12.14,12.23,11.7,11.79,,3190300.0
2011-08-19,11.65,12.0,11.64,11.74,,1765900.0
2011-08-22,11.88,11.95,11.71,11.84,,1455600.0
2011-08-23,11.89,12.39,11.85,12.37,,2098100.0
2011-08-24,12.29,12.52,12.26,12.49,,1971300.0
2011-08-25,12.46,12.51,12.1,12.17,,1644900.0
2011-08-26,12.06,12.37,11.89,12.32,,2523800.0
2011-08-29,12.51,12.68,12.48,12.64,,2173200.0
2011-08-30,12.58,12.79,12.51,12.68,,2441200.0
2011-08-31,12.81,12.83,12.56,12.69,,2386700.0
2011-09-01,12.67,12.9,12.66,12.7,,2155600.0
2011-09-02,12.48,12.48,12.25,12.3,,1685400.0
2011-09-06,11.95,12.31,11.86,12.29,,2237700.0
2011-09-07,12.51,12.74,12.48,12.74,,2063500.0
2011-09-08,12.64,12.82,12.58,12.64,,1632700.0
2011-09-09,12.57,12.62,12.19,12.28,,1696700.0
2011-09-12,12.11,12.39,12.04,12.38,,1584200.0
2011-09-13,12.41,12.67,12.34,12.63,,1178200.0
2011-09-14,12.71,13.17,12.57,13.01,,2092200.0
2011-09-15,13.08,13.22,12.91,13.22,,1556800.0
2011-09-16,13.24,13.33,13.05,13.14,,2240900.0
2011-09-19,12.88,13.26,12.83,13.19,,1287400.0
2011-09-20,13.26,13.56,13.18,13.18,,1609600.0
2011-09-21,13.15,13.26,12.64,12.65,,1410500.0
2011-09-22,12.32,12.44,12.02,12.18,,2074600.0
2011-09-23,12.18,12.18,11.94,12.05,,1702200.0
2011-09-26,12.12,12.59,12.05,12.54,,2039500.0
2011-09-27,12.81,13.01,12.71,12.79,,1223900.0
2011-09-28,12.82,12.96,12.59,12.63,,1264500.0
2011-09-29,12.86,12.93,12.42,12.7,,1110000.0
2011-09-30,12.55,12.77,12.43,12.43,,2203300.0
2011-10-03,12.33,12.53,11.93,11.93,,1836800.0
2011-10-04,11.63,11.96,11.46,11.92,,4544400.0
2011-10-05,11.94,11.94,11.68,11.74,,6253000.0
2011-10-06,11.74,11.77,11.33,11.58,,8407100.0
2011-10-07,11.66,11.82,11.48,11.64,,3680100.0
2011-10-10,11.87,11.96,11.7,11.96,,3326400.0
2011-10-11,11.85,11.96,11.82,11.87,,2016200.0
2011-10-12,11.94,12.31,11.92,12.23,,1796700.0
2011-10-13,12.16,12.33,12.08,12.3,,1225100.0
2011-10-14,12.41,12.58,12.37,12.56,,1334400.0
2011-10-17,12.52,12.71,12.44,12.47,,1549600.0
2011-10-18,12.44,12.81,12.34,12.74,,1495000.0
2011-10-19,12.9,12.9,12.49,12.52,,1265500.0
2011-10-20,12.54,12.69,12.47,12.65,,976000.0
2011-10-21,12.79,12.9,12.74,12.88,,1810600.0
2011-10-24,12.9,13.1,12.87,13.05,,1229400.0
2011-10-25,12.98,13.07,12.72,12.74,,1173000.0
2011-10-26,12.87,12.93,12.58,12.84,,1724300.0
2011-10-27,13.25,13.25,12.21,12.4,,3592200.0
2011-10-28,12.29,12.42,12.03,12.27,,2135000.0
2011-10-31,12.13,12.34,12.04,12.16,,2501200.0
2011-11-01,11.79,11.91,11.73,11.78,,4242300.0
2011-11-02,12.03,12.03,11.83,11.88,,2633000.0
2011-11-03,11.96,12.03,11.85,11.98,,2895500.0
2011-11-04,11.88,11.97,11.79,11.88,,1957000.0
2011-11-07,11.88,11.94,11.75,11.92,,2258400.0
2011-11-08,12.0,12.04,11.79,11.9,,2108300.0
2011-11-09,11.66,11.76,11.5,11.56,,2264600.0
2011-11-10,11.69,11.77,11.58,11.64,,2096300.0
2011-11-11,11.8,11.9,11.79,11.88,,1893500.0
2011-11-14,11.87,11.89,11.74,11.78,,1860400.0
2011-11-15,11.72,11.91,11.72,11.86,,1291300.0
2011-11-16,11.75,11.85,11.71,11.75,,4129200.0
2011-11-17,11.73,11.81,11.57,11.66,,1960600.0
2011-11-18,11.73,11.75,11.6,11.64,,1659400.0
2011-11-21,11.52,11.56,11.39,11.46,,2510600.0
2011-11-22,11.45,11.5,11.33,11.36,,1445100.0
2011-11-23,11.26,11.34,11.14,11.23,,1888100.0
2011-11-25,11.19,11.34,11.17,11.23,,616400.0
2011-11-28,11.46,11.66,11.41,11.53,,2026900.0
2011-11-29,11.59,11.77,11.59,11.65,,2249600.0
2011-11-30,11.96,11.98,11.84,11.94,,2762700.0
2011-12-01,11.96,11.96,11.63,11.64,,3259800.0
2011-12-02,11.75,11.88,11.68,11.75,,1969600.0
2011-12-05,11.91,11.94,11.77,11.86,,2958400.0
2011-12-06,11.89,11.98,11.79,11.87,,2364500.0
2011-12-07,11.82,11.82,11.55,11.7,,1949200.0
2011-12-08,11.63,11.72,11.52,11.53,,1920000.0
2011-12-09,11.55,11.8,11.53,11.76,,1652600.0
2011-12-12,11.66,11.71,11.53,11.6,,1127400.0
2011-12-13,11.69,11.75,11.52,11.58,,1519500.0
2011-12-14,11.52,11.58,11.41,11.5,,1401600.0
2011-12-15,11.58,11.72,11.58,11.65,,1510400.0
2011-12-16,11.75,11.9,11.72,11.86,,3407400.0
2011-12-19,11.92,12.05,11.75,11.81,,1623000.0
2011-12-20,11.97,12.25,11.95,12.17,,2054300.0
2011-12-21,12.18,12.23,12.0,12.14,,1773000.0
2011-12-22,12.21,12.27,12.16,12.18,,1461100.0
2011-12-23,12.19,12.22,12.07,12.18,,1722400.0
2011-12-27,12.19,12.22,12.07,12.14,,1408700.0
2011-12-28,12.18,12.3,12.07,12.16,,1267300.0
2011-12-29,12.2,12.3,12.2,12.29,,882400.0
2011-12-30,12.26,12.3,12.2,12.21,,827100.0
2012-01-03,12.37,12.41,12.28,12.29,,1789300.0
2012-01-04,12.23,12.36,12.2,12.35,,1718200.0
2012-01-05,12.28,12.42,12.24,12.36,,1239300.0
2012-01-06,12.35,12.56,12.31,12.53,,1181900.0
2012-01-09,12.53,12.57,12.39,12.47,,1055900.0
2012-01-10,12.55,12.73,12.54,12.71,,1091600.0
2012-01-11,12.64,12.66,12.5,12.52,,952800.0
2012-01-12,12.53,12.58,12.39,12.49,,1024800.0
2012-01-13,12.45,12.64,12.44,12.5,,1037000.0
2012-01-17,12.64,12.67,12.5,12.56,,1236500.0
2012-01-18,12.54,12.68,12.51,12.65,,1435300.0
2012-01-19,12.68,12.73,12.62,12.69,,739000.0
2012-01-20,12.69,12.78,12.6,12.65,,1306600.0
2012-01-23,12.62,12.73,12.48,12.51,,696900.0
2012-01-24,12.49,12.56,12.42,12.49,,590400.0
2012-01-25,12.49,12.62,12.4,12.59,,698400.0
2012-01-26,12.64,12.7,12.36,12.38,,888300.0
2012-01-27,12.34,12.4,12.27,12.31,,1102200.0
2012-01-30,12.24,12.29,12.16,12.26,,902200.0
2012-01-31,12.3,12.36,12.2,12.22,,944500.0
2012-02-01,12.31,12.34,12.2,12.23,,1076700.0
2012-02-02,12.22,12.37,12.18,12.19,,729700.0
2012-02-03,12.3,12.34,12.2,12.23,,773300.0
2012-02-06,12.16,12.27,12.1,12.13,,815500.0
2012-02-07,12.08,12.27,12.02,12.24,,622600.0
2012-02-08,12.24,12.27,12.18,12.24,,523400.0
2012-02-09,12.25,12.32,12.12,12.22,,1436000.0
2012-02-10,12.15,12.24,12.06,12.08,,736800.0
2012-02-13,12.14,12.24,12.07,12.2,,807900.0
2012-02-14,12.15,12.21,12.05,12.11,,855300.0
2012-02-15,12.13,12.16,11.97,12.02,,746700.0
2012-02-16,12.0,12.08,11.95,12.06,,1487500.0
2012-02-17,12.12,12.27,12.12,12.26,,1558400.0
2012-02-21,12.26,12.34,12.11,12.13,,1137700.0
2012-02-22,12.2,12.32,12.16,12.22,,1480100.0
2012-02-23,12.0,12.0,11.49,11.99,,4345600.0
2012-02-24,11.99,12.48,11.97,12.46,,3091900.0
2012-02-27,12.41,12.76,12.33,12.52,,2732500.0
2012-02-28,12.53,12.56,12.24,12.27,,1460100.0
2012-02-29,12.27,12.45,12.24,12.31,,3998600.0
2012-03-01,12.32,12.46,12.18,12.22,,1897700.0
2012-03-02,12.19,12.28,12.05,12.05,,1104000.0
2012-03-05,12.0,12.03,11.66,11.67,,2450500.0
2012-03-06,11.6,11.64,11.43,11.44,,2252400.0
2012-03-07,11.43,11.49,11.38,11.44,,1996200.0
2012-03-08,11.51,11.57,11.41,11.43,,1603300.0
2012-03-09,11.46,11.48,11.4,11.41,,1773200.0
2012-03-12,11.43,11.46,11.32,11.45,,1734200.0
2012-03-13,11.49,11.55,11.44,11.52,,1955100.0
2012-03-14,11.48,11.51,11.41,11.49,,2002900.0
2012-03-15,11.51,11.57,11.47,11.54,,3245900.0
2012-03-16,11.53,11.59,11.47,11.57,,5603000.0
2012-03-19,11.57,11.66,11.51,11.62,,1230500.0
2012-03-20,11.59,11.62,11.55,11.57,,1572300.0
2012-03-21,11.65,11.73,11.61,11.65,,2202300.0
2012-03-22,11.59,11.61,11.41,11.45,,1586000.0
2012-03-23,11.44,11.46,11.33,11.4,,1001800.0
2012-03-26,11.48,11.57,11.44,11.55,,1177900.0
2012-03-27,11.54,11.67,11.53,11.64,,1116100.0
2012-03-28,11.6,11.64,11.37,11.43,,1226000.0
2012-03-29,11.36,11.49,11.36,11.48,,1475200.0
2012-03-30,11.49,11.53,11.46,11.51,,1603100.0
2012-04-02,11.49,11.58,11.44,11.55,,1121200.0
2012-04-03,11.56,11.64,11.51,11.52,,2072400.0
2012-04-04,11.46,11.5,11.4,11.5,,1199900.0
2012-04-05,11.45,11.54,11.4,11.54,,1719200.0
2012-04-09,11.44,11.57,11.43,11.54,,3014500.0
2012-04-10,11.52,11.54,11.39,11.42,,3251700.0
2012-04-11,11.49,11.58,11.45,11.55,,1440700.0
2012-04-12,11.57,11.82,11.5,11.81,,2618100.0
2012-04-13,11.8,11.9,11.76,11.85,,1827900.0
2012-04-16,11.92,11.94,11.75,11.8,,2046900.0
2012-04-17,11.83,11.94,11.78,11.82,,1357500.0
2012-04-18,11.76,11.79,11.64,11.68,,1137900.0
2012-04-19,11.7,11.83,11.62,11.81,,1465100.0
2012-04-20,11.83,12.06,11.83,12.06,,1823600.0
2012-04-23,11.96,11.98,11.82,11.98,,1764500.0
2012-04-24,12.0,12.0,11.93,11.96,,2298800.0
2012-04-25,12.07,12.1,12.01,12.06,,1484000.0
2012-04-26,11.95,12.17,11.67,12.05,,3064800.0
2012-04-27,12.06,12.29,11.97,12.27,,1859100.0
2012-04-30,12.27,12.27,12.12,12.14,,1233000.0
2012-05-01,12.14,12.28,12.08,12.18,,2059300.0
2012-05-02,12.16,12.46,12.14,12.43,,4526000.0
2012-05-03,12.44,12.47,12.3,12.36,,2565300.0
2012-05-04,12.56,12.56,12.39,12.5,,2230700.0
2012-05-07,12.5,12.72,12.48,12.7,,2360900.0
2012-05-08,12.64,12.72,12.43,12.53,,1500100.0
2012-05-09,12.43,12.51,12.33,12.39,,1637500.0
2012-05-10,12.48,12.54,12.27,12.32,,2988200.0
2012-05-11,12.3,12.44,12.25,12.37,,1236600.0
2012-05-14,12.28,12.33,12.2,12.24,,952300.0
2012-05-15,12.24,12.26,12.02,12.07,,2346900.0
2012-05-16,12.14,12.2,11.92,11.95,,1885900.0
2012-05-17,11.96,11.96,11.62,11.65,,1840800.0
2012-05-18,11.68,11.68,11.36,11.4,,2857900.0
2012-05-21,11.48,11.54,11.38,11.47,,1882100.0
2012-05-22,11.49,11.55,11.37,11.43,,1859500.0
2012-05-23,11.37,11.63,11.34,11.61,,1546300.0
2012-05-24,11.61,11.77,11.58,11.66,,1840700.0
2012-05-25,11.65,11.78,11.65,11.71,,810200.0
2012-05-29,11.78,11.92,11.71,11.76,,1453500.0
2012-05-30,11.69,11.72,11.48,11.48,,1280400.0
2012-05-31,11.51,11.51,11.2,11.33,,2785300.0
2012-06-01,11.19,11.26,10.94,11.01,,2567500.0
2012-06-04,10.99,11.03,10.83,10.96,,1742500.0
2012-06-05,10.94,11.42,10.94,11.35,,3221900.0
2012-06-06,12.74,12.92,12.28,12.92,,10879300.0
2012-06-07,12.97,13.07,12.74,12.83,,4965900.0
2012-06-08,12.79,13.1,12.76,13.08,,2474600.0
2012-06-11,13.26,13.31,13.0,13.0,,2764200.0
2012-06-12,13.04,13.09,12.88,13.04,,2413300.0
2012-06-13,12.96,13.24,12.96,13.13,,3728600.0
2012-06-14,13.1,13.18,13.03,13.11,,3920000.0
2012-06-15,13.14,13.26,13.08,13.26,,1931400.0
2012-06-18,13.2,13.35,13.12,13.22,,1878100.0
2012-06-19,13.23,13.39,13.18,13.27,,2827600.0
2012-06-20,13.34,13.34,13.13,13.3,,1538500.0
2012-06-21,13.3,13.3,13.07,13.11,,1316300.0
2012-06-22,13.15,13.22,13.06,13.21,,1635700.0
2012-06-25,13.22,13.3,12.99,13.17,,1657600.0
2012-06-26,13.09,13.18,13.02,13.09,,1072300.0
2012-06-27,13.15,13.26,13.1,13.12,,1211100.0
2012-06-28,13.06,13.07,12.86,13.03,,2423500.0
2012-06-29,13.26,13.32,13.18,13.28,,2174300.0
2012-07-02,13.26,13.3,13.11,13.12,,1345500.0
2012-07-03,13.13,13.18,13.03,13.05,,823800.0
2012-07-05,13.01,13.27,12.98,13.21,,1082900.0
2012-07-06,13.09,13.09,12.94,12.99,,911900.0
2012-07-09,12.93,12.99,12.88,12.99,,855600.0
2012-07-10,13.03,13.03,12.64,12.71,,1778100.0
2012-07-11,12.74,12.78,12.49,12.58,,2061500.0
2012-07-12,12.57,12.65,12.46,12.59,,2967400.0
2012-07-13,12.63,12.82,12.61,12.8,,811900.0
2012-07-16,12.76,12.78,12.6,12.7,,668400.0
2012-07-17,12.7,12.88,12.62,12.86,,1745800.0
2012-07-18,12.83,13.0,12.78,12.9,,1236700.0
2012-07-19,12.9,13.09,12.77,13.0,,1535700.0
2012-07-20,12.88,12.9,12.7,12.77,,1407200.0
2012-07-23,12.57,12.72,12.49,12.7,,1303900.0
2012-07-24,12.67,12.73,12.51,12.58,,1840400.0
2012-07-25,12.63,12.69,12.54,12.61,,841400.0
2012-07-26,12.75,13.04,12.69,13.02,,1438200.0
2012-07-27,13.06,13.32,12.9,13.2,,1201100.0
2012-07-30,13.14,13.22,12.97,13.06,,868100.0
2012-07-31,13.01,13.02,12.89,12.98,,658200.0
2012-08-01,13.02,13.05,12.89,12.99,,876200.0
2012-08-02,12.8,12.92,12.71,12.89,,876200.0
2012-08-03,13.06,13.24,13.03,13.23,,945200.0
2012-08-06,13.24,13.3,13.15,13.2,,590400.0
2012-08-07,13.26,13.38,13.22,13.37,,972200.0
2012-08-08,13.28,13.44,13.23,13.44,,1262600.0
2012-08-09,13.35,13.51,13.34,13.43,,872600.0
2012-08-10,13.38,13.59,13.33,13.58,,666500.0
2012-08-13,13.53,13.6,13.44,13.54,,535200.0
2012-08-14,13.61,13.63,13.44,13.46,,1039900.0
2012-08-15,13.47,13.56,13.44,13.46,,2248800.0
2012-08-16,13.45,13.49,13.38,13.44,,1158500.0
2012-08-17,13.48,13.54,13.43,13.51,,913500.0
2012-08-20,13.48,13.48,13.32,13.38,,587100.0
2012-08-21,13.4,13.41,13.27,13.3,,1027100.0
2012-08-22,13.3,13.32,13.2,13.24,,807400.0
2012-08-23,13.28,13.42,13.09,13.11,,992200.0
2012-08-24,13.07,13.19,13.06,13.12,,1197800.0
2012-08-27,13.12,13.16,12.95,12.97,,902000.0
2012-08-28,12.93,13.02,12.92,12.95,,1139700.0
2012-08-29,12.93,13.33,12.92,13.3,,2783200.0
2012-08-30,13.23,13.3,13.1,13.28,,1350600.0
2012-08-31,13.31,13.35,13.1,13.22,,1579500.0
2012-09-04,13.19,13.19,13.01,13.12,,1011000.0
2012-09-05,13.1,13.18,12.92,13.09,,754800.0
2012-09-06,13.15,13.32,13.11,13.3,,974600.0
2012-09-07,13.3,13.31,13.24,13.3,,910500.0
2012-09-10,13.36,13.36,13.14,13.26,,797900.0
2012-09-11,13.23,13.28,13.12,13.15,,732700.0
2012-09-12,13.22,13.34,13.19,13.33,,1137400.0
2012-09-13,13.31,13.33,13.2,13.27,,1652200.0
2012-09-14,13.25,13.42,13.24,13.42,,1267700.0
2012-09-17,13.34,13.49,13.2,13.4,,1177000.0
2012-09-18,13.41,13.47,13.33,13.41,,965800.0
2012-09-19,13.42,13.58,13.38,13.56,,1114100.0
2012-09-20,13.46,13.63,13.44,13.62,,1049200.0
2012-09-21,13.76,13.77,13.64,13.77,,3500500.0
2012-09-24,13.73,13.88,13.66,13.84,,1401200.0
2012-09-25,13.84,13.88,13.63,13.67,,2355500.0
2012-09-26,13.66,13.74,13.56,13.65,,1320000.0
2012-09-27,13.69,13.75,13.58,13.66,,1045000.0
2012-09-28,13.63,13.87,13.53,13.86,,1563700.0
2012-10-01,13.87,13.91,13.62,13.69,,951400.0
2012-10-02,13.75,13.89,13.72,13.85,,1179100.0
2012-10-03,13.91,14.06,13.88,13.99,,919300.0
2012-10-04,14.06,14.21,14.02,14.06,,1658500.0
2012-10-05,14.12,14.25,14.11,14.19,,1196700.0
2012-10-08,14.18,14.21,14.09,14.18,,733100.0
2012-10-09,14.17,14.21,14.06,14.13,,880700.0
2012-10-10,14.11,14.11,13.9,13.95,,1335300.0
2012-10-11,14.02,14.9,13.93,14.61,,5128500.0
2012-10-12,14.52,14.59,14.31,14.32,,2073200.0
2012-10-15,14.34,14.62,14.13,14.6,,1992300.0
2012-10-16,14.69,14.88,14.59,14.82,,1600600.0
2012-10-17,14.83,15.31,14.83,15.31,,2500300.0
2012-10-18,15.31,15.6,15.2,15.37,,2249800.0
2012-10-19,15.39,15.64,15.32,15.51,,2309100.0
2012-10-22,15.44,15.47,15.22,15.33,,1063900.0
2012-10-23,15.19,15.28,15.1,15.22,,1208600.0
2012-10-24,15.29,15.3,15.18,15.21,,799300.0
2012-10-25,15.32,15.39,15.2,15.33,,737800.0
2012-10-26,15.31,15.54,15.22,15.47,,1019600.0
2012-10-31,15.54,15.89,15.51,15.75,,2403900.0
2012-11-01,15.69,16.07,15.55,16.02,,3069400.0
2012-11-02,16.07,16.15,15.82,15.82,,1272300.0
2012-11-05,15.76,15.87,15.72,15.84,,804700.0
2012-11-06,15.89,15.96,15.74,15.84,,1543300.0
2012-11-07,15.72,15.8,15.53,15.59,,1090000.0
2012-11-08,15.59,15.68,15.45,15.5,,996400.0
2012-11-09,15.48,15.72,15.47,15.56,,1013600.0
2012-11-12,15.56,15.67,15.43,15.45,,1209900.0
2012-11-13,15.4,15.56,15.26,15.29,,1745700.0
2012-11-14,15.3,15.39,15.07,15.11,,902700.0
2012-11-15,15.11,15.13,14.82,14.84,,1632100.0
2012-11-16,14.86,15.05,14.81,14.88,,1652000.0
2012-11-19,15.02,15.16,14.76,15.16,,3376100.0
2012-11-20,15.16,15.19,14.99,15.06,,613800.0
2012-11-21,15.05,15.13,14.7,14.83,,2362000.0
2012-11-23,14.9,14.98,14.83,14.84,,976200.0
2012-11-26,14.8,14.86,14.56,14.57,,2992900.0
2012-11-27,14.61,14.69,14.43,14.52,,3464300.0
2012-11-28,14.53,14.53,14.33,14.38,,2267000.0
2012-11-29,14.44,14.56,14.32,14.33,,2321300.0
2012-11-30,14.35,14.42,14.28,14.38,,1950700.0
2012-12-03,14.46,14.55,14.31,14.4,,2253500.0
2012-12-04,14.38,14.43,14.22,14.32,,2022700.0
2012-12-05,14.37,14.39,14.23,14.32,,1100300.0
2012-12-06,14.29,14.31,14.16,14.2,,1791900.0
2012-12-07,14.24,14.38,13.99,14.26,,6285900.0
2012-12-10,14.27,14.29,14.15,14.2,,1468400.0
2012-12-11,14.23,14.24,14.12,14.19,,1898800.0
2012-12-12,14.22,14.31,14.16,14.22,,1145900.0
2012-12-13,14.23,14.23,13.95,13.98,,1480300.0
2012-12-14,13.95,14.11,13.88,14.08,,1234700.0
2012-12-17,14.12,14.14,14.01,14.09,,1010200.0
2012-12-18,14.09,14.24,14.01,14.23,,1089200.0
2012-12-19,14.23,14.26,14.13,14.16,,1104300.0
2012-12-20,14.14,14.25,14.02,14.22,,842000.0
2012-12-21,14.02,14.55,14.0,14.43,,3037900.0
2012-12-24,14.37,14.59,14.27,14.3,,582700.0
2012-12-26,14.3,14.37,14.19,14.23,,905900.0
2012-12-27,14.22,14.27,14.06,14.2,,1544700.0
2012-12-28,14.1,14.32,14.06,14.08,,1559200.0
2012-12-31,14.07,14.3,14.02,14.25,,1090000.0
2013-01-02,14.43,14.72,14.43,14.72,,1438400.0
2013-01-03,14.75,15.07,14.74,14.99,,1769400.0
2013-01-04,15.0,15.25,15.0,15.24,,1488300.0
2013-01-07,15.15,15.23,15.09,15.15,,865100.0
2013-01-08,15.11,15.16,14.96,14.96,,665800.0
2013-01-09,14.97,15.01,14.88,14.92,,1058000.0
2013-01-10,14.94,15.2,14.82,15.19,,1983600.0
2013-01-11,15.23,15.3,15.05,15.07,,1092100.0
2013-01-14,15.08,15.15,14.97,15.14,,768900.0
2013-01-15,15.07,15.43,15.07,15.43,,1313900.0
2013-01-16,15.37,15.39,15.3,15.34,,970200.0
2013-01-17,15.39,15.59,15.38,15.55,,1401500.0
2013-01-18,15.58,15.71,15.47,15.7,,1455500.0
2013-01-22,15.67,15.76,15.6,15.76,,1103200.0
2013-01-23,15.78,15.83,15.57,15.82,,1147400.0
2013-01-24,15.81,15.9,15.67,15.73,,931000.0
2013-01-25,15.77,15.82,15.66,15.74,,1089900.0
2013-01-28,15.72,15.77,15.55,15.67,,724200.0
2013-01-29,15.64,15.73,15.56,15.72,,1151100.0
2013-01-30,15.73,15.86,15.67,15.8,,1458000.0
2013-01-31,15.74,15.81,15.64,15.7,,2401200.0
2013-02-01,15.75,15.86,15.74,15.84,,1327400.0
2013-02-04,15.74,15.81,15.57,15.59,,1236900.0
2013-02-05,15.7,15.76,15.61,15.72,,1062100.0
2013-02-06,15.69,15.83,15.6,15.83,,1123400.0
2013-02-07,15.85,15.95,15.73,15.9,,1409600.0
2013-02-08,15.89,15.93,15.55,15.72,,1401100.0
2013-02-11,15.68,15.74,15.55,15.62,,852200.0
2013-02-12,15.59,15.88,15.58,15.82,,967000.0
2013-02-13,15.87,15.9,15.83,15.84,,670500.0
2013-02-14,15.83,15.94,15.82,15.86,,838700.0
2013-02-15,15.89,15.95,15.79,15.93,,1312800.0
2013-02-19,15.94,16.06,15.85,16.05,,1844300.0
2013-02-20,16.06,16.13,15.89,15.91,,1348600.0
2013-02-21,15.84,15.87,15.6,15.8,,2982100.0
2013-02-22,15.87,15.97,15.81,15.85,,1316900.0
2013-02-25,15.93,16.0,15.63,15.63,,1154500.0
2013-02-26,15.7,15.91,15.65,15.88,,1379000.0
2013-02-27,15.89,16.14,15.83,16.06,,1558400.0
2013-02-28,15.59,15.95,15.31,15.83,,2204600.0
2013-03-01,15.78,15.94,15.72,15.89,,1595100.0
2013-03-04,15.87,15.91,15.71,15.89,,1119700.0
2013-03-05,15.97,16.13,15.88,16.13,,1324700.0
2013-03-06,16.18,16.23,15.93,15.98,,1313800.0
2013-03-07,16.0,16.07,15.89,15.94,,693700.0
2013-03-08,16.01,16.06,15.89,16.01,,914400.0
2013-03-11,15.99,16.44,15.97,16.42,,1480200.0
2013-03-12,16.39,16.74,16.35,16.7,,1559100.0
2013-03-13,16.71,16.73,16.54,16.71,,1047900.0
2013-03-14,16.73,16.83,16.69,16.78,,823600.0
2013-03-15,16.71,16.76,16.52,16.7,,1802500.0
2013-03-18,16.56,16.76,16.51,16.71,,903000.0
2013-03-19,16.71,16.75,16.53,16.67,,985500.0
2013-03-20,16.71,16.82,16.6,16.65,,806300.0
2013-03-21,16.57,16.64,16.41,16.5,,789500.0
2013-03-22,16.55,16.63,16.38,16.44,,715300.0
2013-03-25,16.51,16.61,16.42,16.49,,888200.0
2013-03-26,16.56,16.65,16.41,16.51,,1685900.0
2013-03-27,16.39,16.54,16.34,16.49,,586000.0
2013-03-28,16.44,16.8,16.38,16.79,,1507600.0
2013-04-01,16.76,16.78,16.6,16.66,,941200.0
2013-04-02,16.69,16.9,16.69,16.77,,1143300.0
2013-04-03,16.77,16.83,16.51,16.69,,993000.0
2013-04-04,16.72,17.04,16.66,16.85,,1035600.0
2013-04-05,16.69,16.72,16.48,16.71,,683500.0
2013-04-08,16.7,16.85,16.62,16.85,,461500.0
2013-04-09,16.86,16.98,16.69,16.88,,539600.0
2013-04-10,16.93,17.24,16.83,17.18,,1100700.0
2013-04-11,17.18,17.49,17.12,17.47,,1405100.0
2013-04-12,17.43,17.46,17.07,17.2,,1851700.0
2013-04-15,17.14,17.2,16.76,16.76,,821900.0
2013-04-16,16.85,17.1,16.84,17.1,,909500.0
2013-04-17,17.0,17.0,16.63,16.85,,1120600.0
2013-04-18,16.9,16.94,16.68,16.88,,816600.0
2013-04-19,16.87,17.0,16.73,16.96,,890100.0
2013-04-22,16.99,17.11,16.81,17.02,,690700.0
2013-04-23,17.1,17.29,17.0,17.28,,970300.0
2013-04-24,17.31,17.38,17.17,17.21,,596600.0
2013-04-25,17.27,17.46,17.23,17.36,,791600.0
2013-04-26,17.34,17.46,17.21,17.32,,462600.0
2013-04-29,17.39,17.39,17.19,17.2,,652200.0
2013-04-30,17.16,17.51,17.06,17.51,,1097800.0
2013-05-01,17.48,17.53,17.18,17.4,,1261800.0
2013-05-02,17.39,17.75,17.37,17.72,,963000.0
2013-05-03,17.85,18.09,17.81,17.87,,1614600.0
2013-05-06,17.88,17.96,17.83,17.88,,693200.0
2013-05-07,17.9,18.0,17.83,17.99,,977800.0
2013-05-08,17.98,18.16,17.94,18.16,,712900.0
2013-05-09,18.12,18.33,18.12,18.25,,1332100.0
2013-05-10,18.28,18.31,18.24,18.29,,967600.0
2013-05-13,18.25,18.36,18.14,18.2,,996400.0
2013-05-14,18.24,18.29,18.1,18.18,,966900.0
2013-05-15,18.17,18.19,18.04,18.08,,935100.0
2013-05-16,18.03,18.1,17.74,17.76,,985100.0
2013-05-17,17.76,18.02,17.74,18.02,,864800.0
2013-05-20,18.04,18.09,17.64,17.68,,1136200.0
2013-05-21,17.68,17.88,17.64,17.82,,594500.0
2013-05-22,17.83,17.95,17.44,17.46,,713700.0
2013-05-23,17.37,17.41,17.11,17.12,,1683500.0
2013-05-24,17.09,17.11,16.93,16.98,,993300.0
2013-05-28,16.98,17.35,16.98,17.16,,1555300.0
2013-05-29,17.11,17.11,16.81,16.81,,917300.0
2013-05-30,16.83,16.96,16.81,16.81,,778000.0
2013-05-31,16.77,16.9,16.57,16.57,,1089400.0
2013-06-03,16.58,16.6,15.99,16.32,,2844400.0
2013-06-04,16.32,16.34,15.91,15.95,,3132400.0
2013-06-05,15.87,16.1,15.77,15.77,,1642900.0
2013-06-06,15.77,15.91,15.67,15.91,,1246500.0
2013-06-07,13.05,13.57,12.82,13.39,,17970700.0
2013-06-10,13.71,13.73,13.12,13.18,,6331800.0
2013-06-11,13.08,13.5,13.06,13.48,,4069100.0
2013-06-12,13.57,13.57,13.34,13.36,,2828000.0
2013-06-13,13.31,13.44,13.21,13.36,,2828000.0
2013-06-14,13.35,13.41,13.26,13.38,,2000300.0
2013-06-17,13.37,13.51,13.27,13.5,,3793400.0
2013-06-18,13.49,13.49,13.3,13.33,,2175700.0
2013-06-19,13.34,13.42,13.21,13.22,,1532000.0
2013-06-20,13.14,13.15,12.7,12.75,,3015300.0
2013-06-21,12.87,12.87,12.47,12.54,,3294500.0
2013-06-24,12.44,12.45,12.1,12.27,,2205400.0
2013-06-25,12.35,12.42,12.12,12.31,,2116900.0
2013-06-26,12.4,12.49,12.33,12.41,,1547000.0
2013-06-27,12.42,12.55,12.33,12.5,,1218500.0
2013-06-28,12.46,12.51,12.36,12.43,,1857000.0
2013-07-01,12.44,12.63,12.42,12.57,,2090000.0
2013-07-02,12.53,12.71,12.5,12.67,,1755900.0
2013-07-03,12.59,12.64,12.48,12.61,,779500.0
2013-07-05,12.64,12.67,12.47,12.54,,759100.0
2013-07-08,12.57,12.65,12.5,12.65,,890500.0
2013-07-09,12.71,12.81,12.64,12.78,,1714500.0
2013-07-10,12.78,12.83,12.72,12.78,,1290700.0
2013-07-11,12.89,13.47,12.88,13.46,,2445900.0
2013-07-12,13.47,13.53,13.15,13.19,,1534100.0
2013-07-15,13.16,13.29,13.11,13.26,,1532300.0
2013-07-16,13.24,13.49,13.23,13.42,,1486300.0
2013-07-17,13.41,13.53,13.39,13.49,,1186200.0
2013-07-18,13.46,13.58,13.43,13.53,,981800.0
2013-07-19,13.52,13.55,13.28,13.43,,1394900.0
2013-07-22,13.44,13.47,13.24,13.31,,1298300.0
2013-07-23,13.35,13.44,13.26,13.28,,778300.0
2013-07-24,13.28,13.33,13.03,13.15,,876000.0
2013-07-25,13.16,13.31,13.15,13.27,,688000.0
2013-07-26,13.22,13.28,12.95,13.01,,1348000.0
2013-07-29,13.01,13.08,12.96,13.04,,1509300.0
2013-07-30,13.1,13.14,12.92,12.98,,1170300.0
2013-07-31,12.98,13.15,12.95,12.99,,1412100.0
2013-08-01,12.83,13.25,12.71,13.04,,1794300.0
2013-08-02,12.99,13.21,12.98,13.2,,1398700.0
2013-08-05,13.15,13.33,13.14,13.31,,1214100.0
2013-08-06,13.31,13.33,13.14,13.21,,978600.0
2013-08-07,13.17,13.2,13.05,13.14,,1264400.0
2013-08-08,13.01,13.13,12.8,13.07,,2035900.0
2013-08-09,13.06,13.25,13.06,13.17,,1173900.0
2013-08-12,13.14,13.16,13.01,13.06,,1308600.0
2013-08-13,13.07,13.12,12.9,12.95,,1871200.0
2013-08-14,12.95,12.98,12.86,12.94,,1086800.0
2013-08-15,12.85,12.89,12.64,12.64,,1177200.0
2013-08-16,12.61,12.66,12.45,12.52,,913100.0
2013-08-19,12.5,12.5,12.31,12.49,,1573400.0
2013-08-20,12.5,12.63,12.44,12.6,,801000.0
2013-08-21,12.56,12.63,12.5,12.57,,997400.0
2013-08-22,12.57,12.59,12.42,12.48,,1178900.0
2013-08-23,12.55,12.67,12.54,12.62,,1162100.0
2013-08-26,12.61,12.71,12.58,12.61,,1093700.0
2013-08-27,12.48,12.5,12.39,12.43,,1578100.0
2013-08-28,12.45,12.52,12.39,12.41,,1557600.0
2013-08-29,12.36,12.46,12.31,12.32,,1213900.0
2013-08-30,12.31,12.32,12.01,12.05,,1630000.0
2013-09-03,12.12,12.21,11.98,12.05,,1459900.0
2013-09-04,12.07,12.29,12.06,12.28,,1501900.0
2013-09-05,12.28,12.31,12.02,12.02,,969700.0
2013-09-06,12.05,12.11,11.93,12.07,,1075100.0
2013-09-09,12.09,12.27,12.09,12.1,,2245300.0
2013-09-10,12.19,12.21,12.05,12.07,,1574000.0
2013-09-11,12.08,12.2,12.08,12.09,,1437000.0
2013-09-12,12.17,12.48,12.17,12.42,,3982400.0
2013-09-13,12.46,12.51,12.34,12.42,,1229000.0
2013-09-16,12.54,12.58,12.46,12.56,,2338200.0
2013-09-17,12.56,12.72,12.52,12.71,,1741900.0
2013-09-18,12.74,13.17,12.73,13.16,,2814900.0
2013-09-19,13.21,13.58,13.19,13.56,,2887000.0
2013-09-20,13.56,13.6,13.34,13.4,,2726400.0
2013-09-23,13.35,13.4,13.12,13.4,,2414500.0
2013-09-24,13.41,13.65,13.38,13.64,,3136700.0
2013-09-25,13.61,13.7,13.21,13.22,,2410500.0
2013-09-26,13.23,13.33,13.09,13.15,,1615600.0
2013-09-27,13.11,13.15,13.01,13.07,,939000.0
2013-09-30,12.98,12.98,12.72,12.74,,1645300.0
2013-10-01,12.73,12.82,12.67,12.72,,1217000.0
2013-10-02,12.68,12.68,12.48,12.54,,1443300.0
2013-10-03,12.5,12.51,12.25,12.26,,1349400.0
2013-10-04,12.26,12.36,12.18,12.31,,1541300.0
2013-10-07,12.23,12.42,12.19,12.35,,960600.0
2013-10-08,12.36,12.45,12.19,12.19,,2368400.0
2013-10-09,12.19,12.24,12.03,12.11,,948900.0
2013-10-10,12.23,12.46,12.07,12.19,,2427800.0
2013-10-11,11.96,12.0,11.8,11.93,,2651700.0
2013-10-14,12.03,12.1,11.87,12.02,,3967500.0
2013-10-15,12.02,12.04,11.92,11.97,,3621900.0
2013-10-16,12.02,12.1,11.96,12.05,,1997900.0
2013-10-17,12.0,12.26,11.97,12.25,,2325500.0
2013-10-18,12.26,12.5,12.23,12.5,,1884200.0
2013-10-21,12.52,12.6,12.44,12.52,,1530600.0
2013-10-22,12.56,12.71,12.53,12.65,,905600.0
2013-10-23,12.6,12.64,12.49,12.52,,791400.0
2013-10-24,12.52,12.62,12.48,12.61,,713400.0
2013-10-25,12.65,12.79,12.6,12.79,,974600.0
2013-10-28,12.77,12.84,12.54,12.56,,1070000.0
2013-10-29,12.6,12.67,12.48,12.52,,754700.0
2013-10-30,12.51,12.55,12.4,12.44,,1197300.0
2013-10-31,13.01,13.18,12.23,12.51,,1596100.0
2013-11-01,12.5,12.51,12.14,12.31,,2979000.0
2013-11-04,12.34,12.41,12.16,12.25,,1509300.0
2013-11-05,12.23,12.27,12.03,12.27,,1910100.0
2013-11-06,12.29,12.43,12.24,12.4,,1554200.0
2013-11-07,12.4,12.64,12.4,12.5,,1928700.0
2013-11-08,12.5,12.71,12.46,12.69,,1478200.0
2013-11-11,12.67,12.78,12.64,12.73,,898400.0
2013-11-12,12.72,12.77,12.67,12.73,,999800.0
2013-11-13,12.66,12.71,12.4,12.47,,1840000.0
2013-11-14,12.49,13.81,12.45,13.43,,5672800.0
2013-11-15,13.45,14.29,13.42,14.22,,7883900.0
2013-11-18,14.25,14.48,14.03,14.17,,2471200.0
2013-11-19,14.14,14.17,13.7,14.0,,2635900.0
2013-11-20,14.02,14.06,13.51,13.54,,1788900.0
2013-11-21,13.54,13.65,13.42,13.47,,2616000.0
2013-11-22,13.46,13.48,13.3,13.39,,1151500.0
2013-11-25,13.42,13.48,13.28,13.36,,1193900.0
2013-11-26,13.38,13.39,13.18,13.24,,1391600.0
2013-11-27,13.28,13.37,13.11,13.29,,1897900.0
2013-11-29,13.3,13.36,13.22,13.26,,468200.0
2013-12-02,13.26,13.31,13.12,13.21,,1254400.0
2013-12-03,13.14,13.26,13.02,13.12,,935700.0
2013-12-04,13.1,13.44,12.99,13.4,,2493600.0
2013-12-05,13.4,13.6,13.27,13.32,,1576800.0
2013-12-06,13.39,13.6,13.38,13.51,,1141300.0
2013-12-09,13.51,13.64,13.46,13.52,,1017000.0
2013-12-10,13.61,13.68,13.45,13.46,,818700.0
2013-12-11,13.46,13.88,13.42,13.76,,2723800.0
2013-12-12,13.7,13.78,13.53,13.7,,2053400.0
2013-12-13,13.73,13.97,13.71,13.91,,1331800.0
2013-12-16,13.92,14.05,13.79,13.92,,1711300.0
2013-12-17,13.81,13.9,13.55,13.61,,1674000.0
2013-12-18,13.6,13.93,13.51,13.84,,1993600.0
2013-12-19,13.84,13.96,13.71,13.78,,1276100.0
2013-12-20,13.83,14.07,13.79,14.06,,2445600.0
2013-12-23,14.09,14.33,14.05,14.19,,1729400.0
2013-12-24,14.16,14.55,14.07,14.53,,1094900.0
2013-12-26,14.56,14.65,14.4,14.55,,1108900.0
2013-12-27,14.61,14.61,14.42,14.53,,531700.0
2013-12-30,14.49,14.62,14.46,14.5,,861900.0
2013-12-31,14.56,14.61,14.33,14.44,,838700.0
2014-01-02,14.4,14.5,13.9,14.03,,2041100.0
2014-01-03,14.08,14.15,13.92,14.0,,1161600.0
2014-01-06,14.05,14.21,13.82,13.93,,1300700.0
2014-01-07,13.96,14.01,13.45,13.69,,3799700.0
2014-01-08,13.74,13.89,13.23,13.42,,4482200.0
2014-01-09,13.42,13.46,13.08,13.32,,2524700.0
2014-01-10,13.32,13.34,13.11,13.25,,2611300.0
2014-01-13,13.22,13.27,12.86,13.17,,4574900.0
2014-01-14,13.22,13.27,13.07,13.08,,2423000.0
2014-01-15,13.06,13.21,12.99,13.08,,8011300.0
2014-01-16,13.08,13.16,12.83,13.05,,3806300.0
2014-01-17,13.1,13.29,13.05,13.09,,2922400.0
2014-01-21,13.11,13.15,12.63,13.08,,2782600.0
2014-01-22,13.13,13.36,13.13,13.26,,1799700.0
2014-01-23,13.19,13.27,13.03,13.26,,1885700.0
2014-01-24,13.15,13.21,12.93,13.04,,4139800.0
2014-01-27,13.03,13.23,12.92,12.94,,2640500.0
2014-01-28,12.92,13.1,12.89,12.96,,1929500.0
2014-01-29,12.88,12.99,12.71,12.72,,1802400.0
2014-01-30,12.79,12.86,12.67,12.72,,1152000.0
2014-01-31,12.58,12.69,12.52,12.56,,2750100.0
2014-02-03,12.6,12.64,12.25,12.32,,3496300.0
2014-02-04,12.41,12.62,12.37,12.55,,2127100.0
2014-02-05,12.46,12.62,12.45,12.58,,1751900.0
2014-02-06,12.6,12.93,12.59,12.85,,2178300.0
2014-02-07,12.94,13.07,12.67,12.72,,2799400.0
2014-02-10,12.78,13.04,12.73,12.83,,3266800.0
2014-02-11,12.83,13.01,12.83,12.9,,1601100.0
2014-02-12,12.93,12.97,12.82,12.93,,1276200.0
2014-02-13,12.87,13.14,12.84,13.13,,1032600.0
2014-02-14,13.12,13.36,13.08,13.32,,1071400.0
2014-02-18,13.33,13.49,13.26,13.44,,1341800.0
2014-02-19,13.38,13.6,13.38,13.47,,1176500.0
2014-02-20,13.47,13.52,13.37,13.46,,1260400.0
2014-02-21,13.49,13.67,13.4,13.61,,1577200.0
2014-02-24,13.63,13.89,13.57,13.61,,1641300.0
2014-02-25,13.6,13.75,13.55,13.7,,1378500.0
2014-02-26,13.76,13.8,13.52,13.57,,1062600.0
2014-02-27,13.56,13.76,13.46,13.52,,2263500.0
2014-02-28,13.72,13.84,12.9,12.94,,3499800.0
2014-03-03,12.8,13.12,12.66,13.06,,2330200.0
2014-03-04,13.13,13.3,13.08,13.16,,1554200.0
2014-03-05,13.19,13.28,13.09,13.14,,968800.0
2014-03-06,13.16,13.16,13.0,13.09,,1111000.0
2014-03-07,13.12,13.37,13.1,13.23,,2432200.0
2014-03-10,13.21,13.4,13.21,13.38,,1668800.0
2014-03-11,13.39,13.47,13.09,13.13,,2137500.0
2014-03-12,13.07,13.23,12.99,13.23,,1150600.0
2014-03-13,13.26,13.33,13.07,13.12,,1442000.0
2014-03-14,13.12,13.3,13.02,13.04,,956900.0
2014-03-17,13.12,13.22,13.09,13.22,,1094800.0
2014-03-18,13.22,13.52,13.19,13.5,,1331600.0
2014-03-19,13.5,13.59,13.34,13.44,,1318800.0
2014-03-20,13.42,13.44,13.2,13.25,,1057400.0
2014-03-21,13.26,13.49,13.21,13.26,,2259200.0
2014-03-24,13.31,13.34,13.11,13.28,,1249700.0
2014-03-25,13.26,13.32,13.08,13.09,,1401900.0
2014-03-26,13.21,13.24,13.06,13.06,,1086400.0
2014-03-27,13.06,13.07,12.92,12.93,,1014400.0
2014-03-28,12.97,13.16,12.96,13.01,,993000.0
2014-03-31,13.0,13.25,12.98,13.24,,1871400.0
2014-04-01,13.29,13.39,13.27,13.37,,1895700.0
2014-04-02,13.38,13.53,13.34,13.5,,2279000.0
2014-04-03,13.42,13.53,13.06,13.17,,2453100.0
2014-04-04,13.27,13.43,13.19,13.25,,1994000.0
2014-04-07,13.25,13.35,13.2,13.21,,1678200.0
2014-04-08,13.23,13.24,13.09,13.19,,2128900.0
2014-04-09,13.2,13.46,13.17,13.46,,1315200.0
2014-04-10,13.47,13.67,13.12,13.12,,2084600.0
2014-04-11,13.04,13.09,12.6,12.62,,2196500.0
2014-04-14,12.68,12.74,12.57,12.65,,1575200.0
2014-04-15,12.62,12.69,12.47,12.62,,1236700.0
2014-04-16,12.69,13.3,12.6,13.1,,4408800.0
2014-04-17,13.11,13.15,12.86,13.02,,2443400.0
2014-04-21,12.99,13.21,12.99,13.1,,934000.0
2014-04-22,13.13,13.23,13.1,13.21,,813100.0
2014-04-23,13.24,13.82,13.24,13.42,,1997500.0
2014-04-24,13.48,13.51,13.41,13.49,,1570000.0
2014-04-25,13.5,13.51,13.25,13.26,,777400.0
2014-04-28,13.33,13.42,13.23,13.37,,767700.0
2014-04-29,13.43,13.5,13.39,13.48,,826200.0
2014-04-30,13.47,13.66,13.41,13.66,,1428500.0
2014-05-01,13.66,13.8,13.52,13.59,,1999600.0
2014-05-02,13.52,13.57,13.35,13.5,,1285800.0
2014-05-05,13.44,13.48,13.23,13.35,,1226100.0
2014-05-06,13.32,13.37,13.17,13.18,,1273000.0
2014-05-07,13.18,13.21,12.98,13.03,,1105400.0
2014-05-08,13.02,13.12,12.89,12.94,,988700.0
2014-05-09,12.92,12.97,12.83,12.96,,661500.0
2014-05-12,13.02,13.31,13.02,13.19,,1342200.0
2014-05-13,13.21,13.33,13.11,13.32,,1554500.0
2014-05-14,13.72,14.49,13.7,14.28,,7478200.0
2014-05-15,14.21,14.32,14.09,14.22,,4537400.0
2014-05-16,14.18,14.46,14.16,14.42,,3593500.0
2014-05-19,14.41,14.56,14.35,14.48,,1220300.0
2014-05-20,14.49,14.5,14.22,14.33,,1865300.0
2014-05-21,14.35,14.41,14.16,14.31,,1537100.0
2014-05-22,14.23,14.35,14.14,14.32,,1269300.0
2014-05-23,14.31,14.46,14.3,14.44,,1209900.0
2014-05-27,14.49,14.68,14.47,14.68,,1660100.0
2014-05-28,14.65,14.93,14.65,14.81,,2422700.0
2014-05-29,14.78,14.93,14.72,14.92,,1316900.0
2014-05-30,14.89,14.96,14.84,14.96,,1622800.0
2014-06-02,14.96,15.02,14.83,14.96,,1519000.0
2014-06-03,14.95,14.95,14.81,14.85,,1330300.0
2014-06-04,14.83,14.86,14.76,14.79,,1444800.0
2014-06-05,14.84,15.05,14.76,14.99,,1446400.0
2014-06-06,15.0,15.19,15.0,15.18,,1291400.0
2014-06-09,15.17,15.41,15.15,15.26,,1614200.0
2014-06-10,15.26,15.29,15.14,15.18,,972400.0
2014-06-11,15.11,15.18,15.01,15.04,,1192100.0
2014-06-12,15.05,15.07,14.82,14.87,,1476200.0
2014-06-13,14.88,14.99,14.84,14.89,,1616100.0
2014-06-16,14.9,14.94,14.66,14.86,,1658800.0
2014-06-17,14.89,15.0,14.79,14.8,,1230800.0
2014-06-18,14.83,14.96,14.53,14.85,,1308900.0
2014-06-19,14.82,14.89,14.6,14.65,,927400.0
2014-06-20,14.7,14.8,14.5,14.53,,2211300.0
2014-06-23,14.52,14.7,14.36,14.67,,1787100.0
2014-06-24,14.65,14.87,14.48,14.48,,1860000.0
2014-06-25,14.44,14.59,14.36,14.43,,3529500.0
2014-06-26,17.29,17.45,17.01,17.32,,16565000.0
2014-06-27,17.22,17.29,16.74,16.87,,6482800.0
2014-06-30,17.04,17.23,16.82,17.18,,4457700.0
2014-07-01,17.16,17.21,17.03,17.14,,1722000.0
2014-07-02,17.15,17.22,17.12,17.21,,1807700.0
2014-07-03,17.21,17.24,17.11,17.16,,1524300.0
2014-07-07,17.1,17.18,16.94,17.11,,1873400.0
2014-07-08,17.1,17.13,16.99,17.05,,1483900.0
2014-07-09,17.08,17.21,17.0,17.17,,1044900.0
2014-07-10,16.99,17.12,16.88,17.1,,1406900.0
2014-07-11,17.07,17.19,16.99,17.13,,1488300.0
2014-07-14,17.13,17.21,17.05,17.14,,1211100.0
2014-07-15,17.18,17.21,16.81,16.99,,2014100.0
2014-07-16,17.07,17.16,16.94,17.04,,1644400.0
2014-07-17,17.02,17.06,16.82,16.89,,1273700.0
2014-07-18,16.78,16.95,16.73,16.85,,2564000.0
2014-07-21,16.85,16.89,16.6,16.66,,3084500.0
2014-07-22,16.8,16.97,16.78,16.78,,1102100.0
2014-07-23,16.84,16.86,16.66,16.67,,915500.0
2014-07-24,16.68,16.76,16.61,16.67,,1483000.0
2014-07-25,16.66,16.68,16.48,16.5,,1000600.0
2014-07-28,16.48,16.56,16.34,16.52,,1224600.0
2014-07-29,16.55,16.63,16.5,16.56,,1084100.0
2014-07-30,16.58,16.67,16.44,16.5,,1848900.0
2014-07-31,16.42,16.59,16.23,16.24,,3254000.0
2014-08-01,16.52,16.52,16.27,16.27,,2286000.0
2014-08-04,16.52,16.52,16.27,16.27,,2337800.0
2014-08-05,16.26,16.29,16.05,16.2,,2222500.0
2014-08-06,16.11,16.13,15.8,16.04,,1957300.0
2014-08-07,16.09,16.24,16.04,16.1,,1086200.0
2014-08-08,15.87,16.44,15.86,16.43,,1416100.0
2014-08-11,16.48,16.73,16.45,16.62,,1105900.0
2014-08-12,16.58,16.74,16.53,16.72,,2167500.0
2014-08-13,16.79,16.83,16.63,16.71,,1045800.0
2014-08-14,16.74,16.9,16.69,16.84,,1045000.0
2014-08-15,16.97,17.07,16.79,16.86,,1689400.0
2014-08-18,16.96,17.22,16.94,17.17,,1190700.0
2014-08-19,17.18,17.31,17.12,17.24,,1057100.0
2014-08-20,17.24,17.41,17.21,17.37,,912700.0
2014-08-21,17.38,17.54,17.33,17.53,,1093300.0
2014-08-22,17.51,17.52,17.19,17.28,,1109500.0
2014-08-25,17.39,17.42,17.24,17.32,,547100.0
2014-08-26,17.33,17.41,17.21,17.24,,795500.0
2014-08-27,17.32,17.37,17.11,17.15,,647900.0
2014-08-28,17.06,17.21,17.03,17.18,,467300.0
2014-08-29,17.2,17.61,17.2,17.44,,1017300.0
2014-09-02,17.46,17.62,17.38,17.49,,1171700.0
2014-09-03,17.48,17.56,17.4,17.48,,651500.0
2014-09-04,17.46,17.68,17.31,17.44,,1742700.0
2014-09-05,17.46,17.55,17.32,17.55,,914600.0
2014-09-08,17.55,17.98,17.42,17.54,,1273600.0
2014-09-09,17.48,17.5,17.24,17.26,,838200.0
2014-09-10,17.36,17.45,17.31,17.35,,1244000.0
2014-09-11,17.34,17.36,17.21,17.25,,806300.0
2014-09-12,17.22,17.24,17.01,17.06,,1031900.0
2014-09-15,17.21,17.37,17.1,17.26,,1673300.0
2014-09-16,17.33,17.36,17.08,17.23,,1331200.0
2014-09-17,17.28,17.53,17.25,17.31,,3035700.0
2014-09-18,17.29,17.41,17.29,17.32,,1033300.0
2014-09-19,17.42,17.42,17.27,17.28,,2153100.0
2014-09-22,17.2,17.24,17.0,17.12,,1844564.0
2014-09-23,17.1,17.35,17.04,17.29,,1751682.0
2014-09-24,17.29,17.36,17.14,17.33,,2584327.0
2014-09-25,17.31,17.76,17.3,17.31,,2961349.0
2014-09-26,17.5,17.5,17.05,17.45,,2876298.0
2014-09-29,17.31,18.77,17.3,18.54,,9291798.0
2014-09-30,17.83,18.15,17.66,17.86,,7719803.0
2014-10-01,17.81,17.9,17.45,17.6,,2945190.0
2014-10-02,17.54,17.92,17.53,17.86,,2316374.0
2014-10-03,18.02,18.15,17.9,18.1,,2125485.0
2014-10-06,18.14,18.2,17.89,18.03,,1718226.0
2014-10-07,17.97,18.02,17.75,17.75,,1499986.0
2014-10-08,17.75,18.22,17.7,18.21,,1913821.0
2014-10-09,18.21,18.25,17.67,17.7,,1868983.0
2014-10-10,17.7,17.88,17.41,17.44,,1881134.0
2014-10-13,17.45,17.57,17.2,17.22,,1690855.0
2014-10-14,17.37,17.83,17.22,17.58,,2178868.0
2014-10-15,17.51,17.63,17.02,17.52,,1899718.0
2014-10-16,17.24,17.79,17.23,17.57,,1944550.0
2014-10-17,17.74,17.78,17.53,17.7,,2672010.0
2014-10-20,17.63,18.13,17.63,18.13,,1684631.0
2014-10-21,18.27,18.71,18.22,18.69,,1788062.0
2014-10-22,18.74,19.07,18.73,18.81,,1932230.0
2014-10-23,18.97,19.1,18.74,19.02,,1786233.0
2014-10-24,19.03,19.49,18.89,19.47,,1819520.0
2014-10-27,19.39,19.39,19.06,19.22,,1223710.0
2014-10-28,19.32,19.69,19.21,19.61,,1996637.0
2014-10-29,19.62,19.64,19.33,19.49,,1862596.0
2014-10-30,19.4,19.42,19.07,19.35,,1749635.0
2014-10-31,19.65,19.87,19.59,19.73,,3876486.0
2014-11-03,19.72,20.2,19.62,20.05,,3353524.0
2014-11-04,20.09,20.18,19.79,19.86,,2437999.0
2014-11-05,20.02,20.15,19.72,19.75,,2366369.0
2014-11-06,19.8,19.97,19.8,19.95,,1767882.0
2014-11-07,20.07,20.82,20.07,20.81,,4389204.0
2014-11-10,20.75,20.78,20.43,20.59,,2362251.0
2014-11-11,20.53,20.69,20.47,20.69,,1805788.0
2014-11-12,20.63,20.88,20.6,20.81,,1291003.0
2014-11-13,20.83,21.0,20.79,20.99,,2048787.0
2014-11-14,20.97,21.06,20.59,20.61,,2065778.0
2014-11-17,20.77,20.84,20.68,20.71,,2069538.0
2014-11-18,20.72,20.77,20.53,20.64,,2116837.0
2014-11-19,20.64,20.68,20.4,20.61,,2894421.0
2014-11-20,20.58,20.61,20.32,20.6,,1830937.0
2014-11-21,20.81,20.91,20.56,20.6,,1424063.0
2014-11-24,20.73,20.8,20.55,20.75,,1839474.0
2014-11-25,20.82,20.9,20.49,20.49,,17681850.0
2014-11-26,20.35,20.76,20.35,20.69,,3228721.0
2014-11-28,20.82,20.98,20.74,20.93,,1127376.0
2014-12-01,20.86,21.66,20.8,21.38,,3493143.0
2014-12-02,21.37,21.55,21.22,21.43,,2627129.0
2014-12-03,21.39,21.51,20.83,20.91,,4226554.0
2014-12-04,20.88,20.95,20.74,20.85,,1554964.0
2014-12-05,20.8,20.99,20.74,20.82,,1059356.0
2014-12-08,20.78,20.98,20.6,20.81,,1146053.0
2014-12-09,20.62,20.81,20.44,20.74,,1105230.0
2014-12-10,20.69,20.87,20.51,20.62,,2133608.0
2014-12-11,20.76,20.92,20.63,20.72,,1328331.0
2014-12-12,20.61,20.67,20.32,20.32,,1249637.0
2014-12-15,20.32,20.98,20.32,20.61,,3864172.0
2014-12-16,20.51,20.95,20.42,20.73,,1763803.0
2014-12-17,20.85,21.63,20.73,21.53,,2600142.0
2014-12-18,21.75,22.46,21.72,22.46,,2294352.0
2014-12-19,22.5,22.54,21.93,22.17,,3967070.0
2014-12-22,21.43,21.95,20.72,21.89,,1947375.0
2014-12-23,21.96,22.15,21.93,21.99,,858488.0
2014-12-24,22.12,22.24,21.97,22.11,,877583.0
2014-12-26,22.21,22.32,22.06,22.21,,483163.0
2014-12-29,22.17,22.3,22.1,22.22,,727386.0
2014-12-30,22.19,22.35,21.94,22.08,,1679773.0
2014-12-31,22.15,22.15,21.54,21.56,,828067.0
2015-01-02,21.72,21.81,21.52,21.73,,898814.0
2015-01-05,21.64,21.9,21.6,21.83,,907135.0
2015-01-06,21.93,22.25,21.77,22.03,,1389265.0
2015-01-07,22.19,22.28,21.98,22.07,,1701981.0
2015-01-08,22.27,22.47,22.14,22.47,,2114228.0
2015-01-09,22.47,22.49,21.99,22.02,,1277602.0
2015-01-12,22.08,22.16,21.73,21.93,,1479175.0
2015-01-13,22.02,22.25,21.93,22.13,,1760196.0
2015-01-14,22.13,22.34,21.91,22.31,,1284280.0
2015-01-15,22.35,22.75,22.35,22.51,,1614523.0
2015-01-16,22.54,22.64,22.15,22.49,,1627535.0
2015-01-20,22.62,22.86,22.42,22.72,,1689617.0
2015-01-21,22.65,22.83,22.23,22.25,,1490514.0
2015-01-22,22.44,22.54,22.18,22.5,,3099586.0
2015-01-23,22.51,22.93,22.45,22.72,,1240321.0
2015-01-26,22.67,22.88,22.61,22.79,,711597.0
2015-01-27,22.63,22.76,22.45,22.51,,994667.0
2015-01-28,22.7,22.8,22.38,22.4,,1023605.0
2015-01-29,22.35,22.69,22.35,22.68,,906848.0
2015-01-30,22.59,22.61,22.1,22.22,,1352913.0
2015-02-02,22.22,22.25,21.58,22.12,,1132395.0
2015-02-03,22.14,22.42,21.98,22.42,,793765.0
2015-02-04,22.42,22.77,22.33,22.61,,960124.0
2015-02-05,22.65,22.93,22.59,22.91,,1111744.0
2015-02-06,22.93,23.16,22.75,22.81,,1168716.0
2015-02-09,22.7,22.77,22.02,22.04,,1065399.0
2015-02-10,22.11,22.21,21.94,22.17,,1132057.0
2015-02-11,22.18,22.26,21.92,22.23,,697231.0
2015-02-12,22.33,22.6,22.2,22.57,,835885.0
2015-02-13,22.53,22.53,21.76,21.96,,1299146.0
2015-02-17,21.86,22.0,21.76,21.79,,1354472.0
2015-02-18,21.78,22.11,21.61,22.04,,1671839.0
2015-02-19,22.03,22.03,21.64,21.65,,1163143.0
2015-02-20,21.4,21.4,20.13,20.47,,3471305.0
2015-02-23,20.47,20.53,20.06,20.24,,1648466.0
2015-02-24,20.2,20.43,19.99,20.4,,1579344.0
2015-02-25,20.33,20.46,20.13,20.34,,1584398.0
2015-02-26,20.31,20.57,20.22,20.55,,1955891.0
2015-02-27,20.52,20.55,20.26,20.49,,2199024.0
2015-03-02,20.45,20.94,20.43,20.91,,1934521.0
2015-03-03,20.86,20.91,20.66,20.85,,1864223.0
2015-03-04,20.77,20.97,20.57,20.61,,2038739.0
2015-03-05,20.63,20.72,20.59,20.67,,1082300.0
2015-03-06,20.51,20.68,20.38,20.5,,1678081.0
2015-03-09,20.53,20.67,20.48,20.65,,1148414.0
2015-03-10,20.51,20.56,20.11,20.48,,2319579.0
2015-03-11,20.51,20.51,20.22,20.32,,1653631.0
2015-03-12,20.34,20.77,20.33,20.73,,1045092.0
2015-03-13,20.73,20.95,20.49,20.83,,1701981.0
2015-03-16,20.94,21.3,20.94,21.24,,1301846.0
2015-03-17,21.21,21.53,21.13,21.32,,2230460.0
2015-03-18,21.3,21.88,21.25,21.79,,1761450.0
2015-03-19,21.78,21.9,21.58,21.62,,2046058.0
2015-03-20,21.74,21.98,21.7,21.83,,3722738.0
2015-03-23,21.83,21.87,21.55,21.65,,1316080.0
2015-03-24,21.64,21.64,21.25,21.37,,1094499.0
2015-03-25,21.4,21.4,20.57,20.58,,1066793.0
2015-03-26,20.53,20.68,20.4,20.55,,1717460.0
2015-03-27,20.55,20.77,20.53,20.7,,617217.0
2015-03-30,20.78,20.87,20.65,20.76,,756371.0
2015-03-31,20.79,20.81,20.57,20.61,,1008665.0
2015-04-01,20.62,20.67,20.3,20.5,,1509292.0
2015-04-02,20.51,21.04,20.49,20.99,,1153626.0
2015-04-06,20.96,21.37,20.92,21.33,,1265163.0
2015-04-07,21.34,21.38,20.78,20.78,,1211344.0
2015-04-08,20.84,21.26,20.77,21.22,,1582540.0
2015-04-09,21.18,21.26,20.95,21.11,,952981.0
2015-04-10,21.18,21.42,20.89,21.0,,870581.0
2015-04-13,21.02,21.17,20.84,20.86,,771475.0
2015-04-14,20.85,20.99,20.68,20.83,,1004967.0
2015-04-15,20.95,20.98,20.55,20.57,,1223347.0
2015-04-16,20.54,20.85,20.43,20.83,,1022887.0
2015-04-17,20.66,20.91,20.53,20.83,,2022743.0
2015-04-20,20.97,21.04,20.77,20.78,,939395.0
2015-04-21,20.83,20.89,20.59,20.61,,927241.0
2015-04-22,20.62,20.67,20.44,20.56,,905649.0
2015-04-23,20.55,20.89,20.52,20.62,,1704302.0
2015-04-24,20.62,20.74,20.6,20.63,,952489.0
2015-04-27,20.74,20.79,20.43,20.47,,1352181.0
2015-04-28,21.47,21.75,20.79,21.06,,6468103.0
2015-04-29,20.96,20.96,19.87,20.0,,3191576.0
2015-04-30,19.92,20.11,19.37,19.48,,3411022.0
2015-05-01,19.49,19.72,19.38,19.55,,1724369.0
2015-05-04,19.56,19.78,19.51,19.69,,1457887.0
2015-05-05,19.65,19.69,19.29,19.33,,1576866.0
2015-05-06,19.33,19.46,19.14,19.35,,1013469.0
2015-05-07,19.4,19.83,19.29,19.73,,1469348.0
2015-05-08,19.95,20.25,19.9,20.02,,1320490.0
2015-05-11,19.94,20.21,19.94,20.15,,1882468.0
2015-05-12,19.99,20.35,19.83,20.27,,2415406.0
2015-05-13,20.33,20.61,20.31,20.42,,2130280.0
2015-05-14,20.59,20.68,20.46,20.66,,2246566.0
2015-05-15,20.74,20.9,20.73,20.9,,1149197.0
2015-05-18,20.83,21.07,20.81,21.03,,1835809.0
2015-05-19,21.0,21.27,20.96,21.24,,1703580.0
2015-05-20,21.31,21.31,21.03,21.03,,1338983.0
2015-05-21,21.04,21.07,20.63,20.75,,1021255.0
2015-05-22,20.7,20.79,20.62,20.7,,776558.0
2015-05-26,20.7,20.75,20.51,20.62,,1343307.0
2015-05-27,20.63,20.9,20.59,20.85,,1302716.0
2015-05-28,20.8,20.9,20.6,20.76,,1219950.0
2015-05-29,20.79,20.84,20.48,20.6,,4082063.0
2015-06-01,20.61,20.91,20.59,20.81,,1058604.0
2015-06-02,20.17,20.33,19.51,19.59,,4356078.0
2015-06-03,19.52,19.52,19.18,19.37,,2236066.0
2015-06-04,19.24,19.38,18.51,18.58,,2790513.0
2015-06-05,18.62,18.62,18.26,18.44,,2404233.0
2015-06-08,18.18,18.44,18.08,18.25,,2077225.0
2015-06-09,18.28,18.28,17.94,18.05,,2406748.0
2015-06-10,18.2,18.33,17.99,18.26,,1806866.0
2015-06-11,18.35,18.38,18.14,18.27,,1389786.0
2015-06-12,18.22,18.49,18.15,18.36,,2633489.0
2015-06-15,18.25,18.32,18.03,18.28,,2070814.0
2015-06-16,18.29,18.32,18.09,18.18,,1436751.0
2015-06-17,18.23,18.44,18.13,18.36,,1323932.0
2015-06-18,18.41,18.86,18.36,18.75,,2580618.0
2015-06-19,18.74,18.77,18.56,18.63,,1759704.0
2015-06-22,18.7,18.87,18.62,18.79,,2533981.0
2015-06-23,18.85,18.85,18.63,18.67,,1735696.0
2015-06-24,18.68,18.69,18.12,18.15,,1781024.0
2015-06-25,18.17,18.24,18.03,18.03,,1109638.0
2015-06-26,18.07,18.47,18.04,18.27,,3569286.0
2015-06-29,18.16,18.42,17.77,17.83,,2319539.0
2015-06-30,18.0,18.13,17.75,17.77,,2101090.0
2015-07-01,17.75,18.12,17.71,18.05,,2319338.0
2015-07-02,18.16,18.49,17.85,18.09,,1798421.0
2015-07-06,17.96,18.21,17.87,17.91,,1752890.0
2015-07-07,17.97,18.15,17.61,17.75,,2210698.0
2015-07-08,17.56,17.74,17.44,17.51,,1227875.0
2015-07-09,17.71,17.88,17.57,17.58,,995375.0
2015-07-10,17.76,17.88,17.7,17.73,,778315.0
2015-07-13,17.82,17.99,17.73,17.86,,712250.0
2015-07-14,17.92,18.13,17.81,18.07,,1505325.0
2015-07-15,18.01,18.13,17.93,18.01,,2356347.0
2015-07-16,18.13,18.23,18.03,18.22,,910099.0
2015-07-17,18.2,18.26,18.08,18.19,,965880.0
2015-07-20,18.2,18.23,17.98,18.0,,885754.0
2015-07-21,18.02,18.18,17.95,17.98,,1538296.0
2015-07-22,17.96,18.18,17.91,18.11,,1038178.0
2015-07-23,18.07,18.11,17.84,17.89,,1229210.0
2015-07-24,17.86,17.91,17.77,17.84,,1387426.0
2015-07-27,17.82,17.91,17.57,17.64,,1801577.0
2015-07-28,17.69,17.76,17.58,17.72,,975052.0
2015-07-29,17.77,17.78,17.37,17.58,,2259620.0
2015-07-30,16.75,17.17,16.25,17.15,,2305812.0
2015-07-31,17.25,17.45,17.14,17.23,,1266355.0
2015-08-03,17.25,17.45,17.22,17.33,,1052901.0
2015-08-04,17.29,17.45,17.14,17.18,,889766.0
2015-08-05,17.2,17.33,17.04,17.09,,855359.0
2015-08-06,17.13,17.13,16.62,16.78,,1285465.0
2015-08-07,16.76,16.83,16.6,16.78,,803543.0
2015-08-10,16.92,16.94,16.58,16.67,,1220551.0
2015-08-11,16.59,16.68,16.47,16.58,,1896419.0
2015-08-12,16.49,17.11,16.44,17.06,,3226494.0
2015-08-13,17.03,17.17,16.9,16.93,,1134026.0
2015-08-14,16.93,17.37,16.79,17.31,,1268938.0
2015-08-17,17.26,17.37,17.13,17.37,,881005.0
2015-08-18,17.36,17.44,17.25,17.33,,1397833.0
2015-08-19,17.23,17.3,16.97,17.29,,1324040.0
2015-08-20,17.11,17.56,17.03,17.34,,2062869.0
2015-08-21,17.29,17.34,16.73,16.76,,1610748.0
2015-08-24,16.56,16.66,15.69,15.84,,1996403.0
2015-08-25,16.35,17.1,15.19,15.21,,1962900.0
2015-08-26,15.7,16.32,15.36,15.72,,3145972.0
2015-08-27,15.98,16.25,15.83,16.17,,1741601.0
2015-08-28,16.13,16.37,16.02,16.36,,1803771.0
2015-08-31,16.31,16.41,16.14,16.25,,2662495.0
2015-09-01,15.95,16.12,15.7,15.84,,2095922.0
2015-09-02,16.04,16.13,15.82,16.12,,1145020.0
2015-09-03,16.15,16.45,16.12,16.31,,1611821.0
2015-09-04,16.02,16.18,15.88,16.17,,2420445.0
2015-09-08,16.5,16.56,16.21,16.32,,1674620.0
2015-09-09,16.44,16.54,16.17,16.33,,1766164.0
2015-09-10,16.36,16.48,16.22,16.35,,1483201.0
2015-09-11,16.29,16.56,16.24,16.55,,854993.0
2015-09-14,16.6,16.69,16.36,16.64,,1045685.0
2015-09-15,16.65,16.89,16.63,16.84,,970543.0
2015-09-16,16.81,17.08,16.78,17.02,,720645.0
2015-09-17,17.03,17.5,17.0,17.19,,929441.0
2015-09-18,16.93,17.52,16.93,17.49,,4035685.0
2015-09-21,17.56,17.67,17.32,17.42,,2762726.0
2015-09-22,17.15,17.3,17.1,17.19,,1292093.0
2015-09-23,17.25,17.4,17.15,17.38,,978950.0
2015-09-24,17.32,17.75,17.29,17.67,,1902303.0
2015-09-25,17.76,17.97,17.61,17.81,,1416248.0
2015-09-28,17.64,17.77,17.45,17.59,,1350500.0
2015-09-29,17.61,17.72,17.46,17.7,,1515303.0
2015-09-30,17.89,18.12,17.78,18.09,,1279724.0
2015-10-01,18.12,18.17,17.91,18.17,,1571538.0
2015-10-02,17.97,18.17,17.87,18.17,,1893542.0
2015-10-05,18.27,18.49,18.22,18.49,,1411223.0
2015-10-06,18.49,18.61,18.37,18.51,,1007756.0
2015-10-07,18.55,18.73,18.39,18.56,,1689747.0
2015-10-08,18.52,18.86,18.4,18.83,,1360996.0
2015-10-09,18.7,18.81,18.08,18.24,,2598375.0
2015-10-12,18.26,18.54,18.2,18.53,,1440855.0
2015-10-13,18.51,18.62,18.43,18.47,,1164507.0
2015-10-14,18.49,18.63,18.22,18.3,,1628128.0
2015-10-15,18.34,18.4,18.04,18.22,,1561907.0
2015-10-16,18.26,18.49,18.25,18.42,,2109578.0
2015-10-19,18.4,18.5,18.32,18.47,,1413673.0
2015-10-20,18.49,18.63,18.25,18.31,,2256930.0
2015-10-21,18.37,18.42,18.19,18.27,,1811888.0
2015-10-22,18.36,18.48,18.16,18.24,,4311330.0
2015-10-23,18.27,18.41,17.94,18.11,,3639894.0
2015-10-26,18.13,18.27,18.01,18.17,,4203995.0
2015-10-27,18.13,18.15,17.63,17.64,,1891847.0
2015-10-28,17.7,18.0,17.52,17.85,,1989425.0
2015-10-29,17.74,17.96,17.51,17.67,,2759863.0
2015-10-30,17.73,18.05,17.43,17.87,,1935544.0
2015-11-02,17.88,18.64,17.78,18.55,,1786538.0
2015-11-03,18.48,18.8,18.39,18.7,,1365643.0
2015-11-04,18.72,18.76,18.28,18.31,,1171238.0
2015-11-05,18.31,18.41,18.12,18.33,,1079881.0
2015-11-06,18.22,18.34,17.59,17.66,,1994874.0
2015-11-09,17.62,17.7,17.21,17.47,,1463724.0
2015-11-10,17.43,17.53,17.1,17.25,,938689.0
2015-11-11,17.32,17.38,17.12,17.2,,800305.0
2015-11-12,17.16,17.19,16.9,16.98,,1292586.0
2015-11-13,16.98,17.1,16.66,16.68,,881500.0
2015-11-16,16.66,16.83,16.58,16.79,,889949.0
2015-11-17,16.77,16.86,16.47,16.59,,2379976.0
2015-11-18,16.7,16.86,16.62,16.84,,1135815.0
2015-11-19,16.9,17.01,16.78,16.83,,1191225.0
2015-11-20,16.86,17.03,16.73,16.87,,1522978.0
2015-11-23,16.83,17.02,16.79,16.87,,771290.0
2015-11-24,16.8,16.88,16.58,16.73,,978139.0
2015-11-25,16.82,16.87,16.53,16.56,,1238572.0
2015-11-27,16.57,16.82,16.54,16.64,,961122.0
2015-11-30,16.69,16.76,16.45,16.48,,2203630.0
2015-12-01,16.59,16.7,16.48,16.63,,1499812.0
2015-12-02,16.61,16.7,16.29,16.31,,1370559.0
2015-12-03,16.31,16.76,16.16,16.23,,1607997.0
2015-12-04,16.27,16.57,16.21,16.37,,2264392.0
2015-12-07,16.34,16.41,16.09,16.19,,1029505.0
2015-12-08,16.18,16.19,15.94,16.0,,1017770.0
2015-12-09,15.94,16.24,15.88,16.06,,1068993.0
2015-12-10,16.04,16.31,15.8,15.92,,1293804.0
2015-12-11,15.77,15.92,15.71,15.87,,1365519.0
2015-12-14,15.85,15.96,15.42,15.5,,1239361.0
2015-12-15,15.62,15.91,15.56,15.85,,1311856.0
2015-12-16,15.91,16.35,15.88,16.31,,1912643.0
2015-12-17,16.31,16.41,16.07,16.11,,1197500.0
2015-12-18,16.07,16.1,15.88,15.88,,2509897.0
2015-12-21,16.0,16.16,15.8,15.99,,797912.0
2015-12-22,16.03,16.21,15.96,16.07,,1389530.0
2015-12-23,16.15,16.42,16.04,16.34,,1442443.0
2015-12-24,16.35,16.44,16.18,16.22,,623440.0
2015-12-28,16.19,16.31,16.11,16.26,,659677.0
2015-12-29,16.34,16.81,16.34,16.76,,1621463.0
2015-12-30,16.56,16.65,16.32,16.36,,829810.0
2015-12-31,16.33,16.35,16.01,16.02,,744355.0
2016-01-04,15.9,15.94,15.61,15.92,,1082440.0
2016-01-05,15.96,16.23,15.87,16.21,,783041.0
2016-01-06,16.06,16.17,15.97,16.09,,800595.0
2016-01-07,15.85,15.9,15.49,15.55,,824330.0
2016-01-08,15.65,15.79,15.13,15.2,,1659400.0
2016-01-11,15.25,15.45,15.09,15.37,,1159953.0
2016-01-12,15.46,15.5,14.93,15.05,,1076032.0
2016-01-13,15.07,15.29,14.85,14.86,,937959.0
2016-01-14,14.88,15.06,14.66,14.89,,1260361.0
2016-01-15,14.65,14.82,14.43,14.73,,1142280.0
2016-01-19,14.89,14.92,14.56,14.73,,1003022.0
2016-01-20,14.57,14.73,14.02,14.57,,1475283.0
2016-01-21,14.63,15.03,14.47,14.75,,1183369.0
2016-01-22,14.93,15.24,14.92,15.13,,1123378.0
2016-01-25,15.11,15.12,14.92,14.99,,1373226.0
2016-01-26,15.1,15.32,15.04,15.31,,1949723.0
2016-01-27,15.25,15.55,15.18,15.32,,1192066.0
2016-01-28,15.5,15.64,15.34,15.48,,903155.0
2016-01-29,15.66,16.4,15.55,16.34,,3934473.0
2016-02-01,16.16,16.26,15.97,16.06,,1458868.0
2016-02-02,15.96,16.01,15.63,15.79,,1161758.0
2016-02-03,15.9,16.11,15.59,16.07,,1530923.0
2016-02-04,16.09,16.34,15.96,16.22,,1657570.0
2016-02-05,16.03,16.1,15.85,16.01,,1512326.0
2016-02-08,15.87,15.9,15.47,15.82,,3336600.0
2016-02-09,15.66,15.87,15.58,15.75,,3525687.0
2016-02-10,15.77,16.01,15.69,15.85,,1488335.0
2016-02-11,15.56,15.87,15.52,15.78,,1520481.0
2016-02-12,15.89,16.27,15.85,16.25,,1066638.0
2016-02-16,16.44,16.99,16.31,16.98,,1434265.0
2016-02-17,17.02,17.31,16.78,17.24,,1016936.0
2016-02-18,17.12,17.48,17.01,17.36,,1194739.0
2016-02-19,17.25,17.31,16.94,17.17,,966060.0
2016-02-22,17.36,17.52,17.17,17.47,,866919.0
2016-02-23,17.42,17.58,17.28,17.36,,879841.0
2016-02-24,17.27,17.3,17.08,17.28,,1180528.0
2016-02-25,17.39,17.76,17.08,17.75,,1151006.0
2016-02-26,17.71,17.79,17.46,17.53,,907110.0
2016-02-29,17.56,17.78,17.36,17.43,,1371959.0
2016-03-01,17.51,17.81,17.5,17.78,,1311422.0
2016-03-02,17.73,17.79,17.51,17.79,,1238046.0
2016-03-03,17.78,18.25,17.57,18.2,,1532783.0
2016-03-04,18.19,18.42,18.0,18.07,,1012574.0
2016-03-07,17.94,18.59,17.89,18.58,,1362891.0
2016-03-08,18.5,18.71,18.41,18.65,,1569008.0
2016-03-09,18.71,19.03,18.51,18.96,,1849564.0
2016-03-10,18.98,19.05,18.27,18.44,,1716036.0
2016-03-11,18.64,19.18,18.48,19.16,,1381363.0
2016-03-14,19.15,19.26,18.76,19.09,,1003662.0
2016-03-15,18.95,19.06,18.73,18.8,,875921.0
2016-03-16,18.72,19.04,18.63,18.97,,1066470.0
2016-03-17,19.06,19.7,18.99,19.66,,1484320.0
2016-03-18,19.68,19.99,19.51,19.76,,2280933.0
2016-03-21,19.63,19.65,19.24,19.52,,893176.0
2016-03-22,19.44,19.88,19.4,19.86,,1208700.0
2016-03-23,19.82,19.88,19.67,19.8,,1187022.0
2016-03-24,19.71,19.78,19.51,19.75,,801947.0
2016-03-28,19.79,20.11,19.77,19.94,,769259.0
2016-03-29,19.89,20.2,19.57,20.19,,1131274.0
2016-03-30,20.24,20.4,20.13,20.26,,798180.0
2016-03-31,20.24,20.58,20.19,20.44,,1219146.0
2016-04-01,20.04,20.22,19.45,19.73,,2170837.0
2016-04-04,19.72,19.77,19.57,19.72,,1104920.0
2016-04-05,19.65,19.77,19.5,19.66,,1206041.0
2016-04-06,19.64,19.64,19.36,19.59,,787989.0
2016-04-07,19.52,19.61,19.41,19.45,,918109.0
2016-04-08,19.59,19.79,19.56,19.7,,1502861.0
2016-04-11,19.77,19.93,19.7,19.77,,1188282.0
2016-04-12,19.84,20.01,19.74,19.98,,1038679.0
2016-04-13,20.08,20.08,19.86,20.01,,1355504.0
2016-04-14,19.95,20.06,19.84,20.05,,1824201.0
2016-04-15,20.0,20.32,19.83,20.23,,1690738.0
2016-04-18,20.51,21.14,20.44,20.94,,2874390.0
2016-04-19,20.94,21.23,20.78,21.1,,3121247.0
2016-04-20,21.15,21.38,21.11,21.12,,3443684.0
2016-04-21,21.15,21.24,20.8,21.22,,10341018.0
2016-04-22,21.2,21.62,21.15,21.44,,3870587.0
2016-04-25,21.36,21.41,21.24,21.39,,1871487.0
2016-04-26,21.5,21.7,21.4,21.68,,2292860.0
2016-04-27,21.68,21.86,21.55,21.71,,2289625.0
2016-04-28,21.61,22.07,21.6,21.84,,2936657.0
2016-04-29,21.88,22.03,21.79,22.02,,3531170.0
2016-05-02,22.52,22.67,22.0,22.06,,12658111.0
2016-05-03,22.01,22.03,21.77,22.0,,11558565.0
2016-05-04,21.91,22.47,21.91,22.36,,3543404.0
2016-05-05,22.46,22.53,22.27,22.46,,1444712.0
2016-05-06,22.41,22.95,22.37,22.9,,2092979.0
2016-05-09,22.86,23.29,22.86,22.99,,2755721.0
2016-05-10,22.99,23.05,22.71,22.96,,2883554.0
2016-05-11,22.93,22.93,22.48,22.59,,2606629.0
2016-05-12,22.6,23.03,22.6,22.95,,1696508.0
2016-05-13,22.91,22.97,22.65,22.84,,1296510.0
2016-05-16,22.87,23.04,22.79,22.93,,1866837.0
2016-05-17,22.89,22.99,22.57,22.72,,1847911.0
2016-05-18,22.64,22.65,21.85,22.06,,2654506.0
2016-05-19,21.89,22.0,21.55,21.9,,2542954.0
2016-05-20,22.02,22.1,21.71,21.81,,1968688.0
2016-05-23,21.79,21.82,21.52,21.7,,1713161.0
2016-05-24,21.83,22.14,21.76,22.07,,1859077.0
2016-05-25,22.17,22.23,21.94,22.03,,1198956.0
2016-05-26,22.09,22.3,22.09,22.19,,1600770.0
2016-05-27,22.19,22.49,22.02,22.18,,3479942.0
2016-05-31,22.18,22.23,21.91,22.14,,5351856.0
2016-06-01,22.03,22.2,21.97,22.09,,2354837.0
2016-06-02,22.06,22.38,22.04,22.36,,2141188.0
2016-06-03,22.48,22.64,22.25,22.42,,1852653.0
2016-06-06,22.46,22.53,22.23,22.25,,2424150.0
2016-06-07,22.39,22.5,22.35,22.41,,2020506.0
2016-06-08,22.4,22.65,22.37,22.61,,2123004.0
2016-06-09,22.58,22.69,22.39,22.66,,1139238.0
2016-06-10,22.52,22.76,22.42,22.71,,2448336.0
2016-06-13,22.73,23.29,22.69,23.17,,3078956.0
2016-06-14,23.08,23.35,22.95,23.23,,2580967.0
2016-06-15,23.24,23.57,23.16,23.55,,2233588.0
2016-06-16,23.42,23.49,23.23,23.42,,1561883.0
2016-06-17,23.36,23.46,23.15,23.36,,1810620.0
2016-06-20,23.36,23.5,23.24,23.27,,1232891.0
2016-06-21,23.36,23.45,23.24,23.35,,1070933.0
2016-06-22,23.33,23.46,23.31,23.37,,989957.0
2016-06-23,23.54,23.66,23.48,23.57,,873985.0
2016-06-24,22.81,23.17,22.81,23.04,,4617073.0
2016-06-27,22.96,23.24,22.77,23.19,,1752883.0
2016-06-28,23.35,23.64,23.31,23.55,,1861950.0
2016-06-29,23.67,24.19,23.67,24.15,,1933347.0
2016-06-30,24.15,24.33,24.02,24.32,,1802252.0
2016-07-01,24.38,24.43,24.26,24.39,,1795939.0
2016-07-05,24.37,24.77,24.37,24.69,,1821639.0
2016-07-06,24.62,24.8,24.23,24.43,,2164306.0
2016-07-07,24.44,24.47,23.95,23.99,,1543765.0
2016-07-08,24.18,24.48,23.97,24.33,,3934106.0
2016-07-11,24.43,24.63,24.34,24.62,,1091395.0
2016-07-12,24.73,25.06,24.61,25.01,,1475513.0
2016-07-13,25.09,25.15,24.65,24.74,,1246842.0
2016-07-14,24.9,25.07,24.55,24.58,,1123750.0
2016-07-15,24.56,24.6,24.15,24.33,,1887892.0
2016-07-18,24.38,24.39,24.22,24.25,,737425.0
2016-07-19,24.23,24.48,24.14,24.42,,2199684.0
2016-07-20,24.44,24.54,24.4,24.54,,903506.0
2016-07-21,24.48,24.6,24.42,24.59,,585103.0
2016-07-22,24.63,25.15,24.58,25.07,,1135341.0
2016-07-25,25.04,25.12,24.87,25.1,,1288688.0
2016-07-26,25.12,25.21,24.98,25.19,,1355304.0
2016-07-27,25.12,25.18,24.84,25.04,,1088056.0
2016-07-28,24.96,25.22,24.74,25.18,,974404.0
2016-07-29,25.13,25.31,25.03,25.17,,3015919.0
2016-08-01,25.18,25.34,24.98,25.05,,1267497.0
2016-08-02,24.97,25.18,24.58,24.72,,1097860.0
2016-08-03,24.73,24.76,24.38,24.57,,1995677.0
2016-08-04,24.55,24.63,23.06,23.17,,3356321.0
2016-08-05,23.25,23.3,22.67,23.07,,3741797.0
2016-08-08,23.08,23.08,22.38,22.47,,2595766.0
2016-08-09,22.5,22.51,22.22,22.45,,2020824.0
2016-08-10,22.51,22.74,22.31,22.41,,2016883.0
2016-08-11,22.45,22.64,22.28,22.62,,2339286.0
2016-08-12,22.62,22.95,22.62,22.69,,1280868.0
2016-08-15,22.69,22.83,22.62,22.65,,1243123.0
2016-08-16,22.63,22.67,22.48,22.51,,1124600.0
2016-08-17,22.61,22.7,22.33,22.57,,1485508.0
2016-08-18,22.51,22.86,22.51,22.86,,1346803.0
2016-08-19,22.88,23.03,22.84,23.0,,1897394.0
2016-08-22,23.02,23.18,22.76,23.17,,1289055.0
2016-08-23,23.25,23.35,23.16,23.27,,1313833.0
2016-08-24,23.22,23.25,23.03,23.2,,1270262.0
2016-08-25,23.22,23.52,23.22,23.44,,1490857.0
2016-08-26,23.47,23.79,23.2,23.36,,2749422.0
2016-08-29,23.41,23.59,23.36,23.49,,1130295.0
2016-08-30,23.48,23.52,23.38,23.45,,1422216.0
2016-08-31,23.41,23.52,23.24,23.46,,2909195.0
2016-09-01,23.5,23.64,23.39,23.54,,2144430.0
2016-09-02,23.63,24.1,23.57,23.69,,1247236.0
2016-09-06,23.75,24.18,23.73,24.17,,1587199.0
2016-09-07,24.18,24.27,24.0,24.19,,1415141.0
2016-09-08,24.13,24.14,23.63,23.67,,3019638.0
2016-09-09,23.42,23.43,22.52,22.52,,2250169.0
2016-09-12,22.46,22.86,22.42,22.74,,2048215.0
2016-09-13,22.61,22.61,22.23,22.27,,1948036.0
2016-09-14,22.32,22.49,21.97,22.03,,1918281.0
2016-09-15,21.99,22.39,21.9,22.29,,2193201.0
2016-09-16,22.13,22.32,22.05,22.15,,5534787.0
2016-09-19,22.28,22.58,22.21,22.57,,1181472.0
2016-09-20,22.69,22.84,22.63,22.63,,1387127.0
2016-09-21,22.68,22.87,22.29,22.83,,1191625.0
2016-09-22,23.0,23.25,23.0,23.14,,1227048.0
2016-09-23,23.12,23.39,22.94,23.28,,989710.0
2016-09-26,23.25,23.52,23.13,23.41,,1058342.0
2016-09-27,23.44,23.6,23.32,23.47,,1200870.0
2016-09-28,23.54,23.79,23.36,23.77,,1390930.0
2016-09-29,23.64,23.64,23.21,23.34,,1148715.0
2016-09-30,23.42,23.5,23.2,23.21,,1305503.0
2016-10-03,23.2,23.2,22.56,22.58,,1339561.0
2016-10-04,22.56,22.57,21.72,21.88,,1822246.0
2016-10-05,21.97,22.11,21.19,21.19,,2230228.0
2016-10-06,21.07,21.16,20.77,20.94,,2328482.0
2016-10-07,21.05,21.32,20.64,20.76,,1852054.0
2016-10-10,20.8,20.99,20.75,20.97,,1486031.0
2016-10-11,20.96,21.07,20.8,20.83,,1817507.0
2016-10-12,20.86,21.42,20.77,21.4,,2147698.0
2016-10-13,21.35,21.87,21.24,21.78,,1939044.0
2016-10-14,21.78,21.82,21.26,21.27,,1877661.0
2016-10-17,21.28,21.32,21.09,21.1,,1449146.0
2016-10-18,21.28,21.28,21.01,21.12,,1454316.0
2016-10-19,21.18,21.28,20.82,21.18,,2416800.0
2016-10-20,21.2,21.24,20.89,21.06,,755052.0
2016-10-21,20.9,21.13,20.84,21.01,,821429.0
2016-10-24,21.07,21.22,20.94,21.17,,1320085.0
2016-10-25,21.16,21.26,21.05,21.18,,668785.0
2016-10-26,21.12,21.12,20.87,21.03,,741969.0
2016-10-27,21.01,21.02,20.13,20.26,,1918860.0
2016-10-28,20.3,20.61,20.23,20.3,,1063066.0
2016-10-31,20.41,20.97,20.31,20.86,,1655801.0
2016-11-01,20.59,21.43,20.33,20.51,,2377809.0
2016-11-02,20.51,20.56,19.83,19.86,,1892229.0
2016-11-03,19.86,19.95,19.52,19.85,,1781939.0
2016-11-04,19.91,20.17,19.79,20.06,,1247885.0
2016-11-07,20.33,20.6,20.25,20.59,,1223088.0
2016-11-08,20.63,20.94,20.54,20.83,,1275327.0
2016-11-09,20.3,20.46,19.93,20.27,,2302641.0
2016-11-10,20.25,20.33,19.42,19.45,,2514184.0
2016-11-11,19.46,19.7,19.31,19.5,,2258747.0
2016-11-14,19.5,19.6,19.02,19.58,,2364641.0
2016-11-15,19.71,20.01,19.44,19.68,,1800134.0
2016-11-16,19.6,19.97,19.42,19.94,,1318423.0
2016-11-17,19.88,19.99,19.68,19.79,,1301916.0
2016-11-18,19.77,19.78,19.35,19.51,,1780242.0
2016-11-21,19.66,20.31,19.65,20.15,,1618272.0
2016-11-22,20.28,20.48,20.23,20.46,,1291466.0
2016-11-23,20.27,20.56,20.24,20.47,,882868.0
2016-11-25,20.49,20.94,20.49,20.82,,568441.0
2016-11-28,20.8,21.03,20.56,20.58,,1383296.0
2016-11-29,20.59,20.99,20.52,20.86,,1837443.0
2016-11-30,20.84,20.85,20.19,20.41,,2912391.0
2016-12-01,20.4,20.4,19.94,20.11,,2084052.0
2016-12-02,20.16,20.9,20.16,20.85,,1877393.0
2016-12-05,20.86,21.02,20.65,21.01,,1561902.0
2016-12-06,21.04,21.14,20.85,20.9,,995476.0
2016-12-07,20.93,21.48,20.69,21.47,,2122834.0
2016-12-08,21.37,21.69,21.33,21.64,,1251213.0
2016-12-09,21.61,21.69,21.37,21.43,,1154710.0
2016-12-12,21.25,21.26,20.9,21.11,,1813752.0
2016-12-13,21.08,21.1,20.75,20.85,,1695951.0
2016-12-14,20.83,20.87,20.21,20.25,,2470908.0
2016-12-15,20.08,20.09,19.73,19.96,,3207050.0
2016-12-16,20.02,20.25,19.97,20.15,,3880775.0
2016-12-19,19.98,20.28,19.98,20.1,,1410490.0
2016-12-20,19.99,20.16,19.88,20.1,,1181729.0
2016-12-21,20.18,20.5,20.13,20.27,,1397079.0
2016-12-22,20.25,20.44,20.1,20.37,,986910.0
2016-12-23,20.37,20.48,20.3,20.46,,824392.0
2016-12-27,20.56,20.6,20.32,20.4,,646203.0
2016-12-28,20.41,20.49,20.14,20.19,,768837.0
2016-12-29,20.21,20.45,20.05,20.36,,922000.0
2016-12-30,20.4,20.61,20.29,20.42,,1995605.0
2017-01-03,20.63,20.81,20.29,20.81,,1812084.0
2017-01-04,20.87,21.35,20.66,21.32,,1346347.0
2017-01-05,21.2,21.42,21.12,21.36,,1465313.0
2017-01-06,21.36,21.37,20.97,21.06,,1101969.0
2017-01-09,21.12,21.12,20.76,20.91,,1271662.0
2017-01-10,20.84,20.97,20.55,20.93,,1076952.0
2017-01-11,20.96,21.08,20.78,20.86,,1220504.0
2017-01-12,20.86,21.19,20.82,21.18,,842330.0
2017-01-13,21.12,21.22,20.82,21.0,,863693.0
2017-01-17,21.06,21.37,21.0,21.34,,799064.0
2017-01-18,21.25,21.59,21.2,21.44,,880955.0
2017-01-19,21.41,21.44,21.11,21.32,,932002.0
2017-01-20,21.34,21.83,21.27,21.8,,1610565.0
2017-01-23,21.71,22.03,21.64,21.98,,1169648.0
2017-01-24,22.0,22.24,21.96,22.2,,1508835.0
2017-01-25,22.23,22.25,22.04,22.2,,1547146.0
2017-01-26,22.15,22.74,22.15,22.74,,1561765.0
2017-01-27,22.79,22.81,22.61,22.74,,1313267.0
2017-01-30,22.68,22.68,22.35,22.5,,1976642.0
2017-01-31,22.52,22.68,22.46,22.51,,3226422.0
2017-02-01,22.5,22.68,22.19,22.62,,2156817.0
2017-02-02,22.6,22.8,22.52,22.76,,935877.0
2017-02-03,22.88,23.09,22.83,23.0,,1249174.0
2017-02-06,23.0,23.07,22.87,23.05,,1407080.0
2017-02-07,23.07,23.19,23.01,23.08,,1634416.0
2017-02-08,23.0,23.15,22.94,23.13,,1239743.0
2017-02-09,23.13,23.37,23.05,23.28,,1261553.0
2017-02-10,23.26,23.57,23.14,23.51,,899071.0
2017-02-13,23.52,23.73,23.4,23.65,,1110822.0
2017-02-14,23.57,23.65,23.27,23.29,,1199698.0
2017-02-15,23.18,23.49,23.17,23.42,,932378.0
2017-02-16,23.35,23.55,23.2,23.26,,1776259.0
2017-02-17,23.25,23.42,23.17,23.35,,1762725.0
2017-02-21,23.35,23.71,23.32,23.71,,1512899.0
2017-02-22,23.66,23.7,23.29,23.35,,1993823.0
2017-02-23,23.48,23.7,23.08,23.22,,1906347.0
2017-02-24,23.1,23.3,23.09,23.2,,1405525.0
2017-02-27,23.2,23.25,22.95,23.04,,1588932.0
2017-02-28,22.98,23.08,22.84,22.85,,2419056.0
2017-03-01,22.94,23.0,22.74,22.93,,1443846.0
2017-03-02,22.9,22.95,22.71,22.86,,1449128.0
2017-03-03,22.86,22.86,22.61,22.86,,1265288.0
2017-03-06,22.79,22.82,22.6,22.71,,1362300.0
2017-03-07,22.62,22.71,22.39,22.5,,1065619.0
2017-03-08,22.32,22.34,21.84,21.85,,1190743.0
2017-03-09,21.86,21.91,21.34,21.44,,1777607.0
2017-03-10,21.53,21.72,21.14,21.52,,1585071.0
2017-03-13,21.59,21.75,21.52,21.73,,1287386.0
2017-03-14,21.54,21.72,21.36,21.69,,1352620.0
2017-03-15,21.64,22.14,21.64,22.03,,1107637.0
2017-03-16,22.04,22.17,21.9,22.08,,1535970.0
2017-03-17,22.17,22.42,22.08,22.4,,2214581.0
2017-03-20,22.38,22.47,22.21,22.28,,1043834.0
2017-03-21,22.39,22.51,22.06,22.07,,1245795.0
2017-03-22,22.13,22.52,22.0,22.37,,1673864.0
2017-03-23,22.33,22.67,22.23,22.4,,1352840.0
2017-03-24,22.41,22.61,22.16,22.19,,1331940.0
2017-03-27,22.13,22.3,21.92,22.09,,1226475.0
2017-03-28,22.1,22.44,22.03,22.42,,1019697.0
2017-03-29,22.44,22.63,22.39,22.61,,867035.0
2017-03-30,22.53,22.68,22.44,22.61,,1078882.0
2017-03-31,22.56,22.9,22.52,22.79,,1095048.0
2017-04-03,22.71,23.0,22.47,22.57,,1052483.0
2017-04-04,22.53,22.53,22.28,22.42,,894115.0
2017-04-05,22.49,22.61,22.29,22.32,,1297537.0
2017-04-06,22.36,22.56,22.26,22.55,,849585.0
2017-04-07,22.56,22.76,22.49,22.69,,1331684.0
2017-04-10,22.68,22.7,22.45,22.64,,1218768.0
2017-04-11,22.68,22.76,22.56,22.68,,1302119.0
2017-04-12,22.68,22.74,22.51,22.58,,1088852.0
2017-04-13,22.58,22.69,22.43,22.54,,1380731.0
2017-04-17,22.63,22.93,22.6,22.93,,1480287.0
2017-04-18,22.9,23.44,22.85,23.34,,1382525.0
2017-04-19,23.41,23.41,23.07,23.13,,1164510.0
2017-04-20,23.18,23.42,23.08,23.33,,822768.0
2017-04-21,23.3,23.41,23.11,23.21,,1223633.0
2017-04-24,23.38,23.41,22.95,23.3,,1144161.0
2017-04-25,23.35,23.38,23.21,23.34,,601020.0
2017-04-26,23.3,23.32,23.06,23.06,,1043058.0
2017-04-27,23.0,23.09,22.21,22.27,,1552489.0
2017-04-28,22.23,22.24,22.08,22.21,,1205102.0
2017-05-01,22.33,22.57,22.27,22.48,,1057821.0
2017-05-02,22.52,22.74,22.52,22.57,,1182912.0
2017-05-03,22.7,22.7,22.14,22.16,,806153.0
2017-05-04,22.21,22.23,21.91,22.2,,1211525.0
2017-05-05,22.29,22.53,22.28,22.52,,761604.0
2017-05-08,22.55,22.57,22.19,22.29,,775219.0
2017-05-09,22.29,22.4,22.06,22.23,,836185.0
2017-05-10,22.26,22.46,22.26,22.41,,763248.0
2017-05-11,22.33,22.35,22.19,22.27,,627792.0
2017-05-12,22.31,22.31,22.04,22.08,,842729.0
2017-05-15,22.1,22.36,21.99,22.15,,1356251.0
2017-05-16,22.23,22.35,22.05,22.33,,1183503.0
2017-05-17,22.26,22.62,22.26,22.52,,1906776.0
2017-05-18,22.45,22.8,22.26,22.62,,2425982.0
2017-05-19,22.67,22.67,22.29,22.35,,1183197.0
2017-05-22,22.36,22.44,22.03,22.24,,1247393.0
2017-05-23,22.28,22.36,22.15,22.18,,703161.0
2017-05-24,22.24,22.46,22.1,22.23,,1256003.0
2017-05-25,22.3,22.44,22.2,22.41,,948773.0
2017-05-26,22.43,22.52,22.35,22.47,,707739.0
2017-05-30,22.45,22.61,22.36,22.38,,658065.0
2017-05-31,22.46,22.56,22.25,22.31,,1531694.0
2017-06-01,22.35,22.38,22.13,22.35,,1199666.0
2017-06-02,22.5,22.8,22.46,22.52,,945496.0
2017-06-05,22.45,22.58,22.21,22.24,,955430.0
2017-06-06,22.35,22.42,22.17,22.36,,685310.0
2017-06-07,22.04,22.1,20.78,21.52,,47268.0
2017-06-08,21.43,21.5,21.12,21.37,,2316878.0
2017-06-09,21.23,21.37,21.1,21.28,,1414381.0
2017-06-12,21.28,21.91,21.28,21.91,,1455720.0
2017-06-13,21.89,22.34,21.87,22.21,,1491561.0
2017-06-14,22.39,22.49,22.12,22.19,,911769.0
2017-06-15,22.03,22.58,22.02,22.47,,1019991.0
2017-06-16,22.55,22.56,22.11,22.21,,1899703.0
2017-06-19,22.2,22.54,22.17,22.54,,739712.0
2017-06-20,22.55,22.69,22.46,22.59,,1067552.0
2017-06-21,22.56,22.56,22.06,22.1,,971234.0
2017-06-22,22.09,22.22,21.96,22.15,,835387.0
2017-06-23,22.15,22.45,22.11,22.41,,956912.0
2017-06-26,22.45,22.62,22.44,22.56,,524608.0
2017-06-27,22.43,22.71,22.22,22.24,,697700.0
2017-06-28,22.4,22.7,22.26,22.54,,743086.0
2017-06-29,22.43,22.58,21.99,22.19,,919511.0
2017-06-30,22.21,22.4,22.02,22.3,,985049.0
2017-07-03,22.49,22.74,22.47,22.64,,468995.0
2017-07-05,22.59,22.65,22.2,22.41,,856988.0
2017-07-06,22.32,22.43,22.0,22.11,,836803.0
2017-07-07,22.19,22.49,22.1,22.35,,832504.0
2017-07-10,22.33,22.35,21.71,21.72,,1358353.0
2017-07-11,21.74,21.74,21.37,21.64,,1118566.0
2017-07-12,21.81,22.17,21.74,22.06,,933759.0
2017-07-13,22.05,22.15,21.95,22.03,,943823.0
2017-07-14,22.22,22.64,22.14,22.58,,894523.0
2017-07-17,22.48,22.6,22.3,22.55,,849865.0
2017-07-18,22.53,22.62,22.44,22.51,,598080.0
2017-07-19,22.52,22.71,22.43,22.69,,477887.0
2017-07-20,22.7,22.8,22.51,22.52,,803950.0
2017-07-21,22.52,22.76,22.46,22.72,,600474.0
2017-07-24,22.7,22.75,22.51,22.65,,691525.0
2017-07-25,22.72,22.72,22.48,22.63,,765636.0
2017-07-26,22.74,22.79,22.56,22.69,,956572.0
2017-07-27,22.69,22.72,22.5,22.56,,822122.0
2017-07-28,22.58,23.0,22.3,22.84,,1752852.0
2017-07-31,22.84,23.83,22.84,23.65,,2453437.0
2017-08-01,23.61,24.18,23.61,23.93,,1533025.0
2017-08-02,23.91,24.03,23.69,23.96,,1049029.0
2017-08-03,24.02,24.51,23.93,24.28,,1239235.0
2017-08-04,24.24,24.39,23.87,24.02,,1056657.0
2017-08-07,23.96,24.16,23.87,24.09,,543690.0
2017-08-08,24.06,24.44,24.05,24.13,,1014540.0
2017-08-09,24.23,24.91,24.18,24.87,,1695652.0
2017-08-10,24.79,24.79,24.5,24.55,,1281017.0
2017-08-11,24.48,24.5,24.07,24.1,,1066535.0
2017-08-14,24.27,24.57,24.2,24.43,,924447.0
2017-08-15,24.37,24.37,24.07,24.27,,963374.0
2017-08-16,24.35,24.43,24.0,24.33,,2073216.0
2017-08-17,24.32,24.49,24.07,24.1,,1288910.0
2017-08-18,24.11,24.15,23.78,23.94,,810298.0
2017-08-21,24.0,24.54,23.96,24.39,,833868.0
2017-08-22,24.39,24.62,24.34,24.49,,843349.0
2017-08-23,24.44,25.13,24.41,24.92,,1309185.0
2017-08-24,24.91,25.18,24.78,25.01,,1266932.0
2017-08-25,25.14,25.17,24.97,24.97,,919243.0
2017-08-28,24.97,25.5,24.89,25.35,,1765710.0
2017-08-29,25.33,25.59,25.3,25.47,,1293879.0
2017-08-30,25.39,25.69,25.29,25.65,,1341537.0
2017-08-31,25.7,25.79,25.55,25.59,,1378106.0
2017-09-01,25.6,25.68,25.5,25.6,,901697.0
2017-09-05,25.66,25.96,25.57,25.68,,1303168.0
2017-09-06,25.73,25.79,25.45,25.47,,1205966.0
2017-09-07,25.59,25.92,25.57,25.88,,900020.0
2017-09-08,25.81,26.11,25.81,25.99,,1369916.0
2017-09-11,26.0,26.22,25.97,26.21,,921259.0
2017-09-12,26.2,26.25,25.97,26.05,,1055718.0
2017-09-13,26.04,26.07,25.7,25.78,,1373799.0
2017-09-14,25.78,25.83,25.37,25.77,,1359423.0
2017-09-15,25.76,26.1,25.76,25.98,,4730109.0
2017-09-18,26.01,26.24,25.85,25.95,,1044826.0
2017-09-19,25.98,26.22,25.94,26.22,,1274421.0
2017-09-20,26.27,26.39,25.95,26.14,,1442787.0
2017-09-21,26.11,26.26,25.95,26.18,,866902.0
2017-09-22,26.25,26.75,26.25,26.41,,818441.0
2017-09-25,26.45,26.62,26.33,26.38,,878290.0
2017-09-26,26.45,26.46,25.9,25.91,,1038658.0
2017-09-27,25.86,25.92,25.06,25.1,,1827663.0
2017-09-28,25.08,25.58,24.99,25.53,,1042125.0
2017-09-29,25.49,25.74,25.41,25.6,,1088377.0
2017-10-02,25.56,25.91,25.42,25.83,,1012998.0
2017-10-03,25.76,25.85,25.47,25.64,,809264.0
2017-10-04,25.64,25.76,25.33,25.68,,1091438.0
2017-10-05,25.72,25.91,25.66,25.68,,880593.0
2017-10-06,25.06,25.25,24.69,25.09,,2530192.0
2017-10-09,25.1,25.42,25.1,25.22,,976128.0
2017-10-10,25.29,25.56,25.29,25.54,,635902.0
2017-10-11,25.58,25.85,25.48,25.63,,1205691.0
2017-10-12,25.57,26.24,25.53,26.2,,1328984.0
2017-10-13,26.33,26.33,25.98,26.24,,889138.0
2017-10-16,26.24,26.3,26.08,26.2,,651519.0
2017-10-17,26.18,26.42,26.06,26.4,,995426.0
2017-10-18,26.51,27.04,26.48,26.85,,2147136.0
2017-10-19,26.81,27.09,26.66,26.96,,1021037.0
2017-10-20,27.02,27.1,26.85,26.93,,842917.0
2017-10-23,26.99,26.99,26.33,26.37,,1514284.0
2017-10-24,26.39,26.49,26.22,26.26,,1680824.0
2017-10-25,26.17,26.43,25.68,26.2,,1643223.0
2017-10-26,26.3,26.4,26.1,26.1,,948385.0
2017-10-27,25.91,26.34,25.89,26.33,,1061289.0
2017-10-30,26.28,26.42,26.17,26.4,,1035430.0
2017-10-31,26.35,26.36,26.06,26.33,,1146868.0
2017-11-01,26.45,26.55,26.17,26.2,,824940.0
2017-11-02,26.28,26.51,26.16,26.26,,911132.0
2017-11-03,26.11,26.42,26.04,26.41,,593759.0
2017-11-06,26.42,26.9,26.42,26.75,,928457.0
2017-11-07,26.74,26.96,26.58,26.72,,1003600.0
2017-11-08,26.72,26.94,26.72,26.83,,992384.0
2017-11-09,26.72,26.99,26.68,26.74,,612555.0
2017-11-10,26.6,26.87,26.6,26.76,,931300.0
2017-11-13,26.82,27.01,26.76,26.98,,750956.0
2017-11-14,26.87,27.1,26.74,26.99,,1164628.0
2017-11-15,26.99,26.99,26.66,26.68,,812167.0
2017-11-16,26.72,26.98,26.33,26.87,,1514860.0
2017-11-17,26.77,26.84,26.53,26.83,,1324901.0
2017-11-20,26.82,26.93,26.63,26.93,,765395.0
2017-11-21,26.99,27.34,26.85,27.22,,1839441.0
2017-11-22,27.18,27.21,26.65,27.08,,978487.0
2017-11-24,27.15,27.32,27.09,27.28,,511930.0
2017-11-27,27.25,27.29,26.47,26.66,,2890243.0
2017-11-28,26.72,27.03,26.69,26.78,,1266088.0
2017-11-29,26.79,26.85,26.6,26.67,,1191852.0
2017-11-30,26.7,26.94,26.69,26.9,,1408098.0
2017-12-01,26.91,27.07,26.56,26.82,,1260615.0
2017-12-04,26.93,27.03,26.66,26.68,,1626019.0
2017-12-05,26.69,26.74,26.55,26.56,,762039.0
2017-12-06,26.55,26.6,26.37,26.37,,982604.0
2017-12-07,26.37,26.43,26.22,26.32,,722096.0
2017-12-08,26.37,26.43,26.28,26.41,,1043887.0
2017-12-11,26.49,26.82,26.35,26.79,,777060.0
2017-12-12,25.25,25.99,24.74,24.88,,8594249.0
2017-12-13,24.98,25.29,24.85,25.24,,7915986.0
2017-12-14,25.35,25.97,25.34,25.37,,3970062.0
2017-12-15,25.45,25.51,25.06,25.18,,5954481.0
2017-12-18,25.28,25.66,25.28,25.36,,2276159.0
2017-12-19,25.38,25.63,25.25,25.37,,1520615.0
2017-12-20,25.35,25.45,24.84,24.85,,2123979.0
2017-12-21,24.92,25.01,24.68,24.83,,1464065.0
2017-12-22,24.87,25.21,24.86,25.17,,2339905.0
2017-12-26,25.22,25.4,25.06,25.17,,1146560.0
2017-12-27,25.25,25.37,24.94,25.03,,1365554.0
2017-12-28,25.04,25.43,25.03,25.39,,1184845.0
2017-12-29,25.42,25.49,25.2,25.22,,1084894.0
2018-01-02,25.27,25.36,25.04,25.14,,1306613.0
2018-01-03,25.12,25.19,24.74,24.8,,1866455.0
2018-01-04,24.82,24.92,24.66,24.68,,1823463.0
2018-01-05,24.73,24.84,24.44,24.6,,1889699.0
2018-01-08,24.54,24.8,24.35,24.76,,1404569.0
2018-01-09,24.78,24.92,24.61,24.62,,1106789.0
2018-01-10,24.56,24.58,24.22,24.43,,1335766.0
2018-01-11,24.4,24.52,24.17,24.45,,1930479.0
2018-01-12,24.45,24.46,24.1,24.21,,1651957.0
2018-01-16,24.3,24.8,24.2,24.22,,1346001.0
2018-01-17,24.33,24.33,24.1,24.28,,1874532.0
2018-01-18,24.2,24.21,23.57,23.59,,2899125.0
2018-01-19,23.64,23.96,23.6,23.72,,1726339.0
2018-01-22,23.79,24.22,23.79,23.94,,1870407.0
2018-01-23,24.08,24.36,23.94,24.3,,1647294.0
2018-01-24,24.29,24.33,23.83,23.91,,1658631.0
2018-01-25,23.91,24.04,23.86,23.94,,1009287.0
2018-01-26,24.06,24.06,23.61,23.9,,1670947.0
2018-01-29,23.9,23.91,22.73,22.78,,3566360.0
2018-01-30,22.79,22.93,22.44,22.68,,2725700.0
2018-01-31,22.73,23.42,22.73,23.41,,3331524.0
2018-02-01,23.35,23.47,23.09,23.14,,2013751.0
2018-02-02,22.97,23.03,22.34,22.5,,2304570.0
2018-02-05,22.41,22.91,21.88,21.88,,1968705.0
2018-02-06,21.53,22.58,21.42,22.13,,3050156.0
2018-02-07,22.02,22.68,21.86,22.18,,2553613.0
2018-02-08,22.19,22.24,21.43,21.44,,2020289.0
2018-02-09,21.61,22.32,21.33,22.12,,2349936.0
2018-02-12,22.2,22.38,21.86,22.26,,2596419.0
2018-02-13,22.22,22.58,22.02,22.42,,1612596.0
2018-02-14,22.22,22.29,21.88,22.18,,1436544.0
2018-02-15,22.34,22.55,22.1,22.54,,2550643.0
2018-02-16,23.31,23.56,22.14,22.17,,3036165.0
2018-02-20,21.89,22.16,21.31,21.47,,3819550.0
2018-02-21,21.31,21.62,21.02,21.03,,2904235.0
2018-02-22,21.19,21.41,20.95,21.11,,2260723.0
2018-02-23,21.24,21.42,21.23,21.36,,1532965.0
2018-02-26,21.44,21.59,21.26,21.36,,1827745.0
2018-02-27,21.41,21.56,20.73,20.75,,2268387.0
2018-02-28,20.86,21.09,20.69,21.03,,2487705.0
2018-03-01,20.96,21.45,20.82,21.14,,2161630.0
2018-03-02,21.04,21.11,20.79,21.09,,2046804.0
2018-03-05,20.98,21.54,20.89,21.46,,1724595.0
2018-03-06,21.46,21.68,21.31,21.65,,1310676.0
2018-03-07,21.55,21.89,21.48,21.86,,2005004.0
2018-03-08,21.92,21.98,21.74,21.86,,1584110.0
2018-03-09,21.9,22.22,21.76,22.22,,2595775.0
2018-03-12,22.25,22.31,21.96,22.06,,2077870.0
2018-03-13,22.15,22.3,22.14,22.2,,1610074.0
2018-03-14,22.25,22.44,22.14,22.44,,1995549.0
2018-03-15,22.44,22.51,22.19,22.37,,1754290.0
2018-03-16,22.07,22.17,21.68,22.12,,5343807.0
2018-03-19,21.93,21.93,21.31,21.4,,1923289.0
2018-03-20,21.41,21.59,21.34,21.59,,1304035.0
2018-03-21,21.58,21.75,21.35,21.5,,1446775.0
2018-03-22,21.4,21.79,21.37,21.52,,2222089.0
2018-03-23,21.54,21.68,20.94,21.01,,1799698.0
2018-03-26,21.17,21.33,21.06,21.27,,1242562.0
2018-03-27,21.45,22.01,21.26,21.7,,2193041.0
2018-03-28,21.8,22.46,21.79,22.25,,1776455.0
2018-03-29,22.31,22.51,22.25,22.35,,1901671.0
2018-04-02,22.36,22.42,21.99,22.02,,2050578.0
2018-04-03,22.06,22.42,21.87,22.33,,1569902.0
2018-04-04,22.14,22.77,22.11,22.65,,1390582.0
2018-04-05,22.68,23.01,22.53,22.97,,1680222.0
2018-04-06,22.97,23.34,22.77,22.81,,2219906.0
2018-04-09,22.85,23.01,22.59,22.67,,1183797.0
2018-04-10,22.84,22.93,22.73,22.76,,1572991.0
2018-04-11,22.71,22.95,22.56,22.82,,797738.0
2018-04-12,22.86,22.86,22.35,22.56,,1554683.0
2018-04-13,22.69,22.71,22.42,22.69,,784297.0
2018-04-16,22.78,23.12,22.67,22.86,,1332867.0
2018-04-17,22.94,23.4,22.72,23.29,,1192963.0
2018-04-18,23.33,23.65,23.31,23.48,,1164259.0
2018-04-19,23.37,23.41,22.84,22.97,,1102988.0
2018-04-20,23.03,23.05,22.59,22.68,,1304495.0
2018-04-23,22.74,22.86,22.6,22.75,,1173507.0
2018-04-24,22.84,23.07,22.78,22.97,,1718445.0
2018-04-25,22.9,23.04,22.84,22.98,,1994473.0
2018-04-26,23.11,23.55,22.9,23.35,,1721533.0
2018-04-27,23.25,23.61,23.18,23.47,,1551279.0
2018-04-30,23.53,23.54,23.08,23.09,,1540655.0
2018-05-01,23.11,23.27,22.97,23.21,,1362068.0
2018-05-02,23.1,23.26,22.93,23.13,,2022458.0
2018-05-03,23.12,23.37,23.08,23.33,,1165539.0
2018-05-04,23.3,23.62,23.2,23.46,,1054619.0
2018-05-07,23.52,23.57,23.35,23.43,,1450827.0
2018-05-08,23.42,23.48,22.72,22.78,,2011153.0
2018-05-09,22.89,23.08,22.59,22.74,,1632656.0
2018-05-10,22.89,23.03,22.8,22.94,,1166648.0
2018-05-11,23.01,23.17,22.71,22.81,,1075991.0
2018-05-14,22.81,22.99,22.61,22.8,,737953.0
2018-05-15,22.63,22.67,22.13,22.28,,2107220.0
2018-05-16,22.37,22.57,22.15,22.19,,1199681.0
2018-05-17,22.19,22.3,21.74,21.8,,1206633.0
2018-05-18,21.85,21.91,21.68,21.82,,1014176.0
2018-05-21,21.91,22.29,21.8,22.23,,1355111.0
2018-05-22,22.23,22.25,21.95,22.12,,1260017.0
2018-05-23,22.13,22.38,22.09,22.36,,903240.0
2018-05-24,22.34,22.48,22.3,22.44,,1014555.0
2018-05-25,22.48,22.61,22.38,22.44,,929398.0
2018-05-29,22.46,22.68,22.28,22.63,,1251707.0
2018-05-30,22.63,22.97,22.18,22.79,,1676544.0
2018-05-31,22.73,22.93,22.59,22.65,,3084765.0
2018-06-01,22.69,23.21,22.55,23.1,,1245736.0
2018-06-04,23.23,23.52,23.23,23.52,,1454343.0
2018-06-05,23.55,23.59,23.37,23.42,,1444336.0
2018-06-06,23.44,23.6,23.31,23.56,,1216660.0
2018-06-07,23.6,23.78,23.5,23.67,,2233722.0
2018-06-08,23.54,23.69,23.38,23.55,,1690211.0
2018-06-11,23.55,23.62,23.44,23.57,,1404882.0
2018-06-12,23.57,23.91,23.54,23.81,,1897025.0
2018-06-13,23.86,23.89,23.43,23.57,,2874035.0
2018-06-14,23.67,23.83,23.43,23.52,,1801638.0
2018-06-15,23.25,23.4,23.01,23.02,,3100101.0
2018-06-18,23.0,23.2,22.88,23.1,,1681705.0
2018-06-19,22.98,23.59,22.94,23.41,,2848136.0
2018-06-20,23.42,23.81,23.37,23.75,,1420768.0
2018-06-21,23.79,24.08,23.75,24.01,,1177880.0
2018-06-22,24.06,24.31,24.0,24.22,,4201334.0
2018-06-25,24.24,24.33,24.09,24.17,,1324514.0
2018-06-26,24.19,24.26,23.89,23.93,,1488231.0
2018-06-27,24.0,24.22,23.81,23.81,,1597829.0
2018-06-28,23.84,24.04,23.64,23.98,,1232714.0
2018-06-29,23.97,24.48,23.67,24.23,,2026206.0
2018-07-02,24.15,24.26,23.82,24.15,,1487436.0
2018-07-03,24.1,24.72,24.06,24.61,,840886.0
2018-07-05,24.67,24.73,24.3,24.69,,2285187.0
2018-07-06,24.75,24.98,24.73,24.84,,973811.0
2018-07-09,24.91,25.27,24.74,25.26,,2012832.0
2018-07-10,25.26,25.36,24.98,25.23,,1454046.0
2018-07-11,25.11,25.41,24.98,25.34,,1345557.0
2018-07-12,25.42,25.47,25.25,25.43,,2108279.0
2018-07-13,25.47,25.57,25.3,25.36,,1437596.0
2018-07-16,25.32,25.34,25.02,25.16,,1231538.0
2018-07-17,25.09,25.09,24.15,24.24,,3455166.0
2018-07-18,24.16,24.3,23.83,24.01,,2346600.0
2018-07-19,24.02,24.62,23.79,24.51,,1761429.0
2018-07-20,24.46,24.46,24.07,24.19,,1328354.0
2018-07-23,24.07,24.17,23.91,24.09,,994806.0
2018-07-24,24.15,24.33,23.97,24.26,,1456707.0
2018-07-25,24.36,24.51,24.2,24.46,,1192870.0
2018-07-26,24.48,24.73,24.37,24.53,,1496760.0
2018-07-27,24.91,24.91,22.84,23.85,,4936448.0
2018-07-30,23.86,24.34,23.79,24.16,,3275507.0
2018-07-31,24.15,24.58,24.05,24.3,,5369088.0
2018-08-01,24.12,24.45,23.82,24.43,,2493623.0
2018-08-02,24.42,24.87,24.38,24.62,,1323208.0
2018-08-03,24.68,25.06,24.62,24.75,,1576193.0
2018-08-06,24.78,25.04,24.77,24.92,,1387064.0
2018-08-07,24.93,24.97,24.76,24.87,,1514362.0
2018-08-08,24.71,24.82,24.51,24.62,,1200075.0
2018-08-09,24.64,24.88,24.5,24.54,,1766741.0
2018-08-10,24.35,24.35,23.83,23.95,,2499558.0
2018-08-13,23.56,24.39,23.53,24.1,,1952753.0
2018-08-14,24.19,24.5,24.08,24.44,,1303175.0
2018-08-15,24.42,24.73,24.36,24.6,,1107853.0
2018-08-16,24.71,25.0,24.64,24.97,,958548.0
2018-08-17,25.0,25.27,24.99,25.25,,1026901.0
2018-08-20,25.37,25.47,25.29,25.31,,695715.0
2018-08-21,25.34,25.44,25.11,25.13,,1045156.0
2018-08-22,25.14,25.2,24.88,24.9,,742433.0
2018-08-23,24.91,24.98,24.82,24.97,,1055496.0
2018-08-24,24.98,25.09,24.78,24.84,,872836.0
2018-08-27,24.84,24.87,24.52,24.73,,1154837.0
2018-08-28,24.73,25.08,24.66,25.06,,1370586.0
2018-08-29,25.12,25.26,25.02,25.13,,939936.0
2018-08-30,25.18,25.18,24.8,24.88,,1145462.0
2018-08-31,24.82,25.01,24.79,24.98,,1212569.0
2018-09-04,25.0,25.37,24.98,25.16,,1550993.0
2018-09-05,25.11,25.35,25.0,25.29,,1226806.0
2018-09-06,25.33,25.46,25.1,25.1,,1312635.0
2018-09-07,24.98,25.06,24.3,24.47,,1748817.0
2018-09-10,24.65,25.0,24.64,24.86,,2127590.0
2018-09-11,24.75,24.84,24.5,24.68,,1226040.0
2018-09-12,24.64,24.96,24.57,24.93,,1585857.0
2018-09-13,25.02,25.22,24.84,25.15,,1769948.0
2018-09-14,25.18,25.18,24.89,25.08,,1510488.0
2018-09-17,25.13,25.23,25.01,25.17,,1337182.0
2018-09-18,25.18,25.3,24.72,24.8,,1415618.0
2018-09-19,24.8,24.88,24.26,24.34,,2041204.0
2018-09-20,24.48,25.05,24.27,24.99,,1844902.0
2018-09-21,24.96,25.37,24.91,25.26,,2845581.0
2018-09-24,25.16,25.25,24.71,24.78,,1314367.0
2018-09-25,24.78,24.81,24.41,24.42,,1416467.0
2018-09-26,24.46,24.54,24.13,24.14,,1261357.0
2018-09-27,24.2,24.33,23.95,23.98,,1188400.0
2018-09-28,23.92,24.29,23.83,24.28,,1713370.0
2018-10-01,24.35,24.56,24.18,24.18,,2099066.0
2018-10-02,24.2,24.27,23.95,23.95,,1132331.0
2018-10-03,24.02,24.07,23.52,23.71,,1487609.0
2018-10-04,23.6,23.72,23.35,23.58,,1467663.0
2018-10-05,23.59,23.66,23.4,23.42,,1541047.0
2018-10-08,23.53,24.02,23.45,23.85,,1475423.0
2018-10-09,23.88,23.9,23.54,23.6,,1325069.0
2018-10-10,23.57,23.64,22.79,22.83,,2901223.0
2018-10-11,22.86,22.9,22.14,22.16,,3900821.0
2018-10-12,22.48,22.51,22.06,22.22,,3135161.0
2018-10-15,22.22,22.57,22.19,22.39,,2364961.0
2018-10-16,22.52,22.71,22.36,22.62,,2070438.0
2018-10-17,22.58,22.64,22.27,22.33,,1636697.0
2018-10-18,22.3,22.5,22.26,22.37,,2842823.0
2018-10-19,22.42,22.71,22.42,22.64,,2484094.0
2018-10-22,22.67,22.81,22.33,22.36,,1593483.0
2018-10-23,22.23,22.68,22.22,22.53,,1654469.0
2018-10-24,22.59,23.07,22.55,22.69,,2170440.0
2018-10-25,22.92,23.5,22.59,23.0,,4212641.0
2018-10-26,22.72,22.74,21.26,21.44,,5514318.0
2018-10-29,21.55,22.29,21.55,22.07,,3100231.0
2018-10-30,22.13,22.5,21.91,22.24,,2293717.0
2018-10-31,22.29,22.36,21.52,21.53,,2844597.0
2018-11-01,21.62,22.22,21.46,22.22,,1964022.0
2018-11-02,22.3,22.38,21.59,21.93,,1910558.0
2018-11-05,22.05,22.35,21.96,22.25,,1223140.0
2018-11-06,22.3,22.43,22.17,22.33,,1358298.0
2018-11-07,22.48,22.62,22.18,22.6,,1183426.0
2018-11-08,22.55,22.72,22.41,22.71,,1228588.0
2018-11-09,22.71,23.17,22.68,23.05,,1762687.0
2018-11-12,23.0,23.22,22.95,22.98,,1628525.0
2018-11-13,23.06,23.21,22.91,23.12,,1453814.0
2018-11-14,23.21,23.31,22.97,23.09,,2448372.0
2018-11-15,23.01,23.28,22.48,23.24,,2204845.0
2018-11-16,23.16,23.97,23.16,23.82,,2995507.0
2018-11-19,23.86,23.99,23.41,23.54,,1595015.0
2018-11-20,23.52,23.97,23.28,23.29,,2065687.0
2018-11-21,23.18,23.35,22.87,22.91,,1898832.0
2018-11-23,22.9,23.02,22.59,22.81,,794734.0
2018-11-26,22.95,23.4,22.92,23.4,,2045363.0
2018-11-27,23.43,23.56,23.28,23.52,,1187095.0
2018-11-28,23.51,23.95,23.5,23.75,,1207039.0
2018-11-29,23.71,23.96,23.59,23.74,,1354353.0
2018-11-30,23.84,23.92,23.7,23.9,,2087198.0
2018-12-03,24.02,24.02,23.48,23.85,,2082356.0
2018-12-04,23.85,24.3,23.79,23.86,,1976899.0
2018-12-06,23.79,24.22,23.28,24.19,,2542460.0
2018-12-07,24.15,24.16,23.81,23.95,,1600026.0
2018-12-10,24.04,24.09,23.56,23.9,,1393963.0
2018-12-11,24.03,24.41,24.03,24.24,,1792755.0
2018-12-12,24.4,24.5,23.96,23.97,,1786980.0
2018-12-13,24.1,24.62,24.01,24.59,,2455555.0
2018-12-14,24.61,25.07,24.51,25.06,,2563554.0
2018-12-17,25.06,25.18,23.79,23.88,,2751327.0
2018-12-18,24.11,24.59,23.94,24.27,,2887097.0
2018-12-19,24.26,24.45,23.76,23.81,,2154980.0
2018-12-20,23.86,23.87,22.89,23.2,,2849194.0
2018-12-21,23.27,23.97,22.96,23.0,,3856877.0
2018-12-24,22.95,23.13,21.91,21.93,,1484745.0
2018-12-26,22.02,22.99,21.87,22.95,,2226679.0
2018-12-27,22.83,23.02,22.19,23.02,,1890154.0
2018-12-28,23.18,23.51,22.94,23.18,,1794110.0
2018-12-31,23.18,23.28,22.81,23.2,,1380907.0
2019-01-02,22.9,23.05,22.6,22.97,,2250057.0
2019-01-03,22.9,23.59,22.89,23.34,,1889092.0
2019-01-04,23.47,23.92,23.44,23.75,,1693686.0
2019-01-07,23.81,24.31,23.77,24.01,,1796887.0
2019-01-08,24.12,24.64,24.08,24.54,,1804583.0
2019-01-09,24.69,24.8,24.28,24.64,,1525865.0
2019-01-10,24.5,24.92,24.36,24.84,,1305543.0
2019-01-11,24.87,25.05,24.6,24.93,,1291121.0
2019-01-14,24.87,25.05,24.76,24.89,,1209706.0
2019-01-15,24.94,25.15,24.86,24.94,,1620802.0
2019-01-16,24.98,25.24,24.82,25.08,,1196087.0
2019-01-17,25.01,25.4,24.96,25.36,,1411952.0
2019-01-18,25.36,25.57,25.31,25.51,,1676827.0
2019-01-22,25.54,25.64,25.25,25.46,,2496289.0
2019-01-23,25.46,25.55,25.24,25.55,,1446706.0
2019-01-24,25.57,25.77,25.31,25.7,,1399827.0
2019-01-25,25.82,25.92,25.66,25.8,,1609784.0
2019-01-28,25.69,26.0,25.49,25.94,,1385883.0
2019-01-29,25.99,26.15,25.87,26.06,,1842095.0
2019-01-30,26.05,26.48,26.04,26.37,,2302250.0
2019-01-31,26.35,26.65,26.16,26.63,,2633575.0
2019-02-01,26.66,26.71,25.79,26.2,,2029266.0
2019-02-04,26.2,26.44,26.07,26.44,,1898897.0
2019-02-05,26.42,26.43,26.27,26.39,,1994800.0
2019-02-06,26.4,26.42,26.16,26.3,,1593126.0
2019-02-07,26.22,26.28,26.04,26.15,,1716534.0
2019-02-08,26.09,26.28,26.02,26.13,,1772395.0
2019-02-11,26.18,26.35,25.94,26.04,,2627153.0
2019-02-12,25.97,26.22,25.54,25.62,,2355141.0
2019-02-13,25.59,25.72,25.42,25.65,,2570127.0
2019-02-14,25.69,25.77,25.0,25.24,,4898251.0
2019-02-15,25.32,25.57,25.01,25.14,,3105256.0
2019-02-19,25.18,25.6,25.17,25.33,,3794784.0
2019-02-20,25.33,25.64,25.21,25.57,,3860729.0
2019-02-21,25.57,25.77,25.48,25.65,,2819516.0
2019-02-22,25.69,25.87,25.39,25.47,,2810616.0
2019-02-25,25.43,25.59,24.78,25.08,,3057629.0
2019-02-26,25.17,25.25,24.99,25.08,,1788489.0
2019-02-27,24.96,25.13,24.84,25.05,,1821815.0
2019-02-28,25.05,25.62,25.04,25.35,,3160352.0
2019-03-01,25.41,25.66,25.04,25.61,,2274747.0
2019-03-04,25.77,25.77,25.16,25.53,,2239891.0
2019-03-05,25.51,25.6,25.22,25.27,,2519365.0
2019-03-06,25.46,25.47,25.06,25.06,,2193623.0
2019-03-07,25.12,25.17,24.84,24.96,,2771836.0
2019-03-08,24.89,25.06,24.71,24.89,,1767996.0
2019-03-11,25.0,25.09,24.84,25.04,,2544092.0
2019-03-12,25.18,25.23,24.95,25.12,,2636697.0
2019-03-13,25.14,25.38,25.12,25.24,,2145808.0
2019-03-14,25.34,25.48,25.21,25.32,,1784675.0
2019-03-15,25.34,25.45,25.25,25.44,,2424086.0
2019-03-18,25.42,25.48,25.19,25.36,,1501339.0
2019-03-19,25.36,25.48,25.06,25.13,,1689242.0
2019-03-20,25.13,25.27,24.83,25.05,,1899564.0
2019-03-21,25.05,25.67,24.99,25.66,,2493078.0
2019-03-22,25.61,26.02,25.55,25.58,,3093710.0
2019-03-25,25.58,25.72,25.53,25.61,,2457615.0
2019-03-26,25.68,25.91,25.66,25.88,,2906392.0
2019-03-27,25.87,25.98,25.64,25.82,,1447813.0
2019-03-28,25.9,26.18,25.83,25.95,,1866751.0
2019-03-29,26.03,26.1,25.74,25.83,,2099595.0
2019-04-01,25.83,26.08,25.64,26.04,,2115255.0
2019-04-02,25.99,26.06,25.71,26.06,,1805907.0
2019-04-03,26.06,26.14,25.9,26.14,,1378187.0
2019-04-04,26.15,26.19,26.03,26.17,,961127.0
2019-04-05,26.2,26.5,26.2,26.48,,1741093.0
2019-04-08,26.47,26.51,26.31,26.44,,1152616.0
2019-04-09,26.44,26.47,26.14,26.2,,1262953.0
2019-04-10,26.3,26.44,26.15,26.37,,844199.0
2019-04-11,26.43,26.58,26.34,26.43,,1001789.0
2019-04-12,26.41,26.61,26.18,26.61,,1291324.0
2019-04-15,26.62,26.69,26.44,26.63,,1205037.0
2019-04-16,26.62,26.66,26.15,26.26,,1628630.0
2019-04-17,26.36,26.36,25.93,26.23,,1368961.0
2019-04-18,26.27,26.36,26.14,26.18,,1822652.0
2019-04-22,26.08,26.13,25.59,25.78,,2750668.0
2019-04-23,25.93,26.28,25.8,26.12,,2134429.0
2019-04-24,26.19,26.6,26.04,26.1,,2810942.0
2019-04-25,25.2,25.2,23.67,23.78,,9957672.0
2019-04-26,23.82,23.82,23.28,23.63,,6279980.0
2019-04-29,23.58,23.81,23.31,23.33,,3579775.0
2019-04-30,23.31,23.68,23.28,23.66,,3281227.0
2019-05-01,23.63,23.68,23.27,23.28,,2537145.0
2019-05-02,23.31,23.35,22.95,22.97,,3514294.0
2019-05-03,23.05,23.14,22.93,23.01,,3066844.0
2019-05-06,22.88,22.96,22.61,22.65,,2965029.0
2019-05-07,22.65,22.8,22.29,22.48,,2972071.0
2019-05-08,22.52,22.8,22.47,22.57,,2897138.0
2019-05-09,22.48,22.67,22.34,22.56,,2380723.0
2019-05-10,22.53,22.85,22.44,22.83,,2194048.0
2019-05-13,22.64,22.97,22.55,22.87,,2247871.0
2019-05-14,22.96,23.31,22.92,23.15,,2436593.0
2019-05-15,23.16,23.42,23.04,23.28,,1663062.0
2019-05-16,23.31,23.64,23.27,23.57,,1978701.0
2019-05-17,23.47,23.57,23.36,23.37,,1690634.0
2019-05-20,23.34,23.41,22.91,23.03,,2412135.0
2019-05-21,23.2,23.42,23.13,23.19,,1781364.0
2019-05-22,23.16,23.2,22.87,23.03,,2437763.0
2019-05-23,22.9,23.16,22.85,23.11,,1789252.0
2019-05-24,23.24,23.3,22.77,22.8,,2536554.0
2019-05-28,22.92,23.1,22.55,22.62,,3071331.0
2019-05-29,22.63,22.72,22.3,22.38,,2524601.0
2019-05-30,22.38,22.57,22.38,22.42,,1323063.0
2019-05-31,22.38,22.53,22.27,22.32,,3392675.0
2019-06-03,22.4,22.75,22.29,22.64,,2546130.0
2019-06-04,22.64,22.82,22.18,22.37,,5378987.0
2019-06-05,22.5,22.93,22.26,22.91,,3886055.0
2019-06-06,22.99,23.14,22.37,22.61,,3236932.0
2019-06-07,22.69,22.83,22.63,22.72,,3924247.0
2019-06-10,22.83,23.0,22.64,22.91,,4193864.0
2019-06-11,23.07,23.13,22.88,23.07,,2132042.0
2019-06-12,22.99,23.2,22.93,23.04,,2490660.0
2019-06-13,23.11,23.37,23.07,23.36,,4876508.0
2019-06-14,23.41,23.59,23.21,23.55,,2600132.0
2019-06-17,23.58,24.07,23.57,24.04,,2453169.0
2019-06-18,24.14,24.25,23.8,23.97,,2667292.0
2019-06-19,23.89,24.21,23.74,24.17,,1756427.0
2019-06-20,24.31,24.48,24.13,24.16,,1939351.0
2019-06-21,24.13,24.13,23.53,23.8,,3135709.0
2019-06-24,23.83,23.89,23.19,23.39,,2594805.0
2019-06-25,23.41,23.44,22.9,22.92,,2656676.0
2019-06-26,22.92,22.96,22.33,22.61,,6252780.0
2019-06-27,22.72,23.0,22.64,22.92,,3144543.0
2019-06-28,22.98,23.24,22.9,23.24,,4108477.0
2019-07-01,23.45,23.45,22.68,22.8,,4333582.0
2019-07-02,22.86,23.52,22.79,23.47,,3112302.0
2019-07-03,23.55,23.75,23.47,23.73,,1161364.0
2019-07-05,23.61,23.68,23.19,23.45,,1642519.0
2019-07-08,23.37,23.65,23.34,23.36,,1880892.0
2019-07-09,23.36,23.47,23.05,23.46,,2096430.0
2019-07-10,23.7,23.81,23.43,23.81,,3355042.0
2019-07-11,23.03,23.09,21.85,22.03,,11058082.0
2019-07-12,22.07,22.43,21.98,22.4,,3972602.0
2019-07-15,22.52,22.83,22.41,22.57,,2480236.0
2019-07-16,22.49,22.96,22.42,22.69,,2466023.0
2019-07-17,22.8,22.8,22.3,22.38,,2174674.0
2019-07-18,22.3,22.69,22.2,22.67,,2148834.0
2019-07-19,22.64,22.68,22.31,22.31,,2032773.0
2019-07-22,22.38,22.49,22.06,22.29,,2673938.0
2019-07-23,22.3,22.68,22.21,22.6,,1531586.0
2019-07-24,22.61,22.71,22.43,22.47,,2211831.0
2019-07-25,22.46,22.51,22.26,22.32,,1860784.0
2019-07-26,22.31,22.36,22.11,22.2,,2658433.0
2019-07-29,22.26,22.31,22.17,22.2,,2467003.0
2019-07-30,22.17,22.32,22.03,22.17,,2936454.0
2019-07-31,22.13,22.17,21.74,21.83,,4382029.0
2019-08-01,22.34,23.22,22.25,22.89,,6872278.0
2019-08-02,23.01,23.94,22.93,23.34,,6940087.0
2019-08-05,23.21,23.3,22.82,23.08,,3416982.0
2019-08-06,23.07,23.16,22.8,22.87,,2145098.0
2019-08-07,22.87,23.05,22.67,22.9,,2373576.0
2019-08-08,22.86,23.18,22.76,23.18,,2384782.0
2019-08-09,23.11,23.24,22.69,22.7,,2038782.0
2019-08-12,22.72,23.1,22.7,23.08,,1210400.0
2019-08-13,23.0,23.21,22.86,23.0,,1588583.0
2019-08-14,22.91,22.96,22.66,22.72,,1840174.0
2019-08-15,22.78,23.11,22.74,23.0,,1533009.0
2019-08-16,23.09,23.52,23.0,23.38,,1959700.0
2019-08-19,23.38,23.75,23.35,23.68,,1250888.0
2019-08-20,23.75,23.78,23.28,23.29,,1130387.0
2019-08-21,23.34,23.66,23.18,23.55,,2468107.0
2019-08-22,23.59,23.67,23.43,23.49,,1359107.0
2019-08-23,23.48,23.7,23.03,23.12,,1814845.0
2019-08-26,23.25,23.41,23.16,23.41,,1129772.0
2019-08-27,23.55,23.59,23.17,23.17,,1586716.0
2019-08-28,23.2,23.49,23.18,23.44,,1250165.0
2019-08-29,23.56,23.65,23.51,23.62,,998755.0
2019-08-30,23.67,23.86,23.61,23.64,,1396591.0
2019-09-03,23.6,24.05,23.48,24.03,,2231852.0
2019-09-04,24.13,24.47,24.07,24.44,,4154871.0
2019-09-05,24.45,24.64,24.19,24.56,,3003987.0
2019-09-06,24.56,24.69,24.42,24.53,,1572458.0
2019-09-09,24.5,24.94,24.38,24.82,,3735891.0
2019-09-10,24.71,24.98,24.65,24.89,,2187754.0
2019-09-11,25.05,25.48,24.92,25.17,,3124199.0
2019-09-12,25.4,25.42,25.17,25.34,,2045797.0
2019-09-13,25.29,25.34,24.55,24.62,,3607908.0
2019-09-16,24.62,24.65,24.29,24.41,,3670595.0
2019-09-17,24.46,24.5,24.31,24.38,,2866331.0
2019-09-18,24.37,24.42,24.07,24.31,,2234341.0
2019-09-19,24.43,24.62,24.3,24.31,,2634923.0
2019-09-20,24.37,24.46,24.16,24.2,,2686164.0
2019-09-23,24.14,24.38,23.63,23.69,,3838805.0
2019-09-24,23.67,23.72,23.49,23.6,,2746609.0
2019-09-25,23.62,23.84,23.51,23.6,,2452007.0
2019-09-26,23.71,24.17,23.57,24.13,,2384151.0
2019-09-27,24.14,24.4,24.14,24.34,,1656685.0
2019-09-30,24.39,24.78,24.22,24.5,,2316968.0
2019-10-01,24.37,24.52,24.06,24.41,,2398737.0
2019-10-02,24.4,24.4,24.09,24.22,,1984075.0
2019-10-03,24.2,24.78,24.19,24.64,,1815992.0
2019-10-04,24.59,24.75,24.25,24.36,,2433073.0
2019-10-07,24.25,24.5,24.2,24.4,,961869.0
2019-10-08,24.35,24.5,23.94,24.19,,2309818.0
2019-10-09,24.26,24.32,23.98,24.02,,1082959.0
2019-10-10,23.97,24.47,23.92,24.43,,2454929.0
2019-10-11,24.49,24.71,24.37,24.38,,1621724.0
2019-10-14,24.47,24.67,24.32,24.58,,1014593.0
2019-10-15,24.55,24.81,24.51,24.8,,1240335.0
2019-10-16,24.83,24.84,24.6,24.74,,1482707.0
2019-10-17,24.74,24.93,24.71,24.78,,1242813.0
2019-10-18,24.73,25.36,24.62,25.33,,4590596.0
2019-10-21,25.3,25.75,25.3,25.67,,2334167.0
2019-10-22,25.71,25.72,25.4,25.69,,1419080.0
2019-10-23,25.67,25.95,25.66,25.94,,1650219.0
2019-10-24,25.99,26.05,25.67,25.85,,1561803.0
2019-10-25,25.77,25.9,25.61,25.78,,1018795.0
2019-10-28,25.76,25.77,25.38,25.46,,1590297.0
2019-10-29,25.51,25.66,25.27,25.58,,2000722.0
2019-10-30,25.55,25.59,24.81,25.32,,3186783.0
2019-10-31,25.01,25.1,24.34,24.81,,4411265.0
2019-11-01,24.81,25.37,24.74,25.35,,2348028.0
2019-11-04,25.49,26.0,25.39,25.99,,4153520.0
2019-11-05,25.8,25.83,25.02,25.25,,3297247.0
2019-11-06,25.24,25.48,25.05,25.43,,1727923.0
2019-11-07,25.42,25.42,24.99,25.32,,1960011.0
2019-11-08,25.24,25.31,24.6,24.61,,2794208.0
2019-11-11,24.61,24.96,24.59,24.85,,1885543.0
2019-11-12,24.92,25.09,24.66,24.7,,1921555.0
2019-11-13,24.67,24.84,24.54,24.68,,2935572.0
2019-11-14,24.71,25.16,24.71,25.16,,1830043.0
2019-11-15,25.22,25.4,25.12,25.4,,1543460.0
2019-11-18,25.43,25.68,25.35,25.57,,1404961.0
2019-11-19,25.67,25.76,25.39,25.68,,1237332.0
2019-11-20,25.69,25.83,25.59,25.77,,1269962.0
2019-11-21,25.68,25.71,25.37,25.37,,1282900.0
2019-11-22,25.43,25.6,25.23,25.55,,1733641.0
2019-11-25,25.66,25.79,25.55,25.75,,1672633.0
2019-11-26,25.55,25.56,24.29,24.65,,5101016.0
2019-11-27,24.64,24.64,23.97,24.19,,4635391.0
2019-11-29,24.19,24.48,24.19,24.29,,1328443.0
2019-12-02,24.28,24.35,23.99,24.16,,2430448.0
2019-12-03,24.12,24.45,24.09,24.43,,2348438.0
2019-12-04,24.31,24.7,24.31,24.62,,1932798.0
2019-12-05,24.58,24.72,24.45,24.5,,1575955.0
2019-12-06,24.56,24.85,24.5,24.77,,2208205.0
2019-12-09,24.81,25.13,24.73,24.96,,1518416.0
2019-12-10,25.1,25.11,24.87,24.88,,2050940.0
2019-12-11,24.79,24.96,24.64,24.71,,1860740.0
2019-12-12,24.69,25.02,24.67,24.75,,2764798.0
2019-12-13,24.8,24.86,24.17,24.36,,3052186.0
2019-12-16,24.36,24.54,24.27,24.52,,4619634.0
2019-12-17,24.5,24.71,24.1,24.2,,3219035.0
2019-12-18,24.17,24.57,24.17,24.52,,2686422.0
2019-12-19,24.51,24.7,24.43,24.61,,2728834.0
2019-12-20,24.6,24.77,24.5,24.64,,3250971.0
2019-12-23,24.71,24.81,24.41,24.47,,1584070.0
2019-12-24,24.47,24.65,24.44,24.49,,504375.0
2019-12-26,24.48,24.58,24.37,24.54,,1304527.0
2019-12-27,24.61,24.67,24.3,24.53,,1545700.0
2019-12-30,24.56,24.59,24.25,24.44,,1406841.0
2019-12-31,24.4,24.59,24.36,24.57,,2271274.0
2020-01-02,24.6,24.7,23.29,23.45,,8480517.0
2020-01-03,23.45,23.8,23.29,23.63,,4402592.0
2020-01-06,23.66,24.27,23.56,24.03,,2870573.0
2020-01-07,23.97,24.01,23.68,23.89,,2312947.0
2020-01-08,23.8,24.03,23.76,23.86,,2274648.0
2020-01-09,23.83,23.91,23.64,23.83,,2089495.0
2020-01-10,23.86,24.05,23.63,23.64,,2843523.0
2020-01-13,23.66,23.89,23.52,23.78,,6731594.0
2020-01-14,23.79,23.83,23.42,23.59,,2214175.0
2020-01-15,23.59,23.78,23.59,23.74,,2003486.0
2020-01-16,23.77,24.02,23.72,24.0,,2036080.0
2020-01-17,24.06,24.32,24.0,24.2,,2711511.0
2020-01-21,24.2,24.53,24.15,24.41,,2822114.0
2020-01-22,24.56,24.62,24.4,24.49,,2221700.0
2020-01-23,24.46,24.64,24.34,24.61,,1629702.0
2020-01-24,24.6,24.63,24.27,24.33,,2630117.0
2020-01-27,24.13,24.64,24.1,24.39,,2507539.0
2020-01-28,24.46,24.76,24.43,24.64,,2013354.0
2020-01-29,24.68,24.71,24.33,24.44,,1570114.0
2020-01-30,24.44,24.61,24.34,24.59,,1945627.0
2020-01-31,24.57,24.64,24.33,24.37,,3903577.0
2020-02-03,24.44,24.66,24.34,24.56,,2083775.0
2020-02-04,24.59,24.87,24.54,24.87,,1744331.0
2020-02-05,24.91,24.91,24.54,24.64,,2502574.0
2020-02-06,24.74,24.94,24.5,24.62,,1880168.0
2020-02-07,24.65,24.76,24.54,24.54,,1514370.0
2020-02-10,24.63,24.75,24.47,24.65,,1549614.0
2020-02-11,24.71,24.83,24.45,24.51,,2080615.0
2020-02-12,24.51,24.56,24.23,24.51,,3280409.0
2020-02-13,24.67,25.85,24.6,25.72,,6981678.0
2020-02-14,25.66,25.68,25.17,25.55,,2938722.0
2020-02-18,25.61,26.29,25.52,26.26,,4187535.0
2020-02-19,26.29,26.32,26.06,26.06,,3071868.0
2020-02-20,26.11,26.48,26.06,26.47,,2525059.0
2020-02-21,26.41,26.59,26.29,26.56,,2665325.0
2020-02-24,26.29,26.42,25.87,25.87,,3373836.0
2020-02-25,25.96,26.04,25.39,25.41,,3094372.0
2020-02-26,25.51,25.8,25.4,25.48,,3342343.0
2020-02-27,25.25,25.25,24.06,24.06,,5237883.0
2020-02-28,23.71,23.76,22.42,23.45,,7534300.0
2020-03-02,23.62,24.61,23.22,24.44,,6296469.0
2020-03-03,24.49,24.87,23.97,24.22,,4846786.0
2020-03-04,24.61,25.26,24.51,25.22,,4231842.0
2020-03-05,24.75,24.98,24.39,24.77,,2404545.0
2020-03-06,24.07,24.64,23.7,24.5,,4507472.0
2020-03-09,23.13,23.76,22.78,22.79,,5993323.0
2020-03-10,23.62,23.74,22.15,23.63,,4601633.0
2020-03-11,23.05,23.25,22.41,23.09,,4906676.0
2020-03-12,21.62,21.63,20.23,20.53,,6145380.0
2020-03-13,21.56,23.05,21.16,22.83,,5817515.0
2020-03-16,20.5,21.81,19.31,19.4,,5055640.0
2020-03-17,19.78,22.66,19.7,21.16,,5515608.0
2020-03-18,19.92,21.03,19.31,20.48,,4892032.0
2020-03-19,20.41,20.87,19.41,19.8,,4340521.0
2020-03-20,19.99,20.19,17.66,17.88,,5693816.0
2020-03-23,17.6,18.37,16.55,17.64,,3985524.0
2020-03-24,18.48,19.42,18.29,18.9,,4502671.0
2020-03-25,19.49,21.19,18.8,19.73,,4861948.0
2020-03-26,19.79,21.0,19.15,20.06,,4333389.0
2020-03-27,19.4,19.92,18.8,19.19,,4111765.0
2020-03-30,19.29,19.74,18.44,19.57,,2994361.0
2020-03-31,19.41,19.55,18.38,18.74,,3884708.0
2020-04-01,18.09,18.5,17.27,17.5,,3595830.0
2020-04-02,17.25,17.56,16.54,16.95,,4461960.0
2020-04-03,16.77,17.4,16.73,17.37,,2843054.0
2020-04-06,18.51,19.03,17.79,18.36,,3111834.0
2020-04-07,19.08,20.05,19.02,19.42,,5649120.0
2020-04-08,19.77,20.73,19.54,20.44,,3918317.0
2020-04-09,20.87,22.37,20.67,21.35,,7546039.0
2020-04-13,21.35,21.42,20.2,20.66,,2426552.0
2020-04-14,21.18,21.64,20.75,21.0,,2684346.0
2020-04-15,20.35,20.48,19.0,19.38,,3961360.0
2020-04-16,19.51,19.68,19.0,19.1,,2517648.0
2020-04-17,19.69,20.02,19.3,19.68,,2480962.0
2020-04-20,19.28,19.87,19.08,19.43,,2232553.0
2020-04-21,19.11,19.59,19.01,19.45,,1820097.0
2020-04-22,19.72,19.87,19.23,19.29,,2068531.0
2020-04-23,19.22,19.61,19.16,19.24,,1647650.0
2020-04-24,19.31,19.37,18.37,18.53,,3733138.0
2020-04-27,18.68,19.51,18.62,19.24,,2706286.0
2020-04-28,19.78,20.33,19.45,19.52,,2650122.0
2020-04-29,19.93,20.19,19.5,19.65,,2877375.0
2020-04-30,19.48,19.54,18.66,19.04,,3812753.0
2020-05-01,18.64,18.7,18.2,18.59,,2273813.0
2020-05-04,18.47,18.52,17.86,18.05,,3713798.0
2020-05-05,18.23,18.28,17.69,17.75,,3748736.0
2020-05-06,17.94,17.97,16.99,17.26,,6362965.0
2020-05-07,18.9,20.21,18.78,19.33,,7481519.0
2020-05-08,19.48,19.79,19.19,19.35,,3469664.0
2020-05-11,19.17,19.23,18.84,18.93,,2274272.0
2020-05-12,19.03,19.07,18.14,18.19,,2938628.0
2020-05-13,18.08,18.18,17.77,17.97,,3181544.0
2020-05-14,17.35,17.85,16.96,17.83,,3330309.0
2020-05-15,17.66,17.84,17.48,17.66,,1887320.0
2020-05-18,18.26,18.81,18.22,18.64,,3376815.0
2020-05-19,18.59,18.88,18.25,18.48,,2123140.0
2020-05-20,19.04,19.17,18.59,18.81,,2188491.0
2020-05-21,18.68,19.0,18.55,18.85,,2030904.0
2020-05-22,18.83,19.07,18.68,19.03,,1510804.0
2020-05-26,19.77,19.92,19.44,19.57,,3895510.0
2020-05-27,20.01,20.07,19.65,20.05,,2944672.0
2020-05-28,20.37,20.47,20.03,20.24,,3004311.0
2020-05-29,20.06,20.48,19.97,20.29,,4239267.0
2020-06-01,20.29,20.92,20.24,20.8,,3357295.0
2020-06-02,20.98,21.2,20.72,21.03,,2994650.0
2020-06-03,21.4,22.41,21.35,22.37,,4392553.0
2020-06-04,22.33,22.89,22.07,22.89,,3898901.0
2020-06-05,23.65,24.11,23.31,23.4,,4942972.0
2020-06-08,23.82,24.16,23.5,24.07,,3162327.0
2020-06-09,23.44,23.81,23.08,23.73,,3192946.0
2020-06-10,23.65,23.7,22.76,23.11,,2653577.0
2020-06-11,22.08,22.08,21.23,21.74,,7158863.0
2020-06-12,22.54,22.54,21.86,22.4,,3007888.0
2020-06-15,21.68,22.75,21.6,22.56,,2538156.0
2020-06-16,23.34,23.42,22.33,22.68,,2755801.0
2020-06-17,22.77,22.86,22.28,22.42,,1927656.0
2020-06-18,22.15,22.15,21.58,21.72,,4799659.0
2020-06-19,22.11,22.13,21.04,21.2,,10126117.0
2020-06-22,21.01,21.06,20.29,20.73,,5638965.0
2020-06-23,20.9,21.23,20.8,21.01,,4169556.0
2020-06-24,20.73,20.79,20.04,20.15,,7757350.0
2020-06-25,20.01,20.09,19.65,19.84,,4667813.0
2020-06-26,19.82,20.11,19.62,19.86,,9110315.0
2020-06-29,20.06,20.73,19.95,20.69,,6226113.0
2020-06-30,20.73,21.22,20.62,21.01,,5261609.0
2020-07-01,21.16,21.42,20.99,21.13,,3251553.0
2020-07-02,21.4,21.46,20.9,21.06,,2705050.0
2020-07-06,21.46,21.55,21.11,21.27,,2974706.0
2020-07-07,20.95,21.24,20.77,20.96,,2928692.0
2020-07-08,20.96,21.08,20.73,21.06,,2497291.0
2020-07-09,21.06,21.11,20.59,21.08,,2860205.0
2020-07-10,21.1,21.56,21.08,21.53,,2910441.0
2020-07-13,21.64,21.78,21.37,21.62,,2720428.0
2020-07-14,21.62,22.04,21.5,21.99,,2053544.0
2020-07-15,22.31,22.34,22.02,22.22,,2544213.0
2020-07-16,22.06,22.32,21.97,22.02,,1558869.0
2020-07-17,22.14,22.2,21.82,21.95,,2405393.0
2020-07-20,21.78,21.9,21.49,21.64,,1484271.0
2020-07-21,21.81,21.99,21.7,21.95,,2460582.0
2020-07-22,21.87,22.43,21.81,22.14,,3248284.0
2020-07-23,22.03,22.34,21.9,22.15,,2311246.0
2020-07-24,22.15,22.28,21.9,21.93,,1170027.0
2020-07-27,21.94,22.34,21.82,22.34,,1626961.0
2020-07-28,22.3,22.61,22.28,22.44,,3100611.0
2020-07-29,22.64,22.8,22.37,22.75,,2293094.0
2020-07-30,22.42,22.76,22.37,22.74,,2258844.0
2020-07-31,22.81,22.9,22.49,22.69,,3273052.0
2020-08-03,22.58,22.66,22.41,22.58,,2109220.0
2020-08-04,22.52,23.3,22.52,23.23,,2834990.0
2020-08-05,23.35,23.47,23.04,23.33,,2761253.0
2020-08-06,23.96,23.99,23.18,23.42,,5511630.0
2020-08-07,23.43,23.9,23.35,23.71,,2837509.0
2020-08-10,23.72,24.05,23.7,23.95,,3068911.0
2020-08-11,24.15,24.22,23.75,23.8,,2847884.0
2020-08-12,23.92,24.09,23.71,24.01,,1621061.0
2020-08-13,23.94,24.27,23.56,23.64,,2739896.0
2020-08-14,23.56,24.03,23.45,23.94,,1997768.0
2020-08-17,23.98,24.48,23.79,24.42,,2896070.0
2020-08-18,24.4,24.46,24.04,24.15,,2081501.0
2020-08-19,24.15,24.25,23.85,24.15,,1513307.0
2020-08-20,24.13,24.33,24.07,24.23,,1558929.0
2020-08-21,24.3,24.39,24.22,24.32,,1686723.0
2020-08-24,24.3,24.42,23.89,24.42,,2123883.0
2020-08-25,24.51,24.63,24.13,24.46,,1562267.0
2020-08-26,24.34,24.39,23.97,24.36,,1680849.0
2020-08-27,24.42,24.66,24.34,24.51,,2131401.0
2020-08-28,24.52,24.53,24.16,24.42,,2141317.0
2020-08-31,24.42,24.45,24.17,24.22,,2467822.0
2020-09-01,24.18,24.26,23.93,24.1,,1711078.0
2020-09-02,24.09,24.59,23.94,24.55,,2736227.0
2020-09-03,24.62,24.7,24.16,24.38,,2235729.0
2020-09-04,24.51,24.67,24.04,24.28,,2173884.0
2020-09-08,24.18,24.46,23.81,24.23,,2358786.0
2020-09-09,24.39,24.79,24.18,24.21,,3116492.0
2020-09-10,24.23,24.32,23.97,23.99,,3035198.0
2020-09-11,24.09,24.16,23.77,24.01,,2457954.0
2020-09-14,24.26,24.31,23.75,23.81,,2624411.0
2020-09-15,23.84,24.12,23.65,23.9,,2052793.0
2020-09-16,23.89,24.31,23.77,24.11,,2814425.0
2020-09-17,23.94,24.05,23.61,23.73,,2655931.0
2020-09-18,23.56,23.7,23.27,23.29,,3288702.0
2020-09-21,22.93,23.06,22.19,22.42,,3741925.0
2020-09-22,22.42,22.69,22.29,22.36,,2805172.0
2020-09-23,22.25,22.36,21.41,21.43,,4369107.0
2020-09-24,21.42,21.98,21.35,21.79,,3114628.0
2020-09-25,21.73,21.9,21.62,21.81,,2914789.0
2020-09-28,22.22,22.24,21.81,21.87,,2749598.0
2020-09-29,21.81,22.05,21.67,22.0,,1613624.0
2020-09-30,22.2,22.43,21.78,22.03,,2217276.0
2020-10-01,22.07,22.25,21.83,22.21,,2164569.0
2020-10-02,21.94,22.52,21.85,22.48,,2825115.0
2020-10-05,22.59,22.65,22.2,22.49,,2075512.0
2020-10-06,22.58,22.72,22.18,22.29,,2295068.0
2020-10-07,22.29,22.5,22.15,22.28,,1850598.0
2020-10-08,22.36,23.28,22.31,23.22,,2877097.0
2020-10-09,23.44,23.59,23.08,23.23,,2369011.0
2020-10-12,23.22,23.33,23.05,23.31,,2038961.0
2020-10-13,23.02,23.05,22.47,22.72,,2361724.0
2020-10-14,22.8,22.87,22.47,22.62,,1539485.0
2020-10-15,22.53,23.01,22.48,22.73,,1357367.0
2020-10-16,22.68,22.82,22.54,22.62,,1202744.0
2020-10-19,22.82,22.82,22.41,22.47,,1997660.0
2020-10-20,22.61,22.82,22.56,22.6,,1240598.0
2020-10-21,22.46,22.6,22.36,22.51,,1498327.0
2020-10-22,22.58,22.76,22.46,22.73,,1585204.0
2020-10-23,22.87,23.02,22.61,22.9,,1569413.0
2020-10-26,22.76,22.78,22.38,22.45,,2422937.0
2020-10-27,22.41,22.62,22.21,22.22,,2100762.0
2020-10-28,21.92,22.04,21.63,21.67,,2784223.0
2020-10-29,21.62,21.97,21.23,21.65,,2492256.0
2020-10-30,21.67,21.75,21.18,21.43,,3604224.0
2020-11-02,21.62,21.91,21.45,21.81,,2963330.0
2020-11-03,22.18,22.58,22.05,22.45,,2412281.0
2020-11-04,22.39,22.65,21.87,21.89,,2660269.0
2020-11-05,22.49,23.1,22.35,22.59,,3215160.0
2020-11-06,22.71,23.01,22.04,22.04,,2955120.0
2020-11-09,23.2,23.8,21.88,21.91,,4332691.0
2020-11-10,21.93,22.44,21.88,22.33,,4442086.0
2020-11-11,22.46,22.78,21.64,21.76,,5271255.0
2020-11-12,21.83,21.84,20.94,21.03,,6826765.0
2020-11-13,21.07,21.29,20.43,20.96,,12034971.0
2020-11-16,21.34,21.54,21.06,21.45,,8343304.0
2020-11-17,21.3,21.46,21.1,21.3,,2765378.0
2020-11-18,21.33,21.69,21.2,21.3,,3033801.0
2020-11-19,21.2,21.33,20.94,21.21,,2766948.0
2020-11-20,21.07,21.21,20.95,21.12,,2925783.0
2020-11-23,21.18,21.73,21.11,21.51,,3286434.0
2020-11-24,21.82,22.24,21.79,21.85,,3575032.0
2020-11-25,21.91,22.15,21.58,22.14,,2877072.0
2020-11-27,22.14,22.2,21.71,21.89,,1496192.0
2020-11-30,21.85,22.61,21.81,22.61,,6963249.0
2020-12-01,22.67,22.92,22.28,22.4,,3278855.0
2020-12-02,22.32,22.56,22.16,22.56,,2730348.0
2020-12-03,22.56,23.13,22.56,23.1,,3186254.0
2020-12-04,23.21,23.98,23.13,23.98,,4666543.0
2020-12-07,23.85,24.52,23.84,24.24,,5067041.0
2020-12-08,24.17,24.9,24.14,24.79,,6196133.0
2020-12-09,24.88,25.18,24.84,24.96,,4368489.0
2020-12-10,24.85,25.02,24.65,24.91,,3394112.0
2020-12-11,24.82,25.14,24.77,24.98,,4349517.0
2020-12-14,25.1,25.25,24.52,24.58,,2856094.0
2020-12-15,24.69,24.74,24.29,24.66,,3117388.0
2020-12-16,24.73,25.02,24.38,24.39,,2449863.0
2020-12-17,24.56,24.88,24.45,24.84,,2536762.0
2020-12-18,24.84,24.99,24.64,24.75,,3685142.0
2020-12-21,24.35,24.48,24.16,24.47,,2584687.0
2020-12-22,24.65,24.91,24.56,24.84,,3346688.0
2020-12-23,24.99,25.08,24.61,24.74,,2883579.0
2020-12-24,24.89,24.93,24.63,24.8,,1070805.0
2020-12-28,24.85,25.13,24.58,24.79,,2236777.0
2020-12-29,24.84,24.96,24.59,24.68,,1641403.0
2020-12-30,24.72,24.78,24.47,24.59,,2215705.0
2020-12-31,24.51,24.77,24.33,24.75,,2776583.0
2021-01-04,25.19,25.19,23.9,24.06,,4854045.0
2021-01-05,24.08,24.46,24.01,24.25,,2099369.0
2021-01-06,24.47,24.51,24.12,24.19,,3368126.0
2021-01-07,24.19,24.27,23.69,23.96,,3231966.0
2021-01-08,24.16,24.37,23.95,23.97,,2443665.0
2021-01-11,23.86,23.97,23.37,23.51,,3983521.0
2021-01-12,23.51,23.72,23.27,23.56,,3348356.0
2021-01-13,23.69,23.93,23.63,23.88,,2136420.0
2021-01-14,23.98,25.35,23.97,25.35,,4449483.0
2021-01-15,25.27,25.55,25.01,25.2,,3018903.0
2021-01-19,25.2,25.4,24.73,24.79,,2763419.0
2021-01-20,24.75,25.66,24.62,25.44,,3328616.0
2021-01-21,25.35,25.46,24.98,25.41,,1515614.0
2021-01-22,25.3,25.36,24.99,25.31,,2486216.0
2021-01-25,25.31,29.85,25.31,26.96,,13928804.0
2021-01-26,26.99,28.32,26.79,28.04,,6947866.0
2021-01-27,28.33,34.69,28.15,31.07,,22525931.0
2021-01-28,30.1,31.59,28.03,28.05,,11526072.0
2021-01-29,28.15,29.53,27.98,28.27,,8143921.0
2021-02-01,28.42,28.51,27.72,28.03,,3927684.0
2021-02-02,27.87,27.91,26.2,27.0,,3986646.0
2021-02-03,26.87,27.42,26.5,27.21,,2471729.0
2021-02-04,27.29,27.35,26.41,26.82,,4373175.0
2021-02-05,26.87,27.46,26.72,27.2,,3183794.0
2021-02-08,27.26,27.87,27.12,27.78,,2189408.0
2021-02-09,27.87,28.34,27.82,28.03,,2120755.0
2021-02-10,28.36,28.89,28.28,28.87,,2450198.0
2021-02-11,28.87,28.87,27.53,27.91,,3685853.0
2021-02-12,27.91,28.05,27.66,27.85,,1622321.0
2021-02-16,27.99,28.03,27.39,27.68,,1738695.0
2021-02-17,27.63,27.64,27.34,27.49,,1974891.0
2021-02-18,27.4,27.71,27.22,27.25,,1967459.0
2021-02-19,27.31,27.54,26.98,27.01,,2561788.0
2021-02-22,26.98,26.99,26.62,26.71,,2999219.0
2021-02-23,26.93,27.1,26.51,26.95,,2547715.0
2021-02-24,27.37,29.33,27.21,29.09,,6178399.0
2021-02-25,28.97,30.3,28.62,29.05,,5273020.0
2021-02-26,28.9,29.47,28.55,29.21,,3139014.0
2021-03-01,29.55,30.1,29.13,29.16,,2660929.0
2021-03-02,29.22,29.85,29.05,29.52,,2747394.0
2021-03-03,29.67,29.92,28.78,28.78,,3701004.0
2021-03-04,29.01,29.64,28.71,29.32,,3903192.0
2021-03-05,29.37,30.21,29.25,30.05,,2784658.0
2021-03-08,30.23,31.21,30.14,30.7,,3234509.0
2021-03-09,30.69,31.34,30.67,30.8,,3171089.0
2021-03-10,30.87,31.31,30.72,30.98,,2140040.0
2021-03-11,30.9,31.42,30.84,31.07,,2346680.0
2021-03-12,31.08,31.5,30.84,31.48,,2179402.0
2021-03-15,31.46,31.59,31.0,31.42,,2108387.0
2021-03-16,31.38,31.38,30.41,30.54,,2594122.0
2021-03-17,30.54,31.16,30.49,30.89,,2637841.0
2021-03-18,30.85,30.96,30.39,30.57,,1543814.0
2021-03-19,30.58,30.88,30.46,30.56,,2694286.0
2021-03-22,30.56,31.25,30.33,31.23,,1564860.0
2021-03-23,31.17,31.28,30.76,30.95,,1961550.0
2021-03-24,30.95,31.53,30.83,31.13,,3101172.0
2021-03-25,30.85,31.54,30.47,31.47,,2130526.0
2021-03-26,31.67,31.84,31.37,31.83,,1893262.0
2021-03-29,31.83,32.0,31.31,31.32,,1484581.0
2021-03-30,31.36,31.92,31.13,31.72,,1869966.0
2021-03-31,31.72,31.97,31.51,31.59,,1559451.0
2021-04-01,31.77,31.89,31.23,31.84,,2659421.0
2021-04-05,32.04,32.35,31.53,32.06,,1869410.0
2021-04-06,32.07,32.11,31.62,32.0,,2241450.0
2021-04-07,32.01,32.24,31.78,32.18,,1471545.0
2021-04-08,32.06,32.33,31.77,31.91,,1499186.0
2021-04-09,31.89,32.17,31.64,32.15,,961741.0
2021-04-12,32.18,32.39,32.03,32.36,,2038290.0
2021-04-13,32.39,32.55,32.14,32.47,,1196888.0
2021-04-14,32.24,32.62,32.23,32.43,,1305133.0
2021-04-15,32.53,32.58,32.21,32.57,,1660493.0
2021-04-16,32.64,32.78,32.34,32.47,,1222485.0
2021-04-19,32.59,32.94,32.38,32.85,,1489582.0
2021-04-20,32.85,34.1,32.85,33.71,,5086709.0
2021-04-21,33.71,34.49,33.39,34.35,,2849966.0
2021-04-22,34.29,34.78,33.98,34.46,,2640095.0
2021-04-23,34.57,34.93,34.36,34.42,,1797260.0
2021-04-26,34.57,34.69,34.16,34.22,,1248101.0
2021-04-27,34.29,34.42,34.07,34.18,,1515692.0
2021-04-28,34.14,34.23,33.63,33.75,,1429815.0
2021-04-29,34.02,34.46,33.84,34.4,,2764872.0
2021-04-30,34.4,34.48,33.87,34.25,,1952408.0
2021-05-03,34.28,34.46,33.96,34.23,,2009784.0
2021-05-04,34.35,34.57,33.91,34.04,,1590384.0
2021-05-05,33.61,33.68,32.93,33.06,,2835300.0
2021-05-06,33.73,35.64,33.46,35.56,,4547970.0
2021-05-07,35.0,35.71,34.72,35.26,,3148381.0
2021-05-10,35.42,36.0,35.07,35.69,,3313781.0
2021-05-11,35.39,35.91,35.13,35.8,,2017825.0
2021-05-12,35.81,35.96,34.6,34.73,,2644687.0
2021-05-13,34.78,36.14,34.66,35.75,,3117448.0
2021-05-14,35.77,36.6,35.58,36.28,,2736228.0
2021-05-17,36.46,37.36,36.44,37.18,,3327630.0
2021-05-18,36.9,37.1,36.13,36.34,,2492519.0
2021-05-19,36.22,36.3,35.78,35.96,,1878705.0
2021-05-20,35.85,36.87,35.79,36.71,,2456868.0
2021-05-21,36.62,36.9,36.45,36.7,,1341382.0
2021-05-24,36.82,37.45,36.68,37.3,,2949162.0
2021-05-25,37.29,37.33,36.89,36.9,,1736490.0
2021-05-26,36.99,37.28,36.85,36.99,,2052244.0
2021-05-27,37.09,37.14,36.71,36.72,,5111044.0
2021-05-28,36.93,37.25,36.76,37.17,,1890607.0
2021-06-01,37.34,37.76,37.01,37.72,,2169868.0
2021-06-02,37.9,39.22,37.68,38.65,,4080608.0
2021-06-03,38.44,38.96,38.1,38.88,,2003864.0
2021-06-04,39.06,39.1,38.64,38.99,,1689163.0
2021-06-07,39.02,39.47,38.97,39.03,,2025308.0
2021-06-08,39.05,40.06,39.04,39.83,,1836606.0
2021-06-09,40.0,40.41,39.77,40.14,,1598083.0
2021-06-10,40.14,40.32,39.29,39.61,,3221182.0
2021-06-11,39.6,39.66,39.07,39.51,,3046160.0
2021-06-14,39.59,39.95,39.39,39.75,,1640398.0
2021-06-15,39.69,39.85,39.49,39.76,,1462461.0
2021-06-16,39.76,39.76,39.08,39.24,,1883139.0
2021-06-17,39.15,39.56,38.99,39.43,,1729407.0
2021-06-18,39.43,39.43,38.25,38.28,,3134677.0
2021-06-21,38.34,39.32,38.34,39.24,,1301858.0
2021-06-22,39.24,39.24,37.77,37.86,,2796941.0
2021-06-23,37.85,37.85,37.38,37.64,,2676095.0
2021-06-24,37.83,37.9,37.41,37.51,,3030132.0
2021-06-25,37.42,37.58,37.29,37.34,,2394320.0
2021-06-28,37.34,37.47,37.06,37.16,,1772376.0
2021-06-29,37.12,37.17,36.51,36.61,,3476952.0
2021-06-30,36.6,37.1,36.52,36.61,,2634004.0
2021-07-01,36.77,37.14,36.53,36.87,,2020510.0
2021-07-02,36.97,37.09,36.55,37.0,,1524299.0
2021-07-06,36.89,36.94,36.42,36.7,,2162561.0
2021-07-07,36.58,37.18,36.32,37.0,,2207443.0
2021-07-08,36.76,37.12,36.55,36.87,,1103629.0
2021-07-09,37.21,38.2,37.16,37.84,,2331498.0
2021-07-12,37.72,38.6,37.51,38.5,,2512516.0
2021-07-13,38.51,38.97,38.04,38.24,,3089481.0
2021-07-14,38.07,38.57,38.05,38.26,,1876895.0
2021-07-15,38.2,38.66,37.9,38.11,,1160282.0
2021-07-16,38.15,38.24,37.42,37.48,,1000569.0
2021-07-19,37.07,37.26,36.51,36.98,,2096555.0
2021-07-20,37.2,38.1,37.18,37.89,,1442123.0
2021-07-21,37.98,38.4,37.77,37.97,,1259370.0
2021-07-22,38.0,38.31,37.57,37.7,,1181269.0
2021-07-23,37.76,37.79,37.37,37.57,,1281385.0
2021-07-26,37.47,37.73,37.3,37.73,,1346428.0
2021-07-27,37.65,38.07,37.32,38.01,,1514006.0
2021-07-28,38.02,38.15,37.32,37.57,,1201365.0
2021-07-29,37.67,38.17,37.54,37.58,,1278015.0
2021-07-30,37.67,38.12,37.58,37.86,,2611701.0
2021-08-02,38.15,38.41,37.78,37.86,,1024621.0
2021-08-03,38.02,38.18,37.59,37.99,,815676.0
2021-08-04,38.09,38.09,37.33,37.49,,1283720.0
2021-08-05,37.57,38.28,36.68,38.25,,1621954.0
2021-08-06,38.46,39.36,38.41,38.91,,1375769.0
2021-08-09,38.83,39.37,38.64,39.2,,2254690.0
2021-08-10,39.37,40.46,39.31,39.77,,1852655.0
2021-08-11,39.91,40.54,39.84,40.42,,1068632.0
2021-08-12,40.49,40.49,40.03,40.27,,610432.0
2021-08-13,40.28,40.39,39.8,39.88,,945566.0
2021-08-16,39.89,39.95,39.31,39.67,,1031730.0
2021-08-17,39.45,39.56,38.96,39.46,,944898.0
2021-08-18,39.34,39.34,38.89,39.16,,1427369.0
2021-08-19,39.05,39.81,39.04,39.62,,1109926.0
2021-08-20,39.54,39.76,39.3,39.51,,982648.0
2021-08-23,39.71,39.76,39.47,39.69,,1178873.0
2021-08-24,39.8,40.08,39.54,39.6,,1101039.0
2021-08-25,39.58,39.92,39.33,39.69,,1010711.0
2021-08-26,39.69,39.9,39.51,39.64,,1038998.0
2021-08-27,39.8,40.41,39.63,40.12,,1097835.0
2021-08-30,40.14,40.42,39.82,40.4,,998270.0
2021-08-31,40.33,41.37,40.29,41.31,,3103119.0
2021-09-01,41.32,41.87,41.09,41.84,,1748374.0
2021-09-02,42.03,42.78,41.62,42.78,,1954775.0
2021-09-03,42.89,42.89,42.14,42.72,,1489124.0
2021-09-07,42.46,42.51,41.57,41.87,,2021012.0
2021-09-08,41.72,42.05,41.28,41.94,,1304329.0
2021-09-09,41.7,41.71,41.31,41.37,,1183331.0
2021-09-10,41.37,41.37,40.67,40.68,,1265233.0
2021-09-13,40.72,41.35,40.45,40.84,,1818846.0
2021-09-14,41.05,41.16,39.78,39.85,,1734331.0
2021-09-15,39.98,40.02,39.48,39.52,,2048079.0
2021-09-16,39.49,39.56,38.99,39.38,,1675122.0
2021-09-17,39.25,39.67,39.21,39.38,,2195446.0
2021-09-20,38.89,39.11,38.52,38.92,,1812686.0
2021-09-21,38.97,39.29,38.73,39.01,,1556855.0
2021-09-22,39.28,39.51,39.2,39.27,,1780557.0
2021-09-23,39.38,39.76,39.12,39.28,,1639779.0
2021-09-24,39.21,39.38,38.78,38.82,,1043623.0
2021-09-27,38.85,39.28,38.61,38.62,,1157400.0
2021-09-28,38.57,38.61,38.12,38.43,,1242745.0
2021-09-29,38.66,39.22,38.62,38.86,,1354908.0
2021-09-30,38.94,39.03,38.08,38.1,,1573016.0
2021-10-01,38.28,38.71,37.88,38.56,,1401985.0
2021-10-04,38.53,38.98,38.41,38.74,,1136283.0
2021-10-05,38.76,39.2,38.54,38.81,,1509589.0
2021-10-06,38.74,38.99,37.86,38.68,,1752248.0
2021-10-07,38.85,39.02,38.51,38.55,,1579944.0
2021-10-08,38.5,38.53,37.35,37.38,,1171273.0
2021-10-11,37.36,37.6,37.01,37.45,,1147475.0
2021-10-12,37.55,38.04,37.44,37.95,,1310649.0
2021-10-13,37.97,37.97,37.38,37.94,,1097152.0
2021-10-14,38.1,39.33,37.99,39.27,,1921970.0
2021-10-15,39.45,39.74,39.22,39.36,,1557872.0
2021-10-18,39.27,39.73,39.11,39.46,,1194222.0
2021-10-19,39.7,40.07,39.38,39.42,,1165842.0
2021-10-20,39.51,40.15,39.51,39.94,,1175379.0
2021-10-21,39.88,40.15,39.51,40.12,,976390.0
2021-10-22,40.33,40.65,39.84,40.34,,907209.0
2021-10-25,40.34,40.62,40.1,40.33,,1132005.0
2021-10-26,40.36,40.72,40.05,40.55,,1379149.0
2021-10-27,40.71,40.92,39.97,40.04,,1049307.0
2021-10-28,40.1,40.99,40.03,40.71,,1121542.0
2021-10-29,40.67,40.84,39.76,40.02,,1943665.0
2021-11-01,40.06,40.42,39.24,40.28,,1287113.0
2021-11-02,40.34,41.29,39.84,40.94,,2045155.0
2021-11-03,41.05,42.47,40.96,42.3,,2568186.0
2021-11-04,42.53,43.32,40.02,40.53,,4166209.0
2021-11-05,40.85,42.0,40.83,41.79,,1819601.0
2021-11-08,42.09,42.13,41.03,41.3,,2292770.0
2021-11-09,41.17,41.8,40.68,41.73,,1288121.0
2021-11-10,41.66,42.15,41.55,41.58,,1187471.0
2021-11-11,41.54,42.18,41.44,41.98,,726357.0
2021-11-12,42.04,42.08,41.52,41.7,,690541.0
2021-11-15,41.94,42.97,41.82,42.94,,1750289.0
2021-11-16,42.8,42.82,41.76,41.81,,1464366.0
2021-11-17,41.68,41.89,40.7,41.36,,1716230.0
2021-11-18,41.52,41.83,41.16,41.58,,1433090.0
2021-11-19,41.59,41.9,40.73,40.87,,1430819.0
2021-11-22,40.87,41.46,40.7,41.0,,1774079.0
2021-11-23,41.1,41.22,40.52,41.09,,1241201.0
2021-11-24,41.08,41.7,40.98,41.63,,798267.0
2021-11-26,41.09,41.53,40.74,40.95,,726642.0
2021-11-29,41.2,41.56,40.9,41.09,,1387032.0
2021-11-30,40.88,41.33,39.74,39.85,,4055018.0
2021-12-01,40.3,41.52,39.55,39.58,,2409617.0
2021-12-02,39.71,41.63,39.71,41.24,,2229816.0
2021-12-03,41.37,41.52,40.61,41.3,,1462384.0
2021-12-06,41.84,41.89,41.2,41.33,,1441549.0
2021-12-07,41.6,42.2,41.09,42.15,,1471971.0
2021-12-08,42.19,42.39,41.92,42.01,,1103579.0
2021-12-09,42.01,42.15,41.27,41.46,,1274055.0
2021-12-10,42.09,42.56,41.64,42.46,,1501331.0
2021-12-13,42.53,43.63,42.44,43.46,,2308091.0
2021-12-14,43.53,43.88,42.13,42.9,,2576897.0
2021-12-15,43.0,44.13,42.68,43.99,,2467036.0
2021-12-16,44.14,45.13,43.98,45.03,,2917861.0
2021-12-17,44.98,45.99,44.61,45.52,,4003718.0
2021-12-20,44.82,45.35,44.07,45.25,,2001991.0
2021-12-21,45.34,45.95,45.24,45.75,,3188816.0
2021-12-22,45.81,46.08,45.33,45.86,,2041566.0
2021-12-23,46.14,46.22,45.23,45.56,,1200538.0
2021-12-27,45.52,46.63,45.44,46.62,,2029731.0
2021-12-28,46.44,46.94,46.14,46.87,,830639.0
2021-12-29,47.07,47.07,46.54,46.86,,931252.0
2021-12-30,46.95,47.06,46.37,46.67,,1366865.0
2021-12-31,46.7,47.2,46.46,46.48,,1204343.0
2022-01-03,46.6,46.63,44.77,45.58,,2275176.0
2022-01-04,45.71,46.15,45.03,45.08,,2050451.0
2022-01-05,44.85,44.98,42.94,43.08,,3041887.0
2022-01-06,43.17,43.17,41.36,41.54,,4013101.0
2022-01-07,41.48,41.83,41.31,41.56,,3016640.0
2022-01-10,41.49,41.68,40.53,41.46,,4167759.0
2022-01-11,41.51,41.62,40.63,41.19,,2896320.0
2022-01-12,41.19,41.9,41.11,41.53,,2084504.0
2022-01-13,41.59,42.06,40.45,40.59,,2587293.0
2022-01-14,40.27,40.33,39.19,39.76,,2834841.0
2022-01-18,39.43,39.54,38.83,39.16,,2626706.0
2022-01-19,39.37,39.69,38.38,38.41,,2265467.0
2022-01-20,38.33,38.79,37.79,37.83,,2076735.0
2022-01-21,37.93,39.07,37.78,38.5,,3470575.0
2022-01-24,38.09,39.59,37.35,39.41,,3290664.0
2022-01-25,38.96,39.41,38.26,39.1,,2831020.0
2022-01-26,39.4,40.25,38.91,39.33,,3234531.0
2022-01-27,39.64,39.9,38.54,38.78,,1635397.0
2022-01-28,38.8,40.0,38.11,39.97,,2579528.0
2022-01-31,39.74,41.11,39.68,40.79,,9852707.0
2022-02-01,40.86,41.16,40.51,40.96,,2391828.0
2022-02-02,41.17,41.66,41.06,41.42,,1785344.0
2022-02-03,41.12,41.29,40.62,40.76,,1571195.0
2022-02-04,40.49,41.08,40.13,40.54,,1569186.0
2022-02-07,40.5,40.73,40.08,40.21,,1209312.0
2022-02-08,40.15,40.17,39.32,39.75,,1951169.0
2022-02-09,40.24,40.94,40.24,40.92,,1734321.0
2022-02-10,40.4,40.87,39.65,39.76,,1380334.0
2022-02-11,39.76,40.13,39.15,39.46,,1570360.0
2022-02-14,39.34,39.56,38.63,38.77,,1467838.0
2022-02-15,39.31,39.54,38.68,38.86,,1443347.0
2022-02-16,38.88,39.34,38.79,39.09,,1551567.0
2022-02-17,39.0,39.14,38.61,38.7,,1049453.0
2022-02-18,38.6,38.94,38.16,38.2,,1659905.0
2022-02-22,38.01,38.45,37.45,37.91,,2195312.0
2022-02-23,38.05,38.45,37.39,37.52,,2109055.0
2022-02-24,37.21,40.46,37.01,40.35,,3370382.0
2022-02-25,41.27,43.44,40.86,43.23,,3710777.0
2022-02-28,42.48,44.21,42.1,43.68,,3937051.0
2022-03-01,43.99,44.54,43.58,44.12,,2963799.0
2022-03-02,44.12,45.12,43.71,44.84,,2713601.0
2022-03-03,45.08,46.13,44.83,45.95,,2169426.0
2022-03-04,45.62,46.38,45.23,46.31,,2218844.0
2022-03-07,46.19,46.35,45.24,45.36,,2120076.0
2022-03-08,45.3,46.11,44.91,45.07,,2540234.0
2022-03-09,45.57,46.16,45.3,45.38,,1482021.0
2022-03-10,45.05,45.72,44.65,45.64,,1440312.0
2022-03-11,45.85,46.16,44.84,44.88,,1649349.0
2022-03-14,44.41,44.55,42.49,43.21,,3168159.0
2022-03-15,43.29,44.0,42.91,43.79,,2240251.0
2022-03-16,44.08,44.47,43.08,44.18,,2040525.0
2022-03-17,44.23,44.82,44.0,44.59,,1168076.0
2022-03-18,44.3,44.63,44.01,44.5,,3023386.0
2022-03-21,44.52,45.52,44.52,45.12,,1548755.0
2022-03-22,45.34,46.11,44.99,45.84,,2117668.0
2022-03-23,45.87,47.13,45.48,46.92,,2689556.0
2022-03-24,46.8,47.58,46.55,47.22,,1707548.0
2022-03-25,47.46,48.03,47.19,47.99,,1156498.0
2022-03-28,47.85,48.42,47.73,48.29,,1117848.0
2022-03-29,48.56,49.64,48.44,49.59,,2492142.0
2022-03-30,49.46,49.92,49.07,49.89,,1782134.0
2022-03-31,50.02,50.84,49.61,49.85,,2774988.0
2022-04-01,50.0,50.69,49.54,50.59,,1889664.0
2022-04-04,50.59,50.6,49.72,50.23,,1406757.0
2022-04-05,50.13,50.71,49.64,49.72,,1512662.0
2022-04-06,49.5,50.56,49.14,50.53,,1679749.0
2022-04-07,50.17,50.77,49.86,50.06,,1468154.0
2022-04-08,50.11,50.63,49.63,50.32,,1259177.0
2022-04-11,50.27,50.51,49.42,49.96,,1068932.0
2022-04-12,50.03,51.12,49.98,50.33,,1817565.0
2022-04-13,50.58,50.99,50.15,50.33,,1287012.0
2022-04-14,50.48,50.65,49.83,49.86,,1242348.0
2022-04-18,49.86,50.71,49.86,50.44,,856601.0
2022-04-19,50.6,51.21,50.53,50.79,,1133726.0
2022-04-20,50.95,52.14,50.88,51.93,,1191240.0
2022-04-21,52.18,52.73,51.73,51.8,,1001860.0
2022-04-22,51.79,51.88,50.94,50.99,,953478.0
2022-04-25,50.6,50.74,49.28,50.13,,1674457.0
2022-04-26,50.16,50.53,49.13,49.16,,1749208.0
2022-04-27,49.38,49.72,48.83,48.96,,1787339.0
2022-04-28,49.56,50.33,49.07,50.12,,1178729.0
2022-04-29,50.07,50.22,48.21,48.34,,1864859.0
2022-05-02,48.25,48.43,44.36,45.61,,2685387.0
2022-05-03,46.04,47.66,45.88,47.29,,1711775.0
2022-05-04,47.33,49.16,47.1,49.16,,1912988.0
2022-05-05,48.84,49.37,48.27,49.1,,3057761.0
2022-05-06,48.47,48.95,47.83,48.8,,1600545.0
2022-05-09,48.12,48.45,47.53,47.69,,1923928.0
2022-05-10,47.97,48.44,45.86,46.33,,2039636.0
2022-05-11,46.38,46.7,45.42,45.48,,1855232.0
2022-05-12,45.48,46.7,45.23,46.69,,1484583.0
2022-05-13,46.7,47.17,46.29,47.08,,1457216.0
2022-05-16,47.21,48.03,46.99,47.71,,1204427.0
2022-05-17,48.22,48.43,47.4,48.14,,1318792.0
2022-05-18,47.84,48.01,45.65,45.9,,1635169.0
2022-05-19,45.43,45.8,43.74,43.75,,2874304.0
2022-05-20,44.5,45.14,43.52,44.52,,3043248.0
2022-05-23,44.98,45.89,44.54,45.86,,1415835.0
2022-05-24,45.58,46.23,44.92,46.14,,1423180.0
2022-05-25,45.88,46.46,45.66,46.19,,985712.0
2022-05-26,46.21,46.99,45.95,46.74,,1320164.0
2022-05-27,47.12,49.45,46.93,49.43,,1644335.0
2022-05-31,48.94,49.21,47.66,48.49,,3855802.0
2022-06-01,48.56,48.78,47.37,48.06,,1028199.0
2022-06-02,47.74,48.41,47.27,48.4,,1045993.0
2022-06-03,48.11,48.95,47.64,48.19,,1577051.0
2022-06-06,48.64,48.78,47.67,47.76,,957208.0
2022-06-07,47.57,49.08,47.53,49.02,,927158.0
2022-06-08,48.77,48.92,47.78,47.88,,1238864.0
2022-06-09,47.8,48.02,47.02,47.04,,941993.0
2022-06-10,46.5,47.04,45.89,45.92,,1400886.0
2022-06-13,44.98,45.27,43.26,43.51,,1684998.0
2022-06-14,43.63,43.65,42.48,43.09,,2176106.0
2022-06-15,43.56,44.27,42.7,43.72,,1746146.0
2022-06-16,42.81,42.88,41.79,42.02,,1371303.0
2022-06-17,42.33,42.85,41.85,42.12,,2614436.0
2022-06-21,42.53,43.38,42.17,43.01,,1446048.0
2022-06-22,42.48,44.36,42.46,43.88,,1574802.0
2022-06-23,43.9,44.35,43.21,43.7,,1517335.0
2022-06-24,44.39,45.47,44.29,45.08,,2310826.0
2022-06-27,45.09,46.05,44.93,45.85,,1450366.0
2022-06-28,46.1,46.25,44.74,44.8,,980494.0
2022-06-29,44.52,44.79,43.73,43.91,,1644799.0
2022-06-30,43.68,45.01,43.29,44.38,,1549726.0
2022-07-01,44.36,45.19,44.3,44.96,,1263491.0
2022-07-05,44.45,44.56,43.25,44.45,,944368.0
2022-07-06,44.63,45.27,44.07,44.46,,1130245.0
2022-07-07,44.72,45.4,44.59,44.66,,1275312.0
2022-07-08,44.66,44.9,44.25,44.38,,989820.0
2022-07-11,44.2,44.38,43.73,43.79,,1062105.0
2022-07-12,43.58,44.07,43.05,43.44,,1162356.0
2022-07-13,42.89,43.42,42.74,42.99,,1227158.0
2022-07-14,42.07,42.47,40.68,40.75,,4511600.0
2022-07-15,41.41,41.48,40.58,40.87,,2306831.0
2022-07-18,41.3,42.02,41.08,41.34,,1837145.0
2022-07-19,41.74,42.41,41.41,42.31,,1515814.0
2022-07-20,42.18,42.99,42.1,42.24,,3548885.0
2022-07-21,42.35,43.22,42.02,43.07,,1578584.0
2022-07-22,43.43,43.58,42.84,43.17,,1359988.0
2022-07-25,43.18,43.46,42.67,42.85,,1574537.0
2022-07-26,42.84,43.09,42.52,42.67,,2039018.0
2022-07-27,42.79,43.05,42.38,42.88,,1439666.0
2022-07-28,43.02,43.83,42.76,43.75,,2496057.0
2022-07-29,43.86,44.38,43.78,44.19,,5013944.0
2022-08-01,43.91,44.63,43.56,44.5,,2271379.0
2022-08-02,44.38,44.64,43.97,44.08,,1626908.0
2022-08-03,44.01,44.59,43.67,44.07,,1974388.0
2022-08-04,44.31,44.83,43.74,44.6,,2007022.0
2022-08-05,44.44,47.72,44.44,47.67,,2063183.0
2022-08-08,48.06,49.73,48.02,49.21,,2368176.0
2022-08-09,49.22,49.25,48.37,48.59,,1408110.0
2022-08-10,49.22,49.66,49.0,49.33,,920648.0
2022-08-11,49.59,49.8,48.73,48.84,,975246.0
2022-08-12,48.9,49.35,48.64,49.24,,793715.0
2022-08-15,48.98,49.78,48.44,49.7,,1010557.0
2022-08-16,49.41,49.79,49.19,49.34,,1053041.0
2022-08-17,48.85,50.44,48.81,50.07,,1062633.0
2022-08-18,50.19,50.3,49.54,50.17,,1081725.0
2022-08-19,49.94,50.55,49.75,50.02,,960815.0
2022-08-22,49.52,49.55,48.76,48.87,,887464.0
2022-08-23,48.85,49.04,48.31,48.51,,1130310.0
2022-08-24,48.82,49.92,48.82,49.63,,1227392.0
2022-08-25,50.0,50.49,49.63,50.46,,996121.0
2022-08-26,50.54,50.67,49.4,49.46,,1335637.0
2022-08-29,49.03,49.65,48.77,49.22,,1174099.0
2022-08-30,49.2,49.29,48.09,48.29,,1749802.0
2022-08-31,48.56,48.63,47.5,47.95,,2210701.0
2022-09-01,47.53,48.6,47.44,48.55,,1481716.0
2022-09-02,48.97,49.27,47.4,47.51,,1768271.0
2022-09-06,47.59,47.6,46.46,47.15,,2032734.0
2022-09-07,47.34,48.11,47.19,48.08,,1034604.0
2022-09-08,47.76,48.21,47.42,48.12,,1502978.0
2022-09-09,48.63,50.55,48.5,50.34,,2067358.0
2022-09-12,50.72,51.65,50.43,51.53,,2024434.0
2022-09-13,50.57,50.73,49.71,49.94,,1727393.0
2022-09-14,49.61,50.55,49.43,50.03,,1725922.0
2022-09-15,50.17,50.43,49.07,49.32,,1763649.0
2022-09-16,49.16,51.13,48.96,50.97,,5749337.0
2022-09-19,50.19,51.79,49.9,51.79,,2807459.0
2022-09-20,51.08,51.23,46.62,46.69,,4273916.0
2022-09-21,47.02,48.56,46.2,46.23,,2164303.0
2022-09-22,45.95,45.95,44.14,44.19,,2650161.0
2022-09-23,43.58,43.79,42.54,42.95,,2021595.0
2022-09-26,42.62,42.68,40.99,41.23,,2487830.0
2022-09-27,41.69,41.86,40.04,40.18,,2437041.0
2022-09-28,40.64,41.68,40.13,41.4,,1573492.0
2022-09-29,40.93,40.95,39.94,40.38,,1541947.0
2022-09-30,41.11,41.35,40.45,40.53,,1509812.0
2022-10-03,41.2,42.36,40.46,42.07,,1888926.0
2022-10-04,42.59,44.26,42.41,43.86,,2082180.0
2022-10-05,43.07,43.71,42.09,43.37,,1265929.0
2022-10-06,43.27,43.67,42.29,42.4,,1314590.0
2022-10-07,41.97,43.0,41.81,42.08,,1861529.0
2022-10-10,42.24,42.55,41.3,41.55,,934334.0
2022-10-11,41.52,42.5,40.99,42.41,,1407101.0
2022-10-12,42.35,42.36,41.55,41.84,,895013.0
2022-10-13,40.93,42.44,40.76,42.2,,1193559.0
2022-10-14,42.89,42.96,40.66,40.69,,1139670.0
2022-10-17,41.52,42.48,41.52,42.0,,1478640.0
2022-10-18,42.99,43.95,42.88,43.44,,1373118.0
2022-10-19,42.98,43.3,41.84,42.62,,1074707.0
2022-10-20,42.77,43.82,42.57,42.68,,1134059.0
2022-10-21,42.8,43.64,42.14,43.39,,1164645.0
2022-10-24,43.77,44.28,43.35,43.96,,1029830.0
2022-10-25,44.24,45.83,44.16,45.64,,1466905.0
2022-10-26,45.51,45.82,44.9,45.45,,1362611.0
2022-10-27,45.87,46.42,45.61,45.98,,1283105.0
2022-10-28,45.82,46.56,45.44,46.18,,1119435.0
2022-10-31,45.75,46.41,45.39,46.15,,1380460.0
2022-11-01,46.56,46.83,46.03,46.28,,1154577.0
2022-11-02,46.26,46.37,44.96,45.33,,2095461.0
2022-11-03,44.45,46.6,42.96,45.94,,1662388.0
2022-11-04,46.33,46.33,44.28,45.54,,1655040.0
2022-11-07,45.82,46.35,45.45,46.02,,1627107.0
2022-11-08,46.02,47.48,45.97,46.55,,1124681.0
2022-11-09,46.25,46.66,45.19,45.32,,847963.0
2022-11-10,47.31,48.77,47.29,48.46,,1715496.0
2022-11-11,48.78,49.2,47.98,48.73,,1584399.0
2022-11-14,48.39,48.61,47.26,47.33,,1418971.0
2022-11-15,47.99,48.63,47.83,48.47,,1342153.0
2022-11-16,48.17,48.49,47.2,47.67,,1269287.0
2022-11-17,47.08,47.43,46.72,47.31,,924946.0
2022-11-18,47.93,48.44,47.59,48.21,,929777.0
2022-11-21,47.96,48.57,47.83,48.46,,1052925.0
2022-11-22,48.66,48.84,48.4,48.82,,1032895.0
2022-11-23,48.86,49.33,48.61,49.23,,657393.0
2022-11-25,49.49,49.73,49.07,49.37,,535371.0
2022-11-28,48.92,49.2,48.76,49.1,,1162451.0
2022-11-29,49.3,49.78,48.88,49.65,,1658214.0
2022-11-30,49.44,50.34,49.43,50.08,,2809994.0
2022-12-01,50.67,51.23,50.04,50.49,,1392308.0
2022-12-02,49.9,50.75,49.55,50.75,,975678.0
2022-12-05,50.23,50.84,50.08,50.69,,1450586.0
2022-12-06,50.85,50.87,49.97,50.39,,1254788.0
2022-12-07,50.41,51.09,50.02,50.17,,1139677.0
2022-12-08,50.18,50.98,50.02,50.34,,881573.0
2022-12-09,50.33,50.69,50.09,50.15,,1092586.0
2022-12-12,50.43,50.61,49.84,50.54,,1248154.0
2022-12-13,51.62,52.19,50.67,51.2,,2186769.0
2022-12-14,51.41,52.21,51.04,51.23,,1209636.0
2022-12-15,50.56,50.96,50.02,50.63,,1367976.0
2022-12-16,49.79,50.01,47.56,48.11,,2969287.0
2022-12-19,48.05,48.44,46.47,46.8,,1452571.0
2022-12-20,46.39,46.85,45.77,46.71,,1231074.0
2022-12-21,47.19,47.57,46.98,47.27,,1092995.0
2022-12-22,46.88,47.54,46.28,47.24,,1429281.0
2022-12-23,47.22,47.37,46.87,47.19,,852457.0
2022-12-27,47.26,47.33,46.67,47.26,,750148.0
2022-12-28,47.27,47.31,45.66,45.68,,1013257.0
2022-12-29,46.13,46.79,45.88,46.73,,927279.0
2022-12-30,46.5,46.71,45.96,46.47,,953131.0
2023-01-03,46.86,47.24,45.9,46.3,,1110482.0
2023-01-04,46.73,47.68,46.64,47.43,,1579458.0
2023-01-05,46.91,47.04,45.6,45.63,,1359919.0
2023-01-06,46.3,47.42,46.09,47.25,,1369507.0
2023-01-09,47.35,47.63,46.92,47.04,,1367356.0
2023-01-10,46.84,46.85,45.63,46.76,,1785034.0
2023-01-11,47.15,48.06,47.08,48.03,,1487291.0
2023-01-12,48.25,48.74,47.9,48.61,,1071973.0
2023-01-13,47.86,49.17,47.66,49.06,,1212280.0
2023-01-17,49.05,49.65,48.49,48.77,,1361095.0
2023-01-18,48.96,49.45,48.3,48.54,,1427772.0
2023-01-19,48.29,48.57,47.61,47.63,,1122454.0
2023-01-20,47.57,48.33,46.92,48.3,,1336097.0
2023-01-23,48.24,48.84,47.97,48.7,,983584.0
2023-01-24,48.63,48.83,47.74,48.61,,939641.0
2023-01-25,48.13,49.04,47.84,48.98,,1758031.0
2023-01-26,49.4,50.03,49.15,49.99,,1176666.0
2023-01-27,50.0,51.39,49.79,51.33,,1681329.0
2023-01-30,51.04,51.38,50.44,50.76,,2030243.0
2023-01-31,50.9,51.3,50.54,50.88,,7025460.0
2023-02-01,50.57,51.9,50.24,51.82,,1869119.0
2023-02-02,52.33,53.33,52.23,52.79,,1635267.0
2023-02-03,52.07,52.15,51.01,51.76,,1524350.0
2023-02-06,51.31,51.48,50.94,51.22,,1380091.0
2023-02-07,50.96,51.32,50.32,50.96,,975613.0
2023-02-08,50.71,50.94,50.38,50.57,,1365585.0
2023-02-09,50.88,51.12,49.26,49.44,,982539.0
2023-02-10,49.34,49.82,49.14,49.64,,935993.0
2023-02-13,49.66,50.23,49.66,50.11,,865475.0
2023-02-14,49.89,50.24,49.22,49.58,,816969.0
2023-02-15,49.21,49.69,49.03,49.65,,709608.0
2023-02-16,48.94,49.8,48.64,49.55,,952383.0
2023-02-17,49.49,49.62,49.01,49.03,,1816769.0
2023-02-21,48.34,48.46,47.21,47.23,,2641820.0
2023-02-22,47.25,47.47,46.73,47.19,,2302985.0
2023-02-23,48.6,50.15,48.38,49.19,,3003941.0
2023-02-24,48.54,49.14,47.97,48.75,,1688709.0
2023-02-27,49.39,49.63,48.82,49.0,,1816542.0
2023-02-28,48.94,49.56,48.88,49.17,,1736476.0
2023-03-01,48.87,49.24,48.63,49.01,,1403856.0
2023-03-02,48.73,49.32,48.44,49.21,,1373296.0
2023-03-03,49.71,51.06,49.54,50.92,,1612273.0
2023-03-06,51.04,51.48,50.9,51.16,,1309433.0
2023-03-07,51.13,51.21,49.96,50.01,,1455188.0
2023-03-08,50.08,50.48,49.79,50.19,,776571.0
2023-03-09,50.34,50.43,49.09,49.24,,1003000.0
2023-03-10,49.08,49.21,47.65,47.85,,1225592.0
2023-03-13,47.48,49.58,47.19,49.1,,1684224.0
2023-03-14,49.56,50.19,48.95,49.29,,1778937.0
2023-03-15,48.61,49.3,48.33,49.11,,1290785.0
2023-03-16,48.72,49.65,48.42,49.12,,1348506.0
2023-03-17,48.86,49.02,47.24,47.43,,3799746.0
2023-03-20,47.49,48.34,47.19,48.18,,1195072.0
2023-03-21,48.44,48.81,47.71,48.3,,1253117.0
2023-03-22,47.94,48.66,47.28,47.32,,1256389.0
2023-03-23,47.56,47.94,46.45,46.73,,1020174.0
2023-03-24,46.54,47.59,46.16,47.58,,1138848.0
2023-03-27,47.93,48.07,47.25,47.36,,1273726.0
2023-03-28,47.09,47.76,46.79,47.23,,918200.0
2023-03-29,47.78,48.08,47.62,48.07,,761517.0
2023-03-30,48.82,49.08,48.62,48.85,,767702.0
2023-03-31,49.05,49.95,49.05,49.9,,1507055.0
2023-04-03,49.76,50.44,49.4,50.0,,1368290.0
2023-04-04,49.99,50.08,49.34,49.6,,1267170.0
2023-04-05,49.42,49.88,48.62,48.65,,1500383.0
2023-04-06,48.57,49.32,48.19,49.32,,1154234.0
2023-04-10,49.05,49.41,48.69,49.39,,746007.0
2023-04-11,49.61,50.73,49.42,50.44,,1516705.0
2023-04-12,50.93,51.24,50.69,51.07,,1519127.0
2023-04-13,50.97,51.22,50.51,50.71,,1493599.0
2023-04-14,50.51,50.76,49.42,49.76,,1060020.0
2023-04-17,49.8,50.24,49.67,50.17,,2232286.0
2023-04-18,50.17,50.24,49.73,49.73,,1562480.0
2023-04-19,49.42,50.7,49.09,50.67,,1043781.0
2023-04-20,50.51,50.6,50.2,50.54,,1044736.0
2023-04-21,50.77,51.09,50.35,50.85,,997131.0
2023-04-24,51.1,51.33,50.69,51.27,,895936.0
2023-04-25,51.17,51.53,50.87,51.18,,1484589.0
2023-04-26,50.97,51.38,50.69,50.8,,944520.0
2023-04-27,51.03,51.95,50.88,51.86,,1061987.0
2023-04-28,51.86,52.37,51.73,52.1,,1050117.0
2023-05-01,51.99,52.27,51.77,52.22,,920065.0
2023-05-02,52.04,52.06,50.93,51.57,,1419613.0
2023-05-03,51.88,52.68,51.48,52.04,,1439001.0
2023-05-04,52.34,53.05,51.82,52.48,,1420396.0
2023-05-05,52.86,53.32,52.56,53.19,,873832.0
2023-05-08,52.93,53.13,52.13,52.81,,941076.0
2023-05-09,52.68,52.77,52.36,52.61,,1002798.0
2023-05-10,52.96,53.2,52.21,52.66,,1498808.0
2023-05-11,52.21,52.74,51.89,52.08,,878472.0
2023-05-12,52.15,52.36,51.33,51.96,,795228.0
2023-05-15,52.08,52.69,52.0,52.5,,809592.0
2023-05-16,52.66,52.79,51.24,51.26,,789215.0
2023-05-17,51.55,52.26,51.23,52.13,,805040.0
2023-05-18,51.69,52.16,51.31,52.04,,805638.0
2023-05-19,52.28,52.68,51.7,52.21,,851221.0
2023-05-22,52.23,52.73,51.88,51.91,,893332.0
2023-05-23,51.63,51.8,51.27,51.6,,1413040.0
2023-05-24,51.51,51.51,50.37,50.41,,1011735.0
2023-05-25,50.67,51.0,50.14,50.66,,1076378.0
2023-05-26,50.87,50.9,50.5,50.54,,1300588.0
2023-05-30,50.7,50.81,50.34,50.37,,1201955.0
2023-05-31,50.44,50.62,49.81,50.38,,8739042.0
2023-06-01,50.44,50.44,49.84,50.13,,1694694.0
2023-06-02,50.62,52.17,50.38,52.09,,1468643.0
2023-06-05,51.88,52.71,51.87,52.37,,885734.0
2023-06-06,52.61,53.04,52.1,52.55,,961210.0
2023-06-07,52.66,53.27,52.31,53.16,,946705.0
2023-06-08,52.94,52.94,52.11,52.66,,1060285.0
2023-06-09,52.72,52.99,52.34,52.88,,1403567.0
2023-06-12,53.01,53.17,52.46,53.17,,1974710.0
2023-06-13,53.07,53.57,53.02,53.18,,1167645.0
2023-06-14,53.49,54.2,53.33,54.08,,933649.0
2023-06-15,53.56,54.55,53.38,54.5,,1044778.0
2023-06-16,54.55,54.85,53.97,54.12,,2380756.0
2023-06-20,53.95,54.03,52.69,52.87,,1167255.0
2023-06-21,52.52,53.04,52.24,52.97,,866269.0
2023-06-22,53.1,53.18,52.09,52.3,,1022508.0
2023-06-23,51.95,52.33,51.24,51.46,,3362409.0
2023-06-26,51.46,52.32,51.46,52.09,,997795.0
2023-06-27,52.36,53.35,52.08,53.15,,1077410.0
2023-06-28,53.0,53.0,52.35,52.89,,1321894.0
2023-06-29,52.61,53.61,52.46,53.55,,1200553.0
2023-06-30,54.1,54.48,53.42,54.18,,2147699.0
2023-07-03,53.83,54.85,53.66,54.61,,789842.0
2023-07-05,54.57,55.77,54.07,55.52,,1595532.0
2023-07-06,54.71,55.85,54.42,55.56,,1443682.0
2023-07-07,55.26,55.66,55.02,55.25,,1505243.0
2023-07-10,55.24,56.08,55.0,56.04,,1590291.0
2023-07-11,56.24,56.25,55.45,55.82,,1302643.0
2023-07-12,56.45,56.95,56.15,56.59,,1664648.0
2023-07-13,56.68,56.74,55.85,56.36,,1272339.0
2023-07-14,56.15,56.76,55.95,56.74,,1031286.0
2023-07-17,56.84,58.75,56.49,58.43,,1906337.0
2023-07-18,58.37,59.18,58.2,58.95,,2476892.0
2023-07-19,59.26,59.47,58.74,59.33,,1281242.0
2023-07-20,59.11,59.26,58.23,59.11,,1251927.0
2023-07-21,59.31,59.31,58.69,59.01,,1437192.0
2023-07-24,59.08,59.38,58.83,59.26,,1107667.0
2023-07-25,59.21,59.53,58.91,59.18,,1552545.0
2023-07-26,59.17,59.92,59.17,59.52,,1304725.0
2023-07-27,59.7,59.95,58.07,58.24,,1382758.0
2023-07-28,58.7,58.87,57.62,57.74,,798804.0
2023-07-31,57.83,58.56,57.64,58.54,,3219483.0
2023-08-01,58.32,59.04,58.27,58.91,,1299230.0
2023-08-02,58.72,58.88,58.09,58.77,,1403869.0
2023-08-03,56.61,58.5,55.59,57.02,,2067012.0
2023-08-04,56.92,58.34,56.87,58.09,,1230954.0
2023-08-07,58.1,59.02,58.09,58.57,,1129895.0
2023-08-08,58.25,58.41,57.44,57.94,,1704911.0
2023-08-09,57.78,58.62,57.53,58.09,,1279633.0
2023-08-10,58.3,58.79,58.01,58.16,,1069133.0
2023-08-11,58.13,58.25,57.35,57.66,,1176446.0
2023-08-14,57.42,57.78,57.28,57.41,,1259475.0
2023-08-15,57.18,57.34,56.8,56.89,,1137586.0
2023-08-16,56.92,57.21,56.33,56.51,,1156778.0
2023-08-17,56.44,57.13,55.81,55.84,,959368.0
2023-08-18,55.39,56.45,55.33,56.36,,772063.0
2023-08-21,56.5,56.52,55.4,55.84,,919527.0
2023-08-22,56.74,57.42,56.73,56.77,,1330641.0
2023-08-23,57.07,58.38,57.02,58.22,,1190033.0
2023-08-24,58.24,58.9,57.72,57.72,,1019752.0
2023-08-25,57.88,58.6,57.62,58.32,,699793.0
2023-08-28,58.4,59.27,58.4,59.16,,1329398.0
2023-08-29,59.16,59.79,58.76,59.72,,915646.0
2023-08-30,59.73,60.77,59.7,60.4,,1013909.0
2023-08-31,60.44,60.77,60.31,60.58,,1444833.0
2023-09-01,60.8,61.21,60.16,60.65,,759412.0
2023-09-05,60.56,60.65,60.04,60.34,,1167804.0
2023-09-06,60.3,61.13,60.09,61.04,,1348069.0
2023-09-07,61.08,61.37,60.45,60.69,,1308446.0
2023-09-08,60.69,60.92,59.75,59.76,,1312591.0
2023-09-11,59.94,60.17,59.24,60.08,,1086886.0
2023-09-12,59.86,60.25,59.69,60.21,,1302098.0
2023-09-13,60.15,60.48,59.83,60.13,,1450248.0
2023-09-14,60.58,61.7,60.3,61.47,,1673793.0
2023-09-15,61.08,61.3,60.28,60.54,,4229666.0
2023-09-18,60.56,60.84,60.26,60.75,,1251076.0
2023-09-19,60.77,60.88,60.22,60.73,,1686721.0
2023-09-20,61.08,62.11,60.56,61.11,,2239789.0
2023-09-21,60.61,60.67,59.21,59.44,,1959416.0
2023-09-22,59.52,60.34,59.51,59.61,,1293289.0
2023-09-25,59.33,59.66,59.06,59.13,,1469698.0
2023-09-26,58.87,59.03,57.6,57.68,,1869420.0
2023-09-27,57.85,58.33,56.79,56.82,,1872022.0
2023-09-28,56.9,57.84,56.77,57.67,,1827414.0
2023-09-29,58.44,58.72,57.17,57.26,,1682050.0
2023-10-02,57.12,57.45,55.99,56.51,,2018971.0
2023-10-03,56.14,56.63,54.93,55.12,,1601145.0
2023-10-04,55.35,55.59,54.66,55.57,,1314398.0
2023-10-05,55.56,55.85,55.05,55.19,,1107976.0
2023-10-06,54.93,56.35,54.43,55.94,,1664940.0
2023-10-09,55.6,57.12,55.49,57.11,,1033865.0
2023-10-10,57.12,57.95,56.82,57.48,,1333903.0
2023-10-11,57.92,58.65,57.46,58.59,,1400997.0
2023-10-12,58.56,58.66,57.4,58.27,,1186756.0
2023-10-13,58.58,58.58,57.36,58.08,,923300.0
2023-10-16,58.49,59.51,58.07,59.4,,1278517.0
2023-10-17,58.92,60.03,58.75,59.42,,1221078.0
2023-10-18,59.08,59.18,57.78,57.78,,3345366.0
2023-10-19,57.62,58.75,57.34,57.55,,1526533.0
2023-10-20,57.82,58.18,56.98,57.04,,1640848.0
2023-10-23,56.81,57.44,56.35,56.89,,1354932.0
2023-10-24,57.19,57.69,56.96,57.45,,2047406.0
2023-10-25,56.96,57.26,56.16,56.22,,1061986.0
2023-10-26,56.47,57.17,56.47,56.85,,1695637.0
2023-10-27,57.12,57.12,55.77,56.08,,2172810.0
2023-10-30,56.4,56.81,55.74,56.14,,1580800.0
2023-10-31,56.51,57.07,55.85,56.89,,1984765.0
2023-11-01,56.99,57.46,56.64,57.46,,2320599.0
2023-11-02,58.11,58.27,55.25,57.16,,3734553.0
2023-11-03,57.92,60.27,57.92,59.48,,2323910.0
2023-11-06,59.41,59.41,57.73,58.03,,1924373.0
2023-11-07,57.36,57.52,56.39,56.99,,1928400.0
2023-11-08,57.13,57.44,56.78,57.34,,1885426.0
2023-11-09,57.47,57.47,56.43,56.7,,1222885.0
2023-11-10,57.23,57.32,56.75,57.25,,839174.0
2023-11-13,56.86,57.11,56.4,56.92,,1325476.0
2023-11-14,58.11,60.3,57.63,59.6,,1693493.0
2023-11-15,59.63,60.32,59.61,59.9,,2181708.0
2023-11-16,59.95,60.13,59.32,59.75,,1565992.0
2023-11-17,60.33,60.42,59.71,59.94,,1082130.0
2023-11-20,59.73,61.03,59.52,60.89,,1533565.0
2023-11-21,60.68,60.85,60.26,60.73,,1001681.0
2023-11-22,61.33,61.36,60.76,60.96,,727773.0
2023-11-24,60.97,61.1,60.4,60.88,,385446.0
2023-11-27,60.77,61.56,60.28,61.26,,1571318.0
2023-11-28,60.98,61.4,60.68,61.37,,960173.0
2023-11-29,61.84,61.88,60.84,60.95,,1428787.0
2023-11-30,60.82,61.83,60.63,61.79,,2052813.0
2023-12-01,61.66,63.17,61.31,63.08,,1520499.0
2023-12-04,62.76,63.81,62.61,63.76,,1766805.0
2023-12-05,63.51,63.95,63.08,63.56,,1979131.0
2023-12-06,63.98,64.14,63.35,63.55,,1194598.0
2023-12-07,63.55,63.55,62.95,63.17,,1084896.0
2023-12-08,62.9,63.42,62.28,63.04,,1067649.0
2023-12-11,63.0,63.5,62.75,63.47,,902162.0
2023-12-12,63.55,64.26,63.33,64.0,,1634299.0
2023-12-13,64.2,65.72,63.67,65.34,,1698029.0
2023-12-14,66.66,66.96,65.9,66.56,,2292226.0
2023-12-15,65.76,66.38,65.26,66.04,,3221927.0
2023-12-18,66.17,66.67,65.86,66.43,,1297746.0
2023-12-19,66.64,67.07,66.57,66.83,,994404.0
2023-12-20,66.83,67.25,66.08,66.14,,1295984.0
2023-12-21,66.6,67.16,66.09,67.14,,988273.0
2023-12-22,67.33,67.68,67.0,67.45,,775185.0
2023-12-26,67.48,68.0,67.22,67.94,,646603.0
2023-12-27,67.88,68.39,67.73,68.3,,829508.0
2023-12-28,67.8,68.7,67.8,68.65,,783250.0
2023-12-29,68.41,68.55,67.95,68.04,,960522.0
2024-01-02,67.97,68.12,66.55,66.73,,1618260.0
2024-01-03,66.25,66.38,63.22,64.39,,2568742.0
2024-01-04,64.39,65.76,64.39,64.72,,1826198.0
2024-01-05,64.33,65.67,64.08,64.9,,1732124.0
2024-01-08,64.9,66.18,64.83,66.17,,948918.0
2024-01-09,65.6,65.91,65.11,65.28,,935535.0
2024-01-10,65.33,65.58,64.95,65.32,,821635.0
2024-01-11,64.98,65.07,63.85,64.42,,1146660.0
2024-01-12,64.97,65.67,64.39,65.37,,1384399.0
2024-01-16,64.66,64.96,64.1,64.52,,1294093.0
2024-01-17,63.68,64.53,62.89,63.53,,1253927.0
2024-01-18,63.55,64.31,63.21,64.12,,1464824.0
2024-01-19,64.32,65.17,63.59,65.02,,1355511.0
2024-01-22,65.29,65.96,64.92,65.25,,1096019.0
2024-01-23,65.59,66.48,65.5,66.01,,1563241.0
2024-01-24,66.65,66.78,65.04,65.16,,1207811.0
2024-01-25,65.88,66.58,65.82,66.54,,1277382.0
2024-01-26,66.75,66.75,65.53,65.69,,1289501.0
2024-01-29,65.63,65.96,65.28,65.85,,795075.0
2024-01-30,65.66,66.77,65.52,66.37,,1025395.0
2024-01-31,66.59,66.9,65.33,65.65,,2559020.0
2024-02-01,65.56,67.37,65.27,67.36,,1409649.0
2024-02-02,66.74,67.6,65.53,67.21,,1562131.0
2024-02-05,66.35,66.91,65.76,66.56,,1443143.0
2024-02-06,66.53,67.45,66.18,67.05,,949975.0
2024-02-07,67.32,67.35,65.79,65.94,,1741456.0
2024-02-08,65.87,66.72,65.73,66.66,,820955.0
2024-02-09,66.73,67.03,66.29,66.73,,741667.0
2024-02-12,66.76,67.31,66.57,66.93,,996065.0
2024-02-13,65.61,65.61,64.37,65.17,,1348105.0
2024-02-14,65.46,65.97,65.0,65.68,,893929.0
2024-02-15,66.31,67.35,66.26,67.23,,1219728.0
2024-02-16,66.47,66.86,65.89,66.1,,1067560.0
2024-02-20,65.62,66.58,65.23,66.53,,1602682.0
2024-02-21,66.7,66.84,66.01,66.63,,1499718.0
2024-02-22,68.08,70.98,68.06,70.1,,3319004.0
2024-02-23,70.92,73.25,70.31,72.95,,2366271.0
2024-02-26,72.86,73.62,72.53,73.28,,1758926.0
2024-02-27,73.59,73.85,71.92,71.95,,1473302.0
2024-02-28,71.57,73.67,71.42,73.27,,1403081.0
2024-02-29,74.72,77.49,74.64,76.46,,4519550.0
2024-03-01,76.0,78.93,75.61,78.79,,2721616.0
2024-03-04,76.77,78.22,75.84,76.75,,3094692.0
2024-03-05,76.52,77.48,76.2,76.4,,1524403.0
2024-03-06,77.32,78.63,76.93,78.21,,1360983.0
2024-03-07,78.33,78.82,77.46,78.78,,1206126.0
2024-03-08,79.38,79.92,78.78,79.12,,1492520.0
2024-03-11,78.8,79.45,77.94,78.46,,1436328.0
2024-03-12,78.39,78.87,77.86,78.63,,1019902.0
2024-03-13,78.52,78.56,77.42,77.88,,1586637.0
2024-03-14,77.43,77.59,75.56,76.52,,1665050.0
2024-03-15,76.03,77.68,76.03,77.07,,3032355.0
2024-03-18,77.37,78.26,76.96,78.12,,1184989.0
2024-03-19,78.22,78.42,77.33,78.37,,1241021.0
2024-03-20,78.08,78.72,77.68,78.6,,1110883.0
2024-03-21,79.05,79.85,78.88,79.35,,1338126.0
2024-03-22,79.22,79.27,77.67,77.9,,1225488.0
2024-03-25,78.04,78.25,76.63,76.64,,1175259.0
2024-03-26,76.65,77.11,76.33,76.42,,1250419.0
2024-03-27,77.23,78.6,77.1,78.57,,1203136.0
2024-03-28,78.68,79.21,78.4,78.64,,1345292.0
2024-04-01,78.64,78.81,77.51,77.98,,938531.0
2024-04-02,77.32,77.38,76.47,77.21,,1353189.0
2024-04-03,76.96,77.99,76.76,77.66,,948881.0
2024-04-04,78.43,78.81,76.85,77.16,,800546.0
2024-04-05,76.94,77.6,76.72,77.1,,915961.0
2024-04-08,77.21,77.57,76.84,77.2,,776398.0
2024-04-09,77.6,77.75,76.79,77.65,,937938.0
2024-04-10,75.98,76.37,73.98,74.21,,1901504.0
2024-04-11,75.1,75.82,74.27,75.11,,994582.0
2024-04-12,74.46,75.05,73.92,74.53,,1047498.0
2024-04-15,75.18,75.18,72.81,73.37,,1190977.0
2024-04-16,73.23,73.88,72.09,73.25,,1124587.0
2024-04-17,73.52,73.99,72.74,73.68,,1244518.0
2024-04-18,73.99,74.15,72.95,72.96,,869068.0
2024-04-19,73.29,73.79,73.03,73.63,,1093163.0
2024-04-22,73.87,74.49,73.29,74.37,,926206.0
2024-04-23,74.69,75.44,74.3,75.1,,774760.0
2024-04-24,74.78,76.92,74.63,76.66,,1095432.0
2024-04-25,76.02,76.36,74.87,75.75,,1124992.0
2024-04-26,75.92,76.6,75.75,76.0,,817647.0
2024-04-29,76.47,76.73,75.72,76.44,,867006.0
2024-04-30,76.07,76.55,75.71,76.0,,1731977.0
2024-05-01,76.14,77.83,75.86,76.57,,2507961.0
2024-05-02,77.31,77.38,74.38,75.49,,2872300.0
2024-05-03,76.28,76.62,73.34,73.85,,1976983.0
2024-05-06,74.63,75.39,74.07,75.3,,1137516.0
2024-05-07,75.87,76.29,75.19,76.08,,999235.0
2024-05-08,75.58,76.72,74.91,76.51,,912584.0
2024-05-09,76.84,78.05,76.41,78.03,,1270823.0
2024-05-10,78.14,78.6,77.92,78.21,,1033743.0
2024-05-13,78.71,78.73,76.82,76.86,,970065.0
2024-05-14,77.02,79.18,77.02,78.95,,1569675.0
2024-05-15,79.94,80.88,79.68,80.73,,1067714.0
2024-05-16,80.61,81.37,80.39,80.39,,1510650.0
2024-05-17,80.87,80.87,79.69,80.19,,1735910.0
2024-05-20,80.31,80.73,79.94,80.49,,803598.0
2024-05-21,80.21,81.32,79.79,81.23,,978021.0
2024-05-22,81.07,81.07,78.83,79.37,,1243235.0
2024-05-23,79.56,79.56,77.59,77.73,,1280695.0
2024-05-24,78.01,78.84,77.77,78.66,,651298.0
2024-05-28,79.37,79.49,77.87,77.94,,996737.0
2024-05-29,77.13,77.38,76.53,76.85,,1035174.0
2024-05-30,77.22,78.72,77.03,78.08,,1057840.0
2024-05-31,78.44,79.24,77.82,79.11,,2343886.0
2024-06-03,79.44,79.66,77.6,79.15,,1194643.0
2024-06-04,78.81,79.66,78.69,79.56,,1039278.0
2024-06-05,79.74,80.87,79.13,80.73,,1447367.0
2024-06-06,81.21,83.29,80.75,83.18,,2204150.0
2024-06-07,82.1,83.95,81.94,83.8,,1805027.0
2024-06-10,83.38,85.62,83.12,85.39,,2130165.0
2024-06-11,85.16,86.02,84.55,85.62,,1638558.0
2024-06-12,87.39,88.15,85.51,85.59,,2657329.0
2024-06-13,85.7,86.77,85.17,86.05,,1719047.0
2024-06-14,85.69,86.66,85.32,86.3,,1172300.0
2024-06-17,85.76,87.61,85.71,87.18,,1513802.0
2024-06-18,87.22,87.98,86.74,87.6,,2478679.0
2024-06-20,87.26,88.59,87.07,87.73,,2314696.0
2024-06-21,87.74,87.91,85.98,87.76,,18459239.0
2024-06-24,87.16,88.54,86.84,87.99,,2064183.0
2024-06-25,87.9,87.91,86.94,87.45,,1798660.0
2024-06-26,86.96,87.72,86.87,87.36,,1251631.0
2024-06-27,88.04,88.51,87.34,88.11,,1265525.0
2024-06-28,88.39,89.28,88.0,88.51,,3284005.0
2024-07-01,88.2,88.99,87.48,88.58,,1310637.0
2024-07-02,88.81,89.93,88.46,89.73,,1545532.0
2024-07-03,89.88,91.58,89.54,90.65,,1362517.0
2024-07-05,91.03,91.44,90.24,90.47,,1191605.0
2024-07-08,90.46,91.81,90.02,91.72,,1418777.0
2024-07-09,91.73,92.66,91.57,91.98,,2122013.0
2024-07-10,92.5,94.06,91.68,93.97,,1362812.0
2024-07-11,94.91,96.3,93.09,93.35,,2976707.0
2024-07-12,93.58,95.93,93.35,94.7,,1709096.0
2024-07-15,94.81,96.67,94.67,96.62,,1096800.0
2024-07-16,97.63,99.11,96.54,98.74,,2312758.0
2024-07-17,98.09,99.53,97.85,97.99,,1824325.0
2024-07-18,97.59,99.18,96.2,96.63,,1523499.0
2024-07-19,96.98,97.53,96.26,97.07,,1082636.0
2024-07-22,97.07,98.98,96.96,98.89,,1116931.0
2024-07-23,98.82,100.13,98.59,99.69,,1053556.0
2024-07-24,99.32,99.56,95.58,95.7,,1798343.0
2024-07-25,96.14,96.6,94.76,95.7,,2755663.0
2024-07-26,96.34,97.95,95.94,97.28,,1193311.0
2024-07-29,97.57,98.62,96.69,98.25,,1232148.0
2024-07-30,98.63,100.58,98.42,100.04,,1731646.0
2024-07-31,100.74,102.13,99.43,101.29,,5561413.0
2024-08-01,103.7,109.11,103.51,108.19,,5009333.0
2024-08-02,108.19,111.4,104.62,105.37,,3465848.0
2024-08-05,101.37,105.0,99.94,103.04,,3569947.0
2024-08-06,103.66,107.13,102.76,105.13,,2122286.0
2024-08-07,106.02,108.37,104.12,104.26,,1934238.0
2024-08-08,104.76,106.19,103.28,106.04,,1365561.0
2024-08-09,106.25,107.61,105.49,107.1,,1212417.0
2024-08-12,106.86,107.38,105.29,107.33,,1201618.0
2024-08-13,108.16,108.37,106.44,106.56,,1468493.0
2024-08-14,106.69,107.8,106.44,107.35,,1074226.0
2024-08-15,107.28,108.02,106.6,107.24,,1278350.0
2024-08-16,107.23,107.79,105.98,106.96,,1996318.0
2024-08-19,107.07,108.67,106.76,108.29,,1326478.0
2024-08-20,108.39,108.48,107.71,108.17,,1123372.0
2024-08-21,108.3,111.01,107.98,110.71,,1726898.0
2024-08-22,110.75,111.53,110.13,111.39,,1529609.0
2024-08-23,111.45,112.73,110.89,111.95,,1114818.0
2024-08-26,112.58,113.37,111.67,112.0,,1311336.0
2024-08-27,111.31,113.51,111.06,113.42,,1174326.0
2024-08-28,112.57,113.28,110.25,110.91,,1429625.0
2024-08-29,110.91,112.0,109.84,110.61,,1064404.0
2024-08-30,111.07,112.09,109.65,111.86,,2391197.0
2024-09-03,111.47,112.79,110.88,111.44,,1365792.0
2024-09-04,111.61,111.97,110.42,111.48,,1370073.0
2024-09-05,111.73,111.8,106.61,107.73,,1713269.0
2024-09-06,107.71,108.29,106.26,108.13,,1471068.0
2024-09-09,108.41,109.84,108.28,109.03,,945707.0
2024-09-10,109.51,112.81,109.2,112.75,,1758742.0
2024-09-11,111.56,113.25,109.77,112.97,,1317736.0
2024-09-12,113.32,114.97,113.13,114.92,,1520193.0
2024-09-13,115.57,116.37,115.09,115.61,,1259491.0
2024-09-16,116.25,117.71,115.57,117.44,,1255628.0
2024-09-17,116.25,116.96,113.92,115.18,,1372662.0
2024-09-18,115.11,117.42,114.64,115.71,,1306405.0
2024-09-19,117.24,117.24,111.64,113.4,,1901201.0
2024-09-20,112.12,114.83,111.56,114.62,,4240846.0
2024-09-23,117.25,117.98,115.76,117.68,,1621772.0
2024-09-24,116.94,119.05,116.25,118.41,,1399500.0
2024-09-25,118.81,119.77,118.12,118.56,,1177762.0
2024-09-26,118.56,118.74,115.96,116.56,,1171571.0
2024-09-27,116.54,116.85,115.27,115.98,,1403588.0
2024-09-30,115.7,118.18,115.36,118.07,,2146282.0
2024-10-01,118.24,118.38,116.67,117.49,,1527952.0
2024-10-02,116.46,118.8,115.91,118.64,,1039496.0
2024-10-03,118.46,118.64,116.66,117.67,,948225.0
2024-10-04,117.25,118.05,116.33,117.52,,879318.0
2024-10-07,116.61,116.82,115.42,116.02,,999852.0
2024-10-08,116.93,118.54,116.14,118.08,,990870.0
2024-10-09,118.49,119.93,118.07,119.72,,1016661.0
2024-10-10,119.23,119.82,117.62,118.26,,1558086.0
2024-10-11,118.83,119.9,118.52,119.57,,718959.0
2024-10-14,119.5,120.55,119.06,120.43,,812616.0
2024-10-15,121.45,122.76,120.76,121.22,,1144391.0
2024-10-16,121.55,123.33,121.14,122.63,,1231450.0
2024-10-17,122.75,123.99,122.46,123.67,,1020129.0
2024-10-18,124.06,125.01,122.9,124.96,,1025238.0
2024-10-21,124.19,124.84,122.2,122.62,,1616599.0
2024-10-22,122.2,123.95,121.72,123.08,,1122649.0
2024-10-23,122.55,125.74,122.46,124.74,,1498183.0
2024-10-24,125.09,126.24,124.34,125.17,,1083057.0
2024-10-25,125.99,129.41,125.96,126.88,,2016334.0
2024-10-28,128.1,128.84,126.99,127.32,,1479315.0
2024-10-29,126.86,127.91,126.11,126.79,,928406.0
2024-10-30,126.87,128.32,126.1,126.83,,1106547.0
2024-10-31,126.08,126.48,122.84,122.94,,2055449.0
2024-11-01,124.08,124.45,120.22,120.39,,1847790.0
2024-11-04,120.67,122.09,120.44,121.57,,1481234.0
2024-11-05,121.66,125.08,121.66,124.93,,1669476.0
2024-11-06,121.0,123.65,111.4,113.71,,4448309.0
2024-11-07,113.11,116.33,112.01,116.17,,2278510.0
2024-11-08,116.74,119.91,116.69,118.95,,1260903.0
2024-11-11,118.21,119.22,116.66,116.69,,1394459.0
2024-11-12,116.35,116.88,113.31,113.77,,1735301.0
2024-11-13,114.78,116.17,114.21,115.24,,1182054.0
2024-11-14,115.4,115.51,112.21,112.4,,1357456.0
2024-11-15,111.96,114.72,111.58,114.15,,1486102.0
2024-11-18,112.89,114.91,112.69,114.76,,1440465.0
2024-11-19,114.2,115.98,113.9,115.77,,1028666.0
2024-11-20,114.86,115.78,114.14,115.56,,692193.0
2024-11-21,115.57,118.74,115.35,117.97,,1475902.0
2024-11-22,118.48,118.95,117.52,118.34,,692266.0
2024-11-25,119.08,120.44,118.61,120.01,,2292637.0
2024-11-26,120.04,122.88,119.81,122.82,,1018908.0
2024-11-27,123.92,124.58,122.83,123.45,,831023.0
2024-11-29,123.6,124.18,122.64,122.88,,858209.0
2024-12-02,122.21,122.25,120.39,120.81,,1908644.0
2024-12-03,121.22,122.1,119.34,119.39,,2275264.0
2024-12-04,120.3,120.46,117.45,118.1,,1420940.0
2024-12-05,117.38,118.07,116.63,117.61,,1414175.0
2024-12-06,118.03,119.69,117.44,119.39,,1131812.0
2024-12-09,119.37,120.22,113.43,113.61,,2007367.0
2024-12-10,113.38,114.15,111.15,111.3,,2486792.0
2024-12-11,112.27,113.19,110.59,112.37,,1512803.0
2024-12-12,112.28,114.07,111.82,112.2,,1201179.0
2024-12-13,111.92,112.85,110.86,111.19,,957689.0
2024-12-16,111.56,112.99,110.69,111.29,,1316613.0
2024-12-17,110.7,110.98,109.66,110.09,,1386114.0
2024-12-18,109.84,110.65,103.13,103.21,,2920734.0
2024-12-19,103.73,105.44,101.34,101.62,,3251949.0
2024-12-20,102.61,106.97,102.51,105.1,,5696148.0
2024-12-23,104.49,105.34,102.24,105.22,,2096049.0
2024-12-24,104.89,105.58,104.11,105.58,,767736.0
2024-12-26,105.15,105.97,104.17,105.73,,879951.0
2024-12-27,104.62,105.71,104.03,104.72,,954263.0
2024-12-30,104.05,104.5,101.83,103.69,,1920869.0
