time,open,high,low,close,Volume,volume
2004-11-19,7.85,8.6,7.36,8.52,,3906200.0
2004-11-22,8.57,9.53,8.24,8.33,,728000.0
2004-11-23,8.23,8.44,7.59,8.12,,505800.0
2004-11-24,8.23,8.66,8.23,8.47,,319500.0
2004-11-26,8.05,8.62,8.01,8.49,,65600.0
2004-11-29,8.66,8.75,8.19,8.49,,130700.0
2004-11-30,8.49,8.65,8.06,8.56,,194900.0
2004-12-01,8.23,8.85,8.23,8.65,,209800.0
2004-12-02,8.69,9.53,8.63,9.4,,337400.0
2004-12-03,9.52,9.83,9.16,9.65,,288100.0
2004-12-06,9.86,10.11,9.53,9.64,,192600.0
2004-12-07,9.85,9.85,9.21,9.45,,195900.0
2004-12-08,9.49,9.7,9.1,9.44,,78500.0
2004-12-09,9.35,9.49,9.12,9.36,,40900.0
2004-12-10,9.27,9.27,8.79,9.01,,86100.0
2004-12-13,8.75,9.5,8.56,8.95,,77500.0
2004-12-14,9.4,9.4,8.75,8.86,,29800.0
2004-12-15,8.66,9.05,8.57,8.7,,191400.0
2004-12-16,8.53,8.82,8.53,8.67,,108800.0
2004-12-17,8.57,8.79,8.07,8.23,,418100.0
2004-12-20,8.57,8.57,7.83,8.05,,173700.0
2004-12-21,7.79,8.45,7.79,8.2,,81400.0
2004-12-22,8.11,8.39,7.79,8.32,,50000.0
2004-12-23,8.31,8.57,8.3,8.46,,29900.0
2004-12-27,8.42,8.48,8.19,8.42,,72000.0
2004-12-28,8.34,8.43,7.98,8.23,,58200.0
2004-12-29,8.14,8.36,8.14,8.23,,80100.0
2004-12-30,8.08,8.32,8.05,8.13,,33300.0
2004-12-31,8.13,8.27,8.01,8.05,,53000.0
2005-01-03,8.06,8.18,7.62,7.68,,91300.0
2005-01-04,7.56,7.84,7.44,7.49,,105900.0
2005-01-05,7.46,7.48,7.01,7.19,,76500.0
2005-01-06,7.14,7.53,7.06,7.14,,29700.0
2005-01-07,7.06,7.43,7.01,7.14,,17500.0
2005-01-10,7.07,7.07,6.58,6.75,,75600.0
2005-01-11,6.62,6.89,6.19,6.25,,52400.0
2005-01-12,6.32,6.32,5.54,5.72,,113000.0
2005-01-13,5.86,5.86,5.3,5.39,,346100.0
2005-01-14,5.28,5.56,5.25,5.44,,109600.0
2005-01-18,5.57,5.57,5.38,5.45,,102100.0
2005-01-19,5.56,5.57,5.41,5.49,,61000.0
2005-01-20,5.36,5.97,5.36,5.93,,112300.0
2005-01-21,6.05,6.75,5.91,6.63,,197500.0
2005-01-24,6.49,6.98,6.49,6.86,,126400.0
2005-01-25,6.93,7.16,6.49,6.79,,124700.0
2005-01-26,6.8,6.93,6.32,6.73,,42200.0
2005-01-27,6.56,6.96,6.36,6.63,,42200.0
2005-01-28,6.27,7.25,6.27,6.6,,68000.0
2005-01-31,6.67,6.71,6.28,6.39,,69000.0
2005-02-01,6.31,6.75,6.31,6.49,,136100.0
2005-02-02,6.58,6.74,6.35,6.56,,83900.0
2005-02-03,6.49,6.51,6.32,6.36,,131400.0
2005-02-04,6.38,6.63,6.19,6.56,,107600.0
2005-02-07,6.62,6.62,6.19,6.51,,92800.0
2005-02-08,6.59,6.6,6.32,6.6,,149900.0
2005-02-09,6.62,6.69,6.07,6.14,,38400.0
2005-02-10,6.06,6.41,5.98,5.98,,18400.0
2005-02-11,5.98,6.59,5.98,6.21,,37800.0
2005-02-14,6.45,6.58,6.21,6.51,,26900.0
2005-02-15,6.43,6.58,6.28,6.37,,35000.0
2005-02-16,6.27,6.59,6.06,6.18,,32800.0
2005-02-17,5.97,6.23,5.93,6.03,,30400.0
2005-02-18,6.0,6.28,5.41,5.61,,165200.0
2005-02-22,5.5,5.91,5.33,5.59,,267000.0
2005-02-23,5.45,5.68,5.41,5.51,,51800.0
2005-02-24,5.41,5.54,5.37,5.52,,64900.0
2005-02-25,5.41,5.8,5.41,5.65,,134700.0
2005-02-28,6.03,6.03,5.46,5.53,,66000.0
2005-03-01,5.44,5.63,5.43,5.58,,45900.0
2005-03-02,5.44,5.63,5.44,5.49,,68100.0
2005-03-03,5.78,5.78,5.39,5.52,,29300.0
2005-03-04,5.65,5.73,5.37,5.73,,245600.0
2005-03-07,5.87,5.98,5.87,5.89,,70200.0
2005-03-08,6.11,6.58,6.11,6.44,,596700.0
2005-03-09,6.56,7.14,6.26,6.93,,137800.0
2005-03-10,7.1,7.17,6.44,6.86,,57500.0
2005-03-11,6.49,7.24,6.49,7.17,,164900.0
2005-03-14,7.22,7.29,6.61,7.27,,140000.0
2005-03-15,7.32,7.58,6.94,7.51,,67400.0
2005-03-16,7.57,7.58,6.98,7.18,,27200.0
2005-03-17,7.29,7.45,7.01,7.37,,51700.0
2005-03-18,7.48,7.53,7.11,7.52,,45500.0
2005-03-21,7.53,7.58,7.2,7.42,,28500.0
2005-03-22,7.36,7.49,6.95,7.48,,58900.0
2005-03-23,7.48,7.92,7.32,7.9,,106400.0
2005-03-24,7.91,8.0,7.77,7.97,,16900.0
2005-03-28,7.93,8.04,7.33,7.99,,104700.0
2005-03-29,7.87,8.04,7.58,7.61,,19800.0
2005-03-30,7.72,7.72,7.36,7.36,,30500.0
2005-03-31,7.45,7.65,6.99,7.65,,111600.0
2005-04-01,7.79,7.82,7.14,7.67,,104900.0
2005-04-04,7.67,7.86,7.35,7.86,,21300.0
2005-04-05,7.86,7.88,7.74,7.88,,32000.0
2005-04-06,7.8,7.88,7.68,7.68,,22100.0
2005-04-07,7.71,7.88,7.71,7.88,,8800.0
2005-04-08,7.86,7.88,7.34,7.34,,13700.0
2005-04-11,7.4,7.46,7.15,7.2,,209000.0
2005-04-12,7.08,7.57,7.05,7.48,,11300.0
2005-04-13,7.4,7.5,7.34,7.4,,4500.0
2005-04-14,7.27,7.48,6.82,6.85,,91900.0
2005-04-15,6.84,7.03,6.6,6.78,,182100.0
2005-04-18,6.66,6.88,6.51,6.8,,43400.0
2005-04-19,6.88,7.18,6.88,7.18,,46700.0
2005-04-20,7.1,7.11,6.85,6.85,,95100.0
2005-04-21,6.82,7.29,6.82,7.2,,39900.0
2005-04-22,7.2,7.2,6.16,6.29,,49900.0
2005-04-25,6.36,6.79,6.36,6.76,,23200.0
2005-04-26,6.92,6.97,6.69,6.97,,28900.0
2005-04-27,6.95,6.95,6.88,6.91,,12600.0
2005-04-28,6.69,7.14,6.69,6.96,,16200.0
2005-04-29,6.91,7.06,6.37,6.97,,127000.0
2005-05-02,6.9,6.91,5.85,6.23,,73900.0
2005-05-03,6.08,6.26,5.5,5.73,,97500.0
2005-05-04,5.86,5.91,5.72,5.91,,25200.0
2005-05-05,5.91,5.95,5.72,5.8,,24300.0
2005-05-06,5.89,6.08,5.73,6.08,,17800.0
2005-05-09,5.91,5.99,5.91,5.98,,8100.0
2005-05-10,5.88,5.98,5.84,5.9,,4800.0
2005-05-11,5.97,5.99,5.6,5.6,,128500.0
2005-05-12,5.63,5.63,5.07,5.07,,550700.0
2005-05-13,5.11,5.63,5.11,5.47,,444200.0
2005-05-16,5.56,5.73,5.35,5.71,,65200.0
2005-05-17,5.78,5.8,5.5,5.53,,29900.0
2005-05-18,5.61,5.61,5.33,5.37,,150900.0
2005-05-19,5.4,5.71,5.36,5.7,,127200.0
2005-05-20,5.63,5.72,5.49,5.59,,128600.0
2005-05-23,5.55,5.72,5.55,5.6,,62700.0
2005-05-24,5.63,5.86,5.53,5.78,,196500.0
2005-05-25,5.7,6.43,5.56,6.1,,61000.0
2005-05-26,6.23,6.49,6.22,6.44,,75500.0
2005-05-27,6.49,6.49,6.23,6.42,,91700.0
2005-05-31,6.45,6.49,6.42,6.43,,24000.0
2005-06-01,6.43,6.49,6.33,6.43,,15600.0
2005-06-02,6.45,6.52,6.42,6.5,,36000.0
2005-06-03,6.49,6.49,6.45,6.49,,23000.0
2005-06-06,6.45,6.49,6.27,6.3,,28300.0
2005-06-07,6.8,7.31,6.71,7.17,,265800.0
2005-06-08,7.26,7.79,7.04,7.54,,117700.0
2005-06-09,7.46,7.83,7.45,7.75,,71400.0
2005-06-10,7.65,7.79,7.46,7.6,,44600.0
2005-06-13,7.6,8.23,7.6,8.11,,125700.0
2005-06-14,8.19,8.28,8.05,8.16,,72100.0
2005-06-15,8.16,8.19,7.93,8.07,,65400.0
2005-06-16,8.11,8.51,8.06,8.28,,59200.0
2005-06-17,8.19,8.25,8.11,8.11,,87000.0
2005-06-20,8.23,8.23,7.53,7.64,,116700.0
2005-06-21,7.53,7.71,7.19,7.2,,112100.0
2005-06-22,7.29,7.69,7.2,7.58,,76400.0
2005-06-23,7.7,7.7,7.36,7.45,,51000.0
2005-06-24,7.39,7.99,7.39,7.99,,597200.0
2005-06-27,8.18,8.33,7.59,7.87,,128100.0
2005-06-28,7.94,8.27,7.79,8.23,,174800.0
2005-06-29,8.28,8.33,7.99,8.21,,76600.0
2005-06-30,8.23,8.23,7.66,7.69,,110400.0
2005-07-01,7.75,8.0,7.75,8.0,,79100.0
2005-07-05,8.02,8.14,7.87,8.0,,53500.0
2005-07-06,7.97,8.14,7.66,7.78,,104700.0
2005-07-07,7.59,8.03,7.59,7.98,,40100.0
2005-07-08,8.03,8.12,7.94,8.04,,66600.0
2005-07-11,8.14,8.23,7.79,8.14,,106000.0
2005-07-12,8.2,8.88,8.1,8.66,,188000.0
2005-07-13,8.75,8.8,8.55,8.75,,88000.0
2005-07-14,8.79,8.83,8.49,8.74,,122700.0
2005-07-15,8.65,8.84,8.49,8.79,,97200.0
2005-07-18,8.75,9.25,8.73,9.01,,69900.0
2005-07-19,7.19,7.53,6.61,7.27,,508500.0
2005-07-20,7.21,7.62,7.21,7.62,,62300.0
2005-07-21,7.64,7.79,7.5,7.54,,75000.0
2005-07-22,7.67,8.57,7.21,8.56,,183600.0
2005-07-25,8.63,8.64,8.24,8.31,,58700.0
2005-07-26,8.31,8.31,7.78,8.31,,55400.0
2005-07-27,8.31,8.37,8.15,8.19,,40800.0
2005-07-28,8.23,8.37,8.01,8.11,,47900.0
2005-07-29,8.13,8.23,7.49,7.92,,212900.0
2005-08-01,7.98,8.11,7.66,7.91,,24700.0
2005-08-02,7.79,7.94,7.74,7.91,,39200.0
2005-08-03,7.79,7.83,7.71,7.71,,23700.0
2005-08-04,7.71,7.77,7.23,7.26,,80500.0
2005-08-05,7.31,7.43,6.75,7.07,,86400.0
2005-08-08,7.08,7.12,6.63,6.84,,37800.0
2005-08-09,6.85,6.94,6.65,6.94,,24600.0
2005-08-10,6.8,6.93,6.69,6.86,,39500.0
2005-08-11,6.84,6.84,6.6,6.8,,47200.0
2005-08-12,6.71,6.84,6.54,6.68,,27800.0
2005-08-15,6.68,6.78,6.58,6.7,,52500.0
2005-08-16,6.67,6.75,6.5,6.5,,51400.0
2005-08-17,6.51,6.62,6.5,6.53,,25500.0
2005-08-18,6.49,6.58,6.26,6.41,,34300.0
2005-08-19,6.37,6.39,5.9,6.06,,121800.0
2005-08-22,6.14,6.24,5.9,6.18,,60400.0
2005-08-23,6.23,6.23,6.12,6.19,,28000.0
2005-08-24,6.19,6.23,6.11,6.13,,26100.0
2005-08-25,6.19,6.23,5.96,6.19,,75800.0
2005-08-26,6.08,6.21,6.06,6.06,,62100.0
2005-08-29,5.99,5.99,5.9,5.98,,28000.0
2005-08-30,5.9,6.06,5.9,6.01,,42900.0
2005-08-31,6.3,7.01,6.3,6.97,,189100.0
2005-09-01,7.02,7.46,7.01,7.3,,110400.0
2005-09-02,7.36,7.62,7.19,7.29,,57900.0
2005-09-06,7.31,7.36,7.16,7.27,,39300.0
2005-09-07,7.26,7.26,7.16,7.22,,19900.0
2005-09-08,7.27,7.27,7.04,7.04,,36200.0
2005-09-09,7.11,7.11,6.84,7.01,,31000.0
2005-09-12,7.01,7.36,6.68,7.28,,100164.0
2005-09-13,7.25,7.6,7.07,7.55,,67700.0
2005-09-14,7.59,7.61,7.02,7.04,,108500.0
2005-09-15,7.05,7.14,6.75,7.06,,77900.0
2005-09-16,7.19,7.2,7.02,7.2,,130500.0
2005-09-19,7.1,7.3,7.01,7.17,,76900.0
2005-09-20,7.2,7.32,7.01,7.31,,50200.0
2005-09-21,7.23,7.35,7.23,7.27,,34500.0
2005-09-22,7.32,7.36,7.07,7.28,,66100.0
2005-09-23,7.33,7.4,7.19,7.33,,98400.0
2005-09-26,7.36,7.44,7.32,7.38,,99300.0
2005-09-27,7.36,7.53,7.31,7.33,,68100.0
2005-09-28,7.33,7.36,7.17,7.2,,34100.0
2005-09-29,7.22,7.36,7.22,7.35,,31000.0
2005-09-30,7.35,7.36,7.29,7.35,,48600.0
2005-10-03,7.34,7.61,7.33,7.59,,110300.0
2005-10-04,7.46,7.78,7.46,7.57,,186400.0
2005-10-05,7.63,8.75,7.39,8.57,,384900.0
2005-10-06,8.46,8.82,8.08,8.54,,339800.0
2005-10-07,8.57,8.73,8.49,8.69,,124700.0
2005-10-10,8.57,8.66,8.31,8.61,,152100.0
2005-10-11,8.61,8.76,8.25,8.66,,293900.0
2005-10-12,8.63,8.74,8.45,8.69,,137900.0
2005-10-13,8.71,9.45,8.66,9.4,,323800.0
2005-10-14,9.4,9.53,9.15,9.47,,124500.0
2005-10-17,9.32,9.44,8.55,9.16,,128000.0
2005-10-18,9.18,9.18,8.67,8.94,,32000.0
2005-10-19,8.82,9.09,8.69,9.02,,70300.0
2005-10-20,8.94,9.46,8.81,9.27,,157000.0
2005-10-21,9.2,9.72,9.07,9.57,,202500.0
2005-10-24,9.62,10.39,9.6,10.39,,213200.0
2005-10-25,10.39,10.39,9.87,10.0,,95300.0
2005-10-26,9.97,10.5,9.53,9.59,,279200.0
2005-10-27,10.48,11.25,10.48,11.15,,724500.0
2005-10-28,11.26,11.26,11.03,11.14,,280000.0
2005-10-31,11.14,11.35,10.84,11.11,,388900.0
2005-11-01,10.85,11.09,10.36,10.5,,212800.0
2005-11-02,10.23,11.08,9.49,10.89,,242100.0
2005-11-03,10.82,11.3,10.54,10.86,,233400.0
2005-11-04,10.66,11.13,10.56,11.12,,157200.0
2005-11-07,11.21,11.31,10.96,11.27,,202000.0
2005-11-08,11.26,12.64,11.17,12.13,,560400.0
2005-11-09,12.25,12.56,12.21,12.47,,260900.0
2005-11-10,12.47,12.53,12.17,12.3,,201800.0
2005-11-11,12.99,15.01,12.89,14.13,,1178300.0
2005-11-14,14.12,14.78,13.91,14.56,,796200.0
2005-11-15,14.49,15.04,14.38,14.76,,580100.0
2005-11-16,14.72,15.06,14.5,14.93,,407300.0
2005-11-17,14.9,15.14,11.93,13.77,,2061500.0
2005-11-18,13.73,13.79,12.91,13.03,,1093000.0
2005-11-21,13.03,13.11,11.53,11.56,,533400.0
2005-11-22,11.21,12.25,10.87,11.97,,507700.0
2005-11-23,12.12,12.13,11.47,11.69,,197600.0
2005-11-25,11.69,11.69,10.82,11.13,,68900.0
2005-11-28,11.26,11.65,11.26,11.6,,108400.0
2005-11-29,11.61,11.69,11.41,11.58,,148400.0
2005-11-30,11.46,11.77,11.46,11.53,,97900.0
2005-12-01,11.69,12.98,11.49,12.51,,208000.0
2005-12-02,12.53,12.73,12.32,12.5,,57700.0
2005-12-05,12.37,12.57,12.1,12.23,,100600.0
2005-12-06,12.32,12.74,12.3,12.44,,28600.0
2005-12-07,12.5,12.5,12.07,12.18,,65200.0
2005-12-08,12.12,12.56,12.12,12.32,,57300.0
2005-12-09,12.32,12.37,12.18,12.29,,29900.0
2005-12-12,12.29,12.32,11.82,11.99,,55500.0
2005-12-13,11.91,12.4,11.91,12.19,,44900.0
2005-12-14,12.08,12.23,11.61,11.76,,95200.0
2005-12-15,11.78,12.68,11.78,12.63,,178300.0
2005-12-16,12.69,12.9,12.47,12.77,,182800.0
2005-12-19,12.73,13.11,12.52,12.99,,236400.0
2005-12-20,12.93,12.99,12.25,12.5,,219700.0
2005-12-21,12.63,12.63,12.24,12.33,,56700.0
2005-12-22,12.29,12.57,12.24,12.57,,31400.0
2005-12-23,12.57,12.57,12.3,12.34,,16000.0
2005-12-27,12.33,12.51,12.23,12.23,,40800.0
2005-12-28,12.31,12.31,11.99,12.18,,144900.0
2005-12-29,12.11,12.37,12.1,12.27,,51100.0
2005-12-30,12.3,12.99,12.12,12.98,,122300.0
2006-01-03,12.77,13.21,12.59,13.06,,75300.0
2006-01-04,12.99,13.2,12.85,13.06,,35800.0
2006-01-05,13.02,13.86,12.82,13.15,,146900.0
2006-01-06,13.32,13.41,12.96,13.11,,280500.0
2006-01-09,13.21,13.42,12.83,13.01,,299200.0
2006-01-10,12.83,13.16,12.83,13.02,,140100.0
2006-01-11,12.93,13.86,12.93,13.73,,182100.0
2006-01-12,13.66,14.28,13.55,14.24,,262100.0
2006-01-13,14.29,14.37,13.82,13.86,,50200.0
2006-01-17,13.89,14.18,13.79,13.86,,73700.0
2006-01-18,13.77,13.94,13.77,13.86,,48800.0
2006-01-19,13.86,15.1,13.77,14.81,,188300.0
2006-01-20,14.82,15.15,14.42,14.42,,122000.0
2006-01-23,14.52,14.52,14.25,14.35,,57500.0
2006-01-24,14.5,15.59,14.38,15.15,,113600.0
2006-01-25,15.18,15.18,14.84,15.15,,65200.0
2006-01-26,15.28,15.46,14.89,15.27,,115800.0
2006-01-27,15.19,15.39,14.83,15.18,,75800.0
2006-01-30,15.16,15.18,14.72,14.83,,79400.0
2006-01-31,14.72,15.03,14.67,14.95,,65100.0
2006-02-01,14.81,15.2,14.62,15.06,,63500.0
2006-02-02,15.0,15.51,14.82,15.47,,132100.0
2006-02-03,15.44,16.06,15.19,15.76,,160800.0
2006-02-06,15.67,15.78,15.32,15.78,,57100.0
2006-02-07,15.83,15.84,15.56,15.68,,256200.0
2006-02-08,15.59,16.09,15.54,15.93,,66300.0
2006-02-09,15.85,17.2,15.82,16.96,,176800.0
2006-02-10,16.96,16.96,16.44,16.74,,86100.0
2006-02-13,16.63,16.79,16.17,16.41,,139400.0
2006-02-14,16.45,16.45,15.2,15.29,,175100.0
2006-02-15,15.29,16.19,15.2,16.19,,37000.0
2006-02-16,16.24,16.28,15.9,16.27,,20700.0
2006-02-17,16.38,16.38,15.59,15.67,,47000.0
2006-02-21,15.47,15.67,15.26,15.66,,33300.0
2006-02-22,15.67,15.76,15.47,15.6,,17300.0
2006-02-23,15.52,15.59,15.39,15.54,,84300.0
2006-02-24,15.45,15.8,15.34,15.6,,199900.0
2006-02-27,15.59,15.59,15.46,15.53,,31800.0
2006-02-28,15.59,15.59,14.62,14.76,,59300.0
2006-03-01,14.72,14.83,14.03,14.54,,328500.0
2006-03-02,14.43,14.76,13.89,14.62,,291900.0
2006-03-03,14.62,14.82,14.22,14.58,,448000.0
2006-03-06,14.56,15.2,14.5,14.93,,216100.0
2006-03-07,15.08,15.08,14.67,14.92,,63200.0
2006-03-08,14.89,15.02,14.69,14.9,,76800.0
2006-03-09,14.8,14.81,14.46,14.63,,331800.0
2006-03-10,14.55,14.94,12.86,13.51,,687600.0
2006-03-13,13.75,14.49,13.43,13.56,,251100.0
2006-03-14,11.99,12.93,11.53,12.63,,1273800.0
2006-03-15,12.56,12.98,12.12,12.52,,327300.0
2006-03-16,12.52,13.04,12.13,12.44,,149100.0
2006-03-17,12.44,12.44,11.91,12.21,,357100.0
2006-03-20,12.28,12.54,12.19,12.3,,69700.0
2006-03-21,12.3,12.67,12.22,12.26,,102300.0
2006-03-22,12.34,12.34,12.21,12.24,,103800.0
2006-03-23,12.24,12.42,12.09,12.36,,78400.0
2006-03-24,12.4,12.51,12.23,12.44,,55800.0
2006-03-27,12.47,12.95,12.38,12.89,,172900.0
2006-03-28,13.86,14.5,13.61,13.64,,303800.0
2006-03-29,14.12,15.15,14.12,15.01,,378700.0
2006-03-30,15.01,16.45,14.67,16.36,,410800.0
2006-03-31,16.19,16.46,15.63,16.14,,375500.0
2006-04-03,15.99,17.15,15.68,16.39,,500900.0
2006-04-04,16.33,16.49,16.24,16.38,,135100.0
2006-04-05,16.31,16.5,16.18,16.3,,104000.0
2006-04-06,16.17,17.32,16.17,16.86,,219300.0
2006-04-07,16.77,16.97,15.94,16.47,,361700.0
2006-04-10,16.25,16.38,15.46,15.76,,330000.0
2006-04-11,15.9,15.93,14.91,15.41,,239000.0
2006-04-12,15.33,15.95,15.33,15.85,,157300.0
2006-04-13,15.65,15.81,14.81,15.09,,551500.0
2006-04-17,15.11,15.41,14.86,14.92,,141800.0
2006-04-18,15.24,15.93,15.11,15.73,,470200.0
2006-04-19,15.65,15.83,15.4,15.64,,169500.0
2006-04-20,15.59,16.04,15.48,16.04,,170800.0
2006-04-21,16.13,16.24,15.71,15.92,,108600.0
2006-04-24,15.92,16.06,15.76,15.99,,119300.0
2006-04-25,15.99,16.04,15.8,16.02,,493500.0
2006-04-26,15.98,16.64,15.98,16.19,,345100.0
2006-04-27,16.11,16.36,15.72,15.93,,62000.0
2006-04-28,15.83,16.01,15.57,15.82,,110000.0
2006-05-01,15.8,16.01,14.59,15.0,,371600.0
2006-05-02,14.65,16.62,14.5,16.38,,456500.0
2006-05-03,16.45,16.76,16.18,16.64,,191600.0
2006-05-04,16.51,16.58,15.77,16.02,,121600.0
2006-05-05,16.11,16.58,15.98,16.02,,193800.0
2006-05-08,16.1,16.1,15.04,15.12,,135900.0
2006-05-09,15.02,15.02,14.62,14.7,,199900.0
2006-05-10,15.07,15.22,14.59,15.03,,218500.0
2006-05-11,15.03,15.11,14.89,14.99,,139500.0
2006-05-12,14.82,15.09,14.65,14.89,,79300.0
2006-05-15,14.72,14.81,13.94,14.3,,151400.0
2006-05-16,14.29,14.63,14.28,14.53,,150500.0
2006-05-17,14.44,14.45,13.86,13.98,,139500.0
2006-05-18,14.01,14.11,13.87,13.9,,90800.0
2006-05-19,13.87,14.29,13.76,14.16,,178500.0
2006-05-22,14.03,14.23,13.98,14.05,,119900.0
2006-05-23,14.21,14.72,14.04,14.05,,108800.0
2006-05-24,14.09,14.25,13.86,14.01,,92500.0
2006-05-25,14.17,14.48,13.99,14.0,,93800.0
2006-05-26,14.11,14.27,13.08,13.5,,141200.0
2006-05-30,13.42,13.44,12.95,12.99,,83700.0
2006-05-31,13.07,13.21,12.6,12.69,,129000.0
2006-06-01,12.76,13.29,12.76,13.28,,118600.0
2006-06-02,13.29,13.32,12.84,13.19,,71200.0
2006-06-05,13.19,13.42,12.19,12.68,,141700.0
2006-06-06,12.34,12.63,11.97,12.44,,90700.0
2006-06-07,12.47,12.56,12.06,12.08,,136100.0
2006-06-08,12.0,12.04,11.14,11.4,,172100.0
2006-06-09,11.4,11.77,11.21,11.27,,121200.0
2006-06-12,11.28,11.3,10.56,10.57,,162900.0
2006-06-13,10.57,11.47,10.45,10.78,,71300.0
2006-06-14,10.74,11.23,10.5,10.92,,83700.0
2006-06-15,11.08,11.7,10.95,11.55,,185800.0
2006-06-16,11.38,11.47,10.56,10.84,,515000.0
2006-06-19,10.82,10.82,10.52,10.58,,160700.0
2006-06-20,10.65,10.94,10.52,10.56,,135100.0
2006-06-21,10.56,10.79,10.39,10.53,,169300.0
2006-06-22,10.55,10.66,9.78,10.17,,218600.0
2006-06-23,10.17,10.31,9.97,10.24,,175600.0
2006-06-26,10.3,10.37,9.86,9.98,,198300.0
2006-06-27,9.98,10.03,9.27,9.53,,474100.0
2006-06-28,9.59,9.74,9.44,9.72,,124900.0
2006-06-29,9.79,9.96,9.7,9.94,,112100.0
2006-06-30,9.93,10.33,9.92,10.24,,507200.0
2006-07-03,10.33,10.33,10.01,10.25,,39000.0
2006-07-05,10.14,10.15,9.53,9.62,,158800.0
2006-07-06,9.61,9.67,9.46,9.6,,163800.0
2006-07-07,9.48,9.53,9.12,9.33,,128900.0
2006-07-10,9.31,9.49,8.63,8.65,,466000.0
2006-07-11,8.62,8.73,8.43,8.67,,423900.0
2006-07-12,8.62,8.75,8.45,8.45,,181300.0
2006-07-13,8.41,8.83,8.4,8.66,,229400.0
2006-07-14,8.69,8.69,8.53,8.57,,208400.0
2006-07-17,8.57,8.75,8.43,8.68,,72600.0
2006-07-18,8.73,8.83,7.95,8.17,,131500.0
2006-07-19,8.34,9.72,8.17,9.4,,261400.0
2006-07-20,9.45,9.45,8.7,8.72,,101600.0
2006-07-21,8.67,8.7,8.13,8.37,,97900.0
2006-07-24,8.43,8.76,8.43,8.6,,223700.0
2006-07-25,8.58,8.69,8.21,8.39,,79700.0
2006-07-26,8.33,8.57,8.11,8.28,,119400.0
2006-07-27,8.36,8.52,8.27,8.27,,122700.0
2006-07-28,8.38,8.69,8.14,8.21,,293500.0
2006-07-31,8.15,8.48,8.11,8.19,,556600.0
2006-08-01,8.26,8.37,7.9,8.04,,93000.0
2006-08-02,8.19,8.64,8.16,8.2,,597800.0
2006-08-03,8.12,8.41,8.01,8.23,,319500.0
2006-08-04,8.34,8.35,7.66,7.67,,209100.0
2006-08-07,7.62,7.79,7.54,7.66,,94100.0
2006-08-08,7.66,7.79,7.37,7.4,,107900.0
2006-08-09,7.44,7.54,7.19,7.23,,95700.0
2006-08-10,7.16,7.2,6.97,7.16,,107600.0
2006-08-11,7.16,7.2,6.93,7.04,,99900.0
2006-08-14,7.1,7.46,7.08,7.16,,66400.0
2006-08-15,7.27,7.62,7.27,7.6,,96800.0
2006-08-16,7.69,7.95,7.65,7.93,,256600.0
2006-08-17,7.88,8.29,7.84,8.26,,135000.0
2006-08-18,8.3,8.3,7.95,8.04,,101400.0
2006-08-21,7.9,8.04,7.58,7.61,,78800.0
2006-08-22,7.56,7.88,7.56,7.87,,70700.0
2006-08-23,7.91,7.93,7.58,7.66,,58400.0
2006-08-24,7.7,7.79,7.46,7.75,,147700.0
2006-08-25,7.79,8.03,7.76,7.85,,67300.0
2006-08-28,7.91,8.07,7.48,7.59,,262500.0
2006-08-29,7.6,8.37,7.6,8.34,,113800.0
2006-08-30,8.37,8.39,7.77,7.98,,152600.0
2006-08-31,7.98,8.05,7.69,7.85,,140300.0
2006-09-01,7.9,7.97,7.79,7.89,,45200.0
2006-09-05,7.91,8.11,7.79,8.07,,38100.0
2006-09-06,8.03,8.09,7.84,7.87,,63500.0
2006-09-07,7.8,8.31,7.75,8.2,,126500.0
2006-09-08,8.25,8.28,7.97,8.08,,97200.0
2006-09-11,8.03,8.14,7.96,8.09,,49100.0
2006-09-12,8.12,8.28,8.02,8.27,,51300.0
2006-09-13,8.24,8.4,8.06,8.35,,160500.0
2006-09-14,8.31,8.39,8.21,8.38,,153900.0
2006-09-15,8.49,8.81,8.37,8.65,,209900.0
2006-09-18,8.64,8.68,8.49,8.6,,73500.0
2006-09-19,8.64,8.69,8.24,8.43,,65600.0
2006-09-20,8.45,8.64,8.27,8.46,,51600.0
2006-09-21,8.52,8.52,8.05,8.09,,80000.0
2006-09-22,8.31,8.53,8.11,8.5,,221600.0
2006-09-25,8.57,8.82,8.36,8.69,,353300.0
2006-09-26,8.7,8.78,8.5,8.54,,162100.0
2006-09-27,8.48,8.77,8.45,8.71,,156300.0
2006-09-28,8.77,8.77,8.52,8.54,,109700.0
2006-09-29,8.53,8.56,8.13,8.19,,116400.0
2006-10-02,8.19,8.19,7.85,7.97,,209300.0
2006-10-03,7.93,8.29,7.82,8.23,,170900.0
2006-10-04,8.24,8.65,8.11,8.55,,185000.0
2006-10-05,8.58,8.77,8.55,8.75,,142300.0
2006-10-06,8.76,8.76,8.34,8.62,,107800.0
2006-10-09,8.56,8.92,8.4,8.88,,172500.0
2006-10-10,8.87,9.45,8.71,9.22,,292900.0
2006-10-11,9.19,9.61,9.19,9.49,,227600.0
2006-10-12,9.96,11.34,9.96,10.74,,947100.0
2006-10-13,10.8,11.21,10.6,11.17,,370900.0
2006-10-16,11.17,11.17,10.82,11.0,,201600.0
2006-10-17,10.89,10.92,10.49,10.72,,104100.0
2006-10-18,10.76,10.78,10.24,10.47,,152100.0
2006-10-19,10.43,10.92,10.43,10.86,,151500.0
2006-10-20,10.94,10.94,10.44,10.51,,171100.0
2006-10-23,10.59,10.79,10.32,10.43,,82000.0
2006-10-24,10.37,10.58,10.19,10.22,,104700.0
2006-10-25,10.2,10.22,9.85,10.04,,103000.0
2006-10-26,10.05,10.31,9.88,10.26,,134900.0
2006-10-27,10.27,10.29,9.81,10.11,,96700.0
2006-10-30,10.0,10.6,10.0,10.36,,271700.0
2006-10-31,9.23,9.31,8.21,8.69,,1389500.0
2006-11-01,8.71,8.81,8.52,8.56,,289700.0
2006-11-02,8.53,8.58,8.23,8.51,,195800.0
2006-11-03,8.51,8.68,8.43,8.64,,479300.0
2006-11-06,8.71,8.71,8.5,8.64,,225500.0
2006-11-07,8.6,8.65,8.3,8.63,,464000.0
2006-11-08,8.61,8.96,8.53,8.78,,235900.0
2006-11-09,8.83,8.95,8.73,8.92,,151900.0
2006-11-10,8.91,9.09,8.88,9.01,,152000.0
2006-11-13,8.98,9.14,8.88,9.12,,143700.0
2006-11-14,9.11,9.44,9.01,9.44,,163800.0
2006-11-15,9.35,9.51,9.09,9.19,,217800.0
2006-11-16,9.29,9.4,9.08,9.34,,150600.0
2006-11-17,9.33,9.38,9.21,9.27,,118000.0
2006-11-20,9.27,9.47,9.19,9.46,,44200.0
2006-11-21,9.48,9.53,9.27,9.41,,51700.0
2006-11-22,9.47,9.53,9.23,9.34,,58500.0
2006-11-24,9.27,9.33,9.17,9.31,,45200.0
2006-11-27,9.25,9.25,8.9,8.92,,236900.0
2006-11-28,8.91,8.99,8.86,8.92,,96900.0
2006-11-29,8.99,9.21,8.98,9.14,,62200.0
2006-11-30,9.0,9.3,8.96,9.22,,182400.0
2006-12-01,9.25,9.3,9.01,9.25,,127000.0
2006-12-04,9.34,9.66,9.18,9.59,,213300.0
2006-12-05,9.66,9.84,9.6,9.8,,105800.0
2006-12-06,9.74,9.82,9.59,9.72,,77100.0
2006-12-07,9.75,9.75,9.5,9.54,,94600.0
2006-12-08,9.53,9.7,9.47,9.67,,73200.0
2006-12-11,9.66,9.68,9.53,9.6,,85100.0
2006-12-12,9.62,9.66,9.5,9.53,,112700.0
2006-12-13,9.56,9.65,9.39,9.44,,102100.0
2006-12-14,9.48,9.85,9.4,9.74,,84900.0
2006-12-15,9.74,9.8,9.39,9.53,,375800.0
2006-12-18,9.53,9.78,9.53,9.72,,100200.0
2006-12-19,9.64,9.74,9.53,9.68,,68200.0
2006-12-20,9.66,9.79,9.53,9.55,,86700.0
2006-12-21,9.58,9.96,9.53,9.74,,101100.0
2006-12-22,9.74,9.74,9.47,9.61,,90300.0
2006-12-26,9.57,9.81,9.57,9.68,,34200.0
2006-12-27,9.73,9.78,9.51,9.57,,108600.0
2006-12-28,9.59,9.59,9.47,9.53,,34300.0
2006-12-29,9.53,9.68,9.44,9.62,,87900.0
2007-01-03,9.7,9.7,9.53,9.66,,74500.0
2007-01-04,9.68,9.7,9.53,9.66,,54700.0
2007-01-05,9.6,9.73,9.48,9.53,,86600.0
2007-01-08,9.53,9.91,9.53,9.91,,127100.0
2007-01-09,9.9,10.13,9.81,10.11,,394600.0
2007-01-10,10.04,10.25,9.99,10.24,,90500.0
2007-01-11,10.24,10.26,9.97,10.13,,128400.0
2007-01-12,10.15,10.19,9.96,10.17,,86800.0
2007-01-16,10.18,10.53,10.17,10.53,,332600.0
2007-01-17,10.47,10.52,10.24,10.45,,111700.0
2007-01-18,10.39,10.43,9.99,10.18,,277600.0
2007-01-19,10.18,10.46,9.89,10.44,,146200.0
2007-01-22,10.39,10.46,10.33,10.39,,93500.0
2007-01-23,10.38,10.5,10.31,10.42,,248600.0
2007-01-24,10.44,10.76,10.39,10.67,,129200.0
2007-01-25,10.68,10.7,10.39,10.43,,111300.0
2007-01-26,10.43,10.82,10.35,10.77,,113000.0
2007-01-29,10.69,10.82,10.54,10.82,,80800.0
2007-01-30,10.82,10.87,10.61,10.72,,49900.0
2007-01-31,10.73,10.8,10.52,10.66,,97300.0
2007-02-01,10.71,11.26,10.54,11.21,,127600.0
2007-02-02,11.23,11.28,10.93,11.18,,169300.0
2007-02-05,11.21,11.56,11.18,11.44,,279300.0
2007-02-06,11.5,11.52,11.29,11.43,,89600.0
2007-02-07,11.34,11.47,11.07,11.22,,293800.0
2007-02-08,11.24,11.25,10.92,10.98,,184800.0
2007-02-09,11.04,11.2,10.85,10.93,,157100.0
2007-02-12,11.0,11.03,10.7,10.91,,162400.0
2007-02-13,11.26,11.82,11.26,11.79,,514900.0
2007-02-14,11.86,11.97,11.69,11.92,,253000.0
2007-02-15,11.87,11.93,11.77,11.89,,93400.0
2007-02-16,11.89,11.91,11.69,11.87,,134400.0
2007-02-20,11.82,12.06,11.7,12.01,,100000.0
2007-02-21,11.89,12.05,11.68,11.84,,187500.0
2007-02-22,11.84,12.07,11.73,12.04,,361700.0
2007-02-23,11.47,11.74,11.47,11.69,,305000.0
2007-02-26,11.7,11.72,11.48,11.5,,222200.0
2007-02-27,11.33,11.47,11.0,11.25,,297400.0
2007-02-28,11.18,11.53,10.93,10.99,,308900.0
2007-03-01,10.88,11.3,10.78,11.22,,240400.0
2007-03-02,11.21,11.38,11.07,11.25,,130900.0
2007-03-05,11.09,11.37,10.91,10.95,,273700.0
2007-03-06,11.02,11.17,10.98,11.13,,51600.0
2007-03-07,11.09,11.15,10.74,11.14,,120300.0
2007-03-08,11.14,11.21,10.95,11.11,,82000.0
2007-03-09,11.18,11.33,11.12,11.31,,310500.0
2007-03-12,11.43,11.83,11.4,11.73,,128200.0
2007-03-13,11.63,11.64,11.21,11.41,,204300.0
2007-03-14,11.36,11.69,11.21,11.56,,123200.0
2007-03-15,11.58,11.58,11.21,11.35,,111100.0
2007-03-16,11.34,11.73,11.26,11.54,,203300.0
2007-03-19,11.6,11.92,11.6,11.69,,121800.0
2007-03-20,11.72,11.72,11.5,11.56,,64700.0
2007-03-21,11.53,11.6,11.33,11.54,,88400.0
2007-03-22,11.6,11.64,11.45,11.53,,76800.0
2007-03-23,11.46,11.62,11.27,11.37,,72300.0
2007-03-26,11.33,11.47,11.19,11.47,,37800.0
2007-03-27,11.4,11.4,11.1,11.34,,60000.0
2007-03-28,11.27,11.32,11.18,11.27,,52700.0
2007-03-29,11.36,11.4,11.15,11.32,,90000.0
2007-03-30,11.3,11.3,10.98,11.17,,188200.0
2007-04-02,11.24,11.25,10.96,11.17,,173300.0
2007-04-03,11.24,11.56,11.1,11.12,,174700.0
2007-04-04,11.09,11.26,10.97,11.23,,40400.0
2007-04-05,11.21,11.35,11.08,11.29,,140100.0
2007-04-09,11.32,11.37,11.27,11.34,,78500.0
2007-04-10,11.31,11.57,11.3,11.56,,95700.0
2007-04-11,11.53,11.53,11.01,11.02,,180800.0
2007-04-12,10.97,11.21,10.97,11.19,,88600.0
2007-04-13,11.16,11.3,11.0,11.28,,49000.0
2007-04-16,11.33,11.69,11.29,11.6,,181000.0
2007-04-17,11.59,11.81,11.22,11.26,,165900.0
2007-04-18,11.24,11.37,11.15,11.15,,84700.0
2007-04-19,11.1,11.2,11.01,11.16,,64900.0
2007-04-20,11.36,11.36,11.01,11.03,,108500.0
2007-04-23,11.0,11.46,11.0,11.43,,150700.0
2007-04-24,11.4,11.64,11.27,11.54,,136100.0
2007-04-25,11.62,11.78,11.37,11.66,,136500.0
2007-04-26,11.47,11.58,11.09,11.18,,260700.0
2007-04-27,11.85,12.98,11.71,12.19,,715700.0
2007-04-30,12.17,12.25,11.6,11.81,,468800.0
2007-05-01,11.85,12.09,11.6,11.79,,268500.0
2007-05-02,11.78,12.08,11.6,11.91,,244800.0
2007-05-03,11.64,12.04,11.64,11.95,,132900.0
2007-05-04,12.0,12.12,11.84,12.12,,84600.0
2007-05-07,12.21,12.57,12.13,12.42,,286800.0
2007-05-08,12.21,12.43,12.1,12.21,,164000.0
2007-05-09,12.15,12.37,12.09,12.27,,119800.0
2007-05-10,12.18,12.18,11.72,11.85,,82700.0
2007-05-11,12.0,12.36,11.84,12.1,,86200.0
2007-05-14,12.07,12.2,11.94,12.05,,118000.0
2007-05-15,12.07,12.5,12.07,12.37,,264200.0
2007-05-16,14.25,15.22,14.25,14.39,,1546300.0
2007-05-17,14.65,15.13,14.44,14.7,,877100.0
2007-05-18,14.72,15.57,14.72,15.32,,1047800.0
2007-05-21,15.21,15.41,15.18,15.33,,298400.0
2007-05-22,15.28,15.4,14.91,15.28,,229600.0
2007-05-23,15.46,15.59,15.09,15.13,,204300.0
2007-05-24,15.09,15.33,14.48,14.7,,136600.0
2007-05-25,14.72,14.72,14.5,14.53,,217800.0
2007-05-29,14.56,15.05,14.56,14.76,,226500.0
2007-05-30,14.55,14.7,14.52,14.59,,123000.0
2007-05-31,14.5,14.76,14.46,14.65,,249500.0
2007-06-01,14.84,15.14,14.7,15.11,,260800.0
2007-06-04,15.02,15.19,14.51,14.72,,179500.0
2007-06-05,14.68,14.91,14.54,14.83,,170000.0
2007-06-06,14.75,14.75,14.46,14.58,,93700.0
2007-06-07,14.48,14.68,13.99,14.3,,169700.0
2007-06-08,14.27,14.93,14.27,14.74,,173200.0
2007-06-11,14.82,14.85,14.62,14.83,,199300.0
2007-06-12,14.72,14.84,14.41,14.48,,102900.0
2007-06-13,14.5,15.04,14.38,14.94,,205500.0
2007-06-14,14.9,15.13,14.82,14.91,,167700.0
2007-06-15,15.15,15.21,14.64,14.76,,240100.0
2007-06-18,14.83,15.11,14.83,15.06,,104000.0
2007-06-19,14.96,15.11,14.79,15.08,,79300.0
2007-06-20,15.11,15.11,14.58,14.63,,107600.0
2007-06-21,14.58,15.09,14.52,14.97,,121300.0
2007-06-22,14.98,15.09,14.53,14.73,,159400.0
2007-06-25,14.73,15.11,14.61,14.76,,129300.0
2007-06-26,14.72,15.02,14.52,14.78,,112300.0
2007-06-27,14.66,15.41,14.59,15.4,,187100.0
2007-06-28,15.5,15.5,15.28,15.34,,148900.0
2007-06-29,15.42,15.5,14.89,15.11,,174200.0
2007-07-02,15.25,15.49,15.07,15.38,,181700.0
2007-07-03,15.39,15.5,14.96,15.44,,100800.0
2007-07-05,15.51,15.58,15.17,15.28,,230300.0
2007-07-06,15.24,15.46,15.18,15.34,,88600.0
2007-07-09,15.34,15.51,15.25,15.28,,126800.0
2007-07-10,15.13,15.98,15.13,15.8,,697900.0
2007-07-11,15.86,16.36,15.48,15.82,,472000.0
2007-07-12,15.89,16.19,15.73,16.07,,358400.0
2007-07-13,15.98,16.18,15.8,15.99,,146300.0
2007-07-16,15.87,16.31,15.6,15.79,,202100.0
2007-07-17,15.76,15.96,15.71,15.76,,171700.0
2007-07-18,15.64,15.82,15.22,15.56,,340100.0
2007-07-19,15.64,15.99,15.55,15.66,,185400.0
2007-07-20,15.59,15.64,15.4,15.44,,181400.0
2007-07-23,15.56,15.73,15.12,15.42,,159600.0
2007-07-24,15.26,15.46,14.51,15.13,,314000.0
2007-07-25,15.21,15.22,14.29,14.75,,205100.0
2007-07-26,14.5,14.55,13.86,14.3,,258100.0
2007-07-27,14.28,14.49,13.86,13.86,,204800.0
2007-07-30,13.86,14.27,13.72,14.21,,331200.0
2007-07-31,14.21,14.65,14.21,14.48,,582600.0
2007-08-01,15.11,15.99,14.85,15.57,,1016700.0
2007-08-02,15.73,16.48,15.58,16.44,,638600.0
2007-08-03,16.23,16.52,16.08,16.25,,502100.0
2007-08-06,16.37,16.43,15.85,16.11,,350200.0
2007-08-07,16.11,16.28,15.99,16.11,,331200.0
2007-08-08,16.31,16.45,15.89,16.19,,506100.0
2007-08-09,16.11,16.71,14.03,15.48,,903100.0
2007-08-10,15.28,15.95,14.7,15.77,,389500.0
2007-08-13,15.95,16.83,15.86,16.11,,356600.0
2007-08-14,16.19,16.38,15.83,16.07,,298100.0
2007-08-15,16.12,16.58,16.04,16.26,,495400.0
2007-08-16,16.22,16.43,15.54,16.27,,448300.0
2007-08-17,16.68,16.68,16.12,16.44,,335900.0
2007-08-20,16.54,17.09,16.51,16.96,,329900.0
2007-08-21,16.89,17.19,16.55,17.12,,321000.0
2007-08-22,17.19,17.32,17.09,17.27,,363700.0
2007-08-23,17.19,17.31,16.94,17.16,,339600.0
2007-08-24,17.28,17.42,17.03,17.42,,548500.0
2007-08-27,17.36,17.48,17.22,17.41,,255400.0
2007-08-28,17.27,17.44,17.22,17.37,,340200.0
2007-08-29,17.36,17.64,17.28,17.61,,573400.0
2007-08-30,17.41,17.71,17.27,17.65,,366800.0
2007-08-31,17.71,17.82,17.6,17.74,,296600.0
2007-09-04,17.59,18.09,16.95,17.86,,336300.0
2007-09-05,17.79,18.17,17.69,18.09,,458400.0
2007-09-06,18.13,18.28,17.92,18.17,,587700.0
2007-09-07,17.95,18.01,17.62,17.92,,319700.0
2007-09-10,18.06,18.61,17.62,18.38,,345000.0
2007-09-11,18.5,19.16,18.31,19.0,,713300.0
2007-09-12,18.96,19.02,18.67,18.78,,291000.0
2007-09-13,18.94,18.94,17.99,18.02,,370000.0
2007-09-14,17.87,17.92,17.03,17.54,,638300.0
2007-09-17,17.46,17.85,17.46,17.71,,395500.0
2007-09-18,17.84,19.03,17.8,18.84,,542100.0
2007-09-19,18.85,19.28,18.85,19.16,,585700.0
2007-09-20,20.73,22.28,20.73,22.04,,3709700.0
2007-09-21,22.23,22.48,21.43,21.7,,995400.0
2007-09-24,21.92,21.99,21.43,21.65,,380000.0
2007-09-25,21.45,22.08,21.45,21.74,,350700.0
2007-09-26,21.45,22.07,21.45,21.56,,444000.0
2007-09-27,21.65,22.43,21.56,22.18,,525500.0
2007-09-28,22.25,22.35,21.88,22.0,,349300.0
2007-10-01,22.08,22.64,21.54,21.75,,1442100.0
2007-10-02,22.52,22.65,22.04,22.47,,1217700.0
2007-10-03,22.34,22.52,22.29,22.49,,423500.0
2007-10-04,21.15,21.15,19.4,20.24,,1239200.0
2007-10-05,20.13,21.08,20.13,20.87,,857900.0
2007-10-08,20.0,20.36,19.68,20.3,,465000.0
2007-10-09,20.27,20.58,20.0,20.41,,396400.0
2007-10-10,20.41,20.63,19.83,20.35,,260100.0
2007-10-11,20.48,20.54,19.37,19.79,,345000.0
2007-10-12,19.87,20.35,19.71,20.09,,241700.0
2007-10-15,20.06,20.25,19.61,19.92,,211900.0
2007-10-16,19.84,20.75,19.66,20.67,,316400.0
2007-10-17,20.26,20.96,20.26,20.85,,424200.0
2007-10-18,20.78,21.12,20.25,21.11,,244900.0
2007-10-19,21.1,21.16,19.88,19.88,,245600.0
2007-10-22,19.7,20.37,19.1,20.07,,301600.0
2007-10-23,20.35,20.74,19.73,20.26,,218400.0
2007-10-24,20.13,20.3,19.35,19.85,,264500.0
2007-10-25,19.55,19.55,18.99,19.28,,449200.0
2007-10-26,19.57,19.68,19.25,19.59,,248600.0
2007-10-29,19.87,20.32,19.2,20.24,,360700.0
2007-10-30,19.68,20.32,19.68,20.01,,355600.0
2007-10-31,21.11,21.39,18.4,18.99,,1031900.0
2007-11-01,18.84,19.48,18.57,19.0,,458600.0
2007-11-02,19.05,19.05,18.32,18.72,,822900.0
2007-11-05,18.2,19.39,18.19,19.22,,431800.0
2007-11-06,19.48,19.56,18.38,18.67,,285400.0
2007-11-07,18.55,18.87,17.97,17.99,,287400.0
2007-11-08,17.93,18.61,16.73,17.35,,1109800.0
2007-11-09,17.22,17.62,17.1,17.16,,358900.0
2007-11-12,17.1,17.42,16.7,16.93,,437300.0
2007-11-13,17.05,17.41,16.71,17.15,,277200.0
2007-11-14,17.26,17.4,16.83,17.1,,290000.0
2007-11-15,17.1,17.27,16.7,16.89,,626600.0
2007-11-16,16.89,17.23,16.69,17.07,,300100.0
2007-11-19,16.77,16.95,16.49,16.58,,261500.0
2007-11-20,16.6,16.69,15.7,16.1,,301700.0
2007-11-21,16.02,16.15,15.45,15.89,,309800.0
2007-11-23,16.0,16.15,15.62,15.92,,60700.0
2007-11-26,15.87,16.11,15.77,15.99,,528500.0
2007-11-27,15.89,16.55,15.89,16.25,,271800.0
2007-11-28,16.38,17.06,16.27,16.98,,225600.0
2007-11-29,16.77,17.22,16.32,17.19,,406100.0
2007-11-30,17.23,17.24,16.29,16.52,,499400.0
2007-12-03,16.46,16.83,16.22,16.22,,417800.0
2007-12-04,16.17,16.4,15.8,16.06,,401000.0
2007-12-05,16.18,16.85,16.02,16.84,,355600.0
2007-12-06,16.91,18.64,16.84,18.36,,728700.0
2007-12-07,18.45,18.45,17.82,18.34,,307600.0
2007-12-10,18.35,18.65,18.25,18.48,,204200.0
2007-12-11,18.53,19.74,18.53,19.2,,470100.0
2007-12-12,19.59,19.76,19.14,19.54,,380000.0
2007-12-13,19.33,19.37,18.2,18.8,,602500.0
2007-12-14,18.64,18.84,17.82,17.91,,563500.0
2007-12-17,17.83,18.04,17.01,17.01,,345200.0
2007-12-18,17.16,17.32,16.59,17.12,,383900.0
2007-12-19,17.99,19.03,17.72,18.64,,685400.0
2007-12-20,19.04,19.04,18.2,18.77,,317600.0
2007-12-21,19.02,19.57,18.91,19.35,,496300.0
2007-12-24,19.35,19.4,19.0,19.22,,81400.0
2007-12-26,19.1,19.35,18.83,19.13,,133200.0
2007-12-27,19.07,19.25,18.38,18.43,,196000.0
2007-12-28,18.52,18.89,18.19,18.49,,203100.0
2007-12-31,18.36,18.92,18.36,18.59,,213500.0
2008-01-02,18.92,19.36,18.36,18.51,,439700.0
2008-01-03,18.52,18.52,17.89,18.01,,293400.0
2008-01-04,17.86,17.9,17.28,17.52,,304800.0
2008-01-07,17.58,17.67,15.87,15.97,,1044200.0
2008-01-08,16.07,16.44,14.98,14.98,,737400.0
2008-01-09,14.98,15.59,14.36,14.72,,935300.0
2008-01-10,14.61,14.81,14.3,14.52,,698200.0
2008-01-11,14.52,14.63,14.12,14.15,,481200.0
2008-01-14,14.33,14.89,14.25,14.75,,419600.0
2008-01-15,15.34,15.59,14.35,14.49,,587900.0
2008-01-16,14.47,14.72,14.07,14.29,,674900.0
2008-01-17,14.37,14.56,13.85,13.89,,473200.0
2008-01-18,13.88,14.33,13.73,14.08,,346500.0
2008-01-22,13.52,14.1,13.02,13.82,,672400.0
2008-01-23,13.47,13.91,13.2,13.86,,501700.0
2008-01-24,13.91,14.49,13.74,14.15,,550800.0
2008-01-25,14.31,14.63,13.78,13.82,,305500.0
2008-01-28,13.77,14.51,13.77,14.27,,451200.0
2008-01-29,14.38,14.38,13.54,13.73,,426100.0
2008-01-30,13.66,14.13,13.6,13.75,,157900.0
2008-01-31,13.57,14.18,13.49,13.54,,180600.0
2008-02-01,13.32,13.55,12.8,13.27,,779600.0
2008-02-04,13.42,13.66,13.13,13.41,,633300.0
2008-02-05,12.98,13.59,12.98,13.42,,993500.0
2008-02-06,14.44,14.63,13.13,13.3,,864500.0
2008-02-07,13.2,13.52,12.68,13.5,,1140500.0
2008-02-08,13.42,13.78,13.21,13.51,,877400.0
2008-02-11,13.89,14.82,13.89,14.32,,1019100.0
2008-02-12,14.37,14.53,13.83,13.95,,304300.0
2008-02-13,13.94,14.79,13.83,14.76,,283300.0
2008-02-14,14.76,14.81,14.43,14.49,,270600.0
2008-02-15,14.38,14.5,14.08,14.47,,463200.0
2008-02-19,14.66,14.66,14.13,14.22,,319300.0
2008-02-20,14.09,14.16,13.89,14.01,,316200.0
2008-02-21,14.08,14.31,13.55,13.6,,225200.0
2008-02-22,13.66,13.81,13.21,13.43,,193200.0
2008-02-25,13.47,13.93,13.43,13.72,,520200.0
2008-02-26,13.61,14.18,13.61,14.15,,385800.0
2008-02-27,14.04,14.97,13.8,14.74,,682900.0
2008-02-28,14.75,14.91,14.22,14.41,,225800.0
2008-02-29,14.45,14.76,14.23,14.41,,685100.0
2008-03-03,14.63,14.63,14.18,14.28,,502800.0
2008-03-04,14.29,14.69,14.04,14.35,,807300.0
2008-03-05,14.4,14.79,14.33,14.57,,274100.0
2008-03-06,14.5,14.76,13.95,13.97,,275300.0
2008-03-07,13.85,14.69,13.85,14.2,,386500.0
2008-03-10,14.26,14.49,14.07,14.12,,284300.0
2008-03-11,14.51,14.52,14.16,14.46,,227000.0
2008-03-12,14.32,14.93,14.32,14.64,,280600.0
2008-03-13,14.44,14.48,13.98,14.37,,406500.0
2008-03-14,14.5,14.6,13.91,14.08,,253300.0
2008-03-17,13.9,14.53,13.9,14.15,,207100.0
2008-03-18,14.39,15.76,14.39,15.42,,404900.0
2008-03-19,15.58,15.65,15.37,15.6,,453500.0
2008-03-20,15.6,15.68,15.27,15.41,,700300.0
2008-03-24,15.5,15.93,15.49,15.72,,375900.0
2008-03-25,15.6,15.7,15.11,15.63,,215600.0
2008-03-26,15.59,15.75,15.11,15.64,,219500.0
2008-03-27,15.62,15.7,15.29,15.31,,135000.0
2008-03-28,14.92,15.4,14.72,15.21,,465000.0
2008-03-31,15.2,15.41,14.81,15.27,,251600.0
2008-04-01,15.52,15.93,15.51,15.72,,257400.0
2008-04-02,15.55,16.37,15.48,16.08,,518400.0
2008-04-03,16.0,16.73,15.63,16.66,,415100.0
2008-04-04,16.68,17.12,16.37,17.09,,585200.0
2008-04-07,17.57,17.97,17.11,17.37,,416400.0
2008-04-08,17.32,17.78,17.25,17.75,,455400.0
2008-04-09,17.75,18.06,17.64,17.75,,477400.0
2008-04-10,17.8,18.5,17.35,18.09,,704900.0
2008-04-11,17.98,17.99,17.45,17.54,,386100.0
2008-04-14,17.58,18.03,17.32,17.79,,282800.0
2008-04-15,17.93,18.26,17.45,17.8,,400300.0
2008-04-16,18.02,18.79,17.91,18.62,,514800.0
2008-04-17,18.5,18.76,17.65,18.0,,251700.0
2008-04-18,18.33,18.9,18.06,18.76,,533400.0
2008-04-21,18.77,18.79,18.19,18.41,,278700.0
2008-04-22,18.25,18.45,17.68,18.16,,416800.0
2008-04-23,18.2,18.52,17.9,18.17,,215100.0
2008-04-24,18.14,18.97,17.8,18.4,,361500.0
2008-04-25,18.62,18.78,17.6,18.39,,465600.0
2008-04-28,18.17,18.3,17.85,17.99,,223600.0
2008-04-29,18.2,18.83,18.19,18.38,,1341700.0
2008-04-30,18.04,20.32,18.02,19.83,,4443300.0
2008-05-01,20.38,20.88,20.0,20.59,,1181700.0
2008-05-02,20.94,21.11,20.26,20.7,,526400.0
2008-05-05,20.82,20.82,20.43,20.62,,404600.0
2008-05-06,20.45,20.84,20.18,20.71,,542900.0
2008-05-07,20.74,21.06,19.98,20.13,,528200.0
2008-05-08,20.14,20.26,18.94,19.92,,887800.0
2008-05-09,19.7,20.09,19.37,19.94,,339000.0
2008-05-12,20.14,21.1,20.14,20.76,,681000.0
2008-05-13,20.59,21.82,19.93,21.68,,1368600.0
2008-05-14,21.74,22.39,21.54,21.81,,1089500.0
2008-05-15,21.81,21.87,21.44,21.8,,606100.0
2008-05-16,21.83,21.87,21.2,21.69,,412200.0
2008-05-19,21.85,22.0,21.04,21.27,,550300.0
2008-05-20,21.02,21.07,20.31,20.99,,415700.0
2008-05-21,20.9,21.41,20.78,21.01,,504600.0
2008-05-22,20.63,20.63,19.19,19.96,,1431500.0
2008-05-23,19.69,20.14,19.45,20.0,,367100.0
2008-05-27,19.89,19.96,19.51,19.92,,333000.0
2008-05-28,19.93,20.0,19.71,20.0,,250300.0
2008-05-29,19.95,20.52,19.93,20.47,,611100.0
2008-05-30,20.52,21.15,20.26,20.98,,795600.0
2008-06-02,21.32,21.65,21.0,21.36,,676400.0
2008-06-03,21.49,21.94,21.0,21.18,,713200.0
2008-06-04,21.06,21.4,20.87,20.99,,421100.0
2008-06-05,21.16,23.29,21.11,23.23,,2739800.0
2008-06-06,23.63,23.81,21.99,22.34,,1819700.0
2008-06-09,22.65,22.65,19.96,21.18,,2281400.0
2008-06-10,20.32,21.39,20.13,21.24,,1151200.0
2008-06-11,21.19,21.39,20.24,20.29,,805100.0
2008-06-12,20.35,20.56,19.78,20.23,,1941200.0
2008-06-13,20.05,21.23,19.93,21.08,,1487400.0
2008-06-16,21.14,22.66,20.62,22.38,,1157100.0
2008-06-17,22.22,22.64,21.39,21.54,,557700.0
2008-06-18,21.74,22.08,20.82,21.2,,588600.0
2008-06-19,21.15,22.26,20.79,22.06,,673000.0
2008-06-20,21.34,21.95,20.84,21.34,,662300.0
2008-06-23,21.55,21.56,20.15,20.17,,798300.0
2008-06-24,20.05,20.53,19.04,19.39,,1318200.0
2008-06-25,19.4,20.12,19.4,19.67,,500800.0
2008-06-26,19.39,19.48,18.57,18.68,,681100.0
2008-06-27,18.55,18.85,18.06,18.63,,1280400.0
2008-06-30,18.71,19.05,18.63,18.72,,712900.0
2008-07-01,18.6,19.86,18.29,19.82,,1024600.0
2008-07-02,19.95,20.91,19.95,20.04,,1055900.0
2008-07-03,19.97,20.71,19.15,19.82,,551100.0
2008-07-07,19.98,20.64,19.9,20.25,,743500.0
2008-07-08,20.32,21.42,19.59,21.31,,805700.0
2008-07-09,21.42,21.47,20.26,20.38,,1047700.0
2008-07-10,20.49,20.92,20.07,20.67,,606300.0
2008-07-11,20.21,20.54,19.29,19.85,,789000.0
2008-07-14,20.21,20.34,19.5,20.07,,389900.0
2008-07-15,19.81,20.43,19.33,19.74,,536600.0
2008-07-16,19.87,20.97,19.8,20.78,,573900.0
2008-07-17,21.05,21.16,20.27,20.93,,796400.0
2008-07-18,20.93,21.34,20.82,20.96,,678400.0
2008-07-21,21.08,21.11,20.18,20.72,,293300.0
2008-07-22,20.66,20.66,19.11,19.56,,844300.0
2008-07-23,19.93,20.55,19.74,19.91,,559800.0
2008-07-24,19.92,19.92,19.4,19.68,,513800.0
2008-07-25,19.92,19.92,19.29,19.51,,236700.0
2008-07-28,19.92,19.96,18.65,18.83,,546200.0
2008-07-29,18.72,19.63,18.72,19.46,,602900.0
2008-07-30,19.35,19.61,18.86,19.31,,371500.0
2008-07-31,19.48,19.57,18.69,18.83,,616200.0
2008-08-01,20.25,20.91,19.01,20.52,,1777100.0
2008-08-04,21.32,22.19,20.93,21.77,,1716600.0
2008-08-05,21.75,21.91,20.89,21.57,,1376100.0
2008-08-06,21.58,22.24,21.32,22.01,,946800.0
2008-08-07,21.91,22.95,21.74,22.52,,1152200.0
2008-08-08,22.04,22.73,21.75,22.37,,1162700.0
2008-08-11,22.34,25.17,22.08,24.17,,3631000.0
2008-08-12,24.91,25.03,23.6,23.94,,1465600.0
2008-08-13,23.94,23.94,20.45,22.44,,3328300.0
2008-08-14,21.9,23.18,20.89,22.99,,1064600.0
2008-08-15,23.12,23.2,21.22,21.54,,972900.0
2008-08-18,21.56,21.92,20.49,20.82,,727100.0
2008-08-19,20.51,20.94,19.67,19.74,,1267100.0
2008-08-20,19.6,20.24,19.54,19.87,,895500.0
2008-08-21,19.58,20.33,19.55,19.91,,338800.0
2008-08-22,19.93,20.35,19.8,20.17,,319000.0
2008-08-25,20.35,20.84,20.01,20.38,,763900.0
2008-08-26,20.39,20.72,20.15,20.32,,417900.0
2008-08-27,20.32,20.7,19.97,20.31,,460700.0
2008-08-28,20.46,21.33,20.2,21.17,,595300.0
2008-08-29,21.02,21.16,20.49,21.06,,659900.0
2008-09-02,21.42,21.84,21.22,21.79,,856300.0
2008-09-03,21.65,21.72,20.54,20.63,,1039500.0
2008-09-04,20.49,20.5,18.1,18.61,,1409300.0
2008-09-05,18.37,18.57,17.79,18.31,,1438900.0
2008-09-08,19.73,20.25,18.7,19.22,,1438600.0
2008-09-09,19.12,19.27,17.57,17.74,,960300.0
2008-09-10,17.78,18.19,17.41,17.92,,560600.0
2008-09-11,17.75,17.82,16.69,17.4,,1154300.0
2008-09-12,17.32,17.72,16.79,17.34,,724700.0
2008-09-15,16.84,16.97,15.93,16.02,,839300.0
2008-09-16,15.65,16.05,14.6,15.77,,1509400.0
2008-09-17,15.43,16.04,14.89,15.83,,797800.0
2008-09-18,16.12,16.53,15.55,16.18,,860700.0
2008-09-19,17.02,17.88,16.25,16.52,,1378200.0
2008-09-22,16.57,16.88,16.03,16.25,,412200.0
2008-09-23,16.24,16.63,16.16,16.39,,499200.0
2008-09-24,16.35,17.09,16.05,16.77,,921400.0
2008-09-25,16.77,17.23,16.72,16.9,,456700.0
2008-09-26,16.51,16.9,15.95,16.07,,654900.0
2008-09-29,15.75,15.79,13.83,13.9,,1061400.0
2008-09-30,13.96,15.2,13.96,15.04,,787000.0
2008-10-01,14.92,15.04,14.46,14.58,,393700.0
2008-10-02,14.54,14.7,13.49,13.66,,514100.0
2008-10-03,13.81,14.33,13.29,13.44,,668900.0
2008-10-06,13.09,13.12,12.03,12.68,,1140300.0
2008-10-07,12.74,12.97,11.51,11.52,,830200.0
2008-10-08,11.34,12.99,11.34,12.08,,1051300.0
2008-10-09,12.62,13.09,11.66,11.84,,817000.0
2008-10-10,11.44,12.44,10.85,11.42,,1425300.0
2008-10-13,11.92,13.21,11.72,13.15,,887900.0
2008-10-14,13.42,14.34,13.32,14.27,,1159600.0
2008-10-15,13.94,14.21,12.54,12.57,,837600.0
2008-10-16,12.64,13.83,12.02,13.7,,685600.0
2008-10-17,13.36,14.42,13.36,13.41,,617000.0
2008-10-20,13.58,13.75,12.61,12.97,,627700.0
2008-10-21,12.68,12.97,12.05,12.23,,597700.0
2008-10-22,12.09,12.27,11.05,11.27,,609500.0
2008-10-23,11.26,11.67,10.76,11.49,,867500.0
2008-10-24,10.56,12.71,10.56,12.5,,1162200.0
2008-10-27,12.48,12.93,11.78,12.2,,547500.0
2008-10-28,12.21,13.79,12.21,13.63,,700400.0
2008-10-29,13.78,14.37,13.17,13.85,,532200.0
2008-10-30,14.13,14.5,13.82,14.42,,453700.0
2008-10-31,14.31,14.86,13.83,14.71,,336000.0
2008-11-03,14.71,14.76,13.7,13.86,,427600.0
2008-11-04,14.05,14.75,13.78,14.64,,546800.0
2008-11-05,14.47,14.65,13.53,13.58,,307100.0
2008-11-06,13.37,13.7,12.16,12.22,,429900.0
2008-11-07,12.37,12.83,12.04,12.66,,405600.0
2008-11-10,12.9,13.22,11.65,11.74,,317700.0
2008-11-11,11.66,12.37,11.33,11.46,,349800.0
2008-11-12,11.29,11.59,10.78,10.86,,457300.0
2008-11-13,10.82,11.15,9.01,10.5,,1428700.0
2008-11-14,10.34,10.61,9.41,9.75,,404400.0
2008-11-17,9.66,9.66,9.06,9.16,,448000.0
2008-11-18,9.23,9.53,8.39,8.71,,513900.0
2008-11-19,8.68,8.95,8.38,8.44,,437700.0
2008-11-20,8.36,8.61,7.53,7.57,,887600.0
2008-11-21,7.69,7.91,7.04,7.17,,1117800.0
2008-11-24,7.32,7.84,7.27,7.79,,650900.0
2008-11-25,7.97,7.97,7.55,7.75,,529700.0
2008-11-26,7.53,8.58,7.13,8.5,,759700.0
2008-11-28,8.43,8.59,8.07,8.29,,176000.0
2008-12-01,7.93,8.19,7.36,7.36,,602300.0
2008-12-02,7.52,7.71,7.2,7.56,,571400.0
2008-12-03,7.37,7.85,7.21,7.57,,999800.0
2008-12-04,7.44,7.78,7.01,7.16,,859300.0
2008-12-05,7.0,7.01,6.03,6.7,,1731100.0
2008-12-08,6.81,7.84,6.81,7.81,,1170400.0
2008-12-09,7.7,8.5,7.39,8.26,,657600.0
2008-12-10,8.31,8.56,8.06,8.22,,351200.0
2008-12-11,8.11,8.49,8.11,8.28,,634600.0
2008-12-12,8.08,8.93,8.08,8.84,,465700.0
2008-12-15,8.86,9.21,8.7,8.98,,716700.0
2008-12-16,9.14,10.36,9.04,10.18,,1387200.0
2008-12-17,10.12,11.49,9.73,11.2,,1296300.0
2008-12-18,11.15,11.19,10.39,10.51,,1074000.0
2008-12-19,10.93,10.96,10.52,10.76,,444800.0
2008-12-22,10.69,10.84,10.02,10.33,,393300.0
2008-12-23,10.38,10.65,10.23,10.25,,229600.0
2008-12-24,10.3,10.37,9.95,10.11,,129200.0
2008-12-26,10.14,10.37,10.05,10.24,,122600.0
2008-12-29,10.24,10.39,9.78,10.11,,193700.0
2008-12-30,10.2,10.44,10.1,10.38,,247600.0
2008-12-31,10.48,11.07,10.34,10.92,,491400.0
2009-01-02,10.94,11.53,10.91,11.37,,394400.0
2009-01-05,11.35,11.82,11.18,11.72,,456900.0
2009-01-06,11.94,12.21,11.7,12.08,,617500.0
2009-01-07,11.85,11.85,11.08,11.27,,449800.0
2009-01-08,11.21,11.29,10.74,10.95,,505300.0
2009-01-09,10.92,11.14,10.46,10.72,,296800.0
2009-01-12,10.69,10.69,10.16,10.31,,248700.0
2009-01-13,10.23,10.43,9.63,10.0,,397700.0
2009-01-14,9.82,9.96,9.37,9.37,,428500.0
2009-01-15,9.4,10.23,9.31,10.15,,581500.0
2009-01-16,10.3,10.56,10.14,10.46,,480100.0
2009-01-20,10.33,10.61,9.7,9.73,,329700.0
2009-01-21,9.8,10.01,9.36,9.88,,461800.0
2009-01-22,9.6,9.98,9.24,9.77,,246700.0
2009-01-23,9.51,10.44,9.29,10.24,,621500.0
2009-01-26,10.31,10.98,10.2,10.8,,523200.0
2009-01-27,10.94,11.62,10.94,11.2,,610000.0
2009-01-28,11.47,11.76,11.1,11.7,,873500.0
2009-01-29,11.47,11.66,11.05,11.08,,340600.0
2009-01-30,11.21,11.36,10.33,10.52,,579400.0
2009-02-02,10.37,10.74,10.12,10.37,,451800.0
2009-02-03,10.24,10.84,9.87,10.82,,741300.0
2009-02-04,10.82,11.6,10.69,11.31,,628100.0
2009-02-05,11.0,12.08,11.0,11.73,,394900.0
2009-02-06,11.87,12.36,11.85,12.18,,375900.0
2009-02-09,12.1,12.3,11.79,12.09,,215800.0
2009-02-10,11.9,12.39,11.39,11.41,,389600.0
2009-02-11,11.44,11.51,10.89,11.11,,217200.0
2009-02-12,10.95,11.39,10.67,11.2,,435500.0
2009-02-13,11.05,12.5,11.04,12.08,,1037200.0
2009-02-17,11.79,11.79,11.34,11.35,,500500.0
2009-02-18,11.36,11.64,11.11,11.14,,558700.0
2009-02-19,11.22,11.6,10.93,10.96,,419900.0
2009-02-20,10.82,11.0,10.38,10.73,,573300.0
2009-02-23,10.78,10.95,10.34,10.4,,461900.0
2009-02-24,10.4,11.06,10.31,11.01,,839800.0
2009-02-25,10.96,11.23,10.58,10.97,,325500.0
2009-02-26,11.02,11.24,10.7,10.73,,308300.0
2009-02-27,10.62,11.47,10.31,11.21,,618600.0
2009-03-02,11.0,11.22,10.76,10.88,,540100.0
2009-03-03,10.99,10.99,9.75,9.79,,1323800.0
2009-03-04,10.13,10.32,9.87,10.13,,919100.0
2009-03-05,10.03,10.69,9.96,10.39,,1016800.0
2009-03-06,10.47,11.2,10.47,11.18,,802400.0
2009-03-09,11.21,11.58,10.95,11.26,,515200.0
2009-03-10,11.47,12.52,11.3,12.44,,596400.0
2009-03-11,12.54,13.34,12.45,12.81,,953800.0
2009-03-12,12.82,13.41,12.58,13.32,,407400.0
2009-03-13,13.33,13.41,12.92,13.17,,638600.0
2009-03-16,13.24,13.41,12.66,12.86,,434900.0
2009-03-17,12.98,13.2,12.79,13.15,,821000.0
2009-03-18,13.13,14.25,12.86,14.2,,1059300.0
2009-03-19,14.25,14.25,13.72,13.91,,597700.0
2009-03-20,14.04,14.04,13.1,13.25,,417100.0
2009-03-23,13.63,14.39,13.27,14.38,,483700.0
2009-03-24,14.17,14.17,13.41,13.44,,434000.0
2009-03-25,13.55,13.95,12.18,13.15,,1125900.0
2009-03-26,13.23,14.29,12.99,14.05,,529500.0
2009-03-27,13.82,14.63,13.65,13.67,,553200.0
2009-03-30,13.53,13.66,12.73,13.1,,320300.0
2009-03-31,13.23,13.74,13.23,13.42,,333200.0
2009-04-01,13.19,13.71,12.92,13.69,,441900.0
2009-04-02,13.9,15.24,13.9,14.9,,618900.0
2009-04-03,14.88,14.97,14.56,14.86,,591100.0
2009-04-06,14.64,14.88,14.14,14.62,,457900.0
2009-04-07,14.44,14.55,13.95,14.16,,229800.0
2009-04-08,14.21,14.28,13.76,14.12,,394700.0
2009-04-09,14.43,15.47,14.25,15.41,,865300.0
2009-04-13,14.97,14.98,14.04,14.66,,841300.0
2009-04-14,14.5,14.72,14.13,14.18,,362000.0
2009-04-15,14.12,14.12,13.59,13.85,,265700.0
2009-04-16,13.93,14.54,13.92,14.35,,164800.0
2009-04-17,14.4,14.69,14.18,14.5,,168800.0
2009-04-20,14.25,14.61,13.87,14.47,,412100.0
2009-04-21,14.38,15.63,14.3,15.36,,926700.0
2009-04-22,15.22,16.13,15.15,15.56,,466400.0
2009-04-23,15.46,15.58,14.77,15.12,,484000.0
2009-04-24,15.15,15.83,15.01,15.65,,374900.0
2009-04-27,15.35,15.59,15.09,15.34,,490400.0
2009-04-28,15.59,15.67,15.19,15.6,,718600.0
2009-04-29,17.39,17.52,15.85,15.99,,2601500.0
2009-04-30,16.35,16.66,15.93,16.02,,483300.0
2009-05-01,16.04,16.11,15.58,15.73,,395800.0
2009-05-04,15.98,16.55,15.86,16.52,,241200.0
2009-05-05,16.08,16.38,15.81,16.28,,300600.0
2009-05-06,16.39,16.47,15.86,16.28,,272600.0
2009-05-07,16.37,16.37,14.55,15.18,,714800.0
2009-05-08,15.28,15.33,14.37,14.81,,485100.0
2009-05-11,14.46,14.88,14.05,14.57,,414400.0
2009-05-12,14.7,14.77,13.94,14.67,,847700.0
2009-05-13,14.54,14.61,14.05,14.5,,623800.0
2009-05-14,14.48,15.71,14.45,15.55,,492800.0
2009-05-15,15.49,16.44,15.35,16.15,,560900.0
2009-05-18,16.18,16.95,16.05,16.9,,559500.0
2009-05-19,16.63,17.58,16.33,17.39,,640300.0
2009-05-20,17.47,17.82,16.9,17.07,,395400.0
2009-05-21,16.79,16.89,16.06,16.58,,433600.0
2009-05-22,16.67,16.96,16.36,16.74,,234900.0
2009-05-26,16.55,17.71,16.28,17.51,,364400.0
2009-05-27,17.49,18.08,17.19,17.6,,244100.0
2009-05-28,17.63,17.74,16.85,17.41,,296200.0
2009-05-29,17.52,17.94,17.05,17.93,,470500.0
2009-06-01,17.73,18.83,17.73,18.51,,660900.0
2009-06-02,18.51,18.67,17.28,17.35,,472200.0
2009-06-03,17.3,17.32,16.51,16.79,,436300.0
2009-06-04,16.83,17.67,16.83,17.67,,438200.0
2009-06-05,17.75,17.94,16.93,17.41,,367600.0
2009-06-08,17.42,17.64,16.85,17.3,,293600.0
2009-06-09,17.33,18.94,17.15,18.7,,431200.0
2009-06-10,18.54,19.0,18.41,18.99,,357100.0
2009-06-11,19.65,20.26,19.38,19.71,,691200.0
2009-06-12,19.67,19.7,19.14,19.35,,351000.0
2009-06-15,19.09,19.25,18.37,19.2,,388200.0
2009-06-16,18.32,19.34,18.32,18.91,,599400.0
2009-06-17,18.86,19.74,18.18,18.96,,535400.0
2009-06-18,19.09,19.14,18.66,18.88,,416400.0
2009-06-19,19.16,19.45,18.93,19.11,,431200.0
2009-06-22,19.03,19.03,18.17,18.17,,226600.0
2009-06-23,18.24,18.3,17.16,17.81,,391000.0
2009-06-24,17.99,18.57,17.86,18.19,,176300.0
2009-06-25,18.12,18.77,17.91,18.71,,255300.0
2009-06-26,19.14,20.11,19.13,19.91,,1851800.0
2009-06-29,19.48,19.92,19.05,19.75,,530400.0
2009-06-30,19.74,19.85,19.06,19.41,,561800.0
2009-07-01,19.53,19.69,19.21,19.55,,461200.0
2009-07-02,19.31,19.48,19.04,19.1,,381700.0
2009-07-06,19.09,19.32,18.88,19.28,,352400.0
2009-07-07,19.34,19.64,19.05,19.21,,425000.0
2009-07-08,19.25,19.44,18.83,19.35,,456400.0
2009-07-09,19.48,20.13,19.26,19.81,,397200.0
2009-07-10,19.77,20.64,19.73,20.36,,641200.0
2009-07-13,20.38,20.69,19.99,20.58,,447500.0
2009-07-14,20.59,20.68,20.32,20.44,,385900.0
2009-07-15,20.7,20.8,20.38,20.55,,701600.0
2009-07-16,20.5,20.72,20.36,20.45,,337100.0
2009-07-17,20.44,20.75,20.22,20.68,,370500.0
2009-07-20,20.68,20.86,20.22,20.33,,272500.0
2009-07-21,20.49,20.64,19.81,20.17,,214200.0
2009-07-22,20.18,20.96,19.9,20.77,,449700.0
2009-07-23,20.71,21.22,20.7,20.94,,281500.0
2009-07-24,20.85,20.99,20.51,20.71,,191500.0
2009-07-27,20.62,20.84,20.11,20.45,,343100.0
2009-07-28,20.21,20.45,19.74,19.87,,562700.0
2009-07-29,19.83,20.33,19.58,20.23,,307600.0
2009-07-30,20.13,20.87,20.09,20.6,,355000.0
2009-07-31,18.61,19.87,18.01,19.22,,2351500.0
2009-08-03,19.3,19.98,19.16,19.98,,446700.0
2009-08-04,19.7,20.48,19.7,20.13,,335600.0
2009-08-05,20.02,20.36,19.54,19.72,,332300.0
2009-08-06,19.74,20.32,18.65,18.77,,569300.0
2009-08-07,19.07,19.24,18.63,18.77,,474000.0
2009-08-10,18.61,18.84,18.43,18.72,,190400.0
2009-08-11,18.58,18.81,18.42,18.51,,143000.0
2009-08-12,18.58,19.27,18.58,18.93,,301800.0
2009-08-13,19.09,19.75,19.05,19.65,,226800.0
2009-08-14,19.64,19.97,19.17,19.84,,482300.0
2009-08-17,19.54,19.83,19.3,19.48,,274000.0
2009-08-18,19.48,19.84,19.32,19.74,,236900.0
2009-08-19,19.46,20.33,19.41,20.3,,226800.0
2009-08-20,20.19,20.35,19.87,20.19,,211800.0
2009-08-21,20.33,20.41,19.89,20.39,,448800.0
2009-08-24,20.35,20.49,20.12,20.16,,356800.0
2009-08-25,20.15,20.18,19.64,19.93,,342700.0
2009-08-26,19.86,20.29,19.81,20.22,,198000.0
2009-08-27,20.19,20.19,19.39,19.52,,577600.0
2009-08-28,19.77,20.11,19.45,19.49,,504100.0
2009-08-31,19.46,19.56,19.29,19.51,,402500.0
2009-09-01,19.46,19.76,18.87,18.94,,373200.0
2009-09-02,18.83,19.36,18.49,19.25,,274300.0
2009-09-03,19.09,19.92,19.09,19.67,,330900.0
2009-09-04,19.58,20.09,19.38,19.95,,234000.0
2009-09-08,20.1,20.4,19.8,20.38,,273100.0
2009-09-09,20.18,20.41,20.13,20.33,,522600.0
2009-09-10,20.3,20.61,20.02,20.58,,180400.0
2009-09-11,20.56,20.93,20.47,20.58,,268400.0
2009-09-14,20.52,20.71,20.13,20.19,,236000.0
2009-09-15,20.17,20.48,19.99,20.09,,251800.0
2009-09-16,20.06,20.97,19.78,20.91,,477200.0
2009-09-17,20.97,21.22,20.51,20.6,,536100.0
2009-09-18,20.78,21.65,20.78,21.65,,524400.0
2009-09-21,21.38,21.68,21.22,21.31,,262600.0
2009-09-22,21.53,21.65,21.28,21.32,,244200.0
2009-09-23,21.42,21.87,21.06,21.08,,309600.0
2009-09-24,21.22,21.22,20.04,20.32,,414600.0
2009-09-25,20.32,20.49,19.62,19.87,,600100.0
2009-09-28,19.91,21.26,19.91,20.93,,263900.0
2009-09-29,20.89,21.04,20.53,20.58,,142800.0
2009-09-30,20.64,20.74,19.91,20.31,,352000.0
2009-10-01,20.27,20.43,18.57,18.58,,671600.0
2009-10-02,18.64,18.83,18.19,18.25,,437200.0
2009-10-05,18.38,18.66,18.04,18.19,,291300.0
2009-10-06,18.38,18.76,18.26,18.67,,739500.0
2009-10-07,18.7,19.14,18.69,19.03,,480700.0
2009-10-08,19.18,19.18,18.45,18.46,,498100.0
2009-10-09,18.51,18.93,18.37,18.77,,492500.0
2009-10-12,18.91,18.91,18.39,18.45,,306600.0
2009-10-13,18.47,18.8,18.41,18.5,,232000.0
2009-10-14,18.79,19.27,18.79,19.25,,354400.0
2009-10-15,19.15,19.34,19.09,19.29,,340300.0
2009-10-16,19.22,19.29,18.83,18.98,,413100.0
2009-10-19,19.09,19.41,18.72,19.19,,362000.0
2009-10-20,19.22,19.45,18.96,19.21,,412600.0
2009-10-21,19.01,19.14,18.5,18.6,,676300.0
2009-10-22,18.56,19.1,18.19,19.05,,723700.0
2009-10-23,17.74,18.32,17.26,17.95,,2398700.0
2009-10-26,17.8,18.17,17.32,17.59,,1269000.0
2009-10-27,17.59,17.82,17.34,17.57,,352000.0
2009-10-28,17.48,17.68,16.77,16.93,,879200.0
2009-10-29,17.12,17.67,17.06,17.49,,404800.0
2009-10-30,17.36,17.51,17.14,17.31,,598000.0
2009-11-02,17.31,17.41,16.63,16.88,,425900.0
2009-11-03,16.73,17.16,16.6,17.1,,223000.0
2009-11-04,17.23,17.28,16.59,16.6,,417800.0
2009-11-05,16.78,16.93,16.39,16.79,,300100.0
2009-11-06,16.71,17.1,16.57,16.76,,328100.0
2009-11-09,16.92,17.48,16.79,17.33,,335000.0
2009-11-10,17.2,17.52,17.04,17.28,,220700.0
2009-11-11,17.46,17.94,17.4,17.84,,295500.0
2009-11-12,17.78,17.99,17.23,17.32,,255500.0
2009-11-13,17.42,17.78,17.24,17.78,,251400.0
2009-11-16,17.99,19.65,17.99,19.62,,1110900.0
2009-11-17,19.6,19.66,19.26,19.39,,371400.0
2009-11-18,19.34,19.51,19.2,19.44,,379000.0
2009-11-19,19.24,19.24,18.57,18.83,,609100.0
2009-11-20,18.64,18.9,18.63,18.84,,210600.0
2009-11-23,19.12,19.61,19.12,19.55,,281500.0
2009-11-24,19.51,19.67,19.08,19.2,,232000.0
2009-11-25,19.34,19.42,19.23,19.33,,71800.0
2009-11-27,18.74,19.13,18.71,18.86,,82900.0
2009-11-30,18.78,18.98,18.2,18.62,,183700.0
2009-12-01,18.93,20.04,18.77,19.96,,386700.0
2009-12-02,20.02,20.69,19.76,20.66,,382100.0
2009-12-03,20.69,20.77,20.38,20.61,,319000.0
2009-12-04,20.78,21.12,20.7,20.87,,420800.0
2009-12-07,20.93,21.27,20.78,20.94,,180600.0
2009-12-08,20.71,21.04,20.58,20.64,,368300.0
2009-12-09,20.66,20.71,20.35,20.54,,184600.0
2009-12-10,20.68,20.82,19.93,20.06,,246000.0
2009-12-11,20.14,20.14,19.54,19.88,,159500.0
2009-12-14,20.01,20.65,19.77,20.65,,233900.0
2009-12-15,20.62,20.7,20.47,20.59,,232200.0
2009-12-16,20.7,20.89,20.51,20.75,,372900.0
2009-12-17,20.67,20.78,20.42,20.54,,430200.0
2009-12-18,20.74,20.76,20.49,20.63,,328800.0
2009-12-21,20.79,21.43,20.62,21.13,,213400.0
2009-12-22,21.22,21.39,21.08,21.36,,210400.0
2009-12-23,21.39,21.39,21.12,21.31,,81600.0
2009-12-24,21.29,21.38,21.15,21.16,,35300.0
2009-12-28,21.16,21.21,20.76,20.89,,168100.0
2009-12-29,20.93,21.04,20.73,20.93,,61100.0
2009-12-30,20.9,21.21,20.84,21.05,,94500.0
2009-12-31,21.05,21.05,20.75,20.76,,238700.0
2010-01-04,21.09,21.22,20.65,20.78,,232600.0
2010-01-05,20.63,20.84,20.39,20.7,,208400.0
2010-01-06,20.44,20.5,19.67,20.0,,663700.0
2010-01-07,20.05,20.16,19.69,19.7,,639400.0
2010-01-08,19.69,19.98,19.69,19.93,,171100.0
2010-01-11,19.96,20.08,19.54,19.72,,251300.0
2010-01-12,19.64,19.81,18.93,19.1,,336000.0
2010-01-13,19.17,19.4,18.6,19.07,,546800.0
2010-01-14,19.06,19.48,19.01,19.26,,232200.0
2010-01-15,19.32,19.32,18.6,18.87,,339000.0
2010-01-19,19.03,19.18,18.83,19.16,,357500.0
2010-01-20,19.06,19.11,18.87,19.06,,485300.0
2010-01-21,19.15,19.46,19.03,19.05,,355000.0
2010-01-22,18.98,19.12,18.47,18.56,,603900.0
2010-01-25,18.76,19.09,18.28,18.58,,366900.0
2010-01-26,18.47,18.6,18.25,18.32,,210500.0
2010-01-27,18.26,18.8,18.08,18.76,,269800.0
2010-01-28,18.75,18.96,17.92,18.1,,312900.0
2010-01-29,18.17,18.23,17.66,17.86,,757400.0
2010-02-01,17.98,18.45,17.79,18.19,,374100.0
2010-02-02,18.01,18.73,17.93,18.62,,597300.0
2010-02-03,17.23,17.56,16.7,17.21,,1882700.0
2010-02-04,17.03,17.06,16.4,16.44,,857700.0
2010-02-05,16.28,17.54,15.93,16.83,,1480300.0
2010-02-08,16.9,17.27,16.5,16.9,,524900.0
2010-02-09,17.54,17.86,17.01,17.49,,509500.0
2010-02-10,17.48,17.9,17.19,17.74,,469700.0
2010-02-11,18.35,18.58,17.66,18.4,,754600.0
2010-02-12,18.09,18.92,18.09,18.62,,477400.0
2010-02-16,18.79,18.89,18.58,18.76,,157200.0
2010-02-17,18.87,18.87,18.42,18.64,,235800.0
2010-02-18,18.58,18.73,18.35,18.72,,242700.0
2010-02-19,18.68,18.68,18.3,18.35,,313500.0
2010-02-22,18.36,18.38,18.09,18.13,,503100.0
2010-02-23,18.16,18.19,17.66,17.8,,396400.0
2010-02-24,17.8,18.11,17.8,18.04,,275100.0
2010-02-25,17.77,17.96,17.55,17.95,,152800.0
2010-02-26,17.91,17.94,17.54,17.59,,150600.0
2010-03-01,17.67,18.19,17.51,18.06,,620400.0
2010-03-02,18.13,18.62,17.92,18.32,,626200.0
2010-03-03,18.38,18.55,17.97,18.12,,207100.0
2010-03-04,18.1,18.19,17.83,18.13,,134500.0
2010-03-05,18.24,18.27,17.93,18.06,,288200.0
2010-03-08,18.11,18.4,17.67,18.35,,784100.0
2010-03-09,18.24,18.34,17.81,18.06,,241100.0
2010-03-10,17.99,18.31,17.96,18.11,,398500.0
2010-03-11,17.98,17.98,17.69,17.9,,381800.0
2010-03-12,18.01,18.17,17.54,17.63,,349600.0
2010-03-15,17.66,17.79,17.57,17.74,,170600.0
2010-03-16,17.8,18.24,17.68,18.06,,166600.0
2010-03-17,18.03,18.8,17.97,18.67,,553400.0
2010-03-18,18.71,19.09,18.6,18.78,,372600.0
2010-03-19,18.89,18.89,18.39,18.57,,339200.0
2010-03-22,18.45,19.55,18.45,19.5,,510200.0
2010-03-23,19.59,20.32,19.41,19.98,,488800.0
2010-03-24,19.96,20.0,19.54,19.64,,307100.0
2010-03-25,19.68,20.18,19.56,19.83,,360300.0
2010-03-26,19.84,19.85,18.77,19.13,,455500.0
2010-03-29,19.16,19.34,18.85,18.96,,262900.0
2010-03-30,19.03,19.44,19.03,19.37,,331200.0
2010-03-31,19.31,19.55,19.16,19.31,,309900.0
2010-04-01,19.48,19.87,19.42,19.62,,249800.0
2010-04-05,19.61,20.04,19.61,19.77,,133600.0
2010-04-06,19.68,19.9,19.5,19.73,,119300.0
2010-04-07,19.65,19.94,19.45,19.76,,112800.0
2010-04-08,19.64,19.89,19.48,19.75,,215200.0
2010-04-09,19.73,19.91,19.64,19.84,,174600.0
2010-04-12,19.91,20.07,19.83,20.07,,174600.0
2010-04-13,19.97,20.51,19.86,20.5,,445300.0
2010-04-14,20.65,21.52,20.61,21.43,,596800.0
2010-04-15,21.31,21.42,21.09,21.26,,135700.0
2010-04-16,21.27,21.27,20.71,20.97,,241300.0
2010-04-19,20.83,21.13,20.51,20.88,,191900.0
2010-04-20,20.98,21.15,20.89,21.1,,142600.0
2010-04-21,21.05,21.22,20.82,21.12,,145900.0
2010-04-22,20.9,21.39,20.71,21.31,,277300.0
2010-04-23,21.26,21.38,20.94,21.38,,114900.0
2010-04-26,21.22,21.39,21.1,21.29,,175200.0
2010-04-27,21.18,21.36,20.85,20.94,,223500.0
2010-04-28,21.01,21.27,20.86,21.09,,298200.0
2010-04-29,21.21,21.65,20.71,21.57,,570500.0
2010-04-30,21.48,21.94,21.26,21.35,,1088800.0
2010-05-03,21.54,21.85,20.86,20.91,,487600.0
2010-05-04,20.63,20.71,19.63,19.83,,602600.0
2010-05-05,19.62,20.26,19.48,19.56,,249800.0
2010-05-06,19.48,19.92,17.37,18.89,,581500.0
2010-05-07,18.72,18.72,17.61,17.86,,671800.0
2010-05-10,18.45,19.08,18.45,19.04,,282500.0
2010-05-11,18.75,19.08,18.6,18.69,,282500.0
2010-05-12,18.68,18.7,18.23,18.45,,430900.0
2010-05-13,18.4,18.54,17.61,18.02,,1121900.0
2010-05-14,17.86,17.99,17.32,17.76,,457800.0
2010-05-17,17.41,17.93,17.27,17.48,,672500.0
2010-05-18,17.73,17.76,16.73,16.96,,575000.0
2010-05-19,16.93,17.64,16.93,17.35,,555700.0
2010-05-20,16.95,17.11,16.65,16.73,,571300.0
2010-05-21,16.55,17.86,16.51,17.39,,831400.0
2010-05-24,17.35,17.41,16.76,16.83,,465700.0
2010-05-25,16.57,16.81,16.05,16.77,,836400.0
2010-05-26,16.84,17.36,16.75,16.86,,334700.0
2010-05-27,17.2,17.36,16.93,17.29,,274200.0
2010-05-28,17.23,17.23,16.51,16.62,,390700.0
2010-06-01,16.45,17.06,16.24,16.31,,748000.0
2010-06-02,16.49,16.74,16.18,16.71,,214300.0
2010-06-03,16.78,17.29,16.78,17.09,,301700.0
2010-06-04,16.63,17.03,16.31,16.38,,317500.0
2010-06-07,16.39,16.51,15.46,15.57,,458000.0
2010-06-08,15.6,15.69,15.02,15.21,,481300.0
2010-06-09,15.38,15.75,15.13,15.54,,733700.0
2010-06-10,15.87,15.97,15.54,15.89,,376300.0
2010-06-11,15.74,16.18,15.6,16.07,,245300.0
2010-06-14,16.21,16.47,16.1,16.12,,218200.0
2010-06-15,16.32,17.28,16.28,17.15,,541000.0
2010-06-16,17.1,17.93,16.92,17.72,,629800.0
2010-06-17,17.88,18.25,17.59,18.04,,475600.0
2010-06-18,18.16,18.16,17.61,17.64,,275400.0
2010-06-21,17.93,18.24,17.09,17.24,,216400.0
2010-06-22,17.25,17.48,16.43,16.44,,749100.0
2010-06-23,16.42,16.46,16.03,16.21,,348100.0
2010-06-24,16.06,16.32,15.68,15.71,,388900.0
2010-06-25,15.75,16.03,15.48,15.91,,807200.0
2010-06-28,15.77,16.19,15.77,15.93,,332500.0
2010-06-29,15.58,15.82,15.26,15.53,,296700.0
2010-06-30,15.48,15.71,15.35,15.47,,314200.0
2010-07-01,15.45,15.6,15.05,15.32,,406000.0
2010-07-02,15.39,15.46,15.05,15.22,,130700.0
2010-07-06,15.48,15.67,14.94,15.03,,198900.0
2010-07-07,15.04,15.77,14.97,15.68,,259600.0
2010-07-08,15.85,16.04,15.62,15.8,,204100.0
2010-07-09,15.36,15.99,15.06,15.93,,288100.0
2010-07-12,15.89,16.31,15.71,16.25,,197100.0
2010-07-13,16.55,16.83,16.35,16.65,,311200.0
2010-07-14,16.86,16.86,16.4,16.48,,261700.0
2010-07-15,16.46,16.75,16.18,16.45,,194500.0
2010-07-16,16.33,16.33,15.96,16.04,,213600.0
2010-07-19,16.1,16.51,15.96,16.48,,136700.0
2010-07-20,16.25,16.43,15.76,16.05,,342100.0
2010-07-21,16.2,16.24,15.74,15.8,,223800.0
2010-07-22,16.02,16.25,15.97,16.09,,303200.0
2010-07-23,15.99,16.25,15.86,16.1,,312900.0
2010-07-26,16.18,16.83,16.07,16.8,,590500.0
2010-07-27,16.93,17.23,16.83,17.05,,466800.0
2010-07-28,16.97,17.06,16.45,16.6,,389200.0
2010-07-29,17.01,17.08,15.75,15.79,,1280000.0
2010-07-30,15.6,15.65,15.18,15.26,,1244600.0
2010-08-02,15.33,15.37,14.87,14.88,,1183500.0
2010-08-03,14.92,14.97,14.65,14.76,,704500.0
2010-08-04,14.8,14.96,14.71,14.93,,686500.0
2010-08-05,14.9,15.3,14.81,15.24,,612100.0
2010-08-06,14.98,15.63,14.98,15.54,,550000.0
2010-08-09,15.7,15.94,15.26,15.92,,274000.0
2010-08-10,15.72,15.84,15.53,15.56,,286700.0
2010-08-11,14.87,14.95,13.77,14.81,,1178900.0
2010-08-12,14.5,15.15,14.5,14.96,,581500.0
2010-08-13,14.87,15.29,14.82,14.86,,407900.0
2010-08-16,14.79,15.06,14.72,14.83,,285200.0
2010-08-17,14.98,15.28,14.83,15.0,,224900.0
2010-08-18,15.02,15.15,14.77,14.89,,314400.0
2010-08-19,15.02,15.22,14.59,14.73,,264900.0
2010-08-20,14.83,15.16,14.64,15.11,,248000.0
2010-08-23,15.51,15.82,14.85,14.85,,476100.0
2010-08-24,15.03,15.05,14.68,14.68,,566300.0
2010-08-25,14.72,15.25,14.72,15.2,,373500.0
2010-08-26,15.44,15.47,14.84,14.92,,333400.0
2010-08-27,15.34,15.4,14.75,15.32,,655900.0
2010-08-30,15.95,15.98,14.95,15.11,,805200.0
2010-08-31,15.05,15.15,14.08,14.21,,591800.0
2010-09-01,14.45,14.89,14.37,14.54,,321800.0
2010-09-02,14.62,15.08,14.42,15.03,,319800.0
2010-09-03,15.18,15.29,14.94,15.01,,303300.0
2010-09-07,14.99,15.09,14.31,14.31,,294800.0
2010-09-08,14.36,14.48,14.18,14.25,,278000.0
2010-09-09,14.42,14.94,14.38,14.63,,837300.0
2010-09-10,14.63,14.78,13.95,14.05,,442300.0
2010-09-13,14.14,14.83,14.14,14.81,,635700.0
2010-09-14,14.75,15.26,14.68,15.21,,524600.0
2010-09-15,15.67,15.68,14.53,15.1,,2125200.0
2010-09-16,14.99,15.13,14.45,14.63,,970500.0
2010-09-17,14.83,14.88,14.19,14.49,,4496000.0
2010-09-20,14.46,14.73,14.31,14.44,,829700.0
2010-09-21,14.43,14.51,14.15,14.24,,600700.0
2010-09-22,14.18,14.18,13.43,13.6,,765100.0
2010-09-23,13.46,14.1,13.39,13.69,,283000.0
2010-09-24,13.85,14.21,13.64,14.17,,779300.0
2010-09-27,14.12,14.35,14.03,14.08,,424700.0
2010-09-28,14.04,14.61,13.71,14.55,,651800.0
2010-09-29,14.55,14.56,14.18,14.25,,398600.0
2010-09-30,14.39,14.39,13.96,14.14,,521000.0
2010-10-01,14.31,14.33,13.79,13.99,,356800.0
2010-10-04,13.92,14.25,13.74,14.01,,407900.0
2010-10-05,14.18,14.28,13.96,14.09,,395300.0
2010-10-06,14.05,14.1,13.66,13.79,,353800.0
2010-10-07,13.88,14.0,13.66,13.93,,206400.0
2010-10-08,13.93,14.18,13.67,14.12,,281400.0
2010-10-11,14.11,14.49,14.11,14.21,,162700.0
2010-10-12,14.2,14.71,14.01,14.6,,456500.0
2010-10-13,14.63,14.68,14.33,14.38,,304400.0
2010-10-14,14.35,14.41,13.73,13.92,,569400.0
2010-10-15,14.12,14.29,13.79,13.97,,343200.0
2010-10-18,13.94,13.99,13.8,13.95,,163200.0
2010-10-19,13.76,13.85,13.5,13.6,,392500.0
2010-10-20,13.61,13.76,13.15,13.18,,464000.0
2010-10-21,13.19,13.3,12.77,13.07,,328700.0
2010-10-22,13.08,13.28,12.97,13.08,,828800.0
2010-10-25,13.15,13.89,13.07,13.78,,822000.0
2010-10-26,13.65,13.96,13.58,13.92,,519900.0
2010-10-27,13.77,14.02,13.71,14.01,,569400.0
2010-10-28,13.99,14.05,13.57,13.7,,587800.0
2010-10-29,13.6,14.29,13.5,13.92,,646600.0
2010-11-01,14.03,14.4,13.91,13.95,,457400.0
2010-11-02,14.08,14.31,14.07,14.31,,424200.0
2010-11-03,14.3,14.65,14.18,14.59,,1085600.0
2010-11-04,13.0,13.54,12.99,13.34,,3761100.0
2010-11-05,13.37,13.88,13.28,13.4,,1463100.0
2010-11-08,13.41,13.41,12.95,13.11,,1302800.0
2010-11-09,13.15,13.65,12.99,13.48,,699500.0
2010-11-10,13.36,14.16,13.36,14.14,,771200.0
2010-11-11,13.93,13.95,13.67,13.84,,568600.0
2010-11-12,13.76,14.11,13.75,13.86,,421200.0
2010-11-15,13.94,14.17,13.81,14.03,,542700.0
2010-11-16,13.91,14.09,13.47,13.5,,374400.0
2010-11-17,13.56,13.88,13.47,13.65,,298200.0
2010-11-18,13.77,14.1,13.67,13.98,,268500.0
2010-11-19,14.0,14.0,13.71,13.71,,445000.0
2010-11-22,13.55,13.86,13.42,13.81,,289200.0
2010-11-23,13.68,14.33,13.56,14.12,,529700.0
2010-11-24,14.23,14.36,14.14,14.32,,305400.0
2010-11-26,14.25,14.49,14.19,14.37,,80400.0
2010-11-29,14.27,14.38,14.01,14.31,,169600.0
2010-11-30,14.18,14.18,13.88,13.97,,269900.0
2010-12-01,14.14,14.49,14.14,14.3,,455200.0
2010-12-02,14.24,14.75,14.24,14.73,,341100.0
2010-12-03,14.7,15.18,14.63,15.09,,517000.0
2010-12-06,15.07,15.26,14.76,14.97,,369000.0
2010-12-07,15.07,15.85,14.98,15.81,,675700.0
2010-12-08,15.83,16.04,15.36,15.37,,707500.0
2010-12-09,15.52,15.59,15.07,15.1,,284400.0
2010-12-10,15.1,15.13,14.58,14.85,,511400.0
2010-12-13,14.85,15.02,14.69,14.73,,211600.0
2010-12-14,14.82,14.82,14.44,14.55,,363300.0
2010-12-15,14.59,14.61,14.02,14.12,,434600.0
2010-12-16,14.1,14.5,14.01,14.37,,368700.0
2010-12-17,14.4,14.42,14.1,14.18,,444400.0
2010-12-20,14.12,14.3,13.9,13.99,,399100.0
2010-12-21,14.05,14.12,13.92,14.0,,268000.0
2010-12-22,13.99,14.04,13.63,13.95,,353900.0
2010-12-23,13.95,14.25,13.92,14.05,,189900.0
2010-12-27,14.08,14.13,13.86,14.08,,102800.0
2010-12-28,14.08,14.31,13.83,14.24,,256800.0
2010-12-29,14.24,14.45,14.12,14.38,,210300.0
2010-12-30,14.42,14.46,14.2,14.2,,135500.0
2010-12-31,14.22,14.4,14.07,14.31,,206600.0
2011-01-03,14.38,14.83,14.37,14.63,,419300.0
2011-01-04,14.38,14.38,13.27,13.66,,1229700.0
2011-01-05,14.27,14.29,13.68,13.74,,1178600.0
2011-01-06,13.81,14.15,13.77,13.95,,496900.0
2011-01-07,14.04,14.1,13.86,13.91,,219200.0
2011-01-10,13.86,13.92,13.65,13.83,,340000.0
2011-01-11,13.92,13.96,13.72,13.82,,441700.0
2011-01-12,13.86,13.92,13.75,13.88,,508400.0
2011-01-13,13.82,13.86,13.75,13.79,,430400.0
2011-01-14,13.8,13.94,13.72,13.84,,530400.0
2011-01-18,13.86,13.91,13.73,13.73,,242400.0
2011-01-19,13.72,13.72,13.45,13.49,,452000.0
2011-01-20,13.42,13.43,13.21,13.25,,377900.0
2011-01-21,13.28,13.31,13.0,13.08,,318300.0
2011-01-24,13.06,13.47,13.02,13.24,,265100.0
2011-01-25,13.14,13.26,12.93,13.0,,180100.0
2011-01-26,12.99,13.16,12.89,13.06,,338200.0
2011-01-27,13.1,13.19,12.97,13.0,,353500.0
2011-01-28,12.98,13.02,12.57,12.69,,399100.0
2011-01-31,12.76,12.83,12.47,12.7,,782500.0
2011-02-01,12.67,13.06,12.67,12.95,,266700.0
2011-02-02,12.99,13.01,12.76,12.81,,375600.0
2011-02-03,12.76,12.84,12.57,12.83,,421600.0
2011-02-04,14.27,14.38,13.21,13.54,,2400500.0
2011-02-07,13.51,13.85,13.32,13.66,,627200.0
2011-02-08,13.62,13.75,13.5,13.59,,377600.0
2011-02-09,13.6,13.63,13.42,13.52,,304300.0
2011-02-10,13.6,13.77,13.5,13.68,,560300.0
2011-02-11,13.59,13.78,13.47,13.78,,304900.0
2011-02-14,13.74,13.93,13.58,13.72,,208500.0
2011-02-15,13.66,13.7,13.34,13.38,,500700.0
2011-02-16,13.42,13.65,13.39,13.54,,193700.0
2011-02-17,13.5,13.84,13.43,13.68,,195900.0
2011-02-18,13.79,14.12,13.76,14.06,,683500.0
2011-02-22,13.9,13.92,13.47,13.57,,416400.0
2011-02-23,13.53,13.56,12.89,12.9,,567100.0
2011-02-24,12.91,13.12,12.64,12.83,,733800.0
2011-02-25,12.76,13.4,12.76,13.34,,337300.0
2011-02-28,13.34,13.52,13.12,13.38,,374700.0
2011-03-01,13.46,13.52,12.97,13.01,,383300.0
2011-03-02,12.96,13.12,12.91,13.02,,354600.0
2011-03-03,13.23,13.31,13.02,13.26,,285800.0
2011-03-04,13.35,13.35,12.97,13.08,,327700.0
2011-03-07,13.14,13.31,12.44,12.46,,425500.0
2011-03-08,12.48,12.8,12.18,12.54,,412500.0
2011-03-09,12.47,12.56,11.92,12.02,,641200.0
2011-03-10,11.86,12.12,11.71,11.87,,334600.0
2011-03-11,11.87,12.08,11.82,12.03,,349700.0
2011-03-14,11.9,12.11,11.86,11.95,,648800.0
2011-03-15,11.59,11.68,11.43,11.6,,668500.0
2011-03-16,11.57,11.91,11.43,11.48,,303300.0
2011-03-17,11.69,11.71,11.32,11.37,,311100.0
2011-03-18,11.5,11.66,11.21,11.53,,804900.0
2011-03-21,11.67,11.88,11.51,11.6,,313500.0
2011-03-22,11.65,11.65,11.26,11.42,,363100.0
2011-03-23,11.3,12.02,11.3,11.99,,449600.0
2011-03-24,12.09,12.31,11.99,12.19,,336300.0
2011-03-25,12.27,12.32,12.13,12.13,,273200.0
2011-03-28,12.17,12.26,12.14,12.18,,223600.0
2011-03-29,12.18,12.39,12.06,12.32,,249600.0
2011-03-30,12.39,12.44,12.22,12.4,,222700.0
2011-03-31,12.43,12.5,12.13,12.29,,487900.0
2011-04-01,12.37,12.39,12.08,12.11,,261500.0
2011-04-04,12.1,12.1,11.61,11.8,,363000.0
2011-04-05,11.91,12.88,11.91,12.54,,811300.0
2011-04-06,12.63,12.72,12.47,12.62,,221700.0
2011-04-07,12.65,13.06,12.64,12.83,,316300.0
2011-04-08,12.96,12.97,12.63,12.67,,194500.0
2011-04-11,12.63,12.84,12.56,12.64,,326000.0
2011-04-12,12.57,12.6,12.22,12.38,,317100.0
2011-04-13,12.44,12.44,12.13,12.32,,307500.0
2011-04-14,12.24,12.43,12.13,12.36,,209400.0
2011-04-15,12.31,12.34,12.1,12.32,,204700.0
2011-04-18,12.07,12.31,11.99,12.23,,328400.0
2011-04-19,12.23,12.58,12.16,12.57,,446400.0
2011-04-20,12.89,13.34,12.79,13.33,,666600.0
2011-04-21,13.41,13.44,13.28,13.39,,256400.0
2011-04-25,13.36,13.37,13.26,13.34,,144500.0
2011-04-26,13.4,13.86,13.37,13.81,,500100.0
2011-04-27,13.81,13.93,13.66,13.93,,442100.0
2011-04-28,13.85,14.04,13.82,13.86,,929800.0
2011-04-29,14.7,16.07,14.6,14.7,,2400000.0
2011-05-02,14.85,14.91,14.34,14.48,,1037200.0
2011-05-03,14.35,14.59,14.08,14.15,,609100.0
2011-05-04,14.13,14.2,13.82,13.9,,468200.0
2011-05-05,13.77,14.28,13.7,14.05,,306500.0
2011-05-06,14.12,14.33,14.0,14.04,,273000.0
2011-05-09,14.06,14.2,13.85,14.08,,130500.0
2011-05-10,13.98,14.2,13.98,14.18,,187700.0
2011-05-11,14.17,14.21,13.92,14.07,,288100.0
2011-05-12,14.01,14.41,13.95,14.32,,164400.0
2011-05-13,14.5,14.75,14.04,14.09,,529500.0
2011-05-16,14.04,14.55,13.89,14.07,,433800.0
2011-05-17,13.95,14.18,13.86,14.07,,275500.0
2011-05-18,14.15,14.48,14.1,14.39,,176900.0
2011-05-19,14.4,14.58,14.06,14.52,,350000.0
2011-05-20,14.42,14.69,14.02,14.38,,433300.0
2011-05-23,14.16,14.18,13.95,13.99,,227500.0
2011-05-24,14.02,14.29,13.86,13.99,,263000.0
2011-05-25,13.95,14.15,13.86,14.04,,260700.0
2011-05-26,14.02,14.49,14.0,14.47,,281400.0
2011-05-27,14.5,14.78,14.38,14.72,,351100.0
2011-05-31,14.87,14.99,14.73,14.98,,569400.0
2011-06-01,14.87,14.87,14.4,14.41,,794500.0
2011-06-02,14.38,14.57,14.33,14.46,,256700.0
2011-06-03,14.24,14.44,13.94,14.07,,234000.0
2011-06-06,14.04,14.11,13.9,13.93,,175100.0
2011-06-07,14.05,14.18,13.9,14.05,,127900.0
2011-06-08,13.99,14.12,13.64,13.77,,223600.0
2011-06-09,13.85,14.05,13.35,13.4,,406900.0
2011-06-10,13.34,13.41,12.95,13.15,,289500.0
2011-06-13,13.15,13.19,12.97,13.08,,255200.0
2011-06-14,13.22,13.38,13.13,13.25,,239800.0
2011-06-15,13.1,13.23,12.74,12.8,,308300.0
2011-06-16,12.77,13.08,12.63,12.79,,315600.0
2011-06-17,12.85,12.85,12.24,12.37,,667700.0
2011-06-20,12.37,12.56,12.21,12.42,,260600.0
2011-06-21,12.5,12.83,12.34,12.73,,260800.0
2011-06-22,12.64,12.71,12.55,12.55,,233300.0
2011-06-23,12.37,13.07,12.34,13.03,,318400.0
2011-06-24,13.03,13.15,12.87,13.11,,869100.0
2011-06-27,13.06,13.14,12.81,13.03,,294700.0
2011-06-28,13.05,13.21,12.93,13.17,,227600.0
2011-06-29,13.21,13.21,12.84,13.11,,200600.0
2011-06-30,13.08,13.47,13.03,13.35,,342600.0
2011-07-01,13.36,13.54,13.13,13.39,,181100.0
2011-07-05,13.37,13.42,13.22,13.28,,136500.0
2011-07-06,13.28,13.4,12.95,13.05,,211500.0
2011-07-07,13.15,13.46,13.15,13.25,,274600.0
2011-07-08,13.06,13.23,12.72,12.83,,290900.0
2011-07-11,12.66,12.97,12.58,12.82,,203200.0
2011-07-12,12.7,12.71,12.09,12.11,,303200.0
2011-07-13,12.16,12.47,12.11,12.34,,230500.0
2011-07-14,12.3,12.42,11.93,11.93,,344000.0
2011-07-15,11.97,12.18,11.69,11.78,,394100.0
2011-07-18,11.73,11.91,11.63,11.78,,158700.0
2011-07-19,11.88,12.11,11.83,11.83,,317100.0
2011-07-20,11.86,11.88,11.64,11.69,,558500.0
2011-07-21,11.69,11.87,11.69,11.82,,313600.0
2011-07-22,11.85,12.12,11.71,12.07,,531900.0
2011-07-25,11.9,12.03,11.73,11.86,,238600.0
2011-07-26,11.89,12.43,11.89,12.32,,546600.0
2011-07-27,12.2,12.29,11.59,11.82,,398500.0
2011-07-28,11.8,12.04,11.65,11.82,,295600.0
2011-07-29,11.62,11.96,11.6,11.68,,514600.0
2011-08-01,11.73,11.96,11.24,11.46,,322700.0
2011-08-02,11.21,11.56,11.04,11.05,,254500.0
2011-08-03,12.27,13.13,11.73,12.03,,1760300.0
2011-08-04,11.86,12.09,11.34,11.35,,661200.0
2011-08-05,11.53,11.91,10.95,11.08,,678200.0
2011-08-08,10.86,11.26,10.16,10.16,,781500.0
2011-08-09,10.36,10.68,9.53,10.64,,797100.0
2011-08-10,10.22,10.67,9.93,10.27,,567300.0
2011-08-11,10.36,10.91,10.18,10.78,,363400.0
2011-08-12,10.9,10.9,10.43,10.7,,303100.0
2011-08-15,10.78,10.9,10.58,10.85,,480900.0
2011-08-16,10.75,10.95,10.61,10.81,,296700.0
2011-08-17,10.83,10.96,10.69,10.87,,230400.0
2011-08-18,10.52,10.62,9.96,10.05,,310600.0
2011-08-19,9.89,10.22,9.79,9.92,,163800.0
2011-08-22,10.19,10.19,9.68,9.99,,317800.0
2011-08-23,10.05,10.82,9.93,10.78,,335800.0
2011-08-24,10.78,10.87,10.61,10.8,,216600.0
2011-08-25,10.69,10.81,10.44,10.51,,222200.0
2011-08-26,10.41,10.82,10.26,10.74,,170500.0
2011-08-29,10.83,11.08,10.71,11.08,,209500.0
2011-08-30,11.0,11.09,10.72,11.06,,218800.0
2011-08-31,11.08,11.08,10.78,10.94,,293100.0
2011-09-01,10.91,11.08,10.31,10.4,,214600.0
2011-09-02,10.16,10.26,9.84,9.91,,177500.0
2011-09-06,9.61,9.79,9.5,9.77,,187300.0
2011-09-07,9.94,10.14,9.94,10.13,,237100.0
2011-09-08,10.07,10.37,9.79,9.89,,160300.0
2011-09-09,9.79,9.94,9.56,9.72,,261000.0
2011-09-12,9.72,10.08,9.53,10.08,,357500.0
2011-09-13,10.1,10.45,10.0,10.35,,262500.0
2011-09-14,10.42,10.99,10.36,10.75,,247300.0
2011-09-15,10.79,11.1,10.67,11.08,,327400.0
2011-09-16,11.14,11.14,10.83,10.97,,899600.0
2011-09-19,10.72,10.89,10.37,10.57,,220300.0
2011-09-20,10.59,10.66,9.98,9.99,,230600.0
2011-09-21,9.61,10.22,9.47,9.49,,482500.0
2011-09-22,9.19,9.48,9.08,9.27,,320500.0
2011-09-23,9.27,9.61,9.13,9.53,,191000.0
2011-09-26,9.61,9.69,9.11,9.52,,214000.0
2011-09-27,9.73,9.92,9.36,9.63,,555500.0
2011-09-28,9.66,9.75,9.04,9.04,,158800.0
2011-09-29,9.27,9.33,8.89,9.15,,194900.0
2011-09-30,9.0,9.24,8.8,8.82,,167600.0
2011-10-03,8.73,8.89,8.36,8.37,,395000.0
2011-10-04,8.28,8.95,8.22,8.92,,518100.0
2011-10-05,8.91,9.32,8.64,9.18,,223100.0
2011-10-06,9.19,9.37,9.06,9.31,,250200.0
2011-10-07,9.35,9.52,9.21,9.44,,318900.0
2011-10-10,9.62,9.65,9.46,9.62,,296100.0
2011-10-11,9.51,9.64,9.47,9.53,,171600.0
2011-10-12,9.63,9.74,9.46,9.68,,252200.0
2011-10-13,9.6,10.21,9.6,10.17,,221500.0
2011-10-14,10.31,10.36,10.13,10.36,,232100.0
2011-10-17,10.24,10.34,9.72,9.79,,227900.0
2011-10-18,9.8,10.17,9.62,10.13,,170200.0
2011-10-19,10.11,10.16,9.74,9.77,,157900.0
2011-10-20,9.76,9.85,9.41,9.72,,153900.0
2011-10-21,9.92,10.05,9.74,10.02,,172600.0
2011-10-24,10.09,10.56,10.09,10.55,,138300.0
2011-10-25,10.43,10.59,10.2,10.24,,223400.0
2011-10-26,10.39,10.72,10.07,10.66,,169900.0
2011-10-27,10.89,11.62,10.87,11.04,,431300.0
2011-10-28,10.1,11.11,10.1,11.05,,563400.0
2011-10-31,10.82,11.03,10.66,10.79,,172200.0
2011-11-01,10.31,10.62,10.2,10.42,,343900.0
2011-11-02,10.35,10.43,10.21,10.42,,336200.0
2011-11-03,10.54,10.63,10.26,10.56,,324500.0
2011-11-04,10.46,10.82,10.42,10.81,,137600.0
2011-11-07,10.78,10.88,10.61,10.8,,187500.0
2011-11-08,10.88,11.25,10.61,10.98,,138400.0
2011-11-09,10.68,10.85,10.33,10.37,,166400.0
2011-11-10,10.31,10.61,10.31,10.47,,138200.0
2011-11-11,10.57,10.97,10.51,10.94,,122400.0
2011-11-14,10.86,10.92,10.54,10.65,,110800.0
2011-11-15,10.61,11.13,10.56,11.07,,112000.0
2011-11-16,10.92,11.31,10.66,11.0,,258200.0
2011-11-17,10.95,11.2,10.36,10.43,,177100.0
2011-11-18,10.45,10.51,10.33,10.36,,118800.0
2011-11-21,10.18,10.18,9.88,10.06,,129200.0
2011-11-22,10.04,10.17,9.76,9.78,,106100.0
2011-11-23,9.67,9.75,9.48,9.59,,144900.0
2011-11-25,9.54,9.68,9.39,9.4,,70000.0
2011-11-28,9.79,9.97,9.54,9.92,,167100.0
2011-11-29,9.88,9.99,9.67,9.76,,68200.0
2011-11-30,10.18,10.45,9.89,10.43,,241500.0
2011-12-01,10.39,10.77,10.21,10.7,,250900.0
2011-12-02,10.83,10.95,10.56,10.67,,142800.0
2011-12-05,11.15,11.5,10.95,11.41,,322000.0
2011-12-06,11.41,11.79,11.3,11.73,,366800.0
2011-12-07,11.67,12.26,11.53,12.22,,689200.0
2011-12-08,12.05,12.56,12.05,12.13,,682800.0
2011-12-09,12.11,12.27,11.74,12.06,,419500.0
2011-12-12,11.81,12.11,11.6,11.71,,247900.0
2011-12-13,11.82,12.03,11.35,11.83,,418000.0
2011-12-14,11.76,11.86,11.57,11.57,,256100.0
2011-12-15,11.77,11.89,11.53,11.63,,236800.0
2011-12-16,11.73,12.35,11.73,12.32,,722800.0
2011-12-19,12.38,12.55,11.86,11.87,,175500.0
2011-12-20,12.16,12.6,12.08,12.59,,224100.0
2011-12-21,12.59,12.7,12.25,12.63,,226100.0
2011-12-22,12.64,13.28,12.57,13.24,,237200.0
2011-12-23,13.32,13.46,13.11,13.45,,138600.0
2011-12-27,13.39,13.52,13.21,13.48,,220300.0
2011-12-28,13.47,13.47,13.02,13.06,,281200.0
2011-12-29,13.08,13.38,13.01,13.26,,181100.0
2011-12-30,13.21,13.35,13.04,13.05,,142800.0
2012-01-03,13.38,13.45,13.08,13.16,,238100.0
2012-01-04,13.06,13.25,12.63,12.87,,232700.0
2012-01-05,12.83,13.27,12.71,13.16,,244500.0
2012-01-06,13.13,13.28,13.05,13.16,,139900.0
2012-01-09,13.22,13.58,13.18,13.51,,307500.0
2012-01-10,13.68,13.68,13.43,13.54,,178600.0
2012-01-11,13.42,13.6,13.42,13.55,,189000.0
2012-01-12,13.61,13.61,13.44,13.55,,215500.0
2012-01-13,13.42,13.5,13.12,13.21,,168000.0
2012-01-17,13.33,13.55,13.09,13.25,,214100.0
2012-01-18,13.38,14.49,13.2,14.29,,603500.0
2012-01-19,14.33,14.55,14.22,14.5,,256400.0
2012-01-20,14.47,15.29,14.4,15.23,,401900.0
2012-01-23,15.24,15.28,14.77,14.83,,247200.0
2012-01-24,14.77,15.08,14.7,14.78,,229900.0
2012-01-25,14.79,14.79,14.2,14.43,,292200.0
2012-01-26,14.43,14.96,13.96,14.46,,158000.0
2012-01-27,14.38,14.54,14.3,14.45,,133100.0
2012-01-30,14.26,14.37,13.99,14.2,,123400.0
2012-01-31,14.32,14.42,14.09,14.19,,99800.0
2012-02-01,14.36,14.89,14.29,14.66,,176200.0
2012-02-02,14.5,14.65,14.26,14.36,,186100.0
2012-02-03,14.53,14.89,14.49,14.76,,148300.0
2012-02-06,14.64,14.74,14.22,14.25,,97800.0
2012-02-07,14.22,14.31,14.01,14.12,,187900.0
2012-02-08,14.16,14.43,14.02,14.12,,201300.0
2012-02-09,14.24,14.69,13.91,14.09,,266500.0
2012-02-10,14.22,16.22,14.22,14.72,,1214600.0
2012-02-13,15.0,15.28,14.58,15.21,,464900.0
2012-02-14,14.86,15.27,14.58,15.22,,304300.0
2012-02-15,15.27,15.41,15.12,15.25,,182900.0
2012-02-16,15.24,16.07,15.02,16.0,,361200.0
2012-02-17,16.09,16.14,15.73,15.78,,226900.0
2012-02-21,15.67,15.99,15.23,15.31,,203100.0
2012-02-22,15.25,15.49,14.85,15.32,,199100.0
2012-02-23,15.27,16.08,15.09,16.06,,298100.0
2012-02-24,16.06,16.58,15.91,16.45,,698800.0
2012-02-27,16.38,17.09,16.11,16.95,,454000.0
2012-02-28,16.93,17.18,16.52,16.69,,467800.0
2012-02-29,16.69,16.69,16.1,16.1,,342600.0
2012-03-01,16.3,16.43,16.03,16.18,,334100.0
2012-03-02,16.2,16.44,15.87,16.1,,446300.0
2012-03-05,16.04,16.04,15.16,15.45,,526400.0
2012-03-06,15.27,15.41,14.99,15.16,,435700.0
2012-03-07,15.18,15.3,15.01,15.07,,639400.0
2012-03-08,15.14,15.33,14.97,15.22,,498300.0
2012-03-09,15.22,15.76,15.22,15.66,,394200.0
2012-03-12,15.67,15.85,15.55,15.76,,163700.0
2012-03-13,15.93,16.16,15.81,16.06,,290200.0
2012-03-14,16.1,16.7,16.04,16.3,,400100.0
2012-03-15,16.31,16.64,16.12,16.57,,336700.0
2012-03-16,16.65,16.67,16.38,16.48,,229500.0
2012-03-19,16.38,16.96,16.36,16.76,,158300.0
2012-03-20,16.64,16.64,16.3,16.45,,188400.0
2012-03-21,16.5,16.76,16.49,16.52,,103200.0
2012-03-22,16.31,16.44,16.18,16.3,,133500.0
2012-03-23,16.27,16.7,16.03,16.57,,111900.0
2012-03-26,16.77,17.02,16.74,17.01,,152500.0
2012-03-27,17.0,17.24,16.88,16.99,,190100.0
2012-03-28,16.96,17.04,16.54,16.99,,268200.0
2012-03-29,16.83,17.01,16.45,16.94,,135800.0
2012-03-30,17.11,17.23,16.66,17.03,,305500.0
2012-04-02,17.02,17.31,16.7,17.22,,212600.0
2012-04-03,17.22,17.22,16.71,16.79,,144400.0
2012-04-04,16.58,16.58,16.21,16.5,,279000.0
2012-04-05,16.22,17.11,16.22,17.02,,248300.0
2012-04-09,16.68,16.85,16.45,16.54,,243900.0
2012-04-10,16.66,17.22,16.46,16.57,,460900.0
2012-04-11,16.77,16.94,16.49,16.72,,263600.0
2012-04-12,16.75,17.28,16.72,17.22,,151000.0
2012-04-13,17.19,17.19,16.89,17.08,,149800.0
2012-04-16,17.09,17.21,16.9,17.06,,169500.0
2012-04-17,17.22,17.97,17.15,17.48,,445400.0
2012-04-18,17.32,17.38,17.02,17.27,,326900.0
2012-04-19,17.22,17.47,16.82,17.02,,210000.0
2012-04-20,17.3,17.32,16.64,16.73,,233800.0
2012-04-23,16.45,16.6,16.22,16.55,,399400.0
2012-04-24,16.62,16.79,16.51,16.51,,314300.0
2012-04-25,16.81,17.06,16.49,16.83,,483700.0
2012-04-26,16.85,17.49,16.83,17.35,,345900.0
2012-04-27,17.43,17.83,17.23,17.72,,318700.0
2012-04-30,17.63,18.26,17.41,17.94,,606500.0
2012-05-01,18.72,19.4,18.45,18.51,,1050400.0
2012-05-02,18.19,18.5,17.97,18.49,,430700.0
2012-05-03,18.46,18.62,18.03,18.1,,473700.0
2012-05-04,17.86,18.19,17.63,17.98,,349900.0
2012-05-07,17.79,18.1,17.64,17.93,,202300.0
2012-05-08,17.55,18.1,17.55,17.99,,316500.0
2012-05-09,17.75,18.25,17.61,18.06,,265400.0
2012-05-10,18.07,18.38,17.89,18.25,,270000.0
2012-05-11,18.09,18.58,17.93,18.06,,324500.0
2012-05-14,17.83,18.27,17.74,18.14,,217000.0
2012-05-15,18.13,18.41,17.77,17.91,,202700.0
2012-05-16,18.06,18.06,17.6,17.73,,231000.0
2012-05-17,17.78,18.15,17.67,17.85,,409300.0
2012-05-18,17.68,17.86,16.45,16.64,,795400.0
2012-05-21,16.64,17.07,16.4,16.6,,572400.0
2012-05-22,16.52,16.64,16.09,16.2,,703600.0
2012-05-23,16.0,16.15,15.69,16.12,,564000.0
2012-05-24,16.12,16.13,15.75,15.77,,365400.0
2012-05-25,15.81,16.25,15.36,16.02,,214400.0
2012-05-29,16.29,16.46,16.05,16.43,,322100.0
2012-05-30,16.18,16.46,15.96,16.19,,340900.0
2012-05-31,16.18,16.39,15.94,16.27,,283900.0
2012-06-01,15.87,16.0,15.39,15.49,,352400.0
2012-06-04,15.62,16.01,15.33,15.72,,425600.0
2012-06-05,15.7,16.04,15.51,15.93,,267500.0
2012-06-06,16.03,16.25,15.83,15.99,,472900.0
2012-06-07,16.23,16.25,15.67,15.7,,137400.0
2012-06-08,16.44,17.45,16.44,17.32,,924400.0
2012-06-11,17.48,17.63,16.7,16.73,,298000.0
2012-06-12,16.78,17.37,16.78,16.88,,262600.0
2012-06-13,16.91,17.01,16.57,16.67,,164000.0
2012-06-14,16.71,16.9,16.35,16.78,,126500.0
2012-06-15,16.72,16.91,16.4,16.87,,324000.0
2012-06-18,16.7,17.32,16.66,17.13,,126400.0
2012-06-19,17.15,17.63,17.09,17.5,,241400.0
2012-06-20,17.44,17.7,17.35,17.66,,190200.0
2012-06-21,17.6,17.68,17.07,17.14,,196900.0
2012-06-22,17.18,17.74,17.08,17.61,,526300.0
2012-06-25,17.4,17.4,16.75,16.76,,196600.0
2012-06-26,16.76,17.04,15.9,16.63,,211400.0
2012-06-27,16.62,16.89,16.62,16.82,,375500.0
2012-06-28,16.6,16.83,16.42,16.77,,209100.0
2012-06-29,17.17,17.33,16.95,17.19,,313200.0
2012-07-02,17.31,17.74,16.9,17.27,,420100.0
2012-07-03,17.34,17.89,17.17,17.87,,117600.0
2012-07-05,17.91,18.1,17.7,18.09,,224400.0
2012-07-06,17.91,17.91,17.16,17.38,,484300.0
2012-07-09,17.23,17.35,16.99,17.25,,415900.0
2012-07-10,17.22,17.4,16.76,17.01,,453100.0
2012-07-11,17.07,17.34,16.82,17.05,,541200.0
2012-07-12,16.87,16.96,16.38,16.64,,233300.0
2012-07-13,16.74,16.89,16.43,16.53,,539900.0
2012-07-16,16.46,16.63,15.83,15.91,,371900.0
2012-07-17,15.99,16.09,15.71,15.93,,249100.0
2012-07-18,15.88,16.54,15.86,16.24,,152400.0
2012-07-19,16.37,17.01,16.36,16.89,,543000.0
2012-07-20,16.83,16.88,16.38,16.7,,326300.0
2012-07-23,16.37,16.62,15.86,16.45,,348600.0
2012-07-24,16.24,16.37,15.24,15.3,,979400.0
2012-07-25,15.43,15.88,15.23,15.47,,311700.0
2012-07-26,15.73,15.89,15.45,15.6,,234100.0
2012-07-27,15.64,16.38,15.61,16.04,,467700.0
2012-07-30,15.99,16.05,15.34,15.5,,550200.0
2012-07-31,14.78,17.84,14.78,16.78,,1731200.0
2012-08-01,16.87,16.94,16.37,16.45,,535300.0
2012-08-02,16.45,16.97,16.31,16.48,,510300.0
2012-08-03,16.66,17.48,16.49,17.39,,448700.0
2012-08-06,17.35,17.72,16.31,17.18,,565300.0
2012-08-07,17.21,17.99,17.09,17.75,,728700.0
2012-08-08,17.61,17.96,17.31,17.8,,235700.0
2012-08-09,17.72,18.41,17.67,18.31,,470600.0
2012-08-10,17.95,18.4,17.93,18.27,,218600.0
2012-08-13,18.29,18.29,17.79,17.97,,197000.0
2012-08-14,18.02,18.37,17.74,18.2,,439300.0
2012-08-15,18.07,18.25,17.98,18.22,,227700.0
2012-08-16,18.27,18.99,18.16,18.91,,384500.0
2012-08-17,18.82,19.05,18.54,19.03,,316600.0
2012-08-20,18.96,19.09,18.73,18.96,,302200.0
2012-08-21,18.98,19.3,18.82,18.98,,277800.0
2012-08-22,18.86,19.17,18.53,19.08,,518900.0
2012-08-23,18.97,19.4,18.78,19.12,,583900.0
2012-08-24,19.02,19.57,18.97,19.48,,677100.0
2012-08-27,19.57,19.98,19.24,19.53,,1154300.0
2012-08-28,19.45,19.67,19.14,19.22,,797800.0
2012-08-29,19.27,19.27,18.88,18.95,,295900.0
2012-08-30,18.9,18.9,18.53,18.6,,151500.0
2012-08-31,18.8,18.8,18.41,18.67,,394300.0
2012-09-04,17.86,18.12,17.15,17.47,,967500.0
2012-09-05,17.45,17.61,17.4,17.52,,424600.0
2012-09-06,17.64,18.26,17.64,18.21,,320700.0
2012-09-07,18.13,18.32,17.9,18.32,,259800.0
2012-09-10,18.25,18.38,17.95,18.03,,148000.0
2012-09-11,18.11,18.32,18.03,18.15,,184700.0
2012-09-12,18.25,18.34,17.99,18.06,,155200.0
2012-09-13,18.17,18.24,17.94,18.1,,209400.0
2012-09-14,18.24,18.61,18.09,18.34,,318200.0
2012-09-17,18.34,18.34,17.73,17.88,,253300.0
2012-09-18,17.79,18.03,17.72,17.86,,237600.0
2012-09-19,17.97,17.99,17.67,17.94,,174000.0
2012-09-20,17.85,18.06,17.73,17.95,,173000.0
2012-09-21,18.2,18.22,17.85,17.86,,559900.0
2012-09-24,17.78,17.99,17.58,17.59,,240100.0
2012-09-25,17.78,17.9,17.04,17.09,,217400.0
2012-09-26,17.1,17.25,16.32,16.77,,396800.0
2012-09-27,16.91,17.42,16.76,17.31,,169400.0
2012-09-28,17.2,17.29,17.0,17.1,,211800.0
2012-10-01,17.12,17.38,16.68,16.79,,216700.0
2012-10-02,16.44,16.94,16.44,16.58,,228700.0
2012-10-03,16.65,16.67,16.1,16.24,,310300.0
2012-10-04,16.27,16.27,15.77,15.86,,433700.0
2012-10-05,15.89,16.06,15.8,15.81,,360000.0
2012-10-08,15.73,15.85,15.5,15.52,,227500.0
2012-10-09,15.61,15.89,15.21,15.5,,492300.0
2012-10-10,15.49,15.69,15.23,15.59,,276600.0
2012-10-11,15.73,16.01,15.62,15.93,,313600.0
2012-10-12,15.89,16.03,15.71,15.91,,316900.0
2012-10-15,15.86,16.05,15.77,16.03,,307400.0
2012-10-16,16.09,16.34,15.98,16.32,,258900.0
2012-10-17,16.25,16.77,16.06,16.58,,252000.0
2012-10-18,16.49,16.57,16.22,16.39,,229900.0
2012-10-19,16.29,16.29,15.79,15.9,,240700.0
2012-10-22,15.85,16.09,15.79,15.95,,129700.0
2012-10-23,15.73,16.39,15.71,16.29,,182200.0
2012-10-24,16.41,16.41,15.91,15.93,,167500.0
2012-10-25,16.06,16.16,15.73,16.05,,220100.0
2012-10-26,16.1,16.7,15.99,16.67,,337500.0
2012-10-31,16.64,16.96,16.49,16.83,,417800.0
2012-11-01,16.85,17.28,15.88,17.18,,286800.0
2012-11-02,14.87,16.79,14.87,16.45,,633300.0
2012-11-05,16.33,16.96,15.59,16.84,,194900.0
2012-11-06,16.84,17.09,16.76,16.83,,213200.0
2012-11-07,16.63,16.72,16.18,16.49,,206300.0
2012-11-08,16.35,16.66,16.26,16.45,,173400.0
2012-11-09,16.37,17.02,16.35,16.94,,346400.0
2012-11-12,16.77,16.86,16.59,16.69,,270100.0
2012-11-13,16.54,16.74,16.09,16.53,,273500.0
2012-11-14,16.62,16.64,16.15,16.23,,210400.0
2012-11-15,15.98,16.23,15.19,15.93,,241100.0
2012-11-16,15.89,16.42,15.59,16.35,,255500.0
2012-11-19,16.5,17.13,16.32,17.09,,555300.0
2012-11-20,17.0,17.0,16.67,16.8,,194500.0
2012-11-21,16.88,17.14,16.64,17.02,,141800.0
2012-11-23,17.14,17.38,16.92,17.25,,108900.0
2012-11-26,17.22,17.59,17.09,17.59,,156000.0
2012-11-27,17.5,17.71,17.36,17.48,,152000.0
2012-11-28,17.41,17.71,17.22,17.62,,137600.0
2012-11-29,17.74,18.39,17.65,18.29,,410000.0
2012-11-30,18.27,18.44,18.05,18.32,,295200.0
2012-12-03,18.48,18.63,18.24,18.55,,232500.0
2012-12-04,18.53,18.7,18.28,18.56,,243400.0
2012-12-05,18.63,18.68,18.22,18.58,,175400.0
2012-12-06,18.44,18.58,18.1,18.19,,349500.0
2012-12-07,18.26,18.27,17.7,18.17,,192100.0
2012-12-10,18.19,18.39,18.03,18.25,,155600.0
2012-12-11,18.46,19.07,18.43,19.04,,356900.0
2012-12-12,19.16,19.32,18.84,18.99,,345600.0
2012-12-13,18.97,19.12,18.53,18.63,,215100.0
2012-12-14,18.55,18.96,18.47,18.88,,145300.0
2012-12-17,18.95,19.11,18.78,19.03,,146900.0
2012-12-18,18.98,19.38,18.83,19.27,,265500.0
2012-12-19,19.22,19.63,19.03,19.48,,235200.0
2012-12-20,19.56,19.63,19.24,19.56,,333300.0
2012-12-21,19.25,19.9,18.75,19.66,,559500.0
2012-12-24,19.74,19.75,19.42,19.69,,85600.0
2012-12-26,19.73,19.9,19.18,19.53,,141000.0
2012-12-27,19.77,19.84,19.12,19.7,,336500.0
2012-12-28,19.55,19.91,19.4,19.56,,173200.0
2012-12-31,19.61,20.24,19.33,20.19,,475000.0
2013-01-02,20.65,20.84,20.46,20.69,,637500.0
2013-01-03,20.79,21.01,20.55,20.8,,321200.0
2013-01-04,20.91,20.91,20.42,20.46,,181100.0
2013-01-07,20.27,20.38,19.97,20.1,,259000.0
2013-01-08,20.14,20.33,19.83,20.22,,364000.0
2013-01-09,20.26,20.83,20.2,20.82,,321200.0
2013-01-10,20.83,20.87,20.39,20.83,,369700.0
2013-01-11,20.78,20.78,20.36,20.47,,203100.0
2013-01-14,20.33,20.56,20.15,20.34,,238500.0
2013-01-15,20.28,20.74,20.25,20.61,,306100.0
2013-01-16,20.51,21.05,20.51,20.84,,292400.0
2013-01-17,21.0,21.43,20.99,21.37,,583200.0
2013-01-18,21.28,21.35,21.06,21.24,,487500.0
2013-01-22,21.28,21.33,20.66,21.22,,432800.0
2013-01-23,21.26,21.26,20.97,21.13,,303700.0
2013-01-24,21.04,21.39,20.9,21.13,,240600.0
2013-01-25,21.28,21.28,21.0,21.22,,170800.0
2013-01-28,21.18,21.34,21.08,21.18,,251200.0
2013-01-29,21.12,21.12,20.89,21.05,,247300.0
2013-01-30,21.02,21.14,20.89,21.01,,299400.0
2013-01-31,21.06,21.36,21.0,21.13,,313500.0
2013-02-01,21.21,21.51,21.13,21.44,,293200.0
2013-02-04,21.1,21.42,21.03,21.03,,209100.0
2013-02-05,21.08,21.34,20.92,21.02,,397500.0
2013-02-06,20.88,21.07,20.54,21.04,,488700.0
2013-02-07,21.48,22.74,21.31,22.28,,1677900.0
2013-02-08,22.28,22.84,22.02,22.5,,438800.0
2013-02-11,22.29,22.51,22.2,22.5,,247000.0
2013-02-12,22.47,22.82,22.31,22.66,,382900.0
2013-02-13,22.57,22.77,22.47,22.64,,259900.0
2013-02-14,22.63,22.84,22.49,22.84,,137800.0
2013-02-15,22.8,23.05,22.57,22.8,,300800.0
2013-02-19,22.71,23.2,22.71,23.12,,387700.0
2013-02-20,23.11,23.25,22.67,22.67,,231000.0
2013-02-21,22.58,22.58,21.99,22.29,,229300.0
2013-02-22,22.36,22.7,22.27,22.51,,285000.0
2013-02-25,22.65,22.65,21.98,21.98,,230400.0
2013-02-26,22.09,22.38,21.98,22.11,,174300.0
2013-02-27,22.12,22.61,22.12,22.31,,238400.0
2013-02-28,22.28,22.49,22.16,22.28,,201500.0
2013-03-01,22.05,22.44,21.66,22.29,,233600.0
2013-03-04,22.29,22.42,21.91,22.01,,202200.0
2013-03-05,22.14,22.34,22.0,22.25,,228900.0
2013-03-06,22.28,22.47,22.2,22.34,,233600.0
2013-03-07,22.3,22.48,22.04,22.16,,238900.0
2013-03-08,22.47,22.54,22.14,22.29,,218400.0
2013-03-11,22.26,22.26,21.98,22.09,,213700.0
2013-03-12,22.06,22.1,21.89,22.0,,243500.0
2013-03-13,22.02,22.28,21.91,22.25,,168100.0
2013-03-14,22.26,22.51,22.19,22.26,,192200.0
2013-03-15,22.22,22.27,21.75,21.82,,411100.0
2013-03-18,21.55,21.9,21.3,21.55,,350700.0
2013-03-19,21.51,21.88,21.36,21.41,,378900.0
2013-03-20,21.6,22.15,21.51,22.06,,206400.0
2013-03-21,21.79,21.88,21.37,21.43,,218500.0
2013-03-22,21.47,21.6,21.25,21.35,,182800.0
2013-03-25,21.46,21.77,21.17,21.32,,279600.0
2013-03-26,21.48,22.09,21.46,21.99,,222300.0
2013-03-27,21.86,22.02,21.7,21.88,,210300.0
2013-03-28,21.92,22.13,21.7,22.09,,339900.0
2013-04-01,21.99,22.17,21.26,21.4,,283900.0
2013-04-02,21.57,21.6,20.98,21.04,,265500.0
2013-04-03,21.06,21.06,20.44,20.47,,157100.0
2013-04-04,20.46,20.64,20.22,20.61,,231200.0
2013-04-05,20.2,20.41,19.94,20.4,,298800.0
2013-04-08,20.5,20.79,20.19,20.75,,243600.0
2013-04-09,20.73,20.97,20.33,20.73,,229300.0
2013-04-10,20.78,21.2,20.69,20.91,,348800.0
2013-04-11,20.83,21.08,20.63,20.67,,312200.0
2013-04-12,20.51,20.52,20.17,20.31,,229800.0
2013-04-15,20.11,20.22,19.57,19.87,,384200.0
2013-04-16,20.08,20.58,19.87,20.54,,256000.0
2013-04-17,20.37,20.37,19.45,19.72,,378400.0
2013-04-18,19.82,19.95,19.09,19.19,,372800.0
2013-04-19,19.22,19.26,18.7,19.02,,349500.0
2013-04-22,19.03,19.28,18.73,19.25,,206600.0
2013-04-23,19.47,20.27,19.28,20.19,,396300.0
2013-04-24,20.16,20.49,20.12,20.49,,839000.0
2013-04-25,20.49,20.92,20.49,20.85,,296600.0
2013-04-26,20.72,21.12,20.71,20.91,,289100.0
2013-04-29,21.05,21.18,20.61,21.11,,447900.0
2013-04-30,21.93,22.2,21.62,21.86,,592600.0
2013-05-01,21.83,21.96,21.16,21.16,,343400.0
2013-05-02,21.0,21.78,21.0,21.66,,266200.0
2013-05-03,21.91,22.17,21.86,21.97,,350500.0
2013-05-06,22.03,22.2,21.94,22.05,,123700.0
2013-05-07,21.97,22.14,21.76,22.13,,236600.0
2013-05-08,21.84,22.29,21.84,22.25,,237900.0
2013-05-09,22.28,22.28,21.93,21.98,,284500.0
2013-05-10,21.95,22.2,21.95,22.17,,181200.0
2013-05-13,22.18,22.2,21.85,21.97,,71700.0
2013-05-14,21.94,22.29,21.94,22.16,,136000.0
2013-05-15,22.02,22.24,22.02,22.11,,281400.0
2013-05-16,21.99,22.28,21.93,22.05,,191800.0
2013-05-17,22.06,22.09,21.63,21.87,,412500.0
2013-05-20,21.74,22.34,21.74,21.95,,224900.0
2013-05-21,22.02,22.27,21.82,22.11,,152300.0
2013-05-22,22.09,22.31,21.61,21.68,,165300.0
2013-05-23,21.49,21.81,21.3,21.77,,166100.0
2013-05-24,21.69,21.88,21.53,21.85,,90900.0
2013-05-28,22.24,22.36,21.91,22.17,,184900.0
2013-05-29,22.05,22.19,21.9,22.16,,143300.0
2013-05-30,22.2,22.52,22.12,22.47,,226700.0
2013-05-31,22.29,22.46,22.25,22.27,,195900.0
2013-06-03,22.32,22.47,21.93,22.46,,309800.0
2013-06-04,22.62,23.11,22.55,22.64,,577300.0
2013-06-05,22.74,22.81,22.33,22.35,,757900.0
2013-06-06,22.3,22.57,21.69,22.07,,237600.0
2013-06-07,22.29,22.34,21.73,22.21,,759400.0
2013-06-10,22.38,22.69,22.33,22.67,,374600.0
2013-06-11,22.4,22.64,22.15,22.18,,279500.0
2013-06-12,22.35,22.46,21.79,21.8,,172700.0
2013-06-13,21.81,22.42,21.67,22.32,,256400.0
2013-06-14,22.25,22.36,21.81,21.98,,371300.0
2013-06-17,22.28,22.67,22.03,22.57,,252000.0
2013-06-18,22.55,22.73,22.36,22.51,,572600.0
2013-06-19,22.46,22.79,22.38,22.38,,188400.0
2013-06-20,22.02,22.19,21.71,21.89,,172600.0
2013-06-21,21.96,22.09,21.7,21.89,,302500.0
2013-06-24,21.67,21.74,21.27,21.49,,285000.0
2013-06-25,21.66,21.75,21.35,21.61,,413800.0
2013-06-26,21.8,21.99,21.49,21.8,,262700.0
2013-06-27,21.99,22.12,21.67,21.98,,187400.0
2013-06-28,21.95,22.2,21.79,21.85,,698100.0
2013-07-01,21.93,21.96,21.58,21.69,,312200.0
2013-07-02,21.7,22.13,21.49,21.8,,195600.0
2013-07-03,21.89,22.29,21.58,22.19,,86900.0
2013-07-05,22.43,22.54,22.21,22.51,,143400.0
2013-07-08,22.53,22.6,21.8,21.99,,239900.0
2013-07-09,22.09,22.61,22.07,22.25,,304300.0
2013-07-10,22.23,22.4,21.96,22.28,,344200.0
2013-07-11,22.51,22.88,22.44,22.87,,260500.0
2013-07-12,22.69,22.95,22.57,22.77,,268900.0
2013-07-15,22.84,23.38,22.77,23.29,,284600.0
2013-07-16,23.29,23.57,23.19,23.57,,247900.0
2013-07-17,23.66,23.91,23.56,23.86,,302900.0
2013-07-18,23.86,23.92,23.61,23.7,,371000.0
2013-07-19,23.56,23.65,23.33,23.54,,273600.0
2013-07-22,23.52,23.85,23.46,23.77,,255900.0
2013-07-23,23.92,24.29,23.67,23.92,,220600.0
2013-07-24,24.09,24.15,23.65,23.79,,345600.0
2013-07-25,23.69,24.02,23.48,23.73,,250000.0
2013-07-26,23.46,23.63,23.37,23.57,,283300.0
2013-07-29,23.47,23.73,23.45,23.56,,359600.0
2013-07-30,23.63,23.74,23.48,23.64,,152200.0
2013-07-31,23.61,23.95,23.54,23.73,,241600.0
2013-08-01,23.84,23.98,23.58,23.95,,271400.0
2013-08-02,23.75,23.82,23.37,23.74,,235000.0
2013-08-05,23.59,23.95,23.55,23.93,,156500.0
2013-08-06,23.74,23.93,23.66,23.84,,510200.0
2013-08-07,24.47,26.1,24.32,26.01,,1492400.0
2013-08-08,25.63,26.33,25.62,26.07,,529800.0
2013-08-09,25.66,25.75,24.84,25.68,,493700.0
2013-08-12,25.45,26.28,25.45,26.25,,216000.0
2013-08-13,26.28,26.63,26.04,26.6,,339900.0
2013-08-14,26.23,26.51,26.07,26.25,,266700.0
2013-08-15,26.02,26.73,25.76,26.05,,491400.0
2013-08-16,25.93,26.67,25.83,26.25,,287700.0
2013-08-19,26.36,26.46,25.84,25.88,,158100.0
2013-08-20,25.98,26.48,25.9,26.26,,170400.0
2013-08-21,26.24,26.24,25.88,25.98,,197500.0
2013-08-22,25.9,26.25,25.82,26.15,,108300.0
2013-08-23,26.15,26.35,26.04,26.26,,192100.0
2013-08-26,26.41,26.41,26.02,26.13,,150500.0
2013-08-27,25.76,26.05,25.57,25.93,,331700.0
2013-08-28,25.86,26.45,25.83,26.2,,195200.0
2013-08-29,26.28,27.53,26.28,27.41,,838200.0
2013-08-30,27.65,27.83,27.25,27.75,,464800.0
2013-09-03,28.0,28.26,26.92,27.42,,289400.0
2013-09-04,27.42,28.14,27.42,27.92,,269500.0
2013-09-05,27.93,28.08,27.58,27.8,,279500.0
2013-09-06,27.92,27.92,27.26,27.59,,274100.0
2013-09-09,27.77,27.86,27.36,27.7,,443100.0
2013-09-10,27.98,28.18,27.79,28.14,,267000.0
2013-09-11,27.92,28.49,27.54,28.06,,222800.0
2013-09-12,28.07,28.41,27.78,27.8,,112100.0
2013-09-13,26.46,27.52,26.42,27.52,,406500.0
2013-09-16,27.75,28.04,27.36,27.36,,191600.0
2013-09-17,27.25,27.85,27.13,27.69,,179500.0
2013-09-18,27.74,27.98,27.54,27.78,,158900.0
2013-09-19,27.8,28.06,27.66,27.84,,93000.0
2013-09-20,27.18,28.14,27.18,27.68,,384300.0
2013-09-23,27.71,27.95,27.37,27.52,,158400.0
2013-09-24,27.53,27.9,27.41,27.62,,198700.0
2013-09-25,27.64,27.65,27.27,27.35,,221700.0
2013-09-26,27.48,27.66,27.23,27.37,,218100.0
2013-09-27,27.21,27.37,27.04,27.11,,203800.0
2013-09-30,27.09,27.44,26.76,27.44,,340600.0
2013-10-01,27.46,28.09,27.38,27.93,,367300.0
2013-10-02,27.79,28.15,27.6,27.93,,171400.0
2013-10-03,27.91,28.07,27.76,27.84,,293000.0
2013-10-04,27.77,28.39,27.77,28.25,,174900.0
2013-10-07,28.04,28.32,28.0,28.04,,257600.0
2013-10-08,28.12,28.4,26.99,27.31,,398600.0
2013-10-09,27.4,27.4,26.03,27.01,,545500.0
2013-10-10,27.28,27.84,27.05,27.71,,240300.0
2013-10-11,27.61,27.89,27.54,27.85,,367900.0
2013-10-14,27.63,28.39,27.63,28.38,,258700.0
2013-10-15,28.38,28.47,27.93,28.04,,177800.0
2013-10-16,28.17,28.34,27.63,28.29,,269900.0
2013-10-17,28.16,28.55,27.74,28.39,,250600.0
2013-10-18,28.15,28.17,27.63,27.89,,440500.0
2013-10-21,27.84,28.09,27.29,27.36,,508200.0
2013-10-22,27.33,27.33,26.2,26.24,,702100.0
2013-10-23,26.0,26.13,25.27,25.42,,639900.0
2013-10-24,25.42,25.46,24.7,25.0,,799200.0
2013-10-25,28.77,29.82,28.09,29.26,,2625700.0
2013-10-28,29.14,29.43,28.67,28.89,,518900.0
2013-10-29,28.89,29.34,28.85,29.32,,318800.0
2013-10-30,29.29,29.29,28.0,28.4,,724200.0
2013-10-31,28.36,29.07,28.36,28.85,,403400.0
2013-11-01,28.85,28.99,28.21,28.56,,431900.0
2013-11-04,28.49,28.79,28.46,28.74,,349700.0
2013-11-05,28.48,28.88,28.34,28.72,,173400.0
2013-11-06,28.76,29.03,28.47,28.95,,168300.0
2013-11-07,29.0,29.06,28.27,28.28,,274600.0
2013-11-08,28.14,28.95,27.95,28.91,,263300.0
2013-11-11,28.79,29.73,28.54,29.37,,492200.0
2013-11-12,29.17,29.57,29.17,29.37,,206100.0
2013-11-13,29.12,30.37,29.12,30.12,,471800.0
2013-11-14,30.01,30.31,29.29,29.52,,447000.0
2013-11-15,29.47,29.6,29.1,29.52,,430700.0
2013-11-18,29.53,29.9,29.32,29.53,,320200.0
2013-11-19,29.52,29.72,28.56,28.77,,324800.0
2013-11-20,28.94,29.22,28.57,28.81,,208000.0
2013-11-21,28.88,29.56,28.81,29.19,,306400.0
2013-11-22,29.19,29.34,29.03,29.21,,228300.0
2013-11-25,29.16,29.45,28.83,29.24,,272400.0
2013-11-26,29.27,29.72,29.25,29.67,,265500.0
2013-11-27,29.61,30.35,29.45,30.32,,308600.0
2013-11-29,30.5,30.62,30.18,30.27,,282300.0
2013-12-02,30.34,30.4,29.64,29.7,,327900.0
2013-12-03,29.6,30.19,29.35,29.55,,383000.0
2013-12-04,29.52,30.37,29.38,29.66,,299500.0
2013-12-05,29.76,30.25,29.43,29.72,,213400.0
2013-12-06,30.04,30.74,29.87,30.63,,268000.0
2013-12-09,30.76,30.76,30.2,30.26,,220100.0
2013-12-10,30.27,30.34,29.55,29.9,,286400.0
2013-12-11,29.99,29.99,29.05,29.24,,389400.0
2013-12-12,29.34,29.4,28.62,28.71,,334900.0
2013-12-13,28.85,29.12,28.55,28.76,,213000.0
2013-12-16,29.0,29.29,28.83,29.14,,347300.0
2013-12-17,29.05,29.79,28.94,29.46,,293500.0
2013-12-18,29.53,29.82,29.16,29.63,,332800.0
2013-12-19,29.6,29.74,28.94,29.57,,355600.0
2013-12-20,29.75,30.47,29.35,30.1,,694300.0
2013-12-23,30.29,30.69,29.94,30.65,,359100.0
2013-12-24,30.59,30.79,30.28,30.62,,174300.0
2013-12-26,30.75,30.81,30.36,30.72,,212000.0
2013-12-27,30.79,31.12,30.45,30.68,,238500.0
2013-12-30,30.73,31.16,30.69,30.95,,282300.0
2013-12-31,31.1,31.5,31.02,31.41,,244700.0
2014-01-02,31.26,31.26,30.31,30.84,,257600.0
2014-01-03,30.88,31.27,30.65,31.06,,295000.0
2014-01-06,31.2,31.24,30.56,30.59,,226100.0
2014-01-07,30.79,30.88,30.42,30.71,,207100.0
2014-01-08,30.77,31.08,30.57,31.07,,399200.0
2014-01-09,31.09,31.09,30.47,30.55,,157200.0
2014-01-10,30.65,30.82,30.38,30.5,,196200.0
2014-01-13,30.36,30.54,29.86,29.97,,278100.0
2014-01-14,30.08,30.61,29.88,30.61,,327000.0
2014-01-15,30.6,31.14,30.6,30.91,,260700.0
2014-01-16,30.76,31.17,30.55,30.8,,313300.0
2014-01-17,30.65,31.21,30.6,31.17,,198900.0
2014-01-21,31.3,31.34,30.97,31.2,,147700.0
2014-01-22,31.22,31.49,31.0,31.37,,202800.0
2014-01-23,31.19,31.44,30.84,31.43,,209900.0
2014-01-24,31.28,31.31,30.22,30.48,,208200.0
2014-01-27,30.44,30.69,30.03,30.38,,210500.0
2014-01-28,30.31,30.45,29.94,30.28,,178000.0
2014-01-29,30.01,30.59,29.9,30.02,,137800.0
2014-01-30,30.3,30.73,29.97,30.31,,152900.0
2014-01-31,29.73,30.28,29.54,29.63,,374600.0
2014-02-03,29.6,29.79,29.04,29.34,,315600.0
2014-02-04,29.17,29.37,28.47,28.62,,429500.0
2014-02-05,28.53,28.53,27.9,28.42,,274500.0
2014-02-06,28.34,29.37,28.34,29.37,,769300.0
2014-02-07,29.91,31.66,29.01,30.8,,499900.0
2014-02-10,30.09,31.02,30.09,30.88,,338900.0
2014-02-11,31.01,31.66,30.9,31.13,,320700.0
2014-02-12,31.11,31.62,30.89,31.48,,215000.0
2014-02-13,31.3,31.98,31.3,31.88,,387100.0
2014-02-14,31.9,31.99,31.65,31.8,,229200.0
2014-02-18,31.75,31.99,31.59,31.75,,221200.0
2014-02-19,31.57,31.88,31.08,31.14,,323900.0
2014-02-20,31.14,31.78,30.89,31.68,,153600.0
2014-02-21,31.89,31.89,31.22,31.35,,173400.0
2014-02-24,31.47,32.6,31.47,32.4,,504700.0
2014-02-25,32.5,32.75,32.16,32.43,,298700.0
2014-02-26,32.5,33.43,32.5,33.0,,376000.0
2014-02-27,32.76,33.07,32.65,32.85,,165200.0
2014-02-28,32.89,33.28,32.36,32.48,,268100.0
2014-03-03,32.2,32.44,31.7,32.16,,255400.0
2014-03-04,32.58,33.9,32.58,33.6,,462500.0
2014-03-05,33.61,33.98,33.27,33.56,,187100.0
2014-03-06,33.75,33.77,33.24,33.51,,326300.0
2014-03-07,33.72,33.75,33.16,33.47,,157500.0
2014-03-10,33.46,33.69,32.96,33.35,,215800.0
2014-03-11,33.57,33.68,32.96,33.17,,147900.0
2014-03-12,33.25,33.78,33.21,33.53,,250900.0
2014-03-13,33.76,34.18,33.24,33.53,,279100.0
2014-03-14,33.59,34.78,33.59,34.28,,426100.0
2014-03-17,34.4,35.29,34.4,34.78,,215100.0
2014-03-18,34.85,35.28,34.39,35.22,,355500.0
2014-03-19,35.27,35.27,34.5,34.81,,278000.0
2014-03-20,34.65,35.49,34.63,34.95,,302100.0
2014-03-21,35.11,35.11,34.22,34.3,,488700.0
2014-03-24,34.3,34.54,33.13,33.7,,481200.0
2014-03-25,33.98,34.37,33.58,33.82,,276800.0
2014-03-26,34.18,34.3,33.51,33.77,,355900.0
2014-03-27,33.88,34.36,33.58,33.91,,273000.0
2014-03-28,33.98,34.52,33.54,33.64,,196700.0
2014-03-31,33.89,35.19,33.8,35.14,,683800.0
2014-04-01,35.32,36.07,35.23,36.05,,333100.0
2014-04-02,36.05,36.05,35.02,35.55,,296000.0
2014-04-03,35.46,35.97,35.15,35.57,,250100.0
2014-04-04,35.9,35.92,33.03,34.05,,530900.0
2014-04-07,33.87,34.38,32.87,33.27,,376500.0
2014-04-08,33.19,34.0,32.96,33.69,,471500.0
2014-04-09,33.88,34.17,33.6,34.0,,174400.0
2014-04-10,34.03,34.23,32.87,32.91,,260400.0
2014-04-11,32.6,33.2,31.82,31.85,,408000.0
2014-04-14,32.24,32.82,31.88,32.28,,299300.0
2014-04-15,32.42,32.82,31.69,32.36,,245400.0
2014-04-16,32.61,32.62,31.78,32.56,,178200.0
2014-04-17,32.43,33.18,32.19,32.92,,274600.0
2014-04-21,32.85,33.4,32.62,33.23,,249900.0
2014-04-22,33.3,33.84,32.74,33.61,,375600.0
2014-04-23,33.65,33.79,33.27,33.58,,216200.0
2014-04-24,33.81,34.61,33.39,34.52,,663600.0
2014-04-25,34.89,35.8,33.5,34.05,,494800.0
2014-04-28,34.27,34.89,32.35,33.54,,716200.0
2014-04-29,33.62,33.96,33.02,33.65,,407300.0
2014-04-30,33.52,33.89,32.98,33.62,,532300.0
2014-05-01,33.51,33.98,32.78,33.27,,370900.0
2014-05-02,33.21,33.77,32.98,33.27,,375900.0
2014-05-05,32.85,33.71,32.71,33.28,,270200.0
2014-05-06,33.0,33.65,32.97,33.05,,358100.0
2014-05-07,33.19,33.47,32.46,33.39,,539200.0
2014-05-08,33.01,34.18,32.91,33.1,,313900.0
2014-05-09,32.91,33.79,32.71,33.69,,365300.0
2014-05-12,33.82,35.49,33.62,35.21,,380700.0
2014-05-13,35.13,35.25,34.36,34.37,,262900.0
2014-05-14,34.7,34.81,33.59,33.86,,338300.0
2014-05-15,33.79,33.79,32.86,33.53,,218600.0
2014-05-16,33.46,34.05,32.95,34.04,,353800.0
2014-05-19,33.95,34.89,33.95,34.35,,222800.0
2014-05-20,34.31,34.68,33.56,34.13,,422000.0
2014-05-21,34.49,34.94,34.04,34.38,,282200.0
2014-05-22,34.39,35.07,34.17,34.77,,174700.0
2014-05-23,34.79,35.35,34.68,35.33,,242900.0
2014-05-27,35.78,36.19,35.43,36.03,,331300.0
2014-05-28,36.04,36.25,35.52,35.77,,263500.0
2014-05-29,35.97,36.25,35.57,35.78,,211500.0
2014-05-30,35.87,36.01,35.41,35.61,,184500.0
2014-06-02,35.83,35.87,35.14,35.39,,229000.0
2014-06-03,35.24,35.53,34.98,35.23,,285800.0
2014-06-04,34.94,35.68,34.9,35.51,,230000.0
2014-06-05,35.68,36.36,35.23,35.97,,297000.0
2014-06-06,36.24,37.04,36.0,36.42,,232800.0
2014-06-09,36.77,37.77,36.48,37.64,,551900.0
2014-06-10,37.55,37.94,37.27,37.84,,397500.0
2014-06-11,37.77,38.14,37.46,37.53,,238000.0
2014-06-12,37.37,38.14,36.79,37.48,,559500.0
2014-06-13,37.74,38.02,37.24,37.82,,339100.0
2014-06-16,37.86,38.06,37.55,37.99,,306600.0
2014-06-17,37.8,38.72,37.8,38.39,,283000.0
2014-06-18,38.31,38.4,37.89,38.37,,136500.0
2014-06-19,38.43,38.62,37.79,38.13,,208300.0
2014-06-20,38.08,38.45,37.92,38.25,,444500.0
2014-06-23,38.13,38.65,38.13,38.5,,184000.0
2014-06-24,38.33,38.84,37.63,37.65,,270600.0
2014-06-25,37.47,38.06,37.28,37.97,,220000.0
2014-06-26,38.03,38.06,37.39,37.85,,115700.0
2014-06-27,37.53,38.47,37.41,38.32,,370900.0
2014-06-30,38.11,38.93,38.11,38.52,,405800.0
2014-07-01,38.65,39.55,38.65,38.77,,273200.0
2014-07-02,38.7,39.13,38.4,38.64,,179600.0
2014-07-03,38.81,39.49,38.67,39.2,,134200.0
2014-07-07,39.23,39.23,38.34,38.36,,149600.0
2014-07-08,38.2,38.46,37.62,37.93,,194600.0
2014-07-09,37.85,38.56,37.75,38.29,,223900.0
2014-07-10,37.39,38.16,37.09,37.79,,171000.0
2014-07-11,37.64,38.11,37.52,37.74,,97200.0
2014-07-14,38.2,38.34,37.73,37.98,,159000.0
2014-07-15,38.07,38.26,37.12,37.62,,234100.0
2014-07-16,37.96,38.02,37.41,37.72,,209100.0
2014-07-17,37.37,37.87,37.04,37.18,,145300.0
2014-07-18,37.04,38.49,37.04,38.33,,239400.0
2014-07-21,38.22,38.63,37.99,38.43,,189400.0
2014-07-22,38.53,38.96,38.33,38.85,,202400.0
2014-07-23,39.17,39.17,37.01,37.08,,368600.0
2014-07-24,37.05,39.11,36.8,37.38,,514100.0
2014-07-25,40.32,40.72,37.82,37.94,,1086000.0
2014-07-28,37.84,38.63,36.84,38.13,,379500.0
2014-07-29,38.04,39.17,37.78,38.48,,438900.0
2014-07-30,38.66,39.06,38.54,39.03,,287300.0
2014-07-31,38.51,38.66,37.37,37.51,,453300.0
2014-08-01,37.59,38.03,37.18,37.74,,165000.0
2014-08-04,37.66,37.94,37.03,37.78,,413400.0
2014-08-05,37.4,38.65,37.4,38.56,,380400.0
2014-08-06,38.06,38.92,38.06,38.53,,300500.0
2014-08-07,38.56,38.84,38.04,38.37,,411800.0
2014-08-08,38.24,38.93,38.08,38.55,,243600.0
2014-08-11,38.66,38.92,38.43,38.63,,235200.0
2014-08-12,38.57,39.39,38.33,39.36,,319100.0
2014-08-13,39.71,40.33,39.56,40.11,,240400.0
2014-08-14,40.29,40.29,39.64,39.75,,140000.0
2014-08-15,40.22,40.6,39.58,40.07,,231000.0
2014-08-18,40.45,40.55,39.97,40.46,,221300.0
2014-08-19,40.59,41.38,40.39,41.3,,295000.0
2014-08-20,41.23,42.39,40.99,41.86,,492100.0
2014-08-21,41.86,41.92,40.82,41.56,,355400.0
2014-08-22,41.38,42.34,41.06,42.11,,281100.0
2014-08-25,42.37,42.39,41.5,41.62,,271800.0
2014-08-26,41.84,43.43,41.84,42.69,,609200.0
2014-08-27,42.61,42.79,42.1,42.57,,227500.0
2014-08-28,42.33,42.73,42.11,42.53,,162000.0
2014-08-29,42.55,43.52,42.55,43.46,,254700.0
2014-09-02,43.47,43.87,43.05,43.37,,483900.0
2014-09-03,43.51,43.66,42.56,42.67,,300000.0
2014-09-04,42.87,43.32,42.5,42.67,,225700.0
2014-09-05,42.49,43.27,42.45,42.97,,246000.0
2014-09-08,42.74,43.42,42.57,42.76,,157300.0
2014-09-09,42.6,43.06,41.71,41.73,,300100.0
2014-09-10,41.8,42.03,41.07,41.58,,341100.0
2014-09-11,41.25,42.06,41.25,41.95,,150400.0
2014-09-12,42.07,42.07,41.36,41.91,,267000.0
2014-09-15,41.83,41.83,41.06,41.25,,162000.0
2014-09-16,41.08,41.9,40.93,41.66,,360200.0
2014-09-17,41.64,42.48,41.64,42.04,,246500.0
2014-09-18,42.07,43.34,42.07,42.98,,246000.0
2014-09-19,42.75,42.75,41.02,41.34,,689600.0
2014-09-22,41.16,41.4,40.49,40.53,,261000.0
2014-09-23,40.48,41.11,40.09,40.41,,295900.0
2014-09-24,40.4,41.18,40.39,40.81,,179938.0
2014-09-25,40.79,40.79,40.09,40.29,,289547.0
2014-09-26,40.45,40.86,40.45,40.75,,188700.0
2014-09-29,40.17,40.72,40.17,40.71,,218827.0
2014-09-30,40.65,40.85,40.2,40.2,,388973.0
2014-10-01,40.29,40.4,39.51,39.68,,390909.0
2014-10-02,39.57,40.34,39.45,40.24,,248794.0
2014-10-03,40.31,40.66,39.98,40.05,,257711.0
2014-10-06,40.25,40.4,39.83,40.21,,258925.0
2014-10-07,39.85,40.33,38.84,38.97,,530557.0
2014-10-08,38.79,39.82,38.04,39.78,,464834.0
2014-10-09,39.65,39.85,37.88,38.31,,318764.0
2014-10-10,36.5,36.5,32.51,32.51,,1269237.0
2014-10-13,32.54,33.05,31.26,31.66,,953802.0
2014-10-14,31.87,32.99,31.38,31.46,,611018.0
2014-10-15,31.48,33.31,31.02,33.01,,667995.0
2014-10-16,32.47,34.98,32.2,34.7,,862746.0
2014-10-17,35.22,36.0,34.21,34.7,,551256.0
2014-10-20,34.58,35.51,34.46,34.95,,485200.0
2014-10-21,35.2,36.15,35.09,35.95,,732655.0
2014-10-22,36.17,36.41,35.71,35.78,,445848.0
2014-10-23,36.18,36.47,35.93,36.13,,415404.0
2014-10-24,36.23,37.08,35.8,36.93,,418897.0
2014-10-27,36.93,37.36,36.4,36.5,,569381.0
2014-10-28,41.57,41.98,37.75,38.79,,954563.0
2014-10-29,38.62,38.88,37.75,38.31,,555346.0
2014-10-30,38.08,38.53,37.24,38.48,,461555.0
2014-10-31,39.58,40.64,39.58,40.33,,550062.0
2014-11-03,40.59,41.4,39.97,40.24,,271010.0
2014-11-04,39.88,40.8,39.81,39.92,,321704.0
2014-11-05,39.98,40.59,39.77,40.53,,236616.0
2014-11-06,40.39,41.15,40.34,40.9,,477269.0
2014-11-07,40.76,40.96,40.03,40.78,,320722.0
2014-11-10,40.57,41.06,40.53,40.94,,193399.0
2014-11-11,40.86,41.07,40.49,40.97,,164598.0
2014-11-12,41.0,41.67,40.99,41.41,,283433.0
2014-11-13,41.35,41.66,40.7,40.95,,188838.0
2014-11-14,41.03,41.7,40.39,41.49,,263175.0
2014-11-17,41.28,41.72,40.77,41.05,,302480.0
2014-11-18,40.24,42.67,40.24,42.35,,425874.0
2014-11-19,42.35,42.35,41.53,41.85,,263330.0
2014-11-20,41.51,42.19,41.18,42.15,,250313.0
2014-11-21,42.82,42.89,42.15,42.55,,268258.0
2014-11-24,42.56,43.33,42.53,43.06,,218165.0
2014-11-25,43.07,43.39,42.6,42.99,,211670.0
2014-11-26,42.88,44.26,42.64,43.99,,183554.0
2014-11-28,44.09,44.25,43.56,43.92,,157576.0
2014-12-01,43.64,44.04,42.55,43.0,,254844.0
2014-12-02,43.09,43.96,42.66,43.9,,199821.0
2014-12-03,43.8,45.14,43.8,44.85,,214071.0
2014-12-04,45.21,45.31,44.28,44.86,,283111.0
2014-12-05,44.88,45.45,44.6,45.33,,176345.0
2014-12-08,45.09,45.63,43.79,44.26,,215843.0
2014-12-09,43.58,45.45,43.16,45.36,,230266.0
2014-12-10,45.14,45.54,44.49,44.72,,248653.0
2014-12-11,44.87,45.39,44.66,44.84,,274240.0
2014-12-12,44.25,44.9,43.84,44.31,,140334.0
2014-12-15,44.45,45.42,43.5,43.83,,218643.0
2014-12-16,43.8,44.11,42.85,43.31,,251319.0
2014-12-17,43.3,43.83,42.4,43.59,,454040.0
2014-12-18,44.5,45.05,44.0,44.54,,166687.0
2014-12-19,44.45,44.58,43.75,44.47,,588390.0
2014-12-22,44.41,45.35,44.16,45.17,,219911.0
2014-12-23,45.34,46.2,44.39,44.83,,190064.0
2014-12-24,45.69,46.02,44.57,45.63,,119123.0
2014-12-26,45.64,46.23,45.47,46.03,,98485.0
2014-12-29,46.0,46.33,45.58,45.82,,163410.0
2014-12-30,45.51,46.03,45.35,45.59,,121344.0
2014-12-31,45.65,46.09,45.22,45.53,,257965.0
2015-01-02,45.67,45.95,43.87,44.5,,203249.0
2015-01-05,44.1,44.69,43.45,43.63,,203987.0
2015-01-06,43.65,43.92,41.77,42.19,,321307.0
2015-01-07,42.54,43.42,42.27,42.8,,209176.0
2015-01-08,43.29,44.58,42.98,44.28,,185540.0
2015-01-09,44.4,44.59,43.46,44.02,,168310.0
2015-01-12,43.95,44.18,42.78,43.14,,169813.0
2015-01-13,43.57,44.33,42.39,42.96,,212008.0
2015-01-14,42.5,43.29,42.42,42.83,,171367.0
2015-01-15,42.88,43.3,41.6,41.92,,235906.0
2015-01-16,41.77,43.0,41.21,42.85,,268304.0
2015-01-20,42.92,43.48,42.13,42.7,,259690.0
2015-01-21,42.46,43.07,42.03,42.52,,242883.0
2015-01-22,42.7,43.15,41.63,43.03,,279139.0
2015-01-23,43.05,44.35,42.93,43.93,,226300.0
2015-01-26,43.77,44.37,43.5,43.79,,215152.0
2015-01-27,43.29,44.23,42.73,43.69,,169956.0
2015-01-28,44.1,44.96,43.72,43.79,,300046.0
2015-01-29,43.87,44.79,43.33,44.74,,224687.0
2015-01-30,44.46,45.25,43.45,43.47,,234820.0
2015-02-02,43.75,43.99,42.69,43.41,,314852.0
2015-02-03,43.21,44.69,43.21,44.42,,312971.0
2015-02-04,44.0,44.37,43.25,43.75,,535724.0
2015-02-05,45.5,46.04,41.88,43.5,,657981.0
2015-02-06,43.38,44.38,43.1,44.13,,442223.0
2015-02-09,43.53,43.89,42.95,43.36,,286462.0
2015-02-10,43.82,45.0,43.59,44.94,,468994.0
2015-02-11,44.94,45.84,44.94,45.32,,709876.0
2015-02-12,45.54,46.04,45.01,45.91,,281819.0
2015-02-13,46.14,46.52,45.57,46.06,,243667.0
2015-02-17,45.81,46.45,45.78,46.32,,241324.0
2015-02-18,45.96,46.24,45.62,46.18,,151977.0
2015-02-19,46.05,46.88,45.95,46.72,,391421.0
2015-02-20,46.62,47.86,46.32,47.59,,463829.0
2015-02-23,47.93,48.21,47.34,47.8,,586189.0
2015-02-24,47.85,48.3,47.45,48.25,,406432.0
2015-02-25,48.4,48.42,47.91,48.28,,212880.0
2015-02-26,48.28,48.87,48.03,48.58,,265567.0
2015-02-27,48.44,48.75,48.02,48.26,,195623.0
2015-03-02,47.88,49.77,47.88,49.57,,405690.0
2015-03-03,49.37,49.74,48.67,49.02,,334409.0
2015-03-04,48.74,49.05,48.3,48.65,,184431.0
2015-03-05,48.69,48.94,47.88,48.23,,188811.0
2015-03-06,47.8,48.04,47.16,47.34,,338089.0
2015-03-09,47.33,48.02,47.1,47.87,,256616.0
2015-03-10,47.31,48.23,47.15,47.85,,361241.0
2015-03-11,48.08,48.87,47.79,48.68,,368705.0
2015-03-12,48.64,49.03,48.15,48.54,,388886.0
2015-03-13,48.62,48.87,47.89,48.16,,285101.0
2015-03-16,48.66,49.52,48.28,49.18,,288826.0
2015-03-17,48.85,49.47,48.79,49.46,,386121.0
2015-03-18,49.33,50.31,48.32,49.58,,247607.0
2015-03-19,49.69,50.54,49.45,50.08,,357857.0
2015-03-20,50.34,51.43,50.06,51.37,,673303.0
2015-03-23,51.15,51.32,50.78,50.79,,374555.0
2015-03-24,50.84,50.9,49.82,49.88,,297937.0
2015-03-25,50.25,50.25,47.34,47.63,,532504.0
2015-03-26,46.97,47.45,46.09,47.02,,665680.0
2015-03-27,47.05,48.74,46.82,48.51,,281502.0
2015-03-30,48.62,49.19,48.11,49.01,,310840.0
2015-03-31,48.81,48.92,48.25,48.37,,327625.0
2015-04-01,48.32,48.36,46.79,47.77,,335908.0
2015-04-02,47.78,47.82,47.32,47.5,,301769.0
2015-04-06,47.11,47.79,46.81,47.68,,240696.0
2015-04-07,47.66,48.01,47.24,47.33,,344725.0
2015-04-08,47.41,47.87,47.14,47.55,,253199.0
2015-04-09,47.3,47.87,47.15,47.6,,184722.0
2015-04-10,47.9,48.13,47.69,47.97,,131081.0
2015-04-13,48.04,48.53,47.46,47.54,,161723.0
2015-04-14,47.57,47.88,47.06,47.45,,233176.0
2015-04-15,47.75,49.03,47.67,48.66,,238196.0
2015-04-16,48.31,49.47,47.97,49.13,,285916.0
2015-04-17,48.69,48.74,47.73,48.5,,306600.0
2015-04-20,48.65,49.56,48.65,49.06,,298609.0
2015-04-21,49.52,49.75,49.06,49.58,,283591.0
2015-04-22,50.05,50.16,48.71,49.54,,236752.0
2015-04-23,50.01,51.05,46.44,49.16,,683942.0
2015-04-24,49.15,49.78,45.25,45.9,,1124712.0
2015-04-27,45.66,46.94,45.38,46.32,,616960.0
2015-04-28,46.31,46.99,45.75,46.84,,540801.0
2015-04-29,46.57,47.98,46.56,47.79,,820832.0
2015-04-30,47.42,48.03,47.15,47.62,,827493.0
2015-05-01,47.78,48.75,47.66,48.62,,475265.0
2015-05-04,48.42,48.75,48.26,48.5,,498780.0
2015-05-05,48.27,48.35,47.45,47.5,,449167.0
2015-05-06,47.43,48.08,46.83,47.37,,312168.0
2015-05-07,47.37,48.33,47.37,47.69,,234713.0
2015-05-08,47.58,49.0,47.51,48.28,,228683.0
2015-05-11,48.12,48.54,47.93,47.97,,151391.0
2015-05-12,47.83,48.13,47.08,47.92,,220518.0
2015-05-13,48.15,48.69,47.7,48.08,,140903.0
2015-05-14,48.48,48.88,47.79,48.85,,219610.0
2015-05-15,48.72,48.72,48.25,48.6,,220894.0
2015-05-18,48.58,50.04,48.47,49.89,,284733.0
2015-05-19,49.84,50.4,49.22,49.48,,207351.0
2015-05-20,49.61,49.98,49.15,49.26,,162061.0
2015-05-21,49.39,49.77,49.06,49.71,,183244.0
2015-05-22,49.65,49.93,49.4,49.73,,238702.0
2015-05-26,49.48,49.51,48.47,49.01,,239715.0
2015-05-27,49.21,50.57,48.9,50.28,,357644.0
2015-05-28,50.31,50.64,49.98,50.49,,164698.0
2015-05-29,50.33,50.59,49.94,50.16,,200853.0
2015-06-01,50.36,50.63,49.53,50.1,,232475.0
2015-06-02,49.92,50.29,49.28,49.96,,287627.0
2015-06-03,50.17,50.27,49.5,50.16,,234309.0
2015-06-04,49.87,50.28,49.39,49.71,,262846.0
2015-06-05,49.61,49.94,49.03,49.28,,258783.0
2015-06-08,49.05,49.59,48.16,48.2,,260478.0
2015-06-09,47.97,48.17,47.52,47.95,,293104.0
2015-06-10,48.23,49.12,48.23,48.93,,190265.0
2015-06-11,48.86,49.01,48.5,48.72,,125553.0
2015-06-12,48.43,49.07,48.35,48.81,,125562.0
2015-06-15,48.41,49.23,47.93,49.01,,132143.0
2015-06-16,48.93,49.37,48.54,49.26,,183495.0
2015-06-17,49.49,49.71,49.2,49.26,,111476.0
2015-06-18,49.37,49.96,48.41,49.72,,279076.0
2015-06-19,49.98,50.16,49.54,49.86,,320772.0
2015-06-22,50.24,50.41,49.52,50.25,,223546.0
2015-06-23,50.49,50.53,49.68,49.94,,141175.0
2015-06-24,50.01,50.08,49.53,49.57,,162461.0
2015-06-25,49.82,50.04,48.07,49.44,,139705.0
2015-06-26,49.39,49.54,48.12,48.4,,292058.0
2015-06-29,47.99,48.41,46.77,46.85,,199183.0
2015-06-30,47.23,47.44,46.71,46.77,,309393.0
2015-07-01,47.26,47.58,46.41,46.97,,195667.0
2015-07-02,46.94,47.59,46.78,47.57,,209767.0
2015-07-06,47.05,47.52,46.47,47.0,,273342.0
2015-07-07,46.93,46.93,45.24,46.67,,314226.0
2015-07-08,46.09,47.32,43.72,45.4,,449140.0
2015-07-09,45.98,46.12,43.9,44.02,,360803.0
2015-07-10,44.49,45.12,44.31,44.88,,497663.0
2015-07-13,45.03,45.35,44.61,45.09,,197662.0
2015-07-14,45.22,45.72,44.89,45.66,,164642.0
2015-07-15,45.74,46.07,45.39,45.85,,239252.0
2015-07-16,46.26,46.29,45.31,45.38,,458704.0
2015-07-17,45.45,45.53,45.01,45.15,,251849.0
2015-07-20,45.49,45.49,44.93,45.25,,188794.0
2015-07-21,45.14,45.5,44.77,45.0,,211127.0
2015-07-22,44.35,44.37,43.3,43.65,,449521.0
2015-07-23,43.82,45.87,43.82,45.38,,549464.0
2015-07-24,45.42,45.97,44.34,44.57,,256794.0
2015-07-27,43.91,44.83,43.72,44.06,,328136.0
2015-07-28,44.79,47.03,43.14,45.91,,1196453.0
2015-07-29,45.88,46.11,44.99,45.91,,349489.0
2015-07-30,45.71,47.2,45.71,47.1,,456919.0
2015-07-31,47.37,47.76,46.98,47.69,,389986.0
2015-08-03,47.5,47.82,46.95,47.16,,343933.0
2015-08-04,47.0,47.23,46.25,46.58,,229830.0
2015-08-05,46.46,47.7,46.35,47.28,,162106.0
2015-08-06,47.35,47.35,45.93,46.95,,243922.0
2015-08-07,46.62,47.38,46.37,47.34,,187022.0
2015-08-10,47.31,48.62,47.31,48.07,,234180.0
2015-08-11,47.87,47.9,46.64,46.88,,179388.0
2015-08-12,46.21,47.26,45.69,47.2,,272219.0
2015-08-13,47.16,47.39,46.55,46.78,,234130.0
2015-08-14,46.63,46.97,46.04,46.93,,156762.0
2015-08-17,46.65,47.42,46.39,47.42,,152567.0
2015-08-18,47.29,47.29,45.67,46.18,,292691.0
2015-08-19,46.0,46.25,45.23,45.63,,215624.0
2015-08-20,45.16,45.31,43.86,43.9,,298337.0
2015-08-21,43.01,44.38,41.51,43.27,,396120.0
2015-08-24,40.84,44.35,37.58,41.96,,507579.0
2015-08-25,43.41,43.41,41.7,41.76,,231333.0
2015-08-26,42.75,43.58,41.89,43.5,,201380.0
2015-08-27,44.04,44.73,43.32,44.57,,325557.0
2015-08-28,44.28,44.84,44.15,44.67,,168677.0
2015-08-31,44.23,44.81,43.96,44.35,,193871.0
2015-09-01,43.3,44.34,42.94,43.09,,316530.0
2015-09-02,43.74,44.21,43.25,44.21,,226039.0
2015-09-03,44.38,46.97,44.11,44.75,,262457.0
2015-09-04,44.09,44.76,44.09,44.47,,157419.0
2015-09-08,45.58,46.51,44.95,46.28,,222434.0
2015-09-09,46.59,47.26,45.74,45.8,,204269.0
2015-09-10,45.97,46.56,45.27,45.83,,163473.0
2015-09-11,45.94,47.16,45.56,46.69,,304170.0
2015-09-14,47.21,47.45,46.2,46.64,,533067.0
2015-09-15,46.65,47.31,46.5,47.16,,236749.0
2015-09-16,47.44,47.48,46.79,47.06,,235293.0
2015-09-17,46.92,47.73,46.85,47.18,,239697.0
2015-09-18,46.39,46.94,46.25,46.52,,443684.0
2015-09-21,46.97,47.5,46.37,46.41,,171637.0
2015-09-22,46.1,46.1,45.19,45.41,,247668.0
2015-09-23,45.74,46.16,45.34,45.41,,179141.0
2015-09-24,44.98,45.63,44.21,45.53,,262823.0
2015-09-25,46.01,46.85,45.59,46.57,,361099.0
2015-09-28,46.37,46.48,45.55,45.55,,193334.0
2015-09-29,45.6,46.03,45.13,45.88,,344296.0
2015-09-30,46.47,47.48,46.45,47.41,,294532.0
2015-10-01,47.31,47.38,45.63,46.69,,312042.0
2015-10-02,46.23,47.75,45.78,47.72,,224859.0
2015-10-05,48.15,49.71,45.62,49.3,,423631.0
2015-10-06,52.41,52.41,49.14,50.17,,517932.0
2015-10-07,50.54,51.38,50.43,50.93,,555446.0
2015-10-08,50.8,51.34,50.19,51.21,,409858.0
2015-10-09,51.3,51.47,50.84,50.92,,160042.0
2015-10-12,51.05,51.39,50.56,51.11,,101304.0
2015-10-13,50.79,51.38,50.44,50.44,,196393.0
2015-10-14,50.51,52.95,50.51,52.12,,590536.0
2015-10-15,52.32,53.33,51.99,52.94,,418472.0
2015-10-16,52.97,53.4,52.23,52.74,,436506.0
2015-10-19,52.7,53.54,52.54,53.19,,377957.0
2015-10-20,53.1,53.52,52.56,52.87,,372449.0
2015-10-21,53.23,53.49,51.64,51.72,,335990.0
2015-10-22,52.33,53.85,51.94,53.48,,290243.0
2015-10-23,53.89,54.86,52.9,54.39,,338983.0
2015-10-26,53.71,54.39,53.21,53.49,,390641.0
2015-10-27,57.63,57.96,54.87,57.1,,865531.0
2015-10-28,57.41,58.36,56.9,58.32,,356324.0
2015-10-29,57.57,58.24,56.82,57.16,,277775.0
2015-10-30,57.28,58.05,55.58,57.8,,271828.0
2015-11-02,57.74,58.69,57.74,58.15,,461353.0
2015-11-03,57.87,58.5,57.84,58.14,,189342.0
2015-11-04,58.06,58.38,57.58,58.25,,354439.0
2015-11-05,58.05,58.8,57.97,58.45,,194674.0
2015-11-06,58.1,59.72,57.84,59.65,,260795.0
2015-11-09,59.17,59.38,58.53,59.27,,261360.0
2015-11-10,58.88,59.14,58.09,58.9,,161187.0
2015-11-11,59.09,60.06,58.98,59.1,,264389.0
2015-11-12,58.71,59.26,58.25,58.65,,264864.0
2015-11-13,58.39,58.87,57.71,57.93,,194300.0
2015-11-16,57.92,58.84,56.24,58.82,,201562.0
2015-11-17,58.88,59.96,58.81,59.65,,188871.0
2015-11-18,59.77,61.52,59.38,61.49,,347441.0
2015-11-19,61.33,61.77,60.82,61.0,,220531.0
2015-11-20,61.29,62.12,60.92,61.69,,299248.0
2015-11-23,61.45,62.03,61.17,61.3,,170626.0
2015-11-24,60.89,62.46,60.89,62.36,,276181.0
2015-11-25,62.39,63.13,62.17,62.85,,148141.0
2015-11-27,62.85,63.28,62.52,62.8,,74455.0
2015-11-30,63.2,64.0,62.85,63.28,,257217.0
2015-12-01,63.41,64.05,62.85,63.78,,306380.0
2015-12-02,63.82,64.13,62.13,62.31,,320573.0
2015-12-03,62.52,63.11,61.43,61.64,,247153.0
2015-12-04,61.62,62.53,61.41,62.2,,362510.0
2015-12-07,62.18,62.28,61.53,61.75,,220969.0
2015-12-08,61.14,61.68,60.67,61.32,,144818.0
2015-12-09,61.23,61.23,59.67,59.77,,276365.0
2015-12-10,59.73,59.95,59.11,59.73,,248440.0
2015-12-11,58.91,59.61,58.41,58.69,,200986.0
2015-12-14,58.62,60.61,57.9,58.25,,236496.0
2015-12-15,58.66,59.57,57.46,59.32,,222798.0
2015-12-16,59.51,59.89,58.39,59.06,,169432.0
2015-12-17,59.38,59.97,58.53,58.54,,141235.0
2015-12-18,58.18,59.15,57.52,58.48,,491755.0
2015-12-21,58.77,59.65,58.71,59.63,,115223.0
2015-12-22,59.75,59.85,58.54,59.76,,124784.0
2015-12-23,60.01,60.02,59.24,59.68,,119307.0
2015-12-24,59.68,60.25,59.39,59.79,,61104.0
2015-12-28,59.57,59.85,58.68,59.52,,94257.0
2015-12-29,59.96,60.79,59.56,60.5,,160796.0
2015-12-30,60.5,60.78,60.12,60.17,,174739.0
2015-12-31,59.95,60.26,59.02,59.18,,269608.0
2016-01-04,58.01,58.12,56.28,56.63,,351627.0
2016-01-05,56.6,57.16,55.15,55.64,,362193.0
2016-01-06,54.8,55.36,54.38,54.72,,282236.0
2016-01-07,53.85,54.99,52.85,53.14,,380734.0
2016-01-08,53.28,54.64,53.13,53.27,,416064.0
2016-01-11,53.47,54.74,52.88,54.27,,204858.0
2016-01-12,54.93,55.13,53.91,54.89,,264665.0
2016-01-13,54.96,55.43,53.67,54.05,,251177.0
2016-01-14,54.44,55.8,54.01,55.56,,318752.0
2016-01-15,53.73,54.22,52.32,53.34,,394925.0
2016-01-19,53.85,54.51,52.24,53.22,,352077.0
2016-01-20,52.58,54.83,51.84,54.1,,394212.0
2016-01-21,54.48,56.34,52.96,55.77,,455946.0
2016-01-22,56.7,57.54,56.21,57.21,,325458.0
2016-01-25,56.73,58.02,56.71,57.0,,400175.0
2016-01-26,57.23,57.54,56.66,56.96,,258110.0
2016-01-27,56.58,56.84,55.27,55.42,,170829.0
2016-01-28,56.14,56.36,55.78,56.08,,184101.0
2016-01-29,56.57,58.24,56.41,58.12,,418069.0
2016-02-01,58.03,58.35,56.03,57.87,,231454.0
2016-02-02,57.11,57.53,54.0,54.78,,427564.0
2016-02-03,55.25,55.5,53.45,54.12,,384634.0
2016-02-04,53.87,54.35,53.06,54.12,,839385.0
2016-02-05,56.85,58.04,54.95,55.74,,858766.0
2016-02-08,54.79,56.37,51.48,52.35,,1035115.0
2016-02-09,51.93,53.13,51.28,52.21,,415878.0
2016-02-10,52.36,54.07,52.2,52.48,,415269.0
2016-02-11,51.51,52.73,51.28,52.26,,182445.0
2016-02-12,52.72,53.19,51.4,52.72,,171798.0
2016-02-16,53.62,54.34,52.84,53.96,,199596.0
2016-02-17,54.21,55.02,53.58,54.65,,197348.0
2016-02-18,54.8,55.27,53.82,53.99,,222605.0
2016-02-19,54.07,54.64,53.06,54.24,,255660.0
2016-02-22,54.72,55.27,54.26,54.59,,245716.0
2016-02-23,54.43,55.54,53.69,54.08,,209469.0
2016-02-24,53.38,53.53,51.73,53.21,,365170.0
2016-02-25,53.41,53.83,51.13,53.73,,327079.0
2016-02-26,54.01,54.58,54.01,54.56,,227839.0
2016-02-29,54.24,55.26,54.24,54.86,,328786.0
2016-03-01,54.43,56.01,54.14,55.97,,297658.0
2016-03-02,55.73,56.57,55.36,56.21,,215112.0
2016-03-03,56.2,56.49,55.25,56.16,,210143.0
2016-03-04,56.47,57.53,55.52,57.4,,347583.0
2016-03-07,56.92,57.93,56.64,57.13,,272789.0
2016-03-08,56.82,56.89,54.43,54.67,,198865.0
2016-03-09,54.94,55.56,53.88,55.52,,178445.0
2016-03-10,55.86,56.6,54.65,55.41,,159077.0
2016-03-11,55.83,56.81,55.07,56.74,,196891.0
2016-03-14,56.86,56.96,55.58,56.04,,149804.0
2016-03-15,55.63,55.74,54.8,55.43,,375201.0
2016-03-16,55.16,56.34,54.56,56.12,,158125.0
2016-03-17,55.98,56.37,55.18,56.28,,227248.0
2016-03-18,56.56,58.11,55.63,58.09,,459007.0
2016-03-21,57.93,58.01,56.88,57.08,,169216.0
2016-03-22,56.72,57.35,56.59,57.15,,233224.0
2016-03-23,57.14,57.49,56.57,56.6,,205877.0
2016-03-24,56.23,56.88,55.09,56.86,,131534.0
2016-03-28,57.19,57.41,56.34,56.59,,169740.0
2016-03-29,56.42,58.06,56.14,57.93,,306268.0
2016-03-30,58.44,58.9,57.82,58.29,,166503.0
2016-03-31,58.14,59.75,57.72,59.3,,366926.0
2016-04-01,58.73,60.28,58.41,60.06,,228480.0
2016-04-04,60.31,60.81,59.13,59.14,,238348.0
2016-04-05,58.68,59.03,58.24,58.56,,209830.0
2016-04-06,58.51,59.71,58.44,59.54,,229349.0
2016-04-07,59.3,59.62,58.26,59.14,,357053.0
2016-04-08,59.46,59.87,59.08,59.31,,199950.0
2016-04-11,59.69,60.01,59.08,59.19,,166718.0
2016-04-12,59.34,59.8,58.66,59.21,,197627.0
2016-04-13,59.59,61.52,59.34,61.4,,305276.0
2016-04-14,61.4,61.5,59.94,60.81,,246691.0
2016-04-15,60.55,61.26,60.09,60.28,,221384.0
2016-04-18,59.81,60.77,59.81,60.5,,202624.0
2016-04-19,60.69,60.69,59.09,59.58,,287101.0
2016-04-20,59.36,60.87,59.21,59.41,,218092.0
2016-04-21,59.25,59.66,58.72,59.09,,240160.0
2016-04-22,58.87,60.32,58.87,59.82,,247105.0
2016-04-25,59.2,60.15,59.03,59.36,,203549.0
2016-04-26,59.66,61.07,59.46,60.51,,212831.0
2016-04-27,60.27,61.73,59.34,60.91,,204886.0
2016-04-28,60.6,61.0,59.59,59.82,,204687.0
2016-04-29,59.9,59.96,57.7,58.17,,310342.0
2016-05-02,56.93,59.38,56.93,59.18,,412728.0
2016-05-03,61.04,61.04,58.16,60.06,,582696.0
2016-05-04,59.29,59.45,57.93,58.02,,404715.0
2016-05-05,58.03,58.38,57.28,57.48,,325768.0
2016-05-06,56.89,58.25,56.84,58.25,,254364.0
2016-05-09,58.25,59.52,57.57,57.64,,256244.0
2016-05-10,57.72,58.26,56.92,58.15,,178733.0
2016-05-11,58.01,58.89,57.54,58.08,,213208.0
2016-05-12,58.24,58.24,55.97,56.78,,234082.0
2016-05-13,56.43,57.63,56.43,57.26,,222521.0
2016-05-16,57.47,59.26,57.47,58.58,,297657.0
2016-05-17,58.68,59.09,57.7,57.86,,367757.0
2016-05-18,57.5,59.53,55.93,58.72,,187714.0
2016-05-19,58.47,59.27,57.08,57.89,,297743.0
2016-05-20,58.38,59.79,58.38,59.75,,309609.0
2016-05-23,59.81,61.95,59.81,60.92,,557794.0
2016-05-24,61.38,62.94,61.23,62.33,,676305.0
2016-05-25,62.92,63.23,62.01,62.33,,254375.0
2016-05-26,62.35,63.35,62.35,63.24,,299500.0
2016-05-27,63.05,63.98,62.86,63.85,,406905.0
2016-05-31,63.93,64.28,63.32,63.67,,294561.0
2016-06-01,62.96,64.23,62.96,64.04,,198838.0
2016-06-02,63.91,64.08,63.4,64.01,,251024.0
2016-06-03,64.16,64.17,63.38,64.02,,165904.0
2016-06-06,64.11,64.48,63.76,64.08,,141645.0
2016-06-07,64.47,65.54,64.2,65.43,,299467.0
2016-06-08,65.6,66.2,64.86,65.82,,218865.0
2016-06-09,65.26,65.99,64.76,65.93,,217480.0
2016-06-10,65.02,65.32,64.13,64.36,,210320.0
2016-06-13,63.67,64.79,63.25,63.93,,212415.0
2016-06-14,63.93,64.35,63.47,64.06,,246472.0
2016-06-15,64.44,65.01,63.99,64.26,,209276.0
2016-06-16,63.77,64.28,63.03,64.21,,146981.0
2016-06-17,64.37,64.37,62.45,63.27,,397492.0
2016-06-20,63.84,64.78,63.64,63.72,,204661.0
2016-06-21,63.93,64.29,63.1,63.58,,228216.0
2016-06-22,63.67,64.03,63.14,63.52,,232966.0
2016-06-23,64.25,65.16,63.81,65.13,,279847.0
2016-06-24,61.88,63.57,61.1,61.69,,484119.0
2016-06-27,60.96,60.96,58.13,58.99,,439431.0
2016-06-28,59.73,62.16,59.55,62.01,,567609.0
2016-06-29,62.83,64.2,62.14,62.55,,289377.0
2016-06-30,62.44,63.87,61.34,63.86,,337061.0
2016-07-01,63.73,63.88,62.97,63.18,,187014.0
2016-07-05,62.87,63.47,61.58,61.79,,256638.0
2016-07-06,61.17,62.44,60.86,62.17,,206168.0
2016-07-07,62.59,64.02,62.5,63.02,,249427.0
2016-07-08,63.65,64.73,63.35,64.33,,232535.0
2016-07-11,64.73,65.31,64.44,65.25,,233519.0
2016-07-12,65.74,66.41,65.41,66.09,,201502.0
2016-07-13,66.26,66.65,65.49,65.73,,260713.0
2016-07-14,66.45,66.59,65.53,66.0,,208235.0
2016-07-15,66.32,66.49,65.44,66.29,,146455.0
2016-07-18,66.73,67.0,66.16,66.22,,194060.0
2016-07-19,66.22,66.7,66.02,66.34,,124638.0
2016-07-20,66.8,68.19,66.44,67.59,,330726.0
2016-07-21,67.69,67.97,66.63,66.87,,235561.0
2016-07-22,66.75,67.85,66.15,67.37,,178494.0
2016-07-25,66.91,68.56,66.91,68.43,,461223.0
2016-07-26,68.31,69.14,66.39,68.97,,959119.0
2016-07-27,69.47,69.95,68.67,69.11,,392197.0
2016-07-28,68.97,69.24,68.15,68.48,,249713.0
2016-07-29,68.49,68.77,67.36,67.97,,430012.0
2016-08-01,67.92,68.59,67.71,68.07,,164313.0
2016-08-02,68.03,68.18,66.14,66.55,,348927.0
2016-08-03,66.27,67.3,65.43,67.12,,323632.0
2016-08-04,67.16,67.8,67.0,67.56,,157171.0
2016-08-05,68.05,68.42,67.15,68.21,,172206.0
2016-08-08,68.42,68.59,67.49,68.1,,163990.0
2016-08-09,68.01,69.36,68.01,68.89,,188802.0
2016-08-10,68.85,68.85,67.96,68.49,,140459.0
2016-08-11,68.77,68.98,66.44,68.58,,113668.0
2016-08-12,68.33,68.79,68.18,68.74,,85189.0
2016-08-15,68.77,69.89,68.17,69.74,,187761.0
2016-08-16,69.41,69.41,68.63,68.94,,192999.0
2016-08-17,68.68,69.19,67.42,68.94,,178695.0
2016-08-18,68.72,69.54,68.72,69.44,,93083.0
2016-08-19,69.37,70.71,69.37,70.11,,261351.0
2016-08-22,69.97,70.7,69.74,70.66,,110350.0
2016-08-23,71.18,71.53,70.13,70.95,,141837.0
2016-08-24,70.89,71.06,69.94,70.12,,278812.0
2016-08-25,70.16,70.92,69.9,70.37,,104004.0
2016-08-26,70.85,71.75,70.66,71.68,,320331.0
2016-08-29,71.62,72.06,71.12,71.19,,238975.0
2016-08-30,71.25,72.6,71.2,71.38,,335712.0
2016-08-31,71.36,71.81,70.85,71.71,,342566.0
2016-09-01,71.64,72.66,71.15,72.59,,238251.0
2016-09-02,72.95,73.32,72.02,72.31,,5209528.0
2016-09-06,72.74,72.89,71.19,71.64,,374748.0
2016-09-07,71.5,71.67,70.67,71.67,,268325.0
2016-09-08,71.34,71.43,70.47,70.62,,297955.0
2016-09-09,70.03,70.6,68.58,68.62,,470381.0
2016-09-12,68.62,70.47,66.92,70.45,,407760.0
2016-09-13,70.13,71.16,69.52,69.81,,444053.0
2016-09-14,69.91,70.3,69.53,69.78,,260563.0
2016-09-15,69.9,70.47,69.23,70.3,,647585.0
2016-09-16,70.83,70.98,69.74,70.68,,466071.0
2016-09-19,71.23,71.96,70.53,71.0,,161383.0
2016-09-20,71.19,71.43,70.53,70.63,,252473.0
2016-09-21,70.92,71.49,70.33,71.45,,208267.0
2016-09-22,72.21,72.83,71.87,72.31,,438845.0
2016-09-23,72.03,72.87,70.98,71.53,,301061.0
2016-09-26,71.07,72.76,70.67,71.37,,455971.0
2016-09-27,71.44,73.33,71.3,73.3,,388973.0
2016-09-28,73.42,74.03,73.05,73.96,,323036.0
2016-09-29,74.16,74.54,73.25,73.98,,334373.0
2016-09-30,74.28,75.84,74.28,75.43,,787404.0
2016-10-03,75.18,75.43,73.88,74.2,,377314.0
2016-10-04,74.46,74.74,73.33,74.08,,205271.0
2016-10-05,74.16,75.24,74.16,74.98,,250192.0
2016-10-06,75.22,75.34,74.23,75.25,,373993.0
2016-10-07,75.15,75.38,74.03,75.22,,181227.0
2016-10-10,75.52,76.25,75.3,75.42,,158225.0
2016-10-11,75.47,75.57,73.1,74.14,,379741.0
2016-10-12,73.88,73.88,73.09,73.19,,310374.0
2016-10-13,72.82,72.82,71.37,72.06,,417966.0
2016-10-14,72.6,73.44,72.26,72.31,,157882.0
2016-10-17,72.1,72.51,71.63,71.69,,254863.0
2016-10-18,72.59,72.81,72.09,72.13,,170367.0
2016-10-19,71.96,72.48,71.06,72.26,,138629.0
2016-10-20,71.96,72.69,71.61,72.1,,273504.0
2016-10-21,71.62,72.76,71.16,72.7,,194460.0
2016-10-24,72.99,74.44,72.99,74.37,,193062.0
2016-10-25,74.31,74.69,73.62,74.19,,133761.0
2016-10-26,73.85,74.58,73.77,74.27,,108310.0
2016-10-27,74.92,75.69,73.61,74.03,,265033.0
2016-10-28,74.17,74.62,72.69,73.06,,355895.0
2016-10-31,73.06,74.47,73.0,73.85,,532622.0
2016-11-01,74.28,77.39,70.31,71.67,,922841.0
2016-11-02,71.84,72.44,71.14,71.69,,386813.0
2016-11-03,71.99,72.38,71.09,71.63,,244005.0
2016-11-04,71.39,72.39,70.8,71.86,,330535.0
2016-11-07,72.84,73.68,72.39,73.61,,465979.0
2016-11-08,74.22,74.32,72.91,73.73,,207036.0
2016-11-09,72.4,75.06,71.7,74.74,,351937.0
2016-11-10,75.56,76.32,72.7,72.89,,428503.0
2016-11-11,73.22,75.12,73.22,74.3,,503119.0
2016-11-14,74.69,75.07,74.06,74.8,,384141.0
2016-11-15,74.81,75.71,74.25,75.15,,203466.0
2016-11-16,74.75,76.21,74.75,75.88,,188721.0
2016-11-17,76.15,76.67,75.67,76.5,,240738.0
2016-11-18,76.52,76.99,76.13,76.68,,174406.0
2016-11-21,78.71,79.49,77.3,77.64,,461352.0
2016-11-22,78.16,78.81,77.76,78.66,,424608.0
2016-11-23,78.85,78.9,78.06,78.71,,260804.0
2016-11-25,78.61,79.09,78.03,79.03,,103826.0
2016-11-28,79.0,79.35,78.06,78.45,,307948.0
2016-11-29,78.5,78.73,77.73,77.87,,291333.0
2016-11-30,77.9,78.18,76.75,76.87,,253142.0
2016-12-01,76.56,76.81,71.13,71.68,,671377.0
2016-12-02,71.58,72.66,70.35,71.82,,668592.0
2016-12-05,72.22,73.6,72.09,73.07,,297311.0
2016-12-06,72.89,73.62,72.47,73.35,,192931.0
2016-12-07,73.3,74.65,72.57,74.35,,214836.0
2016-12-08,74.61,75.93,73.67,75.72,,194469.0
2016-12-09,76.24,76.26,74.78,75.27,,226721.0
2016-12-12,75.08,75.52,73.67,75.04,,173381.0
2016-12-13,80.23,82.54,76.65,77.81,,1063193.0
2016-12-14,77.67,78.35,77.02,77.62,,442557.0
2016-12-15,77.97,80.2,77.3,78.91,,541325.0
2016-12-16,79.26,79.86,77.95,78.03,,628611.0
2016-12-19,78.38,80.39,78.21,78.81,,265738.0
2016-12-20,79.28,80.29,78.83,80.05,,303397.0
2016-12-21,80.29,80.58,79.19,79.25,,262082.0
2016-12-22,79.57,79.6,78.6,79.0,,180613.0
2016-12-23,79.24,79.83,78.08,79.24,,190233.0
2016-12-27,79.09,80.33,79.09,79.67,,161774.0
2016-12-28,80.36,80.36,78.02,78.18,,197460.0
2016-12-29,78.42,79.17,77.38,78.17,,236317.0
2016-12-30,78.24,78.25,76.42,76.96,,250734.0
2017-01-03,77.86,78.94,76.87,78.53,,433880.0
2017-01-04,78.85,78.94,77.48,77.99,,363388.0
2017-01-05,77.69,78.67,77.21,77.73,,231912.0
2017-01-06,77.65,79.12,77.28,78.84,,269952.0
2017-01-09,79.02,80.6,78.66,80.21,,481850.0
2017-01-10,79.92,80.54,79.5,80.37,,300275.0
2017-01-11,80.78,81.11,79.9,81.08,,261958.0
2017-01-12,80.9,80.98,79.65,80.73,,142533.0
2017-01-13,80.99,82.29,80.83,81.85,,160319.0
2017-01-17,81.53,81.66,79.75,80.0,,220291.0
2017-01-18,80.52,81.65,80.43,81.2,,259552.0
2017-01-19,81.02,81.68,80.22,80.41,,211503.0
2017-01-20,80.42,82.47,80.42,82.22,,452480.0
2017-01-23,82.06,83.25,82.06,82.97,,652151.0
2017-01-24,83.38,85.6,83.33,85.05,,364607.0
2017-01-25,85.51,86.19,84.48,84.59,,455244.0
2017-01-26,84.75,85.23,82.42,82.94,,507388.0
2017-01-27,83.37,84.68,82.81,84.33,,196094.0
2017-01-30,83.6,84.17,82.28,83.64,,228995.0
2017-01-31,83.64,83.64,81.85,81.94,,437162.0
2017-02-01,82.88,83.77,81.86,83.52,,398113.0
2017-02-02,83.13,83.42,82.44,82.91,,239296.0
2017-02-03,83.77,84.3,83.17,83.66,,345906.0
2017-02-06,83.43,83.49,82.56,83.16,,286158.0
2017-02-07,83.29,84.36,82.98,83.94,,214072.0
2017-02-08,83.64,84.95,83.36,84.45,,447961.0
2017-02-09,84.59,84.91,83.49,83.61,,649285.0
2017-02-10,82.42,83.92,80.07,83.03,,977326.0
2017-02-13,83.15,83.74,79.79,80.69,,768662.0
2017-02-14,80.38,80.52,79.61,79.96,,353232.0
2017-02-15,79.9,81.04,79.32,80.8,,461805.0
2017-02-16,80.98,81.45,80.32,80.93,,252877.0
2017-02-17,80.79,81.35,79.86,81.27,,239263.0
2017-02-21,81.27,82.87,81.2,82.86,,327946.0
2017-02-22,82.81,83.68,82.63,83.41,,272711.0
2017-02-23,83.65,83.65,81.57,82.83,,462438.0
2017-02-24,82.17,83.44,81.76,83.43,,266388.0
2017-02-27,83.55,83.7,82.83,83.69,,413028.0
2017-02-28,83.6,83.6,82.38,82.63,,508962.0
2017-03-01,83.36,84.07,82.63,84.01,,312732.0
2017-03-02,83.92,84.3,83.45,83.52,,229092.0
2017-03-03,83.6,83.62,82.84,83.19,,267875.0
2017-03-06,82.62,83.1,81.72,82.81,,177958.0
2017-03-07,82.79,83.94,82.38,82.99,,258038.0
2017-03-08,83.26,84.01,82.74,83.0,,153687.0
2017-03-09,83.0,83.27,82.5,82.97,,161400.0
2017-03-10,83.48,83.9,83.13,83.83,,205709.0
2017-03-13,83.82,85.47,83.6,85.44,,222300.0
2017-03-14,85.36,85.94,84.85,85.84,,303939.0
2017-03-15,85.94,87.25,84.92,87.09,,258966.0
2017-03-16,87.4,87.9,86.64,86.71,,188012.0
2017-03-17,86.9,87.63,86.41,87.32,,503949.0
2017-03-20,87.63,88.75,87.17,88.04,,252040.0
2017-03-21,88.64,88.64,86.04,86.11,,288141.0
2017-03-22,86.02,86.59,85.47,86.5,,234220.0
2017-03-23,86.35,87.01,85.39,85.59,,204259.0
2017-03-24,86.3,87.31,85.54,85.88,,222538.0
2017-03-27,85.32,85.8,83.68,85.54,,286882.0
2017-03-28,85.54,87.17,85.49,87.04,,272215.0
2017-03-29,86.88,87.53,86.07,86.48,,174732.0
2017-03-30,86.51,87.06,84.79,86.54,,260740.0
2017-03-31,86.37,87.21,85.58,86.7,,225973.0
2017-04-03,86.82,87.11,85.73,86.12,,339329.0
2017-04-04,85.82,87.49,85.82,87.1,,329461.0
2017-04-05,87.23,87.52,85.47,85.64,,295834.0
2017-04-06,85.75,86.08,84.53,85.71,,300984.0
2017-04-07,85.53,86.65,85.17,86.35,,180098.0
2017-04-10,86.57,86.82,85.42,85.88,,256896.0
2017-04-11,85.6,86.7,84.16,85.26,,439657.0
2017-04-12,85.26,85.43,84.03,84.15,,288544.0
2017-04-13,83.78,84.94,83.02,83.75,,200779.0
2017-04-17,84.1,85.13,84.01,85.11,,148686.0
2017-04-18,84.88,85.85,83.98,85.76,,173359.0
2017-04-19,86.4,87.04,86.03,86.41,,268385.0
2017-04-20,86.75,88.42,86.35,88.31,,267704.0
2017-04-21,88.16,88.63,87.02,87.89,,382454.0
2017-04-24,89.42,90.05,88.88,89.66,,340715.0
2017-04-25,90.32,91.16,89.66,90.57,,457773.0
2017-04-26,90.57,90.63,88.18,88.21,,363291.0
2017-04-27,89.43,90.93,87.52,88.92,,532692.0
2017-04-28,88.73,89.19,86.07,86.13,,410236.0
2017-05-01,86.13,87.18,85.0,86.47,,332099.0
2017-05-02,86.38,86.72,85.07,85.76,,241348.0
2017-05-03,85.48,85.71,84.41,85.49,,242891.0
2017-05-04,85.71,87.39,85.66,87.32,,287991.0
2017-05-05,87.81,87.98,86.52,87.98,,209995.0
2017-05-08,87.69,88.09,86.83,87.24,,251568.0
2017-05-09,87.39,88.94,86.25,88.22,,207303.0
2017-05-10,88.72,89.99,88.32,89.79,,361018.0
2017-05-11,89.52,90.16,88.93,89.93,,284261.0
2017-05-12,89.65,90.16,88.92,89.25,,165764.0
2017-05-15,89.68,90.79,89.68,90.45,,249289.0
2017-05-16,90.73,92.56,90.54,92.45,,271828.0
2017-05-17,91.07,91.67,87.44,87.51,,301273.0
2017-05-18,87.18,89.12,86.74,88.32,,261259.0
2017-05-19,88.96,90.16,88.96,89.52,,186596.0
2017-05-22,89.73,90.27,89.36,89.63,,178066.0
2017-05-23,89.89,89.89,88.37,89.46,,134096.0
2017-05-24,89.84,92.01,89.51,91.71,,242868.0
2017-05-25,92.1,92.57,91.41,91.93,,116174.0
2017-05-26,91.88,92.57,90.89,92.26,,115636.0
2017-05-30,92.47,93.13,91.8,92.08,,209541.0
2017-05-31,92.72,92.87,91.38,92.44,,155077.0
2017-06-01,92.91,93.07,92.15,92.81,,207021.0
2017-06-02,93.28,95.22,92.76,94.89,,357333.0
2017-06-05,94.89,95.54,94.21,95.08,,217568.0
2017-06-06,94.48,95.97,94.15,94.91,,240580.0
2017-06-07,95.27,96.61,94.9,95.82,,226708.0
2017-06-08,96.3,97.45,95.11,97.29,,229347.0
2017-06-09,97.61,97.82,90.97,92.18,,328746.0
2017-06-12,90.91,93.1,88.19,91.63,,342942.0
2017-06-13,92.43,94.02,91.59,92.32,,234502.0
2017-06-14,92.49,93.32,89.9,90.8,,164352.0
2017-06-15,89.17,90.98,89.17,90.75,,199783.0
2017-06-16,90.17,91.88,89.98,91.49,,380530.0
2017-06-19,96.96,96.97,91.86,92.56,,155446.0
2017-06-20,92.41,92.96,90.65,90.74,,331413.0
2017-06-21,91.44,92.42,90.96,91.84,,145774.0
2017-06-22,91.63,91.93,90.6,91.37,,119602.0
2017-06-23,91.48,92.98,91.09,92.8,,267013.0
2017-06-26,93.19,95.31,93.13,93.67,,846664.0
2017-06-27,93.57,93.57,91.01,91.16,,513171.0
2017-06-28,91.76,93.54,90.66,93.41,,312213.0
2017-06-29,92.96,94.32,89.97,91.61,,290169.0
2017-06-30,91.7,92.39,90.87,90.93,,235301.0
2017-07-03,91.4,91.67,88.89,88.89,,150871.0
2017-07-05,88.92,91.09,88.91,90.3,,258591.0
2017-07-06,89.34,90.8,88.91,89.89,,174797.0
2017-07-07,90.39,92.61,90.11,92.46,,374354.0
2017-07-10,92.68,92.89,91.69,92.23,,226193.0
2017-07-11,92.22,93.36,91.82,93.12,,256025.0
2017-07-12,93.98,94.77,93.74,94.46,,137123.0
2017-07-13,94.56,94.69,93.27,94.33,,192761.0
2017-07-14,94.57,95.31,94.33,95.07,,139255.0
2017-07-17,95.34,96.06,94.34,95.29,,232232.0
2017-07-18,95.03,96.08,94.6,95.86,,163822.0
2017-07-19,96.32,98.05,96.17,97.73,,169122.0
2017-07-20,98.06,99.17,97.38,99.04,,124041.0
2017-07-21,99.12,99.12,97.28,97.86,,235018.0
2017-07-24,97.77,99.01,97.48,98.9,,259703.0
2017-07-25,98.98,99.28,97.99,98.97,,363391.0
2017-07-26,99.66,101.75,98.88,100.73,,385482.0
2017-07-27,95.83,101.45,93.85,98.64,,580562.0
2017-07-28,98.01,98.01,96.48,96.79,,222101.0
2017-07-31,96.78,97.86,95.89,96.51,,219168.0
2017-08-01,97.03,98.08,96.21,97.34,,270013.0
2017-08-02,97.57,97.58,95.4,96.08,,232057.0
2017-08-03,95.95,96.96,95.03,95.68,,242467.0
2017-08-04,95.83,96.63,95.22,95.78,,185833.0
2017-08-07,96.07,97.28,95.27,96.94,,219657.0
2017-08-08,96.94,97.95,96.46,96.69,,194983.0
2017-08-09,96.22,97.06,95.62,96.35,,195445.0
2017-08-10,95.88,96.02,94.54,94.77,,239078.0
2017-08-11,94.94,95.95,94.06,95.36,,157357.0
2017-08-14,96.21,97.18,95.52,95.99,,216212.0
2017-08-15,96.15,96.69,95.64,96.0,,171374.0
2017-08-16,96.21,96.25,95.37,95.71,,190670.0
2017-08-17,95.12,95.41,91.98,92.04,,195211.0
2017-08-18,92.05,93.09,91.05,92.07,,180361.0
2017-08-21,92.12,92.13,90.08,90.43,,316584.0
2017-08-22,91.22,92.3,90.63,92.04,,503551.0
2017-08-23,91.32,92.35,91.17,92.09,,146753.0
2017-08-24,92.29,93.5,91.96,92.81,,237230.0
2017-08-25,93.02,93.14,91.7,91.96,,329541.0
2017-08-28,92.29,92.52,91.82,92.47,,163710.0
2017-08-29,91.78,93.07,91.48,92.72,,206480.0
2017-08-30,92.94,94.36,92.39,94.32,,322250.0
2017-08-31,94.62,95.65,94.26,95.57,,208315.0
2017-09-01,95.66,97.13,95.05,96.88,,257434.0
2017-09-05,96.37,97.82,95.86,97.63,,452752.0
2017-09-06,97.9,97.9,96.32,96.69,,308065.0
2017-09-07,97.14,97.64,96.27,96.86,,241742.0
2017-09-08,96.68,97.43,95.94,96.89,,241491.0
2017-09-11,97.61,99.44,97.56,99.2,,198307.0
2017-09-12,99.27,99.78,98.42,99.77,,300723.0
2017-09-13,99.76,99.77,97.71,97.93,,532748.0
2017-09-14,97.8,98.76,96.79,96.94,,368485.0
2017-09-15,97.11,98.24,96.74,97.4,,499068.0
2017-09-18,97.91,98.95,97.82,98.27,,197874.0
2017-09-19,98.27,98.71,97.45,97.6,,222561.0
2017-09-20,97.46,97.9,94.57,95.61,,286573.0
2017-09-21,95.61,97.24,94.91,96.77,,297489.0
2017-09-22,96.39,97.38,96.21,97.12,,103473.0
2017-09-25,97.11,97.11,95.28,95.91,,187160.0
2017-09-26,96.46,97.23,95.81,96.94,,217039.0
2017-09-27,97.55,100.77,97.15,100.17,,286460.0
2017-09-28,100.07,100.75,99.17,100.58,,194615.0
2017-09-29,100.66,101.12,100.43,100.69,,235299.0
2017-10-02,101.01,101.77,100.43,101.63,,156009.0
2017-10-03,101.84,102.9,101.26,102.43,,189856.0
2017-10-04,102.13,102.59,101.42,101.8,,154066.0
2017-10-05,102.34,102.35,101.02,102.28,,121794.0
2017-10-06,101.71,102.72,101.68,102.66,,110124.0
2017-10-09,102.66,103.04,102.08,102.63,,166291.0
2017-10-10,103.95,105.41,103.02,105.41,,266275.0
2017-10-11,105.61,106.4,104.58,106.33,,158460.0
2017-10-12,106.36,107.77,106.14,106.92,,194626.0
2017-10-13,107.39,107.99,106.89,107.81,,226376.0
2017-10-16,107.82,108.33,107.26,107.57,,142593.0
2017-10-17,107.28,107.92,106.88,106.91,,159113.0
2017-10-18,107.56,107.99,106.2,107.59,,157876.0
2017-10-19,106.81,107.71,104.96,107.66,,127126.0
2017-10-20,108.69,108.77,107.64,107.71,,148736.0
2017-10-23,107.9,109.0,107.64,108.39,,142964.0
2017-10-24,108.8,109.58,108.24,108.43,,178226.0
2017-10-25,107.87,108.69,106.42,107.81,,231997.0
2017-10-26,106.97,109.09,106.87,108.53,,189517.0
2017-10-27,110.7,114.48,109.23,114.24,,459533.0
2017-10-30,114.04,114.93,112.58,113.35,,244789.0
2017-10-31,113.61,115.45,113.12,114.98,,209867.0
2017-11-01,116.07,116.18,112.53,113.99,,221392.0
2017-11-02,113.86,114.63,112.56,113.29,,205496.0
2017-11-03,113.73,115.44,112.93,115.43,,196959.0
2017-11-06,115.53,117.95,114.91,117.74,,256017.0
2017-11-07,117.9,118.83,115.57,116.89,,183230.0
2017-11-08,116.36,117.51,115.67,116.39,,332089.0
2017-11-09,115.33,116.03,111.78,113.76,,271765.0
2017-11-10,113.89,115.53,113.68,115.1,,194097.0
2017-11-13,114.35,116.02,113.73,114.23,,356568.0
2017-11-14,113.71,114.45,112.02,113.18,,300993.0
2017-11-15,112.34,113.7,110.99,112.38,,188239.0
2017-11-16,113.12,115.47,113.12,114.55,,211452.0
2017-11-17,114.26,116.32,114.26,115.88,,316454.0
2017-11-20,116.0,117.68,115.86,117.54,,227614.0
2017-11-21,118.21,119.71,118.13,119.67,,225910.0
2017-11-22,119.78,119.83,117.44,117.52,,197486.0
2017-11-24,117.58,118.73,117.58,118.64,,58193.0
2017-11-27,117.95,118.39,116.9,117.49,,261994.0
2017-11-28,117.81,119.19,117.29,118.07,,235058.0
2017-11-29,117.81,118.36,110.09,110.45,,393794.0
2017-11-30,112.08,112.48,109.3,111.84,,426247.0
2017-12-01,111.42,111.65,106.6,110.54,,301235.0
2017-12-04,111.95,112.87,104.84,105.08,,503619.0
2017-12-05,104.73,107.36,103.5,105.12,,341432.0
2017-12-06,104.38,105.85,99.23,105.12,,255436.0
2017-12-07,105.53,106.64,104.81,105.14,,402355.0
2017-12-08,106.54,108.51,105.98,106.59,,305618.0
2017-12-11,106.87,108.68,106.67,107.62,,394338.0
2017-12-12,107.06,107.73,105.94,106.61,,496597.0
2017-12-13,106.8,107.82,104.7,105.37,,329622.0
2017-12-14,105.05,106.19,103.95,104.2,,379664.0
2017-12-15,104.19,107.88,103.17,106.27,,543269.0
2017-12-18,107.33,109.01,107.16,108.46,,332720.0
2017-12-19,108.13,109.47,107.21,107.74,,346085.0
2017-12-20,108.64,109.45,107.04,108.65,,263828.0
2017-12-21,108.96,109.16,107.31,107.46,,191302.0
2017-12-22,106.96,107.47,106.48,106.95,,254725.0
2017-12-26,106.18,107.46,105.24,106.92,,145623.0
2017-12-27,106.75,107.7,106.38,106.68,,178830.0
2017-12-28,107.09,107.37,106.73,107.27,,164097.0
2017-12-29,107.38,108.26,106.31,106.37,,192127.0
2018-01-02,106.97,110.14,106.65,110.11,,285196.0
2018-01-03,110.29,112.59,109.81,112.18,,267777.0
2018-01-04,112.87,113.6,111.79,113.22,,181603.0
2018-01-05,113.8,114.82,112.79,113.67,,226776.0
2018-01-08,113.75,115.74,113.16,115.08,,204521.0
2018-01-09,115.22,115.55,114.07,114.88,,155262.0
2018-01-10,113.57,114.59,113.19,113.62,,181557.0
2018-01-11,113.73,115.4,112.54,115.23,,213179.0
2018-01-12,115.44,117.13,114.28,116.34,,120523.0
2018-01-16,117.15,117.8,113.38,113.51,,248221.0
2018-01-17,114.77,114.77,113.24,114.08,,540580.0
2018-01-18,114.06,115.85,113.1,113.3,,313131.0
2018-01-19,113.6,114.2,112.27,113.59,,301088.0
2018-01-22,113.35,114.73,112.73,113.78,,383467.0
2018-01-23,113.75,115.4,112.85,114.68,,375574.0
2018-01-24,113.1,115.2,112.86,113.57,,376196.0
2018-01-25,115.05,115.32,111.0,111.31,,304794.0
2018-01-26,112.5,115.92,111.39,115.89,,223018.0
2018-01-29,115.07,116.87,114.23,116.21,,304092.0
2018-01-30,114.22,116.8,112.66,113.2,,287482.0
2018-01-31,114.43,115.22,112.2,112.77,,223308.0
2018-02-01,111.79,114.46,111.44,113.78,,171041.0
2018-02-02,112.53,112.64,108.79,108.9,,330668.0
2018-02-05,107.49,109.84,103.66,103.7,,439085.0
2018-02-06,101.25,108.34,97.64,107.96,,605856.0
2018-02-07,107.52,108.04,104.1,104.13,,382164.0
2018-02-08,103.9,104.8,98.24,98.28,,565944.0
2018-02-09,99.4,106.25,99.4,104.21,,996563.0
2018-02-12,104.89,104.9,102.05,104.05,,661313.0
2018-02-13,103.03,104.17,101.31,104.11,,405734.0
2018-02-14,102.91,107.12,102.29,106.96,,386646.0
2018-02-15,108.28,110.21,106.23,109.97,,328256.0
2018-02-16,109.69,111.7,109.69,110.76,,410166.0
2018-02-20,110.23,113.83,109.81,113.3,,411443.0
2018-02-21,113.91,114.19,110.84,110.91,,282811.0
2018-02-22,111.41,111.92,110.0,110.94,,256192.0
2018-02-23,111.55,112.42,110.19,111.75,,222467.0
2018-02-26,112.33,113.56,111.96,113.43,,152663.0
2018-02-27,113.44,114.65,112.06,112.26,,452942.0
2018-02-28,112.77,113.43,110.77,110.82,,188855.0
2018-03-01,110.93,111.45,108.54,109.6,,215202.0
2018-03-02,108.24,112.24,107.58,111.85,,194610.0
2018-03-05,110.89,112.84,110.21,112.1,,223244.0
2018-03-06,112.92,113.38,111.44,112.68,,381150.0
2018-03-07,111.83,113.88,111.74,113.0,,223662.0
2018-03-08,113.64,113.91,112.44,113.48,,226891.0
2018-03-09,114.55,118.33,114.4,118.21,,266576.0
2018-03-12,118.33,119.79,117.64,118.82,,213901.0
2018-03-13,119.52,120.8,116.63,117.1,,247493.0
2018-03-14,117.88,117.88,115.93,116.63,,160981.0
2018-03-15,117.13,118.33,115.75,116.82,,243603.0
2018-03-16,117.14,118.44,116.41,118.07,,446042.0
2018-03-19,117.23,117.66,113.41,116.5,,326145.0
2018-03-20,116.45,118.76,115.37,118.44,,337509.0
2018-03-21,118.22,120.61,117.4,118.7,,305594.0
2018-03-22,117.1,117.56,113.43,113.63,,230259.0
2018-03-23,113.68,113.68,108.7,108.76,,348889.0
2018-03-26,111.23,114.26,110.03,113.46,,325582.0
2018-03-27,114.23,115.08,108.86,109.55,,405992.0
2018-03-28,109.62,110.03,106.57,107.46,,252949.0
2018-03-29,107.74,111.4,106.17,109.89,,298933.0
2018-04-02,109.15,109.72,104.61,105.17,,301443.0
2018-04-03,106.42,107.58,104.64,106.65,,415944.0
2018-04-04,104.18,109.01,103.68,108.56,,200129.0
2018-04-05,109.62,110.05,107.46,108.31,,193928.0
2018-04-06,106.79,108.35,104.4,105.3,,173303.0
2018-04-09,106.59,108.65,105.5,105.89,,234319.0
2018-04-10,108.29,111.16,106.92,109.95,,216711.0
2018-04-11,109.0,111.49,108.81,111.03,,179686.0
2018-04-12,112.77,115.49,111.98,114.87,,358053.0
2018-04-13,116.07,116.68,114.43,114.69,,318694.0
2018-04-16,115.33,116.53,114.15,115.81,,228712.0
2018-04-17,116.56,118.72,116.09,118.04,,239800.0
2018-04-18,117.97,118.88,116.54,117.49,,182315.0
2018-04-19,116.21,116.44,113.58,114.13,,379312.0
2018-04-20,113.9,115.13,112.76,113.44,,309660.0
2018-04-23,113.56,115.01,112.14,112.95,,355993.0
2018-04-24,113.48,114.7,111.27,112.96,,342534.0
2018-04-25,113.03,114.2,110.08,113.31,,275331.0
2018-04-26,114.5,115.53,112.98,115.09,,188973.0
2018-04-27,116.36,116.41,113.18,114.17,,316756.0
2018-04-30,114.42,116.3,110.63,111.15,,412753.0
2018-05-01,113.62,113.62,109.18,113.07,,511528.0
2018-05-02,113.38,113.64,112.15,112.34,,259171.0
2018-05-03,111.43,114.39,110.51,114.16,,400233.0
2018-05-04,113.43,117.95,112.83,117.57,,243353.0
2018-05-07,117.88,119.15,117.26,117.55,,219321.0
2018-05-08,117.87,118.93,116.98,117.8,,355869.0
2018-05-09,118.02,120.11,117.47,119.76,,271829.0
2018-05-10,120.01,122.31,119.56,122.13,,311818.0
2018-05-11,121.91,122.24,120.08,120.13,,157346.0
2018-05-14,120.59,122.32,119.61,119.76,,291969.0
2018-05-15,119.18,119.97,118.48,119.81,,309049.0
2018-05-16,119.69,121.76,119.59,121.28,,296623.0
2018-05-17,120.9,122.59,120.11,122.22,,189922.0
2018-05-18,122.41,123.7,121.89,122.39,,313533.0
2018-05-21,123.73,125.2,121.82,123.17,,217472.0
2018-05-22,123.83,124.72,122.84,122.96,,205077.0
2018-05-23,121.96,124.15,119.12,124.08,,184032.0
2018-05-24,124.06,124.47,122.93,123.95,,133274.0
2018-05-25,124.17,126.08,123.95,125.02,,152772.0
2018-05-29,124.6,125.59,123.12,124.85,,272781.0
2018-05-30,125.54,127.84,125.32,127.04,,445566.0
2018-05-31,126.8,127.89,125.01,125.11,,223250.0
2018-06-01,126.26,127.08,125.44,126.53,,335721.0
2018-06-04,127.11,127.99,126.31,127.84,,231067.0
2018-06-05,128.14,129.55,127.27,128.86,,197696.0
2018-06-06,129.16,130.22,128.28,130.22,,212104.0
2018-06-07,130.26,130.8,126.43,126.59,,292459.0
2018-06-08,126.82,129.99,125.85,127.44,,491084.0
2018-06-11,128.26,130.7,128.03,130.36,,227745.0
2018-06-12,130.67,133.07,129.58,132.63,,325955.0
2018-06-13,133.02,134.37,130.51,130.66,,380863.0
2018-06-14,131.99,132.65,130.41,132.61,,433538.0
2018-06-15,131.54,134.61,131.07,134.43,,467636.0
2018-06-18,133.15,134.16,132.26,133.95,,266338.0
2018-06-19,131.86,132.9,129.98,132.0,,292604.0
2018-06-20,132.81,134.25,132.11,134.12,,278421.0
2018-06-21,134.52,134.52,131.44,133.96,,495741.0
2018-06-22,134.78,135.31,131.45,131.5,,4484119.0
2018-06-25,131.17,131.37,124.96,127.44,,585591.0
2018-06-26,127.97,130.98,127.19,129.96,,484314.0
2018-06-27,130.62,131.16,126.57,126.6,,419353.0
2018-06-28,126.84,129.53,125.4,128.02,,355595.0
2018-06-29,129.06,130.02,127.06,127.16,,434519.0
2018-07-02,126.05,128.93,125.51,128.15,,345801.0
2018-07-03,129.28,129.28,125.94,126.24,,219681.0
2018-07-05,126.97,130.17,126.31,129.7,,623462.0
2018-07-06,129.85,131.79,128.79,131.57,,309395.0
2018-07-09,132.52,132.52,129.85,131.49,,293798.0
2018-07-10,131.86,134.08,131.6,133.83,,258790.0
2018-07-11,132.07,133.2,130.28,130.53,,273659.0
2018-07-12,131.48,133.47,130.53,133.4,,212011.0
2018-07-13,133.2,134.17,132.28,133.1,,273349.0
2018-07-16,133.42,134.13,132.6,132.89,,138060.0
2018-07-17,132.25,135.45,131.48,134.47,,266664.0
2018-07-18,134.95,135.02,133.23,134.56,,161842.0
2018-07-19,134.52,135.23,133.63,134.89,,180165.0
2018-07-20,135.46,135.46,133.24,133.87,,236209.0
2018-07-23,133.7,135.08,132.15,134.62,,337283.0
2018-07-24,135.11,135.95,130.06,130.77,,299285.0
2018-07-25,131.09,132.08,126.89,128.89,,615030.0
2018-07-26,131.63,133.99,123.99,129.53,,700106.0
2018-07-27,130.22,130.63,124.41,126.07,,299422.0
2018-07-30,125.74,126.19,122.48,124.67,,358470.0
2018-07-31,125.15,127.31,125.07,126.22,,331375.0
2018-08-01,125.99,128.11,125.22,125.53,,301835.0
2018-08-02,126.4,129.28,123.34,129.02,,323974.0
2018-08-03,128.74,129.66,127.96,129.09,,370396.0
2018-08-06,128.61,130.69,127.47,130.58,,208715.0
2018-08-07,131.53,135.09,130.96,134.56,,514412.0
2018-08-08,134.11,135.45,132.71,134.89,,240308.0
2018-08-09,135.08,135.39,132.77,132.89,,289397.0
2018-08-10,131.28,133.05,130.34,132.63,,498724.0
2018-08-13,132.52,135.54,132.52,132.98,,380538.0
2018-08-14,133.2,135.48,132.59,134.38,,360925.0
2018-08-15,133.27,134.26,131.28,133.1,,308201.0
2018-08-16,133.81,134.02,132.55,133.49,,224906.0
2018-08-17,132.76,134.13,131.47,133.87,,248906.0
2018-08-20,134.13,135.51,132.69,135.06,,229128.0
2018-08-21,135.26,138.1,135.26,137.69,,316453.0
2018-08-22,138.03,139.57,136.47,138.47,,288573.0
2018-08-23,138.13,139.92,136.99,138.46,,238521.0
2018-08-24,139.26,140.41,138.96,140.07,,190595.0
2018-08-27,141.19,143.72,141.1,142.01,,398977.0
2018-08-28,142.81,142.92,140.44,141.89,,174705.0
2018-08-29,142.69,143.45,141.33,142.18,,165470.0
2018-08-30,141.7,142.77,140.94,141.31,,141285.0
2018-08-31,141.55,143.04,140.64,142.57,,257064.0
2018-09-04,142.15,144.35,141.04,144.01,,251266.0
2018-09-05,144.41,144.41,140.53,142.03,,306218.0
2018-09-06,141.96,142.85,139.9,142.05,,257578.0
2018-09-07,140.87,144.8,140.3,140.78,,304324.0
2018-09-10,141.8,142.04,137.96,139.39,,318659.0
2018-09-11,138.95,140.08,137.01,138.9,,374038.0
2018-09-12,138.14,138.41,132.43,134.48,,485209.0
2018-09-13,133.94,134.37,122.94,130.12,,1206800.0
2018-09-14,130.5,132.57,130.24,131.48,,686097.0
2018-09-17,131.25,131.56,125.92,126.09,,399172.0
2018-09-18,125.64,128.38,125.49,126.55,,498705.0
2018-09-19,127.16,128.22,125.38,127.13,,359299.0
2018-09-20,128.18,129.67,126.76,128.67,,329084.0
2018-09-21,128.77,129.11,126.23,126.43,,585495.0
2018-09-24,125.97,126.55,124.23,126.34,,382523.0
2018-09-25,123.38,124.83,121.98,122.85,,882987.0
2018-09-26,122.86,123.67,120.56,120.76,,503109.0
2018-09-27,121.29,121.66,119.98,120.44,,452433.0
2018-09-28,120.23,120.69,118.76,119.7,,579051.0
2018-10-01,120.66,121.08,118.35,118.65,,455038.0
2018-10-02,118.24,120.11,118.21,119.0,,378463.0
2018-10-03,119.75,122.6,119.38,122.03,,851338.0
2018-10-04,120.88,121.22,116.83,118.4,,720184.0
2018-10-05,118.18,118.66,112.97,113.91,,748249.0
2018-10-08,112.56,112.86,109.65,111.3,,690485.0
2018-10-09,110.76,112.27,109.64,111.29,,496045.0
2018-10-10,110.35,110.35,105.02,105.27,,759607.0
2018-10-11,104.75,108.55,104.24,105.74,,632034.0
2018-10-12,108.87,110.01,107.28,108.67,,626443.0
2018-10-15,107.96,110.06,106.73,108.7,,346640.0
2018-10-16,108.94,113.08,108.71,112.81,,547193.0
2018-10-17,112.81,114.12,111.54,113.35,,523638.0
2018-10-18,112.44,112.46,109.46,110.37,,404373.0
2018-10-19,110.77,111.56,108.0,109.04,,378025.0
2018-10-22,109.29,109.73,107.68,109.11,,346251.0
2018-10-23,106.34,110.56,105.01,109.61,,489256.0
2018-10-24,107.39,107.68,99.17,99.33,,880910.0
2018-10-25,100.16,103.73,98.24,103.39,,1023314.0
2018-10-26,104.43,111.88,97.25,107.38,,1416886.0
2018-10-29,109.69,111.12,104.19,106.18,,791396.0
2018-10-30,105.96,110.06,105.9,109.94,,465866.0
2018-10-31,111.5,114.42,110.69,112.63,,568558.0
2018-11-01,113.43,119.56,112.9,118.55,,719279.0
2018-11-02,118.8,119.76,117.21,118.51,,527979.0
2018-11-05,118.85,118.85,114.56,116.84,,415448.0
2018-11-06,116.55,118.81,115.77,118.45,,235978.0
2018-11-07,118.54,121.15,117.44,119.86,,322088.0
2018-11-08,119.21,124.8,118.15,123.22,,594069.0
2018-11-09,121.3,121.61,117.93,118.93,,335123.0
2018-11-12,117.55,117.79,112.59,113.78,,504734.0
2018-11-13,115.38,117.95,114.76,115.37,,262773.0
2018-11-14,116.83,117.92,115.29,116.47,,391572.0
2018-11-15,114.92,121.95,114.41,121.05,,378179.0
2018-11-16,118.38,122.05,118.23,121.89,,395620.0
2018-11-19,121.26,121.5,114.89,115.03,,417512.0
2018-11-20,111.46,116.29,111.18,114.73,,398042.0
2018-11-21,116.64,118.34,115.23,117.84,,192005.0
2018-11-23,115.99,119.76,115.99,118.56,,88987.0
2018-11-26,120.57,121.1,118.43,121.07,,319407.0
2018-11-27,119.86,120.94,117.51,117.88,,255267.0
2018-11-28,118.98,123.13,117.47,123.0,,366903.0
2018-11-29,122.01,125.19,122.01,123.38,,434407.0
2018-11-30,123.51,126.46,122.03,125.94,,311115.0
2018-12-03,128.82,131.46,127.07,128.47,,423383.0
2018-12-04,127.85,129.67,120.76,120.95,,373177.0
2018-12-06,118.09,119.77,116.59,119.71,,425894.0
2018-12-07,119.18,121.1,115.27,116.17,,274137.0
2018-12-10,115.8,117.83,112.89,114.57,,510001.0
2018-12-11,116.98,119.86,113.5,115.07,,288907.0
2018-12-12,117.75,119.36,116.79,117.91,,206411.0
2018-12-13,118.96,118.96,115.29,115.62,,152631.0
2018-12-14,114.59,116.47,112.88,113.11,,223556.0
2018-12-17,112.75,113.24,108.11,108.47,,577178.0
2018-12-18,110.18,114.59,109.6,112.4,,416617.0
2018-12-19,112.36,114.3,106.87,107.59,,428880.0
2018-12-20,107.48,109.87,104.67,107.5,,426626.0
2018-12-21,108.93,109.42,105.08,105.28,,533531.0
2018-12-24,103.9,106.65,101.55,101.67,,183178.0
2018-12-26,103.24,108.8,102.14,108.73,,307214.0
2018-12-27,106.43,108.84,104.84,108.79,,370539.0
2018-12-28,109.89,112.21,108.57,109.94,,390426.0
2018-12-31,111.02,111.39,109.23,111.14,,255997.0
2019-01-02,108.24,111.53,107.79,110.37,,247316.0
2019-01-03,108.69,108.69,102.73,103.84,,494154.0
2019-01-04,105.72,108.97,104.51,108.11,,398019.0
2019-01-07,108.09,112.17,107.92,110.95,,392719.0
2019-01-08,112.16,113.12,110.3,112.84,,304065.0
2019-01-09,113.96,117.29,113.96,116.6,,298770.0
2019-01-10,115.53,117.97,114.59,117.39,,227260.0
2019-01-11,117.45,120.71,116.27,118.71,,312253.0
2019-01-14,116.97,117.59,113.91,115.15,,350755.0
2019-01-15,115.42,117.97,115.42,117.25,,233369.0
2019-01-16,117.78,119.78,115.91,116.04,,233166.0
2019-01-17,115.46,118.22,114.65,117.21,,247568.0
2019-01-18,118.33,120.85,117.05,119.29,,265701.0
2019-01-22,118.07,118.77,114.67,115.66,,264034.0
2019-01-23,116.18,117.77,112.94,114.38,,179606.0
2019-01-24,115.22,121.72,115.22,121.23,,322524.0
2019-01-25,123.85,125.68,121.9,124.96,,326247.0
2019-01-28,122.47,124.89,120.98,122.62,,247655.0
2019-01-29,122.4,123.71,120.68,120.89,,201809.0
2019-01-30,122.38,123.83,118.63,121.19,,405963.0
2019-01-31,120.98,122.37,119.92,121.0,,355045.0
2019-02-01,120.99,124.14,120.38,123.85,,335135.0
2019-02-04,123.73,125.67,122.24,125.62,,277942.0
2019-02-05,125.03,126.76,125.03,126.64,,283851.0
2019-02-06,127.6,130.72,127.6,128.99,,355788.0
2019-02-07,127.63,127.9,124.19,125.32,,328677.0
2019-02-08,123.85,126.2,123.51,125.52,,312557.0
2019-02-11,126.25,127.11,124.01,124.93,,520639.0
2019-02-12,125.59,126.98,123.86,126.2,,943797.0
2019-02-13,123.53,129.55,123.39,128.38,,813726.0
2019-02-14,127.9,130.54,127.05,130.02,,414545.0
2019-02-15,130.64,132.49,129.36,132.39,,340767.0
2019-02-19,131.39,132.03,130.33,130.42,,233135.0
2019-02-20,130.62,131.43,129.87,130.64,,355927.0
2019-02-21,130.88,131.06,128.55,129.34,,309393.0
2019-02-22,130.25,131.03,129.24,130.56,,333122.0
2019-02-25,131.93,133.06,131.17,131.49,,272720.0
2019-02-26,131.26,131.72,130.41,130.64,,236194.0
2019-02-27,129.98,130.05,127.15,129.0,,471546.0
2019-02-28,128.05,129.61,127.68,128.21,,223570.0
2019-03-01,129.53,130.58,128.32,130.19,,201239.0
2019-03-04,131.17,131.71,128.88,130.5,,233571.0
2019-03-05,130.73,132.11,129.62,131.07,,250842.0
2019-03-06,131.22,131.22,128.56,129.0,,168848.0
2019-03-07,128.42,129.18,126.38,128.2,,219353.0
2019-03-08,126.41,128.6,126.37,128.4,,120938.0
2019-03-11,128.75,132.09,122.06,131.46,,188381.0
2019-03-12,131.68,132.55,129.84,131.64,,161805.0
2019-03-13,132.57,134.2,131.1,132.59,,290152.0
2019-03-14,132.39,133.17,131.58,131.89,,195693.0
2019-03-15,132.78,135.76,132.78,134.9,,392888.0
2019-03-18,134.91,135.63,133.17,134.73,,220771.0
2019-03-19,135.4,136.02,134.51,135.3,,200061.0
2019-03-20,135.82,136.19,133.58,134.35,,147384.0
2019-03-21,133.97,139.29,133.95,138.64,,228258.0
2019-03-22,137.55,137.67,133.47,133.53,,267360.0
2019-03-25,133.42,133.64,130.51,132.53,,176851.0
2019-03-26,134.25,135.02,132.74,134.09,,161641.0
2019-03-27,133.47,134.88,128.26,129.46,,375619.0
2019-03-28,129.86,131.03,128.05,128.77,,317074.0
2019-03-29,130.26,131.08,129.08,129.92,,285879.0
2019-04-01,131.32,134.66,130.72,134.57,,224413.0
2019-04-02,134.54,134.96,132.3,132.75,,381526.0
2019-04-03,133.98,139.51,133.73,138.83,,419081.0
2019-04-04,138.57,139.39,137.01,137.83,,229371.0
2019-04-05,138.54,139.81,138.04,138.67,,363368.0
2019-04-08,138.45,139.91,137.07,139.83,,235481.0
2019-04-09,139.71,141.46,138.8,140.06,,325603.0
2019-04-10,140.09,143.11,139.72,142.73,,252381.0
2019-04-11,142.62,144.19,141.47,142.74,,293897.0
2019-04-12,144.2,146.1,143.71,145.98,,282272.0
2019-04-15,145.89,147.23,144.08,145.34,,198059.0
2019-04-16,145.77,149.97,145.57,148.44,,345690.0
2019-04-17,149.39,154.59,146.9,148.71,,253675.0
2019-04-18,148.87,150.16,147.43,147.58,,223904.0
2019-04-22,146.6,147.99,145.13,147.05,,147191.0
2019-04-23,147.05,149.32,147.05,148.34,,192514.0
2019-04-24,148.77,152.0,148.65,151.05,,204049.0
2019-04-25,150.48,150.48,146.57,149.34,,209580.0
2019-04-26,148.11,148.86,144.23,148.61,,385806.0
2019-04-29,147.91,150.09,146.28,147.86,,204813.0
2019-04-30,147.97,149.52,147.28,149.31,,379522.0
2019-05-01,150.51,151.04,147.87,148.05,,227293.0
2019-05-02,147.99,150.55,146.47,149.75,,389013.0
2019-05-03,139.35,142.26,134.24,139.01,,957706.0
2019-05-06,130.3,136.76,130.28,135.4,,473152.0
2019-05-07,133.75,134.85,131.34,132.73,,296427.0
2019-05-08,131.5,133.77,130.29,131.61,,271831.0
2019-05-09,129.56,131.7,127.14,131.11,,331903.0
2019-05-10,129.83,131.33,127.36,130.55,,344105.0
2019-05-13,126.0,128.29,120.51,121.32,,493008.0
2019-05-14,123.1,125.06,121.78,123.05,,305278.0
2019-05-15,121.82,124.77,120.73,123.86,,182208.0
2019-05-16,123.84,125.12,121.37,123.46,,382612.0
2019-05-17,121.75,123.53,118.85,119.57,,303730.0
2019-05-20,116.79,118.64,115.37,116.27,,360051.0
2019-05-21,117.53,119.27,117.2,117.92,,358623.0
2019-05-22,116.92,118.63,116.32,116.32,,175375.0
2019-05-23,114.41,114.63,112.21,113.88,,306944.0
2019-05-24,114.81,115.95,114.16,114.43,,161461.0
2019-05-28,114.53,115.11,111.9,111.96,,294580.0
2019-05-29,111.27,113.33,110.12,112.68,,279707.0
2019-05-30,111.48,115.0,111.48,113.55,,298462.0
2019-05-31,111.73,114.16,111.44,111.66,,210695.0
2019-06-03,112.43,115.47,112.3,114.26,,484226.0
2019-06-04,118.87,120.02,115.22,119.99,,419632.0
2019-06-05,121.18,121.48,118.28,120.56,,274954.0
2019-06-06,120.28,120.39,117.36,118.56,,205089.0
2019-06-07,119.25,120.08,118.05,119.95,,229643.0
2019-06-10,121.05,126.56,120.77,125.21,,412040.0
2019-06-11,127.0,127.83,124.39,125.78,,272506.0
2019-06-12,124.93,124.93,122.19,122.31,,203649.0
2019-06-13,123.03,124.74,123.0,124.61,,208504.0
2019-06-14,120.65,122.96,120.65,121.21,,358493.0
2019-06-17,121.54,122.33,120.87,120.91,,200931.0
2019-06-18,122.15,126.64,121.26,125.11,,368073.0
2019-06-19,126.04,126.04,122.65,123.06,,283669.0
2019-06-20,125.91,126.43,124.07,124.96,,186839.0
2019-06-21,124.55,125.09,123.21,123.53,,410784.0
2019-06-24,124.14,124.32,122.0,122.26,,256717.0
2019-06-25,122.27,123.34,119.07,119.14,,352255.0
2019-06-26,121.54,124.69,120.9,123.47,,535559.0
2019-06-27,124.45,128.32,124.36,127.74,,459037.0
2019-06-28,128.49,132.33,127.54,130.59,,757438.0
2019-07-01,134.35,138.46,132.04,133.42,,507879.0
2019-07-02,133.26,133.26,130.37,131.22,,317891.0
2019-07-03,131.45,132.21,129.13,131.05,,635834.0
2019-07-05,130.13,132.03,129.82,131.88,,202287.0
2019-07-08,130.58,131.73,130.02,130.81,,206859.0
2019-07-09,130.34,133.54,130.21,133.44,,216600.0
2019-07-10,134.77,136.78,134.45,135.41,,276333.0
2019-07-11,135.96,136.55,134.27,135.29,,321866.0
2019-07-12,136.26,138.04,135.24,137.84,,241000.0
2019-07-15,138.23,138.89,136.9,138.31,,181675.0
2019-07-16,138.22,139.18,136.21,137.65,,242339.0
2019-07-17,138.2,139.25,136.73,137.3,,216199.0
2019-07-18,137.45,140.9,137.45,140.35,,205520.0
2019-07-19,140.9,141.18,139.34,139.41,,272893.0
2019-07-22,140.19,141.78,137.56,139.76,,244138.0
2019-07-23,141.0,141.31,139.59,141.08,,255029.0
2019-07-24,141.47,147.91,141.46,147.45,,377923.0
2019-07-25,146.26,147.0,137.65,144.19,,211279.0
2019-07-26,145.56,147.05,144.31,145.21,,174904.0
2019-07-29,145.21,145.34,143.97,144.81,,159443.0
2019-07-30,143.5,146.0,142.81,145.14,,193126.0
2019-07-31,145.32,146.54,141.16,142.5,,517906.0
2019-08-01,150.99,155.33,142.08,144.03,,584758.0
2019-08-02,143.27,145.38,140.49,141.01,,274879.0
2019-08-05,136.07,136.94,133.69,136.8,,478191.0
2019-08-06,139.02,141.28,138.38,139.7,,234445.0
2019-08-07,137.29,141.33,137.29,140.7,,227130.0
2019-08-08,141.88,146.81,140.49,146.61,,329684.0
2019-08-09,145.21,145.49,142.18,143.49,,178543.0
2019-08-12,142.0,143.12,139.82,139.82,,215489.0
2019-08-13,138.97,146.45,138.97,145.38,,272782.0
2019-08-14,141.47,143.29,138.32,138.49,,316940.0
2019-08-15,139.49,140.49,138.49,139.59,,215619.0
2019-08-16,140.22,146.16,140.22,145.58,,298545.0
2019-08-19,148.11,150.04,147.32,147.64,,276847.0
2019-08-20,146.93,148.29,145.46,146.64,,212534.0
2019-08-21,147.54,149.01,146.14,148.52,,214156.0
2019-08-22,148.72,150.16,145.74,149.43,,170480.0
2019-08-23,147.46,148.02,141.96,142.44,,246806.0
2019-08-26,144.79,144.79,142.14,142.89,,160453.0
2019-08-27,144.27,144.9,140.78,140.94,,178668.0
2019-08-28,140.12,141.78,138.67,141.4,,302956.0
2019-08-29,144.01,146.45,144.01,144.67,,167275.0
2019-08-30,145.81,146.33,143.71,144.8,,155853.0
2019-09-03,143.85,144.88,140.47,140.68,,343010.0
2019-09-04,142.82,144.08,141.98,144.0,,170766.0
2019-09-05,146.77,151.12,146.77,150.1,,205755.0
2019-09-06,149.65,151.13,149.07,150.04,,207390.0
2019-09-09,150.59,151.77,147.65,147.94,,296867.0
2019-09-10,147.82,148.15,145.5,147.07,,283849.0
2019-09-11,147.81,151.61,147.11,151.5,,202112.0
2019-09-12,152.83,155.65,150.54,155.15,,263158.0
2019-09-13,155.81,156.97,153.84,155.37,,194207.0
2019-09-16,155.37,155.37,152.69,154.17,,179230.0
2019-09-17,153.79,154.38,151.61,151.86,,241136.0
2019-09-18,152.13,153.1,150.29,152.29,,322746.0
2019-09-19,153.58,153.79,150.11,150.37,,299259.0
2019-09-20,149.13,150.2,146.6,148.37,,585317.0
2019-09-23,148.78,152.05,147.7,151.17,,223195.0
2019-09-24,152.93,154.5,149.2,151.27,,288249.0
2019-09-25,150.96,154.87,148.81,153.85,,313711.0
2019-09-26,153.86,155.37,152.62,154.1,,217828.0
2019-09-27,154.92,154.92,149.6,151.02,,353154.0
2019-09-30,151.86,151.86,148.62,150.06,,604294.0
2019-10-01,151.38,153.55,147.69,147.86,,378659.0
2019-10-02,146.12,146.27,142.74,144.57,,459345.0
2019-10-03,144.26,147.72,141.69,146.3,,675130.0
2019-10-04,146.97,147.83,145.84,147.46,,363481.0
2019-10-07,146.8,147.53,143.52,143.87,,489272.0
2019-10-08,142.41,142.58,136.54,136.74,,518959.0
2019-10-09,128.18,133.5,126.44,130.32,,2070724.0
2019-10-10,129.11,134.57,129.11,132.12,,746583.0
2019-10-11,134.11,135.85,131.48,133.19,,925855.0
2019-10-14,133.36,137.62,132.94,137.42,,530741.0
2019-10-15,137.67,139.51,136.67,139.44,,368393.0
2019-10-16,138.59,139.87,136.69,136.79,,534363.0
2019-10-17,137.77,138.74,137.15,137.62,,382728.0
2019-10-18,136.91,137.93,134.92,137.03,,299073.0
2019-10-21,138.15,140.67,138.15,140.2,,355941.0
2019-10-22,140.12,140.79,137.84,139.05,,569688.0
2019-10-23,140.78,147.01,137.89,145.3,,928047.0
2019-10-24,146.13,147.01,143.32,144.87,,456083.0
2019-10-25,144.32,147.93,144.32,146.88,,403624.0
2019-10-28,148.54,149.0,147.76,148.4,,271342.0
2019-10-29,148.37,149.64,146.59,146.83,,331594.0
2019-10-30,147.89,149.03,144.65,146.25,,293572.0
2019-10-31,146.09,146.38,143.94,144.56,,236127.0
2019-11-01,145.7,150.03,144.91,150.02,,267951.0
2019-11-04,151.66,155.74,150.94,155.34,,468649.0
2019-11-05,155.44,158.92,154.74,156.76,,395512.0
2019-11-06,156.12,156.12,153.8,154.42,,456497.0
2019-11-07,156.79,158.27,155.27,157.52,,282233.0
2019-11-08,156.49,159.18,155.46,159.14,,310794.0
2019-11-11,157.57,159.04,156.61,158.04,,230125.0
2019-11-12,158.91,160.29,156.14,156.74,,263801.0
2019-11-13,154.87,156.86,153.94,154.54,,302826.0
2019-11-14,153.49,154.67,152.59,154.4,,262272.0
2019-11-15,156.11,158.04,155.03,156.69,,230472.0
2019-11-18,155.95,157.09,154.89,155.37,,317873.0
2019-11-19,156.05,156.94,154.49,155.97,,218108.0
2019-11-20,154.85,156.54,152.96,153.46,,295124.0
2019-11-21,152.99,153.3,151.5,152.79,,250751.0
2019-11-22,153.75,154.27,152.12,152.33,,183141.0
2019-11-25,153.15,158.41,153.15,158.24,,255593.0
2019-11-26,158.18,158.7,156.62,156.96,,167290.0
2019-11-27,157.64,158.31,156.61,157.35,,164431.0
2019-11-29,157.04,158.13,154.86,154.93,,90891.0
2019-12-02,155.87,155.87,152.01,152.35,,240763.0
2019-12-03,149.2,152.0,148.47,151.81,,291407.0
2019-12-04,153.38,156.67,153.38,156.03,,220755.0
2019-12-05,157.18,158.11,155.89,156.5,,183066.0
2019-12-06,158.83,160.78,155.93,160.05,,219511.0
2019-12-09,159.74,160.41,158.4,158.43,,279205.0
2019-12-10,158.53,159.99,158.53,159.21,,192244.0
2019-12-11,159.48,163.2,159.48,163.0,,216379.0
2019-12-12,163.67,167.8,162.83,167.54,,317447.0
2019-12-13,167.72,169.83,166.78,168.35,,196236.0
2019-12-16,169.85,172.34,169.14,170.89,,295660.0
2019-12-17,171.65,172.35,170.89,172.26,,227045.0
2019-12-18,171.91,173.52,170.76,172.44,,339420.0
2019-12-19,172.54,173.78,170.85,173.49,,277829.0
2019-12-20,174.38,176.49,173.2,176.35,,448986.0
2019-12-23,176.9,176.9,172.36,172.66,,466565.0
2019-12-24,173.38,173.51,171.28,171.96,,227057.0
2019-12-26,171.99,172.77,171.25,172.75,,259700.0
2019-12-27,172.45,173.56,170.87,172.03,,152229.0
2019-12-30,171.61,172.84,169.2,172.39,,165373.0
2019-12-31,172.08,173.5,171.11,172.04,,272013.0
2020-01-02,174.07,174.79,170.17,173.96,,333696.0
2020-01-03,170.8,172.5,170.2,170.81,,233337.0
2020-01-06,168.28,169.88,167.17,169.06,,339936.0
2020-01-07,170.11,171.93,168.75,170.64,,645310.0
2020-01-08,170.76,171.62,169.2,170.41,,297528.0
2020-01-09,171.49,173.08,170.93,172.71,,180560.0
2020-01-10,172.65,173.43,170.47,170.93,,275012.0
2020-01-13,172.19,173.9,171.21,173.28,,272408.0
2020-01-14,173.27,174.92,172.03,172.92,,212231.0
2020-01-15,173.08,173.79,170.74,172.13,,324250.0
2020-01-16,173.53,174.53,172.53,174.28,,388151.0
2020-01-17,175.47,175.97,173.49,175.51,,356103.0
2020-01-21,175.03,177.85,175.01,176.06,,322117.0
2020-01-22,177.8,178.71,175.13,175.58,,330814.0
2020-01-23,175.87,177.3,174.29,176.88,,393392.0
2020-01-24,177.82,178.73,176.32,177.13,,413900.0
2020-01-27,172.02,172.46,169.94,170.13,,302631.0
2020-01-28,172.08,175.13,170.84,174.22,,229830.0
2020-01-29,174.22,174.87,171.43,171.53,,229073.0
2020-01-30,170.6,173.29,169.42,172.5,,299714.0
2020-01-31,171.0,171.77,165.19,165.42,,460488.0
2020-02-03,166.63,169.75,165.46,169.32,,340947.0
2020-02-04,173.8,176.82,171.93,176.48,,284934.0
2020-02-05,179.05,180.71,176.14,180.71,,425066.0
2020-02-06,180.86,184.47,173.56,175.75,,765690.0
2020-02-07,174.4,176.36,172.8,174.15,,527015.0
2020-02-10,170.79,178.22,169.92,178.0,,247298.0
2020-02-11,178.78,184.28,177.86,183.15,,258946.0
2020-02-12,184.05,185.53,182.38,184.32,,335744.0
2020-02-13,182.1,186.3,181.88,185.0,,327196.0
2020-02-14,186.12,186.61,183.24,184.76,,321577.0
2020-02-18,181.5,182.35,177.3,179.1,,331269.0
2020-02-19,178.11,182.59,178.11,181.16,,285326.0
2020-02-20,180.66,180.81,175.67,177.87,,263929.0
2020-02-21,176.54,176.54,169.65,170.69,,318868.0
2020-02-24,162.81,164.03,160.15,160.3,,543160.0
2020-02-25,162.31,162.64,156.86,159.01,,423290.0
2020-02-26,159.52,163.92,157.18,158.7,,329751.0
2020-02-27,153.84,156.44,150.05,151.94,,364005.0
2020-02-28,145.9,155.2,145.32,153.31,,448171.0
2020-03-02,155.45,159.04,151.1,158.6,,370582.0
2020-03-03,159.64,162.61,153.77,156.76,,429677.0
2020-03-04,159.92,166.02,157.32,165.78,,277505.0
2020-03-05,163.68,171.24,161.15,166.54,,447476.0
2020-03-06,161.48,164.18,155.7,160.48,,391744.0
2020-03-09,146.27,153.71,143.24,143.52,,432372.0
2020-03-10,149.01,158.25,147.5,158.12,,582233.0
2020-03-11,154.49,157.53,147.73,150.56,,475987.0
2020-03-12,140.42,151.54,134.9,141.08,,612635.0
2020-03-13,149.97,165.04,137.65,164.83,,660812.0
2020-03-16,146.41,154.58,131.4,131.4,,703497.0
2020-03-17,134.57,155.41,131.8,153.75,,577123.0
2020-03-18,140.88,149.88,132.06,136.87,,508711.0
2020-03-19,136.79,149.16,133.79,145.38,,504315.0
2020-03-20,146.51,151.61,130.68,130.68,,636865.0
2020-03-23,133.75,137.62,125.75,135.15,,480812.0
2020-03-24,145.64,157.69,141.96,157.03,,485248.0
2020-03-25,156.87,163.67,151.77,152.99,,550923.0
2020-03-26,154.17,168.95,153.83,168.91,,541008.0
2020-03-27,162.45,164.28,155.83,156.27,,471438.0
2020-03-30,158.86,163.34,155.09,160.12,,278983.0
2020-03-31,158.95,164.78,157.17,162.32,,466974.0
2020-04-01,155.63,163.38,150.04,154.53,,454308.0
2020-04-02,153.99,154.66,147.5,152.69,,399823.0
2020-04-03,151.69,153.68,146.39,148.71,,212785.0
2020-04-06,155.7,164.78,155.36,164.78,,391960.0
2020-04-07,164.78,171.2,159.7,161.73,,580393.0
2020-04-08,165.23,171.24,163.61,168.16,,487758.0
2020-04-09,170.36,171.39,159.97,162.78,,416866.0
2020-04-13,162.44,167.78,159.21,166.63,,228599.0
2020-04-14,170.78,179.09,169.01,178.24,,311395.0
2020-04-15,173.48,175.27,171.66,173.03,,346490.0
2020-04-16,175.05,179.27,173.7,178.16,,325033.0
2020-04-17,179.32,183.2,177.09,180.07,,292795.0
2020-04-20,176.85,180.68,175.68,178.58,,191471.0
2020-04-21,175.92,177.63,168.25,171.7,,296699.0
2020-04-22,177.42,181.2,176.65,179.11,,384111.0
2020-04-23,179.16,182.88,175.11,175.71,,285326.0
2020-04-24,177.97,180.75,173.32,180.33,,254497.0
2020-04-27,183.44,188.45,181.78,187.92,,274516.0
2020-04-28,189.99,192.76,185.02,185.44,,390878.0
2020-04-29,192.88,202.4,190.47,197.3,,850313.0
2020-04-30,196.01,197.65,192.22,193.78,,321013.0
2020-05-01,189.4,192.38,181.83,183.2,,457768.0
2020-05-04,180.88,184.64,175.41,183.95,,323992.0
2020-05-05,188.76,194.3,188.05,190.9,,329368.0
2020-05-06,194.46,197.07,190.92,194.59,,303783.0
2020-05-07,197.93,201.6,194.69,196.84,,358500.0
2020-05-08,198.44,205.31,198.39,204.79,,384742.0
2020-05-11,203.3,206.95,201.01,204.04,,587948.0
2020-05-12,204.57,212.84,202.67,203.07,,429569.0
2020-05-13,203.11,204.46,191.0,193.65,,478869.0
2020-05-14,191.99,194.82,186.13,194.79,,379527.0
2020-05-15,189.99,190.81,183.63,187.09,,486315.0
2020-05-18,191.63,200.54,191.44,198.54,,398911.0
2020-05-19,198.03,202.91,195.62,195.62,,309937.0
2020-05-20,199.52,203.29,197.72,203.08,,312882.0
2020-05-21,200.78,203.42,195.37,196.23,,262758.0
2020-05-22,196.87,197.5,192.85,195.98,,263219.0
2020-05-26,201.9,203.32,197.74,198.6,,337607.0
2020-05-27,200.43,204.08,195.81,203.32,,317808.0
2020-05-28,204.39,208.17,197.48,198.86,,297090.0
2020-05-29,201.06,204.47,198.09,203.31,,285980.0
2020-06-01,202.04,208.32,201.46,206.84,,271751.0
2020-06-02,207.08,213.0,204.53,212.74,,267123.0
2020-06-03,214.85,222.27,214.82,220.43,,396773.0
2020-06-04,217.98,222.56,217.98,222.05,,338563.0
2020-06-05,225.4,231.61,225.4,227.94,,564905.0
2020-06-08,229.76,229.76,221.08,222.59,,319398.0
2020-06-09,219.65,221.41,217.29,219.57,,286154.0
2020-06-10,220.73,225.81,220.15,222.8,,250324.0
2020-06-11,216.36,217.04,204.43,204.53,,438450.0
2020-06-12,209.62,212.28,202.14,207.43,,383742.0
2020-06-15,203.39,213.98,202.17,213.08,,413615.0
2020-06-16,218.5,222.44,214.36,216.55,,349633.0
2020-06-17,219.15,220.99,215.74,218.4,,379579.0
2020-06-18,218.77,220.01,216.0,216.16,,232753.0
2020-06-19,219.02,219.05,212.32,215.03,,595006.0
2020-06-22,217.57,219.86,214.03,219.71,,315600.0
2020-06-23,221.95,226.61,218.72,219.49,,296889.0
2020-06-24,218.93,220.37,211.23,213.18,,289028.0
2020-06-25,214.53,221.76,209.3,221.57,,335770.0
2020-06-26,222.37,224.66,215.73,219.31,,657641.0
2020-06-29,218.17,223.63,217.35,223.38,,406442.0
2020-06-30,224.03,230.67,223.43,230.23,,367514.0
2020-07-01,229.46,231.69,225.85,228.82,,519896.0
2020-07-02,230.78,233.49,228.62,230.35,,266384.0
2020-07-06,235.08,236.45,232.95,235.22,,292557.0
2020-07-07,235.5,240.8,234.5,237.03,,306360.0
2020-07-08,239.81,241.68,236.77,240.46,,227501.0
2020-07-09,242.94,244.1,237.19,242.35,,431954.0
2020-07-10,244.27,244.49,238.16,240.83,,219404.0
2020-07-13,244.05,248.38,235.02,235.49,,223612.0
2020-07-14,234.68,242.95,229.98,242.39,,327999.0
2020-07-15,243.12,244.03,234.72,239.67,,290136.0
2020-07-16,238.07,239.98,235.18,238.52,,138266.0
2020-07-17,240.34,244.1,238.58,242.29,,181380.0
2020-07-20,242.22,246.52,241.62,245.34,,243424.0
2020-07-21,246.75,247.69,240.46,241.6,,275164.0
2020-07-22,242.4,244.33,239.01,242.14,,265353.0
2020-07-23,242.79,245.09,236.17,238.19,,347012.0
2020-07-24,236.27,242.51,232.25,238.13,,412928.0
2020-07-27,241.44,247.63,241.36,246.64,,304211.0
2020-07-28,246.3,246.41,240.08,240.41,,294527.0
2020-07-29,245.56,256.74,242.86,256.34,,688260.0
2020-07-30,253.92,264.02,253.92,262.04,,337294.0
2020-07-31,263.86,264.17,253.05,257.44,,352664.0
2020-08-03,261.0,265.13,259.64,260.77,,315694.0
2020-08-04,260.11,267.96,260.11,267.74,,285320.0
2020-08-05,269.19,270.28,263.01,270.1,,367162.0
2020-08-06,269.37,274.53,269.09,274.43,,273362.0
2020-08-07,273.87,275.38,266.13,270.77,,225463.0
2020-08-10,270.16,271.2,263.26,264.36,,301594.0
2020-08-11,261.92,267.52,259.16,262.46,,298121.0
2020-08-12,265.46,272.31,263.73,272.0,,221671.0
2020-08-13,272.0,274.37,269.37,271.14,,189316.0
2020-08-14,272.18,273.77,266.77,267.98,,164321.0
2020-08-17,271.24,274.57,270.38,273.34,,206481.0
2020-08-18,273.34,274.32,267.16,267.53,,253193.0
2020-08-19,268.32,270.9,265.71,266.65,,232429.0
2020-08-20,264.09,267.02,261.61,263.07,,272719.0
2020-08-21,263.07,265.72,260.63,264.96,,157127.0
2020-08-24,267.91,268.06,258.41,260.45,,268739.0
2020-08-25,260.99,264.07,260.99,263.81,,230367.0
2020-08-26,264.33,264.93,259.23,261.85,,225997.0
2020-08-27,262.53,262.53,255.08,256.47,,312135.0
2020-08-28,256.57,262.09,256.57,261.76,,172933.0
2020-08-31,262.01,265.47,258.45,259.5,,322603.0
2020-09-01,260.34,265.04,255.09,264.83,,464202.0
2020-09-02,268.42,276.37,265.24,274.77,,290990.0
2020-09-03,270.4,270.4,253.59,255.57,,382389.0
2020-09-04,255.7,258.05,239.01,248.5,,381550.0
2020-09-08,238.99,245.73,235.03,235.7,,344337.0
2020-09-09,241.03,242.21,237.0,239.51,,444707.0
2020-09-10,241.4,242.72,235.01,236.24,,295645.0
2020-09-11,235.53,238.47,228.89,230.26,,396379.0
2020-09-14,235.84,241.33,235.45,240.53,,253528.0
2020-09-15,249.83,261.44,244.8,251.28,,536267.0
2020-09-16,253.38,254.29,242.17,243.09,,301988.0
2020-09-17,237.06,245.92,237.06,244.91,,258192.0
2020-09-18,246.87,247.94,238.74,246.68,,635839.0
2020-09-21,241.67,249.8,240.79,248.66,,373659.0
2020-09-22,250.62,252.31,244.32,252.07,,407314.0
2020-09-23,251.05,251.36,243.58,244.86,,196060.0
2020-09-24,242.87,253.94,242.87,252.17,,276277.0
2020-09-25,252.16,258.31,247.81,257.6,,242913.0
2020-09-28,264.32,267.47,261.6,267.03,,344633.0
2020-09-29,265.95,271.73,265.95,269.19,,189263.0
2020-09-30,268.07,275.29,268.07,272.11,,263339.0
2020-10-01,273.32,277.68,270.71,272.82,,349042.0
2020-10-02,267.36,270.0,264.44,265.07,,254108.0
2020-10-05,267.47,275.17,266.35,274.92,,372444.0
2020-10-06,274.04,284.27,274.04,278.83,,357329.0
2020-10-07,284.97,290.82,281.72,290.32,,347335.0
2020-10-08,290.98,295.55,289.36,294.87,,204151.0
2020-10-09,297.5,309.44,297.5,307.0,,397471.0
2020-10-12,311.07,314.09,305.76,307.72,,311444.0
2020-10-13,307.4,311.48,306.0,307.02,,265652.0
2020-10-14,307.02,309.32,304.41,305.96,,333458.0
2020-10-15,300.89,314.21,297.89,312.32,,272059.0
2020-10-16,315.45,316.46,305.59,306.76,,259794.0
2020-10-19,309.22,314.09,302.64,304.03,,384739.0
2020-10-20,305.12,309.99,304.72,307.45,,237773.0
2020-10-21,308.72,310.18,302.49,302.83,,255714.0
2020-10-22,303.52,309.73,301.47,306.39,,252279.0
2020-10-23,307.89,313.12,305.73,312.83,,233783.0
2020-10-26,309.37,315.73,302.23,308.45,,241645.0
2020-10-27,310.78,313.05,307.76,311.3,,260624.0
2020-10-28,305.13,310.94,295.41,295.61,,298003.0
2020-10-29,296.53,315.68,296.53,310.09,,450686.0
2020-10-30,299.37,311.7,294.76,311.03,,561866.0
2020-11-02,317.1,318.14,304.65,306.81,,342767.0
2020-11-03,311.22,313.83,304.93,305.96,,391276.0
2020-11-04,310.92,329.83,309.73,326.85,,667263.0
2020-11-05,333.07,347.88,329.18,347.04,,729065.0
2020-11-06,346.74,349.07,337.88,347.6,,285493.0
2020-11-09,347.23,348.68,307.54,308.34,,826736.0
2020-11-10,306.12,311.36,294.38,301.45,,567696.0
2020-11-11,305.12,313.36,304.95,308.93,,599678.0
2020-11-12,310.23,311.01,301.15,302.42,,309575.0
2020-11-13,306.47,309.08,295.11,298.72,,368095.0
2020-11-16,296.68,299.1,288.27,297.79,,489773.0
2020-11-17,297.92,298.43,291.95,294.73,,298368.0
2020-11-18,294.57,298.89,291.79,292.06,,230780.0
2020-11-19,293.03,305.51,292.39,303.94,,416518.0
2020-11-20,304.81,311.62,301.38,307.26,,292092.0
2020-11-23,308.85,313.55,301.5,310.35,,382057.0
2020-11-24,309.88,310.83,293.31,296.52,,763360.0
2020-11-25,301.56,302.47,292.49,298.2,,696082.0
2020-11-27,304.81,320.68,301.56,319.34,,467992.0
2020-11-30,322.0,322.0,300.71,311.38,,2944725.0
2020-12-01,313.55,318.99,309.37,311.22,,391795.0
2020-12-02,310.52,318.17,305.54,312.23,,377485.0
2020-12-03,310.67,318.6,306.57,315.45,,242885.0
2020-12-04,314.73,324.65,311.85,312.76,,664554.0
2020-12-07,312.98,315.89,310.98,313.79,,487371.0
2020-12-08,313.25,316.62,309.43,314.81,,371965.0
2020-12-09,312.83,314.01,297.65,300.33,,467174.0
2020-12-10,299.15,305.06,297.66,299.03,,615693.0
2020-12-11,298.14,305.34,295.46,298.35,,656770.0
2020-12-14,302.62,312.3,302.17,310.89,,685131.0
2020-12-15,313.81,323.66,311.43,322.67,,918734.0
2020-12-16,324.65,325.08,316.35,323.13,,686606.0
2020-12-17,325.47,336.38,325.24,332.31,,431509.0
2020-12-18,335.82,341.75,331.34,338.89,,912232.0
2020-12-21,334.23,340.23,333.88,337.28,,514687.0
2020-12-22,338.15,346.03,337.82,344.56,,570605.0
2020-12-23,346.42,352.17,341.85,344.4,,431151.0
2020-12-24,347.26,348.99,341.95,347.49,,124134.0
2020-12-28,353.05,355.24,346.34,350.79,,272138.0
2020-12-29,351.86,354.75,339.06,342.75,,305684.0
2020-12-30,346.14,353.4,346.14,351.54,,225552.0
2020-12-31,354.13,357.7,349.82,356.9,,277268.0
2021-01-04,362.42,372.06,352.03,355.53,,513953.0
2021-01-05,352.33,361.95,352.33,361.12,,355767.0
2021-01-06,353.95,368.36,347.81,349.47,,632763.0
2021-01-07,356.1,372.49,354.92,371.54,,348091.0
2021-01-08,377.11,382.74,372.79,377.54,,413084.0
2021-01-11,374.64,386.0,372.76,382.46,,527884.0
2021-01-12,387.27,387.27,376.26,381.55,,330862.0
2021-01-13,381.28,386.1,377.93,378.33,,216220.0
2021-01-14,380.0,383.66,375.31,376.36,,278042.0
2021-01-15,376.95,377.22,365.77,369.57,,476986.0
2021-01-19,376.44,385.18,373.51,381.35,,416208.0
2021-01-20,386.24,390.95,384.23,386.32,,282118.0
2021-01-21,390.79,394.01,384.96,392.91,,207997.0
2021-01-22,388.64,395.98,383.56,386.8,,164498.0
2021-01-25,394.99,396.39,373.72,381.35,,195585.0
2021-01-26,381.29,381.74,371.29,373.49,,266060.0
2021-01-27,365.47,367.68,342.06,342.79,,524031.0
2021-01-28,352.04,362.77,345.74,358.61,,373611.0
2021-01-29,367.08,367.08,345.94,346.24,,434968.0
2021-02-01,354.22,359.31,349.6,358.56,,283155.0
2021-02-02,364.94,368.63,358.63,365.03,,286587.0
2021-02-03,365.98,369.83,354.66,356.7,,356084.0
2021-02-04,359.81,363.28,351.48,358.24,,510192.0
2021-02-05,378.22,382.49,347.91,350.35,,775508.0
2021-02-08,354.73,360.95,349.76,359.23,,549910.0
2021-02-09,357.72,373.09,355.71,369.5,,1091691.0
2021-02-10,370.29,373.93,361.13,364.22,,657126.0
2021-02-11,370.16,376.17,361.57,374.87,,10003530.0
2021-02-12,374.7,378.95,367.7,376.09,,421966.0
2021-02-16,377.86,388.73,376.51,378.08,,492485.0
2021-02-17,375.15,375.15,362.38,370.59,,385381.0
2021-02-18,366.17,368.12,358.09,366.31,,316978.0
2021-02-19,370.25,384.45,368.53,383.72,,470634.0
2021-02-22,374.36,379.06,361.21,363.17,,501308.0
2021-02-23,349.95,366.42,342.69,362.19,,531184.0
2021-02-24,360.88,378.53,354.72,377.98,,438931.0
2021-02-25,371.99,376.4,351.49,353.36,,376872.0
2021-02-26,359.03,367.63,354.87,364.98,,446177.0
2021-03-01,371.25,381.79,369.38,379.14,,444933.0
2021-03-02,380.5,380.5,359.88,361.14,,354741.0
2021-03-03,360.86,363.87,345.38,345.77,,367511.0
2021-03-04,341.62,343.17,317.66,319.62,,808781.0
2021-03-05,325.84,329.85,301.25,324.43,,659129.0
2021-03-08,321.64,325.15,293.83,294.36,,723026.0
2021-03-09,306.81,325.51,305.15,315.61,,1054583.0
2021-03-10,322.21,325.84,314.52,315.17,,572216.0
2021-03-11,330.99,335.95,327.6,329.0,,571065.0
2021-03-12,322.16,324.8,316.76,322.57,,426844.0
2021-03-15,324.02,333.56,322.07,332.94,,340655.0
2021-03-16,338.59,342.95,331.7,333.92,,262422.0
2021-03-17,326.93,347.65,322.37,343.23,,694036.0
2021-03-18,336.41,341.53,327.04,327.21,,506710.0
2021-03-19,333.79,340.88,328.26,334.44,,1149931.0
2021-03-22,338.8,346.86,335.01,339.37,,410240.0
2021-03-23,339.47,340.99,325.0,328.12,,446936.0
2021-03-24,330.1,330.32,322.44,322.56,,255013.0
2021-03-25,318.34,324.42,309.86,323.14,,271276.0
2021-03-26,309.26,342.25,309.26,342.03,,386938.0
2021-03-29,341.42,341.9,327.44,331.87,,536930.0
2021-03-30,329.97,336.64,325.99,334.45,,360514.0
2021-03-31,337.24,348.62,337.24,344.82,,428014.0
2021-04-01,350.26,359.29,349.13,358.79,,507567.0
2021-04-05,364.99,369.95,359.11,369.1,,377990.0
2021-04-06,367.65,374.04,363.6,365.64,,486549.0
2021-04-07,362.62,369.68,361.78,364.25,,314882.0
2021-04-08,370.2,374.08,365.3,369.38,,352801.0
2021-04-09,365.63,369.0,359.54,367.91,,293501.0
2021-04-12,366.49,368.53,358.86,365.03,,283114.0
2021-04-13,366.06,370.22,362.48,367.57,,192654.0
2021-04-14,366.09,373.9,360.33,361.13,,251916.0
2021-04-15,365.74,374.52,365.43,372.5,,236953.0
2021-04-16,373.04,377.34,366.46,369.62,,322013.0
2021-04-19,368.07,370.2,354.14,360.82,,238937.0
2021-04-20,361.78,362.57,353.34,355.62,,266552.0
2021-04-21,354.23,368.89,353.52,368.6,,234904.0
2021-04-22,367.89,370.87,360.89,363.34,,237214.0
2021-04-23,370.12,377.93,368.29,371.74,,416201.0
2021-04-26,371.25,381.81,370.33,380.27,,277872.0
2021-04-27,384.54,386.48,374.24,375.85,,195064.0
2021-04-28,373.11,373.11,366.51,368.55,,257617.0
2021-04-29,372.51,375.7,359.41,362.29,,290618.0
2021-04-30,356.64,363.39,350.29,352.79,,327694.0
2021-05-03,353.64,356.71,341.04,341.96,,541358.0
2021-05-04,335.42,337.25,322.43,326.18,,494991.0
2021-05-05,336.8,340.99,328.62,329.79,,510116.0
2021-05-06,325.13,327.39,318.56,325.46,,355805.0
2021-05-07,331.72,336.2,328.16,334.64,,295516.0
2021-05-10,329.15,332.76,312.03,314.21,,486349.0
2021-05-11,306.64,317.5,302.64,312.8,,611384.0
2021-05-12,306.99,309.22,298.26,298.83,,429883.0
2021-05-13,305.17,312.74,296.72,299.05,,518039.0
2021-05-14,303.23,311.89,301.97,309.0,,462196.0
2021-05-17,304.5,307.33,298.52,304.88,,382075.0
2021-05-18,307.79,311.2,301.88,302.05,,326776.0
2021-05-19,295.8,313.55,294.37,312.2,,428194.0
2021-05-20,315.91,326.24,312.41,324.08,,398277.0
2021-05-21,324.76,326.33,314.69,316.73,,425534.0
2021-05-24,318.63,324.11,318.63,322.06,,261292.0
2021-05-25,324.11,326.84,321.52,323.48,,255065.0
2021-05-26,325.75,331.58,323.81,330.97,,420164.0
2021-05-27,328.12,337.97,326.27,334.43,,478973.0
2021-05-28,337.02,338.63,333.84,334.97,,252850.0
2021-06-01,337.24,342.57,331.24,334.3,,278797.0
2021-06-02,334.42,337.45,331.35,335.46,,365055.0
2021-06-03,331.32,333.99,325.52,327.96,,335651.0
2021-06-04,330.94,339.25,330.94,338.78,,267696.0
2021-06-07,334.9,336.66,331.69,334.5,,225716.0
2021-06-08,339.03,339.35,328.04,330.61,,222109.0
2021-06-09,332.85,336.78,329.1,332.42,,184766.0
2021-06-10,333.19,337.32,331.17,335.24,,233527.0
2021-06-11,336.68,339.4,332.83,338.91,,220700.0
2021-06-14,339.91,344.65,337.32,343.43,,254498.0
2021-06-15,341.82,343.7,336.41,337.2,,197400.0
2021-06-16,337.19,340.6,332.38,335.51,,277252.0
2021-06-17,334.75,350.4,334.75,347.62,,367890.0
2021-06-18,344.39,348.64,341.75,345.55,,625887.0
2021-06-21,344.78,346.87,341.13,345.7,,236751.0
2021-06-22,345.31,346.8,341.24,345.31,,213520.0
2021-06-23,345.32,346.59,341.47,341.76,,490750.0
2021-06-24,345.17,351.65,343.94,350.81,,198396.0
2021-06-25,353.55,358.88,350.33,356.99,,518837.0
2021-06-28,358.91,368.63,358.91,365.58,,298777.0
2021-06-29,365.55,370.29,361.5,369.02,,239438.0
2021-06-30,368.75,370.19,363.48,365.16,,234061.0
2021-07-01,367.86,367.86,359.95,361.96,,376552.0
2021-07-02,365.73,368.29,363.47,367.95,,223369.0
2021-07-06,368.07,375.62,366.75,374.94,,541304.0
2021-07-07,378.67,378.67,363.24,368.55,,440322.0
2021-07-08,362.18,365.15,355.38,364.72,,353979.0
2021-07-09,365.65,374.85,361.99,374.1,,272081.0
2021-07-12,377.08,378.73,372.68,378.36,,340331.0
2021-07-13,376.13,380.12,373.46,378.84,,328747.0
2021-07-14,381.65,387.52,372.86,374.37,,572588.0
2021-07-15,374.17,374.25,365.26,371.08,,529489.0
2021-07-16,372.65,375.58,370.23,371.03,,852168.0
2021-07-19,365.97,372.87,361.87,372.28,,383573.0
2021-07-20,374.27,385.59,371.46,383.65,,368474.0
2021-07-21,383.84,396.54,383.68,396.3,,319277.0
2021-07-22,394.87,398.22,390.78,396.0,,311753.0
2021-07-23,398.09,406.61,395.51,405.06,,292430.0
2021-07-26,402.14,408.04,400.33,403.77,,335125.0
2021-07-27,402.25,402.25,386.71,398.21,,515617.0
2021-07-28,400.89,422.42,396.13,421.43,,581713.0
2021-07-29,419.69,431.19,418.47,430.29,,798532.0
2021-07-30,425.94,440.96,424.36,439.28,,462237.0
2021-08-02,441.8,447.44,440.46,444.37,,497865.0
2021-08-03,446.67,449.78,436.96,446.4,,287225.0
2021-08-04,447.68,459.89,447.68,456.07,,231264.0
2021-08-05,456.99,460.28,449.41,453.19,,362376.0
2021-08-06,448.2,452.5,445.41,451.53,,218451.0
2021-08-09,451.53,454.05,444.29,449.56,,203478.0
2021-08-10,452.66,452.66,442.93,448.2,,255587.0
2021-08-11,449.25,450.54,440.82,449.03,,187508.0
2021-08-12,445.95,453.04,440.41,452.07,,270075.0
2021-08-13,450.57,457.69,450.18,454.53,,167439.0
2021-08-16,451.84,454.68,444.06,448.35,,265152.0
2021-08-17,443.76,445.24,433.46,442.62,,332441.0
2021-08-18,442.76,452.68,439.03,447.74,,336384.0
2021-08-19,443.1,461.85,442.46,456.84,,274831.0
2021-08-20,458.82,467.02,457.19,465.59,,356479.0
2021-08-23,467.75,475.86,467.53,474.4,,388287.0
2021-08-24,476.34,480.42,473.76,474.55,,240186.0
2021-08-25,474.34,480.08,466.07,472.54,,353726.0
2021-08-26,471.88,479.89,470.45,476.4,,394743.0
2021-08-27,476.1,485.78,474.16,483.97,,280062.0
2021-08-30,487.39,493.34,481.63,491.77,,233875.0
2021-08-31,492.91,492.91,481.94,483.94,,390184.0
2021-09-01,487.44,490.41,483.19,485.07,,256211.0
2021-09-02,488.8,492.84,485.95,486.95,,297181.0
2021-09-03,486.76,492.59,485.52,490.98,,243976.0
2021-09-07,490.0,494.59,484.67,486.31,,308904.0
2021-09-08,484.46,485.48,478.09,481.13,,279432.0
2021-09-09,481.81,484.27,476.85,477.48,,438512.0
2021-09-10,483.02,493.92,479.3,483.05,,304725.0
2021-09-13,486.09,486.5,471.75,478.51,,300393.0
2021-09-14,480.96,486.09,476.01,484.46,,283848.0
2021-09-15,484.62,486.4,479.05,484.97,,392869.0
2021-09-16,480.17,489.64,479.72,487.75,,411773.0
2021-09-17,485.07,492.28,477.79,486.47,,811319.0
2021-09-20,476.22,479.07,469.51,477.77,,500221.0
2021-09-21,481.28,484.93,474.79,481.73,,328332.0
2021-09-22,484.78,497.19,482.28,496.65,,339279.0
2021-09-23,496.65,510.08,493.01,506.25,,374361.0
2021-09-24,507.08,509.82,500.83,506.42,,201268.0
2021-09-27,501.7,504.67,494.19,497.83,,181003.0
2021-09-28,487.62,489.43,476.64,479.3,,374916.0
2021-09-29,482.17,486.58,472.47,474.43,,340289.0
2021-09-30,481.04,483.7,473.79,474.5,,365516.0
2021-10-01,477.0,479.83,457.87,472.94,,383834.0
2021-10-04,469.92,472.65,451.53,454.27,,397744.0
2021-10-05,458.7,461.1,451.85,459.65,,586694.0
2021-10-06,454.11,459.84,450.58,457.02,,249533.0
2021-10-07,462.94,468.96,461.94,462.28,,221910.0
2021-10-08,463.24,466.06,457.49,458.88,,260178.0
2021-10-11,455.5,463.03,450.52,451.15,,186842.0
2021-10-12,455.1,456.44,449.47,451.99,,243600.0
2021-10-13,457.51,459.61,452.01,456.18,,248681.0
2021-10-14,462.93,470.05,462.93,469.98,,222786.0
2021-10-15,472.91,477.49,470.27,470.94,,231495.0
2021-10-18,469.09,483.08,468.06,480.02,,274719.0
2021-10-19,481.77,486.77,480.47,485.65,,172290.0
2021-10-20,484.6,491.12,484.13,490.45,,212546.0
2021-10-21,490.6,506.91,489.95,506.63,,265527.0
2021-10-22,508.56,515.04,500.08,500.22,,316856.0
2021-10-25,501.87,514.89,498.53,511.83,,227668.0
2021-10-26,512.7,518.36,509.33,512.33,,182080.0
2021-10-27,510.55,521.23,509.56,513.98,,301032.0
2021-10-28,517.82,539.92,510.15,538.17,,432080.0
2021-10-29,501.6,516.08,489.56,514.43,,626754.0
2021-11-01,516.23,523.76,507.76,518.17,,394339.0
2021-11-02,518.16,525.33,510.14,524.72,,317811.0
2021-11-03,527.68,529.88,519.63,527.74,,266246.0
2021-11-04,531.16,536.03,518.4,523.83,,700861.0
2021-11-05,528.66,537.82,523.77,534.81,,373904.0
2021-11-08,539.29,544.99,532.96,536.83,,244923.0
2021-11-09,538.37,543.01,528.69,541.85,,292368.0
2021-11-10,535.87,540.78,521.81,526.31,,209760.0
2021-11-11,532.31,544.13,528.98,542.94,,193281.0
2021-11-12,544.32,551.46,535.19,549.97,,247541.0
2021-11-15,553.14,553.14,544.46,551.14,,197495.0
2021-11-16,549.53,564.59,548.49,563.87,,222643.0
2021-11-17,564.09,564.09,549.38,551.72,,243977.0
2021-11-18,556.51,557.12,545.32,549.17,,223394.0
2021-11-19,548.72,560.89,548.07,558.61,,267902.0
2021-11-22,560.29,567.82,545.59,546.15,,239547.0
2021-11-23,552.18,552.18,527.92,534.38,,303733.0
2021-11-24,527.04,541.31,520.2,540.98,,269775.0
2021-11-26,534.1,544.66,519.6,523.78,,195107.0
2021-11-29,533.37,554.41,530.92,552.47,,293951.0
2021-11-30,550.59,550.68,531.53,541.84,,397415.0
2021-12-01,551.52,561.55,542.37,543.54,,303168.0
2021-12-02,541.16,550.24,535.5,542.82,,264848.0
2021-12-03,547.44,552.98,523.06,533.18,,200911.0
2021-12-06,533.53,533.53,486.98,499.51,,591030.0
2021-12-07,512.35,530.31,511.9,527.47,,392489.0
2021-12-08,524.45,532.77,517.17,527.69,,227043.0
2021-12-09,525.56,536.97,502.49,504.76,,452010.0
2021-12-10,512.04,519.55,488.28,492.84,,505372.0
2021-12-13,497.53,502.33,469.67,469.93,,695535.0
2021-12-14,468.02,472.19,458.38,467.88,,514701.0
2021-12-15,470.31,480.97,456.44,480.1,,525361.0
2021-12-16,481.24,484.91,460.77,465.51,,432949.0
2021-12-17,468.24,480.05,460.92,472.85,,736045.0
2021-12-20,464.39,473.66,461.74,467.45,,398484.0
2021-12-21,474.52,477.7,464.69,475.26,,260297.0
2021-12-22,474.48,483.9,473.4,482.45,,207990.0
2021-12-23,481.67,485.42,481.29,485.19,,236043.0
2021-12-27,489.46,502.7,488.87,500.36,,194531.0
2021-12-28,502.86,502.86,487.1,487.62,,157756.0
2021-12-29,488.35,492.56,485.81,487.86,,147637.0
2021-12-30,490.58,490.99,480.75,481.77,,175077.0
2021-12-31,482.11,488.17,480.89,483.56,,162412.0
2022-01-03,482.05,487.16,476.38,485.05,,300845.0
2022-01-04,489.36,494.18,465.78,481.52,,328437.0
2022-01-05,477.79,479.16,451.29,451.41,,473703.0
2022-01-06,451.31,459.39,440.51,456.39,,387661.0
2022-01-07,455.25,460.51,435.39,435.88,,411206.0
2022-01-10,429.33,441.37,417.74,440.43,,441326.0
2022-01-11,443.48,445.7,429.31,443.55,,444554.0
2022-01-12,448.89,454.54,436.16,440.02,,359606.0
2022-01-13,444.25,446.71,424.44,425.02,,309616.0
2022-01-14,419.57,431.29,418.76,429.5,,462534.0
2022-01-18,420.2,422.37,407.66,408.1,,363680.0
2022-01-19,411.99,419.47,403.06,405.77,,518490.0
2022-01-20,410.86,416.63,396.05,396.16,,454760.0
2022-01-21,391.55,411.21,388.45,389.56,,610480.0
2022-01-24,383.53,394.46,365.51,394.06,,752616.0
2022-01-25,382.05,387.41,365.09,367.45,,583859.0
2022-01-26,378.21,386.93,363.27,370.72,,742018.0
2022-01-27,376.59,379.73,352.55,353.97,,495017.0
2022-01-28,355.66,363.7,344.25,363.54,,623100.0
2022-01-31,368.37,396.18,368.37,394.95,,538047.0
2022-02-01,398.51,401.25,383.62,398.29,,385761.0
2022-02-02,402.86,408.44,400.64,406.29,,498765.0
2022-02-03,390.84,402.2,383.93,385.37,,502486.0
2022-02-04,382.92,396.16,379.27,392.2,,289660.0
2022-02-07,393.19,402.36,384.93,389.09,,317248.0
2022-02-08,389.24,398.82,385.2,397.57,,420941.0
2022-02-09,402.81,416.19,399.78,414.44,,363919.0
2022-02-10,402.94,417.98,396.82,399.22,,534969.0
2022-02-11,431.95,457.92,412.19,415.89,,1541159.0
2022-02-14,412.36,430.47,402.73,424.74,,747206.0
2022-02-15,432.92,472.89,432.92,469.78,,978430.0
2022-02-16,462.44,479.61,453.85,477.91,,507297.0
2022-02-17,466.64,481.08,451.42,452.73,,456998.0
2022-02-18,454.1,457.51,439.67,448.29,,525941.0
2022-02-22,442.69,455.47,435.62,441.2,,282813.0
2022-02-23,446.15,450.42,420.65,422.87,,438516.0
2022-02-24,407.41,446.6,404.26,446.13,,549748.0
2022-02-25,444.27,453.58,436.14,452.3,,351272.0
2022-02-28,448.39,451.42,437.64,449.62,,394267.0
2022-03-01,446.17,451.52,423.61,427.95,,553470.0
2022-03-02,432.51,450.14,432.51,444.47,,375810.0
2022-03-03,446.61,446.61,421.27,421.48,,511450.0
2022-03-04,417.44,419.41,399.28,405.59,,453469.0
2022-03-07,408.26,411.32,373.87,373.94,,696751.0
2022-03-08,377.51,398.81,366.19,386.63,,492565.0
2022-03-09,400.1,414.44,395.75,409.88,,433806.0
2022-03-10,398.15,403.66,391.7,400.96,,260362.0
2022-03-11,410.69,415.12,387.29,387.9,,235280.0
2022-03-14,390.29,397.63,375.67,377.39,,546048.0
2022-03-15,377.66,415.26,376.49,413.47,,804951.0
2022-03-16,420.2,435.28,409.92,431.95,,544845.0
2022-03-17,426.47,444.67,424.07,442.3,,434195.0
2022-03-18,441.27,462.85,434.51,460.57,,1152899.0
2022-03-21,452.67,461.5,443.94,455.23,,525086.0
2022-03-22,457.1,471.55,452.58,460.84,,496422.0
2022-03-23,455.52,474.11,450.25,454.54,,424835.0
2022-03-24,457.77,485.98,455.25,484.82,,499367.0
2022-03-25,483.8,486.68,470.62,481.79,,347056.0
2022-03-28,477.27,489.57,471.48,489.53,,269927.0
2022-03-29,495.22,504.51,487.04,502.07,,395216.0
2022-03-30,500.98,502.63,477.14,479.46,,482347.0
2022-03-31,486.75,489.87,476.01,476.79,,463746.0
2022-04-01,476.37,480.9,447.6,455.12,,635392.0
2022-04-04,458.79,470.63,455.52,465.85,,383318.0
2022-04-05,460.04,462.95,430.13,431.34,,669582.0
2022-04-06,425.04,431.09,413.77,423.36,,716680.0
2022-04-07,421.95,432.75,414.13,428.33,,437231.0
2022-04-08,422.22,422.48,403.13,404.06,,494623.0
2022-04-11,399.54,399.57,385.66,388.86,,552470.0
2022-04-12,399.48,403.17,390.36,393.7,,414396.0
2022-04-13,395.57,415.21,392.98,412.94,,492717.0
2022-04-14,411.59,414.0,401.87,401.89,,390406.0
2022-04-18,400.26,421.59,400.26,418.13,,441560.0
2022-04-19,415.72,430.5,412.27,429.45,,366492.0
2022-04-20,434.83,439.11,421.02,424.28,,245372.0
2022-04-21,429.18,435.88,404.98,407.96,,322803.0
2022-04-22,407.5,411.53,395.83,396.81,,281756.0
2022-04-25,392.68,413.59,390.86,412.48,,405046.0
2022-04-26,403.11,405.44,386.61,387.15,,434817.0
2022-04-27,384.3,397.84,382.47,385.2,,379036.0
2022-04-28,393.64,410.32,383.23,404.94,,592481.0
2022-04-29,396.16,407.33,382.96,385.06,,594963.0
2022-05-02,385.64,408.02,383.24,403.35,,652097.0
2022-05-03,436.86,453.69,418.92,449.11,,1231248.0
2022-05-04,444.87,473.46,428.07,470.42,,655424.0
2022-05-05,462.72,464.32,435.42,443.71,,593121.0
2022-05-06,438.33,446.48,418.29,436.8,,367770.0
2022-05-09,427.04,429.32,395.77,399.3,,600028.0
2022-05-10,412.18,415.0,391.26,405.24,,673602.0
2022-05-11,400.6,414.84,378.65,379.63,,593872.0
2022-05-12,375.53,388.36,369.24,381.31,,666093.0
2022-05-13,393.43,426.68,390.72,423.77,,494350.0
2022-05-16,417.66,424.5,408.42,409.37,,355562.0
2022-05-17,420.44,435.24,420.43,434.99,,524230.0
2022-05-18,426.11,439.29,399.77,403.83,,606050.0
2022-05-19,402.77,422.17,396.3,409.06,,411751.0
2022-05-20,420.81,422.05,388.3,410.47,,567899.0
2022-05-23,406.92,412.31,403.37,411.09,,297481.0
2022-05-24,403.24,403.24,380.27,381.33,,588262.0
2022-05-25,377.49,400.72,377.49,394.26,,370584.0
2022-05-26,393.97,417.46,390.01,413.95,,404953.0
2022-05-27,421.52,450.35,421.52,447.51,,545262.0
2022-05-31,447.22,449.62,432.07,442.15,,685691.0
2022-06-01,447.18,448.64,433.51,440.05,,463036.0
2022-06-02,435.22,464.38,432.78,463.66,,353464.0
2022-06-03,448.04,451.93,441.07,449.09,,485650.0
2022-06-06,461.87,466.31,447.88,457.57,,234532.0
2022-06-07,450.27,467.46,449.95,464.78,,262646.0
2022-06-08,457.25,464.95,443.02,449.52,,313762.0
2022-06-09,444.41,453.85,435.84,435.95,,242938.0
2022-06-10,428.72,431.05,414.84,415.87,,381151.0
2022-06-13,400.39,404.65,381.22,382.51,,651015.0
2022-06-14,389.12,403.71,387.38,399.71,,577923.0
2022-06-15,404.42,418.16,395.71,408.57,,386090.0
2022-06-16,395.65,395.65,374.23,380.04,,550654.0
2022-06-17,381.72,393.66,374.6,391.27,,847365.0
2022-06-21,399.7,409.44,398.41,405.29,,385643.0
2022-06-22,395.11,405.58,392.13,393.13,,427051.0
2022-06-23,397.03,403.1,386.14,392.34,,288982.0
2022-06-24,401.77,413.08,399.3,411.74,,682905.0
2022-06-27,420.56,420.56,404.65,409.23,,418283.0
2022-06-28,410.93,420.75,388.6,389.86,,494250.0
2022-06-29,382.76,387.72,377.34,385.97,,388375.0
2022-06-30,379.56,388.37,369.83,377.73,,545854.0
2022-07-01,373.4,376.27,350.5,358.96,,772909.0
2022-07-05,349.85,363.28,342.3,362.7,,679474.0
2022-07-06,366.08,368.45,358.8,363.04,,382332.0
2022-07-07,372.2,383.9,372.2,380.34,,333368.0
2022-07-08,373.99,389.08,371.99,388.99,,352395.0
2022-07-11,384.22,388.75,380.3,383.25,,350059.0
2022-07-12,386.72,388.46,373.99,379.04,,289971.0
2022-07-13,368.67,384.34,365.89,381.09,,387980.0
2022-07-14,380.68,391.43,373.29,389.48,,300211.0
2022-07-15,397.18,405.75,391.68,403.51,,403777.0
2022-07-18,410.93,417.71,399.64,402.32,,377994.0
2022-07-19,407.67,421.16,407.61,419.24,,435519.0
2022-07-20,418.61,437.93,417.21,434.83,,444802.0
2022-07-21,438.12,450.46,431.23,448.54,,463036.0
2022-07-22,440.35,446.78,424.69,429.27,,450593.0
2022-07-25,424.81,424.81,407.47,423.21,,460724.0
2022-07-26,420.38,421.9,412.72,415.18,,357285.0
2022-07-27,426.0,448.9,424.69,443.6,,514956.0
2022-07-28,445.17,454.21,433.21,452.55,,363629.0
2022-07-29,448.16,461.94,448.16,457.09,,465873.0
2022-08-01,453.81,457.86,440.03,454.71,,801645.0
2022-08-02,486.23,503.59,473.67,497.41,,1288582.0
2022-08-03,502.67,520.4,491.03,517.48,,720664.0
2022-08-04,513.8,529.15,512.83,522.24,,591816.0
2022-08-05,516.17,527.14,513.5,523.59,,428377.0
2022-08-08,521.91,527.74,513.35,526.73,,587598.0
2022-08-09,513.84,515.12,494.43,502.67,,860248.0
2022-08-10,518.63,525.36,504.09,523.27,,559741.0
2022-08-11,526.39,532.5,508.76,509.46,,419409.0
2022-08-12,512.87,522.26,510.05,519.08,,444052.0
2022-08-15,518.83,529.86,514.73,528.06,,331848.0
2022-08-16,525.39,529.15,513.74,522.68,,350479.0
2022-08-17,515.54,518.84,502.53,511.95,,424285.0
2022-08-18,516.37,525.99,512.5,518.58,,361316.0
2022-08-19,510.32,512.23,501.72,503.25,,309704.0
2022-08-22,491.79,496.57,482.31,483.57,,439812.0
2022-08-23,487.36,494.1,483.79,489.34,,246105.0
2022-08-24,492.32,492.32,484.29,488.95,,262222.0
2022-08-25,489.82,506.19,489.82,505.98,,552589.0
2022-08-26,501.06,504.58,467.89,468.79,,709184.0
2022-08-29,464.14,469.01,452.77,454.18,,520847.0
2022-08-30,460.29,462.35,446.17,455.56,,547931.0
2022-08-31,456.0,460.5,439.46,445.74,,545102.0
2022-09-01,432.77,434.51,396.78,418.48,,1403160.0
2022-09-02,425.09,428.93,412.36,417.45,,705594.0
2022-09-06,417.74,419.9,409.07,412.01,,405866.0
2022-09-07,415.81,424.4,408.72,420.17,,386884.0
2022-09-08,414.05,431.57,410.78,431.57,,433671.0
2022-09-09,437.18,446.84,437.18,439.86,,473664.0
2022-09-12,441.63,444.42,432.14,439.58,,322671.0
2022-09-13,419.89,426.7,414.0,415.39,,616304.0
2022-09-14,423.75,424.72,412.02,422.65,,502140.0
2022-09-15,419.65,424.32,409.61,412.0,,504365.0
2022-09-16,409.96,412.5,400.4,411.1,,804355.0
2022-09-19,403.65,415.37,403.27,410.8,,515025.0
2022-09-20,406.48,409.47,402.31,404.09,,360861.0
2022-09-21,405.87,415.22,397.01,397.23,,541394.0
2022-09-22,394.65,396.54,374.15,375.44,,872521.0
2022-09-23,370.38,372.4,354.63,365.14,,1465552.0
2022-09-26,364.68,372.58,358.25,361.32,,887723.0
2022-09-27,374.96,374.96,358.31,366.54,,831538.0
2022-09-28,362.57,375.6,360.55,373.1,,527878.0
2022-09-29,367.6,367.6,355.08,360.14,,882502.0
2022-09-30,356.96,371.35,354.92,358.17,,1287958.0
2022-10-03,361.27,375.15,357.46,371.57,,1026296.0
2022-10-04,383.39,391.86,383.22,388.33,,640438.0
2022-10-05,380.15,398.39,375.47,394.08,,680313.0
2022-10-06,391.75,404.87,387.44,389.66,,530919.0
2022-10-07,378.36,378.36,352.56,357.38,,1384682.0
2022-10-10,354.94,356.76,334.32,339.38,,1190129.0
2022-10-11,332.7,335.05,318.71,323.29,,1588585.0
2022-10-12,323.1,324.9,315.94,318.33,,756295.0
2022-10-13,304.29,338.35,297.34,327.18,,1406537.0
2022-10-14,333.37,333.37,304.15,304.75,,901880.0
2022-10-17,313.38,317.36,309.4,311.62,,763803.0
2022-10-18,324.6,329.51,306.44,311.05,,638298.0
2022-10-19,306.55,318.09,303.44,310.3,,576163.0
2022-10-20,310.37,321.06,308.92,312.87,,536190.0
2022-10-21,310.64,329.27,309.26,328.04,,798071.0
2022-10-24,327.42,330.66,316.52,326.22,,649593.0
2022-10-25,328.58,339.75,328.23,337.23,,798224.0
2022-10-26,328.67,342.18,324.27,328.53,,851465.0
2022-10-27,334.9,339.19,319.07,324.73,,1160267.0
2022-10-28,320.58,343.69,315.4,341.8,,2143857.0
2022-10-31,336.22,339.67,328.32,334.56,,1048630.0
2022-11-01,344.62,348.71,338.52,343.85,,1177466.0
2022-11-02,342.44,350.4,329.53,329.72,,996148.0
2022-11-03,324.2,336.75,323.47,329.39,,780405.0
2022-11-04,339.03,348.08,334.37,346.67,,896488.0
2022-11-07,350.24,351.15,340.47,347.88,,690325.0
2022-11-08,354.73,358.53,344.63,351.02,,587592.0
2022-11-09,343.8,347.7,337.42,338.89,,675537.0
2022-11-10,358.77,383.25,358.58,381.3,,900578.0
2022-11-11,381.31,396.74,376.51,387.7,,751729.0
2022-11-14,383.38,390.5,380.62,382.38,,619183.0
2022-11-15,399.6,403.83,394.69,399.2,,611199.0
2022-11-16,390.92,393.59,368.35,369.97,,734092.0
2022-11-17,358.56,374.12,356.0,370.62,,500869.0
2022-11-18,378.63,378.77,366.77,371.88,,364932.0
2022-11-21,364.73,370.9,362.84,362.98,,413316.0
2022-11-22,366.72,368.89,360.84,368.63,,460684.0
2022-11-23,365.77,376.94,365.47,370.28,,359501.0
2022-11-25,365.09,367.17,363.83,363.96,,213418.0
2022-11-28,357.14,362.33,348.02,350.37,,574428.0
2022-11-29,353.13,354.61,346.76,349.84,,396209.0
2022-11-30,351.6,377.45,345.83,376.46,,781021.0
2022-12-01,375.52,379.42,364.62,376.57,,669059.0
2022-12-02,366.09,380.61,363.61,377.69,,585784.0
2022-12-05,373.11,378.07,366.29,369.66,,471387.0
2022-12-06,368.81,369.51,354.81,358.62,,546520.0
2022-12-07,354.85,363.69,353.47,362.47,,369692.0
2022-12-08,364.96,383.31,359.89,379.8,,622416.0
2022-12-09,374.53,385.87,372.64,380.54,,673628.0
2022-12-12,380.29,387.57,377.27,387.37,,534758.0
2022-12-13,406.93,410.15,384.35,395.74,,736386.0
2022-12-14,395.73,400.63,384.81,389.69,,596175.0
2022-12-15,378.23,378.95,367.64,367.92,,662811.0
2022-12-16,366.6,370.31,355.51,361.74,,1631273.0
2022-12-19,362.2,362.2,343.45,353.84,,730201.0
2022-12-20,347.25,358.24,347.25,352.72,,370227.0
2022-12-21,356.28,364.21,354.43,361.71,,454891.0
2022-12-22,352.19,355.05,334.56,342.59,,982798.0
2022-12-23,338.77,345.84,332.35,345.56,,421314.0
2022-12-27,343.19,347.89,333.22,337.35,,441436.0
2022-12-28,334.78,343.45,331.78,335.38,,343625.0
2022-12-29,343.34,351.48,341.7,349.07,,506605.0
2022-12-30,341.75,349.72,339.62,349.26,,346220.0
2023-01-03,355.22,356.58,335.1,338.73,,588651.0
2023-01-04,344.39,356.65,344.23,353.42,,591837.0
2023-01-05,347.84,353.03,342.07,342.79,,627070.0
2023-01-06,346.64,366.06,341.44,362.93,,549913.0
2023-01-09,372.36,386.68,367.89,378.74,,615047.0
2023-01-10,378.7,386.6,376.64,383.39,,391783.0
2023-01-11,385.56,393.0,383.74,392.48,,486309.0
2023-01-12,393.1,399.55,382.35,394.72,,457586.0
2023-01-13,387.91,393.83,386.52,393.55,,208956.0
2023-01-17,391.05,398.8,391.05,396.73,,478474.0
2023-01-18,400.79,404.53,392.33,392.95,,307491.0
2023-01-19,386.77,388.4,374.43,378.57,,650543.0
2023-01-20,385.57,393.04,378.56,392.88,,358878.0
2023-01-23,399.02,424.31,394.15,423.23,,792509.0
2023-01-24,420.68,429.45,410.4,413.97,,445814.0
2023-01-25,402.77,420.95,397.19,419.46,,350830.0
2023-01-26,426.15,431.05,415.59,427.43,,295811.0
2023-01-27,423.36,427.45,416.93,419.84,,484221.0
2023-01-30,411.32,413.14,401.15,402.6,,635018.0
2023-01-31,402.77,421.54,400.7,421.31,,466563.0
2023-02-01,421.3,459.0,421.19,452.13,,1083162.0
2023-02-02,455.71,473.68,455.71,468.12,,608464.0
2023-02-03,454.72,467.48,448.02,450.68,,693489.0
2023-02-06,441.34,457.49,439.53,444.14,,473168.0
2023-02-07,446.09,465.24,443.94,461.86,,598564.0
2023-02-08,454.34,465.64,451.77,457.3,,727105.0
2023-02-09,483.65,523.43,483.65,504.15,,1784961.0
2023-02-10,502.34,502.51,482.91,485.96,,580316.0
2023-02-13,486.69,497.18,480.07,495.25,,621032.0
2023-02-14,487.41,516.42,485.1,514.15,,661053.0
2023-02-15,509.77,524.12,507.74,523.56,,453912.0
2023-02-16,511.93,518.41,504.21,507.05,,484226.0
2023-02-17,505.82,507.72,492.37,495.91,,488928.0
2023-02-21,486.38,494.86,474.15,475.99,,645660.0
2023-02-22,479.03,483.34,468.89,476.77,,383802.0
2023-02-23,496.7,499.93,471.92,488.81,,661158.0
2023-02-24,479.99,482.92,473.97,477.11,,372491.0
2023-02-27,483.54,485.98,479.02,480.27,,342821.0
2023-02-28,477.3,487.84,475.4,478.33,,379315.0
2023-03-01,480.44,487.81,476.73,480.54,,281531.0
2023-03-02,473.13,489.49,466.67,487.66,,262432.0
2023-03-03,488.5,502.09,486.73,499.8,,326782.0
2023-03-06,501.66,509.54,489.49,491.09,,347613.0
2023-03-07,489.87,497.1,484.35,486.73,,205238.0
2023-03-08,489.29,500.98,487.73,498.56,,303748.0
2023-03-09,498.98,510.33,485.87,486.6,,472295.0
2023-03-10,491.39,491.39,469.86,473.05,,360587.0
2023-03-13,463.74,488.25,458.18,480.31,,588355.0
2023-03-14,491.81,497.3,478.12,487.64,,624885.0
2023-03-15,480.0,484.14,460.18,470.74,,620280.0
2023-03-16,472.07,494.82,465.51,491.84,,706479.0
2023-03-17,494.57,497.62,478.16,482.3,,688887.0
2023-03-20,483.82,491.94,476.33,488.25,,379293.0
2023-03-21,495.06,499.4,486.38,492.3,,495928.0
2023-03-22,493.57,504.42,482.7,483.78,,647144.0
2023-03-23,494.35,511.45,490.86,504.21,,466267.0
2023-03-24,499.31,500.01,473.2,479.42,,661506.0
2023-03-27,484.55,485.74,469.47,476.89,,369692.0
2023-03-28,476.16,479.29,456.92,469.19,,562834.0
2023-03-29,479.61,489.53,473.61,484.87,,386493.0
2023-03-30,493.9,499.36,485.87,492.65,,393807.0
2023-03-31,489.38,497.63,487.12,495.37,,464131.0
2023-04-03,491.34,495.63,477.53,487.88,,342838.0
2023-04-04,488.48,491.6,473.76,478.02,,296201.0
2023-04-05,473.8,474.29,461.78,468.43,,547537.0
2023-04-06,461.71,472.82,455.79,468.72,,299029.0
2023-04-10,462.81,484.03,461.49,483.71,,404445.0
2023-04-11,486.92,489.52,477.43,479.63,,315798.0
2023-04-12,487.61,488.25,460.55,461.08,,373276.0
2023-04-13,461.35,472.94,458.35,471.92,,338183.0
2023-04-14,471.41,480.96,466.17,472.34,,190575.0
2023-04-17,465.98,477.66,465.98,477.38,,301571.0
2023-04-18,483.23,484.94,467.04,470.71,,349790.0
2023-04-19,466.05,466.05,457.05,458.71,,290884.0
2023-04-20,450.33,468.78,449.7,461.6,,294766.0
2023-04-21,458.51,460.28,452.6,458.22,,221807.0
2023-04-24,460.95,470.08,459.49,468.05,,389392.0
2023-04-25,461.32,465.59,445.63,446.16,,430751.0
2023-04-26,451.78,457.58,444.33,449.35,,486937.0
2023-04-27,447.73,447.73,428.94,443.98,,567981.0
2023-04-28,445.29,459.14,443.54,457.2,,419039.0
2023-05-01,456.85,468.92,456.85,466.87,,432860.0
2023-05-02,467.57,477.19,457.79,463.3,,501887.0
2023-05-03,462.56,471.63,453.1,461.3,,489222.0
2023-05-04,454.84,460.06,450.05,454.19,,741387.0
2023-05-05,400.87,414.63,379.23,407.02,,2187522.0
2023-05-08,401.89,419.15,401.89,414.3,,744981.0
2023-05-09,405.55,408.96,393.9,397.23,,743983.0
2023-05-10,403.08,414.62,403.08,411.68,,782422.0
2023-05-11,410.19,411.7,392.23,394.49,,597529.0
2023-05-12,396.6,399.44,389.04,395.07,,373605.0
2023-05-15,395.43,409.07,392.8,408.3,,416518.0
2023-05-16,405.42,410.16,397.91,398.38,,350587.0
2023-05-17,401.6,416.47,395.35,411.42,,637996.0
2023-05-18,415.76,427.53,411.44,427.01,,1017642.0
2023-05-19,426.94,430.59,422.84,427.56,,532352.0
2023-05-22,424.05,445.8,424.05,443.77,,554086.0
2023-05-23,437.38,439.11,417.69,419.32,,566449.0
2023-05-24,407.54,413.06,402.46,411.44,,571391.0
2023-05-25,449.43,489.89,442.38,483.28,,2121616.0
2023-05-26,490.46,526.51,485.18,515.54,,2053776.0
2023-05-30,534.74,547.92,507.04,509.65,,1179664.0
2023-05-31,499.65,508.62,483.35,484.85,,897782.0
2023-06-01,489.89,499.17,482.62,494.13,,734167.0
2023-06-02,500.37,500.37,473.19,492.11,,778259.0
2023-06-05,490.13,491.14,472.43,482.12,,637973.0
2023-06-06,481.37,502.4,478.49,492.27,,486927.0
2023-06-07,496.42,506.09,485.32,489.47,,455986.0
2023-06-08,493.25,496.08,484.56,492.56,,389060.0
2023-06-09,501.28,507.25,490.79,496.69,,536428.0
2023-06-12,501.52,523.15,501.46,520.79,,612197.0
2023-06-13,535.19,542.92,525.53,530.16,,669610.0
2023-06-14,522.98,532.82,514.74,531.66,,493045.0
2023-06-15,523.54,528.0,513.21,513.92,,729067.0
2023-06-16,524.43,524.43,510.85,512.26,,1110480.0
2023-06-20,505.49,513.53,501.38,504.96,,494907.0
2023-06-21,500.95,509.26,498.35,499.86,,381789.0
2023-06-22,495.38,511.05,494.75,506.95,,289303.0
2023-06-23,495.63,502.75,495.33,500.77,,568574.0
2023-06-26,503.89,514.74,503.89,505.63,,364648.0
2023-06-27,504.4,527.6,504.12,527.31,,466422.0
2023-06-28,516.76,533.01,514.74,521.82,,541128.0
2023-06-29,527.74,532.22,519.77,531.26,,399063.0
2023-06-30,537.02,543.06,528.66,535.65,,434317.0
2023-07-03,540.61,543.02,527.56,537.97,,256706.0
2023-07-05,530.72,533.48,518.11,518.82,,539368.0
2023-07-06,505.04,511.07,498.49,510.13,,506186.0
2023-07-07,510.49,520.45,507.66,509.54,,350271.0
2023-07-10,515.01,534.92,515.01,529.8,,552061.0
2023-07-11,537.17,538.9,526.85,537.93,,420963.0
2023-07-12,546.08,558.17,544.03,556.28,,658494.0
2023-07-13,562.58,576.63,560.24,571.73,,619746.0
2023-07-14,568.55,576.15,556.83,560.22,,335504.0
2023-07-17,563.18,590.93,561.77,583.73,,402469.0
2023-07-18,579.08,586.31,572.6,583.12,,405870.0
2023-07-19,579.42,584.45,566.29,569.64,,508154.0
2023-07-20,540.38,545.32,520.48,524.56,,1144037.0
2023-07-21,530.64,534.43,523.64,529.14,,592799.0
2023-07-24,525.86,531.41,516.71,528.7,,385246.0
2023-07-25,534.38,553.8,534.31,546.85,,536643.0
2023-07-26,537.99,537.99,510.74,524.32,,1070997.0
2023-07-27,544.61,550.41,525.5,532.63,,787894.0
2023-07-28,549.69,550.32,536.83,540.92,,550399.0
2023-07-31,542.09,559.02,541.55,554.74,,799158.0
2023-08-01,507.67,550.46,495.76,545.62,,1557181.0
2023-08-02,534.25,541.89,518.31,525.93,,717111.0
2023-08-03,520.75,531.77,514.63,528.16,,455597.0
2023-08-04,522.04,538.9,514.31,532.49,,517838.0
2023-08-07,538.13,538.13,524.63,537.13,,338179.0
2023-08-08,525.8,526.98,516.07,525.21,,342965.0
2023-08-09,523.41,524.48,511.19,516.62,,451736.0
2023-08-10,523.46,529.11,509.18,514.08,,413647.0
2023-08-11,504.2,512.04,497.73,497.91,,468743.0
2023-08-14,493.63,520.54,492.72,520.21,,451980.0
2023-08-15,513.47,518.23,507.33,514.49,,505704.0
2023-08-16,512.32,512.32,488.3,489.72,,543180.0
2023-08-17,491.15,491.15,479.77,481.23,,522946.0
2023-08-18,473.45,481.63,471.04,478.2,,501189.0
2023-08-21,479.68,497.31,478.76,494.66,,505335.0
2023-08-22,504.99,509.05,489.08,496.38,,455106.0
2023-08-23,491.95,521.51,487.99,515.04,,737528.0
2023-08-24,522.51,525.53,482.58,483.87,,908932.0
2023-08-25,483.87,487.78,470.45,484.93,,692223.0
2023-08-28,492.34,494.85,482.41,489.68,,421652.0
2023-08-29,484.66,510.58,484.28,508.47,,496189.0
2023-08-30,504.93,514.84,502.82,510.77,,256289.0
2023-08-31,508.97,521.75,508.97,516.79,,422979.0
2023-09-01,521.07,524.07,514.21,520.47,,252226.0
2023-09-05,519.64,530.7,515.93,524.24,,331532.0
2023-09-06,521.54,531.84,512.14,518.74,,344125.0
2023-09-07,503.53,504.75,489.91,501.85,,487176.0
2023-09-08,501.96,504.67,494.4,496.62,,369294.0
2023-09-11,505.14,505.14,474.25,482.04,,554654.0
2023-09-12,476.81,485.84,469.23,469.92,,516202.0
2023-09-13,467.7,476.87,464.6,466.37,,594471.0
2023-09-14,472.34,477.68,464.03,475.11,,500190.0
2023-09-15,472.45,472.45,458.52,460.29,,992776.0
2023-09-18,456.1,468.48,455.56,459.26,,532985.0
2023-09-19,459.0,459.24,450.31,453.9,,448305.0
2023-09-20,458.06,463.37,448.81,449.02,,394876.0
2023-09-21,444.6,449.41,435.86,436.65,,597881.0
2023-09-22,442.02,448.47,438.13,445.48,,428382.0
2023-09-25,444.3,451.64,441.05,449.31,,328568.0
2023-09-26,444.8,450.09,438.29,440.77,,405295.0
2023-09-27,447.4,449.72,435.02,437.44,,711429.0
2023-09-28,437.97,456.04,434.71,449.08,,553514.0
2023-09-29,457.16,463.48,456.7,459.1,,519767.0
2023-10-02,458.47,461.94,449.61,456.45,,283665.0
2023-10-03,452.16,462.05,443.18,446.11,,367125.0
2023-10-04,449.68,456.27,445.29,454.3,,550194.0
2023-10-05,451.94,454.64,439.45,448.92,,454401.0
2023-10-06,443.97,473.97,443.97,470.7,,598169.0
2023-10-09,465.21,474.99,460.09,473.03,,364535.0
2023-10-10,476.45,492.93,475.56,486.92,,440725.0
2023-10-11,487.31,499.95,487.31,498.88,,463842.0
2023-10-12,501.4,509.87,487.42,489.94,,469341.0
2023-10-13,492.76,493.08,470.67,472.76,,356758.0
2023-10-16,472.89,483.72,472.89,480.08,,407735.0
2023-10-17,467.95,480.48,464.32,473.56,,311992.0
2023-10-18,463.65,470.92,457.25,458.16,,547472.0
2023-10-19,457.97,459.8,428.82,431.02,,961281.0
2023-10-20,429.64,437.76,416.06,417.4,,645984.0
2023-10-23,413.46,419.8,405.61,410.89,,624172.0
2023-10-24,414.77,421.77,409.17,415.37,,585006.0
2023-10-25,408.69,408.69,392.75,397.22,,628664.0
2023-10-26,398.69,411.53,396.36,401.52,,590604.0
2023-10-27,403.77,407.98,397.02,403.38,,521779.0
2023-10-30,397.49,407.69,389.63,401.46,,1174357.0
2023-10-31,422.92,442.22,406.48,438.96,,1734384.0
2023-11-01,437.26,455.47,429.92,453.69,,1024806.0
2023-11-02,464.85,474.99,456.8,468.75,,970583.0
2023-11-03,478.19,499.28,477.25,489.83,,842568.0
2023-11-06,489.82,492.83,483.59,490.44,,522145.0
2023-11-07,489.92,496.11,486.51,489.46,,360281.0
2023-11-08,487.31,495.3,482.06,489.84,,371811.0
2023-11-09,496.98,503.81,477.41,479.03,,553486.0
2023-11-10,488.53,504.0,482.33,501.41,,478300.0
2023-11-13,500.69,508.76,497.39,503.93,,469222.0
2023-11-14,520.35,535.61,520.35,532.1,,702425.0
2023-11-15,538.19,552.93,535.2,544.16,,742024.0
2023-11-16,538.07,541.69,529.51,533.6,,585099.0
2023-11-17,534.8,540.08,532.0,536.62,,304328.0
2023-11-20,536.6,549.69,536.4,547.73,,354504.0
2023-11-21,541.59,542.56,532.02,534.71,,394756.0
2023-11-22,540.15,550.69,539.84,542.64,,288689.0
2023-11-24,540.95,546.57,540.95,545.99,,134834.0
2023-11-27,542.64,550.52,536.31,543.08,,195382.0
2023-11-28,540.14,548.5,534.62,540.02,,247807.0
2023-11-29,549.9,557.12,546.9,548.99,,392449.0
2023-11-30,551.36,551.36,539.62,545.27,,489083.0
2023-12-01,543.97,556.82,539.32,556.09,,359483.0
2023-12-04,548.83,557.01,542.49,556.02,,399737.0
2023-12-05,549.68,556.53,545.93,549.91,,259494.0
2023-12-06,561.4,568.31,549.79,550.76,,265696.0
2023-12-07,554.47,567.55,553.13,564.93,,303306.0
2023-12-08,562.6,577.04,562.6,572.11,,297759.0
2023-12-11,575.54,589.86,574.32,588.68,,427094.0
2023-12-12,589.27,595.22,583.86,592.07,,339945.0
2023-12-13,592.25,613.23,590.33,604.89,,463140.0
2023-12-14,611.43,635.75,610.89,633.38,,920415.0
2023-12-15,630.36,643.05,626.8,629.33,,857189.0
2023-12-18,630.94,634.62,618.5,630.34,,320649.0
2023-12-19,635.02,639.72,626.41,631.27,,293119.0
2023-12-20,628.4,631.48,606.14,607.19,,584591.0
2023-12-21,621.16,623.01,611.18,617.82,,799508.0
2023-12-22,619.92,621.44,609.5,613.76,,484480.0
2023-12-26,622.23,637.75,622.23,633.03,,462969.0
2023-12-27,634.51,638.22,627.33,632.56,,508556.0
2023-12-28,634.37,634.69,628.07,629.24,,251764.0
2023-12-29,628.79,632.62,617.92,627.81,,276933.0
2024-01-02,617.57,617.57,593.93,601.15,,611515.0
2024-01-03,588.03,592.17,573.67,575.57,,613637.0
2024-01-04,558.63,572.58,558.43,568.37,,858409.0
2024-01-05,567.23,578.68,565.4,571.28,,418633.0
2024-01-08,576.26,590.66,574.1,587.92,,456635.0
2024-01-09,575.87,598.85,575.87,590.95,,261352.0
2024-01-10,591.33,595.18,579.59,586.41,,401710.0
2024-01-11,586.41,592.55,574.21,585.66,,366416.0
2024-01-12,586.08,587.21,573.19,576.03,,280661.0
2024-01-16,570.51,594.12,567.31,593.6,,577364.0
2024-01-17,585.39,589.1,574.18,581.59,,399465.0
2024-01-18,595.85,609.65,593.25,608.02,,696834.0
2024-01-19,618.07,629.93,609.59,628.35,,674090.0
2024-01-22,633.21,644.57,621.89,634.75,,390678.0
2024-01-23,637.53,640.78,626.09,638.97,,277704.0
2024-01-24,640.38,644.94,619.82,629.02,,527512.0
2024-01-25,638.58,639.88,610.05,612.78,,519929.0
2024-01-26,606.21,607.12,595.99,598.31,,375970.0
2024-01-29,604.45,617.05,596.35,616.86,,462494.0
2024-01-30,616.64,622.98,603.82,610.53,,307179.0
2024-01-31,602.15,614.76,596.81,599.88,,439240.0
2024-02-01,604.14,614.26,591.56,611.23,,429424.0
2024-02-02,611.82,634.59,608.99,632.86,,481088.0
2024-02-05,637.98,649.78,629.33,643.16,,516925.0
2024-02-06,647.56,647.56,620.02,630.0,,556362.0
2024-02-07,638.45,652.79,627.22,642.37,,860542.0
2024-02-08,676.79,756.42,676.27,733.59,,1658669.0
2024-02-09,743.48,757.91,733.74,748.76,,661925.0
2024-02-12,748.84,754.69,724.61,726.43,,645473.0
2024-02-13,699.69,720.94,686.85,708.76,,759669.0
2024-02-14,720.79,742.73,715.24,741.67,,602834.0
2024-02-15,745.08,746.45,720.59,730.86,,600155.0
2024-02-16,732.19,744.65,717.47,727.06,,372971.0
2024-02-20,716.6,716.6,695.15,708.96,,466707.0
2024-02-21,693.32,710.68,692.49,710.55,,477376.0
2024-02-22,742.71,746.46,734.34,737.8,,660174.0
2024-02-23,733.09,738.22,709.61,717.73,,564252.0
2024-02-26,726.01,728.63,720.21,721.47,,302248.0
2024-02-27,722.14,725.08,703.82,705.95,,301907.0
2024-02-28,698.69,711.07,696.88,707.22,,266722.0
2024-02-29,703.01,719.18,692.85,716.64,,859426.0
2024-03-01,723.52,748.44,713.21,740.24,,634182.0
2024-03-04,740.24,745.98,722.67,732.21,,801991.0
2024-03-05,718.95,730.89,703.84,714.26,,480831.0
2024-03-06,720.41,740.07,720.41,727.92,,473583.0
2024-03-07,739.78,773.34,739.78,763.98,,770488.0
2024-03-08,766.79,774.48,728.22,728.76,,537901.0
2024-03-11,717.51,724.54,708.64,715.78,,494781.0
2024-03-12,723.75,735.65,712.78,733.08,,413005.0
2024-03-13,720.02,734.44,702.25,704.84,,489323.0
2024-03-14,705.16,714.81,682.67,689.73,,505505.0
2024-03-15,682.83,695.97,678.83,683.75,,960941.0
2024-03-18,696.69,701.68,668.69,671.12,,624407.0
2024-03-19,659.87,666.01,637.59,647.21,,955649.0
2024-03-20,650.84,665.63,643.43,663.86,,581618.0
2024-03-21,680.28,685.79,665.98,672.06,,635430.0
2024-03-22,664.82,676.19,659.93,669.14,,490313.0
2024-03-25,659.82,668.97,656.1,666.21,,299468.0
2024-03-26,674.31,675.0,662.46,663.35,,375507.0
2024-03-27,668.29,674.68,655.53,671.21,,503208.0
2024-03-28,673.03,681.8,669.8,675.48,,353649.0
2024-04-01,675.48,686.19,663.06,666.56,,427890.0
2024-04-02,656.23,656.5,642.89,647.11,,559008.0
2024-04-03,642.05,659.19,641.9,647.98,,429731.0
2024-04-04,658.09,665.07,638.57,641.3,,619515.0
2024-04-05,641.81,657.17,641.81,652.43,,367745.0
2024-04-08,666.84,688.9,666.84,679.37,,543971.0
2024-04-09,689.24,698.84,670.57,680.19,,370386.0
2024-04-10,661.0,677.32,655.45,664.58,,417525.0
2024-04-11,669.96,683.18,663.71,682.38,,301517.0
2024-04-12,663.97,670.77,656.3,656.34,,422513.0
2024-04-15,669.34,671.09,638.6,644.78,,485905.0
2024-04-16,643.15,657.41,642.16,653.65,,380616.0
2024-04-17,654.04,661.53,631.78,635.89,,530152.0
2024-04-18,630.28,632.35,616.06,618.53,,652911.0
2024-04-19,617.38,617.38,585.85,589.82,,733982.0
2024-04-22,595.06,601.54,583.27,598.91,,467878.0
2024-04-23,601.91,616.04,599.61,609.62,,508611.0
2024-04-24,634.69,653.35,626.46,640.37,,768947.0
2024-04-25,636.5,665.15,634.58,658.45,,435526.0
2024-04-26,660.5,678.99,659.42,675.29,,402846.0
2024-04-29,673.06,687.11,670.54,677.75,,428267.0
2024-04-30,678.38,688.07,667.16,667.41,,503011.0
2024-05-01,657.01,684.79,645.64,650.72,,906854.0
2024-05-02,679.15,719.13,669.42,710.85,,1200604.0
2024-05-03,724.91,725.86,699.2,705.19,,585707.0
2024-05-06,717.06,731.21,711.95,730.95,,399908.0
2024-05-07,722.92,722.92,699.99,700.21,,625818.0
2024-05-08,688.02,713.08,685.59,711.32,,337053.0
2024-05-09,711.38,712.45,704.62,705.99,,352476.0
2024-05-10,717.26,717.26,695.86,700.53,,432029.0
2024-05-13,708.0,708.01,695.58,701.03,,346484.0
2024-05-14,700.73,714.65,700.73,711.66,,320673.0
2024-05-15,723.2,740.36,715.24,739.21,,589839.0
2024-05-16,736.22,738.82,725.81,726.01,,398557.0
2024-05-17,732.97,736.7,719.76,727.96,,258860.0
2024-05-20,723.38,759.68,723.38,753.71,,419499.0
2024-05-21,738.17,757.81,737.92,754.57,,322340.0
2024-05-22,762.81,771.66,749.44,758.44,,432778.0
2024-05-23,773.79,773.79,734.28,744.25,,767326.0
2024-05-24,752.84,756.68,744.81,751.22,,287864.0
2024-05-28,758.84,763.58,747.26,757.4,,465439.0
2024-05-29,742.81,754.96,742.79,744.26,,478598.0
2024-05-30,747.95,751.67,738.31,741.77,,441628.0
2024-05-31,741.4,752.45,704.91,733.52,,762337.0
2024-06-03,744.21,744.38,706.99,729.69,,344982.0
2024-06-04,730.51,733.09,717.93,724.48,,256080.0
2024-06-05,739.14,756.3,730.88,755.44,,498074.0
2024-06-06,755.0,760.56,743.17,756.43,,463617.0
2024-06-07,746.46,758.06,741.43,749.48,,324683.0
2024-06-10,742.89,781.4,742.89,777.34,,466286.0
2024-06-11,776.17,785.27,767.96,781.73,,299051.0
2024-06-12,794.12,820.12,787.62,813.29,,630116.0
2024-06-13,806.0,819.64,794.01,814.66,,529065.0
2024-06-14,804.35,810.95,794.39,804.26,,299808.0
2024-06-17,808.16,827.93,796.02,825.02,,445214.0
2024-06-18,822.21,853.84,818.69,850.12,,531295.0
2024-06-20,843.57,846.02,817.28,822.96,,672996.0
2024-06-21,821.04,826.31,804.56,823.8,,994612.0
2024-06-24,817.49,832.23,792.75,795.85,,752010.0
2024-06-25,808.13,821.38,797.35,817.52,,483693.0
2024-06-26,814.21,823.47,801.6,814.11,,295611.0
2024-06-27,808.29,818.61,805.18,808.38,,361093.0
2024-06-28,819.35,836.21,812.54,820.57,,721768.0
2024-07-01,806.79,821.22,793.04,818.29,,548872.0
2024-07-02,817.87,833.87,814.62,827.63,,257107.0
2024-07-03,832.51,847.09,826.8,838.09,,312516.0
2024-07-05,846.22,846.22,828.31,840.51,,181657.0
2024-07-08,842.77,852.12,838.25,850.67,,313568.0
2024-07-09,863.42,867.8,836.83,845.06,,259766.0
2024-07-10,851.07,861.67,843.11,859.65,,439086.0
2024-07-11,875.47,875.47,828.91,829.83,,629286.0
2024-07-12,831.96,874.65,814.96,854.51,,513200.0
2024-07-15,860.28,882.36,855.21,869.73,,335863.0
2024-07-16,878.53,890.47,863.5,888.28,,314438.0
2024-07-17,860.22,860.22,814.26,816.28,,1156208.0
2024-07-18,838.02,848.49,811.4,842.33,,704140.0
2024-07-19,851.32,851.32,804.05,807.74,,624447.0
2024-07-22,828.83,858.79,814.82,856.24,,625670.0
2024-07-23,838.8,853.85,838.8,845.27,,310788.0
2024-07-24,831.71,838.1,785.03,786.82,,788117.0
2024-07-25,786.83,824.31,760.32,788.83,,876508.0
2024-07-26,811.1,831.03,803.39,820.67,,627371.0
2024-07-29,837.59,848.02,820.99,826.14,,429634.0
2024-07-30,830.76,834.8,778.95,780.79,,678004.0
2024-07-31,823.45,862.25,816.13,861.92,,861031.0
2024-08-01,841.11,860.27,777.27,783.89,,1133049.0
2024-08-02,787.49,835.65,768.68,794.69,,1366777.0
2024-08-05,747.27,792.33,728.6,769.4,,843413.0
2024-08-06,783.7,812.84,766.09,789.09,,532557.0
2024-08-07,817.41,827.35,750.77,756.02,,689665.0
2024-08-08,777.34,845.17,764.1,842.38,,860890.0
2024-08-09,837.1,841.49,808.45,821.89,,441711.0
2024-08-12,822.66,838.71,815.76,822.84,,318671.0
2024-08-13,838.98,869.83,838.98,866.64,,525515.0
2024-08-14,864.13,876.41,842.4,861.46,,416158.0
2024-08-15,887.68,924.64,876.1,919.45,,816334.0
2024-08-16,901.15,922.89,898.94,913.42,,448552.0
2024-08-19,907.61,917.96,894.19,915.97,,359314.0
2024-08-20,911.83,927.12,900.99,903.47,,398240.0
2024-08-21,923.5,950.72,914.31,945.88,,505970.0
2024-08-22,947.35,955.34,901.04,907.3,,565745.0
2024-08-23,925.14,940.53,913.26,935.03,,413510.0
2024-08-26,924.27,927.96,908.98,911.02,,499044.0
2024-08-27,902.42,950.23,893.79,944.18,,482989.0
2024-08-28,942.24,953.86,913.35,928.05,,462155.0
2024-08-29,935.56,958.34,919.66,929.35,,449294.0
2024-08-30,946.87,950.88,911.93,933.42,,520123.0
2024-09-03,918.49,921.9,832.13,837.5,,960911.0
2024-09-04,829.37,866.23,825.32,849.36,,444364.0
2024-09-05,834.57,857.22,826.41,840.35,,493609.0
2024-09-06,840.35,842.15,794.88,805.22,,804027.0
2024-09-09,818.57,837.26,817.76,834.88,,630005.0
2024-09-10,832.57,847.77,813.1,846.56,,388570.0
2024-09-11,850.07,895.86,827.68,893.95,,770100.0
2024-09-12,884.72,904.06,875.98,894.7,,411517.0
2024-09-13,905.19,917.58,899.54,912.87,,311022.0
2024-09-16,894.44,899.15,874.83,884.03,,482994.0
2024-09-17,892.01,902.59,862.83,866.14,,546130.0
2024-09-18,875.31,889.27,855.32,859.5,,446974.0
2024-09-19,894.27,920.38,884.6,909.89,,733673.0
2024-09-20,898.13,900.47,869.7,890.12,,1267746.0
2024-09-23,896.22,898.9,885.36,892.08,,300764.0
2024-09-24,905.98,915.82,891.91,909.77,,275270.0
2024-09-25,901.13,922.24,900.88,913.5,,312346.0
2024-09-26,938.73,949.01,903.52,943.11,,545064.0
2024-09-27,948.52,948.52,919.4,923.74,,571733.0
2024-09-30,919.94,930.1,907.95,924.5,,392142.0
2024-10-01,921.34,926.48,885.09,891.81,,589058.0
2024-10-02,901.78,930.37,887.29,918.9,,362504.0
2024-10-03,905.39,934.19,905.39,922.75,,347412.0
2024-10-04,949.42,950.99,926.7,935.61,,435617.0
2024-10-07,922.72,937.9,919.24,930.24,,322117.0
2024-10-08,930.0,932.0,912.36,923.14,,446207.0
2024-10-09,919.42,947.03,915.32,936.01,,434155.0
2024-10-10,918.51,932.23,916.75,930.07,,231810.0
2024-10-11,923.08,953.71,918.1,938.47,,283992.0
2024-10-14,947.12,954.0,935.01,943.21,,422048.0
2024-10-15,938.32,943.48,888.29,894.69,,854276.0
2024-10-16,915.0,915.0,893.0,904.94,,520393.0
2024-10-17,938.37,943.12,917.16,918.13,,482489.0
2024-10-18,937.79,937.85,910.2,916.29,,260734.0
2024-10-21,908.0,910.5,858.98,883.26,,735771.0
2024-10-22,878.46,882.53,869.95,876.81,,391014.0
2024-10-23,871.81,894.99,866.68,883.64,,440084.0
2024-10-24,890.66,903.0,890.46,900.03,,400637.0
2024-10-25,904.6,925.27,901.21,901.29,,566768.0
2024-10-28,901.29,911.38,885.92,890.46,,631222.0
2024-10-29,894.9,937.18,891.19,933.23,,693083.0
2024-10-30,912.71,931.65,909.56,919.81,,977583.0
2024-10-31,826.32,829.5,733.88,759.3,,3055268.0
2024-11-01,766.22,788.73,755.74,759.37,,1018146.0
2024-11-04,758.81,784.76,746.59,766.57,,959158.0
2024-11-05,769.16,775.85,750.95,762.97,,626756.0
2024-11-06,773.97,786.51,762.77,785.29,,820536.0
2024-11-07,793.64,796.58,762.66,775.21,,948036.0
2024-11-08,765.06,781.02,749.85,761.3,,822322.0
2024-11-11,629.3,650.93,572.0,647.31,,4011034.0
2024-11-12,665.0,689.77,631.5,644.1,,2652222.0
2024-11-13,633.0,640.79,599.05,601.47,,1607940.0
2024-11-14,603.05,604.66,572.04,576.79,,2087979.0
2024-11-15,565.57,590.49,561.79,573.38,,1622831.0
2024-11-18,573.4,588.91,561.58,587.84,,1203507.0
2024-11-19,588.0,593.91,576.37,585.87,,998722.0
2024-11-20,581.3,587.0,546.71,560.06,,1662794.0
2024-11-21,570.07,574.01,551.78,572.47,,1021937.0
2024-11-22,566.25,591.6,565.7,580.81,,1031892.0
2024-11-25,592.16,610.83,587.69,600.86,,1268151.0
2024-11-26,598.77,602.3,568.1,572.08,,1287366.0
2024-11-27,575.83,575.83,548.25,560.24,,1237978.0
2024-11-29,568.0,575.16,563.01,567.64,,595268.0
2024-12-02,567.05,588.94,566.01,580.35,,808873.0
2024-12-03,570.74,585.78,570.74,582.85,,609357.0
2024-12-04,589.15,592.8,579.99,581.63,,698452.0
2024-12-05,587.33,587.33,566.61,572.32,,696553.0
2024-12-06,578.22,593.31,576.0,589.68,,734466.0
2024-12-09,591.85,613.3,591.0,609.67,,1015409.0
2024-12-10,610.88,614.41,591.14,595.32,,941742.0
2024-12-11,613.63,628.76,604.34,623.82,,948285.0
2024-12-12,611.31,623.8,593.1,605.45,,862132.0
2024-12-13,621.0,625.35,602.07,608.44,,897035.0
2024-12-16,607.0,637.71,599.89,628.62,,1143023.0
2024-12-17,622.09,640.07,622.08,628.22,,796432.0
2024-12-18,632.0,644.81,593.11,598.07,,958400.0
2024-12-19,611.77,613.0,586.62,589.15,,782737.0
2024-12-20,586.92,603.19,582.29,593.22,,2364939.0
2024-12-23,591.73,618.85,590.48,617.28,,687937.0
2024-12-24,616.87,623.06,613.03,619.58,,252533.0
2024-12-26,613.56,625.31,613.56,619.83,,320339.0
2024-12-27,616.62,621.93,604.14,612.7,,354794.0
2024-12-30,606.93,609.07,593.85,603.65,,689191.0
