time,open,high,low,close,Volume,volume
2013-06-19,13.53,14.39,13.46,13.99,,31981500.0
2013-06-20,14.5,14.5,13.51,13.55,,9274200.0
2013-06-21,13.91,13.99,13.64,13.83,,8323500.0
2013-06-24,13.85,14.03,13.46,13.75,,4279700.0
2013-06-25,13.77,13.94,13.6,13.92,,3577300.0
2013-06-26,13.9,13.9,13.44,13.64,,14755100.0
2013-06-27,13.59,14.06,13.15,13.73,,12121700.0
2013-06-28,13.73,13.97,13.51,13.51,,16988100.0
2013-07-01,13.81,13.81,13.06,13.1,,25839400.0
2013-07-02,13.01,13.39,13.01,13.29,,30520100.0
2013-07-03,13.24,13.37,13.05,13.17,,8542600.0
2013-07-05,13.24,14.13,13.19,13.87,,12427000.0
2013-07-08,13.84,14.21,13.72,14.13,,15345100.0
2013-07-09,13.99,14.14,13.73,13.91,,9936400.0
2013-07-10,13.73,13.79,13.41,13.63,,16327000.0
2013-07-11,13.82,13.82,13.25,13.4,,17029600.0
2013-07-12,13.35,13.39,13.2,13.22,,10426300.0
2013-07-15,13.22,13.31,12.75,12.99,,20636400.0
2013-07-16,12.9,13.59,12.9,13.53,,9328500.0
2013-07-17,13.6,14.14,13.54,14.07,,13411100.0
2013-07-18,14.12,14.26,13.58,13.7,,10825700.0
2013-07-19,13.6,14.24,13.52,14.14,,11658700.0
2013-07-22,14.25,14.28,13.83,13.93,,6141600.0
2013-07-23,13.9,14.05,13.76,13.86,,9298400.0
2013-07-24,13.86,14.07,13.66,13.91,,6205200.0
2013-07-25,13.87,14.06,13.68,13.79,,7069700.0
2013-07-26,13.76,14.14,13.56,14.07,,5884800.0
2013-07-29,14.06,14.06,13.64,13.74,,9020200.0
2013-07-30,13.82,14.13,13.69,14.13,,12798200.0
2013-07-31,14.17,14.36,14.02,14.11,,7681500.0
2013-08-01,14.12,14.42,14.12,14.36,,10303300.0
2013-08-02,14.3,14.59,14.28,14.47,,8258600.0
2013-08-05,14.46,14.46,14.07,14.17,,8754100.0
2013-08-06,14.16,14.39,14.01,14.33,,6232000.0
2013-08-07,14.3,14.3,14.04,14.13,,4755000.0
2013-08-08,14.23,14.45,14.09,14.29,,7110400.0
2013-08-09,14.25,14.31,14.14,14.15,,4293800.0
2013-08-12,14.06,14.22,13.94,14.1,,4882400.0
2013-08-13,14.09,14.13,13.99,14.02,,3615400.0
2013-08-14,14.02,14.18,13.87,14.08,,3940500.0
2013-08-15,13.99,14.34,13.91,14.26,,5160000.0
2013-08-16,14.21,14.39,14.14,14.15,,6373200.0
2013-08-19,14.22,14.22,13.9,13.91,,6123600.0
2013-08-20,14.02,14.02,13.75,13.91,,4265600.0
2013-08-21,13.83,13.98,13.72,13.96,,5040000.0
2013-08-22,13.96,14.02,13.84,13.91,,3731700.0
2013-08-23,13.91,13.99,13.79,13.95,,3981300.0
2013-08-26,13.99,14.08,13.91,14.05,,4125000.0
2013-08-27,13.95,14.17,13.9,13.93,,9059500.0
2013-08-28,13.96,14.0,13.89,13.96,,11099300.0
2013-08-29,13.93,14.07,13.85,13.97,,2795500.0
2013-08-30,13.95,13.98,13.81,13.91,,5386300.0
2013-09-03,14.07,14.2,13.9,13.98,,3783600.0
2013-09-04,13.99,14.24,13.96,14.2,,4992000.0
2013-09-05,14.14,14.41,14.06,14.38,,3521200.0
2013-09-06,14.45,14.47,14.24,14.34,,3358700.0
2013-09-09,14.31,14.47,14.31,14.47,,3668900.0
2013-09-10,14.51,14.68,14.39,14.66,,4292100.0
2013-09-11,14.75,15.11,14.61,15.1,,7562700.0
2013-09-12,15.16,15.29,15.0,15.15,,4836500.0
2013-09-13,15.11,15.13,14.85,14.96,,2717700.0
2013-09-16,15.16,15.23,14.86,15.02,,5758300.0
2013-09-17,15.08,15.21,14.96,15.05,,2538500.0
2013-09-18,15.05,15.22,14.91,15.1,,3862600.0
2013-09-19,15.15,15.15,14.76,14.94,,3286100.0
2013-09-20,14.99,15.06,14.59,14.73,,4594000.0
2013-09-23,14.72,14.74,14.5,14.64,,2360000.0
2013-09-24,14.64,15.23,14.62,15.09,,5611800.0
2013-09-25,15.08,15.09,14.77,14.88,,4389700.0
2013-09-26,14.85,14.94,14.26,14.43,,12737900.0
2013-09-27,14.26,14.39,14.16,14.32,,7098300.0
2013-09-30,14.35,14.4,14.09,14.22,,6237900.0
2013-10-01,14.22,14.3,13.99,14.09,,8815300.0
2013-10-02,14.04,14.41,13.91,14.3,,17758200.0
2013-10-03,14.3,14.39,13.99,14.06,,17833500.0
2013-10-04,14.03,14.18,13.99,14.03,,13660000.0
2013-10-07,13.91,14.15,13.9,14.09,,8663200.0
2013-10-08,13.74,14.15,13.74,13.99,,4825300.0
2013-10-09,13.99,14.13,13.95,14.06,,4210300.0
2013-10-10,14.15,14.39,14.12,14.37,,5506700.0
2013-10-11,14.31,14.7,14.3,14.53,,5085700.0
2013-10-14,14.45,14.72,14.37,14.67,,3606300.0
2013-10-15,14.58,14.76,14.54,14.68,,4406800.0
2013-10-16,14.81,14.87,14.67,14.86,,4511900.0
2013-10-17,14.74,14.89,14.72,14.88,,3972000.0
2013-10-18,14.92,14.97,14.84,14.92,,5809100.0
2013-10-21,14.93,15.03,14.87,14.92,,3107000.0
2013-10-22,14.96,15.11,14.87,15.06,,7274300.0
2013-10-23,14.88,15.27,14.88,15.15,,5145800.0
2013-10-24,15.12,15.41,15.07,15.31,,4734900.0
2013-10-25,15.54,15.54,15.14,15.19,,6197900.0
2013-10-28,15.16,15.34,15.08,15.31,,4131800.0
2013-10-29,15.32,15.51,15.27,15.46,,6582700.0
2013-10-30,15.46,15.51,15.33,15.37,,8031100.0
2013-10-31,15.38,15.74,15.36,15.58,,4697900.0
2013-11-01,15.61,15.77,15.46,15.73,,3714000.0
2013-11-04,15.7,15.82,15.65,15.73,,2870800.0
2013-11-05,15.56,15.81,15.48,15.66,,3820200.0
2013-11-06,15.7,15.78,15.37,15.42,,3922700.0
2013-11-07,15.51,15.61,15.28,15.29,,3888200.0
2013-11-08,15.33,15.61,15.21,15.59,,1787500.0
2013-11-11,15.59,15.63,15.37,15.43,,5387300.0
2013-11-12,14.92,15.33,14.81,15.19,,12944400.0
2013-11-13,15.07,15.31,15.01,15.25,,3673400.0
2013-11-14,15.27,15.39,15.22,15.28,,2920600.0
2013-11-15,15.34,15.77,15.34,15.73,,4606300.0
2013-11-18,15.74,15.78,15.38,15.43,,4431400.0
2013-11-19,15.44,15.64,15.39,15.48,,2961800.0
2013-11-20,15.53,15.76,15.46,15.65,,6256400.0
2013-11-21,15.69,15.72,15.53,15.55,,4075000.0
2013-11-22,15.6,15.67,15.5,15.54,,3624500.0
2013-11-25,15.61,15.65,15.38,15.48,,3397600.0
2013-11-26,15.44,15.69,15.38,15.67,,5585700.0
2013-11-27,15.64,15.89,15.51,15.82,,5083300.0
2013-11-29,15.81,15.92,15.8,15.91,,1506100.0
2013-12-02,15.87,15.92,15.59,15.63,,4610200.0
2013-12-03,15.61,15.61,15.41,15.5,,3120100.0
2013-12-04,15.45,15.61,15.39,15.57,,2676000.0
2013-12-05,14.65,15.54,14.65,15.46,,2562600.0
2013-12-06,15.64,15.82,15.52,15.75,,4483700.0
2013-12-09,15.84,15.85,15.46,15.52,,4088800.0
2013-12-10,15.49,15.69,15.45,15.62,,2618000.0
2013-12-11,15.63,15.71,15.48,15.59,,3255300.0
2013-12-12,15.62,15.64,15.49,15.49,,4073000.0
2013-12-13,15.49,15.68,15.34,15.64,,4320800.0
2013-12-16,15.74,15.77,15.57,15.74,,1885100.0
2013-12-17,15.56,15.56,15.21,15.37,,4023000.0
2013-12-18,15.32,15.53,15.12,15.5,,2539200.0
2013-12-19,15.42,15.47,15.31,15.38,,2475900.0
2013-12-20,15.44,15.92,15.33,15.72,,7055200.0
2013-12-23,15.88,15.92,15.7,15.85,,1974600.0
2013-12-24,15.91,15.95,15.75,15.85,,683100.0
2013-12-26,15.93,16.0,15.63,15.74,,2259900.0
2013-12-27,15.71,15.78,15.55,15.7,,2691300.0
2013-12-30,15.75,15.88,15.68,15.86,,1918400.0
2013-12-31,15.92,16.02,15.8,15.96,,2612000.0
2014-01-02,15.99,16.09,15.78,15.9,,3673400.0
2014-01-03,15.88,15.95,15.75,15.78,,2016600.0
2014-01-06,15.84,15.91,15.48,15.57,,3388300.0
2014-01-07,15.63,15.63,15.35,15.41,,3266000.0
2014-01-08,15.37,15.41,15.19,15.31,,4109600.0
2014-01-09,15.39,15.48,15.3,15.36,,2852700.0
2014-01-10,15.42,15.52,15.3,15.41,,2063700.0
2014-01-13,15.42,15.45,15.12,15.19,,2655600.0
2014-01-14,15.23,15.37,15.17,15.32,,1935000.0
2014-01-15,15.27,15.35,15.15,15.24,,2209400.0
2014-01-16,15.23,15.29,15.1,15.13,,2833400.0
2014-01-17,15.14,15.22,15.0,15.13,,2102700.0
2014-01-21,15.19,15.19,14.78,14.84,,4664700.0
2014-01-22,14.84,15.05,14.67,14.75,,3109900.0
2014-01-23,14.61,14.68,14.49,14.64,,3085400.0
2014-01-24,14.41,14.46,14.18,14.32,,6995600.0
2014-01-27,14.39,14.67,14.34,14.52,,6241000.0
2014-01-28,14.51,14.58,14.37,14.38,,4468400.0
2014-01-29,14.25,14.42,14.18,14.37,,5574400.0
2014-01-30,14.42,14.43,14.31,14.35,,9436500.0
2014-01-31,14.3,14.38,14.13,14.14,,3040200.0
2014-02-03,14.17,14.22,13.71,13.75,,4729900.0
2014-02-04,13.77,13.92,13.68,13.75,,8117500.0
2014-02-05,13.78,14.08,13.77,13.83,,5805700.0
2014-02-06,13.85,14.27,13.83,14.19,,4984700.0
2014-02-07,15.48,15.94,15.12,15.42,,13191600.0
2014-02-10,15.08,15.58,15.03,15.51,,6085100.0
2014-02-11,15.53,15.94,15.42,15.88,,6908500.0
2014-02-12,15.88,15.99,15.59,15.63,,3310200.0
2014-02-13,15.54,15.78,15.42,15.64,,2168600.0
2014-02-14,15.61,15.8,15.53,15.66,,1827600.0
2014-02-18,15.69,15.78,15.55,15.72,,2359300.0
2014-02-19,15.68,15.82,15.55,15.58,,2217500.0
2014-02-20,15.59,15.62,15.33,15.5,,2549700.0
2014-02-21,15.46,15.73,15.45,15.66,,3193600.0
2014-02-24,15.72,15.99,15.71,15.89,,2473300.0
2014-02-25,15.88,16.04,15.85,15.91,,2396900.0
2014-02-26,15.9,16.07,15.79,15.97,,2275700.0
2014-02-27,15.9,16.0,15.82,15.96,,2363300.0
2014-02-28,16.0,16.3,15.87,16.23,,2515100.0
2014-03-03,16.11,16.24,15.9,16.05,,3592200.0
2014-03-04,16.12,16.31,16.08,16.3,,3160600.0
2014-03-05,16.32,16.41,16.06,16.21,,2321700.0
2014-03-06,16.23,16.32,16.11,16.19,,1897600.0
2014-03-07,16.21,16.26,15.8,15.86,,2501200.0
2014-03-10,15.91,15.94,15.69,15.73,,1937800.0
2014-03-11,15.73,15.77,15.52,15.69,,1971000.0
2014-03-12,15.68,15.84,15.41,15.79,,2782300.0
2014-03-13,15.78,15.86,15.33,15.36,,2515200.0
2014-03-14,15.38,15.62,15.28,15.44,,2372300.0
2014-03-17,15.54,15.77,15.31,15.4,,1707100.0
2014-03-18,15.43,15.71,15.39,15.69,,3081100.0
2014-03-19,15.65,15.77,15.46,15.54,,2405600.0
2014-03-20,15.46,15.56,15.34,15.51,,1290800.0
2014-03-21,15.7,15.7,15.35,15.57,,4658500.0
2014-03-24,15.59,15.65,15.4,15.47,,2295500.0
2014-03-25,15.56,15.58,15.3,15.38,,2258900.0
2014-03-26,15.38,15.43,15.07,15.08,,3216400.0
2014-03-27,15.14,15.26,15.05,15.07,,4109800.0
2014-03-28,15.07,15.3,15.06,15.08,,2012300.0
2014-03-31,15.19,15.27,15.05,15.25,,2399300.0
2014-04-01,15.36,15.5,15.23,15.45,,3302700.0
2014-04-02,15.41,15.52,15.3,15.45,,2373600.0
2014-04-03,15.47,15.52,15.14,15.15,,3712800.0
2014-04-04,15.26,15.53,15.15,15.16,,2828900.0
2014-04-07,15.15,15.39,15.06,15.13,,3028700.0
2014-04-08,15.22,15.24,14.99,15.1,,2520200.0
2014-04-09,15.11,15.25,15.02,15.23,,1704500.0
2014-04-10,15.26,15.34,14.91,14.91,,2395300.0
2014-04-11,14.86,15.2,14.59,14.65,,3203000.0
2014-04-14,14.76,14.89,14.61,14.85,,2453400.0
2014-04-15,14.86,15.01,14.45,14.73,,2191900.0
2014-04-16,14.81,14.97,14.57,14.87,,1600400.0
2014-04-17,14.81,15.07,14.81,14.95,,1113000.0
2014-04-21,14.94,15.09,14.66,15.01,,1777300.0
2014-04-22,15.0,15.1,14.82,15.07,,1297400.0
2014-04-23,15.08,15.26,14.99,15.26,,1563300.0
2014-04-24,15.31,15.45,15.07,15.3,,1958100.0
2014-04-25,15.29,15.29,15.13,15.17,,1166800.0
2014-04-28,15.21,15.25,14.9,15.17,,1787100.0
2014-04-29,15.28,15.43,15.15,15.24,,2230200.0
2014-04-30,15.23,15.23,14.86,15.07,,2780900.0
2014-05-01,15.24,15.4,15.11,15.32,,2417900.0
2014-05-02,15.26,15.45,15.07,15.33,,2118000.0
2014-05-05,15.29,15.44,15.18,15.41,,1564200.0
2014-05-06,15.34,15.36,15.17,15.18,,1908900.0
2014-05-07,15.18,15.23,14.99,15.13,,2508800.0
2014-05-08,15.14,15.21,14.95,15.15,,3885700.0
2014-05-09,15.51,15.96,15.3,15.94,,4623900.0
2014-05-12,15.99,16.1,15.73,15.81,,2926300.0
2014-05-13,15.8,15.89,15.63,15.69,,2205200.0
2014-05-14,15.71,15.76,15.21,15.22,,3964200.0
2014-05-15,15.22,15.26,14.94,14.94,,2974000.0
2014-05-16,14.96,15.15,14.76,15.1,,2826600.0
2014-05-19,15.04,15.2,14.99,15.08,,1613300.0
2014-05-20,15.04,15.06,14.76,14.84,,3511200.0
2014-05-21,14.87,15.09,14.85,14.98,,3463200.0
2014-05-22,15.04,15.25,14.91,15.21,,2657700.0
2014-05-23,15.2,15.25,15.06,15.14,,3382000.0
2014-05-27,15.17,15.31,15.11,15.25,,1829500.0
2014-05-28,15.22,15.27,14.86,15.15,,2019800.0
2014-05-29,15.14,15.21,15.03,15.16,,2734800.0
2014-05-30,15.14,15.22,15.07,15.11,,2971600.0
2014-06-02,15.15,15.35,15.08,15.29,,2176800.0
2014-06-03,15.17,15.48,15.17,15.38,,1993700.0
2014-06-04,15.32,15.59,15.3,15.47,,1802300.0
2014-06-05,15.53,15.71,15.35,15.69,,1616400.0
2014-06-06,15.69,15.87,15.59,15.67,,2294000.0
2014-06-09,15.62,15.89,15.59,15.64,,1958600.0
2014-06-10,15.64,15.72,15.48,15.6,,1789300.0
2014-06-11,15.61,15.66,15.51,15.61,,1201800.0
2014-06-12,15.55,15.55,15.32,15.32,,7379600.0
2014-06-13,15.39,15.59,15.18,15.26,,2298500.0
2014-06-16,15.18,15.26,14.99,15.16,,2710500.0
2014-06-17,15.11,15.3,15.07,15.28,,1869200.0
2014-06-18,15.28,15.57,15.22,15.57,,3342300.0
2014-06-19,15.52,15.66,15.26,15.65,,3407300.0
2014-06-20,15.73,15.77,15.36,15.61,,4562300.0
2014-06-23,15.67,15.69,15.3,15.38,,3982900.0
2014-06-24,15.39,15.62,15.22,15.49,,3323100.0
2014-06-25,15.42,15.75,15.29,15.69,,3172600.0
2014-06-26,15.77,15.97,15.54,15.96,,6005500.0
2014-06-27,15.85,16.01,15.77,15.92,,17508800.0
2014-06-30,15.92,16.05,15.74,15.89,,3933100.0
2014-07-01,15.96,16.1,14.8,16.03,,2928000.0
2014-07-02,15.97,16.21,15.92,16.17,,2973400.0
2014-07-03,16.18,16.24,16.1,16.19,,1421400.0
2014-07-07,16.15,16.16,16.02,16.05,,1954000.0
2014-07-08,16.09,16.21,15.93,16.07,,3532700.0
2014-07-09,16.15,16.27,16.04,16.14,,4516800.0
2014-07-10,16.03,16.06,15.87,15.93,,4187700.0
2014-07-11,15.94,16.1,15.91,16.02,,2522200.0
2014-07-14,16.11,16.15,15.96,16.1,,2144900.0
2014-07-15,16.1,16.29,16.06,16.18,,4050100.0
2014-07-16,16.17,16.31,16.09,16.15,,2717000.0
2014-07-17,16.12,16.15,15.98,15.99,,2809400.0
2014-07-18,16.05,16.19,15.94,16.14,,1713400.0
2014-07-21,16.01,16.2,15.94,16.06,,1932900.0
2014-07-22,16.15,16.18,15.97,16.03,,1590100.0
2014-07-23,15.98,16.06,15.87,16.04,,2878800.0
2014-07-24,16.11,16.22,16.02,16.2,,2703200.0
2014-07-25,16.16,16.2,16.05,16.07,,3757200.0
2014-07-28,16.03,16.04,15.85,16.0,,2637800.0
2014-07-29,16.04,16.12,15.81,15.83,,3143200.0
2014-07-30,15.85,15.97,15.69,15.81,,3688900.0
2014-07-31,15.74,15.88,15.61,15.63,,2700700.0
2014-08-01,15.61,15.81,15.57,15.74,,2618600.0
2014-08-04,15.77,15.84,15.6,15.8,,2317200.0
2014-08-05,15.46,15.77,15.46,15.63,,2887400.0
2014-08-06,15.59,15.69,15.5,15.61,,2169500.0
2014-08-07,15.69,15.69,15.38,15.43,,6681600.0
2014-08-08,14.58,15.3,14.46,15.19,,13430800.0
2014-08-11,15.21,15.46,15.2,15.36,,5998300.0
2014-08-12,15.38,15.5,15.25,15.27,,5013200.0
2014-08-13,14.61,15.35,14.54,15.15,,4534300.0
2014-08-14,15.21,15.34,15.17,15.33,,1905800.0
2014-08-15,15.38,15.39,15.19,15.28,,2948800.0
2014-08-18,15.3,15.42,15.19,15.23,,4254500.0
2014-08-19,15.2,15.27,15.12,15.19,,3164400.0
2014-08-20,15.18,15.5,15.13,15.46,,2803400.0
2014-08-21,15.47,15.59,15.4,15.57,,3522400.0
2014-08-22,15.59,15.59,15.4,15.49,,2242800.0
2014-08-25,15.54,15.64,15.47,15.64,,1954000.0
2014-08-26,15.69,15.69,15.58,15.61,,1349400.0
2014-08-27,15.6,15.66,15.53,15.65,,1802300.0
2014-08-28,15.63,15.72,15.51,15.65,,2239400.0
2014-08-29,15.66,15.69,15.53,15.61,,2377200.0
2014-09-02,15.63,15.71,15.43,15.44,,4195600.0
2014-09-03,15.52,15.62,15.52,15.59,,2224600.0
2014-09-04,15.65,15.77,15.56,15.59,,1900400.0
2014-09-05,15.53,15.72,15.53,15.72,,2047200.0
2014-09-08,15.68,15.71,15.55,15.61,,2089400.0
2014-09-09,15.6,15.61,15.3,15.31,,2590900.0
2014-09-10,15.3,15.51,15.23,15.47,,1652100.0
2014-09-11,15.42,15.47,15.29,15.3,,1507600.0
2014-09-12,15.3,15.3,15.1,15.16,,1782300.0
2014-09-15,15.19,15.31,14.94,15.1,,2548300.0
2014-09-16,15.07,15.21,15.04,15.09,,1766900.0
2014-09-17,15.08,15.18,14.98,15.09,,2411800.0
2014-09-18,15.12,15.2,15.0,15.08,,2598700.0
2014-09-19,15.16,15.28,15.07,15.25,,3239700.0
2014-09-22,15.18,15.25,15.07,15.1,,2704200.0
2014-09-23,15.04,15.13,14.99,14.99,,3013400.0
2014-09-24,14.96,15.05,14.87,14.98,,2349571.0
2014-09-25,14.86,14.95,14.77,14.8,,2235521.0
2014-09-26,14.8,15.06,14.78,15.04,,1981407.0
2014-09-29,14.95,15.02,14.81,14.88,,6009298.0
2014-09-30,14.81,14.85,14.46,14.48,,9190553.0
2014-10-01,14.41,14.47,14.13,14.15,,8270632.0
2014-10-02,14.17,14.23,13.89,14.0,,5823550.0
2014-10-03,14.06,14.16,14.04,14.09,,6948685.0
2014-10-06,14.14,14.22,14.05,14.11,,7170502.0
2014-10-07,14.03,14.1,13.7,13.7,,7976560.0
2014-10-08,13.73,14.15,13.69,14.15,,7541649.0
2014-10-09,14.14,14.14,13.61,13.71,,6348689.0
2014-10-10,13.73,13.83,13.37,13.38,,3119057.0
2014-10-13,13.31,13.37,12.96,12.97,,4396108.0
2014-10-14,13.08,13.33,13.06,13.1,,3988309.0
2014-10-15,12.85,13.25,12.82,13.02,,5606924.0
2014-10-16,12.77,13.13,12.65,12.93,,9051829.0
2014-10-17,13.08,13.23,12.91,13.03,,4851481.0
2014-10-20,13.13,13.21,12.93,13.2,,4289925.0
2014-10-21,13.29,13.7,13.29,13.65,,4518883.0
2014-10-22,13.63,13.87,13.51,13.51,,6159947.0
2014-10-23,13.76,13.84,13.63,13.74,,2345876.0
2014-10-24,13.73,13.96,13.71,13.93,,2193586.0
2014-10-27,13.91,13.91,13.62,13.69,,2684437.0
2014-10-28,13.7,13.79,13.61,13.75,,2926545.0
2014-10-29,13.71,13.86,13.66,13.75,,1932106.0
2014-10-30,13.68,13.83,13.6,13.72,,2491748.0
2014-10-31,13.94,13.99,13.54,13.71,,4080398.0
2014-11-03,13.97,13.98,13.67,13.78,,2643640.0
2014-11-04,13.72,13.86,13.35,13.41,,4750731.0
2014-11-05,13.53,13.68,13.42,13.55,,2763794.0
2014-11-06,14.03,14.09,13.57,13.58,,9514182.0
2014-11-07,13.52,13.65,13.41,13.42,,4958245.0
2014-11-10,13.4,13.55,13.36,13.5,,4361522.0
2014-11-11,13.52,13.62,13.42,13.5,,4076950.0
2014-11-12,13.44,13.67,13.44,13.52,,3881985.0
2014-11-13,13.58,13.58,13.15,13.28,,8896625.0
2014-11-14,13.24,13.46,13.22,13.46,,2692421.0
2014-11-17,13.45,13.5,13.21,13.32,,7164180.0
2014-11-18,13.27,13.39,13.25,13.29,,6601025.0
2014-11-19,13.32,13.48,13.21,13.45,,10770945.0
2014-11-20,13.01,13.47,13.0,13.41,,7643570.0
2014-11-21,13.57,13.6,13.35,13.44,,5263383.0
2014-11-24,13.58,13.75,13.34,13.69,,7757959.0
2014-11-25,13.78,13.8,13.65,13.68,,4557110.0
2014-11-26,13.68,13.9,13.65,13.89,,3861936.0
2014-11-28,13.91,13.91,13.7,13.75,,1813012.0
2014-12-01,13.88,13.9,13.65,13.78,,3460972.0
2014-12-02,13.82,13.98,13.72,13.94,,3297136.0
2014-12-03,13.92,14.0,13.83,13.99,,4387713.0
2014-12-04,13.92,14.02,13.81,13.91,,3572311.0
2014-12-05,13.91,14.03,13.84,14.01,,3263764.0
2014-12-08,14.0,14.01,13.69,13.73,,4258094.0
2014-12-09,13.61,13.91,13.6,13.9,,3627165.0
2014-12-10,13.83,13.86,13.56,13.59,,3765832.0
2014-12-11,13.82,13.82,13.49,13.58,,3718824.0
2014-12-12,13.45,13.54,13.33,13.33,,3822003.0
2014-12-15,13.37,13.44,13.06,13.07,,3609206.0
2014-12-16,13.09,13.38,12.96,12.96,,4151338.0
2014-12-17,12.96,13.22,12.92,13.19,,3573255.0
2014-12-18,13.4,13.59,13.23,13.3,,4005598.0
2014-12-19,13.34,13.53,13.34,13.48,,6995429.0
2014-12-22,13.52,13.72,13.43,13.62,,3942537.0
2014-12-23,13.65,13.88,13.59,13.83,,2341512.0
2014-12-24,13.89,13.89,13.55,13.71,,1496036.0
2014-12-26,13.77,13.82,13.74,13.79,,1733480.0
2014-12-29,13.81,13.98,13.79,13.94,,2369037.0
2014-12-30,13.82,14.05,13.75,13.97,,2999709.0
2014-12-31,13.98,14.11,13.9,13.9,,2480367.0
2015-01-02,14.01,14.09,13.65,13.81,,3023180.0
2015-01-05,13.68,13.77,13.36,13.39,,4016885.0
2015-01-06,13.37,13.46,13.07,13.21,,4337526.0
2015-01-07,13.32,13.32,13.0,13.17,,2517571.0
2015-01-08,13.33,13.63,13.13,13.58,,4637143.0
2015-01-09,13.54,13.67,13.5,13.65,,2449958.0
2015-01-12,13.63,13.67,13.39,13.53,,3185210.0
2015-01-13,13.6,13.65,13.35,13.49,,3781583.0
2015-01-14,13.42,13.47,13.04,13.37,,4810204.0
2015-01-15,13.46,13.6,13.24,13.29,,2692407.0
2015-01-16,13.28,13.39,13.26,13.34,,1621991.0
2015-01-20,13.39,13.4,13.06,13.22,,2922145.0
2015-01-21,13.21,13.29,13.07,13.24,,3523654.0
2015-01-22,13.29,13.5,13.14,13.46,,2155913.0
2015-01-23,13.45,13.58,13.36,13.44,,2011060.0
2015-01-26,13.43,13.76,13.37,13.76,,1898413.0
2015-01-27,13.87,13.88,13.59,13.68,,2683220.0
2015-01-28,13.72,13.74,13.41,13.41,,2522854.0
2015-01-29,13.4,13.49,13.06,13.22,,2693565.0
2015-01-30,13.13,13.38,13.07,13.19,,3106022.0
2015-02-02,13.23,13.38,13.03,13.23,,3397502.0
2015-02-03,13.33,13.9,13.32,13.83,,3703166.0
2015-02-04,13.85,13.89,13.66,13.81,,2873674.0
2015-02-05,13.8,13.95,13.67,13.93,,3815188.0
2015-02-06,14.26,14.48,14.13,14.4,,7022527.0
2015-02-09,14.37,14.86,14.37,14.8,,7034530.0
2015-02-10,14.84,14.91,14.43,14.85,,4231624.0
2015-02-11,14.85,14.94,14.76,14.84,,3838347.0
2015-02-12,14.6,15.05,14.6,14.91,,2443284.0
2015-02-13,14.99,15.1,14.9,14.96,,3057352.0
2015-02-17,14.96,15.15,14.89,15.15,,2517116.0
2015-02-18,15.08,15.13,14.95,15.02,,3488554.0
2015-02-19,15.03,15.1,14.92,15.09,,1644476.0
2015-02-20,15.06,15.23,14.89,15.18,,2040578.0
2015-02-23,15.16,15.35,15.07,15.34,,2130481.0
2015-02-24,15.22,15.44,15.19,15.31,,2492551.0
2015-02-25,15.27,15.54,15.27,15.45,,2380721.0
2015-02-26,15.47,15.52,15.27,15.34,,2004512.0
2015-02-27,15.34,15.43,15.25,15.3,,2543071.0
2015-03-02,15.35,15.52,15.27,15.45,,2466129.0
2015-03-03,15.4,15.44,15.22,15.24,,2903021.0
2015-03-04,15.2,15.25,15.01,15.14,,2869906.0
2015-03-05,15.25,15.25,15.09,15.14,,2192557.0
2015-03-06,15.06,15.25,14.84,14.91,,2489381.0
2015-03-09,14.99,15.04,14.74,14.77,,3202702.0
2015-03-10,14.67,14.76,14.37,14.37,,5368297.0
2015-03-11,14.37,14.59,14.34,14.53,,2529424.0
2015-03-12,14.63,14.9,14.59,14.84,,2149419.0
2015-03-13,14.76,14.85,14.56,14.79,,2763045.0
2015-03-16,14.89,14.99,14.78,14.99,,2049781.0
2015-03-17,14.86,14.93,14.72,14.84,,1460766.0
2015-03-18,14.69,15.02,14.68,14.96,,2186056.0
2015-03-19,14.9,14.91,14.62,14.78,,2566481.0
2015-03-20,14.84,15.04,14.84,14.91,,3670519.0
2015-03-23,14.9,15.05,14.9,14.95,,2144311.0
2015-03-24,14.91,14.96,14.81,14.86,,2552932.0
2015-03-25,14.95,14.95,14.54,14.54,,1884364.0
2015-03-26,14.45,14.45,14.27,14.33,,3618554.0
2015-03-27,14.27,14.39,14.25,14.3,,2421537.0
2015-03-30,14.37,14.57,14.31,14.37,,2204951.0
2015-03-31,14.31,14.37,14.15,14.18,,2785342.0
2015-04-01,14.2,14.29,14.06,14.27,,2808249.0
2015-04-02,14.25,14.37,14.18,14.33,,1719968.0
2015-04-06,14.21,14.51,14.2,14.39,,1196246.0
2015-04-07,14.33,14.47,14.28,14.28,,1261359.0
2015-04-08,14.31,14.41,14.18,14.22,,1756675.0
2015-04-09,14.2,14.27,14.03,14.12,,1926271.0
2015-04-10,14.12,14.19,14.05,14.1,,3884696.0
2015-04-13,14.11,14.26,14.07,14.23,,1774738.0
2015-04-14,14.21,14.34,14.15,14.15,,1992999.0
2015-04-15,14.14,14.24,14.12,14.13,,4012015.0
2015-04-16,14.06,14.3,13.89,14.07,,3488423.0
2015-04-17,13.91,13.99,13.76,13.81,,3227262.0
2015-04-20,13.88,13.94,13.79,13.86,,2427244.0
2015-04-21,13.87,13.94,13.74,13.75,,1906118.0
2015-04-22,13.76,13.85,13.65,13.78,,4363515.0
2015-04-23,13.74,13.85,13.67,13.78,,2629226.0
2015-04-24,13.75,13.87,13.67,13.75,,1681511.0
2015-04-27,13.81,14.05,13.77,13.79,,2900581.0
2015-04-28,13.81,14.17,13.74,14.14,,3971833.0
2015-04-29,14.08,14.16,13.97,13.98,,3211045.0
2015-04-30,13.92,14.06,13.87,13.98,,4275995.0
2015-05-01,14.08,14.24,14.07,14.21,,2536988.0
2015-05-04,14.22,14.34,14.12,14.32,,2291390.0
2015-05-05,14.29,14.41,14.1,14.19,,5742343.0
2015-05-06,13.33,13.58,13.13,13.28,,11731367.0
2015-05-07,13.29,13.3,13.13,13.26,,7108398.0
2015-05-08,13.37,13.48,13.31,13.41,,3376093.0
2015-05-11,13.39,14.1,13.39,13.91,,7703007.0
2015-05-12,13.82,13.82,13.53,13.6,,4116461.0
2015-05-13,13.57,13.73,13.47,13.52,,3045947.0
2015-05-14,13.62,13.68,13.4,13.63,,3264920.0
2015-05-15,13.6,13.81,13.56,13.77,,2960490.0
2015-05-18,13.78,13.9,13.62,13.88,,3539059.0
2015-05-19,13.88,13.91,13.76,13.89,,2719338.0
2015-05-20,13.88,13.94,13.82,13.84,,2039435.0
2015-05-21,13.8,13.9,13.75,13.84,,1579702.0
2015-05-22,13.84,13.87,13.73,13.76,,2800115.0
2015-05-26,13.77,13.85,13.52,13.59,,2740730.0
2015-05-27,13.64,13.79,13.56,13.68,,2706216.0
2015-05-28,13.61,13.65,13.52,13.6,,3222229.0
2015-05-29,13.56,13.64,13.41,13.42,,2048590.0
2015-06-01,13.46,13.7,13.29,13.48,,2371775.0
2015-06-02,13.43,13.52,13.35,13.43,,1542524.0
2015-06-03,13.48,13.55,13.37,13.48,,1751373.0
2015-06-04,13.44,13.49,13.25,13.29,,2167839.0
2015-06-05,13.29,13.34,13.15,13.29,,1913554.0
2015-06-08,13.22,13.27,13.13,13.14,,1731615.0
2015-06-09,13.12,13.15,12.88,12.9,,2793312.0
2015-06-10,12.91,13.08,12.9,12.98,,2368265.0
2015-06-11,12.98,13.02,12.89,12.91,,2224208.0
2015-06-12,12.85,12.91,12.73,12.76,,2247812.0
2015-06-15,12.69,12.73,12.58,12.58,,3712506.0
2015-06-16,12.58,12.65,12.55,12.58,,2405223.0
2015-06-17,12.63,12.7,12.55,12.59,,2558795.0
2015-06-18,12.76,12.95,12.75,12.88,,5027742.0
2015-06-19,12.82,13.28,12.82,13.26,,5635549.0
2015-06-22,13.29,13.42,13.2,13.33,,2044878.0
2015-06-23,13.37,13.43,13.26,13.28,,2537417.0
2015-06-24,13.27,13.39,13.12,13.13,,2491668.0
2015-06-25,13.13,13.21,13.0,13.06,,3139455.0
2015-06-26,13.12,13.46,12.98,13.46,,12078806.0
2015-06-29,13.32,13.38,12.79,12.8,,3593249.0
2015-06-30,12.87,12.96,12.69,12.92,,4461922.0
2015-07-01,13.05,13.12,12.88,12.97,,2384353.0
2015-07-02,13.01,13.28,12.9,12.93,,2998641.0
2015-07-06,12.8,12.87,12.61,12.67,,2853043.0
2015-07-07,12.7,12.75,12.44,12.71,,3163456.0
2015-07-08,12.62,12.69,12.51,12.54,,2478801.0
2015-07-09,12.67,12.76,12.52,12.56,,2075306.0
2015-07-10,12.66,12.74,12.51,12.62,,1638250.0
2015-07-13,12.68,12.85,12.59,12.78,,2069461.0
2015-07-14,12.75,12.82,12.68,12.78,,2159770.0
2015-07-15,12.76,12.88,12.71,12.78,,1885679.0
2015-07-16,12.9,13.03,12.85,12.98,,1713302.0
2015-07-17,12.96,13.14,12.89,13.12,,3646558.0
2015-07-20,13.12,13.21,13.04,13.2,,2080204.0
2015-07-21,13.17,13.21,12.91,12.91,,3015608.0
2015-07-22,12.89,13.05,12.82,12.94,,3084668.0
2015-07-23,12.92,13.07,12.84,13.04,,2878311.0
2015-07-24,13.03,13.19,12.9,13.16,,4045509.0
2015-07-27,13.35,13.36,13.03,13.13,,4297983.0
2015-07-28,13.16,13.16,12.81,13.09,,2679098.0
2015-07-29,13.04,13.18,12.98,13.13,,3024847.0
2015-07-30,13.13,13.13,12.93,13.11,,2129394.0
2015-07-31,13.18,13.23,13.02,13.05,,2621760.0
2015-08-03,13.07,13.08,12.82,12.88,,2265491.0
2015-08-04,12.9,13.08,12.85,12.89,,1862950.0
2015-08-05,12.99,12.99,12.85,12.93,,3075570.0
2015-08-06,12.9,12.93,12.16,12.42,,3733812.0
2015-08-07,12.45,12.52,12.2,12.5,,3427177.0
2015-08-10,12.58,12.74,12.46,12.71,,2328691.0
2015-08-11,12.65,12.66,12.28,12.36,,3066185.0
2015-08-12,12.12,12.63,12.04,12.51,,4385992.0
2015-08-13,13.49,14.1,13.1,13.45,,8864102.0
2015-08-14,13.51,13.6,13.35,13.44,,4415857.0
2015-08-17,13.37,13.55,13.37,13.51,,3251317.0
2015-08-18,13.5,13.53,13.35,13.4,,2298304.0
2015-08-19,13.36,13.55,13.19,13.31,,2318317.0
2015-08-20,13.17,13.17,12.62,12.63,,3599319.0
2015-08-21,12.59,12.71,12.32,12.32,,4667040.0
2015-08-24,11.6,12.03,11.22,11.55,,11162558.0
2015-08-25,11.79,12.09,11.45,11.46,,7805368.0
2015-08-26,11.74,11.93,11.39,11.71,,5347646.0
2015-08-27,11.88,12.11,11.78,12.06,,7053580.0
2015-08-28,12.02,12.3,11.96,12.22,,4005010.0
2015-08-31,12.18,12.22,11.91,12.07,,3669712.0
2015-09-01,11.79,11.83,11.5,11.58,,4956588.0
2015-09-02,11.76,12.03,11.48,11.63,,3997841.0
2015-09-03,11.44,11.95,11.44,11.8,,3653721.0
2015-09-04,11.58,11.66,11.35,11.35,,3948432.0
2015-09-08,11.59,11.83,11.5,11.82,,3549814.0
2015-09-09,11.97,12.1,11.64,11.71,,3928683.0
2015-09-10,11.64,11.78,11.5,11.52,,4029217.0
2015-09-11,11.45,11.56,11.38,11.56,,3706183.0
2015-09-14,11.59,11.59,11.37,11.43,,2884122.0
2015-09-15,11.5,11.58,11.44,11.55,,2731167.0
2015-09-16,11.42,11.66,11.41,11.64,,3953270.0
2015-09-17,11.43,12.03,11.39,11.79,,6286994.0
2015-09-18,11.63,11.76,11.41,11.53,,21641058.0
2015-09-21,11.57,11.8,11.5,11.54,,3538684.0
2015-09-22,11.38,11.56,11.34,11.42,,3437320.0
2015-09-23,11.45,11.5,11.29,11.38,,2352273.0
2015-09-24,11.32,11.51,11.27,11.45,,3164094.0
2015-09-25,11.53,11.53,11.32,11.38,,2807959.0
2015-09-28,11.31,11.55,10.94,10.97,,4166153.0
2015-09-29,10.96,11.12,10.85,10.94,,5347200.0
2015-09-30,11.0,11.29,10.85,11.26,,3100727.0
2015-10-01,11.4,11.55,11.18,11.36,,3588984.0
2015-10-02,11.18,11.65,11.02,11.64,,3198004.0
2015-10-05,11.91,12.01,11.76,11.97,,4380481.0
2015-10-06,11.98,12.15,11.86,12.05,,2726980.0
2015-10-07,12.16,12.32,12.0,12.17,,4490746.0
2015-10-08,12.15,12.55,12.15,12.54,,2959253.0
2015-10-09,12.5,12.6,12.29,12.46,,4233866.0
2015-10-12,12.48,12.53,12.32,12.42,,2068210.0
2015-10-13,12.36,12.52,12.29,12.42,,3002953.0
2015-10-14,12.44,12.57,12.35,12.48,,3507119.0
2015-10-15,12.57,12.78,12.42,12.76,,4286128.0
2015-10-16,12.82,13.04,12.59,13.02,,3246733.0
2015-10-19,12.99,13.09,12.86,13.01,,2978496.0
2015-10-20,13.01,13.09,12.9,13.01,,2138236.0
2015-10-21,13.08,13.08,12.7,12.71,,2531912.0
2015-10-22,12.84,13.13,12.75,13.11,,2767358.0
2015-10-23,13.15,13.41,13.06,13.39,,3998609.0
2015-10-26,13.4,13.42,12.86,13.13,,4310719.0
2015-10-27,13.07,13.12,12.88,13.11,,3421662.0
2015-10-28,13.15,13.39,12.94,13.39,,3318919.0
2015-10-29,13.29,13.55,13.29,13.5,,3649879.0
2015-10-30,13.48,13.78,13.34,13.75,,4694129.0
2015-11-02,13.71,14.0,13.54,13.95,,4125932.0
2015-11-03,13.96,13.96,13.67,13.76,,2830127.0
2015-11-04,13.84,13.86,13.62,13.78,,3211323.0
2015-11-05,13.77,13.86,13.56,13.7,,3084195.0
2015-11-06,13.92,13.92,13.12,13.28,,4491108.0
2015-11-09,13.01,13.17,12.74,12.87,,4350498.0
2015-11-10,12.81,12.97,12.75,12.89,,3031793.0
2015-11-11,12.87,12.96,12.79,12.84,,2257488.0
2015-11-12,12.73,12.83,12.57,12.59,,3368440.0
2015-11-13,12.6,12.79,12.3,12.3,,3176520.0
2015-11-16,12.31,12.63,12.28,12.62,,3065297.0
2015-11-17,12.62,12.77,12.51,12.62,,2670969.0
2015-11-18,12.64,12.76,12.56,12.74,,2565589.0
2015-11-19,12.76,12.77,12.57,12.67,,2509764.0
2015-11-20,12.73,12.87,12.52,12.73,,2709966.0
2015-11-23,12.52,12.93,12.47,12.78,,1784853.0
2015-11-24,12.73,12.9,12.68,12.88,,2249029.0
2015-11-25,12.89,12.93,12.77,12.88,,1732747.0
2015-11-27,12.89,12.89,12.66,12.72,,938805.0
2015-11-30,12.76,12.88,12.62,12.81,,2252241.0
2015-12-01,12.92,13.09,12.84,13.06,,2263092.0
2015-12-02,13.02,13.05,12.83,12.86,,2567336.0
2015-12-03,12.86,12.95,12.13,12.3,,3799741.0
2015-12-04,12.31,12.57,12.24,12.55,,1915620.0
2015-12-07,12.5,12.54,12.34,12.38,,2559146.0
2015-12-08,12.51,12.51,12.02,12.05,,2554845.0
2015-12-09,12.01,12.3,11.95,12.05,,2181093.0
2015-12-10,12.03,12.38,12.01,12.27,,3208381.0
2015-12-11,12.09,12.15,11.84,11.89,,2198406.0
2015-12-14,11.93,11.97,11.71,11.84,,2654299.0
2015-12-15,11.95,12.16,11.9,12.01,,1891425.0
2015-12-16,12.13,12.29,12.02,12.2,,3077623.0
2015-12-17,12.21,12.26,11.92,11.93,,2510338.0
2015-12-18,11.84,11.95,11.73,11.76,,4357918.0
2015-12-21,11.84,11.94,11.72,11.93,,2291186.0
2015-12-22,12.0,12.04,11.84,11.88,,2899489.0
2015-12-23,11.99,12.26,11.95,12.23,,3562698.0
2015-12-24,12.01,12.35,11.89,12.16,,994343.0
2015-12-28,12.06,12.17,11.88,12.07,,1768593.0
2015-12-29,12.17,12.33,12.07,12.25,,1720520.0
2015-12-30,12.2,12.27,12.01,12.07,,1811926.0
2015-12-31,12.05,12.09,11.92,11.93,,1899324.0
2016-01-04,11.71,11.79,11.61,11.79,,3979962.0
2016-01-05,11.84,11.89,11.33,11.4,,4867722.0
2016-01-06,11.18,11.44,11.14,11.34,,3681983.0
2016-01-07,11.1,11.26,11.06,11.09,,3197065.0
2016-01-08,11.21,11.34,11.09,11.23,,4501992.0
2016-01-11,11.07,11.28,10.76,10.9,,5272350.0
2016-01-12,11.02,11.14,10.9,11.1,,3800640.0
2016-01-13,11.17,11.19,10.78,10.88,,4484907.0
2016-01-14,10.97,11.43,10.87,11.34,,5458272.0
2016-01-15,11.03,11.36,10.93,11.17,,6231971.0
2016-01-19,11.31,11.31,10.82,11.02,,4828736.0
2016-01-20,10.82,10.96,10.53,10.85,,4935226.0
2016-01-21,10.85,11.23,10.76,11.04,,3375186.0
2016-01-22,11.34,11.35,11.18,11.34,,2533062.0
2016-01-25,11.3,11.36,11.12,11.16,,3245861.0
2016-01-26,11.22,11.43,11.08,11.43,,2480530.0
2016-01-27,11.32,11.56,11.25,11.34,,3398387.0
2016-01-28,11.57,11.57,11.19,11.46,,4184697.0
2016-01-29,11.51,11.65,11.31,11.58,,4118522.0
2016-02-01,11.69,11.69,11.15,11.34,,4617460.0
2016-02-02,11.2,11.32,10.77,10.82,,3915821.0
2016-02-03,10.94,11.29,10.66,10.93,,3775891.0
2016-02-04,10.91,11.15,10.85,10.9,,6302007.0
2016-02-05,10.2,10.52,9.78,9.91,,9924601.0
2016-02-08,9.79,9.9,9.16,9.43,,6769017.0
2016-02-09,9.26,9.51,9.18,9.36,,5450060.0
2016-02-10,9.39,9.61,9.35,9.46,,5478442.0
2016-02-11,9.32,9.35,9.11,9.28,,4924327.0
2016-02-12,9.4,9.81,9.35,9.6,,4348130.0
2016-02-16,9.75,9.91,9.5,9.77,,4088832.0
2016-02-17,9.84,10.06,9.76,9.82,,3483818.0
2016-02-18,9.84,9.86,9.67,9.68,,3177310.0
2016-02-19,9.64,9.87,9.6,9.75,,4886400.0
2016-02-22,9.85,9.99,9.84,9.91,,2634963.0
2016-02-23,9.84,9.97,9.71,9.72,,4069945.0
2016-02-24,9.36,9.69,9.36,9.63,,5656494.0
2016-02-25,9.65,9.71,9.44,9.7,,3211871.0
2016-02-26,9.77,9.85,9.66,9.75,,2658226.0
2016-02-29,9.74,9.97,9.64,9.66,,3483102.0
2016-03-01,9.73,9.77,9.54,9.61,,4231932.0
2016-03-02,9.58,9.77,9.56,9.72,,6111139.0
2016-03-03,9.72,9.79,9.61,9.74,,7581103.0
2016-03-04,9.75,9.93,9.67,9.82,,10888723.0
2016-03-07,9.79,10.22,9.76,10.18,,5736114.0
2016-03-08,10.1,10.15,9.79,9.83,,3556036.0
2016-03-09,9.91,10.22,9.8,9.99,,6571990.0
2016-03-10,10.06,10.08,9.79,9.99,,6216608.0
2016-03-11,10.13,10.6,9.95,10.58,,5102382.0
2016-03-14,10.53,10.73,10.22,10.41,,3136383.0
2016-03-15,10.36,10.46,10.21,10.42,,2614099.0
2016-03-16,10.38,10.92,10.38,10.86,,7135196.0
2016-03-17,10.87,11.4,10.87,11.2,,6206569.0
2016-03-18,11.25,11.34,11.0,11.09,,4493262.0
2016-03-21,11.07,11.2,10.97,11.15,,2459190.0
2016-03-22,11.1,11.39,11.08,11.38,,3985899.0
2016-03-23,11.36,11.48,11.27,11.29,,6079724.0
2016-03-24,11.2,11.29,11.07,11.26,,3300974.0
2016-03-28,11.27,11.58,11.25,11.57,,3674946.0
2016-03-29,11.54,11.62,11.36,11.58,,3073304.0
2016-03-30,11.65,11.65,11.37,11.48,,2631124.0
2016-03-31,11.47,11.6,11.36,11.5,,2351029.0
2016-04-01,11.42,11.75,11.27,11.73,,3538815.0
2016-04-04,11.71,11.76,11.47,11.49,,3024741.0
2016-04-05,11.43,11.59,11.28,11.36,,2933447.0
2016-04-06,11.4,11.54,11.25,11.5,,3254580.0
2016-04-07,11.46,11.57,11.22,11.34,,6162934.0
2016-04-08,11.43,11.43,11.1,11.18,,2661000.0
2016-04-11,11.18,11.25,11.07,11.07,,2524899.0
2016-04-12,11.12,11.3,11.04,11.23,,2251153.0
2016-04-13,11.29,11.45,11.25,11.44,,1852129.0
2016-04-14,11.48,11.58,11.45,11.46,,1733938.0
2016-04-15,11.46,11.48,11.34,11.44,,1519330.0
2016-04-18,11.34,11.39,11.19,11.22,,5917926.0
2016-04-19,11.22,11.42,11.16,11.29,,3525403.0
2016-04-20,11.31,11.41,11.23,11.29,,3392040.0
2016-04-21,11.29,11.63,11.24,11.47,,4207663.0
2016-04-22,11.49,11.63,11.46,11.53,,2667656.0
2016-04-25,11.49,11.54,11.27,11.36,,1687363.0
2016-04-26,11.38,11.56,11.3,11.52,,1248762.0
2016-04-27,11.52,11.6,11.33,11.41,,1403070.0
2016-04-28,11.35,11.52,11.25,11.29,,1763206.0
2016-04-29,11.24,11.33,11.0,11.18,,1965028.0
2016-05-02,11.21,11.43,11.16,11.36,,1925446.0
2016-05-03,11.25,11.28,10.97,11.01,,2713416.0
2016-05-04,10.95,11.08,10.86,10.94,,2163247.0
2016-05-05,11.0,11.01,10.87,10.96,,2326615.0
2016-05-06,10.65,11.46,10.65,11.44,,5245354.0
2016-05-09,11.22,11.41,10.88,11.06,,3979685.0
2016-05-10,11.11,11.13,10.93,11.09,,2155476.0
2016-05-11,11.02,11.09,10.97,10.99,,1849236.0
2016-05-12,11.01,11.05,10.71,10.75,,2406259.0
2016-05-13,10.74,10.81,10.49,10.49,,1880437.0
2016-05-16,10.5,10.6,10.46,10.58,,2469171.0
2016-05-17,10.57,10.72,10.49,10.53,,2549642.0
2016-05-18,10.68,10.68,10.18,10.45,,6814123.0
2016-05-19,10.37,10.49,10.34,10.37,,3323012.0
2016-05-20,10.42,10.73,10.38,10.67,,2584649.0
2016-05-23,10.66,10.77,10.42,10.54,,1530765.0
2016-05-24,10.63,10.7,10.54,10.63,,1818460.0
2016-05-25,10.67,10.89,10.65,10.83,,1484993.0
2016-05-26,10.81,10.86,10.67,10.68,,1309014.0
2016-05-27,10.68,10.76,10.57,10.72,,2892908.0
2016-05-31,10.72,10.81,10.59,10.77,,2956547.0
2016-06-01,10.72,10.87,10.65,10.82,,2448203.0
2016-06-02,10.8,10.93,10.74,10.93,,2744416.0
2016-06-03,10.88,10.88,10.63,10.78,,1736643.0
2016-06-06,10.8,11.0,10.77,10.95,,1380206.0
2016-06-07,10.92,10.98,10.63,10.69,,4646947.0
2016-06-08,10.69,10.75,10.59,10.63,,3310096.0
2016-06-09,10.57,10.64,10.44,10.53,,6365256.0
2016-06-10,10.45,10.46,10.18,10.36,,6729849.0
2016-06-13,10.34,10.56,10.29,10.4,,3840829.0
2016-06-14,10.38,10.46,10.13,10.31,,6750998.0
2016-06-15,10.26,10.69,10.26,10.51,,4401562.0
2016-06-16,10.43,10.5,10.18,10.27,,2948053.0
2016-06-17,10.25,10.27,10.09,10.16,,3088993.0
2016-06-20,10.27,10.4,10.18,10.27,,2343754.0
2016-06-21,10.27,10.41,10.14,10.4,,2933910.0
2016-06-22,10.42,10.65,10.39,10.5,,2197225.0
2016-06-23,10.62,10.84,10.59,10.68,,2370055.0
2016-06-24,10.18,10.2,9.97,10.02,,5339694.0
2016-06-27,9.96,10.05,9.49,9.56,,3861006.0
2016-06-28,9.66,9.75,9.52,9.66,,2773779.0
2016-06-29,9.77,10.13,9.55,10.11,,5615428.0
2016-06-30,10.18,10.29,10.08,10.22,,3286308.0
2016-07-01,10.23,10.46,10.18,10.34,,2490057.0
2016-07-05,10.31,10.31,10.0,10.12,,3192248.0
2016-07-06,10.08,10.14,9.95,10.11,,3704454.0
2016-07-07,10.11,10.31,10.11,10.23,,2296171.0
2016-07-08,10.33,10.55,10.3,10.51,,5229825.0
2016-07-11,10.55,10.69,10.54,10.67,,1953751.0
2016-07-12,10.79,10.96,10.74,10.92,,2366661.0
2016-07-13,10.97,11.11,10.92,11.04,,3178552.0
2016-07-14,11.12,11.22,11.0,11.1,,2746335.0
2016-07-15,11.17,11.17,10.93,11.08,,1682442.0
2016-07-18,11.08,11.31,10.87,11.2,,2063714.0
2016-07-19,11.18,11.28,11.06,11.26,,2163440.0
2016-07-20,11.31,11.33,11.07,11.24,,1593605.0
2016-07-21,11.01,11.29,11.01,11.17,,2581798.0
2016-07-22,11.21,11.36,11.18,11.36,,2134120.0
2016-07-25,11.37,11.41,11.3,11.36,,3290427.0
2016-07-26,11.37,11.55,11.36,11.53,,1777931.0
2016-07-27,11.5,11.63,11.36,11.47,,3034908.0
2016-07-28,11.19,11.51,11.19,11.51,,1602075.0
2016-07-29,11.29,11.72,11.29,11.68,,2413892.0
2016-08-01,11.66,11.78,11.52,11.58,,2777580.0
2016-08-02,11.55,11.56,11.33,11.42,,2799785.0
2016-08-03,11.42,11.54,11.36,11.4,,3667833.0
2016-08-04,11.4,11.49,11.39,11.47,,1719606.0
2016-08-05,11.52,11.72,11.49,11.55,,2291925.0
2016-08-08,11.59,11.73,11.48,11.56,,2017551.0
2016-08-09,11.53,12.07,11.44,11.99,,6175658.0
2016-08-10,12.04,12.05,11.72,11.84,,4610640.0
2016-08-11,11.9,12.12,11.88,12.06,,3118849.0
2016-08-12,12.08,12.19,12.08,12.17,,2696526.0
2016-08-15,12.2,12.35,12.11,12.29,,3057306.0
2016-08-16,12.2,12.36,12.09,12.32,,4368011.0
2016-08-17,12.33,12.4,12.28,12.39,,2984256.0
2016-08-18,12.36,12.5,12.34,12.38,,3418477.0
2016-08-19,12.38,12.42,12.26,12.37,,1939500.0
2016-08-22,12.3,12.46,12.23,12.44,,3015272.0
2016-08-23,12.55,12.55,12.44,12.47,,2663676.0
2016-08-24,12.52,12.56,12.44,12.46,,3131716.0
2016-08-25,12.47,12.55,12.36,12.51,,2809328.0
2016-08-26,12.58,12.71,12.45,12.59,,2679109.0
2016-08-29,12.65,12.71,12.57,12.64,,2316007.0
2016-08-30,12.55,12.72,12.5,12.62,,2448714.0
2016-08-31,12.63,12.67,12.46,12.66,,3291904.0
2016-09-01,12.69,12.73,12.45,12.58,,2694631.0
2016-09-02,12.65,12.71,12.43,12.55,,3401246.0
2016-09-06,12.91,12.91,12.31,12.39,,4013260.0
2016-09-07,12.37,12.44,12.35,12.41,,2919340.0
2016-09-08,12.38,12.64,12.35,12.44,,3322447.0
2016-09-09,12.33,12.4,12.03,12.03,,3417256.0
2016-09-12,11.99,12.63,11.95,12.61,,4159589.0
2016-09-13,12.47,12.49,12.32,12.37,,4084537.0
2016-09-14,12.38,12.48,12.3,12.43,,3544504.0
2016-09-15,12.44,12.49,12.32,12.37,,2798365.0
2016-09-16,12.26,12.42,12.22,12.37,,5244621.0
2016-09-19,12.41,12.45,12.28,12.35,,2316198.0
2016-09-20,12.45,12.5,12.37,12.43,,2675282.0
2016-09-21,12.45,12.66,12.41,12.63,,2122999.0
2016-09-22,12.72,12.85,12.66,12.82,,1847644.0
2016-09-23,12.7,12.91,12.7,12.74,,1358401.0
2016-09-26,12.69,12.69,12.5,12.53,,2040024.0
2016-09-27,12.54,12.66,12.48,12.66,,1906110.0
2016-09-28,12.66,12.73,12.56,12.72,,2545714.0
2016-09-29,12.72,12.76,12.49,12.6,,2697681.0
2016-09-30,12.62,12.8,12.61,12.68,,3181043.0
2016-10-03,12.6,13.16,12.6,13.09,,4067147.0
2016-10-04,13.1,13.16,12.87,12.95,,4127378.0
2016-10-05,12.96,13.31,12.9,13.26,,4944492.0
2016-10-06,13.21,13.25,12.92,13.17,,3101083.0
2016-10-07,13.15,13.2,12.72,12.8,,3453701.0
2016-10-10,12.85,13.02,12.6,12.63,,2405227.0
2016-10-11,12.37,12.63,12.29,12.4,,2159674.0
2016-10-12,12.41,12.43,12.21,12.22,,2907016.0
2016-10-13,12.15,12.33,12.04,12.28,,2464842.0
2016-10-14,12.35,12.38,12.1,12.13,,1949953.0
2016-10-17,12.14,12.19,12.07,12.14,,1339049.0
2016-10-18,12.28,12.36,12.12,12.25,,2053335.0
2016-10-19,12.26,12.45,12.21,12.38,,1376150.0
2016-10-20,12.33,12.41,12.16,12.25,,2542315.0
2016-10-21,12.13,12.28,12.03,12.16,,1443954.0
2016-10-24,12.27,12.27,11.75,11.76,,3291945.0
2016-10-25,11.75,11.78,11.45,11.47,,5417919.0
2016-10-26,11.46,11.76,11.45,11.71,,2122085.0
2016-10-27,11.52,11.56,10.99,11.08,,3475088.0
2016-10-28,11.03,11.26,10.99,11.04,,2314474.0
2016-10-31,11.12,11.2,10.99,10.99,,2534288.0
2016-11-01,11.08,11.14,10.75,10.93,,3042041.0
2016-11-02,10.97,11.01,10.71,10.74,,1941100.0
2016-11-03,10.81,10.86,10.68,10.73,,1997236.0
2016-11-04,10.77,10.94,10.73,10.78,,2337015.0
2016-11-07,10.95,11.17,10.84,11.08,,5534504.0
2016-11-08,10.11,10.82,9.97,10.57,,7399254.0
2016-11-09,10.39,11.02,10.27,10.87,,4130015.0
2016-11-10,10.84,11.04,10.75,10.84,,4314106.0
2016-11-11,10.77,11.04,10.71,10.99,,2981577.0
2016-11-14,11.04,11.17,10.87,11.04,,5278494.0
2016-11-15,11.07,11.11,10.88,10.89,,3269964.0
2016-11-16,10.87,10.97,10.69,10.9,,3858128.0
2016-11-17,10.94,11.06,10.81,10.88,,3539068.0
2016-11-18,10.9,10.93,10.77,10.77,,2352591.0
2016-11-21,10.89,10.89,10.64,10.64,,2208841.0
2016-11-22,10.68,10.75,10.56,10.59,,2661900.0
2016-11-23,10.55,10.72,10.55,10.7,,1769797.0
2016-11-25,10.73,10.86,10.68,10.7,,760472.0
2016-11-28,10.67,10.9,10.67,10.74,,2685084.0
2016-11-29,10.73,10.77,10.38,10.47,,3075582.0
2016-11-30,10.48,10.6,10.37,10.48,,3443707.0
2016-12-01,10.51,10.7,10.47,10.67,,3150688.0
2016-12-02,10.68,10.72,10.56,10.58,,2740250.0
2016-12-05,10.63,10.73,10.56,10.71,,2755146.0
2016-12-06,10.7,10.72,10.53,10.69,,3704884.0
2016-12-07,10.7,10.83,10.5,10.73,,3304719.0
2016-12-08,10.77,10.87,10.71,10.81,,1957806.0
2016-12-09,10.82,11.0,10.8,10.93,,3812124.0
2016-12-12,10.92,10.98,10.85,10.89,,3456232.0
2016-12-13,10.93,11.02,10.68,10.77,,2937309.0
2016-12-14,10.77,10.92,10.72,10.77,,2906036.0
2016-12-15,10.81,10.89,10.55,10.6,,2216007.0
2016-12-16,10.67,10.73,10.45,10.53,,4065423.0
2016-12-19,10.57,10.68,10.48,10.64,,1657551.0
2016-12-20,10.67,10.71,10.53,10.57,,1807478.0
2016-12-21,10.58,10.68,10.49,10.63,,1735203.0
2016-12-22,10.61,10.7,10.53,10.65,,1459349.0
2016-12-23,10.65,10.68,10.57,10.64,,1368803.0
2016-12-27,10.65,10.8,10.62,10.8,,1504259.0
2016-12-28,10.8,10.81,10.58,10.6,,2029858.0
2016-12-29,10.6,10.64,10.47,10.58,,1511679.0
2016-12-30,10.58,10.6,10.35,10.39,,1944247.0
2017-01-03,10.48,10.74,10.44,10.6,,2011737.0
2017-01-04,10.61,10.79,10.61,10.77,,1255993.0
2017-01-05,10.77,10.86,10.68,10.78,,2412032.0
2017-01-06,10.77,10.88,10.67,10.82,,1697230.0
2017-01-09,10.79,10.93,10.76,10.88,,2372424.0
2017-01-10,10.93,10.95,10.79,10.88,,2780866.0
2017-01-11,10.88,11.04,10.83,10.92,,2550376.0
2017-01-12,10.89,11.05,10.76,10.9,,2820425.0
2017-01-13,10.89,10.97,10.82,10.93,,1561334.0
2017-01-17,10.86,11.12,10.78,11.09,,2610063.0
2017-01-18,11.07,11.08,10.88,11.01,,2310755.0
2017-01-19,11.01,11.01,10.86,10.92,,2306421.0
2017-01-20,10.93,10.99,10.82,10.86,,1497493.0
2017-01-23,10.86,10.89,10.77,10.85,,1140150.0
2017-01-24,10.85,11.03,10.8,10.98,,1961292.0
2017-01-25,11.0,11.21,10.99,11.16,,1861073.0
2017-01-26,11.17,11.21,10.9,11.08,,1395885.0
2017-01-27,11.06,11.22,10.98,11.21,,1841782.0
2017-01-30,11.18,11.19,10.98,11.18,,1406707.0
2017-01-31,11.14,11.17,10.96,11.15,,1436900.0
2017-02-01,11.15,11.26,11.03,11.21,,2004093.0
2017-02-02,11.23,11.23,11.05,11.08,,2174706.0
2017-02-03,11.12,11.16,11.04,11.13,,2440344.0
2017-02-06,11.12,11.2,11.07,11.08,,1275644.0
2017-02-07,11.1,11.1,10.95,11.07,,1639616.0
2017-02-08,11.07,11.15,10.88,11.03,,2059362.0
2017-02-09,11.07,11.25,11.05,11.24,,2419291.0
2017-02-10,11.34,12.17,11.06,12.05,,4797877.0
2017-02-13,12.13,12.23,11.85,11.86,,2640827.0
2017-02-14,11.89,11.94,11.75,11.86,,3224446.0
2017-02-15,11.83,11.99,11.78,11.88,,2738459.0
2017-02-16,11.87,12.04,11.77,11.84,,2531705.0
2017-02-17,11.81,11.92,11.67,11.86,,3753415.0
2017-02-21,11.86,12.21,11.84,12.09,,2836401.0
2017-02-22,12.08,12.12,11.89,12.05,,2593019.0
2017-02-23,12.04,12.14,11.87,12.01,,3460609.0
2017-02-24,12.01,12.02,11.75,11.88,,2170424.0
2017-02-27,11.91,11.94,11.79,11.85,,1738855.0
2017-02-28,11.85,11.85,11.6,11.63,,2559719.0
2017-03-01,11.72,11.89,11.65,11.87,,1995100.0
2017-03-02,11.89,11.89,11.62,11.65,,1427687.0
2017-03-03,11.6,11.73,11.55,11.7,,2451162.0
2017-03-06,11.59,11.76,11.59,11.75,,2218092.0
2017-03-07,11.85,12.09,11.45,11.48,,2553826.0
2017-03-08,11.5,11.53,11.31,11.33,,2167397.0
2017-03-09,11.33,11.39,11.18,11.26,,1351568.0
2017-03-10,11.3,11.35,11.08,11.23,,1689682.0
2017-03-13,11.2,11.31,11.2,11.23,,1704580.0
2017-03-14,11.2,11.34,11.16,11.34,,1698385.0
2017-03-15,11.35,11.95,11.29,11.52,,1857429.0
2017-03-16,11.51,11.57,11.46,11.56,,1541000.0
2017-03-17,11.52,11.62,11.49,11.57,,2534384.0
2017-03-20,11.58,11.58,11.46,11.55,,1121034.0
2017-03-21,11.61,11.67,11.42,11.45,,3366595.0
2017-03-22,11.46,11.51,11.37,11.45,,1430117.0
2017-03-23,11.45,11.54,11.42,11.48,,1421749.0
2017-03-24,11.5,11.57,11.43,11.48,,1180227.0
2017-03-27,11.43,11.53,11.43,11.5,,1404856.0
2017-03-28,11.51,11.77,11.47,11.74,,1211628.0
2017-03-29,11.71,11.91,11.66,11.89,,1136512.0
2017-03-30,11.88,12.17,11.84,12.11,,2539404.0
2017-03-31,11.97,11.98,11.79,11.89,,3623979.0
2017-04-03,11.85,12.06,11.68,11.69,,2463935.0
2017-04-04,11.74,11.79,11.65,11.68,,1445388.0
2017-04-05,11.72,11.8,11.48,11.55,,2086108.0
2017-04-06,11.51,11.58,11.43,11.49,,1724911.0
2017-04-07,11.48,11.49,11.43,11.44,,3552578.0
2017-04-10,11.44,11.55,11.42,11.46,,1913070.0
2017-04-11,11.43,11.48,11.37,11.43,,1623720.0
2017-04-12,11.42,11.49,11.35,11.42,,1697162.0
2017-04-13,11.42,11.45,11.26,11.27,,1857405.0
2017-04-17,11.33,11.37,11.25,11.35,,1617722.0
2017-04-18,11.3,11.38,11.14,11.27,,1668159.0
2017-04-19,11.32,11.41,11.28,11.37,,1696467.0
2017-04-20,11.38,11.9,11.37,11.83,,2718624.0
2017-04-21,11.8,11.88,11.63,11.79,,2142311.0
2017-04-24,11.93,11.97,11.86,11.92,,1498701.0
2017-04-25,11.96,12.01,11.89,11.95,,1234961.0
2017-04-26,11.95,12.01,11.83,11.83,,2178581.0
2017-04-27,11.85,11.91,11.78,11.85,,1122403.0
2017-04-28,11.82,11.87,11.51,11.63,,1825463.0
2017-05-01,11.66,11.76,11.57,11.65,,1133612.0
2017-05-02,11.62,11.66,11.5,11.54,,1493208.0
2017-05-03,11.51,11.53,11.42,11.49,,1627488.0
2017-05-04,11.56,11.56,11.37,11.49,,2488827.0
2017-05-05,11.51,11.6,11.51,11.6,,945720.0
2017-05-08,11.61,11.81,11.58,11.69,,2224926.0
2017-05-09,11.71,12.0,11.66,11.99,,3310265.0
2017-05-10,11.25,12.16,11.21,11.62,,4190731.0
2017-05-11,11.58,11.68,11.48,11.59,,2259565.0
2017-05-12,11.58,11.64,11.51,11.62,,1640483.0
2017-05-15,11.69,11.83,11.67,11.79,,1997369.0
2017-05-16,11.85,11.85,11.71,11.82,,1796027.0
2017-05-17,11.74,11.76,11.57,11.58,,2506679.0
2017-05-18,11.6,11.69,11.5,11.61,,2351408.0
2017-05-19,11.63,11.73,11.44,11.72,,1678726.0
2017-05-22,11.76,12.02,11.62,12.0,,1851229.0
2017-05-23,12.04,12.12,11.94,12.02,,1452859.0
2017-05-24,12.06,12.1,12.0,12.09,,1025103.0
2017-05-25,12.15,12.17,12.04,12.08,,955169.0
2017-05-26,12.1,12.28,12.04,12.27,,1870253.0
2017-05-30,12.18,12.28,12.01,12.15,,1470192.0
2017-05-31,12.19,12.24,11.98,12.23,,2342010.0
2017-06-01,12.34,12.45,12.23,12.41,,1641351.0
2017-06-02,12.39,12.47,12.28,12.42,,1505880.0
2017-06-05,12.44,12.44,12.26,12.29,,1553895.0
2017-06-06,12.26,12.34,12.09,12.33,,1445079.0
2017-06-07,12.38,12.39,12.17,12.22,,1974006.0
2017-06-08,12.19,12.37,12.05,12.35,,2074812.0
2017-06-09,12.39,12.51,12.28,12.48,,1701187.0
2017-06-12,12.48,12.65,12.46,12.5,,1602093.0
2017-06-13,12.48,12.53,12.37,12.4,,1943171.0
2017-06-14,12.43,12.46,12.34,12.42,,2744168.0
2017-06-15,12.43,12.55,12.29,12.44,,1279320.0
2017-06-16,12.47,12.6,12.36,12.55,,2112319.0
2017-06-19,12.57,12.66,12.46,12.6,,818039.0
2017-06-20,12.57,12.57,12.33,12.33,,907900.0
2017-06-21,12.38,12.44,12.29,12.37,,1434676.0
2017-06-22,12.37,12.39,12.16,12.3,,1378963.0
2017-06-23,12.29,12.45,12.23,12.43,,1272044.0
2017-06-26,12.44,12.51,12.37,12.49,,1016836.0
2017-06-27,12.44,12.61,12.42,12.49,,1180002.0
2017-06-28,12.55,12.73,12.53,12.66,,1758126.0
2017-06-29,12.66,12.73,12.24,12.44,,1742135.0
2017-06-30,12.46,12.58,12.21,12.53,,1709719.0
2017-07-03,12.56,12.73,12.48,12.7,,1107965.0
2017-07-05,12.7,12.7,12.51,12.55,,1856978.0
2017-07-06,12.5,12.51,12.09,12.11,,2037864.0
2017-07-07,12.14,12.22,12.05,12.18,,1643621.0
2017-07-10,12.14,12.26,12.01,12.02,,1744523.0
2017-07-11,12.01,12.19,11.95,12.13,,1616873.0
2017-07-12,12.18,12.28,12.05,12.07,,2723271.0
2017-07-13,12.1,12.18,12.05,12.1,,1249051.0
2017-07-14,12.16,12.45,12.1,12.41,,1539512.0
2017-07-17,12.41,12.58,12.36,12.51,,1106350.0
2017-07-18,12.48,12.51,12.36,12.46,,1104934.0
2017-07-19,12.51,12.78,12.51,12.74,,1335965.0
2017-07-20,12.72,12.87,12.69,12.76,,1170281.0
2017-07-21,12.71,12.86,12.71,12.74,,2505644.0
2017-07-24,12.76,12.84,12.73,12.78,,1022089.0
2017-07-25,12.85,12.96,12.65,12.91,,1265991.0
2017-07-26,12.91,13.11,12.91,13.01,,1154249.0
2017-07-27,12.99,13.12,12.99,13.05,,1146717.0
2017-07-28,13.04,13.24,13.03,13.16,,1100167.0
2017-07-31,13.19,13.19,13.04,13.08,,1046065.0
2017-08-01,13.15,13.22,13.05,13.19,,964379.0
2017-08-02,13.17,13.17,12.97,13.05,,1523502.0
2017-08-03,13.06,13.16,12.96,13.03,,929620.0
2017-08-04,13.06,13.06,12.89,12.91,,1769669.0
2017-08-07,12.91,13.19,12.91,13.11,,946217.0
2017-08-08,13.09,13.09,12.88,13.02,,938964.0
2017-08-09,12.96,13.0,12.84,12.96,,892560.0
2017-08-10,12.92,12.97,12.43,12.51,,2985626.0
2017-08-11,12.58,12.84,12.25,12.28,,3490910.0
2017-08-14,12.38,12.44,12.16,12.22,,2284325.0
2017-08-15,12.26,12.29,12.14,12.17,,1057357.0
2017-08-16,12.26,12.33,12.08,12.12,,1505512.0
2017-08-17,12.07,12.3,12.07,12.1,,2198783.0
2017-08-18,12.12,12.32,11.93,12.13,,1997828.0
2017-08-21,12.08,12.21,12.06,12.17,,1531570.0
2017-08-22,12.14,12.29,12.14,12.24,,1194904.0
2017-08-23,12.15,12.2,11.99,12.05,,1549787.0
2017-08-24,12.08,12.1,11.97,12.07,,1156520.0
2017-08-25,12.14,12.32,11.95,12.27,,1492828.0
2017-08-28,12.22,12.32,12.15,12.28,,1551398.0
2017-08-29,12.22,12.24,12.1,12.22,,2164740.0
2017-08-30,12.22,12.22,12.03,12.16,,1638937.0
2017-08-31,12.18,12.26,12.13,12.22,,1216475.0
2017-09-01,12.25,12.36,12.23,12.3,,922543.0
2017-09-05,12.3,12.31,12.06,12.14,,1339093.0
2017-09-06,12.19,12.33,12.13,12.24,,3564401.0
2017-09-07,12.28,12.42,12.24,12.37,,1830343.0
2017-09-08,12.37,12.38,11.99,12.01,,2108491.0
2017-09-11,12.1,12.26,12.06,12.2,,2553895.0
2017-09-12,12.25,12.3,12.15,12.22,,1804700.0
2017-09-13,12.17,12.17,11.83,11.98,,2000516.0
2017-09-14,11.98,12.06,11.94,12.02,,1748303.0
2017-09-15,12.02,12.12,11.92,12.06,,2439880.0
2017-09-18,12.11,12.18,11.96,12.06,,1625493.0
2017-09-19,12.07,12.12,11.94,12.02,,1757600.0
2017-09-20,12.07,12.17,12.0,12.13,,1458367.0
2017-09-21,12.12,12.15,11.99,12.05,,1404783.0
2017-09-22,11.99,12.09,11.96,12.0,,1093683.0
2017-09-25,12.02,12.18,11.99,12.16,,1393915.0
2017-09-26,12.19,12.19,12.04,12.08,,1151952.0
2017-09-27,12.1,12.25,12.04,12.22,,1319035.0
2017-09-28,12.17,12.3,12.09,12.22,,2189501.0
2017-09-29,12.18,12.22,12.12,12.22,,921394.0
2017-10-02,12.24,12.32,12.15,12.23,,1640774.0
2017-10-03,12.24,12.37,12.2,12.32,,1592548.0
2017-10-04,12.33,12.36,12.25,12.31,,903126.0
2017-10-05,12.35,12.4,12.28,12.37,,1134026.0
2017-10-06,12.35,12.38,12.19,12.24,,1653916.0
2017-10-09,12.23,12.24,12.11,12.14,,817013.0
2017-10-10,12.22,12.48,12.21,12.44,,2186652.0
2017-10-11,12.4,12.44,12.3,12.42,,1162051.0
2017-10-12,12.4,12.51,12.32,12.47,,1768858.0
2017-10-13,12.54,12.66,12.46,12.6,,1440720.0
2017-10-16,12.6,12.68,12.54,12.6,,1703178.0
2017-10-17,12.57,12.61,12.5,12.55,,1280552.0
2017-10-18,12.55,12.69,12.54,12.65,,1218465.0
2017-10-19,12.58,12.63,12.48,12.55,,1312468.0
2017-10-20,12.61,12.69,12.58,12.63,,1291967.0
2017-10-23,12.64,12.68,12.59,12.67,,1011373.0
2017-10-24,12.67,12.69,12.5,12.56,,1428898.0
2017-10-25,12.55,12.63,12.46,12.58,,1242924.0
2017-10-26,12.61,12.73,12.55,12.6,,1263305.0
2017-10-27,12.58,12.65,12.43,12.61,,1576443.0
2017-10-30,12.6,12.74,12.57,12.72,,1393806.0
2017-10-31,12.74,12.74,12.55,12.58,,1619728.0
2017-11-01,12.65,12.77,12.54,12.63,,1899877.0
2017-11-02,12.59,12.74,12.51,12.71,,1693466.0
2017-11-03,12.68,12.78,12.62,12.78,,2277927.0
2017-11-06,12.8,13.16,12.75,13.16,,4188905.0
2017-11-07,13.09,13.38,12.98,13.04,,2614413.0
2017-11-08,12.97,13.04,12.91,13.03,,1363183.0
2017-11-09,13.02,13.41,12.96,13.23,,2497416.0
2017-11-10,13.51,14.55,13.44,13.91,,5303503.0
2017-11-13,13.91,14.2,13.82,14.03,,2585177.0
2017-11-14,13.98,14.28,13.92,14.07,,2636265.0
2017-11-15,14.03,14.08,13.91,13.99,,1945077.0
2017-11-16,13.98,14.49,13.96,14.48,,2648250.0
2017-11-17,14.45,14.68,14.36,14.59,,2433950.0
2017-11-20,14.58,14.58,14.39,14.44,,2452990.0
2017-11-21,14.5,14.57,14.44,14.55,,2537931.0
2017-11-22,14.57,14.62,14.51,14.53,,2120261.0
2017-11-24,14.57,14.57,14.46,14.53,,845567.0
2017-11-27,14.52,14.57,14.42,14.5,,2363662.0
2017-11-28,14.56,14.89,14.49,14.88,,2697848.0
2017-11-29,14.83,15.14,14.83,15.06,,2313983.0
2017-11-30,15.11,15.13,14.83,14.89,,3403658.0
2017-12-01,14.96,15.03,14.64,14.92,,3090429.0
2017-12-04,14.98,15.54,14.92,15.24,,3558420.0
2017-12-05,15.28,15.34,14.99,15.11,,2509287.0
2017-12-06,15.11,15.22,14.96,15.1,,3239698.0
2017-12-07,15.09,15.1,14.97,15.07,,2604255.0
2017-12-08,15.13,15.26,15.07,15.25,,1996960.0
2017-12-11,15.26,15.43,15.2,15.28,,3308512.0
2017-12-12,15.3,15.31,14.87,14.94,,2291390.0
2017-12-13,14.99,15.04,14.9,15.0,,3045667.0
2017-12-14,15.0,15.12,14.85,14.94,,3041246.0
2017-12-15,14.95,14.97,14.74,14.76,,4490740.0
2017-12-18,14.84,15.08,14.8,15.04,,2825027.0
2017-12-19,15.1,15.16,14.91,14.99,,3602794.0
2017-12-20,15.05,15.13,14.94,14.96,,2042653.0
2017-12-21,14.99,15.2,14.9,15.05,,2058353.0
2017-12-22,15.03,15.15,15.03,15.13,,2788976.0
2017-12-26,15.13,15.18,15.02,15.03,,667874.0
2017-12-27,15.05,15.09,14.93,14.97,,1300396.0
2017-12-28,15.0,15.05,14.9,15.04,,1119094.0
2017-12-29,15.05,15.09,14.93,14.93,,1374784.0
2018-01-02,15.02,15.15,14.95,15.14,,2472763.0
2018-01-03,15.15,15.23,15.12,15.19,,2812990.0
2018-01-04,15.24,15.38,15.21,15.28,,2328223.0
2018-01-05,15.56,15.75,15.22,15.48,,1790942.0
2018-01-08,15.48,15.52,15.36,15.5,,3595291.0
2018-01-09,15.53,15.63,15.47,15.55,,2127628.0
2018-01-10,15.52,15.57,15.45,15.52,,2134032.0
2018-01-11,15.54,15.86,15.54,15.74,,2071849.0
2018-01-12,15.76,15.83,15.64,15.8,,1864785.0
2018-01-16,15.85,15.9,15.61,15.63,,1832834.0
2018-01-17,15.63,15.93,15.61,15.85,,1876223.0
2018-01-18,15.83,15.87,15.66,15.67,,1544731.0
2018-01-19,15.74,15.92,15.63,15.86,,2838919.0
2018-01-22,15.81,15.84,15.64,15.83,,1676430.0
2018-01-23,15.76,15.77,15.62,15.73,,1471431.0
2018-01-24,15.77,15.84,15.64,15.74,,1682812.0
2018-01-25,15.76,15.8,15.64,15.7,,1051809.0
2018-01-26,15.76,15.81,15.59,15.79,,1279106.0
2018-01-29,15.75,15.88,15.67,15.72,,1243626.0
2018-01-30,15.68,15.85,15.59,15.71,,1732685.0
2018-01-31,15.7,15.79,15.62,15.76,,1655240.0
2018-02-01,15.68,15.75,15.48,15.5,,2084272.0
2018-02-02,15.46,15.5,15.1,15.12,,2320876.0
2018-02-05,15.11,15.28,14.58,14.58,,2443251.0
2018-02-06,14.38,15.03,14.02,15.01,,4465690.0
2018-02-07,14.93,15.07,14.71,14.8,,2684447.0
2018-02-08,14.75,14.87,14.41,14.42,,2240354.0
2018-02-09,14.55,15.06,14.14,14.53,,3380392.0
2018-02-12,14.66,14.7,14.44,14.51,,2709973.0
2018-02-13,14.46,14.97,14.46,14.94,,2663209.0
2018-02-14,14.84,15.11,14.8,15.05,,2763443.0
2018-02-15,15.08,15.19,14.95,15.08,,1883390.0
2018-02-16,15.03,15.15,14.92,14.98,,2155023.0
2018-02-20,14.88,14.95,14.68,14.69,,1967189.0
2018-02-21,14.7,14.95,14.7,14.75,,3356766.0
2018-02-22,14.85,15.05,14.85,14.94,,2380596.0
2018-02-23,15.02,15.21,14.87,15.2,,1424044.0
2018-02-26,15.23,15.35,15.15,15.33,,1082800.0
2018-02-27,15.3,15.36,15.08,15.09,,1346671.0
2018-02-28,15.1,15.15,14.85,14.86,,2021650.0
2018-03-01,14.84,14.92,14.46,14.51,,2916092.0
2018-03-02,14.51,14.65,14.41,14.62,,4372594.0
2018-03-05,14.55,14.91,14.52,14.88,,1831376.0
2018-03-06,14.89,15.15,14.82,15.13,,1962191.0
2018-03-07,14.99,15.06,14.83,15.02,,1819293.0
2018-03-08,15.08,15.1,14.88,14.94,,1036512.0
2018-03-09,15.02,15.17,14.95,15.17,,1203660.0
2018-03-12,15.21,15.36,15.16,15.25,,955326.0
2018-03-13,15.35,15.45,15.12,15.17,,955805.0
2018-03-14,15.25,15.27,15.08,15.14,,965258.0
2018-03-15,15.15,15.29,15.15,15.22,,1463936.0
2018-03-16,15.24,15.46,15.24,15.39,,1981484.0
2018-03-19,15.34,15.43,15.13,15.15,,2654725.0
2018-03-20,15.17,15.21,15.08,15.16,,1602254.0
2018-03-21,15.16,15.37,15.14,15.3,,1519310.0
2018-03-22,15.18,15.36,15.06,15.08,,2082005.0
2018-03-23,15.1,15.14,14.42,14.42,,2156663.0
2018-03-26,14.59,14.61,14.22,14.53,,2441109.0
2018-03-27,14.56,14.72,14.38,14.44,,1499821.0
2018-03-28,14.44,14.54,14.3,14.3,,3200482.0
2018-03-29,14.42,14.78,14.31,14.64,,1930604.0
2018-04-02,14.61,14.67,14.16,14.28,,1884811.0
2018-04-03,14.29,14.51,14.09,14.5,,1979288.0
2018-04-04,14.3,14.64,14.22,14.63,,2055141.0
2018-04-05,14.63,14.77,14.49,14.6,,2166855.0
2018-04-06,14.45,14.64,14.26,14.37,,1306775.0
2018-04-09,14.41,14.74,14.38,14.51,,2583984.0
2018-04-10,14.63,14.97,14.59,14.78,,1651344.0
2018-04-11,14.67,14.77,14.61,14.64,,2031632.0
2018-04-12,14.72,14.8,14.61,14.75,,957079.0
2018-04-13,14.74,14.89,14.54,14.57,,943273.0
2018-04-16,14.65,14.82,14.58,14.78,,2730545.0
2018-04-17,14.85,14.95,14.77,14.92,,1472352.0
2018-04-18,14.92,15.01,14.83,14.86,,1515782.0
2018-04-19,14.81,15.03,14.78,15.01,,1550488.0
2018-04-20,15.04,15.04,14.92,14.99,,2417061.0
2018-04-23,15.0,15.08,14.91,15.0,,1107760.0
2018-04-24,15.05,15.1,14.71,14.74,,1173026.0
2018-04-25,14.71,14.78,14.6,14.72,,1094548.0
2018-04-26,14.82,14.88,14.72,14.8,,1101045.0
2018-04-27,14.78,15.1,14.7,14.84,,883248.0
2018-04-30,14.89,14.98,14.76,14.81,,1387642.0
2018-05-01,14.77,14.86,14.66,14.84,,1874515.0
2018-05-02,14.78,14.83,14.54,14.56,,2250715.0
2018-05-03,14.55,14.76,14.41,14.72,,1368156.0
2018-05-04,14.65,14.97,14.62,14.96,,1236126.0
2018-05-07,14.98,15.25,14.91,15.19,,1493696.0
2018-05-08,15.12,15.27,15.12,15.17,,2328580.0
2018-05-09,15.24,15.31,14.85,15.3,,1688206.0
2018-05-10,15.35,15.43,15.24,15.38,,1979696.0
2018-05-11,14.92,15.35,14.07,14.07,,3252955.0
2018-05-14,14.3,14.77,14.28,14.66,,4637769.0
2018-05-15,14.63,14.71,14.46,14.64,,2364096.0
2018-05-16,14.64,14.82,14.54,14.73,,1996350.0
2018-05-17,14.7,14.77,14.55,14.59,,2517763.0
2018-05-18,14.53,14.59,14.45,14.49,,2746089.0
2018-05-21,14.52,14.64,14.44,14.55,,1570633.0
2018-05-22,14.55,14.64,14.45,14.47,,1430084.0
2018-05-23,14.39,14.43,14.27,14.35,,1275884.0
2018-05-24,14.32,14.43,14.27,14.39,,1576997.0
2018-05-25,14.36,14.48,14.33,14.44,,1269618.0
2018-05-29,14.33,14.48,13.93,13.98,,2067155.0
2018-05-30,14.06,14.33,14.06,14.27,,1667512.0
2018-05-31,14.26,14.3,13.88,13.93,,2912590.0
2018-06-01,14.03,14.14,13.99,14.1,,2238395.0
2018-06-04,14.18,14.23,14.11,14.17,,1478790.0
2018-06-05,14.14,14.51,14.14,14.48,,1727095.0
2018-06-06,14.5,14.63,14.4,14.55,,1577541.0
2018-06-07,14.57,14.64,14.47,14.51,,1539426.0
2018-06-08,14.52,14.7,14.49,14.66,,1513847.0
2018-06-11,14.64,14.76,14.59,14.71,,902451.0
2018-06-12,14.76,14.88,14.7,14.83,,1137605.0
2018-06-13,14.88,15.15,14.68,14.69,,2326742.0
2018-06-14,14.8,14.88,14.66,14.85,,2124363.0
2018-06-15,14.82,14.91,14.63,14.81,,3337147.0
2018-06-18,14.74,14.9,14.67,14.89,,1922929.0
2018-06-19,14.76,14.84,14.72,14.78,,1516681.0
2018-06-20,14.85,14.93,14.7,14.84,,1407494.0
2018-06-21,14.81,14.81,14.58,14.64,,1848388.0
2018-06-22,14.72,14.74,14.66,14.66,,1954303.0
2018-06-25,14.65,14.72,14.34,14.4,,2091516.0
2018-06-26,14.44,14.45,14.23,14.39,,1961240.0
2018-06-27,14.39,14.58,14.3,14.31,,1777201.0
2018-06-28,14.36,14.45,14.26,14.39,,1260059.0
2018-06-29,14.39,14.57,14.35,14.37,,1886335.0
2018-07-02,14.31,14.35,13.96,14.04,,2719081.0
2018-07-03,14.13,14.24,14.11,14.16,,1121549.0
2018-07-05,14.21,14.21,14.0,14.16,,1325851.0
2018-07-06,14.22,14.36,14.12,14.27,,1724531.0
2018-07-09,14.31,14.39,14.26,14.37,,1912519.0
2018-07-10,14.4,14.65,14.29,14.62,,2166181.0
2018-07-11,14.51,14.53,14.39,14.41,,1139324.0
2018-07-12,14.48,14.51,14.32,14.42,,1976386.0
2018-07-13,14.44,14.51,14.42,14.45,,1013417.0
2018-07-16,14.47,14.49,14.26,14.28,,1336357.0
2018-07-17,14.29,14.32,14.21,14.26,,1929943.0
2018-07-18,14.23,14.49,14.18,14.41,,1894080.0
2018-07-19,14.34,14.51,14.32,14.36,,2064361.0
2018-07-20,14.36,14.39,14.15,14.16,,1547291.0
2018-07-23,14.19,14.37,14.13,14.15,,1387140.0
2018-07-24,14.05,14.28,13.9,13.95,,1132689.0
2018-07-25,13.92,14.09,13.89,14.06,,1622776.0
2018-07-26,14.08,14.18,13.93,13.99,,1591046.0
2018-07-27,14.03,14.07,13.76,13.8,,1455248.0
2018-07-30,13.8,13.95,13.71,13.86,,1661249.0
2018-07-31,13.92,14.02,13.81,13.97,,2125266.0
2018-08-01,13.89,14.0,13.86,13.97,,2158552.0
2018-08-02,13.89,13.94,13.81,13.91,,1234498.0
2018-08-03,13.95,14.0,13.84,13.98,,1288106.0
2018-08-06,13.95,14.12,13.92,14.01,,1736294.0
2018-08-07,14.01,14.1,13.89,14.03,,1443600.0
2018-08-08,14.04,14.08,13.88,14.03,,1715945.0
2018-08-09,14.06,14.31,13.94,14.14,,3182879.0
2018-08-10,14.06,14.06,12.05,12.23,,5993797.0
2018-08-13,12.42,12.78,12.36,12.59,,5979357.0
2018-08-14,12.7,12.93,12.52,12.69,,4395672.0
2018-08-15,12.6,12.7,12.5,12.67,,4709922.0
2018-08-16,12.67,12.97,12.57,12.88,,4227461.0
2018-08-17,12.85,12.95,12.72,12.88,,3435768.0
2018-08-20,12.4,12.71,12.3,12.58,,4740605.0
2018-08-21,12.59,12.64,12.41,12.58,,4421528.0
2018-08-22,12.6,12.74,12.53,12.65,,2518345.0
2018-08-23,12.58,12.65,12.37,12.43,,2437926.0
2018-08-24,12.45,12.57,12.3,12.42,,3671052.0
2018-08-27,12.42,12.51,12.21,12.28,,3036956.0
2018-08-28,12.28,12.37,12.2,12.24,,2180454.0
2018-08-29,12.37,12.51,12.31,12.36,,2753974.0
2018-08-30,12.36,12.46,12.22,12.25,,2144768.0
2018-08-31,12.21,12.23,12.05,12.11,,3342123.0
2018-09-04,12.34,12.34,11.95,11.98,,2744776.0
2018-09-05,11.94,12.07,11.84,11.94,,4090945.0
2018-09-06,11.94,12.03,11.7,11.77,,4415157.0
2018-09-07,11.7,11.85,11.52,11.73,,2617080.0
2018-09-10,11.77,11.82,11.6,11.7,,3080826.0
2018-09-11,11.72,11.76,11.52,11.71,,3195196.0
2018-09-12,11.67,11.78,11.53,11.55,,3030747.0
2018-09-13,11.58,11.77,11.58,11.68,,1953003.0
2018-09-14,11.71,11.79,11.52,11.62,,2412840.0
2018-09-17,11.72,11.72,11.46,11.46,,2056354.0
2018-09-18,11.52,11.69,11.44,11.6,,5667641.0
2018-09-19,11.63,11.82,11.6,11.7,,2533354.0
2018-09-20,11.72,11.82,11.61,11.79,,2988313.0
2018-09-21,11.82,11.97,11.69,11.97,,8676628.0
2018-09-24,11.87,12.0,11.8,11.91,,3589440.0
2018-09-25,11.92,12.09,11.88,12.06,,3378170.0
2018-09-26,12.03,12.11,11.91,12.01,,3863709.0
2018-09-27,12.2,12.22,11.92,12.03,,8924655.0
2018-09-28,12.01,12.35,11.94,12.32,,6623861.0
2018-10-01,12.35,12.43,12.15,12.24,,4504769.0
2018-10-02,12.24,12.29,12.15,12.21,,3415129.0
2018-10-03,12.25,12.53,12.15,12.5,,8764427.0
2018-10-04,12.44,12.51,12.33,12.45,,6250379.0
2018-10-05,12.58,12.61,12.36,12.42,,5127043.0
2018-10-08,12.37,12.45,12.28,12.44,,2362091.0
2018-10-09,12.6,12.63,12.39,12.59,,5855908.0
2018-10-10,12.48,12.56,11.92,11.93,,5587730.0
2018-10-11,11.91,11.99,11.77,11.87,,8657849.0
2018-10-12,12.02,12.03,11.86,11.98,,9594011.0
2018-10-15,11.9,12.23,11.83,12.14,,2062801.0
2018-10-16,12.21,12.31,11.94,12.28,,3384572.0
2018-10-17,12.28,12.4,12.16,12.34,,4082876.0
2018-10-18,12.35,12.43,12.2,12.28,,3213315.0
2018-10-19,12.34,12.5,12.23,12.27,,2794785.0
2018-10-22,12.31,12.33,12.21,12.32,,2750444.0
2018-10-23,12.16,12.31,12.02,12.23,,4078996.0
2018-10-24,12.19,12.32,11.98,12.01,,6921925.0
2018-10-25,12.07,12.15,11.89,12.01,,4822351.0
2018-10-26,11.93,11.99,11.73,11.84,,5926189.0
2018-10-29,11.95,12.1,11.57,11.65,,5166342.0
2018-10-30,11.69,11.98,11.66,11.98,,2854326.0
2018-10-31,12.12,12.45,12.01,12.32,,9907114.0
2018-11-01,12.3,12.35,12.1,12.27,,4137997.0
2018-11-02,12.3,12.39,12.15,12.3,,2111281.0
2018-11-05,12.3,12.44,12.22,12.3,,3608159.0
2018-11-06,12.3,12.45,12.03,12.4,,3094750.0
2018-11-07,12.52,12.61,12.37,12.55,,6278451.0
2018-11-08,13.07,13.21,12.57,13.21,,9426129.0
2018-11-09,13.17,13.43,13.09,13.3,,3770524.0
2018-11-12,13.29,13.33,12.77,12.79,,3801443.0
2018-11-13,12.84,12.97,12.72,12.76,,3371174.0
2018-11-14,12.8,12.93,12.72,12.9,,2909079.0
2018-11-15,12.83,12.83,12.53,12.68,,4242224.0
2018-11-16,12.66,12.86,12.6,12.68,,2758135.0
2018-11-19,12.67,12.69,12.39,12.43,,2801307.0
2018-11-20,12.3,12.44,11.73,11.77,,4588765.0
2018-11-21,11.79,12.09,11.73,11.76,,4066870.0
2018-11-23,11.73,11.88,11.68,11.78,,1691695.0
2018-11-26,11.92,12.19,11.88,12.17,,3508768.0
2018-11-27,12.12,12.3,11.95,12.02,,3349792.0
2018-11-28,12.03,12.28,11.91,12.27,,2652211.0
2018-11-29,12.2,12.49,12.2,12.34,,2203367.0
2018-11-30,12.37,12.41,12.12,12.13,,3953499.0
2018-12-03,12.32,12.55,12.24,12.43,,3140573.0
2018-12-04,12.44,12.52,12.01,12.04,,3087221.0
2018-12-06,11.87,11.92,11.51,11.65,,4173422.0
2018-12-07,11.65,11.82,11.46,11.55,,2538027.0
2018-12-10,11.55,11.73,11.31,11.71,,3082845.0
2018-12-11,11.87,12.15,11.54,11.64,,2465034.0
2018-12-12,11.97,12.03,11.66,11.89,,3042023.0
2018-12-13,11.91,12.13,11.69,11.77,,2915216.0
2018-12-14,11.68,11.69,11.4,11.44,,3077105.0
2018-12-17,11.45,11.55,11.2,11.28,,3732518.0
2018-12-18,11.31,11.54,11.09,11.18,,3263406.0
2018-12-19,11.23,11.45,11.02,11.06,,3575001.0
2018-12-20,11.05,11.05,10.53,10.59,,4034966.0
2018-12-21,10.65,10.89,10.3,10.31,,5417992.0
2018-12-24,10.29,10.44,10.15,10.16,,1370350.0
2018-12-26,10.21,10.45,9.95,10.45,,3033778.0
2018-12-27,10.32,10.47,10.05,10.47,,3010347.0
2018-12-28,10.5,10.64,10.36,10.51,,2466998.0
2018-12-31,10.56,10.65,10.38,10.6,,1950893.0
2019-01-02,10.47,10.71,10.39,10.64,,2196705.0
2019-01-03,10.6,10.72,10.43,10.54,,2282014.0
2019-01-04,10.67,11.02,10.67,11.0,,1830301.0
2019-01-07,10.96,11.27,10.9,11.19,,2191335.0
2019-01-08,11.27,11.43,11.2,11.36,,2295648.0
2019-01-09,11.27,11.51,11.27,11.41,,1344182.0
2019-01-10,11.39,11.43,11.28,11.38,,1440686.0
2019-01-11,11.3,11.44,11.27,11.44,,1758364.0
2019-01-14,11.7,11.7,11.42,11.48,,1419045.0
2019-01-15,11.48,11.68,11.47,11.57,,1881987.0
2019-01-16,11.56,11.67,11.5,11.57,,1548296.0
2019-01-17,11.52,11.72,11.41,11.62,,1851133.0
2019-01-18,11.7,11.73,11.6,11.7,,1358983.0
2019-01-22,11.64,11.69,11.47,11.54,,2076868.0
2019-01-23,11.58,11.58,11.2,11.37,,3508767.0
2019-01-24,11.36,11.64,11.29,11.62,,1978634.0
2019-01-25,11.73,11.95,11.72,11.86,,3064103.0
2019-01-28,11.79,11.87,11.69,11.8,,1664128.0
2019-01-29,11.8,11.98,11.8,11.88,,3439267.0
2019-01-30,11.87,11.96,11.69,11.84,,1449494.0
2019-01-31,11.85,12.02,11.82,11.99,,2883467.0
2019-02-01,12.01,12.01,11.86,11.9,,2227678.0
2019-02-04,11.89,12.11,11.86,12.02,,2757705.0
2019-02-05,12.01,12.14,11.94,12.13,,2788145.0
2019-02-06,12.13,12.27,12.06,12.07,,2205830.0
2019-02-07,11.99,12.0,11.69,11.87,,3518803.0
2019-02-08,11.84,12.1,11.39,11.64,,3686241.0
2019-02-11,11.72,11.95,11.3,11.42,,2912244.0
2019-02-12,11.45,11.7,11.45,11.59,,2014203.0
2019-02-13,11.6,11.78,11.55,11.62,,2069939.0
2019-02-14,11.58,11.82,11.54,11.68,,1654016.0
2019-02-15,11.74,11.93,11.62,11.91,,2198571.0
2019-02-19,11.9,12.05,11.87,11.92,,2243061.0
2019-02-20,11.94,12.17,11.88,12.03,,2385356.0
2019-02-21,11.99,12.01,11.91,11.96,,2050530.0
2019-02-22,12.01,12.19,11.99,12.13,,6131993.0
2019-02-25,12.25,12.32,12.14,12.16,,3020713.0
2019-02-26,12.16,12.21,12.12,12.16,,3982919.0
2019-02-27,12.1,12.25,12.04,12.18,,2231513.0
2019-02-28,12.18,12.22,12.13,12.16,,3344847.0
2019-03-01,12.23,12.41,12.2,12.38,,2331085.0
2019-03-04,12.47,12.53,12.25,12.37,,2566092.0
2019-03-05,12.38,12.41,12.24,12.31,,2348603.0
2019-03-06,12.28,12.35,12.1,12.26,,1859701.0
2019-03-07,12.25,12.26,12.01,12.05,,1796391.0
2019-03-08,11.93,11.98,11.85,11.96,,2167607.0
2019-03-11,12.02,12.22,11.99,12.18,,2174339.0
2019-03-12,12.22,12.32,12.08,12.12,,2183210.0
2019-03-13,12.15,12.16,11.95,12.0,,2725720.0
2019-03-14,12.01,12.01,11.88,11.9,,2152443.0
2019-03-15,11.94,11.98,11.83,11.9,,4663854.0
2019-03-18,11.9,12.04,11.86,11.88,,2703976.0
2019-03-19,11.9,11.96,11.75,11.81,,2961998.0
2019-03-20,11.8,11.94,11.64,11.86,,5394811.0
2019-03-21,11.83,12.21,11.81,12.1,,4962580.0
2019-03-22,12.18,12.18,11.8,11.89,,3032191.0
2019-03-25,11.89,11.96,11.78,11.83,,7929430.0
2019-03-26,11.83,11.92,11.65,11.69,,2788063.0
2019-03-27,11.73,11.75,11.52,11.59,,4313946.0
2019-03-28,11.61,11.69,11.5,11.66,,1852792.0
2019-03-29,11.7,11.73,11.63,11.71,,2173431.0
2019-04-01,11.79,11.9,11.74,11.79,,3528407.0
2019-04-02,11.79,11.84,11.68,11.71,,3013950.0
2019-04-03,11.8,11.94,11.71,11.76,,2727318.0
2019-04-04,11.8,11.87,11.76,11.77,,2168725.0
2019-04-05,11.79,11.89,11.75,11.82,,1921143.0
2019-04-08,11.84,11.93,11.76,11.79,,1237851.0
2019-04-09,11.77,11.84,11.73,11.79,,1664291.0
2019-04-10,11.75,11.92,11.75,11.91,,1425330.0
2019-04-11,11.92,11.95,11.81,11.81,,1616198.0
2019-04-12,11.88,11.96,11.84,11.91,,1442338.0
2019-04-15,11.92,11.97,11.76,11.81,,1877003.0
2019-04-16,11.85,11.98,11.8,11.93,,2052293.0
2019-04-17,11.97,12.09,11.84,11.85,,2170279.0
2019-04-18,11.84,11.84,11.61,11.79,,4339994.0
2019-04-22,11.76,11.78,11.68,11.71,,1845892.0
2019-04-23,11.69,11.85,11.69,11.77,,3062765.0
2019-04-24,11.77,11.82,11.74,11.78,,2137335.0
2019-04-25,11.71,11.76,11.52,11.63,,2043700.0
2019-04-26,11.65,11.74,11.59,11.73,,3988587.0
2019-04-29,11.72,11.86,11.65,11.71,,2603298.0
2019-04-30,11.71,11.75,11.56,11.69,,3836254.0
2019-05-01,11.71,11.8,11.63,11.65,,2905001.0
2019-05-02,11.65,11.65,11.45,11.54,,1920146.0
2019-05-03,11.57,11.65,11.57,11.62,,1208781.0
2019-05-06,11.47,11.54,11.27,11.33,,2023806.0
2019-05-07,11.19,11.29,10.82,10.89,,3907950.0
2019-05-08,10.85,10.99,10.75,10.75,,3533529.0
2019-05-09,10.69,10.85,10.56,10.76,,4238557.0
2019-05-10,10.86,11.44,10.86,11.2,,4656228.0
2019-05-13,10.98,11.13,10.71,10.79,,3227796.0
2019-05-14,10.83,10.95,10.78,10.85,,2653028.0
2019-05-15,10.74,10.93,10.65,10.89,,2160712.0
2019-05-16,10.93,11.05,10.85,10.86,,1644715.0
2019-05-17,10.77,10.86,10.69,10.74,,1665136.0
2019-05-20,10.94,11.14,10.88,10.91,,3033634.0
2019-05-21,11.02,11.14,10.96,11.11,,1877469.0
2019-05-22,11.07,11.13,11.01,11.07,,1778289.0
2019-05-23,11.02,11.12,10.91,11.1,,4068142.0
2019-05-24,11.15,11.21,11.04,11.09,,1709486.0
2019-05-28,11.12,11.16,10.97,11.09,,2941919.0
2019-05-29,11.08,11.13,10.87,10.93,,2416940.0
2019-05-30,10.94,11.03,10.76,10.78,,2370819.0
2019-05-31,10.69,10.79,10.69,10.72,,2083187.0
2019-06-03,10.7,10.83,10.69,10.75,,3259402.0
2019-06-04,10.96,10.98,10.82,10.9,,4425264.0
2019-06-05,10.94,10.97,10.71,10.94,,5194529.0
2019-06-06,10.93,11.0,10.87,10.92,,5363621.0
2019-06-07,10.93,11.06,10.91,11.03,,3511818.0
2019-06-10,11.12,11.16,11.02,11.08,,2692760.0
2019-06-11,11.16,11.18,11.07,11.11,,2049243.0
2019-06-12,11.08,11.16,11.02,11.05,,1673212.0
2019-06-13,11.07,11.14,11.01,11.1,,2643420.0
2019-06-14,11.08,11.17,11.08,11.14,,3202532.0
2019-06-17,11.16,11.56,11.16,11.52,,6289000.0
2019-06-18,11.53,12.26,11.53,12.14,,7611668.0
2019-06-19,12.15,12.66,12.15,12.59,,6237205.0
2019-06-20,12.73,12.81,12.6,12.77,,4299535.0
2019-06-21,12.76,12.89,12.59,12.74,,7949590.0
2019-06-24,12.71,12.75,12.52,12.54,,2618981.0
2019-06-25,12.53,12.59,12.47,12.48,,2129995.0
2019-06-26,12.49,12.62,12.47,12.52,,3143129.0
2019-06-27,12.54,12.71,12.54,12.64,,2598721.0
2019-06-28,12.66,12.79,12.58,12.7,,6401708.0
2019-07-01,12.93,12.98,12.64,12.8,,3834293.0
2019-07-02,12.8,12.88,12.63,12.72,,2082213.0
2019-07-03,12.78,12.78,12.63,12.66,,1677132.0
2019-07-05,12.62,12.77,12.58,12.67,,1215354.0
2019-07-08,12.6,12.69,12.48,12.51,,1297893.0
2019-07-09,12.45,12.59,12.44,12.52,,2472295.0
2019-07-10,12.59,12.61,12.48,12.52,,1968780.0
2019-07-11,12.55,12.58,12.42,12.45,,3165645.0
2019-07-12,12.47,12.62,12.42,12.53,,2593200.0
2019-07-15,12.52,12.59,12.45,12.58,,2167339.0
2019-07-16,12.62,12.81,12.6,12.79,,2679022.0
2019-07-17,12.79,12.87,12.36,12.45,,2936466.0
2019-07-18,12.38,12.55,12.38,12.5,,3231883.0
2019-07-19,12.32,12.48,12.21,12.37,,4465973.0
2019-07-22,12.37,12.52,12.34,12.48,,2918968.0
2019-07-23,12.57,12.66,12.48,12.6,,2417144.0
2019-07-24,12.55,12.85,12.55,12.78,,3246768.0
2019-07-25,12.77,12.79,12.54,12.59,,3153450.0
2019-07-26,12.63,12.68,12.58,12.64,,1844541.0
2019-07-29,12.62,12.68,12.49,12.6,,2277329.0
2019-07-30,12.5,12.63,12.48,12.6,,1476624.0
2019-07-31,12.57,12.61,12.34,12.39,,3304142.0
2019-08-01,12.35,12.48,12.22,12.27,,4014780.0
2019-08-02,12.2,12.26,12.1,12.22,,2978433.0
2019-08-05,12.07,12.08,11.91,12.01,,4952791.0
2019-08-06,12.09,12.16,11.98,12.15,,3276778.0
2019-08-07,12.0,12.08,11.76,12.04,,5410591.0
2019-08-08,12.11,12.29,12.08,12.27,,3310649.0
2019-08-09,12.16,12.96,12.16,12.9,,4967699.0
2019-08-12,12.95,13.4,12.95,13.21,,3267712.0
2019-08-13,13.18,13.51,13.18,13.22,,4724982.0
2019-08-14,13.09,13.34,12.57,12.6,,3794932.0
2019-08-15,12.61,13.13,12.56,12.85,,4256113.0
2019-08-16,12.88,13.02,12.68,12.96,,2430717.0
2019-08-19,13.18,13.31,13.13,13.17,,2459140.0
2019-08-20,13.16,13.32,13.11,13.11,,1986204.0
2019-08-21,13.17,13.36,13.08,13.28,,2572535.0
2019-08-22,13.36,13.43,13.23,13.32,,2120579.0
2019-08-23,13.25,13.29,12.73,12.75,,3364947.0
2019-08-26,12.83,12.87,12.77,12.86,,1704658.0
2019-08-27,12.93,12.96,12.67,12.72,,1787770.0
2019-08-28,12.73,12.92,12.67,12.92,,1329590.0
2019-08-29,13.05,13.1,12.97,12.99,,1067768.0
2019-08-30,13.03,13.13,12.86,12.95,,1994249.0
2019-09-03,12.85,12.86,12.7,12.76,,1925032.0
2019-09-04,12.94,13.1,12.88,13.08,,2714095.0
2019-09-05,13.18,13.31,13.12,13.18,,2327332.0
2019-09-06,13.23,13.37,13.21,13.29,,1594708.0
2019-09-09,13.22,13.54,13.22,13.53,,1593538.0
2019-09-10,13.53,13.77,13.46,13.76,,2442789.0
2019-09-11,13.77,13.89,13.66,13.79,,3194075.0
2019-09-12,13.82,13.9,13.66,13.67,,3394772.0
2019-09-13,13.76,13.82,13.66,13.79,,1471112.0
2019-09-16,13.74,13.75,13.24,13.35,,2705926.0
2019-09-17,13.34,13.53,13.22,13.51,,1499222.0
2019-09-18,13.49,13.61,13.41,13.5,,2364323.0
2019-09-19,13.56,13.56,13.21,13.22,,2736516.0
2019-09-20,13.28,13.47,13.08,13.22,,4263229.0
2019-09-23,13.16,13.39,13.09,13.28,,1778439.0
2019-09-24,13.31,13.36,12.99,13.21,,2709974.0
2019-09-25,13.2,13.39,13.13,13.31,,1400528.0
2019-09-26,13.31,13.31,12.96,13.21,,1870923.0
2019-09-27,13.23,13.3,13.06,13.14,,1060190.0
2019-09-30,13.2,13.45,13.17,13.2,,1881259.0
2019-10-01,13.22,13.39,13.12,13.16,,2601888.0
2019-10-02,13.05,13.11,12.89,13.04,,2156764.0
2019-10-03,13.08,13.1,12.77,12.98,,1949383.0
2019-10-04,12.89,13.17,12.89,13.14,,1551320.0
2019-10-07,13.07,13.14,12.99,13.0,,1976108.0
2019-10-08,12.92,12.92,12.29,12.3,,1916474.0
2019-10-09,12.34,12.45,12.22,12.4,,2147084.0
2019-10-10,12.38,12.56,12.36,12.5,,1666866.0
2019-10-11,12.61,12.88,12.61,12.8,,2053108.0
2019-10-14,12.83,12.86,12.7,12.83,,2043282.0
2019-10-15,12.79,12.84,12.17,12.72,,4085853.0
2019-10-16,12.7,12.98,12.6,12.95,,3233987.0
2019-10-17,13.0,13.1,12.86,12.96,,2089847.0
2019-10-18,12.93,13.05,12.74,12.77,,1776790.0
2019-10-21,12.83,13.0,12.82,12.94,,2233081.0
2019-10-22,12.98,13.27,12.93,13.12,,2219653.0
2019-10-23,13.15,13.21,13.02,13.13,,1489337.0
2019-10-24,13.21,13.43,12.98,13.09,,1974379.0
2019-10-25,13.06,13.16,13.01,13.08,,2284534.0
2019-10-28,13.13,13.27,13.1,13.17,,1220529.0
2019-10-29,13.34,13.34,13.11,13.23,,1444636.0
2019-10-30,13.2,13.2,12.85,12.93,,1913824.0
2019-10-31,12.95,13.01,12.74,13.0,,1377346.0
2019-11-01,13.01,13.12,12.86,13.04,,1569690.0
2019-11-04,13.1,13.22,13.02,13.09,,2124088.0
2019-11-05,13.13,13.19,13.02,13.04,,1461875.0
2019-11-06,13.02,13.04,12.72,12.85,,1895926.0
2019-11-07,12.88,13.08,12.58,12.63,,4314858.0
2019-11-08,12.57,12.76,11.96,12.23,,6777434.0
2019-11-11,12.12,12.5,12.04,12.47,,4015519.0
2019-11-12,12.46,12.48,12.25,12.44,,4611068.0
2019-11-13,12.38,12.57,12.28,12.43,,5532350.0
2019-11-14,12.38,12.42,12.1,12.24,,2423439.0
2019-11-15,12.28,12.34,12.19,12.31,,1993940.0
2019-11-18,12.26,12.37,12.2,12.22,,1566490.0
2019-11-19,12.23,12.26,12.14,12.21,,1548680.0
2019-11-20,12.14,12.19,12.01,12.07,,1820383.0
2019-11-21,12.1,12.23,11.86,11.92,,3251588.0
2019-11-22,11.96,12.08,11.9,12.05,,2357107.0
2019-11-25,12.13,12.22,12.03,12.19,,3191799.0
2019-11-26,12.31,12.4,12.18,12.36,,3475851.0
2019-11-27,12.44,12.53,12.33,12.39,,1997049.0
2019-11-29,12.33,12.37,12.12,12.21,,1072918.0
2019-12-02,12.19,12.26,12.05,12.21,,2485317.0
2019-12-03,12.26,12.39,11.88,12.01,,2392467.0
2019-12-04,12.03,12.23,11.98,12.17,,3196928.0
2019-12-05,12.21,12.37,12.14,12.32,,2713327.0
2019-12-06,12.41,12.57,12.31,12.52,,2171403.0
2019-12-09,12.5,12.8,12.47,12.54,,2045632.0
2019-12-10,12.56,12.65,12.46,12.52,,2154995.0
2019-12-11,12.56,12.72,12.54,12.62,,2488131.0
2019-12-12,12.68,13.11,12.64,13.07,,2787876.0
2019-12-13,13.09,13.12,12.86,12.88,,2255552.0
2019-12-16,12.95,13.22,12.95,13.02,,2146038.0
2019-12-17,13.06,13.12,12.91,13.07,,1604558.0
2019-12-18,13.06,13.34,13.04,13.33,,2697759.0
2019-12-19,13.28,13.32,13.1,13.2,,3206923.0
2019-12-20,13.32,13.35,13.04,13.22,,5927761.0
2019-12-23,13.53,13.53,13.17,13.27,,1110991.0
2019-12-24,13.25,13.3,13.2,13.25,,769002.0
2019-12-26,13.32,13.44,13.3,13.43,,979551.0
2019-12-27,13.4,13.49,13.34,13.41,,1020738.0
2019-12-30,13.4,13.42,13.33,13.34,,1436816.0
2019-12-31,13.37,13.41,13.22,13.41,,1456711.0
2020-01-02,13.43,13.7,13.42,13.69,,2182864.0
2020-01-03,13.48,13.68,13.48,13.65,,1976462.0
2020-01-06,13.59,13.62,13.46,13.61,,2014186.0
2020-01-07,13.63,13.83,13.55,13.75,,1585048.0
2020-01-08,13.72,13.92,13.72,13.78,,1695893.0
2020-01-09,13.78,13.83,13.58,13.68,,1846940.0
2020-01-10,13.66,13.72,13.58,13.6,,1862452.0
2020-01-13,13.63,13.82,13.5,13.81,,1675817.0
2020-01-14,13.76,13.93,13.74,13.91,,1670090.0
2020-01-15,13.91,14.03,13.75,14.02,,1399121.0
2020-01-16,14.06,14.2,14.0,14.14,,2419920.0
2020-01-17,14.14,14.29,14.06,14.14,,1838465.0
2020-01-21,14.0,14.11,13.64,13.74,,2380372.0
2020-01-22,13.74,13.83,13.64,13.7,,2262083.0
2020-01-23,13.62,13.68,13.5,13.6,,1468409.0
2020-01-24,13.55,13.59,13.2,13.22,,1806720.0
2020-01-27,12.99,13.14,12.94,12.95,,3726961.0
2020-01-28,12.96,13.07,12.8,12.81,,3163804.0
2020-01-29,12.81,12.93,12.63,12.68,,2228278.0
2020-01-30,12.52,12.96,12.5,12.94,,2949628.0
2020-01-31,12.88,13.01,12.81,12.91,,4222310.0
2020-02-03,13.03,13.12,12.9,12.93,,2519010.0
2020-02-04,13.09,13.11,12.91,13.09,,2261902.0
2020-02-05,13.21,13.43,13.06,13.35,,2464854.0
2020-02-06,13.47,13.81,13.39,13.72,,4351688.0
2020-02-07,13.24,13.7,12.86,13.45,,6367478.0
2020-02-10,13.45,13.45,12.92,13.04,,3497031.0
2020-02-11,13.14,13.41,13.08,13.4,,1834034.0
2020-02-12,13.42,13.75,13.42,13.69,,2181047.0
2020-02-13,13.66,13.72,13.55,13.65,,1794045.0
2020-02-14,13.67,13.86,13.58,13.84,,1751997.0
2020-02-18,13.8,13.84,13.7,13.75,,1710080.0
2020-02-19,13.79,14.02,13.71,13.85,,1610765.0
2020-02-20,13.97,13.97,13.61,13.79,,2027443.0
2020-02-21,13.72,13.74,13.56,13.59,,1656766.0
2020-02-24,13.26,13.41,12.9,12.9,,2171577.0
2020-02-25,12.96,13.15,12.14,12.19,,5930598.0
2020-02-26,12.2,12.28,11.58,11.69,,3233711.0
2020-02-27,11.47,11.77,11.12,11.31,,4158010.0
2020-02-28,10.91,11.58,10.91,11.45,,8734280.0
2020-03-02,11.49,11.79,11.13,11.78,,4424879.0
2020-03-03,11.7,12.09,11.17,11.22,,4158988.0
2020-03-04,11.08,11.35,10.92,11.16,,4166233.0
2020-03-05,10.88,10.88,10.44,10.49,,2542565.0
2020-03-06,10.12,10.53,10.03,10.45,,4089264.0
2020-03-09,9.73,10.02,9.55,9.61,,3928467.0
2020-03-10,9.9,10.36,9.63,10.33,,3831650.0
2020-03-11,10.0,10.11,9.58,9.65,,3945923.0
2020-03-12,8.97,9.41,8.72,8.82,,9126226.0
2020-03-13,9.32,10.05,9.09,10.02,,6720482.0
2020-03-16,10.1,10.1,9.04,9.7,,5382461.0
2020-03-17,9.73,10.98,9.54,10.41,,7291426.0
2020-03-18,10.11,10.16,9.11,9.45,,4261508.0
2020-03-19,9.4,9.9,9.12,9.25,,3494759.0
2020-03-20,8.96,9.29,8.53,8.63,,5681258.0
2020-03-23,8.72,8.79,7.63,7.87,,4201077.0
2020-03-24,8.28,8.32,7.97,8.31,,2568547.0
2020-03-25,8.29,8.83,7.75,8.34,,5042176.0
2020-03-26,8.4,8.99,8.33,8.76,,3247638.0
2020-03-27,8.51,8.51,8.06,8.16,,2888917.0
2020-03-30,8.1,8.54,7.93,8.44,,4264795.0
2020-03-31,8.59,8.93,8.25,8.59,,4254140.0
2020-04-01,8.06,8.68,8.05,8.27,,3475349.0
2020-04-02,8.15,8.48,7.56,7.85,,4876082.0
2020-04-03,7.81,7.95,7.65,7.83,,3341434.0
2020-04-06,8.2,8.6,8.12,8.54,,3163939.0
2020-04-07,8.45,9.14,8.26,8.41,,5625475.0
2020-04-08,8.47,8.64,8.26,8.56,,3740339.0
2020-04-09,8.73,9.19,8.66,9.08,,5212174.0
2020-04-13,9.06,9.06,8.71,8.98,,2399201.0
2020-04-14,9.17,9.19,8.75,9.0,,2416418.0
2020-04-15,8.73,8.73,8.3,8.54,,2408294.0
2020-04-16,8.55,8.71,8.04,8.08,,2201373.0
2020-04-17,8.28,8.65,8.28,8.52,,2435866.0
2020-04-20,8.36,8.53,8.24,8.39,,1929588.0
2020-04-21,8.14,8.2,7.9,8.08,,2359973.0
2020-04-22,8.25,8.3,8.05,8.08,,1538291.0
2020-04-23,8.1,8.49,8.09,8.31,,1576129.0
2020-04-24,8.35,8.53,8.28,8.45,,3409256.0
2020-04-27,8.49,9.13,8.49,9.05,,2944053.0
2020-04-28,9.23,9.52,9.08,9.39,,3478659.0
2020-04-29,9.62,10.07,9.57,10.05,,3903647.0
2020-04-30,9.82,10.13,9.43,9.48,,2009892.0
2020-05-01,9.34,9.36,9.02,9.07,,2056579.0
2020-05-04,8.94,9.27,8.8,9.22,,2787457.0
2020-05-05,9.32,9.57,9.1,9.14,,2174919.0
2020-05-06,9.19,9.39,9.09,9.25,,1965459.0
2020-05-07,9.37,9.51,9.06,9.23,,2823622.0
2020-05-08,10.15,10.58,9.77,10.46,,3163645.0
2020-05-11,10.31,10.41,10.13,10.24,,2494125.0
2020-05-12,10.28,10.52,10.11,10.13,,2166088.0
2020-05-13,10.01,10.17,9.86,10.15,,3623124.0
2020-05-14,9.94,10.33,9.64,10.27,,3967519.0
2020-05-15,10.21,10.43,10.07,10.4,,2877602.0
2020-05-18,10.86,11.04,10.61,10.68,,2455529.0
2020-05-19,10.68,10.92,10.58,10.62,,1906706.0
2020-05-20,10.75,11.01,10.71,10.96,,1720933.0
2020-05-21,10.88,10.97,10.77,10.89,,1653134.0
2020-05-22,10.96,11.08,10.84,11.02,,1853128.0
2020-05-26,11.42,11.49,11.22,11.37,,2986859.0
2020-05-27,11.54,11.57,11.27,11.57,,3736177.0
2020-05-28,11.66,11.68,11.3,11.37,,2614407.0
2020-05-29,11.33,11.76,11.26,11.72,,4649540.0
2020-06-01,11.73,11.92,11.63,11.66,,2103490.0
2020-06-02,11.85,11.85,11.53,11.72,,3331015.0
2020-06-03,11.9,12.37,11.64,12.35,,4388042.0
2020-06-04,12.24,12.43,12.08,12.24,,5490177.0
2020-06-05,12.51,12.74,12.33,12.4,,3410280.0
2020-06-08,12.39,12.8,12.36,12.78,,2387354.0
2020-06-09,12.62,12.69,12.28,12.32,,1769172.0
2020-06-10,12.32,12.32,11.84,11.85,,2155597.0
2020-06-11,11.48,11.52,10.89,10.92,,2152491.0
2020-06-12,11.37,11.41,10.93,11.21,,1954578.0
2020-06-15,10.85,11.39,10.77,11.28,,2143130.0
2020-06-16,11.7,11.76,11.23,11.42,,2295637.0
2020-06-17,11.49,11.84,11.33,11.77,,4059984.0
2020-06-18,11.57,11.68,11.32,11.41,,2046278.0
2020-06-19,11.43,11.68,11.27,11.35,,4731391.0
2020-06-22,11.27,11.51,11.21,11.44,,1456486.0
2020-06-23,11.58,11.68,11.48,11.48,,1713588.0
2020-06-24,11.31,11.42,11.14,11.17,,1918643.0
2020-06-25,11.12,11.36,11.01,11.25,,2881512.0
2020-06-26,11.17,11.22,10.75,10.98,,2954680.0
2020-06-29,11.11,11.2,10.89,11.15,,1445307.0
2020-06-30,11.18,11.39,11.1,11.35,,2194298.0
2020-07-01,11.34,11.68,11.19,11.56,,2017078.0
2020-07-02,11.68,11.8,11.48,11.51,,1613648.0
2020-07-06,11.72,11.92,11.54,11.64,,1550812.0
2020-07-07,11.52,11.63,11.46,11.48,,1318358.0
2020-07-08,11.45,11.48,11.19,11.34,,1618874.0
2020-07-09,11.28,11.61,11.07,11.22,,2136241.0
2020-07-10,11.27,11.48,11.1,11.44,,1671873.0
2020-07-13,11.51,11.69,11.35,11.41,,1877264.0
2020-07-14,11.41,11.9,11.29,11.89,,2656142.0
2020-07-15,12.0,12.16,11.9,12.1,,2590306.0
2020-07-16,12.07,12.31,12.04,12.21,,1130372.0
2020-07-17,12.24,12.33,12.09,12.27,,1079036.0
2020-07-20,12.2,12.27,12.07,12.11,,986453.0
2020-07-21,12.15,12.31,12.11,12.2,,1191135.0
2020-07-22,12.49,12.49,12.2,12.29,,1610645.0
2020-07-23,12.33,12.44,12.12,12.17,,1409321.0
2020-07-24,12.26,12.34,12.12,12.16,,921839.0
2020-07-27,12.17,12.35,12.1,12.32,,1119405.0
2020-07-28,12.22,12.27,12.03,12.16,,1208399.0
2020-07-29,12.27,12.39,12.21,12.31,,1405216.0
2020-07-30,12.2,12.4,12.08,12.34,,1148034.0
2020-07-31,12.29,12.36,12.06,12.17,,1647711.0
2020-08-03,12.23,12.48,12.12,12.44,,1944867.0
2020-08-04,12.42,12.83,12.09,12.81,,1602345.0
2020-08-05,12.83,12.93,12.62,12.72,,1918070.0
2020-08-06,12.58,13.01,12.46,12.93,,2482983.0
2020-08-07,12.86,13.74,12.76,13.72,,2532340.0
2020-08-10,13.72,14.32,13.72,14.2,,4597930.0
2020-08-11,14.21,14.67,14.18,14.25,,3044589.0
2020-08-12,14.45,14.74,14.4,14.51,,3879950.0
2020-08-13,14.55,14.75,14.51,14.63,,2111087.0
2020-08-14,14.65,14.79,14.54,14.67,,1806149.0
2020-08-17,14.67,14.73,14.38,14.47,,2003284.0
2020-08-18,14.25,14.61,14.19,14.52,,2077481.0
2020-08-19,14.56,14.74,14.54,14.56,,1805684.0
2020-08-20,14.39,14.62,14.36,14.49,,1923727.0
2020-08-21,14.51,14.51,13.94,13.98,,2293115.0
2020-08-24,14.21,14.24,14.1,14.23,,1903428.0
2020-08-25,14.31,14.36,14.18,14.34,,1414910.0
2020-08-26,14.4,14.49,14.24,14.35,,1513538.0
2020-08-27,14.43,14.51,14.26,14.41,,1175641.0
2020-08-28,14.5,14.62,14.3,14.6,,1374818.0
2020-08-31,14.66,14.76,14.46,14.47,,2079927.0
2020-09-01,14.46,14.64,14.31,14.52,,1553092.0
2020-09-02,14.53,14.62,14.34,14.58,,2486322.0
2020-09-03,14.61,14.78,14.4,14.55,,2973155.0
2020-09-04,14.6,14.73,14.03,14.3,,2423064.0
2020-09-08,14.21,14.25,13.99,14.01,,1935102.0
2020-09-09,14.13,14.51,14.06,14.47,,1965347.0
2020-09-10,14.44,14.57,14.18,14.2,,1961108.0
2020-09-11,14.32,14.55,14.24,14.41,,1964439.0
2020-09-14,14.51,14.71,14.49,14.65,,2204229.0
2020-09-15,14.71,14.79,14.63,14.75,,1630536.0
2020-09-16,14.83,14.83,14.52,14.55,,2612377.0
2020-09-17,14.37,14.68,14.31,14.65,,3641651.0
2020-09-18,14.42,15.31,14.35,15.06,,8038477.0
2020-09-21,14.85,15.01,13.84,14.03,,5159003.0
2020-09-22,14.13,14.26,13.94,14.2,,2804045.0
2020-09-23,14.14,14.33,13.64,13.71,,2924071.0
2020-09-24,13.76,13.8,13.44,13.5,,1880196.0
2020-09-25,13.42,13.6,13.33,13.58,,3076642.0
2020-09-28,13.82,14.01,13.65,13.81,,2655386.0
2020-09-29,13.59,13.71,13.27,13.38,,1632320.0
2020-09-30,13.45,13.63,13.38,13.5,,2481902.0
2020-10-01,13.52,13.7,13.45,13.66,,1607682.0
2020-10-02,13.49,13.79,13.38,13.69,,1487957.0
2020-10-05,13.74,13.9,13.61,13.81,,2590217.0
2020-10-06,13.88,14.16,13.61,13.79,,2428366.0
2020-10-07,14.08,14.08,13.7,13.7,,1893387.0
2020-10-08,13.74,13.91,13.52,13.91,,2232474.0
2020-10-09,14.03,14.03,13.69,13.72,,1832294.0
2020-10-12,13.83,14.0,13.6,13.68,,1603842.0
2020-10-13,13.56,13.81,13.39,13.78,,1948021.0
2020-10-14,13.84,14.06,13.61,13.65,,1430605.0
2020-10-15,13.54,13.61,13.29,13.45,,1713046.0
2020-10-16,13.53,13.7,13.41,13.54,,974874.0
2020-10-19,13.45,13.58,13.11,13.26,,1439497.0
2020-10-20,13.34,13.46,13.24,13.34,,1350519.0
2020-10-21,13.28,13.49,13.25,13.43,,1391991.0
2020-10-22,13.44,13.56,13.27,13.41,,1258946.0
2020-10-23,13.47,14.0,13.22,13.46,,1325424.0
2020-10-26,13.27,13.36,12.97,13.15,,1829239.0
2020-10-27,13.13,13.23,12.9,12.93,,1482221.0
2020-10-28,12.69,12.79,12.47,12.49,,2628460.0
2020-10-29,12.44,12.76,12.32,12.61,,1399882.0
2020-10-30,12.59,12.69,12.39,12.64,,1856231.0
2020-11-02,12.82,12.94,12.59,12.8,,1757640.0
2020-11-03,13.04,13.16,12.91,13.0,,1208603.0
2020-11-04,12.99,13.2,12.83,13.04,,1769393.0
2020-11-05,13.21,13.59,12.79,13.48,,1640170.0
2020-11-06,15.09,15.32,14.24,14.6,,2931723.0
2020-11-09,15.34,15.88,15.06,15.09,,4351417.0
2020-11-10,15.14,15.77,15.14,15.67,,4164682.0
2020-11-11,15.7,16.57,15.66,16.56,,5795410.0
2020-11-12,16.45,16.55,15.63,15.78,,2870621.0
2020-11-13,15.86,16.4,15.74,16.35,,2040067.0
2020-11-16,17.13,17.48,16.52,16.75,,2095259.0
2020-11-17,16.63,17.18,16.61,17.03,,2312641.0
2020-11-18,16.95,17.3,16.85,16.9,,1883182.0
2020-11-19,16.87,17.05,16.76,16.9,,1950928.0
2020-11-20,16.88,16.95,16.61,16.87,,1828947.0
2020-11-23,17.04,17.33,16.9,17.24,,1554937.0
2020-11-24,17.39,17.6,17.15,17.5,,2566323.0
2020-11-25,17.55,17.59,17.13,17.33,,2540527.0
2020-11-27,17.33,17.34,17.01,17.06,,1141656.0
2020-11-30,17.05,17.26,16.94,17.0,,7736830.0
2020-12-01,17.05,17.54,17.05,17.4,,2401829.0
2020-12-02,17.33,17.78,17.08,17.71,,2754085.0
2020-12-03,17.65,17.91,17.55,17.88,,2157655.0
2020-12-04,17.94,18.01,17.73,17.98,,4480365.0
2020-12-07,17.84,17.94,17.71,17.82,,1823710.0
2020-12-08,17.62,17.82,17.56,17.7,,4797024.0
2020-12-09,17.75,17.78,17.51,17.59,,3616319.0
2020-12-10,17.55,17.86,17.43,17.67,,3937889.0
2020-12-11,17.6,17.72,17.26,17.3,,2254407.0
2020-12-14,17.43,17.43,16.95,17.09,,3148919.0
2020-12-15,17.33,17.52,17.21,17.42,,5125367.0
2020-12-16,17.42,17.47,17.01,17.11,,3088069.0
2020-12-17,17.22,17.3,16.82,17.06,,2365899.0
2020-12-18,16.82,17.07,16.63,16.71,,5936329.0
2020-12-21,16.55,17.06,16.52,17.0,,3910140.0
2020-12-22,16.9,17.15,16.82,16.99,,3627707.0
2020-12-23,17.0,17.16,16.97,17.03,,3008327.0
2020-12-24,17.16,17.28,17.08,17.16,,1099957.0
2020-12-28,17.27,17.63,17.24,17.51,,1669705.0
2020-12-29,17.46,17.56,17.28,17.35,,1198316.0
2020-12-30,17.35,17.61,17.29,17.36,,1373453.0
2020-12-31,17.32,17.43,17.1,17.31,,1822335.0
2021-01-04,17.37,17.62,17.09,17.49,,3037663.0
2021-01-05,17.37,17.74,17.33,17.6,,1844386.0
2021-01-06,17.74,18.71,17.55,18.54,,3218668.0
2021-01-07,18.57,18.6,18.04,18.05,,2406407.0
2021-01-08,18.08,18.21,17.7,17.94,,1920283.0
2021-01-11,17.69,18.11,17.62,17.97,,1465889.0
2021-01-12,17.92,18.05,17.66,17.72,,1906038.0
2021-01-13,17.69,17.91,17.59,17.6,,2429996.0
2021-01-14,17.67,18.19,17.67,18.0,,1938457.0
2021-01-15,17.94,18.05,17.72,18.01,,2016480.0
2021-01-19,18.1,18.15,17.84,18.06,,2535820.0
2021-01-20,18.14,18.47,18.11,18.4,,2357842.0
2021-01-21,18.37,18.73,18.31,18.5,,1620890.0
2021-01-22,18.41,18.48,17.87,17.88,,2832834.0
2021-01-25,17.74,18.17,17.61,18.06,,2911988.0
2021-01-26,18.24,18.47,17.87,18.43,,1743096.0
2021-01-27,18.7,19.31,18.46,18.86,,5110183.0
2021-01-28,18.99,19.08,18.51,18.78,,3810291.0
2021-01-29,18.77,19.2,18.67,18.68,,3120652.0
2021-02-01,18.62,18.78,18.02,18.65,,2304622.0
2021-02-02,18.8,19.26,18.69,19.05,,2519737.0
2021-02-03,18.9,19.2,18.86,19.11,,1751302.0
2021-02-04,19.19,20.12,19.11,19.55,,3696907.0
2021-02-05,21.18,21.43,20.3,20.44,,7117862.0
2021-02-08,20.48,21.01,20.48,20.9,,3931675.0
2021-02-09,21.08,21.55,20.95,21.36,,3650666.0
2021-02-10,21.48,22.04,21.38,21.78,,3699835.0
2021-02-11,21.76,22.23,21.67,22.19,,2715899.0
2021-02-12,22.98,23.17,22.52,22.84,,4494004.0
2021-02-16,22.74,22.98,22.58,22.91,,4886024.0
2021-02-17,23.15,23.33,22.23,22.32,,3998782.0
2021-02-18,22.3,22.39,21.78,21.81,,4511891.0
2021-02-19,21.83,21.97,21.6,21.67,,5040500.0
2021-02-22,21.65,22.73,21.47,22.5,,7167473.0
2021-02-23,22.34,22.73,22.15,22.56,,4076242.0
2021-02-24,22.52,23.26,22.22,22.93,,5901035.0
2021-02-25,22.9,23.2,22.34,22.35,,2645589.0
2021-02-26,22.38,22.88,22.25,22.58,,4303757.0
2021-03-01,22.92,23.59,22.76,23.46,,3775220.0
2021-03-02,23.44,23.48,22.74,22.77,,3990991.0
2021-03-03,22.77,23.29,22.69,22.91,,3145852.0
2021-03-04,22.86,23.13,22.28,22.66,,4400038.0
2021-03-05,24.13,24.13,22.45,23.47,,5979128.0
2021-03-08,24.09,24.09,23.06,23.34,,5290078.0
2021-03-09,23.5,24.63,23.38,23.93,,7223041.0
2021-03-10,24.13,24.71,23.68,24.58,,4632121.0
2021-03-11,24.54,24.89,24.36,24.78,,2775401.0
2021-03-12,24.9,25.26,24.56,25.24,,3789904.0
2021-03-15,25.27,25.27,24.75,25.15,,3511123.0
2021-03-16,25.38,25.94,25.29,25.6,,4250159.0
2021-03-17,25.56,25.59,24.97,25.47,,4596328.0
2021-03-18,25.61,26.53,25.47,26.25,,6585200.0
2021-03-19,26.16,26.76,25.86,26.39,,8400801.0
2021-03-22,26.49,26.61,25.61,25.82,,3919081.0
2021-03-23,25.75,25.83,25.11,25.24,,4072176.0
2021-03-24,25.35,25.55,24.56,24.6,,3561381.0
2021-03-25,24.49,25.44,24.18,25.34,,3598893.0
2021-03-26,25.43,25.54,24.56,24.87,,5183976.0
2021-03-29,25.15,25.16,24.0,24.2,,4268671.0
2021-03-30,24.27,24.97,24.1,24.83,,3147005.0
2021-03-31,24.74,25.23,24.56,24.58,,4264182.0
2021-04-01,24.66,25.2,24.41,25.19,,2708672.0
2021-04-05,25.27,25.67,25.0,25.54,,2947847.0
2021-04-06,25.35,25.91,25.35,25.68,,3107101.0
2021-04-07,25.64,25.93,25.43,25.54,,2262152.0
2021-04-08,25.3,25.9,25.25,25.83,,2209069.0
2021-04-09,25.94,26.05,25.57,25.79,,2208982.0
2021-04-12,26.07,26.07,25.62,25.87,,3618498.0
2021-04-13,25.95,26.02,25.2,25.26,,4229995.0
2021-04-14,25.32,25.77,25.3,25.53,,5053632.0
2021-04-15,25.73,25.97,25.47,25.72,,3425060.0
2021-04-16,25.9,26.01,25.68,25.81,,3560364.0
2021-04-19,25.76,25.95,25.51,25.85,,3317752.0
2021-04-20,25.89,26.15,25.28,25.61,,2232698.0
2021-04-21,25.38,26.43,25.14,26.41,,2979939.0
2021-04-22,26.49,26.55,25.96,25.99,,3650760.0
2021-04-23,26.23,26.32,25.79,25.84,,3194669.0
2021-04-26,25.99,26.06,25.68,25.77,,3269630.0
2021-04-27,25.63,25.94,25.56,25.67,,2407370.0
2021-04-28,25.65,25.74,25.15,25.3,,3050271.0
2021-04-29,25.53,25.74,25.29,25.63,,2750306.0
2021-04-30,25.43,25.53,25.1,25.32,,4022406.0
2021-05-03,25.43,25.66,25.26,25.48,,3988287.0
2021-05-04,25.25,25.29,24.38,24.66,,2748205.0
2021-05-05,24.91,25.47,24.66,25.25,,3213172.0
2021-05-06,25.39,25.52,24.81,25.13,,2672324.0
2021-05-07,25.72,26.78,25.63,26.53,,4643552.0
2021-05-10,26.39,27.03,26.11,26.53,,4742568.0
2021-05-11,26.49,26.74,25.88,26.72,,3681987.0
2021-05-12,26.5,26.64,25.18,25.27,,3808621.0
2021-05-13,25.3,25.89,25.05,25.38,,2498306.0
2021-05-14,25.55,25.89,24.9,25.81,,1778010.0
2021-05-17,26.07,26.55,25.7,26.01,,2734466.0
2021-05-18,25.99,26.33,25.6,25.6,,2916050.0
2021-05-19,25.2,25.42,24.96,25.14,,4021517.0
2021-05-20,25.29,26.25,25.2,26.15,,4844112.0
2021-05-21,25.77,26.26,25.59,25.61,,3284465.0
2021-05-24,25.79,26.02,25.59,25.95,,3107730.0
2021-05-25,26.13,26.23,25.73,25.75,,3586332.0
2021-05-26,25.89,26.19,25.87,25.89,,3887792.0
2021-05-27,25.94,26.59,25.94,26.2,,18351463.0
2021-05-28,26.3,26.37,25.68,26.09,,4046421.0
2021-06-01,25.7,26.01,25.17,25.63,,3740556.0
2021-06-02,25.68,25.68,24.77,25.05,,3354795.0
2021-06-03,24.57,25.06,24.52,25.03,,2884270.0
2021-06-04,25.06,25.37,25.02,25.35,,1733394.0
2021-06-07,25.35,25.39,24.78,24.99,,2574431.0
2021-06-08,24.97,25.67,24.87,25.59,,3996131.0
2021-06-09,25.48,25.82,25.39,25.65,,1764695.0
2021-06-10,25.71,25.83,25.54,25.58,,1524311.0
2021-06-11,25.7,25.97,25.15,25.95,,1332729.0
2021-06-14,25.94,25.97,25.32,25.43,,2269231.0
2021-06-15,25.52,25.63,25.09,25.13,,1419978.0
2021-06-16,25.04,25.16,24.68,25.07,,1984461.0
2021-06-17,25.06,25.14,24.29,24.65,,2287905.0
2021-06-18,24.41,24.58,24.11,24.29,,3721279.0
2021-06-21,24.29,24.98,24.21,24.87,,1648362.0
2021-06-22,24.85,24.94,24.35,24.67,,1721967.0
2021-06-23,24.67,24.85,24.39,24.6,,1659017.0
2021-06-24,24.64,24.85,24.54,24.72,,1290627.0
2021-06-25,24.8,25.1,24.76,24.87,,2749452.0
2021-06-28,24.87,25.2,24.57,24.77,,1882147.0
2021-06-29,24.81,25.2,24.7,24.71,,1361873.0
2021-06-30,24.7,25.04,24.6,24.91,,1778088.0
2021-07-01,25.04,25.38,24.87,25.27,,1795560.0
2021-07-02,25.36,25.36,24.68,24.89,,1602265.0
2021-07-06,24.97,24.97,24.53,24.69,,2393932.0
2021-07-07,24.68,24.85,24.09,24.51,,2653153.0
2021-07-08,24.26,24.41,23.87,23.97,,2224956.0
2021-07-09,24.2,24.81,24.19,24.67,,1919411.0
2021-07-12,24.56,25.06,24.07,24.97,,1567919.0
2021-07-13,24.91,24.91,24.37,24.39,,1478083.0
2021-07-14,24.51,24.71,24.12,24.17,,1456228.0
2021-07-15,24.09,24.41,23.98,24.08,,1483892.0
2021-07-16,24.21,24.31,23.37,23.41,,1474082.0
2021-07-19,23.09,23.41,22.91,23.08,,3828659.0
2021-07-20,23.1,23.58,22.76,23.51,,3475477.0
2021-07-21,23.64,24.03,23.51,23.79,,1636987.0
2021-07-22,23.76,23.79,23.44,23.6,,991658.0
2021-07-23,23.6,23.95,23.48,23.93,,1737571.0
2021-07-26,24.61,24.61,23.83,23.97,,2277202.0
2021-07-27,23.84,24.04,23.61,23.9,,1222999.0
2021-07-28,24.07,24.17,23.67,23.93,,1094251.0
2021-07-29,24.03,24.12,23.74,23.76,,1089321.0
2021-07-30,23.69,23.96,23.65,23.81,,1990528.0
2021-08-02,23.89,24.19,23.8,23.92,,2426481.0
2021-08-03,23.95,23.98,23.06,23.27,,1885357.0
2021-08-04,23.62,23.84,23.38,23.52,,2777991.0
2021-08-05,23.74,24.11,23.66,24.02,,2619933.0
2021-08-06,25.18,25.54,23.8,23.9,,5298520.0
2021-08-09,23.42,23.76,22.93,23.6,,2908350.0
2021-08-10,23.49,23.63,23.25,23.47,,1665819.0
2021-08-11,23.42,23.51,23.04,23.37,,2697385.0
2021-08-12,23.27,23.33,23.04,23.17,,1962995.0
2021-08-13,23.16,23.26,22.69,22.74,,1645836.0
2021-08-16,22.55,22.88,22.33,22.81,,2179291.0
2021-08-17,22.31,22.71,21.49,22.22,,3045030.0
2021-08-18,22.13,22.25,21.41,21.44,,3091775.0
2021-08-19,21.28,21.51,21.07,21.14,,3018647.0
2021-08-20,21.09,21.44,20.99,21.36,,2563741.0
2021-08-23,21.45,21.69,21.45,21.63,,1346172.0
2021-08-24,21.62,21.8,21.53,21.58,,1556607.0
2021-08-25,21.77,21.93,21.35,21.83,,1568719.0
2021-08-26,21.76,21.94,21.6,21.62,,1559754.0
2021-08-27,21.7,21.99,21.63,21.98,,1764248.0
2021-08-30,21.92,21.96,21.6,21.62,,1482675.0
2021-08-31,21.78,21.91,21.56,21.72,,3563926.0
2021-09-01,21.89,22.27,21.75,22.06,,2513518.0
2021-09-02,22.06,22.32,21.82,21.9,,1374518.0
2021-09-03,21.91,21.98,21.65,21.81,,1832767.0
2021-09-07,21.85,21.91,21.43,21.46,,1934050.0
2021-09-08,21.44,21.55,20.97,21.34,,2906614.0
2021-09-09,21.45,21.66,21.28,21.32,,2910184.0
2021-09-10,21.44,21.55,21.14,21.16,,1847664.0
2021-09-13,21.33,21.39,20.97,21.15,,2541872.0
2021-09-14,21.26,21.6,21.1,21.37,,3517548.0
2021-09-15,21.29,21.41,21.07,21.32,,2424836.0
2021-09-16,21.3,21.99,21.22,21.82,,2679604.0
2021-09-17,21.79,21.94,21.51,21.7,,4683529.0
2021-09-20,21.36,21.43,20.98,21.23,,2476333.0
2021-09-21,21.44,22.01,21.34,21.57,,4713989.0
2021-09-22,21.94,22.57,21.9,22.45,,3498564.0
2021-09-23,22.95,23.45,22.84,23.32,,4536129.0
2021-09-24,23.06,23.79,23.06,23.67,,2743963.0
2021-09-27,23.53,23.7,23.35,23.49,,2607281.0
2021-09-28,23.4,23.64,23.17,23.23,,2632875.0
2021-09-29,23.26,23.51,23.08,23.12,,2582388.0
2021-09-30,23.22,23.26,22.69,22.85,,3194963.0
2021-10-01,22.95,23.19,22.75,23.02,,2799418.0
2021-10-04,22.98,23.16,22.61,22.77,,2087290.0
2021-10-05,23.05,23.33,22.82,23.09,,2039207.0
2021-10-06,22.78,23.12,22.48,22.95,,2667550.0
2021-10-07,23.15,23.5,23.07,23.36,,1652668.0
2021-10-08,23.45,23.8,23.33,23.38,,1555028.0
2021-10-11,23.4,23.58,23.25,23.28,,921119.0
2021-10-12,23.22,23.72,23.0,23.19,,1992049.0
2021-10-13,23.2,23.46,22.82,23.0,,3297490.0
2021-10-14,23.2,23.41,23.05,23.36,,2121149.0
2021-10-15,23.43,23.52,23.19,23.21,,1960497.0
2021-10-18,23.05,23.18,22.85,22.87,,1809786.0
2021-10-19,22.92,23.14,22.9,23.01,,1492399.0
2021-10-20,22.94,23.13,22.86,23.11,,1897165.0
2021-10-21,23.22,23.3,22.97,23.13,,1551292.0
2021-10-22,23.1,23.5,23.1,23.37,,1802451.0
2021-10-25,23.47,23.7,23.35,23.46,,1669975.0
2021-10-26,23.48,23.52,23.15,23.16,,2159102.0
2021-10-27,23.09,23.09,22.06,22.3,,4891585.0
2021-10-28,22.4,22.69,22.16,22.48,,2066604.0
2021-10-29,22.3,22.5,22.09,22.24,,3278436.0
2021-11-01,22.33,22.85,22.27,22.84,,5297777.0
2021-11-02,22.83,22.95,22.56,22.84,,2123938.0
2021-11-03,22.74,22.86,22.42,22.67,,3140621.0
2021-11-04,22.65,22.82,22.36,22.79,,2385750.0
2021-11-05,25.12,25.12,23.05,23.67,,5487037.0
2021-11-08,23.74,24.06,23.27,23.35,,4247026.0
2021-11-09,23.34,23.59,22.74,23.04,,3485111.0
2021-11-10,23.01,23.19,22.68,22.82,,2940562.0
2021-11-11,22.94,23.18,22.79,22.92,,2740851.0
2021-11-12,23.11,23.21,22.95,23.12,,2239595.0
2021-11-15,23.04,23.31,22.73,22.78,,2208027.0
2021-11-16,22.81,23.02,22.67,22.95,,2413692.0
2021-11-17,22.83,22.92,22.41,22.72,,3199457.0
2021-11-18,22.78,22.91,22.33,22.55,,3191010.0
2021-11-19,22.33,22.44,21.46,21.49,,4543076.0
2021-11-22,21.68,22.06,21.28,21.79,,5063254.0
2021-11-23,21.83,21.94,21.39,21.51,,3216470.0
2021-11-24,21.38,21.43,21.07,21.34,,3733798.0
2021-11-26,20.83,21.02,20.57,20.83,,2945478.0
2021-11-29,21.07,21.34,20.73,21.19,,5203596.0
2021-11-30,20.99,21.3,20.77,20.99,,20078862.0
2021-12-01,21.42,21.51,20.48,20.48,,4532136.0
2021-12-02,20.59,21.16,20.54,21.07,,3421488.0
2021-12-03,21.05,21.15,20.83,21.13,,2888584.0
2021-12-06,21.08,21.4,21.02,21.26,,2810968.0
2021-12-07,21.46,21.66,21.16,21.35,,4505551.0
2021-12-08,21.36,21.77,21.3,21.53,,3542987.0
2021-12-09,21.31,21.57,21.08,21.14,,2532446.0
2021-12-10,21.28,21.88,20.94,21.23,,3297201.0
2021-12-13,21.24,21.29,20.72,20.83,,2755548.0
2021-12-14,20.78,20.86,20.35,20.4,,2866469.0
2021-12-15,20.45,20.71,20.27,20.64,,3584836.0
2021-12-16,20.78,21.1,20.73,20.74,,2978403.0
2021-12-17,20.75,20.81,20.39,20.66,,4780509.0
2021-12-20,20.36,20.45,19.98,20.28,,1797448.0
2021-12-21,20.37,21.09,20.35,21.07,,2169190.0
2021-12-22,21.04,21.32,21.02,21.16,,2004218.0
2021-12-23,21.21,21.79,21.21,21.68,,2272760.0
2021-12-27,21.5,22.05,21.5,21.93,,3021896.0
2021-12-28,21.9,22.17,21.83,22.0,,1646039.0
2021-12-29,22.0,22.15,21.87,21.92,,2627486.0
2021-12-30,21.94,22.13,21.81,21.85,,2369021.0
2021-12-31,21.77,21.95,21.63,21.66,,2593565.0
2022-01-03,21.73,22.3,21.7,22.11,,3114973.0
2022-01-04,22.3,22.43,21.87,21.94,,2880651.0
2022-01-05,22.04,22.3,21.17,21.2,,3754269.0
2022-01-06,21.35,22.01,21.31,21.88,,3241281.0
2022-01-07,21.87,22.12,21.81,21.85,,3066270.0
2022-01-10,21.79,22.14,21.25,21.59,,3082915.0
2022-01-11,21.67,21.81,21.46,21.8,,2077488.0
2022-01-12,21.87,22.08,21.72,21.96,,1509290.0
2022-01-13,22.0,22.53,21.93,22.3,,2332138.0
2022-01-14,22.13,22.27,21.72,22.06,,2564053.0
2022-01-18,21.94,21.99,21.33,21.55,,2557210.0
2022-01-19,21.66,21.72,21.38,21.39,,1796581.0
2022-01-20,21.1,21.8,21.06,21.12,,2261149.0
2022-01-21,20.95,21.23,20.68,20.82,,3013264.0
2022-01-24,20.64,21.39,20.26,21.36,,4331505.0
2022-01-25,21.09,21.19,20.56,21.05,,3314164.0
2022-01-26,21.2,21.51,20.54,20.74,,2762052.0
2022-01-27,20.85,21.06,20.41,20.47,,2885283.0
2022-01-28,20.37,21.15,20.31,21.13,,2912459.0
2022-01-31,21.1,21.63,20.99,21.6,,3730093.0
2022-02-01,21.58,21.82,21.37,21.62,,3434681.0
2022-02-02,21.17,21.81,21.17,21.72,,3302348.0
2022-02-03,21.59,22.07,21.59,21.8,,4287905.0
2022-02-04,22.43,23.04,21.22,21.85,,5636448.0
2022-02-07,21.93,22.29,21.72,21.8,,3986296.0
2022-02-08,21.89,22.45,21.8,22.19,,3922952.0
2022-02-09,22.52,22.85,22.47,22.78,,3481390.0
2022-02-10,22.62,22.98,22.41,22.52,,3192001.0
2022-02-11,22.46,22.67,21.93,21.99,,3792771.0
2022-02-14,22.03,22.13,21.5,21.64,,3279541.0
2022-02-15,22.02,22.53,21.93,22.47,,3364084.0
2022-02-16,22.28,23.01,22.03,23.0,,3532532.0
2022-02-17,22.79,22.89,22.03,22.1,,2518962.0
2022-02-18,21.91,22.09,21.4,21.51,,2984969.0
2022-02-22,21.42,21.55,21.14,21.25,,2601092.0
2022-02-23,21.42,21.53,20.69,20.75,,2026345.0
2022-02-24,20.23,20.99,19.94,20.95,,2990736.0
2022-02-25,21.1,21.66,20.8,21.64,,4092816.0
2022-02-28,21.49,21.81,21.24,21.67,,3259050.0
2022-03-01,21.56,21.73,20.66,20.93,,5102814.0
2022-03-02,21.09,21.97,20.96,21.88,,3082859.0
2022-03-03,21.91,21.97,21.06,21.14,,1807163.0
2022-03-04,20.94,20.94,20.44,20.61,,3652483.0
2022-03-07,20.54,20.59,19.66,19.69,,3009484.0
2022-03-08,19.63,20.34,19.47,19.74,,3163511.0
2022-03-09,20.25,20.79,20.2,20.52,,2999749.0
2022-03-10,20.26,20.48,20.08,20.37,,2772972.0
2022-03-11,20.93,21.12,20.34,20.35,,3937457.0
2022-03-14,20.44,20.66,20.29,20.5,,4820327.0
2022-03-15,20.66,20.93,20.35,20.59,,2326089.0
2022-03-16,20.89,21.3,20.59,21.1,,4323241.0
2022-03-17,21.08,21.92,20.91,21.87,,3131778.0
2022-03-18,21.78,21.87,21.53,21.6,,5198490.0
2022-03-21,21.73,21.96,21.27,21.47,,1722177.0
2022-03-22,21.49,21.89,21.46,21.7,,2558907.0
2022-03-23,21.5,21.58,21.34,21.39,,1836703.0
2022-03-24,21.48,22.01,21.08,22.0,,2305383.0
2022-03-25,22.07,22.26,21.89,22.03,,1630404.0
2022-03-28,22.02,22.09,21.8,21.96,,1184882.0
2022-03-29,22.26,22.47,22.21,22.4,,1505291.0
2022-03-30,22.28,22.51,22.12,22.22,,1446119.0
2022-03-31,22.1,22.17,21.59,21.61,,2707882.0
2022-04-01,21.75,21.87,21.28,21.4,,1609848.0
2022-04-04,21.24,21.6,21.2,21.57,,1592686.0
2022-04-05,21.46,21.59,21.24,21.47,,1931764.0
2022-04-06,21.26,21.35,20.9,21.14,,2584243.0
2022-04-07,21.04,21.14,20.41,20.78,,2221745.0
2022-04-08,20.73,20.99,20.49,20.82,,1568643.0
2022-04-11,20.63,20.96,20.53,20.59,,2195090.0
2022-04-12,20.7,20.96,20.3,20.45,,2562758.0
2022-04-13,20.45,21.13,20.26,21.1,,2358787.0
2022-04-14,21.15,21.3,20.54,20.66,,2699503.0
2022-04-18,20.64,20.82,20.45,20.66,,1769674.0
2022-04-19,20.71,21.26,20.6,21.2,,2199654.0
2022-04-20,21.29,21.46,20.95,21.34,,3063788.0
2022-04-21,21.52,21.66,20.8,20.83,,1997051.0
2022-04-22,20.71,20.8,20.24,20.35,,2423365.0
2022-04-25,20.26,20.4,19.82,20.37,,2756376.0
2022-04-26,20.13,20.2,19.56,19.56,,1875629.0
2022-04-27,19.47,19.86,19.43,19.77,,2536704.0
2022-04-28,19.83,20.03,19.54,19.92,,1873003.0
2022-04-29,19.82,20.05,19.36,19.38,,2537721.0
2022-05-02,19.45,19.81,19.28,19.73,,2881841.0
2022-05-03,19.8,19.92,19.43,19.72,,3285364.0
2022-05-04,19.72,20.39,19.65,20.34,,2381625.0
2022-05-05,20.25,20.29,18.92,19.25,,3160998.0
2022-05-06,18.66,18.75,16.13,16.69,,7510489.0
2022-05-09,16.5,17.21,16.5,17.07,,6307735.0
2022-05-10,17.17,17.56,16.79,17.14,,5591458.0
2022-05-11,17.01,17.52,16.46,16.49,,5200565.0
2022-05-12,16.28,16.97,16.26,16.96,,6613309.0
2022-05-13,17.07,17.52,16.91,17.41,,3456358.0
2022-05-16,17.4,17.46,17.05,17.2,,2717147.0
2022-05-17,17.57,17.93,17.57,17.82,,3726328.0
2022-05-18,17.58,17.95,17.0,17.05,,3229862.0
2022-05-19,16.93,17.28,16.84,17.07,,4818438.0
2022-05-20,17.24,17.45,16.79,17.18,,4727309.0
2022-05-23,17.43,17.46,16.87,17.0,,3395504.0
2022-05-24,16.79,16.79,15.98,16.15,,4137778.0
2022-05-25,16.1,16.59,15.98,16.44,,2626105.0
2022-05-26,16.54,16.86,16.47,16.81,,3346777.0
2022-05-27,16.92,17.25,16.84,17.25,,1947270.0
2022-05-31,16.99,17.11,16.73,16.98,,4435820.0
2022-06-01,17.05,17.2,16.5,16.79,,4350485.0
2022-06-02,16.84,17.36,16.84,17.28,,2112187.0
2022-06-03,17.03,17.08,16.6,16.78,,1895241.0
2022-06-06,16.97,17.02,16.74,16.96,,2115295.0
2022-06-07,16.63,17.18,16.58,17.14,,2780943.0
2022-06-08,16.96,17.18,16.74,16.79,,2401233.0
2022-06-09,16.8,16.84,16.44,16.45,,2703790.0
2022-06-10,16.12,16.25,15.96,16.17,,4139962.0
2022-06-13,15.7,15.81,15.22,15.29,,3738064.0
2022-06-14,15.32,15.41,14.96,15.17,,3712438.0
2022-06-15,15.39,15.45,14.97,15.16,,4649215.0
2022-06-16,14.82,15.08,14.64,15.05,,3580199.0
2022-06-17,15.12,15.42,15.05,15.12,,6601747.0
2022-06-21,15.35,15.47,14.83,14.85,,4288536.0
2022-06-22,14.72,14.89,14.59,14.73,,4453031.0
2022-06-23,14.76,14.89,14.59,14.87,,3601376.0
2022-06-24,15.01,15.51,14.99,15.4,,5878706.0
2022-06-27,15.48,15.56,15.23,15.36,,3349101.0
2022-06-28,15.45,15.73,15.1,15.11,,3582898.0
2022-06-29,14.96,15.12,14.8,14.95,,2784947.0
2022-06-30,14.79,15.36,14.73,15.2,,4100355.0
2022-07-01,15.17,15.42,15.05,15.37,,2006901.0
2022-07-05,15.05,15.27,14.8,15.25,,2130214.0
2022-07-06,15.36,15.48,15.05,15.2,,1883208.0
2022-07-07,15.33,15.5,15.28,15.45,,2568628.0
2022-07-08,15.41,15.55,15.3,15.37,,1459462.0
2022-07-11,15.13,15.22,14.97,15.03,,1318081.0
2022-07-12,15.02,15.45,15.02,15.27,,1476053.0
2022-07-13,15.01,15.21,14.74,15.11,,1631313.0
2022-07-14,14.81,14.97,14.77,14.87,,1452256.0
2022-07-15,15.12,15.36,14.95,15.35,,2103340.0
2022-07-18,15.41,15.57,15.26,15.33,,2435513.0
2022-07-19,15.58,15.97,15.45,15.91,,1750120.0
2022-07-20,15.89,16.41,15.88,16.22,,2327983.0
2022-07-21,16.19,16.43,16.05,16.42,,2575342.0
2022-07-22,16.37,16.54,16.24,16.47,,2296971.0
2022-07-25,16.49,16.74,16.36,16.49,,2852612.0
2022-07-26,16.32,16.5,16.17,16.29,,2340865.0
2022-07-27,16.33,16.7,16.27,16.64,,3087975.0
2022-07-28,16.47,16.74,16.22,16.68,,2401438.0
2022-07-29,16.62,16.87,16.49,16.72,,2205944.0
2022-08-01,16.61,16.88,16.39,16.71,,1428551.0
2022-08-02,16.64,16.75,16.5,16.59,,1528949.0
2022-08-03,16.65,17.12,16.58,17.08,,2222250.0
2022-08-04,16.98,17.13,16.84,16.96,,1698233.0
2022-08-05,16.65,16.71,16.43,16.6,,4076020.0
2022-08-08,16.66,17.21,16.6,16.95,,4028359.0
2022-08-09,18.4,20.08,17.72,17.83,,5158878.0
2022-08-10,17.96,18.09,17.73,18.0,,3708727.0
2022-08-11,18.0,18.32,17.98,18.22,,2768453.0
2022-08-12,18.26,18.43,18.18,18.37,,2190022.0
2022-08-15,18.37,18.45,18.0,18.04,,3705836.0
2022-08-16,17.89,18.35,17.89,18.14,,2370974.0
2022-08-17,18.0,18.03,17.75,17.88,,1877561.0
2022-08-18,17.81,17.9,17.55,17.84,,1660062.0
2022-08-19,17.71,17.76,17.41,17.46,,1677852.0
2022-08-22,17.19,17.36,17.01,17.03,,1629491.0
2022-08-23,17.03,17.21,16.85,16.89,,1400984.0
2022-08-24,16.98,17.13,16.83,17.05,,1629290.0
2022-08-25,17.07,17.33,17.07,17.3,,1360282.0
2022-08-26,17.34,17.5,16.93,16.93,,2770114.0
2022-08-29,16.88,16.99,16.76,16.87,,1374117.0
2022-08-30,16.9,16.92,16.59,16.68,,2532841.0
2022-08-31,16.75,16.91,16.5,16.51,,2932645.0
2022-09-01,16.37,16.51,16.29,16.51,,2243017.0
2022-09-02,16.62,16.9,16.46,16.55,,2127004.0
2022-09-06,16.63,16.65,16.02,16.05,,2760723.0
2022-09-07,16.05,16.46,15.95,16.41,,1994076.0
2022-09-08,16.23,16.51,16.1,16.39,,2062351.0
2022-09-09,16.46,17.07,16.46,17.05,,2124110.0
2022-09-12,17.15,17.4,17.15,17.18,,1835497.0
2022-09-13,16.79,17.09,16.46,16.52,,2417901.0
2022-09-14,16.57,16.6,16.25,16.55,,1756339.0
2022-09-15,16.55,17.09,16.55,16.82,,2793757.0
2022-09-16,16.75,16.75,16.03,16.22,,4057048.0
2022-09-19,16.05,16.38,16.02,16.23,,1531691.0
2022-09-20,16.1,16.37,16.06,16.16,,1900078.0
2022-09-21,16.29,16.35,15.69,15.71,,2455264.0
2022-09-22,15.64,15.74,15.37,15.4,,2240415.0
2022-09-23,15.31,15.4,14.89,15.05,,2288654.0
2022-09-26,14.93,15.16,14.74,14.76,,3913864.0
2022-09-27,14.81,15.08,14.62,14.67,,2064750.0
2022-09-28,14.72,15.19,14.7,15.1,,1897567.0
2022-09-29,14.8,14.96,14.59,14.77,,2148603.0
2022-09-30,14.85,15.13,14.72,14.83,,3899813.0
2022-10-03,15.07,15.38,14.94,15.34,,2271397.0
2022-10-04,15.53,16.1,15.53,16.08,,3629031.0
2022-10-05,15.75,15.96,15.66,15.84,,1897783.0
2022-10-06,16.05,16.05,15.55,15.59,,1460129.0
2022-10-07,15.46,15.53,15.17,15.26,,1527770.0
2022-10-10,15.37,15.45,15.1,15.22,,1222709.0
2022-10-11,15.07,15.46,14.94,15.17,,2927751.0
2022-10-12,15.17,15.31,15.02,15.23,,2000996.0
2022-10-13,14.96,15.69,14.77,15.64,,2654897.0
2022-10-14,15.73,15.89,15.27,15.31,,3088256.0
2022-10-17,15.95,16.52,15.82,15.83,,8113411.0
2022-10-18,16.15,16.43,15.76,15.95,,4179302.0
2022-10-19,16.11,16.45,16.05,16.28,,4304747.0
2022-10-20,16.24,16.58,16.09,16.38,,3862570.0
2022-10-21,16.35,16.9,16.2,16.88,,4028409.0
2022-10-24,17.04,17.04,16.39,16.61,,4399585.0
2022-10-25,16.68,16.92,16.61,16.85,,3563733.0
2022-10-26,16.85,17.04,16.67,16.69,,2937377.0
2022-10-27,16.8,16.9,16.38,16.43,,2415321.0
2022-10-28,16.47,16.67,16.24,16.6,,2929643.0
2022-10-31,16.6,16.65,16.46,16.56,,3698417.0
2022-11-01,16.74,17.11,16.58,16.68,,2429958.0
2022-11-02,16.53,16.67,16.11,16.16,,3178554.0
2022-11-03,15.92,16.32,15.68,16.16,,4055143.0
2022-11-04,16.38,16.39,15.84,16.37,,2858081.0
2022-11-07,16.47,16.59,16.09,16.41,,3790753.0
2022-11-08,16.48,16.98,16.35,16.77,,3886868.0
2022-11-09,14.77,16.15,14.72,15.86,,6692092.0
2022-11-10,16.44,17.08,16.19,16.98,,5283010.0
2022-11-11,17.21,17.74,17.13,17.73,,3456311.0
2022-11-14,17.63,18.11,17.51,17.84,,3532121.0
2022-11-15,17.89,18.14,17.59,17.81,,2191448.0
2022-11-16,17.75,17.78,17.49,17.58,,2023912.0
2022-11-17,17.28,17.72,17.21,17.61,,2001976.0
2022-11-18,17.86,17.87,17.39,17.5,,2624957.0
2022-11-21,17.28,17.45,17.04,17.16,,2455388.0
2022-11-22,17.21,17.52,17.09,17.5,,1761159.0
2022-11-23,17.56,18.05,17.44,17.89,,2091857.0
2022-11-25,17.83,18.13,17.75,17.96,,1234284.0
2022-11-28,17.77,18.26,17.77,17.85,,3510086.0
2022-11-29,17.87,18.28,17.76,18.22,,2921102.0
2022-11-30,18.16,18.89,18.13,18.8,,4878806.0
2022-12-01,18.74,19.0,18.67,18.81,,2798644.0
2022-12-02,18.63,18.81,18.53,18.77,,1671195.0
2022-12-05,18.67,18.72,18.35,18.37,,1516747.0
2022-12-06,18.39,18.46,18.02,18.14,,1880512.0
2022-12-07,18.11,18.14,17.72,17.86,,2030851.0
2022-12-08,17.95,18.09,17.77,17.81,,2257868.0
2022-12-09,17.81,17.87,17.66,17.72,,1586014.0
2022-12-12,17.68,17.87,17.51,17.85,,2185282.0
2022-12-13,18.39,18.6,18.11,18.35,,2826496.0
2022-12-14,18.23,18.53,18.03,18.33,,2329670.0
2022-12-15,18.03,18.23,17.41,17.45,,2159410.0
2022-12-16,17.37,17.58,17.24,17.5,,3888095.0
2022-12-19,17.45,17.49,17.0,17.11,,2023742.0
2022-12-20,17.13,17.23,16.93,17.19,,2486752.0
2022-12-21,17.32,17.53,17.19,17.4,,1862469.0
2022-12-22,17.22,17.51,17.11,17.48,,1585810.0
2022-12-23,17.84,18.2,17.58,17.97,,3703894.0
2022-12-27,17.97,18.12,17.76,17.94,,1506601.0
2022-12-28,17.91,18.05,17.61,17.62,,1646057.0
2022-12-29,17.7,18.02,17.66,17.88,,1461037.0
2022-12-30,17.7,17.87,17.62,17.86,,1859919.0
2023-01-03,18.03,18.2,17.75,17.96,,1859168.0
2023-01-04,18.19,18.66,18.01,18.63,,2519245.0
2023-01-05,18.54,18.57,18.21,18.33,,1439042.0
2023-01-06,18.56,18.72,18.28,18.65,,1699252.0
2023-01-09,18.75,18.99,18.63,18.72,,1504291.0
2023-01-10,18.69,19.04,18.54,19.03,,1419140.0
2023-01-11,19.03,19.09,18.67,18.95,,2293487.0
2023-01-12,18.98,19.09,18.83,18.99,,1658214.0
2023-01-13,18.79,19.11,18.78,19.1,,1605580.0
2023-01-17,19.07,19.15,18.81,18.91,,1824637.0
2023-01-18,18.98,19.04,18.45,18.52,,2078427.0
2023-01-19,18.38,18.45,18.17,18.36,,1806722.0
2023-01-20,18.42,18.94,18.29,18.9,,1807693.0
2023-01-23,18.94,19.2,18.81,19.19,,1272896.0
2023-01-24,19.12,19.2,18.91,19.17,,1489916.0
2023-01-25,20.13,20.89,20.04,20.26,,9544622.0
2023-01-26,20.25,20.43,19.98,20.34,,3052506.0
2023-01-27,20.32,20.4,20.08,20.14,,2873383.0
2023-01-30,19.91,20.04,19.68,19.8,,3403978.0
2023-01-31,19.79,19.91,19.72,19.88,,2797985.0
2023-02-01,19.88,20.37,19.53,20.34,,3252834.0
2023-02-02,20.55,21.29,20.49,21.07,,3026000.0
2023-02-03,20.82,21.01,20.62,20.78,,2510567.0
2023-02-06,20.57,20.65,20.21,20.39,,2127788.0
2023-02-07,20.31,20.62,20.13,20.52,,1771900.0
2023-02-08,20.4,20.79,20.36,20.49,,2228775.0
2023-02-09,20.7,20.7,20.16,20.21,,2655251.0
2023-02-10,19.29,19.37,18.26,18.31,,8312632.0
2023-02-13,18.28,18.62,18.15,18.52,,3645301.0
2023-02-14,18.43,18.55,18.16,18.47,,2986607.0
2023-02-15,18.39,18.81,18.3,18.79,,2802288.0
2023-02-16,18.52,18.71,18.33,18.35,,2459119.0
2023-02-17,18.33,18.66,18.19,18.65,,2682727.0
2023-02-21,18.4,18.53,17.9,17.92,,2353739.0
2023-02-22,17.47,17.54,17.01,17.35,,4609670.0
2023-02-23,17.3,17.39,17.0,17.18,,2130129.0
2023-02-24,16.83,17.13,16.68,17.12,,2721951.0
2023-02-27,17.22,17.22,16.93,16.95,,2146020.0
2023-02-28,16.92,17.01,16.74,16.83,,3739432.0
2023-03-01,16.69,16.77,16.53,16.61,,2607107.0
2023-03-02,16.51,16.96,16.47,16.94,,2123547.0
2023-03-03,17.01,17.04,16.81,16.94,,2256666.0
2023-03-06,16.98,17.1,16.66,16.71,,3163875.0
2023-03-07,16.7,16.81,16.52,16.55,,2696210.0
2023-03-08,16.59,16.68,16.37,16.46,,2907903.0
2023-03-09,16.46,16.53,15.97,15.99,,3382287.0
2023-03-10,15.92,15.93,15.45,15.71,,3741369.0
2023-03-13,15.63,15.63,15.29,15.31,,3972706.0
2023-03-14,15.68,15.76,15.45,15.71,,5555130.0
2023-03-15,15.45,15.73,15.4,15.72,,3860040.0
2023-03-16,15.6,16.09,15.52,16.04,,3160516.0
2023-03-17,15.97,16.0,15.71,15.71,,4593405.0
2023-03-20,15.72,15.91,15.64,15.87,,2186418.0
2023-03-21,16.08,16.17,15.97,16.01,,3371443.0
2023-03-22,15.97,16.05,15.61,15.63,,2494983.0
2023-03-23,15.7,16.08,15.7,15.98,,6234795.0
2023-03-24,15.89,16.05,15.68,16.02,,2939132.0
2023-03-27,16.2,16.37,16.15,16.29,,3261136.0
2023-03-28,16.25,16.41,16.16,16.39,,2194499.0
2023-03-29,16.57,16.76,16.49,16.72,,1986621.0
2023-03-30,16.76,16.96,16.7,16.76,,2254160.0
2023-03-31,16.83,17.07,16.77,17.06,,2158738.0
2023-04-03,16.96,17.26,16.96,17.2,,2854215.0
2023-04-04,17.28,17.44,17.0,17.11,,3256074.0
2023-04-05,17.05,17.13,16.83,17.11,,3128414.0
2023-04-06,17.06,17.16,16.91,17.06,,1987135.0
2023-04-10,16.92,17.2,16.92,17.19,,1380762.0
2023-04-11,17.19,17.44,17.19,17.38,,1596846.0
2023-04-12,17.56,17.61,17.06,17.09,,2766606.0
2023-04-13,17.07,17.45,17.07,17.4,,2119800.0
2023-04-14,17.34,17.5,17.08,17.19,,1366994.0
2023-04-17,17.15,17.23,16.96,17.11,,2377243.0
2023-04-18,17.19,17.25,17.0,17.06,,2857047.0
2023-04-19,16.95,17.28,16.85,17.19,,2053186.0
2023-04-20,17.12,17.27,17.05,17.06,,2164630.0
2023-04-21,17.11,17.18,16.99,17.07,,1889185.0
2023-04-24,17.08,17.17,16.88,17.04,,1288242.0
2023-04-25,16.86,16.9,16.58,16.69,,2749355.0
2023-04-26,16.69,16.83,16.39,16.44,,1739831.0
2023-04-27,16.55,16.96,16.39,16.94,,1773845.0
2023-04-28,16.95,17.39,16.89,17.39,,2753970.0
2023-05-01,17.3,17.44,17.12,17.16,,1824047.0
2023-05-02,17.1,17.1,16.52,16.77,,2267669.0
2023-05-03,16.84,17.06,16.81,16.82,,1846969.0
2023-05-04,16.59,16.79,16.43,16.51,,5698790.0
2023-05-05,16.72,16.96,16.61,16.91,,1684014.0
2023-05-08,16.94,17.02,16.79,16.93,,1127674.0
2023-05-09,16.89,16.89,16.64,16.72,,2008513.0
2023-05-10,16.94,17.04,16.15,16.45,,3342188.0
2023-05-11,16.4,16.58,16.2,16.53,,3907256.0
2023-05-12,18.01,18.4,17.37,17.94,,5659781.0
2023-05-15,18.08,18.6,18.02,18.54,,4224410.0
2023-05-16,18.44,18.44,17.98,18.14,,2721176.0
2023-05-17,18.29,18.51,18.01,18.49,,2276896.0
2023-05-18,18.49,18.58,18.29,18.54,,1714570.0
2023-05-19,18.61,18.61,18.28,18.35,,1420075.0
2023-05-22,18.41,18.51,18.19,18.3,,1771993.0
2023-05-23,18.19,18.38,18.13,18.14,,1633824.0
2023-05-24,18.01,18.11,17.87,17.99,,1625697.0
2023-05-25,17.99,18.2,17.92,18.0,,2051850.0
2023-05-26,18.09,18.34,17.97,18.31,,1756070.0
2023-05-30,18.46,18.59,18.38,18.55,,1818828.0
2023-05-31,18.47,18.48,17.95,18.08,,3598114.0
2023-06-01,18.19,18.47,18.01,18.46,,2285306.0
2023-06-02,18.59,18.74,18.35,18.57,,1902129.0
2023-06-05,18.53,18.64,18.36,18.4,,2224404.0
2023-06-06,18.42,18.75,18.36,18.72,,2168740.0
2023-06-07,18.76,19.22,18.69,19.19,,4897014.0
2023-06-08,19.14,19.18,18.74,18.96,,2363464.0
2023-06-09,18.99,19.02,18.79,18.97,,1783428.0
2023-06-12,18.96,19.04,18.72,18.77,,4302628.0
2023-06-13,18.81,19.27,18.81,19.17,,2540677.0
2023-06-14,19.22,19.45,18.94,19.02,,2181369.0
2023-06-15,19.01,19.34,18.94,19.27,,2395440.0
2023-06-16,19.42,19.45,19.19,19.33,,3909989.0
2023-06-20,19.16,19.27,18.84,18.85,,1672026.0
2023-06-21,18.83,19.06,18.69,19.03,,1668645.0
2023-06-22,18.99,19.03,18.57,18.61,,1163644.0
2023-06-23,18.41,18.66,18.36,18.53,,2228586.0
2023-06-26,18.59,18.76,18.52,18.71,,1178136.0
2023-06-27,18.72,19.14,18.66,18.99,,1286842.0
2023-06-28,18.96,19.33,18.95,19.29,,1905472.0
2023-06-29,19.29,19.44,19.2,19.29,,1172035.0
2023-06-30,19.48,19.49,19.23,19.26,,1497498.0
2023-07-03,19.18,19.37,19.09,19.31,,1123034.0
2023-07-05,19.16,19.29,18.97,19.26,,2286685.0
2023-07-06,19.06,19.28,18.74,19.25,,2412874.0
2023-07-07,19.2,19.62,19.17,19.47,,2559148.0
2023-07-10,19.36,19.57,19.25,19.33,,1791023.0
2023-07-11,19.44,19.68,19.24,19.67,,1780066.0
2023-07-12,19.91,20.16,19.85,19.91,,2168446.0
2023-07-13,20.03,20.11,19.94,20.08,,1356707.0
2023-07-14,20.09,20.13,19.78,19.96,,1308062.0
2023-07-17,19.93,20.22,19.79,20.15,,1699340.0
2023-07-18,20.11,20.44,20.11,20.34,,1893590.0
2023-07-19,20.3,20.32,19.87,19.9,,2026589.0
2023-07-20,19.87,19.96,19.5,19.63,,2424489.0
2023-07-21,19.71,19.72,19.37,19.41,,2572322.0
2023-07-24,19.41,19.55,19.04,19.1,,2365535.0
2023-07-25,19.06,19.17,18.94,19.05,,2261777.0
2023-07-26,19.03,19.22,18.85,18.96,,1495268.0
2023-07-27,19.21,19.3,18.96,19.03,,2283368.0
2023-07-28,19.32,19.32,18.96,19.14,,1772212.0
2023-07-31,19.14,19.63,19.13,19.58,,3161716.0
2023-08-01,19.44,19.7,19.28,19.57,,2204261.0
2023-08-02,19.46,19.49,19.15,19.42,,1711036.0
2023-08-03,19.25,19.58,19.18,19.47,,2695937.0
2023-08-04,19.46,20.02,19.44,19.63,,2677585.0
2023-08-07,19.78,20.11,19.73,19.96,,2840295.0
2023-08-08,19.83,20.14,19.75,20.13,,3094427.0
2023-08-09,20.19,20.34,19.97,20.09,,2709207.0
2023-08-10,20.22,20.36,19.87,20.06,,4137626.0
2023-08-11,20.39,21.03,20.16,20.98,,4758277.0
2023-08-14,20.97,21.38,20.8,21.35,,3981077.0
2023-08-15,21.08,21.13,20.6,20.65,,2861545.0
2023-08-16,20.71,21.26,20.68,20.85,,3403021.0
2023-08-17,20.89,20.96,20.5,20.52,,3340074.0
2023-08-18,20.42,20.59,20.36,20.5,,1689115.0
2023-08-21,20.52,20.62,20.11,20.34,,2032109.0
2023-08-22,20.32,20.61,20.3,20.4,,2247227.0
2023-08-23,20.43,20.7,20.41,20.61,,1977563.0
2023-08-24,20.53,20.8,20.39,20.39,,1544632.0
2023-08-25,20.35,20.63,20.34,20.48,,1885951.0
2023-08-28,20.53,20.81,20.53,20.63,,1840499.0
2023-08-29,20.64,21.01,20.58,20.96,,1871054.0
2023-08-30,20.94,21.13,20.9,21.07,,2070988.0
2023-08-31,21.05,21.37,21.03,21.22,,3099934.0
2023-09-01,21.22,21.27,20.9,21.02,,1779119.0
2023-09-05,20.79,20.97,20.67,20.93,,2051885.0
2023-09-06,20.91,21.06,20.75,20.95,,2028965.0
2023-09-07,20.96,21.02,20.71,20.74,,1962414.0
2023-09-08,20.83,20.99,20.77,20.8,,2960158.0
2023-09-11,20.85,21.03,20.75,20.78,,1769638.0
2023-09-12,20.68,20.9,20.54,20.66,,2035917.0
2023-09-13,20.77,20.78,20.07,20.14,,2105963.0
2023-09-14,20.29,20.4,20.15,20.35,,2425574.0
2023-09-15,20.27,20.42,20.04,20.13,,3698775.0
2023-09-18,20.15,20.2,19.72,19.77,,2662117.0
2023-09-19,19.76,19.87,19.71,19.8,,2421876.0
2023-09-20,19.85,19.9,19.5,19.52,,1924532.0
2023-09-21,19.48,20.14,19.3,19.77,,5569471.0
2023-09-22,19.8,19.89,19.43,19.53,,2893918.0
2023-09-25,19.44,19.67,19.42,19.64,,2867521.0
2023-09-26,19.45,19.64,19.43,19.44,,2293857.0
2023-09-27,19.6,19.66,19.39,19.5,,2329573.0
2023-09-28,19.47,19.92,19.47,19.83,,2418652.0
2023-09-29,19.91,20.08,19.82,19.91,,2545534.0
2023-10-02,19.89,20.02,19.77,19.85,,2579872.0
2023-10-03,19.74,19.94,19.23,19.28,,2795375.0
2023-10-04,19.31,19.69,19.1,19.67,,2681338.0
2023-10-05,19.62,19.76,19.44,19.55,,2270836.0
2023-10-06,19.53,20.2,19.49,20.01,,2871443.0
2023-10-09,19.98,20.15,19.74,20.08,,2309475.0
2023-10-10,20.09,20.5,19.95,20.48,,2957549.0
2023-10-11,20.55,20.91,20.53,20.74,,3939726.0
2023-10-12,20.77,20.91,20.45,20.65,,2871824.0
2023-10-13,20.7,21.34,20.34,20.75,,8201645.0
2023-10-16,21.03,21.77,20.96,21.72,,7209915.0
2023-10-17,21.76,22.09,21.5,22.06,,6778365.0
2023-10-18,21.98,22.15,21.71,21.72,,4009012.0
2023-10-19,21.75,21.79,21.37,21.46,,3956335.0
2023-10-20,21.51,21.54,20.85,21.05,,3797997.0
2023-10-23,21.0,21.26,20.87,20.94,,2743561.0
2023-10-24,21.04,21.45,21.02,21.3,,2614639.0
2023-10-25,21.19,21.24,20.38,20.39,,3149063.0
2023-10-26,20.38,20.54,20.26,20.34,,3032226.0
2023-10-27,20.34,21.02,19.96,20.07,,1917649.0
2023-10-30,20.42,20.48,20.17,20.46,,2317275.0
2023-10-31,20.46,20.71,20.39,20.52,,3041326.0
2023-11-01,20.57,20.64,20.34,20.62,,2377565.0
2023-11-02,20.76,21.32,20.74,21.09,,4933462.0
2023-11-03,21.31,21.77,21.31,21.76,,5145169.0
2023-11-06,21.65,21.82,21.46,21.5,,2915882.0
2023-11-07,21.47,21.54,21.22,21.27,,3052580.0
2023-11-08,21.23,21.54,21.2,21.25,,3273671.0
2023-11-09,21.31,21.42,20.95,21.13,,4273298.0
2023-11-10,20.63,21.29,20.36,20.76,,5597647.0
2023-11-13,20.64,20.66,20.2,20.29,,3127989.0
2023-11-14,20.68,20.95,20.65,20.8,,2819277.0
2023-11-15,20.81,21.13,20.69,20.72,,2643520.0
2023-11-16,20.79,20.99,20.67,20.91,,2710160.0
2023-11-17,21.02,21.05,20.75,20.87,,2206350.0
2023-11-20,20.88,21.2,20.79,21.12,,1625107.0
2023-11-21,21.09,21.3,20.94,21.29,,2379384.0
2023-11-22,21.44,21.8,21.39,21.78,,2391773.0
2023-11-24,21.84,21.91,21.68,21.84,,1165071.0
2023-11-27,21.8,22.25,21.66,22.22,,2943391.0
2023-11-28,22.22,22.38,22.09,22.16,,3006706.0
2023-11-29,22.16,22.3,21.85,22.17,,2686534.0
2023-11-30,22.12,22.16,21.72,21.87,,4690437.0
2023-12-01,21.93,22.11,21.83,21.98,,2173659.0
2023-12-04,21.89,22.33,21.83,21.89,,2369523.0
2023-12-05,21.76,21.76,21.36,21.6,,2831030.0
2023-12-06,21.71,21.83,21.56,21.62,,2002177.0
2023-12-07,21.75,21.82,21.49,21.78,,1691716.0
2023-12-08,21.75,21.92,21.54,21.77,,1801549.0
2023-12-11,21.85,22.01,21.72,21.9,,1467157.0
2023-12-12,21.97,22.03,21.68,21.83,,2398130.0
2023-12-13,21.81,22.54,21.71,22.51,,3430535.0
2023-12-14,22.8,23.28,22.74,23.12,,3639381.0
2023-12-15,23.13,23.3,22.92,23.22,,5849344.0
2023-12-18,23.22,23.29,23.02,23.17,,2269768.0
2023-12-19,23.31,23.62,23.25,23.56,,1787841.0
2023-12-20,23.57,23.73,23.2,23.24,,2133257.0
2023-12-21,23.4,23.56,23.25,23.52,,1542326.0
2023-12-22,23.64,23.71,23.48,23.62,,1202044.0
2023-12-26,23.61,23.98,23.5,23.95,,1126531.0
2023-12-27,23.96,24.4,23.79,24.23,,1822406.0
2023-12-28,24.35,24.58,24.24,24.44,,1750076.0
2023-12-29,24.32,24.62,24.3,24.36,,2162542.0
2024-01-02,24.18,24.26,23.97,24.23,,2018449.0
2024-01-03,24.06,24.33,23.85,24.12,,2362020.0
2024-01-04,24.17,24.24,23.88,24.06,,2735828.0
2024-01-05,24.08,24.47,24.08,24.24,,3243919.0
2024-01-08,24.18,24.48,24.03,24.45,,2095529.0
2024-01-09,24.2,24.38,24.06,24.07,,1874120.0
2024-01-10,23.99,24.21,23.92,24.01,,1604858.0
2024-01-11,24.02,24.09,23.71,24.04,,2035813.0
2024-01-12,24.21,24.36,23.91,24.06,,2881959.0
2024-01-16,23.94,24.05,23.38,23.57,,2774147.0
2024-01-17,23.27,23.54,23.22,23.3,,2460628.0
2024-01-18,23.3,23.48,23.11,23.4,,2381813.0
2024-01-19,23.48,23.87,23.32,23.85,,2277289.0
2024-01-22,23.95,24.13,23.86,24.07,,2174362.0
2024-01-23,24.26,24.37,23.92,24.13,,2439880.0
2024-01-24,24.38,24.57,24.3,24.44,,2040594.0
2024-01-25,24.72,24.86,24.45,24.51,,2665097.0
2024-01-26,24.53,24.77,24.53,24.55,,1975499.0
2024-01-29,24.55,24.92,24.44,24.9,,1860480.0
2024-01-30,24.81,24.88,24.46,24.61,,3094199.0
2024-01-31,24.65,24.82,24.37,24.45,,3373163.0
2024-02-01,24.5,24.59,24.13,24.58,,2134338.0
2024-02-02,24.49,24.61,24.27,24.51,,2295970.0
2024-02-05,24.28,24.43,23.92,23.97,,5426683.0
2024-02-06,24.16,24.51,24.06,24.49,,2339378.0
2024-02-07,24.49,24.56,23.54,24.09,,5263697.0
2024-02-08,26.68,27.79,25.24,25.64,,9683668.0
2024-02-09,25.74,25.99,25.5,25.84,,4479972.0
2024-02-12,26.0,26.11,25.78,25.87,,3202132.0
2024-02-13,25.67,25.67,25.23,25.56,,3933798.0
2024-02-14,25.76,25.92,25.57,25.81,,2709046.0
2024-02-15,25.85,26.49,25.79,26.3,,2898499.0
2024-02-16,26.3,26.39,26.02,26.04,,1712864.0
2024-02-20,25.97,26.18,25.95,26.05,,3964961.0
2024-02-21,25.91,26.3,25.64,25.88,,2653865.0
2024-02-22,26.09,26.34,25.9,26.31,,2018868.0
2024-02-23,26.31,26.38,26.19,26.23,,2088355.0
2024-02-26,26.23,26.26,25.99,26.16,,2356634.0
2024-02-27,26.19,26.25,26.03,26.23,,1678281.0
2024-02-28,26.17,26.29,26.03,26.13,,1823378.0
2024-02-29,26.4,26.74,26.23,26.68,,6586480.0
2024-03-01,26.68,26.68,26.03,26.13,,3534820.0
2024-03-04,26.19,26.26,25.56,25.73,,3327562.0
2024-03-05,25.54,25.75,25.31,25.67,,2788895.0
2024-03-06,25.91,25.94,25.66,25.83,,3096318.0
2024-03-07,25.87,26.16,25.8,25.94,,2535207.0
2024-03-08,26.01,26.39,26.01,26.14,,2395343.0
2024-03-11,26.21,26.99,25.92,26.28,,3971250.0
2024-03-12,26.42,26.59,26.21,26.23,,2457955.0
2024-03-13,26.26,26.37,26.09,26.25,,2928494.0
2024-03-14,26.16,26.18,25.83,25.99,,2443198.0
2024-03-15,25.86,26.21,25.37,25.41,,6474628.0
2024-03-18,25.55,25.67,25.22,25.35,,3165741.0
2024-03-19,25.38,25.71,25.24,25.64,,2231044.0
2024-03-20,25.54,25.86,25.52,25.81,,2442739.0
2024-03-21,25.86,26.15,25.86,26.11,,2519456.0
2024-03-22,26.09,26.14,25.79,25.8,,1741185.0
2024-03-25,25.88,26.01,25.75,25.93,,2075656.0
2024-03-26,26.05,26.25,25.92,25.97,,1926089.0
2024-03-27,26.14,26.37,25.95,26.19,,2041063.0
2024-03-28,26.27,26.43,26.07,26.08,,3432629.0
2024-04-01,26.09,26.11,25.55,25.71,,2150381.0
2024-04-02,25.57,25.7,25.35,25.41,,1875084.0
2024-04-03,25.41,25.67,25.22,25.65,,2111299.0
2024-04-04,25.76,26.04,25.38,25.45,,3311077.0
2024-04-05,25.44,25.71,25.4,25.56,,2048666.0
2024-04-08,25.7,25.82,25.57,25.64,,2336696.0
2024-04-09,25.76,25.86,25.3,25.41,,2918019.0
2024-04-10,25.03,25.3,24.69,24.73,,3853558.0
2024-04-11,24.77,24.93,24.67,24.82,,2431233.0
2024-04-12,24.61,24.69,24.2,24.27,,2335529.0
2024-04-15,24.49,24.65,24.09,24.19,,2219550.0
2024-04-16,24.04,24.16,23.84,24.01,,1540220.0
2024-04-17,24.22,24.27,24.05,24.06,,1565445.0
2024-04-18,24.22,24.26,23.89,23.94,,1358194.0
2024-04-19,23.94,24.02,23.85,23.93,,1433502.0
2024-04-22,24.12,24.44,24.0,24.34,,2059666.0
2024-04-23,24.39,24.63,24.39,24.52,,1174698.0
2024-04-24,24.48,24.63,24.39,24.47,,1804778.0
2024-04-25,24.3,24.43,23.89,24.12,,2004074.0
2024-04-26,24.08,24.23,23.9,24.13,,1725029.0
2024-04-29,24.25,24.42,24.07,24.09,,1966611.0
2024-04-30,24.02,24.14,23.54,23.71,,4483654.0
2024-05-01,23.62,24.01,23.6,23.75,,2930566.0
2024-05-02,23.84,23.97,23.64,23.91,,2906221.0
2024-05-03,24.08,24.43,24.08,24.38,,2640714.0
2024-05-06,24.44,24.54,24.13,24.47,,3297987.0
2024-05-07,24.69,24.73,24.21,24.33,,4734487.0
2024-05-08,24.03,24.22,23.89,24.05,,5445230.0
2024-05-09,23.06,24.82,22.56,24.68,,8134445.0
2024-05-10,24.7,24.97,24.5,24.93,,4267492.0
2024-05-13,25.09,25.46,24.99,25.36,,3344646.0
2024-05-14,25.43,25.56,25.26,25.47,,2860877.0
2024-05-15,25.66,25.95,25.57,25.89,,2383729.0
2024-05-16,25.93,26.43,25.93,26.2,,2772777.0
2024-05-17,26.31,26.31,26.02,26.19,,1866501.0
2024-05-20,26.23,26.34,26.11,26.32,,1707558.0
2024-05-21,26.27,26.35,26.06,26.19,,1589770.0
2024-05-22,26.16,26.23,25.84,25.85,,2728514.0
2024-05-23,26.41,26.56,25.73,25.78,,2675242.0
2024-05-24,25.88,26.7,25.78,26.64,,2080322.0
2024-05-28,26.67,26.84,26.45,26.53,,3117236.0
2024-05-29,26.29,26.64,26.29,26.53,,1887143.0
2024-05-30,26.6,26.86,26.42,26.82,,1969339.0
2024-05-31,26.71,27.11,26.64,27.09,,3787315.0
2024-06-03,27.28,27.36,26.99,27.19,,1957779.0
2024-06-04,27.08,27.34,26.95,27.13,,2512041.0
2024-06-05,27.16,27.81,27.06,27.78,,2168777.0
2024-06-06,27.75,27.81,27.56,27.6,,2340842.0
2024-06-07,27.5,27.5,27.02,27.09,,3109344.0
2024-06-10,26.97,27.15,26.88,27.11,,1412103.0
2024-06-11,26.99,27.34,26.98,27.25,,1618040.0
2024-06-12,27.56,27.63,27.31,27.44,,1338634.0
2024-06-13,27.34,27.34,26.9,27.09,,1235412.0
2024-06-14,26.92,27.05,26.67,26.98,,2442679.0
2024-06-17,26.98,26.98,26.63,26.76,,1780542.0
2024-06-18,26.7,27.02,26.5,26.91,,1988930.0
2024-06-20,26.82,27.12,26.73,26.8,,1901340.0
2024-06-21,26.86,27.03,26.5,26.75,,8483724.0
2024-06-24,26.86,27.42,26.81,27.4,,2594041.0
2024-06-25,27.41,27.78,27.25,27.76,,2438929.0
2024-06-26,27.76,27.88,27.57,27.76,,1780894.0
2024-06-27,27.77,27.81,27.52,27.58,,2004116.0
2024-06-28,27.55,27.83,27.3,27.46,,4829023.0
2024-07-01,27.45,27.75,27.17,27.19,,2042877.0
2024-07-02,27.06,27.54,26.99,27.52,,2368151.0
2024-07-03,27.55,27.72,27.5,27.55,,1063313.0
2024-07-05,27.5,27.54,27.29,27.37,,1772547.0
2024-07-08,27.54,27.66,27.07,27.15,,2556125.0
2024-07-09,27.11,27.77,26.97,27.61,,3186710.0
2024-07-10,27.72,27.79,27.52,27.68,,1674383.0
2024-07-11,27.84,27.92,27.7,27.73,,2112467.0
2024-07-12,27.81,27.98,27.59,27.63,,3380417.0
2024-07-15,27.63,27.82,27.42,27.59,,2502064.0
2024-07-16,27.69,28.51,27.64,28.33,,4387917.0
2024-07-17,28.27,28.38,27.76,27.88,,3877780.0
2024-07-18,27.91,28.02,27.57,27.67,,2286800.0
2024-07-19,27.66,27.74,27.14,27.26,,3194861.0
2024-07-22,27.39,27.76,27.11,27.62,,2333604.0
2024-07-23,27.58,28.09,27.47,27.99,,2269546.0
2024-07-24,27.92,27.92,27.19,27.21,,1793798.0
2024-07-25,27.33,27.54,27.04,27.05,,2145521.0
2024-07-26,27.24,27.53,26.95,27.38,,2204904.0
2024-07-29,27.59,27.69,27.44,27.58,,1628241.0
2024-07-30,27.69,27.72,27.16,27.31,,2344976.0
2024-07-31,27.55,27.64,27.36,27.47,,3497392.0
2024-08-01,27.62,27.7,26.84,27.07,,2663740.0
2024-08-02,26.66,26.86,25.89,26.2,,3073722.0
2024-08-05,25.85,25.85,25.04,25.31,,3575732.0
2024-08-06,25.43,26.06,25.31,25.96,,5465482.0
2024-08-07,26.32,26.38,25.82,25.94,,4195332.0
2024-08-08,26.03,26.83,25.9,26.68,,4232541.0
2024-08-09,27.0,27.85,26.8,27.63,,5104490.0
2024-08-12,27.52,27.72,26.96,27.01,,2996975.0
2024-08-13,27.07,27.56,26.98,27.43,,2644071.0
2024-08-14,27.38,27.49,27.19,27.22,,1640902.0
2024-08-15,27.24,27.57,27.19,27.47,,3741812.0
2024-08-16,27.34,27.52,27.25,27.29,,2712265.0
2024-08-19,27.34,27.71,27.27,27.71,,1597115.0
2024-08-20,27.71,27.82,27.15,27.28,,1964808.0
2024-08-21,27.46,27.68,27.28,27.66,,1443365.0
2024-08-22,27.81,27.82,27.58,27.73,,1735809.0
2024-08-23,27.97,28.16,27.82,28.03,,1350331.0
2024-08-26,28.1,28.35,27.88,27.91,,1193105.0
2024-08-27,27.91,28.03,27.67,27.87,,1304462.0
2024-08-28,27.87,28.37,27.86,27.97,,1355740.0
2024-08-29,28.0,28.18,27.61,27.74,,2895083.0
2024-08-30,27.86,28.25,27.84,28.22,,2306296.0
2024-09-03,27.97,28.08,26.72,26.87,,4278881.0
2024-09-04,26.83,27.49,26.78,27.04,,2445778.0
2024-09-05,27.07,27.13,26.56,26.83,,2248529.0
2024-09-06,26.9,27.08,26.35,26.47,,2962317.0
2024-09-09,26.53,26.72,26.44,26.5,,2069287.0
2024-09-10,26.62,26.67,26.0,26.28,,3489394.0
2024-09-11,26.24,26.29,25.71,25.95,,2311937.0
2024-09-12,25.91,26.05,25.73,25.96,,2373543.0
2024-09-13,26.1,26.26,26.05,26.14,,2025002.0
2024-09-16,26.14,26.18,25.88,26.09,,2392957.0
2024-09-17,26.2,26.59,26.1,26.34,,2374354.0
2024-09-18,26.38,26.87,26.34,26.45,,2442754.0
2024-09-19,26.87,26.96,26.52,26.54,,1803673.0
2024-09-20,26.53,26.6,26.04,26.34,,7065685.0
2024-09-23,26.32,26.57,26.23,26.49,,2016889.0
2024-09-24,26.49,26.71,26.44,26.71,,1425123.0
2024-09-25,26.69,26.76,26.2,26.25,,1623686.0
2024-09-26,26.44,26.54,26.29,26.38,,1650102.0
2024-09-27,26.57,26.77,26.42,26.5,,1488720.0
2024-09-30,26.51,26.72,26.29,26.63,,3560929.0
2024-10-01,26.61,26.73,26.16,26.41,,2631555.0
2024-10-02,26.07,26.48,26.07,26.19,,1285403.0
2024-10-03,26.07,26.18,25.89,26.02,,1571938.0
2024-10-04,26.23,26.45,26.0,26.14,,1128026.0
2024-10-07,26.0,26.16,25.93,25.99,,1648424.0
2024-10-08,26.05,26.08,25.55,25.91,,2675819.0
2024-10-09,25.94,26.44,25.93,26.28,,2105462.0
2024-10-10,26.24,26.32,25.66,25.68,,2039093.0
2024-10-11,25.66,26.12,25.66,25.93,,1859516.0
2024-10-14,25.99,26.11,25.78,26.04,,1494356.0
2024-10-15,26.18,26.74,26.05,26.47,,2688135.0
2024-10-16,26.55,26.62,26.36,26.37,,1692754.0
2024-10-17,26.42,26.58,26.26,26.44,,1364235.0
2024-10-18,26.49,26.51,26.29,26.33,,2255001.0
2024-10-21,26.27,26.59,26.27,26.33,,1261358.0
2024-10-22,26.28,26.43,25.99,26.11,,1902056.0
2024-10-23,26.11,26.2,25.79,25.88,,1733284.0
2024-10-24,25.9,26.05,25.8,25.95,,1576966.0
2024-10-25,25.99,26.2,25.93,25.99,,1479341.0
2024-10-28,26.22,26.63,26.03,26.51,,3403086.0
2024-10-29,26.51,27.38,26.43,27.33,,2787244.0
2024-10-30,27.3,27.74,27.26,27.28,,1967945.0
2024-10-31,27.25,27.38,27.1,27.25,,3614977.0
2024-11-01,27.21,27.43,27.05,27.32,,2326668.0
2024-11-04,27.55,27.72,27.32,27.42,,2279925.0
2024-11-05,27.31,27.95,27.31,27.85,,2099332.0
2024-11-06,28.75,29.13,28.67,28.95,,2234535.0
2024-11-07,29.0,29.34,28.93,29.16,,3088248.0
2024-11-08,28.86,30.04,28.52,29.52,,4388274.0
2024-11-11,29.52,29.99,29.18,29.23,,3637870.0
2024-11-12,29.25,29.5,29.1,29.33,,3800735.0
2024-11-13,29.5,29.58,28.84,28.85,,2241727.0
2024-11-14,28.66,29.16,28.54,29.11,,3439878.0
2024-11-15,29.04,29.35,28.61,28.62,,3945455.0
2024-11-18,28.65,28.88,28.51,28.61,,3044614.0
2024-11-19,28.22,28.84,28.22,28.8,,3528206.0
2024-11-20,28.82,29.21,28.73,29.15,,3981525.0
2024-11-21,29.25,29.62,28.72,29.54,,3105420.0
2024-11-22,29.53,29.89,29.45,29.49,,3412308.0
2024-11-25,29.55,29.67,29.39,29.46,,4575446.0
2024-11-26,29.37,29.52,29.18,29.28,,1616778.0
2024-11-27,29.3,29.41,29.01,29.05,,1808587.0
2024-11-29,28.99,29.47,28.99,29.35,,1508951.0
2024-12-02,29.24,29.55,29.15,29.45,,3694186.0
2024-12-03,29.57,29.95,29.38,29.86,,2581978.0
2024-12-04,29.86,29.95,29.56,29.65,,2267438.0
2024-12-05,29.5,29.85,29.48,29.52,,2404318.0
2024-12-06,29.38,29.49,29.21,29.35,,1389441.0
2024-12-09,29.34,29.55,29.26,29.38,,1714077.0
2024-12-10,29.41,29.45,29.0,29.06,,2233134.0
2024-12-11,29.22,29.38,28.93,29.07,,2939920.0
2024-12-12,29.0,29.26,28.94,28.98,,1661908.0
2024-12-13,28.88,28.93,28.55,28.61,,1288218.0
2024-12-16,28.61,28.92,28.43,28.65,,1641249.0
2024-12-17,28.5,28.72,28.24,28.25,,2155912.0
2024-12-18,28.39,28.61,27.65,27.68,,2053636.0
2024-12-19,27.72,28.23,27.6,27.61,,1817448.0
2024-12-20,27.49,27.97,27.46,27.86,,5791419.0
2024-12-23,27.97,28.27,27.89,28.05,,2025842.0
2024-12-24,28.14,28.26,27.95,28.25,,877558.0
2024-12-26,28.08,28.16,27.95,28.15,,1351984.0
2024-12-27,27.99,28.11,27.69,27.79,,1570293.0
2024-12-30,27.58,27.61,27.12,27.48,,1737653.0
