time,open,high,low,close,Volume,volume
1999-11-01,12.31,12.47,12.25,12.47,,227900.0
1999-11-02,12.38,12.92,12.38,12.78,,279000.0
1999-11-03,12.91,13.11,12.86,13.1,,395700.0
1999-11-04,13.47,13.47,13.26,13.41,,283200.0
1999-11-05,13.41,13.53,13.21,13.21,,329900.0
1999-11-08,13.21,13.3,13.11,13.11,,321000.0
1999-11-09,13.11,13.11,12.88,12.93,,149300.0
1999-11-10,12.68,12.7,12.26,12.38,,438000.0
1999-11-11,12.38,12.5,12.31,12.35,,129300.0
1999-11-12,12.38,12.43,12.23,12.35,,228200.0
1999-11-15,12.36,12.53,12.07,12.53,,246500.0
1999-11-16,12.48,12.53,12.26,12.48,,191500.0
1999-11-17,12.48,13.01,12.43,12.85,,324300.0
1999-11-18,12.86,13.07,12.83,13.07,,158600.0
1999-11-19,13.03,13.18,12.78,13.13,,188700.0
1999-11-22,13.08,13.08,12.51,12.58,,307600.0
1999-11-23,12.58,12.58,11.89,12.13,,390200.0
1999-11-24,12.11,12.76,12.08,12.45,,96400.0
1999-11-26,12.4,12.41,12.18,12.2,,54600.0
1999-11-29,12.16,12.16,11.79,11.85,,216700.0
1999-11-30,11.82,11.82,11.36,11.37,,436500.0
1999-12-01,11.39,11.62,11.3,11.62,,924600.0
1999-12-02,11.61,11.89,11.54,11.82,,353900.0
1999-12-03,11.9,12.21,11.9,12.05,,186400.0
1999-12-06,12.42,12.66,12.16,12.16,,197300.0
1999-12-07,12.16,12.16,11.74,11.84,,164500.0
1999-12-08,11.9,12.05,11.67,12.03,,285200.0
1999-12-09,12.01,12.08,11.81,11.89,,171700.0
1999-12-10,11.86,12.03,11.85,11.96,,227500.0
1999-12-13,11.92,12.15,11.9,11.97,,181600.0
1999-12-14,11.96,12.06,11.76,11.76,,103500.0
1999-12-15,11.76,12.26,11.76,12.18,,189700.0
1999-12-16,12.11,12.46,12.11,12.42,,164000.0
1999-12-17,12.48,13.23,12.48,13.18,,385100.0
1999-12-20,13.23,13.51,13.21,13.27,,199700.0
1999-12-21,13.27,13.48,13.17,13.33,,206300.0
1999-12-22,13.37,13.98,13.37,13.88,,264100.0
1999-12-23,13.88,14.63,13.88,14.32,,471100.0
1999-12-27,14.32,14.32,13.98,14.17,,224500.0
1999-12-28,14.17,14.22,14.03,14.17,,224800.0
1999-12-29,14.11,14.11,13.78,13.95,,198500.0
1999-12-30,13.95,14.05,13.91,14.02,,173400.0
1999-12-31,14.02,14.02,13.92,13.93,,57800.0
2000-01-03,13.91,13.91,13.63,13.68,,269500.0
2000-01-04,13.63,13.66,13.47,13.53,,285200.0
2000-01-05,13.53,14.01,13.48,13.93,,309800.0
2000-01-06,13.91,14.36,13.81,14.25,,359600.0
2000-01-07,14.23,15.71,14.23,15.56,,778800.0
2000-01-10,15.56,16.27,15.31,15.39,,556400.0
2000-01-11,15.26,16.01,15.16,15.54,,180500.0
2000-01-12,15.54,15.54,15.12,15.21,,203900.0
2000-01-13,15.21,15.25,15.09,15.2,,228600.0
2000-01-14,15.3,15.51,15.16,15.45,,223800.0
2000-01-18,15.4,16.16,15.21,15.74,,301600.0
2000-01-19,15.75,16.01,15.74,15.94,,176600.0
2000-01-20,15.91,16.01,15.61,15.71,,286900.0
2000-01-21,15.7,15.74,15.55,15.69,,166700.0
2000-01-24,15.69,16.06,15.62,15.74,,603100.0
2000-01-25,15.74,15.81,15.31,15.41,,343300.0
2000-01-26,15.4,15.4,15.21,15.35,,236800.0
2000-01-27,15.31,15.31,15.2,15.29,,147100.0
2000-01-28,14.71,14.71,12.17,12.61,,2051000.0
2000-01-31,12.68,12.86,11.67,12.66,,1508700.0
2000-02-01,12.62,13.1,12.42,12.91,,620200.0
2000-02-02,13.41,13.41,12.8,13.06,,641300.0
2000-02-03,13.01,13.16,12.61,12.97,,459000.0
2000-02-04,13.01,13.45,13.01,13.17,,364500.0
2000-02-07,13.16,13.33,12.65,13.33,,396000.0
2000-02-08,13.71,13.93,13.61,13.76,,408800.0
2000-02-09,13.71,13.98,13.71,13.95,,438100.0
2000-02-10,13.95,13.96,13.11,13.25,,293100.0
2000-02-11,13.25,13.3,12.71,12.71,,202200.0
2000-02-14,12.76,13.21,12.76,12.98,,451700.0
2000-02-15,13.21,13.45,12.96,13.32,,335000.0
2000-02-16,13.3,13.46,13.26,13.38,,234700.0
2000-02-17,13.41,13.61,13.24,13.51,,173800.0
2000-02-18,13.51,13.51,12.56,12.65,,275100.0
2000-02-22,12.65,12.65,12.08,12.15,,351100.0
2000-02-23,12.17,12.21,11.58,11.8,,553600.0
2000-02-24,11.81,12.21,11.76,12.07,,1041300.0
2000-02-25,12.06,12.2,11.98,12.07,,208200.0
2000-02-28,11.81,11.96,11.53,11.61,,531000.0
2000-02-29,11.71,11.91,11.71,11.71,,509000.0
2000-03-01,11.41,11.66,10.81,11.01,,815200.0
2000-03-02,11.04,11.58,11.02,11.57,,694100.0
2000-03-03,11.57,11.78,11.36,11.62,,559800.0
2000-03-06,11.66,11.85,11.28,11.28,,579100.0
2000-03-07,11.28,11.28,10.38,10.53,,787500.0
2000-03-08,10.66,10.74,9.78,10.21,,1120300.0
2000-03-09,10.56,11.08,10.46,10.82,,461800.0
2000-03-10,10.71,10.79,10.63,10.67,,237600.0
2000-03-13,10.66,10.86,10.33,10.78,,359200.0
2000-03-14,10.96,11.11,10.82,11.01,,392600.0
2000-03-15,11.03,12.0,11.03,11.81,,705000.0
2000-03-16,11.96,12.88,11.93,12.88,,777800.0
2000-03-17,12.93,12.96,12.28,12.42,,530900.0
2000-03-20,12.66,12.78,12.5,12.68,,302300.0
2000-03-21,12.68,13.18,12.68,13.1,,352700.0
2000-03-22,13.06,13.45,12.92,13.36,,286900.0
2000-03-23,13.31,13.31,13.03,13.18,,204100.0
2000-03-24,13.13,13.41,13.1,13.17,,155600.0
2000-03-27,13.25,13.27,13.01,13.1,,222700.0
2000-03-28,13.15,13.55,13.12,13.41,,224300.0
2000-03-29,13.23,13.5,12.97,12.98,,249000.0
2000-03-30,13.03,13.28,12.83,13.18,,288100.0
2000-03-31,13.21,14.11,13.2,13.96,,508000.0
2000-04-03,13.71,14.01,13.5,14.01,,240600.0
2000-04-04,13.96,13.96,13.26,13.81,,235200.0
2000-04-05,13.81,13.92,13.63,13.75,,118200.0
2000-04-06,13.8,13.83,13.31,13.63,,219500.0
2000-04-07,13.63,13.63,13.37,13.58,,143400.0
2000-04-10,13.57,13.61,13.46,13.61,,165400.0
2000-04-11,13.66,14.0,13.32,13.46,,210000.0
2000-04-12,13.46,13.83,13.36,13.55,,221200.0
2000-04-13,13.55,14.13,13.55,14.0,,318400.0
2000-04-14,13.76,13.76,12.86,12.97,,269400.0
2000-04-17,12.71,13.08,12.46,13.08,,351400.0
2000-04-18,13.13,13.71,12.9,13.65,,535900.0
2000-04-19,14.31,14.84,14.23,14.8,,777500.0
2000-04-20,14.76,15.01,14.68,14.92,,364200.0
2000-04-24,14.9,14.9,14.41,14.43,,508200.0
2000-04-25,14.61,14.8,14.42,14.63,,309500.0
2000-04-26,14.61,14.62,14.4,14.45,,301500.0
2000-04-27,14.4,14.56,14.21,14.37,,233000.0
2000-04-28,14.37,14.68,14.35,14.4,,155000.0
2000-05-01,14.35,14.65,14.21,14.45,,224700.0
2000-05-02,14.41,14.9,14.25,14.61,,279200.0
2000-05-03,14.56,14.66,14.17,14.17,,208100.0
2000-05-04,14.21,14.33,14.11,14.21,,248900.0
2000-05-05,14.41,14.56,14.32,14.41,,203800.0
2000-05-08,14.43,14.51,14.38,14.41,,317300.0
2000-05-09,14.46,14.53,14.21,14.4,,300000.0
2000-05-10,14.35,14.96,14.13,14.91,,537400.0
2000-05-11,14.91,15.01,14.6,14.66,,427800.0
2000-05-12,14.71,14.79,14.5,14.58,,200700.0
2000-05-15,14.81,15.06,14.33,15.03,,168900.0
2000-05-16,15.03,15.26,14.81,14.96,,286700.0
2000-05-17,14.86,14.86,14.43,14.43,,179600.0
2000-05-18,14.71,14.76,14.38,14.53,,214800.0
2000-05-19,14.21,14.51,13.96,14.21,,309200.0
2000-05-22,14.13,14.36,13.83,14.08,,267800.0
2000-05-23,14.08,14.33,13.78,13.81,,298400.0
2000-05-24,13.71,14.91,13.71,14.86,,576000.0
2000-05-25,14.91,15.33,14.91,15.19,,767000.0
2000-05-26,15.21,15.39,15.11,15.13,,385200.0
2000-05-30,14.96,15.83,14.96,15.31,,549100.0
2000-05-31,15.21,15.51,15.16,15.36,,549000.0
2000-06-01,15.16,15.36,14.99,15.09,,910900.0
2000-06-02,15.21,15.26,14.46,14.63,,667000.0
2000-06-05,15.01,15.61,14.99,15.09,,352400.0
2000-06-06,14.91,14.96,14.79,14.81,,259300.0
2000-06-07,14.76,14.79,14.23,14.51,,424000.0
2000-06-08,14.81,14.81,14.36,14.61,,167000.0
2000-06-09,14.51,14.91,14.51,14.71,,130500.0
2000-06-12,14.68,14.76,14.28,14.53,,173400.0
2000-06-13,14.41,15.09,14.41,15.01,,218500.0
2000-06-14,15.01,16.03,15.01,16.03,,677800.0
2000-06-15,16.06,16.69,15.91,16.69,,903300.0
2000-06-16,16.69,17.09,16.21,17.09,,941300.0
2000-06-19,17.09,17.09,16.66,16.91,,469700.0
2000-06-20,16.91,17.76,16.91,17.53,,820900.0
2000-06-21,17.46,17.49,16.71,16.76,,753800.0
2000-06-22,16.79,16.81,16.13,16.49,,309100.0
2000-06-23,16.56,16.56,15.71,15.86,,339600.0
2000-06-26,15.86,16.39,15.56,16.11,,301400.0
2000-06-27,16.01,16.33,15.76,16.13,,372300.0
2000-06-28,16.13,16.96,16.09,16.79,,372100.0
2000-06-29,16.66,18.01,16.56,17.61,,823400.0
2000-06-30,17.41,17.71,17.26,17.51,,993800.0
2000-07-03,17.51,17.71,17.39,17.62,,409200.0
2000-07-05,17.63,17.89,17.61,17.77,,322100.0
2000-07-06,17.79,18.99,17.63,18.84,,667300.0
2000-07-07,20.01,20.01,18.99,19.05,,1209400.0
2000-07-10,19.19,19.39,18.91,19.15,,700400.0
2000-07-11,19.11,19.29,18.94,19.15,,422200.0
2000-07-12,18.91,19.06,18.11,18.19,,491200.0
2000-07-13,18.19,18.19,17.51,17.96,,697100.0
2000-07-14,18.01,18.06,17.79,18.01,,204600.0
2000-07-17,18.01,18.31,17.91,18.09,,272100.0
2000-07-18,17.99,18.29,17.91,18.21,,240800.0
2000-07-19,17.96,18.11,17.31,17.86,,467700.0
2000-07-20,17.83,18.01,17.61,17.61,,600100.0
2000-07-21,17.56,18.74,17.41,18.66,,437400.0
2000-07-24,18.66,19.51,18.24,18.8,,791200.0
2000-07-25,19.06,19.11,17.91,18.09,,554600.0
2000-07-26,18.19,19.31,18.14,19.26,,725400.0
2000-07-27,19.11,19.11,18.36,18.84,,433700.0
2000-07-28,18.81,18.81,18.01,18.14,,492700.0
2000-07-31,18.24,18.24,17.11,17.19,,587100.0
2000-08-01,16.79,17.61,16.01,17.61,,808400.0
2000-08-02,17.56,17.83,17.29,17.73,,550700.0
2000-08-03,17.69,18.61,17.63,18.41,,454900.0
2000-08-04,18.41,18.91,18.01,18.39,,366200.0
2000-08-07,18.06,18.51,18.06,18.51,,182700.0
2000-08-08,18.36,18.61,18.26,18.46,,220500.0
2000-08-09,18.56,18.84,17.91,18.06,,201000.0
2000-08-10,18.09,18.64,18.04,18.45,,121200.0
2000-08-11,18.61,18.89,18.39,18.61,,169400.0
2000-08-14,18.74,18.74,18.29,18.41,,126100.0
2000-08-15,18.51,18.76,18.34,18.34,,196400.0
2000-08-16,18.36,18.61,18.34,18.51,,227700.0
2000-08-17,18.61,18.71,17.91,18.14,,369100.0
2000-08-18,18.14,18.29,17.99,17.99,,132500.0
2000-08-21,17.91,18.36,17.91,18.24,,172300.0
2000-08-22,18.24,18.26,17.81,17.86,,211300.0
2000-08-23,17.86,18.24,17.76,17.86,,185500.0
2000-08-24,17.91,17.93,17.31,17.33,,938100.0
2000-08-25,17.36,17.79,17.01,17.56,,297500.0
2000-08-28,17.66,17.99,17.46,17.91,,165700.0
2000-08-29,17.71,17.79,17.31,17.31,,174800.0
2000-08-30,17.31,17.89,17.31,17.81,,183000.0
2000-08-31,17.61,18.39,17.61,17.93,,254800.0
2000-09-01,18.06,18.36,17.91,18.11,,356300.0
2000-09-05,18.16,18.24,17.66,17.76,,364500.0
2000-09-06,17.86,17.91,17.36,17.45,,327500.0
2000-09-07,17.56,18.19,17.56,18.0,,157500.0
2000-09-08,17.96,18.61,17.96,18.35,,326200.0
2000-09-11,18.29,18.44,17.91,17.95,,214500.0
2000-09-12,18.01,18.24,17.73,18.0,,254400.0
2000-09-13,17.86,17.96,17.69,17.71,,199500.0
2000-09-14,17.69,17.86,16.91,17.11,,564600.0
2000-09-15,16.06,16.91,16.06,16.66,,899400.0
2000-09-18,16.89,16.99,16.41,16.46,,264000.0
2000-09-19,16.46,16.46,16.23,16.29,,260600.0
2000-09-20,16.23,16.36,16.11,16.13,,360000.0
2000-09-21,16.11,16.11,15.89,15.91,,680600.0
2000-09-22,15.66,15.99,15.46,15.96,,537800.0
2000-09-25,15.99,16.13,15.91,16.09,,338700.0
2000-09-26,16.09,16.09,15.63,15.7,,513200.0
2000-09-27,15.71,16.61,15.71,16.5,,405300.0
2000-09-28,16.41,17.11,16.41,17.07,,404600.0
2000-09-29,16.91,17.21,16.66,17.19,,329800.0
2000-10-02,17.11,17.11,16.09,16.21,,296800.0
2000-10-03,16.29,16.61,16.29,16.41,,237700.0
2000-10-04,16.31,16.31,15.41,15.69,,409500.0
2000-10-05,15.61,16.46,15.61,16.21,,699200.0
2000-10-06,16.36,17.36,16.36,16.93,,860300.0
2000-10-09,17.21,17.36,17.06,17.19,,303400.0
2000-10-10,17.26,17.86,17.26,17.61,,422000.0
2000-10-11,17.61,17.61,16.71,16.91,,548100.0
2000-10-12,16.96,17.13,16.81,16.91,,414600.0
2000-10-13,16.66,16.81,16.59,16.81,,245800.0
2000-10-16,16.81,16.81,16.53,16.59,,277300.0
2000-10-17,16.59,16.59,15.43,15.46,,769800.0
2000-10-18,15.43,19.41,15.43,18.59,,1937400.0
2000-10-19,18.56,18.56,17.96,18.16,,643700.0
2000-10-20,18.06,18.59,17.76,18.01,,398500.0
2000-10-23,17.81,17.81,17.61,17.71,,525900.0
2000-10-24,17.61,17.81,17.51,17.73,,266400.0
2000-10-25,17.53,18.19,17.41,18.01,,292600.0
2000-10-26,18.01,18.56,17.89,18.04,,399300.0
2000-10-27,18.04,18.39,17.93,18.09,,240400.0
2000-10-30,18.19,18.59,17.81,18.56,,210300.0
2000-10-31,18.61,18.86,18.44,18.86,,571000.0
2000-11-01,18.91,19.21,18.71,18.99,,436300.0
2000-11-02,19.06,19.59,18.76,19.51,,309500.0
2000-11-03,19.76,19.91,19.61,19.84,,442300.0
2000-11-06,19.76,21.21,19.56,20.51,,953900.0
2000-11-07,20.61,20.61,19.69,20.01,,757200.0
2000-11-08,19.81,20.31,19.81,19.96,,540800.0
2000-11-09,19.71,19.76,19.06,19.74,,316300.0
2000-11-10,19.59,19.84,19.34,19.54,,181700.0
2000-11-13,19.31,19.41,18.66,19.01,,207500.0
2000-11-14,19.06,19.61,19.01,19.49,,325100.0
2000-11-15,19.59,19.69,19.34,19.49,,257700.0
2000-11-16,19.49,19.51,18.91,18.91,,333300.0
2000-11-17,18.91,19.71,18.76,19.56,,413600.0
2000-11-20,19.46,19.71,19.24,19.66,,277700.0
2000-11-21,19.69,21.01,19.46,20.41,,1022800.0
2000-11-22,20.36,21.04,20.31,20.91,,628400.0
2000-11-24,20.89,21.06,20.36,20.79,,176700.0
2000-11-27,20.74,21.21,20.64,21.06,,465600.0
2000-11-28,20.31,20.99,20.14,20.61,,599200.0
2000-11-29,20.56,21.21,20.41,21.21,,552100.0
2000-11-30,21.11,21.61,20.64,21.34,,439900.0
2000-12-01,21.24,21.26,20.66,20.96,,932400.0
2000-12-04,20.71,20.92,20.25,20.8,,480600.0
2000-12-05,21.01,21.15,20.78,20.78,,478600.0
2000-12-06,22.21,23.11,21.51,21.61,,3009600.0
2000-12-07,21.51,21.55,20.4,20.41,,1987200.0
2000-12-08,20.65,21.09,20.65,21.02,,1713000.0
2000-12-11,21.21,22.07,20.73,20.91,,18688400.0
2000-12-12,20.97,21.03,20.41,20.61,,1346500.0
2000-12-13,20.46,21.09,20.45,20.83,,766000.0
2000-12-14,20.61,20.74,20.57,20.61,,906700.0
2000-12-15,20.77,20.77,20.22,20.51,,958700.0
2000-12-18,20.51,20.98,20.51,20.95,,332200.0
2000-12-19,20.65,20.85,20.52,20.58,,293400.0
2000-12-20,20.77,20.85,19.73,19.84,,866100.0
2000-12-21,19.84,20.02,19.35,19.35,,739400.0
2000-12-22,19.57,19.81,19.49,19.79,,415900.0
2000-12-26,19.69,19.71,19.51,19.59,,432400.0
2000-12-27,19.59,20.79,19.59,20.14,,396600.0
2000-12-28,20.34,20.36,19.94,20.04,,659500.0
2000-12-29,20.14,20.57,20.14,20.28,,383300.0
2001-01-02,19.84,20.13,19.48,19.48,,517000.0
2001-01-03,19.6,19.95,19.6,19.74,,1342900.0
2001-01-04,19.74,19.82,18.36,18.6,,1139000.0
2001-01-05,18.6,18.6,18.14,18.32,,795900.0
2001-01-08,18.0,18.48,18.0,18.14,,764600.0
2001-01-09,18.38,18.89,18.28,18.41,,501300.0
2001-01-10,18.56,19.24,18.36,18.86,,368800.0
2001-01-11,18.76,19.56,18.72,18.97,,560400.0
2001-01-12,18.97,19.03,18.34,18.35,,486200.0
2001-01-16,18.35,18.64,17.8,18.28,,529900.0
2001-01-17,18.38,18.53,18.36,18.46,,405900.0
2001-01-18,18.6,18.6,17.72,17.72,,684300.0
2001-01-19,17.72,17.8,17.54,17.68,,549000.0
2001-01-22,17.64,18.45,17.36,18.36,,578500.0
2001-01-23,18.44,18.48,18.07,18.4,,359400.0
2001-01-24,18.08,19.05,18.04,18.88,,691600.0
2001-01-25,18.88,19.26,18.74,19.23,,323200.0
2001-01-26,19.04,19.37,18.74,19.35,,476400.0
2001-01-29,19.54,19.58,18.81,18.82,,331100.0
2001-01-30,18.34,18.92,18.34,18.64,,1450600.0
2001-01-31,18.64,18.69,18.0,18.12,,615700.0
2001-02-01,18.24,18.24,18.04,18.04,,617400.0
2001-02-02,18.04,18.24,18.02,18.13,,1369500.0
2001-02-05,18.08,18.64,18.04,18.59,,506300.0
2001-02-06,18.44,18.73,18.4,18.5,,624200.0
2001-02-07,18.46,19.16,18.46,19.04,,847100.0
2001-02-08,19.04,19.12,18.81,19.09,,489400.0
2001-02-09,19.04,19.24,18.92,19.12,,466500.0
2001-02-12,19.28,20.06,19.27,20.03,,609900.0
2001-02-13,19.96,20.02,19.46,19.92,,521600.0
2001-02-14,19.98,20.0,19.77,19.94,,489200.0
2001-02-15,20.04,20.08,19.72,19.92,,478900.0
2001-02-16,19.84,20.04,19.74,20.04,,361100.0
2001-02-20,19.94,20.16,19.7,20.14,,229800.0
2001-02-21,20.1,20.97,20.1,20.77,,713500.0
2001-02-22,20.77,21.62,20.77,21.47,,1351500.0
2001-02-23,21.31,21.65,21.29,21.62,,1078800.0
2001-02-26,21.62,22.37,21.62,22.15,,975100.0
2001-02-27,22.15,22.79,21.93,22.12,,1249400.0
2001-02-28,22.25,22.51,22.14,22.51,,522900.0
2001-03-01,22.51,22.85,22.19,22.85,,816700.0
2001-03-02,22.85,22.85,22.2,22.41,,1005100.0
2001-03-05,22.33,22.85,22.33,22.45,,764000.0
2001-03-06,22.35,22.53,21.85,22.03,,582100.0
2001-03-07,21.85,21.98,21.35,21.6,,430900.0
2001-03-08,21.64,22.5,21.63,22.3,,502100.0
2001-03-09,22.2,22.34,21.83,22.31,,207200.0
2001-03-12,22.01,22.01,21.15,21.17,,554300.0
2001-03-13,21.17,21.41,20.73,21.16,,873800.0
2001-03-14,21.01,21.07,20.59,20.95,,598800.0
2001-03-15,20.99,21.27,20.76,21.25,,455700.0
2001-03-16,20.95,21.45,20.95,21.15,,992900.0
2001-03-19,21.15,21.27,20.55,20.99,,576900.0
2001-03-20,21.33,21.33,20.64,20.73,,396700.0
2001-03-21,20.49,20.84,20.34,20.61,,379600.0
2001-03-22,20.3,20.3,18.84,19.24,,1052700.0
2001-03-23,19.25,19.92,19.15,19.92,,775400.0
2001-03-26,19.92,20.85,19.76,20.83,,643100.0
2001-03-27,20.83,21.69,20.72,21.25,,888600.0
2001-03-28,19.84,20.94,19.76,20.82,,879800.0
2001-03-29,20.83,21.89,20.63,20.93,,643100.0
2001-03-30,21.01,21.21,20.44,20.95,,535200.0
2001-04-02,21.17,21.31,20.49,20.53,,506000.0
2001-04-03,20.49,20.61,19.86,19.97,,646300.0
2001-04-04,20.01,20.32,19.66,20.1,,636400.0
2001-04-05,20.12,20.79,20.12,20.71,,660400.0
2001-04-06,20.61,20.77,20.33,20.62,,558800.0
2001-04-09,20.67,21.25,20.65,21.0,,557300.0
2001-04-10,21.45,21.53,20.61,20.91,,767100.0
2001-04-11,20.81,20.81,20.15,20.22,,602900.0
2001-04-12,20.22,20.93,20.22,20.85,,462700.0
2001-04-16,21.15,21.39,20.65,20.86,,328400.0
2001-04-17,20.57,21.6,20.57,21.57,,639900.0
2001-04-18,22.25,22.45,21.89,22.07,,1000700.0
2001-04-19,22.49,23.01,22.33,22.79,,1144400.0
2001-04-20,22.79,22.79,22.35,22.69,,515000.0
2001-04-23,22.41,22.76,22.21,22.31,,793000.0
2001-04-24,22.41,22.97,22.37,22.83,,956800.0
2001-04-25,23.09,23.45,23.07,23.35,,858700.0
2001-04-26,23.35,23.63,23.25,23.34,,869600.0
2001-04-27,23.57,23.74,23.29,23.71,,685300.0
2001-04-30,23.81,24.03,23.41,23.77,,1030300.0
2001-05-01,23.76,23.77,23.21,23.43,,778700.0
2001-05-02,23.43,23.58,23.22,23.53,,814000.0
2001-05-03,23.53,23.53,23.11,23.25,,914100.0
2001-05-04,22.57,23.23,22.57,23.19,,537600.0
2001-05-07,23.09,23.25,22.85,23.13,,499700.0
2001-05-08,23.05,23.25,22.73,23.12,,289500.0
2001-05-09,22.81,23.21,22.61,22.81,,337800.0
2001-05-10,22.97,22.97,22.33,22.58,,401600.0
2001-05-11,22.57,22.69,22.25,22.52,,545700.0
2001-05-14,22.45,22.51,22.41,22.45,,322900.0
2001-05-15,22.49,22.93,22.45,22.83,,821700.0
2001-05-16,22.79,23.31,22.73,23.19,,772400.0
2001-05-17,23.25,23.57,23.17,23.52,,424900.0
2001-05-18,23.81,23.81,23.13,23.26,,605100.0
2001-05-21,23.29,23.53,23.27,23.47,,458200.0
2001-05-22,23.53,23.53,23.07,23.07,,394100.0
2001-05-23,23.09,23.29,22.81,22.98,,274800.0
2001-05-24,23.01,23.23,22.91,23.07,,312200.0
2001-05-25,23.15,23.23,22.92,22.97,,291900.0
2001-05-29,22.97,23.24,22.81,22.85,,329600.0
2001-05-30,22.81,23.03,22.81,22.91,,496800.0
2001-05-31,22.97,23.09,22.85,23.03,,415100.0
2001-06-01,22.97,23.25,22.89,23.24,,273600.0
2001-06-04,23.41,23.57,23.07,23.19,,335400.0
2001-06-05,23.19,23.19,23.0,23.09,,448800.0
2001-06-06,23.05,23.13,22.91,22.99,,267700.0
2001-06-07,22.95,23.17,22.93,23.0,,265100.0
2001-06-08,22.75,22.77,22.63,22.69,,160700.0
2001-06-11,22.69,22.71,22.07,22.16,,426800.0
2001-06-12,22.01,22.09,21.75,21.82,,616400.0
2001-06-13,21.75,21.92,21.66,21.74,,521500.0
2001-06-14,21.74,21.95,21.74,21.77,,461600.0
2001-06-15,21.77,22.03,21.76,21.94,,678700.0
2001-06-18,21.95,22.05,21.82,21.87,,281300.0
2001-06-19,21.86,22.11,21.86,21.95,,186400.0
2001-06-20,22.05,22.88,22.05,22.66,,549200.0
2001-06-21,22.81,22.89,22.44,22.44,,495700.0
2001-06-22,22.45,22.45,22.02,22.12,,356500.0
2001-06-25,22.22,22.37,21.79,21.96,,270300.0
2001-06-26,21.81,22.15,21.81,22.06,,316700.0
2001-06-27,21.97,22.21,21.95,22.07,,257100.0
2001-06-28,22.45,22.65,22.23,22.5,,461800.0
2001-06-29,22.53,22.53,21.99,21.99,,550300.0
2001-07-02,22.17,22.17,21.65,21.87,,310600.0
2001-07-03,21.97,22.07,21.86,21.89,,247100.0
2001-07-05,21.89,22.03,21.85,21.87,,249400.0
2001-07-06,21.89,21.89,21.65,21.68,,216800.0
2001-07-09,21.7,22.03,21.67,21.99,,259500.0
2001-07-10,22.05,22.12,21.72,21.76,,276300.0
2001-07-11,21.76,22.16,21.72,22.05,,532400.0
2001-07-12,22.19,22.35,21.97,22.32,,324700.0
2001-07-13,22.32,22.75,22.22,22.67,,226400.0
2001-07-16,22.67,22.99,22.55,22.95,,316600.0
2001-07-17,23.05,23.37,23.05,23.37,,411800.0
2001-07-18,23.37,23.63,22.85,23.28,,1675100.0
2001-07-19,23.43,23.45,23.23,23.33,,403000.0
2001-07-20,23.28,23.55,23.12,23.37,,427200.0
2001-07-23,23.61,23.61,23.34,23.36,,543000.0
2001-07-24,23.35,23.55,23.27,23.45,,605600.0
2001-07-25,23.41,23.8,23.21,23.8,,568300.0
2001-07-26,23.85,24.71,23.83,24.46,,1435700.0
2001-07-27,24.65,25.34,24.43,24.66,,972800.0
2001-07-30,24.47,24.48,23.96,24.37,,449300.0
2001-07-31,24.45,24.54,24.01,24.04,,460300.0
2001-08-01,24.13,24.23,23.44,23.53,,472900.0
2001-08-02,23.57,23.57,22.93,23.13,,413400.0
2001-08-03,23.24,23.25,22.73,23.0,,363400.0
2001-08-06,22.93,23.25,22.87,23.13,,465700.0
2001-08-07,23.21,23.4,22.93,23.13,,299000.0
2001-08-08,23.03,23.03,22.51,22.63,,347300.0
2001-08-09,22.61,22.65,22.36,22.61,,371700.0
2001-08-10,22.65,22.65,22.25,22.34,,427100.0
2001-08-13,22.34,22.47,22.17,22.33,,572800.0
2001-08-14,22.33,22.39,22.13,22.33,,385100.0
2001-08-15,22.23,22.43,22.01,22.13,,424700.0
2001-08-16,22.13,22.2,21.75,22.15,,627300.0
2001-08-17,22.05,22.12,21.91,22.08,,344500.0
2001-08-20,22.08,22.14,21.95,22.08,,210800.0
2001-08-21,22.08,22.6,22.05,22.2,,455400.0
2001-08-22,22.21,22.45,22.13,22.14,,657100.0
2001-08-23,22.15,22.21,21.93,22.14,,868900.0
2001-08-24,22.17,22.23,22.03,22.12,,564300.0
2001-08-27,22.14,22.25,22.0,22.04,,340600.0
2001-08-28,21.97,22.12,21.93,22.09,,475800.0
2001-08-29,22.06,22.14,21.98,22.01,,640500.0
2001-08-30,22.04,22.2,21.85,22.1,,719500.0
2001-08-31,22.05,22.17,21.89,21.98,,418600.0
2001-09-04,22.08,22.53,21.88,22.14,,330800.0
2001-09-05,22.11,22.32,22.0,22.24,,332800.0
2001-09-06,22.25,22.37,21.41,21.45,,528800.0
2001-09-07,21.37,21.37,20.69,20.83,,741500.0
2001-09-10,20.53,21.04,20.53,20.69,,409400.0
2001-09-17,19.64,20.3,19.64,20.14,,750200.0
2001-09-18,20.14,20.2,19.94,20.02,,660900.0
2001-09-19,20.3,20.3,19.09,19.55,,807800.0
2001-09-20,19.56,19.56,18.5,18.68,,732000.0
2001-09-21,19.0,19.0,17.95,18.69,,951700.0
2001-09-24,19.32,19.72,19.24,19.45,,661600.0
2001-09-25,19.44,19.84,19.44,19.79,,411700.0
2001-09-26,19.79,20.14,19.58,19.87,,686400.0
2001-09-27,19.88,20.99,19.88,20.88,,444500.0
2001-09-28,20.96,21.21,20.49,21.21,,432400.0
2001-10-01,21.11,21.21,20.61,21.17,,544300.0
2001-10-02,21.09,21.5,20.97,21.5,,377800.0
2001-10-03,21.57,21.57,21.25,21.37,,351400.0
2001-10-04,21.57,21.57,21.21,21.5,,298700.0
2001-10-05,21.47,21.47,20.52,21.0,,668000.0
2001-10-08,21.57,21.57,21.0,21.33,,272200.0
2001-10-09,21.44,21.44,21.03,21.39,,235500.0
2001-10-10,21.35,21.79,21.35,21.55,,205300.0
2001-10-11,21.45,21.81,21.34,21.71,,429500.0
2001-10-12,21.65,22.05,21.55,21.75,,394400.0
2001-10-15,21.79,21.82,21.41,21.65,,233500.0
2001-10-16,21.59,21.86,21.29,21.86,,611000.0
2001-10-17,22.05,22.35,21.92,22.2,,805200.0
2001-10-18,22.13,22.93,21.65,22.76,,1154200.0
2001-10-19,22.76,23.13,22.67,23.13,,665400.0
2001-10-22,23.03,23.73,23.01,23.59,,475000.0
2001-10-23,23.59,23.68,23.11,23.24,,621000.0
2001-10-24,23.25,23.25,22.94,23.17,,462500.0
2001-10-25,23.13,23.67,22.96,23.57,,396000.0
2001-10-26,23.57,23.7,23.34,23.7,,287700.0
2001-10-29,23.63,23.67,23.28,23.32,,478400.0
2001-10-30,23.13,23.13,22.65,22.95,,904800.0
2001-10-31,22.91,22.91,22.25,22.55,,805600.0
2001-11-01,22.45,22.75,22.16,22.75,,555200.0
2001-11-02,22.85,22.97,22.29,22.66,,546900.0
2001-11-05,22.73,22.73,22.03,22.3,,707200.0
2001-11-06,22.29,22.35,22.05,22.35,,562700.0
2001-11-07,22.21,22.21,21.99,22.03,,580800.0
2001-11-08,22.11,22.16,21.73,21.87,,674000.0
2001-11-09,21.97,21.97,21.39,21.45,,610600.0
2001-11-12,21.47,21.65,20.83,21.48,,375000.0
2001-11-13,21.53,21.81,21.46,21.55,,376600.0
2001-11-14,21.65,21.79,21.49,21.65,,433700.0
2001-11-15,21.65,21.87,21.45,21.75,,270700.0
2001-11-16,21.76,21.9,21.59,21.9,,282500.0
2001-11-19,21.87,21.89,20.95,21.34,,898400.0
2001-11-20,21.17,21.99,21.17,21.76,,609700.0
2001-11-21,22.43,22.43,21.73,22.07,,558000.0
2001-11-23,22.45,22.45,21.93,22.29,,195400.0
2001-11-26,22.21,22.79,22.19,22.65,,517900.0
2001-11-27,22.55,22.85,22.37,22.44,,416700.0
2001-11-28,22.77,22.77,22.32,22.36,,269300.0
2001-11-29,22.26,22.37,22.02,22.07,,383700.0
2001-11-30,22.17,22.21,21.95,22.01,,411800.0
2001-12-03,22.02,22.02,21.86,21.94,,273700.0
2001-12-04,21.94,22.0,21.61,21.87,,293800.0
2001-12-05,21.79,22.23,21.75,22.21,,298100.0
2001-12-06,22.2,22.2,22.03,22.11,,613700.0
2001-12-07,22.07,22.07,21.13,21.65,,420700.0
2001-12-10,21.59,21.59,20.93,21.09,,410100.0
2001-12-11,21.05,21.65,20.86,21.57,,371900.0
2001-12-12,21.49,21.61,20.97,21.23,,629000.0
2001-12-13,21.03,21.44,20.93,21.04,,396700.0
2001-12-14,21.05,21.4,20.98,21.27,,441100.0
2001-12-17,21.33,21.68,21.11,21.58,,321000.0
2001-12-18,21.58,22.37,21.58,22.29,,697300.0
2001-12-19,22.35,22.55,22.27,22.45,,570800.0
2001-12-20,22.45,22.82,22.41,22.57,,306700.0
2001-12-21,22.79,23.81,22.59,23.57,,1023000.0
2001-12-24,23.57,23.62,23.17,23.57,,217800.0
2001-12-26,23.59,23.59,23.08,23.17,,318700.0
2001-12-27,23.05,23.62,23.05,23.23,,409300.0
2001-12-28,23.19,23.54,23.19,23.33,,364500.0
2001-12-31,23.5,23.73,23.3,23.44,,363200.0
2002-01-02,23.35,23.46,22.83,22.98,,590200.0
2002-01-03,22.91,22.91,22.23,22.52,,555400.0
2002-01-04,22.61,22.61,22.23,22.34,,359600.0
2002-01-07,22.31,22.31,21.75,21.85,,446400.0
2002-01-08,21.93,21.93,21.48,21.65,,487700.0
2002-01-09,21.65,21.83,21.39,21.46,,513500.0
2002-01-10,21.58,21.95,21.38,21.44,,688600.0
2002-01-11,21.64,21.71,21.4,21.69,,717800.0
2002-01-14,21.79,21.96,21.56,21.76,,552000.0
2002-01-15,21.81,21.91,21.48,21.79,,475100.0
2002-01-16,21.79,21.83,21.58,21.64,,295900.0
2002-01-17,21.64,22.05,21.61,21.89,,305300.0
2002-01-18,21.89,22.17,21.89,21.99,,416300.0
2002-01-22,22.09,22.63,22.09,22.53,,417300.0
2002-01-23,22.92,22.92,22.37,22.67,,387100.0
2002-01-24,22.67,22.99,22.45,22.68,,430100.0
2002-01-25,22.78,22.93,22.37,22.42,,675300.0
2002-01-28,22.33,22.35,21.73,21.81,,734900.0
2002-01-29,23.01,23.57,22.85,23.19,,1327000.0
2002-01-30,23.19,23.64,23.05,23.51,,638100.0
2002-01-31,23.61,24.03,23.41,23.59,,1315600.0
2002-02-01,23.68,23.68,23.05,23.05,,886500.0
2002-02-04,23.15,23.89,23.07,23.63,,1099300.0
2002-02-05,23.63,24.77,23.63,24.44,,1518900.0
2002-02-06,24.46,24.5,23.91,24.1,,1369600.0
2002-02-07,23.9,24.11,23.37,23.45,,1193600.0
2002-02-08,23.45,23.78,23.19,23.75,,925900.0
2002-02-11,24.01,24.26,23.93,24.11,,575100.0
2002-02-12,24.05,24.19,23.91,24.02,,323600.0
2002-02-13,23.97,24.21,23.95,24.02,,745500.0
2002-02-14,24.03,24.41,24.01,24.1,,1183000.0
2002-02-15,24.9,24.9,24.15,24.4,,962900.0
2002-02-19,24.56,24.56,24.08,24.08,,491500.0
2002-02-20,24.41,24.41,24.09,24.4,,324400.0
2002-02-21,24.4,24.89,24.3,24.34,,485700.0
2002-02-22,24.09,24.26,23.85,24.15,,673600.0
2002-02-25,23.82,24.01,23.8,23.87,,516000.0
2002-02-26,23.95,24.62,23.9,24.55,,551500.0
2002-02-27,24.52,25.3,24.4,24.95,,1075000.0
2002-02-28,24.95,25.1,24.7,24.7,,551700.0
2002-03-01,24.7,24.8,24.15,24.3,,525700.0
2002-03-04,24.4,24.49,23.89,24.18,,771900.0
2002-03-05,24.11,24.34,23.59,23.75,,974300.0
2002-03-06,23.75,24.4,23.65,24.09,,559800.0
2002-03-07,24.01,24.17,23.45,24.04,,1120500.0
2002-03-08,24.11,24.19,23.76,23.9,,484300.0
2002-03-11,23.89,23.89,23.43,23.53,,668300.0
2002-03-12,23.55,23.55,23.33,23.41,,515200.0
2002-03-13,23.43,23.48,23.29,23.37,,642600.0
2002-03-14,23.69,23.69,23.23,23.54,,423800.0
2002-03-15,23.7,24.84,23.69,24.6,,870500.0
2002-03-18,24.6,24.99,24.02,24.85,,942000.0
2002-03-19,24.7,24.82,24.56,24.64,,256200.0
2002-03-20,24.64,24.64,24.28,24.28,,366900.0
2002-03-21,24.58,24.58,23.98,24.42,,482700.0
2002-03-22,23.99,23.99,23.37,23.68,,1291800.0
2002-03-25,23.89,23.89,23.48,23.6,,947100.0
2002-03-26,23.7,24.07,23.7,24.05,,436300.0
2002-03-27,24.28,24.28,23.73,23.92,,358000.0
2002-03-28,23.95,24.5,23.91,24.23,,526700.0
2002-04-01,24.36,24.36,23.9,23.94,,485700.0
2002-04-02,23.95,23.98,23.81,23.84,,432400.0
2002-04-03,23.85,23.85,23.45,23.73,,625000.0
2002-04-04,23.67,23.94,23.5,23.63,,281600.0
2002-04-05,23.63,23.64,23.09,23.24,,505000.0
2002-04-08,23.23,23.37,23.0,23.06,,590000.0
2002-04-09,23.09,23.27,23.05,23.13,,361600.0
2002-04-10,23.21,23.79,23.15,23.74,,412900.0
2002-04-11,23.77,23.91,23.06,23.07,,368800.0
2002-04-12,23.07,23.46,22.93,23.28,,429600.0
2002-04-15,23.37,23.46,23.25,23.29,,431400.0
2002-04-16,23.33,23.75,23.19,23.61,,651000.0
2002-04-17,23.71,23.77,23.16,23.18,,405800.0
2002-04-18,23.13,23.45,22.66,23.34,,991800.0
2002-04-19,23.44,23.46,22.78,22.79,,777600.0
2002-04-22,22.49,22.73,22.26,22.29,,605700.0
2002-04-23,22.37,22.41,21.28,21.96,,909200.0
2002-04-24,22.01,22.09,21.72,21.77,,593700.0
2002-04-25,21.77,21.85,21.48,21.7,,711300.0
2002-04-26,21.89,21.89,21.08,21.3,,1137400.0
2002-04-29,21.36,21.6,21.1,21.2,,550600.0
2002-04-30,21.21,21.69,21.16,21.49,,606000.0
2002-05-01,21.49,22.52,21.36,22.39,,860300.0
2002-05-02,22.58,22.75,22.3,22.46,,690900.0
2002-05-03,22.56,22.56,21.95,22.22,,782000.0
2002-05-06,22.22,22.22,21.71,21.74,,424100.0
2002-05-07,21.97,22.18,21.68,21.77,,655200.0
2002-05-08,21.91,22.16,21.69,22.09,,416900.0
2002-05-09,22.01,22.12,21.75,21.79,,391800.0
2002-05-10,21.79,21.79,21.19,21.2,,705700.0
2002-05-13,21.36,21.4,21.23,21.34,,627000.0
2002-05-14,21.34,21.81,21.24,21.65,,514900.0
2002-05-15,21.48,21.64,21.2,21.33,,460300.0
2002-05-16,21.51,21.95,21.47,21.67,,512400.0
2002-05-17,21.67,22.25,21.67,22.2,,504200.0
2002-05-20,22.21,22.29,21.81,21.99,,272500.0
2002-05-21,22.01,22.19,21.6,21.71,,432900.0
2002-05-22,21.81,22.05,21.57,21.61,,400400.0
2002-05-23,21.71,22.25,21.48,22.24,,481900.0
2002-05-24,22.43,22.7,22.27,22.36,,424500.0
2002-05-28,22.36,22.44,22.14,22.27,,297400.0
2002-05-29,22.23,22.32,21.94,22.25,,357600.0
2002-05-30,22.17,22.33,22.07,22.21,,344400.0
2002-05-31,22.21,22.21,21.81,21.91,,714300.0
2002-06-03,21.97,22.05,21.16,21.16,,629000.0
2002-06-04,21.18,21.34,20.46,20.68,,1210900.0
2002-06-05,20.68,21.6,20.62,21.44,,1102100.0
2002-06-06,21.44,21.57,21.18,21.29,,1117900.0
2002-06-07,21.29,21.48,21.1,21.38,,797300.0
2002-06-10,21.5,22.05,21.34,21.92,,747700.0
2002-06-11,21.95,22.07,21.47,21.57,,886400.0
2002-06-12,21.28,21.32,20.88,21.11,,1413100.0
2002-06-13,21.16,21.32,21.06,21.17,,684000.0
2002-06-14,21.1,21.38,20.5,21.16,,382400.0
2002-06-17,21.26,21.76,21.2,21.76,,452500.0
2002-06-18,21.69,22.05,21.51,21.87,,354000.0
2002-06-19,21.77,22.17,21.69,21.79,,578000.0
2002-06-20,21.64,21.95,21.6,21.67,,415700.0
2002-06-21,21.24,21.71,21.16,21.2,,652600.0
2002-06-24,21.03,21.48,20.91,21.2,,534800.0
2002-06-25,21.4,21.4,20.88,20.9,,581700.0
2002-06-26,20.9,21.16,20.44,21.09,,694200.0
2002-06-27,21.19,21.73,21.15,21.58,,645700.0
2002-06-28,21.38,21.85,21.36,21.49,,701900.0
2002-07-01,21.46,21.46,20.71,20.77,,524800.0
2002-07-02,20.44,20.44,19.2,19.78,,1667800.0
2002-07-03,19.88,20.36,19.72,20.29,,649100.0
2002-07-05,20.24,21.0,20.24,21.0,,227100.0
2002-07-08,20.96,21.26,20.68,20.84,,497800.0
2002-07-09,20.8,20.85,19.9,19.9,,689200.0
2002-07-10,19.92,20.0,18.85,18.87,,1574500.0
2002-07-11,18.47,19.07,17.99,19.01,,1801800.0
2002-07-12,19.19,19.87,19.07,19.68,,632200.0
2002-07-15,19.68,19.68,18.67,18.95,,834500.0
2002-07-16,18.75,20.09,18.65,19.27,,1095000.0
2002-07-17,20.68,20.68,20.04,20.54,,1238400.0
2002-07-18,20.54,20.54,20.02,20.08,,938000.0
2002-07-19,19.44,19.68,19.07,19.12,,819600.0
2002-07-22,19.03,19.47,18.32,18.95,,866000.0
2002-07-23,18.27,18.81,18.27,18.31,,895300.0
2002-07-24,17.85,18.35,17.61,18.25,,1997000.0
2002-07-25,18.03,19.27,17.71,19.16,,1319100.0
2002-07-26,19.11,19.48,18.94,19.37,,889300.0
2002-07-29,19.47,20.27,19.47,20.26,,747200.0
2002-07-30,20.0,20.56,19.84,20.09,,868300.0
2002-07-31,20.09,20.44,19.96,20.33,,569200.0
2002-08-01,20.33,20.48,19.86,20.06,,467100.0
2002-08-02,19.92,20.34,19.9,20.26,,652400.0
2002-08-05,20.42,20.48,19.58,19.58,,737100.0
2002-08-06,19.72,20.48,19.68,20.2,,591800.0
2002-08-07,20.72,20.78,20.3,20.74,,469500.0
2002-08-08,20.87,21.55,20.8,21.53,,562900.0
2002-08-09,21.58,21.97,21.28,21.91,,614600.0
2002-08-12,21.48,21.77,21.44,21.6,,319600.0
2002-08-13,21.44,21.6,21.06,21.1,,625400.0
2002-08-14,21.1,21.81,20.84,21.7,,622300.0
2002-08-15,21.75,21.98,21.34,21.6,,487300.0
2002-08-16,21.5,21.7,21.43,21.58,,393400.0
2002-08-19,21.58,21.86,21.44,21.83,,243600.0
2002-08-20,21.73,22.01,21.56,21.83,,862700.0
2002-08-21,21.89,22.17,21.83,22.11,,655100.0
2002-08-22,22.2,22.49,22.15,22.45,,440700.0
2002-08-23,22.29,22.6,22.25,22.29,,278400.0
2002-08-26,22.59,22.76,22.27,22.69,,424800.0
2002-08-27,22.79,22.86,22.23,22.28,,605300.0
2002-08-28,22.28,22.41,21.99,22.2,,436000.0
2002-08-29,21.93,22.65,21.81,22.45,,407300.0
2002-08-30,22.44,22.93,22.21,22.64,,341600.0
2002-09-03,22.54,22.54,21.93,22.22,,653900.0
2002-09-04,22.29,22.65,22.11,22.61,,800100.0
2002-09-05,22.51,23.21,22.37,23.02,,930600.0
2002-09-06,23.29,23.34,23.04,23.17,,517400.0
2002-09-09,23.15,23.64,23.05,23.54,,477700.0
2002-09-10,23.57,23.67,23.08,23.39,,604400.0
2002-09-11,23.57,23.75,23.45,23.61,,503300.0
2002-09-12,23.41,23.42,23.02,23.13,,585300.0
2002-09-13,22.89,23.13,22.79,23.09,,548000.0
2002-09-16,23.09,23.65,22.99,23.61,,537500.0
2002-09-17,23.79,24.09,23.77,23.91,,1044600.0
2002-09-18,23.92,24.3,23.69,24.11,,772000.0
2002-09-19,23.91,24.03,23.62,23.62,,587400.0
2002-09-20,23.63,23.93,23.44,23.88,,930500.0
2002-09-23,23.61,23.87,23.57,23.8,,597600.0
2002-09-24,23.8,23.8,21.89,22.26,,2190400.0
2002-09-25,22.26,22.65,22.11,22.44,,1341200.0
2002-09-26,22.55,23.08,22.27,23.06,,667300.0
2002-09-27,23.05,23.35,22.59,22.61,,533200.0
2002-09-30,22.62,23.14,21.82,23.13,,1230300.0
2002-10-01,23.14,23.54,22.79,23.52,,671400.0
2002-10-02,23.33,23.7,22.85,22.99,,604500.0
2002-10-03,23.27,23.93,23.05,23.83,,967000.0
2002-10-04,24.07,24.25,23.3,23.52,,877300.0
2002-10-07,23.53,24.09,23.19,23.41,,534300.0
2002-10-08,23.77,24.39,23.49,24.28,,833300.0
2002-10-09,24.17,24.9,24.01,24.62,,1260800.0
2002-10-10,24.62,25.22,24.35,25.11,,1244500.0
2002-10-11,25.2,25.28,24.5,24.66,,1571300.0
2002-10-14,24.66,24.79,24.54,24.69,,623200.0
2002-10-15,25.3,25.3,24.66,24.76,,844300.0
2002-10-16,24.13,25.08,24.11,24.98,,652100.0
2002-10-17,25.9,26.18,25.38,25.98,,1256100.0
2002-10-18,25.92,25.92,25.44,25.69,,799800.0
2002-10-21,25.69,25.7,25.16,25.31,,920600.0
2002-10-22,25.41,25.5,24.9,25.1,,1253700.0
2002-10-23,25.1,25.11,24.74,24.84,,906400.0
2002-10-24,24.9,25.18,24.86,24.89,,930800.0
2002-10-25,24.76,25.82,24.76,25.71,,845600.0
2002-10-28,25.9,25.98,25.31,25.42,,524100.0
2002-10-29,24.7,25.02,24.52,24.81,,820900.0
2002-10-30,24.86,25.02,24.76,24.95,,507900.0
2002-10-31,25.0,25.7,24.98,25.34,,777100.0
2002-11-01,25.3,26.34,25.26,26.28,,777200.0
2002-11-04,26.36,26.8,26.11,26.54,,1451800.0
2002-11-05,26.12,26.14,25.8,25.99,,937900.0
2002-11-06,26.26,26.63,26.14,26.6,,617900.0
2002-11-07,26.52,27.01,26.4,27.0,,1048700.0
2002-11-08,27.0,27.0,26.24,26.4,,1088200.0
2002-11-11,26.33,26.5,25.98,25.98,,577300.0
2002-11-12,25.94,26.03,25.7,25.93,,667800.0
2002-11-13,25.94,26.3,25.7,26.0,,613000.0
2002-11-14,26.4,26.4,25.97,26.1,,541400.0
2002-11-15,26.02,26.26,25.9,26.0,,914500.0
2002-11-18,26.0,26.15,25.97,26.11,,1017100.0
2002-11-19,26.11,26.48,26.1,26.38,,650100.0
2002-11-20,26.32,27.09,26.3,26.83,,577100.0
2002-11-21,26.81,27.09,26.59,26.88,,597300.0
2002-11-22,26.87,26.91,25.82,25.93,,1365400.0
2002-11-25,26.03,26.06,25.18,25.43,,983700.0
2002-11-26,25.33,25.35,24.66,24.68,,1396900.0
2002-11-27,24.9,25.09,24.78,25.04,,673300.0
2002-11-29,25.1,25.2,24.84,24.84,,268100.0
2002-12-02,25.18,25.21,24.66,25.04,,546200.0
2002-12-03,24.64,25.1,24.63,24.9,,783600.0
2002-12-04,24.88,25.94,24.86,25.88,,850800.0
2002-12-05,25.86,26.0,25.62,25.78,,528700.0
2002-12-06,25.79,25.99,25.58,25.89,,469300.0
2002-12-09,25.79,26.44,25.79,26.17,,583300.0
2002-12-10,26.18,26.54,25.73,26.5,,773000.0
2002-12-11,26.4,26.46,26.04,26.22,,502900.0
2002-12-12,26.04,26.1,25.77,26.02,,357500.0
2002-12-13,25.86,25.98,25.56,25.56,,614300.0
2002-12-16,25.57,25.96,25.42,25.94,,637200.0
2002-12-17,25.95,26.14,25.78,25.9,,400900.0
2002-12-18,25.82,26.48,25.8,26.46,,591100.0
2002-12-19,26.25,26.76,25.97,26.21,,529000.0
2002-12-20,26.21,26.74,26.12,26.66,,853500.0
2002-12-23,26.62,26.83,26.46,26.54,,848300.0
2002-12-24,26.56,26.84,26.47,26.79,,274000.0
2002-12-26,26.79,26.97,26.72,26.77,,349200.0
2002-12-27,26.77,26.85,26.37,26.38,,382000.0
2002-12-30,26.38,26.95,26.33,26.87,,436200.0
2002-12-31,26.87,27.1,26.65,27.0,,682600.0
2003-01-02,27.04,27.44,27.04,27.37,,957800.0
2003-01-03,27.46,27.76,27.44,27.63,,873300.0
2003-01-06,27.7,27.7,27.41,27.42,,808800.0
2003-01-07,27.36,27.76,27.18,27.52,,505400.0
2003-01-08,27.52,27.52,27.06,27.12,,542700.0
2003-01-09,27.2,27.64,27.13,27.62,,417400.0
2003-01-10,27.42,27.64,27.29,27.36,,514000.0
2003-01-13,27.42,27.6,27.35,27.44,,415000.0
2003-01-14,27.44,27.45,27.02,27.16,,774700.0
2003-01-15,27.16,27.22,26.95,27.04,,349300.0
2003-01-16,27.12,27.2,26.97,27.1,,343600.0
2003-01-17,27.14,27.48,26.97,27.02,,463700.0
2003-01-21,27.02,27.26,26.71,26.72,,457700.0
2003-01-22,26.62,26.86,26.44,26.62,,641200.0
2003-01-23,26.7,26.91,26.55,26.55,,455400.0
2003-01-24,26.59,26.63,26.02,26.02,,828800.0
2003-01-27,25.95,25.97,25.38,25.47,,973200.0
2003-01-28,25.47,25.47,24.4,24.75,,2922000.0
2003-01-29,25.47,25.47,24.4,24.75,,1460900.0
2003-01-30,25.33,25.33,24.54,24.57,,796700.0
2003-01-31,24.57,24.57,24.0,24.24,,1619600.0
2003-02-03,24.3,24.86,24.17,24.77,,1480600.0
2003-02-04,25.01,25.02,24.54,24.77,,1214200.0
2003-02-05,24.87,25.45,24.64,25.04,,1551800.0
2003-02-06,24.8,25.0,24.66,24.94,,638000.0
2003-02-07,25.0,25.29,24.86,24.91,,362300.0
2003-02-10,24.92,25.04,24.71,24.9,,487700.0
2003-02-11,24.93,25.2,24.88,25.04,,647500.0
2003-02-12,25.05,25.2,24.82,24.91,,636900.0
2003-02-13,24.98,24.98,24.46,24.81,,817500.0
2003-02-14,24.81,25.06,24.58,25.03,,872900.0
2003-02-18,25.13,25.87,25.13,25.87,,968300.0
2003-02-19,25.79,25.89,25.57,25.89,,528900.0
2003-02-20,25.91,26.15,25.83,26.08,,812200.0
2003-02-21,26.25,26.25,25.9,26.11,,868800.0
2003-02-24,26.11,26.11,25.49,25.66,,449400.0
2003-02-25,25.66,26.03,25.16,26.02,,851200.0
2003-02-26,26.02,26.05,25.53,25.65,,540900.0
2003-02-27,25.75,26.25,25.73,26.22,,938700.0
2003-02-28,26.39,26.59,26.16,26.23,,879300.0
2003-03-03,26.31,26.46,26.15,26.2,,728600.0
2003-03-04,26.2,26.45,26.11,26.11,,577700.0
2003-03-05,26.2,26.67,26.17,26.67,,680500.0
2003-03-06,26.55,26.95,26.45,26.83,,945200.0
2003-03-07,26.73,26.92,26.63,26.88,,569300.0
2003-03-10,26.69,26.76,26.24,26.31,,440200.0
2003-03-11,26.32,26.45,25.96,26.12,,566500.0
2003-03-12,26.04,26.13,25.76,26.07,,766100.0
2003-03-13,26.31,26.76,26.07,26.75,,687700.0
2003-03-14,26.99,27.44,26.89,27.06,,1021900.0
2003-03-17,26.99,28.36,26.97,28.27,,1420100.0
2003-03-18,28.28,28.28,27.64,27.86,,960900.0
2003-03-19,27.87,27.87,27.14,27.84,,1284400.0
2003-03-20,27.7,27.97,27.58,27.8,,1029200.0
2003-03-21,28.16,28.27,28.06,28.2,,1093600.0
2003-03-24,27.86,27.88,27.52,27.62,,513800.0
2003-03-25,27.66,28.14,27.56,27.94,,454200.0
2003-03-26,27.94,27.94,27.27,27.32,,667100.0
2003-03-27,27.36,27.79,27.2,27.72,,947200.0
2003-03-28,27.72,28.0,27.62,27.83,,475700.0
2003-03-31,27.74,27.84,27.43,27.62,,533200.0
2003-04-01,27.61,28.02,27.4,27.96,,530100.0
2003-04-02,27.96,27.96,26.67,26.83,,2052800.0
2003-04-03,26.83,27.01,26.59,26.75,,961200.0
2003-04-04,26.85,26.97,26.37,26.56,,811100.0
2003-04-07,27.08,27.14,25.9,26.01,,1168100.0
2003-04-08,26.01,26.75,25.87,26.73,,1051200.0
2003-04-09,26.73,27.28,26.67,26.86,,1053100.0
2003-04-10,26.87,27.01,26.73,26.99,,429400.0
2003-04-11,27.32,27.42,26.77,26.82,,805800.0
2003-04-14,26.9,27.04,26.79,26.97,,357600.0
2003-04-15,26.99,26.99,26.39,26.75,,1397400.0
2003-04-16,26.95,26.95,25.35,25.53,,2036100.0
2003-04-17,26.05,26.71,26.05,26.69,,2462900.0
2003-04-21,26.73,27.08,26.44,26.57,,905300.0
2003-04-22,26.55,27.08,26.47,26.99,,831200.0
2003-04-23,26.92,27.07,26.71,27.01,,1104500.0
2003-04-24,27.01,27.17,26.92,27.02,,591900.0
2003-04-25,27.04,27.09,26.47,26.71,,770900.0
2003-04-28,26.73,27.06,26.67,26.93,,722300.0
2003-04-29,26.95,26.95,26.42,26.72,,752900.0
2003-04-30,26.67,27.12,26.34,26.96,,1598900.0
2003-05-01,27.02,27.03,26.44,26.62,,716500.0
2003-05-02,26.64,26.84,26.51,26.78,,793400.0
2003-05-05,26.78,26.93,26.58,26.92,,653000.0
2003-05-06,26.93,27.05,26.62,26.82,,759200.0
2003-05-07,26.82,26.82,26.25,26.34,,984400.0
2003-05-08,26.31,26.38,26.05,26.11,,526300.0
2003-05-09,26.17,26.19,25.79,25.79,,1172000.0
2003-05-12,25.33,26.29,25.33,26.29,,2435800.0
2003-05-13,26.23,26.45,26.15,26.25,,1076500.0
2003-05-14,26.28,26.35,25.67,25.85,,959000.0
2003-05-15,25.85,26.35,25.85,26.28,,695400.0
2003-05-16,26.28,26.45,26.19,26.19,,774500.0
2003-05-19,26.19,26.45,25.91,25.92,,764900.0
2003-05-20,25.92,26.44,25.33,25.67,,1225100.0
2003-05-21,25.69,26.27,25.59,26.25,,1190500.0
2003-05-22,26.26,26.85,26.26,26.58,,913200.0
2003-05-23,26.58,26.89,26.54,26.75,,780100.0
2003-05-27,26.71,26.95,26.58,26.79,,692700.0
2003-05-28,26.71,26.87,26.53,26.55,,748600.0
2003-05-29,26.81,27.22,26.67,26.81,,885400.0
2003-05-30,26.89,27.36,26.89,27.09,,1042400.0
2003-06-02,27.1,27.52,27.05,27.21,,796400.0
2003-06-03,27.29,27.5,26.99,27.16,,735500.0
2003-06-04,27.12,27.9,27.03,27.72,,740600.0
2003-06-05,27.73,28.14,27.36,28.05,,534200.0
2003-06-06,28.16,28.31,27.72,27.78,,1260500.0
2003-06-09,27.78,28.26,27.72,27.96,,582400.0
2003-06-10,28.16,28.82,28.11,28.56,,1232600.0
2003-06-11,28.64,29.14,28.61,29.13,,1069000.0
2003-06-12,29.13,29.37,28.52,28.83,,752300.0
2003-06-13,28.85,28.95,28.54,28.77,,416100.0
2003-06-16,28.77,29.24,28.77,29.13,,661400.0
2003-06-17,29.45,29.55,29.11,29.45,,610900.0
2003-06-18,29.35,29.35,28.49,28.62,,982100.0
2003-06-19,28.62,28.62,27.77,27.96,,1067900.0
2003-06-20,28.28,28.28,28.04,28.16,,1123700.0
2003-06-23,28.0,28.09,27.52,27.78,,461100.0
2003-06-24,27.78,28.14,27.77,28.0,,424400.0
2003-06-25,27.88,28.17,27.73,27.77,,429400.0
2003-06-26,27.76,28.32,27.68,28.26,,595900.0
2003-06-27,28.27,28.44,27.96,28.14,,483200.0
2003-06-30,28.26,28.31,27.86,27.91,,754600.0
2003-07-01,27.91,28.19,27.26,28.12,,932400.0
2003-07-02,28.12,28.32,27.76,28.16,,1010300.0
2003-07-03,28.16,28.34,27.9,27.96,,283400.0
2003-07-07,27.96,28.33,27.88,28.12,,768800.0
2003-07-08,28.11,28.48,28.0,28.38,,530000.0
2003-07-09,28.38,28.64,28.2,28.44,,748300.0
2003-07-10,28.4,28.5,28.16,28.44,,566900.0
2003-07-11,28.46,28.77,28.38,28.64,,427900.0
2003-07-14,28.89,29.27,28.85,28.97,,606800.0
2003-07-15,29.01,29.06,28.32,28.56,,717500.0
2003-07-16,28.07,29.77,28.07,29.61,,3069300.0
2003-07-17,29.51,29.65,29.21,29.45,,1104800.0
2003-07-18,29.55,29.97,29.47,29.91,,842300.0
2003-07-21,29.91,29.91,29.31,29.68,,753600.0
2003-07-22,29.73,30.29,29.7,29.98,,988400.0
2003-07-23,29.91,30.05,29.82,29.83,,779300.0
2003-07-24,30.03,30.34,29.77,29.79,,724100.0
2003-07-25,29.75,30.29,29.71,30.25,,718000.0
2003-07-28,30.41,30.55,30.11,30.37,,424700.0
2003-07-29,30.37,31.88,30.37,31.52,,2438700.0
2003-07-30,31.54,31.7,31.18,31.23,,1136900.0
2003-07-31,31.39,31.45,30.73,30.78,,826600.0
2003-08-01,30.88,30.89,30.54,30.66,,970600.0
2003-08-04,30.45,30.62,30.12,30.36,,892600.0
2003-08-05,30.36,30.51,29.79,29.88,,754100.0
2003-08-06,29.88,29.89,29.6,29.6,,1207500.0
2003-08-07,29.57,29.75,29.45,29.69,,702200.0
2003-08-08,29.85,30.03,29.77,29.85,,445600.0
2003-08-11,30.09,30.44,30.04,30.38,,586100.0
2003-08-12,30.47,30.54,30.04,30.42,,415500.0
2003-08-13,30.5,30.6,30.04,30.21,,442700.0
2003-08-14,30.23,30.6,30.03,30.58,,348100.0
2003-08-15,30.58,30.64,30.39,30.56,,286700.0
2003-08-18,30.57,30.7,30.29,30.59,,392800.0
2003-08-19,30.62,30.62,30.2,30.39,,495700.0
2003-08-20,30.39,30.56,30.02,30.4,,463300.0
2003-08-21,30.35,30.56,30.15,30.39,,538100.0
2003-08-22,30.2,30.45,29.84,29.89,,360600.0
2003-08-25,29.84,30.01,29.72,29.9,,321600.0
2003-08-26,29.72,30.01,29.49,29.96,,396600.0
2003-08-27,29.99,30.08,29.64,29.9,,484900.0
2003-08-28,29.93,30.52,29.93,30.44,,626400.0
2003-08-29,30.34,30.5,30.31,30.5,,447700.0
2003-09-02,30.52,30.88,30.28,30.83,,386700.0
2003-09-03,30.78,31.0,30.5,30.6,,622900.0
2003-09-04,30.6,30.61,30.19,30.47,,834500.0
2003-09-05,30.45,30.52,30.06,30.1,,622200.0
2003-09-08,29.77,30.07,29.57,29.77,,1432900.0
2003-09-09,29.77,29.93,29.65,29.75,,919800.0
2003-09-10,29.73,30.05,29.71,29.76,,717400.0
2003-09-11,29.8,29.85,29.69,29.77,,684600.0
2003-09-12,29.76,29.82,29.49,29.78,,800600.0
2003-09-15,29.88,30.27,29.86,29.96,,636000.0
2003-09-16,30.0,30.21,29.96,30.09,,729600.0
2003-09-17,30.09,30.5,30.09,30.32,,740100.0
2003-09-18,30.57,30.96,30.53,30.86,,934600.0
2003-09-19,30.76,30.93,30.48,30.62,,770800.0
2003-09-22,30.52,30.57,30.35,30.55,,548100.0
2003-09-23,30.58,31.02,30.58,30.78,,528100.0
2003-09-24,30.85,30.91,30.47,30.47,,764900.0
2003-09-25,30.45,30.66,30.42,30.43,,538600.0
2003-09-26,30.37,30.45,30.17,30.38,,704600.0
2003-09-29,30.36,30.51,30.22,30.47,,502700.0
2003-09-30,30.31,30.64,30.21,30.3,,917000.0
2003-10-01,30.37,30.42,30.04,30.1,,1163000.0
2003-10-02,30.17,30.84,30.08,30.77,,821300.0
2003-10-03,30.97,31.67,30.94,31.1,,902500.0
2003-10-06,30.91,31.03,30.51,30.9,,639100.0
2003-10-07,30.88,31.26,30.8,30.99,,862600.0
2003-10-08,31.04,31.08,30.68,30.69,,489600.0
2003-10-09,30.75,30.99,30.52,30.68,,560400.0
2003-10-10,30.72,31.0,30.71,30.85,,279500.0
2003-10-13,31.02,31.39,30.73,30.84,,440700.0
2003-10-14,31.03,31.25,30.77,31.24,,547700.0
2003-10-15,31.48,31.98,31.38,31.75,,997500.0
2003-10-16,31.8,31.88,31.57,31.69,,580300.0
2003-10-17,32.18,32.31,31.61,31.77,,995900.0
2003-10-20,31.85,32.93,31.82,32.78,,1188400.0
2003-10-21,32.77,32.77,32.37,32.44,,604100.0
2003-10-22,32.44,32.51,32.14,32.25,,548500.0
2003-10-23,32.25,32.82,32.25,32.56,,704200.0
2003-10-24,32.38,32.84,32.35,32.79,,887700.0
2003-10-27,32.87,33.01,32.48,32.55,,649000.0
2003-10-28,32.55,32.77,32.47,32.77,,838200.0
2003-10-29,32.77,32.89,32.53,32.7,,441800.0
2003-10-30,32.7,32.74,32.51,32.65,,477400.0
2003-10-31,32.65,32.76,32.57,32.63,,518400.0
2003-11-03,32.63,33.19,32.63,33.06,,649200.0
2003-11-04,33.06,33.06,32.83,32.88,,535800.0
2003-11-05,32.88,32.9,32.71,32.75,,622000.0
2003-11-06,32.75,33.19,32.68,33.1,,372700.0
2003-11-07,33.1,33.17,32.78,32.79,,372600.0
2003-11-10,32.89,32.89,32.5,32.62,,329700.0
2003-11-11,32.37,32.56,32.28,32.43,,378200.0
2003-11-12,32.43,32.68,32.2,32.63,,365300.0
2003-11-13,32.64,33.18,32.54,33.07,,408600.0
2003-11-14,32.97,33.32,32.55,32.71,,477700.0
2003-11-17,32.73,32.74,32.29,32.45,,454900.0
2003-11-18,32.53,32.65,31.94,32.01,,663900.0
2003-11-19,31.98,32.35,31.77,32.2,,470500.0
2003-11-20,31.91,32.13,31.72,31.78,,858600.0
2003-11-21,31.97,31.97,31.59,31.88,,650000.0
2003-11-24,32.03,32.43,31.92,32.38,,512400.0
2003-11-25,32.33,32.54,32.2,32.2,,536300.0
2003-11-26,32.21,32.37,32.04,32.33,,422900.0
2003-11-28,32.33,32.73,32.25,32.59,,224700.0
2003-12-01,32.87,33.04,32.69,33.01,,434000.0
2003-12-02,33.01,33.19,32.83,33.15,,640900.0
2003-12-03,33.02,33.26,32.83,32.99,,345200.0
2003-12-04,33.02,33.15,32.84,33.02,,290700.0
2003-12-05,33.02,33.17,32.89,32.97,,335500.0
2003-12-08,33.01,33.45,33.01,33.45,,306600.0
2003-12-09,33.51,33.52,33.01,33.03,,588500.0
2003-12-10,33.03,33.09,32.23,32.37,,547200.0
2003-12-11,32.49,32.92,32.49,32.72,,528200.0
2003-12-12,32.82,32.84,32.57,32.73,,323800.0
2003-12-15,33.03,33.23,32.71,32.74,,352900.0
2003-12-16,32.73,32.93,32.47,32.76,,307200.0
2003-12-17,32.69,33.15,32.6,33.11,,440800.0
2003-12-18,33.11,33.29,32.99,33.25,,484600.0
2003-12-19,33.38,33.54,33.25,33.52,,542700.0
2003-12-22,33.11,33.36,32.97,33.3,,549500.0
2003-12-23,33.34,33.37,32.95,33.15,,440100.0
2003-12-24,32.81,33.21,32.67,33.15,,189200.0
2003-12-26,33.14,33.34,32.99,33.14,,121000.0
2003-12-29,33.24,33.93,33.17,33.93,,373600.0
2003-12-30,33.93,34.17,33.92,34.17,,368000.0
2003-12-31,34.21,34.4,34.08,34.26,,647800.0
2004-01-02,34.22,34.22,33.66,33.75,,411400.0
2004-01-05,34.0,34.28,33.96,34.28,,462700.0
2004-01-06,34.18,34.54,34.02,34.09,,495000.0
2004-01-07,34.05,34.05,33.76,33.91,,599600.0
2004-01-08,33.98,33.99,33.77,33.97,,581600.0
2004-01-09,33.97,34.16,33.91,34.01,,487300.0
2004-01-12,33.91,34.44,33.91,34.32,,478600.0
2004-01-13,34.33,34.61,34.08,34.19,,613600.0
2004-01-14,34.19,34.51,34.19,34.49,,396900.0
2004-01-15,34.67,34.86,34.22,34.77,,353300.0
2004-01-16,35.06,35.98,34.99,35.93,,1096700.0
2004-01-20,36.0,36.1,35.21,35.46,,812700.0
2004-01-21,35.52,35.84,35.28,35.84,,553500.0
2004-01-22,35.74,36.16,35.63,36.04,,404800.0
2004-01-23,36.03,36.18,35.8,36.08,,507000.0
2004-01-26,36.17,36.8,36.17,36.8,,448300.0
2004-01-27,36.49,36.78,36.38,36.43,,435100.0
2004-01-28,36.51,36.53,35.66,35.72,,490600.0
2004-01-29,35.97,36.76,35.72,36.62,,520900.0
2004-01-30,35.16,35.86,35.13,35.76,,1181600.0
2004-02-02,35.84,36.96,35.82,36.5,,866100.0
2004-02-03,36.47,36.57,35.89,36.08,,772500.0
2004-02-04,35.98,36.32,35.87,36.09,,522300.0
2004-02-05,36.1,36.16,35.44,35.51,,1084200.0
2004-02-06,35.57,36.18,35.57,36.17,,575300.0
2004-02-09,36.15,36.45,35.99,36.22,,348800.0
2004-02-10,36.22,36.22,35.87,35.99,,537400.0
2004-02-11,36.05,36.74,35.9,36.63,,431400.0
2004-02-12,36.38,36.53,36.27,36.39,,346800.0
2004-02-13,36.49,36.51,36.26,36.34,,300900.0
2004-02-17,36.54,36.6,36.29,36.33,,336400.0
2004-02-18,36.34,36.49,36.26,36.33,,378700.0
2004-02-19,36.49,36.49,35.96,35.99,,387100.0
2004-02-20,36.09,36.45,35.96,36.24,,422200.0
2004-02-23,36.32,36.43,35.94,36.01,,349300.0
2004-02-24,36.01,36.26,35.8,36.0,,366300.0
2004-02-25,36.07,36.07,35.66,35.91,,461600.0
2004-02-26,35.87,35.91,35.64,35.82,,255300.0
2004-02-27,34.25,35.95,34.25,35.76,,684900.0
2004-03-01,35.84,36.13,35.68,35.96,,540000.0
2004-03-02,35.96,36.28,35.58,35.61,,639200.0
2004-03-03,35.57,36.45,35.57,36.39,,646200.0
2004-03-04,36.29,36.39,36.15,36.22,,319100.0
2004-03-05,36.18,36.63,36.01,36.44,,344500.0
2004-03-08,37.63,38.04,37.2,37.38,,1181800.0
2004-03-09,37.38,37.48,36.93,36.99,,709600.0
2004-03-10,36.99,37.01,36.51,36.57,,512100.0
2004-03-11,36.35,36.47,35.66,35.7,,570500.0
2004-03-12,35.99,36.05,35.5,36.04,,571800.0
2004-03-15,36.04,36.04,35.27,35.46,,659000.0
2004-03-16,35.54,35.66,35.28,35.53,,478800.0
2004-03-17,35.89,36.8,35.78,36.75,,638200.0
2004-03-18,36.53,36.7,36.12,36.46,,603300.0
2004-03-19,36.19,36.34,35.93,36.0,,517600.0
2004-03-22,35.76,35.76,34.83,35.1,,852700.0
2004-03-23,35.24,35.61,34.59,35.35,,951300.0
2004-03-24,35.31,35.4,34.87,35.16,,572900.0
2004-03-25,35.17,35.2,34.9,35.16,,571100.0
2004-03-26,35.18,35.62,35.13,35.38,,536800.0
2004-03-29,35.47,35.95,35.45,35.64,,488700.0
2004-03-30,35.64,35.82,35.33,35.78,,346200.0
2004-03-31,35.78,35.86,35.48,35.68,,538900.0
2004-04-01,35.66,36.29,35.63,36.27,,735700.0
2004-04-02,36.52,37.6,36.52,37.46,,938900.0
2004-04-05,37.52,38.0,37.38,38.0,,751300.0
2004-04-06,37.86,37.97,37.5,37.94,,434300.0
2004-04-07,37.94,38.04,37.7,37.91,,475500.0
2004-04-08,38.12,38.61,37.81,38.07,,549900.0
2004-04-12,38.1,38.4,37.92,38.32,,290200.0
2004-04-13,38.5,38.57,37.53,37.89,,443700.0
2004-04-14,37.69,38.36,37.68,38.09,,791700.0
2004-04-15,38.18,38.52,37.98,38.52,,756500.0
2004-04-16,39.69,40.29,38.96,40.16,,1868600.0
2004-04-19,39.83,40.16,39.79,40.0,,638600.0
2004-04-20,40.04,40.29,39.25,39.25,,1126200.0
2004-04-21,39.45,39.95,39.33,39.75,,715400.0
2004-04-22,39.79,40.56,39.69,40.41,,1199700.0
2004-04-23,40.51,40.51,39.84,40.07,,673900.0
2004-04-26,40.31,40.91,40.26,40.34,,675600.0
2004-04-27,40.62,41.18,40.5,40.63,,935600.0
2004-04-28,40.66,40.8,39.87,39.88,,924800.0
2004-04-29,39.96,40.29,39.7,39.83,,690800.0
2004-04-30,40.07,40.2,39.55,39.87,,804000.0
2004-05-03,39.99,40.51,39.84,40.17,,487900.0
2004-05-04,40.22,40.48,39.65,40.1,,660100.0
2004-05-05,40.27,40.8,40.2,40.75,,634500.0
2004-05-06,40.74,40.88,40.24,40.6,,619000.0
2004-05-07,40.6,41.14,40.5,40.78,,806400.0
2004-05-10,40.62,40.66,39.73,40.0,,678300.0
2004-05-11,40.02,40.44,39.99,40.31,,667500.0
2004-05-12,40.31,40.33,39.37,40.29,,748500.0
2004-05-13,40.2,41.29,40.13,40.68,,1034700.0
2004-05-14,40.58,41.15,40.17,40.89,,740000.0
2004-05-17,40.89,41.01,40.27,40.61,,706300.0
2004-05-18,41.02,41.07,40.68,40.92,,1103800.0
2004-05-19,41.41,41.93,40.7,40.9,,1424300.0
2004-05-20,40.91,41.02,39.93,40.06,,2088900.0
2004-05-21,40.35,40.94,40.29,40.84,,1289700.0
2004-05-24,41.27,41.28,40.64,40.64,,1035900.0
2004-05-25,40.48,40.96,40.33,40.69,,1309300.0
2004-05-26,40.73,41.35,40.59,40.89,,1684700.0
2004-05-27,40.91,41.37,40.9,41.1,,1250500.0
2004-05-28,41.1,41.2,40.95,40.98,,698900.0
2004-06-01,41.1,41.87,41.02,41.81,,1209600.0
2004-06-02,41.97,42.27,41.85,42.02,,1182000.0
2004-06-03,42.05,42.2,41.81,42.08,,1212100.0
2004-06-04,42.39,42.61,42.12,42.47,,1475600.0
2004-06-07,43.09,43.23,42.76,43.19,,1158200.0
2004-06-08,43.39,43.56,42.96,43.55,,1409400.0
2004-06-09,43.73,43.75,43.29,43.38,,867700.0
2004-06-10,43.88,43.89,43.55,43.8,,1044500.0
2004-06-14,43.81,44.09,43.51,43.52,,1416600.0
2004-06-15,43.92,43.92,43.52,43.67,,1161400.0
2004-06-16,43.67,43.88,43.13,43.59,,1793400.0
2004-06-17,43.59,43.63,43.03,43.58,,1186600.0
2004-06-18,43.38,44.4,43.37,43.73,,1157600.0
2004-06-21,43.92,44.15,43.78,43.87,,1319600.0
2004-06-22,43.96,44.21,43.6,43.86,,1300200.0
2004-06-23,43.93,44.09,43.38,43.99,,1119700.0
2004-06-24,44.01,44.32,43.8,43.94,,1198300.0
2004-06-25,43.97,44.38,43.94,44.27,,1015600.0
2004-06-28,44.94,45.09,43.41,43.82,,1531000.0
2004-06-29,44.01,44.2,43.92,44.18,,1168700.0
2004-06-30,44.45,44.92,43.87,44.33,,1663200.0
2004-07-01,44.72,44.76,43.67,44.33,,1078000.0
2004-07-02,44.25,44.53,43.92,44.14,,719600.0
2004-07-06,44.19,45.35,43.96,45.26,,1456100.0
2004-07-07,45.34,46.21,45.3,46.21,,1989500.0
2004-07-08,46.21,46.47,45.91,45.96,,1282400.0
2004-07-09,45.97,46.17,44.65,44.98,,2547700.0
2004-07-12,44.87,45.19,43.68,44.26,,2153600.0
2004-07-13,44.26,44.49,44.02,44.31,,1220600.0
2004-07-14,44.11,44.7,43.18,43.75,,1834200.0
2004-07-15,43.72,44.38,43.65,44.17,,1886900.0
2004-07-16,42.31,42.31,36.7,37.11,,11702000.0
2004-07-19,37.86,38.78,37.11,38.65,,6951000.0
2004-07-20,38.84,39.37,38.57,39.25,,3619800.0
2004-07-21,39.65,40.1,38.81,38.81,,2481900.0
2004-07-22,38.81,38.9,37.32,38.21,,2568400.0
2004-07-23,38.06,38.21,37.62,37.98,,1493900.0
2004-07-26,38.19,38.45,37.8,37.99,,1408400.0
2004-07-27,38.02,38.57,37.98,38.52,,1429700.0
2004-07-28,38.52,38.61,36.38,37.78,,2828200.0
2004-07-29,37.27,37.28,35.23,37.22,,3984900.0
2004-07-30,37.32,38.57,36.99,38.43,,2234700.0
2004-08-02,38.17,38.77,37.53,38.71,,2109500.0
2004-08-03,38.69,39.04,38.44,38.81,,1823300.0
2004-08-04,38.44,38.75,38.01,38.45,,1362700.0
2004-08-05,38.45,38.46,36.99,37.05,,1511800.0
2004-08-06,36.67,36.68,35.54,35.66,,2473100.0
2004-08-09,35.66,36.63,35.66,36.28,,1435600.0
2004-08-10,36.65,36.95,36.29,36.94,,1170100.0
2004-08-11,36.88,37.2,36.21,37.05,,1325500.0
2004-08-12,37.05,37.05,36.53,36.79,,677700.0
2004-08-13,36.74,36.74,36.18,36.44,,820000.0
2004-08-16,36.44,37.28,36.35,36.84,,1062600.0
2004-08-17,37.04,37.15,36.67,36.86,,981800.0
2004-08-18,36.87,37.36,36.82,37.36,,1044800.0
2004-08-19,37.15,37.2,36.86,37.07,,1235600.0
2004-08-20,37.07,37.6,37.0,37.41,,740000.0
2004-08-23,37.72,37.96,37.48,37.88,,1183100.0
2004-08-24,38.15,38.27,37.72,37.84,,947900.0
2004-08-25,37.84,37.86,37.44,37.83,,977100.0
2004-08-26,37.83,37.83,37.0,37.06,,1472800.0
2004-08-27,37.24,37.51,36.97,37.12,,1166700.0
2004-08-30,36.99,37.03,36.47,36.57,,1191800.0
2004-08-31,36.67,36.9,36.14,36.51,,1230000.0
2004-09-01,36.6,37.27,36.6,37.11,,869900.0
2004-09-02,37.07,38.47,36.92,38.3,,1078900.0
2004-09-03,38.48,38.54,37.76,37.86,,902200.0
2004-09-07,38.04,38.66,38.04,38.59,,894800.0
2004-09-08,38.62,39.01,38.16,38.25,,1369700.0
2004-09-09,38.32,38.32,37.84,38.06,,599700.0
2004-09-10,38.06,38.19,37.53,38.15,,857900.0
2004-09-13,38.37,38.37,37.82,37.96,,1181000.0
2004-09-14,37.96,38.69,37.76,38.04,,1370400.0
2004-09-15,38.24,38.24,37.38,37.65,,1230400.0
2004-09-16,37.85,37.92,37.7,37.78,,634400.0
2004-09-17,38.28,38.96,38.05,38.81,,1694200.0
2004-09-20,38.65,39.18,38.36,38.63,,1235500.0
2004-09-21,38.78,39.4,38.43,39.24,,1755800.0
2004-09-22,38.76,39.09,38.36,38.4,,1178700.0
2004-09-23,38.44,38.68,38.3,38.38,,1077100.0
2004-09-24,38.39,39.13,38.32,38.83,,1016400.0
2004-09-27,38.76,38.86,38.36,38.69,,1192600.0
2004-09-28,38.69,38.69,37.92,37.96,,1393400.0
2004-09-29,37.96,38.59,37.84,38.51,,952100.0
2004-09-30,38.51,38.87,38.23,38.75,,1607300.0
2004-10-01,38.95,39.34,38.6,39.01,,1147600.0
2004-10-04,39.09,39.26,38.79,38.86,,1611600.0
2004-10-05,38.97,39.07,38.44,38.61,,806600.0
2004-10-06,38.73,38.84,38.33,38.81,,998900.0
2004-10-07,38.62,38.69,37.78,38.07,,1316400.0
2004-10-08,38.07,38.28,36.49,36.68,,2144200.0
2004-10-11,36.67,36.75,35.77,35.98,,3084100.0
2004-10-12,35.98,36.0,34.54,35.84,,4067800.0
2004-10-13,35.76,36.08,34.9,35.49,,2195200.0
2004-10-14,35.33,36.2,35.24,35.41,,2068900.0
2004-10-15,35.22,35.23,32.48,33.92,,6463100.0
2004-10-18,33.89,35.71,33.89,35.71,,3209700.0
2004-10-19,35.74,35.74,34.78,34.93,,1975100.0
2004-10-20,34.94,35.39,34.72,34.94,,2773800.0
2004-10-21,35.16,35.16,34.33,34.58,,1610700.0
2004-10-22,34.66,34.68,34.07,34.09,,1315400.0
2004-10-25,34.09,34.09,33.24,33.65,,2225500.0
2004-10-26,34.01,34.29,33.38,34.26,,3248100.0
2004-10-27,34.32,35.34,34.1,34.98,,1997200.0
2004-10-28,34.78,34.95,34.58,34.74,,1333500.0
2004-10-29,34.58,34.85,34.27,34.73,,1707200.0
2004-11-01,34.37,34.62,33.68,33.96,,1915400.0
2004-11-02,34.33,35.14,34.04,34.15,,2486000.0
2004-11-03,35.46,35.46,34.89,35.06,,1778300.0
2004-11-04,35.14,35.29,34.78,35.06,,1608000.0
2004-11-05,35.3,35.72,35.28,35.72,,1196200.0
2004-11-08,35.87,35.98,35.37,35.7,,1120300.0
2004-11-09,35.91,35.94,35.13,35.23,,1569500.0
2004-11-10,35.1,35.49,34.96,35.29,,1040100.0
2004-11-11,35.65,36.24,35.53,36.23,,1321600.0
2004-11-12,36.15,36.24,35.63,35.85,,1672700.0
2004-11-15,35.65,36.15,35.38,35.74,,1567500.0
2004-11-16,35.7,35.86,35.33,35.38,,1354900.0
2004-11-17,35.42,36.11,35.32,35.46,,1175900.0
2004-11-18,35.46,35.59,35.18,35.45,,1409400.0
2004-11-19,35.54,35.55,34.72,34.79,,1194200.0
2004-11-22,34.58,35.45,34.25,35.34,,1870100.0
2004-11-23,35.08,35.38,34.78,35.07,,1372400.0
2004-11-24,35.1,35.84,35.08,35.78,,1520800.0
2004-11-26,35.47,36.07,35.47,35.82,,502100.0
2004-11-29,35.73,35.87,35.44,35.6,,1232200.0
2004-11-30,35.45,35.66,35.2,35.45,,1069500.0
2004-12-01,35.54,36.43,35.51,36.43,,1271900.0
2004-12-02,36.43,37.57,36.39,36.62,,2086600.0
2004-12-03,36.62,37.03,36.38,36.5,,1793400.0
2004-12-06,36.31,36.34,35.87,36.07,,1476500.0
2004-12-07,36.26,36.27,35.61,35.61,,1789600.0
2004-12-08,35.46,36.61,35.46,36.55,,1478600.0
2004-12-09,36.39,37.32,36.27,37.31,,1863300.0
2004-12-10,37.17,37.66,36.95,37.52,,1584700.0
2004-12-13,37.53,37.99,37.2,37.65,,1448900.0
2004-12-14,37.49,38.03,37.39,37.94,,1829800.0
2004-12-15,37.78,37.78,36.72,36.98,,2440400.0
2004-12-16,36.94,37.19,36.46,36.83,,1728900.0
2004-12-17,36.28,37.19,36.28,37.04,,2198300.0
2004-12-20,37.05,37.76,36.99,37.29,,1228000.0
2004-12-21,37.32,37.85,37.31,37.79,,1372600.0
2004-12-22,38.08,38.32,37.9,38.23,,1565000.0
2004-12-23,38.36,38.69,37.73,37.9,,863400.0
2004-12-27,37.98,38.2,37.78,37.94,,1200500.0
2004-12-28,38.15,38.63,37.96,38.41,,1542300.0
2004-12-29,38.35,38.65,38.27,38.65,,1243900.0
2004-12-30,38.72,39.08,38.57,38.92,,1177200.0
2004-12-31,38.84,39.07,38.74,38.96,,981700.0
2005-01-03,40.33,40.7,38.86,38.96,,4151200.0
2005-01-04,39.49,39.86,39.21,39.48,,3545500.0
2005-01-05,39.57,39.99,39.49,39.53,,2864100.0
2005-01-06,39.69,39.69,38.96,39.28,,1835700.0
2005-01-07,39.36,39.58,38.88,38.96,,1724100.0
2005-01-10,39.0,40.16,38.68,39.89,,2254900.0
2005-01-11,39.89,39.98,39.4,39.7,,1176800.0
2005-01-12,39.78,40.35,39.78,40.32,,2188500.0
2005-01-13,40.37,40.79,38.84,38.9,,3930100.0
2005-01-14,39.1,39.6,39.03,39.39,,1511800.0
2005-01-18,39.69,40.45,39.47,40.33,,2634800.0
2005-01-19,40.38,41.3,40.12,40.88,,2507700.0
2005-01-20,40.89,40.91,40.28,40.52,,1739900.0
2005-01-21,40.52,40.71,39.85,39.94,,3524200.0
2005-01-24,39.93,39.93,39.19,39.19,,1980000.0
2005-01-25,39.36,39.52,38.97,39.28,,2180800.0
2005-01-26,39.56,40.33,39.49,40.17,,2213600.0
2005-01-27,40.17,40.18,39.07,39.36,,3835700.0
2005-01-28,39.4,39.75,38.7,38.82,,2696100.0
2005-01-31,39.2,39.93,38.79,39.68,,2671700.0
2005-02-01,40.37,41.68,40.17,41.63,,3421300.0
2005-02-02,41.78,42.46,40.37,41.25,,4306700.0
2005-02-03,41.15,41.71,41.15,41.5,,1124800.0
2005-02-04,41.5,42.51,41.46,42.46,,2099500.0
2005-02-07,42.45,42.46,41.63,41.75,,1460200.0
2005-02-08,41.75,41.88,41.01,41.16,,1572100.0
2005-02-09,41.22,41.34,40.39,40.41,,1674900.0
2005-02-10,40.45,40.75,40.12,40.53,,1561200.0
2005-02-11,40.67,41.45,40.64,41.14,,1453300.0
2005-02-14,41.29,41.33,40.44,40.61,,1123000.0
2005-02-15,40.81,40.87,40.4,40.7,,1071800.0
2005-02-16,40.7,40.86,40.28,40.83,,1703500.0
2005-02-17,40.83,40.9,40.36,40.62,,1949400.0
2005-02-18,40.78,41.19,40.7,40.91,,1503700.0
2005-02-22,40.92,40.99,40.0,40.2,,1875900.0
2005-02-23,40.2,40.45,39.92,40.13,,968700.0
2005-02-24,40.24,40.43,39.79,40.41,,1410300.0
2005-02-25,40.45,40.67,40.16,40.4,,1048700.0
2005-02-28,40.16,40.49,39.86,40.1,,1064600.0
2005-03-01,40.1,40.45,39.95,40.11,,1261200.0
2005-03-02,40.11,40.47,39.85,39.87,,1336000.0
2005-03-03,39.93,40.15,39.68,39.89,,819900.0
2005-03-04,40.21,40.37,40.02,40.2,,984800.0
2005-03-07,40.37,40.53,40.13,40.21,,1169200.0
2005-03-08,40.28,40.35,38.81,38.98,,2750600.0
2005-03-09,38.98,39.25,38.53,38.69,,2218000.0
2005-03-10,38.96,39.34,38.9,39.34,,1880600.0
2005-03-11,39.4,39.4,38.14,38.3,,2732700.0
2005-03-14,38.44,38.95,38.17,38.48,,1552200.0
2005-03-15,38.48,38.48,36.83,37.79,,4055000.0
2005-03-16,37.63,37.99,37.39,37.77,,1650600.0
2005-03-17,37.77,38.5,37.39,38.35,,1614000.0
2005-03-18,38.35,38.73,38.03,38.35,,3766100.0
2005-03-21,38.19,38.6,37.83,38.4,,1049500.0
2005-03-22,38.31,38.33,37.14,37.23,,2839000.0
2005-03-23,37.28,37.42,36.95,37.01,,1778300.0
2005-03-24,37.38,37.41,36.74,36.86,,1623500.0
2005-03-28,37.26,38.12,36.94,37.81,,2364500.0
2005-03-29,37.71,38.16,37.43,38.1,,1715400.0
2005-03-30,38.15,38.44,37.67,38.3,,1443800.0
2005-03-31,35.73,36.13,34.72,36.02,,6738000.0
2005-04-01,36.03,36.3,35.13,35.65,,3325200.0
2005-04-04,35.61,35.8,35.25,35.68,,1314600.0
2005-04-05,35.69,36.53,35.61,36.29,,1921200.0
2005-04-06,36.42,37.43,36.37,37.14,,2938300.0
2005-04-07,37.1,37.52,36.82,37.19,,1388100.0
2005-04-08,37.26,37.35,36.59,36.8,,1109900.0
2005-04-11,37.0,37.26,36.79,36.84,,961800.0
2005-04-12,36.68,37.06,36.15,36.87,,1253400.0
2005-04-13,36.88,37.31,36.34,36.41,,1117700.0
2005-04-14,36.51,37.27,36.3,37.07,,1927400.0
2005-04-15,36.98,37.77,36.76,37.37,,2367300.0
2005-04-18,37.38,37.56,36.94,37.33,,1525800.0
2005-04-19,37.99,38.17,36.96,37.63,,2078200.0
2005-04-20,37.95,39.73,37.89,39.03,,4199600.0
2005-04-21,39.49,39.51,38.84,39.47,,1483500.0
2005-04-22,39.43,39.78,38.77,38.98,,1886300.0
2005-04-25,39.15,39.72,38.9,39.5,,1486600.0
2005-04-26,39.64,41.14,39.32,39.49,,3248600.0
2005-04-27,39.47,40.05,39.07,39.93,,1255900.0
2005-04-28,39.67,39.73,39.08,39.15,,1173000.0
2005-04-29,39.24,39.45,38.72,39.2,,1609400.0
2005-05-02,39.21,39.55,38.97,39.39,,914900.0
2005-05-03,39.08,39.49,38.61,38.98,,1346700.0
2005-05-04,39.0,40.04,39.0,39.93,,1404000.0
2005-05-05,40.05,40.28,39.4,39.44,,1356000.0
2005-05-06,39.5,39.57,38.93,38.96,,1427600.0
2005-05-09,38.98,39.25,38.68,38.93,,1418300.0
2005-05-10,38.76,38.86,38.06,38.27,,1611100.0
2005-05-11,38.41,38.8,37.63,38.72,,1111200.0
2005-05-12,38.56,38.68,37.85,38.11,,1390100.0
2005-05-13,38.02,38.02,37.14,37.64,,1460300.0
2005-05-16,37.71,38.32,37.57,38.2,,681100.0
2005-05-17,37.99,38.44,37.59,38.37,,949500.0
2005-05-18,38.73,38.91,38.38,38.86,,1305300.0
2005-05-19,38.83,39.08,38.72,38.94,,922300.0
2005-05-20,39.12,39.22,38.89,39.07,,1234700.0
2005-05-23,39.16,39.65,38.96,39.48,,1607900.0
2005-05-24,39.48,39.69,39.27,39.58,,1267800.0
2005-05-25,39.45,39.65,39.32,39.57,,1236700.0
2005-05-26,39.57,39.84,39.45,39.82,,1076000.0
2005-05-27,39.71,39.83,39.39,39.49,,851500.0
2005-05-31,39.57,39.63,39.18,39.28,,1108300.0
2005-06-01,39.2,39.77,38.97,39.47,,1184100.0
2005-06-02,39.45,39.59,39.25,39.42,,890200.0
2005-06-03,39.42,39.7,39.19,39.5,,988800.0
2005-06-06,39.54,39.54,39.03,39.24,,830700.0
2005-06-07,39.36,40.16,39.36,39.82,,1063800.0
2005-06-08,39.97,39.99,39.48,39.55,,898900.0
2005-06-09,39.57,39.86,39.4,39.69,,851000.0
2005-06-10,39.0,39.84,39.0,39.49,,605800.0
2005-06-13,39.28,39.82,39.24,39.61,,741400.0
2005-06-14,39.63,40.39,39.57,40.34,,1551700.0
2005-06-15,40.48,40.53,39.65,39.82,,1895500.0
2005-06-16,40.78,40.78,39.83,39.92,,1217600.0
2005-06-17,40.29,40.29,39.61,39.86,,1598300.0
2005-06-20,39.59,40.06,39.48,39.92,,1237100.0
2005-06-21,39.71,39.75,39.18,39.45,,1146000.0
2005-06-22,38.56,39.13,38.27,38.55,,3316600.0
2005-06-23,38.48,38.52,37.86,38.0,,1601400.0
2005-06-24,37.94,38.28,37.75,38.04,,1576700.0
2005-06-27,38.1,38.22,37.81,37.84,,809600.0
2005-06-28,37.99,38.73,37.87,38.66,,1610900.0
2005-06-29,38.76,38.77,38.38,38.6,,2360400.0
2005-06-30,38.6,38.72,38.3,38.4,,1279100.0
2005-07-01,38.38,38.44,38.06,38.23,,715100.0
2005-07-05,38.07,38.79,38.07,38.76,,893300.0
2005-07-06,38.6,38.6,37.99,38.27,,1154900.0
2005-07-07,37.83,38.4,37.79,38.35,,1144800.0
2005-07-08,38.31,38.71,37.95,38.67,,1188100.0
2005-07-11,38.87,39.75,38.78,39.75,,1515800.0
2005-07-12,39.57,40.09,39.56,40.01,,1411300.0
2005-07-13,39.97,40.01,39.73,39.93,,893100.0
2005-07-14,39.89,40.14,39.8,39.98,,1090700.0
2005-07-15,39.78,40.27,39.61,40.12,,1219600.0
2005-07-18,40.12,40.16,39.7,39.9,,1926400.0
2005-07-19,39.97,40.21,39.78,40.05,,1453400.0
2005-07-20,41.18,43.04,40.45,42.88,,5101200.0
2005-07-21,42.8,43.2,42.44,42.84,,1648500.0
2005-07-22,42.76,43.18,42.53,42.87,,920700.0
2005-07-25,42.76,43.18,42.57,42.73,,1024200.0
2005-07-26,42.73,43.22,42.7,43.13,,1132900.0
2005-07-27,43.36,44.06,43.21,43.88,,1208900.0
2005-07-28,43.88,44.15,43.37,43.91,,1631200.0
2005-07-29,43.75,43.98,43.55,43.68,,2023700.0
2005-08-01,43.85,44.06,42.99,42.99,,1881000.0
2005-08-02,43.19,43.41,43.02,43.1,,1484100.0
2005-08-03,42.84,42.87,42.47,42.47,,1352500.0
2005-08-04,42.51,42.65,42.34,42.47,,2954800.0
2005-08-05,42.47,42.62,42.15,42.49,,987300.0
2005-08-08,42.49,42.81,42.0,42.23,,1176300.0
2005-08-09,42.36,42.59,41.34,42.13,,2668800.0
2005-08-10,42.38,42.63,41.81,41.95,,1020600.0
2005-08-11,41.99,42.39,41.96,42.26,,929200.0
2005-08-12,42.26,42.55,41.95,42.4,,757000.0
2005-08-15,42.35,44.16,42.1,43.68,,3378400.0
2005-08-16,43.64,43.84,43.18,43.4,,1740200.0
2005-08-17,43.3,43.83,43.16,43.77,,1148300.0
2005-08-18,43.56,43.68,43.23,43.43,,1239300.0
2005-08-19,43.65,43.65,42.97,43.04,,902300.0
2005-08-22,43.27,43.64,43.05,43.31,,1012400.0
2005-08-23,43.32,43.35,42.88,43.02,,1070500.0
2005-08-24,43.0,43.74,42.98,43.05,,1557000.0
2005-08-25,42.92,43.18,42.84,43.02,,1236400.0
2005-08-26,43.08,43.18,42.56,42.77,,651300.0
2005-08-29,42.63,43.47,42.44,43.39,,930600.0
2005-08-30,43.33,43.38,42.8,43.24,,1235200.0
2005-08-31,43.24,44.07,42.92,44.05,,1348600.0
2005-09-01,43.97,44.69,43.83,44.57,,1665600.0
2005-09-02,44.49,44.57,43.83,44.09,,871200.0
2005-09-06,44.21,45.05,44.1,45.0,,1062600.0
2005-09-07,45.17,45.48,45.0,45.3,,1414800.0
2005-09-08,44.81,45.34,43.2,44.18,,4649500.0
2005-09-09,44.61,44.61,43.93,44.06,,2796800.0
2005-09-12,43.85,44.1,43.0,43.01,,2521800.0
2005-09-13,42.81,42.82,41.09,41.14,,4941600.0
2005-09-14,41.12,42.17,40.87,40.98,,3188200.0
2005-09-15,41.06,41.44,40.74,40.98,,2299300.0
2005-09-16,40.82,40.98,40.22,40.54,,9789600.0
2005-09-19,40.78,41.1,40.59,40.91,,3343000.0
2005-09-20,41.0,41.46,40.94,41.19,,3086500.0
2005-09-21,41.38,41.42,40.49,40.86,,1948700.0
2005-09-22,41.1,41.14,40.3,40.49,,1335200.0
2005-09-23,40.66,41.08,40.33,40.62,,1425700.0
2005-09-26,41.04,41.1,40.16,40.18,,1364600.0
2005-09-27,40.38,41.29,39.77,40.94,,2578900.0
2005-09-28,40.9,41.05,39.78,40.1,,1451900.0
2005-09-29,39.57,40.02,38.96,39.77,,1999700.0
2005-09-30,39.86,40.19,39.57,39.91,,1268400.0
2005-10-03,39.84,40.16,38.93,39.19,,2099700.0
2005-10-04,39.53,39.89,39.19,39.35,,1685300.0
2005-10-05,39.15,39.15,38.32,38.35,,2358000.0
2005-10-06,38.35,38.58,37.51,37.83,,1624200.0
2005-10-07,37.94,38.29,37.81,38.08,,1357500.0
2005-10-10,38.22,38.35,37.43,37.59,,1321200.0
2005-10-11,38.1,38.27,37.01,37.14,,2334500.0
2005-10-12,37.14,37.39,36.72,37.2,,1782400.0
2005-10-13,37.0,37.47,36.82,37.11,,1371200.0
2005-10-14,37.21,37.63,36.92,37.52,,1267500.0
2005-10-17,37.38,37.73,37.02,37.53,,1818400.0
2005-10-18,37.59,38.31,37.55,37.55,,2524500.0
2005-10-19,35.13,35.13,33.36,34.13,,11365400.0
2005-10-20,34.16,34.51,32.53,32.82,,5539400.0
2005-10-21,32.78,33.11,32.23,33.06,,4707300.0
2005-10-24,33.19,33.69,33.06,33.39,,3266300.0
2005-10-25,33.42,33.65,33.09,33.25,,1961400.0
2005-10-26,33.35,33.52,32.38,32.61,,3538600.0
2005-10-27,32.74,32.74,32.09,32.14,,3290400.0
2005-10-28,32.3,33.63,32.18,33.51,,3397300.0
2005-10-31,33.71,33.71,33.05,33.16,,2333900.0
2005-11-01,33.47,33.99,33.31,33.64,,3509700.0
2005-11-02,33.91,34.98,33.91,34.77,,3201300.0
2005-11-03,35.12,35.65,34.17,34.54,,3325500.0
2005-11-04,34.72,34.88,34.32,34.78,,1358600.0
2005-11-07,35.0,35.54,34.92,35.49,,2158300.0
2005-11-08,35.37,35.58,35.25,35.5,,1883700.0
2005-11-09,35.57,35.97,35.57,35.63,,1920800.0
2005-11-10,35.74,36.54,35.68,36.54,,1465700.0
2005-11-11,36.53,36.66,35.89,36.19,,1103900.0
2005-11-14,36.08,36.19,35.36,35.47,,1457200.0
2005-11-15,34.92,35.75,34.92,35.33,,1905600.0
2005-11-16,35.33,35.34,34.88,35.29,,1711100.0
2005-11-17,35.13,35.3,34.57,35.15,,1593900.0
2005-11-18,35.65,35.83,35.21,35.74,,1428600.0
2005-11-21,35.74,35.97,35.53,35.93,,955700.0
2005-11-22,36.04,36.18,35.17,35.33,,1560800.0
2005-11-23,35.39,35.67,35.23,35.37,,1070800.0
2005-11-25,35.37,35.6,35.21,35.45,,301400.0
2005-11-28,35.69,35.73,35.04,35.4,,1677200.0
2005-11-29,35.53,35.68,34.89,34.91,,1357500.0
2005-11-30,34.92,35.13,34.66,34.96,,2072600.0
2005-12-01,35.15,35.57,34.92,35.45,,3183000.0
2005-12-02,35.45,38.1,35.39,37.39,,8496000.0
2005-12-05,37.55,38.15,37.33,37.99,,3241600.0
2005-12-06,38.03,38.18,37.57,37.61,,1537000.0
2005-12-07,37.91,38.19,37.63,38.17,,1765600.0
2005-12-08,37.75,37.95,37.12,37.33,,2370000.0
2005-12-09,37.23,38.07,37.21,37.91,,1292700.0
2005-12-12,38.14,38.24,37.63,37.81,,997700.0
2005-12-13,37.64,38.25,37.59,37.98,,1188400.0
2005-12-14,37.98,38.4,37.91,38.08,,832400.0
2005-12-15,38.24,38.34,37.65,38.01,,1008700.0
2005-12-16,38.27,39.02,38.12,38.55,,2204500.0
2005-12-19,38.48,38.54,37.6,37.73,,1224700.0
2005-12-20,37.39,37.56,36.87,36.97,,1261900.0
2005-12-21,36.84,37.43,36.62,37.33,,1383000.0
2005-12-22,37.49,37.68,37.31,37.47,,1163000.0
2005-12-23,37.61,37.65,37.14,37.22,,535700.0
2005-12-27,37.34,37.54,36.59,36.6,,811400.0
2005-12-28,36.71,36.76,36.4,36.66,,999500.0
2005-12-29,36.76,36.97,36.34,36.35,,876000.0
2005-12-30,35.9,36.18,35.85,35.96,,967300.0
2006-01-03,36.34,36.42,35.43,36.1,,2148800.0
2006-01-04,36.08,36.82,35.96,36.72,,1325000.0
2006-01-05,36.67,36.79,36.16,36.3,,1508400.0
2006-01-06,36.47,36.69,36.1,36.54,,1190200.0
2006-01-09,36.61,38.17,36.59,38.08,,2217600.0
2006-01-10,38.04,38.04,37.4,37.96,,1471200.0
2006-01-11,38.33,38.96,38.05,38.36,,2021000.0
2006-01-12,38.16,38.33,37.49,37.56,,1581300.0
2006-01-13,37.69,37.9,37.16,37.4,,1242600.0
2006-01-17,37.41,38.04,37.41,37.86,,1349700.0
2006-01-18,37.86,38.69,37.78,38.31,,1558900.0
2006-01-19,38.45,38.45,37.56,37.61,,1194300.0
2006-01-20,37.56,37.61,36.45,36.6,,1928300.0
2006-01-23,36.62,37.03,36.2,36.42,,1502000.0
2006-01-24,36.2,36.36,35.45,35.71,,3148700.0
2006-01-25,35.9,35.94,35.51,35.68,,1919700.0
2006-01-26,36.14,36.47,35.57,35.88,,2195600.0
2006-01-27,38.77,40.92,38.31,40.74,,6956000.0
2006-01-30,40.74,41.2,40.25,40.6,,2950500.0
2006-01-31,40.01,40.6,40.01,40.39,,2099800.0
2006-02-01,40.25,40.47,39.05,39.25,,2741000.0
2006-02-02,39.06,39.19,38.61,38.77,,1684900.0
2006-02-03,38.69,38.89,38.02,38.08,,1594000.0
2006-02-06,38.0,38.21,37.72,37.92,,1242200.0
2006-02-07,38.16,39.0,37.95,38.22,,2046400.0
2006-02-08,38.42,38.85,38.16,38.85,,1460300.0
2006-02-09,38.85,39.03,38.36,38.69,,1404100.0
2006-02-10,38.93,38.94,38.22,38.58,,831700.0
2006-02-13,38.33,38.5,38.06,38.26,,764800.0
2006-02-14,38.37,38.9,38.2,38.73,,1174600.0
2006-02-15,38.76,38.97,38.31,38.67,,909800.0
2006-02-16,38.77,39.2,38.56,39.06,,973700.0
2006-02-17,38.93,39.35,38.79,39.19,,1029100.0
2006-02-21,39.1,39.1,38.04,38.12,,984700.0
2006-02-22,38.25,38.44,38.07,38.22,,989700.0
2006-02-23,38.1,38.37,37.8,38.11,,1141500.0
2006-02-24,38.0,38.21,37.64,37.99,,920800.0
2006-02-27,37.99,38.48,37.86,38.16,,1166500.0
2006-02-28,37.96,38.05,37.03,37.41,,1427100.0
2006-03-01,37.39,37.69,36.96,37.5,,982100.0
2006-03-02,37.36,37.58,37.12,37.27,,1094700.0
2006-03-03,37.13,37.94,36.98,37.4,,1056600.0
2006-03-06,37.31,37.55,36.85,36.91,,855500.0
2006-03-07,36.9,37.31,36.63,37.08,,769200.0
2006-03-08,36.91,37.23,36.55,37.17,,709500.0
2006-03-09,37.15,37.23,36.67,36.79,,1019600.0
2006-03-10,36.77,37.56,36.67,37.51,,973700.0
2006-03-13,38.86,39.1,37.56,38.94,,2148900.0
2006-03-14,39.26,39.8,38.89,39.6,,2026300.0
2006-03-15,39.62,39.93,39.27,39.89,,1545400.0
2006-03-16,40.35,40.42,39.54,39.6,,1376300.0
2006-03-17,39.91,39.92,39.35,39.86,,1406800.0
2006-03-20,39.83,39.86,39.29,39.39,,923600.0
2006-03-21,39.23,39.58,38.89,39.19,,1392100.0
2006-03-22,39.28,39.74,39.1,39.61,,734300.0
2006-03-23,39.61,39.68,38.29,38.53,,2055900.0
2006-03-24,38.61,38.67,38.17,38.41,,942800.0
2006-03-27,37.19,37.84,36.1,36.25,,4327200.0
2006-03-28,36.25,36.51,35.82,35.94,,2487800.0
2006-03-29,36.13,36.61,36.04,36.47,,2977800.0
2006-03-30,36.33,36.63,36.11,36.31,,1251900.0
2006-03-31,36.32,36.41,35.83,35.89,,1174500.0
2006-04-03,36.09,36.18,35.66,35.82,,1551200.0
2006-04-04,35.72,36.5,35.57,36.14,,1901500.0
2006-04-05,36.06,36.34,35.63,35.78,,2118400.0
2006-04-06,35.78,35.8,35.05,35.44,,2586700.0
2006-04-07,35.36,35.74,34.81,34.9,,1102500.0
2006-04-10,34.81,35.26,34.64,35.12,,1197900.0
2006-04-11,35.21,35.23,34.61,34.85,,1501700.0
2006-04-12,34.87,35.06,34.57,34.78,,1263800.0
2006-04-13,35.62,35.66,34.6,34.66,,1956300.0
2006-04-17,34.68,34.94,34.13,34.56,,1260000.0
2006-04-18,34.8,35.56,34.51,35.28,,2034800.0
2006-04-19,35.28,35.53,34.9,35.46,,1454000.0
2006-04-20,35.62,35.74,35.01,35.62,,2051400.0
2006-04-21,38.46,38.65,36.7,36.89,,5263100.0
2006-04-24,36.89,37.07,36.48,36.93,,1965100.0
2006-04-25,36.83,36.93,36.1,36.21,,1657900.0
2006-04-26,36.26,36.67,36.14,36.21,,905800.0
2006-04-27,35.87,36.3,35.53,35.74,,1531400.0
2006-04-28,35.82,35.94,35.36,35.41,,1846600.0
2006-05-01,35.62,36.03,34.96,35.53,,2190600.0
2006-05-02,35.59,35.61,34.66,34.9,,1370100.0
2006-05-03,34.77,35.04,34.51,34.98,,1416600.0
2006-05-04,34.93,35.14,34.6,34.94,,1969600.0
2006-05-05,35.41,35.79,35.0,35.62,,2655900.0
2006-05-08,35.54,35.76,35.36,35.48,,1079700.0
2006-05-09,35.37,35.92,35.37,35.66,,1490300.0
2006-05-10,35.94,36.12,35.47,35.61,,1216500.0
2006-05-11,35.41,35.48,34.94,34.94,,1337700.0
2006-05-12,34.89,35.15,34.68,34.81,,1107300.0
2006-05-15,34.52,35.26,34.34,35.14,,1037000.0
2006-05-16,35.1,35.38,34.94,35.31,,1225300.0
2006-05-17,35.21,35.74,35.09,35.63,,2288600.0
2006-05-18,35.63,36.2,35.57,35.84,,2583100.0
2006-05-19,36.02,36.07,35.23,35.74,,1934900.0
2006-05-22,35.29,36.58,35.25,36.42,,2390700.0
2006-05-23,36.42,36.44,35.67,35.88,,1731400.0
2006-05-24,35.68,35.93,35.14,35.79,,1385700.0
2006-05-25,35.95,36.3,35.72,36.3,,1564400.0
2006-05-26,36.14,36.31,35.92,36.17,,886100.0
2006-05-30,35.9,36.04,35.4,35.53,,1105000.0
2006-05-31,35.62,35.76,35.33,35.53,,1962800.0
2006-06-01,35.64,35.96,35.53,35.87,,1420900.0
2006-06-02,35.94,36.18,35.69,36.14,,853400.0
2006-06-05,36.1,36.13,35.28,35.3,,1095100.0
2006-06-06,35.28,35.49,34.94,35.35,,1157100.0
2006-06-07,35.41,35.9,35.28,35.57,,961800.0
2006-06-08,35.78,35.81,35.19,35.79,,1183500.0
2006-06-09,35.79,35.87,35.35,35.67,,784000.0
2006-06-12,35.51,35.74,35.25,35.32,,668000.0
2006-06-13,35.2,35.85,35.05,35.32,,1878200.0
2006-06-14,35.17,35.95,35.15,35.87,,1361900.0
2006-06-15,35.9,37.01,35.86,36.87,,1854200.0
2006-06-16,36.67,36.91,36.27,36.47,,1758100.0
2006-06-19,36.83,36.83,36.07,36.28,,1453000.0
2006-06-20,36.18,36.27,35.89,36.06,,949500.0
2006-06-21,36.02,36.38,35.88,36.28,,762000.0
2006-06-22,36.28,36.41,36.09,36.32,,847100.0
2006-06-23,36.12,36.67,35.87,36.33,,736400.0
2006-06-26,35.29,35.29,33.9,34.16,,4721600.0
2006-06-27,33.92,33.99,33.0,33.09,,2777500.0
2006-06-28,33.83,34.13,33.49,34.09,,2142300.0
2006-06-29,34.3,34.66,33.99,34.49,,1689400.0
2006-06-30,34.56,34.76,33.95,34.09,,1423800.0
2006-07-03,34.28,34.65,34.22,34.51,,634300.0
2006-07-05,34.51,34.56,34.2,34.36,,1321600.0
2006-07-06,34.4,34.96,34.2,34.83,,1008100.0
2006-07-07,34.81,35.23,34.56,34.93,,2133200.0
2006-07-10,34.93,35.15,34.89,35.06,,1764000.0
2006-07-11,35.01,35.19,34.68,35.06,,1039900.0
2006-07-12,35.09,35.28,34.99,34.99,,1433100.0
2006-07-13,34.84,34.99,34.65,34.75,,1254000.0
2006-07-14,34.6,34.8,34.04,34.5,,1710200.0
2006-07-17,34.36,35.24,34.36,34.91,,1299800.0
2006-07-18,35.05,35.19,34.81,35.07,,1922800.0
2006-07-19,35.23,36.01,34.9,35.82,,1884800.0
2006-07-20,35.74,35.8,34.81,34.97,,1606300.0
2006-07-21,34.97,36.01,32.19,35.72,,3212500.0
2006-07-24,35.86,36.59,35.7,36.43,,1720600.0
2006-07-25,36.26,36.89,36.08,36.59,,1439700.0
2006-07-26,36.38,36.87,36.3,36.58,,1401600.0
2006-07-27,36.51,36.82,36.05,36.27,,1054300.0
2006-07-28,36.46,37.39,36.42,37.32,,1312600.0
2006-07-31,37.19,37.21,36.79,36.84,,918000.0
2006-08-01,36.66,37.18,36.31,37.03,,850000.0
2006-08-02,38.04,38.41,37.49,37.82,,1831100.0
2006-08-03,37.23,37.74,36.98,37.48,,1231100.0
2006-08-04,37.64,37.89,37.3,37.46,,701900.0
2006-08-07,37.3,37.46,37.02,37.38,,577100.0
2006-08-08,37.4,38.75,37.29,38.08,,2193100.0
2006-08-09,38.11,38.55,38.04,38.18,,1439300.0
2006-08-10,38.29,38.49,38.0,38.1,,1496300.0
2006-08-11,37.97,38.15,37.57,37.7,,701100.0
2006-08-14,37.74,38.21,37.58,37.62,,840300.0
2006-08-15,37.82,38.02,37.55,37.89,,732400.0
2006-08-16,38.0,38.28,37.79,38.21,,620500.0
2006-08-17,38.0,38.91,37.83,38.56,,1030500.0
2006-08-18,38.56,38.56,37.88,38.35,,721800.0
2006-08-21,38.15,38.74,38.09,38.59,,755800.0
2006-08-22,38.53,38.53,38.14,38.44,,638500.0
2006-08-23,38.41,38.41,37.23,37.27,,1995600.0
2006-08-24,37.44,38.09,37.44,37.86,,1205900.0
2006-08-25,37.92,38.55,37.79,38.53,,1183700.0
2006-08-28,38.53,39.33,38.36,39.08,,2075400.0
2006-08-29,39.01,39.32,38.86,39.07,,1006900.0
2006-08-30,39.14,39.14,38.72,38.93,,1314700.0
2006-08-31,38.77,38.88,38.6,38.88,,696000.0
2006-09-01,38.95,39.08,38.69,38.89,,777800.0
2006-09-05,38.93,38.97,38.64,38.71,,584200.0
2006-09-06,38.61,39.04,38.42,38.72,,780700.0
2006-09-07,38.81,39.01,38.69,38.88,,680700.0
2006-09-08,38.87,39.62,38.66,39.52,,1189300.0
2006-09-11,39.57,40.02,39.39,39.97,,914600.0
2006-09-12,40.07,40.42,39.8,40.39,,1121800.0
2006-09-13,40.27,40.59,39.69,40.33,,1500600.0
2006-09-14,40.3,40.67,40.03,40.67,,1439500.0
2006-09-15,40.87,41.28,40.62,41.22,,2523100.0
2006-09-18,41.22,41.28,40.92,41.04,,1024400.0
2006-09-19,41.12,41.2,40.79,40.97,,827800.0
2006-09-20,40.84,41.09,40.43,40.98,,1250400.0
2006-09-21,41.04,41.18,40.46,40.76,,916200.0
2006-09-22,40.76,40.76,40.23,40.57,,818300.0
2006-09-25,40.77,40.81,40.08,40.52,,1089100.0
2006-09-26,40.62,41.08,40.33,40.44,,1577700.0
2006-09-27,40.44,40.55,39.96,40.5,,1312500.0
2006-09-28,40.43,40.51,39.84,40.16,,1191500.0
2006-09-29,39.99,40.47,39.9,40.14,,1131200.0
2006-10-02,40.27,40.3,39.56,39.78,,840400.0
2006-10-03,39.79,40.22,39.52,40.08,,1264400.0
2006-10-04,40.08,40.88,39.83,40.61,,1127600.0
2006-10-05,41.08,41.56,40.92,41.48,,1702600.0
2006-10-06,41.41,41.46,40.94,41.05,,1243000.0
2006-10-09,41.08,41.42,40.93,41.19,,514900.0
2006-10-10,41.4,41.4,40.8,41.08,,708000.0
2006-10-11,41.04,41.61,40.8,41.02,,1128000.0
2006-10-12,41.2,41.6,41.09,41.52,,894800.0
2006-10-13,41.48,41.48,40.72,40.8,,1114500.0
2006-10-16,40.67,41.16,40.58,40.69,,935100.0
2006-10-17,40.65,40.67,39.66,40.32,,1774900.0
2006-10-18,41.48,42.78,41.44,42.68,,3749100.0
2006-10-19,42.4,42.82,42.04,42.44,,1731700.0
2006-10-20,42.44,42.84,42.14,42.68,,1413900.0
2006-10-23,42.45,43.71,42.25,43.48,,2368100.0
2006-10-24,43.53,43.99,43.04,43.64,,1629500.0
2006-10-25,43.64,43.79,43.1,43.47,,1493400.0
2006-10-26,43.06,43.17,42.61,42.99,,2475000.0
2006-10-27,42.82,43.0,42.42,42.62,,1016300.0
2006-10-30,42.76,43.01,42.26,42.36,,1232600.0
2006-10-31,42.41,42.54,41.73,42.33,,1876700.0
2006-11-01,42.25,42.7,41.82,41.97,,1433000.0
2006-11-02,41.93,42.2,41.6,42.05,,1368100.0
2006-11-03,42.13,42.24,41.52,41.64,,786300.0
2006-11-06,41.84,42.62,41.84,42.51,,966500.0
2006-11-07,42.51,42.6,42.25,42.43,,1142600.0
2006-11-08,42.13,42.17,41.68,42.01,,977100.0
2006-11-09,42.01,42.01,40.84,40.99,,1651400.0
2006-11-10,40.81,41.38,40.59,41.31,,953200.0
2006-11-13,41.2,41.55,40.96,41.25,,878300.0
2006-11-14,41.25,41.65,41.09,41.56,,1013700.0
2006-11-15,42.41,42.81,41.99,42.16,,1705000.0
2006-11-16,42.5,42.5,42.03,42.31,,1112800.0
2006-11-17,42.21,42.33,41.9,42.27,,1035600.0
2006-11-20,41.89,42.12,41.48,41.49,,1103500.0
2006-11-21,41.47,42.09,41.44,41.91,,1470500.0
2006-11-22,42.04,42.5,41.85,42.35,,1019300.0
2006-11-24,42.25,42.9,41.89,42.25,,368400.0
2006-11-27,42.25,42.25,41.88,42.09,,1354900.0
2006-11-28,42.01,42.17,41.44,41.7,,1143500.0
2006-11-29,41.69,42.06,41.63,42.05,,1023200.0
2006-11-30,42.17,42.25,41.7,41.98,,1111000.0
2006-12-01,42.29,42.71,42.01,42.44,,1371800.0
2006-12-04,42.6,43.34,42.6,43.24,,1298500.0
2006-12-05,43.43,43.68,42.9,43.68,,920000.0
2006-12-06,43.47,43.86,43.13,43.59,,1158700.0
2006-12-07,43.55,43.82,43.02,43.17,,1351900.0
2006-12-08,43.22,43.64,42.9,43.39,,870500.0
2006-12-11,43.83,44.01,43.57,43.97,,1280700.0
2006-12-12,43.87,44.96,43.72,44.58,,2408500.0
2006-12-13,44.92,44.92,44.61,44.88,,2077000.0
2006-12-14,44.72,45.26,44.46,44.61,,2554400.0
2006-12-15,44.59,44.67,44.34,44.41,,1513600.0
2006-12-18,44.52,45.0,44.42,44.62,,1177600.0
2006-12-19,44.51,44.88,44.42,44.79,,1126700.0
2006-12-20,44.78,44.95,44.53,44.88,,639100.0
2006-12-21,44.88,44.94,44.43,44.68,,700400.0
2006-12-22,44.57,44.67,44.21,44.38,,1069600.0
2006-12-26,44.33,44.71,44.23,44.45,,432000.0
2006-12-27,44.87,45.09,44.77,44.96,,602700.0
2006-12-28,45.05,45.14,44.78,45.06,,601600.0
2006-12-29,44.9,44.96,44.61,44.79,,811300.0
2007-01-03,45.14,45.3,44.61,44.79,,833700.0
2007-01-04,44.7,45.26,44.7,45.18,,846400.0
2007-01-05,45.18,45.45,44.96,45.37,,1794200.0
2007-01-08,45.96,46.14,45.39,45.58,,1754600.0
2007-01-09,45.78,46.29,45.68,46.22,,1634200.0
2007-01-10,45.97,46.84,45.75,46.84,,1992000.0
2007-01-11,46.84,47.96,46.83,47.91,,3164000.0
2007-01-12,47.95,48.22,47.48,47.76,,3848200.0
2007-01-16,47.55,47.95,47.54,47.76,,2072000.0
2007-01-17,47.82,47.91,47.51,47.53,,1926500.0
2007-01-18,47.73,48.09,47.48,47.95,,2215200.0
2007-01-19,47.78,47.95,47.15,47.91,,1920900.0
2007-01-22,47.95,47.95,47.33,47.33,,1253600.0
2007-01-23,47.22,47.44,46.86,47.38,,1327100.0
2007-01-24,47.17,47.83,47.01,47.77,,1173700.0
2007-01-25,47.64,48.04,47.23,47.82,,1662300.0
2007-01-26,48.27,49.53,48.0,49.42,,3263100.0
2007-01-29,49.43,50.52,49.34,50.21,,3242100.0
2007-01-30,49.58,50.63,49.57,50.27,,2030500.0
2007-01-31,50.34,50.69,49.85,50.34,,1597400.0
2007-02-01,51.6,51.6,50.25,50.76,,1708100.0
2007-02-02,50.92,51.09,50.51,50.72,,1104500.0
2007-02-05,50.56,50.91,50.43,50.7,,877900.0
2007-02-06,50.78,50.82,50.34,50.34,,1226200.0
2007-02-07,50.51,50.73,50.14,50.71,,1885400.0
2007-02-08,50.71,51.17,50.16,50.8,,1360100.0
2007-02-09,50.66,51.04,50.17,50.47,,1052100.0
2007-02-12,50.56,50.79,50.3,50.34,,824900.0
2007-02-13,50.38,50.99,50.3,50.91,,1062300.0
2007-02-14,50.8,50.95,49.83,50.24,,1759200.0
2007-02-15,50.22,50.6,50.21,50.49,,1149800.0
2007-02-16,50.85,50.85,50.08,50.43,,1143400.0
2007-02-20,50.51,50.92,49.99,50.61,,1484200.0
2007-02-21,50.44,50.78,50.28,50.59,,1816700.0
2007-02-22,50.47,52.23,49.94,51.56,,4443600.0
2007-02-23,51.93,52.21,51.6,52.12,,2451500.0
2007-02-26,51.4,51.7,50.57,50.63,,2238500.0
2007-02-27,50.14,50.68,48.3,49.18,,2388200.0
2007-02-28,48.96,50.61,48.76,50.4,,2875200.0
2007-03-01,48.35,50.38,47.95,49.87,,2919500.0
2007-03-02,49.8,50.1,49.3,49.57,,1679600.0
2007-03-05,48.92,49.91,47.17,49.48,,2091900.0
2007-03-06,49.64,50.24,49.19,50.1,,1279300.0
2007-03-07,50.13,50.51,49.84,50.31,,1189500.0
2007-03-08,50.79,51.21,50.47,50.95,,1594900.0
2007-03-09,51.4,51.47,50.69,51.26,,1292300.0
2007-03-12,51.34,52.16,51.04,52.03,,1377400.0
2007-03-13,51.83,52.29,51.6,51.75,,2009100.0
2007-03-14,51.8,52.42,51.6,52.29,,1662700.0
2007-03-15,52.38,52.72,52.04,52.51,,1301800.0
2007-03-16,52.73,53.21,52.41,53.0,,2180400.0
2007-03-19,53.39,53.47,53.07,53.27,,1084300.0
2007-03-20,53.07,54.29,53.03,54.2,,1538400.0
2007-03-21,54.45,54.56,53.33,54.13,,1771900.0
2007-03-22,54.2,54.33,53.43,53.59,,2511000.0
2007-03-23,53.62,53.7,52.94,53.03,,2738400.0
2007-03-26,52.9,53.36,52.47,53.3,,1498100.0
2007-03-27,53.19,53.46,52.82,53.25,,866600.0
2007-03-28,53.03,53.63,52.84,53.38,,791700.0
2007-03-29,53.63,53.78,53.03,53.48,,1023000.0
2007-03-30,53.72,54.05,53.21,53.9,,1288100.0
2007-04-02,53.98,54.65,53.84,54.63,,1065100.0
2007-04-03,54.94,55.11,54.59,54.97,,1383300.0
2007-04-04,55.02,55.24,54.41,54.99,,1018400.0
2007-04-05,54.85,55.49,54.55,55.49,,1129200.0
2007-04-09,55.3,56.07,55.3,55.66,,1156000.0
2007-04-10,55.67,55.92,54.95,55.15,,1383400.0
2007-04-11,55.22,55.34,54.46,55.0,,1414700.0
2007-04-12,55.02,55.39,54.91,55.19,,1022000.0
2007-04-13,55.16,55.38,54.59,55.23,,922600.0
2007-04-16,55.37,56.04,55.26,56.04,,1183600.0
2007-04-17,56.11,57.1,56.02,56.93,,1998200.0
2007-04-18,56.93,56.93,56.02,56.15,,1734300.0
2007-04-19,55.26,55.83,51.2,53.64,,6711600.0
2007-04-20,54.41,54.68,53.04,54.3,,2499400.0
2007-04-23,54.16,54.53,53.95,54.31,,1656600.0
2007-04-24,54.45,54.52,53.78,54.25,,2174700.0
2007-04-25,54.24,54.39,53.81,54.22,,1425400.0
2007-04-26,54.13,54.19,53.52,53.7,,1447700.0
2007-04-27,53.45,53.86,53.16,53.16,,1172800.0
2007-04-30,53.34,53.34,52.42,52.77,,1836700.0
2007-05-01,53.04,53.31,52.52,53.01,,2376600.0
2007-05-02,53.07,53.19,52.7,52.94,,1139500.0
2007-05-03,53.19,53.2,52.6,52.9,,1382100.0
2007-05-04,53.28,53.85,52.96,53.52,,1070700.0
2007-05-07,53.68,53.91,53.35,53.6,,844400.0
2007-05-08,53.35,53.58,52.81,53.32,,1046000.0
2007-05-09,53.1,53.48,52.77,53.15,,1213500.0
2007-05-10,52.85,53.07,52.26,52.45,,1263300.0
2007-05-11,52.72,52.72,52.12,52.45,,1131400.0
2007-05-14,52.25,52.71,51.81,52.34,,1227100.0
2007-05-15,52.21,52.88,52.13,52.37,,1117900.0
2007-05-16,52.42,54.03,52.33,54.01,,2258400.0
2007-05-17,54.09,54.62,53.9,54.37,,1724500.0
2007-05-18,54.46,54.84,54.07,54.74,,1344000.0
2007-05-21,55.12,55.2,54.4,54.58,,1341600.0
2007-05-22,54.69,55.04,54.37,54.75,,842900.0
2007-05-23,55.07,55.49,54.63,54.71,,687500.0
2007-05-24,54.72,55.18,54.29,54.37,,804500.0
2007-05-25,54.44,54.6,54.04,54.42,,661100.0
2007-05-29,54.45,54.5,53.86,54.13,,940900.0
2007-05-30,53.95,54.46,53.7,54.46,,810100.0
2007-05-31,54.48,54.87,54.37,54.7,,1069700.0
2007-06-01,54.59,54.94,54.33,54.56,,921500.0
2007-06-04,54.4,55.14,54.4,54.99,,1026100.0
2007-06-05,54.95,54.95,54.4,54.69,,1179400.0
2007-06-06,54.37,54.61,53.72,54.11,,1430900.0
2007-06-07,53.85,54.01,52.75,52.85,,1365200.0
2007-06-08,52.78,53.21,52.44,53.04,,1004800.0
2007-06-11,53.04,53.59,52.86,53.14,,926700.0
2007-06-12,52.94,53.06,52.07,52.12,,1187200.0
2007-06-13,52.11,52.81,51.64,52.76,,1009800.0
2007-06-14,52.76,53.23,52.74,52.74,,712200.0
2007-06-15,53.11,54.04,53.02,53.93,,1510500.0
2007-06-18,53.72,54.47,53.47,54.02,,925300.0
2007-06-19,53.92,54.5,53.52,53.86,,1226100.0
2007-06-20,54.03,54.13,53.1,53.11,,1093300.0
2007-06-21,53.0,53.35,52.79,52.92,,906200.0
2007-06-22,52.78,52.87,51.26,51.63,,2571500.0
2007-06-25,51.36,52.15,51.16,51.33,,1295100.0
2007-06-26,51.47,52.23,51.35,51.99,,1204500.0
2007-06-27,51.78,52.33,51.64,52.31,,1031000.0
2007-06-28,49.64,52.26,49.46,51.81,,2381800.0
2007-06-29,52.03,52.04,51.02,51.27,,1420300.0
2007-07-02,51.24,51.6,51.12,51.57,,1283000.0
2007-07-03,51.77,51.99,51.56,51.97,,537300.0
2007-07-05,51.24,51.96,51.15,51.81,,1280200.0
2007-07-06,51.9,53.22,51.82,53.07,,1689800.0
2007-07-09,52.9,53.14,52.49,53.03,,920700.0
2007-07-10,52.5,52.85,52.01,52.07,,1654800.0
2007-07-11,52.07,52.99,52.07,52.99,,1138600.0
2007-07-12,53.14,54.1,52.81,54.1,,1330400.0
2007-07-13,53.91,54.23,53.19,54.12,,1165200.0
2007-07-16,54.33,55.14,54.24,54.85,,1142400.0
2007-07-17,54.72,55.99,54.45,54.88,,1653200.0
2007-07-18,54.96,55.07,54.28,54.71,,1653200.0
2007-07-19,54.71,55.17,54.53,54.93,,1182500.0
2007-07-20,54.85,55.63,54.14,54.58,,2374500.0
2007-07-23,54.7,55.39,54.37,54.42,,1598900.0
2007-07-24,54.5,54.85,53.94,54.05,,1234400.0
2007-07-25,54.1,54.16,53.11,53.65,,1353600.0
2007-07-26,53.21,53.22,51.61,52.3,,2857100.0
2007-07-27,52.39,52.41,51.06,51.2,,3371400.0
2007-07-30,51.03,52.21,50.26,52.21,,2081000.0
2007-07-31,52.08,52.2,50.73,50.73,,2205600.0
2007-08-01,50.9,51.57,50.56,51.31,,2124400.0
2007-08-02,51.27,51.94,50.95,51.75,,2259000.0
2007-08-03,51.68,51.98,50.73,50.73,,1907900.0
2007-08-06,51.12,53.23,51.08,52.94,,2207700.0
2007-08-07,52.46,54.63,52.3,54.14,,2003500.0
2007-08-08,53.64,55.99,53.59,55.99,,1893900.0
2007-08-09,55.98,56.98,54.9,54.9,,2961300.0
2007-08-10,55.05,55.77,53.51,53.7,,1543700.0
2007-08-13,53.77,53.94,52.43,53.11,,1302800.0
2007-08-14,53.15,53.43,52.12,52.12,,1238100.0
2007-08-15,52.12,53.01,52.07,52.34,,1124100.0
2007-08-16,51.91,52.95,51.61,52.75,,2293100.0
2007-08-17,53.64,54.72,52.42,54.67,,2061000.0
2007-08-20,54.79,55.14,53.98,54.33,,848300.0
2007-08-21,54.07,54.34,53.23,53.9,,731300.0
2007-08-22,54.38,54.72,53.94,54.68,,824100.0
2007-08-23,55.24,55.24,54.06,54.41,,585100.0
2007-08-24,54.49,54.72,54.24,54.6,,687500.0
2007-08-27,54.57,55.14,54.52,54.52,,645900.0
2007-08-28,54.33,54.75,53.38,53.43,,1104200.0
2007-08-29,53.77,54.29,53.3,54.24,,632500.0
2007-08-30,53.71,54.61,53.53,54.15,,671200.0
2007-08-31,54.67,54.85,53.98,54.29,,739200.0
2007-09-04,54.27,54.84,54.04,54.62,,790500.0
2007-09-05,54.36,54.45,53.95,54.15,,750000.0
2007-09-06,53.91,55.43,53.91,55.41,,989400.0
2007-09-07,54.95,55.59,54.58,54.68,,1398300.0
2007-09-10,55.02,55.21,54.35,54.89,,655700.0
2007-09-11,55.21,56.06,55.18,56.02,,935800.0
2007-09-12,55.76,56.45,55.76,55.97,,822500.0
2007-09-13,56.42,56.7,56.18,56.44,,639400.0
2007-09-14,56.21,57.28,56.19,56.96,,956300.0
2007-09-17,56.63,56.68,54.37,54.61,,3164400.0
2007-09-18,54.98,55.56,54.12,55.41,,1803400.0
2007-09-19,55.61,55.96,55.1,55.81,,1989400.0
2007-09-20,55.59,56.09,55.34,55.46,,1523700.0
2007-09-21,55.46,55.98,55.0,55.27,,7678600.0
2007-09-24,55.27,55.33,54.44,54.68,,1732200.0
2007-09-25,54.46,55.35,54.46,54.99,,959700.0
2007-09-26,55.15,55.38,54.91,55.18,,879300.0
2007-09-27,55.31,56.4,55.11,55.98,,1340400.0
2007-09-28,55.83,56.11,55.68,55.88,,995300.0
2007-10-01,56.28,56.99,56.02,56.99,,982000.0
2007-10-02,56.87,57.94,56.61,57.32,,1893500.0
2007-10-03,57.24,58.42,57.06,58.34,,1560200.0
2007-10-04,58.45,59.17,58.13,59.0,,1488600.0
2007-10-05,59.32,59.71,58.93,59.44,,1833500.0
2007-10-08,59.39,59.65,58.8,58.9,,657600.0
2007-10-09,59.23,59.71,59.06,59.71,,660100.0
2007-10-10,59.7,59.84,59.24,59.59,,1257700.0
2007-10-11,60.58,60.68,59.36,59.43,,1297000.0
2007-10-12,59.57,60.19,59.24,60.07,,1380700.0
2007-10-15,59.82,60.54,58.64,59.16,,1182200.0
2007-10-16,58.74,59.1,58.34,58.73,,846100.0
2007-10-17,59.25,59.71,58.36,58.67,,1277500.0
2007-10-18,58.98,60.54,58.9,60.54,,1605300.0
2007-10-19,60.22,60.36,58.41,58.41,,1443600.0
2007-10-22,58.21,58.21,57.45,57.75,,1225600.0
2007-10-23,58.1,58.51,57.91,58.17,,975500.0
2007-10-24,57.8,58.29,57.25,58.11,,971100.0
2007-10-25,57.15,57.71,56.19,57.38,,2934100.0
2007-10-26,58.02,58.07,57.52,57.66,,1156300.0
2007-10-29,58.1,58.52,57.72,57.92,,862500.0
2007-10-30,57.8,58.22,57.5,57.63,,717300.0
2007-10-31,57.68,58.03,57.15,57.7,,1273100.0
2007-11-01,57.71,57.71,56.47,56.54,,1278300.0
2007-11-02,59.27,59.27,56.03,56.5,,1133200.0
2007-11-05,55.98,56.9,55.98,56.68,,997200.0
2007-11-06,56.63,56.97,56.21,56.89,,938000.0
2007-11-07,56.07,56.36,54.94,54.98,,1475900.0
2007-11-08,55.02,55.87,55.02,55.83,,1748000.0
2007-11-09,55.2,57.32,55.2,56.92,,1616200.0
2007-11-12,56.89,57.26,56.54,56.93,,1580300.0
2007-11-13,57.52,57.66,56.34,57.59,,1429800.0
2007-11-14,57.7,58.1,57.47,57.52,,1289100.0
2007-11-15,57.25,58.26,57.25,57.55,,1080900.0
2007-11-16,57.96,58.15,56.58,56.78,,1999900.0
2007-11-19,56.31,57.29,56.31,57.02,,1029300.0
2007-11-20,57.22,59.04,57.19,58.41,,2161900.0
2007-11-21,57.81,58.55,57.07,57.11,,1460300.0
2007-11-23,57.37,57.59,56.91,57.41,,464800.0
2007-11-26,57.52,57.87,56.5,56.5,,850000.0
2007-11-27,56.84,58.18,56.84,58.11,,1242800.0
2007-11-28,58.32,59.27,57.74,59.15,,1089500.0
2007-11-29,58.84,59.08,58.31,58.7,,679300.0
2007-11-30,59.32,59.51,58.71,59.02,,1201000.0
2007-12-03,58.54,59.39,58.54,58.97,,913500.0
2007-12-04,58.73,59.73,58.27,59.24,,965000.0
2007-12-05,59.82,60.32,59.5,60.19,,1145900.0
2007-12-06,60.16,60.95,59.84,60.95,,1019000.0
2007-12-07,60.94,60.97,60.48,60.68,,1048500.0
2007-12-10,60.83,61.78,60.73,61.34,,884300.0
2007-12-11,61.05,61.42,60.01,60.06,,867800.0
2007-12-12,61.29,61.36,60.09,60.71,,1263000.0
2007-12-13,60.53,60.97,60.18,60.92,,783700.0
2007-12-14,60.84,61.11,60.31,60.36,,804800.0
2007-12-17,60.23,60.6,58.92,59.68,,1874100.0
2007-12-18,59.99,60.5,59.34,60.2,,1192800.0
2007-12-19,60.14,60.99,60.1,60.83,,808900.0
2007-12-20,60.88,61.43,60.72,61.16,,1017500.0
2007-12-21,61.69,62.41,61.03,61.93,,1622700.0
2007-12-24,62.48,62.48,61.6,61.89,,635200.0
2007-12-26,61.77,62.37,61.77,62.15,,795200.0
2007-12-27,62.32,62.56,61.5,61.5,,632700.0
2007-12-28,61.69,62.27,61.42,61.81,,650100.0
2007-12-31,61.73,61.81,60.89,60.99,,746200.0
2008-01-02,60.83,61.07,59.79,60.07,,1001600.0
2008-01-03,60.21,61.17,60.08,60.26,,1061600.0
2008-01-04,59.81,59.9,58.98,58.98,,1218000.0
2008-01-07,59.25,59.76,59.04,59.35,,1901000.0
2008-01-08,59.58,60.07,58.87,59.09,,1663700.0
2008-01-09,58.96,59.31,57.59,57.91,,2837500.0
2008-01-10,57.55,57.59,56.11,56.84,,3144000.0
2008-01-11,56.26,59.15,56.26,58.85,,3887100.0
2008-01-14,59.44,59.5,58.52,59.14,,1795600.0
2008-01-15,58.37,59.31,57.38,58.04,,3054100.0
2008-01-16,57.67,57.67,56.24,56.93,,4420300.0
2008-01-17,57.65,57.68,55.95,56.01,,3936200.0
2008-01-18,55.99,56.32,53.32,53.76,,4756500.0
2008-01-22,51.18,53.76,48.04,52.85,,3952700.0
2008-01-23,52.38,54.61,51.5,54.43,,3548200.0
2008-01-24,56.11,58.16,55.31,55.79,,3723000.0
2008-01-25,56.32,56.42,54.12,54.21,,1979300.0
2008-01-28,54.06,54.55,53.58,54.17,,1530200.0
2008-01-29,55.49,55.88,54.61,55.05,,1924800.0
2008-01-30,54.92,55.27,54.35,54.42,,1751400.0
2008-01-31,53.98,54.87,53.26,54.66,,1753200.0
2008-02-01,54.78,55.5,54.33,55.4,,1547600.0
2008-02-04,55.42,55.72,55.04,55.16,,959300.0
2008-02-05,54.38,54.88,53.73,53.8,,1197100.0
2008-02-06,54.06,54.34,53.51,54.05,,1305000.0
2008-02-07,54.02,55.62,53.87,55.62,,2194100.0
2008-02-08,55.43,55.89,54.88,55.46,,1747900.0
2008-02-11,55.5,55.61,55.01,55.34,,1793800.0
2008-02-12,55.57,56.52,55.3,56.38,,1391600.0
2008-02-13,56.7,57.33,56.43,57.18,,1589600.0
2008-02-14,57.31,57.59,56.1,56.18,,1683000.0
2008-02-15,56.1,56.1,55.01,55.76,,1418600.0
2008-02-19,56.29,56.66,55.69,55.94,,1096300.0
2008-02-20,55.64,55.76,54.25,54.97,,1709300.0
2008-02-21,55.05,55.56,54.22,54.43,,1402500.0
2008-02-22,54.95,55.12,53.66,54.54,,1348700.0
2008-02-25,54.28,55.46,54.28,55.34,,1263100.0
2008-02-26,54.97,55.45,54.69,55.17,,919600.0
2008-02-27,54.74,55.0,54.09,54.15,,1448700.0
2008-02-28,54.08,54.42,53.49,53.9,,943700.0
2008-02-29,53.86,53.86,52.69,53.14,,1917900.0
2008-03-03,52.97,53.3,52.65,53.3,,1190000.0
2008-03-04,52.92,53.74,52.72,53.62,,1224300.0
2008-03-05,53.79,54.41,53.3,53.65,,1324800.0
2008-03-06,53.36,53.46,52.65,52.66,,984300.0
2008-03-07,52.38,52.48,51.12,51.19,,2202100.0
2008-03-10,51.14,51.32,48.65,48.76,,4359900.0
2008-03-11,49.75,50.92,48.56,49.96,,2824800.0
2008-03-12,50.08,50.9,49.65,49.9,,2573000.0
2008-03-13,49.31,49.31,47.71,49.0,,2366700.0
2008-03-14,49.26,50.16,48.95,49.61,,2640100.0
2008-03-17,48.97,49.8,47.75,49.35,,2934600.0
2008-03-18,49.38,51.26,49.1,51.24,,3872000.0
2008-03-19,51.85,52.78,50.65,50.65,,2908800.0
2008-03-20,51.14,52.41,50.65,52.41,,2867100.0
2008-03-24,52.94,53.05,52.36,52.93,,1160300.0
2008-03-25,53.05,53.8,52.9,53.46,,1286600.0
2008-03-26,53.29,53.48,51.97,52.34,,1692600.0
2008-03-27,52.44,53.65,51.34,53.24,,1865600.0
2008-03-28,53.2,54.12,52.71,52.85,,1344800.0
2008-03-31,52.93,53.32,52.47,53.09,,880400.0
2008-04-01,53.18,54.78,53.17,54.78,,1680600.0
2008-04-02,54.66,55.09,54.13,54.36,,1787000.0
2008-04-03,54.11,54.7,53.1,53.57,,1652600.0
2008-04-04,53.76,54.01,53.49,53.78,,2039800.0
2008-04-07,54.07,55.1,53.49,53.75,,1839000.0
2008-04-08,53.48,54.04,53.46,53.91,,1217500.0
2008-04-09,54.05,54.26,53.54,53.78,,1134400.0
2008-04-10,53.68,53.85,53.23,53.49,,2323500.0
2008-04-11,53.33,53.38,52.2,52.29,,1646600.0
2008-04-14,52.26,52.39,51.73,51.85,,1723900.0
2008-04-15,52.07,52.17,51.01,51.23,,1517500.0
2008-04-16,51.89,51.89,51.0,51.76,,2122800.0
2008-04-17,51.72,52.63,51.27,52.2,,1828400.0
2008-04-18,53.7,54.25,52.93,53.3,,3018600.0
2008-04-21,52.91,54.31,52.91,53.08,,1492800.0
2008-04-22,52.5,52.65,51.67,52.12,,1416100.0
2008-04-23,52.22,53.26,52.04,52.94,,1315100.0
2008-04-24,52.83,52.83,51.94,52.26,,1399700.0
2008-04-25,52.41,53.01,52.4,52.58,,1648900.0
2008-04-28,52.42,52.82,52.37,52.48,,1688600.0
2008-04-29,52.4,53.79,52.32,53.43,,1308900.0
2008-04-30,53.54,53.86,52.74,52.92,,1260100.0
2008-05-01,52.15,53.66,52.14,53.61,,1035100.0
2008-05-02,53.59,53.91,51.07,51.96,,3660900.0
2008-05-05,51.84,51.99,50.01,50.71,,3239300.0
2008-05-06,50.69,51.18,49.97,51.09,,1821300.0
2008-05-07,51.28,51.48,50.68,50.69,,1231800.0
2008-05-08,50.78,52.74,50.76,52.74,,2359700.0
2008-05-09,52.47,53.04,51.95,52.63,,2070700.0
2008-05-12,52.54,52.69,51.96,52.55,,1424100.0
2008-05-13,52.46,52.69,51.71,52.2,,1584100.0
2008-05-14,52.33,53.05,52.2,52.39,,1961400.0
2008-05-15,52.32,52.32,51.09,51.32,,3292800.0
2008-05-16,51.31,51.93,51.06,51.62,,1307900.0
2008-05-19,51.54,51.62,50.92,51.09,,1231000.0
2008-05-20,50.94,51.36,50.58,50.85,,1013000.0
2008-05-21,50.85,51.73,50.69,51.0,,2098900.0
2008-05-22,50.77,51.54,50.71,51.4,,987400.0
2008-05-23,51.26,51.31,50.61,50.7,,1010900.0
2008-05-27,50.66,51.36,50.66,51.14,,904600.0
2008-05-28,51.06,51.67,50.97,51.53,,1770200.0
2008-05-29,51.34,52.23,51.33,52.04,,1179400.0
2008-05-30,52.09,52.73,51.98,52.69,,1224300.0
2008-06-02,52.6,52.96,51.01,51.6,,1396200.0
2008-06-03,51.73,52.42,51.5,51.84,,1339300.0
2008-06-04,51.76,53.27,51.75,53.09,,1663900.0
2008-06-05,53.18,53.53,52.38,53.49,,1528400.0
2008-06-06,52.96,53.29,52.19,52.19,,1299700.0
2008-06-09,52.62,52.62,51.53,51.9,,815800.0
2008-06-10,51.67,52.45,51.6,52.1,,899200.0
2008-06-11,51.72,51.95,51.19,51.32,,882700.0
2008-06-12,51.67,52.13,51.33,51.59,,1146900.0
2008-06-13,52.03,52.65,51.84,52.65,,1140100.0
2008-06-16,52.17,52.82,51.71,52.68,,1036400.0
2008-06-17,52.78,52.84,52.42,52.49,,817500.0
2008-06-18,52.26,52.38,51.56,51.63,,1027100.0
2008-06-19,51.58,52.29,51.29,52.16,,1063100.0
2008-06-20,51.08,52.13,50.9,51.08,,1899200.0
2008-06-23,51.19,51.42,50.86,51.27,,1358300.0
2008-06-24,50.98,51.26,50.17,50.65,,1477200.0
2008-06-25,50.94,51.48,50.33,51.11,,1071800.0
2008-06-26,50.34,51.05,50.23,50.23,,885600.0
2008-06-27,50.19,51.09,50.01,50.82,,1821800.0
2008-06-30,50.79,52.05,50.7,51.32,,1322800.0
2008-07-01,50.84,51.19,50.32,50.99,,1612000.0
2008-07-02,51.07,51.94,51.01,51.06,,884300.0
2008-07-03,51.4,51.68,50.74,51.01,,657300.0
2008-07-07,51.13,51.39,50.2,50.67,,1441700.0
2008-07-08,50.45,51.85,50.45,51.7,,2521400.0
2008-07-09,51.8,53.05,51.8,52.5,,1757600.0
2008-07-10,52.33,53.85,52.14,53.8,,2265000.0
2008-07-11,53.28,54.07,52.65,53.58,,2915100.0
2008-07-14,53.28,54.14,53.0,53.35,,1351500.0
2008-07-15,53.49,55.06,53.19,54.77,,2724900.0
2008-07-16,54.61,55.95,54.45,55.9,,2276500.0
2008-07-17,56.17,56.32,55.0,55.84,,2538800.0
2008-07-18,53.72,53.83,52.1,53.42,,5370200.0
2008-07-21,53.68,54.64,52.48,52.69,,1605400.0
2008-07-22,52.79,53.94,52.73,53.87,,2527300.0
2008-07-23,53.17,53.18,52.27,52.58,,1584200.0
2008-07-24,52.69,53.07,52.31,52.73,,1760200.0
2008-07-25,52.83,53.26,52.57,52.96,,1341700.0
2008-07-28,53.09,53.09,51.98,51.98,,947300.0
2008-07-29,52.06,52.68,51.77,52.2,,974500.0
2008-07-30,52.33,53.14,52.19,52.81,,1227900.0
2008-07-31,52.56,53.23,52.29,52.39,,1906700.0
2008-08-01,52.21,52.83,51.41,51.41,,2188400.0
2008-08-04,51.46,52.37,51.29,52.26,,1320900.0
2008-08-05,52.73,53.67,52.36,53.67,,1562900.0
2008-08-06,53.67,54.14,52.68,53.76,,1180100.0
2008-08-07,53.49,54.11,53.05,53.27,,1567200.0
2008-08-08,53.42,54.96,53.14,54.84,,1498000.0
2008-08-11,54.74,55.7,54.55,54.75,,1559100.0
2008-08-12,54.73,54.81,54.21,54.3,,1494900.0
2008-08-13,54.27,54.74,53.87,54.31,,1234000.0
2008-08-14,54.06,54.99,53.63,54.36,,928500.0
2008-08-15,54.46,54.73,53.8,54.6,,919300.0
2008-08-18,54.64,55.5,54.63,54.93,,1547400.0
2008-08-19,54.74,55.19,54.68,54.85,,1172500.0
2008-08-20,55.11,55.11,54.25,54.56,,3663300.0
2008-08-21,54.12,55.05,53.88,54.85,,1481900.0
2008-08-22,55.03,55.98,54.51,55.72,,1571000.0
2008-08-25,55.38,55.5,54.84,54.9,,1359100.0
2008-08-26,54.89,55.17,54.53,55.01,,1366700.0
2008-08-27,55.02,55.15,54.53,54.91,,1176100.0
2008-08-28,55.09,55.58,55.0,55.58,,1107400.0
2008-08-29,55.31,55.89,54.84,54.84,,1316700.0
2008-09-02,55.29,56.31,54.72,54.84,,1778500.0
2008-09-03,54.83,55.41,54.43,55.03,,2340300.0
2008-09-04,55.09,55.09,53.56,53.67,,1914800.0
2008-09-05,53.53,53.53,52.56,53.12,,1767500.0
2008-09-08,54.07,54.89,53.46,54.84,,2021700.0
2008-09-09,55.0,55.68,54.46,54.46,,2064800.0
2008-09-10,54.58,54.61,52.78,52.98,,2823900.0
2008-09-11,52.8,53.06,51.83,52.88,,2132600.0
2008-09-12,52.67,52.74,52.06,52.23,,2305300.0
2008-09-15,51.48,52.43,51.07,51.53,,2379500.0
2008-09-16,51.05,51.96,50.56,51.66,,1978000.0
2008-09-17,50.82,51.81,50.25,50.25,,2543400.0
2008-09-18,50.82,52.49,49.89,51.73,,3458600.0
2008-09-19,52.07,53.38,50.04,52.07,,3959400.0
2008-09-22,51.72,52.61,51.49,51.9,,1220600.0
2008-09-23,52.12,53.35,51.74,51.97,,2245300.0
2008-09-24,52.03,52.66,51.81,52.2,,1607100.0
2008-09-25,52.47,53.34,51.42,52.6,,1546900.0
2008-09-26,52.01,52.83,51.8,52.49,,1641000.0
2008-09-29,51.97,52.47,49.38,50.07,,2597300.0
2008-09-30,51.0,51.15,49.93,50.85,,2366100.0
2008-10-01,50.69,51.63,50.26,51.18,,1453700.0
2008-10-02,51.16,51.41,50.16,50.21,,1999200.0
2008-10-03,50.82,51.36,49.54,49.68,,1945200.0
2008-10-06,48.8,48.96,44.94,46.67,,4462100.0
2008-10-07,47.14,48.33,46.41,46.41,,3372200.0
2008-10-08,44.88,46.82,44.04,45.09,,2870500.0
2008-10-09,45.42,45.82,42.31,42.31,,3217600.0
2008-10-10,40.48,44.89,39.01,41.72,,5191500.0
2008-10-13,43.18,47.77,42.44,47.77,,2738200.0
2008-10-14,49.12,51.0,47.34,48.9,,3362100.0
2008-10-15,48.16,48.47,43.5,43.53,,3520700.0
2008-10-16,43.86,45.1,41.46,44.69,,3213800.0
2008-10-17,43.2,43.99,41.47,42.6,,5271000.0
2008-10-20,43.09,43.77,42.19,43.77,,1948700.0
2008-10-21,43.26,43.5,41.87,41.95,,1481300.0
2008-10-22,41.58,41.6,39.58,40.34,,2898800.0
2008-10-23,39.19,40.47,37.48,39.51,,3584600.0
2008-10-24,37.63,39.52,37.03,38.87,,2463200.0
2008-10-27,38.3,40.49,37.44,39.18,,3124400.0
2008-10-28,40.05,42.11,39.38,41.98,,3608300.0
2008-10-29,41.97,43.23,40.79,41.28,,1866800.0
2008-10-30,42.08,43.26,41.43,42.88,,1970500.0
2008-10-31,42.83,44.25,42.8,43.63,,1818400.0
2008-11-03,43.89,44.34,43.28,44.13,,1038100.0
2008-11-04,44.88,45.89,44.39,45.04,,1428800.0
2008-11-05,44.52,45.43,43.1,43.27,,1360700.0
2008-11-06,43.1,43.28,41.59,41.71,,2802500.0
2008-11-07,41.69,41.82,41.01,41.55,,3479300.0
2008-11-10,42.21,42.44,40.01,40.42,,2743300.0
2008-11-11,40.33,40.88,39.24,40.09,,2851400.0
2008-11-12,39.45,39.99,38.73,39.15,,2081200.0
2008-11-13,39.29,39.29,35.59,38.93,,6473900.0
2008-11-14,38.57,38.96,36.33,36.39,,3406700.0
2008-11-17,36.24,36.38,35.33,35.64,,3113700.0
2008-11-18,35.51,35.51,33.14,33.33,,5340200.0
2008-11-19,33.39,34.37,31.69,31.69,,6670400.0
2008-11-20,31.54,32.2,29.54,29.78,,5342900.0
2008-11-21,29.45,30.81,28.88,30.52,,5301000.0
2008-11-24,30.96,32.24,30.59,31.7,,3880100.0
2008-11-25,32.33,32.97,30.02,30.69,,4232300.0
2008-11-26,30.19,31.51,30.19,31.46,,2135300.0
2008-11-28,31.38,33.1,31.29,31.77,,842000.0
2008-12-01,31.62,31.62,30.07,30.07,,2154300.0
2008-12-02,30.57,31.29,29.95,31.12,,1991400.0
2008-12-03,30.3,31.0,29.47,30.76,,3061300.0
2008-12-04,30.4,31.07,29.68,30.1,,2375400.0
2008-12-05,30.13,31.9,29.64,31.75,,2498000.0
2008-12-08,32.37,34.41,32.37,33.9,,4191600.0
2008-12-09,33.66,33.95,32.36,32.52,,3090900.0
2008-12-10,32.91,33.37,32.56,33.09,,2426400.0
2008-12-11,32.89,34.14,32.53,32.87,,2044900.0
2008-12-12,32.12,33.02,32.0,32.65,,2840300.0
2008-12-15,32.76,32.92,31.69,32.12,,1697500.0
2008-12-16,32.61,33.51,32.48,33.39,,2569200.0
2008-12-17,32.97,33.24,32.26,32.35,,3337600.0
2008-12-18,32.52,33.71,32.38,32.7,,2816200.0
2008-12-19,32.89,32.93,31.64,31.85,,4678000.0
2008-12-22,33.06,33.37,31.7,32.58,,2778900.0
2008-12-23,33.19,33.3,32.48,32.56,,2373200.0
2008-12-24,32.28,32.97,32.28,32.69,,962300.0
2008-12-26,32.65,33.02,32.29,32.5,,995500.0
2008-12-29,32.94,32.98,31.97,32.44,,1803400.0
2008-12-30,32.16,32.69,32.01,32.49,,1966300.0
2008-12-31,32.6,33.35,32.6,32.94,,2453100.0
2009-01-02,33.37,34.35,32.84,34.06,,2331100.0
2009-01-05,33.96,34.01,33.31,33.62,,2131600.0
2009-01-06,33.19,33.37,31.64,31.97,,5170300.0
2009-01-07,31.59,32.07,31.33,31.64,,2589900.0
2009-01-08,31.48,31.88,30.47,31.81,,2972200.0
2009-01-09,33.3,34.87,33.02,33.77,,7374300.0
2009-01-12,34.03,34.05,32.76,32.97,,2806900.0
2009-01-13,32.96,33.72,32.96,33.36,,2070000.0
2009-01-14,33.33,34.49,32.98,34.13,,4423800.0
2009-01-15,34.09,34.27,32.98,33.74,,3119600.0
2009-01-16,34.1,34.59,33.13,33.82,,2794500.0
2009-01-20,34.0,34.26,32.54,32.73,,2477200.0
2009-01-21,33.25,33.64,32.44,33.6,,2258900.0
2009-01-22,33.13,33.59,32.82,33.45,,2385700.0
2009-01-23,33.1,33.24,32.21,32.52,,2394500.0
2009-01-26,32.3,33.44,31.92,32.62,,3495800.0
2009-01-27,32.95,34.24,32.6,33.85,,3896400.0
2009-01-28,35.07,36.67,34.7,35.65,,5111900.0
2009-01-29,34.58,35.03,34.08,34.48,,4008100.0
2009-01-30,34.46,35.18,34.46,34.83,,3084400.0
2009-02-02,34.74,34.78,34.19,34.46,,1591700.0
2009-02-03,34.45,34.88,33.72,34.66,,2149200.0
2009-02-04,34.83,35.45,34.58,34.73,,2022100.0
2009-02-05,34.56,34.76,34.05,34.63,,3365900.0
2009-02-06,34.71,35.7,34.63,35.44,,2008700.0
2009-02-09,35.47,35.47,34.38,34.63,,2076100.0
2009-02-10,34.43,34.63,33.64,34.08,,2573800.0
2009-02-11,34.31,34.9,34.04,34.77,,2247200.0
2009-02-12,34.12,35.55,34.0,35.55,,3107000.0
2009-02-13,35.52,35.89,35.27,35.61,,2378000.0
2009-02-17,34.87,35.45,34.18,34.4,,3477400.0
2009-02-18,34.67,34.79,34.2,34.52,,1943500.0
2009-02-19,34.65,34.71,33.67,33.77,,2868300.0
2009-02-20,33.35,33.46,32.6,33.01,,4294700.0
2009-02-23,33.25,33.46,32.27,32.33,,3259900.0
2009-02-24,32.47,32.82,31.66,32.27,,3499500.0
2009-02-25,31.46,32.7,31.46,32.25,,4252200.0
2009-02-26,32.62,32.98,29.9,29.95,,7826500.0
2009-02-27,29.68,29.89,27.76,27.76,,6828700.0
2009-03-02,27.18,27.59,26.54,27.01,,7273100.0
2009-03-03,27.25,27.87,26.52,27.47,,6016000.0
2009-03-04,27.78,28.75,27.24,28.31,,5356200.0
2009-03-05,28.07,28.07,26.38,26.6,,4998900.0
2009-03-06,26.44,26.74,25.68,26.39,,4222100.0
2009-03-09,25.98,26.66,25.53,25.72,,2912600.0
2009-03-10,26.04,26.71,25.76,26.49,,5309300.0
2009-03-11,25.85,26.66,25.77,25.84,,3961400.0
2009-03-12,25.91,27.18,25.82,27.05,,3268400.0
2009-03-13,27.26,27.98,26.84,27.88,,2419100.0
2009-03-16,28.03,28.52,27.54,27.63,,2335300.0
2009-03-17,27.6,27.7,27.1,27.64,,1661700.0
2009-03-18,27.46,27.7,27.02,27.37,,3022500.0
2009-03-19,27.68,27.68,25.86,25.97,,4177100.0
2009-03-20,25.73,26.52,25.41,26.0,,4153300.0
2009-03-23,26.46,26.87,26.01,26.87,,2772500.0
2009-03-24,26.64,27.66,26.41,27.09,,4833700.0
2009-03-25,27.54,28.33,27.11,27.69,,3927800.0
2009-03-26,28.34,28.82,27.73,28.82,,3067300.0
2009-03-27,28.84,28.84,28.13,28.32,,1812300.0
2009-03-30,28.24,28.26,27.34,27.58,,2272500.0
2009-03-31,27.84,28.5,27.65,28.07,,2640300.0
2009-04-01,27.66,27.94,26.66,27.27,,3272100.0
2009-04-02,27.78,28.45,27.61,28.07,,2904700.0
2009-04-03,28.15,28.26,27.04,27.45,,2365400.0
2009-04-06,27.43,28.05,27.23,27.8,,3176000.0
2009-04-07,27.47,27.58,27.16,27.31,,2279800.0
2009-04-08,27.46,28.54,27.46,28.33,,3348100.0
2009-04-09,28.83,29.2,28.44,28.65,,2903900.0
2009-04-13,28.78,29.25,28.42,29.15,,2126400.0
2009-04-14,29.04,30.22,28.94,29.84,,3611800.0
2009-04-15,29.77,30.1,29.44,30.03,,2772700.0
2009-04-16,30.34,30.68,30.02,30.53,,2805800.0
2009-04-17,30.66,31.37,30.51,31.28,,3246100.0
2009-04-20,31.88,31.88,30.42,30.85,,3980300.0
2009-04-21,30.48,30.85,29.95,30.85,,4392500.0
2009-04-22,30.56,31.25,30.03,30.89,,3054500.0
2009-04-23,31.12,31.12,30.33,30.88,,3220900.0
2009-04-24,30.85,31.96,30.68,31.77,,2605700.0
2009-04-27,31.64,32.25,31.33,31.89,,2575900.0
2009-04-28,31.33,31.67,30.99,31.22,,2696200.0
2009-04-29,31.59,32.19,31.3,31.87,,2044100.0
2009-04-30,32.21,32.64,31.53,31.92,,2344200.0
2009-05-01,31.97,32.11,31.22,31.54,,1532500.0
2009-05-04,31.82,32.82,31.82,32.63,,2441400.0
2009-05-05,32.57,32.98,32.57,32.89,,1740200.0
2009-05-06,33.08,33.49,32.7,33.26,,2654100.0
2009-05-07,33.44,34.07,33.35,33.63,,2759300.0
2009-05-08,33.75,34.31,33.66,34.26,,1871000.0
2009-05-11,33.8,34.11,33.47,33.85,,1770800.0
2009-05-12,33.39,34.22,32.75,33.21,,3316000.0
2009-05-13,32.77,32.92,32.07,32.18,,2885500.0
2009-05-14,32.04,32.57,31.97,32.36,,2109100.0
2009-05-15,32.35,32.55,31.97,32.15,,2086800.0
2009-05-18,32.21,32.55,31.78,32.49,,1707700.0
2009-05-19,32.3,32.82,32.3,32.4,,1910900.0
2009-05-20,32.64,33.17,32.32,32.74,,2074700.0
2009-05-21,32.41,32.44,31.59,31.95,,2026700.0
2009-05-22,31.95,32.14,31.51,31.53,,3256200.0
2009-05-26,31.5,32.24,31.01,31.97,,2072800.0
2009-05-27,32.13,32.13,31.24,31.32,,2551400.0
2009-05-28,31.48,31.57,30.64,30.97,,2382100.0
2009-05-29,31.03,31.7,30.78,31.69,,2413500.0
2009-06-01,32.14,32.44,31.96,32.28,,1850000.0
2009-06-02,32.44,33.75,32.18,33.54,,2704000.0
2009-06-03,33.5,34.06,33.06,33.87,,3389100.0
2009-06-04,33.96,33.96,32.89,33.34,,2648500.0
2009-06-05,33.44,33.7,32.98,33.38,,1632300.0
2009-06-08,33.19,33.38,32.47,33.0,,1873400.0
2009-06-09,33.19,33.62,32.98,33.5,,2065400.0
2009-06-10,33.65,33.65,33.16,33.38,,1557300.0
2009-06-11,33.36,34.01,33.24,33.46,,1985100.0
2009-06-12,33.25,33.89,33.19,33.64,,1616200.0
2009-06-15,33.4,33.4,32.25,32.44,,2086400.0
2009-06-16,32.49,32.93,31.95,31.95,,2807600.0
2009-06-17,31.95,32.54,31.95,32.16,,2263100.0
2009-06-18,32.25,33.52,32.16,33.2,,2887400.0
2009-06-19,33.51,33.57,33.17,33.24,,2416700.0
2009-06-22,33.03,33.48,32.6,33.01,,2106400.0
2009-06-23,33.19,33.56,32.88,33.24,,1719000.0
2009-06-24,33.38,33.57,32.76,33.11,,2427600.0
2009-06-25,32.95,34.41,32.8,33.94,,2899100.0
2009-06-26,33.86,34.04,33.57,33.68,,4479000.0
2009-06-29,33.8,33.93,32.93,33.08,,4379300.0
2009-06-30,33.1,33.27,32.49,32.77,,2443300.0
2009-07-01,32.98,33.0,32.46,32.77,,2165100.0
2009-07-02,32.51,32.69,31.71,32.02,,1957400.0
2009-07-06,31.62,32.38,31.55,32.14,,1427600.0
2009-07-07,32.15,32.15,31.41,31.43,,1740400.0
2009-07-08,31.62,31.62,30.93,31.13,,1727800.0
2009-07-09,31.97,32.15,30.62,30.83,,2204000.0
2009-07-10,30.71,31.13,30.7,30.89,,2000600.0
2009-07-13,31.04,32.0,30.74,31.78,,2426000.0
2009-07-14,31.88,31.88,31.36,31.55,,2358200.0
2009-07-15,31.77,32.22,31.61,32.21,,2052600.0
2009-07-16,32.22,33.19,32.0,33.05,,2260000.0
2009-07-17,33.05,33.05,32.28,32.46,,2165900.0
2009-07-20,32.66,32.73,32.22,32.59,,1903600.0
2009-07-21,32.86,33.19,32.23,32.68,,2953100.0
2009-07-22,32.47,32.62,31.82,31.91,,3626300.0
2009-07-23,31.85,33.16,31.75,32.47,,3062400.0
2009-07-24,32.37,32.7,32.21,32.62,,2822500.0
2009-07-27,32.63,32.86,32.18,32.31,,2466600.0
2009-07-28,32.3,32.63,32.0,32.16,,3579400.0
2009-07-29,32.02,32.11,30.83,31.93,,3015800.0
2009-07-30,32.28,32.73,31.95,32.27,,2321000.0
2009-07-31,32.11,32.68,32.03,32.06,,2100100.0
2009-08-03,32.35,32.65,31.92,32.52,,2794400.0
2009-08-04,32.38,33.67,32.38,33.67,,3390900.0
2009-08-05,33.75,33.8,33.05,33.1,,3508300.0
2009-08-06,33.06,33.29,32.86,33.15,,1923500.0
2009-08-07,33.34,33.61,33.12,33.15,,1854500.0
2009-08-10,33.15,33.95,32.99,33.89,,1521800.0
2009-08-11,33.82,34.06,33.65,33.76,,1803300.0
2009-08-12,33.76,33.99,33.31,33.55,,1636600.0
2009-08-13,33.59,33.59,32.95,33.15,,2490600.0
2009-08-14,33.12,33.48,32.82,33.11,,2225600.0
2009-08-17,32.97,33.14,32.69,32.77,,1520900.0
2009-08-18,32.85,32.86,32.57,32.79,,1798800.0
2009-08-19,32.62,33.07,32.49,32.91,,2005300.0
2009-08-20,33.1,34.03,32.76,33.84,,2571200.0
2009-08-21,34.19,34.59,33.92,34.43,,1943000.0
2009-08-24,34.31,34.63,33.95,34.27,,1895200.0
2009-08-25,34.31,34.56,33.85,33.89,,2334400.0
2009-08-26,33.85,34.47,33.81,34.18,,1804500.0
2009-08-27,34.07,34.28,33.79,34.15,,1066900.0
2009-08-28,34.15,34.2,33.71,33.88,,1919400.0
2009-08-31,33.71,34.18,33.62,34.18,,3085400.0
2009-09-01,34.15,34.88,33.85,34.05,,2705900.0
2009-09-02,33.85,34.21,33.84,34.12,,2604200.0
2009-09-03,34.18,35.04,33.95,35.02,,2933800.0
2009-09-04,34.97,36.17,34.97,35.84,,3186700.0
2009-09-08,35.88,36.02,35.56,35.74,,2305900.0
2009-09-09,36.67,37.52,36.58,37.27,,3624400.0
2009-09-10,37.42,37.87,37.13,37.8,,2467600.0
2009-09-11,37.86,38.11,37.58,37.94,,2851900.0
2009-09-14,38.04,38.6,37.6,38.6,,2836700.0
2009-09-15,38.58,39.31,38.44,39.23,,3915800.0
2009-09-16,39.21,39.36,38.76,39.31,,3503900.0
2009-09-17,39.07,39.32,38.8,39.32,,3818600.0
2009-09-18,39.27,39.66,38.88,38.88,,10709000.0
2009-09-21,38.99,39.41,38.6,38.83,,3056900.0
2009-09-22,38.85,38.93,38.28,38.46,,2276800.0
2009-09-23,37.79,38.47,36.85,37.86,,3715300.0
2009-09-24,37.86,37.89,37.22,37.52,,1942200.0
2009-09-25,37.37,37.79,37.23,37.24,,1719300.0
2009-09-28,37.29,38.05,37.11,37.88,,1788100.0
2009-09-29,37.87,38.01,37.47,37.62,,2134600.0
2009-09-30,37.66,37.8,37.1,37.46,,2797100.0
2009-10-01,37.16,37.26,36.44,36.47,,2003000.0
2009-10-02,36.31,36.49,35.86,36.22,,1593200.0
2009-10-05,36.27,36.79,35.88,36.72,,1428500.0
2009-10-06,36.39,37.04,35.24,36.8,,4114800.0
2009-10-07,36.43,36.88,36.29,36.78,,1929400.0
2009-10-08,36.69,37.27,36.69,36.79,,1908000.0
2009-10-09,36.87,37.72,36.68,37.53,,2234100.0
2009-10-12,37.45,37.88,37.23,37.43,,1228000.0
2009-10-13,37.31,37.55,37.24,37.38,,1029500.0
2009-10-14,37.53,37.94,37.48,37.86,,1452000.0
2009-10-15,37.72,38.05,37.6,38.05,,1644500.0
2009-10-16,37.65,37.85,37.29,37.4,,2218100.0
2009-10-19,37.52,38.15,37.28,38.05,,1462100.0
2009-10-20,37.99,37.99,36.88,37.33,,3283700.0
2009-10-21,38.9,40.81,38.67,39.57,,8404400.0
2009-10-22,39.78,40.57,39.34,40.36,,3120400.0
2009-10-23,40.44,40.51,39.46,39.6,,2142700.0
2009-10-26,39.69,40.44,39.26,39.51,,1929500.0
2009-10-27,39.47,39.89,39.09,39.59,,1754400.0
2009-10-28,39.49,39.73,37.4,37.93,,6186200.0
2009-10-29,38.34,39.38,38.27,38.95,,4451900.0
2009-10-30,38.91,38.95,37.77,37.93,,3199900.0
2009-11-02,38.22,38.76,38.06,38.67,,2369600.0
2009-11-03,38.53,38.76,38.14,38.41,,1564100.0
2009-11-04,38.74,38.89,38.39,38.53,,1412400.0
2009-11-05,38.69,39.47,38.67,39.4,,1137300.0
2009-11-06,39.22,39.47,38.87,39.11,,1127800.0
2009-11-09,39.34,39.96,38.97,39.96,,1279700.0
2009-11-10,39.95,40.35,39.87,40.24,,1172300.0
2009-11-11,40.43,40.98,40.27,40.71,,1670700.0
2009-11-12,40.81,41.04,40.44,40.61,,1672900.0
2009-11-13,40.51,40.67,40.27,40.53,,1205700.0
2009-11-16,40.77,40.99,40.58,40.82,,1102100.0
2009-11-17,40.75,40.88,40.47,40.76,,802300.0
2009-11-18,40.66,40.89,40.52,40.67,,778500.0
2009-11-19,40.41,40.43,39.93,40.33,,998100.0
2009-11-20,40.31,40.35,39.7,40.26,,1427500.0
2009-11-23,40.38,41.17,40.29,40.91,,1014700.0
2009-11-24,40.93,41.39,40.81,41.31,,1913500.0
2009-11-25,41.27,41.74,41.1,41.63,,1024500.0
2009-11-27,40.76,41.28,40.54,41.05,,475400.0
2009-11-30,42.24,42.4,41.1,41.64,,2435600.0
2009-12-01,41.76,42.18,41.64,41.94,,1554300.0
2009-12-02,42.03,42.39,41.98,42.33,,2264500.0
2009-12-03,42.55,43.47,42.4,42.88,,2907500.0
2009-12-04,43.05,43.47,42.46,42.8,,1840900.0
2009-12-07,42.89,43.15,42.55,42.72,,1526300.0
2009-12-08,42.57,42.57,42.05,42.49,,1211600.0
2009-12-09,42.35,42.56,41.64,41.99,,2253300.0
2009-12-10,42.28,42.99,42.12,42.47,,2303200.0
2009-12-11,42.56,42.67,42.2,42.35,,1426800.0
2009-12-14,42.5,43.09,42.5,42.94,,1883800.0
2009-12-15,42.78,43.28,42.66,42.92,,1331200.0
2009-12-16,42.87,43.51,42.77,43.13,,2261300.0
2009-12-17,42.89,43.07,41.64,41.87,,1898500.0
2009-12-18,42.02,42.09,41.32,41.72,,2457000.0
2009-12-21,42.05,42.53,41.94,42.17,,1346100.0
2009-12-22,41.99,42.35,41.72,42.17,,1438000.0
2009-12-23,42.07,42.37,41.92,42.06,,1725000.0
2009-12-24,41.97,42.39,41.97,42.24,,473900.0
2009-12-28,42.52,42.56,42.1,42.4,,1004700.0
2009-12-29,42.31,42.51,42.04,42.22,,2339700.0
2009-12-30,42.14,42.23,41.82,42.08,,2320600.0
2009-12-31,42.01,42.23,41.74,41.74,,1115200.0
2010-01-04,42.49,43.31,42.12,43.22,,3982800.0
2010-01-05,43.36,43.66,43.03,43.63,,2238300.0
2010-01-06,43.63,44.35,43.5,44.3,,3250400.0
2010-01-07,44.21,45.87,44.21,45.78,,4095500.0
2010-01-08,46.14,46.5,45.75,45.92,,3535500.0
2010-01-11,46.2,46.28,45.56,45.78,,2164800.0
2010-01-12,45.32,45.89,45.06,45.75,,2884700.0
2010-01-13,45.7,46.1,45.59,45.96,,1770600.0
2010-01-14,46.01,46.5,45.91,46.42,,1627200.0
2010-01-15,46.38,46.43,45.93,46.43,,2935500.0
2010-01-19,46.59,47.55,46.59,47.2,,2577700.0
2010-01-20,47.08,47.54,46.06,46.34,,2593100.0
2010-01-21,46.27,46.38,45.16,45.35,,2411000.0
2010-01-22,45.12,45.73,44.73,44.78,,2588900.0
2010-01-25,44.97,45.47,44.59,45.11,,2314000.0
2010-01-26,44.99,45.61,44.66,45.21,,2183300.0
2010-01-27,44.42,44.72,42.86,43.84,,4063900.0
2010-01-28,43.88,44.08,42.9,43.24,,3360100.0
2010-01-29,43.44,43.56,42.76,43.02,,3632400.0
2010-02-01,43.27,43.27,42.76,43.25,,1323800.0
2010-02-02,43.37,44.16,43.14,44.04,,2113600.0
2010-02-03,43.93,43.93,43.44,43.53,,1353700.0
2010-02-04,43.21,43.24,42.32,42.33,,4333900.0
2010-02-05,42.25,42.45,41.31,42.31,,3187300.0
2010-02-08,42.37,43.07,42.2,42.61,,2219000.0
2010-02-09,43.05,43.46,42.7,43.01,,1910200.0
2010-02-10,43.03,43.17,42.5,42.77,,1461600.0
2010-02-11,42.61,43.41,42.38,43.23,,1778500.0
2010-02-12,42.81,43.3,42.57,43.14,,1657600.0
2010-02-16,43.29,43.76,43.14,43.75,,1362300.0
2010-02-17,43.92,44.1,43.75,43.97,,1117900.0
2010-02-18,43.92,44.2,43.75,44.11,,1074800.0
2010-02-19,43.89,44.27,43.76,44.05,,1227100.0
2010-02-22,44.21,44.29,43.88,43.99,,1255300.0
2010-02-23,43.84,43.97,43.46,43.6,,1249300.0
2010-02-24,43.86,43.87,43.48,43.82,,1094700.0
2010-02-25,43.15,43.79,42.95,43.78,,1332700.0
2010-02-26,43.9,44.27,43.71,44.0,,1213900.0
2010-03-01,44.18,44.81,44.16,44.6,,1031000.0
2010-03-02,44.69,45.38,44.68,45.13,,1092100.0
2010-03-03,45.21,45.39,44.79,44.84,,1447800.0
2010-03-04,44.84,44.9,44.57,44.79,,1256500.0
2010-03-05,44.93,45.61,44.92,45.61,,2263400.0
2010-03-08,45.66,45.77,45.53,45.61,,1357300.0
2010-03-09,45.51,45.63,45.39,45.57,,1329800.0
2010-03-10,45.52,45.9,45.32,45.81,,1566300.0
2010-03-11,45.74,46.23,45.39,46.18,,2422700.0
2010-03-12,46.19,46.19,45.13,45.76,,2085600.0
2010-03-15,45.87,45.96,45.56,45.92,,1033500.0
2010-03-16,46.03,46.03,45.62,45.93,,1059200.0
2010-03-17,45.94,46.63,45.85,46.63,,2233000.0
2010-03-18,46.46,46.96,46.42,46.95,,1597100.0
2010-03-19,47.15,47.3,46.58,46.93,,1804100.0
2010-03-22,46.58,47.44,46.58,47.11,,1847500.0
2010-03-23,47.12,47.24,46.58,47.23,,1365300.0
2010-03-24,47.97,48.26,47.55,48.03,,2681700.0
2010-03-25,48.32,48.46,47.79,47.79,,1713400.0
2010-03-26,47.91,47.92,47.07,47.11,,1950700.0
2010-03-29,47.21,47.58,47.16,47.5,,1123600.0
2010-03-30,47.63,47.87,47.4,47.78,,1088000.0
2010-03-31,47.55,47.85,47.21,47.54,,1251000.0
2010-04-01,47.85,47.97,47.61,47.9,,859200.0
2010-04-05,47.97,48.35,47.78,48.06,,942200.0
2010-04-06,48.01,48.1,47.77,48.0,,875400.0
2010-04-07,48.03,48.13,47.28,47.5,,1416900.0
2010-04-08,47.51,47.52,47.05,47.44,,1087600.0
2010-04-09,47.36,47.89,47.36,47.89,,618800.0
2010-04-12,47.89,48.14,47.62,47.89,,1068500.0
2010-04-13,47.46,47.82,47.25,47.5,,1950800.0
2010-04-14,47.53,48.04,47.25,47.94,,1953300.0
2010-04-15,48.19,48.49,47.78,48.26,,1513400.0
2010-04-16,48.23,48.39,47.22,47.55,,1842500.0
2010-04-19,47.38,47.78,47.38,47.75,,1627800.0
2010-04-20,47.94,48.78,47.81,48.56,,2116500.0
2010-04-21,48.12,48.55,47.65,48.13,,1997600.0
2010-04-22,47.66,48.04,47.16,47.95,,1896300.0
2010-04-23,47.99,49.02,47.48,48.93,,3247900.0
2010-04-26,49.12,49.61,48.78,48.86,,2269200.0
2010-04-27,48.79,48.96,47.73,47.8,,2400400.0
2010-04-28,47.79,48.48,47.61,48.25,,1907600.0
2010-04-29,48.48,49.0,48.46,48.68,,1302400.0
2010-04-30,48.89,48.95,47.69,47.72,,2093600.0
2010-05-03,47.85,48.49,47.54,48.29,,2187900.0
2010-05-04,48.75,48.83,47.29,47.73,,3484700.0
2010-05-05,47.15,47.7,47.15,47.54,,2073000.0
2010-05-06,47.28,47.59,44.74,46.73,,4144300.0
2010-05-07,46.62,46.62,44.65,44.96,,4881200.0
2010-05-10,46.87,47.25,46.16,47.24,,2755400.0
2010-05-11,46.77,47.5,46.6,47.15,,1849300.0
2010-05-12,47.32,47.54,46.9,47.54,,1166700.0
2010-05-13,47.36,48.18,47.36,47.75,,1787000.0
2010-05-14,47.94,47.94,46.23,46.91,,3243900.0
2010-05-17,46.85,47.26,46.31,46.99,,2337500.0
2010-05-18,47.52,47.58,46.42,46.45,,1241100.0
2010-05-19,46.24,46.84,45.73,46.29,,2236200.0
2010-05-20,45.69,45.69,44.29,44.76,,4533600.0
2010-05-21,44.22,44.78,43.35,43.78,,5263400.0
2010-05-24,43.68,44.64,43.45,44.18,,2787700.0
2010-05-25,43.22,43.72,42.55,43.69,,2327300.0
2010-05-26,44.07,44.34,43.33,43.36,,2173800.0
2010-05-27,43.86,44.47,43.64,44.42,,1372900.0
2010-05-28,44.31,44.64,43.98,44.06,,1827000.0
2010-06-01,43.7,44.31,43.48,43.55,,1737300.0
2010-06-02,43.65,44.62,43.36,44.62,,1833900.0
2010-06-03,44.79,45.15,44.55,44.89,,1760700.0
2010-06-04,44.36,44.36,43.03,43.18,,2390700.0
2010-06-07,43.18,43.34,42.02,42.05,,3053600.0
2010-06-08,42.13,42.32,41.46,42.0,,2642000.0
2010-06-09,42.25,42.37,40.91,41.11,,4328200.0
2010-06-10,41.66,41.75,40.51,41.01,,4722700.0
2010-06-11,40.72,42.04,40.71,42.03,,4198800.0
2010-06-14,42.16,42.59,41.91,41.91,,2018900.0
2010-06-15,42.23,42.97,42.1,42.97,,2056200.0
2010-06-16,42.63,43.52,42.59,43.39,,2039600.0
2010-06-17,43.38,43.39,42.84,43.23,,1749600.0
2010-06-18,43.08,43.28,42.86,43.05,,2019800.0
2010-06-21,43.4,43.59,42.58,42.85,,1814100.0
2010-06-22,42.98,43.28,42.31,42.32,,1879700.0
2010-06-23,42.56,42.73,41.68,42.49,,2388800.0
2010-06-24,42.43,42.5,41.56,41.71,,2361300.0
2010-06-25,41.76,41.96,41.33,41.62,,3624600.0
2010-06-28,41.49,42.86,41.34,42.53,,2396700.0
2010-06-29,42.09,42.3,41.44,41.79,,2444400.0
2010-06-30,41.65,42.28,41.44,41.71,,1995800.0
2010-07-01,41.49,41.57,40.5,41.46,,2948200.0
2010-07-02,41.53,41.85,41.18,41.56,,1897000.0
2010-07-06,41.83,42.39,41.59,42.01,,1592000.0
2010-07-07,42.11,43.55,42.08,43.54,,1730000.0
2010-07-08,43.84,43.89,43.1,43.73,,2674700.0
2010-07-09,43.68,43.83,43.4,43.64,,962700.0
2010-07-12,43.55,43.67,43.15,43.44,,998200.0
2010-07-13,43.69,44.37,43.64,44.26,,1171400.0
2010-07-14,44.17,44.4,43.92,44.2,,1532700.0
2010-07-15,44.16,44.24,43.39,43.79,,1598900.0
2010-07-16,43.64,43.79,42.52,42.66,,1805800.0
2010-07-19,42.73,43.12,42.33,42.94,,1573700.0
2010-07-20,42.14,42.81,41.02,42.74,,3213900.0
2010-07-21,40.98,41.45,38.81,38.95,,8511500.0
2010-07-22,39.29,39.5,38.64,39.27,,5039000.0
2010-07-23,39.24,40.0,39.09,39.85,,3361900.0
2010-07-26,40.01,40.01,39.15,39.3,,3499000.0
2010-07-27,39.46,39.72,39.36,39.57,,2979800.0
2010-07-28,39.45,39.6,38.92,39.04,,2347000.0
2010-07-29,39.21,39.5,38.2,38.45,,2498600.0
2010-07-30,38.16,38.93,37.93,38.8,,1841200.0
2010-08-02,39.21,39.91,39.09,39.65,,2291000.0
2010-08-03,39.2,40.2,39.2,39.8,,1937000.0
2010-08-04,39.85,40.21,39.7,39.93,,1625200.0
2010-08-05,39.8,40.05,39.47,40.05,,3398400.0
2010-08-06,39.55,39.97,39.26,39.97,,1741300.0
2010-08-09,40.03,40.2,39.69,40.05,,1190100.0
2010-08-10,39.78,39.87,39.45,39.69,,1558600.0
2010-08-11,39.25,39.25,38.66,38.85,,2664900.0
2010-08-12,38.3,39.03,38.3,38.89,,1862700.0
2010-08-13,38.95,39.04,38.65,38.8,,1235800.0
2010-08-16,38.6,38.85,38.36,38.74,,1242300.0
2010-08-17,39.05,39.79,38.55,38.9,,3666500.0
2010-08-18,38.8,39.44,38.25,39.05,,1550600.0
2010-08-19,38.81,38.86,38.03,38.21,,1953200.0
2010-08-20,37.95,38.28,37.63,38.17,,2009300.0
2010-08-23,38.34,38.91,38.34,38.45,,2144600.0
2010-08-24,37.96,37.96,35.94,36.0,,5204900.0
2010-08-25,35.7,36.24,35.61,35.93,,3817200.0
2010-08-26,35.96,36.05,35.71,35.73,,2320500.0
2010-08-27,35.77,36.8,35.71,36.66,,2468600.0
2010-08-30,36.7,36.7,36.27,36.29,,2746000.0
2010-08-31,36.0,36.15,35.72,35.99,,2219000.0
2010-09-01,36.25,37.3,36.25,37.2,,2023300.0
2010-09-02,37.45,38.83,37.32,38.1,,4330000.0
2010-09-03,38.4,38.56,37.76,38.4,,2251000.0
2010-09-07,38.17,38.67,38.05,38.31,,1696200.0
2010-09-08,38.37,38.37,37.74,37.9,,2911800.0
2010-09-09,38.24,38.47,37.95,38.43,,2481000.0
2010-09-10,38.52,39.0,38.15,38.89,,2631600.0
2010-09-13,39.15,39.65,38.94,39.41,,2270500.0
2010-09-14,39.42,40.68,38.85,40.33,,4549400.0
2010-09-15,40.15,40.6,39.73,40.57,,3269300.0
2010-09-16,40.86,40.86,40.31,40.61,,3595600.0
2010-09-17,40.72,40.98,40.01,40.02,,11000200.0
2010-09-20,40.2,40.67,40.16,40.61,,2235000.0
2010-09-21,40.66,40.8,40.32,40.42,,2209500.0
2010-09-22,40.39,40.62,39.86,40.01,,2590200.0
2010-09-23,39.78,40.37,39.61,39.94,,1696000.0
2010-09-24,40.25,41.42,40.2,41.41,,2761800.0
2010-09-27,41.52,41.52,40.87,40.95,,2027800.0
2010-09-28,40.98,41.97,40.61,41.88,,3012500.0
2010-09-29,41.59,42.24,41.33,41.99,,3454900.0
2010-09-30,42.04,42.52,41.71,41.83,,2431900.0
2010-10-01,42.0,42.12,41.25,41.79,,2476000.0
2010-10-04,41.66,42.03,41.04,41.26,,1567800.0
2010-10-05,41.68,42.61,41.62,42.26,,2204900.0
2010-10-06,42.25,42.45,42.02,42.16,,1112000.0
2010-10-07,42.32,42.32,41.09,41.6,,3061300.0
2010-10-08,41.59,41.87,41.34,41.52,,2249900.0
2010-10-11,41.49,41.79,41.27,41.61,,1514100.0
2010-10-12,41.38,41.51,40.22,40.99,,6077300.0
2010-10-13,41.11,41.33,40.75,41.19,,2813700.0
2010-10-14,41.21,41.48,40.57,40.81,,2247500.0
2010-10-15,41.05,41.29,40.41,40.98,,2844200.0
2010-10-18,41.2,42.33,41.2,42.21,,3212700.0
2010-10-19,40.69,42.13,40.62,41.84,,5012500.0
2010-10-20,44.15,44.29,41.81,42.26,,5839700.0
2010-10-21,42.47,42.97,42.36,42.89,,3604800.0
2010-10-22,42.88,42.97,42.2,42.28,,1964500.0
2010-10-25,42.49,43.03,42.45,42.85,,1919500.0
2010-10-26,42.59,42.91,42.18,42.81,,2016400.0
2010-10-27,42.49,42.58,41.83,42.54,,1880000.0
2010-10-28,41.08,42.45,40.7,41.95,,3533800.0
2010-10-29,41.95,41.95,41.19,41.36,,3189300.0
2010-11-01,41.48,41.69,40.93,41.21,,2726500.0
2010-11-02,41.57,41.96,41.41,41.7,,1631100.0
2010-11-03,41.79,43.03,41.79,42.83,,4618600.0
2010-11-04,43.22,43.58,43.04,43.26,,2445900.0
2010-11-05,43.13,44.09,43.11,43.82,,2418200.0
2010-11-08,43.5,43.71,43.29,43.53,,1724000.0
2010-11-09,43.68,44.06,43.42,43.6,,2138200.0
2010-11-10,43.31,43.6,42.92,43.56,,2003100.0
2010-11-11,42.94,43.8,42.93,43.62,,2195000.0
2010-11-12,43.21,43.46,42.93,43.12,,1777600.0
2010-11-15,43.17,43.45,42.82,42.97,,2042000.0
2010-11-16,42.66,42.84,42.2,42.37,,1826800.0
2010-11-17,42.29,42.55,42.19,42.26,,1819100.0
2010-11-18,42.66,43.18,42.41,42.95,,1271100.0
2010-11-19,42.96,43.22,42.86,43.16,,1441700.0
2010-11-22,42.91,43.11,42.37,42.95,,1206600.0
2010-11-23,42.52,42.62,42.26,42.52,,1660900.0
2010-11-24,42.33,43.01,41.8,42.87,,1300000.0
2010-11-26,42.62,43.1,42.47,43.01,,893800.0
2010-11-29,42.55,42.62,41.94,42.43,,2132400.0
2010-11-30,41.93,42.14,41.81,41.86,,2244400.0
2010-12-01,42.44,42.84,42.17,42.58,,2621400.0
2010-12-02,42.49,43.14,42.32,42.96,,1344500.0
2010-12-03,42.75,43.57,42.75,43.55,,1544400.0
2010-12-06,43.37,43.37,43.04,43.06,,1288000.0
2010-12-07,43.42,43.57,42.83,42.86,,3498400.0
2010-12-08,42.91,43.53,42.85,43.53,,2188600.0
2010-12-09,43.8,44.39,43.64,44.29,,2657400.0
2010-12-10,44.37,44.58,44.16,44.29,,2560500.0
2010-12-13,44.48,44.59,44.17,44.36,,1651200.0
2010-12-14,44.47,45.43,44.47,45.17,,1477900.0
2010-12-15,44.79,45.14,44.7,44.75,,2673400.0
2010-12-16,44.75,45.46,44.4,45.45,,2385600.0
2010-12-17,45.42,45.62,45.16,45.57,,1897700.0
2010-12-20,45.71,45.96,45.49,45.8,,1454600.0
2010-12-21,45.85,45.91,45.26,45.28,,1247700.0
2010-12-22,45.3,45.55,45.02,45.45,,1294200.0
2010-12-23,45.34,45.34,44.81,44.88,,1294800.0
2010-12-27,44.75,45.3,44.72,45.14,,958800.0
2010-12-28,45.12,45.3,44.85,45.17,,748400.0
2010-12-29,45.4,45.61,45.27,45.36,,990300.0
2010-12-30,45.28,45.43,45.13,45.35,,751000.0
2010-12-31,45.22,45.33,44.9,45.03,,804200.0
2011-01-03,45.22,45.97,44.91,45.77,,1763900.0
2011-01-04,45.67,45.87,45.26,45.58,,1465600.0
2011-01-05,45.33,45.9,45.17,45.83,,1447800.0
2011-01-06,45.7,46.02,45.0,45.82,,2752700.0
2011-01-07,45.77,45.81,44.86,45.55,,2636500.0
2011-01-10,45.37,45.93,45.33,45.87,,1438500.0
2011-01-11,48.11,49.21,47.68,48.63,,6795300.0
2011-01-12,48.99,49.02,48.35,48.47,,2198300.0
2011-01-13,48.36,48.59,48.13,48.34,,1955900.0
2011-01-14,48.33,48.54,48.13,48.48,,1536200.0
2011-01-18,48.36,49.03,48.36,48.96,,2058100.0
2011-01-19,48.91,49.35,48.09,48.28,,2230600.0
2011-01-20,48.31,48.6,47.82,47.96,,2203800.0
2011-01-21,48.54,49.14,48.28,48.34,,3368300.0
2011-01-24,48.33,48.76,48.19,48.3,,1786000.0
2011-01-25,48.25,48.99,48.05,48.94,,2575900.0
2011-01-26,48.81,48.89,47.89,48.09,,2317400.0
2011-01-27,48.61,49.38,48.55,48.73,,3252900.0
2011-01-28,48.87,48.89,47.79,47.96,,2199100.0
2011-01-31,48.15,48.31,47.64,48.26,,1478500.0
2011-02-01,48.63,49.17,48.4,49.09,,1465300.0
2011-02-02,48.9,49.09,48.67,48.8,,1608900.0
2011-02-03,48.8,48.99,48.37,48.98,,1209400.0
2011-02-04,49.1,49.17,48.72,49.06,,992000.0
2011-02-07,49.14,50.38,49.14,49.87,,2070400.0
2011-02-08,49.94,50.26,49.69,50.06,,1980900.0
2011-02-09,50.01,50.19,49.47,50.14,,1539200.0
2011-02-10,49.91,50.54,49.91,50.27,,1687200.0
2011-02-11,49.99,50.63,49.98,50.49,,1487800.0
2011-02-14,50.61,50.81,50.33,50.72,,929400.0
2011-02-15,50.55,50.59,50.27,50.53,,1036200.0
2011-02-16,50.76,51.61,50.53,51.17,,1186100.0
2011-02-17,51.11,51.24,50.81,50.96,,1829700.0
2011-02-18,51.07,52.88,50.75,52.83,,3232500.0
2011-02-22,52.26,52.7,51.63,51.92,,2357500.0
2011-02-23,52.48,52.68,51.53,51.79,,2962500.0
2011-02-24,51.66,52.68,51.26,51.62,,2301700.0
2011-02-25,51.61,52.88,51.58,52.88,,1522700.0
2011-02-28,52.66,53.18,52.51,53.04,,2206400.0
2011-03-01,53.04,53.2,52.19,52.38,,2511800.0
2011-03-02,52.42,52.92,52.16,52.88,,1478900.0
2011-03-03,53.16,54.14,52.94,54.13,,2012400.0
2011-03-04,53.88,54.07,52.94,53.39,,2008400.0
2011-03-07,53.65,54.0,52.73,53.09,,2959100.0
2011-03-08,53.5,54.68,52.97,54.56,,2342400.0
2011-03-09,54.22,54.54,53.61,53.97,,2167500.0
2011-03-10,53.54,53.54,52.56,52.76,,2714700.0
2011-03-11,52.83,52.98,52.47,52.84,,1342500.0
2011-03-14,52.84,52.93,52.03,52.27,,1613000.0
2011-03-15,50.92,51.78,50.47,51.49,,2810700.0
2011-03-16,51.29,51.7,50.32,50.6,,1787400.0
2011-03-17,51.24,51.61,50.65,50.81,,1706600.0
2011-03-18,51.46,52.26,51.4,51.58,,4045900.0
2011-03-21,52.13,52.22,51.92,52.01,,1556100.0
2011-03-22,52.12,52.2,51.7,51.77,,1278400.0
2011-03-23,51.69,51.69,50.7,51.44,,1543300.0
2011-03-24,51.54,51.7,50.7,51.31,,2287600.0
2011-03-25,51.34,51.38,50.96,51.25,,1260000.0
2011-03-28,51.44,51.44,50.91,50.91,,1090300.0
2011-03-29,50.92,51.4,50.64,51.38,,1535300.0
2011-03-30,51.63,51.69,51.04,51.1,,1020600.0
2011-03-31,51.06,51.27,50.97,51.13,,2074200.0
2011-04-01,51.21,51.65,51.1,51.22,,1815100.0
2011-04-04,51.38,51.79,51.24,51.71,,1876400.0
2011-04-05,51.51,51.58,50.87,50.9,,1455700.0
2011-04-06,51.35,51.36,50.56,50.68,,1977000.0
2011-04-07,50.67,50.9,50.28,50.33,,2026100.0
2011-04-08,50.59,50.78,49.95,50.21,,1850700.0
2011-04-11,50.3,50.72,50.28,50.46,,1553400.0
2011-04-12,49.98,50.39,49.78,50.2,,2315400.0
2011-04-13,50.41,50.7,50.05,50.32,,1685700.0
2011-04-14,50.05,50.53,49.96,50.35,,1375900.0
2011-04-15,50.53,51.32,50.46,51.05,,2554000.0
2011-04-18,50.46,50.67,50.17,50.47,,1891300.0
2011-04-19,50.56,51.7,50.56,51.38,,3703400.0
2011-04-20,50.85,50.85,48.94,49.12,,4891400.0
2011-04-21,49.24,49.59,49.14,49.21,,2589100.0
2011-04-25,49.1,49.2,48.66,48.79,,2260500.0
2011-04-26,49.15,49.2,48.84,49.05,,2098800.0
2011-04-27,49.25,49.25,48.89,49.1,,2507700.0
2011-04-28,49.05,49.84,49.01,49.77,,3090500.0
2011-04-29,49.89,49.91,49.56,49.62,,1832600.0
2011-05-02,49.7,49.95,49.44,49.82,,3040700.0
2011-05-03,49.77,50.03,49.75,49.91,,2342300.0
2011-05-04,49.83,50.03,49.62,50.01,,1665500.0
2011-05-05,49.99,50.77,49.85,50.21,,2439400.0
2011-05-06,50.47,50.85,50.0,50.2,,2455700.0
2011-05-09,50.14,50.67,49.98,50.55,,1591800.0
2011-05-10,50.78,51.38,50.72,51.3,,2823700.0
2011-05-11,52.07,52.54,51.73,52.01,,3146600.0
2011-05-12,52.0,53.2,51.61,53.12,,3700000.0
2011-05-13,53.32,53.53,52.79,53.22,,3240200.0
2011-05-16,52.77,54.34,52.77,53.62,,4010500.0
2011-05-17,53.23,53.7,52.91,53.65,,2363200.0
2011-05-18,53.73,53.95,53.5,53.82,,3304900.0
2011-05-19,53.94,54.05,53.5,53.82,,2159300.0
2011-05-20,54.02,54.02,52.88,53.33,,2494000.0
2011-05-23,52.86,53.16,52.26,53.02,,2959800.0
2011-05-24,53.01,53.1,52.35,52.76,,1824100.0
2011-05-25,52.56,52.85,52.34,52.38,,1615500.0
2011-05-26,52.29,52.43,51.82,52.32,,2259700.0
2011-05-27,52.49,52.65,52.22,52.28,,1060000.0
2011-05-31,52.51,52.52,52.17,52.48,,2249800.0
2011-06-01,52.21,52.26,51.52,51.55,,2132000.0
2011-06-02,51.53,51.63,50.99,51.31,,2080800.0
2011-06-03,50.72,50.94,50.52,50.63,,1498800.0
2011-06-06,50.64,50.68,49.26,49.26,,3571800.0
2011-06-07,49.58,50.33,48.99,49.85,,2568700.0
2011-06-08,49.83,49.83,48.94,49.31,,2024700.0
2011-06-09,49.37,49.87,49.21,49.6,,1398100.0
2011-06-10,49.52,49.57,48.85,48.92,,1566900.0
2011-06-13,48.96,49.5,48.8,49.23,,1537400.0
2011-06-14,49.67,49.84,49.43,49.52,,1253900.0
2011-06-15,49.27,49.62,48.65,48.77,,1378200.0
2011-06-16,48.68,49.16,48.5,48.78,,1111400.0
2011-06-17,49.13,49.13,48.42,48.53,,2105200.0
2011-06-20,48.5,48.89,48.48,48.78,,1019800.0
2011-06-21,49.08,49.24,48.8,49.01,,1431600.0
2011-06-22,49.01,49.34,48.89,49.11,,1377100.0
2011-06-23,48.71,49.13,47.57,48.97,,2306800.0
2011-06-24,49.07,49.15,48.07,48.26,,1854700.0
2011-06-27,48.37,48.94,48.02,48.73,,1214100.0
2011-06-28,48.91,49.55,48.74,49.49,,1106800.0
2011-06-29,49.69,49.69,48.93,49.04,,1459000.0
2011-06-30,49.27,49.6,49.2,49.51,,1493800.0
2011-07-01,49.72,50.91,49.6,50.85,,1836100.0
2011-07-05,50.64,50.69,50.08,50.34,,1025900.0
2011-07-06,50.39,50.93,50.19,50.49,,1276200.0
2011-07-07,50.94,51.15,50.63,51.12,,1206700.0
2011-07-08,50.71,50.78,50.31,50.73,,1398800.0
2011-07-11,50.18,50.38,49.31,49.4,,1303200.0
2011-07-12,49.28,50.34,49.17,49.88,,1670500.0
2011-07-13,50.07,50.68,49.9,50.04,,1163100.0
2011-07-14,50.18,50.18,49.37,49.47,,1354300.0
2011-07-15,49.49,49.63,48.96,49.29,,1132500.0
2011-07-18,49.08,49.15,48.27,49.15,,1493500.0
2011-07-19,49.35,50.07,48.61,49.9,,2405200.0
2011-07-20,49.8,49.8,47.77,48.01,,6330600.0
2011-07-21,47.77,48.66,47.66,48.61,,4094700.0
2011-07-22,48.66,48.66,47.77,47.98,,2275700.0
2011-07-25,47.56,47.72,47.04,47.42,,1752000.0
2011-07-26,47.26,47.48,46.46,46.5,,1943400.0
2011-07-27,46.78,46.78,45.96,45.96,,2698000.0
2011-07-28,45.86,46.14,45.53,45.59,,2401300.0
2011-07-29,45.18,46.19,45.01,45.84,,2801500.0
2011-08-01,46.12,46.12,44.45,44.79,,3247700.0
2011-08-02,44.51,44.78,43.57,43.59,,2958500.0
2011-08-03,43.54,44.02,43.16,43.92,,3903000.0
2011-08-04,43.29,43.74,41.86,41.88,,4817800.0
2011-08-05,42.48,42.84,40.88,42.21,,3250600.0
2011-08-08,41.28,41.95,39.95,40.01,,4508400.0
2011-08-09,40.41,41.38,39.24,41.34,,3119200.0
2011-08-10,40.68,40.85,38.73,38.84,,4809700.0
2011-08-11,38.96,40.58,38.66,40.14,,4848600.0
2011-08-12,40.53,41.21,39.96,40.95,,2854600.0
2011-08-15,41.35,41.81,40.97,41.46,,2653400.0
2011-08-16,41.11,41.37,40.63,40.85,,2318400.0
2011-08-17,40.92,41.44,39.71,40.13,,3285000.0
2011-08-18,39.34,39.36,37.39,37.6,,4641000.0
2011-08-19,37.19,38.55,36.89,36.95,,4804800.0
2011-08-22,37.91,38.19,36.89,37.02,,3313700.0
2011-08-23,36.97,38.99,36.94,38.92,,2906500.0
2011-08-24,38.83,39.73,38.53,39.66,,2323600.0
2011-08-25,39.84,39.98,38.79,38.91,,2220500.0
2011-08-26,38.59,39.42,37.83,38.95,,2434400.0
2011-08-29,39.98,40.83,39.78,40.52,,2122500.0
2011-08-30,40.35,40.49,39.71,40.23,,2029900.0
2011-08-31,40.39,41.87,40.39,41.2,,3129200.0
2011-09-01,41.4,41.68,40.62,40.69,,1951900.0
2011-09-02,40.0,40.56,39.48,39.87,,2502800.0
2011-09-06,38.85,40.39,38.48,40.31,,3147800.0
2011-09-07,40.96,42.03,40.66,41.99,,3957200.0
2011-09-08,41.71,41.91,40.9,41.06,,3559100.0
2011-09-09,40.59,40.62,39.42,39.55,,3749300.0
2011-09-12,38.91,39.55,38.58,39.54,,2195200.0
2011-09-13,39.45,40.28,39.45,40.19,,2292300.0
2011-09-14,40.35,41.59,39.81,41.09,,2618200.0
2011-09-15,41.72,41.87,40.59,41.85,,2513100.0
2011-09-16,42.08,42.31,41.44,41.62,,3098200.0
2011-09-19,41.0,41.13,40.53,40.91,,1316900.0
2011-09-20,41.09,41.97,40.89,40.9,,1708100.0
2011-09-21,40.93,41.1,39.84,39.84,,2215300.0
2011-09-22,38.96,39.39,38.51,38.99,,4026000.0
2011-09-23,38.8,39.11,38.43,38.94,,2479300.0
2011-09-26,39.31,39.91,38.72,39.87,,2050400.0
2011-09-27,41.01,42.29,40.93,41.47,,3267800.0
2011-09-28,41.49,41.8,40.95,41.06,,3627200.0
2011-09-29,41.67,41.86,40.1,40.83,,2560000.0
2011-09-30,40.45,40.96,39.88,39.9,,2153500.0
2011-10-03,39.57,40.13,38.38,38.4,,2770700.0
2011-10-04,37.72,39.64,37.72,39.6,,2500000.0
2011-10-05,39.69,40.39,39.42,40.33,,1960300.0
2011-10-06,40.36,40.6,39.51,40.49,,2609100.0
2011-10-07,40.61,40.97,40.29,40.54,,2065300.0
2011-10-10,41.07,41.83,40.99,41.82,,1784200.0
2011-10-11,42.15,42.77,42.03,42.42,,2771500.0
2011-10-12,42.56,43.3,42.25,42.47,,2762000.0
2011-10-13,42.15,42.65,41.78,42.49,,1627500.0
2011-10-14,42.88,42.97,42.17,42.35,,1542300.0
2011-10-17,42.11,42.3,41.01,41.1,,1438300.0
2011-10-18,40.99,41.94,40.73,41.53,,1807200.0
2011-10-19,41.65,42.37,41.57,41.83,,2242300.0
2011-10-20,41.51,42.17,40.18,40.88,,3858200.0
2011-10-21,41.34,42.12,41.3,41.63,,2799500.0
2011-10-24,41.7,42.45,41.59,42.33,,1906900.0
2011-10-25,42.03,42.09,40.75,40.84,,1989500.0
2011-10-26,41.16,41.28,40.14,40.92,,1911300.0
2011-10-27,42.77,42.79,41.22,42.06,,2979700.0
2011-10-28,41.96,42.39,41.96,42.27,,2190600.0
2011-10-31,41.81,41.83,40.56,40.56,,2566100.0
2011-11-01,39.64,40.26,39.08,39.79,,3443500.0
2011-11-02,40.48,40.59,40.03,40.44,,1581700.0
2011-11-03,40.66,41.34,40.36,41.25,,1834800.0
2011-11-04,41.01,41.33,40.65,41.12,,1930600.0
2011-11-07,40.98,41.55,40.63,41.54,,1858100.0
2011-11-08,41.61,42.26,41.3,42.17,,1394900.0
2011-11-09,41.26,41.26,40.12,40.22,,1947200.0
2011-11-10,40.64,41.06,40.23,40.87,,1699800.0
2011-11-11,41.55,42.11,41.43,41.89,,1380800.0
2011-11-14,41.7,42.02,41.34,41.44,,1313600.0
2011-11-15,41.38,42.12,41.19,41.96,,1598100.0
2011-11-16,41.43,42.16,41.28,41.3,,1754700.0
2011-11-17,41.16,41.34,40.22,40.56,,2311300.0
2011-11-18,40.79,40.83,40.29,40.48,,1844000.0
2011-11-21,39.79,40.13,39.14,39.14,,2291600.0
2011-11-22,39.11,39.62,38.83,39.25,,1802300.0
2011-11-23,38.75,38.91,38.48,38.5,,2252800.0
2011-11-25,38.56,39.04,38.52,38.54,,610500.0
2011-11-28,39.35,39.95,39.27,39.76,,1701500.0
2011-11-29,39.79,40.01,39.35,39.47,,1927400.0
2011-11-30,40.34,41.39,40.34,41.34,,2436900.0
2011-12-01,41.32,42.09,41.2,41.94,,1820600.0
2011-12-02,42.15,42.33,39.6,40.32,,5840200.0
2011-12-05,41.22,41.75,41.13,41.56,,2773600.0
2011-12-06,41.68,41.68,40.73,41.09,,1777600.0
2011-12-07,40.84,41.01,40.2,40.87,,2322800.0
2011-12-08,40.6,40.79,39.8,39.9,,2604300.0
2011-12-09,40.03,40.8,40.02,40.51,,1342400.0
2011-12-12,40.21,40.26,39.66,39.85,,1747700.0
2011-12-13,39.9,40.11,39.46,39.67,,2309700.0
2011-12-14,39.71,39.85,39.19,39.6,,1814000.0
2011-12-15,39.27,39.88,39.17,39.48,,1851800.0
2011-12-16,39.79,39.79,38.91,39.13,,3740000.0
2011-12-19,39.28,39.71,38.62,38.76,,2046200.0
2011-12-20,39.54,40.72,39.54,40.44,,2696700.0
2011-12-21,40.28,41.21,40.19,41.15,,2690400.0
2011-12-22,41.17,42.1,41.17,42.1,,1936900.0
2011-12-23,42.09,42.39,41.91,42.34,,1173500.0
2011-12-27,42.29,42.6,42.19,42.39,,946400.0
2011-12-28,42.33,42.41,41.76,41.93,,1195000.0
2011-12-29,41.72,42.23,41.61,42.17,,965400.0
2011-12-30,42.23,42.73,42.16,42.27,,1578700.0
2012-01-03,43.07,43.56,42.84,43.42,,2668700.0
2012-01-04,43.29,43.6,42.88,43.58,,2626800.0
2012-01-05,43.44,43.64,43.25,43.53,,3304800.0
2012-01-06,43.62,44.27,43.58,43.79,,2365400.0
2012-01-09,43.98,44.15,43.78,44.05,,1609500.0
2012-01-10,44.35,44.64,43.97,44.44,,3150900.0
2012-01-11,44.17,45.15,43.91,45.08,,3107500.0
2012-01-12,44.41,45.03,43.93,44.63,,2894300.0
2012-01-13,44.34,44.49,43.78,43.99,,1897600.0
2012-01-17,44.47,44.84,44.12,44.22,,1907400.0
2012-01-18,44.21,44.64,43.64,44.36,,3397700.0
2012-01-19,43.82,45.22,43.71,44.9,,2278000.0
2012-01-20,44.96,45.38,44.55,45.18,,1689000.0
2012-01-23,45.13,45.17,44.41,44.9,,1425900.0
2012-01-24,44.77,45.49,44.34,45.01,,1995600.0
2012-01-25,44.92,47.0,44.92,46.82,,4791300.0
2012-01-26,47.09,47.51,46.39,46.66,,2760200.0
2012-01-27,46.51,46.8,46.36,46.68,,1636000.0
2012-01-30,46.26,46.82,45.98,46.78,,2431100.0
2012-01-31,47.17,47.46,46.77,47.13,,2450900.0
2012-02-01,46.62,47.4,46.61,46.95,,2303300.0
2012-02-02,47.11,47.11,46.57,46.77,,2234900.0
2012-02-03,47.15,47.33,46.83,47.29,,2718200.0
2012-02-06,47.17,47.53,47.15,47.34,,2781600.0
2012-02-07,47.1,47.25,46.71,46.92,,1474900.0
2012-02-08,46.97,47.22,46.39,46.55,,1774700.0
2012-02-09,45.98,46.17,45.7,45.88,,3307900.0
2012-02-10,45.63,45.71,44.99,45.52,,2329400.0
2012-02-13,45.74,46.06,45.65,45.81,,1751000.0
2012-02-14,45.28,45.72,45.26,45.51,,1139200.0
2012-02-15,45.78,45.98,45.37,45.56,,1224700.0
2012-02-16,45.67,45.69,45.28,45.62,,1241000.0
2012-02-17,45.83,46.13,45.53,45.58,,1389700.0
2012-02-21,45.72,45.82,45.26,45.35,,1151700.0
2012-02-22,45.42,45.63,45.34,45.44,,1085700.0
2012-02-23,45.43,46.15,45.27,45.85,,1529700.0
2012-02-24,45.95,46.6,45.87,46.58,,1464600.0
2012-02-27,46.13,46.83,45.99,46.73,,1542700.0
2012-02-28,46.55,46.8,46.25,46.39,,1692800.0
2012-02-29,46.5,46.5,45.57,45.61,,2123800.0
2012-03-01,45.78,45.92,45.01,45.18,,2643800.0
2012-03-02,45.11,45.46,44.9,45.24,,2041300.0
2012-03-05,45.19,45.33,44.73,44.9,,1365800.0
2012-03-06,44.4,44.57,44.08,44.24,,1807000.0
2012-03-07,44.1,44.41,43.99,44.26,,1816600.0
2012-03-08,44.52,44.97,44.46,44.87,,1068100.0
2012-03-09,45.07,45.63,44.95,44.98,,1226900.0
2012-03-12,44.93,45.24,44.52,44.56,,1224700.0
2012-03-13,44.9,45.41,44.84,45.35,,1408700.0
2012-03-14,45.29,46.16,45.26,46.11,,1963200.0
2012-03-15,46.22,46.83,45.99,46.77,,1389300.0
2012-03-16,46.88,46.98,46.51,46.68,,1764600.0
2012-03-19,46.43,47.0,46.39,46.72,,1502000.0
2012-03-20,46.58,46.76,46.55,46.61,,679500.0
2012-03-21,46.58,46.78,46.47,46.64,,1076800.0
2012-03-22,46.26,46.48,45.98,46.1,,1208000.0
2012-03-23,46.21,46.43,46.09,46.29,,1024400.0
2012-03-26,46.56,47.23,46.47,47.2,,1534200.0
2012-03-27,47.22,47.4,46.98,47.06,,889000.0
2012-03-28,47.12,47.34,46.6,46.99,,1050000.0
2012-03-29,46.73,47.13,46.49,47.02,,1479700.0
2012-03-30,47.23,47.45,47.14,47.36,,3054300.0
2012-04-02,47.52,47.69,47.37,47.42,,1773900.0
2012-04-03,47.37,47.61,47.08,47.44,,1580000.0
2012-04-04,47.19,47.19,46.49,46.75,,1935600.0
2012-04-05,46.42,46.97,46.37,46.97,,2235300.0
2012-04-09,46.31,46.38,46.03,46.22,,1505600.0
2012-04-10,46.02,46.07,45.33,45.33,,1665900.0
2012-04-11,45.94,46.32,45.68,45.95,,1170200.0
2012-04-12,46.02,46.98,45.84,46.83,,1508800.0
2012-04-13,46.75,47.1,46.05,46.06,,1487200.0
2012-04-16,46.2,46.43,45.98,46.3,,1754000.0
2012-04-17,46.59,47.15,46.46,46.85,,2114500.0
2012-04-18,47.39,48.78,46.98,47.34,,3830600.0
2012-04-19,47.47,47.54,46.0,46.4,,2972600.0
2012-04-20,46.5,46.5,45.98,46.03,,1883900.0
2012-04-23,45.48,45.5,44.73,44.98,,2150300.0
2012-04-24,45.21,45.43,44.88,45.38,,1472700.0
2012-04-25,45.57,45.87,45.38,45.82,,1293300.0
2012-04-26,45.49,46.22,45.15,46.14,,2658600.0
2012-04-27,46.57,46.74,46.14,46.57,,2003700.0
2012-04-30,46.71,46.78,46.26,46.58,,1558400.0
2012-05-01,46.42,47.06,46.08,46.84,,1268000.0
2012-05-02,46.17,46.69,45.65,46.66,,1875800.0
2012-05-03,46.78,47.03,46.52,46.74,,1368600.0
2012-05-04,46.52,46.55,45.97,45.98,,1512700.0
2012-05-07,45.79,46.49,45.79,46.2,,1043100.0
2012-05-08,45.85,46.26,45.58,46.22,,1498500.0
2012-05-09,45.68,45.88,45.18,45.45,,1460300.0
2012-05-10,45.78,46.14,45.47,45.56,,1090300.0
2012-05-11,45.44,45.85,45.24,45.39,,759500.0
2012-05-14,44.94,45.26,44.61,44.93,,1253300.0
2012-05-15,44.96,44.98,44.31,44.38,,1248500.0
2012-05-16,44.49,44.69,44.03,44.16,,1708000.0
2012-05-17,44.18,44.33,43.52,43.52,,1131700.0
2012-05-18,43.71,43.71,42.76,42.9,,1748700.0
2012-05-21,43.09,43.93,42.98,43.9,,1443700.0
2012-05-22,43.91,44.35,43.73,44.15,,2314300.0
2012-05-23,43.93,43.93,43.3,43.77,,1835200.0
2012-05-24,43.86,44.29,43.61,44.15,,1435500.0
2012-05-25,44.12,44.45,44.03,44.26,,968400.0
2012-05-29,44.74,44.99,44.43,44.89,,2076600.0
2012-05-30,44.7,44.7,43.85,44.0,,1246500.0
2012-05-31,43.95,44.22,43.42,43.92,,2177000.0
2012-06-01,43.31,43.46,42.66,42.69,,1741400.0
2012-06-04,42.59,42.73,42.19,42.54,,1726500.0
2012-06-05,42.37,43.49,42.3,43.35,,1751200.0
2012-06-06,43.55,43.78,43.4,43.75,,1507200.0
2012-06-07,44.16,44.38,43.6,43.69,,1001500.0
2012-06-08,43.56,43.85,43.44,43.8,,1793700.0
2012-06-11,44.07,44.37,43.84,43.88,,2006300.0
2012-06-12,43.99,44.21,43.56,44.2,,981800.0
2012-06-13,44.16,44.52,43.81,43.95,,1130300.0
2012-06-14,44.09,44.87,44.0,44.68,,1482400.0
2012-06-15,45.0,46.33,44.81,46.22,,3727000.0
2012-06-18,46.09,46.78,46.01,46.58,,1950300.0
2012-06-19,46.76,47.41,46.73,47.11,,2017000.0
2012-06-20,47.08,47.15,46.5,46.86,,1692300.0
2012-06-21,47.02,47.16,45.8,45.88,,1724800.0
2012-06-22,46.1,46.74,45.83,46.58,,2621600.0
2012-06-25,46.21,46.29,45.73,45.85,,1552700.0
2012-06-26,45.85,46.12,45.56,45.94,,1344000.0
2012-06-27,46.05,46.72,46.03,46.56,,1371300.0
2012-06-28,46.3,46.45,45.2,46.09,,2701800.0
2012-06-29,46.87,47.22,46.81,47.22,,1835000.0
2012-07-02,47.13,47.15,46.24,46.85,,1744000.0
2012-07-03,46.77,47.04,46.62,46.86,,1105400.0
2012-07-05,46.73,46.74,46.31,46.45,,959800.0
2012-07-06,45.84,45.92,45.38,45.88,,1221500.0
2012-07-09,45.84,46.03,45.67,45.99,,834300.0
2012-07-10,46.43,46.43,45.34,45.47,,1361500.0
2012-07-11,45.34,45.6,45.12,45.47,,1680800.0
2012-07-12,45.15,45.31,44.81,45.18,,1289300.0
2012-07-13,45.26,45.6,45.17,45.46,,822100.0
2012-07-16,45.55,45.64,45.19,45.33,,1145700.0
2012-07-17,45.56,46.06,45.3,46.03,,1912200.0
2012-07-18,45.85,46.64,44.47,45.91,,2318800.0
2012-07-19,44.83,45.49,43.67,44.68,,4618100.0
2012-07-20,44.53,44.63,43.81,44.03,,2013800.0
2012-07-23,43.45,43.73,43.13,43.49,,1465800.0
2012-07-24,43.78,43.89,42.88,43.49,,2309500.0
2012-07-25,43.54,44.18,43.54,43.93,,2240800.0
2012-07-26,44.41,44.46,43.64,43.96,,2064200.0
2012-07-27,44.23,45.03,44.15,44.91,,1953900.0
2012-07-30,44.76,45.02,44.53,44.85,,984400.0
2012-07-31,44.91,45.06,44.55,44.59,,1375400.0
2012-08-01,44.87,45.49,44.8,45.27,,2228600.0
2012-08-02,44.54,44.7,43.67,44.05,,2406200.0
2012-08-03,45.01,45.31,44.65,45.2,,1700800.0
2012-08-06,45.31,45.73,45.13,45.37,,1335800.0
2012-08-07,45.4,45.66,45.32,45.42,,1152600.0
2012-08-08,45.31,45.56,45.06,45.41,,1171800.0
2012-08-09,45.32,45.63,45.16,45.24,,1524200.0
2012-08-10,45.12,45.57,45.12,45.47,,1626500.0
2012-08-13,45.27,45.77,45.19,45.59,,2305700.0
2012-08-14,45.74,46.12,45.74,46.09,,1867400.0
2012-08-15,45.93,46.58,45.93,46.37,,1276800.0
2012-08-16,46.35,46.92,46.22,46.7,,1818600.0
2012-08-17,46.68,46.74,46.35,46.58,,1799100.0
2012-08-20,46.58,46.74,46.41,46.7,,1122700.0
2012-08-21,46.76,47.19,46.45,46.53,,1662400.0
2012-08-22,46.66,46.68,45.97,46.12,,2154800.0
2012-08-23,46.1,46.19,45.43,45.61,,1654400.0
2012-08-24,45.56,46.15,45.51,46.05,,882800.0
2012-08-27,46.07,46.46,45.85,46.01,,856500.0
2012-08-28,45.92,46.34,45.92,46.03,,1573500.0
2012-08-29,46.03,46.16,45.83,45.91,,1182100.0
2012-08-30,45.58,45.71,45.22,45.51,,1160700.0
2012-08-31,45.73,46.02,45.36,45.64,,964400.0
2012-09-04,46.49,47.55,45.97,46.12,,2431300.0
2012-09-05,46.09,46.09,45.27,45.52,,2108300.0
2012-09-06,45.29,46.44,45.29,46.44,,2961500.0
2012-09-07,46.59,46.59,46.03,46.4,,3201300.0
2012-09-10,46.43,46.43,45.81,45.89,,1499300.0
2012-09-11,45.98,46.5,45.83,46.27,,2582400.0
2012-09-12,46.34,46.86,46.33,46.63,,1487200.0
2012-09-13,46.8,47.46,46.32,47.29,,1980400.0
2012-09-14,47.29,48.24,47.22,48.0,,2520300.0
2012-09-17,47.92,48.19,47.88,48.18,,1580700.0
2012-09-18,47.99,48.0,47.67,47.93,,1879000.0
2012-09-19,47.84,48.12,47.48,47.89,,1516700.0
2012-09-20,47.71,47.8,47.38,47.79,,1512500.0
2012-09-21,48.08,48.41,47.63,48.24,,5620700.0
2012-09-24,48.06,48.51,47.84,48.41,,1512500.0
2012-09-25,48.58,48.67,47.96,47.97,,1844800.0
2012-09-26,48.08,48.17,47.67,47.82,,1165200.0
2012-09-27,47.87,48.04,47.63,48.01,,1201100.0
2012-09-28,47.79,48.09,47.61,47.88,,1495000.0
2012-10-01,47.74,47.74,46.97,47.22,,3192100.0
2012-10-02,47.33,47.43,46.68,47.03,,2856600.0
2012-10-03,47.23,47.28,46.61,46.81,,2561100.0
2012-10-04,46.83,47.37,46.44,47.36,,1624300.0
2012-10-05,47.5,47.5,46.89,47.15,,1484000.0
2012-10-08,47.08,47.15,46.71,46.75,,1117300.0
2012-10-09,45.91,46.42,45.16,45.36,,3664100.0
2012-10-10,45.11,45.11,44.44,44.92,,4463200.0
2012-10-11,45.16,45.71,45.1,45.13,,1516600.0
2012-10-12,45.25,45.57,44.91,44.99,,1535600.0
2012-10-15,44.99,45.01,44.66,44.99,,2842300.0
2012-10-16,45.28,46.0,45.19,45.99,,2041200.0
2012-10-17,45.76,46.7,45.38,45.44,,4390700.0
2012-10-18,44.6,46.23,44.39,46.12,,4556600.0
2012-10-19,45.95,46.18,45.09,45.28,,2960400.0
2012-10-22,45.32,45.59,45.07,45.55,,1869100.0
2012-10-23,45.09,45.19,44.65,44.95,,2088200.0
2012-10-24,45.12,45.25,44.7,44.97,,1543000.0
2012-10-25,45.3,45.56,44.72,45.07,,1801400.0
2012-10-26,45.09,45.22,44.7,44.89,,1766100.0
2012-10-31,45.25,45.53,44.76,45.25,,1740000.0
2012-11-01,45.25,45.81,45.13,45.65,,1574200.0
2012-11-02,45.97,46.08,45.2,45.28,,1300800.0
2012-11-05,45.22,45.43,44.87,45.34,,1018900.0
2012-11-06,45.39,46.04,45.16,45.99,,1718000.0
2012-11-07,45.64,45.68,44.78,45.25,,2060500.0
2012-11-08,45.13,45.44,44.92,45.09,,2282200.0
2012-11-09,44.99,45.57,44.93,45.19,,1356800.0
2012-11-12,45.37,45.69,44.99,45.63,,1310400.0
2012-11-13,45.41,45.74,45.25,45.32,,1682000.0
2012-11-14,45.4,45.6,44.93,45.01,,1804900.0
2012-11-15,45.01,45.19,44.62,44.73,,1750300.0
2012-11-16,45.2,45.21,44.57,44.82,,3704900.0
2012-11-19,45.22,45.7,45.15,45.59,,2340400.0
2012-11-20,45.63,46.36,45.42,46.11,,2361400.0
2012-11-21,46.12,46.29,45.95,46.02,,2009800.0
2012-11-23,46.16,46.91,46.12,46.9,,738100.0
2012-11-26,46.67,46.91,46.33,46.91,,1766700.0
2012-11-27,46.78,47.03,46.61,46.64,,1362600.0
2012-11-28,46.52,46.98,46.1,46.97,,1161400.0
2012-11-29,47.16,47.38,46.33,46.49,,2455200.0
2012-11-30,46.51,46.7,46.26,46.59,,2311500.0
2012-12-03,46.86,47.38,46.53,46.83,,2977200.0
2012-12-04,46.88,47.06,46.48,46.75,,2157700.0
2012-12-05,46.73,46.91,46.45,46.76,,2153800.0
2012-12-06,46.64,46.84,46.39,46.75,,1986000.0
2012-12-07,46.85,46.99,46.53,46.94,,1437000.0
2012-12-10,46.78,47.16,46.77,47.13,,1567200.0
2012-12-11,47.51,48.17,47.4,48.01,,2254300.0
2012-12-12,47.98,48.7,47.95,48.28,,1843300.0
2012-12-13,48.24,48.43,48.06,48.33,,2265200.0
2012-12-14,48.17,48.42,47.95,47.98,,2587400.0
2012-12-17,48.02,48.35,47.99,48.31,,1456000.0
2012-12-18,48.33,48.82,48.15,48.47,,2553600.0
2012-12-19,48.53,48.59,48.08,48.14,,1677400.0
2012-12-20,48.2,48.67,47.98,48.66,,1273700.0
2012-12-21,48.57,48.81,47.84,48.06,,3226700.0
2012-12-24,48.0,48.16,47.94,48.06,,703800.0
2012-12-26,48.07,48.16,47.54,47.68,,932300.0
2012-12-27,47.75,47.88,47.15,47.68,,1132600.0
2012-12-28,47.37,47.58,47.03,47.06,,1094000.0
2012-12-31,46.97,47.38,46.73,47.38,,1780100.0
2013-01-02,48.0,48.31,47.75,48.3,,2118400.0
2013-01-03,48.32,48.62,48.25,48.52,,1384600.0
2013-01-04,48.68,49.27,48.5,49.03,,2471000.0
2013-01-07,48.96,49.46,48.92,49.33,,1762600.0
2013-01-08,49.21,49.33,48.85,49.24,,1854100.0
2013-01-09,49.45,50.77,49.39,50.46,,2828300.0
2013-01-10,50.74,50.86,50.39,50.86,,1815200.0
2013-01-11,50.84,50.91,50.55,50.86,,1477800.0
2013-01-14,50.61,50.89,50.36,50.88,,1375700.0
2013-01-15,50.79,51.63,50.62,51.48,,2212100.0
2013-01-16,51.38,51.62,51.25,51.37,,1170200.0
2013-01-17,51.62,52.87,51.61,52.4,,2379400.0
2013-01-18,52.49,53.23,52.27,53.2,,3599100.0
2013-01-22,53.16,53.35,52.88,53.34,,1725400.0
2013-01-23,53.27,53.52,52.94,53.48,,2350900.0
2013-01-24,53.6,55.01,53.24,54.84,,2491300.0
2013-01-25,55.1,55.25,54.74,54.93,,2077100.0
2013-01-28,55.04,55.19,54.65,55.13,,1624700.0
2013-01-29,55.03,55.31,54.85,55.14,,1189800.0
2013-01-30,55.05,55.15,54.74,54.78,,2071800.0
2013-01-31,54.71,54.78,54.06,54.15,,2714500.0
2013-02-01,53.89,54.6,53.18,54.49,,2558200.0
2013-02-04,54.16,54.16,53.6,53.85,,1855100.0
2013-02-05,53.85,54.33,53.82,54.28,,1893100.0
2013-02-06,54.08,54.56,53.99,54.5,,1404800.0
2013-02-07,54.21,54.52,53.84,54.5,,1808500.0
2013-02-08,54.62,55.26,54.45,55.13,,1083500.0
2013-02-11,55.03,55.23,54.76,55.23,,1173200.0
2013-02-12,55.2,55.4,54.92,55.33,,1098300.0
2013-02-13,55.44,55.71,54.98,55.21,,847100.0
2013-02-14,55.11,55.44,54.96,55.33,,1215900.0
2013-02-15,55.3,55.3,54.68,55.19,,2206600.0
2013-02-19,55.1,55.19,54.62,55.05,,2019100.0
2013-02-20,55.09,55.14,54.49,54.52,,1561600.0
2013-02-21,54.24,54.25,53.23,53.74,,2143000.0
2013-02-22,54.02,54.19,53.69,54.19,,1233000.0
2013-02-25,54.3,54.6,53.67,53.67,,1614900.0
2013-02-26,53.99,54.6,53.93,54.25,,1975500.0
2013-02-27,54.28,55.18,54.19,55.02,,1332100.0
2013-02-28,54.94,55.56,54.88,55.21,,1633300.0
2013-03-01,55.08,56.18,54.61,56.09,,2487100.0
2013-03-04,55.89,56.25,55.78,56.24,,1414300.0
2013-03-05,56.23,57.37,56.23,57.05,,1748400.0
2013-03-06,57.09,57.54,56.87,57.01,,1748900.0
2013-03-07,57.05,57.19,56.4,56.53,,1444500.0
2013-03-08,56.85,57.05,56.63,56.8,,1499900.0
2013-03-11,56.9,57.27,56.77,57.24,,1103900.0
2013-03-12,57.03,57.73,56.92,57.73,,1302500.0
2013-03-13,57.66,57.68,57.19,57.63,,1182500.0
2013-03-14,57.83,57.84,57.3,57.75,,1158900.0
2013-03-15,57.55,57.67,56.8,56.99,,2464200.0
2013-03-18,56.55,56.55,55.69,55.99,,2328900.0
2013-03-19,56.22,56.35,55.57,55.98,,1979100.0
2013-03-20,56.31,56.67,56.25,56.5,,1277100.0
2013-03-21,56.31,56.49,55.45,55.78,,2089000.0
2013-03-22,55.8,55.86,55.51,55.81,,1636900.0
2013-03-25,56.04,56.05,55.46,55.78,,1175900.0
2013-03-26,56.02,56.31,55.86,56.29,,869700.0
2013-03-27,56.06,56.34,55.71,56.3,,1016400.0
2013-03-28,56.12,56.7,55.89,56.62,,1216900.0
2013-04-01,56.5,56.93,56.4,56.7,,1233100.0
2013-04-02,56.91,57.05,56.65,56.9,,1185100.0
2013-04-03,56.95,56.97,56.24,56.63,,2014600.0
2013-04-04,57.04,57.33,56.71,56.92,,2513200.0
2013-04-05,56.26,56.58,56.12,56.41,,2543600.0
2013-04-08,56.45,56.84,56.33,56.74,,1646600.0
2013-04-09,57.3,57.7,57.06,57.57,,2468000.0
2013-04-10,57.58,58.15,57.23,57.92,,1945800.0
2013-04-11,57.98,58.28,57.86,58.02,,1280800.0
2013-04-12,57.73,57.87,57.26,57.71,,1121000.0
2013-04-15,57.26,57.62,56.66,56.66,,1546100.0
2013-04-16,56.65,56.65,55.68,56.48,,2258500.0
2013-04-17,56.21,56.46,55.71,55.89,,1748600.0
2013-04-18,56.03,56.06,54.98,55.28,,1841500.0
2013-04-19,55.51,56.13,55.11,56.13,,2109300.0
2013-04-22,56.16,56.24,55.38,55.67,,1403900.0
2013-04-23,55.95,56.51,55.63,56.36,,1329700.0
2013-04-24,56.23,56.6,56.06,56.18,,1685100.0
2013-04-25,55.98,57.52,55.94,56.97,,2300000.0
2013-04-26,56.84,56.84,56.19,56.46,,1123900.0
2013-04-29,56.58,57.11,56.51,56.98,,1247000.0
2013-04-30,56.91,56.94,56.15,56.91,,1284700.0
2013-05-01,56.84,57.2,56.51,56.67,,1171700.0
2013-05-02,56.87,57.71,56.7,57.09,,1407300.0
2013-05-03,57.37,57.89,57.36,57.57,,945100.0
2013-05-06,57.49,57.78,57.31,57.52,,1044400.0
2013-05-07,57.51,57.66,57.24,57.62,,788600.0
2013-05-08,57.54,57.81,57.34,57.67,,1293100.0
2013-05-09,57.67,58.56,57.56,58.16,,1190900.0
2013-05-10,58.15,59.21,58.0,59.2,,1776700.0
2013-05-13,59.01,59.76,58.88,59.54,,1168800.0
2013-05-14,59.47,60.14,59.34,60.06,,1076400.0
2013-05-15,59.99,60.59,59.98,60.26,,1538400.0
2013-05-16,59.99,60.12,59.59,59.93,,1920500.0
2013-05-17,59.54,59.86,59.26,59.8,,3311400.0
2013-05-20,59.57,60.0,59.47,59.65,,1211100.0
2013-05-21,59.89,60.17,59.73,60.09,,1321400.0
2013-05-22,60.15,60.75,58.45,58.75,,1948800.0
2013-05-23,58.29,58.79,58.1,58.35,,1631500.0
2013-05-24,58.15,58.52,57.78,58.14,,1085500.0
2013-05-28,58.5,59.34,58.48,58.94,,977300.0
2013-05-29,58.58,58.7,58.0,58.35,,1350100.0
2013-05-30,58.35,58.92,58.29,58.45,,1018400.0
2013-05-31,58.33,58.82,57.62,57.62,,1267300.0
2013-06-03,57.63,58.43,57.37,58.42,,1481700.0
2013-06-04,58.42,58.45,57.49,57.89,,828500.0
2013-06-05,57.73,57.89,56.84,57.04,,1327900.0
2013-06-06,57.1,57.61,56.92,57.59,,1323200.0
2013-06-07,57.87,58.32,57.76,58.28,,774000.0
2013-06-10,58.32,58.55,57.99,58.36,,766400.0
2013-06-11,57.94,58.36,57.5,58.0,,841200.0
2013-06-12,58.34,58.36,57.59,57.6,,1043200.0
2013-06-13,57.56,58.83,57.11,58.77,,783100.0
2013-06-14,58.71,59.01,58.26,58.33,,813200.0
2013-06-17,58.7,59.21,58.53,58.85,,1005800.0
2013-06-18,58.84,59.11,58.65,58.73,,1479200.0
2013-06-19,58.81,58.93,57.6,57.67,,1262700.0
2013-06-20,57.04,57.16,56.06,56.19,,1733500.0
2013-06-21,56.7,57.26,56.41,56.93,,1668500.0
2013-06-24,56.49,56.71,55.4,56.2,,1581200.0
2013-06-25,56.64,56.84,55.93,56.32,,937100.0
2013-06-26,56.91,57.23,56.35,56.37,,1248300.0
2013-06-27,56.58,56.69,56.25,56.4,,1302700.0
2013-06-28,56.35,57.04,56.08,56.36,,2393600.0
2013-07-01,56.51,56.79,56.07,56.15,,1453900.0
2013-07-02,56.12,56.69,55.94,56.05,,1573500.0
2013-07-03,55.92,56.18,55.52,55.94,,491500.0
2013-07-05,56.28,56.85,56.14,56.84,,966000.0
2013-07-08,57.08,57.87,56.98,57.66,,1073700.0
2013-07-09,57.64,57.75,57.06,57.57,,1532000.0
2013-07-10,57.62,58.0,57.35,57.82,,938600.0
2013-07-11,58.37,58.8,58.09,58.72,,1058700.0
2013-07-12,58.61,59.01,58.36,58.76,,916700.0
2013-07-15,58.74,59.5,58.68,59.45,,767000.0
2013-07-16,59.63,60.39,59.56,59.84,,1378700.0
2013-07-17,60.08,60.69,59.86,60.45,,1896800.0
2013-07-18,60.45,61.21,60.2,61.0,,1802900.0
2013-07-19,60.62,61.77,60.17,61.77,,3241200.0
2013-07-22,61.72,61.91,61.43,61.84,,1532900.0
2013-07-23,61.94,61.94,61.34,61.91,,1283800.0
2013-07-24,62.05,62.15,61.55,61.72,,961800.0
2013-07-25,61.63,61.83,61.31,61.76,,852300.0
2013-07-26,61.76,61.95,61.29,61.82,,819500.0
2013-07-29,61.57,61.57,60.95,61.3,,1077300.0
2013-07-30,61.55,61.83,61.23,61.36,,751600.0
2013-07-31,61.55,62.09,61.2,61.4,,1389600.0
2013-08-01,61.77,62.25,60.85,62.06,,1032100.0
2013-08-02,62.07,62.22,61.91,62.11,,861300.0
2013-08-05,61.93,62.35,61.6,62.04,,805400.0
2013-08-06,61.99,62.19,61.69,61.84,,1894900.0
2013-08-07,61.66,61.93,61.51,61.69,,1285200.0
2013-08-08,61.85,62.15,61.56,61.78,,928200.0
2013-08-09,61.7,62.01,61.61,61.88,,891900.0
2013-08-12,61.32,61.75,61.12,61.66,,962800.0
2013-08-13,61.83,61.94,61.26,61.77,,759700.0
2013-08-14,61.84,61.95,61.26,61.37,,1179400.0
2013-08-15,60.97,61.13,59.92,60.05,,969800.0
2013-08-16,59.89,59.97,59.23,59.23,,1622700.0
2013-08-19,59.2,59.72,59.1,59.31,,826800.0
2013-08-20,59.26,59.72,58.87,59.47,,1233600.0
2013-08-21,59.44,59.65,58.97,59.2,,912300.0
2013-08-22,59.28,60.2,59.28,59.94,,613900.0
2013-08-23,59.9,60.05,59.33,59.51,,624600.0
2013-08-26,59.6,60.13,59.54,59.59,,879800.0
2013-08-27,59.1,59.12,58.42,58.45,,927400.0
2013-08-28,58.5,58.65,58.03,58.07,,926900.0
2013-08-29,57.95,58.65,57.9,58.31,,955800.0
2013-08-30,58.35,58.45,58.06,58.29,,910000.0
2013-09-03,58.93,59.25,58.11,58.58,,1000700.0
2013-09-04,58.5,58.72,57.96,58.62,,1465900.0
2013-09-05,58.68,59.25,58.47,59.07,,1036800.0
2013-09-06,60.68,61.33,59.31,60.07,,1713200.0
2013-09-09,60.11,60.3,59.8,60.27,,732800.0
2013-09-10,60.73,61.0,60.41,60.6,,1303400.0
2013-09-11,60.65,61.06,60.45,60.63,,1176500.0
2013-09-12,60.53,60.76,60.23,60.56,,1421500.0
2013-09-13,60.56,61.14,60.4,61.1,,1013200.0
2013-09-16,61.65,61.88,61.37,61.72,,1035000.0
2013-09-17,61.7,62.34,61.58,62.18,,1238200.0
2013-09-18,62.04,62.62,61.34,62.55,,1081700.0
2013-09-19,62.52,62.69,62.36,62.42,,826700.0
2013-09-20,62.51,62.62,62.02,62.11,,2599300.0
2013-09-23,61.97,62.25,61.75,62.04,,940800.0
2013-09-24,61.97,62.26,61.67,61.72,,1073900.0
2013-09-25,60.21,60.92,59.88,59.94,,3482500.0
2013-09-26,60.11,60.11,59.44,59.84,,1639400.0
2013-09-27,59.75,59.78,59.13,59.18,,1197500.0
2013-09-30,58.98,59.37,58.74,59.13,,1880000.0
2013-10-01,59.26,59.57,59.09,59.45,,1103400.0
2013-10-02,59.05,59.56,58.9,59.26,,1676700.0
2013-10-03,59.04,59.35,58.55,58.91,,1095800.0
2013-10-04,58.94,59.36,58.85,59.22,,921100.0
2013-10-07,58.88,59.39,58.65,59.08,,755500.0
2013-10-08,59.23,59.81,59.13,59.14,,1561800.0
2013-10-09,59.31,60.32,59.23,59.87,,1828200.0
2013-10-10,60.4,60.91,60.15,60.73,,1297600.0
2013-10-11,60.73,61.52,60.69,61.43,,1260000.0
2013-10-14,61.1,62.09,60.99,61.94,,1261100.0
2013-10-15,61.8,62.04,61.33,61.36,,1631300.0
2013-10-16,61.8,62.57,61.6,62.57,,1099500.0
2013-10-17,62.15,63.53,62.02,63.47,,2322900.0
2013-10-18,63.66,64.38,63.0,64.26,,2696100.0
2013-10-21,64.25,64.25,63.79,64.0,,1131000.0
2013-10-22,64.01,64.49,63.54,64.32,,1142400.0
2013-10-23,64.3,64.8,64.11,64.71,,1223800.0
2013-10-24,64.24,64.96,63.94,64.75,,2494600.0
2013-10-25,64.78,65.35,64.49,65.27,,1483500.0
2013-10-28,65.21,65.49,64.88,65.21,,1031400.0
2013-10-29,65.32,65.32,64.68,65.2,,1902400.0
2013-10-30,65.29,65.43,64.39,64.81,,1820200.0
2013-10-31,64.87,65.02,64.14,64.61,,1821900.0
2013-11-01,64.95,64.95,64.25,64.76,,1350100.0
2013-11-04,64.88,65.08,64.74,64.99,,752900.0
2013-11-05,64.6,64.94,64.42,64.78,,1251400.0
2013-11-06,65.0,65.26,64.45,64.48,,1870400.0
2013-11-07,64.64,64.64,63.73,63.77,,1906200.0
2013-11-08,63.76,64.17,63.46,64.15,,1604400.0
2013-11-11,64.17,64.29,63.89,64.12,,1245800.0
2013-11-12,64.13,64.26,63.69,64.06,,1253000.0
2013-11-13,63.76,64.58,63.51,64.58,,892000.0
2013-11-14,64.73,65.23,64.52,65.15,,932500.0
2013-11-15,65.22,65.43,64.92,64.92,,2007800.0
2013-11-18,65.04,65.17,64.16,64.31,,932300.0
2013-11-19,64.13,64.89,63.86,64.82,,1216400.0
2013-11-20,64.78,64.98,64.4,64.55,,616500.0
2013-11-21,64.8,65.01,64.65,64.86,,838700.0
2013-11-22,64.87,65.12,64.56,64.98,,1003000.0
2013-11-25,65.94,66.05,65.21,65.38,,1481700.0
2013-11-26,65.5,65.72,65.08,65.45,,997800.0
2013-11-27,65.43,65.71,65.22,65.22,,608500.0
2013-11-29,65.25,65.71,65.04,65.1,,515200.0
2013-12-02,65.01,65.4,64.86,64.96,,827300.0
2013-12-03,64.78,64.94,64.24,64.67,,1066900.0
2013-12-04,64.43,64.74,63.65,64.11,,786000.0
2013-12-05,64.03,64.46,63.93,64.0,,762200.0
2013-12-06,64.68,65.21,64.57,65.19,,1092900.0
2013-12-09,65.15,65.31,64.79,65.27,,935700.0
2013-12-10,65.04,65.31,64.74,65.08,,1030300.0
2013-12-11,65.09,65.13,63.58,63.62,,1079400.0
2013-12-12,63.45,63.53,62.82,62.84,,1422400.0
2013-12-13,63.02,63.12,62.3,62.6,,2079500.0
2013-12-16,63.0,63.17,62.46,62.6,,2012900.0
2013-12-17,62.81,62.86,62.32,62.68,,2272600.0
2013-12-18,62.75,64.56,62.52,64.52,,2722900.0
2013-12-19,64.4,64.73,63.9,64.6,,1544200.0
2013-12-20,64.76,65.44,64.6,65.36,,1872900.0
2013-12-23,65.61,65.68,65.24,65.62,,1041500.0
2013-12-24,65.51,65.91,65.39,65.61,,648600.0
2013-12-26,65.61,66.09,65.55,65.95,,519500.0
2013-12-27,66.14,66.17,65.68,65.93,,686400.0
2013-12-30,66.04,66.13,65.79,65.89,,759200.0
2013-12-31,66.1,66.1,65.79,66.0,,1006400.0
2014-01-02,65.98,65.98,65.35,65.55,,1204400.0
2014-01-03,65.02,66.03,65.02,65.74,,719500.0
2014-01-06,66.3,66.4,65.81,66.18,,2301700.0
2014-01-07,65.76,66.68,65.76,66.56,,1576200.0
2014-01-08,66.95,67.82,66.85,67.65,,2146300.0
2014-01-09,67.83,67.94,67.33,67.62,,2129200.0
2014-01-10,67.78,68.98,67.54,68.64,,1879800.0
2014-01-13,68.36,68.77,67.95,68.01,,1482300.0
2014-01-14,68.29,68.86,68.05,68.65,,1573600.0
2014-01-15,68.74,68.94,68.22,68.73,,1166200.0
2014-01-16,68.71,69.28,68.59,69.11,,951800.0
2014-01-17,69.23,69.29,68.58,68.69,,1632900.0
2014-01-21,69.06,69.39,68.74,69.03,,1285800.0
2014-01-22,69.03,69.6,68.94,69.02,,2041800.0
2014-01-23,68.11,69.39,66.88,68.32,,2333200.0
2014-01-24,68.21,68.64,66.85,66.87,,1789100.0
2014-01-27,66.87,67.44,66.57,67.04,,1235800.0
2014-01-28,67.41,68.04,67.22,68.02,,1243600.0
2014-01-29,67.84,67.96,67.18,67.54,,2155500.0
2014-01-30,67.88,68.91,67.82,68.63,,2097300.0
2014-01-31,67.6,68.38,67.58,68.16,,1563600.0
2014-02-03,68.37,68.37,67.03,67.17,,3528300.0
2014-02-04,67.5,67.88,66.96,67.41,,3908000.0
2014-02-05,67.15,68.0,66.94,67.63,,1793700.0
2014-02-06,67.88,68.8,67.78,68.7,,2302100.0
2014-02-07,68.91,69.86,68.76,69.77,,1340000.0
2014-02-10,69.77,70.65,69.46,70.64,,2736000.0
2014-02-11,70.57,71.39,70.42,71.27,,1229400.0
2014-02-12,71.3,71.51,70.87,71.1,,1340300.0
2014-02-13,70.72,72.84,70.66,72.68,,2446500.0
2014-02-14,72.97,73.66,72.44,73.21,,2557100.0
2014-02-18,73.61,73.62,72.5,72.57,,1805700.0
2014-02-19,72.2,72.55,71.65,71.71,,1757000.0
2014-02-20,71.66,72.77,71.3,72.6,,1428100.0
2014-02-21,72.54,73.01,72.02,72.11,,1602100.0
2014-02-24,72.16,72.96,72.11,72.56,,1745500.0
2014-02-25,72.31,72.62,71.55,71.66,,1594600.0
2014-02-26,71.76,72.0,70.92,71.26,,1853400.0
2014-02-27,71.25,71.43,70.84,71.3,,1552800.0
2014-02-28,71.3,71.6,70.13,70.48,,2490500.0
2014-03-03,69.78,70.54,69.77,70.18,,1503800.0
2014-03-04,71.18,72.07,70.98,71.91,,1747700.0
2014-03-05,71.85,71.93,71.12,71.22,,1339200.0
2014-03-06,71.39,71.51,70.89,71.1,,1024700.0
2014-03-07,71.46,71.77,70.87,71.71,,1380300.0
2014-03-10,71.46,71.92,71.46,71.85,,994700.0
2014-03-11,71.79,71.92,71.38,71.7,,1030900.0
2014-03-12,71.37,71.71,71.36,71.7,,920400.0
2014-03-13,72.17,72.26,71.23,71.34,,1970500.0
2014-03-14,71.27,71.71,70.38,70.5,,1490300.0
2014-03-17,70.75,71.29,70.69,70.96,,1204500.0
2014-03-18,71.02,71.67,70.48,71.61,,1405900.0
2014-03-19,71.64,72.0,70.91,71.34,,985900.0
2014-03-20,71.21,71.44,70.72,71.41,,912300.0
2014-03-21,71.95,72.29,70.91,71.02,,2765700.0
2014-03-24,71.33,71.37,69.55,69.66,,2157200.0
2014-03-25,69.89,70.82,69.72,70.21,,1154900.0
2014-03-26,70.54,70.87,69.91,69.91,,1166100.0
2014-03-27,69.95,70.52,69.43,70.42,,1161500.0
2014-03-28,70.73,71.55,70.63,71.01,,828100.0
2014-03-31,71.22,72.01,70.92,71.83,,1112300.0
2014-04-01,72.19,72.46,71.72,72.19,,1082800.0
2014-04-02,72.11,72.82,72.11,72.56,,2052700.0
2014-04-03,72.79,74.27,72.6,74.18,,2873800.0
2014-04-04,74.38,74.81,72.73,72.83,,1570700.0
2014-04-07,72.61,72.73,71.2,71.62,,1501600.0
2014-04-08,71.6,71.99,70.91,71.65,,1764700.0
2014-04-09,71.66,72.44,71.35,72.39,,1426000.0
2014-04-10,72.42,72.48,70.03,70.22,,1199800.0
2014-04-11,69.88,70.56,69.71,69.97,,1894000.0
2014-04-14,70.77,70.84,69.77,70.36,,1572200.0
2014-04-15,70.43,70.6,68.23,70.16,,2291100.0
2014-04-16,70.75,70.76,69.02,69.7,,2154800.0
2014-04-17,69.44,70.05,69.21,69.46,,1337200.0
2014-04-21,69.54,70.3,69.48,70.08,,2066800.0
2014-04-22,70.2,70.34,69.39,69.42,,1729900.0
2014-04-23,69.42,69.75,68.8,69.12,,1904500.0
2014-04-24,70.98,71.22,67.79,68.67,,4159700.0
2014-04-25,68.4,69.17,67.6,67.64,,2050600.0
2014-04-28,68.01,68.16,66.82,67.74,,2373700.0
2014-04-29,68.03,69.01,67.8,68.68,,1612400.0
2014-04-30,68.68,68.79,68.15,68.55,,1116900.0
2014-05-01,68.54,68.72,68.0,68.27,,1164300.0
2014-05-02,68.27,68.8,68.12,68.61,,1057400.0
2014-05-05,68.5,69.59,68.17,69.5,,1700600.0
2014-05-06,69.3,70.03,69.18,69.69,,1701800.0
2014-05-07,69.45,70.08,69.13,70.02,,1261700.0
2014-05-08,70.02,70.91,69.96,70.57,,1562800.0
2014-05-09,70.47,71.09,70.02,71.08,,1263500.0
2014-05-12,71.23,71.76,71.04,71.51,,1307700.0
2014-05-13,71.78,71.81,70.83,70.84,,1379100.0
2014-05-14,70.7,70.73,69.91,70.63,,1688100.0
2014-05-15,70.33,70.36,69.52,69.76,,1254200.0
2014-05-16,69.68,70.65,69.56,70.62,,1420400.0
2014-05-19,70.16,70.85,70.06,70.62,,949600.0
2014-05-20,70.69,71.02,70.27,70.58,,1498200.0
2014-05-21,70.62,70.91,70.48,70.86,,701600.0
2014-05-22,70.87,71.09,70.46,71.06,,853200.0
2014-05-23,70.92,71.05,70.64,70.77,,632500.0
2014-05-27,70.92,70.96,70.5,70.85,,732900.0
2014-05-28,73.62,73.94,71.96,72.86,,5573000.0
2014-05-29,73.38,73.97,73.18,73.97,,1452900.0
2014-05-30,75.28,75.48,73.28,74.49,,3349500.0
2014-06-02,74.71,75.02,74.24,74.79,,1177600.0
2014-06-03,74.7,75.61,74.41,75.35,,1687400.0
2014-06-04,75.28,75.9,75.02,75.41,,2348000.0
2014-06-05,75.35,75.78,75.16,75.63,,1083800.0
2014-06-06,75.61,75.93,75.18,75.44,,1318400.0
2014-06-09,75.3,75.45,74.93,75.39,,1051800.0
2014-06-10,75.6,75.6,74.66,75.03,,1003500.0
2014-06-11,75.19,75.19,74.46,74.73,,979600.0
2014-06-12,74.79,74.79,73.63,73.87,,1539100.0
2014-06-13,74.08,74.09,73.43,73.57,,977100.0
2014-06-16,74.24,76.28,74.04,74.6,,2338600.0
2014-06-17,74.25,74.44,73.76,73.89,,1152600.0
2014-06-18,73.64,74.48,73.64,74.44,,935800.0
2014-06-19,74.59,75.54,74.59,75.51,,1298300.0
2014-06-20,76.04,76.65,75.83,75.9,,2118800.0
2014-06-23,75.72,76.05,75.07,75.17,,890600.0
2014-06-24,75.01,75.46,74.64,74.71,,694400.0
2014-06-25,75.47,75.52,75.02,75.39,,1034700.0
2014-06-26,75.42,75.42,74.82,74.87,,1083900.0
2014-06-27,74.75,75.08,74.16,74.3,,1642200.0
2014-06-30,74.41,74.76,74.24,74.61,,1586800.0
2014-07-01,75.21,76.0,74.97,75.66,,1178400.0
2014-07-02,75.41,75.75,75.12,75.57,,653300.0
2014-07-03,75.68,75.85,75.31,75.77,,443400.0
2014-07-07,75.83,76.02,75.21,75.71,,789700.0
2014-07-08,75.63,75.63,74.2,74.27,,1326400.0
2014-07-09,74.41,74.58,73.9,74.31,,951800.0
2014-07-10,73.79,74.25,73.16,74.05,,1088800.0
2014-07-11,73.95,74.37,73.85,74.35,,562700.0
2014-07-14,74.68,74.76,73.65,73.84,,1232800.0
2014-07-15,72.44,74.33,72.44,73.21,,1787400.0
2014-07-16,73.66,73.66,72.68,72.82,,1295400.0
2014-07-17,72.35,73.24,71.83,72.3,,510905.0
2014-07-18,72.68,73.29,71.68,72.7,,407992.0
2014-07-21,72.46,72.75,71.86,72.2,,1461000.0
2014-07-22,72.51,72.9,72.23,72.46,,1112000.0
2014-07-23,72.79,72.92,72.22,72.39,,1429400.0
2014-07-24,72.45,72.45,71.28,71.49,,4129400.0
2014-07-25,71.53,71.76,70.89,71.18,,1730400.0
2014-07-28,71.26,71.26,70.61,70.87,,2007100.0
2014-07-29,70.91,71.35,70.74,70.98,,1542400.0
2014-07-30,71.15,71.49,70.87,71.15,,1233600.0
2014-07-31,70.91,71.27,70.52,70.59,,2000500.0
2014-08-01,70.23,71.02,70.16,70.79,,392884.0
2014-08-04,70.79,71.46,70.61,71.3,,272191.0
2014-08-05,71.03,71.45,70.57,70.78,,1350100.0
2014-08-06,70.25,70.97,70.25,70.63,,1406600.0
2014-08-07,70.7,70.91,69.88,70.13,,1840800.0
2014-08-08,70.35,70.75,69.83,70.62,,1133600.0
2014-08-11,70.91,70.91,70.33,70.39,,739600.0
2014-08-12,70.77,70.81,70.29,70.43,,1442800.0
2014-08-13,70.78,71.5,70.69,71.45,,1629500.0
2014-08-14,71.58,72.01,71.28,71.6,,1093000.0
2014-08-15,71.87,71.87,70.6,71.21,,907200.0
2014-08-18,71.73,72.0,71.44,71.96,,743300.0
2014-08-19,71.9,72.58,71.75,72.54,,944100.0
2014-08-20,72.24,72.56,71.94,72.46,,829700.0
2014-08-21,72.37,73.4,72.29,73.36,,1307400.0
2014-08-22,73.25,73.26,72.59,72.68,,977000.0
2014-08-25,73.89,74.1,73.64,73.9,,1065000.0
2014-08-26,73.02,73.52,72.64,73.31,,1771400.0
2014-08-27,73.21,73.29,72.68,72.85,,592600.0
2014-08-28,72.67,73.18,72.46,73.15,,764300.0
2014-08-29,73.29,73.87,73.06,73.72,,1136300.0
2014-09-02,73.98,73.98,73.23,73.55,,1073100.0
2014-09-03,73.89,74.1,73.64,73.9,,1006200.0
2014-09-04,74.06,74.6,73.54,73.74,,887000.0
2014-09-05,73.69,74.48,73.3,74.44,,728300.0
2014-09-08,74.39,74.64,74.25,74.57,,967800.0
2014-09-09,74.58,74.7,74.04,74.11,,753700.0
2014-09-10,74.37,74.47,74.06,74.25,,961900.0
2014-09-11,73.97,74.59,73.83,74.54,,819500.0
2014-09-12,74.5,74.64,73.64,73.85,,888000.0
2014-09-15,73.78,74.1,73.48,73.8,,566700.0
2014-09-16,73.96,74.59,73.19,74.38,,922200.0
2014-09-17,74.4,74.79,74.04,74.28,,1052500.0
2014-09-18,74.73,74.85,74.04,74.39,,2065800.0
2014-09-19,74.72,74.88,73.23,73.3,,2694800.0
2014-09-22,73.07,73.3,72.61,72.68,,1042180.0
2014-09-23,72.1,72.37,71.9,72.13,,1524979.0
2014-09-24,72.28,72.83,71.96,72.67,,865751.0
2014-09-25,72.69,72.7,71.61,71.88,,2099096.0
2014-09-26,72.06,72.69,71.91,72.39,,1278476.0
2014-09-29,71.78,72.45,71.7,72.41,,1020588.0
2014-09-30,72.35,72.49,71.71,71.72,,954570.0
2014-10-01,71.97,72.49,71.21,72.24,,2467392.0
2014-10-02,72.03,72.9,71.87,72.6,,1356455.0
2014-10-03,73.17,73.51,72.95,73.28,,1434337.0
2014-10-06,73.84,74.69,73.79,74.34,,1377620.0
2014-10-07,73.87,73.96,73.18,73.22,,1511053.0
2014-10-08,73.36,74.92,73.2,74.92,,1859191.0
2014-10-09,74.67,75.27,73.6,73.65,,1339565.0
2014-10-10,73.36,74.27,72.74,72.74,,1338160.0
2014-10-13,72.47,73.12,72.11,72.14,,2010597.0
2014-10-14,72.52,73.14,71.48,71.62,,2704622.0
2014-10-15,70.67,71.03,69.16,70.59,,2981820.0
2014-10-16,69.8,71.05,69.59,70.34,,2545907.0
2014-10-17,70.51,71.82,70.49,71.3,,3047561.0
2014-10-20,70.9,71.97,70.73,71.94,,1528969.0
2014-10-21,72.42,73.34,72.42,72.96,,1603708.0
2014-10-22,73.05,73.76,72.92,73.33,,1552863.0
2014-10-23,74.14,74.55,73.81,74.19,,1202618.0
2014-10-24,73.98,74.99,73.98,74.8,,669480.0
2014-10-27,74.76,75.22,74.69,74.95,,783959.0
2014-10-28,75.5,76.61,75.42,76.55,,1408306.0
2014-10-29,76.59,77.05,76.4,76.99,,1363969.0
2014-10-30,76.54,77.49,76.53,77.31,,1375214.0
2014-10-31,78.05,78.35,77.65,77.74,,1287909.0
2014-11-03,77.59,77.98,77.04,77.14,,1241251.0
2014-11-04,77.17,77.91,77.08,77.85,,1075853.0
2014-11-05,78.18,78.36,77.87,78.18,,2155895.0
2014-11-06,78.4,78.83,78.21,78.65,,1022144.0
2014-11-07,78.45,78.6,77.4,77.69,,2027243.0
2014-11-10,77.61,78.6,77.27,78.55,,819662.0
2014-11-11,78.51,79.05,78.37,78.76,,543288.0
2014-11-12,78.49,78.89,78.37,78.68,,616675.0
2014-11-13,78.86,79.26,78.49,78.91,,887701.0
2014-11-14,78.73,78.73,77.88,78.16,,701059.0
2014-11-17,78.02,78.74,77.87,78.63,,605650.0
2014-11-18,78.68,80.2,78.52,80.08,,1289617.0
2014-11-19,79.83,80.16,79.56,79.62,,916973.0
2014-11-20,79.47,79.79,79.0,79.63,,654560.0
2014-11-21,80.58,80.63,79.85,80.03,,1557588.0
2014-11-24,80.51,81.31,80.03,81.18,,1794354.0
2014-11-25,81.22,81.79,81.12,81.62,,1532678.0
2014-11-26,81.62,82.08,81.47,82.04,,834537.0
2014-11-28,82.28,83.37,82.27,82.52,,680864.0
2014-12-01,82.42,83.11,82.04,82.57,,818126.0
2014-12-02,82.79,84.32,82.78,84.08,,1558382.0
2014-12-03,84.04,84.06,83.45,83.94,,1108488.0
2014-12-04,83.6,84.39,83.42,83.83,,617485.0
2014-12-05,83.74,84.38,83.55,84.04,,642928.0
2014-12-08,83.95,84.71,83.85,84.02,,945698.0
2014-12-09,83.25,83.91,82.75,83.85,,918523.0
2014-12-10,83.75,84.0,82.04,82.28,,1656764.0
2014-12-11,82.75,83.45,82.56,82.97,,1469457.0
2014-12-12,82.27,82.92,81.63,81.71,,1233616.0
2014-12-15,82.2,82.48,80.79,81.18,,1422254.0
2014-12-16,80.92,82.26,80.61,80.63,,1354717.0
2014-12-17,80.79,82.62,80.44,82.45,,1563675.0
2014-12-18,83.46,85.13,83.14,85.12,,1727169.0
2014-12-19,85.38,85.8,83.94,84.19,,2610373.0
2014-12-22,84.21,84.8,84.06,84.37,,1111139.0
2014-12-23,84.79,87.26,83.55,85.81,,3601688.0
2014-12-24,85.78,86.08,85.26,85.27,,631746.0
2014-12-26,85.39,85.59,84.84,84.95,,583049.0
2014-12-29,84.99,85.19,84.5,85.08,,749443.0
2014-12-30,85.07,85.65,84.78,85.18,,679597.0
2014-12-31,85.56,85.87,84.01,84.09,,888059.0
2015-01-02,84.42,85.08,83.02,83.78,,1524254.0
2015-01-05,80.96,83.53,80.96,82.49,,1825503.0
2015-01-06,82.65,83.3,81.63,82.37,,1854966.0
2015-01-07,82.96,84.22,82.86,83.93,,1145421.0
2015-01-08,84.71,85.57,84.71,85.36,,1368804.0
2015-01-09,85.08,85.39,84.18,84.33,,757757.0
2015-01-12,84.59,84.59,83.66,83.81,,772490.0
2015-01-13,84.38,85.12,83.19,83.99,,1125913.0
2015-01-14,83.15,83.23,81.72,83.12,,1986337.0
2015-01-15,83.4,83.4,81.51,81.56,,1491201.0
2015-01-16,81.19,82.5,80.93,82.41,,1435498.0
2015-01-20,82.94,83.1,80.85,81.71,,1894262.0
2015-01-21,81.43,82.39,81.23,82.11,,1156584.0
2015-01-22,82.41,83.23,81.79,83.23,,1277376.0
2015-01-23,83.11,83.53,82.54,82.63,,961450.0
2015-01-26,82.38,82.61,81.81,82.5,,1082771.0
2015-01-27,81.77,82.88,81.42,82.3,,1510792.0
2015-01-28,83.01,84.73,82.45,82.68,,1944134.0
2015-01-29,82.53,83.54,81.52,83.51,,1300821.0
2015-01-30,82.55,83.03,81.06,81.16,,1303037.0
2015-02-02,81.43,81.8,80.07,81.79,,1248592.0
2015-02-03,82.14,82.71,81.47,82.67,,1045803.0
2015-02-04,82.95,83.35,82.23,82.43,,1557673.0
2015-02-05,82.98,83.72,82.82,83.5,,1259996.0
2015-02-06,83.43,83.78,82.38,82.64,,1182323.0
2015-02-09,82.07,82.82,81.53,81.92,,793946.0
2015-02-10,82.45,83.06,82.13,82.95,,662551.0
2015-02-11,82.83,83.36,82.32,82.86,,838762.0
2015-02-12,83.3,83.52,82.8,83.23,,967084.0
2015-02-13,83.12,84.28,82.97,84.25,,1175110.0
2015-02-17,84.55,84.86,83.72,84.75,,1340528.0
2015-02-18,84.78,84.96,84.19,84.91,,1008244.0
2015-02-19,84.77,85.03,84.07,84.29,,839001.0
2015-02-20,83.76,84.98,83.57,84.91,,1115702.0
2015-02-23,84.91,85.4,84.73,85.22,,875880.0
2015-02-24,85.03,85.31,84.38,84.58,,1093826.0
2015-02-25,84.4,84.6,84.04,84.3,,990426.0
2015-02-26,84.34,84.56,83.81,84.15,,998217.0
2015-02-27,84.19,84.91,84.1,84.46,,1340035.0
2015-03-02,84.53,85.73,84.53,85.58,,1081359.0
2015-03-03,85.32,85.42,82.22,82.4,,2993627.0
2015-03-04,82.32,82.93,81.61,82.34,,1587800.0
2015-03-05,82.32,83.02,82.31,82.89,,1543540.0
2015-03-06,82.45,82.45,80.06,80.29,,2129944.0
2015-03-09,80.56,81.25,80.55,81.14,,1021798.0
2015-03-10,80.33,80.99,80.08,80.49,,1538862.0
2015-03-11,80.55,81.08,80.33,80.64,,1107286.0
2015-03-12,80.72,82.04,80.64,81.96,,892088.0
2015-03-13,81.86,82.37,80.86,81.38,,1254442.0
2015-03-16,81.87,82.94,81.87,82.7,,1177059.0
2015-03-17,82.09,82.4,81.73,81.91,,1036303.0
2015-03-18,81.63,83.64,81.38,83.0,,1382006.0
2015-03-19,82.92,83.58,82.76,83.41,,945515.0
2015-03-20,83.83,84.15,83.29,83.48,,2101931.0
2015-03-23,83.34,83.95,83.03,83.53,,918810.0
2015-03-24,83.41,84.09,83.22,83.27,,961115.0
2015-03-25,83.36,84.01,82.2,82.27,,1190188.0
2015-03-26,81.92,82.21,81.38,81.59,,1049713.0
2015-03-27,81.65,82.97,81.65,82.82,,1229695.0
2015-03-30,83.32,83.98,83.04,83.7,,1016592.0
2015-03-31,83.09,83.73,82.54,82.54,,1199545.0
2015-04-01,82.73,82.83,81.09,81.58,,2006155.0
2015-04-02,80.72,82.2,80.69,81.53,,1043153.0
2015-04-06,80.93,82.48,80.85,82.1,,1152611.0
2015-04-07,82.26,82.66,81.83,81.85,,1038870.0
2015-04-08,82.03,82.62,81.79,82.33,,1093376.0
2015-04-09,82.13,83.31,81.97,83.27,,1380151.0
2015-04-10,83.14,84.16,83.14,83.87,,1102708.0
2015-04-13,83.53,84.08,83.16,83.3,,1334885.0
2015-04-14,83.12,83.46,82.22,82.8,,1478116.0
2015-04-15,82.83,83.18,82.4,82.57,,752132.0
2015-04-16,82.45,82.67,82.12,82.48,,877039.0
2015-04-17,81.9,83.02,81.57,82.76,,2042376.0
2015-04-20,83.21,83.69,82.97,83.52,,1345311.0
2015-04-21,84.1,84.83,83.86,84.74,,1959478.0
2015-04-22,85.0,87.06,85.0,86.3,,2463636.0
2015-04-23,86.3,87.16,86.07,86.95,,1620228.0
2015-04-24,86.58,86.93,86.31,86.7,,1284524.0
2015-04-27,87.18,87.18,84.55,84.67,,1841082.0
2015-04-28,84.66,85.37,83.7,85.09,,1619112.0
2015-04-29,84.95,84.95,83.37,84.39,,1259970.0
2015-04-30,83.75,84.09,82.11,82.53,,1923519.0
2015-05-01,83.04,83.61,82.74,83.57,,1275719.0
2015-05-04,83.79,84.24,83.62,83.77,,1044971.0
2015-05-05,83.4,83.7,82.73,83.12,,1028689.0
2015-05-06,83.54,83.63,82.43,82.82,,984850.0
2015-05-07,82.65,83.46,82.65,82.86,,801515.0
2015-05-08,83.9,84.82,83.65,84.6,,1258527.0
2015-05-11,84.63,84.89,84.28,84.43,,741510.0
2015-05-12,84.09,84.23,83.24,83.28,,1098264.0
2015-05-13,83.34,83.93,82.95,83.13,,821373.0
2015-05-14,83.8,85.3,83.51,85.23,,1319703.0
2015-05-15,85.2,85.61,85.0,85.45,,1260927.0
2015-05-18,85.62,86.69,85.47,86.42,,995748.0
2015-05-19,86.32,86.75,86.04,86.5,,1025994.0
2015-05-20,86.49,87.3,86.49,86.59,,983818.0
2015-05-21,86.47,86.64,86.01,86.25,,744305.0
2015-05-22,86.06,86.53,85.71,86.29,,1268718.0
2015-05-26,86.22,86.22,85.27,85.47,,1164382.0
2015-05-27,85.89,86.6,85.49,86.42,,889481.0
2015-05-28,86.3,86.73,85.74,86.11,,862552.0
2015-05-29,86.03,86.9,85.65,86.01,,1330016.0
2015-06-01,86.49,86.64,85.39,86.0,,831414.0
2015-06-02,85.67,86.46,85.12,85.99,,776937.0
2015-06-03,86.3,86.3,85.54,85.93,,604992.0
2015-06-04,85.69,85.87,84.76,85.03,,968026.0
2015-06-05,85.03,85.34,84.54,85.18,,782969.0
2015-06-08,84.96,85.41,84.64,84.66,,610650.0
2015-06-09,84.52,84.77,84.06,84.25,,757143.0
2015-06-10,84.55,85.99,84.25,85.9,,1194562.0
2015-06-11,86.0,86.65,85.78,86.38,,798484.0
2015-06-12,85.99,86.33,85.47,85.6,,629206.0
2015-06-15,85.04,85.15,84.01,84.7,,1187631.0
2015-06-16,84.61,85.28,84.43,85.14,,720320.0
2015-06-17,85.3,85.44,84.61,85.09,,686146.0
2015-06-18,85.37,87.08,85.33,86.92,,1081593.0
2015-06-19,86.84,87.06,86.53,86.68,,1134928.0
2015-06-22,87.24,87.59,86.99,87.15,,604707.0
2015-06-23,87.06,87.38,86.32,86.45,,957861.0
2015-06-24,86.26,87.03,86.01,86.54,,1393475.0
2015-06-25,86.69,86.95,86.15,86.3,,859998.0
2015-06-26,86.63,87.94,86.48,87.4,,1492833.0
2015-06-29,86.79,87.39,85.55,85.62,,1153382.0
2015-06-30,86.47,86.63,85.61,85.81,,980763.0
2015-07-01,86.4,86.58,85.69,86.26,,782998.0
2015-07-02,86.42,86.46,85.52,85.98,,641291.0
2015-07-06,85.23,86.24,85.09,86.19,,852177.0
2015-07-07,86.54,87.09,85.34,87.01,,1012483.0
2015-07-08,86.6,86.66,85.66,85.68,,907020.0
2015-07-09,86.87,86.98,85.87,85.89,,949314.0
2015-07-10,86.83,87.01,86.03,86.53,,1193616.0
2015-07-13,87.1,87.72,87.01,87.66,,745516.0
2015-07-14,87.79,88.44,87.5,88.23,,783873.0
2015-07-15,88.24,88.26,87.49,87.55,,1064742.0
2015-07-16,88.25,88.29,87.45,88.15,,1110168.0
2015-07-17,87.88,88.21,87.51,88.18,,867349.0
2015-07-20,88.24,88.59,88.04,88.33,,625411.0
2015-07-21,88.41,89.11,88.19,88.95,,1220892.0
2015-07-22,88.79,89.08,88.06,88.48,,1349092.0
2015-07-23,88.86,88.86,88.0,88.22,,1612813.0
2015-07-24,89.83,93.37,89.64,90.66,,3012425.0
2015-07-27,90.54,90.86,89.51,89.81,,2173004.0
2015-07-28,90.3,91.36,89.77,91.23,,1113880.0
2015-07-29,91.64,91.85,91.02,91.57,,1222804.0
2015-07-30,91.42,91.6,90.97,91.44,,674129.0
2015-07-31,91.51,92.3,91.22,91.83,,1242849.0
2015-08-03,91.86,92.21,90.62,91.15,,971741.0
2015-08-04,91.41,91.96,90.93,91.12,,913601.0
2015-08-05,91.8,92.81,91.59,92.59,,1436427.0
2015-08-06,92.46,92.91,90.71,90.97,,1159620.0
2015-08-07,90.97,91.05,89.68,90.63,,1092794.0
2015-08-10,91.33,92.03,91.16,91.76,,722514.0
2015-08-11,90.96,91.54,90.51,91.42,,1115750.0
2015-08-12,91.48,92.76,90.64,92.6,,1959858.0
2015-08-13,92.39,93.24,91.77,92.46,,1533854.0
2015-08-14,92.32,93.15,92.18,93.06,,831299.0
2015-08-17,92.73,93.6,92.12,93.51,,786715.0
2015-08-18,93.32,93.78,93.14,93.66,,685358.0
2015-08-19,93.27,94.58,92.44,93.86,,1163591.0
2015-08-20,92.98,93.31,92.03,92.05,,1027028.0
2015-08-21,91.23,91.39,89.2,89.22,,1783590.0
2015-08-24,85.43,87.63,82.44,85.85,,2560771.0
2015-08-25,88.31,88.38,85.65,85.74,,2489429.0
2015-08-26,87.8,88.75,85.89,88.72,,2182670.0
2015-08-27,89.74,90.96,89.3,90.76,,2286657.0
2015-08-28,90.15,90.51,88.97,89.51,,2478309.0
2015-08-31,89.32,90.1,88.35,88.58,,1811975.0
2015-09-01,86.79,87.21,85.16,85.71,,2028667.0
2015-09-02,86.79,87.12,85.85,87.01,,1430662.0
2015-09-03,87.54,87.88,86.55,86.81,,1661418.0
2015-09-04,85.94,86.43,84.87,85.61,,1444039.0
2015-09-08,86.95,88.56,86.95,88.51,,1893087.0
2015-09-09,89.29,89.36,87.17,87.36,,1611863.0
2015-09-10,87.34,88.79,87.05,88.26,,1735708.0
2015-09-11,87.84,89.57,87.62,89.48,,2049109.0
2015-09-14,89.48,89.74,88.32,88.68,,1159026.0
2015-09-15,88.87,89.9,88.68,89.65,,945832.0
2015-09-16,89.49,90.55,89.39,90.33,,1218320.0
2015-09-17,90.32,91.78,89.95,90.29,,1683876.0
2015-09-18,89.37,89.93,88.94,89.09,,4145992.0
2015-09-21,89.81,90.42,88.72,89.44,,1229319.0
2015-09-22,88.36,88.8,87.74,88.5,,1295840.0
2015-09-23,88.22,88.78,87.87,88.52,,1332135.0
2015-09-24,87.96,88.35,87.45,88.19,,1714243.0
2015-09-25,88.86,89.3,86.47,87.01,,1564503.0
2015-09-28,86.03,86.53,82.67,83.28,,2580854.0
2015-09-29,83.72,84.86,83.31,84.02,,1653408.0
2015-09-30,84.98,85.48,83.7,84.81,,1684338.0
2015-10-01,85.17,85.59,84.4,85.54,,1785608.0
2015-10-02,84.83,86.93,84.29,86.93,,1592979.0
2015-10-05,86.42,87.8,86.42,87.32,,1457128.0
2015-10-06,87.09,87.22,84.94,85.55,,1477852.0
2015-10-07,85.92,86.55,85.17,86.52,,1039847.0
2015-10-08,86.36,87.75,86.02,87.74,,1301619.0
2015-10-09,87.58,88.74,87.33,88.1,,1459558.0
2015-10-12,87.88,88.99,87.76,88.78,,792018.0
2015-10-13,88.55,89.27,87.82,87.93,,875977.0
2015-10-14,87.96,88.66,87.13,87.33,,1267871.0
2015-10-15,87.78,89.01,87.0,88.94,,1225974.0
2015-10-16,89.5,90.18,88.59,90.15,,1249070.0
2015-10-19,89.78,90.58,89.51,90.54,,927940.0
2015-10-20,90.24,90.51,89.13,89.41,,1121407.0
2015-10-21,89.87,90.1,88.83,89.94,,2038739.0
2015-10-22,90.28,90.3,88.42,88.8,,2432820.0
2015-10-23,88.36,88.65,84.74,85.11,,4007230.0
2015-10-26,85.04,85.4,84.32,84.63,,2325046.0
2015-10-27,84.63,85.42,83.74,84.57,,1794312.0
2015-10-28,84.57,86.38,83.87,86.31,,1735356.0
2015-10-29,85.98,87.14,85.94,86.38,,1121088.0
2015-10-30,86.58,86.88,86.04,86.18,,1371506.0
2015-11-02,86.37,87.34,86.28,87.16,,1152468.0
2015-11-03,87.09,87.52,86.39,87.24,,987009.0
2015-11-04,87.24,88.18,87.12,87.87,,1438941.0
2015-11-05,87.89,88.12,87.13,87.95,,1619131.0
2015-11-06,87.59,87.97,86.91,87.96,,1286116.0
2015-11-09,87.65,87.95,86.79,87.25,,1049127.0
2015-11-10,87.21,88.06,87.21,87.96,,866283.0
2015-11-11,88.13,88.55,87.75,87.99,,1054374.0
2015-11-12,86.95,87.47,86.14,86.17,,2023409.0
2015-11-13,85.75,86.9,85.75,86.19,,1373302.0
2015-11-16,86.15,87.15,85.79,87.11,,1037020.0
2015-11-17,87.16,87.64,86.83,87.07,,1585836.0
2015-11-18,87.25,87.62,86.93,87.43,,1595517.0
2015-11-19,87.25,87.41,85.94,85.99,,1515173.0
2015-11-20,86.5,87.57,86.13,86.95,,1782820.0
2015-11-23,87.01,87.57,86.41,86.59,,1707608.0
2015-11-24,85.97,87.14,85.71,87.07,,1363122.0
2015-11-25,87.07,88.0,86.74,87.62,,993877.0
2015-11-27,87.93,88.62,87.57,88.4,,775421.0
2015-11-30,88.66,89.03,86.93,86.93,,4368023.0
2015-12-01,87.73,88.2,86.93,87.23,,1476537.0
2015-12-02,87.38,87.57,86.62,86.75,,1221932.0
2015-12-03,86.75,87.02,83.3,83.44,,2564865.0
2015-12-04,83.68,85.06,83.52,85.02,,1388160.0
2015-12-07,85.05,85.43,84.31,84.84,,1008992.0
2015-12-08,84.43,84.66,83.82,84.28,,1044979.0
2015-12-09,83.85,84.65,83.05,83.2,,1722930.0
2015-12-10,83.26,84.37,83.25,83.75,,937143.0
2015-12-11,82.92,83.49,82.52,83.09,,1325140.0
2015-12-14,81.38,82.91,81.38,82.38,,2001592.0
2015-12-15,83.03,83.81,82.61,83.31,,1707488.0
2015-12-16,83.87,84.83,83.37,84.65,,1534660.0
2015-12-17,84.64,84.95,83.55,83.55,,1735512.0
2015-12-18,83.13,83.18,82.25,82.25,,2068756.0
2015-12-21,82.62,83.18,81.87,82.39,,1192921.0
2015-12-22,82.86,83.7,82.12,83.57,,952644.0
2015-12-23,84.06,84.89,83.69,84.83,,956630.0
2015-12-24,84.78,85.51,84.72,85.04,,466412.0
2015-12-28,84.58,84.92,84.39,84.67,,861073.0
2015-12-29,85.37,86.12,84.8,85.79,,926360.0
2015-12-30,85.71,86.06,85.12,85.28,,1226184.0
2015-12-31,84.72,85.0,84.08,84.1,,912855.0
2016-01-04,82.77,82.83,81.04,81.46,,2089884.0
2016-01-05,81.55,82.36,81.42,82.24,,1533716.0
2016-01-06,81.16,82.44,81.16,82.12,,2083798.0
2016-01-07,81.01,81.51,79.64,80.03,,2029986.0
2016-01-08,80.53,81.17,79.34,79.53,,1577083.0
2016-01-11,79.76,80.05,78.43,79.2,,1763076.0
2016-01-12,79.65,80.62,79.3,80.29,,1536416.0
2016-01-13,81.05,83.02,80.35,80.81,,3088662.0
2016-01-14,80.98,82.81,80.84,82.27,,1982769.0
2016-01-15,80.67,82.6,80.29,82.44,,2818337.0
2016-01-19,83.21,83.93,81.95,82.85,,2683948.0
2016-01-20,81.81,82.99,80.14,82.34,,1968109.0
2016-01-21,82.73,83.48,81.71,83.15,,2072363.0
2016-01-22,83.78,85.01,83.64,84.98,,1731062.0
2016-01-25,84.85,85.98,84.52,85.43,,2693895.0
2016-01-26,85.51,87.01,85.07,86.88,,2651889.0
2016-01-27,88.51,91.55,88.51,89.22,,6550017.0
2016-01-28,89.52,89.68,87.34,88.05,,3584877.0
2016-01-29,88.63,90.4,87.92,89.72,,3146617.0
2016-02-01,87.58,90.12,87.37,89.73,,2575792.0
2016-02-02,88.87,90.5,88.53,89.61,,1868564.0
2016-02-03,90.4,90.48,88.21,89.66,,2215419.0
2016-02-04,89.58,90.52,89.2,90.07,,1594364.0
2016-02-05,89.62,89.96,87.31,87.69,,2017770.0
2016-02-08,86.95,87.28,85.34,86.92,,2147917.0
2016-02-09,85.9,88.06,85.9,87.45,,1877215.0
2016-02-10,88.21,89.68,88.21,88.77,,1537910.0
2016-02-11,87.3,88.12,86.57,87.01,,1921108.0
2016-02-12,87.72,88.18,86.65,88.07,,1286437.0
2016-02-16,89.08,89.08,87.76,88.13,,1932320.0
2016-02-17,88.76,88.88,87.05,87.13,,2899977.0
2016-02-18,86.9,88.21,86.68,87.72,,1645209.0
2016-02-19,87.59,88.61,87.07,88.42,,1580941.0
2016-02-22,89.13,89.69,88.77,89.62,,1437186.0
2016-02-23,89.14,90.13,88.98,89.46,,1327760.0
2016-02-24,88.98,90.21,88.48,90.1,,826117.0
2016-02-25,90.03,92.25,90.02,92.11,,1724667.0
2016-02-26,92.37,92.92,91.47,91.72,,1552852.0
2016-02-29,91.43,91.64,90.33,90.38,,1161321.0
2016-03-01,90.85,91.55,89.96,91.32,,1069759.0
2016-03-02,91.38,91.98,90.86,91.86,,1175314.0
2016-03-03,92.3,93.2,91.52,93.11,,1622331.0
2016-03-04,92.78,94.11,92.78,93.61,,1946813.0
2016-03-07,92.91,93.2,92.59,93.06,,1443081.0
2016-03-08,92.01,93.35,88.68,93.0,,2104569.0
2016-03-09,93.09,93.69,92.94,93.31,,1592685.0
2016-03-10,93.64,94.2,92.58,93.88,,1785489.0
2016-03-11,94.59,95.03,94.09,95.01,,1797514.0
2016-03-14,94.88,95.47,94.27,95.18,,1090817.0
2016-03-15,94.34,95.0,94.22,94.87,,1245263.0
2016-03-16,94.11,95.54,94.11,95.19,,1193413.0
2016-03-17,95.19,95.25,93.35,93.47,,1822010.0
2016-03-18,93.97,95.12,93.08,94.96,,2047471.0
2016-03-21,94.73,95.12,94.06,94.88,,1094284.0
2016-03-22,94.81,95.34,94.44,94.96,,1366705.0
2016-03-23,94.91,95.87,94.74,95.54,,1610615.0
2016-03-24,95.62,95.82,94.41,95.21,,1176833.0
2016-03-28,95.25,95.62,94.84,95.06,,967139.0
2016-03-29,95.17,97.09,94.99,97.05,,1015023.0
2016-03-30,97.47,97.93,97.07,97.21,,1011546.0
2016-03-31,96.97,98.03,96.35,97.43,,1478398.0
2016-04-01,96.91,98.99,96.49,98.54,,1753104.0
2016-04-04,98.98,99.7,98.55,99.28,,1235529.0
2016-04-05,98.86,99.24,96.85,97.2,,2634967.0
2016-04-06,97.21,98.85,97.21,98.28,,2075128.0
2016-04-07,97.9,98.39,97.45,98.03,,1340135.0
2016-04-08,98.39,98.91,98.07,98.56,,1227752.0
2016-04-11,98.52,98.93,98.23,98.3,,1912587.0
2016-04-12,98.2,99.4,98.2,99.39,,1283281.0
2016-04-13,99.22,99.82,98.98,99.54,,1469587.0
2016-04-14,99.78,100.26,99.49,99.98,,1047039.0
2016-04-15,99.81,99.97,98.93,99.71,,1588442.0
2016-04-18,99.67,100.36,99.16,100.24,,1039660.0
2016-04-19,100.29,100.78,98.99,99.64,,1388432.0
2016-04-20,99.49,101.02,99.28,100.55,,1969060.0
2016-04-21,102.16,103.38,98.45,99.26,,3236923.0
2016-04-22,99.38,99.94,98.17,99.34,,1837756.0
2016-04-25,99.28,99.54,98.84,99.43,,998420.0
2016-04-26,99.47,99.99,98.94,99.44,,1137276.0
2016-04-27,100.18,100.8,99.1,99.92,,1213544.0
2016-04-28,99.48,100.33,99.21,99.49,,1525972.0
2016-04-29,96.9,99.4,96.9,98.99,,1487240.0
2016-05-02,99.28,100.09,99.0,99.83,,917423.0
2016-05-03,99.41,99.68,98.79,99.13,,851296.0
2016-05-04,98.63,99.11,98.08,98.61,,936723.0
2016-05-05,98.54,100.02,98.33,100.0,,1707273.0
2016-05-06,99.72,100.99,99.45,100.99,,1749300.0
2016-05-09,100.91,101.91,100.91,101.09,,960576.0
2016-05-10,101.14,101.62,100.9,101.48,,1669941.0
2016-05-11,101.53,102.04,101.13,101.23,,1439919.0
2016-05-12,101.27,101.99,100.66,101.54,,1048154.0
2016-05-13,101.62,101.71,100.26,100.71,,1050700.0
2016-05-16,100.67,102.33,100.64,102.02,,1032074.0
2016-05-17,101.75,102.09,99.67,100.02,,1168615.0
2016-05-18,99.75,100.5,99.11,99.76,,998554.0
2016-05-19,99.19,99.53,98.64,99.43,,804507.0
2016-05-20,100.04,100.57,99.71,100.12,,1325847.0
2016-05-23,100.04,100.43,99.72,100.13,,650581.0
2016-05-24,100.43,101.59,100.25,101.4,,980337.0
2016-05-25,101.57,102.1,101.41,101.59,,1086412.0
2016-05-26,101.5,102.06,101.22,101.32,,763954.0
2016-05-27,101.33,101.8,101.03,101.5,,696336.0
2016-05-31,101.11,101.66,100.41,100.94,,2785481.0
2016-06-01,101.06,101.55,100.31,101.4,,1002833.0
2016-06-02,101.52,102.31,101.06,102.3,,1145836.0
2016-06-03,102.04,103.18,101.57,103.12,,1618505.0
2016-06-06,102.99,103.62,102.92,103.09,,1490583.0
2016-06-07,103.09,103.16,102.22,102.24,,1407360.0
2016-06-08,102.16,103.8,102.06,103.78,,1237588.0
2016-06-09,103.87,105.25,103.39,104.73,,1474709.0
2016-06-10,104.29,104.44,103.42,104.03,,891763.0
2016-06-13,104.03,104.92,103.85,103.92,,1200215.0
2016-06-14,103.64,104.81,103.39,104.81,,1453846.0
2016-06-15,104.81,105.14,103.43,103.83,,1034307.0
2016-06-16,103.55,104.28,102.81,104.08,,865226.0
2016-06-17,104.16,104.57,102.88,103.87,,1345354.0
2016-06-20,104.93,106.24,104.88,105.42,,1604069.0
2016-06-21,105.8,106.17,105.22,105.75,,1043825.0
2016-06-22,106.01,106.49,105.75,105.9,,1261209.0
2016-06-23,106.58,107.74,106.35,107.5,,1967348.0
2016-06-24,104.31,107.08,103.89,105.87,,4519256.0
2016-06-27,105.21,105.78,103.79,104.23,,1343341.0
2016-06-28,105.0,105.84,104.58,105.65,,1637377.0
2016-06-29,106.61,108.3,106.49,108.24,,1545252.0
2016-06-30,108.28,109.17,107.88,109.17,,1814583.0
2016-07-01,109.34,109.79,108.93,109.7,,874726.0
2016-07-05,109.27,110.78,109.08,110.43,,1123387.0
2016-07-06,109.85,110.62,109.62,110.32,,1499467.0
2016-07-07,110.3,110.78,110.05,110.26,,1216682.0
2016-07-08,110.91,111.51,110.3,111.41,,1283086.0
2016-07-11,111.62,112.15,111.42,111.74,,885745.0
2016-07-12,112.0,112.25,111.31,111.9,,1233434.0
2016-07-13,112.24,112.4,111.29,111.61,,1238605.0
2016-07-14,112.31,112.43,111.32,111.42,,1277667.0
2016-07-15,112.03,112.56,110.5,111.22,,2063493.0
2016-07-18,111.39,112.06,110.19,110.8,,1727429.0
2016-07-19,110.67,111.54,110.62,110.93,,1271557.0
2016-07-20,111.42,111.74,110.97,111.48,,245143.0
2016-07-21,111.34,111.72,110.86,111.66,,342202.0
2016-07-22,107.73,108.36,105.48,106.62,,4691917.0
2016-07-25,106.43,107.0,104.73,105.62,,2027384.0
2016-07-26,105.5,106.3,105.04,106.08,,1596171.0
2016-07-27,105.85,106.01,104.27,104.62,,1644210.0
2016-07-28,104.63,105.83,104.22,104.73,,1215899.0
2016-07-29,104.74,106.25,104.74,105.94,,1453717.0
2016-08-01,105.95,107.19,105.88,106.61,,1019408.0
2016-08-02,106.37,106.47,105.03,105.41,,1009620.0
2016-08-03,105.57,105.65,104.35,104.61,,1080183.0
2016-08-04,104.88,105.07,104.26,104.63,,942412.0
2016-08-05,104.81,105.07,104.14,104.68,,988018.0
2016-08-08,104.76,104.83,103.92,104.61,,1013387.0
2016-08-09,104.84,105.6,104.63,105.18,,834469.0
2016-08-10,105.22,105.31,104.63,105.25,,615707.0
2016-08-11,105.24,105.73,104.83,105.25,,782267.0
2016-08-12,105.1,105.29,104.59,105.29,,621965.0
2016-08-15,105.23,105.5,104.98,104.98,,568638.0
2016-08-16,104.66,104.69,103.39,103.39,,1052082.0
2016-08-17,103.4,103.53,102.64,103.09,,1101668.0
2016-08-18,102.97,103.75,102.54,103.63,,919442.0
2016-08-19,103.24,103.68,102.68,103.65,,881320.0
2016-08-22,103.72,104.22,103.51,103.99,,727723.0
2016-08-23,104.02,104.42,103.39,103.5,,893915.0
2016-08-24,103.6,103.72,102.39,102.6,,1051337.0
2016-08-25,102.33,103.6,102.06,103.23,,1203745.0
2016-08-26,103.56,104.84,103.17,104.26,,1142728.0
2016-08-29,104.26,106.04,104.25,105.94,,1668588.0
2016-08-30,105.78,106.31,105.17,105.63,,874364.0
2016-08-31,105.6,106.03,104.9,105.37,,814928.0
2016-09-01,105.59,105.59,104.23,104.98,,939405.0
2016-09-02,106.0,106.0,104.99,105.32,,866053.0
2016-09-06,105.32,106.49,104.77,106.49,,1144160.0
2016-09-07,106.08,106.41,104.63,104.93,,1202026.0
2016-09-08,104.58,105.3,104.44,104.65,,1372421.0
2016-09-09,103.95,103.98,100.61,100.71,,2486278.0
2016-09-12,100.42,102.82,100.42,102.68,,1740601.0
2016-09-13,102.23,102.64,100.51,100.69,,1064903.0
2016-09-14,100.51,101.35,100.33,101.14,,1361867.0
2016-09-15,101.08,103.97,100.77,103.4,,1994784.0
2016-09-16,103.6,104.24,102.95,104.15,,2436888.0
2016-09-19,104.18,105.3,104.03,104.24,,1133426.0
2016-09-20,104.86,105.04,104.35,104.41,,990761.0
2016-09-21,104.48,106.19,104.47,106.08,,1091204.0
2016-09-22,106.43,108.32,106.02,107.9,,1965328.0
2016-09-23,107.56,107.69,106.57,107.29,,1235114.0
2016-09-26,106.76,107.03,105.65,105.87,,1387044.0
2016-09-27,106.26,107.32,105.76,107.32,,1156223.0
2016-09-28,107.32,107.44,106.46,107.22,,918566.0
2016-09-29,106.84,107.14,105.21,105.75,,662057.0
2016-09-30,106.31,106.86,105.99,106.4,,1196878.0
2016-10-03,105.9,106.52,105.38,106.44,,805103.0
2016-10-04,106.46,106.87,105.78,106.26,,1074069.0
2016-10-05,106.34,106.91,106.07,106.63,,1152193.0
2016-10-06,106.56,107.06,105.96,106.62,,781453.0
2016-10-07,107.06,107.28,105.65,106.31,,920067.0
2016-10-10,106.85,107.93,106.64,107.72,,755976.0
2016-10-11,107.48,107.56,103.41,103.95,,1433448.0
2016-10-12,104.1,104.63,103.82,104.12,,829157.0
2016-10-13,103.62,104.1,102.84,103.81,,892506.0
2016-10-14,106.19,106.19,103.84,103.88,,1253605.0
2016-10-17,104.0,104.06,103.47,103.8,,721669.0
2016-10-18,104.67,105.19,103.73,104.94,,677644.0
2016-10-19,105.23,105.29,104.42,104.5,,680985.0
2016-10-20,104.59,104.99,104.02,104.7,,613358.0
2016-10-21,104.2,104.41,103.22,103.93,,832666.0
2016-10-24,104.56,105.29,104.39,104.86,,674339.0
2016-10-25,104.9,104.95,103.36,103.46,,1023626.0
2016-10-26,102.61,102.8,100.39,100.44,,2098708.0
2016-10-27,101.0,101.11,99.91,100.28,,1751572.0
2016-10-28,101.93,107.82,101.09,104.44,,3264765.0
2016-10-31,103.83,105.65,101.77,105.43,,2302115.0
2016-11-01,106.02,106.6,104.32,104.92,,1806700.0
2016-11-02,105.05,106.72,104.66,105.57,,1489986.0
2016-11-03,105.88,106.34,105.48,105.7,,1456597.0
2016-11-04,106.02,107.4,105.82,107.08,,1758775.0
2016-11-07,108.4,110.05,108.33,109.39,,1497175.0
2016-11-08,109.32,111.36,108.78,110.46,,1531908.0
2016-11-09,109.48,111.16,103.56,106.24,,3632399.0
2016-11-10,107.19,107.19,102.52,104.22,,4375044.0
2016-11-11,103.62,104.18,100.61,100.87,,2504584.0
2016-11-14,100.84,101.26,97.32,97.51,,3684229.0
2016-11-15,98.12,101.18,97.92,100.3,,2744160.0
2016-11-16,100.31,100.6,99.06,99.98,,1096447.0
2016-11-17,99.92,101.76,99.22,101.13,,1918299.0
2016-11-18,101.06,101.92,100.73,101.86,,1501538.0
2016-11-21,101.85,102.88,101.49,101.88,,1186623.0
2016-11-22,100.63,101.5,98.98,101.18,,2946034.0
2016-11-23,100.7,102.23,100.54,102.14,,1421432.0
2016-11-25,102.78,103.37,102.27,103.14,,559305.0
2016-11-28,102.83,103.7,102.83,103.24,,1323904.0
2016-11-29,104.36,107.77,103.96,105.48,,1873863.0
2016-11-30,105.23,105.61,103.89,103.89,,1844255.0
2016-12-01,103.61,104.26,101.37,102.14,,1322994.0
2016-12-02,102.55,103.38,102.22,102.44,,1211110.0
2016-12-05,102.89,103.0,101.98,102.38,,1324718.0
2016-12-06,102.94,103.44,101.88,102.91,,1236835.0
2016-12-07,102.54,103.93,101.66,103.89,,1352018.0
2016-12-08,103.54,105.75,103.28,105.58,,1405838.0
2016-12-09,105.8,106.79,105.8,106.48,,1040784.0
2016-12-12,106.41,108.02,106.41,107.47,,1181010.0
2016-12-13,107.61,108.39,106.94,107.51,,997034.0
2016-12-14,107.82,108.2,106.27,106.69,,1914254.0
2016-12-15,107.85,108.78,106.75,108.6,,1656998.0
2016-12-16,108.98,109.1,108.12,108.54,,2196776.0
2016-12-19,108.56,108.91,108.22,108.59,,871772.0
2016-12-20,108.76,109.63,108.51,109.23,,1028737.0
2016-12-21,109.14,109.62,108.64,109.13,,877367.0
2016-12-22,109.09,110.37,108.87,110.12,,1190288.0
2016-12-23,109.95,110.69,109.86,110.37,,523277.0
2016-12-27,110.65,111.05,110.29,110.46,,443567.0
2016-12-28,110.31,110.98,109.93,109.96,,961353.0
2016-12-29,110.35,111.07,110.08,110.55,,674652.0
2016-12-30,110.67,110.85,109.47,109.89,,988104.0
2017-01-03,109.89,109.94,108.11,109.55,,1831460.0
2017-01-04,109.74,110.67,109.48,110.16,,1504802.0
2017-01-05,110.16,110.44,108.6,108.95,,1772185.0
2017-01-06,107.78,108.58,106.86,108.01,,2464191.0
2017-01-09,108.12,109.75,107.9,109.17,,1355726.0
2017-01-10,109.67,112.56,109.2,111.81,,2310404.0
2017-01-11,113.27,116.7,112.43,113.43,,3140919.0
2017-01-12,112.69,113.16,111.76,113.06,,1417455.0
2017-01-13,113.02,113.74,112.45,112.75,,1665234.0
2017-01-17,112.01,112.81,111.61,112.41,,1923857.0
2017-01-18,112.76,112.9,112.04,112.27,,1195539.0
2017-01-19,111.9,112.47,111.34,112.02,,1016056.0
2017-01-20,112.38,112.89,111.4,111.67,,1196611.0
2017-01-23,111.5,112.17,110.84,111.36,,1391688.0
2017-01-24,111.45,112.23,110.66,111.44,,1546496.0
2017-01-25,112.07,114.61,111.03,111.09,,2562291.0
2017-01-26,111.09,111.09,109.31,110.83,,1891565.0
2017-01-27,111.01,113.44,110.74,113.09,,1497598.0
2017-01-30,113.07,113.07,111.85,112.37,,1249298.0
2017-01-31,112.02,113.36,111.9,113.31,,1148541.0
2017-02-01,113.22,113.57,112.29,112.93,,1586901.0
2017-02-02,112.71,113.25,112.17,113.18,,1330908.0
2017-02-03,113.48,113.96,112.62,113.15,,985962.0
2017-02-06,112.89,113.09,111.78,112.21,,1171320.0
2017-02-07,112.23,112.67,112.05,112.37,,1726431.0
2017-02-08,112.22,112.77,111.91,112.28,,689562.0
2017-02-09,112.47,113.35,112.16,113.11,,1492652.0
2017-02-10,113.08,113.47,112.62,113.11,,842225.0
2017-02-13,113.22,114.43,113.13,114.04,,1121244.0
2017-02-14,114.13,115.12,113.59,114.89,,1125201.0
2017-02-15,114.38,115.55,114.29,115.35,,1039023.0
2017-02-16,115.2,115.36,114.55,115.34,,887602.0
2017-02-17,115.25,115.91,114.77,115.88,,863137.0
2017-02-21,115.58,117.21,115.57,116.64,,1358184.0
2017-02-22,116.54,117.37,116.34,116.76,,805991.0
2017-02-23,116.95,118.07,116.5,118.02,,1082819.0
2017-02-24,117.92,118.6,117.67,118.57,,770746.0
2017-02-27,118.32,118.93,117.78,117.94,,1005613.0
2017-02-28,118.09,118.51,116.66,117.92,,1196762.0
2017-03-01,118.65,120.49,118.12,120.2,,1271982.0
2017-03-02,120.1,120.44,119.11,119.97,,940446.0
2017-03-03,119.71,120.02,118.92,119.42,,1133782.0
2017-03-06,118.82,119.39,118.5,118.96,,1373343.0
2017-03-07,118.65,119.07,118.13,118.45,,1724918.0
2017-03-08,118.82,119.12,118.28,118.64,,651004.0
2017-03-09,118.48,119.38,118.36,119.07,,1023280.0
2017-03-10,119.52,119.87,118.59,119.24,,1642317.0
2017-03-13,119.43,120.58,118.87,120.51,,1334335.0
2017-03-14,119.99,120.48,119.68,120.13,,1487209.0
2017-03-15,120.44,121.98,120.16,121.84,,1110737.0
2017-03-16,121.64,121.64,119.71,120.62,,1675128.0
2017-03-17,120.67,122.01,120.16,121.68,,2050705.0
2017-03-20,121.64,121.91,121.2,121.62,,714862.0
2017-03-21,121.8,122.53,120.53,121.42,,966911.0
2017-03-22,121.73,122.21,120.72,121.49,,789748.0
2017-03-23,121.42,121.78,120.42,120.7,,1247889.0
2017-03-24,120.92,122.14,120.65,121.54,,1236950.0
2017-03-27,121.08,121.64,120.83,121.53,,698186.0
2017-03-28,121.28,121.89,120.56,121.72,,750885.0
2017-03-29,121.39,121.69,120.67,121.37,,1359789.0
2017-03-30,121.19,121.94,121.02,121.42,,607818.0
2017-03-31,121.04,121.65,120.98,121.14,,753836.0
2017-04-03,121.14,121.85,120.17,121.4,,998384.0
2017-04-04,121.39,121.59,120.21,120.92,,711126.0
2017-04-05,120.74,121.71,120.49,120.71,,669361.0
2017-04-06,120.82,120.82,119.86,120.4,,752546.0
2017-04-07,120.44,120.85,120.11,120.4,,867898.0
2017-04-10,120.24,120.85,120.13,120.3,,761175.0
2017-04-11,120.04,120.71,119.57,120.17,,774525.0
2017-04-12,120.03,120.4,119.46,120.0,,998502.0
2017-04-13,119.79,120.23,119.48,119.56,,758716.0
2017-04-17,119.87,120.73,119.8,120.52,,1606851.0
2017-04-18,120.13,120.69,119.68,120.46,,792759.0
2017-04-19,121.06,121.71,120.54,121.3,,1019085.0
2017-04-20,121.29,122.41,120.73,122.17,,972801.0
2017-04-21,122.02,122.78,121.71,122.33,,943088.0
2017-04-24,123.27,124.03,123.06,123.72,,1300338.0
2017-04-25,124.16,125.18,123.73,124.77,,1367067.0
2017-04-26,123.9,125.52,121.16,125.32,,2292303.0
2017-04-27,125.49,125.7,124.47,124.57,,989199.0
2017-04-28,124.32,125.58,124.32,125.49,,1527967.0
2017-05-01,125.54,125.8,124.6,124.94,,851738.0
2017-05-02,125.17,125.87,124.69,125.3,,1271210.0
2017-05-03,125.15,125.4,124.25,124.88,,733975.0
2017-05-04,124.82,124.82,124.03,124.21,,1038367.0
2017-05-05,124.62,125.15,124.02,125.11,,706245.0
2017-05-08,124.95,125.15,123.86,124.09,,747589.0
2017-05-09,124.05,124.65,123.76,124.11,,926346.0
2017-05-10,123.85,123.91,122.86,123.34,,1653325.0
2017-05-11,123.21,124.3,122.69,124.08,,818698.0
2017-05-12,123.89,124.33,123.61,124.06,,643972.0
2017-05-15,124.05,125.29,123.46,125.17,,750534.0
2017-05-16,124.98,125.78,123.64,124.02,,1108636.0
2017-05-17,123.36,124.22,122.83,122.88,,934544.0
2017-05-18,122.88,124.81,121.87,124.08,,980478.0
2017-05-19,124.32,125.91,124.03,125.89,,1331024.0
2017-05-22,125.9,128.1,125.9,127.58,,1474972.0
2017-05-23,127.63,129.1,127.58,128.74,,1436876.0
2017-05-24,128.79,129.14,128.67,128.82,,1121358.0
2017-05-25,129.07,129.94,128.62,129.61,,1201834.0
2017-05-26,129.72,130.29,129.19,130.0,,826549.0
2017-05-30,129.74,130.71,129.61,130.65,,779124.0
2017-05-31,131.18,131.77,130.64,131.55,,1634345.0
2017-06-01,131.4,133.15,131.07,133.15,,969331.0
2017-06-02,133.67,134.0,132.55,132.95,,1469622.0
2017-06-05,133.15,133.24,132.3,132.71,,1076738.0
2017-06-06,132.28,133.12,132.28,132.55,,776053.0
2017-06-07,133.06,133.44,132.08,132.91,,685521.0
2017-06-08,132.71,133.08,130.24,131.06,,1677756.0
2017-06-09,131.22,131.59,129.95,130.55,,1194553.0
2017-06-12,130.28,130.45,127.17,129.4,,1657238.0
2017-06-13,129.8,130.49,128.72,129.91,,1002166.0
2017-06-14,130.44,131.28,129.95,130.57,,1143799.0
2017-06-15,129.82,130.18,128.61,129.96,,1037435.0
2017-06-16,130.21,131.0,129.59,130.89,,1579715.0
2017-06-19,131.27,131.74,129.63,130.1,,1303352.0
2017-06-20,130.15,130.96,129.58,129.73,,1052252.0
2017-06-21,130.16,130.65,129.2,129.56,,1421619.0
2017-06-22,129.24,130.12,129.14,129.95,,1252920.0
2017-06-23,129.92,130.66,129.45,129.86,,1137403.0
2017-06-26,129.9,130.41,128.64,128.74,,702512.0
2017-06-27,128.74,129.33,128.12,128.45,,804505.0
2017-06-28,129.17,129.39,128.74,129.03,,700908.0
2017-06-29,129.22,129.41,127.16,128.12,,1268762.0
2017-06-30,128.27,128.95,128.09,128.09,,1065880.0
2017-07-03,128.51,128.69,127.46,127.58,,487567.0
2017-07-05,127.89,129.2,127.55,128.98,,1026867.0
2017-07-06,128.43,128.72,127.37,128.55,,1180624.0
2017-07-07,129.02,130.34,128.63,130.25,,1200451.0
2017-07-10,130.01,130.35,129.62,129.74,,827446.0
2017-07-11,129.78,130.2,129.46,129.68,,1003777.0
2017-07-12,130.17,133.93,130.03,133.24,,1844505.0
2017-07-13,133.24,133.3,131.91,132.17,,1131512.0
2017-07-14,132.26,134.75,132.26,134.2,,899079.0
2017-07-17,134.25,134.55,133.32,133.66,,702787.0
2017-07-18,133.47,134.36,132.91,134.18,,921210.0
2017-07-19,134.33,135.17,134.19,134.96,,729684.0
2017-07-20,135.09,136.4,135.07,136.05,,994884.0
2017-07-21,136.08,136.74,134.67,134.93,,1151300.0
2017-07-24,134.99,135.71,134.11,135.53,,869450.0
2017-07-25,136.13,136.13,134.33,134.81,,957443.0
2017-07-26,134.79,134.98,133.7,134.53,,1107814.0
2017-07-27,134.55,134.75,131.96,132.96,,1459063.0
2017-07-28,133.7,136.52,133.7,136.42,,1916745.0
2017-07-31,136.52,136.52,135.29,135.77,,1452459.0
2017-08-01,136.22,137.38,135.55,136.48,,1179886.0
2017-08-02,136.32,136.51,133.54,133.96,,1239136.0
2017-08-03,133.39,135.14,133.18,135.1,,757277.0
2017-08-04,135.76,135.76,134.66,135.25,,633465.0
2017-08-07,135.3,135.46,134.85,135.43,,670829.0
2017-08-08,135.2,135.43,134.63,134.89,,639309.0
2017-08-09,134.99,134.99,133.72,134.0,,1012176.0
2017-08-10,133.67,133.91,132.74,132.83,,759779.0
2017-08-11,133.39,133.65,132.49,133.08,,846853.0
2017-08-14,133.82,135.02,133.57,134.76,,1102782.0
2017-08-15,135.02,136.45,134.96,136.09,,1425733.0
2017-08-16,136.47,136.64,135.84,136.06,,869371.0
2017-08-17,136.0,136.08,134.14,134.17,,707466.0
2017-08-18,133.76,134.24,132.99,133.18,,1635419.0
2017-08-21,133.14,134.08,132.75,133.95,,1027702.0
2017-08-22,134.04,135.39,133.8,134.31,,1490002.0
2017-08-23,130.14,130.54,127.1,127.71,,4307295.0
2017-08-24,127.83,128.29,127.5,128.08,,1330511.0
2017-08-25,129.16,129.53,128.61,129.11,,1386392.0
2017-08-28,129.77,129.77,128.39,128.82,,1180187.0
2017-08-29,128.3,128.82,128.07,128.67,,785297.0
2017-08-30,128.48,128.99,127.89,128.6,,789640.0
2017-08-31,128.6,130.69,128.6,130.48,,1304319.0
2017-09-01,130.64,130.87,129.4,130.23,,932318.0
2017-09-05,129.65,131.31,129.63,130.71,,1642476.0
2017-09-06,130.97,130.98,128.77,130.25,,1060786.0
2017-09-07,130.45,131.58,130.14,131.27,,739660.0
2017-09-08,131.28,132.05,131.27,131.53,,862995.0
2017-09-11,132.18,132.63,131.46,132.63,,1025738.0
2017-09-12,132.63,132.75,131.75,132.48,,796223.0
2017-09-13,132.45,133.06,131.73,132.02,,1418630.0
2017-09-14,131.79,133.77,131.77,133.36,,1570429.0
2017-09-15,133.58,133.87,132.27,132.8,,3113637.0
2017-09-18,133.05,133.68,132.7,133.4,,810737.0
2017-09-19,133.79,133.79,131.9,132.03,,815979.0
2017-09-20,132.41,132.64,130.79,131.72,,643598.0
2017-09-21,131.34,131.66,129.81,129.84,,826837.0
2017-09-22,130.15,130.31,129.47,130.04,,702322.0
2017-09-25,130.04,130.45,128.24,129.35,,909977.0
2017-09-26,129.95,130.62,129.48,130.22,,848259.0
2017-09-27,130.42,130.6,128.98,130.11,,733416.0
2017-09-28,130.38,130.54,129.16,129.81,,686141.0
2017-09-29,129.99,131.54,129.81,131.48,,1200603.0
2017-10-02,131.85,132.95,131.17,132.86,,853602.0
2017-10-03,133.13,133.75,132.79,132.97,,1105062.0
2017-10-04,133.2,135.55,133.18,135.14,,1175425.0
2017-10-05,135.13,137.34,134.7,137.3,,1418499.0
2017-10-06,137.17,138.16,136.94,137.94,,1072835.0
2017-10-09,137.63,138.0,134.72,135.1,,1472641.0
2017-10-10,134.92,135.67,132.9,133.95,,1713589.0
2017-10-11,134.69,135.72,134.16,135.55,,1351723.0
2017-10-12,135.3,135.96,134.96,135.68,,776316.0
2017-10-13,135.59,135.89,135.26,135.8,,667177.0
2017-10-16,135.59,136.63,135.41,136.36,,949053.0
2017-10-17,136.09,137.92,135.77,137.75,,1219649.0
2017-10-18,137.94,138.87,137.44,137.61,,866705.0
2017-10-19,137.78,138.25,137.06,138.24,,867584.0
2017-10-20,138.86,139.34,137.84,139.32,,1271671.0
2017-10-23,138.97,140.61,138.61,138.79,,796316.0
2017-10-24,138.53,138.73,137.41,138.58,,712764.0
2017-10-25,138.24,139.39,137.96,139.03,,837527.0
2017-10-26,139.06,139.49,137.74,137.78,,1218850.0
2017-10-27,143.5,148.7,143.07,147.89,,3152154.0
2017-10-30,147.65,147.82,142.42,143.84,,2570550.0
2017-10-31,143.66,144.93,143.16,143.38,,1335169.0
2017-11-01,143.57,143.72,142.14,142.97,,1284612.0
2017-11-02,142.97,144.12,142.8,143.52,,1345863.0
2017-11-03,143.29,144.63,142.94,144.59,,1153984.0
2017-11-06,144.67,145.11,143.92,144.1,,785588.0
2017-11-07,144.68,144.82,144.11,144.63,,1054539.0
2017-11-08,144.44,145.16,144.08,144.85,,703944.0
2017-11-09,144.59,145.41,144.07,145.0,,655220.0
2017-11-10,144.42,144.42,140.95,143.02,,1258663.0
2017-11-13,142.57,144.53,142.48,144.19,,894032.0
2017-11-14,143.76,144.93,142.74,144.38,,916731.0
2017-11-15,144.14,145.2,143.19,143.31,,653131.0
2017-11-16,145.01,145.88,144.44,144.87,,1223257.0
2017-11-17,144.14,144.97,143.66,143.87,,913790.0
2017-11-20,143.91,143.96,143.08,143.27,,887393.0
2017-11-21,144.2,144.53,143.7,144.17,,990843.0
2017-11-22,144.08,144.31,142.69,143.3,,874393.0
2017-11-24,143.36,143.64,142.21,143.19,,581130.0
2017-11-27,143.44,143.7,142.9,143.61,,1030899.0
2017-11-28,144.17,144.35,142.92,144.22,,974488.0
2017-11-29,144.3,144.31,142.22,142.66,,1284848.0
2017-11-30,143.0,145.25,142.3,144.42,,3337651.0
2017-12-01,144.47,144.86,142.08,144.3,,1263863.0
2017-12-04,144.57,144.86,140.86,141.05,,1269758.0
2017-12-05,141.13,142.44,140.58,140.75,,971500.0
2017-12-06,140.83,141.1,139.92,140.5,,1088330.0
2017-12-07,140.92,142.08,139.09,139.93,,1140624.0
2017-12-08,140.42,141.14,139.96,140.66,,656011.0
2017-12-11,140.54,141.4,140.41,141.38,,763308.0
2017-12-12,141.67,142.87,141.17,142.27,,1074273.0
2017-12-13,142.36,142.76,141.61,141.93,,1225203.0
2017-12-14,141.84,142.25,140.0,140.11,,1405409.0
2017-12-15,141.29,143.08,140.74,142.8,,2087497.0
2017-12-18,143.44,144.42,143.28,143.95,,909048.0
2017-12-19,144.24,144.91,143.61,143.74,,849764.0
2017-12-20,144.04,144.73,142.87,143.29,,1188806.0
2017-12-21,143.74,143.88,142.22,142.66,,882764.0
2017-12-22,142.69,142.99,142.11,142.7,,580282.0
2017-12-26,142.79,143.63,142.71,142.77,,346460.0
2017-12-27,143.16,144.29,142.72,144.07,,892236.0
2017-12-28,144.24,145.09,143.91,144.51,,654483.0
2017-12-29,144.98,145.1,143.78,143.78,,781624.0
2018-01-02,145.46,147.09,144.53,146.62,,1058792.0
2018-01-03,146.61,148.87,146.17,147.45,,1398688.0
2018-01-04,147.86,148.41,147.16,147.4,,861713.0
2018-01-05,148.05,149.8,147.65,149.56,,949273.0
2018-01-08,149.21,152.05,148.99,151.6,,1231258.0
2018-01-09,151.86,152.47,147.89,149.3,,1815735.0
2018-01-10,148.95,149.41,146.45,148.15,,1241842.0
2018-01-11,148.17,148.82,146.58,147.27,,1125207.0
2018-01-12,147.65,150.2,146.74,146.93,,1121311.0
2018-01-16,147.98,149.41,147.51,148.08,,1353279.0
2018-01-17,148.57,149.0,147.69,148.82,,1287901.0
2018-01-18,148.66,149.34,148.52,148.83,,1297275.0
2018-01-19,149.52,150.28,148.85,149.76,,1181670.0
2018-01-22,149.78,151.04,149.16,150.91,,1301196.0
2018-01-23,150.97,151.96,150.19,150.38,,1063982.0
2018-01-24,151.21,153.2,151.02,152.74,,1320674.0
2018-01-25,153.37,153.88,152.5,153.73,,1009505.0
2018-01-26,153.82,156.94,153.49,156.85,,1276446.0
2018-01-29,156.73,157.86,156.28,156.7,,1520691.0
2018-01-30,155.52,156.6,154.43,156.42,,2150385.0
2018-01-31,156.11,156.11,151.78,152.64,,2826675.0
2018-02-01,152.15,153.47,151.63,153.01,,1495465.0
2018-02-02,152.11,152.79,150.47,150.66,,1235589.0
2018-02-05,149.92,151.05,141.15,143.37,,2520390.0
2018-02-06,139.95,144.33,139.59,143.13,,2726058.0
2018-02-07,142.63,145.57,142.32,142.7,,1604138.0
2018-02-08,142.7,143.34,137.36,137.44,,1625777.0
2018-02-09,138.61,141.59,136.32,140.42,,1544943.0
2018-02-12,141.61,143.72,141.16,142.69,,1566150.0
2018-02-13,141.71,143.94,141.42,143.52,,915293.0
2018-02-14,142.72,145.58,142.38,145.08,,1790634.0
2018-02-15,146.17,147.26,144.98,147.22,,1149466.0
2018-02-16,146.93,149.79,146.88,148.45,,1064552.0
2018-02-20,147.78,148.5,146.5,147.4,,1105131.0
2018-02-21,147.45,149.23,146.5,146.61,,1421710.0
2018-02-22,147.5,149.07,146.88,147.61,,807652.0
2018-02-23,148.24,150.2,147.54,150.15,,953249.0
2018-02-26,151.5,154.13,151.31,153.93,,1769131.0
2018-02-27,154.23,154.85,152.4,152.4,,1199322.0
2018-02-28,153.38,154.03,150.52,150.58,,1347465.0
2018-03-01,150.26,150.51,146.91,147.91,,1352385.0
2018-03-02,147.0,149.72,147.0,149.32,,1108078.0
2018-03-05,148.57,151.56,148.46,150.93,,903004.0
2018-03-06,151.59,151.74,150.19,151.11,,878450.0
2018-03-07,149.73,151.96,149.6,151.35,,1096537.0
2018-03-08,151.77,152.86,151.04,151.69,,1206268.0
2018-03-09,152.62,155.65,152.14,154.53,,1676242.0
2018-03-12,154.43,156.38,153.98,155.9,,1569750.0
2018-03-13,156.86,156.86,154.76,155.18,,1290072.0
2018-03-14,155.77,156.36,154.0,154.5,,734260.0
2018-03-15,154.93,155.1,153.99,154.56,,877349.0
2018-03-16,154.65,156.28,154.07,155.55,,1975923.0
2018-03-19,155.3,155.77,152.88,154.17,,1153308.0
2018-03-20,154.67,155.42,153.56,154.62,,847164.0
2018-03-21,154.91,155.05,152.81,152.97,,850366.0
2018-03-22,151.92,152.33,149.07,149.33,,943733.0
2018-03-23,149.03,149.73,146.2,146.32,,1192534.0
2018-03-26,148.33,148.95,146.73,148.95,,1331937.0
2018-03-27,149.46,150.42,146.33,147.22,,948255.0
2018-03-28,147.57,148.56,146.52,147.13,,822099.0
2018-03-29,148.03,151.21,147.41,149.87,,1583893.0
2018-04-02,149.87,150.28,143.9,145.52,,1239441.0
2018-04-03,145.79,148.26,144.47,148.17,,1449933.0
2018-04-04,145.76,148.46,145.44,147.93,,1021999.0
2018-04-05,149.03,149.99,147.83,149.08,,773500.0
2018-04-06,148.26,148.9,143.2,144.52,,929540.0
2018-04-09,145.7,148.16,144.91,146.27,,1134918.0
2018-04-10,147.68,150.09,147.38,149.37,,1224623.0
2018-04-11,147.83,148.88,146.59,147.01,,942605.0
2018-04-12,148.2,148.87,147.21,147.68,,1043116.0
2018-04-13,148.86,149.09,146.56,147.48,,818912.0
2018-04-16,149.3,151.47,148.64,150.93,,1097669.0
2018-04-17,151.75,152.88,149.87,152.42,,1091225.0
2018-04-18,152.64,153.97,151.99,153.4,,1425544.0
2018-04-19,152.93,153.36,151.32,152.32,,1196989.0
2018-04-20,152.59,153.86,152.15,152.97,,2041696.0
2018-04-23,153.51,156.26,153.37,155.33,,1715235.0
2018-04-24,155.63,156.16,152.18,153.4,,1279666.0
2018-04-25,152.73,154.31,151.43,154.03,,1004599.0
2018-04-26,154.57,156.8,153.47,156.57,,1254050.0
2018-04-27,158.53,159.59,155.07,158.95,,1830433.0
2018-04-30,159.85,161.11,157.79,157.79,,2067343.0
2018-05-01,157.7,158.3,156.01,157.34,,1712766.0
2018-05-02,156.71,157.21,155.08,155.56,,1347070.0
2018-05-03,155.14,155.9,152.66,155.36,,1176840.0
2018-05-04,154.5,156.8,153.01,156.47,,904135.0
2018-05-07,156.75,157.7,155.53,155.98,,1338215.0
2018-05-08,155.51,155.86,154.1,155.18,,1202795.0
2018-05-09,155.68,156.52,153.68,155.9,,989789.0
2018-05-10,156.22,157.76,155.58,157.37,,657011.0
2018-05-11,157.21,158.23,157.14,157.85,,611503.0
2018-05-14,157.88,158.18,156.72,157.54,,1359122.0
2018-05-15,156.39,157.13,155.8,156.67,,1103815.0
2018-05-16,156.93,160.87,156.39,159.97,,1576936.0
2018-05-17,159.66,160.18,158.51,159.5,,759256.0
2018-05-18,159.24,161.56,159.24,160.95,,1043288.0
2018-05-21,161.92,162.47,160.7,161.81,,731549.0
2018-05-22,161.92,162.15,160.9,161.03,,671875.0
2018-05-23,160.52,163.47,160.47,163.38,,950262.0
2018-05-24,163.01,164.63,162.3,163.02,,1030870.0
2018-05-25,162.81,163.46,161.49,161.85,,943906.0
2018-05-29,160.76,161.79,159.48,160.51,,1056259.0
2018-05-30,161.23,163.91,161.18,163.05,,734413.0
2018-05-31,163.45,164.0,161.98,162.07,,978760.0
2018-06-01,163.16,163.86,162.08,163.41,,714232.0
2018-06-04,163.67,164.85,162.34,164.26,,827394.0
2018-06-05,165.25,165.5,163.94,165.05,,1106698.0
2018-06-06,165.25,167.49,164.27,167.44,,922095.0
2018-06-07,167.49,167.49,164.74,165.92,,833665.0
2018-06-08,165.97,166.85,165.04,166.67,,962078.0
2018-06-11,166.68,167.27,157.49,158.12,,4439193.0
2018-06-12,157.76,157.76,151.15,151.38,,7037544.0
2018-06-13,161.34,161.41,154.6,155.16,,6769397.0
2018-06-14,156.75,157.96,156.0,157.17,,2150459.0
2018-06-15,157.62,158.28,156.22,156.82,,3369465.0
2018-06-18,155.74,158.99,155.51,158.56,,1856518.0
2018-06-19,157.49,158.44,156.9,158.08,,1477145.0
2018-06-20,158.57,159.33,157.84,157.9,,1498735.0
2018-06-21,158.04,158.48,156.58,158.15,,1471472.0
2018-06-22,158.71,161.76,158.33,160.19,,1625437.0
2018-06-25,159.44,159.89,157.07,158.59,,1223478.0
2018-06-26,158.67,160.88,158.38,160.43,,1213557.0
2018-06-27,159.93,161.02,157.38,157.55,,1589096.0
2018-06-28,157.44,158.32,156.48,157.81,,1430331.0
2018-06-29,158.53,159.77,157.63,157.71,,1037794.0
2018-07-02,156.49,158.81,155.68,158.73,,1078550.0
2018-07-03,158.73,159.47,158.05,158.57,,436859.0
2018-07-05,159.72,160.31,158.33,160.01,,750895.0
2018-07-06,160.53,162.19,159.69,161.67,,854973.0
2018-07-09,161.97,162.99,161.09,162.14,,556799.0
2018-07-10,162.67,163.32,162.32,162.86,,656824.0
2018-07-11,162.06,163.09,161.39,161.96,,634811.0
2018-07-12,162.77,163.17,161.63,162.81,,620162.0
2018-07-13,162.99,163.12,162.2,162.79,,536676.0
2018-07-16,162.67,162.73,161.46,161.96,,792344.0
2018-07-17,162.19,164.96,162.0,164.48,,944360.0
2018-07-18,164.46,165.65,162.13,162.26,,933005.0
2018-07-19,161.78,162.24,160.85,161.44,,1023379.0
2018-07-20,161.03,163.66,161.03,162.79,,889880.0
2018-07-23,162.33,163.33,161.39,163.14,,950253.0
2018-07-24,163.81,164.24,161.44,161.5,,1286977.0
2018-07-25,157.37,159.46,155.1,158.75,,2777118.0
2018-07-26,158.99,160.58,157.84,160.07,,1562689.0
2018-07-27,160.13,160.6,156.35,157.87,,1176638.0
2018-07-30,157.59,157.6,153.79,154.09,,1802080.0
2018-07-31,154.89,155.47,152.38,152.47,,2550113.0
2018-08-01,152.59,154.6,152.59,154.1,,1980455.0
2018-08-02,153.69,155.6,153.47,155.45,,1413455.0
2018-08-03,155.99,155.99,153.83,154.38,,1068033.0
2018-08-06,154.3,155.36,153.45,155.16,,1232415.0
2018-08-07,155.16,155.59,153.58,154.27,,1127183.0
2018-08-08,154.57,155.57,153.79,155.18,,903315.0
2018-08-09,155.59,157.07,155.17,155.98,,805409.0
2018-08-10,155.43,156.1,154.46,154.92,,764323.0
2018-08-13,155.08,156.55,154.89,155.14,,759812.0
2018-08-14,155.12,156.26,154.49,155.23,,973071.0
2018-08-15,154.88,156.0,153.87,155.76,,677237.0
2018-08-16,156.9,158.54,156.76,157.55,,1160221.0
2018-08-17,157.46,158.97,156.56,158.75,,1315536.0
2018-08-20,159.06,159.36,157.49,157.74,,950337.0
2018-08-21,158.15,158.49,156.95,157.18,,823104.0
2018-08-22,156.68,158.57,156.61,158.35,,765980.0
2018-08-23,158.52,158.91,157.71,158.21,,668426.0
2018-08-24,158.21,159.03,158.09,158.75,,616787.0
2018-08-27,159.41,159.66,158.28,159.22,,836253.0
2018-08-28,159.48,159.87,158.3,158.67,,732777.0
2018-08-29,159.0,160.6,158.61,159.96,,774227.0
2018-08-30,159.29,159.47,157.46,157.85,,1275985.0
2018-08-31,157.35,158.52,156.3,158.24,,1408387.0
2018-09-04,158.3,158.7,157.15,157.46,,754969.0
2018-09-05,156.73,157.35,155.1,156.94,,868865.0
2018-09-06,156.94,160.34,156.27,159.94,,1290255.0
2018-09-07,159.26,159.5,158.3,158.54,,1144515.0
2018-09-10,159.16,160.44,158.94,159.13,,1070779.0
2018-09-11,158.98,161.25,158.52,160.41,,1180288.0
2018-09-12,160.26,162.03,159.79,161.84,,1087316.0
2018-09-13,160.9,162.3,160.46,161.64,,2388602.0
2018-09-14,162.03,162.15,158.81,159.24,,1349567.0
2018-09-17,159.91,159.91,157.99,158.66,,1443542.0
2018-09-18,158.54,162.66,158.12,162.6,,1485149.0
2018-09-19,162.48,162.52,161.06,162.07,,1512399.0
2018-09-20,162.51,162.6,161.06,162.03,,1346909.0
2018-09-21,162.05,163.4,162.05,162.97,,3222817.0
2018-09-24,162.45,164.91,162.45,164.45,,1227254.0
2018-09-25,164.62,165.07,163.93,164.16,,603767.0
2018-09-26,164.27,165.39,163.43,164.17,,1216600.0
2018-09-27,164.59,164.59,163.57,163.92,,1006882.0
2018-09-28,163.88,166.46,163.88,166.39,,1368672.0
2018-10-01,166.92,167.53,166.42,167.3,,1293873.0
2018-10-02,167.27,167.27,164.88,166.11,,1126848.0
2018-10-03,166.08,166.45,163.65,164.17,,1124479.0
2018-10-04,163.74,163.87,161.57,162.54,,1226324.0
2018-10-05,162.96,163.41,161.63,163.03,,1161183.0
2018-10-08,163.09,165.51,162.23,163.88,,1483044.0
2018-10-09,163.93,165.41,163.08,164.89,,1020151.0
2018-10-10,164.82,165.47,159.95,160.27,,2092681.0
2018-10-11,159.7,160.8,156.56,158.0,,1354189.0
2018-10-12,160.19,161.57,158.16,160.17,,1161542.0
2018-10-15,159.81,160.46,158.28,158.64,,790700.0
2018-10-16,160.28,164.35,160.25,163.97,,1359714.0
2018-10-17,163.24,165.26,162.5,165.03,,1108694.0
2018-10-18,165.21,165.28,160.54,162.1,,1203597.0
2018-10-19,162.32,162.32,157.87,158.2,,1707470.0
2018-10-22,158.5,158.77,156.33,157.1,,1920225.0
2018-10-23,155.36,157.03,153.63,156.04,,1460484.0
2018-10-24,155.78,157.82,152.64,152.83,,1841705.0
2018-10-25,153.97,155.74,152.06,154.77,,2079959.0
2018-10-26,153.58,153.58,146.71,150.19,,3169861.0
2018-10-29,152.3,153.59,149.56,151.47,,1661733.0
2018-10-30,151.88,154.05,149.95,151.74,,1356310.0
2018-10-31,153.14,153.65,151.49,151.91,,1597399.0
2018-11-01,152.75,156.82,152.48,155.98,,1741579.0
2018-11-02,156.83,157.75,153.27,154.86,,1100630.0
2018-11-05,155.39,156.53,154.77,155.76,,974739.0
2018-11-06,155.3,156.27,154.71,156.13,,990704.0
2018-11-07,157.41,159.06,156.74,158.96,,1262024.0
2018-11-08,158.81,160.56,158.27,160.4,,855153.0
2018-11-09,160.13,162.25,159.22,160.37,,1423441.0
2018-11-12,160.49,161.75,158.21,159.21,,1254498.0
2018-11-13,159.31,160.18,156.42,157.16,,1173461.0
2018-11-14,157.75,158.06,154.61,155.45,,1376895.0
2018-11-15,154.46,158.02,151.98,158.0,,1187330.0
2018-11-16,157.2,161.56,157.15,161.22,,1747776.0
2018-11-19,161.05,161.05,155.73,157.06,,962363.0
2018-11-20,156.12,157.0,154.75,155.4,,1474327.0
2018-11-21,155.42,156.35,152.51,153.9,,1294924.0
2018-11-23,153.36,155.52,153.36,154.33,,570289.0
2018-11-26,154.58,155.77,153.4,155.37,,1631706.0
2018-11-27,155.02,156.54,154.07,156.45,,1001458.0
2018-11-28,156.57,160.95,156.46,160.77,,1364730.0
2018-11-29,159.95,161.86,159.4,160.05,,1530887.0
2018-11-30,160.47,164.36,160.28,164.31,,2590258.0
2018-12-03,164.49,164.82,161.88,162.84,,1880540.0
2018-12-04,162.76,164.1,160.84,161.3,,1703233.0
2018-12-06,159.59,161.48,156.53,161.48,,1594858.0
2018-12-07,161.09,161.31,157.03,158.12,,1268355.0
2018-12-10,158.67,160.95,156.4,160.34,,1106023.0
2018-12-11,161.8,163.1,160.4,160.75,,1385590.0
2018-12-12,161.7,163.8,160.84,161.64,,1476972.0
2018-12-13,162.25,163.74,161.31,161.87,,904715.0
2018-12-14,160.97,161.06,155.4,155.98,,1463521.0
2018-12-17,155.01,155.01,149.04,149.94,,2355125.0
2018-12-18,153.16,153.16,149.65,151.22,,1394040.0
2018-12-19,151.53,152.03,146.09,147.96,,1276402.0
2018-12-20,147.17,147.87,142.93,144.02,,1778457.0
2018-12-21,144.02,146.69,141.06,141.15,,2747269.0
2018-12-24,140.5,141.01,135.74,135.79,,998290.0
2018-12-26,136.23,141.24,135.55,141.24,,1937913.0
2018-12-27,139.79,144.78,138.6,144.78,,1623460.0
2018-12-28,145.64,147.16,144.33,145.45,,1245856.0
2018-12-31,145.92,148.5,145.9,147.28,,1186182.0
2019-01-02,146.45,148.19,144.16,145.17,,1749957.0
2019-01-03,145.66,146.37,142.47,143.25,,2320100.0
2019-01-04,144.92,149.26,144.92,147.57,,1785159.0
2019-01-07,147.31,150.03,146.91,147.52,,1617581.0
2019-01-08,148.5,149.84,147.08,149.3,,1499782.0
2019-01-09,150.36,152.1,149.8,150.15,,1216154.0
2019-01-10,149.41,151.7,148.65,151.59,,1015672.0
2019-01-11,150.39,150.92,149.3,149.86,,1116072.0
2019-01-14,148.67,149.78,148.03,148.14,,1327213.0
2019-01-15,148.01,152.42,147.92,152.35,,1700682.0
2019-01-16,152.06,154.41,151.76,153.53,,1792609.0
2019-01-17,152.92,154.95,152.9,154.48,,1164182.0
2019-01-18,155.74,158.03,154.86,157.43,,2021972.0
2019-01-22,156.78,157.59,154.58,155.86,,2400559.0
2019-01-23,155.95,157.24,154.41,155.77,,1177013.0
2019-01-24,156.05,157.34,155.38,157.19,,1209895.0
2019-01-25,157.93,157.96,155.45,155.75,,1467200.0
2019-01-28,154.77,155.23,152.11,152.21,,1927266.0
2019-01-29,152.34,153.56,151.08,151.34,,1823085.0
2019-01-30,165.38,170.24,164.23,168.55,,5426212.0
2019-01-31,167.57,168.64,166.17,166.84,,2909618.0
2019-02-01,167.14,168.18,165.81,166.6,,1546844.0
2019-02-04,166.29,166.98,165.12,166.44,,1376818.0
2019-02-05,167.15,168.99,166.76,168.52,,1261782.0
2019-02-06,168.32,169.88,167.72,169.78,,950225.0
2019-02-07,168.41,169.89,168.23,169.83,,1351867.0
2019-02-08,168.77,171.65,168.71,171.63,,1317717.0
2019-02-11,172.52,172.85,171.52,172.44,,1480372.0
2019-02-12,173.69,174.59,172.06,174.45,,1372195.0
2019-02-13,174.67,174.92,172.34,174.1,,1256967.0
2019-02-14,173.83,175.47,173.22,174.33,,866866.0
2019-02-15,176.08,176.35,175.07,175.54,,1802792.0
2019-02-19,175.55,176.08,174.51,174.87,,1356942.0
2019-02-20,174.99,176.73,174.87,176.31,,1157260.0
2019-02-21,175.65,176.9,175.27,176.25,,1010536.0
2019-02-22,176.5,177.39,176.1,177.27,,813101.0
2019-02-25,177.72,178.23,174.98,176.16,,1868977.0
2019-02-26,176.01,176.01,173.05,174.05,,2152791.0
2019-02-27,173.2,176.23,173.2,175.49,,1140439.0
2019-02-28,175.22,178.12,174.83,177.12,,1358453.0
2019-03-01,178.17,180.25,177.67,180.01,,1344179.0
2019-03-04,180.99,181.34,176.13,179.15,,1111492.0
2019-03-05,179.05,179.15,177.3,178.46,,828609.0
2019-03-06,178.53,178.83,176.15,176.96,,764379.0
2019-03-07,176.95,177.55,175.31,175.76,,1168694.0
2019-03-08,174.87,176.02,173.36,175.92,,968816.0
2019-03-11,177.01,178.02,175.95,177.79,,819745.0
2019-03-12,178.32,179.68,177.89,179.27,,891435.0
2019-03-13,179.93,181.3,179.51,180.25,,842829.0
2019-03-14,181.19,181.67,179.58,181.67,,998374.0
2019-03-15,181.41,183.03,181.26,182.32,,1734335.0
2019-03-18,182.85,182.85,180.87,181.89,,1801072.0
2019-03-19,183.11,184.41,181.61,184.27,,1212562.0
2019-03-20,184.28,186.74,183.59,185.23,,1265201.0
2019-03-21,184.22,186.71,184.22,186.04,,897176.0
2019-03-22,185.22,185.77,182.66,182.7,,932722.0
2019-03-25,182.97,183.6,181.64,183.38,,916094.0
2019-03-26,184.87,185.4,183.56,184.24,,800589.0
2019-03-27,184.07,184.89,181.88,184.35,,917377.0
2019-03-28,184.85,185.05,183.1,184.76,,555169.0
2019-03-29,185.6,186.41,184.52,186.08,,1023774.0
2019-04-01,187.71,188.28,184.14,184.74,,1625942.0
2019-04-02,184.65,185.04,183.55,183.87,,919683.0
2019-04-03,184.9,185.48,182.85,183.56,,1154670.0
2019-04-04,183.89,184.13,182.12,182.49,,729266.0
2019-04-05,183.05,184.65,182.56,183.93,,640145.0
2019-04-08,184.11,184.69,181.62,184.4,,1162140.0
2019-04-09,183.77,185.3,183.25,184.62,,701925.0
2019-04-10,184.32,186.37,183.55,184.78,,774545.0
2019-04-11,184.89,184.89,183.42,184.02,,667172.0
2019-04-12,184.86,185.0,181.37,181.51,,1457745.0
2019-04-15,181.95,182.67,181.26,182.22,,1445574.0
2019-04-16,183.44,183.58,177.01,178.09,,1683602.0
2019-04-17,178.45,178.53,169.58,169.8,,3369540.0
2019-04-18,169.65,170.36,164.71,169.82,,3396733.0
2019-04-22,169.85,173.05,169.06,171.61,,1896425.0
2019-04-23,172.4,176.48,171.48,176.13,,2931543.0
2019-04-24,172.99,177.95,171.39,174.32,,2735884.0
2019-04-25,172.97,176.94,172.97,176.33,,1493239.0
2019-04-26,177.02,177.74,174.93,177.38,,890343.0
2019-04-29,176.95,177.26,175.18,176.44,,897984.0
2019-04-30,176.68,178.2,175.93,177.97,,1063285.0
2019-05-01,177.82,177.96,175.3,175.89,,972012.0
2019-05-02,176.09,178.16,175.72,177.91,,1126312.0
2019-05-03,180.08,180.08,177.96,179.67,,878724.0
2019-05-06,176.48,180.18,176.48,179.96,,1111364.0
2019-05-07,178.28,179.28,174.79,176.67,,1502362.0
2019-05-08,176.87,178.06,175.5,177.16,,910517.0
2019-05-09,175.37,177.27,173.58,177.12,,922011.0
2019-05-10,176.04,176.94,171.34,176.45,,958213.0
2019-05-13,173.64,174.81,172.4,173.53,,956332.0
2019-05-14,173.81,175.6,173.42,173.51,,625065.0
2019-05-15,172.87,175.71,171.66,174.92,,778336.0
2019-05-16,175.82,176.78,174.07,174.88,,1172448.0
2019-05-17,173.17,175.63,173.01,173.48,,998074.0
2019-05-20,172.72,174.19,172.11,173.64,,811615.0
2019-05-21,174.84,176.02,174.65,174.71,,922079.0
2019-05-22,174.96,175.68,174.34,175.18,,878530.0
2019-05-23,174.67,174.86,172.21,173.82,,798910.0
2019-05-24,174.28,174.92,173.0,174.07,,708047.0
2019-05-28,174.23,175.81,171.01,171.44,,2393205.0
2019-05-29,171.02,171.43,169.62,170.88,,1053264.0
2019-05-30,171.15,173.25,171.04,173.11,,1192036.0
2019-05-31,172.26,174.27,171.46,172.63,,1324078.0
2019-06-03,173.06,174.57,171.54,172.42,,1124194.0
2019-06-04,175.23,176.16,172.48,175.65,,1375024.0
2019-06-05,177.14,178.64,175.96,178.19,,1194500.0
2019-06-06,178.57,181.91,177.94,180.71,,1037700.0
2019-06-07,181.98,183.64,181.65,183.05,,904247.0
2019-06-10,184.09,185.53,183.67,184.76,,708247.0
2019-06-11,185.81,186.44,182.26,183.53,,815096.0
2019-06-12,183.94,185.76,183.71,185.73,,651533.0
2019-06-13,186.25,186.25,184.22,185.38,,736315.0
2019-06-14,185.94,186.19,184.1,184.15,,744889.0
2019-06-17,184.32,185.42,183.86,185.02,,579089.0
2019-06-18,185.64,186.87,184.93,186.7,,1112671.0
2019-06-19,186.7,189.12,186.12,188.88,,1189805.0
2019-06-20,190.8,192.29,189.73,191.51,,1113084.0
2019-06-21,191.38,192.1,189.56,190.98,,1840262.0
2019-06-24,191.8,193.11,191.24,192.64,,902724.0
2019-06-25,192.65,193.44,191.39,192.0,,1212969.0
2019-06-26,191.73,192.85,189.19,190.65,,1326580.0
2019-06-27,191.57,191.86,190.35,191.3,,758126.0
2019-06-28,191.73,194.3,191.05,194.17,,1206204.0
2019-07-01,196.12,196.41,192.98,195.08,,890016.0
2019-07-02,194.57,195.58,193.28,194.38,,790870.0
2019-07-03,195.02,196.78,194.05,196.6,,547039.0
2019-07-05,194.9,197.55,193.72,196.99,,961848.0
2019-07-08,196.32,196.9,194.66,196.52,,849870.0
2019-07-09,195.98,197.84,195.7,197.37,,760164.0
2019-07-10,197.15,198.39,197.03,197.46,,559336.0
2019-07-11,197.22,199.15,196.87,199.14,,681869.0
2019-07-12,199.13,199.13,194.43,194.95,,1704626.0
2019-07-15,195.61,196.3,193.66,194.09,,1254585.0
2019-07-16,194.82,195.43,193.7,194.0,,814974.0
2019-07-17,194.86,196.97,194.76,196.41,,975420.0
2019-07-18,195.3,198.85,194.59,198.77,,932820.0
2019-07-19,199.22,199.41,196.44,196.48,,1355232.0
2019-07-22,196.81,198.22,196.27,196.92,,836097.0
2019-07-23,196.86,198.02,196.02,197.75,,808621.0
2019-07-24,198.35,201.86,197.13,201.72,,1145604.0
2019-07-25,201.36,202.78,200.33,200.86,,1145172.0
2019-07-26,209.03,210.24,201.98,202.55,,1574960.0
2019-07-29,202.9,203.46,201.48,203.37,,1216048.0
2019-07-30,202.11,203.56,201.43,201.76,,980877.0
2019-07-31,201.39,202.47,196.94,198.14,,1218690.0
2019-08-01,199.07,203.2,199.07,201.1,,1444560.0
2019-08-02,201.1,201.1,197.98,199.88,,1158861.0
2019-08-05,198.03,198.71,192.92,194.25,,1544375.0
2019-08-06,195.66,199.6,194.95,199.49,,1134147.0
2019-08-07,197.63,200.22,195.12,199.99,,883913.0
2019-08-08,200.15,205.89,200.06,205.7,,1196597.0
2019-08-09,204.96,207.76,204.42,206.6,,934239.0
2019-08-12,206.03,207.52,203.88,205.14,,488100.0
2019-08-13,206.54,208.74,205.13,206.95,,852633.0
2019-08-14,204.19,206.05,200.13,200.29,,924951.0
2019-08-15,200.74,204.21,199.76,203.35,,764428.0
2019-08-16,205.18,206.1,204.38,204.96,,1237062.0
2019-08-19,207.08,207.62,204.83,206.51,,1416338.0
2019-08-20,207.26,208.43,205.7,205.85,,919034.0
2019-08-21,207.13,207.98,205.49,206.87,,732601.0
2019-08-22,206.87,208.21,205.29,206.16,,614594.0
2019-08-23,206.09,207.41,200.99,202.22,,1043853.0
2019-08-26,203.88,205.18,202.63,205.09,,642917.0
2019-08-27,206.37,208.01,205.52,206.38,,915477.0
2019-08-28,204.83,207.77,204.62,207.31,,701420.0
2019-08-29,208.91,209.94,207.68,209.51,,669412.0
2019-08-30,210.81,211.05,207.62,208.41,,1038557.0
2019-09-03,206.96,208.12,203.93,206.02,,1102196.0
2019-09-04,206.98,207.93,205.35,206.85,,624535.0
2019-09-05,208.68,208.94,207.18,208.0,,721161.0
2019-09-06,207.9,209.92,207.51,209.11,,745491.0
2019-09-09,209.61,209.61,204.45,205.13,,1337502.0
2019-09-10,203.96,204.29,198.75,201.83,,1733599.0
2019-09-11,201.55,206.06,201.21,205.86,,925769.0
2019-09-12,207.91,209.6,207.66,207.83,,1059697.0
2019-09-13,208.13,208.46,205.41,206.07,,721830.0
2019-09-16,204.96,205.82,203.07,203.34,,845688.0
2019-09-17,204.01,207.43,203.98,206.28,,818708.0
2019-09-18,206.53,208.41,205.35,208.24,,985245.0
2019-09-19,208.65,210.37,208.04,208.78,,998209.0
2019-09-20,209.51,210.08,207.03,208.92,,3760316.0
2019-09-23,207.57,209.17,206.65,207.97,,1092135.0
2019-09-24,209.08,210.63,204.81,205.89,,1133419.0
2019-09-25,205.44,206.26,202.99,205.86,,918868.0
2019-09-26,206.88,207.34,202.9,204.38,,1023839.0
2019-09-27,205.62,205.62,201.39,202.25,,945540.0
2019-09-30,202.82,205.9,202.61,204.79,,1398151.0
2019-10-01,204.98,205.59,200.88,201.4,,1141380.0
2019-10-02,199.77,200.44,196.17,197.98,,1393468.0
2019-10-03,197.31,202.02,196.45,201.79,,805296.0
2019-10-04,202.59,204.44,202.59,204.03,,722504.0
2019-10-07,203.04,203.69,201.37,201.61,,681262.0
2019-10-08,200.39,200.39,196.76,196.82,,1042023.0
2019-10-09,198.52,199.84,196.48,199.65,,1523934.0
2019-10-10,198.41,200.68,197.5,200.05,,938793.0
2019-10-11,202.49,204.07,201.21,202.44,,935506.0
2019-10-14,202.7,203.07,200.93,201.35,,696537.0
2019-10-15,202.95,204.62,202.26,203.52,,557163.0
2019-10-16,203.0,204.64,201.78,204.27,,1086481.0
2019-10-17,204.27,205.46,203.64,204.09,,716083.0
2019-10-18,204.23,204.49,202.88,203.87,,903924.0
2019-10-21,204.75,204.75,203.12,203.63,,681770.0
2019-10-22,204.13,204.88,198.28,198.6,,696048.0
2019-10-23,199.53,200.13,198.52,199.26,,601792.0
2019-10-24,199.69,200.53,198.72,200.16,,711089.0
2019-10-25,200.13,200.88,198.47,200.36,,672929.0
2019-10-28,200.38,203.01,199.8,202.35,,1754168.0
2019-10-29,201.81,209.71,201.81,208.8,,1834047.0
2019-10-30,203.55,208.78,202.8,205.54,,1937608.0
2019-10-31,205.1,206.96,202.97,204.77,,1082527.0
2019-11-01,206.3,207.26,201.4,201.45,,1443738.0
2019-11-04,195.04,195.96,191.25,194.26,,4457169.0
2019-11-05,194.35,195.18,187.4,187.82,,4224056.0
2019-11-06,189.37,190.87,188.11,190.32,,3056372.0
2019-11-07,191.5,192.55,188.16,190.1,,1986912.0
2019-11-08,190.09,191.07,189.0,189.15,,1420577.0
2019-11-11,188.95,189.94,187.19,187.87,,1333037.0
2019-11-12,189.03,190.43,188.34,189.53,,1365533.0
2019-11-13,189.37,191.52,188.98,191.0,,1165898.0
2019-11-14,190.99,193.0,190.5,192.35,,1405343.0
2019-11-15,193.51,195.49,192.67,195.28,,1767303.0
2019-11-18,195.28,196.6,193.79,194.15,,1274563.0
2019-11-19,194.72,196.5,193.89,196.1,,1415665.0
2019-11-20,196.05,197.41,192.7,193.43,,1442219.0
2019-11-21,193.15,193.31,189.84,190.57,,1584836.0
2019-11-22,191.76,192.07,189.12,190.87,,1200011.0
2019-11-25,191.6,192.67,190.72,192.3,,1294066.0
2019-11-26,193.23,193.23,191.22,191.69,,1269096.0
2019-11-27,191.71,194.51,191.71,194.04,,1430712.0
2019-11-29,194.1,194.62,192.92,193.96,,507606.0
2019-12-02,194.1,194.61,190.82,191.57,,780288.0
2019-12-03,190.71,192.4,190.4,192.27,,802041.0
2019-12-04,192.5,193.69,191.69,193.5,,1078342.0
2019-12-05,193.57,193.57,191.6,192.4,,902699.0
2019-12-06,193.81,194.27,192.78,193.14,,1457604.0
2019-12-09,193.17,193.91,188.6,189.74,,1612010.0
2019-12-10,189.78,190.38,187.45,187.59,,1646212.0
2019-12-11,188.15,188.33,186.67,187.45,,2563904.0
2019-12-12,187.29,189.98,187.29,189.14,,1804152.0
2019-12-13,188.58,192.17,188.58,192.14,,1038421.0
2019-12-16,193.05,194.13,192.72,193.38,,1605439.0
2019-12-17,194.78,194.78,192.64,192.64,,1878217.0
2019-12-18,193.7,197.78,192.75,197.43,,2402243.0
2019-12-19,197.81,199.46,196.6,197.01,,2118272.0
2019-12-20,198.5,199.18,197.12,198.83,,2819756.0
2019-12-23,199.98,201.66,198.66,201.23,,1656736.0
2019-12-24,201.31,201.63,199.83,200.33,,436276.0
2019-12-26,200.5,200.99,197.03,198.59,,829788.0
2019-12-27,198.97,200.5,198.25,199.35,,1057123.0
2019-12-30,200.31,200.64,197.53,198.17,,704993.0
2019-12-31,197.95,199.4,197.19,199.32,,879093.0
2020-01-02,200.27,200.33,197.68,199.8,,1092574.0
2020-01-03,196.53,199.92,196.53,198.99,,801598.0
2020-01-06,198.62,202.29,197.7,201.48,,1293865.0
2020-01-07,199.41,200.18,196.63,199.02,,1077476.0
2020-01-08,199.91,201.29,198.64,200.03,,1019060.0
2020-01-09,201.11,202.21,200.6,200.92,,744441.0
2020-01-10,201.92,202.11,198.86,199.04,,1232740.0
2020-01-13,198.9,199.16,196.38,196.42,,1398599.0
2020-01-14,195.95,198.57,195.2,197.44,,1680508.0
2020-01-15,197.92,198.83,196.15,196.29,,1323584.0
2020-01-16,197.22,198.87,196.31,198.86,,2490118.0
2020-01-17,199.32,205.58,198.61,201.44,,3741965.0
2020-01-21,201.33,203.79,200.9,203.79,,1605140.0
2020-01-22,204.92,206.86,204.57,206.09,,1527991.0
2020-01-23,206.0,207.35,204.27,205.28,,1415432.0
2020-01-24,206.05,206.57,202.68,203.39,,1558879.0
2020-01-27,201.66,206.19,201.66,203.74,,1553620.0
2020-01-28,204.01,204.52,202.77,203.36,,1702849.0
2020-01-29,205.44,205.44,197.63,200.02,,2871086.0
2020-01-30,199.38,203.32,198.76,203.01,,2130706.0
2020-01-31,202.65,203.17,198.77,200.04,,1511158.0
2020-02-03,199.92,202.22,199.92,200.93,,1148490.0
2020-02-04,203.74,206.7,203.08,205.41,,1248892.0
2020-02-05,206.63,207.71,205.5,206.72,,1160169.0
2020-02-06,207.65,208.25,206.18,207.2,,790229.0
2020-02-07,207.15,207.92,203.74,203.94,,942162.0
2020-02-10,204.0,206.48,203.95,206.24,,650158.0
2020-02-11,207.03,207.91,205.74,207.11,,834532.0
2020-02-12,207.48,208.18,205.11,205.15,,871469.0
2020-02-13,205.42,207.19,204.47,206.41,,1055205.0
2020-02-14,206.77,210.41,205.57,210.33,,1447432.0
2020-02-18,209.82,210.72,207.71,210.7,,1533332.0
2020-02-19,211.31,214.85,210.82,213.71,,1243703.0
2020-02-20,213.71,214.52,211.04,213.11,,1006296.0
2020-02-21,212.08,213.13,211.04,212.95,,1732955.0
2020-02-24,208.02,208.78,203.39,204.65,,1566911.0
2020-02-25,204.66,205.33,194.87,195.87,,1995295.0
2020-02-26,197.05,200.32,191.4,191.46,,1992471.0
2020-02-27,188.38,191.93,184.99,184.99,,2090730.0
2020-02-28,178.62,182.25,175.67,180.95,,3091086.0
2020-03-02,182.71,187.27,180.93,187.24,,2503940.0
2020-03-03,188.65,191.32,176.27,179.28,,3060970.0
2020-03-04,184.74,188.46,180.36,188.36,,2532642.0
2020-03-05,187.21,187.21,176.48,180.01,,2797750.0
2020-03-06,176.26,178.2,174.67,176.48,,2798587.0
2020-03-09,166.45,168.84,162.66,163.9,,3095911.0
2020-03-10,170.64,174.49,164.56,174.27,,2987247.0
2020-03-11,169.68,170.15,163.12,166.74,,2815973.0
2020-03-12,157.6,161.92,146.13,146.45,,4047556.0
2020-03-13,156.65,157.56,144.31,155.99,,4656353.0
2020-03-16,140.39,143.19,131.25,136.55,,5757479.0
2020-03-17,139.29,139.4,130.07,133.07,,3901886.0
2020-03-18,126.54,132.21,119.67,131.97,,5096308.0
2020-03-19,129.84,145.64,124.38,141.94,,3485651.0
2020-03-20,145.51,148.94,132.04,132.33,,5221387.0
2020-03-23,129.28,129.69,118.24,120.1,,5260787.0
2020-03-24,129.12,137.38,125.0,136.18,,3528260.0
2020-03-25,138.38,150.22,134.43,145.31,,3657347.0
2020-03-26,147.28,157.49,145.31,155.07,,3278160.0
2020-03-27,148.3,155.82,145.92,151.17,,3396992.0
2020-03-30,153.61,155.81,147.14,155.26,,2325883.0
2020-03-31,155.09,162.87,154.83,158.63,,2876207.0
2020-04-01,146.25,148.12,136.96,137.84,,3238036.0
2020-04-02,135.88,143.39,135.29,142.51,,2134912.0
2020-04-03,142.33,144.66,139.63,141.08,,2061478.0
2020-04-06,151.08,159.2,150.49,157.83,,3187830.0
2020-04-07,166.36,171.14,156.87,157.96,,3462776.0
2020-04-08,159.41,169.22,158.64,168.1,,2471384.0
2020-04-09,168.16,175.58,167.57,174.09,,2572341.0
2020-04-13,171.0,171.92,161.55,163.95,,2420707.0
2020-04-14,167.44,169.82,165.84,167.11,,2121966.0
2020-04-15,161.87,164.69,160.53,164.39,,1757165.0
2020-04-16,165.9,167.69,163.19,166.55,,1351570.0
2020-04-17,170.34,180.62,170.34,180.56,,2538935.0
2020-04-20,178.23,181.71,175.99,175.99,,2238700.0
2020-04-21,172.39,174.54,169.85,170.46,,1890087.0
2020-04-22,173.81,174.63,171.28,173.33,,1206960.0
2020-04-23,174.83,177.53,173.31,173.86,,1567367.0
2020-04-24,175.34,179.74,173.65,179.23,,1230797.0
2020-04-27,181.03,183.67,179.98,182.89,,1549092.0
2020-04-28,184.58,186.73,175.89,176.27,,1557801.0
2020-04-29,179.68,185.45,176.87,183.58,,1816984.0
2020-04-30,181.63,182.26,177.24,177.62,,1945341.0
2020-05-01,183.88,183.88,168.12,172.09,,2118198.0
2020-05-04,171.35,171.77,168.64,170.13,,1590758.0
2020-05-05,172.45,182.4,172.41,179.05,,2119316.0
2020-05-06,179.35,181.23,176.83,177.06,,1474637.0
2020-05-07,180.8,184.51,179.21,183.11,,2222928.0
2020-05-08,185.21,187.05,182.39,183.01,,1991342.0
2020-05-11,181.03,185.0,179.97,184.49,,1260406.0
2020-05-12,185.18,186.45,179.19,179.28,,1295402.0
2020-05-13,178.27,178.42,170.36,172.58,,1808014.0
2020-05-14,169.85,170.93,166.22,170.91,,2226717.0
2020-05-15,169.35,171.9,167.18,171.75,,2898783.0
2020-05-18,177.17,184.61,176.26,182.85,,1937023.0
2020-05-19,182.05,183.45,179.27,179.37,,1136632.0
2020-05-20,181.83,183.14,180.29,181.96,,1510419.0
2020-05-21,180.82,181.03,175.75,176.35,,1663424.0
2020-05-22,176.61,176.79,173.98,175.44,,1669930.0
2020-05-26,182.03,182.03,176.98,177.5,,2878534.0
2020-05-27,179.77,182.81,177.5,182.57,,1907220.0
2020-05-28,184.72,190.55,184.0,186.12,,1696121.0
2020-05-29,186.7,187.59,182.29,186.48,,1741760.0
2020-06-01,185.9,188.94,185.44,187.93,,978252.0
2020-06-02,187.93,189.03,186.11,189.02,,866798.0
2020-06-03,189.9,193.13,189.15,191.22,,1186696.0
2020-06-04,189.4,192.32,186.17,188.72,,1113792.0
2020-06-05,192.39,200.01,191.87,197.25,,2081449.0
2020-06-08,196.72,198.5,194.87,196.27,,975723.0
2020-06-09,195.16,195.79,190.81,191.22,,1297594.0
2020-06-10,192.17,194.32,190.5,191.65,,1141228.0
2020-06-11,186.07,186.35,174.02,174.87,,2691224.0
2020-06-12,180.02,182.45,174.21,178.92,,1938535.0
2020-06-15,174.48,181.11,172.68,179.58,,1296334.0
2020-06-16,185.93,186.9,180.55,182.43,,1361968.0
2020-06-17,183.07,183.45,179.63,180.61,,1099233.0
2020-06-18,179.54,182.03,178.43,181.04,,1053385.0
2020-06-19,184.45,184.84,178.22,178.27,,2121505.0
2020-06-22,177.63,178.17,174.79,176.35,,1446173.0
2020-06-23,178.33,180.56,177.61,177.98,,1441034.0
2020-06-24,176.22,176.22,166.31,167.97,,2179093.0
2020-06-25,167.19,168.83,163.64,167.31,,2447179.0
2020-06-26,167.1,168.9,164.35,165.55,,5415282.0
2020-06-29,166.64,169.78,164.74,169.68,,2223958.0
2020-06-30,169.05,173.5,167.67,172.23,,1442913.0
2020-07-01,173.0,176.18,172.55,175.72,,1611015.0
2020-07-02,177.47,179.33,175.52,175.82,,1084012.0
2020-07-06,178.15,179.33,174.59,175.78,,1067990.0
2020-07-07,173.96,177.15,172.29,172.38,,1262687.0
2020-07-08,172.84,174.54,171.02,173.74,,1038628.0
2020-07-09,173.24,173.71,168.3,169.92,,1304486.0
2020-07-10,170.05,171.23,168.42,170.04,,1133419.0
2020-07-13,171.17,173.4,169.32,170.01,,1949251.0
2020-07-14,169.41,174.87,168.76,174.64,,1103135.0
2020-07-15,179.41,181.09,178.23,180.29,,1521330.0
2020-07-16,179.0,179.0,176.43,178.35,,1253288.0
2020-07-17,179.67,185.13,178.51,184.53,,2183590.0
2020-07-20,183.96,185.27,181.68,182.26,,1456511.0
2020-07-21,183.26,187.08,182.86,184.01,,904721.0
2020-07-22,183.52,186.93,183.39,186.27,,1286348.0
2020-07-23,186.16,189.15,185.8,186.54,,980517.0
2020-07-24,186.3,190.3,185.21,190.05,,1683878.0
2020-07-27,189.26,190.01,187.16,188.63,,1345427.0
2020-07-28,188.99,189.6,185.53,185.7,,908557.0
2020-07-29,188.07,193.46,187.32,192.52,,1409403.0
2020-07-30,189.5,192.73,187.6,191.36,,1284282.0
2020-07-31,186.83,188.03,179.7,184.77,,2221195.0
2020-08-03,184.48,185.79,182.22,183.14,,1214570.0
2020-08-04,182.09,183.25,179.82,180.94,,1193958.0
2020-08-05,181.75,184.44,179.43,179.66,,1942937.0
2020-08-06,179.29,180.33,177.08,180.26,,1497951.0
2020-08-07,180.16,184.01,179.93,183.08,,1081167.0
2020-08-10,182.94,183.54,179.17,179.38,,1079227.0
2020-08-11,180.9,183.7,178.89,180.58,,1023027.0
2020-08-12,182.19,183.56,181.35,181.78,,767520.0
2020-08-13,180.58,182.84,180.32,182.53,,696853.0
2020-08-14,181.61,181.92,178.93,180.05,,1008622.0
2020-08-17,180.4,182.49,179.78,180.68,,771987.0
2020-08-18,181.01,182.25,179.92,181.0,,619021.0
2020-08-19,181.0,181.53,177.19,177.88,,1005849.0
2020-08-20,177.02,180.62,177.02,179.57,,873345.0
2020-08-21,179.57,180.69,178.57,180.45,,1095396.0
2020-08-24,181.0,182.72,179.67,180.37,,897841.0
2020-08-25,181.16,182.17,179.58,181.2,,811111.0
2020-08-26,180.19,181.13,178.57,180.67,,846901.0
2020-08-27,180.72,188.67,180.15,187.54,,1507016.0
2020-08-28,187.8,189.83,185.47,189.46,,946078.0
2020-08-31,188.28,190.5,187.13,189.41,,1076841.0
2020-09-01,188.24,189.32,187.72,189.29,,925408.0
2020-09-02,189.66,193.42,188.87,192.72,,1944107.0
2020-09-03,193.64,193.79,187.8,189.39,,1330222.0
2020-09-04,191.15,191.5,186.07,188.89,,1044663.0
2020-09-08,187.31,192.45,186.05,191.25,,1537263.0
2020-09-09,193.43,199.03,192.79,196.34,,2487790.0
2020-09-10,196.42,197.52,192.2,192.87,,1115800.0
2020-09-11,193.75,194.25,191.68,193.1,,902565.0
2020-09-14,194.75,197.73,194.51,196.44,,929063.0
2020-09-15,197.1,202.6,196.96,201.21,,2052544.0
2020-09-16,202.43,207.28,202.12,206.28,,2037994.0
2020-09-17,203.76,205.82,201.37,202.23,,1427123.0
2020-09-18,202.34,203.68,196.61,197.27,,2612075.0
2020-09-21,193.13,194.49,190.29,193.95,,1316615.0
2020-09-22,193.37,194.66,190.25,194.39,,1036149.0
2020-09-23,194.85,196.45,192.94,193.46,,1048639.0
2020-09-24,192.73,192.88,188.86,190.18,,928405.0
2020-09-25,188.06,196.09,188.06,195.96,,835992.0
2020-09-28,199.79,200.87,197.87,198.1,,1219066.0
2020-09-29,199.37,200.2,195.01,196.25,,782083.0
2020-09-30,196.71,201.93,196.29,199.73,,1098432.0
2020-10-01,201.14,201.52,197.77,200.02,,1050913.0
2020-10-02,197.31,202.18,195.97,199.66,,966334.0
2020-10-05,201.81,205.22,201.65,205.18,,999587.0
2020-10-06,204.93,205.9,201.31,201.86,,808714.0
2020-10-07,204.58,209.08,204.34,208.39,,1067009.0
2020-10-08,208.96,210.97,207.82,210.01,,1125596.0
2020-10-09,210.88,215.41,210.51,213.69,,1237788.0
2020-10-12,215.67,217.96,214.33,216.27,,1081037.0
2020-10-13,214.8,215.57,210.2,210.88,,852446.0
2020-10-14,211.35,215.34,210.95,212.05,,743406.0
2020-10-15,208.35,214.09,207.96,213.11,,773041.0
2020-10-16,214.52,217.64,214.06,214.76,,820575.0
2020-10-19,214.9,216.63,210.62,211.73,,763328.0
2020-10-20,212.92,215.29,211.34,211.64,,603546.0
2020-10-21,212.4,213.52,210.61,211.74,,607610.0
2020-10-22,212.28,215.7,210.55,215.33,,971071.0
2020-10-23,216.63,217.02,211.9,212.7,,858875.0
2020-10-26,209.72,209.84,203.87,205.84,,1322929.0
2020-10-27,205.79,207.78,204.19,204.61,,864566.0
2020-10-28,200.17,200.43,195.21,196.45,,1184133.0
2020-10-29,196.46,199.87,193.88,196.87,,1065939.0
2020-10-30,200.6,203.67,187.96,193.63,,2385231.0
2020-11-02,195.54,197.53,191.94,194.37,,1274399.0
2020-11-03,197.46,200.97,196.6,199.62,,1044315.0
2020-11-04,201.12,206.08,198.46,199.12,,1140036.0
2020-11-05,202.37,203.48,200.19,201.87,,1113405.0
2020-11-06,202.14,206.08,200.26,204.59,,1119104.0
2020-11-09,221.76,231.51,221.08,224.63,,3092790.0
2020-11-10,223.01,223.34,217.83,221.01,,1380460.0
2020-11-11,222.82,222.82,214.55,215.9,,1166079.0
2020-11-12,214.98,218.01,213.37,215.88,,826287.0
2020-11-13,216.94,222.75,216.63,222.32,,938977.0
2020-11-16,225.4,226.24,222.14,226.0,,1646560.0
2020-11-17,222.72,223.89,218.07,221.84,,997863.0
2020-11-18,221.78,225.21,221.42,222.15,,855760.0
2020-11-19,221.42,224.31,219.93,223.88,,1099580.0
2020-11-20,223.09,224.56,221.44,223.2,,1116840.0
2020-11-23,223.77,225.65,222.56,223.35,,699337.0
2020-11-24,225.63,232.45,225.33,230.35,,1513844.0
2020-11-25,230.33,230.54,223.4,224.03,,1900141.0
2020-11-27,225.91,226.79,222.2,223.16,,787609.0
2020-11-30,223.88,225.01,221.19,223.72,,1671863.0
2020-12-01,225.86,226.32,220.64,221.42,,1462287.0
2020-12-02,221.35,224.59,220.03,224.55,,787616.0
2020-12-03,224.56,226.57,223.24,225.04,,1067538.0
2020-12-04,224.98,229.66,224.48,229.66,,844364.0
2020-12-07,227.65,229.41,225.85,226.98,,705571.0
2020-12-08,225.03,226.87,224.39,225.69,,925863.0
2020-12-09,226.42,227.94,225.3,226.15,,1006786.0
2020-12-10,225.26,227.42,223.76,225.38,,875192.0
2020-12-11,224.3,225.03,220.71,222.57,,1057057.0
2020-12-14,224.16,226.65,221.23,221.37,,1069600.0
2020-12-15,224.12,226.02,221.0,224.35,,1016908.0
2020-12-16,223.83,226.33,222.18,225.38,,794073.0
2020-12-17,226.21,228.35,225.43,228.23,,776434.0
2020-12-18,228.27,230.52,226.35,230.05,,2504725.0
2020-12-21,225.67,226.76,221.04,225.12,,936705.0
2020-12-22,225.05,226.77,221.83,225.53,,817292.0
2020-12-23,226.96,229.09,226.51,226.53,,619625.0
2020-12-24,227.35,228.37,226.53,227.23,,256448.0
2020-12-28,229.09,230.48,228.05,228.65,,627766.0
2020-12-29,230.9,232.4,229.91,230.86,,824228.0
2020-12-30,230.95,233.36,230.95,232.63,,855814.0
2020-12-31,232.66,235.78,231.16,235.49,,639945.0
2021-01-04,235.78,235.96,227.02,229.71,,1114868.0
2021-01-05,230.03,232.13,228.97,230.32,,1363945.0
2021-01-06,229.57,233.26,227.54,233.0,,1981775.0
2021-01-07,233.33,234.71,230.31,234.22,,921146.0
2021-01-08,235.06,237.8,232.22,234.16,,1378528.0
2021-01-11,233.16,233.85,231.41,232.42,,544835.0
2021-01-12,230.98,232.4,228.04,229.89,,823248.0
2021-01-13,229.88,234.73,229.29,233.72,,696011.0
2021-01-14,233.43,234.6,231.43,232.69,,1053774.0
2021-01-15,232.42,234.16,229.45,232.56,,1281154.0
2021-01-19,233.53,234.73,231.19,232.64,,835755.0
2021-01-20,232.95,237.08,231.3,235.65,,959223.0
2021-01-21,234.86,235.78,231.11,234.11,,991080.0
2021-01-22,233.15,233.54,230.57,230.58,,908607.0
2021-01-25,229.89,230.62,227.64,230.21,,1371633.0
2021-01-26,230.68,232.71,228.47,228.72,,1053658.0
2021-01-27,225.84,226.28,220.63,221.76,,1488922.0
2021-01-28,223.43,225.45,218.04,221.04,,2004294.0
2021-01-29,220.08,220.81,212.29,212.4,,2192196.0
2021-02-01,214.81,218.56,214.01,217.71,,2097334.0
2021-02-02,220.58,229.44,220.43,225.97,,1821085.0
2021-02-03,224.57,226.23,221.34,224.83,,1237866.0
2021-02-04,224.83,231.75,223.48,227.84,,1211051.0
2021-02-05,230.69,232.54,228.7,229.47,,1242255.0
2021-02-08,229.13,233.1,228.78,233.0,,925353.0
2021-02-09,233.21,234.76,231.19,232.71,,758549.0
2021-02-10,234.31,235.07,231.98,233.56,,747586.0
2021-02-11,234.66,236.4,233.1,235.78,,663630.0
2021-02-12,234.25,239.0,233.68,238.48,,1294231.0
2021-02-16,237.79,238.62,234.25,238.2,,2316231.0
2021-02-17,237.48,237.96,234.14,236.96,,1673668.0
2021-02-18,235.61,237.67,233.94,235.61,,2351502.0
2021-02-19,235.91,236.78,231.69,232.66,,1509268.0
2021-02-22,231.05,235.07,229.44,233.67,,1076982.0
2021-02-23,234.89,238.48,232.53,236.95,,1289751.0
2021-02-24,236.41,240.18,235.78,239.12,,1274504.0
2021-02-25,239.15,240.28,234.67,236.2,,958026.0
2021-02-26,237.7,237.7,232.67,233.23,,1163107.0
2021-03-01,235.74,238.17,235.4,236.23,,865292.0
2021-03-02,237.43,237.53,234.02,235.83,,996423.0
2021-03-03,234.59,235.5,232.9,233.41,,903365.0
2021-03-04,233.33,233.73,223.98,226.61,,1371148.0
2021-03-05,228.32,231.83,223.52,230.68,,1617562.0
2021-03-08,230.36,231.13,226.63,226.8,,1308811.0
2021-03-09,228.92,233.06,227.89,227.93,,993068.0
2021-03-10,229.62,231.6,227.94,230.72,,953773.0
2021-03-11,231.44,231.6,228.79,229.94,,1055721.0
2021-03-12,229.41,231.81,229.41,231.38,,692541.0
2021-03-15,231.99,232.34,229.94,231.85,,1153767.0
2021-03-16,231.99,232.66,227.16,228.75,,1098535.0
2021-03-17,229.98,229.98,226.34,226.98,,1394437.0
2021-03-18,226.54,227.19,221.32,221.86,,1683102.0
2021-03-19,221.13,224.35,218.96,221.04,,2162155.0
2021-03-22,220.83,224.12,219.55,223.04,,892069.0
2021-03-23,222.99,224.1,219.87,220.49,,1211995.0
2021-03-24,221.01,227.29,220.17,224.7,,1336057.0
2021-03-25,225.17,226.87,222.33,226.17,,1002793.0
2021-03-26,226.41,231.89,225.13,231.59,,1109567.0
2021-03-29,230.09,233.38,229.15,232.6,,1147267.0
2021-03-30,230.98,235.67,230.98,234.23,,1207542.0
2021-03-31,234.61,236.28,234.17,234.69,,1450475.0
2021-04-01,235.38,235.38,232.33,234.09,,789986.0
2021-04-05,235.99,239.88,235.7,239.42,,1250535.0
2021-04-06,239.02,240.77,238.45,239.33,,917177.0
2021-04-07,239.13,240.78,237.34,238.41,,1241104.0
2021-04-08,239.62,241.05,239.02,240.75,,1211516.0
2021-04-09,241.74,244.21,241.32,244.08,,1069014.0
2021-04-12,242.81,244.74,242.31,242.64,,1237344.0
2021-04-13,241.84,244.52,241.54,244.32,,906966.0
2021-04-14,244.86,246.2,242.61,243.09,,758736.0
2021-04-15,243.56,247.75,243.41,247.48,,1179193.0
2021-04-16,248.73,250.51,245.83,247.75,,943056.0
2021-04-19,247.32,248.14,245.23,247.38,,854817.0
2021-04-20,246.63,250.03,245.94,249.0,,949269.0
2021-04-21,250.25,254.92,249.57,254.26,,1191018.0
2021-04-22,254.48,256.25,252.69,254.53,,797463.0
2021-04-23,254.35,258.26,253.85,257.26,,1089047.0
2021-04-26,258.01,258.2,255.41,255.6,,1052552.0
2021-04-27,255.06,256.66,252.96,255.36,,844706.0
2021-04-28,251.48,252.82,248.46,250.11,,1536512.0
2021-04-29,250.76,254.33,250.33,253.82,,943686.0
2021-04-30,253.41,254.09,250.5,253.05,,1071054.0
2021-05-03,253.92,254.71,252.72,253.5,,1033001.0
2021-05-04,251.88,251.88,244.0,246.27,,1563637.0
2021-05-05,247.34,247.52,242.52,243.84,,1232000.0
2021-05-06,243.83,245.02,241.06,244.86,,1029566.0
2021-05-07,245.29,247.93,244.23,245.49,,935826.0
2021-05-10,246.36,249.39,246.36,246.64,,1468232.0
2021-05-11,245.16,246.14,241.29,242.33,,824501.0
2021-05-12,240.01,242.32,235.22,235.83,,1690603.0
2021-05-13,236.6,239.55,236.01,238.81,,691773.0
2021-05-14,239.81,244.25,239.17,243.72,,1212112.0
2021-05-17,242.67,243.6,241.63,242.66,,783397.0
2021-05-18,241.84,246.15,241.84,243.62,,1087365.0
2021-05-19,240.61,243.17,239.57,243.05,,970920.0
2021-05-20,242.91,247.22,242.32,245.07,,882940.0
2021-05-21,246.24,249.65,246.09,246.32,,1150094.0
2021-05-24,247.76,249.13,246.75,247.77,,774275.0
2021-05-25,247.57,249.4,246.25,247.42,,832828.0
2021-05-26,244.85,246.06,240.03,243.22,,1373600.0
2021-05-27,245.16,245.82,242.81,245.23,,2742427.0
2021-05-28,246.87,249.99,245.78,245.96,,938784.0
2021-06-01,250.51,250.51,245.92,246.46,,1460673.0
2021-06-02,246.15,246.82,240.96,241.57,,1147122.0
2021-06-03,239.97,241.38,237.24,240.59,,1107206.0
2021-06-04,241.85,243.91,241.2,242.64,,688087.0
2021-06-07,243.56,244.17,239.68,240.44,,1178617.0
2021-06-08,242.41,242.41,237.04,240.63,,975509.0
2021-06-09,242.38,244.09,241.96,243.9,,924992.0
2021-06-10,244.42,247.48,244.4,247.3,,924135.0
2021-06-11,247.73,247.73,244.79,246.46,,724638.0
2021-06-14,246.67,246.67,244.9,246.36,,752437.0
2021-06-15,247.08,248.11,245.93,247.32,,745933.0
2021-06-16,248.01,248.96,246.16,247.05,,1226671.0
2021-06-17,246.9,250.74,246.9,250.08,,1173380.0
2021-06-18,248.6,249.27,245.37,245.61,,1375505.0
2021-06-21,246.57,250.79,245.4,250.25,,780051.0
2021-06-22,250.51,254.13,249.73,253.15,,1318937.0
2021-06-23,252.86,254.73,251.96,253.06,,1116128.0
2021-06-24,254.3,254.69,251.75,251.85,,568998.0
2021-06-25,252.03,254.79,252.03,253.41,,2544302.0
2021-06-28,254.61,254.61,249.73,250.86,,918766.0
2021-06-29,252.01,253.53,251.07,251.55,,721258.0
2021-06-30,251.07,251.86,249.67,250.86,,748291.0
2021-07-01,251.61,253.76,250.17,253.73,,1264789.0
2021-07-02,253.92,256.68,253.72,256.36,,973619.0
2021-07-06,256.34,256.83,253.23,255.81,,1219207.0
2021-07-07,256.37,256.87,254.64,256.28,,767467.0
2021-07-08,253.33,255.09,251.39,254.93,,727880.0
2021-07-09,255.96,256.21,254.61,255.4,,1167588.0
2021-07-12,253.92,256.49,253.4,255.87,,863245.0
2021-07-13,255.95,256.05,252.26,252.67,,948935.0
2021-07-14,253.91,253.96,250.97,252.43,,859735.0
2021-07-15,250.97,251.87,247.02,248.27,,1607214.0
2021-07-16,248.51,249.35,247.26,248.79,,1204772.0
2021-07-19,245.63,245.89,239.15,240.4,,1748452.0
2021-07-20,240.36,248.18,240.36,246.47,,1660713.0
2021-07-21,249.34,250.14,247.64,249.85,,1397306.0
2021-07-22,250.0,250.77,247.08,250.25,,1039006.0
2021-07-23,251.14,253.9,250.17,253.7,,982246.0
2021-07-26,252.65,254.89,250.96,254.53,,1424302.0
2021-07-27,254.36,260.53,252.15,259.19,,1408200.0
2021-07-28,264.31,265.75,256.2,259.5,,1895868.0
2021-07-29,260.02,261.0,256.86,259.99,,1216317.0
2021-07-30,259.52,262.75,259.15,261.69,,1050355.0
2021-08-02,262.37,264.2,260.24,260.85,,1123941.0
2021-08-03,260.45,260.57,256.72,258.86,,1030157.0
2021-08-04,257.73,258.16,253.05,253.61,,1375871.0
2021-08-05,254.47,255.54,251.98,255.48,,1268957.0
2021-08-06,255.87,256.38,252.72,253.59,,1124286.0
2021-08-09,253.15,253.77,248.02,248.75,,1316720.0
2021-08-10,248.86,249.11,243.29,244.85,,2318929.0
2021-08-11,245.37,249.87,245.37,248.73,,1579345.0
2021-08-12,248.64,252.28,247.71,251.99,,1096049.0
2021-08-13,252.39,254.84,251.34,254.16,,764922.0
2021-08-16,253.27,256.29,252.96,256.0,,1001105.0
2021-08-17,255.23,258.72,254.39,258.44,,842159.0
2021-08-18,258.33,258.43,254.04,254.58,,2065786.0
2021-08-19,252.23,256.51,251.56,255.29,,963950.0
2021-08-20,255.15,256.47,253.73,256.22,,1148475.0
2021-08-23,257.81,257.81,254.45,256.22,,1532126.0
2021-08-24,255.78,263.19,255.75,261.84,,1639872.0
2021-08-25,262.49,263.55,260.4,262.22,,921246.0
2021-08-26,262.04,263.68,260.52,261.89,,1016582.0
2021-08-27,262.97,265.39,261.85,264.08,,953204.0
2021-08-30,264.66,267.43,263.73,264.72,,904991.0
2021-08-31,264.66,267.88,264.29,267.64,,1332954.0
2021-09-01,268.22,268.4,264.44,267.22,,695940.0
2021-09-02,268.64,270.7,267.94,268.2,,859404.0
2021-09-03,267.38,267.88,265.45,267.2,,648307.0
2021-09-07,267.69,269.83,266.93,269.15,,930847.0
2021-09-08,268.91,271.34,268.19,270.52,,691073.0
2021-09-09,270.53,271.56,267.14,267.46,,686253.0
2021-09-10,268.31,268.9,264.33,264.51,,1032557.0
2021-09-13,265.66,266.41,260.09,261.58,,1401483.0
2021-09-14,262.62,268.19,260.98,265.86,,1514834.0
2021-09-15,264.59,268.93,264.2,267.64,,955436.0
2021-09-16,267.31,269.15,264.66,266.68,,773817.0
2021-09-17,266.08,266.28,263.17,263.71,,2824306.0
2021-09-20,260.2,261.68,256.18,259.17,,1082203.0
2021-09-21,260.81,262.84,259.02,259.09,,868570.0
2021-09-22,260.41,264.02,259.2,262.37,,968719.0
2021-09-23,263.68,267.95,262.65,266.73,,963773.0
2021-09-24,266.22,268.08,265.54,267.19,,520194.0
2021-09-27,266.04,267.1,262.6,264.14,,683071.0
2021-09-28,263.73,264.42,257.93,258.68,,1044473.0
2021-09-29,259.42,260.62,258.31,259.35,,653375.0
2021-09-30,259.78,261.41,255.12,255.31,,989307.0
2021-10-01,256.97,260.7,254.01,259.67,,1329845.0
2021-10-04,257.77,259.87,250.99,253.98,,1237137.0
2021-10-05,254.79,258.38,253.37,254.12,,1358984.0
2021-10-06,251.87,255.44,250.69,255.31,,977681.0
2021-10-07,256.99,260.78,256.84,257.48,,657902.0
2021-10-08,257.1,258.68,254.25,255.27,,669203.0
2021-10-11,254.24,254.62,249.94,250.49,,1042788.0
2021-10-12,251.67,251.99,249.09,249.95,,978816.0
2021-10-13,249.78,251.05,247.89,248.32,,1038829.0
2021-10-14,250.06,255.76,249.81,255.44,,1083094.0
2021-10-15,257.32,258.0,255.08,257.83,,1909013.0
2021-10-18,254.62,255.45,251.47,253.7,,1100270.0
2021-10-19,255.84,262.92,255.84,262.23,,966414.0
2021-10-20,263.33,265.72,261.31,265.03,,1068301.0
2021-10-21,264.8,267.71,263.1,267.63,,962569.0
2021-10-22,267.19,268.72,265.92,266.94,,653252.0
2021-10-25,267.61,267.9,263.94,264.35,,924005.0
2021-10-26,266.23,266.71,264.24,264.47,,605398.0
2021-10-27,265.27,265.57,259.76,259.94,,899134.0
2021-10-28,259.41,261.75,256.97,259.88,,1067010.0
2021-10-29,252.39,258.21,249.78,257.59,,2393538.0
2021-11-01,257.65,261.13,257.59,259.84,,1219105.0
2021-11-02,261.38,264.73,259.51,263.96,,1327869.0
2021-11-03,264.06,265.19,259.58,263.19,,923860.0
2021-11-04,263.89,264.48,259.96,261.45,,942752.0
2021-11-05,262.36,269.54,261.8,267.36,,1333393.0
2021-11-08,268.99,269.13,265.76,266.77,,743817.0
2021-11-09,266.2,267.31,264.82,266.4,,878602.0
2021-11-10,266.19,268.19,261.41,262.42,,850584.0
2021-11-11,262.7,262.7,253.45,255.02,,1397609.0
2021-11-12,255.03,256.13,253.59,255.91,,1110262.0
2021-11-15,256.59,257.84,252.94,253.54,,914873.0
2021-11-16,253.64,255.38,252.83,253.94,,1150241.0
2021-11-17,253.33,254.29,251.47,253.71,,1067187.0
2021-11-18,254.24,254.8,249.57,251.42,,1300369.0
2021-11-19,249.26,256.44,247.62,255.28,,1721372.0
2021-11-22,255.79,256.05,252.0,252.0,,1110504.0
2021-11-23,251.13,251.68,245.5,246.43,,1402183.0
2021-11-24,245.67,248.22,244.65,247.02,,1062136.0
2021-11-26,241.84,242.24,235.72,235.72,,1955499.0
2021-11-29,238.67,239.14,235.21,235.74,,2137450.0
2021-11-30,234.56,237.09,228.56,229.09,,2702048.0
2021-12-01,232.65,239.12,231.17,231.48,,2390605.0
2021-12-02,232.83,240.55,231.38,239.51,,1751098.0
2021-12-03,240.92,241.71,236.55,239.0,,1624289.0
2021-12-06,242.02,249.36,241.53,246.3,,1434953.0
2021-12-07,251.78,255.95,251.36,252.24,,1580904.0
2021-12-08,252.12,254.05,251.64,252.95,,1310111.0
2021-12-09,251.73,254.75,250.69,252.23,,1205107.0
2021-12-10,253.04,253.68,250.1,251.91,,828052.0
2021-12-13,252.11,253.26,250.2,251.78,,895148.0
2021-12-14,250.02,251.0,246.21,246.63,,1082212.0
2021-12-15,246.01,246.38,241.46,244.18,,1667906.0
2021-12-16,244.95,247.39,241.96,243.44,,1502732.0
2021-12-17,242.29,247.81,241.28,243.21,,2416467.0
2021-12-20,240.12,241.2,234.79,239.87,,1378594.0
2021-12-21,242.44,249.24,242.03,248.05,,1421736.0
2021-12-22,248.06,255.86,247.84,255.63,,1456239.0
2021-12-23,257.51,261.25,255.99,259.7,,1501525.0
2021-12-27,260.76,261.98,259.38,261.8,,723190.0
2021-12-28,262.26,264.03,261.28,262.16,,705125.0
2021-12-29,262.16,263.75,261.21,262.47,,498692.0
2021-12-30,262.93,265.77,262.3,262.73,,820144.0
2021-12-31,261.84,263.35,259.43,259.56,,636522.0
2022-01-03,259.55,260.97,256.77,260.53,,1169734.0
2022-01-04,264.74,270.89,263.43,269.61,,1982390.0
2022-01-05,268.51,272.19,264.02,264.25,,1318504.0
2022-01-06,263.39,268.83,261.13,263.52,,1776128.0
2022-01-07,260.37,263.1,255.04,255.82,,1787345.0
2022-01-10,254.49,256.13,250.59,256.09,,1304703.0
2022-01-11,256.89,261.79,255.21,260.29,,1019666.0
2022-01-12,260.61,262.04,259.31,260.15,,807079.0
2022-01-13,260.85,263.88,259.24,260.02,,1062035.0
2022-01-14,258.01,259.24,253.58,258.87,,1661271.0
2022-01-18,255.61,256.39,251.85,252.82,,1345065.0
2022-01-19,253.09,255.25,250.43,250.71,,1485515.0
2022-01-20,251.39,257.45,249.01,249.47,,1339597.0
2022-01-21,250.82,250.82,245.02,247.19,,2589517.0
2022-01-24,243.25,245.04,234.89,244.52,,2307262.0
2022-01-25,237.14,243.66,235.43,241.94,,1692442.0
2022-01-26,245.02,247.47,237.99,240.96,,1569575.0
2022-01-27,242.48,243.45,236.27,238.12,,1730993.0
2022-01-28,233.35,241.51,230.47,241.09,,1903597.0
2022-01-31,239.73,242.07,237.26,240.76,,2021660.0
2022-02-01,240.71,241.75,236.72,241.29,,2323277.0
2022-02-02,242.64,247.83,240.66,246.99,,1602892.0
2022-02-03,246.37,247.28,242.91,243.39,,1004798.0
2022-02-04,241.92,245.78,241.32,243.57,,792319.0
2022-02-07,241.53,243.71,238.83,240.89,,1261954.0
2022-02-08,241.19,248.57,241.19,247.6,,1134555.0
2022-02-09,250.28,254.78,250.28,252.57,,1341488.0
2022-02-10,248.09,251.68,247.01,247.93,,1890748.0
2022-02-11,248.36,249.3,242.65,244.25,,1307663.0
2022-02-14,244.13,245.46,241.34,243.09,,1325884.0
2022-02-15,247.22,252.25,246.53,251.12,,1513436.0
2022-02-16,248.78,252.82,246.81,251.96,,1328980.0
2022-02-17,248.51,250.47,243.53,244.19,,1374431.0
2022-02-18,243.58,245.76,239.54,240.85,,1290927.0
2022-02-22,240.28,245.08,240.05,242.86,,1673344.0
2022-02-23,245.66,249.47,244.08,246.17,,1975350.0
2022-02-24,241.93,250.88,238.77,250.13,,1889867.0
2022-02-25,250.88,258.26,249.59,257.98,,1433240.0
2022-02-28,254.41,256.69,252.67,255.61,,1300578.0
2022-03-01,255.43,256.9,251.7,254.9,,1937753.0
2022-03-02,257.21,263.41,256.12,260.6,,1816155.0
2022-03-03,261.29,262.89,256.2,258.64,,924943.0
2022-03-04,255.82,259.38,253.06,259.25,,1113990.0
2022-03-07,257.62,259.04,244.29,245.96,,1766555.0
2022-03-08,243.83,245.41,237.05,238.49,,1956903.0
2022-03-09,245.27,245.27,238.51,242.35,,1731072.0
2022-03-10,238.56,241.65,236.68,241.07,,1696945.0
2022-03-11,243.06,244.57,240.29,240.49,,1261186.0
2022-03-14,242.87,244.32,236.15,238.62,,1582867.0
2022-03-15,242.04,247.4,241.37,246.86,,1474554.0
2022-03-16,250.42,255.82,248.96,254.45,,1530221.0
2022-03-17,250.98,256.26,250.98,256.24,,1454437.0
2022-03-18,255.87,259.92,253.85,259.48,,2106902.0
2022-03-21,259.11,259.78,255.6,257.98,,1071307.0
2022-03-22,258.3,260.6,257.99,259.12,,1468130.0
2022-03-23,257.25,257.47,247.33,247.96,,1777996.0
2022-03-24,249.87,255.32,249.16,255.28,,1177297.0
2022-03-25,256.24,258.42,254.89,258.18,,817241.0
2022-03-28,259.41,262.29,257.0,262.18,,1004464.0
2022-03-29,264.19,266.07,261.96,264.95,,1025358.0
2022-03-30,263.62,265.12,260.38,261.9,,939755.0
2022-03-31,260.69,264.28,259.83,260.16,,1565958.0
2022-04-01,261.06,263.47,259.6,261.82,,1044615.0
2022-04-04,260.52,260.77,255.11,257.99,,1264635.0
2022-04-05,257.1,262.66,256.96,261.28,,2187127.0
2022-04-06,251.04,261.5,250.71,260.99,,4085794.0
2022-04-07,259.94,264.17,258.31,262.91,,1372655.0
2022-04-08,262.59,264.11,259.56,262.22,,1097170.0
2022-04-11,260.32,261.21,255.86,256.26,,1046488.0
2022-04-12,256.49,258.23,253.51,255.36,,945887.0
2022-04-13,252.52,257.01,252.52,256.55,,864939.0
2022-04-14,258.39,258.4,254.15,254.66,,913008.0
2022-04-18,253.42,255.57,250.78,252.0,,590816.0
2022-04-19,253.38,266.47,253.38,264.37,,2345382.0
2022-04-20,264.29,271.77,264.29,268.94,,1447838.0
2022-04-21,269.82,271.01,262.64,262.77,,1354432.0
2022-04-22,255.97,257.95,239.81,241.63,,3099542.0
2022-04-25,240.94,247.71,240.15,247.01,,1800351.0
2022-04-26,245.71,246.69,242.21,242.21,,1349674.0
2022-04-27,241.81,245.2,239.59,242.45,,1751153.0
2022-04-28,244.69,246.8,240.55,245.32,,1628331.0
2022-04-29,242.15,242.33,234.33,234.77,,3090497.0
2022-05-02,235.2,237.18,223.97,230.6,,1911608.0
2022-05-03,230.6,233.63,230.15,231.47,,1148056.0
2022-05-04,232.06,241.09,229.76,239.36,,1634442.0
2022-05-05,237.46,240.16,231.51,234.87,,1879912.0
2022-05-06,233.51,234.71,228.86,233.63,,1506275.0
2022-05-09,229.17,230.14,221.71,222.85,,2011184.0
2022-05-10,225.28,227.1,218.0,221.39,,1857965.0
2022-05-11,221.07,226.8,219.96,220.62,,1429598.0
2022-05-12,218.02,222.36,218.02,221.87,,1375532.0
2022-05-13,225.48,229.54,224.33,227.0,,1261311.0
2022-05-16,225.73,228.97,225.25,227.56,,985628.0
2022-05-17,231.17,233.07,229.32,232.7,,1058353.0
2022-05-18,229.78,230.99,224.98,225.97,,1101346.0
2022-05-19,222.49,226.02,221.11,224.3,,1920280.0
2022-05-20,226.77,227.78,220.59,226.01,,1086644.0
2022-05-23,228.68,229.23,224.39,226.78,,925038.0
2022-05-24,226.12,227.95,223.49,227.01,,771823.0
2022-05-25,226.1,230.22,224.81,228.69,,1115441.0
2022-05-26,229.6,230.95,226.57,228.62,,907891.0
2022-05-27,230.69,232.16,229.82,230.14,,1021253.0
2022-05-31,228.15,228.95,225.3,228.2,,2090074.0
2022-06-01,229.11,229.66,219.52,221.87,,1156634.0
2022-06-02,223.21,228.24,218.17,228.09,,1011524.0
2022-06-03,226.16,226.16,222.56,222.86,,747297.0
2022-06-06,224.84,225.23,221.14,222.02,,794663.0
2022-06-07,219.92,224.81,219.56,224.5,,739912.0
2022-06-08,223.39,223.79,220.22,220.58,,660368.0
2022-06-09,219.15,219.58,212.84,213.08,,983845.0
2022-06-10,209.39,213.15,208.41,210.58,,1346739.0
2022-06-13,204.73,206.48,200.43,201.53,,1762455.0
2022-06-14,200.35,201.05,192.96,195.19,,1792829.0
2022-06-15,198.11,200.21,194.02,197.07,,1651915.0
2022-06-16,191.35,192.33,188.45,190.44,,1438496.0
2022-06-17,190.89,194.4,188.73,188.87,,2265203.0
2022-06-21,192.11,192.93,189.13,190.44,,1411417.0
2022-06-22,188.98,193.84,188.14,191.46,,1300861.0
2022-06-23,192.1,195.92,191.79,194.68,,1293016.0
2022-06-24,196.61,199.54,194.55,198.93,,1546242.0
2022-06-27,199.09,200.01,196.32,197.67,,1126109.0
2022-06-28,198.83,199.82,192.34,192.48,,1313379.0
2022-06-29,194.04,195.74,191.96,194.74,,904584.0
2022-06-30,192.63,194.58,189.54,194.26,,2424867.0
2022-07-01,194.3,199.36,192.61,199.07,,1976558.0
2022-07-05,196.3,197.79,192.44,197.27,,1090346.0
2022-07-06,197.72,198.79,194.59,196.04,,1278806.0
2022-07-07,195.8,197.25,193.91,196.96,,2043101.0
2022-07-08,196.5,198.48,195.02,196.16,,854635.0
2022-07-11,192.23,194.81,191.66,192.79,,1120553.0
2022-07-12,192.03,194.63,190.4,191.12,,1061937.0
2022-07-13,188.13,191.1,186.83,189.62,,1056709.0
2022-07-14,187.19,188.5,186.06,187.86,,1314277.0
2022-07-15,191.42,191.7,188.78,190.18,,1904031.0
2022-07-18,190.24,190.24,184.4,184.82,,2065953.0
2022-07-19,187.97,192.83,187.37,192.66,,2960610.0
2022-07-20,192.41,195.08,190.65,193.4,,1613748.0
2022-07-21,192.98,195.82,191.76,195.54,,1420902.0
2022-07-22,193.99,196.39,192.4,194.73,,1800412.0
2022-07-25,194.86,197.17,193.9,196.78,,1387987.0
2022-07-26,197.77,200.26,196.27,199.61,,2307712.0
2022-07-27,214.49,215.82,201.16,206.82,,3773520.0
2022-07-28,206.82,215.62,205.76,213.88,,3674494.0
2022-07-29,212.62,212.88,209.36,209.7,,1981752.0
2022-08-01,207.49,210.04,206.13,208.47,,1564228.0
2022-08-02,208.4,211.3,207.32,208.24,,852627.0
2022-08-03,209.69,212.44,207.92,210.83,,1032590.0
2022-08-04,211.21,211.44,208.89,209.2,,979896.0
2022-08-05,207.5,210.92,207.07,210.72,,1152355.0
2022-08-08,212.51,213.2,210.48,212.21,,1319255.0
2022-08-09,211.98,213.15,209.09,209.9,,1329412.0
2022-08-10,213.72,214.12,211.22,214.05,,1360115.0
2022-08-11,215.92,218.33,212.59,212.89,,1697200.0
2022-08-12,213.56,218.08,213.37,217.88,,1084384.0
2022-08-15,216.76,220.16,216.33,219.29,,1468142.0
2022-08-16,217.76,220.93,216.77,218.89,,1178571.0
2022-08-17,216.51,217.85,214.47,216.23,,1018821.0
2022-08-18,217.18,217.92,214.45,215.65,,960750.0
2022-08-19,215.62,215.73,212.24,213.01,,915456.0
2022-08-22,210.09,210.92,206.56,207.36,,784275.0
2022-08-23,206.44,206.94,203.46,204.23,,907814.0
2022-08-24,204.04,207.91,203.66,207.51,,1530548.0
2022-08-25,209.13,211.81,208.11,211.6,,725933.0
2022-08-26,211.61,211.61,201.96,202.14,,968343.0
2022-08-29,200.18,203.82,199.87,201.94,,630098.0
2022-08-30,202.38,202.82,199.6,200.45,,733234.0
2022-08-31,202.78,204.82,200.01,200.38,,1416293.0
2022-09-01,200.11,201.94,197.3,201.82,,874389.0
2022-09-02,204.09,204.09,197.17,198.97,,862854.0
2022-09-06,200.13,200.65,197.1,197.97,,908609.0
2022-09-07,198.1,206.64,198.1,206.25,,1087370.0
2022-09-08,204.27,215.27,204.27,215.1,,2596506.0
2022-09-09,215.81,224.61,215.33,224.6,,3123780.0
2022-09-12,224.95,227.11,224.5,226.38,,2594907.0
2022-09-13,220.74,223.55,219.06,220.54,,1502782.0
2022-09-14,218.49,222.67,218.49,220.88,,1394806.0
2022-09-15,220.88,225.21,220.58,221.39,,1661872.0
2022-09-16,219.02,219.71,214.14,216.05,,2324047.0
2022-09-19,214.12,216.12,211.3,215.69,,1090254.0
2022-09-20,213.59,214.75,209.67,212.84,,1003193.0
2022-09-21,214.48,216.12,207.39,207.48,,1000256.0
2022-09-22,207.07,207.1,203.34,203.97,,1199220.0
2022-09-23,202.55,203.2,197.84,202.07,,1331927.0
2022-09-26,201.33,202.07,196.22,198.48,,1103157.0
2022-09-27,201.15,202.3,196.08,197.92,,1444358.0
2022-09-28,199.71,202.24,197.36,200.98,,1348981.0
2022-09-29,200.45,202.5,197.32,201.33,,1107856.0
2022-09-30,202.29,206.03,198.2,198.45,,1486028.0
2022-10-03,201.23,206.93,199.82,205.6,,962811.0
2022-10-04,207.72,211.58,207.72,211.44,,1091854.0
2022-10-05,209.09,213.55,208.2,211.76,,764085.0
2022-10-06,211.38,212.02,206.87,207.15,,1052543.0
2022-10-07,205.07,205.88,202.66,204.31,,1222121.0
2022-10-10,206.58,207.06,201.7,203.8,,1030310.0
2022-10-11,203.67,209.9,202.42,207.19,,1717943.0
2022-10-12,207.88,210.51,204.37,204.44,,1958126.0
2022-10-13,200.64,212.09,199.13,209.78,,1197717.0
2022-10-14,212.0,212.54,204.04,204.91,,1607261.0
2022-10-17,208.05,212.59,207.94,211.28,,1767663.0
2022-10-18,218.12,220.06,210.22,210.58,,1771632.0
2022-10-19,210.11,213.16,209.04,212.31,,1610084.0
2022-10-20,212.23,214.83,208.33,210.11,,1332111.0
2022-10-21,209.38,214.19,206.06,213.9,,1562839.0
2022-10-24,216.3,218.13,214.6,216.05,,1078895.0
2022-10-25,215.15,220.84,215.15,220.08,,1352286.0
2022-10-26,221.24,226.61,220.02,223.97,,1555155.0
2022-10-27,224.57,225.79,222.21,223.67,,1764291.0
2022-10-28,223.74,226.57,223.6,224.6,,1509138.0
2022-10-31,223.23,225.16,221.72,224.61,,2690877.0
2022-11-01,210.22,217.34,207.72,215.65,,4289979.0
2022-11-02,215.24,215.91,207.5,207.69,,2410209.0
2022-11-03,204.96,205.67,201.28,201.36,,1553500.0
2022-11-04,202.33,206.99,201.78,206.72,,2001463.0
2022-11-07,208.88,209.21,205.31,209.21,,1715489.0
2022-11-08,208.68,209.09,203.17,205.6,,1414069.0
2022-11-09,205.71,206.23,202.49,202.98,,1147576.0
2022-11-10,210.66,216.22,209.65,214.54,,2117728.0
2022-11-11,216.19,220.1,213.56,219.76,,2213113.0
2022-11-14,218.7,220.21,214.56,214.57,,1356305.0
2022-11-15,216.72,219.47,214.15,217.49,,1596798.0
2022-11-16,217.83,219.28,216.1,216.79,,944776.0
2022-11-17,213.9,215.58,212.18,214.56,,1557520.0
2022-11-18,217.09,219.42,216.28,219.09,,1447052.0
2022-11-21,218.52,222.41,218.16,220.11,,1263542.0
2022-11-22,220.29,222.32,219.39,221.95,,982322.0
2022-11-23,222.87,226.12,222.43,225.64,,1095581.0
2022-11-25,226.92,228.58,225.87,228.04,,412960.0
2022-11-28,225.99,228.79,222.01,222.68,,994738.0
2022-11-29,222.33,224.29,221.6,222.61,,881848.0
2022-11-30,223.52,229.21,222.34,229.17,,1819037.0
2022-12-01,230.9,237.58,230.9,235.91,,1978948.0
2022-12-02,233.01,239.13,233.01,238.2,,1192116.0
2022-12-05,235.65,236.59,232.84,233.1,,1028199.0
2022-12-06,232.24,233.07,229.24,230.78,,968173.0
2022-12-07,232.34,237.24,232.34,237.19,,1170766.0
2022-12-08,237.75,244.28,237.01,242.84,,1993859.0
2022-12-09,241.22,244.17,239.62,239.69,,1251859.0
2022-12-12,239.07,244.46,238.49,244.14,,1079723.0
2022-12-13,252.52,253.46,246.81,248.82,,1716727.0
2022-12-14,248.3,253.35,246.36,248.69,,1207281.0
2022-12-15,244.76,245.62,239.95,240.05,,1421161.0
2022-12-16,237.28,238.83,231.05,235.0,,3604031.0
2022-12-19,234.44,235.04,231.5,234.2,,1377141.0
2022-12-20,234.07,234.88,231.82,233.78,,1345420.0
2022-12-21,235.15,237.88,233.86,236.66,,1113703.0
2022-12-22,235.2,237.02,232.67,236.89,,992828.0
2022-12-23,235.93,238.16,234.78,237.94,,584108.0
2022-12-27,238.33,240.02,236.39,239.1,,667563.0
2022-12-28,239.46,242.02,236.6,236.78,,795829.0
2022-12-29,238.63,242.91,237.5,241.28,,638814.0
2022-12-30,239.74,240.91,237.52,240.28,,690293.0
2023-01-03,243.02,245.21,239.6,241.8,,1083228.0
2023-01-04,244.71,249.02,242.56,248.15,,1368330.0
2023-01-05,246.51,247.87,243.93,245.52,,1408705.0
2023-01-06,247.48,252.23,244.02,251.84,,1402112.0
2023-01-09,254.17,259.64,253.0,256.51,,2396619.0
2023-01-10,256.51,260.42,256.28,259.27,,2092655.0
2023-01-11,258.48,259.2,251.22,254.36,,1590476.0
2023-01-12,253.75,253.77,250.62,251.94,,938764.0
2023-01-13,251.71,255.68,249.82,255.35,,752115.0
2023-01-17,255.12,255.12,251.01,251.99,,1294059.0
2023-01-18,251.8,251.8,247.03,247.69,,2007336.0
2023-01-19,246.14,249.85,244.52,248.95,,1038050.0
2023-01-20,250.29,252.18,247.8,251.81,,1157129.0
2023-01-23,252.09,258.17,251.48,253.06,,1493824.0
2023-01-24,253.12,254.17,249.44,251.35,,941544.0
2023-01-25,247.37,249.63,245.01,248.6,,1178597.0
2023-01-26,249.82,250.37,246.56,248.07,,1099045.0
2023-01-27,247.11,251.51,245.22,249.8,,1040957.0
2023-01-30,247.53,249.79,244.98,245.25,,1209682.0
2023-01-31,244.81,249.59,244.68,249.44,,1727700.0
2023-02-01,264.98,275.64,262.41,274.15,,4669325.0
2023-02-02,271.69,277.7,271.28,277.62,,2020418.0
2023-02-03,275.53,279.12,275.25,278.27,,1535366.0
2023-02-06,276.32,276.36,266.08,266.81,,1790208.0
2023-02-07,264.14,269.01,260.9,267.76,,1851545.0
2023-02-08,266.41,268.18,263.01,263.61,,1368190.0
2023-02-09,264.96,265.31,258.71,259.81,,1132063.0
2023-02-10,259.04,260.33,257.34,259.79,,1061069.0
2023-02-13,260.6,262.85,259.59,262.4,,1087607.0
2023-02-14,261.02,264.21,258.08,260.11,,798976.0
2023-02-15,258.22,261.23,257.65,260.72,,999357.0
2023-02-16,256.67,261.13,254.86,258.68,,1009704.0
2023-02-17,257.04,258.96,256.07,258.63,,851088.0
2023-02-21,256.6,258.38,255.3,256.73,,1021976.0
2023-02-22,256.96,258.46,256.09,257.15,,1086409.0
2023-02-23,257.74,260.39,256.91,258.82,,1036770.0
2023-02-24,254.55,257.89,252.94,257.8,,1603873.0
2023-02-27,259.68,260.78,257.45,258.1,,787829.0
2023-02-28,257.92,260.53,257.24,258.36,,1321740.0
2023-03-01,257.06,258.12,255.1,255.5,,746093.0
2023-03-02,253.54,257.59,253.23,257.58,,1395119.0
2023-03-03,260.52,267.18,259.1,266.86,,1383423.0
2023-03-06,265.84,266.87,262.27,262.8,,714800.0
2023-03-07,263.75,265.04,259.11,260.14,,897769.0
2023-03-08,258.93,262.02,258.32,261.02,,677538.0
2023-03-09,262.34,268.67,261.72,263.73,,1869250.0
2023-03-10,263.14,264.9,256.35,260.14,,1610352.0
2023-03-13,257.14,265.82,257.13,262.12,,1430219.0
2023-03-14,265.99,271.62,263.93,270.95,,2193289.0
2023-03-15,264.79,268.57,264.71,268.33,,1534982.0
2023-03-16,265.52,270.62,263.21,270.48,,1092517.0
2023-03-17,270.09,272.72,269.22,269.72,,2433415.0
2023-03-20,269.55,272.85,269.22,272.07,,1135409.0
2023-03-21,272.52,273.93,270.66,273.34,,1220447.0
2023-03-22,273.24,275.7,267.47,267.66,,1453742.0
2023-03-23,268.43,272.88,267.14,269.56,,826348.0
2023-03-24,269.43,272.38,268.04,271.93,,854028.0
2023-03-27,274.39,275.49,271.93,273.33,,861363.0
2023-03-28,272.46,275.31,271.5,272.64,,824574.0
2023-03-29,273.41,274.99,272.5,274.23,,1122468.0
2023-03-30,276.35,276.81,274.67,276.62,,887007.0
2023-03-31,278.5,281.52,276.84,281.31,,1881350.0
2023-04-03,280.21,283.95,276.06,283.37,,1247816.0
2023-04-04,284.09,285.89,281.24,282.92,,1132749.0
2023-04-05,283.06,285.68,282.61,283.83,,1317759.0
2023-04-06,283.87,284.56,282.07,283.49,,1113434.0
2023-04-10,281.89,284.12,280.39,284.04,,1125529.0
2023-04-11,285.73,287.94,285.25,286.3,,792928.0
2023-04-12,288.26,289.78,285.3,285.87,,1126702.0
2023-04-13,286.36,287.45,284.6,287.36,,920096.0
2023-04-14,287.02,287.83,286.06,287.51,,1235241.0
2023-04-17,287.76,288.85,285.86,288.51,,841599.0
2023-04-18,290.22,290.25,285.8,286.68,,1076204.0
2023-04-19,288.06,297.83,287.36,294.95,,2020037.0
2023-04-20,294.3,297.78,292.78,297.7,,1336245.0
2023-04-21,300.22,302.09,297.5,299.12,,1465988.0
2023-04-24,300.54,300.99,296.74,297.64,,1393609.0
2023-04-25,296.96,298.95,294.18,295.13,,1059001.0
2023-04-26,295.13,295.71,292.97,294.45,,839026.0
2023-04-27,294.5,295.61,290.05,293.87,,1230538.0
2023-04-28,292.82,295.51,292.37,295.28,,1337774.0
2023-05-01,295.23,297.07,294.31,295.52,,2422714.0
2023-05-02,282.5,294.96,280.18,289.61,,2936954.0
2023-05-03,291.58,292.05,282.37,282.96,,1851074.0
2023-05-04,280.39,282.43,277.81,280.48,,1258051.0
2023-05-05,281.48,282.79,278.51,280.56,,1501121.0
2023-05-08,279.07,284.33,278.49,284.07,,758205.0
2023-05-09,283.88,284.43,279.43,279.52,,782438.0
2023-05-10,281.24,282.29,278.32,281.44,,902413.0
2023-05-11,280.58,284.55,280.18,280.96,,1152494.0
2023-05-12,281.44,282.3,278.62,281.31,,738509.0
2023-05-15,281.46,286.25,281.46,284.71,,1128386.0
2023-05-16,283.89,284.59,281.03,281.77,,974459.0
2023-05-17,283.09,283.76,277.62,279.84,,1013925.0
2023-05-18,279.86,282.17,278.65,281.1,,1117537.0
2023-05-19,281.83,284.94,280.05,281.21,,1036803.0
2023-05-22,282.39,287.37,281.55,282.0,,1189792.0
2023-05-23,280.21,281.14,268.1,270.16,,2163276.0
2023-05-24,269.02,271.13,266.27,268.59,,1181821.0
2023-05-25,269.08,270.13,263.86,268.43,,1159150.0
2023-05-26,269.11,271.83,267.38,268.61,,1091667.0
2023-05-30,267.03,271.31,266.74,267.53,,1365798.0
2023-05-31,265.89,271.81,265.14,271.56,,2636586.0
2023-06-01,271.14,275.49,269.5,274.51,,1178890.0
2023-06-02,274.86,276.3,273.3,274.24,,1411105.0
2023-06-05,275.99,275.99,273.06,273.91,,858900.0
2023-06-06,274.74,275.34,268.52,272.52,,1036220.0
2023-06-07,272.58,274.75,270.1,273.92,,1187042.0
2023-06-08,273.95,274.89,271.71,272.74,,963791.0
2023-06-09,272.74,276.82,271.32,276.55,,1135409.0
2023-06-12,275.91,276.34,272.52,275.84,,851086.0
2023-06-13,275.92,278.84,274.99,277.63,,983902.0
2023-06-14,292.99,295.64,286.75,289.29,,2735993.0
2023-06-15,289.47,291.74,286.14,291.34,,1088784.0
2023-06-16,293.92,296.85,289.73,290.06,,2431325.0
2023-06-20,288.32,294.9,286.8,293.46,,1401636.0
2023-06-21,292.27,293.76,289.49,293.23,,1469764.0
2023-06-22,293.34,294.84,291.45,293.55,,1083624.0
2023-06-23,292.68,295.13,292.05,293.54,,2412533.0
2023-06-26,292.24,294.95,289.61,292.51,,807035.0
2023-06-27,292.99,294.57,290.78,294.4,,1044402.0
2023-06-28,294.27,297.97,294.21,295.9,,1272023.0
2023-06-29,295.84,298.55,294.35,298.11,,684747.0
2023-06-30,301.15,303.21,299.53,301.39,,1069199.0
2023-07-03,299.27,299.57,293.44,294.39,,577070.0
2023-07-05,292.82,294.65,290.97,293.76,,806215.0
2023-07-06,291.67,293.26,289.65,292.1,,918761.0
2023-07-07,290.69,292.34,288.98,290.7,,979532.0
2023-07-10,291.43,293.76,290.56,291.72,,688268.0
2023-07-11,291.42,293.72,289.3,292.82,,848221.0
2023-07-12,294.47,296.21,292.91,294.42,,1094590.0
2023-07-13,294.07,296.43,292.83,296.01,,789296.0
2023-07-14,296.01,301.2,296.01,298.76,,1310997.0
2023-07-17,297.85,298.67,293.89,295.0,,1212899.0
2023-07-18,293.71,295.83,289.88,293.04,,1124775.0
2023-07-19,292.41,294.04,287.98,290.91,,1411737.0
2023-07-20,292.1,294.24,290.59,292.45,,1390258.0
2023-07-21,292.07,293.3,289.68,292.01,,2965011.0
2023-07-24,291.35,292.59,286.82,287.21,,1226732.0
2023-07-25,286.08,288.3,283.49,287.38,,1269382.0
2023-07-26,287.58,287.98,284.51,286.6,,1173028.0
2023-07-27,286.98,286.98,278.41,278.59,,2359933.0
2023-07-28,280.29,281.18,277.48,279.57,,1864363.0
2023-07-31,280.55,280.96,277.46,279.97,,1588529.0
2023-08-01,276.69,278.9,274.76,275.88,,2230567.0
2023-08-02,274.73,276.36,270.3,271.24,,1960988.0
2023-08-03,270.01,274.25,268.56,272.28,,1921847.0
2023-08-04,280.56,288.95,278.59,280.27,,2792823.0
2023-08-07,281.54,285.02,279.16,282.8,,1233394.0
2023-08-08,281.54,282.33,276.02,278.91,,976696.0
2023-08-09,278.58,280.28,277.32,278.58,,878652.0
2023-08-10,279.8,284.23,278.77,279.58,,880709.0
2023-08-11,279.39,279.97,278.35,278.69,,625117.0
2023-08-14,278.58,283.03,277.95,281.34,,1318501.0
2023-08-15,281.12,282.64,280.73,281.41,,724213.0
2023-08-16,281.64,282.44,278.18,278.2,,748389.0
2023-08-17,278.93,279.47,274.29,274.56,,1055814.0
2023-08-18,274.26,275.93,273.27,274.54,,993012.0
2023-08-21,275.21,276.58,271.92,272.89,,1175977.0
2023-08-22,272.15,273.14,270.74,272.14,,1052444.0
2023-08-23,273.43,275.52,272.05,272.61,,969613.0
2023-08-24,272.11,274.94,269.58,270.12,,1029646.0
2023-08-25,271.2,275.51,269.78,274.75,,907327.0
2023-08-28,277.12,278.58,272.77,274.94,,890766.0
2023-08-29,274.82,281.93,274.82,281.56,,1158394.0
2023-08-30,282.17,285.55,281.9,283.66,,1055576.0
2023-08-31,283.81,285.64,280.06,280.11,,1049842.0
2023-09-01,282.01,282.01,279.5,281.0,,657419.0
2023-09-05,286.24,286.31,280.67,282.82,,1289271.0
2023-09-06,282.87,286.46,279.89,285.59,,1253465.0
2023-09-07,286.48,288.53,285.24,285.52,,1311068.0
2023-09-08,284.82,286.2,283.67,286.03,,1052940.0
2023-09-11,287.91,297.92,287.58,296.09,,2101713.0
2023-09-12,296.2,297.59,289.87,291.2,,1146724.0
2023-09-13,290.09,294.09,288.44,293.72,,1433419.0
2023-09-14,295.09,295.81,290.93,291.42,,1390076.0
2023-09-15,291.42,293.39,289.09,289.22,,2134362.0
2023-09-18,288.84,291.0,286.2,289.66,,1042290.0
2023-09-19,289.94,290.63,287.67,290.15,,683860.0
2023-09-20,291.74,292.08,285.42,285.47,,834427.0
2023-09-21,283.96,284.99,280.85,281.0,,961965.0
2023-09-22,280.36,284.25,279.96,281.82,,953373.0
2023-09-25,281.39,284.35,280.72,283.9,,922036.0
2023-09-26,281.3,281.97,269.99,270.23,,2661900.0
2023-09-27,270.68,271.58,259.96,263.31,,3032855.0
2023-09-28,264.04,273.04,263.97,270.84,,1577429.0
2023-09-29,272.61,273.39,268.07,270.7,,1342837.0
2023-10-02,268.86,272.93,267.41,271.26,,1159612.0
2023-10-03,269.58,270.53,262.14,263.37,,2002276.0
2023-10-04,264.45,265.34,259.4,263.69,,1085449.0
2023-10-05,264.13,266.29,260.84,262.32,,1044857.0
2023-10-06,260.98,264.81,258.69,263.35,,1523184.0
2023-10-09,261.59,264.88,260.15,264.29,,715657.0
2023-10-10,264.42,273.54,263.39,271.86,,1360843.0
2023-10-11,268.45,268.45,252.39,257.6,,3069091.0
2023-10-12,258.08,259.44,250.54,251.46,,2358489.0
2023-10-13,247.65,256.15,247.63,255.45,,1698863.0
2023-10-16,258.19,262.6,256.0,261.6,,1699755.0
2023-10-17,259.87,269.05,258.05,266.28,,2174563.0
2023-10-18,267.55,269.63,265.68,267.64,,1737765.0
2023-10-19,267.58,270.62,264.97,265.89,,1157016.0
2023-10-20,266.26,266.32,261.49,263.19,,2142104.0
2023-10-23,264.04,264.3,260.35,261.09,,2118236.0
2023-10-24,261.16,263.71,259.18,262.56,,2906207.0
2023-10-25,261.52,262.17,256.03,256.62,,1943808.0
2023-10-26,253.6,258.35,252.82,256.15,,1882553.0
2023-10-27,259.36,259.6,255.55,259.44,,3783608.0
2023-10-30,260.46,262.26,255.9,260.11,,1847409.0
2023-10-31,262.97,269.04,262.35,267.68,,2719044.0
2023-11-01,268.99,271.76,266.02,269.49,,1492010.0
2023-11-02,269.75,279.67,269.75,275.61,,2989763.0
2023-11-03,271.77,275.32,265.48,273.62,,2791772.0
2023-11-06,274.0,276.67,272.5,274.23,,1263126.0
2023-11-07,273.41,274.98,270.81,272.41,,1363863.0
2023-11-08,275.72,276.37,271.29,272.19,,1486604.0
2023-11-09,273.83,275.5,268.02,268.29,,1592176.0
2023-11-10,269.1,272.64,264.42,271.04,,1468815.0
2023-11-13,275.0,282.55,274.0,279.19,,2128357.0
2023-11-14,283.43,285.54,279.94,280.37,,1400464.0
2023-11-15,280.37,284.93,280.37,280.97,,1058234.0
2023-11-16,281.74,289.95,279.69,288.81,,1900920.0
2023-11-17,287.42,290.02,283.93,285.67,,1325862.0
2023-11-20,284.77,287.77,283.79,286.57,,857706.0
2023-11-21,288.37,291.03,286.7,290.9,,1076380.0
2023-11-22,292.82,293.67,290.27,291.28,,744530.0
2023-11-24,291.82,292.38,290.04,290.88,,382499.0
2023-11-27,290.15,291.6,288.94,291.19,,995478.0
2023-11-28,289.91,290.12,286.96,289.29,,1069621.0
2023-11-29,291.23,293.34,288.78,291.6,,1131071.0
2023-11-30,291.44,293.59,287.86,293.54,,1423610.0
2023-12-01,293.71,295.89,291.81,294.99,,1110372.0
2023-12-04,292.98,295.88,287.34,288.21,,1584779.0
2023-12-05,287.99,288.26,283.6,287.77,,1216424.0
2023-12-06,288.68,289.37,283.95,285.16,,1360769.0
2023-12-07,286.06,287.06,284.07,286.66,,1434442.0
2023-12-08,286.13,287.12,283.7,286.38,,1078877.0
2023-12-11,285.28,290.43,285.28,290.27,,999675.0
2023-12-12,291.21,292.03,287.99,291.76,,951655.0
2023-12-13,292.47,296.01,291.28,295.72,,1504723.0
2023-12-14,296.19,297.73,293.47,294.3,,1860496.0
2023-12-15,283.49,289.46,283.1,287.42,,4139978.0
2023-12-18,288.65,289.61,285.78,288.73,,1415979.0
2023-12-19,288.32,289.59,286.93,289.23,,1433768.0
2023-12-20,289.5,291.07,285.44,285.6,,1162431.0
2023-12-21,286.62,293.3,286.18,293.24,,1046161.0
2023-12-22,294.82,295.61,291.46,294.7,,1068707.0
2023-12-26,293.83,297.53,293.24,296.25,,539157.0
2023-12-27,295.94,297.18,294.65,296.19,,1029473.0
2023-12-28,295.28,299.33,293.94,297.1,,788471.0
2023-12-29,297.58,298.31,296.13,297.43,,1150878.0
2024-01-02,295.59,297.91,292.88,294.23,,979196.0
2024-01-03,293.07,293.07,290.45,291.95,,1355382.0
2024-01-04,291.63,297.87,290.98,296.03,,1419037.0
2024-01-05,295.49,297.28,292.44,293.33,,807029.0
2024-01-08,294.99,298.31,292.35,297.95,,1126404.0
2024-01-09,297.47,303.36,296.5,301.2,,1343116.0
2024-01-10,302.94,306.12,301.94,305.7,,1302697.0
2024-01-11,306.1,307.43,304.03,306.9,,920153.0
2024-01-12,310.08,315.11,308.5,310.78,,1646630.0
2024-01-16,308.81,312.31,307.51,312.16,,1599848.0
2024-01-17,310.67,312.93,309.43,311.56,,1466646.0
2024-01-18,313.71,315.67,310.72,312.59,,1472733.0
2024-01-19,312.95,313.68,310.34,312.92,,1905221.0
2024-01-22,314.63,315.06,310.51,311.15,,1868477.0
2024-01-23,311.88,312.42,305.43,310.07,,1366834.0
2024-01-24,309.91,310.88,305.27,305.67,,1388751.0
2024-01-25,306.98,309.98,305.15,309.8,,1200769.0
2024-01-26,311.13,311.6,308.5,309.25,,907428.0
2024-01-29,308.64,312.81,308.64,312.37,,1427338.0
2024-01-30,313.02,314.97,311.93,314.5,,2006408.0
2024-01-31,336.71,340.48,331.44,333.21,,4931979.0
2024-02-01,333.3,339.58,331.66,338.26,,2004473.0
2024-02-02,338.69,340.56,336.34,339.74,,1159607.0
2024-02-05,340.13,344.25,338.38,340.59,,1539813.0
2024-02-06,342.16,342.61,336.61,337.47,,1314403.0
2024-02-07,338.43,341.92,335.94,340.4,,823892.0
2024-02-08,338.41,339.6,334.8,336.74,,1445668.0
2024-02-09,336.57,342.0,335.35,339.65,,1402296.0
2024-02-12,341.4,341.65,337.56,338.78,,844995.0
2024-02-13,337.6,339.14,334.02,337.5,,1548093.0
2024-02-14,338.98,347.31,337.86,347.06,,1904493.0
2024-02-15,348.7,350.17,343.56,346.43,,1516125.0
2024-02-16,347.28,350.49,345.67,346.94,,1343074.0
2024-02-20,349.32,349.58,345.04,345.72,,1161919.0
2024-02-21,346.53,347.9,343.7,345.21,,1177604.0
2024-02-22,347.63,352.42,346.33,350.76,,1326921.0
2024-02-23,351.21,354.98,349.99,352.63,,691466.0
2024-02-26,352.95,354.2,349.32,350.08,,1224144.0
2024-02-27,348.94,351.93,348.23,349.83,,903902.0
2024-02-28,349.23,349.87,346.18,349.42,,1289404.0
2024-02-29,350.01,351.38,344.92,346.71,,2283350.0
2024-03-01,346.46,352.14,344.73,350.83,,1400458.0
2024-03-04,350.61,354.43,349.72,353.44,,714110.0
2024-03-05,354.59,355.26,347.54,350.01,,840014.0
2024-03-06,350.61,354.59,350.31,352.6,,892326.0
2024-03-07,355.04,357.35,353.26,355.2,,804147.0
2024-03-08,354.7,357.84,353.23,355.45,,871271.0
2024-03-11,355.45,358.96,351.97,353.18,,1094217.0
2024-03-12,352.77,357.89,351.37,355.97,,714584.0
2024-03-13,357.2,357.21,353.39,354.48,,1083227.0
2024-03-14,354.15,355.8,350.77,353.23,,959236.0
2024-03-15,350.98,351.83,348.42,349.85,,2075224.0
2024-03-18,351.62,353.51,350.23,351.68,,953753.0
2024-03-19,352.55,354.56,351.17,354.48,,1052135.0
2024-03-20,354.5,354.5,349.14,350.8,,1179231.0
2024-03-21,351.57,352.47,348.63,351.12,,1537654.0
2024-03-22,351.02,352.55,346.45,350.23,,1105369.0
2024-03-25,350.86,351.84,347.48,348.66,,792529.0
2024-03-26,348.79,350.6,347.63,348.01,,785798.0
2024-03-27,350.39,357.45,350.29,357.08,,1404675.0
2024-03-28,357.57,357.86,354.07,356.24,,1074753.0
2024-04-01,355.41,355.52,351.78,353.06,,760823.0
2024-04-02,350.69,352.24,346.86,347.79,,993022.0
2024-04-03,349.26,353.27,348.63,349.4,,892164.0
2024-04-04,352.62,352.98,345.25,345.8,,838224.0
2024-04-05,346.89,350.07,346.61,349.42,,677501.0
2024-04-08,348.87,349.39,345.83,348.16,,767774.0
2024-04-09,349.51,349.67,345.84,349.31,,932245.0
2024-04-10,346.53,349.4,344.22,345.75,,646025.0
2024-04-11,347.57,347.83,342.58,344.71,,822222.0
2024-04-12,341.34,342.55,337.77,340.49,,1056840.0
2024-04-15,344.22,344.75,336.43,337.59,,1087797.0
2024-04-16,339.59,339.88,332.67,336.12,,1239358.0
2024-04-17,337.07,337.85,333.07,334.5,,1066062.0
2024-04-18,334.54,335.5,325.1,325.96,,2143604.0
2024-04-19,328.88,328.88,323.2,323.95,,1884151.0
2024-04-22,326.22,327.93,322.28,326.19,,1688622.0
2024-04-23,327.06,333.6,325.51,333.39,,1430549.0
2024-04-24,333.75,341.04,332.68,335.32,,1515676.0
2024-04-25,334.31,336.33,331.81,335.62,,1615335.0
2024-04-26,333.66,336.97,332.92,334.08,,1063790.0
2024-04-29,333.15,338.87,333.15,337.33,,1528296.0
2024-04-30,336.11,338.86,334.79,334.97,,2480636.0
2024-05-01,332.06,334.2,319.26,326.63,,2766931.0
2024-05-02,330.17,330.17,321.04,325.14,,1846993.0
2024-05-03,327.15,330.25,325.21,326.96,,1589424.0
2024-05-06,328.8,329.49,323.11,324.02,,1722244.0
2024-05-07,326.44,330.88,325.14,330.63,,1331236.0
2024-05-08,330.43,333.87,326.11,327.78,,1214050.0
2024-05-09,328.91,331.23,327.79,329.35,,980439.0
2024-05-10,330.29,331.3,328.65,329.08,,1307926.0
2024-05-13,329.81,329.81,322.04,323.08,,1609587.0
2024-05-14,322.62,324.54,321.03,322.82,,1712601.0
2024-05-15,324.43,330.71,322.82,330.48,,1989178.0
2024-05-16,330.49,333.48,329.84,332.46,,1168494.0
2024-05-17,333.08,333.46,328.96,333.16,,940474.0
2024-05-20,333.43,333.8,327.71,328.23,,1217831.0
2024-05-21,328.85,329.92,327.08,329.01,,1256481.0
2024-05-22,332.05,334.73,330.95,333.89,,1611455.0
2024-05-23,333.27,334.08,328.37,328.62,,943455.0
2024-05-24,329.19,335.32,329.19,334.01,,1230572.0
2024-05-28,335.47,338.34,334.24,337.77,,1872435.0
2024-05-29,335.16,343.29,334.67,339.59,,1918939.0
2024-05-30,338.99,340.99,337.37,338.97,,1347259.0
2024-05-31,338.97,340.67,335.82,339.54,,2175319.0
2024-06-03,337.84,339.59,335.35,337.85,,1218298.0
2024-06-04,337.46,342.26,336.99,340.44,,1729911.0
2024-06-05,340.44,345.33,339.96,344.42,,1121558.0
2024-06-06,344.86,348.35,342.95,348.04,,1050410.0
2024-06-07,348.23,349.96,346.63,347.74,,847236.0
2024-06-10,346.51,347.08,343.19,346.59,,898364.0
2024-06-11,346.34,346.84,339.5,344.82,,1129032.0
2024-06-12,346.5,348.34,343.55,344.83,,835076.0
2024-06-13,343.66,345.77,340.17,341.46,,939195.0
2024-06-14,342.06,343.5,339.46,343.41,,746530.0
2024-06-17,341.65,343.63,340.19,343.13,,815848.0
2024-06-18,343.43,347.34,342.89,347.08,,839609.0
2024-06-20,346.56,347.41,339.12,339.8,,1670398.0
2024-06-21,341.72,341.72,337.87,341.08,,1837959.0
2024-06-24,341.38,344.26,337.48,337.53,,1040845.0
2024-06-25,338.27,339.21,334.73,338.01,,892402.0
2024-06-26,336.62,340.21,334.59,338.96,,1140399.0
2024-06-27,339.82,342.19,337.91,338.99,,723354.0
2024-06-28,340.25,342.0,337.33,339.5,,1894420.0
2024-07-01,340.45,344.18,334.75,335.76,,778896.0
2024-07-02,334.67,336.94,331.28,333.56,,844126.0
2024-07-03,333.26,333.97,331.03,331.29,,522400.0
2024-07-05,333.49,336.59,329.47,336.5,,1007929.0
2024-07-08,335.53,336.46,332.76,333.37,,585985.0
2024-07-09,334.54,335.92,332.05,334.83,,789570.0
2024-07-10,335.46,336.64,333.01,336.59,,729566.0
2024-07-11,336.18,339.17,335.82,337.34,,852737.0
2024-07-12,337.32,340.24,335.46,338.62,,835719.0
2024-07-15,337.78,337.83,327.1,327.83,,1363394.0
2024-07-16,328.17,333.02,327.29,332.69,,1336432.0
2024-07-17,332.07,343.73,330.54,333.9,,1246310.0
2024-07-18,330.21,336.34,329.44,330.5,,920353.0
2024-07-19,332.63,340.64,331.24,340.2,,2421857.0
2024-07-22,341.36,343.43,338.63,341.63,,1136559.0
2024-07-23,342.07,345.31,340.04,340.97,,1245347.0
2024-07-24,341.37,341.89,337.17,339.67,,1481458.0
2024-07-25,338.74,343.38,326.15,326.72,,1695437.0
2024-07-26,326.28,333.33,324.62,330.94,,1679993.0
2024-07-29,331.53,337.77,329.35,332.54,,1719243.0
2024-07-30,332.05,335.34,327.75,329.49,,2427267.0
2024-07-31,329.77,333.68,319.29,326.73,,3543201.0
2024-08-01,329.41,335.16,323.37,332.43,,1630542.0
2024-08-02,332.26,332.84,323.29,330.83,,1738648.0
2024-08-05,330.0,330.0,314.23,315.24,,2403422.0
2024-08-06,317.11,325.59,315.31,321.96,,2477818.0
2024-08-07,322.81,323.72,318.36,318.89,,1350572.0
2024-08-08,320.23,326.58,320.07,325.27,,1019290.0
2024-08-09,324.66,327.76,321.32,327.11,,793813.0
2024-08-12,326.4,326.85,323.01,324.48,,774070.0
2024-08-13,325.19,329.37,324.65,328.26,,913934.0
2024-08-14,328.45,332.18,327.51,331.94,,909806.0
2024-08-15,333.54,336.7,332.24,333.43,,1257823.0
2024-08-16,333.51,337.58,332.52,337.14,,838749.0
2024-08-19,336.19,341.22,336.19,340.31,,1062158.0
2024-08-20,341.8,343.26,340.21,342.17,,772068.0
2024-08-21,343.23,344.68,341.78,344.56,,666809.0
2024-08-22,347.9,350.15,344.79,349.95,,1143502.0
2024-08-23,350.67,353.22,349.37,352.51,,966116.0
2024-08-26,352.76,355.07,352.15,353.52,,884876.0
2024-08-27,354.02,358.34,353.49,357.72,,1131383.0
2024-08-28,358.29,358.3,352.82,355.36,,1504890.0
2024-08-29,357.5,358.48,355.11,357.14,,1107810.0
2024-08-30,358.37,360.02,355.21,359.62,,1307583.0
2024-09-03,359.24,361.45,357.0,358.83,,860630.0
2024-09-04,359.31,363.55,356.0,359.5,,805817.0
2024-09-05,358.45,359.5,353.4,357.21,,1213820.0
2024-09-06,357.88,360.26,354.93,358.13,,1001435.0
2024-09-09,360.42,364.8,360.06,361.98,,1439231.0
2024-09-10,364.15,365.15,361.98,364.24,,921021.0
2024-09-11,363.6,365.88,357.67,365.54,,1143885.0
2024-09-12,365.39,368.07,363.9,366.98,,1487355.0
2024-09-13,366.12,373.41,366.12,369.43,,1114053.0
2024-09-16,372.18,373.8,369.19,371.14,,910077.0
2024-09-17,370.37,372.65,360.03,363.15,,1399115.0
2024-09-18,362.35,365.03,358.87,360.56,,938932.0
2024-09-19,364.83,365.89,361.82,364.24,,993995.0
2024-09-20,364.01,365.78,361.8,364.0,,1751588.0
2024-09-23,365.8,367.93,364.75,365.72,,723072.0
2024-09-24,364.76,364.76,358.57,360.2,,1273676.0
2024-09-25,362.46,363.01,357.96,358.71,,854946.0
2024-09-26,361.2,362.7,357.52,360.55,,1431782.0
2024-09-27,362.19,363.33,358.98,359.47,,814377.0
2024-09-30,358.73,361.55,356.84,361.26,,790673.0
2024-10-01,361.69,362.0,355.36,357.27,,738856.0
2024-10-02,354.96,356.94,351.3,355.11,,830118.0
2024-10-03,354.93,355.29,350.72,351.61,,850802.0
2024-10-04,352.39,354.43,347.81,351.22,,676931.0
2024-10-07,349.91,349.91,343.95,345.14,,1096180.0
2024-10-08,347.84,351.71,346.56,350.79,,923168.0
2024-10-09,350.67,354.49,349.05,353.96,,861434.0
2024-10-10,355.0,356.0,351.79,353.37,,740946.0
2024-10-11,355.0,358.87,352.93,355.6,,787931.0
2024-10-14,356.55,360.91,354.88,359.71,,698625.0
2024-10-15,359.02,365.02,357.09,358.98,,975965.0
2024-10-16,358.39,362.35,356.14,361.31,,795954.0
2024-10-17,362.61,364.53,359.04,359.73,,820712.0
2024-10-18,361.15,371.17,360.21,369.56,,1589555.0
2024-10-21,367.45,370.97,366.21,367.25,,906575.0
2024-10-22,366.38,367.32,363.08,366.02,,893466.0
2024-10-23,364.72,366.97,360.83,363.24,,1313379.0
2024-10-24,364.5,366.24,359.89,359.9,,708143.0
2024-10-25,358.49,361.6,351.29,352.82,,1244464.0
2024-10-28,355.87,356.52,354.15,356.01,,967742.0
2024-10-29,354.0,362.36,353.45,359.01,,2173842.0
2024-10-30,365.69,373.73,357.9,363.43,,2242813.0
2024-10-31,360.73,364.01,355.56,356.28,,1383928.0
2024-11-01,358.16,367.76,357.78,367.15,,1860484.0
2024-11-04,368.0,369.69,364.12,366.9,,730068.0
2024-11-05,366.24,370.29,363.05,369.86,,1346698.0
2024-11-06,374.0,376.04,364.62,369.02,,1366185.0
2024-11-07,370.34,370.34,366.12,369.83,,867013.0
2024-11-08,371.11,377.83,370.83,375.96,,1009226.0
2024-11-11,377.47,381.54,376.14,378.86,,966242.0
2024-11-12,381.42,388.12,380.56,387.11,,1634143.0
2024-11-13,386.67,390.59,385.34,388.34,,1685887.0
2024-11-14,389.54,392.7,382.4,383.28,,1811783.0
2024-11-15,381.99,392.01,380.21,390.08,,2874077.0
2024-11-18,392.97,398.2,389.03,389.4,,2054699.0
2024-11-19,386.93,392.31,385.89,388.68,,1524168.0
2024-11-20,389.85,390.0,382.25,385.68,,1098082.0
2024-11-21,387.19,390.37,384.57,390.14,,1136399.0
2024-11-22,390.41,391.07,381.48,384.85,,1069692.0
2024-11-25,386.29,388.43,379.5,384.91,,2102840.0
2024-11-26,388.0,389.95,384.91,389.71,,1014597.0
2024-11-27,389.16,391.4,387.82,388.14,,1018008.0
2024-11-29,387.03,393.3,386.46,392.15,,711206.0
2024-12-02,393.25,394.14,388.67,389.63,,1216547.0
2024-12-03,389.49,391.9,386.46,390.97,,923883.0
2024-12-04,390.75,392.21,387.96,389.76,,707714.0
2024-12-05,387.18,388.71,379.82,382.45,,1319513.0
2024-12-06,383.09,389.99,383.09,385.02,,1049412.0
2024-12-09,384.8,385.15,378.75,381.11,,924899.0
2024-12-10,384.12,385.56,381.09,382.68,,1281748.0
2024-12-11,383.02,386.63,375.26,376.16,,1214105.0
2024-12-12,377.0,378.09,374.62,375.06,,846127.0
2024-12-13,375.62,376.49,373.15,374.6,,755824.0
2024-12-16,375.0,376.24,372.44,372.7,,1155610.0
2024-12-17,371.58,374.57,368.05,370.81,,1540369.0
2024-12-18,371.0,371.92,358.49,359.17,,1618165.0
2024-12-19,359.31,363.06,356.3,357.14,,1713558.0
2024-12-20,356.23,364.81,356.0,364.6,,3146693.0
2024-12-23,364.79,367.26,362.44,366.49,,1461406.0
2024-12-24,368.28,370.83,366.56,370.78,,431006.0
2024-12-26,368.24,370.65,367.48,369.42,,840826.0
2024-12-27,367.23,369.67,364.79,367.11,,705491.0
2024-12-30,362.9,364.11,358.67,362.26,,805792.0
