time,open,high,low,close,Volume,volume
1999-11-01,24.04,24.31,23.6,24.04,,107700.0
1999-11-02,24.04,24.04,23.39,23.65,,114200.0
1999-11-03,23.78,24.66,23.52,24.13,,202600.0
1999-11-04,24.62,24.97,24.35,24.93,,174500.0
1999-11-05,24.84,25.41,24.75,24.97,,140200.0
1999-11-08,24.84,25.19,24.66,24.8,,64100.0
1999-11-09,24.84,25.28,24.7,25.1,,101100.0
1999-11-10,25.28,25.85,25.1,25.76,,92600.0
1999-11-11,25.8,26.16,25.63,25.94,,108900.0
1999-11-12,26.03,26.11,25.58,25.76,,126800.0
1999-11-15,25.89,26.51,25.72,25.99,,114400.0
1999-11-16,26.07,26.38,25.99,26.34,,86100.0
1999-11-17,26.38,26.38,25.37,25.54,,128200.0
1999-11-18,25.72,26.25,25.68,26.25,,65600.0
1999-11-19,26.16,26.16,25.68,25.72,,108800.0
1999-11-22,25.73,25.73,25.46,25.59,,70100.0
1999-11-23,25.59,25.59,24.71,25.1,,118700.0
1999-11-24,25.1,25.46,25.02,25.02,,78000.0
1999-11-26,25.1,25.32,25.06,25.06,,33100.0
1999-11-29,25.1,25.1,24.13,24.35,,106500.0
1999-11-30,24.18,24.57,24.04,24.18,,108700.0
1999-12-01,24.18,24.4,23.6,23.77,,137600.0
1999-12-02,23.96,24.04,23.51,23.65,,150500.0
1999-12-03,23.73,23.96,23.07,23.25,,128700.0
1999-12-06,23.25,23.25,22.63,22.67,,172300.0
1999-12-07,22.59,22.59,21.79,22.01,,219600.0
1999-12-08,22.1,22.14,21.57,21.75,,153800.0
1999-12-09,21.75,21.79,20.42,21.17,,319300.0
1999-12-10,21.26,21.61,20.86,21.3,,195600.0
1999-12-13,21.65,21.79,21.13,21.35,,117700.0
1999-12-14,21.43,21.7,21.35,21.57,,170400.0
1999-12-15,21.57,22.1,21.57,21.92,,179500.0
1999-12-16,22.1,22.19,21.75,21.88,,145900.0
1999-12-17,21.7,22.41,21.61,21.88,,246300.0
1999-12-20,21.75,21.92,21.08,21.17,,143400.0
1999-12-21,21.13,21.26,20.73,21.26,,217000.0
1999-12-22,21.17,21.43,20.68,21.0,,187700.0
1999-12-23,21.08,21.79,20.9,21.79,,256300.0
1999-12-27,21.88,22.1,21.7,22.01,,153900.0
1999-12-28,21.96,22.59,21.92,22.54,,152200.0
1999-12-29,22.41,22.45,22.06,22.28,,99700.0
1999-12-30,22.36,22.54,22.14,22.45,,121000.0
1999-12-31,22.54,22.54,22.01,22.14,,51700.0
2000-01-03,22.01,22.1,21.0,22.1,,172200.0
2000-01-04,22.01,22.32,21.53,21.61,,138700.0
2000-01-05,21.75,23.34,21.75,22.94,,167400.0
2000-01-06,22.76,23.16,22.76,22.94,,240400.0
2000-01-07,23.07,23.87,23.07,23.65,,161100.0
2000-01-10,23.6,24.31,23.6,24.31,,237600.0
2000-01-11,24.22,24.22,23.87,23.96,,171500.0
2000-01-12,23.91,24.35,23.87,24.04,,160600.0
2000-01-13,23.96,24.93,23.96,24.79,,191500.0
2000-01-14,24.97,25.32,24.88,24.93,,167800.0
2000-01-18,25.1,25.59,24.53,25.32,,112900.0
2000-01-19,25.24,25.54,25.02,25.1,,74900.0
2000-01-20,25.19,25.24,24.26,24.48,,106700.0
2000-01-21,24.44,24.48,23.6,23.69,,123100.0
2000-01-24,23.65,23.65,22.63,22.85,,179500.0
2000-01-25,22.85,23.38,22.85,23.29,,110900.0
2000-01-26,23.34,23.38,22.54,22.76,,98000.0
2000-01-27,22.63,23.2,22.63,22.71,,179500.0
2000-01-28,22.71,22.81,22.41,22.63,,189100.0
2000-01-31,22.54,22.63,22.1,22.45,,80700.0
2000-02-01,22.45,22.49,21.96,22.06,,177400.0
2000-02-02,21.7,21.7,20.47,21.3,,504700.0
2000-02-03,21.57,21.88,21.39,21.65,,175100.0
2000-02-04,21.75,21.79,21.13,21.21,,82900.0
2000-02-07,21.3,21.43,20.68,20.9,,162200.0
2000-02-08,20.86,21.17,20.68,20.78,,95200.0
2000-02-09,21.13,21.17,20.55,20.78,,90200.0
2000-02-10,20.95,21.35,20.73,20.9,,141000.0
2000-02-11,20.82,21.0,20.11,20.24,,97700.0
2000-02-14,20.37,21.13,20.29,20.86,,159400.0
2000-02-15,20.86,20.9,20.15,20.24,,80200.0
2000-02-16,20.15,20.82,20.07,20.37,,123900.0
2000-02-17,20.55,20.64,19.98,20.2,,131800.0
2000-02-18,20.2,20.24,19.93,20.15,,216900.0
2000-02-22,20.33,20.51,19.84,19.98,,155900.0
2000-02-23,19.85,20.11,19.23,19.72,,235300.0
2000-02-24,19.62,19.62,18.56,19.14,,135400.0
2000-02-25,19.05,19.76,18.78,19.32,,107800.0
2000-02-28,19.5,19.72,18.91,19.27,,119000.0
2000-02-29,19.23,20.07,19.23,20.07,,188200.0
2000-03-01,19.89,21.45,19.89,20.92,,223500.0
2000-03-02,20.92,21.14,20.33,20.43,,110100.0
2000-03-03,20.69,20.74,20.16,20.21,,126600.0
2000-03-06,20.03,20.16,19.62,19.81,,147500.0
2000-03-07,19.72,19.72,19.5,19.58,,137400.0
2000-03-08,19.62,20.11,19.58,19.81,,65600.0
2000-03-09,19.72,20.56,19.72,20.33,,63600.0
2000-03-10,20.29,20.6,19.98,20.43,,100700.0
2000-03-13,20.52,20.74,19.62,20.33,,224100.0
2000-03-14,20.33,20.38,19.72,19.81,,105700.0
2000-03-15,19.85,19.85,19.45,19.72,,183300.0
2000-03-16,19.81,20.87,19.81,20.87,,326100.0
2000-03-17,20.69,21.45,20.65,21.18,,142700.0
2000-03-20,21.27,21.49,21.23,21.4,,126000.0
2000-03-21,21.36,21.36,20.87,21.09,,86300.0
2000-03-22,21.27,21.36,20.87,21.31,,136900.0
2000-03-23,21.49,22.16,21.45,21.98,,126000.0
2000-03-24,21.89,21.89,21.27,21.45,,173000.0
2000-03-27,20.6,21.04,20.6,20.92,,197100.0
2000-03-28,21.04,21.23,20.52,21.09,,154000.0
2000-03-29,21.14,21.14,20.52,20.92,,75000.0
2000-03-30,21.0,22.51,21.0,22.34,,198000.0
2000-03-31,22.38,25.22,22.38,25.14,,397900.0
2000-04-03,24.87,24.87,23.4,24.02,,200400.0
2000-04-04,23.76,24.6,23.62,23.94,,166800.0
2000-04-05,23.76,24.47,23.76,24.29,,114700.0
2000-04-06,24.38,25.0,24.38,24.82,,75000.0
2000-04-07,24.73,25.22,24.51,24.55,,50600.0
2000-04-10,24.47,25.04,24.02,24.69,,93900.0
2000-04-11,24.87,25.0,24.43,24.55,,50800.0
2000-04-12,24.65,25.0,24.24,24.55,,73100.0
2000-04-13,24.87,26.2,24.87,25.62,,173800.0
2000-04-14,25.44,25.44,24.16,24.33,,119000.0
2000-04-17,24.16,24.82,23.8,24.82,,117300.0
2000-04-18,24.82,25.22,24.82,24.91,,84900.0
2000-04-19,25.0,25.0,24.33,24.43,,79600.0
2000-04-20,24.16,24.38,23.53,23.8,,129100.0
2000-04-24,23.8,23.94,23.45,23.89,,88600.0
2000-04-25,24.16,24.65,24.07,24.33,,104000.0
2000-04-26,24.24,24.69,23.89,24.02,,88500.0
2000-04-27,24.11,24.16,23.4,24.11,,55900.0
2000-04-28,24.2,24.82,23.89,24.55,,98700.0
2000-05-01,24.51,25.22,24.51,24.87,,274600.0
2000-05-02,24.87,24.91,24.6,24.87,,102200.0
2000-05-03,24.69,24.78,23.8,23.94,,103700.0
2000-05-04,24.02,24.95,24.02,24.95,,103300.0
2000-05-05,24.87,25.4,24.6,25.31,,42500.0
2000-05-08,25.22,25.4,24.6,24.73,,42300.0
2000-05-09,24.73,24.73,23.89,24.38,,73100.0
2000-05-10,24.2,24.43,23.84,24.07,,133900.0
2000-05-11,24.16,24.78,24.07,24.43,,142800.0
2000-05-12,24.24,24.51,24.07,24.47,,61200.0
2000-05-15,24.47,24.47,23.89,23.98,,50100.0
2000-05-16,23.98,24.33,23.94,24.33,,88700.0
2000-05-17,24.33,24.33,23.84,23.94,,88200.0
2000-05-18,24.02,24.51,24.02,24.29,,147900.0
2000-05-19,24.2,24.2,23.62,23.89,,79900.0
2000-05-22,23.72,24.51,23.53,24.38,,100500.0
2000-05-23,24.44,24.76,24.08,24.13,,75400.0
2000-05-24,24.31,24.8,23.69,24.04,,109500.0
2000-05-25,24.18,25.06,24.13,25.02,,104700.0
2000-05-26,25.02,25.06,24.71,24.84,,75300.0
2000-05-30,24.84,25.87,24.84,25.69,,121400.0
2000-05-31,25.73,25.73,25.29,25.29,,64400.0
2000-06-01,25.33,26.13,25.16,26.09,,116200.0
2000-06-02,26.18,26.49,26.09,26.13,,94600.0
2000-06-05,26.05,26.54,26.0,26.23,,68500.0
2000-06-06,26.23,26.63,26.09,26.13,,61400.0
2000-06-07,26.23,26.4,25.83,25.96,,85300.0
2000-06-08,25.96,25.96,25.06,25.42,,103700.0
2000-06-09,25.42,25.96,25.42,25.87,,46600.0
2000-06-12,25.87,26.32,25.29,25.47,,77600.0
2000-06-13,25.47,26.94,25.38,26.49,,87100.0
2000-06-14,26.32,26.85,26.32,26.76,,112300.0
2000-06-15,26.8,26.85,26.32,26.36,,135200.0
2000-06-16,26.18,26.76,26.18,26.18,,110700.0
2000-06-19,26.18,26.4,25.91,26.13,,65500.0
2000-06-20,26.09,26.72,26.09,26.49,,98100.0
2000-06-21,26.68,27.07,26.58,26.63,,140900.0
2000-06-22,26.63,26.63,25.55,26.4,,130300.0
2000-06-23,26.4,26.63,26.4,26.45,,89100.0
2000-06-26,26.54,27.43,26.54,27.43,,115700.0
2000-06-27,27.43,27.79,27.16,27.16,,133400.0
2000-06-28,27.39,27.52,27.25,27.43,,251400.0
2000-06-29,27.43,27.56,27.25,27.56,,188700.0
2000-06-30,27.56,27.56,25.51,25.51,,508300.0
2000-07-03,25.69,26.94,25.69,26.9,,160700.0
2000-07-05,26.4,26.8,26.32,26.63,,105800.0
2000-07-06,26.58,26.9,25.96,26.0,,116900.0
2000-07-07,25.96,26.58,25.96,26.36,,79900.0
2000-07-10,26.36,26.98,26.36,26.94,,131100.0
2000-07-11,26.9,27.07,26.58,27.07,,98200.0
2000-07-12,27.34,28.19,27.3,28.19,,226400.0
2000-07-13,28.19,28.19,27.43,27.47,,223000.0
2000-07-14,27.34,27.61,27.16,27.43,,149000.0
2000-07-17,27.3,27.47,27.16,27.25,,163800.0
2000-07-18,27.34,27.47,26.68,26.68,,110200.0
2000-07-19,26.85,26.85,26.18,26.23,,119400.0
2000-07-20,26.13,26.58,26.09,26.58,,93600.0
2000-07-21,26.54,26.58,25.78,26.18,,65400.0
2000-07-24,26.23,26.27,25.25,25.29,,78800.0
2000-07-25,25.11,25.73,25.11,25.6,,132900.0
2000-07-26,25.65,26.0,25.29,25.96,,56100.0
2000-07-27,25.96,26.05,25.2,25.87,,88600.0
2000-07-28,25.87,25.91,25.42,25.69,,94600.0
2000-07-31,25.69,26.13,25.69,25.87,,99000.0
2000-08-01,25.87,25.87,25.42,25.51,,65400.0
2000-08-02,25.69,25.87,25.42,25.83,,81300.0
2000-08-03,25.73,25.78,25.42,25.69,,57000.0
2000-08-04,25.78,25.83,25.47,25.69,,235400.0
2000-08-07,25.78,25.87,25.51,25.51,,404200.0
2000-08-08,25.47,25.69,25.29,25.33,,261500.0
2000-08-09,25.42,25.78,25.29,25.33,,256200.0
2000-08-10,25.33,25.47,24.98,24.98,,433400.0
2000-08-11,25.11,25.69,25.06,25.55,,311800.0
2000-08-14,25.55,26.18,25.51,26.05,,196400.0
2000-08-15,26.09,26.09,25.47,25.47,,90100.0
2000-08-16,25.6,25.83,25.38,25.65,,52600.0
2000-08-17,25.73,25.78,25.33,25.51,,63100.0
2000-08-18,25.42,25.42,24.89,25.11,,38400.0
2000-08-21,25.2,25.69,25.2,25.55,,59400.0
2000-08-22,25.47,25.51,25.2,25.42,,57200.0
2000-08-23,25.31,25.4,24.73,24.95,,51100.0
2000-08-24,25.13,25.94,25.08,25.94,,99400.0
2000-08-25,26.12,26.25,25.66,25.8,,85900.0
2000-08-28,25.72,25.8,25.62,25.62,,41300.0
2000-08-29,25.53,25.76,25.22,25.4,,88800.0
2000-08-30,25.4,25.4,24.81,25.04,,80800.0
2000-08-31,25.13,25.94,25.08,25.53,,108100.0
2000-09-01,25.62,25.8,25.36,25.76,,67600.0
2000-09-05,25.58,25.58,25.0,25.22,,76500.0
2000-09-06,25.04,25.8,25.04,25.62,,107100.0
2000-09-07,25.53,25.84,25.49,25.8,,72500.0
2000-09-08,25.8,26.02,25.66,25.66,,135100.0
2000-09-11,25.72,25.94,25.72,25.76,,91800.0
2000-09-12,25.66,25.8,25.44,25.44,,52700.0
2000-09-13,25.36,25.36,25.04,25.13,,130000.0
2000-09-14,25.22,25.36,25.08,25.13,,98100.0
2000-09-15,24.73,25.8,24.73,25.58,,317700.0
2000-09-18,25.4,25.62,25.22,25.22,,170900.0
2000-09-19,25.17,25.22,24.23,24.32,,453200.0
2000-09-20,24.23,24.55,24.23,24.32,,381400.0
2000-09-21,24.19,25.17,24.01,24.86,,614700.0
2000-09-22,24.73,25.0,24.59,24.91,,168700.0
2000-09-25,25.0,25.0,24.05,24.15,,105500.0
2000-09-26,24.23,24.32,23.56,23.56,,143500.0
2000-09-27,23.65,24.1,23.61,23.65,,126700.0
2000-09-28,23.65,24.55,23.65,24.55,,105400.0
2000-09-29,24.45,24.77,24.05,24.64,,86600.0
2000-10-02,24.45,24.45,23.74,23.83,,232200.0
2000-10-03,23.74,24.05,23.74,23.74,,93000.0
2000-10-04,23.47,24.01,23.34,23.47,,127300.0
2000-10-05,23.56,24.01,23.47,23.92,,76700.0
2000-10-06,23.97,24.32,23.92,23.97,,70100.0
2000-10-09,24.05,24.15,23.56,23.61,,47200.0
2000-10-10,23.65,24.1,23.56,23.61,,102700.0
2000-10-11,23.51,23.61,23.21,23.38,,90600.0
2000-10-12,23.38,23.38,22.8,22.98,,110800.0
2000-10-13,23.16,25.13,23.11,25.13,,167100.0
2000-10-16,25.26,25.49,24.59,24.77,,88900.0
2000-10-17,24.68,24.73,24.1,24.15,,184900.0
2000-10-18,23.97,24.05,23.25,23.29,,126500.0
2000-10-19,23.29,24.15,23.29,24.05,,94700.0
2000-10-20,23.97,24.05,23.74,23.83,,71800.0
2000-10-23,23.83,24.55,23.79,24.41,,75500.0
2000-10-24,24.5,24.73,24.05,24.32,,156200.0
2000-10-25,23.97,24.01,23.11,23.16,,161600.0
2000-10-26,23.34,24.15,23.34,23.97,,83000.0
2000-10-27,23.79,23.92,23.43,23.74,,129300.0
2000-10-30,23.56,24.37,23.47,24.15,,153700.0
2000-10-31,24.23,24.86,24.23,24.77,,275900.0
2000-11-01,24.81,25.0,24.23,24.37,,80500.0
2000-11-02,24.55,25.0,24.45,25.0,,405600.0
2000-11-03,24.91,25.26,24.91,25.26,,92900.0
2000-11-06,25.17,25.62,25.17,25.58,,113300.0
2000-11-07,25.49,25.72,25.44,25.62,,110400.0
2000-11-08,25.66,26.02,25.53,26.02,,140800.0
2000-11-09,25.8,26.02,25.31,25.76,,115600.0
2000-11-10,25.76,25.84,24.86,25.13,,76400.0
2000-11-13,24.95,25.44,24.91,25.44,,95200.0
2000-11-14,25.62,26.38,25.58,26.16,,95900.0
2000-11-15,26.16,26.83,26.16,26.7,,122500.0
2000-11-16,26.74,27.01,26.25,26.34,,73200.0
2000-11-17,26.7,27.15,26.47,26.92,,96500.0
2000-11-20,26.88,27.23,26.7,26.79,,69200.0
2000-11-21,26.71,27.3,26.62,26.94,,107300.0
2000-11-22,26.98,27.12,26.62,27.07,,78100.0
2000-11-24,27.12,27.66,27.12,27.66,,38200.0
2000-11-27,27.7,29.37,27.7,28.78,,397800.0
2000-11-28,28.6,28.8,28.24,28.74,,185300.0
2000-11-29,28.7,29.06,28.38,29.06,,268200.0
2000-11-30,28.78,28.83,28.24,28.51,,189400.0
2000-12-01,28.47,29.82,28.47,29.01,,112100.0
2000-12-04,28.96,29.28,28.6,28.6,,123300.0
2000-12-05,28.96,30.18,28.96,30.04,,129100.0
2000-12-06,29.86,30.9,29.82,30.36,,143200.0
2000-12-07,30.09,31.34,29.5,31.08,,183700.0
2000-12-08,31.08,31.44,30.67,30.94,,196700.0
2000-12-11,31.12,32.34,30.98,31.26,,279200.0
2000-12-12,31.44,31.44,30.54,30.86,,135700.0
2000-12-13,30.76,31.62,30.62,30.67,,273600.0
2000-12-14,30.62,30.86,29.73,30.14,,149300.0
2000-12-15,29.95,30.9,29.91,30.36,,184000.0
2000-12-18,30.18,30.9,30.14,30.44,,92300.0
2000-12-19,30.5,30.54,29.68,29.73,,94600.0
2000-12-20,29.46,29.55,28.78,29.32,,97800.0
2000-12-21,29.23,29.5,28.87,29.14,,100900.0
2000-12-22,29.14,30.54,28.96,30.54,,146500.0
2000-12-26,30.54,30.54,30.04,30.44,,52100.0
2000-12-27,30.44,30.94,30.26,30.94,,72400.0
2000-12-28,30.86,32.16,30.86,32.16,,107500.0
2000-12-29,32.06,32.65,31.8,31.8,,137900.0
2001-01-02,31.84,31.84,30.04,30.14,,109300.0
2001-01-03,30.14,31.39,29.82,30.98,,219700.0
2001-01-04,30.94,30.94,30.04,30.72,,101200.0
2001-01-05,30.9,30.9,29.68,29.91,,80800.0
2001-01-08,29.86,30.14,28.87,29.68,,101600.0
2001-01-09,29.68,30.09,29.32,29.37,,90700.0
2001-01-10,29.37,29.59,29.1,29.14,,146000.0
2001-01-11,29.1,29.37,28.87,29.14,,87500.0
2001-01-12,29.23,29.73,28.87,29.55,,105800.0
2001-01-16,29.5,29.82,28.87,29.59,,114400.0
2001-01-17,29.78,30.36,29.55,30.0,,136400.0
2001-01-18,29.91,30.09,28.56,28.6,,131800.0
2001-01-19,28.34,28.65,27.98,28.11,,82800.0
2001-01-22,28.29,28.29,27.62,28.06,,166500.0
2001-01-23,28.15,29.19,28.06,29.14,,109000.0
2001-01-24,29.14,29.59,28.78,29.5,,110900.0
2001-01-25,29.42,30.86,29.19,29.82,,125900.0
2001-01-26,29.64,29.64,28.78,28.83,,74000.0
2001-01-29,28.9,30.22,28.89,30.19,,131600.0
2001-01-30,30.11,30.32,29.56,29.79,,63900.0
2001-01-31,29.79,30.37,29.78,29.8,,105400.0
2001-02-01,29.8,30.02,29.73,30.02,,41600.0
2001-02-02,30.03,30.22,29.21,29.21,,99700.0
2001-02-05,29.21,29.53,29.08,29.19,,83000.0
2001-02-06,29.37,29.98,28.93,29.06,,114300.0
2001-02-07,29.07,29.95,29.03,29.88,,46100.0
2001-02-08,29.81,30.04,29.71,29.88,,44100.0
2001-02-09,30.1,30.16,29.72,30.13,,75600.0
2001-02-12,29.88,31.27,29.8,31.13,,201100.0
2001-02-13,31.2,31.39,30.94,30.96,,72400.0
2001-02-14,30.94,31.06,30.88,30.94,,58400.0
2001-02-15,30.94,31.37,30.94,31.37,,130300.0
2001-02-16,31.3,31.47,30.94,31.01,,86400.0
2001-02-20,30.86,31.12,30.86,30.91,,85800.0
2001-02-21,30.93,31.27,30.83,30.87,,98600.0
2001-02-22,31.04,31.18,30.58,30.65,,96800.0
2001-02-23,30.66,30.85,30.16,30.53,,78900.0
2001-02-26,30.6,31.51,30.6,31.22,,104200.0
2001-02-27,31.15,31.59,31.15,31.27,,111400.0
2001-02-28,31.27,31.59,30.67,31.01,,95800.0
2001-03-01,30.94,30.95,29.75,30.21,,103400.0
2001-03-02,30.29,31.16,30.29,30.82,,115900.0
2001-03-05,31.0,31.59,30.98,31.13,,113500.0
2001-03-06,31.05,31.63,31.05,31.63,,86100.0
2001-03-07,31.64,31.77,31.56,31.77,,83800.0
2001-03-08,31.77,32.13,31.66,32.13,,148900.0
2001-03-09,32.13,32.36,31.88,32.1,,131700.0
2001-03-12,31.96,32.35,31.64,31.7,,123100.0
2001-03-13,31.7,31.85,30.68,31.85,,104400.0
2001-03-14,31.66,31.95,30.91,31.1,,100800.0
2001-03-15,30.96,31.4,30.58,31.17,,54300.0
2001-03-16,31.32,31.43,29.86,30.22,,144700.0
2001-03-19,30.29,30.71,29.75,30.71,,142900.0
2001-03-20,30.76,31.3,30.48,30.64,,72100.0
2001-03-21,30.49,30.49,29.09,29.1,,79700.0
2001-03-22,29.1,29.38,28.05,29.38,,154100.0
2001-03-23,29.45,29.91,29.32,29.9,,85800.0
2001-03-26,30.01,30.36,29.57,29.59,,113900.0
2001-03-27,29.52,30.07,29.17,29.78,,164500.0
2001-03-28,29.67,30.51,29.58,30.09,,110600.0
2001-03-29,30.09,30.57,29.82,29.94,,99000.0
2001-03-30,30.12,31.4,29.57,29.57,,202600.0
2001-04-02,29.75,31.07,29.28,29.45,,115600.0
2001-04-03,29.53,30.7,28.74,29.9,,178100.0
2001-04-04,29.89,30.46,29.68,29.87,,86600.0
2001-04-05,30.01,32.05,30.01,31.77,,147800.0
2001-04-06,31.77,31.99,31.07,31.15,,95200.0
2001-04-09,31.15,32.07,30.96,32.06,,111700.0
2001-04-10,32.49,33.2,32.39,32.97,,231200.0
2001-04-11,33.22,33.4,32.49,32.71,,201900.0
2001-04-12,32.89,34.07,32.75,33.9,,129400.0
2001-04-16,33.9,33.9,32.95,33.77,,118900.0
2001-04-17,33.85,34.3,33.59,34.02,,87400.0
2001-04-18,34.12,34.24,33.77,34.03,,156100.0
2001-04-19,33.94,33.94,33.22,33.75,,147600.0
2001-04-20,33.57,33.74,32.49,32.98,,163200.0
2001-04-23,33.05,33.56,32.98,33.54,,117000.0
2001-04-24,33.54,34.52,33.54,34.3,,243600.0
2001-04-25,34.31,34.7,34.08,34.66,,187900.0
2001-04-26,34.66,35.89,34.66,35.89,,228400.0
2001-04-27,35.89,35.89,35.35,35.74,,100900.0
2001-04-30,35.92,36.07,35.12,35.32,,135900.0
2001-05-01,35.14,35.39,34.31,35.3,,209400.0
2001-05-02,35.3,35.3,34.16,34.76,,171700.0
2001-05-03,34.76,34.89,34.24,34.73,,90400.0
2001-05-04,34.66,35.86,34.46,35.86,,124300.0
2001-05-07,35.88,36.07,35.17,35.72,,155800.0
2001-05-08,36.11,36.14,35.79,35.93,,268800.0
2001-05-09,35.86,35.96,35.64,35.82,,90100.0
2001-05-10,36.08,36.08,35.67,35.74,,156600.0
2001-05-11,35.74,35.87,35.38,35.56,,164900.0
2001-05-14,35.49,35.82,35.31,35.56,,123700.0
2001-05-15,35.56,35.91,35.35,35.91,,96800.0
2001-05-16,35.84,36.5,35.69,36.21,,151100.0
2001-05-17,36.03,36.81,35.85,36.81,,150700.0
2001-05-18,36.74,36.74,36.24,36.35,,56100.0
2001-05-21,36.39,36.82,36.21,36.77,,162600.0
2001-05-22,36.79,36.79,35.92,36.34,,115500.0
2001-05-23,36.27,36.39,35.0,35.48,,168900.0
2001-05-24,35.48,35.9,35.29,35.81,,189700.0
2001-05-25,35.8,35.8,34.96,35.34,,139400.0
2001-05-29,35.27,35.51,35.04,35.04,,97700.0
2001-05-30,34.96,34.96,34.32,34.49,,89100.0
2001-05-31,34.5,35.51,34.5,35.33,,127000.0
2001-06-01,35.34,35.34,34.17,35.09,,109900.0
2001-06-04,35.24,35.33,34.77,35.22,,107300.0
2001-06-05,35.37,35.9,35.25,35.83,,82000.0
2001-06-06,35.69,35.72,35.21,35.22,,71300.0
2001-06-07,35.22,35.32,34.56,34.88,,116400.0
2001-06-08,34.78,34.85,34.51,34.54,,42600.0
2001-06-11,34.47,34.5,33.9,34.36,,108800.0
2001-06-12,34.37,34.66,34.06,34.35,,75300.0
2001-06-13,34.39,35.0,34.39,34.61,,67400.0
2001-06-14,34.56,34.56,33.62,33.69,,77300.0
2001-06-15,33.4,33.75,32.96,33.68,,119700.0
2001-06-18,33.75,33.96,33.4,33.92,,93400.0
2001-06-19,34.35,34.35,33.73,34.06,,116300.0
2001-06-20,33.98,34.9,33.8,34.71,,147500.0
2001-06-21,34.78,34.96,34.43,34.51,,116900.0
2001-06-22,34.51,34.78,33.56,33.71,,93700.0
2001-06-25,33.93,34.14,33.51,33.64,,150400.0
2001-06-26,33.56,34.56,33.22,34.32,,163200.0
2001-06-27,34.25,34.49,33.9,34.04,,126000.0
2001-06-28,34.11,34.49,34.11,34.32,,121700.0
2001-06-29,34.33,34.41,31.88,31.88,,631300.0
2001-07-02,32.25,32.72,32.25,32.55,,261200.0
2001-07-03,32.66,32.88,32.54,32.82,,151800.0
2001-07-05,32.71,33.25,32.68,33.12,,111100.0
2001-07-06,33.13,33.66,32.74,33.11,,146500.0
2001-07-09,33.22,33.25,32.54,33.05,,107600.0
2001-07-10,33.05,33.37,32.61,32.79,,193100.0
2001-07-11,32.9,32.94,32.13,32.28,,116300.0
2001-07-12,32.43,32.93,32.39,32.83,,187200.0
2001-07-13,32.83,32.9,32.68,32.81,,78000.0
2001-07-16,33.17,33.33,32.48,32.85,,160900.0
2001-07-17,32.92,33.57,32.85,33.48,,51500.0
2001-07-18,33.48,33.85,33.41,33.56,,61000.0
2001-07-19,33.74,33.8,33.23,33.46,,130200.0
2001-07-20,33.33,33.63,33.2,33.43,,68700.0
2001-07-23,33.57,34.06,33.01,33.35,,82200.0
2001-07-24,33.17,33.24,32.49,32.67,,101300.0
2001-07-25,32.71,32.97,32.65,32.89,,135100.0
2001-07-26,32.89,33.55,32.89,33.45,,69600.0
2001-07-27,33.45,33.84,33.19,33.35,,82500.0
2001-07-30,33.54,33.91,33.21,33.83,,148500.0
2001-07-31,34.01,34.64,34.0,34.53,,139600.0
2001-08-01,34.53,35.18,34.38,35.04,,173700.0
2001-08-02,35.22,35.22,34.67,34.75,,64900.0
2001-08-03,34.75,34.82,34.43,34.77,,70500.0
2001-08-06,34.77,34.85,34.24,34.29,,71300.0
2001-08-07,34.29,34.85,34.27,34.84,,45900.0
2001-08-08,34.77,35.12,34.53,34.55,,79900.0
2001-08-09,34.53,34.63,34.06,34.32,,51700.0
2001-08-10,34.39,34.49,33.33,33.97,,351100.0
2001-08-13,34.15,34.46,33.82,34.21,,90200.0
2001-08-14,34.55,34.68,34.02,34.46,,163900.0
2001-08-15,34.53,34.53,33.92,33.99,,56600.0
2001-08-16,34.02,34.57,33.51,34.48,,112500.0
2001-08-17,34.48,34.56,34.07,34.17,,64700.0
2001-08-20,34.17,35.8,34.07,35.57,,159100.0
2001-08-21,35.47,36.12,35.26,35.47,,188100.0
2001-08-22,35.61,36.1,35.42,36.06,,143900.0
2001-08-23,35.99,36.11,35.48,35.77,,106800.0
2001-08-24,35.92,36.45,35.69,36.33,,87800.0
2001-08-27,36.25,36.62,36.25,36.36,,63600.0
2001-08-28,36.28,36.28,35.63,35.66,,48000.0
2001-08-29,35.63,35.85,35.55,35.85,,65700.0
2001-08-30,35.77,35.78,35.5,35.68,,97300.0
2001-08-31,35.64,35.89,35.64,35.77,,97600.0
2001-09-04,35.7,36.28,35.7,36.04,,159400.0
2001-09-05,36.04,36.04,35.68,35.99,,75800.0
2001-09-06,35.99,36.15,35.66,35.96,,112800.0
2001-09-07,35.89,35.93,35.45,35.57,,209900.0
2001-09-10,35.42,35.43,34.52,34.68,,94200.0
2001-09-17,34.14,34.14,32.07,32.14,,127200.0
2001-09-18,32.21,32.36,31.92,32.17,,132900.0
2001-09-19,32.21,32.35,29.61,30.02,,409600.0
2001-09-20,29.84,29.95,27.48,27.48,,313500.0
2001-09-21,26.54,26.61,24.72,25.96,,458900.0
2001-09-24,26.04,26.79,25.89,26.68,,297900.0
2001-09-25,26.9,27.19,26.72,27.18,,292800.0
2001-09-26,27.25,27.25,26.29,26.33,,162700.0
2001-09-27,26.51,26.66,26.18,26.47,,142200.0
2001-09-28,26.66,28.04,26.59,27.19,,181700.0
2001-10-01,27.19,27.3,27.03,27.17,,226500.0
2001-10-02,27.18,27.23,27.0,27.11,,160800.0
2001-10-03,27.11,27.23,26.98,27.14,,306300.0
2001-10-04,27.16,28.9,27.16,28.07,,397600.0
2001-10-05,28.14,28.76,27.48,28.42,,214500.0
2001-10-08,28.36,28.39,27.78,27.83,,89700.0
2001-10-09,27.88,28.21,27.61,28.01,,68000.0
2001-10-10,27.96,28.66,27.89,28.66,,84500.0
2001-10-11,28.97,29.92,28.97,29.75,,219100.0
2001-10-12,29.67,29.67,29.24,29.37,,151600.0
2001-10-15,29.4,29.81,29.34,29.64,,93400.0
2001-10-16,29.56,30.65,29.56,30.25,,144200.0
2001-10-17,30.25,30.94,30.11,30.11,,196500.0
2001-10-18,29.67,30.23,28.73,29.14,,244700.0
2001-10-19,29.19,29.27,28.65,29.08,,172400.0
2001-10-22,29.08,29.67,28.94,29.32,,170700.0
2001-10-23,29.45,29.9,29.43,29.78,,102700.0
2001-10-24,30.06,30.08,29.67,29.74,,135500.0
2001-10-25,29.63,30.03,29.45,29.77,,126300.0
2001-10-26,29.96,31.03,29.96,30.95,,136400.0
2001-10-29,30.9,30.9,29.59,29.62,,159600.0
2001-10-30,29.48,29.52,28.79,28.97,,92700.0
2001-10-31,29.05,29.37,29.03,29.08,,116100.0
2001-11-01,29.08,29.45,28.87,29.4,,113800.0
2001-11-02,29.52,30.47,29.39,30.09,,104500.0
2001-11-05,30.09,30.48,29.52,29.62,,188700.0
2001-11-06,29.74,29.8,29.37,29.71,,114300.0
2001-11-07,29.81,29.91,29.3,29.59,,143900.0
2001-11-08,29.61,29.77,29.02,29.02,,181100.0
2001-11-09,29.06,29.27,28.7,28.89,,146100.0
2001-11-12,28.76,29.03,28.5,28.56,,93200.0
2001-11-13,28.6,29.01,28.58,28.89,,234300.0
2001-11-14,28.97,29.7,28.94,29.44,,260700.0
2001-11-15,29.5,29.62,29.21,29.41,,101700.0
2001-11-16,29.48,29.88,29.48,29.77,,64300.0
2001-11-19,29.77,30.5,29.77,30.31,,110800.0
2001-11-20,30.31,30.72,30.04,30.28,,46100.0
2001-11-21,30.37,30.57,29.57,30.0,,64600.0
2001-11-23,29.97,30.51,29.96,30.31,,22700.0
2001-11-26,30.45,31.09,30.37,30.95,,122100.0
2001-11-27,30.96,31.34,30.8,30.97,,69400.0
2001-11-28,30.88,31.2,30.45,30.53,,112700.0
2001-11-29,30.77,31.43,30.72,31.43,,85000.0
2001-11-30,31.36,31.61,30.96,30.96,,109900.0
2001-12-03,30.88,31.1,30.52,31.0,,89400.0
2001-12-04,31.0,31.76,30.88,31.75,,85200.0
2001-12-05,31.8,32.56,31.8,32.26,,146000.0
2001-12-06,32.27,32.53,31.81,32.26,,136400.0
2001-12-07,32.26,32.26,31.91,32.11,,69600.0
2001-12-10,32.11,32.11,31.45,31.45,,52100.0
2001-12-11,31.46,31.69,31.34,31.36,,72300.0
2001-12-12,31.25,31.77,31.25,31.76,,88200.0
2001-12-13,31.83,32.0,31.66,31.66,,131500.0
2001-12-14,31.65,31.98,31.48,31.85,,52900.0
2001-12-17,31.83,32.41,31.83,32.31,,78100.0
2001-12-18,32.27,33.07,32.27,33.0,,214700.0
2001-12-19,33.0,33.44,32.78,33.22,,156700.0
2001-12-20,33.07,33.42,33.04,33.23,,135200.0
2001-12-21,33.22,33.8,33.17,33.67,,139100.0
2001-12-24,33.59,34.01,33.59,34.01,,32000.0
2001-12-26,33.91,34.46,33.77,34.42,,116300.0
2001-12-27,34.46,34.72,34.32,34.39,,132400.0
2001-12-28,34.45,34.83,34.45,34.83,,76300.0
2001-12-31,34.83,34.9,34.02,34.54,,83100.0
2002-01-02,34.46,34.46,33.59,33.93,,149700.0
2002-01-03,33.93,34.4,33.84,34.16,,306600.0
2002-01-04,34.28,34.64,34.15,34.4,,96500.0
2002-01-07,34.28,34.68,34.27,34.42,,75700.0
2002-01-08,34.42,34.83,34.28,34.83,,61000.0
2002-01-09,34.86,35.23,34.35,34.39,,144500.0
2002-01-10,34.42,34.46,33.93,33.93,,81400.0
2002-01-11,33.8,34.13,33.69,33.69,,80800.0
2002-01-14,33.69,33.69,32.65,33.0,,124300.0
2002-01-15,33.0,33.0,32.71,32.83,,108700.0
2002-01-16,32.71,32.75,32.34,32.46,,203100.0
2002-01-17,32.53,32.92,32.49,32.91,,95800.0
2002-01-18,32.89,32.89,32.22,32.22,,86900.0
2002-01-22,32.2,32.93,32.2,32.73,,77200.0
2002-01-23,32.6,32.69,32.29,32.61,,113600.0
2002-01-24,32.49,32.8,32.49,32.6,,99900.0
2002-01-25,32.53,33.33,32.48,33.23,,88700.0
2002-01-28,33.37,33.48,32.97,33.18,,64300.0
2002-01-29,33.07,33.22,32.88,32.95,,101000.0
2002-01-30,32.96,33.18,32.43,33.18,,80500.0
2002-01-31,33.22,33.59,33.04,33.08,,95100.0
2002-02-01,33.08,33.44,33.08,33.33,,71000.0
2002-02-04,33.22,33.51,33.06,33.07,,138100.0
2002-02-05,33.07,33.33,32.72,32.85,,105600.0
2002-02-06,33.0,33.12,32.56,32.6,,125700.0
2002-02-07,32.56,32.56,32.12,32.18,,69400.0
2002-02-08,32.31,32.67,31.83,32.56,,165900.0
2002-02-11,32.56,32.89,32.49,32.75,,108900.0
2002-02-12,32.78,33.33,32.75,33.3,,130500.0
2002-02-13,33.45,34.67,33.45,34.5,,249900.0
2002-02-14,34.32,34.6,33.73,34.25,,474900.0
2002-02-15,34.29,35.01,34.29,34.83,,97600.0
2002-02-19,34.83,35.24,34.72,35.01,,171800.0
2002-02-20,35.05,36.09,34.95,36.0,,169800.0
2002-02-21,35.9,35.97,35.28,35.34,,77500.0
2002-02-22,35.46,35.83,35.03,35.74,,96800.0
2002-02-25,35.74,36.85,35.74,36.81,,169900.0
2002-02-26,36.96,37.01,36.5,36.85,,117900.0
2002-02-27,36.78,36.96,36.12,36.62,,95000.0
2002-02-28,36.49,36.49,36.12,36.18,,81400.0
2002-03-01,36.27,36.55,36.17,36.55,,127500.0
2002-03-04,36.63,38.33,36.63,38.2,,174100.0
2002-03-05,38.06,38.54,37.67,37.97,,134100.0
2002-03-06,37.88,39.75,37.75,39.7,,261800.0
2002-03-07,39.67,39.74,38.98,39.53,,232700.0
2002-03-08,40.0,40.44,39.97,40.23,,249600.0
2002-03-11,39.89,39.94,38.76,39.22,,113800.0
2002-03-12,39.11,39.82,38.96,39.76,,53000.0
2002-03-13,39.64,39.64,39.07,39.43,,65000.0
2002-03-14,39.25,39.4,39.01,39.2,,65200.0
2002-03-15,39.2,39.37,38.82,39.37,,96000.0
2002-03-18,39.55,40.3,39.54,40.23,,148200.0
2002-03-19,40.29,40.33,39.56,40.2,,144200.0
2002-03-20,40.08,40.47,39.7,40.24,,162800.0
2002-03-21,40.24,40.24,39.67,40.15,,129700.0
2002-03-22,40.08,40.17,39.6,39.92,,68900.0
2002-03-25,39.78,39.78,39.27,39.65,,101100.0
2002-03-26,39.49,40.17,39.49,40.17,,122800.0
2002-03-27,40.17,40.47,40.05,40.34,,138200.0
2002-03-28,40.33,40.74,39.78,40.06,,102800.0
2002-04-01,40.06,40.22,39.4,40.06,,97600.0
2002-04-02,40.06,40.48,39.86,40.42,,99300.0
2002-04-03,40.3,40.44,39.81,40.29,,166200.0
2002-04-04,40.19,40.34,39.66,40.08,,93400.0
2002-04-05,40.08,40.5,40.08,40.24,,147700.0
2002-04-08,40.08,40.74,39.84,40.72,,95900.0
2002-04-09,40.81,41.62,40.81,41.57,,244300.0
2002-04-10,41.69,42.55,41.54,42.55,,140300.0
2002-04-11,42.42,42.49,41.71,41.75,,118000.0
2002-04-12,41.87,42.13,41.51,41.91,,103600.0
2002-04-15,41.91,42.28,41.14,41.42,,99700.0
2002-04-16,41.47,42.25,41.47,42.25,,114000.0
2002-04-17,42.13,42.45,41.98,42.24,,78200.0
2002-04-18,42.24,42.42,41.54,41.89,,110600.0
2002-04-19,41.84,42.33,41.76,41.99,,107000.0
2002-04-22,41.91,41.91,41.34,41.36,,84300.0
2002-04-23,41.32,41.46,40.48,40.59,,252500.0
2002-04-24,40.66,40.88,39.97,40.19,,214300.0
2002-04-25,40.3,40.74,39.66,40.66,,115800.0
2002-04-26,40.67,41.02,40.3,40.32,,92100.0
2002-04-29,40.44,40.44,39.87,40.0,,112400.0
2002-04-30,40.15,41.52,40.08,41.4,,219900.0
2002-05-01,41.32,41.76,40.92,41.46,,142600.0
2002-05-02,41.47,42.2,41.47,42.13,,154300.0
2002-05-03,42.28,42.46,41.29,41.59,,151900.0
2002-05-06,41.65,41.87,41.14,41.15,,96900.0
2002-05-07,41.15,41.78,41.07,41.15,,97000.0
2002-05-08,41.32,42.0,41.32,41.97,,131000.0
2002-05-09,41.84,41.84,40.96,40.96,,110900.0
2002-05-10,40.96,40.96,40.3,40.65,,128100.0
2002-05-13,40.65,41.0,40.37,40.91,,80900.0
2002-05-14,41.09,42.0,41.09,41.95,,93300.0
2002-05-15,41.8,42.35,41.51,42.12,,102900.0
2002-05-16,42.06,42.19,41.9,42.02,,96700.0
2002-05-17,41.87,42.68,41.87,42.68,,171300.0
2002-05-20,42.64,43.11,42.58,42.82,,128200.0
2002-05-21,42.79,43.48,42.2,42.5,,230700.0
2002-05-22,42.41,42.99,42.22,42.63,,187700.0
2002-05-23,42.63,43.05,42.41,43.05,,119300.0
2002-05-24,42.94,43.11,42.7,42.87,,90300.0
2002-05-28,42.85,42.85,41.97,42.4,,83700.0
2002-05-29,42.33,42.5,42.01,42.06,,65800.0
2002-05-30,41.97,42.26,41.68,42.1,,93200.0
2002-05-31,42.1,42.43,41.97,42.22,,53200.0
2002-06-03,42.08,42.08,40.97,41.06,,119100.0
2002-06-04,41.05,41.05,40.31,40.98,,164900.0
2002-06-05,40.98,41.77,40.98,41.48,,106200.0
2002-06-06,41.49,41.49,40.86,40.87,,99200.0
2002-06-07,40.72,41.6,40.2,41.24,,205100.0
2002-06-10,41.19,41.45,41.07,41.17,,91600.0
2002-06-11,41.17,41.33,41.03,41.08,,172400.0
2002-06-12,41.01,41.49,40.88,41.41,,192700.0
2002-06-13,41.31,41.5,40.97,41.16,,170100.0
2002-06-14,41.3,41.75,40.83,41.53,,151000.0
2002-06-17,41.53,42.33,41.53,42.11,,146500.0
2002-06-18,42.13,42.41,41.89,42.35,,116800.0
2002-06-19,42.35,43.1,42.11,42.46,,142100.0
2002-06-20,42.63,42.77,41.76,41.76,,154400.0
2002-06-21,41.67,42.27,41.27,42.22,,417500.0
2002-06-24,42.41,42.84,41.89,42.48,,252200.0
2002-06-25,42.33,42.37,41.14,41.23,,191100.0
2002-06-26,41.12,41.34,40.67,40.72,,233200.0
2002-06-27,40.86,41.65,40.68,40.94,,259200.0
2002-06-28,41.08,42.0,40.9,42.0,,205400.0
2002-07-01,41.88,42.28,41.41,41.43,,131900.0
2002-07-02,41.3,41.5,40.42,40.73,,184400.0
2002-07-03,40.72,40.74,38.66,39.17,,197000.0
2002-07-05,39.32,41.31,39.32,41.2,,107400.0
2002-07-08,41.12,41.33,40.48,40.53,,131700.0
2002-07-09,40.24,41.05,39.14,39.23,,197900.0
2002-07-10,39.25,39.26,38.33,38.37,,162700.0
2002-07-11,38.25,38.25,36.4,37.39,,324000.0
2002-07-12,37.39,37.68,36.53,36.97,,223700.0
2002-07-15,36.82,36.82,35.13,36.38,,321000.0
2002-07-16,36.23,37.74,35.88,36.56,,273100.0
2002-07-17,36.93,37.71,36.06,36.37,,223700.0
2002-07-18,36.49,37.01,35.28,35.51,,357200.0
2002-07-19,35.35,35.54,33.73,33.8,,383900.0
2002-07-22,33.66,33.86,32.37,32.4,,333300.0
2002-07-23,32.34,32.34,31.0,31.11,,380200.0
2002-07-24,30.98,32.77,30.02,32.73,,233000.0
2002-07-25,32.93,33.9,32.54,33.61,,206300.0
2002-07-26,33.44,33.88,33.15,33.83,,238700.0
2002-07-29,34.36,36.53,34.26,36.31,,288800.0
2002-07-30,36.16,36.49,34.8,36.37,,282000.0
2002-07-31,36.2,36.34,35.28,36.26,,207800.0
2002-08-01,36.09,36.3,35.39,35.69,,137100.0
2002-08-02,35.69,35.69,33.54,33.79,,254900.0
2002-08-05,33.8,34.17,33.12,33.12,,179300.0
2002-08-06,33.44,34.69,33.44,34.4,,175400.0
2002-08-07,34.58,35.08,33.99,35.04,,178800.0
2002-08-08,34.86,36.12,34.86,35.97,,121400.0
2002-08-09,35.87,36.23,35.42,36.03,,107900.0
2002-08-12,35.9,36.12,35.34,35.84,,126000.0
2002-08-13,35.72,35.87,34.62,34.68,,136500.0
2002-08-14,34.68,35.14,33.73,35.11,,221700.0
2002-08-15,35.2,36.12,34.73,35.84,,157400.0
2002-08-16,36.01,36.67,35.38,35.72,,136000.0
2002-08-19,35.61,37.0,35.61,36.88,,158000.0
2002-08-20,36.71,36.84,36.38,36.58,,167400.0
2002-08-21,36.67,37.41,36.67,37.27,,91200.0
2002-08-22,37.27,37.75,37.13,37.67,,86100.0
2002-08-23,37.91,37.91,36.74,36.91,,88500.0
2002-08-26,36.8,37.32,36.29,37.17,,96400.0
2002-08-27,36.95,37.47,36.75,36.78,,117500.0
2002-08-28,36.62,36.66,35.84,35.93,,102500.0
2002-08-29,35.81,36.18,35.07,35.72,,159800.0
2002-08-30,35.72,36.15,35.67,35.68,,108500.0
2002-09-03,35.67,35.67,34.35,34.38,,200500.0
2002-09-04,34.3,35.35,34.11,35.19,,152800.0
2002-09-05,35.19,35.21,34.63,34.78,,80700.0
2002-09-06,34.96,35.56,34.92,35.54,,87900.0
2002-09-09,35.47,35.99,35.02,35.93,,97500.0
2002-09-10,36.0,36.21,35.62,36.04,,87500.0
2002-09-11,36.21,36.43,36.12,36.24,,46200.0
2002-09-12,36.16,36.21,35.55,35.66,,93300.0
2002-09-13,35.48,35.48,34.37,34.86,,116300.0
2002-09-16,34.85,35.03,34.44,34.78,,56800.0
2002-09-17,35.03,35.26,34.07,34.15,,82500.0
2002-09-18,34.15,34.36,33.06,33.42,,165500.0
2002-09-19,33.49,34.21,33.05,33.46,,149600.0
2002-09-20,33.63,33.88,33.42,33.56,,182100.0
2002-09-23,33.56,33.99,32.45,32.73,,122000.0
2002-09-24,32.74,32.74,31.79,32.06,,162500.0
2002-09-25,32.42,33.52,32.16,33.48,,121300.0
2002-09-26,33.62,34.52,33.5,34.48,,77800.0
2002-09-27,34.3,34.37,33.37,33.39,,139200.0
2002-09-30,33.26,33.77,32.45,33.62,,123200.0
2002-10-01,33.62,34.54,33.48,34.54,,120000.0
2002-10-02,34.72,34.72,33.51,33.51,,131400.0
2002-10-03,33.48,34.07,33.19,33.69,,141100.0
2002-10-04,33.69,33.69,32.39,32.42,,166900.0
2002-10-07,32.27,32.28,31.12,31.27,,153600.0
2002-10-08,31.46,32.38,30.87,32.08,,111600.0
2002-10-09,31.93,31.93,30.87,30.87,,108900.0
2002-10-10,30.79,31.94,30.24,31.49,,154700.0
2002-10-11,31.88,33.12,31.88,32.56,,124100.0
2002-10-14,32.56,32.97,32.02,32.16,,91800.0
2002-10-15,32.82,33.65,32.69,33.17,,203900.0
2002-10-16,32.99,33.19,32.02,32.23,,125400.0
2002-10-17,32.24,32.24,30.68,31.04,,468300.0
2002-10-18,31.42,31.63,30.68,31.12,,254100.0
2002-10-21,30.79,32.37,30.76,32.23,,107600.0
2002-10-22,32.08,32.08,31.11,31.2,,103500.0
2002-10-23,31.24,31.64,31.09,31.49,,125700.0
2002-10-24,31.71,32.05,30.79,30.98,,155000.0
2002-10-25,30.72,31.54,30.63,31.07,,174700.0
2002-10-28,31.22,31.27,30.6,30.63,,123100.0
2002-10-29,30.65,30.9,30.09,30.38,,125500.0
2002-10-30,30.53,30.85,30.09,30.76,,119200.0
2002-10-31,30.79,31.35,30.76,31.02,,103500.0
2002-11-01,30.68,31.59,30.61,31.36,,221800.0
2002-11-04,31.73,32.23,31.35,31.68,,133200.0
2002-11-05,31.02,31.6,30.98,31.32,,125000.0
2002-11-06,31.47,32.38,31.47,31.66,,149500.0
2002-11-07,31.66,31.75,31.2,31.28,,135100.0
2002-11-08,31.28,31.47,30.68,30.98,,128200.0
2002-11-11,30.98,31.01,30.13,30.18,,105400.0
2002-11-12,30.33,30.98,30.08,30.39,,93600.0
2002-11-13,30.39,31.16,30.17,30.76,,80300.0
2002-11-14,30.9,31.87,30.89,31.66,,108500.0
2002-11-15,31.68,32.39,31.45,31.7,,190200.0
2002-11-18,31.85,31.97,31.5,31.7,,80100.0
2002-11-19,31.66,31.66,31.27,31.34,,101900.0
2002-11-20,31.35,31.75,31.29,31.68,,82600.0
2002-11-21,31.71,32.84,31.71,32.5,,133200.0
2002-11-22,32.44,32.76,32.26,32.26,,79100.0
2002-11-25,32.15,32.76,31.71,32.67,,71100.0
2002-11-26,32.79,32.79,31.6,31.64,,114100.0
2002-11-27,31.79,32.54,31.51,32.51,,77300.0
2002-11-29,32.59,32.88,32.49,32.5,,25800.0
2002-12-02,32.68,32.93,31.94,32.31,,68400.0
2002-12-03,31.98,32.38,31.9,32.3,,132500.0
2002-12-04,32.27,32.51,31.77,31.99,,121100.0
2002-12-05,31.99,32.16,31.71,31.83,,74900.0
2002-12-06,31.68,32.21,31.34,31.81,,95500.0
2002-12-09,31.56,31.84,31.36,31.44,,109600.0
2002-12-10,31.62,31.89,31.03,31.73,,108300.0
2002-12-11,31.78,32.14,31.4,31.97,,126500.0
2002-12-12,32.07,32.07,31.48,31.77,,97400.0
2002-12-13,31.75,31.83,30.99,31.04,,92300.0
2002-12-16,31.04,31.55,30.91,31.36,,123400.0
2002-12-17,31.36,31.51,30.7,30.71,,105300.0
2002-12-18,30.82,30.9,30.1,30.64,,161600.0
2002-12-19,30.75,31.1,30.56,30.87,,187500.0
2002-12-20,30.87,31.01,30.53,30.86,,303200.0
2002-12-23,30.97,31.16,30.81,31.09,,102400.0
2002-12-24,30.98,31.33,30.88,31.04,,45300.0
2002-12-26,31.1,31.39,30.96,31.04,,64600.0
2002-12-27,30.93,31.0,30.58,30.59,,54400.0
2002-12-30,30.65,30.99,30.29,30.89,,143500.0
2002-12-31,31.16,31.81,30.96,31.76,,121000.0
2003-01-02,31.95,32.88,31.77,32.87,,150200.0
2003-01-03,32.76,32.76,32.47,32.51,,81800.0
2003-01-06,32.51,32.88,32.35,32.38,,180100.0
2003-01-07,32.19,32.21,31.8,31.84,,173500.0
2003-01-08,31.83,32.01,31.5,31.6,,101600.0
2003-01-09,31.62,32.16,31.47,31.84,,77100.0
2003-01-10,31.82,32.05,31.44,31.84,,103000.0
2003-01-13,31.84,31.92,31.47,31.56,,142000.0
2003-01-14,31.46,31.48,30.81,31.4,,148100.0
2003-01-15,31.47,31.61,31.02,31.19,,69200.0
2003-01-16,31.19,31.69,31.19,31.43,,51800.0
2003-01-17,31.24,31.34,31.0,31.1,,99100.0
2003-01-21,31.18,31.32,30.73,30.79,,116900.0
2003-01-22,30.79,30.82,30.29,30.29,,134900.0
2003-01-23,30.38,30.87,30.38,30.74,,90900.0
2003-01-24,30.56,30.69,30.34,30.42,,121900.0
2003-01-27,30.36,30.69,29.78,29.83,,104200.0
2003-01-28,29.85,30.27,29.79,30.07,,92200.0
2003-01-29,29.99,30.16,29.55,29.87,,109000.0
2003-01-30,29.95,30.02,29.39,29.62,,168200.0
2003-01-31,29.57,30.56,29.5,30.46,,103200.0
2003-02-03,30.53,30.97,30.41,30.79,,119400.0
2003-02-04,30.13,30.62,30.07,30.53,,112600.0
2003-02-05,30.64,31.01,30.16,30.22,,103500.0
2003-02-06,30.18,30.44,30.18,30.33,,85400.0
2003-02-07,30.47,30.5,29.78,29.79,,79900.0
2003-02-10,29.71,29.93,29.59,29.82,,229600.0
2003-02-11,29.89,30.14,29.51,29.79,,119600.0
2003-02-12,29.79,29.83,29.2,29.22,,164800.0
2003-02-13,28.22,28.22,27.09,27.54,,553200.0
2003-02-14,27.73,27.92,27.4,27.92,,360600.0
2003-02-18,27.92,28.55,27.92,28.21,,144200.0
2003-02-19,28.22,28.22,27.56,27.83,,99400.0
2003-02-20,27.85,27.91,27.66,27.77,,141100.0
2003-02-21,27.9,28.36,27.64,28.18,,145300.0
2003-02-24,28.33,28.33,27.52,27.56,,137800.0
2003-02-25,27.46,27.9,27.26,27.83,,190100.0
2003-02-26,27.9,27.9,27.43,27.51,,110500.0
2003-02-27,27.53,27.95,27.46,27.9,,183100.0
2003-02-28,27.93,28.19,27.55,27.68,,98100.0
2003-03-03,27.72,28.21,27.59,27.7,,101900.0
2003-03-04,27.72,27.81,27.2,27.26,,88200.0
2003-03-05,27.15,27.31,26.86,27.0,,120700.0
2003-03-06,26.94,26.94,26.42,26.5,,141400.0
2003-03-07,26.5,27.12,26.13,26.42,,302800.0
2003-03-10,26.34,26.39,25.89,25.97,,154000.0
2003-03-11,26.04,26.36,25.48,25.56,,218600.0
2003-03-12,25.56,25.61,25.17,25.48,,148400.0
2003-03-13,25.61,26.04,25.61,26.04,,128000.0
2003-03-14,26.08,26.36,25.93,25.99,,152300.0
2003-03-17,25.89,26.94,25.87,26.85,,139700.0
2003-03-18,27.04,27.66,26.94,27.49,,166900.0
2003-03-19,27.49,27.57,27.02,27.26,,145500.0
2003-03-20,27.4,27.53,26.9,27.42,,149200.0
2003-03-21,27.72,28.63,27.72,28.48,,175100.0
2003-03-24,28.19,28.19,26.95,27.23,,186200.0
2003-03-25,26.56,27.7,26.56,27.68,,158400.0
2003-03-26,27.94,27.94,27.08,27.3,,124000.0
2003-03-27,27.15,27.41,26.94,27.08,,171200.0
2003-03-28,27.08,27.08,26.59,26.79,,112100.0
2003-03-31,26.64,26.68,26.23,26.56,,184200.0
2003-04-01,26.64,26.73,26.42,26.56,,218700.0
2003-04-02,26.86,27.38,26.86,27.16,,167000.0
2003-04-03,27.22,27.46,26.96,27.2,,190800.0
2003-04-04,27.21,27.32,27.03,27.14,,168800.0
2003-04-07,27.33,27.9,27.33,27.64,,212700.0
2003-04-08,27.61,27.63,27.02,27.08,,159900.0
2003-04-09,27.23,27.23,26.77,26.86,,134300.0
2003-04-10,26.86,26.97,26.6,26.79,,116200.0
2003-04-11,26.97,27.05,26.47,26.5,,144200.0
2003-04-14,26.34,26.76,26.34,26.68,,274000.0
2003-04-15,26.64,26.89,26.39,26.85,,111100.0
2003-04-16,26.85,26.86,26.46,26.71,,150400.0
2003-04-17,26.79,27.06,26.71,26.85,,658600.0
2003-04-21,26.92,26.96,26.43,26.74,,321000.0
2003-04-22,26.78,27.72,26.56,27.55,,232000.0
2003-04-23,27.55,27.96,27.47,27.9,,199000.0
2003-04-24,27.53,28.04,27.38,27.9,,243500.0
2003-04-25,27.75,27.96,27.55,27.62,,198200.0
2003-04-28,27.62,28.48,27.62,28.36,,223700.0
2003-04-29,28.35,29.02,28.31,28.65,,372500.0
2003-04-30,28.65,28.78,28.28,28.57,,290400.0
2003-05-01,28.49,28.71,28.13,28.65,,152500.0
2003-05-02,28.61,28.91,28.59,28.68,,149400.0
2003-05-05,29.02,29.15,28.57,28.88,,178300.0
2003-05-06,28.73,29.15,28.69,28.89,,175800.0
2003-05-07,28.89,29.24,28.57,29.07,,280700.0
2003-05-08,29.0,29.06,28.6,28.83,,163700.0
2003-05-09,28.83,29.48,28.83,29.48,,183800.0
2003-05-12,29.41,30.03,29.32,29.99,,200600.0
2003-05-13,29.95,30.2,29.76,29.97,,213600.0
2003-05-14,30.08,30.2,29.73,29.88,,168600.0
2003-05-15,29.96,30.06,29.76,29.88,,113700.0
2003-05-16,29.84,29.88,29.36,29.36,,151200.0
2003-05-19,29.32,29.32,28.71,28.74,,153900.0
2003-05-20,28.66,29.09,28.59,28.83,,208200.0
2003-05-21,28.87,29.0,28.75,28.95,,216300.0
2003-05-22,28.58,29.04,28.27,28.9,,248100.0
2003-05-23,29.02,29.37,28.77,29.27,,100700.0
2003-05-27,29.2,29.99,28.8,29.99,,224500.0
2003-05-28,30.14,30.82,30.1,30.82,,335000.0
2003-05-29,30.75,31.49,30.67,31.19,,372700.0
2003-05-30,31.19,32.71,31.17,32.26,,362800.0
2003-06-02,32.33,32.75,31.83,32.03,,397700.0
2003-06-03,32.03,32.95,31.97,32.44,,418000.0
2003-06-04,32.44,33.07,32.25,32.96,,159600.0
2003-06-05,32.89,33.0,32.61,32.85,,215100.0
2003-06-06,33.17,33.56,33.07,33.16,,194700.0
2003-06-09,32.97,33.06,32.16,32.29,,114700.0
2003-06-10,32.36,32.75,32.16,32.66,,143500.0
2003-06-11,32.66,33.09,32.36,33.05,,137000.0
2003-06-12,33.09,33.31,32.8,33.25,,99300.0
2003-06-13,33.44,33.53,32.53,32.8,,116600.0
2003-06-16,32.82,33.57,32.82,33.54,,109100.0
2003-06-17,33.59,33.59,33.13,33.58,,112400.0
2003-06-18,33.51,33.54,33.11,33.21,,190400.0
2003-06-19,33.25,33.45,32.68,32.97,,102800.0
2003-06-20,33.08,33.32,32.98,33.06,,95000.0
2003-06-23,33.01,33.16,32.16,32.25,,107000.0
2003-06-24,32.06,32.56,32.06,32.46,,147500.0
2003-06-25,32.46,32.8,32.35,32.43,,93800.0
2003-06-26,32.39,32.8,32.17,32.63,,122200.0
2003-06-27,32.68,33.02,32.45,32.47,,132300.0
2003-06-30,32.42,32.51,31.82,31.82,,254700.0
2003-07-01,31.79,31.79,31.05,31.41,,284800.0
2003-07-02,31.41,32.15,31.41,32.06,,239700.0
2003-07-03,31.95,32.05,31.53,31.86,,90100.0
2003-07-07,31.94,32.35,31.8,32.12,,141800.0
2003-07-08,32.12,32.61,32.04,32.42,,301100.0
2003-07-09,32.44,32.76,32.12,32.56,,125000.0
2003-07-10,32.48,32.57,31.9,31.91,,91600.0
2003-07-11,32.06,32.93,32.06,32.69,,120200.0
2003-07-14,33.06,33.26,32.71,33.09,,220100.0
2003-07-15,33.17,33.25,32.43,32.54,,146100.0
2003-07-16,32.57,32.65,31.97,32.01,,210900.0
2003-07-17,31.71,31.75,31.38,31.53,,217200.0
2003-07-18,31.57,31.94,31.26,31.79,,119500.0
2003-07-21,31.79,31.82,31.41,31.68,,104800.0
2003-07-22,31.75,32.49,31.52,32.42,,137000.0
2003-07-23,32.57,32.71,32.18,32.71,,139300.0
2003-07-24,32.76,33.17,32.76,32.83,,125700.0
2003-07-25,32.64,33.01,32.57,32.89,,103400.0
2003-07-28,33.04,33.56,32.88,33.17,,152600.0
2003-07-29,33.21,33.3,32.64,33.02,,121000.0
2003-07-30,32.95,33.48,32.93,33.47,,107800.0
2003-07-31,33.52,34.43,33.25,34.2,,250600.0
2003-08-01,34.2,34.38,33.93,34.26,,206700.0
2003-08-04,34.26,34.61,34.02,34.44,,200800.0
2003-08-05,34.48,34.61,34.14,34.14,,180400.0
2003-08-06,34.14,34.24,33.8,34.11,,105000.0
2003-08-07,34.04,34.29,33.66,34.29,,107700.0
2003-08-08,34.29,34.6,34.24,34.46,,134100.0
2003-08-11,34.74,34.74,33.66,33.98,,166300.0
2003-08-12,34.05,34.41,34.04,34.31,,89700.0
2003-08-13,34.31,34.66,33.99,34.57,,114900.0
2003-08-14,34.54,35.0,34.52,34.94,,79500.0
2003-08-15,34.83,35.41,34.83,35.34,,44100.0
2003-08-18,35.34,35.74,35.34,35.51,,92500.0
2003-08-19,35.56,36.03,35.5,35.91,,100000.0
2003-08-20,35.86,35.9,35.5,35.74,,101000.0
2003-08-21,35.66,35.91,35.6,35.62,,140600.0
2003-08-22,35.6,35.81,35.08,35.22,,123200.0
2003-08-25,35.22,35.31,34.79,35.0,,65700.0
2003-08-26,34.99,35.3,34.84,35.23,,97900.0
2003-08-27,35.23,35.53,34.91,35.42,,77600.0
2003-08-28,35.46,35.47,35.02,35.33,,83100.0
2003-08-29,35.37,35.62,35.2,35.62,,124900.0
2003-09-02,35.96,36.68,35.95,36.67,,163400.0
2003-09-03,36.73,37.55,36.71,37.32,,281000.0
2003-09-04,37.29,37.57,37.21,37.52,,136800.0
2003-09-05,37.52,37.7,37.1,37.14,,122200.0
2003-09-08,37.22,37.46,36.97,37.08,,100300.0
2003-09-09,37.03,37.1,36.66,36.66,,95100.0
2003-09-10,34.36,34.93,33.5,33.96,,620900.0
2003-09-11,33.96,33.96,32.98,33.9,,629700.0
2003-09-12,33.97,34.51,33.54,34.2,,149700.0
2003-09-15,34.12,34.23,33.5,33.69,,162000.0
2003-09-16,33.65,33.93,33.38,33.8,,237800.0
2003-09-17,33.81,33.87,33.46,33.57,,177900.0
2003-09-18,33.45,33.96,33.33,33.94,,177000.0
2003-09-19,33.95,33.95,33.57,33.8,,99900.0
2003-09-22,33.72,33.72,33.35,33.5,,116000.0
2003-09-23,33.57,33.75,33.44,33.57,,125000.0
2003-09-24,33.5,33.5,32.82,32.88,,82600.0
2003-09-25,32.82,33.19,32.64,32.7,,108000.0
2003-09-26,32.63,32.66,32.15,32.18,,88000.0
2003-09-29,32.1,32.6,32.0,32.55,,126800.0
2003-09-30,32.51,33.25,32.32,32.62,,174900.0
2003-10-01,32.62,33.18,32.62,33.18,,93100.0
2003-10-02,33.24,33.57,33.1,33.24,,85800.0
2003-10-03,33.42,33.72,33.36,33.42,,195900.0
2003-10-06,33.5,33.56,33.36,33.41,,98300.0
2003-10-07,33.39,33.79,33.24,33.74,,105900.0
2003-10-08,33.72,33.9,33.68,33.78,,92900.0
2003-10-09,33.79,34.69,33.79,34.16,,172600.0
2003-10-10,34.23,34.63,34.23,34.45,,100800.0
2003-10-13,34.44,35.07,34.41,35.07,,132300.0
2003-10-14,35.07,35.22,34.87,34.96,,103800.0
2003-10-15,35.05,35.26,34.81,35.21,,80500.0
2003-10-16,35.02,35.02,34.38,34.6,,117700.0
2003-10-17,34.61,34.61,33.72,33.83,,149400.0
2003-10-20,33.76,34.23,33.45,33.78,,149300.0
2003-10-21,33.76,33.77,33.42,33.61,,123300.0
2003-10-22,33.44,33.5,33.14,33.23,,163800.0
2003-10-23,33.16,33.27,33.13,33.21,,166900.0
2003-10-24,33.24,33.24,33.0,33.11,,203800.0
2003-10-27,32.97,33.62,32.97,33.46,,206900.0
2003-10-28,33.37,33.46,33.06,33.34,,144800.0
2003-10-29,33.42,34.19,33.33,33.99,,112200.0
2003-10-30,34.17,34.37,33.99,34.22,,92200.0
2003-10-31,34.09,34.73,34.09,34.56,,159900.0
2003-11-03,34.63,35.3,34.63,35.19,,117200.0
2003-11-04,35.3,35.39,34.66,34.69,,104600.0
2003-11-05,34.69,34.74,34.48,34.62,,52200.0
2003-11-06,34.55,35.02,34.55,35.02,,104900.0
2003-11-07,35.02,35.18,34.44,34.46,,113000.0
2003-11-10,34.4,34.58,33.9,33.91,,92300.0
2003-11-11,33.99,34.02,33.39,33.54,,80700.0
2003-11-12,33.54,34.19,33.54,34.1,,133100.0
2003-11-13,34.1,34.15,33.78,34.14,,132300.0
2003-11-14,34.21,34.44,33.54,33.56,,132000.0
2003-11-17,33.46,33.47,32.89,33.24,,252900.0
2003-11-18,33.39,33.57,32.96,33.05,,216900.0
2003-11-19,33.12,33.84,32.89,33.84,,141100.0
2003-11-20,33.54,33.91,33.36,33.58,,137400.0
2003-11-21,33.67,33.79,33.54,33.68,,155000.0
2003-11-24,33.76,34.1,33.75,34.1,,232100.0
2003-11-25,34.25,34.7,34.18,34.63,,99900.0
2003-11-26,34.74,34.89,34.32,34.5,,82500.0
2003-11-28,34.59,34.67,34.51,34.52,,33500.0
2003-12-01,34.51,34.88,34.51,34.83,,107000.0
2003-12-02,34.83,34.83,34.43,34.73,,107100.0
2003-12-03,34.8,34.98,34.66,34.7,,55500.0
2003-12-04,34.55,34.97,34.55,34.89,,75800.0
2003-12-05,34.78,34.83,34.64,34.77,,116500.0
2003-12-08,34.84,35.22,34.78,35.21,,81800.0
2003-12-09,35.1,35.23,34.79,34.83,,104800.0
2003-12-10,34.74,35.09,34.7,35.02,,140900.0
2003-12-11,35.02,35.55,35.02,35.3,,143300.0
2003-12-12,35.31,35.46,34.94,35.46,,111700.0
2003-12-15,35.65,35.97,35.36,35.39,,111000.0
2003-12-16,35.35,35.8,35.31,35.79,,75800.0
2003-12-17,35.91,35.91,35.17,35.27,,190400.0
2003-12-18,35.35,35.8,35.17,35.77,,98000.0
2003-12-19,36.0,36.14,35.53,36.14,,258800.0
2003-12-22,35.95,36.58,35.91,36.53,,114400.0
2003-12-23,36.4,37.08,36.4,37.06,,159600.0
2003-12-24,37.06,37.07,36.29,36.34,,93200.0
2003-12-26,36.34,36.54,36.34,36.46,,44800.0
2003-12-29,36.43,36.74,36.43,36.74,,212500.0
2003-12-30,36.58,36.72,36.48,36.61,,119600.0
2003-12-31,36.68,36.7,36.31,36.46,,201700.0
2004-01-02,36.4,36.61,36.18,36.23,,108200.0
2004-01-05,36.29,36.57,36.26,36.53,,126300.0
2004-01-06,36.44,36.48,36.14,36.14,,100000.0
2004-01-07,36.21,36.21,35.99,36.11,,104700.0
2004-01-08,36.25,36.51,36.06,36.48,,105500.0
2004-01-09,36.42,36.91,36.29,36.43,,207700.0
2004-01-12,36.43,36.93,36.36,36.93,,152100.0
2004-01-13,36.93,37.04,36.74,36.96,,114800.0
2004-01-14,36.94,37.22,36.94,37.22,,187500.0
2004-01-15,37.16,37.62,37.1,37.53,,148500.0
2004-01-16,37.53,37.69,37.42,37.69,,255200.0
2004-01-20,37.65,37.77,37.19,37.45,,133100.0
2004-01-21,37.31,37.58,37.19,37.56,,92100.0
2004-01-22,37.61,37.66,37.22,37.58,,105400.0
2004-01-23,37.53,37.7,37.37,37.58,,164700.0
2004-01-26,37.43,37.49,37.07,37.47,,106100.0
2004-01-27,37.42,37.42,36.89,37.23,,125300.0
2004-01-28,37.23,37.54,36.73,36.74,,124400.0
2004-01-29,36.67,36.97,36.45,36.93,,164100.0
2004-01-30,36.86,37.0,36.76,36.89,,172300.0
2004-02-02,36.89,37.32,36.79,37.12,,178900.0
2004-02-03,36.78,36.87,36.59,36.74,,106900.0
2004-02-04,36.55,36.64,36.28,36.31,,112300.0
2004-02-05,36.25,36.7,36.18,36.58,,137500.0
2004-02-06,36.52,36.92,36.4,36.86,,171400.0
2004-02-09,36.81,36.89,36.67,36.79,,98800.0
2004-02-10,36.6,36.7,36.27,36.46,,190900.0
2004-02-11,36.36,36.97,36.1,36.97,,138700.0
2004-02-12,37.72,40.57,37.72,40.49,,847800.0
2004-02-13,39.99,41.44,39.93,41.02,,503900.0
2004-02-17,41.34,41.44,40.99,41.36,,362400.0
2004-02-18,41.34,41.34,40.39,40.4,,158100.0
2004-02-19,40.33,40.37,39.53,39.6,,218800.0
2004-02-20,39.57,39.57,38.73,39.02,,174800.0
2004-02-23,39.08,39.28,38.73,38.92,,138200.0
2004-02-24,38.92,39.46,38.78,39.23,,215500.0
2004-02-25,39.2,39.44,38.85,39.06,,121000.0
2004-02-26,39.23,39.49,38.97,39.48,,172500.0
2004-02-27,39.38,39.38,38.85,39.06,,141500.0
2004-03-01,39.07,39.26,38.63,39.01,,223200.0
2004-03-02,39.08,39.52,39.04,39.47,,148600.0
2004-03-03,38.63,38.87,38.48,38.69,,186700.0
2004-03-04,38.63,38.89,38.54,38.83,,82000.0
2004-03-05,38.78,39.22,38.76,39.19,,86400.0
2004-03-08,39.12,39.16,38.1,38.34,,147700.0
2004-03-09,38.49,38.49,37.76,37.91,,95300.0
2004-03-10,37.84,38.23,37.38,37.45,,192700.0
2004-03-11,37.34,37.81,37.07,37.07,,257200.0
2004-03-12,37.07,37.45,37.07,37.19,,222700.0
2004-03-15,37.23,37.28,36.75,36.79,,142500.0
2004-03-16,36.9,37.17,36.76,37.11,,103100.0
2004-03-17,37.12,37.34,37.12,37.28,,128600.0
2004-03-18,37.33,37.33,36.86,37.26,,107900.0
2004-03-19,37.19,37.3,37.02,37.12,,112900.0
2004-03-22,37.05,37.05,35.96,36.11,,129400.0
2004-03-23,36.2,36.47,35.98,36.2,,135700.0
2004-03-24,36.21,36.52,35.92,36.16,,227500.0
2004-03-25,36.28,36.81,36.2,36.62,,192000.0
2004-03-26,36.62,37.27,36.58,37.17,,129300.0
2004-03-29,37.17,37.79,37.17,37.63,,197800.0
2004-03-30,37.49,37.49,37.19,37.43,,183800.0
2004-03-31,37.49,37.49,36.96,37.29,,132600.0
2004-04-01,37.19,37.71,37.17,37.54,,103300.0
2004-04-02,37.73,38.44,37.72,38.1,,80600.0
2004-04-05,38.17,38.59,38.14,38.57,,63900.0
2004-04-06,38.4,38.44,38.02,38.17,,204000.0
2004-04-07,38.15,38.41,37.85,38.2,,83700.0
2004-04-08,38.21,38.26,37.6,37.72,,75400.0
2004-04-12,37.79,38.17,37.77,37.84,,62000.0
2004-04-13,37.91,37.93,36.2,36.25,,234400.0
2004-04-14,36.35,36.81,36.24,36.64,,144200.0
2004-04-15,36.81,37.72,36.73,36.79,,216900.0
2004-04-16,36.85,37.15,36.35,36.97,,98800.0
2004-04-19,36.96,37.02,36.56,36.97,,63800.0
2004-04-20,36.97,38.01,36.97,37.23,,207900.0
2004-04-21,37.42,37.42,37.04,37.29,,98900.0
2004-04-22,37.38,38.31,37.38,38.04,,139800.0
2004-04-23,38.04,38.05,37.34,37.67,,202500.0
2004-04-26,37.75,37.91,37.17,37.42,,215300.0
2004-04-27,37.49,37.87,37.43,37.48,,103100.0
2004-04-28,37.42,37.42,36.12,36.32,,202200.0
2004-04-29,36.32,36.33,34.01,34.79,,378400.0
2004-04-30,34.92,34.99,33.86,34.57,,630400.0
2004-05-03,34.57,35.61,34.46,35.57,,360100.0
2004-05-04,35.57,35.82,35.15,35.28,,137400.0
2004-05-05,35.32,35.82,35.14,35.51,,127700.0
2004-05-06,35.45,35.46,34.54,34.76,,155700.0
2004-05-07,34.7,35.01,34.46,34.46,,153600.0
2004-05-10,34.39,34.39,33.48,33.67,,209100.0
2004-05-11,33.78,34.56,33.67,34.17,,159800.0
2004-05-12,34.12,34.36,33.59,34.29,,152700.0
2004-05-13,34.29,34.39,34.01,34.23,,136700.0
2004-05-14,34.16,34.2,33.84,34.08,,107700.0
2004-05-17,34.01,34.01,33.3,33.58,,127300.0
2004-05-18,33.66,34.35,33.66,34.12,,172300.0
2004-05-19,34.2,34.73,34.19,34.32,,267300.0
2004-05-20,34.31,34.51,34.24,34.49,,261400.0
2004-05-21,34.59,34.96,34.51,34.61,,162900.0
2004-05-24,34.67,34.92,34.33,34.89,,98100.0
2004-05-25,34.78,35.27,34.78,35.2,,159200.0
2004-05-26,35.24,35.34,35.01,35.24,,133200.0
2004-05-27,35.31,35.93,35.24,35.66,,170600.0
2004-05-28,35.66,35.73,35.36,35.37,,98300.0
2004-06-01,35.47,35.77,35.16,35.7,,101800.0
2004-06-02,35.77,35.83,35.37,35.62,,101800.0
2004-06-03,35.66,35.69,34.92,34.92,,83800.0
2004-06-04,34.97,35.56,34.97,35.45,,60500.0
2004-06-07,35.49,36.3,35.45,36.27,,123000.0
2004-06-08,36.08,36.42,36.07,36.23,,108100.0
2004-06-09,36.17,36.64,35.94,35.96,,124200.0
2004-06-10,36.04,36.69,36.04,36.62,,127000.0
2004-06-14,36.55,36.55,36.04,36.18,,93600.0
2004-06-15,36.2,36.61,36.15,36.42,,100800.0
2004-06-16,36.38,36.58,36.13,36.57,,63200.0
2004-06-17,36.42,36.57,36.23,36.35,,81200.0
2004-06-18,36.19,36.63,36.19,36.59,,64000.0
2004-06-21,36.45,36.62,36.31,36.4,,52300.0
2004-06-22,36.26,36.68,36.26,36.64,,121500.0
2004-06-23,36.76,37.5,36.53,37.46,,105500.0
2004-06-24,37.37,37.44,36.93,36.97,,103600.0
2004-06-25,36.91,37.2,36.61,37.18,,137600.0
2004-06-28,37.56,37.56,36.85,37.03,,74900.0
2004-06-29,37.03,37.86,37.03,37.75,,82700.0
2004-06-30,37.69,38.17,37.63,38.17,,87500.0
2004-07-01,38.17,38.33,37.39,37.64,,81600.0
2004-07-02,37.75,37.75,37.41,37.6,,68000.0
2004-07-06,37.61,37.61,36.56,36.56,,83600.0
2004-07-07,35.58,35.58,33.03,33.18,,1255200.0
2004-07-08,33.18,33.18,32.49,32.99,,613400.0
2004-07-09,32.98,33.26,32.98,33.2,,173400.0
2004-07-12,33.07,33.36,32.97,33.19,,164400.0
2004-07-13,33.01,33.26,32.89,32.95,,165800.0
2004-07-14,32.84,33.06,32.8,32.99,,141100.0
2004-07-15,32.84,34.03,32.46,33.54,,335200.0
2004-07-16,33.65,34.21,33.11,33.68,,171200.0
2004-07-19,33.59,33.68,33.3,33.5,,155400.0
2004-07-20,33.41,33.8,33.22,33.8,,131800.0
2004-07-21,33.87,34.03,33.32,33.38,,253800.0
2004-07-22,33.38,33.43,33.0,33.14,,220000.0
2004-07-23,33.16,33.26,32.8,32.92,,205600.0
2004-07-26,32.92,33.17,32.64,32.79,,195900.0
2004-07-27,32.73,33.46,32.65,33.35,,141600.0
2004-07-28,33.26,33.37,32.8,33.22,,106700.0
2004-07-29,33.26,33.86,33.08,33.81,,133600.0
2004-07-30,33.75,34.2,33.54,33.83,,151300.0
2004-08-02,33.79,34.07,33.4,34.05,,108700.0
2004-08-03,34.05,34.05,33.43,33.47,,150400.0
2004-08-04,33.46,33.54,32.96,33.4,,156200.0
2004-08-05,33.38,33.38,32.75,32.84,,219300.0
2004-08-06,32.75,32.83,32.19,32.29,,197800.0
2004-08-09,32.42,32.63,32.18,32.35,,126500.0
2004-08-10,32.54,33.59,32.54,33.56,,156300.0
2004-08-11,33.49,33.49,32.61,32.78,,178600.0
2004-08-12,32.73,32.79,32.31,32.59,,93600.0
2004-08-13,32.69,32.89,32.48,32.56,,74800.0
2004-08-16,32.5,33.21,32.5,33.02,,75400.0
2004-08-17,33.11,33.26,32.81,33.01,,107400.0
2004-08-18,32.95,33.71,32.69,33.55,,85900.0
2004-08-19,33.45,33.45,32.64,32.72,,120800.0
2004-08-20,32.8,32.94,32.41,32.92,,255800.0
2004-08-23,33.08,33.2,32.85,32.92,,100300.0
2004-08-24,33.11,33.48,32.94,33.13,,76900.0
2004-08-25,33.2,33.57,32.82,33.39,,99800.0
2004-08-26,33.35,33.43,33.05,33.23,,82100.0
2004-08-27,33.16,33.67,33.12,33.62,,67300.0
2004-08-30,33.5,33.54,32.89,32.93,,84500.0
2004-08-31,33.01,33.58,32.96,33.45,,85600.0
2004-09-01,33.39,33.58,33.2,33.53,,81900.0
2004-09-02,33.43,33.97,33.4,33.86,,78200.0
2004-09-03,33.86,34.0,33.29,33.44,,68100.0
2004-09-07,33.44,33.78,33.17,33.5,,169800.0
2004-09-08,33.5,34.0,33.47,33.86,,117800.0
2004-09-09,33.86,34.28,33.78,34.2,,145300.0
2004-09-10,34.08,34.22,33.87,34.15,,81100.0
2004-09-13,34.19,34.64,34.19,34.38,,75900.0
2004-09-14,34.45,34.49,34.01,34.44,,107800.0
2004-09-15,34.31,34.52,34.19,34.23,,157200.0
2004-09-16,34.27,34.69,34.08,34.61,,117800.0
2004-09-17,34.69,35.56,34.69,35.49,,216700.0
2004-09-20,32.51,32.88,31.8,31.81,,1099800.0
2004-09-21,31.84,32.12,31.52,31.88,,325400.0
2004-09-22,31.76,31.81,31.29,31.34,,273900.0
2004-09-23,31.21,31.34,30.88,31.15,,396100.0
2004-09-24,30.98,31.55,30.98,31.55,,293800.0
2004-09-27,31.36,31.58,31.24,31.55,,276200.0
2004-09-28,31.52,32.6,31.52,32.55,,359500.0
2004-09-29,32.51,33.08,32.49,32.79,,233000.0
2004-09-30,32.79,32.9,32.13,32.51,,234400.0
2004-10-01,32.62,33.47,32.47,33.43,,196100.0
2004-10-04,33.45,33.78,33.34,33.5,,164700.0
2004-10-05,33.39,33.68,33.19,33.39,,230100.0
2004-10-06,33.5,34.23,33.35,34.19,,247700.0
2004-10-07,34.19,34.19,33.57,33.73,,112400.0
2004-10-08,33.75,33.8,33.43,33.58,,154800.0
2004-10-11,33.66,33.77,33.47,33.61,,108100.0
2004-10-12,33.58,33.86,33.54,33.78,,112400.0
2004-10-13,33.78,34.38,33.21,33.29,,243200.0
2004-10-14,33.33,33.47,33.09,33.28,,94400.0
2004-10-15,33.28,33.38,32.89,33.16,,137900.0
2004-10-18,33.01,33.07,32.61,33.07,,125800.0
2004-10-19,33.05,33.5,32.9,33.12,,102500.0
2004-10-20,33.11,33.7,32.91,33.4,,199500.0
2004-10-21,34.04,34.5,33.22,33.77,,340400.0
2004-10-22,33.78,33.85,33.29,33.53,,239900.0
2004-10-25,33.49,33.5,33.03,33.12,,258300.0
2004-10-26,33.24,33.35,32.59,33.23,,252300.0
2004-10-27,33.24,34.18,33.24,34.18,,175200.0
2004-10-28,34.18,34.18,33.66,33.73,,288000.0
2004-10-29,33.73,33.97,33.45,33.5,,211400.0
2004-11-01,33.31,34.15,33.25,34.02,,219300.0
2004-11-02,34.21,34.89,34.21,34.42,,232000.0
2004-11-03,34.69,35.39,34.69,35.28,,233300.0
2004-11-04,35.19,36.11,35.16,35.94,,265400.0
2004-11-05,36.3,37.04,36.28,36.76,,404300.0
2004-11-08,36.64,36.64,35.88,35.95,,187600.0
2004-11-09,35.84,36.35,35.75,35.98,,223300.0
2004-11-10,35.88,36.22,35.8,36.03,,144000.0
2004-11-11,37.79,38.13,37.18,38.01,,830000.0
2004-11-12,38.06,38.06,37.64,37.9,,206700.0
2004-11-15,37.73,37.98,37.41,37.94,,238200.0
2004-11-16,37.86,37.95,37.21,37.31,,213400.0
2004-11-17,37.48,37.83,37.27,37.44,,185800.0
2004-11-18,37.41,37.68,37.18,37.48,,148300.0
2004-11-19,37.48,39.89,37.4,37.79,,330400.0
2004-11-22,37.78,38.21,37.7,38.19,,195800.0
2004-11-23,38.22,38.45,38.02,38.4,,294000.0
2004-11-24,38.39,38.84,38.31,38.53,,254200.0
2004-11-26,38.42,38.64,38.31,38.49,,78000.0
2004-11-29,38.68,39.18,38.59,38.92,,285700.0
2004-11-30,38.8,38.98,38.62,38.8,,342000.0
2004-12-01,38.8,39.52,38.8,39.44,,168800.0
2004-12-02,39.45,39.66,39.08,39.3,,194500.0
2004-12-03,39.18,39.38,38.82,39.1,,137700.0
2004-12-06,39.1,39.26,38.5,39.09,,172200.0
2004-12-07,39.02,39.15,38.88,38.99,,270900.0
2004-12-08,38.95,39.41,38.69,39.18,,263600.0
2004-12-09,39.07,39.38,38.72,39.27,,163700.0
2004-12-10,39.15,39.32,38.89,39.15,,196600.0
2004-12-13,39.18,39.57,39.15,39.42,,211100.0
2004-12-14,39.26,40.09,39.26,40.06,,185600.0
2004-12-15,39.95,40.08,39.78,40.03,,231000.0
2004-12-16,39.9,39.95,39.39,39.48,,264600.0
2004-12-17,39.26,39.26,38.02,39.23,,466000.0
2004-12-20,39.33,39.56,38.99,39.35,,237400.0
2004-12-21,39.45,39.68,39.18,39.65,,118000.0
2004-12-22,39.58,40.18,39.58,39.81,,123800.0
2004-12-23,39.78,40.01,39.73,39.87,,446400.0
2004-12-27,39.88,39.98,39.62,39.67,,222700.0
2004-12-28,39.61,39.9,39.61,39.85,,195800.0
2004-12-29,39.8,39.83,39.54,39.69,,130300.0
2004-12-30,39.61,40.02,39.44,39.91,,108800.0
2004-12-31,39.84,40.11,39.76,39.91,,101700.0
2005-01-03,39.95,40.05,38.86,38.94,,242000.0
2005-01-04,38.84,39.14,38.47,38.62,,334800.0
2005-01-05,38.47,38.95,38.45,38.6,,413300.0
2005-01-06,38.72,39.01,38.68,38.75,,252500.0
2005-01-07,38.74,38.83,38.21,38.52,,135600.0
2005-01-10,38.42,39.09,38.39,38.57,,197300.0
2005-01-11,38.58,38.66,38.22,38.54,,211500.0
2005-01-12,38.49,38.52,38.26,38.36,,321500.0
2005-01-13,38.35,38.52,37.95,38.03,,235700.0
2005-01-14,38.07,38.33,37.88,38.12,,187900.0
2005-01-18,38.16,38.64,37.79,38.59,,118200.0
2005-01-19,38.63,38.8,38.14,38.25,,116900.0
2005-01-20,38.22,38.22,37.69,37.78,,147200.0
2005-01-21,37.81,38.11,37.36,37.43,,116700.0
2005-01-24,37.35,37.5,37.11,37.36,,165000.0
2005-01-25,37.39,37.75,37.32,37.36,,139400.0
2005-01-26,37.39,37.66,37.06,37.53,,153400.0
2005-01-27,37.49,37.68,37.15,37.53,,96700.0
2005-01-28,37.65,38.06,37.26,37.86,,210900.0
2005-01-31,38.06,39.08,38.06,38.99,,172200.0
2005-02-01,38.92,38.99,38.55,38.92,,151800.0
2005-02-02,38.98,39.07,38.82,38.96,,146600.0
2005-02-03,38.97,39.02,38.58,38.79,,71600.0
2005-02-04,38.8,39.15,38.65,39.07,,220900.0
2005-02-07,38.88,39.07,38.79,39.03,,182300.0
2005-02-08,38.99,39.34,38.92,39.3,,155900.0
2005-02-09,39.22,39.29,38.73,38.79,,98000.0
2005-02-10,38.79,39.11,38.63,38.99,,111200.0
2005-02-11,38.99,39.38,38.73,39.22,,76500.0
2005-02-14,39.22,39.28,39.11,39.19,,98500.0
2005-02-15,39.11,39.53,38.95,39.42,,130300.0
2005-02-16,39.34,39.57,39.34,39.48,,104200.0
2005-02-17,39.65,39.65,38.97,38.98,,69600.0
2005-02-18,38.95,39.18,38.84,39.01,,108500.0
2005-02-22,39.02,39.02,38.27,38.27,,169100.0
2005-02-23,38.36,38.66,37.97,38.49,,125300.0
2005-02-24,38.51,38.51,38.05,38.18,,164900.0
2005-02-25,38.18,38.62,37.88,38.55,,280900.0
2005-02-28,38.55,38.91,38.35,38.86,,199600.0
2005-03-01,38.76,39.27,38.76,39.1,,143600.0
2005-03-02,39.16,39.47,38.89,39.3,,201300.0
2005-03-03,39.26,39.88,39.16,39.71,,190500.0
2005-03-04,39.7,40.45,39.46,40.45,,169300.0
2005-03-07,40.36,40.59,40.36,40.5,,173800.0
2005-03-08,40.31,40.31,39.98,40.05,,110200.0
2005-03-09,39.86,40.02,39.54,39.74,,71200.0
2005-03-10,39.36,39.99,39.16,39.67,,100000.0
2005-03-11,39.78,40.1,39.67,39.86,,110500.0
2005-03-14,39.97,40.59,39.92,40.59,,171700.0
2005-03-15,40.55,40.79,40.22,40.27,,166800.0
2005-03-16,40.27,40.4,39.91,40.04,,115100.0
2005-03-17,39.94,40.13,39.88,40.05,,126800.0
2005-03-18,40.05,40.28,39.94,40.13,,139700.0
2005-03-21,40.05,40.36,39.98,40.19,,120500.0
2005-03-22,40.03,40.36,39.74,39.84,,106700.0
2005-03-23,39.74,39.81,39.53,39.65,,83900.0
2005-03-24,39.65,40.08,39.56,39.67,,73600.0
2005-03-28,39.59,39.87,39.29,39.39,,143600.0
2005-03-29,38.97,39.5,38.13,38.18,,252100.0
2005-03-30,38.34,39.24,38.34,39.08,,104500.0
2005-03-31,39.08,39.5,38.82,39.5,,126900.0
2005-04-01,39.54,40.06,39.54,39.91,,295100.0
2005-04-04,39.86,40.12,39.7,40.0,,181600.0
2005-04-05,40.0,40.25,39.84,39.92,,181900.0
2005-04-06,40.08,40.35,40.0,40.28,,133100.0
2005-04-07,40.13,40.4,40.04,40.36,,73400.0
2005-04-08,40.21,40.28,39.76,39.92,,105900.0
2005-04-11,39.91,40.03,39.66,39.94,,90200.0
2005-04-12,39.92,40.69,39.57,40.59,,93800.0
2005-04-13,40.6,40.6,39.98,40.1,,177900.0
2005-04-14,40.13,40.24,39.97,40.04,,234100.0
2005-04-15,40.01,40.25,39.39,39.51,,284100.0
2005-04-18,39.45,39.45,38.74,39.04,,232000.0
2005-04-19,39.03,39.43,38.89,39.4,,128600.0
2005-04-20,39.32,39.98,39.2,39.98,,284900.0
2005-04-21,40.52,40.89,40.01,40.88,,286700.0
2005-04-22,40.89,41.16,40.45,40.72,,226300.0
2005-04-25,40.79,41.5,40.52,41.5,,373200.0
2005-04-26,41.31,41.43,40.9,41.15,,261100.0
2005-04-27,41.15,41.2,40.65,41.16,,173600.0
2005-04-28,41.19,41.19,40.35,40.71,,170800.0
2005-04-29,40.75,41.26,40.49,41.26,,184800.0
2005-05-02,41.17,41.34,40.82,41.33,,201600.0
2005-05-03,41.32,41.78,41.26,41.56,,239000.0
2005-05-04,41.56,41.83,41.56,41.6,,383700.0
2005-05-05,41.6,41.75,41.4,41.63,,260800.0
2005-05-06,41.67,41.93,41.53,41.85,,213300.0
2005-05-09,41.75,41.96,41.48,41.91,,106800.0
2005-05-10,41.83,41.95,41.44,41.73,,149300.0
2005-05-11,41.76,42.17,41.27,42.07,,138100.0
2005-05-12,42.07,42.5,42.01,42.24,,192800.0
2005-05-13,42.21,42.4,41.02,41.51,,248600.0
2005-05-16,41.6,42.49,41.6,42.49,,141300.0
2005-05-17,42.55,42.55,42.04,42.38,,238100.0
2005-05-18,42.45,43.49,42.45,43.49,,169300.0
2005-05-19,43.32,43.6,43.25,43.54,,126200.0
2005-05-20,43.59,43.59,43.22,43.39,,81300.0
2005-05-23,43.41,43.6,43.24,43.37,,195800.0
2005-05-24,43.18,43.25,42.9,43.04,,120700.0
2005-05-25,43.04,43.04,42.51,42.66,,175000.0
2005-05-26,42.72,43.41,42.72,43.41,,114200.0
2005-05-27,43.33,43.67,43.28,43.63,,53100.0
2005-05-31,43.56,43.64,43.35,43.37,,52300.0
2005-06-01,43.38,43.78,43.17,43.24,,121700.0
2005-06-02,43.17,43.8,43.09,43.79,,97300.0
2005-06-03,43.79,43.79,43.53,43.7,,82400.0
2005-06-06,43.7,44.15,43.53,44.15,,179400.0
2005-06-07,44.34,45.21,44.34,44.87,,200700.0
2005-06-08,44.87,45.11,44.77,44.84,,132000.0
2005-06-09,44.86,45.45,44.8,45.45,,149700.0
2005-06-10,45.45,45.45,45.12,45.3,,92100.0
2005-06-13,45.3,46.09,45.27,45.93,,135600.0
2005-06-14,45.73,45.82,45.4,45.66,,99100.0
2005-06-15,45.81,45.81,45.51,45.7,,168000.0
2005-06-16,45.66,46.26,45.5,46.24,,117000.0
2005-06-17,46.24,46.39,45.9,46.08,,177700.0
2005-06-20,46.05,46.14,45.7,45.8,,118000.0
2005-06-21,45.8,45.87,45.44,45.53,,125400.0
2005-06-22,45.27,45.61,45.06,45.09,,160700.0
2005-06-23,45.23,45.55,44.99,45.01,,153600.0
2005-06-24,44.94,44.94,43.95,44.42,,117100.0
2005-06-27,44.16,45.01,44.16,44.98,,180800.0
2005-06-28,45.15,46.05,45.15,46.01,,121200.0
2005-06-29,46.2,46.28,46.02,46.12,,287100.0
2005-06-30,46.2,46.23,45.87,46.02,,139300.0
2005-07-01,45.89,46.42,45.85,46.39,,214900.0
2005-07-05,46.39,47.15,46.39,47.08,,139100.0
2005-07-06,47.01,47.04,46.47,46.47,,138100.0
2005-07-07,46.28,46.34,45.96,46.19,,167000.0
2005-07-08,46.08,46.93,46.08,46.91,,211000.0
2005-07-11,46.9,47.32,46.85,47.17,,122900.0
2005-07-12,47.21,47.42,47.01,47.17,,65400.0
2005-07-13,47.17,47.4,47.04,47.4,,84400.0
2005-07-14,47.4,47.63,47.11,47.25,,100000.0
2005-07-15,47.15,47.39,47.11,47.29,,105500.0
2005-07-18,47.21,47.37,47.12,47.19,,124400.0
2005-07-19,47.16,47.56,46.98,47.05,,218100.0
2005-07-20,46.9,47.93,46.87,47.79,,194200.0
2005-07-21,47.75,48.04,47.48,47.69,,97400.0
2005-07-22,47.71,48.02,47.53,47.86,,86100.0
2005-07-25,47.79,47.98,47.71,47.96,,109900.0
2005-07-26,48.02,48.29,47.86,47.93,,118200.0
2005-07-27,49.22,52.52,49.22,50.38,,785000.0
2005-07-28,50.38,50.7,50.35,50.39,,375100.0
2005-07-29,50.39,51.53,50.39,51.42,,405900.0
2005-08-01,51.35,53.08,51.35,52.56,,306000.0
2005-08-02,52.6,53.52,52.6,53.19,,270400.0
2005-08-03,53.11,53.22,52.42,52.52,,339600.0
2005-08-04,52.4,52.4,51.63,51.66,,246300.0
2005-08-05,51.65,52.04,51.49,51.7,,267400.0
2005-08-08,51.7,52.12,51.55,51.86,,157700.0
2005-08-09,51.78,52.41,51.7,52.26,,233000.0
2005-08-10,52.3,52.95,51.87,52.04,,227900.0
2005-08-11,52.09,53.09,52.09,52.95,,147300.0
2005-08-12,52.48,52.8,51.94,52.56,,180200.0
2005-08-15,52.58,53.6,52.38,53.6,,206400.0
2005-08-16,53.25,53.42,52.29,52.42,,146700.0
2005-08-17,52.13,52.87,52.01,52.46,,183800.0
2005-08-18,52.05,52.62,51.63,52.35,,171800.0
2005-08-19,52.33,52.62,52.19,52.43,,68900.0
2005-08-22,52.56,53.76,52.55,53.29,,233000.0
2005-08-23,53.1,53.76,53.1,53.25,,187200.0
2005-08-24,53.41,53.6,52.63,52.75,,86300.0
2005-08-25,52.92,53.37,52.66,52.89,,69800.0
2005-08-26,52.9,52.9,52.4,52.65,,94600.0
2005-08-29,52.49,53.56,52.16,53.5,,127000.0
2005-08-30,53.37,53.4,52.46,52.59,,135200.0
2005-08-31,52.59,53.6,52.51,53.57,,209200.0
2005-09-01,53.51,54.26,53.16,54.14,,231800.0
2005-09-02,54.19,54.46,53.81,53.86,,82200.0
2005-09-06,53.99,54.77,53.99,54.32,,134300.0
2005-09-07,54.5,55.38,54.33,54.65,,207200.0
2005-09-08,54.65,55.15,54.33,54.68,,76700.0
2005-09-09,54.83,55.23,54.8,55.06,,115600.0
2005-09-12,55.24,55.69,54.97,55.35,,166700.0
2005-09-13,55.3,55.31,54.39,54.69,,100600.0
2005-09-14,54.46,54.86,54.22,54.7,,94600.0
2005-09-15,54.65,54.85,54.13,54.33,,94700.0
2005-09-16,54.33,55.0,54.28,55.0,,245300.0
2005-09-19,55.0,55.12,54.48,54.54,,140100.0
2005-09-20,54.27,54.62,54.05,54.13,,223900.0
2005-09-21,53.98,53.98,53.09,53.25,,122800.0
2005-09-22,53.1,53.52,52.69,53.3,,75500.0
2005-09-23,52.83,54.44,52.83,54.23,,172500.0
2005-09-26,54.34,54.54,54.08,54.32,,199100.0
2005-09-27,54.46,54.46,53.98,54.02,,183000.0
2005-09-28,54.03,54.43,53.99,54.07,,141900.0
2005-09-29,54.08,55.1,53.74,54.97,,90500.0
2005-09-30,54.97,55.56,54.79,54.85,,155300.0
2005-10-03,54.97,55.89,54.97,55.86,,285500.0
2005-10-04,55.86,56.01,55.35,55.45,,220700.0
2005-10-05,55.37,55.37,54.15,54.2,,136700.0
2005-10-06,54.23,54.49,52.94,53.38,,174800.0
2005-10-07,53.49,54.69,53.49,54.38,,92900.0
2005-10-10,54.34,54.38,53.56,53.61,,81400.0
2005-10-11,53.76,54.16,53.31,53.57,,115200.0
2005-10-12,53.49,53.7,52.09,52.36,,244200.0
2005-10-13,52.28,52.44,51.02,51.3,,409000.0
2005-10-14,51.58,52.2,51.39,51.63,,412600.0
2005-10-17,51.31,52.15,51.31,52.0,,223400.0
2005-10-18,51.95,52.14,51.07,51.07,,249800.0
2005-10-19,50.92,51.44,50.69,51.23,,279700.0
2005-10-20,51.29,51.62,50.48,50.55,,190900.0
2005-10-21,50.69,51.5,50.51,50.95,,200300.0
2005-10-24,51.0,52.08,51.0,51.7,,372800.0
2005-10-25,51.5,51.81,50.26,50.49,,390700.0
2005-10-26,50.41,51.31,50.3,50.99,,340500.0
2005-10-27,51.0,51.0,49.85,49.87,,223000.0
2005-10-28,50.34,50.96,49.88,50.76,,224800.0
2005-10-31,50.95,51.89,50.77,51.5,,287800.0
2005-11-01,51.46,51.46,50.82,50.88,,151900.0
2005-11-02,50.87,51.46,50.87,51.32,,194400.0
2005-11-03,51.39,52.28,51.36,52.28,,183300.0
2005-11-04,52.27,52.28,51.32,51.6,,105700.0
2005-11-07,51.8,52.29,51.8,52.21,,131600.0
2005-11-08,52.02,52.02,51.46,51.78,,102700.0
2005-11-09,51.72,52.24,51.38,51.57,,139300.0
2005-11-10,51.54,52.19,51.15,52.09,,107800.0
2005-11-11,52.16,52.25,51.77,52.1,,74200.0
2005-11-14,52.13,52.13,51.58,51.91,,65200.0
2005-11-15,51.81,52.2,51.33,51.49,,138900.0
2005-11-16,51.58,51.94,51.51,51.59,,187400.0
2005-11-17,51.93,51.99,51.4,51.75,,166300.0
2005-11-18,51.87,51.94,51.41,51.78,,112900.0
2005-11-21,51.85,52.76,51.67,52.76,,290700.0
2005-11-22,52.75,53.74,52.68,53.66,,183800.0
2005-11-23,53.54,53.55,52.35,52.4,,185700.0
2005-11-25,52.35,52.71,52.21,52.67,,34500.0
2005-11-28,52.55,52.59,51.21,51.24,,203600.0
2005-11-29,51.34,52.32,51.34,51.68,,129400.0
2005-11-30,51.55,52.15,51.41,51.67,,182000.0
2005-12-01,51.81,52.86,51.81,52.86,,228900.0
2005-12-02,52.86,52.94,52.43,52.53,,162000.0
2005-12-05,52.47,52.47,51.9,51.98,,154900.0
2005-12-06,52.08,52.18,51.57,51.67,,193500.0
2005-12-07,51.69,51.92,51.43,51.58,,188700.0
2005-12-08,51.65,52.6,51.63,52.27,,272200.0
2005-12-09,52.19,52.78,52.19,52.49,,72600.0
2005-12-12,52.53,52.74,51.87,51.89,,172200.0
2005-12-13,51.81,52.0,51.64,51.71,,156700.0
2005-12-14,51.73,52.51,51.71,52.1,,112900.0
2005-12-15,52.11,52.11,51.47,51.67,,169800.0
2005-12-16,51.71,52.67,51.71,52.2,,246000.0
2005-12-19,52.12,52.25,50.92,51.0,,98600.0
2005-12-20,51.11,51.5,50.86,51.03,,171200.0
2005-12-21,51.11,51.21,50.79,50.99,,157600.0
2005-12-22,51.11,51.15,50.87,51.15,,128200.0
2005-12-23,51.25,51.5,50.93,51.04,,92300.0
2005-12-27,51.07,51.39,50.59,50.73,,167500.0
2005-12-28,50.81,51.34,50.71,51.21,,126400.0
2005-12-29,51.18,51.26,50.79,51.03,,98800.0
2005-12-30,51.03,51.03,50.57,50.74,,89300.0
2006-01-03,50.93,51.34,50.73,51.33,,227200.0
2006-01-04,51.22,51.27,50.82,50.87,,189500.0
2006-01-05,50.93,51.11,50.69,50.79,,103700.0
2006-01-06,52.71,53.21,51.53,52.68,,402900.0
2006-01-09,52.47,52.5,50.91,51.17,,325100.0
2006-01-10,51.18,51.18,50.6,51.01,,209900.0
2006-01-11,50.87,50.87,50.36,50.55,,214000.0
2006-01-12,50.43,50.47,49.98,49.99,,179500.0
2006-01-13,49.79,50.66,49.79,50.29,,162900.0
2006-01-17,50.3,50.35,49.69,49.97,,149100.0
2006-01-18,49.77,49.93,48.72,48.82,,243100.0
2006-01-19,49.02,50.01,49.0,49.86,,183100.0
2006-01-20,49.86,50.51,49.75,49.79,,255100.0
2006-01-23,49.82,50.15,49.79,49.86,,127800.0
2006-01-24,49.94,50.11,49.69,49.91,,169700.0
2006-01-25,50.06,50.25,49.35,49.48,,140000.0
2006-01-26,49.58,49.7,49.43,49.57,,218200.0
2006-01-27,49.76,49.78,49.5,49.58,,211200.0
2006-01-30,49.7,50.08,49.63,49.86,,155100.0
2006-01-31,49.74,49.74,49.04,49.25,,227200.0
2006-02-01,49.27,49.61,49.09,49.33,,304300.0
2006-02-02,49.13,49.43,49.05,49.27,,164100.0
2006-02-03,49.08,49.61,48.86,49.31,,154900.0
2006-02-06,49.38,49.66,49.19,49.43,,111900.0
2006-02-07,49.28,50.0,49.13,49.27,,144500.0
2006-02-08,49.28,49.49,49.0,49.27,,229400.0
2006-02-09,49.39,49.73,49.11,49.23,,97500.0
2006-02-10,49.1,49.57,48.91,49.57,,106500.0
2006-02-13,49.27,49.55,49.22,49.31,,107100.0
2006-02-14,49.24,49.87,48.85,49.61,,143800.0
2006-02-15,49.54,49.75,49.19,49.54,,114000.0
2006-02-16,49.6,50.36,49.6,50.25,,164500.0
2006-02-17,50.3,50.39,49.79,50.07,,81500.0
2006-02-21,50.04,50.23,49.6,49.92,,125200.0
2006-02-22,49.72,50.54,49.7,50.18,,162800.0
2006-02-23,50.19,50.36,49.9,50.08,,101400.0
2006-02-24,50.03,50.32,49.51,50.32,,115700.0
2006-02-27,50.4,50.4,49.55,49.97,,236500.0
2006-02-28,50.87,52.19,50.15,50.48,,557500.0
2006-03-01,50.6,51.04,50.3,50.85,,383400.0
2006-03-02,50.77,51.12,50.57,50.75,,402100.0
2006-03-03,50.47,50.99,50.47,50.75,,488000.0
2006-03-06,50.64,51.26,50.41,50.93,,373100.0
2006-03-07,50.78,50.95,50.42,50.65,,228100.0
2006-03-08,50.77,50.95,50.63,50.89,,405000.0
2006-03-09,50.85,51.03,50.56,50.91,,500900.0
2006-03-10,50.83,51.83,50.75,51.76,,204800.0
2006-03-13,51.58,52.13,51.56,51.72,,173500.0
2006-03-14,51.62,52.61,51.5,52.58,,176600.0
2006-03-15,52.64,53.77,52.52,53.61,,333100.0
2006-03-16,53.73,54.38,53.51,53.84,,273000.0
2006-03-17,53.77,54.07,53.65,53.92,,183300.0
2006-03-20,53.83,53.99,53.49,53.65,,188200.0
2006-03-21,53.54,54.15,53.48,53.87,,165200.0
2006-03-22,54.06,54.79,54.02,54.68,,253700.0
2006-03-23,54.47,54.69,54.16,54.62,,104400.0
2006-03-24,54.54,55.5,54.54,55.42,,184400.0
2006-03-27,55.14,55.6,54.9,55.53,,158200.0
2006-03-28,55.38,55.38,54.46,54.49,,171100.0
2006-03-29,54.35,55.88,54.3,55.75,,256800.0
2006-03-30,55.93,56.04,55.21,55.74,,152400.0
2006-03-31,55.74,56.52,55.72,56.15,,168000.0
2006-04-03,56.07,56.43,55.55,55.61,,170700.0
2006-04-04,55.76,56.07,55.39,55.56,,154300.0
2006-04-05,55.66,56.4,55.66,56.28,,160900.0
2006-04-06,56.04,56.04,55.38,55.5,,82100.0
2006-04-07,55.43,55.65,54.56,54.98,,107500.0
2006-04-10,54.95,54.95,54.24,54.67,,122000.0
2006-04-11,54.75,55.07,54.05,54.27,,147400.0
2006-04-12,54.52,54.99,54.3,54.78,,97100.0
2006-04-13,54.59,54.83,54.4,54.56,,91800.0
2006-04-17,54.53,54.78,54.24,54.68,,107200.0
2006-04-18,54.87,55.39,54.71,55.27,,179200.0
2006-04-19,55.28,55.9,55.07,55.47,,147400.0
2006-04-20,55.36,55.72,55.01,55.24,,74500.0
2006-04-21,55.34,56.08,55.23,56.03,,267500.0
2006-04-24,56.03,56.36,55.38,56.16,,173800.0
2006-04-25,56.32,56.44,55.96,56.12,,223600.0
2006-04-26,56.24,56.61,55.97,55.97,,224900.0
2006-04-27,55.42,55.43,50.97,51.26,,550500.0
2006-04-28,51.54,51.76,50.46,51.14,,406300.0
2006-05-01,52.13,53.46,52.13,53.14,,616000.0
2006-05-02,53.07,53.1,52.2,52.6,,312300.0
2006-05-03,52.48,52.8,52.24,52.31,,180600.0
2006-05-04,52.2,53.42,52.2,53.14,,230300.0
2006-05-05,53.28,53.65,53.26,53.54,,134000.0
2006-05-08,53.35,53.35,52.71,52.77,,208900.0
2006-05-09,52.69,52.85,52.32,52.66,,212100.0
2006-05-10,52.48,52.68,51.18,51.44,,432500.0
2006-05-11,51.33,51.46,51.04,51.08,,311800.0
2006-05-12,50.92,50.92,49.88,50.04,,453800.0
2006-05-15,48.51,50.54,48.51,50.46,,240800.0
2006-05-16,50.34,50.46,50.01,50.19,,153000.0
2006-05-17,49.93,50.01,48.99,49.05,,246800.0
2006-05-18,49.15,49.39,48.81,48.88,,216300.0
2006-05-19,48.96,49.11,48.24,48.5,,322400.0
2006-05-22,48.3,49.64,47.93,49.34,,388500.0
2006-05-23,49.22,49.37,48.63,48.9,,274700.0
2006-05-24,48.77,49.16,47.96,48.7,,289600.0
2006-05-25,48.86,49.18,48.57,48.87,,189900.0
2006-05-26,48.98,49.22,48.74,49.14,,77700.0
2006-05-30,49.02,49.18,48.48,48.59,,172800.0
2006-05-31,48.62,48.85,47.78,48.3,,295800.0
2006-06-01,48.3,49.05,48.3,49.04,,175100.0
2006-06-02,49.22,49.49,48.28,48.62,,153300.0
2006-06-05,48.51,48.99,48.17,48.36,,272700.0
2006-06-06,48.42,48.51,47.61,47.86,,159200.0
2006-06-07,47.77,48.03,46.88,47.04,,236100.0
2006-06-08,46.85,46.9,45.29,46.44,,295700.0
2006-06-09,46.51,47.1,46.47,46.64,,246000.0
2006-06-12,46.46,46.62,45.75,45.75,,166800.0
2006-06-13,45.75,46.45,45.39,45.7,,213400.0
2006-06-14,44.88,44.88,41.88,42.03,,965600.0
2006-06-15,41.58,41.58,39.11,40.38,,1288500.0
2006-06-16,40.32,40.95,40.08,40.77,,681800.0
2006-06-19,40.69,41.12,39.98,40.21,,512300.0
2006-06-20,40.24,40.84,40.11,40.52,,489000.0
2006-06-21,40.72,41.84,40.63,41.65,,602900.0
2006-06-22,40.99,41.37,40.83,41.36,,590000.0
2006-06-23,41.3,41.89,41.08,41.81,,382200.0
2006-06-26,41.81,41.99,41.55,41.75,,261800.0
2006-06-27,41.85,42.22,41.77,41.93,,307100.0
2006-06-28,41.87,41.88,41.21,41.34,,379900.0
2006-06-29,41.37,42.17,41.27,42.11,,420500.0
2006-06-30,42.03,42.79,41.65,42.54,,429400.0
2006-07-03,42.6,42.98,42.4,42.94,,126700.0
2006-07-05,42.68,42.72,41.69,42.14,,374100.0
2006-07-06,42.18,42.8,41.83,42.04,,314800.0
2006-07-07,41.99,42.41,41.86,42.25,,279300.0
2006-07-10,42.25,43.03,42.16,43.01,,292300.0
2006-07-11,42.58,42.88,41.79,42.29,,245400.0
2006-07-12,42.14,42.22,41.53,41.59,,269300.0
2006-07-13,41.6,41.6,40.38,40.38,,341300.0
2006-07-14,40.47,40.58,39.86,40.2,,422300.0
2006-07-17,40.24,40.66,39.64,39.77,,266400.0
2006-07-18,39.77,40.19,39.62,39.96,,416700.0
2006-07-19,40.08,41.32,40.08,41.18,,471200.0
2006-07-20,41.38,41.67,40.63,40.71,,485700.0
2006-07-21,40.66,40.66,39.83,40.37,,487500.0
2006-07-24,40.57,41.21,40.57,41.14,,514400.0
2006-07-25,41.04,41.38,40.49,40.88,,300600.0
2006-07-26,40.68,41.83,40.48,41.37,,320700.0
2006-07-27,41.38,41.7,40.84,40.98,,261700.0
2006-07-28,44.88,48.02,43.47,45.15,,1661100.0
2006-07-31,45.16,45.24,44.15,44.96,,743600.0
2006-08-01,44.9,45.65,44.86,45.28,,457000.0
2006-08-02,45.43,45.55,44.76,44.99,,397700.0
2006-08-03,44.56,44.67,44.19,44.52,,607100.0
2006-08-04,45.03,45.46,44.21,44.85,,538600.0
2006-08-07,44.85,45.25,44.8,45.11,,409200.0
2006-08-08,45.11,45.61,44.97,45.05,,508400.0
2006-08-09,45.12,45.39,44.25,44.32,,334600.0
2006-08-10,44.12,45.05,43.88,44.99,,492600.0
2006-08-11,44.83,45.16,44.63,44.89,,367000.0
2006-08-14,44.92,45.74,44.92,45.11,,212700.0
2006-08-15,45.5,46.0,45.14,45.95,,249600.0
2006-08-16,46.06,46.32,45.85,46.05,,363100.0
2006-08-17,45.94,46.45,45.94,46.05,,245400.0
2006-08-18,45.97,46.27,45.74,46.09,,192500.0
2006-08-21,46.09,46.14,45.73,45.81,,208300.0
2006-08-22,45.73,46.0,45.31,45.54,,120300.0
2006-08-23,45.5,45.78,44.44,44.73,,159400.0
2006-08-24,44.91,45.13,43.77,44.32,,286700.0
2006-08-25,44.21,44.26,43.76,44.0,,192900.0
2006-08-28,44.06,44.61,44.03,44.47,,272700.0
2006-08-29,44.61,44.69,44.23,44.28,,335200.0
2006-08-30,44.36,44.7,44.2,44.3,,210300.0
2006-08-31,44.44,44.63,44.16,44.17,,136000.0
2006-09-01,44.32,44.71,44.26,44.54,,98400.0
2006-09-05,44.63,44.82,44.44,44.49,,257300.0
2006-09-06,44.32,44.53,43.73,43.75,,189600.0
2006-09-07,43.49,43.76,43.11,43.37,,193200.0
2006-09-08,42.69,44.01,42.69,43.46,,161600.0
2006-09-11,43.46,44.14,43.13,43.97,,218700.0
2006-09-12,43.96,44.48,43.94,44.45,,155900.0
2006-09-13,44.37,44.65,43.97,44.04,,140400.0
2006-09-14,44.04,44.1,43.7,43.95,,160100.0
2006-09-15,44.04,44.19,43.61,43.81,,241100.0
2006-09-18,43.84,44.08,43.3,43.37,,174100.0
2006-09-19,43.29,43.53,42.65,43.38,,305600.0
2006-09-20,43.57,43.99,43.33,43.53,,218400.0
2006-09-21,43.41,43.8,42.86,43.01,,189800.0
2006-09-22,43.01,43.08,42.58,43.01,,112200.0
2006-09-25,42.97,43.72,42.74,43.61,,126400.0
2006-09-26,43.45,44.48,43.41,44.3,,252800.0
2006-09-27,44.14,44.49,43.96,44.33,,172000.0
2006-09-28,44.43,44.75,44.25,44.57,,116000.0
2006-09-29,44.63,44.86,43.95,44.03,,390600.0
2006-10-02,44.13,44.4,43.92,44.25,,148200.0
2006-10-03,44.25,44.78,44.12,44.39,,237100.0
2006-10-04,44.39,45.34,44.39,45.31,,207000.0
2006-10-05,45.19,45.5,44.97,45.4,,181300.0
2006-10-06,45.4,45.45,45.08,45.2,,296700.0
2006-10-09,45.01,46.45,44.83,46.28,,586500.0
2006-10-10,46.28,46.66,46.02,46.53,,363500.0
2006-10-11,46.53,47.23,46.38,46.88,,442000.0
2006-10-12,46.96,47.65,46.91,47.57,,289300.0
2006-10-13,47.57,47.63,46.88,47.29,,172800.0
2006-10-16,47.17,48.01,47.15,47.9,,165500.0
2006-10-17,47.64,47.97,47.42,47.82,,176900.0
2006-10-18,47.95,48.59,47.95,48.28,,294500.0
2006-10-19,48.27,48.81,48.0,48.51,,238300.0
2006-10-20,48.5,48.5,47.24,48.08,,369100.0
2006-10-23,47.92,47.95,47.52,47.92,,276400.0
2006-10-24,47.8,48.35,47.67,48.17,,194800.0
2006-10-25,48.04,48.14,47.56,47.93,,209000.0
2006-10-26,49.86,50.25,48.46,49.2,,400700.0
2006-10-27,49.2,49.5,48.86,49.32,,232400.0
2006-10-30,49.24,49.41,49.02,49.32,,257100.0
2006-10-31,49.32,49.53,49.12,49.45,,234800.0
2006-11-01,49.61,49.74,48.89,48.9,,216200.0
2006-11-02,48.7,49.16,48.39,49.1,,206800.0
2006-11-03,49.1,49.1,48.25,48.74,,264500.0
2006-11-06,48.74,49.81,48.72,49.59,,261900.0
2006-11-07,49.53,50.17,49.51,49.89,,210800.0
2006-11-08,49.59,50.44,49.38,50.43,,182800.0
2006-11-09,50.36,50.56,50.23,50.24,,397000.0
2006-11-10,50.29,50.75,49.86,50.64,,225800.0
2006-11-13,50.4,51.04,50.29,51.0,,224000.0
2006-11-14,51.05,51.97,50.99,51.92,,274100.0
2006-11-15,51.76,51.97,51.56,51.84,,210600.0
2006-11-16,52.15,52.38,51.84,52.2,,176000.0
2006-11-17,52.1,52.12,51.57,51.79,,143100.0
2006-11-20,51.6,52.1,51.57,51.84,,175800.0
2006-11-21,51.9,51.9,51.42,51.54,,193800.0
2006-11-22,51.68,51.89,51.44,51.84,,122700.0
2006-11-24,51.75,52.04,51.69,51.95,,79800.0
2006-11-27,51.95,52.15,50.66,50.9,,351400.0
2006-11-28,50.92,51.02,50.48,50.78,,173400.0
2006-11-29,50.78,51.78,50.75,51.57,,192500.0
2006-11-30,51.49,51.66,51.04,51.38,,212700.0
2006-12-01,51.18,51.24,50.6,50.88,,264700.0
2006-12-04,50.71,51.6,50.67,51.54,,214500.0
2006-12-05,51.3,52.11,51.24,51.72,,314900.0
2006-12-06,51.72,51.8,51.09,51.16,,212400.0
2006-12-07,51.14,51.15,50.79,50.88,,153600.0
2006-12-08,50.76,50.96,50.44,50.68,,153200.0
2006-12-11,50.83,51.07,50.64,50.88,,216700.0
2006-12-12,50.88,51.0,50.52,50.68,,241200.0
2006-12-13,50.96,51.36,50.96,51.19,,287600.0
2006-12-14,51.18,51.84,51.15,51.57,,207700.0
2006-12-15,51.77,51.81,51.35,51.35,,285300.0
2006-12-18,51.4,51.6,51.16,51.22,,190700.0
2006-12-19,50.84,51.76,50.84,51.47,,254000.0
2006-12-20,51.47,51.92,51.32,51.32,,176400.0
2006-12-21,51.32,51.72,51.03,51.08,,113000.0
2006-12-22,51.04,51.16,50.68,50.73,,64600.0
2006-12-26,50.88,51.64,50.86,51.57,,123700.0
2006-12-27,51.49,51.84,51.49,51.7,,88200.0
2006-12-28,51.5,51.99,51.23,51.87,,172100.0
2006-12-29,51.88,52.16,51.33,51.33,,113000.0
2007-01-03,52.59,52.66,51.58,52.23,,308700.0
2007-01-04,52.3,52.3,51.35,51.77,,200000.0
2007-01-05,51.69,52.03,51.53,51.88,,189700.0
2007-01-08,51.88,51.89,51.51,51.8,,204600.0
2007-01-09,51.68,52.23,51.6,52.15,,114900.0
2007-01-10,52.02,52.02,51.6,51.92,,102100.0
2007-01-11,52.07,52.8,51.96,52.63,,75600.0
2007-01-12,52.66,53.45,52.63,53.35,,130800.0
2007-01-16,53.54,53.69,53.19,53.39,,115000.0
2007-01-17,53.11,53.58,53.04,53.47,,154700.0
2007-01-18,53.61,53.74,52.96,53.13,,104600.0
2007-01-19,53.0,53.16,52.76,53.0,,104800.0
2007-01-22,53.2,53.27,52.52,52.78,,138900.0
2007-01-23,52.83,52.87,52.44,52.81,,251400.0
2007-01-24,52.81,52.9,52.44,52.74,,139300.0
2007-01-25,52.75,52.77,52.19,52.27,,126700.0
2007-01-26,52.27,52.27,51.49,51.87,,151400.0
2007-01-29,51.95,52.16,51.63,52.05,,104200.0
2007-01-30,52.23,52.38,51.77,52.23,,181700.0
2007-01-31,52.06,53.4,51.78,53.09,,156400.0
2007-02-01,53.28,53.85,53.2,53.74,,93500.0
2007-02-02,53.93,54.06,53.67,53.89,,76600.0
2007-02-05,53.62,53.85,53.12,53.24,,125500.0
2007-02-06,53.2,53.27,52.74,53.14,,89100.0
2007-02-07,53.11,53.36,52.79,52.85,,102500.0
2007-02-08,52.87,53.35,52.69,53.27,,93300.0
2007-02-09,53.35,53.35,52.44,52.62,,51000.0
2007-02-12,52.79,53.0,52.63,52.93,,86200.0
2007-02-13,53.11,53.47,53.0,53.47,,71700.0
2007-02-14,53.62,54.06,53.51,53.99,,73800.0
2007-02-15,53.99,54.38,53.47,54.31,,103900.0
2007-02-16,54.32,54.45,53.97,54.27,,79600.0
2007-02-20,54.3,54.3,53.74,54.04,,98500.0
2007-02-21,53.99,54.58,53.99,54.55,,112400.0
2007-02-22,54.35,54.54,54.11,54.2,,99600.0
2007-02-23,54.24,54.47,53.82,54.36,,70700.0
2007-02-26,54.56,54.57,54.14,54.36,,99600.0
2007-02-27,53.66,53.96,52.89,53.96,,281900.0
2007-02-28,54.02,54.14,52.96,53.2,,370900.0
2007-03-01,52.8,54.41,51.66,53.99,,359700.0
2007-03-02,53.98,54.23,53.09,53.37,,380000.0
2007-03-05,52.91,53.0,51.5,51.55,,238700.0
2007-03-06,51.65,52.02,51.59,51.7,,219000.0
2007-03-07,51.54,52.01,51.54,51.91,,209700.0
2007-03-08,52.09,52.63,52.01,52.46,,169200.0
2007-03-09,52.53,52.85,52.3,52.57,,124000.0
2007-03-12,52.61,52.88,52.53,52.83,,126700.0
2007-03-13,52.43,52.53,51.78,51.85,,119900.0
2007-03-14,52.01,52.53,51.1,52.17,,219100.0
2007-03-15,52.17,52.47,52.0,52.29,,164800.0
2007-03-16,52.2,52.37,51.87,51.87,,163900.0
2007-03-19,52.25,52.69,52.25,52.51,,114400.0
2007-03-20,52.51,53.57,52.46,53.54,,159700.0
2007-03-21,55.04,55.04,53.54,54.36,,101600.0
2007-03-22,53.68,54.62,53.63,53.87,,148500.0
2007-03-23,53.17,54.33,53.17,54.13,,86100.0
2007-03-26,54.21,54.3,53.81,54.2,,105700.0
2007-03-27,54.0,54.0,53.49,53.56,,175200.0
2007-03-28,53.48,53.79,53.01,53.69,,97900.0
2007-03-29,54.01,54.25,53.75,54.02,,167400.0
2007-03-30,54.18,54.37,54.0,54.35,,170100.0
2007-04-02,54.29,54.79,54.27,54.6,,119700.0
2007-04-03,54.76,55.3,54.49,55.16,,90300.0
2007-04-04,55.19,55.7,54.79,55.58,,129800.0
2007-04-05,55.44,55.44,54.66,54.7,,121000.0
2007-04-09,54.66,54.89,54.31,54.79,,74900.0
2007-04-10,54.79,54.79,54.45,54.61,,128700.0
2007-04-11,54.33,54.37,53.96,54.31,,146300.0
2007-04-12,54.3,55.02,54.07,55.02,,166500.0
2007-04-13,54.96,55.16,54.81,55.14,,163700.0
2007-04-16,55.29,55.57,55.26,55.41,,250500.0
2007-04-17,55.53,55.92,55.28,55.77,,166400.0
2007-04-18,55.66,55.8,55.44,55.73,,103400.0
2007-04-19,55.26,55.88,55.17,55.68,,123800.0
2007-04-20,55.94,56.64,55.86,56.56,,157800.0
2007-04-23,56.39,56.68,56.28,56.45,,100800.0
2007-04-24,56.41,56.47,56.02,56.33,,152800.0
2007-04-25,56.49,57.28,56.41,56.92,,284700.0
2007-04-26,56.83,56.92,56.22,56.64,,128800.0
2007-04-27,56.54,57.48,56.53,57.29,,200200.0
2007-04-30,57.45,57.66,56.83,57.35,,281500.0
2007-05-01,60.6,60.72,59.16,59.46,,493800.0
2007-05-02,59.32,59.58,59.12,59.34,,303400.0
2007-05-03,59.35,59.48,58.58,58.71,,348700.0
2007-05-04,58.79,59.04,58.58,59.0,,192300.0
2007-05-07,58.92,59.97,58.92,59.97,,256500.0
2007-05-08,59.52,60.01,59.26,59.67,,202100.0
2007-05-09,59.48,60.72,59.48,60.52,,192900.0
2007-05-10,60.14,60.67,59.73,60.27,,203100.0
2007-05-11,60.43,60.52,60.0,60.17,,121200.0
2007-05-14,60.17,60.52,59.6,59.7,,116100.0
2007-05-15,59.59,60.44,59.59,60.08,,162000.0
2007-05-16,60.24,61.05,59.98,61.05,,160600.0
2007-05-17,60.82,61.16,60.56,60.98,,126300.0
2007-05-18,61.06,62.45,60.92,62.16,,230300.0
2007-05-21,62.03,63.69,61.77,63.15,,449800.0
2007-05-22,63.15,63.47,62.43,62.87,,292200.0
2007-05-23,63.07,63.17,62.32,62.36,,127600.0
2007-05-24,62.48,62.53,61.7,61.78,,233300.0
2007-05-25,61.89,62.45,61.75,62.27,,90700.0
2007-05-29,62.43,62.93,62.43,62.8,,110500.0
2007-05-30,61.05,63.5,60.08,63.49,,182200.0
2007-05-31,64.69,64.69,63.31,64.37,,264400.0
2007-06-01,64.37,64.89,64.09,64.72,,234800.0
2007-06-04,64.65,64.91,64.19,64.89,,235700.0
2007-06-05,64.83,65.26,64.57,64.99,,186200.0
2007-06-06,64.86,64.86,63.11,63.21,,248700.0
2007-06-07,63.21,63.21,61.54,61.54,,179200.0
2007-06-08,61.34,62.27,61.17,62.26,,122300.0
2007-06-11,62.1,62.82,61.93,62.54,,106800.0
2007-06-12,62.22,63.2,61.93,62.39,,119200.0
2007-06-13,62.63,63.41,62.37,63.4,,107200.0
2007-06-14,63.56,64.07,63.27,63.96,,99800.0
2007-06-15,65.19,67.07,64.95,66.41,,322000.0
2007-06-18,66.57,66.64,65.58,66.03,,151300.0
2007-06-19,65.65,66.5,65.14,66.22,,224000.0
2007-06-20,66.22,66.73,65.86,65.98,,237000.0
2007-06-21,65.62,66.1,65.15,66.1,,92600.0
2007-06-22,66.06,66.13,65.25,65.86,,469100.0
2007-06-25,65.86,66.68,65.13,66.22,,274100.0
2007-06-26,66.42,66.72,64.84,64.97,,312500.0
2007-06-27,64.49,64.9,64.35,64.74,,254700.0
2007-06-28,64.76,66.02,64.57,65.66,,291200.0
2007-06-29,65.82,66.29,65.34,65.56,,178200.0
2007-07-02,65.99,66.94,65.46,66.94,,160900.0
2007-07-03,66.97,67.06,66.39,66.39,,88500.0
2007-07-05,66.6,66.67,66.0,66.38,,252700.0
2007-07-06,66.22,66.93,65.74,66.74,,108800.0
2007-07-09,65.82,67.01,65.7,66.66,,155000.0
2007-07-10,66.34,66.46,65.86,65.9,,185200.0
2007-07-11,66.02,66.53,65.7,66.4,,111000.0
2007-07-12,66.74,68.16,66.29,68.16,,197200.0
2007-07-13,68.14,68.61,67.69,68.0,,208200.0
2007-07-16,67.94,69.46,67.94,69.04,,340600.0
2007-07-17,69.1,69.5,68.73,69.02,,253800.0
2007-07-18,68.78,69.32,68.34,69.1,,194900.0
2007-07-19,69.3,69.32,68.58,68.87,,192400.0
2007-07-20,68.75,69.18,68.25,68.38,,291200.0
2007-07-23,68.85,69.74,67.9,68.46,,380200.0
2007-07-24,68.0,68.0,66.48,66.68,,209400.0
2007-07-25,66.94,67.43,65.31,66.35,,219800.0
2007-07-26,66.35,66.57,60.6,62.61,,709000.0
2007-07-27,62.78,63.63,61.82,61.82,,277000.0
2007-07-30,61.57,63.17,61.39,62.68,,235700.0
2007-07-31,63.63,64.29,60.94,61.27,,470600.0
2007-08-01,61.11,61.73,59.58,60.76,,550200.0
2007-08-02,60.83,61.13,60.28,60.51,,411000.0
2007-08-03,60.34,60.54,58.18,58.22,,319800.0
2007-08-06,58.36,58.49,56.28,57.32,,450300.0
2007-08-07,56.94,57.88,55.88,56.38,,438300.0
2007-08-08,56.42,56.59,51.04,52.09,,1093800.0
2007-08-09,52.09,52.65,48.69,50.5,,1210500.0
2007-08-10,49.58,62.84,49.37,60.05,,1387800.0
2007-08-13,59.59,64.67,59.59,59.92,,599900.0
2007-08-14,59.84,60.37,58.39,58.57,,378000.0
2007-08-15,58.23,58.77,57.61,57.77,,409600.0
2007-08-16,56.91,58.04,56.37,57.73,,410400.0
2007-08-17,57.73,62.64,57.73,60.32,,321100.0
2007-08-20,60.38,60.38,59.46,60.2,,287000.0
2007-08-21,59.73,61.81,59.59,61.61,,285200.0
2007-08-22,62.06,62.55,61.19,62.27,,220500.0
2007-08-23,62.58,62.77,61.97,62.37,,563800.0
2007-08-24,62.15,62.8,61.57,62.52,,439800.0
2007-08-27,62.56,62.74,61.74,62.07,,594600.0
2007-08-28,61.77,61.99,59.79,60.38,,583600.0
2007-08-29,60.87,61.92,59.44,61.2,,466000.0
2007-08-30,60.45,61.99,60.45,61.61,,187600.0
2007-08-31,62.2,63.01,61.28,62.61,,179300.0
2007-09-04,62.55,63.18,61.13,63.02,,139000.0
2007-09-05,62.57,62.57,60.95,60.95,,462300.0
2007-09-06,61.2,61.86,61.1,61.51,,278600.0
2007-09-07,60.99,61.37,60.2,60.38,,251100.0
2007-09-10,60.56,60.63,58.7,59.26,,257800.0
2007-09-11,59.4,60.23,59.0,60.0,,243000.0
2007-09-12,60.04,60.95,59.55,60.38,,293700.0
2007-09-13,60.87,60.89,59.42,60.09,,190000.0
2007-09-14,59.98,60.99,59.98,60.61,,252900.0
2007-09-17,60.56,60.73,60.09,60.1,,157700.0
2007-09-18,60.39,62.53,60.15,62.11,,220900.0
2007-09-19,62.63,63.44,62.08,62.32,,127900.0
2007-09-20,62.38,62.42,61.32,61.7,,192800.0
2007-09-21,62.28,62.43,61.14,61.33,,195500.0
2007-09-24,61.24,61.7,59.81,60.62,,339500.0
2007-09-25,60.12,60.83,59.85,60.73,,213700.0
2007-09-26,61.16,62.56,60.96,62.56,,151100.0
2007-09-27,62.07,62.77,61.81,62.38,,224600.0
2007-09-28,62.67,63.31,62.07,62.73,,228400.0
2007-10-01,62.66,63.18,62.62,62.97,,159400.0
2007-10-02,63.12,63.39,62.1,62.26,,108700.0
2007-10-03,62.07,62.31,61.41,61.41,,165400.0
2007-10-04,61.47,62.07,61.09,61.69,,383200.0
2007-10-05,62.19,62.19,61.19,61.46,,238000.0
2007-10-08,61.49,65.35,60.72,60.76,,311700.0
2007-10-09,60.79,61.03,59.98,60.4,,348000.0
2007-10-10,60.5,60.88,60.14,60.88,,285700.0
2007-10-11,61.27,61.57,59.1,59.54,,380700.0
2007-10-12,59.93,60.53,59.71,60.33,,352300.0
2007-10-15,60.58,62.75,59.01,59.63,,437200.0
2007-10-16,59.82,60.19,59.3,59.3,,406000.0
2007-10-17,59.69,59.79,58.79,59.44,,318700.0
2007-10-18,59.25,59.72,58.97,59.59,,204600.0
2007-10-19,59.59,59.7,59.09,59.21,,354800.0
2007-10-22,58.72,58.89,58.21,58.27,,339900.0
2007-10-23,58.37,58.92,57.84,58.23,,248600.0
2007-10-24,57.98,58.1,56.64,57.29,,404500.0
2007-10-25,57.57,57.89,56.41,56.95,,268000.0
2007-10-26,57.55,57.77,56.67,57.5,,175800.0
2007-10-29,57.62,57.77,56.44,57.68,,554600.0
2007-10-30,57.48,58.23,57.48,57.91,,335000.0
2007-10-31,57.69,59.26,57.65,58.94,,281800.0
2007-11-01,58.89,58.89,57.24,57.7,,307200.0
2007-11-02,57.01,57.16,54.02,55.05,,773000.0
2007-11-05,55.05,55.54,54.3,54.76,,450900.0
2007-11-06,54.72,54.92,53.62,54.07,,332700.0
2007-11-07,54.01,54.41,52.67,52.87,,333700.0
2007-11-08,53.01,54.14,52.78,54.03,,423500.0
2007-11-09,53.56,53.56,52.85,52.85,,420700.0
2007-11-12,52.73,53.12,51.37,51.4,,350000.0
2007-11-13,52.58,52.64,51.64,52.48,,258500.0
2007-11-14,52.62,52.91,51.65,51.65,,283800.0
2007-11-15,51.48,52.07,49.59,50.17,,598400.0
2007-11-16,50.24,50.68,49.18,49.82,,408100.0
2007-11-19,50.01,50.01,49.14,49.14,,197600.0
2007-11-20,49.15,49.8,49.09,49.09,,487400.0
2007-11-21,49.11,49.11,48.54,48.61,,195500.0
2007-11-23,49.01,49.32,48.46,49.07,,92800.0
2007-11-26,49.15,49.51,47.44,47.49,,296800.0
2007-11-27,47.61,47.74,46.94,47.53,,370300.0
2007-11-28,47.53,48.63,47.36,48.57,,296300.0
2007-11-29,48.58,48.92,48.14,48.49,,206200.0
2007-11-30,49.03,49.13,48.33,48.81,,357900.0
2007-12-03,48.29,48.63,47.87,48.03,,216700.0
2007-12-04,47.55,47.81,46.0,46.32,,432000.0
2007-12-05,46.76,48.19,46.76,48.09,,409800.0
2007-12-06,48.09,48.67,47.51,48.13,,353000.0
2007-12-07,48.2,49.35,47.93,49.29,,345000.0
2007-12-10,49.38,49.91,49.21,49.79,,417200.0
2007-12-11,50.02,50.16,48.85,48.95,,458000.0
2007-12-12,50.15,50.31,47.99,48.37,,396400.0
2007-12-13,48.06,48.32,47.71,48.18,,228700.0
2007-12-14,47.82,48.21,47.51,48.16,,323600.0
2007-12-17,47.83,48.21,47.33,47.6,,495800.0
2007-12-18,47.95,48.26,47.48,48.25,,320600.0
2007-12-19,48.3,48.61,47.93,48.16,,233800.0
2007-12-20,48.33,48.44,47.27,47.82,,235000.0
2007-12-21,48.1,49.02,47.61,48.93,,247600.0
2007-12-24,48.88,49.59,48.78,49.48,,65600.0
2007-12-26,49.22,49.27,48.8,49.16,,176000.0
2007-12-27,48.79,49.25,48.79,49.22,,225100.0
2007-12-28,48.9,50.48,48.9,50.3,,392300.0
2007-12-31,50.38,51.28,50.0,50.98,,360300.0
2008-01-02,50.94,51.04,50.54,51.04,,515200.0
2008-01-03,50.95,51.46,50.58,51.21,,487400.0
2008-01-04,50.68,50.88,48.97,49.56,,535300.0
2008-01-07,49.68,50.16,47.14,47.79,,783400.0
2008-01-08,47.87,48.93,47.87,48.29,,705100.0
2008-01-09,48.17,48.67,47.18,48.54,,549400.0
2008-01-10,48.29,50.0,47.65,49.52,,481800.0
2008-01-11,49.29,50.42,48.51,50.1,,502400.0
2008-01-14,50.68,50.71,49.35,49.52,,463300.0
2008-01-15,49.18,49.18,47.47,47.73,,582500.0
2008-01-16,47.35,47.7,46.35,46.61,,478000.0
2008-01-17,46.81,47.04,45.85,46.09,,757100.0
2008-01-18,46.32,47.14,45.52,45.83,,624900.0
2008-01-22,44.08,45.94,42.34,45.31,,510500.0
2008-01-23,44.3,46.24,43.78,46.12,,489200.0
2008-01-24,46.36,46.68,45.89,46.32,,452600.0
2008-01-25,46.56,47.19,45.38,45.79,,439500.0
2008-01-28,45.52,45.8,44.86,45.56,,456000.0
2008-01-29,45.72,47.19,45.62,46.98,,302500.0
2008-01-30,46.79,47.88,46.53,46.64,,181800.0
2008-01-31,45.88,48.22,45.69,47.83,,244900.0
2008-02-01,47.83,49.31,47.51,49.25,,275500.0
2008-02-04,49.25,49.25,48.25,48.95,,208800.0
2008-02-05,48.16,48.71,47.74,47.94,,251600.0
2008-02-06,48.07,48.25,47.41,47.45,,154500.0
2008-02-07,47.14,48.2,46.96,48.14,,234200.0
2008-02-08,47.95,48.5,47.48,47.59,,245500.0
2008-02-11,47.73,47.73,46.66,47.21,,259800.0
2008-02-12,47.49,47.72,47.06,47.25,,395200.0
2008-02-13,47.74,49.22,47.74,48.8,,587000.0
2008-02-14,48.54,48.79,48.06,48.46,,287100.0
2008-02-15,48.16,48.55,47.8,48.3,,215900.0
2008-02-19,48.63,49.04,47.6,47.89,,156800.0
2008-02-20,47.57,48.11,47.08,47.99,,263600.0
2008-02-21,48.14,48.8,47.65,47.79,,348500.0
2008-02-22,47.84,47.84,46.85,47.43,,246800.0
2008-02-25,47.48,49.33,47.31,49.11,,246300.0
2008-02-26,49.09,49.66,48.65,49.22,,219400.0
2008-02-27,48.91,49.52,48.71,49.24,,149200.0
2008-02-28,49.24,49.61,48.49,49.15,,197000.0
2008-02-29,47.67,47.67,45.53,45.75,,613500.0
2008-03-03,46.31,46.31,45.11,45.69,,314800.0
2008-03-04,45.3,46.34,45.01,46.11,,279400.0
2008-03-05,45.91,46.16,45.1,45.31,,222100.0
2008-03-06,45.16,45.19,44.13,44.13,,337500.0
2008-03-07,43.65,44.14,43.37,43.61,,215100.0
2008-03-10,43.59,43.59,41.43,41.51,,336800.0
2008-03-11,42.39,42.49,41.45,42.11,,396100.0
2008-03-12,42.27,42.43,41.15,41.16,,469600.0
2008-03-13,40.89,41.31,39.32,40.86,,582400.0
2008-03-14,40.82,40.82,39.5,40.11,,372900.0
2008-03-17,39.33,40.28,39.16,39.6,,286000.0
2008-03-18,40.54,40.9,39.6,40.75,,243300.0
2008-03-19,40.86,41.26,39.59,39.59,,239800.0
2008-03-20,39.59,40.13,39.44,40.08,,310200.0
2008-03-24,40.23,40.92,39.9,40.76,,424700.0
2008-03-25,40.68,41.1,40.42,40.77,,272300.0
2008-03-26,40.29,40.47,39.35,39.71,,416000.0
2008-03-27,39.87,40.38,39.34,39.57,,356400.0
2008-03-28,39.79,39.85,38.91,39.0,,239800.0
2008-03-31,39.24,39.38,38.41,38.82,,434000.0
2008-04-01,39.19,41.17,39.19,40.9,,461400.0
2008-04-02,40.71,41.34,40.23,40.42,,393700.0
2008-04-03,40.31,40.41,39.59,40.0,,410200.0
2008-04-04,40.09,40.55,39.94,40.4,,390700.0
2008-04-07,40.71,41.03,40.51,41.03,,340100.0
2008-04-08,40.78,40.9,40.35,40.76,,334700.0
2008-04-09,40.89,40.97,40.42,40.52,,487800.0
2008-04-10,40.52,41.16,40.38,41.12,,313200.0
2008-04-11,40.57,40.86,40.54,40.68,,372000.0
2008-04-14,40.6,40.81,40.11,40.11,,177000.0
2008-04-15,40.42,40.48,40.09,40.22,,219700.0
2008-04-16,40.6,42.41,40.42,42.4,,408600.0
2008-04-17,42.1,42.32,41.52,42.01,,250900.0
2008-04-18,42.6,43.27,42.6,43.04,,215500.0
2008-04-21,42.76,42.83,42.48,42.62,,235700.0
2008-04-22,42.64,42.64,41.77,41.96,,265300.0
2008-04-23,41.91,42.22,41.72,42.0,,204800.0
2008-04-24,41.95,42.52,41.61,42.26,,244400.0
2008-04-25,42.03,42.49,41.23,42.4,,163300.0
2008-04-28,42.6,43.48,42.21,43.08,,232600.0
2008-04-29,46.5,46.8,44.85,46.01,,286500.0
2008-04-30,45.84,46.54,44.72,44.83,,528100.0
2008-05-01,45.2,46.62,44.74,46.19,,291800.0
2008-05-02,46.05,46.6,45.57,45.92,,189900.0
2008-05-05,46.27,46.34,45.78,46.06,,240800.0
2008-05-06,46.16,46.75,45.49,46.34,,360800.0
2008-05-07,46.66,46.75,46.2,46.34,,221500.0
2008-05-08,46.33,46.54,45.91,46.49,,270700.0
2008-05-09,45.92,46.25,45.25,46.23,,482900.0
2008-05-12,46.37,46.62,45.83,46.36,,293600.0
2008-05-13,46.42,46.89,46.05,46.73,,271000.0
2008-05-14,47.03,47.77,46.84,47.42,,413500.0
2008-05-15,47.23,47.27,46.81,47.16,,142800.0
2008-05-16,47.56,47.67,47.15,47.53,,121300.0
2008-05-19,47.88,48.06,47.18,47.4,,254500.0
2008-05-20,47.03,47.03,46.55,46.75,,225200.0
2008-05-21,46.74,47.21,46.04,46.13,,108900.0
2008-05-22,46.04,46.53,45.8,46.35,,187600.0
2008-05-23,46.12,46.12,45.22,45.34,,114700.0
2008-05-27,45.35,46.42,45.35,46.32,,169400.0
2008-05-28,46.42,47.0,46.36,46.84,,325300.0
2008-05-29,46.84,48.09,46.84,48.04,,258400.0
2008-05-30,48.21,48.53,47.66,48.53,,279100.0
2008-06-02,48.3,48.74,48.06,48.5,,269900.0
2008-06-03,48.47,48.76,48.25,48.61,,229100.0
2008-06-04,48.54,49.01,48.24,48.33,,181400.0
2008-06-05,48.54,49.26,48.34,49.23,,213100.0
2008-06-06,48.78,48.78,47.59,47.7,,168000.0
2008-06-09,47.61,47.88,47.03,47.34,,157500.0
2008-06-10,46.93,48.01,46.72,47.71,,212500.0
2008-06-11,47.59,47.95,47.5,47.52,,295600.0
2008-06-12,47.68,48.11,47.18,47.57,,279700.0
2008-06-13,47.57,48.83,47.56,48.51,,225000.0
2008-06-16,48.63,48.64,48.02,48.51,,140600.0
2008-06-17,48.56,48.78,48.06,48.11,,205200.0
2008-06-18,47.97,48.0,47.14,47.5,,143800.0
2008-06-19,47.63,47.67,46.67,47.65,,278500.0
2008-06-20,47.11,47.52,46.52,47.51,,479100.0
2008-06-23,47.64,47.71,47.01,47.28,,200000.0
2008-06-24,47.02,47.32,46.66,46.96,,279100.0
2008-06-25,46.96,47.21,46.69,46.91,,344800.0
2008-06-26,46.47,46.77,46.05,46.05,,280100.0
2008-06-27,45.89,45.98,45.44,45.73,,314600.0
2008-06-30,45.43,46.1,45.13,45.5,,213800.0
2008-07-01,45.1,45.83,44.92,45.78,,205200.0
2008-07-02,45.78,45.93,44.23,44.23,,201400.0
2008-07-03,44.41,44.89,44.16,44.29,,93200.0
2008-07-07,44.61,45.19,43.94,44.27,,157300.0
2008-07-08,44.36,44.94,43.81,44.77,,279700.0
2008-07-09,44.77,45.06,44.29,44.41,,211900.0
2008-07-10,44.35,44.93,44.07,44.78,,271900.0
2008-07-11,44.36,44.65,43.56,44.11,,151300.0
2008-07-14,44.15,44.34,42.7,43.29,,269200.0
2008-07-15,42.24,43.74,41.75,43.06,,351300.0
2008-07-16,43.1,43.4,42.6,43.22,,315700.0
2008-07-17,43.37,44.29,43.05,43.77,,354600.0
2008-07-18,43.07,43.96,43.02,43.74,,225600.0
2008-07-21,43.61,44.29,43.61,44.21,,149800.0
2008-07-22,43.85,44.63,43.75,44.43,,240100.0
2008-07-23,44.57,45.41,44.34,45.17,,211200.0
2008-07-24,45.15,45.75,44.45,44.47,,213600.0
2008-07-25,44.52,45.23,44.29,45.07,,174900.0
2008-07-28,45.13,45.49,44.77,44.97,,227100.0
2008-07-29,49.1,52.88,49.1,51.54,,1071800.0
2008-07-30,51.81,53.06,51.81,53.0,,504700.0
2008-07-31,51.54,52.79,50.16,50.19,,387700.0
2008-08-01,50.26,51.7,49.41,51.31,,247500.0
2008-08-04,51.36,52.79,51.11,52.41,,302900.0
2008-08-05,52.85,53.2,52.61,53.2,,239600.0
2008-08-06,52.93,53.19,52.44,52.98,,174400.0
2008-08-07,52.8,52.8,51.64,51.81,,221800.0
2008-08-08,51.94,53.22,51.86,53.06,,260200.0
2008-08-11,52.91,53.5,52.72,53.07,,242900.0
2008-08-12,52.84,53.2,52.48,52.73,,326000.0
2008-08-13,52.8,52.94,51.72,52.7,,181900.0
2008-08-14,52.59,54.05,52.57,53.78,,258400.0
2008-08-15,53.77,54.56,53.77,54.31,,310700.0
2008-08-18,54.71,55.19,54.13,54.32,,289200.0
2008-08-19,54.02,54.81,52.76,53.24,,224400.0
2008-08-20,53.41,53.68,52.52,53.08,,184300.0
2008-08-21,53.06,53.53,52.62,53.14,,176000.0
2008-08-22,53.47,54.05,53.26,53.69,,308800.0
2008-08-25,53.3,53.48,52.53,52.96,,286800.0
2008-08-26,52.76,53.41,51.88,52.29,,289200.0
2008-08-27,52.3,53.64,51.79,52.85,,174000.0
2008-08-28,53.12,54.5,53.12,53.93,,148400.0
2008-08-29,53.24,53.64,52.48,53.13,,128000.0
2008-09-02,53.91,54.66,52.43,52.94,,104100.0
2008-09-03,52.85,53.41,52.06,52.95,,158600.0
2008-09-04,52.25,53.68,52.25,53.42,,374200.0
2008-09-05,53.03,53.15,51.83,52.94,,215000.0
2008-09-08,54.22,54.58,52.77,54.17,,195600.0
2008-09-09,54.3,54.99,53.07,53.42,,212800.0
2008-09-10,53.82,55.12,53.46,54.78,,387400.0
2008-09-11,54.44,56.15,53.87,55.24,,315400.0
2008-09-12,54.8,55.96,54.24,55.84,,312500.0
2008-09-15,53.65,55.41,53.4,53.89,,234800.0
2008-09-16,53.73,53.93,51.15,52.8,,717700.0
2008-09-17,51.98,53.03,51.62,52.25,,582500.0
2008-09-18,52.25,53.62,51.17,52.57,,649000.0
2008-09-19,52.87,54.85,51.84,54.8,,336300.0
2008-09-22,54.47,55.22,53.8,54.4,,255200.0
2008-09-23,54.29,54.86,53.55,54.15,,391300.0
2008-09-24,54.12,54.59,53.43,53.67,,174400.0
2008-09-25,53.82,54.99,53.32,54.52,,241200.0
2008-09-26,53.82,55.03,53.2,54.98,,140900.0
2008-09-29,54.01,54.01,51.41,52.16,,359200.0
2008-09-30,52.89,53.34,51.01,52.24,,335000.0
2008-10-01,51.1,52.05,50.44,51.13,,322000.0
2008-10-02,50.8,50.99,48.29,48.83,,423200.0
2008-10-03,49.46,50.29,48.55,48.78,,242600.0
2008-10-06,48.26,48.41,43.32,44.97,,790900.0
2008-10-07,45.67,47.41,43.74,43.92,,488200.0
2008-10-08,42.99,44.38,41.11,42.9,,754800.0
2008-10-09,43.45,43.73,40.08,40.31,,345300.0
2008-10-10,38.86,39.8,35.49,38.96,,619500.0
2008-10-13,40.28,43.46,40.26,43.42,,180100.0
2008-10-14,44.79,45.24,42.44,44.25,,580400.0
2008-10-15,43.28,43.35,40.4,40.79,,628600.0
2008-10-16,40.64,41.42,37.49,41.16,,544200.0
2008-10-17,40.03,42.51,39.56,41.33,,235200.0
2008-10-20,41.62,43.29,41.33,43.29,,136600.0
2008-10-21,42.8,43.06,41.14,41.73,,290600.0
2008-10-22,40.77,41.1,37.8,38.56,,625500.0
2008-10-23,38.72,38.86,36.47,37.95,,431100.0
2008-10-24,35.48,37.0,35.43,36.5,,300200.0
2008-10-27,35.76,36.87,35.4,35.77,,393300.0
2008-10-28,37.27,40.16,37.02,40.16,,718300.0
2008-10-29,40.36,42.18,40.19,40.83,,427000.0
2008-10-30,41.87,43.0,41.39,42.88,,300000.0
2008-10-31,43.1,44.04,42.4,43.6,,320500.0
2008-11-03,43.18,44.21,43.18,43.55,,204300.0
2008-11-04,44.19,45.08,43.47,44.48,,406000.0
2008-11-05,44.02,44.71,43.46,43.63,,186300.0
2008-11-06,42.63,43.62,40.49,40.73,,376800.0
2008-11-07,41.14,42.02,40.5,41.27,,167500.0
2008-11-10,42.0,43.16,41.31,41.68,,175900.0
2008-11-11,41.22,42.06,40.55,41.12,,236900.0
2008-11-12,40.61,40.99,38.95,39.46,,283200.0
2008-11-13,39.65,42.89,37.71,42.89,,438000.0
2008-11-14,42.41,43.34,39.93,40.05,,504500.0
2008-11-17,39.79,40.24,39.1,39.58,,357000.0
2008-11-18,39.46,40.53,38.44,39.67,,431200.0
2008-11-19,39.59,40.23,36.86,36.86,,328000.0
2008-11-20,36.4,37.15,34.65,34.8,,446100.0
2008-11-21,35.23,35.54,33.15,34.87,,430100.0
2008-11-24,34.88,35.98,34.31,35.31,,664900.0
2008-11-25,36.08,37.16,35.01,36.97,,369900.0
2008-11-26,36.64,39.03,35.39,38.75,,412500.0
2008-11-28,38.13,39.27,38.13,39.27,,69400.0
2008-12-01,37.38,38.61,35.89,35.98,,238500.0
2008-12-02,36.35,38.18,35.71,37.99,,253700.0
2008-12-03,37.49,39.42,37.43,39.26,,226800.0
2008-12-04,38.47,39.88,37.4,38.1,,298100.0
2008-12-05,37.71,38.43,36.67,38.21,,327700.0
2008-12-08,39.11,39.67,38.11,38.92,,363400.0
2008-12-09,38.79,39.49,37.92,38.38,,216500.0
2008-12-10,38.12,39.58,38.12,38.46,,362100.0
2008-12-11,38.07,38.97,37.04,37.44,,334100.0
2008-12-12,36.56,38.62,36.16,38.35,,254500.0
2008-12-15,38.44,38.95,37.11,37.74,,134100.0
2008-12-16,38.17,38.95,37.5,38.92,,250500.0
2008-12-17,38.29,39.49,38.05,39.2,,323900.0
2008-12-18,39.52,40.63,39.36,40.28,,323100.0
2008-12-19,40.53,41.02,39.86,40.24,,417300.0
2008-12-22,40.15,40.36,38.76,39.83,,281500.0
2008-12-23,39.96,40.26,38.54,38.74,,185500.0
2008-12-24,38.67,39.34,38.65,39.06,,71600.0
2008-12-26,39.07,39.6,38.73,39.5,,152500.0
2008-12-29,39.26,39.47,38.96,39.4,,229000.0
2008-12-30,39.53,40.06,39.36,40.03,,203800.0
2008-12-31,40.52,41.66,40.23,41.52,,273000.0
2009-01-02,41.71,42.08,40.71,41.84,,425700.0
2009-01-05,42.18,42.31,41.03,41.46,,381900.0
2009-01-06,41.75,41.83,39.85,40.31,,511400.0
2009-01-07,39.82,40.13,39.04,39.98,,437400.0
2009-01-08,39.85,41.9,39.85,41.79,,580900.0
2009-01-09,41.79,42.08,40.52,41.45,,234900.0
2009-01-12,41.31,41.69,40.69,41.44,,290700.0
2009-01-13,41.39,42.44,41.39,41.95,,349200.0
2009-01-14,41.89,42.16,41.21,41.41,,344000.0
2009-01-15,41.51,42.97,41.2,42.71,,406100.0
2009-01-16,43.24,43.48,41.84,42.47,,359500.0
2009-01-20,42.29,42.98,41.56,41.73,,422000.0
2009-01-21,41.89,42.9,41.4,42.8,,547100.0
2009-01-22,41.98,42.87,41.5,42.4,,345000.0
2009-01-23,41.61,42.64,41.43,42.23,,457400.0
2009-01-26,42.32,42.52,41.35,41.79,,369100.0
2009-01-27,41.94,43.06,41.69,42.94,,338300.0
2009-01-28,43.24,44.41,43.24,44.22,,272700.0
2009-01-29,43.52,44.1,43.15,43.39,,216200.0
2009-01-30,43.5,44.92,43.47,44.07,,563200.0
2009-02-02,43.65,43.96,43.07,43.82,,382500.0
2009-02-03,43.77,44.28,43.29,43.99,,283400.0
2009-02-04,44.15,44.71,43.51,44.16,,350300.0
2009-02-05,43.8,44.73,43.71,44.06,,376200.0
2009-02-06,44.33,45.26,43.87,44.75,,323800.0
2009-02-09,44.63,44.9,44.11,44.55,,206400.0
2009-02-10,44.34,44.72,43.13,43.74,,346700.0
2009-02-11,43.92,44.1,43.09,43.8,,306100.0
2009-02-12,43.16,44.61,43.16,44.34,,367100.0
2009-02-13,44.5,44.8,43.84,44.02,,245400.0
2009-02-17,43.15,43.47,42.42,43.05,,309200.0
2009-02-18,43.3,43.31,42.28,42.55,,235800.0
2009-02-19,42.66,42.99,41.84,42.14,,237000.0
2009-02-20,41.38,41.87,40.26,41.11,,358900.0
2009-02-23,41.54,41.69,39.97,40.04,,281600.0
2009-02-24,40.26,41.02,39.75,40.67,,487900.0
2009-02-25,43.08,43.83,42.23,42.75,,1519200.0
2009-02-26,43.1,43.56,40.73,40.97,,475600.0
2009-02-27,40.22,41.37,39.29,39.37,,618700.0
2009-03-02,38.79,40.24,38.02,38.22,,918600.0
2009-03-03,38.93,38.93,37.55,38.19,,469200.0
2009-03-04,38.46,39.02,38.04,38.45,,468600.0
2009-03-05,37.76,38.01,36.25,36.7,,515100.0
2009-03-06,37.19,37.32,35.84,36.61,,328400.0
2009-03-09,36.11,36.44,35.19,35.38,,454700.0
2009-03-10,35.95,36.67,35.58,36.47,,367200.0
2009-03-11,36.74,37.23,35.65,36.14,,338800.0
2009-03-12,35.98,37.91,35.58,37.74,,454900.0
2009-03-13,37.89,38.97,37.54,38.7,,272300.0
2009-03-16,39.13,39.13,37.72,37.79,,500700.0
2009-03-17,37.74,37.74,36.23,36.53,,899000.0
2009-03-18,36.6,36.9,35.79,36.32,,727400.0
2009-03-19,36.41,36.69,34.62,35.46,,513000.0
2009-03-20,35.51,35.66,35.02,35.19,,382100.0
2009-03-23,36.06,36.42,31.36,32.23,,2479400.0
2009-03-24,32.91,33.76,32.06,32.66,,1189100.0
2009-03-25,32.95,33.86,32.34,33.05,,999800.0
2009-03-26,32.92,33.26,32.37,33.06,,966900.0
2009-03-27,32.61,33.36,32.19,32.85,,446400.0
2009-03-30,32.35,32.75,31.99,32.38,,491400.0
2009-03-31,32.56,33.2,32.32,32.64,,418500.0
2009-04-01,32.36,32.65,31.07,32.4,,679700.0
2009-04-02,32.83,33.45,32.5,32.71,,596700.0
2009-04-03,32.61,32.95,32.39,32.63,,520100.0
2009-04-06,32.58,32.58,31.72,31.88,,542200.0
2009-04-07,31.48,31.98,31.37,31.85,,887200.0
2009-04-08,31.91,32.02,31.71,31.92,,676400.0
2009-04-09,32.4,33.0,32.27,32.86,,508000.0
2009-04-13,32.5,33.1,32.17,32.97,,581000.0
2009-04-14,32.44,33.02,32.24,32.65,,248400.0
2009-04-15,32.39,33.0,32.14,32.78,,419800.0
2009-04-16,32.91,33.33,32.44,33.15,,250500.0
2009-04-17,33.08,33.96,32.82,33.8,,367100.0
2009-04-20,33.11,33.86,32.85,33.23,,451800.0
2009-04-21,33.05,33.28,32.54,33.11,,357200.0
2009-04-22,32.65,34.16,32.48,33.62,,442600.0
2009-04-23,33.79,33.79,32.56,32.93,,296300.0
2009-04-24,33.09,33.35,32.77,33.04,,607500.0
2009-04-27,32.91,33.86,32.54,33.01,,775200.0
2009-04-28,35.18,36.14,34.01,35.19,,1530200.0
2009-04-29,35.45,36.74,35.45,36.32,,711500.0
2009-04-30,36.3,36.8,35.79,35.88,,635400.0
2009-05-01,35.73,35.88,35.34,35.84,,337100.0
2009-05-04,36.13,36.58,35.76,36.4,,330500.0
2009-05-05,36.19,36.95,36.19,36.85,,303500.0
2009-05-06,37.1,37.51,36.79,37.24,,562100.0
2009-05-07,37.34,38.01,36.78,37.34,,411700.0
2009-05-08,37.7,38.09,37.25,38.06,,294600.0
2009-05-11,37.5,38.72,37.28,38.11,,597500.0
2009-05-12,38.18,38.51,37.1,37.75,,276800.0
2009-05-13,37.53,37.67,36.84,36.97,,277900.0
2009-05-14,37.16,37.43,36.87,37.16,,289300.0
2009-05-15,36.93,37.07,36.37,36.74,,358100.0
2009-05-18,36.99,37.75,36.64,37.66,,394800.0
2009-05-19,37.45,37.8,37.12,37.27,,291700.0
2009-05-20,37.61,37.82,37.14,37.21,,248600.0
2009-05-21,36.8,37.19,36.7,37.14,,326700.0
2009-05-22,37.19,37.37,36.85,36.88,,181500.0
2009-05-26,36.7,37.92,36.47,37.71,,232500.0
2009-05-27,37.68,37.69,36.83,37.14,,328500.0
2009-05-28,37.13,37.51,36.5,37.43,,388000.0
2009-05-29,37.23,37.78,37.05,37.74,,335700.0
2009-06-01,38.4,38.4,37.79,38.28,,291000.0
2009-06-02,38.24,39.09,37.99,38.68,,302500.0
2009-06-03,38.54,38.99,38.27,38.59,,179100.0
2009-06-04,38.8,38.8,37.76,38.33,,246300.0
2009-06-05,38.54,38.71,37.95,38.43,,160500.0
2009-06-08,38.34,38.34,37.75,38.16,,102200.0
2009-06-09,38.1,38.2,37.81,38.13,,96700.0
2009-06-10,38.33,38.42,37.7,38.17,,131600.0
2009-06-11,38.43,39.15,38.43,38.93,,192600.0
2009-06-12,38.64,39.16,38.5,38.82,,189800.0
2009-06-15,38.4,38.71,38.02,38.45,,404600.0
2009-06-16,38.65,38.65,37.53,37.61,,299200.0
2009-06-17,37.48,38.55,37.48,38.4,,162000.0
2009-06-18,38.29,38.61,38.11,38.21,,184600.0
2009-06-19,38.54,38.74,38.27,38.27,,173700.0
2009-06-22,38.19,38.19,37.69,37.74,,312000.0
2009-06-23,38.17,38.17,37.18,37.2,,282000.0
2009-06-24,37.46,37.59,37.03,37.21,,232400.0
2009-06-25,37.16,38.07,37.04,37.81,,156800.0
2009-06-26,37.76,37.88,37.42,37.74,,311700.0
2009-06-29,37.88,38.2,37.48,38.0,,127900.0
2009-06-30,37.98,38.47,37.58,37.72,,202800.0
2009-07-01,37.95,38.48,37.79,38.06,,184900.0
2009-07-02,37.74,37.74,37.07,37.37,,134500.0
2009-07-06,36.73,37.15,36.14,36.51,,331100.0
2009-07-07,36.51,37.23,36.4,36.58,,242800.0
2009-07-08,36.79,37.19,36.53,37.07,,288000.0
2009-07-09,37.29,37.29,36.37,36.62,,177900.0
2009-07-10,36.53,37.0,36.52,36.69,,90100.0
2009-07-13,36.85,37.36,36.53,37.26,,151100.0
2009-07-14,37.19,37.48,36.91,37.38,,122300.0
2009-07-15,37.47,38.17,37.38,38.01,,138600.0
2009-07-16,38.01,38.86,37.96,38.7,,130900.0
2009-07-17,38.78,38.78,37.92,38.4,,92400.0
2009-07-20,37.95,38.07,35.62,38.01,,504400.0
2009-07-21,38.31,38.45,37.62,38.07,,280800.0
2009-07-22,38.06,38.4,37.81,38.22,,170800.0
2009-07-23,38.36,39.23,38.17,38.93,,248500.0
2009-07-24,38.96,39.55,38.28,39.49,,350700.0
2009-07-27,41.02,41.95,39.71,41.04,,629100.0
2009-07-28,41.9,43.17,40.88,41.18,,710000.0
2009-07-29,41.17,41.93,41.07,41.62,,449900.0
2009-07-30,41.78,41.88,41.14,41.29,,236900.0
2009-07-31,41.13,41.51,40.3,40.35,,364400.0
2009-08-03,40.41,40.73,39.79,39.97,,303000.0
2009-08-04,39.69,40.3,39.49,40.12,,182400.0
2009-08-05,40.15,40.42,39.55,39.69,,148200.0
2009-08-06,39.92,40.77,39.13,39.76,,309800.0
2009-08-07,40.26,40.48,40.06,40.34,,315600.0
2009-08-10,40.07,40.43,39.62,39.91,,124300.0
2009-08-11,39.9,40.03,39.11,39.11,,109900.0
2009-08-12,39.32,39.58,39.0,39.22,,215000.0
2009-08-13,39.29,39.39,38.37,39.23,,116200.0
2009-08-14,39.07,39.23,38.39,38.76,,194700.0
2009-08-17,38.34,38.64,37.86,38.06,,140600.0
2009-08-18,38.08,38.08,37.35,37.74,,355600.0
2009-08-19,37.45,37.95,37.34,37.86,,156900.0
2009-08-20,37.88,38.07,37.54,37.97,,254200.0
2009-08-21,38.3,38.5,37.97,38.37,,467600.0
2009-08-24,38.38,38.45,38.03,38.4,,174200.0
2009-08-25,38.37,38.64,38.17,38.38,,198100.0
2009-08-26,38.3,38.73,38.13,38.61,,511800.0
2009-08-27,38.46,39.21,38.35,39.13,,200400.0
2009-08-28,39.3,39.69,38.91,39.02,,268600.0
2009-08-31,38.83,38.83,38.33,38.39,,255000.0
2009-09-01,38.23,38.34,37.42,37.62,,357100.0
2009-09-02,37.33,37.72,37.23,37.28,,247200.0
2009-09-03,37.41,37.54,37.13,37.42,,226100.0
2009-09-04,37.46,37.47,37.06,37.21,,347000.0
2009-09-08,37.56,38.18,36.97,38.18,,729600.0
2009-09-09,38.34,39.52,38.02,39.16,,238800.0
2009-09-10,39.18,39.37,38.77,39.36,,275900.0
2009-09-11,39.3,39.56,39.02,39.18,,215900.0
2009-09-14,39.07,40.26,38.94,40.16,,343600.0
2009-09-15,40.13,40.5,39.99,40.41,,226600.0
2009-09-16,40.62,41.17,39.98,41.11,,378200.0
2009-09-17,41.11,42.35,41.0,41.33,,432800.0
2009-09-18,41.47,41.89,41.34,41.47,,333100.0
2009-09-21,41.24,41.74,41.16,41.38,,134200.0
2009-09-22,41.44,41.7,40.75,41.21,,190700.0
2009-09-23,41.4,41.4,40.78,40.78,,99000.0
2009-09-24,40.78,40.8,40.26,40.44,,137500.0
2009-09-25,40.28,40.65,40.11,40.12,,137500.0
2009-09-28,40.14,41.03,40.14,40.85,,129500.0
2009-09-29,40.99,41.4,40.87,41.17,,155800.0
2009-09-30,41.38,41.84,40.25,40.95,,236200.0
2009-10-01,40.68,40.68,39.87,40.01,,220300.0
2009-10-02,39.88,40.23,39.84,39.91,,200400.0
2009-10-05,40.03,40.28,39.73,40.09,,286300.0
2009-10-06,40.44,40.55,40.0,40.23,,131000.0
2009-10-07,40.35,40.45,40.01,40.26,,70400.0
2009-10-08,40.28,40.68,40.24,40.56,,161300.0
2009-10-09,40.7,40.77,40.53,40.64,,175500.0
2009-10-12,40.64,40.86,40.3,40.5,,263000.0
2009-10-13,40.46,40.46,39.88,40.06,,192000.0
2009-10-14,40.51,41.38,40.12,41.17,,272600.0
2009-10-15,40.84,41.59,40.83,41.57,,145900.0
2009-10-16,41.42,42.03,41.25,41.91,,157000.0
2009-10-19,41.3,42.74,41.3,42.6,,267700.0
2009-10-20,42.78,42.84,42.26,42.6,,213100.0
2009-10-21,42.47,43.9,42.47,42.65,,441600.0
2009-10-22,42.69,43.41,42.39,43.19,,216200.0
2009-10-23,43.17,43.74,42.57,43.12,,265100.0
2009-10-26,43.39,44.18,42.92,43.11,,395400.0
2009-10-27,43.17,43.17,39.84,42.06,,663400.0
2009-10-28,42.05,43.27,41.82,42.52,,369200.0
2009-10-29,42.53,42.7,41.74,42.57,,230300.0
2009-10-30,42.4,42.92,42.12,42.17,,263000.0
2009-11-02,42.22,43.19,42.1,43.17,,375000.0
2009-11-03,43.09,43.64,42.82,43.49,,317900.0
2009-11-04,43.65,43.79,42.4,42.51,,282700.0
2009-11-05,42.67,43.76,42.53,43.52,,228300.0
2009-11-06,43.46,43.83,43.04,43.28,,118800.0
2009-11-09,43.66,44.25,43.66,44.23,,75300.0
2009-11-10,44.01,44.69,44.01,44.5,,100500.0
2009-11-11,44.73,44.79,44.35,44.47,,97100.0
2009-11-12,44.53,45.18,44.18,44.28,,95700.0
2009-11-13,44.35,45.15,44.0,44.77,,110600.0
2009-11-16,44.86,45.4,44.86,45.1,,93600.0
2009-11-17,44.75,45.71,44.71,45.63,,156100.0
2009-11-18,45.5,45.5,44.75,44.98,,111300.0
2009-11-19,44.73,44.73,43.61,43.99,,144400.0
2009-11-20,43.63,44.12,43.59,44.05,,118900.0
2009-11-23,44.55,44.62,44.03,44.22,,120700.0
2009-11-24,44.11,44.83,43.95,44.58,,81800.0
2009-11-25,44.52,45.3,44.5,45.22,,114000.0
2009-11-27,44.4,45.21,44.4,44.69,,42400.0
2009-11-30,44.52,44.59,44.01,44.44,,136800.0
2009-12-01,44.51,44.87,44.06,44.78,,245800.0
2009-12-02,44.77,45.4,44.52,45.16,,115600.0
2009-12-03,45.16,45.57,44.45,44.51,,168500.0
2009-12-04,44.83,45.51,44.73,45.1,,176600.0
2009-12-07,45.07,45.61,45.0,45.33,,187700.0
2009-12-08,44.95,44.95,44.05,44.75,,206300.0
2009-12-09,44.75,44.88,44.52,44.81,,216100.0
2009-12-10,45.09,45.56,44.79,44.9,,100600.0
2009-12-11,44.89,45.33,44.68,45.2,,75200.0
2009-12-14,45.51,45.73,45.2,45.73,,107100.0
2009-12-15,45.47,46.01,45.05,45.93,,164600.0
2009-12-16,46.07,46.28,45.8,46.03,,92800.0
2009-12-17,45.69,45.89,45.31,45.45,,125600.0
2009-12-18,45.51,45.51,44.87,45.39,,243100.0
2009-12-21,45.45,46.38,45.19,46.29,,117400.0
2009-12-22,46.26,46.97,46.15,46.78,,186300.0
2009-12-23,46.84,46.85,46.67,46.75,,70900.0
2009-12-24,46.74,46.86,46.49,46.76,,19000.0
2009-12-28,46.81,46.92,46.71,46.82,,88000.0
2009-12-29,46.67,47.07,46.53,46.88,,127100.0
2009-12-30,46.91,47.18,46.55,46.68,,54000.0
2009-12-31,46.84,46.93,45.96,45.97,,92300.0
2010-01-04,47.5,47.71,47.03,47.34,,288400.0
2010-01-05,47.33,47.35,46.81,46.84,,205900.0
2010-01-06,46.86,47.37,46.7,47.31,,303400.0
2010-01-07,47.44,47.83,47.22,47.74,,110100.0
2010-01-08,47.72,48.06,47.6,48.02,,66600.0
2010-01-11,49.16,52.44,48.82,51.78,,448700.0
2010-01-12,51.68,52.48,51.21,51.34,,196700.0
2010-01-13,51.71,52.3,50.18,51.19,,118100.0
2010-01-14,51.26,51.54,50.73,51.02,,191300.0
2010-01-15,50.69,51.17,50.14,50.18,,225900.0
2010-01-19,50.33,51.95,50.33,51.9,,213600.0
2010-01-20,51.72,51.8,50.91,51.68,,111400.0
2010-01-21,51.5,52.13,50.95,51.28,,124400.0
2010-01-22,51.12,51.13,50.02,50.18,,177100.0
2010-01-25,50.28,50.58,49.62,49.93,,156300.0
2010-01-26,49.75,50.35,49.63,49.95,,103800.0
2010-01-27,49.79,50.01,49.48,49.85,,154300.0
2010-01-28,49.85,50.05,49.48,49.75,,72100.0
2010-01-29,49.64,50.09,48.62,48.76,,235600.0
2010-02-01,48.9,49.31,48.44,49.24,,113500.0
2010-02-02,49.13,50.11,49.13,49.94,,71500.0
2010-02-03,49.97,50.24,49.28,49.74,,68300.0
2010-02-04,49.48,49.52,48.53,48.58,,85800.0
2010-02-05,48.49,48.53,47.77,48.43,,144600.0
2010-02-08,48.61,49.21,48.36,48.82,,122700.0
2010-02-09,48.96,49.41,48.67,49.35,,115300.0
2010-02-10,49.1,49.31,48.72,48.94,,77400.0
2010-02-11,48.84,49.33,48.68,49.27,,75000.0
2010-02-12,48.86,49.4,48.53,49.35,,132300.0
2010-02-16,49.61,50.5,49.1,50.42,,82900.0
2010-02-17,50.63,50.75,50.27,50.41,,120400.0
2010-02-18,50.57,50.57,48.81,50.35,,242200.0
2010-02-19,50.29,50.98,50.08,50.97,,114700.0
2010-02-22,51.17,51.2,50.62,50.88,,83800.0
2010-02-23,50.7,51.19,50.2,51.02,,159800.0
2010-02-24,51.02,51.6,50.03,50.97,,212100.0
2010-02-25,50.5,51.05,49.28,50.92,,128300.0
2010-02-26,51.09,52.1,50.86,51.99,,153400.0
2010-03-01,52.2,52.71,52.03,52.62,,115800.0
2010-03-02,52.87,54.32,52.87,54.24,,228600.0
2010-03-03,54.04,54.61,53.96,54.22,,152700.0
2010-03-04,54.19,54.52,53.58,53.8,,183500.0
2010-03-05,54.05,54.66,53.81,54.57,,303000.0
2010-03-08,54.38,54.67,54.12,54.26,,95100.0
2010-03-09,54.26,54.55,53.92,54.14,,78200.0
2010-03-10,54.28,54.28,53.86,53.96,,213000.0
2010-03-11,53.67,53.72,53.01,53.24,,223000.0
2010-03-12,53.25,53.56,52.76,53.39,,132500.0
2010-03-15,53.23,53.51,52.84,53.13,,112000.0
2010-03-16,53.33,53.78,52.81,53.28,,188900.0
2010-03-17,53.5,53.95,53.13,53.75,,59600.0
2010-03-18,53.68,54.63,53.39,54.56,,94900.0
2010-03-19,53.82,54.58,53.49,53.82,,241900.0
2010-03-22,53.43,54.77,53.2,54.67,,145200.0
2010-03-23,54.88,55.05,54.1,54.93,,108900.0
2010-03-24,54.93,54.94,53.75,53.85,,161700.0
2010-03-25,54.41,54.73,53.88,54.28,,174200.0
2010-03-26,54.5,54.55,53.62,54.03,,86000.0
2010-03-29,54.22,55.36,54.13,55.35,,141300.0
2010-03-30,55.61,55.76,55.22,55.3,,92400.0
2010-03-31,55.3,55.76,54.96,54.96,,116400.0
2010-04-01,55.17,55.48,54.62,55.16,,89600.0
2010-04-05,55.36,55.58,55.14,55.52,,69400.0
2010-04-06,54.98,55.48,54.97,55.32,,113800.0
2010-04-07,55.07,55.36,54.58,55.24,,130600.0
2010-04-08,55.0,55.04,54.37,54.61,,95400.0
2010-04-09,54.58,54.89,54.46,54.88,,119800.0
2010-04-12,55.01,55.01,54.46,54.48,,178600.0
2010-04-13,54.34,54.77,54.22,54.64,,127100.0
2010-04-14,54.68,56.39,54.67,56.38,,158300.0
2010-04-15,56.18,56.55,55.82,56.09,,144600.0
2010-04-16,56.06,56.06,55.22,55.25,,99500.0
2010-04-19,55.01,55.67,54.94,55.5,,119000.0
2010-04-20,55.64,56.68,55.64,56.63,,75700.0
2010-04-21,56.51,56.64,56.08,56.25,,106400.0
2010-04-22,55.73,55.73,54.7,55.3,,163000.0
2010-04-23,55.49,56.51,55.33,56.02,,154600.0
2010-04-26,56.09,56.5,55.48,55.63,,128200.0
2010-04-27,54.3,54.46,52.29,52.8,,504400.0
2010-04-28,53.01,53.74,52.89,53.28,,233600.0
2010-04-29,53.77,54.56,53.74,54.34,,190900.0
2010-04-30,54.54,55.08,52.57,52.6,,236000.0
2010-05-03,52.76,53.34,52.45,53.18,,221900.0
2010-05-04,52.76,52.76,51.77,51.93,,103400.0
2010-05-05,51.7,51.74,50.49,51.38,,133300.0
2010-05-06,51.06,51.57,48.47,50.12,,176100.0
2010-05-07,50.23,50.66,49.11,49.86,,428700.0
2010-05-10,52.21,52.22,50.66,51.26,,121100.0
2010-05-11,50.98,51.7,50.78,51.35,,127100.0
2010-05-12,51.54,52.43,51.07,52.21,,149600.0
2010-05-13,51.9,52.15,51.16,51.36,,115600.0
2010-05-14,51.1,51.1,49.69,49.89,,224800.0
2010-05-17,50.2,50.66,49.09,50.36,,269000.0
2010-05-18,50.91,51.07,50.1,50.2,,126200.0
2010-05-19,49.94,49.94,49.19,49.75,,196400.0
2010-05-20,48.82,49.13,47.99,48.1,,239500.0
2010-05-21,47.39,48.35,47.08,48.12,,155800.0
2010-05-24,48.1,48.72,47.68,48.23,,113200.0
2010-05-25,47.24,47.84,46.58,47.8,,160200.0
2010-05-26,47.82,48.46,47.36,47.55,,147300.0
2010-05-27,48.4,49.09,47.83,49.09,,99300.0
2010-05-28,48.97,49.07,48.34,48.38,,120100.0
2010-06-01,48.15,48.85,47.46,47.46,,116600.0
2010-06-02,47.53,49.02,46.98,49.02,,153300.0
2010-06-03,48.81,49.34,48.73,49.07,,100100.0
2010-06-04,47.96,48.24,47.16,47.33,,96400.0
2010-06-07,47.46,47.48,46.77,47.15,,269400.0
2010-06-08,47.24,47.24,45.9,46.49,,137100.0
2010-06-09,46.48,47.3,46.17,46.33,,186500.0
2010-06-10,46.79,48.36,46.79,48.2,,140200.0
2010-06-11,47.51,48.67,47.49,48.61,,129000.0
2010-06-14,48.84,49.64,48.82,49.07,,132700.0
2010-06-15,49.28,49.94,49.1,49.92,,99900.0
2010-06-16,49.78,50.35,49.78,50.24,,84800.0
2010-06-17,50.48,50.67,50.12,50.6,,97900.0
2010-06-18,50.59,50.75,50.16,50.38,,108700.0
2010-06-21,50.86,51.17,50.11,50.41,,85000.0
2010-06-22,50.41,51.1,49.75,49.8,,87500.0
2010-06-23,49.91,50.27,49.31,49.61,,117800.0
2010-06-24,49.23,49.4,48.23,48.36,,123900.0
2010-06-25,48.34,48.53,47.73,48.26,,373000.0
2010-06-28,48.34,48.84,47.96,48.71,,122200.0
2010-06-29,47.93,48.08,47.36,47.67,,226300.0
2010-06-30,47.69,48.16,46.66,46.83,,202700.0
2010-07-01,46.78,46.78,45.17,45.84,,179400.0
2010-07-02,45.9,46.39,45.51,46.06,,178200.0
2010-07-06,46.71,46.95,46.1,46.39,,167400.0
2010-07-07,46.39,47.67,46.36,47.57,,110500.0
2010-07-08,47.81,48.27,47.24,47.67,,163500.0
2010-07-09,47.46,47.67,47.05,47.46,,104600.0
2010-07-12,47.14,47.5,46.78,46.95,,85400.0
2010-07-13,47.35,47.58,47.13,47.49,,142300.0
2010-07-14,47.24,47.48,46.9,47.27,,66600.0
2010-07-15,47.33,47.37,46.77,47.27,,83600.0
2010-07-16,47.04,47.19,45.22,45.25,,140700.0
2010-07-19,45.11,45.6,44.71,45.4,,175500.0
2010-07-20,44.78,45.95,44.63,45.92,,137700.0
2010-07-21,46.25,46.58,45.0,45.1,,150100.0
2010-07-22,45.7,47.35,45.61,47.27,,239700.0
2010-07-23,46.96,50.85,46.96,50.41,,545900.0
2010-07-26,50.61,51.1,50.38,50.74,,301200.0
2010-07-27,50.92,51.14,50.06,50.3,,149600.0
2010-07-28,50.27,50.39,49.18,49.43,,163800.0
2010-07-29,49.89,49.98,48.88,49.47,,95700.0
2010-07-30,48.76,49.67,48.58,48.89,,171600.0
2010-08-02,49.86,49.88,48.81,49.0,,268900.0
2010-08-03,45.58,47.19,45.58,46.0,,1722300.0
2010-08-04,45.82,46.83,45.24,46.58,,2010900.0
2010-08-05,46.39,46.95,46.05,46.76,,547000.0
2010-08-06,46.21,46.29,45.63,46.12,,485100.0
2010-08-09,45.73,46.68,45.53,46.23,,457900.0
2010-08-10,45.92,46.0,44.92,45.89,,425000.0
2010-08-11,45.15,45.15,44.48,44.93,,546600.0
2010-08-12,44.06,44.8,43.95,44.66,,203000.0
2010-08-13,44.56,45.09,44.37,44.74,,152600.0
2010-08-16,44.48,45.0,44.21,44.55,,408600.0
2010-08-17,45.01,45.67,44.67,45.6,,252200.0
2010-08-18,45.58,45.92,45.06,45.74,,151600.0
2010-08-19,45.65,46.24,44.37,44.64,,323000.0
2010-08-20,44.4,44.82,44.27,44.67,,167000.0
2010-08-23,44.98,45.13,44.29,44.33,,179000.0
2010-08-24,43.83,44.02,42.9,42.99,,329900.0
2010-08-25,42.79,43.1,42.25,42.99,,153300.0
2010-08-26,43.11,43.3,42.66,42.85,,149000.0
2010-08-27,43.1,43.5,42.57,43.44,,104700.0
2010-08-30,43.21,43.58,42.56,42.61,,78100.0
2010-08-31,42.46,42.64,41.61,41.73,,253700.0
2010-09-01,42.35,43.33,42.21,43.23,,274700.0
2010-09-02,43.08,44.07,43.08,44.04,,172600.0
2010-09-03,44.39,44.7,44.0,44.46,,257200.0
2010-09-07,44.33,44.98,44.13,44.88,,452800.0
2010-09-08,44.89,45.03,44.42,44.75,,669500.0
2010-09-09,45.21,45.89,44.77,45.4,,372700.0
2010-09-10,45.41,45.69,44.99,45.6,,293300.0
2010-09-13,45.91,46.33,45.75,46.07,,292400.0
2010-09-14,46.05,46.69,45.81,46.51,,236200.0
2010-09-15,46.49,47.2,46.13,47.11,,274600.0
2010-09-16,46.89,47.18,46.62,46.94,,245400.0
2010-09-17,47.14,47.41,46.92,47.36,,362600.0
2010-09-20,47.41,48.24,47.36,48.16,,411100.0
2010-09-21,48.04,48.72,47.91,48.42,,255100.0
2010-09-22,48.24,48.87,48.24,48.58,,293300.0
2010-09-23,48.22,48.73,48.03,48.06,,216600.0
2010-09-24,48.73,49.16,48.69,49.15,,233500.0
2010-09-27,49.08,49.09,48.44,48.91,,131500.0
2010-09-28,49.13,49.46,48.22,49.35,,133400.0
2010-09-29,49.31,49.97,49.1,49.57,,167000.0
2010-09-30,49.82,50.55,49.17,49.3,,316900.0
2010-10-01,49.67,49.96,49.16,49.64,,147000.0
2010-10-04,49.63,50.05,48.77,49.04,,161800.0
2010-10-05,49.53,50.58,49.41,50.36,,211800.0
2010-10-06,50.32,50.68,50.0,50.29,,157900.0
2010-10-07,50.63,50.87,50.14,50.21,,283000.0
2010-10-08,50.26,50.67,50.1,50.48,,153600.0
2010-10-11,50.45,50.78,49.95,50.66,,148500.0
2010-10-12,50.61,50.66,50.05,50.16,,284900.0
2010-10-13,50.44,50.71,50.04,50.49,,145300.0
2010-10-14,50.55,50.75,49.66,49.83,,471400.0
2010-10-15,50.09,50.27,49.58,49.69,,147000.0
2010-10-18,49.75,50.38,49.69,50.38,,181200.0
2010-10-19,49.69,50.28,49.45,49.57,,415300.0
2010-10-20,49.76,50.87,49.76,50.68,,139600.0
2010-10-21,50.94,51.07,50.16,50.32,,264100.0
2010-10-22,50.49,50.64,50.15,50.49,,103500.0
2010-10-25,50.78,51.05,50.51,50.59,,90800.0
2010-10-26,50.27,50.96,50.2,50.47,,178000.0
2010-10-27,49.64,49.64,47.12,48.63,,561400.0
2010-10-28,48.88,48.94,48.46,48.73,,339800.0
2010-10-29,48.59,48.75,48.07,48.41,,249200.0
2010-11-01,48.69,48.87,48.31,48.63,,276000.0
2010-11-02,49.09,49.2,48.7,48.81,,201900.0
2010-11-03,48.91,49.06,48.18,48.62,,331200.0
2010-11-04,49.04,49.16,48.52,48.54,,264200.0
2010-11-05,48.52,48.52,47.98,48.29,,249700.0
2010-11-08,48.19,48.27,47.57,48.06,,289100.0
2010-11-09,48.09,48.12,47.64,47.9,,360000.0
2010-11-10,47.98,47.98,47.23,47.65,,361400.0
2010-11-11,47.26,47.65,47.1,47.51,,225100.0
2010-11-12,47.29,47.49,47.1,47.24,,209000.0
2010-11-15,47.48,47.69,47.08,47.22,,245800.0
2010-11-16,46.83,47.02,46.22,46.42,,193500.0
2010-11-17,46.42,46.59,46.18,46.26,,184300.0
2010-11-18,46.67,46.96,46.14,46.27,,344200.0
2010-11-19,46.14,46.33,45.94,45.98,,425800.0
2010-11-22,45.8,46.16,45.71,46.02,,309500.0
2010-11-23,45.64,45.64,45.1,45.4,,245000.0
2010-11-24,45.76,45.98,45.48,45.63,,332700.0
2010-11-26,45.3,45.51,45.16,45.36,,60600.0
2010-11-29,45.09,45.23,44.2,44.46,,320500.0
2010-11-30,44.0,44.0,43.5,43.63,,672700.0
2010-12-01,44.29,44.3,43.8,43.92,,553100.0
2010-12-02,44.09,44.62,43.91,44.33,,844800.0
2010-12-03,44.11,44.26,43.54,44.15,,810500.0
2010-12-06,44.21,44.96,43.91,44.75,,1569400.0
2010-12-07,45.09,45.12,43.84,44.57,,2147800.0
2010-12-08,44.56,45.34,44.56,45.09,,496300.0
2010-12-09,45.02,45.71,43.87,45.68,,379500.0
2010-12-10,45.72,46.64,45.72,46.5,,619100.0
2010-12-13,46.74,46.74,46.43,46.69,,331200.0
2010-12-14,46.73,47.74,46.71,47.68,,357300.0
2010-12-15,47.52,48.6,47.52,48.26,,461600.0
2010-12-16,48.27,48.72,48.15,48.68,,181200.0
2010-12-17,48.74,48.74,48.37,48.6,,281800.0
2010-12-20,48.57,48.57,48.08,48.34,,194100.0
2010-12-21,48.44,48.62,48.29,48.58,,150600.0
2010-12-22,48.45,48.61,47.82,48.08,,301900.0
2010-12-23,48.27,48.44,47.92,48.01,,192600.0
2010-12-27,47.82,47.99,47.58,47.95,,106800.0
2010-12-28,47.99,48.04,47.55,47.85,,159600.0
2010-12-29,47.85,47.92,47.52,47.57,,99000.0
2010-12-30,47.57,47.85,47.33,47.65,,88000.0
2010-12-31,47.51,47.53,46.97,47.02,,158300.0
2011-01-03,47.25,47.37,47.05,47.26,,280900.0
2011-01-04,47.37,47.37,46.35,47.08,,196200.0
2011-01-05,47.01,47.45,46.97,47.35,,263300.0
2011-01-06,47.54,47.56,47.23,47.51,,345600.0
2011-01-07,47.59,47.66,46.87,47.3,,302800.0
2011-01-10,47.23,47.48,47.09,47.38,,424100.0
2011-01-11,47.4,47.62,47.3,47.57,,389000.0
2011-01-12,47.76,48.55,47.63,48.55,,428300.0
2011-01-13,48.58,48.93,48.48,48.79,,205800.0
2011-01-14,48.64,49.18,48.64,49.17,,196700.0
2011-01-18,49.1,50.04,48.95,50.04,,565300.0
2011-01-19,49.97,50.17,49.63,49.85,,453900.0
2011-01-20,49.74,50.08,49.45,49.52,,253100.0
2011-01-21,49.77,49.77,49.03,49.05,,171000.0
2011-01-24,49.22,50.07,49.06,50.0,,491700.0
2011-01-25,49.91,50.36,49.45,50.23,,405400.0
2011-01-26,50.26,50.52,49.97,50.21,,169900.0
2011-01-27,50.26,50.65,50.18,50.51,,270900.0
2011-01-28,50.42,50.43,49.03,49.21,,214700.0
2011-01-31,49.45,50.21,49.18,50.08,,627600.0
2011-02-01,50.55,50.77,50.46,50.61,,282800.0
2011-02-02,50.42,50.48,49.7,50.26,,189300.0
2011-02-03,50.13,50.56,50.13,50.33,,166300.0
2011-02-04,50.41,50.67,50.22,50.57,,208700.0
2011-02-07,50.52,51.39,50.5,51.13,,194200.0
2011-02-08,51.09,51.38,50.65,51.38,,179000.0
2011-02-09,51.32,52.42,51.25,52.32,,679300.0
2011-02-10,52.17,52.28,51.59,51.69,,307100.0
2011-02-11,51.53,52.33,51.51,52.17,,268300.0
2011-02-14,52.22,52.32,51.67,51.82,,128700.0
2011-02-15,51.76,52.22,51.73,52.11,,314500.0
2011-02-16,52.11,53.66,52.11,53.18,,366900.0
2011-02-17,53.2,53.74,52.83,52.85,,283600.0
2011-02-18,52.92,53.81,52.81,53.61,,252300.0
2011-02-22,53.35,53.45,52.47,52.62,,222500.0
2011-02-23,52.77,52.77,51.74,52.18,,338400.0
2011-02-24,52.13,52.63,51.86,52.38,,178200.0
2011-02-25,52.27,52.27,50.07,51.25,,471400.0
2011-02-28,51.62,51.7,50.96,51.02,,276900.0
2011-03-01,51.24,51.48,50.41,50.49,,190000.0
2011-03-02,50.62,51.26,50.34,50.89,,196500.0
2011-03-03,51.41,52.05,51.28,51.85,,274900.0
2011-03-04,51.66,51.99,51.43,51.94,,257000.0
2011-03-07,51.87,52.1,50.97,51.0,,246500.0
2011-03-08,51.02,51.5,50.83,51.26,,256800.0
2011-03-09,51.35,51.5,51.02,51.2,,304800.0
2011-03-10,50.88,50.88,50.02,50.17,,208600.0
2011-03-11,49.89,50.3,49.65,49.99,,138900.0
2011-03-14,49.81,50.02,49.22,49.42,,133900.0
2011-03-15,48.3,49.46,47.68,49.23,,243800.0
2011-03-16,49.14,49.54,48.83,48.94,,261800.0
2011-03-17,49.47,49.6,49.13,49.38,,151300.0
2011-03-18,49.72,50.13,49.36,49.94,,180800.0
2011-03-21,50.33,51.22,50.32,50.8,,150400.0
2011-03-22,50.98,51.12,50.32,50.38,,169300.0
2011-03-23,50.03,50.03,49.13,49.48,,338200.0
2011-03-24,49.77,50.18,49.52,50.14,,247900.0
2011-03-25,50.25,50.65,49.74,49.76,,243200.0
2011-03-28,49.76,50.27,49.75,50.12,,156200.0
2011-03-29,50.12,50.29,49.74,50.11,,136300.0
2011-03-30,50.2,50.9,50.17,50.51,,118700.0
2011-03-31,50.49,51.16,50.39,50.96,,223200.0
2011-04-01,51.21,51.62,51.16,51.62,,181400.0
2011-04-04,51.66,51.85,51.6,51.85,,234200.0
2011-04-05,51.85,51.85,51.64,51.68,,195900.0
2011-04-06,51.83,51.99,51.6,51.68,,206100.0
2011-04-07,51.85,52.1,51.34,51.38,,143700.0
2011-04-08,51.64,51.78,50.87,51.09,,92800.0
2011-04-11,51.17,51.48,50.71,50.82,,138300.0
2011-04-12,50.65,51.19,50.54,51.07,,184200.0
2011-04-13,51.31,51.42,50.87,51.09,,268400.0
2011-04-14,50.86,52.92,50.68,52.81,,798100.0
2011-04-15,52.98,53.79,52.98,53.57,,292200.0
2011-04-18,53.15,53.17,52.38,52.73,,176900.0
2011-04-19,52.79,53.36,52.79,53.36,,110700.0
2011-04-20,53.79,53.79,53.44,53.61,,158500.0
2011-04-21,53.61,53.64,53.37,53.59,,253700.0
2011-04-25,53.57,53.61,53.27,53.61,,222900.0
2011-04-26,53.17,54.71,52.44,54.56,,534700.0
2011-04-27,54.84,55.22,54.61,55.18,,239700.0
2011-04-28,55.02,55.32,54.8,54.85,,245400.0
2011-04-29,54.85,55.4,54.53,55.38,,226000.0
2011-05-02,55.53,55.53,55.04,55.24,,123000.0
2011-05-03,55.25,55.5,55.16,55.47,,287000.0
2011-05-04,55.47,55.61,54.61,54.94,,148000.0
2011-05-05,54.75,54.97,54.59,54.74,,220600.0
2011-05-06,55.47,55.48,54.77,54.85,,168400.0
2011-05-09,54.85,55.53,54.62,55.45,,112000.0
2011-05-10,55.54,56.03,54.98,55.9,,288600.0
2011-05-11,55.97,56.29,55.84,56.08,,206800.0
2011-05-12,55.91,56.11,55.44,55.79,,217500.0
2011-05-13,55.72,55.85,54.88,55.04,,203300.0
2011-05-16,54.85,55.82,54.75,55.51,,260500.0
2011-05-17,55.3,55.3,54.75,54.97,,392800.0
2011-05-18,55.13,55.47,54.87,55.35,,203900.0
2011-05-19,55.57,55.8,55.2,55.62,,143900.0
2011-05-20,55.47,55.6,54.55,55.16,,170800.0
2011-05-23,54.2,54.62,53.36,53.6,,327100.0
2011-05-24,53.84,53.84,53.37,53.64,,142400.0
2011-05-25,53.51,53.96,53.27,53.93,,155100.0
2011-05-26,53.77,54.32,53.66,54.25,,125400.0
2011-05-27,54.29,54.58,54.24,54.41,,81300.0
2011-05-31,55.06,55.06,54.45,54.87,,178100.0
2011-06-01,54.7,54.77,54.06,54.32,,233900.0
2011-06-02,54.25,54.25,52.07,52.41,,1277000.0
2011-06-03,52.04,52.05,51.55,51.79,,340800.0
2011-06-06,51.78,51.91,51.42,51.74,,286400.0
2011-06-07,51.99,52.46,51.59,52.12,,227800.0
2011-06-08,52.07,52.31,51.7,52.04,,289900.0
2011-06-09,52.11,53.06,51.95,52.9,,351000.0
2011-06-10,52.55,52.94,52.08,52.58,,343300.0
2011-06-13,52.64,52.75,52.11,52.16,,202200.0
2011-06-14,52.48,53.89,52.36,53.66,,735400.0
2011-06-15,53.31,53.57,52.62,52.8,,288000.0
2011-06-16,52.57,53.33,51.67,52.97,,460700.0
2011-06-17,53.51,53.52,52.69,52.86,,291000.0
2011-06-20,52.57,53.41,52.57,53.33,,249400.0
2011-06-21,53.65,53.8,53.54,53.77,,375300.0
2011-06-22,53.71,53.9,53.38,53.43,,130000.0
2011-06-23,52.86,52.99,51.53,52.95,,406200.0
2011-06-24,52.94,53.02,52.09,52.56,,308900.0
2011-06-27,52.37,53.06,52.34,52.89,,200200.0
2011-06-28,53.04,53.12,52.73,53.1,,154800.0
2011-06-29,53.24,53.66,52.95,53.47,,388800.0
2011-06-30,53.65,54.23,53.6,53.95,,232300.0
2011-07-01,54.17,55.17,54.14,55.16,,153700.0
2011-07-05,55.14,55.14,54.73,55.06,,236200.0
2011-07-06,55.05,55.61,54.97,55.5,,222800.0
2011-07-07,55.83,55.94,55.34,55.39,,174700.0
2011-07-08,54.96,55.42,54.85,55.35,,225500.0
2011-07-11,54.74,55.04,54.7,54.94,,248600.0
2011-07-12,54.74,55.46,54.74,55.27,,240900.0
2011-07-13,55.37,55.9,55.13,55.53,,236600.0
2011-07-14,55.53,55.7,54.4,54.56,,226300.0
2011-07-15,54.8,54.8,54.24,54.59,,217500.0
2011-07-18,54.5,54.61,53.81,54.24,,202500.0
2011-07-19,54.55,54.92,54.41,54.87,,142700.0
2011-07-20,54.82,55.24,54.36,54.99,,130500.0
2011-07-21,55.23,55.69,55.02,55.56,,153700.0
2011-07-22,55.43,55.82,54.89,55.79,,245000.0
2011-07-25,55.24,55.24,53.59,53.71,,347800.0
2011-07-26,53.64,54.21,52.68,53.61,,284000.0
2011-07-27,54.63,57.05,54.36,54.78,,773200.0
2011-07-28,54.83,55.0,53.78,54.11,,453100.0
2011-07-29,53.56,54.06,53.19,53.22,,288500.0
2011-08-01,53.55,53.56,51.61,52.01,,603100.0
2011-08-02,51.77,52.34,50.63,50.68,,304200.0
2011-08-03,50.75,50.9,49.53,50.15,,536100.0
2011-08-04,49.68,49.9,47.33,47.37,,531300.0
2011-08-05,47.81,47.81,45.71,46.83,,648700.0
2011-08-08,45.4,46.03,43.75,43.75,,604200.0
2011-08-09,44.6,46.38,43.75,46.32,,541600.0
2011-08-10,45.46,45.91,43.96,44.05,,411300.0
2011-08-11,44.62,46.08,43.94,45.7,,494100.0
2011-08-12,46.05,46.45,45.5,46.4,,423800.0
2011-08-15,46.78,47.03,46.25,46.91,,139700.0
2011-08-16,46.41,47.14,46.1,46.99,,250700.0
2011-08-17,47.16,47.9,46.49,46.75,,188600.0
2011-08-18,45.58,45.76,44.25,44.47,,245800.0
2011-08-19,44.08,45.04,44.08,44.36,,200200.0
2011-08-22,45.24,45.6,43.97,44.37,,158100.0
2011-08-23,44.6,46.09,44.27,46.09,,171700.0
2011-08-24,45.96,47.14,45.86,47.06,,203900.0
2011-08-25,47.43,47.84,46.12,46.4,,205800.0
2011-08-26,46.4,47.76,45.54,47.64,,244200.0
2011-08-29,48.16,50.19,48.12,50.04,,262400.0
2011-08-30,49.73,50.41,49.49,50.17,,238800.0
2011-08-31,50.48,51.41,50.48,51.16,,308400.0
2011-09-01,50.41,52.15,50.19,50.35,,354600.0
2011-09-02,49.3,50.03,48.7,48.87,,250100.0
2011-09-06,47.91,48.86,47.41,48.61,,224300.0
2011-09-07,49.38,50.76,49.2,50.42,,202200.0
2011-09-08,49.85,50.49,49.37,49.4,,210300.0
2011-09-09,48.92,49.22,47.61,47.95,,193400.0
2011-09-12,47.19,47.81,46.59,47.64,,206000.0
2011-09-13,47.64,48.66,47.6,48.31,,274800.0
2011-09-14,48.56,50.39,48.39,49.68,,226500.0
2011-09-15,50.24,50.31,49.44,50.1,,322000.0
2011-09-16,50.37,50.66,49.95,50.3,,325400.0
2011-09-19,49.36,49.69,48.82,49.27,,154100.0
2011-09-20,49.4,50.41,49.07,49.09,,190700.0
2011-09-21,48.92,49.14,47.17,47.23,,223300.0
2011-09-22,45.49,47.12,45.49,46.86,,259700.0
2011-09-23,46.48,47.27,46.06,46.97,,261700.0
2011-09-26,47.43,47.94,46.84,47.85,,205100.0
2011-09-27,48.85,49.98,48.67,49.04,,255000.0
2011-09-28,49.14,49.36,47.83,47.85,,190600.0
2011-09-29,48.7,48.9,47.64,48.61,,90000.0
2011-09-30,47.91,48.85,47.81,47.83,,168100.0
2011-10-03,47.59,48.14,45.65,45.65,,213800.0
2011-10-04,45.24,47.51,44.92,47.41,,215200.0
2011-10-05,47.43,48.32,47.28,48.16,,197100.0
2011-10-06,48.0,48.8,47.74,48.74,,172000.0
2011-10-07,48.74,49.0,47.98,48.28,,199400.0
2011-10-10,49.13,49.73,48.85,49.33,,91600.0
2011-10-11,49.1,50.11,49.1,49.77,,127600.0
2011-10-12,49.93,50.66,49.6,49.71,,123300.0
2011-10-13,49.36,49.7,48.81,49.46,,61400.0
2011-10-14,49.97,50.31,49.67,50.07,,80800.0
2011-10-17,49.63,49.71,48.67,48.87,,131100.0
2011-10-18,48.84,50.09,48.44,49.55,,99800.0
2011-10-19,49.67,50.06,49.44,49.7,,276800.0
2011-10-20,49.6,49.69,48.62,49.22,,134000.0
2011-10-21,49.59,51.46,49.32,51.43,,335400.0
2011-10-24,51.59,52.31,51.29,52.26,,148400.0
2011-10-25,52.34,52.34,50.93,51.18,,250400.0
2011-10-26,52.08,52.48,50.81,51.61,,232700.0
2011-10-27,53.18,53.52,52.28,53.37,,413100.0
2011-10-28,53.0,54.25,52.74,54.24,,289400.0
2011-10-31,54.11,54.14,53.14,53.24,,181100.0
2011-11-01,51.62,52.23,51.34,51.73,,333900.0
2011-11-02,52.33,52.89,52.11,52.39,,196100.0
2011-11-03,53.1,54.05,52.72,53.84,,196100.0
2011-11-04,53.43,53.67,52.73,53.53,,147000.0
2011-11-07,53.34,53.86,52.15,53.22,,163400.0
2011-11-08,53.6,54.28,53.32,54.08,,198800.0
2011-11-09,52.81,53.24,52.38,52.76,,189400.0
2011-11-10,53.01,53.43,51.84,52.03,,217800.0
2011-11-11,52.53,53.49,52.47,53.29,,117600.0
2011-11-14,53.29,53.35,52.22,52.39,,59491.0
2011-11-15,52.16,53.63,51.97,53.52,,50189.0
2011-11-16,53.17,54.6,52.92,53.61,,159800.0
2011-11-17,53.42,53.79,52.8,53.04,,182100.0
2011-11-18,53.39,53.96,52.93,53.56,,210400.0
2011-11-21,52.65,52.98,52.13,52.34,,211200.0
2011-11-22,52.2,52.71,51.76,52.47,,119900.0
2011-11-23,51.93,52.19,50.9,51.25,,118500.0
2011-11-25,51.03,51.61,50.81,50.81,,34600.0
2011-11-28,52.19,52.7,51.85,52.43,,162600.0
2011-11-29,52.46,53.05,52.28,52.49,,86800.0
2011-11-30,53.99,54.91,53.97,54.47,,204000.0
2011-12-01,54.09,55.18,54.09,54.56,,140900.0
2011-12-02,54.95,55.14,53.28,53.38,,219200.0
2011-12-05,54.13,54.48,53.49,53.81,,133300.0
2011-12-06,53.79,54.28,53.55,54.01,,123500.0
2011-12-07,53.6,54.03,52.81,53.83,,255700.0
2011-12-08,53.3,53.38,52.5,52.66,,197200.0
2011-12-09,52.6,53.98,52.6,53.8,,154000.0
2011-12-12,53.39,53.39,52.57,53.05,,105800.0
2011-12-13,53.4,53.73,52.33,52.66,,126500.0
2011-12-14,52.38,52.71,52.06,52.38,,99400.0
2011-12-15,53.03,53.63,52.72,53.38,,163600.0
2011-12-16,53.68,54.19,53.23,53.71,,592100.0
2011-12-19,53.79,54.43,53.07,53.32,,113600.0
2011-12-20,54.12,54.91,54.12,54.52,,188400.0
2011-12-21,54.26,55.08,53.97,55.04,,85800.0
2011-12-22,55.07,55.57,54.73,55.42,,114000.0
2011-12-23,55.41,55.67,55.29,55.5,,80000.0
2011-12-27,55.51,55.62,55.12,55.46,,75000.0
2011-12-28,55.27,55.34,54.0,54.2,,165600.0
2011-12-29,54.57,55.46,54.42,55.33,,171900.0
2011-12-30,55.16,55.24,54.79,54.83,,144100.0
2012-01-03,55.64,55.66,54.83,55.02,,228600.0
2012-01-04,54.75,54.89,54.31,54.48,,187600.0
2012-01-05,54.2,54.73,53.93,54.48,,206800.0
2012-01-06,54.41,54.51,53.92,54.33,,74000.0
2012-01-09,54.44,54.44,53.57,53.95,,207200.0
2012-01-10,54.23,54.51,54.23,54.35,,161600.0
2012-01-11,54.15,54.91,54.09,54.65,,190900.0
2012-01-12,54.91,54.93,54.19,54.71,,128500.0
2012-01-13,54.38,54.68,53.96,54.08,,143300.0
2012-01-17,54.48,54.69,53.81,53.85,,125100.0
2012-01-18,53.81,54.65,53.71,53.9,,308200.0
2012-01-19,53.89,54.07,53.45,53.61,,214200.0
2012-01-20,53.61,53.91,53.37,53.8,,186800.0
2012-01-23,53.78,54.39,53.78,53.97,,91200.0
2012-01-24,53.8,54.59,53.78,53.96,,155300.0
2012-01-25,54.0,54.87,53.87,54.65,,216900.0
2012-01-26,54.89,55.05,54.65,54.99,,122600.0
2012-01-27,54.6,55.14,54.5,55.02,,127000.0
2012-01-30,54.59,55.03,54.39,54.62,,204100.0
2012-01-31,55.01,55.41,54.29,54.74,,136600.0
2012-02-01,55.02,55.75,54.7,55.41,,181600.0
2012-02-02,55.47,55.56,55.27,55.5,,88000.0
2012-02-03,55.91,56.24,55.69,55.96,,129700.0
2012-02-06,55.71,56.09,55.51,55.7,,83900.0
2012-02-07,55.53,55.94,55.16,55.6,,148900.0
2012-02-08,55.77,55.77,55.08,55.28,,110100.0
2012-02-09,55.49,55.53,54.93,55.45,,103600.0
2012-02-10,55.08,55.5,54.82,55.33,,88000.0
2012-02-13,55.77,55.94,55.57,55.87,,112200.0
2012-02-14,55.63,56.29,55.57,56.23,,173800.0
2012-02-15,56.36,56.79,55.73,56.18,,166500.0
2012-02-16,56.18,57.18,56.08,56.86,,119900.0
2012-02-17,57.16,57.16,55.92,56.3,,194400.0
2012-02-21,56.48,56.48,55.35,55.85,,109700.0
2012-02-22,55.62,56.18,55.42,55.78,,342300.0
2012-02-23,54.51,54.51,52.53,53.23,,953800.0
2012-02-24,53.13,54.27,52.65,54.23,,477500.0
2012-02-27,53.8,53.85,52.71,53.71,,261700.0
2012-02-28,53.67,53.99,53.11,53.46,,166900.0
2012-02-29,53.53,53.86,52.78,53.03,,224500.0
2012-03-01,53.06,53.27,52.57,52.85,,308400.0
2012-03-02,52.8,52.83,51.99,52.61,,230000.0
2012-03-05,52.61,53.14,52.55,52.97,,180300.0
2012-03-06,52.52,52.63,51.99,52.25,,237600.0
2012-03-07,52.46,52.51,52.06,52.2,,118300.0
2012-03-08,52.51,52.93,52.19,52.75,,87700.0
2012-03-09,52.7,54.19,52.66,53.47,,166100.0
2012-03-12,53.52,53.67,52.73,52.83,,133700.0
2012-03-13,53.15,53.82,53.04,53.82,,154000.0
2012-03-14,53.71,53.77,52.96,53.17,,134000.0
2012-03-15,53.14,54.39,52.94,54.31,,226100.0
2012-03-16,54.65,54.65,54.27,54.31,,225900.0
2012-03-19,54.36,54.54,53.86,54.28,,126100.0
2012-03-20,54.12,54.25,53.77,53.84,,119000.0
2012-03-21,53.87,53.88,53.21,53.52,,106100.0
2012-03-22,53.3,53.4,52.8,53.21,,110000.0
2012-03-23,53.41,53.48,52.9,53.38,,56400.0
2012-03-26,53.8,54.6,53.72,54.6,,125100.0
2012-03-27,54.43,55.72,54.43,55.54,,278500.0
2012-03-28,55.63,55.83,55.36,55.83,,323600.0
2012-03-29,55.45,55.71,54.93,55.21,,117600.0
2012-03-30,55.34,55.5,55.02,55.02,,140700.0
2012-04-02,54.96,55.7,54.96,55.11,,221800.0
2012-04-03,54.93,56.74,54.93,56.42,,272600.0
2012-04-04,56.0,56.1,55.22,55.5,,361800.0
2012-04-05,55.43,55.79,55.2,55.67,,157800.0
2012-04-09,54.98,55.17,54.42,55.06,,132000.0
2012-04-10,55.09,55.35,54.24,54.35,,285700.0
2012-04-11,54.8,54.95,54.08,54.5,,179400.0
2012-04-12,54.45,55.52,54.45,55.16,,254900.0
2012-04-13,55.11,55.52,54.26,54.28,,144000.0
2012-04-16,54.5,54.73,53.94,54.45,,181900.0
2012-04-17,54.74,55.8,54.74,55.27,,206500.0
2012-04-18,55.08,56.23,55.07,55.9,,367800.0
2012-04-19,56.03,56.32,55.49,56.13,,333700.0
2012-04-20,56.26,57.02,56.06,56.19,,265800.0
2012-04-23,55.52,55.53,54.39,55.23,,344600.0
2012-04-24,55.17,56.3,55.0,55.73,,365400.0
2012-04-25,55.94,56.55,55.92,56.07,,210400.0
2012-04-26,55.95,56.68,55.85,56.48,,130500.0
2012-04-27,56.75,57.27,56.47,56.76,,417200.0
2012-04-30,56.86,56.87,56.28,56.39,,250000.0
2012-05-01,58.3,58.3,54.79,57.28,,352400.0
2012-05-02,57.11,57.38,56.73,56.91,,617100.0
2012-05-03,56.81,56.87,56.0,56.51,,416300.0
2012-05-04,56.28,56.64,55.4,55.66,,236700.0
2012-05-07,55.63,56.05,55.32,55.97,,169000.0
2012-05-08,55.56,56.15,55.32,55.92,,151600.0
2012-05-09,55.5,55.5,54.76,55.27,,181000.0
2012-05-10,55.59,55.92,55.27,55.5,,124100.0
2012-05-11,55.24,55.67,54.87,55.03,,164800.0
2012-05-14,54.65,55.09,54.41,54.88,,157700.0
2012-05-15,54.77,54.8,54.26,54.4,,114000.0
2012-05-16,54.51,54.79,54.2,54.22,,108800.0
2012-05-17,54.34,54.35,53.17,53.3,,123800.0
2012-05-18,53.49,53.49,52.39,52.59,,132900.0
2012-05-21,52.57,53.66,52.57,53.57,,135700.0
2012-05-22,53.63,53.8,53.06,53.29,,110000.0
2012-05-23,53.22,53.47,52.51,53.31,,139000.0
2012-05-24,53.39,53.88,53.07,53.41,,149300.0
2012-05-25,53.55,54.74,53.37,54.27,,158700.0
2012-05-29,54.7,55.37,54.7,54.89,,147200.0
2012-05-30,54.54,54.55,53.85,53.98,,150800.0
2012-05-31,53.96,54.13,53.12,53.75,,293600.0
2012-06-01,53.0,53.21,52.33,52.46,,128900.0
2012-06-04,52.64,52.76,51.83,52.24,,103100.0
2012-06-05,51.98,52.73,51.81,52.7,,115800.0
2012-06-06,53.07,53.88,52.95,53.52,,107500.0
2012-06-07,54.0,54.21,53.6,53.63,,77900.0
2012-06-08,53.39,54.16,53.1,53.98,,110700.0
2012-06-11,54.29,54.57,53.64,53.72,,182700.0
2012-06-12,53.82,54.33,53.6,53.91,,123100.0
2012-06-13,53.83,54.24,53.24,53.46,,126100.0
2012-06-14,53.36,54.07,53.16,53.39,,139800.0
2012-06-15,53.48,53.73,53.35,53.65,,237400.0
2012-06-18,53.46,54.83,53.46,54.74,,118000.0
2012-06-19,54.73,55.59,54.73,55.09,,69900.0
2012-06-20,55.09,55.59,54.9,55.28,,58200.0
2012-06-21,55.33,55.69,54.12,54.36,,97700.0
2012-06-22,54.45,55.12,54.38,55.0,,85600.0
2012-06-25,53.98,54.8,53.98,54.26,,77800.0
2012-06-26,54.35,54.39,53.98,54.01,,84800.0
2012-06-27,54.3,55.07,54.17,54.58,,124900.0
2012-06-28,53.84,54.55,53.6,54.54,,146200.0
2012-06-29,55.08,55.36,54.74,55.12,,189600.0
2012-07-02,54.9,56.1,54.9,55.65,,127900.0
2012-07-03,55.1,55.6,54.42,55.18,,169400.0
2012-07-05,55.04,55.23,54.56,54.91,,298700.0
2012-07-06,54.55,55.0,54.46,54.79,,103700.0
2012-07-09,54.74,55.32,54.33,55.31,,121800.0
2012-07-10,55.26,55.39,54.57,54.97,,102200.0
2012-07-11,54.91,55.27,54.26,55.15,,115600.0
2012-07-12,54.84,55.27,54.51,55.06,,61200.0
2012-07-13,55.11,55.83,55.1,55.74,,63800.0
2012-07-16,55.73,56.06,55.34,55.78,,79900.0
2012-07-17,55.79,56.28,55.78,56.1,,186400.0
2012-07-18,55.81,56.96,55.81,56.64,,76700.0
2012-07-19,56.83,56.97,56.4,56.67,,273800.0
2012-07-20,56.36,56.57,55.92,56.02,,213800.0
2012-07-23,55.63,56.13,55.31,55.93,,93000.0
2012-07-24,55.93,55.98,55.19,55.48,,142800.0
2012-07-25,55.59,55.71,55.27,55.55,,89400.0
2012-07-26,56.14,56.27,55.5,55.59,,193400.0
2012-07-27,55.67,56.11,55.54,55.85,,214500.0
2012-07-30,55.73,56.11,55.49,55.65,,321800.0
2012-07-31,55.78,58.76,55.44,57.68,,366000.0
2012-08-01,57.53,58.63,57.48,58.07,,246600.0
2012-08-02,57.51,57.62,56.62,56.86,,281600.0
2012-08-03,57.46,57.97,57.46,57.59,,117900.0
2012-08-06,57.9,57.94,57.02,57.59,,136900.0
2012-08-07,57.81,58.52,57.76,57.93,,134400.0
2012-08-08,57.86,58.35,57.55,57.74,,91400.0
2012-08-09,57.6,57.81,56.85,57.38,,81900.0
2012-08-10,57.24,57.42,56.95,57.25,,90300.0
2012-08-13,57.23,57.28,56.42,57.03,,64500.0
2012-08-14,58.14,58.57,57.32,57.93,,293700.0
2012-08-15,57.78,57.93,57.32,57.59,,155800.0
2012-08-16,57.42,57.73,57.01,57.08,,134300.0
2012-08-17,57.01,57.32,56.82,57.14,,95400.0
2012-08-20,56.99,57.66,56.86,57.34,,106100.0
2012-08-21,57.39,57.64,57.23,57.49,,182400.0
2012-08-22,57.64,57.85,57.25,57.36,,117600.0
2012-08-23,57.36,57.92,57.29,57.84,,148600.0
2012-08-24,57.73,58.68,57.73,58.4,,128400.0
2012-08-27,58.63,58.96,58.21,58.62,,108200.0
2012-08-28,58.62,59.14,58.57,58.9,,161000.0
2012-08-29,58.83,59.8,58.64,59.38,,153600.0
2012-08-30,59.17,59.71,59.14,59.59,,142200.0
2012-08-31,59.93,60.2,59.54,60.07,,184900.0
2012-09-04,59.96,60.61,59.68,60.51,,178500.0
2012-09-05,60.65,61.31,60.06,60.84,,216900.0
2012-09-06,60.83,62.22,60.83,62.11,,181800.0
2012-09-07,62.23,62.67,62.02,62.59,,111100.0
2012-09-10,62.28,62.79,61.86,62.5,,228300.0
2012-09-11,62.46,62.77,62.28,62.36,,168400.0
2012-09-12,62.52,63.36,62.16,63.24,,254500.0
2012-09-13,63.24,63.24,62.47,63.0,,191900.0
2012-09-14,63.26,64.24,62.99,63.95,,189600.0
2012-09-17,63.67,64.15,63.38,63.66,,239800.0
2012-09-18,63.64,64.14,63.47,63.64,,227100.0
2012-09-19,63.74,64.1,63.28,63.61,,154500.0
2012-09-20,63.48,64.26,63.47,64.26,,98600.0
2012-09-21,64.39,64.39,63.44,63.54,,339100.0
2012-09-24,62.78,63.73,62.53,63.36,,176900.0
2012-09-25,63.49,63.99,63.01,63.06,,345800.0
2012-09-26,63.05,63.05,62.1,62.32,,271600.0
2012-09-27,62.53,63.19,62.34,63.18,,366800.0
2012-09-28,62.92,63.03,62.15,62.63,,164300.0
2012-10-01,62.79,62.98,62.05,62.71,,344000.0
2012-10-02,62.7,62.99,62.42,62.77,,191400.0
2012-10-03,62.89,63.39,62.67,63.27,,134200.0
2012-10-04,63.37,64.36,63.37,64.17,,217100.0
2012-10-05,64.18,64.66,64.1,64.5,,151200.0
2012-10-08,64.25,64.74,64.06,64.13,,122600.0
2012-10-09,63.98,63.98,62.86,62.91,,132700.0
2012-10-10,62.91,63.01,62.08,62.57,,123600.0
2012-10-11,62.93,63.26,62.63,62.64,,62000.0
2012-10-12,62.71,63.01,62.1,62.24,,137500.0
2012-10-15,62.44,62.47,62.07,62.28,,135600.0
2012-10-16,62.52,62.9,62.25,62.67,,145000.0
2012-10-17,62.71,62.98,62.22,62.6,,86600.0
2012-10-18,62.44,62.46,61.26,61.41,,177800.0
2012-10-19,61.32,61.46,60.39,60.72,,252400.0
2012-10-22,60.52,60.8,59.99,60.39,,87000.0
2012-10-23,60.18,60.4,59.85,60.16,,118600.0
2012-10-24,60.25,60.44,59.91,60.15,,136400.0
2012-10-25,60.48,61.47,60.32,61.47,,375900.0
2012-10-26,61.39,61.88,60.88,60.96,,88400.0
2012-10-31,59.2,61.89,59.2,61.82,,230200.0
2012-11-01,62.4,64.49,62.4,63.22,,410100.0
2012-11-02,63.27,63.83,62.33,62.33,,173400.0
2012-11-05,62.19,62.88,62.09,62.69,,127600.0
2012-11-06,62.56,64.94,62.56,64.51,,617400.0
2012-11-07,64.09,64.09,62.44,62.9,,189400.0
2012-11-08,62.95,63.05,61.65,61.84,,199300.0
2012-11-09,61.75,62.67,61.45,62.23,,155800.0
2012-11-12,62.23,62.55,61.68,62.04,,84800.0
2012-11-13,61.9,62.39,61.31,62.01,,139700.0
2012-11-14,62.03,62.3,60.62,60.78,,184500.0
2012-11-15,60.78,60.78,59.85,60.35,,240200.0
2012-11-16,60.3,62.13,60.3,61.99,,302400.0
2012-11-19,62.36,62.76,62.27,62.75,,181500.0
2012-11-20,62.67,63.73,62.66,63.19,,204700.0
2012-11-21,63.45,63.88,63.15,63.6,,248500.0
2012-11-23,63.86,64.2,63.39,63.71,,91100.0
2012-11-26,63.48,63.9,63.23,63.46,,180200.0
2012-11-27,63.57,63.99,63.38,63.55,,175600.0
2012-11-28,63.53,64.2,63.15,64.03,,159300.0
2012-11-29,64.2,64.39,63.42,63.57,,86200.0
2012-11-30,63.73,63.9,63.01,63.27,,236800.0
2012-12-03,63.6,63.6,62.9,63.04,,115500.0
2012-12-04,63.09,63.62,62.95,63.42,,84400.0
2012-12-05,63.48,63.73,63.11,63.2,,102600.0
2012-12-06,63.09,63.42,63.04,63.38,,106300.0
2012-12-07,63.45,63.46,62.92,63.3,,82200.0
2012-12-10,63.04,64.32,63.04,64.0,,118500.0
2012-12-11,64.2,64.48,63.78,64.09,,131500.0
2012-12-12,64.43,64.71,63.26,63.5,,147500.0
2012-12-13,63.5,63.99,63.15,63.56,,182400.0
2012-12-14,63.27,63.88,62.62,62.82,,131800.0
2012-12-17,63.22,64.7,63.22,63.55,,315500.0
2012-12-18,63.65,64.52,63.27,64.32,,210900.0
2012-12-19,64.41,64.52,63.8,64.27,,116000.0
2012-12-20,64.29,65.13,64.29,65.12,,127400.0
2012-12-21,65.26,65.46,63.99,65.27,,579400.0
2012-12-24,64.92,65.09,64.74,64.92,,56600.0
2012-12-26,64.98,65.07,64.39,64.66,,179800.0
2012-12-27,64.64,65.12,64.53,64.96,,214600.0
2012-12-28,64.75,64.87,64.41,64.63,,95900.0
2012-12-31,64.44,65.23,64.1,65.2,,109300.0
2013-01-02,66.12,66.26,65.69,66.18,,202800.0
2013-01-03,66.31,66.86,66.13,66.72,,135500.0
2013-01-04,66.94,67.37,66.6,66.95,,91700.0
2013-01-07,66.66,67.91,66.64,67.51,,167700.0
2013-01-08,67.63,67.71,67.12,67.14,,283300.0
2013-01-09,67.37,67.96,67.25,67.43,,449900.0
2013-01-10,67.7,67.74,66.75,67.04,,145500.0
2013-01-11,66.92,67.52,66.74,67.08,,153300.0
2013-01-14,66.97,67.32,66.65,66.99,,272000.0
2013-01-15,66.81,67.37,66.49,67.11,,94100.0
2013-01-16,66.94,66.99,66.67,66.88,,112400.0
2013-01-17,67.19,67.51,66.94,67.22,,82700.0
2013-01-18,67.27,68.09,67.06,67.95,,251200.0
2013-01-22,67.89,68.52,67.89,68.5,,123100.0
2013-01-23,68.57,68.58,68.15,68.39,,172700.0
2013-01-24,68.53,68.83,68.15,68.3,,258600.0
2013-01-25,68.51,68.7,68.37,68.58,,520900.0
2013-01-28,68.65,69.13,68.3,68.98,,129500.0
2013-01-29,68.94,69.26,68.4,68.89,,211700.0
2013-01-30,68.92,68.92,68.47,68.66,,174000.0
2013-01-31,68.87,68.94,68.32,68.58,,182600.0
2013-02-01,68.58,69.42,68.36,69.37,,226200.0
2013-02-04,68.84,69.38,68.68,68.84,,177200.0
2013-02-05,68.93,69.83,68.62,69.78,,159800.0
2013-02-06,69.45,70.19,69.43,70.18,,142300.0
2013-02-07,69.98,70.42,69.46,70.36,,244700.0
2013-02-08,70.59,70.59,69.78,70.07,,155200.0
2013-02-11,71.38,72.95,70.62,70.83,,406700.0
2013-02-12,70.82,71.09,70.71,70.84,,194200.0
2013-02-13,70.99,71.18,70.66,70.95,,243300.0
2013-02-14,70.97,70.97,70.3,70.5,,337800.0
2013-02-15,70.68,70.73,70.44,70.52,,121000.0
2013-02-19,70.59,71.84,70.54,71.84,,413700.0
2013-02-20,71.67,71.94,70.94,70.97,,339400.0
2013-02-21,70.8,71.88,70.57,71.63,,468400.0
2013-02-22,72.01,72.01,70.96,71.67,,184000.0
2013-02-25,72.02,72.52,71.22,71.31,,466700.0
2013-02-26,71.77,72.3,71.41,71.88,,604000.0
2013-02-27,72.0,73.18,72.0,72.59,,371300.0
2013-02-28,72.74,74.14,72.64,73.11,,535800.0
2013-03-01,72.91,73.39,72.04,73.17,,385200.0
2013-03-04,72.68,72.89,72.38,72.83,,362700.0
2013-03-05,72.94,74.29,72.94,74.07,,196300.0
2013-03-06,74.08,74.37,73.68,73.76,,144100.0
2013-03-07,73.52,73.81,73.26,73.28,,137100.0
2013-03-08,73.13,73.79,73.09,73.67,,276200.0
2013-03-11,73.17,74.27,73.17,74.11,,101500.0
2013-03-12,74.04,74.64,73.91,74.61,,137200.0
2013-03-13,74.62,74.83,74.41,74.72,,393600.0
2013-03-14,74.89,75.64,74.82,75.53,,343600.0
2013-03-15,75.23,75.31,74.73,75.16,,232000.0
2013-03-18,74.55,74.94,74.3,74.56,,206200.0
2013-03-19,74.57,74.78,74.11,74.72,,191400.0
2013-03-20,74.97,75.27,74.74,74.82,,178600.0
2013-03-21,74.51,75.02,74.29,74.54,,258600.0
2013-03-22,74.49,75.02,74.39,74.78,,250900.0
2013-03-25,75.06,75.39,74.54,75.25,,231700.0
2013-03-26,75.6,76.22,75.57,76.22,,108400.0
2013-03-27,75.98,76.53,75.41,76.53,,185300.0
2013-03-28,76.77,77.66,76.47,77.6,,311100.0
2013-04-01,77.22,77.42,76.9,77.37,,627900.0
2013-04-02,77.19,78.19,77.19,77.94,,490300.0
2013-04-03,77.99,78.12,77.28,77.57,,477400.0
2013-04-04,77.73,78.33,77.43,78.33,,274300.0
2013-04-05,77.62,78.37,77.19,77.99,,609300.0
2013-04-08,78.06,78.61,77.59,78.55,,600400.0
2013-04-09,78.98,79.71,78.55,79.14,,678300.0
2013-04-10,79.13,80.31,78.95,79.9,,412800.0
2013-04-11,79.87,80.3,79.33,79.39,,377200.0
2013-04-12,79.39,79.41,77.74,78.51,,762800.0
2013-04-15,78.32,78.7,77.14,77.22,,299300.0
2013-04-16,77.64,78.08,76.85,78.01,,256400.0
2013-04-17,77.54,77.72,76.47,76.84,,247600.0
2013-04-18,76.86,76.91,75.64,76.08,,398600.0
2013-04-19,76.2,77.0,75.77,76.68,,333500.0
2013-04-22,76.67,76.67,76.11,76.42,,219100.0
2013-04-23,76.79,76.91,76.21,76.86,,340700.0
2013-04-24,76.91,76.92,76.35,76.51,,161600.0
2013-04-25,76.81,76.81,76.07,76.2,,182000.0
2013-04-26,76.12,76.31,75.41,75.53,,201300.0
2013-04-29,75.87,75.87,75.27,75.52,,404300.0
2013-04-30,75.31,75.31,71.13,71.74,,1195400.0
2013-05-01,71.37,71.8,70.61,71.03,,666800.0
2013-05-02,71.25,72.09,71.0,71.38,,335800.0
2013-05-03,71.73,72.08,71.57,71.93,,384900.0
2013-05-06,71.93,72.08,71.37,71.4,,275900.0
2013-05-07,71.36,72.0,71.18,71.88,,320800.0
2013-05-08,71.91,72.83,71.69,72.82,,279300.0
2013-05-09,72.77,73.51,72.72,73.36,,350200.0
2013-05-10,73.59,73.92,73.41,73.85,,322100.0
2013-05-13,73.89,73.9,73.45,73.55,,171000.0
2013-05-14,73.29,74.16,73.29,74.13,,332500.0
2013-05-15,73.89,74.37,73.72,74.36,,262200.0
2013-05-16,74.18,74.36,73.92,74.33,,590700.0
2013-05-17,74.6,74.76,73.93,74.16,,155000.0
2013-05-20,74.17,74.44,73.59,73.65,,116000.0
2013-05-21,73.74,73.79,72.94,73.08,,297000.0
2013-05-22,73.13,73.94,71.64,71.91,,194700.0
2013-05-23,71.49,72.49,71.36,72.2,,179700.0
2013-05-24,72.54,72.8,71.87,72.58,,130000.0
2013-05-28,73.14,73.86,72.61,72.69,,121700.0
2013-05-29,72.46,72.46,71.58,72.05,,200200.0
2013-05-30,72.12,72.75,71.9,72.73,,150200.0
2013-05-31,72.51,72.95,72.18,72.23,,186400.0
2013-06-03,72.31,72.31,70.76,71.67,,188900.0
2013-06-04,71.63,71.99,71.19,71.77,,219000.0
2013-06-05,71.5,71.57,70.44,70.55,,204100.0
2013-06-06,70.73,71.36,70.09,71.36,,179000.0
2013-06-07,72.24,73.02,72.01,72.31,,265200.0
2013-06-10,72.39,72.39,71.71,72.08,,198200.0
2013-06-11,71.91,72.22,71.31,71.82,,134500.0
2013-06-12,71.84,71.96,71.19,71.37,,132100.0
2013-06-13,71.25,71.8,70.77,71.72,,171300.0
2013-06-14,71.71,71.96,71.42,71.84,,180400.0
2013-06-17,72.23,72.48,71.62,71.84,,201200.0
2013-06-18,71.97,72.7,71.84,72.52,,98300.0
2013-06-19,72.37,72.41,71.19,71.23,,92600.0
2013-06-20,70.46,70.63,69.37,69.75,,181900.0
2013-06-21,70.08,70.08,69.47,69.77,,297800.0
2013-06-24,69.05,69.48,68.08,69.26,,168500.0
2013-06-25,69.41,70.07,69.02,69.94,,214600.0
2013-06-26,70.39,70.96,70.15,70.69,,229800.0
2013-06-27,71.07,71.61,70.95,71.48,,157200.0
2013-06-28,71.44,71.94,70.95,71.46,,201400.0
2013-07-01,71.65,72.65,71.5,72.39,,181800.0
2013-07-02,72.39,73.19,71.58,71.94,,151300.0
2013-07-03,71.75,72.79,71.31,71.97,,226000.0
2013-07-05,72.45,72.45,71.7,72.31,,128800.0
2013-07-08,72.33,72.94,72.17,72.45,,160000.0
2013-07-09,72.87,72.87,71.45,71.49,,222200.0
2013-07-10,71.49,71.89,71.38,71.68,,198100.0
2013-07-11,72.4,72.4,71.78,71.94,,216300.0
2013-07-12,71.89,73.31,71.76,72.95,,330100.0
2013-07-15,72.77,73.31,71.68,72.19,,336800.0
2013-07-16,72.08,72.3,71.09,71.31,,297600.0
2013-07-17,71.72,72.2,71.48,71.94,,195500.0
2013-07-18,72.07,72.92,72.07,72.87,,211900.0
2013-07-19,72.59,73.61,72.53,73.23,,390000.0
2013-07-22,73.1,73.94,73.1,73.51,,329900.0
2013-07-23,73.66,73.74,73.24,73.7,,129400.0
2013-07-24,73.74,73.87,73.14,73.21,,136700.0
2013-07-25,73.18,73.48,72.78,73.25,,147600.0
2013-07-26,72.97,73.68,72.47,73.48,,172900.0
2013-07-29,73.26,73.56,72.65,73.29,,117900.0
2013-07-30,73.62,74.09,72.94,72.99,,220500.0
2013-07-31,71.93,74.3,71.93,73.25,,431500.0
2013-08-01,73.86,74.09,72.66,73.11,,413100.0
2013-08-02,72.97,73.05,72.43,72.93,,161100.0
2013-08-05,72.68,73.02,72.44,72.72,,196700.0
2013-08-06,72.6,72.82,71.96,72.25,,407900.0
2013-08-07,72.13,72.27,71.55,71.71,,178300.0
2013-08-08,72.1,72.1,71.33,71.45,,542300.0
2013-08-09,71.15,71.81,70.9,71.24,,248500.0
2013-08-12,70.96,71.52,70.73,71.37,,382000.0
2013-08-13,71.47,71.76,71.1,71.65,,433700.0
2013-08-14,71.66,71.85,71.34,71.39,,356400.0
2013-08-15,70.64,71.18,69.6,70.14,,386400.0
2013-08-16,69.83,70.09,68.93,69.47,,179500.0
2013-08-19,69.47,69.91,69.25,69.8,,239100.0
2013-08-20,69.9,70.82,69.68,70.8,,297600.0
2013-08-21,70.65,70.72,69.74,70.16,,309600.0
2013-08-22,70.15,71.35,69.73,71.12,,189200.0
2013-08-23,71.3,71.65,70.53,71.38,,220100.0
2013-08-26,71.41,72.83,71.15,72.8,,410200.0
2013-08-27,72.44,72.62,72.1,72.42,,324400.0
2013-08-28,72.28,72.53,72.0,72.09,,378700.0
2013-08-29,72.13,72.43,71.72,72.29,,132900.0
2013-08-30,72.2,72.41,71.29,71.39,,191700.0
2013-09-03,71.73,72.24,70.09,70.5,,419000.0
2013-09-04,70.35,71.93,70.35,71.73,,264200.0
2013-09-05,71.86,72.04,71.08,71.45,,150800.0
2013-09-06,71.73,72.35,70.48,71.87,,358800.0
2013-09-09,71.94,72.2,71.65,72.1,,149400.0
2013-09-10,72.16,72.53,71.81,72.26,,258700.0
2013-09-11,72.42,73.26,72.31,72.81,,298000.0
2013-09-12,72.82,72.82,72.01,72.52,,171700.0
2013-09-13,72.45,72.65,72.3,72.4,,83700.0
2013-09-16,73.99,74.17,73.21,73.66,,268200.0
2013-09-17,73.66,74.93,73.47,74.81,,271300.0
2013-09-18,75.35,76.27,75.07,76.01,,362400.0
2013-09-19,76.01,76.33,75.48,75.63,,145600.0
2013-09-20,75.93,75.93,75.36,75.42,,237800.0
2013-09-23,75.42,75.66,75.03,75.43,,114200.0
2013-09-24,75.27,76.02,75.18,75.67,,337000.0
2013-09-25,75.54,75.83,75.24,75.4,,469100.0
2013-09-26,75.61,75.76,74.93,75.47,,150300.0
2013-09-27,75.12,75.95,74.99,75.93,,198100.0
2013-09-30,75.07,76.6,75.07,76.21,,400900.0
2013-10-01,75.98,76.72,75.97,76.41,,560100.0
2013-10-02,76.2,76.63,75.62,76.41,,179900.0
2013-10-03,76.41,76.92,75.59,76.34,,359500.0
2013-10-04,76.24,76.54,76.18,76.33,,114600.0
2013-10-07,75.89,76.75,75.53,76.27,,200800.0
2013-10-08,76.22,76.55,75.87,75.99,,181400.0
2013-10-09,76.01,76.82,75.97,76.61,,328800.0
2013-10-10,76.97,77.34,76.67,77.14,,220500.0
2013-10-11,76.88,77.89,76.68,77.86,,151500.0
2013-10-14,77.7,78.98,77.66,78.88,,208500.0
2013-10-15,78.57,78.72,78.08,78.11,,206000.0
2013-10-16,78.66,79.24,78.53,79.07,,195200.0
2013-10-17,78.78,80.0,78.65,79.95,,151900.0
2013-10-18,80.01,80.05,78.63,79.88,,192600.0
2013-10-21,79.81,80.53,79.61,80.05,,414000.0
2013-10-22,80.1,80.53,79.65,80.08,,393500.0
2013-10-23,79.89,80.89,79.88,80.89,,204300.0
2013-10-24,80.91,81.18,79.87,80.02,,151700.0
2013-10-25,80.1,80.44,79.73,80.27,,166200.0
2013-10-28,80.18,80.81,79.85,80.32,,146600.0
2013-10-29,80.53,80.96,80.18,80.95,,248900.0
2013-10-30,82.0,85.13,80.95,84.74,,639800.0
2013-10-31,84.9,86.03,84.78,85.38,,422100.0
2013-11-01,85.44,86.08,84.81,85.68,,175000.0
2013-11-04,86.11,86.54,85.21,86.52,,367800.0
2013-11-05,85.92,86.28,85.41,86.15,,170500.0
2013-11-06,86.33,86.54,85.63,86.16,,179300.0
2013-11-07,86.16,86.74,85.46,85.48,,209700.0
2013-11-08,85.11,86.16,85.11,86.11,,130000.0
2013-11-11,85.62,87.3,85.36,87.08,,279600.0
2013-11-12,87.05,87.75,86.69,87.54,,536000.0
2013-11-13,87.37,88.61,87.27,88.58,,231000.0
2013-11-14,88.59,88.88,88.13,88.34,,226000.0
2013-11-15,88.1,88.41,87.96,87.97,,343300.0
2013-11-18,87.97,88.67,87.72,87.88,,300600.0
2013-11-19,87.88,89.46,87.78,89.21,,252500.0
2013-11-20,89.5,89.53,88.29,89.42,,220200.0
2013-11-21,89.43,90.61,89.39,90.47,,161800.0
2013-11-22,90.38,91.0,89.72,90.42,,167100.0
2013-11-25,90.36,92.1,90.36,91.03,,139900.0
2013-11-26,90.83,92.14,90.57,91.85,,219700.0
2013-11-27,91.9,92.1,91.21,91.71,,191500.0
2013-11-29,91.72,92.08,91.2,91.38,,70000.0
2013-12-02,91.4,91.65,89.89,90.58,,469200.0
2013-12-03,90.25,90.39,89.27,90.25,,214000.0
2013-12-04,89.78,90.51,89.13,90.02,,424600.0
2013-12-05,89.9,90.32,89.02,89.6,,154200.0
2013-12-06,89.75,90.99,89.65,90.33,,117800.0
2013-12-09,90.42,90.94,89.28,90.32,,187500.0
2013-12-10,89.97,90.16,89.47,89.57,,157800.0
2013-12-11,89.77,89.77,88.0,88.13,,236800.0
2013-12-12,88.12,88.84,87.71,88.21,,137900.0
2013-12-13,88.65,88.66,87.37,87.58,,229400.0
2013-12-16,88.24,89.18,87.83,87.96,,298000.0
2013-12-17,87.75,87.75,85.85,87.23,,316200.0
2013-12-18,87.24,87.96,86.34,87.76,,338600.0
2013-12-19,87.68,87.68,86.36,86.9,,276100.0
2013-12-20,86.73,87.36,86.36,86.95,,387000.0
2013-12-23,86.95,87.74,86.81,87.69,,149800.0
2013-12-24,87.89,88.35,87.49,87.71,,71900.0
2013-12-26,87.82,88.15,87.08,87.76,,73000.0
2013-12-27,87.88,87.88,86.97,87.5,,132600.0
2013-12-30,87.49,87.75,87.35,87.43,,127100.0
2013-12-31,87.54,87.68,86.96,87.24,,102700.0
2014-01-02,87.05,87.05,85.88,86.21,,216100.0
2014-01-03,86.99,87.12,85.99,86.3,,230400.0
2014-01-06,86.77,86.86,86.16,86.37,,275300.0
2014-01-07,86.51,87.7,86.33,87.49,,235500.0
2014-01-08,87.49,88.72,87.49,87.98,,238600.0
2014-01-09,88.07,90.16,87.92,90.16,,350100.0
2014-01-10,90.04,90.62,89.41,90.25,,434000.0
2014-01-13,90.01,90.26,89.39,89.58,,195700.0
2014-01-14,89.75,90.12,89.1,90.05,,217500.0
2014-01-15,90.08,90.39,89.31,89.98,,235600.0
2014-01-16,89.7,90.44,89.49,90.16,,185100.0
2014-01-17,90.12,90.55,89.54,89.65,,115500.0
2014-01-21,89.96,90.01,88.67,89.82,,219000.0
2014-01-22,89.98,90.01,89.52,89.83,,279300.0
2014-01-23,89.45,89.92,88.97,89.66,,154600.0
2014-01-24,89.32,89.32,86.56,87.72,,382000.0
2014-01-27,87.71,87.84,86.53,86.53,,214200.0
2014-01-28,86.74,87.5,86.67,87.0,,158100.0
2014-01-29,86.3,87.16,85.98,86.91,,200600.0
2014-01-30,87.27,87.98,86.55,87.66,,202500.0
2014-01-31,87.22,87.36,86.43,87.04,,224700.0
2014-02-03,87.04,87.33,83.8,84.53,,447400.0
2014-02-04,84.8,85.32,84.1,84.75,,366200.0
2014-02-05,84.6,86.45,84.35,85.38,,282600.0
2014-02-06,85.58,86.29,84.89,85.03,,226100.0
2014-02-07,85.28,86.26,85.04,86.23,,146200.0
2014-02-10,86.07,86.67,85.74,86.11,,279000.0
2014-02-11,86.31,87.48,85.66,87.47,,303000.0
2014-02-12,87.47,88.02,87.08,87.96,,321600.0
2014-02-13,87.69,89.74,87.26,89.61,,253600.0
2014-02-14,89.64,90.26,89.2,89.34,,228500.0
2014-02-18,89.48,90.75,88.91,90.29,,248200.0
2014-02-19,90.02,90.94,89.68,89.8,,199300.0
2014-02-20,89.87,90.92,89.27,90.78,,293000.0
2014-02-21,93.72,96.21,90.78,94.06,,991800.0
2014-02-24,94.32,95.28,93.41,93.48,,562500.0
2014-02-25,93.76,95.26,93.15,94.93,,521300.0
2014-02-26,94.96,95.56,93.77,93.99,,316300.0
2014-02-27,93.99,94.88,93.29,94.77,,206200.0
2014-02-28,94.71,95.98,94.2,95.12,,170900.0
2014-03-03,94.37,95.07,93.44,93.67,,425700.0
2014-03-04,94.25,94.73,93.73,94.03,,624500.0
2014-03-05,94.03,95.24,93.53,94.49,,507700.0
2014-03-06,94.26,96.02,94.26,95.49,,273100.0
2014-03-07,95.87,96.37,95.02,95.96,,202400.0
2014-03-10,95.96,96.8,95.22,95.32,,212900.0
2014-03-11,95.14,96.56,94.87,95.17,,443200.0
2014-03-12,94.86,95.91,94.46,95.89,,300400.0
2014-03-13,96.06,96.7,95.2,95.41,,265600.0
2014-03-14,95.29,96.38,95.26,96.0,,162500.0
2014-03-17,96.41,97.3,96.4,96.9,,153200.0
2014-03-18,97.21,97.42,96.83,97.01,,306000.0
2014-03-19,97.86,98.08,96.94,97.44,,252800.0
2014-03-20,97.37,97.42,96.62,96.97,,562600.0
2014-03-21,97.62,99.06,97.12,98.22,,745000.0
2014-03-24,98.92,99.05,97.39,98.38,,421800.0
2014-03-25,98.54,99.41,97.96,98.3,,506000.0
2014-03-26,98.66,99.51,98.44,98.95,,343800.0
2014-03-27,99.2,99.2,97.16,98.09,,437300.0
2014-03-28,98.22,99.18,97.64,98.54,,246100.0
2014-03-31,98.97,100.19,98.57,100.01,,270200.0
2014-04-01,100.21,100.72,99.22,100.23,,458000.0
2014-04-02,100.25,101.63,99.85,101.09,,401000.0
2014-04-03,101.27,101.64,100.3,101.36,,334100.0
2014-04-04,102.14,102.33,99.33,99.47,,262200.0
2014-04-07,99.01,99.5,97.85,98.36,,309500.0
2014-04-08,98.18,98.46,97.04,97.86,,236500.0
2014-04-09,98.0,98.61,97.43,98.15,,216000.0
2014-04-10,97.82,98.04,95.25,95.51,,364200.0
2014-04-11,95.17,96.03,94.93,95.17,,249100.0
2014-04-14,95.26,96.19,94.78,95.5,,199700.0
2014-04-15,95.52,96.14,94.22,95.5,,348800.0
2014-04-16,96.44,96.47,95.17,95.29,,193100.0
2014-04-17,95.19,95.69,94.68,94.98,,284700.0
2014-04-21,95.23,96.35,95.01,96.27,,227500.0
2014-04-22,96.33,97.19,95.64,95.79,,223400.0
2014-04-23,95.43,95.77,94.72,95.23,,204200.0
2014-04-24,95.69,95.69,94.38,94.74,,208100.0
2014-04-25,94.4,94.47,93.3,93.67,,225300.0
2014-04-28,93.89,94.33,92.85,94.04,,246600.0
2014-04-29,94.36,95.0,93.64,94.71,,424500.0
2014-04-30,94.12,95.84,93.64,95.21,,339100.0
2014-05-01,95.81,98.3,94.77,96.19,,570800.0
2014-05-02,96.29,97.79,96.06,96.95,,315600.0
2014-05-05,96.65,97.21,95.83,96.64,,204000.0
2014-05-06,96.34,97.08,95.82,96.94,,210700.0
2014-05-07,97.38,98.33,96.17,98.26,,226200.0
2014-05-08,98.17,98.98,96.83,97.23,,249600.0
2014-05-09,97.06,98.0,96.26,98.0,,453600.0
2014-05-12,98.4,99.49,98.4,99.15,,161700.0
2014-05-13,99.17,99.78,98.8,99.1,,219400.0
2014-05-14,98.81,99.47,98.46,99.09,,260200.0
2014-05-15,98.97,98.97,97.63,98.11,,171800.0
2014-05-16,98.1,98.49,97.11,98.12,,136100.0
2014-05-19,98.14,99.08,97.79,98.94,,152100.0
2014-05-20,99.01,99.01,97.43,98.03,,151200.0
2014-05-21,98.22,98.82,98.11,98.78,,158300.0
2014-05-22,98.76,99.07,98.25,98.71,,95200.0
2014-05-23,98.64,98.8,97.98,98.51,,152800.0
2014-05-27,98.74,99.33,98.22,99.27,,100500.0
2014-05-28,99.21,100.06,99.01,99.54,,210700.0
2014-05-29,100.11,100.3,99.22,99.81,,132700.0
2014-05-30,99.72,100.57,99.24,99.77,,108900.0
2014-06-02,99.92,99.92,98.81,99.21,,248400.0
2014-06-03,98.97,100.21,98.62,100.02,,121600.0
2014-06-04,100.02,101.04,99.82,100.6,,172900.0
2014-06-05,100.63,101.22,100.21,100.76,,74900.0
2014-06-06,100.82,101.02,100.52,100.81,,139300.0
2014-06-09,100.68,101.12,100.21,100.66,,90400.0
2014-06-10,100.34,100.86,99.49,100.06,,165300.0
2014-06-11,99.83,100.27,99.19,99.6,,57600.0
2014-06-12,99.43,99.75,98.6,99.46,,153900.0
2014-06-13,99.47,99.79,97.7,98.07,,122700.0
2014-06-16,98.33,98.79,97.39,97.42,,173700.0
2014-06-17,97.6,99.25,97.32,97.7,,233500.0
2014-06-18,97.84,98.69,97.31,98.58,,199800.0
2014-06-19,98.45,99.21,98.09,98.49,,94400.0
2014-06-20,98.12,98.83,98.11,98.51,,241300.0
2014-06-23,98.65,99.01,98.07,98.41,,96700.0
2014-06-24,98.25,99.21,97.79,98.0,,107700.0
2014-06-25,97.9,98.71,97.54,98.42,,124400.0
2014-06-26,98.42,98.64,97.53,98.41,,78600.0
2014-06-27,98.07,98.78,98.07,98.4,,79700.0
2014-06-30,98.51,98.87,97.71,98.8,,141900.0
2014-07-01,98.99,101.09,98.99,100.77,,233400.0
2014-07-02,100.51,100.89,100.26,100.54,,144100.0
2014-07-03,100.6,101.0,100.31,100.43,,67500.0
2014-07-07,99.98,99.99,99.03,99.13,,104300.0
2014-07-08,99.24,99.3,98.2,99.01,,146900.0
2014-07-09,99.06,99.75,98.79,99.37,,250700.0
2014-07-10,98.71,99.94,98.14,99.78,,124100.0
2014-07-11,99.75,100.22,99.3,100.08,,65700.0
2014-07-14,100.61,100.61,99.86,100.29,,108100.0
2014-07-15,100.29,100.58,99.42,100.19,,97900.0
2014-07-16,100.51,100.51,98.58,99.42,,318700.0
2014-07-17,99.07,100.0,98.26,98.52,,308100.0
2014-07-18,98.91,99.29,98.17,98.9,,181600.0
2014-07-21,98.26,98.92,97.83,98.62,,94000.0
2014-07-22,98.82,99.74,98.02,99.44,,177700.0
2014-07-23,100.34,100.34,99.28,99.62,,52700.0
2014-07-24,99.56,100.0,99.16,99.51,,153500.0
2014-07-25,99.28,99.41,98.71,99.14,,201800.0
2014-07-28,99.0,100.19,98.42,99.9,,198700.0
2014-07-29,99.89,100.46,98.89,98.96,,223200.0
2014-07-30,101.98,104.08,100.89,101.89,,765900.0
2014-07-31,101.88,102.1,100.52,100.8,,217100.0
2014-08-01,100.63,100.84,98.57,99.31,,254600.0
2014-08-04,99.33,100.09,98.03,100.01,,174300.0
2014-08-05,99.6,100.73,99.45,99.51,,231700.0
2014-08-06,99.56,99.8,98.28,98.36,,268100.0
2014-08-07,98.4,98.47,97.08,97.4,,275200.0
2014-08-08,97.26,98.64,96.71,98.57,,125600.0
2014-08-11,99.17,99.68,98.4,98.42,,154800.0
2014-08-12,98.22,98.65,97.58,97.78,,236000.0
2014-08-13,98.0,99.69,98.0,99.15,,272700.0
2014-08-14,99.38,99.71,98.88,99.58,,122700.0
2014-08-15,100.19,100.55,98.52,99.72,,93300.0
2014-08-18,99.73,100.51,99.53,100.38,,176300.0
2014-08-19,100.38,100.97,100.28,100.73,,99800.0
2014-08-20,100.44,101.24,100.18,100.88,,92700.0
2014-08-21,101.07,101.6,100.57,101.59,,100800.0
2014-08-22,101.84,102.08,101.16,101.72,,154200.0
2014-08-25,102.22,102.91,101.96,102.28,,232900.0
2014-08-26,102.68,103.01,101.83,102.44,,397000.0
2014-08-27,102.31,102.86,101.91,102.49,,112800.0
2014-08-28,102.48,102.58,101.75,102.16,,118500.0
2014-08-29,102.58,102.94,101.77,102.76,,118300.0
2014-09-02,102.67,103.53,102.49,103.17,,204200.0
2014-09-03,103.74,104.07,102.77,103.22,,173200.0
2014-09-04,103.55,103.58,102.51,102.87,,109300.0
2014-09-05,102.91,103.92,102.06,102.96,,110700.0
2014-09-08,102.65,103.07,102.17,103.01,,96200.0
2014-09-09,102.64,103.41,102.18,102.96,,143400.0
2014-09-10,102.87,103.51,102.51,102.78,,136500.0
2014-09-11,102.55,103.62,102.51,103.44,,138600.0
2014-09-12,103.67,103.67,102.68,102.87,,178300.0
2014-09-15,102.97,102.97,101.65,102.02,,92400.0
2014-09-16,102.16,102.85,101.38,102.78,,184200.0
2014-09-17,102.66,102.66,101.83,102.3,,179400.0
2014-09-18,102.56,103.02,102.31,102.6,,101600.0
2014-09-19,102.62,102.62,101.33,101.7,,250000.0
2014-09-22,101.7,101.76,100.55,100.92,,119085.0
2014-09-23,100.32,100.51,99.4,99.64,,187380.0
2014-09-24,99.34,100.22,98.98,100.17,,163702.0
2014-09-25,99.54,100.24,98.61,99.74,,268264.0
2014-09-26,99.69,100.5,99.45,99.67,,112285.0
2014-09-29,98.79,100.42,98.79,99.99,,139385.0
2014-09-30,100.2,100.4,98.47,98.59,,193307.0
2014-10-01,98.75,99.28,97.63,98.73,,245502.0
2014-10-02,99.0,99.5,98.54,99.25,,155915.0
2014-10-03,99.67,100.61,98.94,100.22,,183745.0
2014-10-06,100.71,102.7,100.48,102.48,,332001.0
2014-10-07,101.71,102.78,101.27,101.3,,310143.0
2014-10-08,101.19,103.23,100.66,103.2,,240640.0
2014-10-09,102.81,103.31,101.48,101.72,,425339.0
2014-10-10,102.04,102.22,100.36,100.43,,160477.0
2014-10-13,100.21,100.95,98.81,98.93,,217573.0
2014-10-14,99.0,100.07,98.73,98.9,,219835.0
2014-10-15,96.4,98.99,95.69,98.12,,552920.0
2014-10-16,96.57,97.93,96.17,97.62,,236106.0
2014-10-17,98.72,100.15,97.65,99.72,,281595.0
2014-10-20,99.72,100.84,99.56,100.55,,1056192.0
2014-10-21,101.0,102.7,101.0,102.56,,568241.0
2014-10-22,102.97,103.3,101.94,102.21,,258442.0
2014-10-23,103.13,103.87,102.93,103.32,,272818.0
2014-10-24,103.69,104.71,103.07,104.09,,198662.0
2014-10-27,103.65,104.65,103.63,104.17,,209225.0
2014-10-28,104.22,105.22,103.81,105.16,,301269.0
2014-10-29,106.96,107.29,103.64,105.34,,288810.0
2014-10-30,103.2,107.35,103.2,105.94,,317137.0
2014-10-31,107.25,107.48,106.3,107.11,,276132.0
2014-11-03,106.8,107.37,106.34,106.76,,181167.0
2014-11-04,106.62,107.62,106.3,106.57,,284596.0
2014-11-05,107.39,107.84,106.2,106.28,,244491.0
2014-11-06,106.43,107.58,106.28,107.22,,171357.0
2014-11-07,106.92,107.14,106.59,106.91,,226365.0
2014-11-10,106.4,107.47,106.4,107.12,,192065.0
2014-11-11,107.27,107.52,106.37,107.31,,249590.0
2014-11-12,106.77,107.93,106.19,107.76,,204276.0
2014-11-13,107.77,108.32,107.71,107.92,,217472.0
2014-11-14,107.98,108.75,107.57,108.1,,382302.0
2014-11-17,107.87,109.07,107.87,108.52,,224632.0
2014-11-18,108.66,109.48,108.05,108.4,,274364.0
2014-11-19,108.07,108.89,107.67,108.37,,244077.0
2014-11-20,107.58,108.67,107.58,108.6,,272227.0
2014-11-21,109.42,109.8,108.82,109.53,,270599.0
2014-11-24,109.94,111.4,109.49,111.39,,260490.0
2014-11-25,111.83,111.83,111.13,111.45,,306718.0
2014-11-26,111.6,112.03,111.46,111.98,,300692.0
2014-11-28,112.26,112.96,112.11,112.17,,150959.0
2014-12-01,112.15,112.27,110.94,111.12,,317716.0
2014-12-02,110.94,111.97,110.66,111.69,,319355.0
2014-12-03,111.6,111.9,111.29,111.65,,160926.0
2014-12-04,111.24,112.37,111.0,111.89,,191385.0
2014-12-05,111.73,112.01,111.55,111.67,,97410.0
2014-12-08,111.54,112.53,110.83,111.02,,183755.0
2014-12-09,110.28,110.99,109.85,110.57,,265268.0
2014-12-10,110.62,110.62,108.14,108.33,,230786.0
2014-12-11,109.09,109.46,108.35,108.52,,134344.0
2014-12-12,108.03,108.42,107.84,108.02,,208278.0
2014-12-15,108.26,108.26,105.04,105.76,,348855.0
2014-12-16,105.45,106.8,104.89,105.47,,286250.0
2014-12-17,106.1,107.66,105.14,107.59,,385785.0
2014-12-18,108.54,109.45,107.54,109.43,,568274.0
2014-12-19,109.35,111.11,109.35,110.66,,319056.0
2014-12-22,110.63,111.2,110.14,110.47,,113351.0
2014-12-23,110.86,110.86,108.75,109.71,,176241.0
2014-12-24,109.71,110.83,109.34,109.97,,103516.0
2014-12-26,110.36,110.6,109.72,109.95,,79439.0
2014-12-29,110.13,110.16,109.31,109.76,,131068.0
2014-12-30,109.32,110.24,109.21,109.41,,133926.0
2014-12-31,109.81,110.19,107.98,108.09,,114307.0
2015-01-02,108.77,109.07,107.1,107.93,,155511.0
2015-01-05,105.27,106.75,104.64,105.56,,318642.0
2015-01-06,105.46,105.85,103.24,104.09,,406406.0
2015-01-07,105.21,105.76,104.28,104.91,,350389.0
2015-01-08,104.91,105.81,104.9,105.46,,499376.0
2015-01-09,105.42,105.58,104.97,105.1,,268383.0
2015-01-12,105.02,105.25,104.27,104.35,,286379.0
2015-01-13,104.5,106.03,103.89,104.54,,293404.0
2015-01-14,104.09,104.83,103.46,104.51,,214675.0
2015-01-15,104.51,105.09,103.27,104.03,,237761.0
2015-01-16,103.55,104.7,102.96,103.8,,355850.0
2015-01-20,103.8,104.87,103.03,104.26,,484964.0
2015-01-21,104.0,104.84,103.12,103.96,,311266.0
2015-01-22,104.43,104.92,103.07,104.68,,353298.0
2015-01-23,104.51,106.09,104.47,105.16,,197515.0
2015-01-26,105.16,106.23,104.53,106.22,,260309.0
2015-01-27,104.81,105.66,104.48,105.2,,190402.0
2015-01-28,105.87,105.88,104.08,104.44,,144799.0
2015-01-29,104.65,105.4,103.56,105.31,,135684.0
2015-01-30,104.89,105.2,102.71,103.14,,209265.0
2015-02-02,103.21,103.9,101.15,103.13,,219677.0
2015-02-03,103.53,104.38,102.75,103.95,,286499.0
2015-02-04,103.49,104.41,103.08,103.5,,179588.0
2015-02-05,103.67,104.58,102.63,104.32,,151277.0
2015-02-06,104.42,105.28,103.43,104.02,,230933.0
2015-02-09,103.58,103.62,102.66,103.0,,150210.0
2015-02-10,103.29,103.97,102.44,103.68,,295479.0
2015-02-11,103.61,105.41,103.61,104.78,,290644.0
2015-02-12,105.44,105.44,104.35,105.06,,212906.0
2015-02-13,104.94,105.78,104.55,105.5,,186884.0
2015-02-17,106.26,107.84,105.99,107.8,,296941.0
2015-02-18,107.87,109.57,107.42,109.45,,348564.0
2015-02-19,109.12,109.52,108.52,109.35,,286103.0
2015-02-20,111.01,113.17,109.03,113.12,,530824.0
2015-02-23,114.1,115.88,113.29,114.43,,693545.0
2015-02-24,114.43,115.82,114.37,115.78,,412150.0
2015-02-25,115.71,115.84,113.39,113.91,,430532.0
2015-02-26,113.99,114.73,113.05,114.12,,164840.0
2015-02-27,113.98,115.32,113.81,114.88,,182765.0
2015-03-02,114.67,116.1,114.67,116.03,,160244.0
2015-03-03,115.29,115.96,114.87,115.56,,200589.0
2015-03-04,114.75,115.71,114.08,114.39,,236567.0
2015-03-05,114.65,115.37,113.98,115.13,,194964.0
2015-03-06,115.46,115.46,113.33,113.91,,182695.0
2015-03-09,113.88,114.22,113.22,114.08,,147792.0
2015-03-10,113.19,114.29,112.34,113.18,,224130.0
2015-03-11,113.4,113.52,112.33,112.67,,204978.0
2015-03-12,113.27,114.16,112.72,113.28,,264653.0
2015-03-13,112.91,113.64,111.36,112.26,,270152.0
2015-03-16,112.86,113.76,112.79,113.37,,274165.0
2015-03-17,113.37,113.54,112.56,113.17,,205173.0
2015-03-18,113.0,113.54,112.52,113.08,,384619.0
2015-03-19,113.05,113.46,112.62,113.2,,259692.0
2015-03-20,113.69,113.69,112.9,113.26,,421415.0
2015-03-23,113.15,113.46,112.61,113.0,,342406.0
2015-03-24,112.74,114.54,112.56,114.23,,427156.0
2015-03-25,114.54,115.09,113.34,113.44,,264205.0
2015-03-26,113.26,113.26,111.73,112.48,,301914.0
2015-03-27,112.48,113.54,112.26,113.18,,191155.0
2015-03-30,113.88,114.66,112.88,114.26,,268864.0
2015-03-31,114.1,114.44,113.39,114.07,,675108.0
2015-04-01,113.78,114.67,112.21,112.91,,245784.0
2015-04-02,113.05,114.98,112.81,113.99,,342103.0
2015-04-06,113.51,115.19,113.51,114.91,,533707.0
2015-04-07,115.71,115.71,114.16,114.17,,156406.0
2015-04-08,114.14,114.67,113.77,114.22,,187838.0
2015-04-09,114.05,114.67,113.81,114.67,,157474.0
2015-04-10,115.04,115.04,113.77,114.37,,128827.0
2015-04-13,114.31,115.05,113.93,114.19,,167326.0
2015-04-14,114.1,114.1,112.58,113.08,,506193.0
2015-04-15,113.61,113.68,112.38,112.8,,322949.0
2015-04-16,112.97,113.3,112.18,113.29,,264246.0
2015-04-17,112.92,113.49,112.31,113.45,,215892.0
2015-04-20,113.51,114.93,113.51,114.72,,179039.0
2015-04-21,115.28,115.92,114.42,115.88,,332697.0
2015-04-22,115.68,116.25,114.95,116.13,,135595.0
2015-04-23,116.03,117.8,115.87,116.9,,309110.0
2015-04-24,117.3,118.36,116.21,117.98,,498701.0
2015-04-27,117.96,118.0,115.64,116.38,,354480.0
2015-04-28,116.06,116.83,114.61,116.4,,223503.0
2015-04-29,116.28,116.62,114.1,115.11,,331657.0
2015-04-30,114.94,117.49,114.94,116.08,,405781.0
2015-05-01,116.37,117.16,114.58,115.75,,291785.0
2015-05-04,115.7,117.65,115.64,117.64,,342859.0
2015-05-05,116.9,117.99,115.79,116.15,,420454.0
2015-05-06,116.54,116.54,115.14,115.84,,316844.0
2015-05-07,115.5,116.73,115.03,115.91,,393298.0
2015-05-08,116.94,117.53,116.2,117.34,,548258.0
2015-05-11,117.06,118.43,117.06,118.26,,279110.0
2015-05-12,117.63,120.02,117.2,119.39,,562527.0
2015-05-13,119.41,120.31,118.57,119.84,,504160.0
2015-05-14,120.46,122.61,119.7,122.36,,771158.0
2015-05-15,122.04,122.27,121.23,121.52,,694043.0
2015-05-18,121.13,122.2,121.03,121.77,,224765.0
2015-05-19,122.09,122.54,120.76,121.16,,314487.0
2015-05-20,120.79,121.78,120.43,120.85,,282153.0
2015-05-21,120.92,122.17,120.33,122.02,,260124.0
2015-05-22,122.87,123.29,122.0,122.79,,244308.0
2015-05-26,122.19,122.86,120.39,120.64,,278425.0
2015-05-27,121.14,122.3,120.5,122.11,,178595.0
2015-05-28,121.92,122.75,121.25,121.92,,311461.0
2015-05-29,121.48,122.64,121.16,121.86,,229573.0
2015-06-01,121.87,122.88,120.86,122.47,,210784.0
2015-06-02,122.22,122.35,121.28,122.13,,142990.0
2015-06-03,122.34,122.75,121.92,122.19,,252204.0
2015-06-04,122.18,122.69,121.79,122.62,,348075.0
2015-06-05,122.59,124.95,121.87,124.19,,871085.0
2015-06-08,123.88,125.08,123.31,123.72,,290673.0
2015-06-09,123.91,124.37,122.94,124.1,,321023.0
2015-06-10,124.46,125.08,124.14,124.67,,305449.0
2015-06-11,124.95,126.01,124.28,124.7,,201050.0
2015-06-12,124.38,124.45,123.12,123.92,,191187.0
2015-06-15,123.41,124.09,122.21,123.99,,177565.0
2015-06-16,124.23,124.78,123.59,124.55,,234413.0
2015-06-17,124.95,125.75,124.25,125.37,,191826.0
2015-06-18,125.77,126.36,125.28,126.14,,241505.0
2015-06-19,126.5,127.47,126.1,127.21,,341283.0
2015-06-22,127.81,128.54,127.4,128.42,,255074.0
2015-06-23,128.26,129.5,127.96,128.71,,267860.0
2015-06-24,128.56,129.6,127.18,127.7,,330248.0
2015-06-25,128.17,128.47,126.87,127.38,,268380.0
2015-06-26,127.77,129.96,127.31,129.45,,486986.0
2015-06-29,128.49,129.62,127.72,127.88,,291876.0
2015-06-30,128.83,129.56,127.6,128.21,,187470.0
2015-07-01,128.76,129.21,128.22,129.0,,370101.0
2015-07-02,129.04,129.19,127.79,128.6,,294883.0
2015-07-06,128.18,130.55,128.18,130.23,,504769.0
2015-07-07,130.73,130.73,128.26,129.59,,385872.0
2015-07-08,128.89,130.09,126.72,127.74,,602778.0
2015-07-09,128.7,129.34,127.22,127.3,,158679.0
2015-07-10,128.74,128.89,127.66,128.69,,144215.0
2015-07-13,129.26,130.87,129.17,130.78,,159522.0
2015-07-14,130.59,131.44,130.04,130.5,,241596.0
2015-07-15,130.26,130.62,129.18,129.6,,434160.0
2015-07-16,130.36,130.36,128.99,129.19,,218543.0
2015-07-17,129.36,129.64,128.3,129.54,,277870.0
2015-07-20,129.6,130.35,128.69,130.02,,236901.0
2015-07-21,130.17,130.85,129.96,130.56,,203558.0
2015-07-22,130.15,131.75,130.15,131.26,,252715.0
2015-07-23,131.43,132.03,130.72,131.12,,196716.0
2015-07-24,130.85,131.55,130.42,130.6,,282017.0
2015-07-27,130.04,130.8,129.62,130.2,,205672.0
2015-07-28,130.34,131.46,129.48,131.37,,288081.0
2015-07-29,131.43,132.99,130.88,132.77,,337764.0
2015-07-30,131.57,131.57,126.21,126.27,,479258.0
2015-07-31,127.32,127.8,126.15,126.83,,383974.0
2015-08-03,126.97,127.91,125.44,126.11,,186592.0
2015-08-04,126.11,126.92,125.45,125.94,,102589.0
2015-08-05,126.56,127.31,125.73,126.81,,178450.0
2015-08-06,126.42,127.53,126.07,126.59,,213518.0
2015-08-07,126.26,127.06,125.21,127.06,,291662.0
2015-08-10,127.26,127.91,126.83,127.23,,190035.0
2015-08-11,126.37,126.74,124.52,125.47,,208078.0
2015-08-12,124.78,125.99,123.63,125.3,,149087.0
2015-08-13,125.07,126.0,124.93,125.43,,99719.0
2015-08-14,125.58,127.04,125.28,127.0,,136595.0
2015-08-17,126.34,128.15,125.13,128.15,,193880.0
2015-08-18,128.14,129.08,128.13,128.3,,249754.0
2015-08-19,127.77,128.71,126.51,127.76,,258354.0
2015-08-20,126.66,127.31,124.58,124.63,,172542.0
2015-08-21,123.67,124.61,121.25,121.33,,304295.0
2015-08-24,116.55,120.5,115.9,118.93,,398967.0
2015-08-25,119.58,121.88,119.11,119.2,,252407.0
2015-08-26,121.12,121.56,118.22,121.3,,213519.0
2015-08-27,122.19,126.54,121.85,126.31,,342112.0
2015-08-28,125.89,126.47,124.83,125.73,,124839.0
2015-08-31,125.75,125.93,123.92,124.13,,193552.0
2015-09-01,122.35,122.7,119.43,120.1,,251168.0
2015-09-02,121.06,121.62,120.13,121.57,,249485.0
2015-09-03,122.23,123.03,121.83,122.58,,202051.0
2015-09-04,121.13,122.86,121.13,122.35,,247975.0
2015-09-08,123.63,125.81,123.25,125.47,,330717.0
2015-09-09,126.11,126.76,125.73,126.01,,412081.0
2015-09-10,126.53,127.96,125.37,127.58,,313894.0
2015-09-11,127.21,130.66,127.17,130.63,,220741.0
2015-09-14,130.63,130.63,128.88,129.33,,250702.0
2015-09-15,129.66,131.19,129.31,130.63,,186307.0
2015-09-16,130.53,131.35,129.9,131.04,,151007.0
2015-09-17,131.32,132.0,130.5,130.97,,191311.0
2015-09-18,129.72,130.73,129.32,129.73,,402017.0
2015-09-21,130.44,131.24,127.95,128.23,,391929.0
2015-09-22,126.93,127.7,125.65,126.47,,288379.0
2015-09-23,126.88,127.28,125.6,126.15,,499146.0
2015-09-24,125.17,125.66,123.57,124.18,,321979.0
2015-09-25,125.12,125.81,122.56,123.3,,415609.0
2015-09-28,122.64,122.64,117.53,118.56,,429812.0
2015-09-29,118.38,119.29,116.78,117.44,,374999.0
2015-09-30,118.87,119.52,116.76,117.88,,476860.0
2015-10-01,117.85,118.52,116.24,118.13,,243951.0
2015-10-02,116.79,120.91,116.58,120.88,,296291.0
2015-10-05,121.57,123.3,121.0,121.65,,473161.0
2015-10-06,121.62,121.62,115.91,116.96,,494689.0
2015-10-07,117.59,119.01,116.42,118.56,,320793.0
2015-10-08,118.08,119.13,117.7,118.77,,290521.0
2015-10-09,119.21,119.56,118.65,119.38,,204052.0
2015-10-12,119.38,120.26,118.66,120.16,,70355.0
2015-10-13,119.44,120.89,118.84,119.02,,95524.0
2015-10-14,119.05,120.01,118.33,118.55,,92673.0
2015-10-15,118.8,119.29,117.99,118.51,,298151.0
2015-10-16,118.91,120.58,118.79,120.29,,826845.0
2015-10-19,120.09,121.43,119.64,121.34,,158960.0
2015-10-20,121.01,121.38,120.14,120.38,,101525.0
2015-10-21,120.89,121.44,119.04,121.06,,206775.0
2015-10-22,121.54,121.54,117.48,118.35,,154954.0
2015-10-23,118.83,120.33,118.18,119.76,,174183.0
2015-10-26,119.63,120.57,119.25,119.84,,120953.0
2015-10-27,119.82,120.88,119.0,120.88,,199877.0
2015-10-28,120.92,123.31,120.08,123.29,,288880.0
2015-10-29,122.47,126.47,122.47,125.77,,475834.0
2015-10-30,125.78,126.79,123.64,126.22,,399802.0
2015-11-02,126.5,126.79,125.22,126.47,,379496.0
2015-11-03,126.44,126.74,125.44,126.57,,235856.0
2015-11-04,126.78,127.75,125.92,126.45,,217835.0
2015-11-05,126.66,127.41,125.74,126.44,,229827.0
2015-11-06,126.5,126.89,124.83,126.21,,158678.0
2015-11-09,126.43,126.9,125.57,126.28,,234598.0
2015-11-10,126.54,126.7,125.04,125.42,,297236.0
2015-11-11,125.47,126.51,124.8,125.06,,125843.0
2015-11-12,124.36,124.63,122.03,122.2,,177034.0
2015-11-13,122.06,122.99,121.38,122.24,,95281.0
2015-11-16,121.76,124.53,121.59,124.45,,162322.0
2015-11-17,124.52,125.69,123.45,124.38,,196900.0
2015-11-18,124.81,125.23,123.49,125.03,,225586.0
2015-11-19,124.83,125.28,123.62,124.67,,132589.0
2015-11-20,124.67,126.8,124.53,125.55,,195816.0
2015-11-23,125.8,126.64,125.37,126.1,,106577.0
2015-11-24,125.42,126.35,124.48,124.81,,279887.0
2015-11-25,124.79,125.71,124.13,124.31,,175480.0
2015-11-27,124.49,125.78,124.05,125.02,,60467.0
2015-11-30,125.88,127.5,124.72,125.31,,247352.0
2015-12-01,125.69,127.62,125.69,127.53,,223022.0
2015-12-02,127.81,127.87,126.57,127.04,,140907.0
2015-12-03,127.76,127.76,122.89,123.45,,280172.0
2015-12-04,123.02,127.22,123.02,127.11,,258841.0
2015-12-07,127.02,127.15,125.12,125.47,,251457.0
2015-12-08,123.89,125.35,123.89,124.93,,266269.0
2015-12-09,124.35,125.78,123.1,123.35,,249889.0
2015-12-10,123.55,124.38,122.71,123.22,,146611.0
2015-12-11,121.89,123.57,121.34,122.42,,161537.0
2015-12-14,122.35,123.62,121.4,122.54,,159803.0
2015-12-15,123.47,124.77,123.35,124.37,,169883.0
2015-12-16,125.29,125.61,123.5,125.59,,163708.0
2015-12-17,125.78,126.7,125.05,125.46,,179920.0
2015-12-18,125.02,125.28,124.17,124.33,,362515.0
2015-12-21,125.13,125.78,123.54,124.6,,191654.0
2015-12-22,125.03,125.59,123.75,125.36,,100963.0
2015-12-23,125.94,127.07,125.36,125.62,,107152.0
2015-12-24,125.54,126.73,125.14,126.35,,65736.0
2015-12-28,125.71,126.82,124.73,126.76,,150975.0
2015-12-29,127.43,128.45,126.75,127.77,,150043.0
2015-12-30,127.5,128.13,126.6,126.69,,127582.0
2015-12-31,126.07,127.26,125.06,125.07,,154917.0
2016-01-04,123.56,123.64,121.11,121.78,,275309.0
2016-01-05,121.54,122.37,120.85,122.09,,230542.0
2016-01-06,122.4,125.35,122.31,125.02,,506987.0
2016-01-07,122.89,123.54,121.45,122.46,,274620.0
2016-01-08,122.62,123.58,121.01,122.18,,274612.0
2016-01-11,122.65,123.13,119.2,119.88,,473248.0
2016-01-12,120.74,123.15,120.45,123.11,,300598.0
2016-01-13,123.78,125.19,122.19,123.07,,538584.0
2016-01-14,123.37,124.35,122.72,122.9,,583400.0
2016-01-15,120.64,123.55,120.64,123.49,,363649.0
2016-01-19,124.53,126.43,123.63,126.1,,392609.0
2016-01-20,124.53,127.32,123.03,126.09,,732372.0
2016-01-21,126.09,126.86,124.61,126.24,,449682.0
2016-01-22,127.42,129.78,126.76,129.32,,396983.0
2016-01-25,129.07,129.81,127.99,128.22,,273688.0
2016-01-26,128.65,130.84,128.38,130.53,,382384.0
2016-01-27,130.44,131.05,127.8,128.37,,442131.0
2016-01-28,128.81,129.5,126.44,126.93,,335372.0
2016-01-29,127.49,130.61,127.07,129.1,,444960.0
2016-02-01,128.81,131.87,127.43,131.33,,369646.0
2016-02-02,131.02,131.96,129.95,130.55,,249582.0
2016-02-03,131.06,131.48,127.29,130.8,,306247.0
2016-02-04,130.89,131.23,129.07,130.15,,191519.0
2016-02-05,129.72,130.59,127.81,128.28,,247378.0
2016-02-08,127.09,127.46,125.07,126.81,,358719.0
2016-02-09,125.97,128.52,125.55,127.52,,304194.0
2016-02-10,128.8,130.84,127.31,127.68,,360903.0
2016-02-11,126.3,126.95,124.61,125.26,,296278.0
2016-02-12,126.26,127.08,124.99,126.2,,218997.0
2016-02-16,127.32,127.97,126.42,126.79,,394375.0
2016-02-17,128.08,128.91,127.64,128.68,,319394.0
2016-02-18,128.78,129.28,127.52,128.01,,243461.0
2016-02-19,128.06,129.12,127.39,127.97,,222244.0
2016-02-22,129.47,130.41,125.85,126.32,,910258.0
2016-02-23,125.31,126.8,125.13,125.42,,331897.0
2016-02-24,124.49,126.27,124.49,126.03,,378403.0
2016-02-25,127.48,136.72,127.48,136.05,,1986984.0
2016-02-26,137.22,139.49,136.85,138.09,,691185.0
2016-02-29,138.0,138.63,135.81,135.89,,319125.0
2016-03-01,136.53,138.41,135.88,137.76,,481541.0
2016-03-02,137.55,139.29,137.55,139.26,,537359.0
2016-03-03,139.07,140.03,138.27,140.0,,348804.0
2016-03-04,139.98,140.4,138.93,140.18,,393384.0
2016-03-07,139.7,140.36,138.85,139.25,,298626.0
2016-03-08,138.59,140.62,137.82,140.04,,364525.0
2016-03-09,140.19,141.64,139.47,141.0,,409440.0
2016-03-10,141.84,142.02,139.73,140.42,,263355.0
2016-03-11,140.19,141.76,138.75,141.61,,265064.0
2016-03-14,140.96,141.36,139.25,140.05,,224235.0
2016-03-15,139.2,141.93,139.2,140.95,,213635.0
2016-03-16,140.33,141.55,139.37,139.92,,184125.0
2016-03-17,140.18,140.2,137.79,138.85,,191621.0
2016-03-18,139.34,143.28,139.24,142.71,,935027.0
2016-03-21,142.35,145.41,142.31,144.65,,488411.0
2016-03-22,144.05,145.39,144.05,145.05,,632371.0
2016-03-23,144.79,147.78,144.79,147.57,,698606.0
2016-03-24,147.34,147.87,145.92,147.46,,473438.0
2016-03-28,147.46,148.54,147.3,147.92,,425771.0
2016-03-29,147.82,151.62,147.82,151.17,,589775.0
2016-03-30,151.66,152.45,148.11,148.72,,669856.0
2016-03-31,148.35,150.33,148.12,149.74,,602189.0
2016-04-01,148.77,151.47,147.94,151.28,,593712.0
2016-04-04,151.85,152.58,149.35,149.4,,683858.0
2016-04-05,148.08,149.75,148.07,148.29,,483921.0
2016-04-06,148.12,150.57,147.3,150.52,,303398.0
2016-04-07,149.9,150.39,148.96,150.17,,328964.0
2016-04-08,150.81,151.45,149.08,149.76,,285255.0
2016-04-11,149.58,149.93,147.79,148.44,,359979.0
2016-04-12,148.73,149.75,148.27,149.31,,265391.0
2016-04-13,149.86,151.62,148.58,149.97,,263228.0
2016-04-14,149.91,150.57,147.88,148.32,,350539.0
2016-04-15,148.53,149.92,147.64,149.64,,276151.0
2016-04-18,149.27,150.92,149.21,150.5,,195871.0
2016-04-19,150.83,151.43,148.69,149.27,,188566.0
2016-04-20,149.39,151.75,149.26,151.14,,233133.0
2016-04-21,151.26,152.37,150.92,151.28,,232327.0
2016-04-22,151.0,151.73,149.79,151.23,,263794.0
2016-04-25,150.59,151.18,149.81,150.63,,193749.0
2016-04-26,150.89,152.13,150.4,151.23,,250980.0
2016-04-27,151.67,153.26,150.45,152.83,,327870.0
2016-04-28,150.69,152.45,150.01,150.45,,390464.0
2016-04-29,150.5,151.0,147.08,148.56,,431383.0
2016-05-02,148.72,151.33,148.72,151.33,,696454.0
2016-05-03,151.15,151.62,149.04,150.17,,179576.0
2016-05-04,149.0,149.7,148.6,149.32,,310608.0
2016-05-05,149.44,153.54,149.44,152.64,,400880.0
2016-05-06,152.03,154.45,151.53,153.67,,305025.0
2016-05-09,154.05,155.76,154.05,154.45,,277622.0
2016-05-10,155.19,155.19,153.25,155.08,,195167.0
2016-05-11,154.66,155.29,152.96,153.06,,242116.0
2016-05-12,153.58,155.1,152.93,154.79,,188044.0
2016-05-13,154.34,154.78,151.81,152.14,,253330.0
2016-05-16,152.35,154.96,151.28,154.75,,208454.0
2016-05-17,154.2,154.75,150.57,150.91,,246730.0
2016-05-18,150.91,152.03,149.99,150.82,,209084.0
2016-05-19,150.05,151.89,149.55,151.07,,148842.0
2016-05-20,151.65,152.92,150.0,152.11,,155600.0
2016-05-23,152.1,152.64,151.29,151.35,,137096.0
2016-05-24,152.33,153.61,151.41,152.83,,173575.0
2016-05-25,152.56,153.65,152.43,153.53,,140663.0
2016-05-26,153.26,153.58,152.14,152.82,,159760.0
2016-05-27,152.64,154.52,152.56,154.18,,172421.0
2016-05-31,154.4,154.4,153.13,153.96,,224894.0
2016-06-01,153.01,156.32,153.01,155.95,,222140.0
2016-06-02,155.91,158.91,155.49,158.81,,280097.0
2016-06-03,158.79,159.45,157.72,158.37,,264397.0
2016-06-06,157.96,160.47,157.71,160.12,,363226.0
2016-06-07,160.37,162.46,159.68,160.84,,369887.0
2016-06-08,160.36,164.35,159.22,163.58,,356362.0
2016-06-09,163.13,165.94,163.13,165.05,,405731.0
2016-06-10,165.38,167.22,164.61,167.04,,381538.0
2016-06-13,167.05,168.18,164.95,165.56,,299010.0
2016-06-14,165.24,166.89,165.18,165.99,,486076.0
2016-06-15,166.29,166.29,163.46,163.66,,253217.0
2016-06-16,163.05,164.06,162.17,163.84,,246222.0
2016-06-17,163.18,164.42,161.28,163.47,,724774.0
2016-06-20,164.9,165.93,164.45,164.79,,239478.0
2016-06-21,164.99,166.34,164.91,166.03,,170755.0
2016-06-22,166.1,167.34,165.76,167.11,,198293.0
2016-06-23,167.34,169.0,167.34,168.82,,197025.0
2016-06-24,163.5,165.71,162.97,163.66,,574187.0
2016-06-27,163.42,164.15,160.55,161.53,,409831.0
2016-06-28,162.5,163.85,162.05,163.8,,347115.0
2016-06-29,164.83,166.77,164.23,166.0,,429521.0
2016-06-30,166.56,169.5,165.85,169.45,,379408.0
2016-07-01,169.13,171.24,168.98,171.21,,247769.0
2016-07-05,171.14,172.87,170.73,170.78,,351196.0
2016-07-06,170.67,171.29,169.8,170.16,,356014.0
2016-07-07,169.99,172.17,169.82,171.2,,209651.0
2016-07-08,172.23,174.21,171.66,174.03,,216040.0
2016-07-11,174.54,175.7,174.11,174.85,,176492.0
2016-07-12,174.22,175.79,173.53,173.67,,299613.0
2016-07-13,173.9,174.72,172.37,172.68,,355368.0
2016-07-14,173.81,175.08,171.56,172.09,,195612.0
2016-07-15,172.82,173.1,170.6,171.06,,257225.0
2016-07-18,171.53,172.09,170.12,170.86,,178557.0
2016-07-19,170.65,171.2,170.22,170.89,,207488.0
2016-07-20,171.86,172.41,170.64,171.1,,327259.0
2016-07-21,170.71,171.5,169.47,170.19,,124890.0
2016-07-22,169.62,170.23,168.93,169.95,,308458.0
2016-07-25,169.96,170.65,167.79,168.34,,273369.0
2016-07-26,168.38,169.7,167.42,169.68,,305803.0
2016-07-27,169.37,169.54,166.03,166.99,,366687.0
2016-07-28,171.86,173.48,168.71,172.57,,454686.0
2016-07-29,171.37,173.54,171.37,172.32,,199707.0
2016-08-01,171.73,173.9,171.73,172.34,,267463.0
2016-08-02,172.27,172.92,170.9,171.97,,140454.0
2016-08-03,172.18,172.35,171.43,172.05,,175997.0
2016-08-04,171.87,172.41,171.11,171.9,,167711.0
2016-08-05,172.54,172.89,171.95,172.26,,163733.0
2016-08-08,171.94,171.99,170.24,171.33,,136423.0
2016-08-09,171.82,172.5,171.17,171.89,,170225.0
2016-08-10,171.86,173.3,170.86,173.13,,111048.0
2016-08-11,173.12,173.88,171.91,173.8,,188950.0
2016-08-12,173.15,173.82,171.96,173.78,,148193.0
2016-08-15,174.19,174.56,173.47,174.19,,142814.0
2016-08-16,173.98,173.98,171.81,172.06,,197270.0
2016-08-17,172.51,174.17,171.49,173.96,,258567.0
2016-08-18,173.5,175.97,173.32,175.94,,190274.0
2016-08-19,175.66,176.18,173.44,174.85,,212729.0
2016-08-22,174.69,175.47,174.35,174.68,,109459.0
2016-08-23,175.42,175.91,174.28,174.4,,100835.0
2016-08-24,174.03,174.85,172.53,172.8,,110858.0
2016-08-25,172.32,174.34,171.8,173.22,,83814.0
2016-08-26,173.01,175.25,172.97,174.63,,113255.0
2016-08-29,174.99,176.77,173.89,176.6,,118601.0
2016-08-30,176.67,177.91,175.24,176.66,,118229.0
2016-08-31,177.11,177.11,174.42,175.3,,138020.0
2016-09-01,175.77,176.84,173.67,176.27,,183643.0
2016-09-02,176.56,177.75,176.03,177.7,,125414.0
2016-09-06,178.0,178.74,177.56,178.62,,122372.0
2016-09-07,178.6,180.76,178.06,180.19,,231595.0
2016-09-08,179.28,180.51,178.58,180.34,,130368.0
2016-09-09,179.07,179.07,172.77,172.84,,218687.0
2016-09-12,171.93,175.38,171.42,174.9,,228693.0
2016-09-13,173.53,174.04,171.51,171.71,,124499.0
2016-09-14,171.51,172.51,168.24,169.4,,248420.0
2016-09-15,169.17,170.5,168.69,169.0,,301701.0
2016-09-16,168.66,168.66,165.02,165.46,,723263.0
2016-09-19,166.16,168.62,166.16,167.89,,489538.0
2016-09-20,169.48,170.05,166.31,166.94,,312982.0
2016-09-21,167.06,168.1,165.08,166.69,,280169.0
2016-09-22,167.58,169.83,166.85,169.58,,305094.0
2016-09-23,169.18,169.18,164.17,164.25,,266325.0
2016-09-26,163.31,163.31,159.54,160.14,,529214.0
2016-09-27,160.66,161.73,159.23,161.11,,425239.0
2016-09-28,161.26,161.58,159.44,160.87,,338090.0
2016-09-29,160.46,160.82,156.97,157.51,,275508.0
2016-09-30,157.67,161.44,155.89,160.9,,416436.0
2016-10-03,159.43,160.86,159.04,160.08,,288248.0
2016-10-04,160.65,161.14,157.42,158.25,,285039.0
2016-10-05,158.48,161.7,158.48,160.71,,527225.0
2016-10-06,160.56,161.91,159.28,161.87,,299720.0
2016-10-07,162.35,162.69,159.85,160.69,,236629.0
2016-10-10,160.91,163.65,160.91,161.86,,176811.0
2016-10-11,161.29,161.34,157.01,157.78,,387880.0
2016-10-12,158.36,158.59,157.68,158.34,,209119.0
2016-10-13,157.62,161.09,157.41,160.57,,344947.0
2016-10-14,161.68,162.14,160.66,161.63,,370154.0
2016-10-17,161.57,162.19,161.08,161.51,,661886.0
2016-10-18,162.61,162.61,160.46,160.46,,260680.0
2016-10-19,160.32,161.74,159.92,160.96,,231426.0
2016-10-20,161.3,161.99,160.45,161.9,,191565.0
2016-10-21,160.74,160.98,159.9,160.66,,184670.0
2016-10-24,162.4,162.4,160.19,160.87,,172829.0
2016-10-25,160.87,160.95,155.46,155.88,,377491.0
2016-10-26,154.58,154.73,149.69,150.79,,592939.0
2016-10-27,143.62,147.93,132.98,133.48,,1618353.0
2016-10-28,132.73,137.47,130.73,136.2,,668285.0
2016-10-31,135.9,137.23,135.5,137.04,,531441.0
2016-11-01,136.44,137.23,133.23,133.96,,408752.0
2016-11-02,134.55,136.83,133.47,135.15,,408353.0
2016-11-03,135.63,137.21,135.63,135.94,,410282.0
2016-11-04,136.32,137.86,135.97,136.85,,366508.0
2016-11-07,138.49,140.21,137.16,140.1,,445146.0
2016-11-08,139.54,140.0,137.82,138.83,,349214.0
2016-11-09,137.01,139.94,134.92,139.7,,339078.0
2016-11-10,141.03,141.93,137.13,137.23,,375023.0
2016-11-11,137.31,137.72,135.72,137.31,,562289.0
2016-11-14,137.25,138.41,136.21,136.35,,461080.0
2016-11-15,137.57,142.36,136.66,142.03,,605286.0
2016-11-16,141.12,143.89,140.43,143.81,,440380.0
2016-11-17,143.18,143.85,141.12,142.41,,347811.0
2016-11-18,142.39,145.35,142.29,144.98,,554722.0
2016-11-21,145.16,145.95,143.4,144.33,,419765.0
2016-11-22,144.02,144.03,140.14,143.8,,413656.0
2016-11-23,143.43,145.22,143.43,145.21,,279769.0
2016-11-25,146.89,148.7,145.59,147.02,,214848.0
2016-11-28,145.95,147.39,143.91,144.05,,447353.0
2016-11-29,143.92,145.75,142.98,143.62,,477281.0
2016-11-30,142.97,143.87,140.55,141.97,,2036335.0
2016-12-01,141.88,142.15,137.22,140.15,,657127.0
2016-12-02,139.16,148.85,139.16,146.39,,1427917.0
2016-12-05,146.95,148.13,146.44,148.0,,487861.0
2016-12-06,148.75,150.95,145.55,147.22,,496583.0
2016-12-07,146.72,148.24,145.13,148.21,,477633.0
2016-12-08,148.24,151.14,148.24,150.31,,359502.0
2016-12-09,150.07,151.31,148.58,149.75,,262339.0
2016-12-12,148.5,152.21,148.11,152.07,,485745.0
2016-12-13,152.97,153.8,149.86,150.03,,569533.0
2016-12-14,150.24,151.49,149.02,150.31,,434658.0
2016-12-15,150.86,150.86,148.54,149.88,,306937.0
2016-12-16,150.74,152.88,149.21,150.96,,609864.0
2016-12-19,151.03,154.03,151.03,153.67,,433973.0
2016-12-20,153.17,155.16,152.8,153.14,,408866.0
2016-12-21,153.53,155.38,152.61,153.93,,295916.0
2016-12-22,154.11,155.06,153.06,153.31,,247498.0
2016-12-23,152.92,155.74,152.22,154.93,,302897.0
2016-12-27,155.44,156.27,154.58,155.03,,182219.0
2016-12-28,155.04,155.87,152.91,153.55,,282361.0
2016-12-29,153.76,155.92,153.08,155.08,,214167.0
2016-12-30,155.7,156.27,154.16,154.66,,301104.0
2017-01-03,154.83,154.83,151.45,152.46,,453571.0
2017-01-04,153.25,156.51,153.21,156.29,,326702.0
2017-01-05,156.29,157.21,155.07,155.54,,271216.0
2017-01-06,159.13,159.94,157.03,158.66,,564277.0
2017-01-09,158.27,159.45,157.2,158.33,,199792.0
2017-01-10,158.19,162.07,158.19,161.12,,381626.0
2017-01-11,160.45,162.94,160.33,161.23,,331298.0
2017-01-12,159.8,161.04,159.13,160.93,,253005.0
2017-01-13,161.85,163.66,161.41,162.55,,181620.0
2017-01-17,160.53,162.31,160.13,160.43,,418520.0
2017-01-18,161.19,161.6,158.82,159.72,,266584.0
2017-01-19,159.85,160.24,158.16,159.35,,215723.0
2017-01-20,159.35,160.68,158.27,158.74,,230460.0
2017-01-23,158.21,159.46,156.43,157.13,,202441.0
2017-01-24,157.08,158.53,157.08,157.91,,293923.0
2017-01-25,157.98,160.14,157.98,159.81,,210488.0
2017-01-26,159.25,160.26,157.65,158.01,,198070.0
2017-01-27,158.41,159.71,157.56,159.5,,225782.0
2017-01-30,158.23,158.96,156.24,158.89,,177873.0
2017-01-31,157.98,161.01,157.98,160.98,,212656.0
2017-02-01,162.2,162.2,159.27,161.02,,275919.0
2017-02-02,160.66,162.48,159.27,162.28,,235636.0
2017-02-03,163.76,164.11,162.34,163.96,,119681.0
2017-02-06,163.75,164.85,162.34,163.27,,235550.0
2017-02-07,163.63,165.66,162.99,165.3,,257141.0
2017-02-08,164.58,165.39,163.67,165.1,,161910.0
2017-02-09,164.9,167.35,164.39,165.93,,195763.0
2017-02-10,165.72,166.84,165.16,165.94,,149843.0
2017-02-13,166.91,169.0,166.91,168.72,,186356.0
2017-02-14,167.95,170.2,167.95,169.77,,224926.0
2017-02-15,168.98,170.43,168.61,169.89,,225424.0
2017-02-16,169.72,171.2,169.38,170.88,,255760.0
2017-02-17,170.81,172.74,169.67,172.67,,203641.0
2017-02-21,172.96,177.49,171.41,177.09,,342452.0
2017-02-22,176.12,179.06,176.03,176.6,,375622.0
2017-02-23,176.57,180.66,174.98,176.52,,557481.0
2017-02-24,177.05,182.26,176.52,182.15,,527907.0
2017-02-27,182.42,186.14,181.88,185.05,,397538.0
2017-02-28,184.27,186.29,183.31,183.48,,295997.0
2017-03-01,184.62,188.61,184.6,187.45,,432345.0
2017-03-02,188.0,191.22,185.85,186.51,,276897.0
2017-03-03,185.67,187.03,185.44,186.85,,144475.0
2017-03-06,185.42,186.19,183.96,185.56,,228999.0
2017-03-07,185.66,187.15,183.83,184.72,,242043.0
2017-03-08,185.35,185.61,183.8,184.3,,220416.0
2017-03-09,184.3,186.87,184.3,186.34,,199066.0
2017-03-10,186.51,187.32,183.89,186.12,,245172.0
2017-03-13,186.16,188.43,185.85,188.05,,196544.0
2017-03-14,187.5,188.5,186.56,186.62,,232183.0
2017-03-15,186.97,190.03,186.97,189.5,,264246.0
2017-03-16,189.05,189.05,186.36,187.74,,146166.0
2017-03-17,187.74,189.02,186.61,188.55,,499381.0
2017-03-20,187.8,188.86,187.0,187.92,,108524.0
2017-03-21,188.68,189.47,185.67,186.01,,226629.0
2017-03-22,186.01,188.35,184.69,187.24,,200049.0
2017-03-23,187.77,189.42,186.98,187.27,,159710.0
2017-03-24,187.3,189.42,186.56,187.35,,324295.0
2017-03-27,186.53,187.96,185.62,187.6,,178257.0
2017-03-28,186.51,188.12,185.26,187.36,,339848.0
2017-03-29,187.18,188.51,186.57,187.15,,170601.0
2017-03-30,187.09,188.81,186.75,187.07,,147424.0
2017-03-31,187.12,187.47,185.14,186.26,,270642.0
2017-04-03,186.61,187.44,184.21,186.26,,344168.0
2017-04-04,186.21,187.5,184.0,185.49,,191369.0
2017-04-05,184.72,187.63,184.25,185.07,,224807.0
2017-04-06,184.96,187.44,183.67,186.51,,181490.0
2017-04-07,185.32,187.23,184.59,186.44,,185363.0
2017-04-10,186.44,187.73,185.81,186.52,,161269.0
2017-04-11,186.18,189.27,185.87,189.26,,191463.0
2017-04-12,190.04,190.29,188.26,188.65,,229807.0
2017-04-13,188.32,189.53,187.07,187.65,,205263.0
2017-04-17,188.77,190.03,187.68,189.63,,342700.0
2017-04-18,188.68,189.96,187.5,189.64,,128240.0
2017-04-19,190.36,191.3,189.61,190.96,,180290.0
2017-04-20,191.36,193.4,190.4,191.89,,227661.0
2017-04-21,191.51,192.43,190.75,191.82,,413048.0
2017-04-24,194.41,195.29,191.83,193.92,,552973.0
2017-04-25,195.41,195.43,192.98,194.01,,692361.0
2017-04-26,194.89,195.5,192.7,195.35,,619511.0
2017-04-27,196.1,198.71,194.45,198.49,,204598.0
2017-04-28,198.22,199.26,197.4,198.91,,192704.0
2017-05-01,199.87,202.39,197.89,202.2,,419977.0
2017-05-02,202.87,203.07,200.2,202.25,,403441.0
2017-05-03,201.39,202.1,198.03,201.39,,294234.0
2017-05-04,191.77,200.01,191.67,195.0,,589535.0
2017-05-05,194.79,194.8,190.19,192.61,,677241.0
2017-05-08,192.24,192.24,187.21,187.47,,399980.0
2017-05-09,187.66,189.27,185.71,186.9,,484451.0
2017-05-10,187.17,187.87,185.97,187.62,,304186.0
2017-05-11,186.56,187.34,185.32,186.4,,243809.0
2017-05-12,185.51,187.3,185.36,186.0,,254873.0
2017-05-15,185.24,187.89,184.01,187.25,,188294.0
2017-05-16,186.75,187.67,184.95,186.79,,194440.0
2017-05-17,184.95,186.67,184.95,185.94,,233303.0
2017-05-18,185.28,187.62,185.28,186.36,,188792.0
2017-05-19,186.36,189.88,186.36,189.34,,163498.0
2017-05-22,190.28,192.23,189.72,191.46,,276568.0
2017-05-23,191.96,193.15,191.48,192.29,,171836.0
2017-05-24,192.9,193.55,191.41,192.78,,146943.0
2017-05-25,192.78,194.67,192.33,193.9,,249320.0
2017-05-26,193.63,194.27,192.3,193.79,,187737.0
2017-05-30,193.47,194.07,192.25,193.34,,162525.0
2017-05-31,194.13,195.03,191.96,192.64,,480229.0
2017-06-01,192.55,196.88,192.41,196.61,,382622.0
2017-06-02,198.13,200.32,197.68,199.38,,253716.0
2017-06-05,198.78,200.05,196.26,197.5,,161908.0
2017-06-06,196.43,197.66,195.7,195.97,,224303.0
2017-06-07,197.05,198.98,196.13,198.47,,199507.0
2017-06-08,199.06,199.06,195.9,196.48,,178881.0
2017-06-09,196.74,197.31,192.06,192.62,,252124.0
2017-06-12,192.77,193.46,188.15,192.91,,203771.0
2017-06-13,192.46,194.58,192.46,194.46,,116006.0
2017-06-14,193.66,196.55,192.51,194.01,,161378.0
2017-06-15,193.42,193.51,191.44,192.49,,290380.0
2017-06-16,192.04,194.76,191.66,193.42,,227248.0
2017-06-19,194.06,196.21,192.09,195.9,,143384.0
2017-06-20,195.57,197.31,195.51,196.01,,156305.0
2017-06-21,196.14,197.26,194.58,195.94,,167551.0
2017-06-22,195.91,198.02,195.47,196.81,,186599.0
2017-06-23,198.08,202.23,196.47,198.5,,491722.0
2017-06-26,198.45,200.42,198.45,199.81,,232604.0
2017-06-27,200.08,200.54,197.82,198.14,,158243.0
2017-06-28,199.71,200.53,198.24,199.67,,165596.0
2017-06-29,199.73,200.0,196.79,198.16,,196593.0
2017-06-30,199.18,201.67,196.94,200.09,,186804.0
2017-07-03,200.42,202.05,198.29,199.29,,170563.0
2017-07-05,199.08,201.52,199.08,200.12,,264758.0
2017-07-06,198.51,201.57,196.65,197.19,,262232.0
2017-07-07,198.17,203.94,197.83,203.6,,195665.0
2017-07-10,202.87,203.09,200.53,200.79,,227900.0
2017-07-11,201.76,202.27,199.46,199.92,,181901.0
2017-07-12,200.42,203.29,200.42,201.01,,175446.0
2017-07-13,201.48,202.42,199.3,201.51,,129173.0
2017-07-14,201.26,204.78,201.0,203.3,,151449.0
2017-07-17,203.72,204.34,201.9,203.22,,292085.0
2017-07-18,202.69,203.7,202.09,202.99,,106153.0
2017-07-19,203.5,204.98,203.16,204.07,,104793.0
2017-07-20,205.18,205.53,203.72,204.73,,83756.0
2017-07-21,204.87,206.34,202.48,203.38,,119164.0
2017-07-24,203.33,206.61,202.87,206.33,,126318.0
2017-07-25,206.77,208.38,205.73,207.63,,257333.0
2017-07-26,207.73,207.73,203.22,204.21,,186228.0
2017-07-27,204.77,204.91,200.86,202.66,,229093.0
2017-07-28,201.81,203.88,200.49,202.35,,210803.0
2017-07-31,202.63,203.19,198.35,199.57,,284824.0
2017-08-01,200.72,205.65,196.13,196.88,,310938.0
2017-08-02,196.88,199.45,193.6,195.52,,419475.0
2017-08-03,194.54,209.91,190.42,208.88,,677100.0
2017-08-04,209.93,209.93,203.02,206.35,,386559.0
2017-08-07,206.26,208.77,204.25,206.68,,270800.0
2017-08-08,206.85,206.98,203.24,205.14,,189962.0
2017-08-09,204.67,206.19,202.29,202.83,,173815.0
2017-08-10,202.35,203.14,196.11,196.47,,252400.0
2017-08-11,196.08,199.98,195.96,198.09,,202177.0
2017-08-14,201.31,201.96,200.0,201.52,,114465.0
2017-08-15,201.76,202.55,200.32,201.52,,122210.0
2017-08-16,202.07,207.3,201.99,207.21,,318321.0
2017-08-17,206.78,209.71,204.11,204.42,,268693.0
2017-08-18,203.86,205.53,201.85,203.22,,174745.0
2017-08-21,202.97,205.87,201.89,204.29,,167713.0
2017-08-22,204.28,206.4,203.54,205.48,,165859.0
2017-08-23,204.46,206.07,200.2,200.3,,288341.0
2017-08-24,200.63,201.87,199.31,200.34,,137366.0
2017-08-25,201.03,201.33,198.32,199.7,,122991.0
2017-08-28,199.7,200.93,197.78,200.06,,557463.0
2017-08-29,199.11,199.73,196.76,198.35,,442603.0
2017-08-30,198.32,200.81,196.51,200.25,,418924.0
2017-08-31,200.65,204.42,199.83,204.27,,295954.0
2017-09-01,204.27,205.48,202.45,203.08,,149925.0
2017-09-05,202.88,205.38,201.82,203.49,,207261.0
2017-09-06,204.7,219.87,202.11,217.45,,778922.0
2017-09-07,217.94,220.75,216.35,219.12,,363959.0
2017-09-08,219.89,226.88,218.62,224.53,,539355.0
2017-09-11,227.69,227.69,223.86,225.59,,476635.0
2017-09-12,226.5,227.39,224.76,227.21,,201010.0
2017-09-13,226.98,227.05,223.84,225.71,,246497.0
2017-09-14,225.71,227.62,224.92,226.03,,238311.0
2017-09-15,226.16,227.42,225.28,226.93,,347300.0
2017-09-18,228.16,232.42,227.48,231.27,,260845.0
2017-09-19,232.11,232.11,229.12,231.29,,248578.0
2017-09-20,229.6,230.33,225.99,228.5,,279818.0
2017-09-21,227.83,229.12,225.31,228.69,,226913.0
2017-09-22,228.51,233.59,227.65,233.23,,312498.0
2017-09-25,234.68,234.94,231.77,234.0,,330475.0
2017-09-26,234.0,235.24,231.66,232.28,,243204.0
2017-09-27,233.84,234.19,230.38,232.71,,213532.0
2017-09-28,232.72,233.24,231.32,232.0,,214813.0
2017-09-29,232.89,234.04,231.81,233.43,,206793.0
2017-10-02,233.34,237.18,232.95,236.08,,315376.0
2017-10-03,237.03,237.96,233.22,235.63,,227469.0
2017-10-04,236.21,237.84,235.25,237.39,,225734.0
2017-10-05,237.3,238.12,235.17,237.72,,146283.0
2017-10-06,236.99,239.9,236.96,237.36,,341767.0
2017-10-09,237.67,237.67,234.71,235.02,,147917.0
2017-10-10,235.04,235.68,230.56,231.93,,182411.0
2017-10-11,231.51,232.3,229.8,231.42,,169676.0
2017-10-12,231.54,232.06,230.29,231.56,,241704.0
2017-10-13,231.14,233.22,230.1,230.28,,242066.0
2017-10-16,230.27,233.41,229.6,230.59,,176731.0
2017-10-17,230.97,232.7,230.32,232.26,,171038.0
2017-10-18,233.06,234.52,232.06,232.14,,163822.0
2017-10-19,231.61,234.65,231.1,233.45,,121775.0
2017-10-20,234.23,235.37,233.65,234.48,,125823.0
2017-10-23,234.34,238.23,233.93,234.41,,129584.0
2017-10-24,234.22,234.74,230.37,232.74,,160875.0
2017-10-25,231.64,234.03,230.69,233.92,,181097.0
2017-10-26,233.86,235.49,231.71,232.78,,219903.0
2017-10-27,232.87,234.52,230.72,234.22,,179681.0
2017-10-30,234.12,234.4,227.47,228.4,,263268.0
2017-10-31,228.65,230.13,227.7,228.61,,419221.0
2017-11-01,228.81,234.36,226.98,233.18,,302017.0
2017-11-02,244.84,254.65,238.67,245.8,,585686.0
2017-11-03,246.76,250.72,244.43,247.36,,439046.0
2017-11-06,247.22,248.79,245.19,247.52,,178507.0
2017-11-07,247.47,251.18,246.42,251.12,,299596.0
2017-11-08,250.36,251.47,248.23,250.43,,214250.0
2017-11-09,249.18,250.43,242.29,248.06,,197247.0
2017-11-10,248.19,248.19,239.94,243.96,,424522.0
2017-11-13,243.9,249.36,242.54,247.87,,182108.0
2017-11-14,244.97,247.97,242.75,247.82,,261632.0
2017-11-15,245.97,250.2,244.99,246.75,,204894.0
2017-11-16,247.04,257.33,247.04,254.48,,356238.0
2017-11-17,254.06,257.38,252.46,257.15,,235503.0
2017-11-20,257.15,259.63,254.07,257.57,,189420.0
2017-11-21,259.11,260.6,257.57,258.49,,379687.0
2017-11-22,257.75,259.36,255.7,257.48,,277469.0
2017-11-24,257.87,259.2,255.45,258.6,,55306.0
2017-11-27,258.79,260.54,257.39,258.82,,176981.0
2017-11-28,259.44,262.0,257.28,261.0,,286336.0
2017-11-29,261.09,261.73,253.51,255.41,,296399.0
2017-11-30,256.76,258.55,253.95,256.49,,327830.0
2017-12-01,256.29,257.63,250.34,256.54,,262747.0
2017-12-04,259.42,260.37,244.17,244.37,,311100.0
2017-12-05,245.22,246.78,242.08,243.18,,341498.0
2017-12-06,243.29,244.86,240.48,241.59,,377341.0
2017-12-07,241.73,245.2,241.66,242.64,,306911.0
2017-12-08,243.53,246.45,242.26,244.16,,333490.0
2017-12-11,243.44,243.96,242.0,243.6,,307302.0
2017-12-12,244.61,247.17,240.89,241.36,,391883.0
2017-12-13,240.68,245.86,240.68,243.34,,365574.0
2017-12-14,244.06,245.28,240.19,240.87,,340024.0
2017-12-15,241.84,246.46,241.34,243.59,,617046.0
2017-12-18,244.46,246.32,242.91,243.34,,308203.0
2017-12-19,242.65,246.81,242.01,245.58,,470196.0
2017-12-20,245.37,248.1,244.79,247.07,,178030.0
2017-12-21,247.07,247.2,241.28,241.42,,219993.0
2017-12-22,241.21,244.03,240.44,240.95,,150354.0
2017-12-26,240.47,242.14,238.88,239.46,,99647.0
2017-12-27,239.57,242.37,239.22,241.16,,89656.0
2017-12-28,241.62,243.03,239.55,242.95,,145996.0
2017-12-29,242.93,244.66,240.03,240.35,,176559.0
2018-01-02,240.49,246.99,240.49,246.06,,304465.0
2018-01-03,246.37,248.86,245.98,247.91,,187912.0
2018-01-04,248.98,250.57,245.37,245.37,,250935.0
2018-01-05,246.57,249.58,244.47,248.96,,166469.0
2018-01-08,248.45,250.58,246.1,249.88,,230873.0
2018-01-09,251.15,253.7,249.92,253.22,,141745.0
2018-01-10,252.84,253.78,248.05,249.14,,300691.0
2018-01-11,249.74,251.9,248.01,251.79,,217069.0
2018-01-12,251.4,255.22,249.59,254.23,,177513.0
2018-01-16,254.42,257.56,253.05,253.98,,320153.0
2018-01-17,256.09,263.19,254.27,263.04,,344192.0
2018-01-18,260.52,267.26,260.42,265.93,,606732.0
2018-01-19,266.72,269.62,265.93,267.01,,334340.0
2018-01-22,267.48,267.67,264.73,265.4,,196199.0
2018-01-23,265.68,266.46,263.93,264.58,,363201.0
2018-01-24,265.68,266.88,264.17,265.72,,413489.0
2018-01-25,267.42,271.57,265.52,268.69,,262000.0
2018-01-26,269.37,277.41,267.32,274.91,,331450.0
2018-01-29,273.48,278.95,272.46,277.86,,316005.0
2018-01-30,275.18,277.23,270.5,271.98,,330730.0
2018-01-31,273.0,273.3,267.47,268.3,,220247.0
2018-02-01,267.03,271.16,265.26,269.2,,347727.0
2018-02-02,267.0,269.31,263.07,263.09,,194501.0
2018-02-05,261.78,264.97,250.64,252.55,,293603.0
2018-02-06,249.06,254.26,245.15,253.04,,431631.0
2018-02-07,252.78,259.18,251.81,254.14,,286022.0
2018-02-08,254.34,254.55,240.63,240.66,,328425.0
2018-02-09,242.97,246.3,236.85,244.15,,246097.0
2018-02-12,245.46,249.07,241.74,246.52,,225242.0
2018-02-13,245.21,248.57,244.21,246.28,,168225.0
2018-02-14,244.52,253.11,243.23,252.08,,161245.0
2018-02-15,254.08,257.51,250.2,256.57,,220487.0
2018-02-16,256.89,260.72,254.83,258.77,,171918.0
2018-02-20,257.13,261.59,257.13,259.91,,264735.0
2018-02-21,259.56,265.39,259.56,260.81,,318380.0
2018-02-22,252.22,252.22,235.82,240.95,,930325.0
2018-02-23,241.84,247.39,236.47,246.58,,536860.0
2018-02-26,246.65,248.69,242.74,247.54,,399115.0
2018-02-27,247.25,249.94,245.01,245.09,,476000.0
2018-02-28,245.09,245.71,241.28,241.33,,451369.0
2018-03-01,241.21,242.58,233.38,234.74,,368131.0
2018-03-02,233.75,237.96,233.01,237.59,,363197.0
2018-03-05,236.8,243.15,234.07,242.33,,265792.0
2018-03-06,243.02,246.39,239.94,246.01,,259770.0
2018-03-07,244.41,251.44,244.41,249.23,,376406.0
2018-03-08,250.21,253.84,248.61,252.87,,373753.0
2018-03-09,254.92,262.0,254.91,260.46,,319159.0
2018-03-12,259.76,260.93,255.44,257.68,,381153.0
2018-03-13,258.53,260.84,255.69,258.62,,300544.0
2018-03-14,259.1,261.17,256.31,257.01,,282316.0
2018-03-15,257.02,260.38,256.49,257.24,,287616.0
2018-03-16,257.68,259.39,254.59,256.11,,723322.0
2018-03-19,255.4,255.4,250.42,253.58,,260266.0
2018-03-20,253.47,257.76,246.89,256.61,,308731.0
2018-03-21,256.61,256.61,250.98,251.55,,259542.0
2018-03-22,248.74,253.29,248.42,248.42,,629507.0
2018-03-23,248.6,248.6,244.32,244.6,,383390.0
2018-03-26,246.21,251.11,244.77,250.66,,264180.0
2018-03-27,251.99,254.18,248.16,249.23,,373167.0
2018-03-28,249.07,249.29,244.7,244.83,,329846.0
2018-03-29,245.92,249.13,243.09,246.65,,285276.0
2018-04-02,246.19,246.64,238.56,241.87,,341449.0
2018-04-03,242.8,244.68,238.58,243.13,,266899.0
2018-04-04,239.82,245.06,236.6,244.39,,251796.0
2018-04-05,245.48,247.67,243.75,243.82,,254361.0
2018-04-06,242.22,243.73,234.86,238.62,,215139.0
2018-04-09,238.8,244.53,237.91,240.15,,209121.0
2018-04-10,243.52,248.85,241.8,247.27,,247969.0
2018-04-11,245.39,247.6,244.88,246.96,,201393.0
2018-04-12,248.54,250.46,247.15,249.78,,209864.0
2018-04-13,250.87,250.87,247.37,249.11,,252165.0
2018-04-16,251.67,255.83,249.38,253.94,,201835.0
2018-04-17,255.37,258.63,251.72,257.75,,219396.0
2018-04-18,257.51,261.62,255.79,259.92,,158511.0
2018-04-19,259.18,261.23,257.81,260.83,,155336.0
2018-04-20,260.69,262.91,258.86,262.17,,241946.0
2018-04-23,261.82,264.6,259.61,262.82,,263199.0
2018-04-24,263.73,263.73,251.67,254.77,,280755.0
2018-04-25,254.36,256.1,252.36,255.85,,332271.0
2018-04-26,257.36,261.13,255.88,260.33,,185324.0
2018-04-27,260.67,263.17,258.83,261.87,,202980.0
2018-04-30,262.98,263.42,259.08,259.13,,214181.0
2018-05-01,258.31,262.42,257.67,261.55,,236596.0
2018-05-02,260.72,263.21,259.28,260.78,,363130.0
2018-05-03,260.46,264.72,253.92,257.45,,536103.0
2018-05-04,257.8,262.23,254.2,262.23,,396261.0
2018-05-07,262.72,265.93,261.14,263.49,,301069.0
2018-05-08,262.49,263.84,258.41,258.96,,240990.0
2018-05-09,259.0,259.73,256.87,258.36,,277756.0
2018-05-10,259.28,261.42,259.03,259.78,,257432.0
2018-05-11,260.46,260.69,253.1,257.0,,407189.0
2018-05-14,257.73,260.8,255.84,256.95,,223646.0
2018-05-15,255.81,256.7,250.25,251.17,,313756.0
2018-05-16,250.8,253.88,248.92,250.96,,339635.0
2018-05-17,251.44,252.02,249.36,251.32,,269610.0
2018-05-18,251.61,256.36,250.7,256.04,,469170.0
2018-05-21,257.49,258.24,255.88,258.15,,210556.0
2018-05-22,258.61,258.65,253.22,253.92,,292888.0
2018-05-23,252.22,258.13,252.22,257.54,,248748.0
2018-05-24,257.64,258.85,254.99,258.3,,263295.0
2018-05-25,258.3,259.12,256.24,257.55,,261288.0
2018-05-29,256.0,257.37,252.33,253.56,,226698.0
2018-05-30,255.29,261.46,255.29,258.52,,244865.0
2018-05-31,257.67,260.39,256.57,258.76,,635228.0
2018-06-01,261.38,261.38,257.46,260.61,,259174.0
2018-06-04,261.95,264.8,260.48,263.65,,279759.0
2018-06-05,264.75,269.24,264.75,268.38,,300680.0
2018-06-06,268.5,270.87,268.5,270.05,,194043.0
2018-06-07,270.06,270.44,266.21,268.8,,255671.0
2018-06-08,269.41,274.63,268.63,274.38,,218017.0
2018-06-11,273.81,275.63,271.45,274.97,,211974.0
2018-06-12,275.4,276.21,274.8,275.92,,199166.0
2018-06-13,276.78,278.55,274.5,275.5,,384113.0
2018-06-14,276.12,277.45,273.61,275.23,,464783.0
2018-06-15,274.09,275.55,272.31,273.22,,648937.0
2018-06-18,270.97,272.26,267.98,271.06,,450184.0
2018-06-19,269.82,271.42,266.82,267.66,,476321.0
2018-06-20,269.64,270.95,267.8,268.6,,265564.0
2018-06-21,269.61,272.24,266.79,270.78,,241815.0
2018-06-22,271.62,274.86,268.0,272.86,,485471.0
2018-06-25,272.79,272.79,265.32,267.27,,175663.0
2018-06-26,268.35,269.28,265.27,267.13,,319623.0
2018-06-27,266.65,268.75,260.62,260.78,,315824.0
2018-06-28,260.54,261.63,258.03,260.91,,213658.0
2018-06-29,261.55,262.84,259.6,259.78,,298072.0
2018-07-02,257.59,260.16,255.68,259.19,,209768.0
2018-07-03,259.6,262.03,258.48,261.49,,86814.0
2018-07-05,263.17,264.72,259.79,262.57,,156194.0
2018-07-06,262.67,265.93,262.67,265.66,,161349.0
2018-07-09,266.92,269.78,266.92,269.56,,158880.0
2018-07-10,270.17,270.98,268.67,269.54,,144197.0
2018-07-11,269.03,271.79,265.75,267.47,,129562.0
2018-07-12,267.74,269.85,266.86,269.36,,110605.0
2018-07-13,268.91,270.15,266.85,267.01,,149075.0
2018-07-16,266.6,269.7,262.88,264.08,,206643.0
2018-07-17,263.97,269.62,263.97,268.89,,165612.0
2018-07-18,269.24,270.9,266.32,267.64,,127273.0
2018-07-19,267.71,270.46,266.89,268.68,,211559.0
2018-07-20,269.13,269.75,266.52,266.82,,126461.0
2018-07-23,265.8,270.02,264.31,269.84,,109033.0
2018-07-24,269.72,271.1,264.72,266.55,,110661.0
2018-07-25,265.94,270.54,265.94,269.96,,126276.0
2018-07-26,269.44,271.53,268.3,270.13,,165933.0
2018-07-27,270.82,270.82,264.37,266.5,,155295.0
2018-07-30,266.22,266.22,261.61,262.26,,199669.0
2018-07-31,263.49,266.74,261.66,264.14,,294787.0
2018-08-01,263.52,266.26,262.13,262.3,,208727.0
2018-08-02,245.05,249.38,235.89,241.19,,1451101.0
2018-08-03,245.05,245.05,237.71,238.13,,547051.0
2018-08-06,237.41,239.6,232.29,234.01,,451557.0
2018-08-07,233.87,233.87,229.0,229.71,,419922.0
2018-08-08,229.74,233.73,224.8,225.31,,310861.0
2018-08-09,226.46,227.61,223.76,224.77,,228747.0
2018-08-10,223.45,224.82,220.37,220.96,,206961.0
2018-08-13,222.16,226.6,220.75,224.41,,310784.0
2018-08-14,224.59,225.53,223.08,224.1,,151297.0
2018-08-15,223.27,229.65,223.27,227.95,,556492.0
2018-08-16,228.15,231.54,227.73,229.86,,336265.0
2018-08-17,229.89,231.96,229.36,231.0,,255294.0
2018-08-20,232.14,235.67,231.69,233.72,,346158.0
2018-08-21,234.97,236.62,234.2,236.27,,306463.0
2018-08-22,234.62,240.91,234.33,240.16,,390591.0
2018-08-23,239.12,240.64,237.97,238.97,,200865.0
2018-08-24,239.78,241.74,238.72,240.2,,243476.0
2018-08-27,240.4,241.98,239.0,240.7,,255297.0
2018-08-28,242.17,242.93,239.65,240.0,,211488.0
2018-08-29,240.06,241.9,238.27,241.04,,219170.0
2018-08-30,240.39,242.31,238.49,241.34,,230750.0
2018-08-31,240.92,242.12,238.93,240.01,,261226.0
2018-09-04,239.57,241.36,237.91,239.59,,323350.0
2018-09-05,239.1,239.23,234.69,235.24,,500003.0
2018-09-06,234.95,241.01,234.74,240.56,,307051.0
2018-09-07,239.46,241.72,237.65,240.7,,353741.0
2018-09-10,245.83,249.5,242.03,245.19,,483204.0
2018-09-11,244.45,248.68,242.79,247.41,,300756.0
2018-09-12,246.91,256.68,246.24,254.67,,503189.0
2018-09-13,255.25,260.42,254.75,259.3,,451732.0
2018-09-14,259.01,262.83,258.81,262.32,,455637.0
2018-09-17,261.9,261.9,257.8,259.12,,517822.0
2018-09-18,257.85,263.05,252.2,260.87,,365612.0
2018-09-19,261.38,262.56,259.65,262.47,,488386.0
2018-09-20,262.87,264.81,261.17,261.93,,480746.0
2018-09-21,261.9,262.73,259.3,261.66,,512817.0
2018-09-24,261.0,262.51,258.4,260.9,,319695.0
2018-09-25,261.05,263.43,260.14,262.44,,465086.0
2018-09-26,263.07,263.07,260.09,260.93,,313429.0
2018-09-27,260.99,261.35,256.75,257.3,,193651.0
2018-09-28,258.03,260.73,256.69,258.11,,320508.0
2018-10-01,259.43,260.65,256.28,257.53,,168627.0
2018-10-02,256.16,257.7,253.47,256.76,,259114.0
2018-10-03,257.34,257.81,252.65,252.88,,256589.0
2018-10-04,252.35,252.35,244.87,246.44,,295833.0
2018-10-05,246.24,248.48,242.11,246.0,,227604.0
2018-10-08,245.46,245.94,239.38,243.03,,260163.0
2018-10-09,242.59,244.65,240.41,242.28,,181055.0
2018-10-10,242.35,242.64,237.82,240.56,,509433.0
2018-10-11,239.91,244.47,236.83,237.21,,355411.0
2018-10-12,241.9,242.67,236.42,240.8,,332198.0
2018-10-15,240.82,245.04,237.68,241.65,,255747.0
2018-10-16,242.32,243.43,241.24,242.2,,332838.0
2018-10-17,242.19,242.57,238.54,241.4,,376904.0
2018-10-18,241.1,241.52,236.49,237.86,,365074.0
2018-10-19,238.02,241.4,234.32,236.09,,244296.0
2018-10-22,235.97,236.97,230.96,233.26,,238429.0
2018-10-23,229.7,235.06,224.85,232.58,,300124.0
2018-10-24,231.72,234.78,227.17,227.45,,244620.0
2018-10-25,228.67,234.71,227.79,232.72,,270404.0
2018-10-26,230.06,230.38,225.15,228.49,,265399.0
2018-10-29,231.68,232.4,227.64,230.13,,572722.0
2018-10-30,230.77,235.81,229.79,235.31,,389308.0
2018-10-31,237.65,240.42,232.53,233.52,,459234.0
2018-11-01,240.56,261.09,240.56,255.58,,978200.0
2018-11-02,257.81,259.57,247.86,248.44,,596972.0
2018-11-05,248.86,251.01,245.44,250.41,,365843.0
2018-11-06,249.43,250.61,243.02,249.68,,190816.0
2018-11-07,250.74,256.61,247.91,255.41,,368229.0
2018-11-08,254.66,258.32,253.8,256.57,,232976.0
2018-11-09,256.29,259.02,254.32,257.9,,285022.0
2018-11-12,256.15,257.09,250.1,251.47,,298260.0
2018-11-13,252.46,254.82,250.08,250.65,,218992.0
2018-11-14,252.93,254.83,248.06,248.57,,206795.0
2018-11-15,247.31,253.35,244.02,253.17,,217059.0
2018-11-16,251.03,258.69,248.42,254.64,,254571.0
2018-11-19,254.14,255.18,244.76,245.8,,242181.0
2018-11-20,244.03,249.25,240.92,246.22,,232875.0
2018-11-21,246.5,250.56,243.81,247.18,,172343.0
2018-11-23,245.26,248.83,242.13,245.4,,89923.0
2018-11-26,247.83,250.62,246.79,250.62,,265479.0
2018-11-27,249.78,251.55,246.49,251.02,,159819.0
2018-11-28,252.63,259.72,252.38,259.6,,238407.0
2018-11-29,258.45,265.53,258.45,263.71,,243503.0
2018-11-30,264.61,268.55,262.79,267.51,,358353.0
2018-12-03,269.82,271.28,265.58,267.71,,233929.0
2018-12-04,268.26,268.26,256.68,258.54,,313831.0
2018-12-06,254.12,260.37,250.4,260.35,,221971.0
2018-12-07,258.11,260.08,248.48,249.27,,263093.0
2018-12-10,249.44,253.64,242.67,249.78,,303285.0
2018-12-11,251.98,253.62,245.21,248.02,,203052.0
2018-12-12,251.39,256.22,247.04,251.1,,220281.0
2018-12-13,253.12,253.55,247.06,249.07,,177197.0
2018-12-14,247.03,248.41,237.55,240.32,,359997.0
2018-12-17,238.62,241.79,234.03,238.69,,259332.0
2018-12-18,240.25,241.6,237.82,238.87,,189369.0
2018-12-19,238.87,245.68,235.2,238.1,,265556.0
2018-12-20,237.53,240.48,228.68,231.82,,316591.0
2018-12-21,231.72,234.08,229.45,231.33,,514127.0
2018-12-24,229.44,229.49,219.53,222.95,,200235.0
2018-12-26,223.59,232.24,220.27,232.24,,224334.0
2018-12-27,230.12,242.02,228.09,241.8,,545367.0
2018-12-28,242.99,247.81,240.5,247.19,,480159.0
2018-12-31,247.74,251.06,247.41,251.06,,286596.0
2019-01-02,249.92,249.92,242.34,245.13,,350463.0
2019-01-03,243.81,244.09,237.74,239.13,,288719.0
2019-01-04,242.2,246.22,242.17,243.93,,405053.0
2019-01-07,243.3,246.19,241.4,243.0,,201074.0
2019-01-08,245.28,246.71,241.55,245.58,,222096.0
2019-01-09,247.43,253.88,246.46,252.16,,204078.0
2019-01-10,250.49,255.18,248.17,255.08,,147011.0
2019-01-11,254.78,255.38,247.61,248.64,,197937.0
2019-01-14,245.85,247.7,242.46,242.76,,262339.0
2019-01-15,242.48,250.11,241.62,248.75,,171897.0
2019-01-16,244.74,246.22,240.54,241.5,,1311645.0
2019-01-17,241.0,247.58,239.44,247.39,,12248461.0
2019-01-18,249.75,252.01,247.93,250.51,,646233.0
2019-01-22,250.11,252.41,248.19,250.13,,354321.0
2019-01-23,249.97,254.22,249.2,253.1,,350833.0
2019-01-24,253.26,258.47,251.75,258.36,,270432.0
2019-01-25,259.53,262.04,257.18,261.11,,307650.0
2019-01-28,258.38,261.84,258.33,260.17,,347040.0
2019-01-29,261.42,261.42,258.26,260.18,,226209.0
2019-01-30,261.46,265.6,258.68,264.81,,327207.0
2019-01-31,265.13,268.07,263.77,265.65,,319278.0
2019-02-01,266.47,268.83,262.61,263.9,,245542.0
2019-02-04,262.77,264.87,260.98,264.37,,299180.0
2019-02-05,265.06,269.05,264.22,265.56,,234610.0
2019-02-06,265.51,265.86,262.88,264.72,,279053.0
2019-02-07,263.13,263.54,260.35,263.11,,316946.0
2019-02-08,261.55,266.28,261.49,266.27,,246395.0
2019-02-11,267.3,269.89,265.94,267.68,,213946.0
2019-02-12,269.73,270.27,267.41,269.92,,346429.0
2019-02-13,271.09,273.71,268.9,273.49,,203271.0
2019-02-14,272.59,275.18,269.37,273.44,,188606.0
2019-02-15,275.46,278.08,273.22,277.68,,256631.0
2019-02-19,277.38,279.26,272.53,273.9,,450517.0
2019-02-20,273.9,279.0,272.84,278.25,,246930.0
2019-02-21,263.16,272.05,262.13,267.33,,605280.0
2019-02-22,269.23,278.41,269.23,277.22,,306953.0
2019-02-25,279.47,282.08,274.04,281.82,,293413.0
2019-02-26,281.87,281.96,279.31,280.1,,166694.0
2019-02-27,279.73,282.22,278.17,282.07,,117664.0
2019-02-28,282.15,282.48,279.91,281.85,,177588.0
2019-03-01,283.15,286.52,282.66,286.39,,241273.0
2019-03-04,287.71,289.38,283.27,284.54,,362642.0
2019-03-05,284.48,286.39,282.36,285.48,,214760.0
2019-03-06,285.43,285.43,278.09,279.22,,207212.0
2019-03-07,280.22,281.29,276.87,279.62,,231047.0
2019-03-08,277.92,279.18,274.11,278.98,,313449.0
2019-03-11,280.47,283.97,280.14,283.83,,217359.0
2019-03-12,284.0,288.87,282.6,288.26,,229594.0
2019-03-13,288.52,293.6,286.95,289.24,,314553.0
2019-03-14,288.47,291.05,285.92,290.62,,227665.0
2019-03-15,290.59,294.59,290.59,294.55,,654963.0
2019-03-18,294.07,296.41,288.61,292.79,,300761.0
2019-03-19,293.95,295.31,292.53,293.11,,217096.0
2019-03-20,293.11,296.26,290.86,293.48,,281558.0
2019-03-21,292.18,297.48,289.99,296.55,,218205.0
2019-03-22,296.35,296.83,293.12,293.37,,151599.0
2019-03-25,293.91,293.91,287.95,291.33,,299010.0
2019-03-26,294.01,295.82,292.12,295.65,,281674.0
2019-03-27,297.39,297.39,290.25,291.51,,190602.0
2019-03-28,293.36,293.48,289.82,291.83,,178144.0
2019-03-29,293.73,294.12,290.81,293.83,,235131.0
2019-04-01,295.24,297.14,290.61,293.92,,268748.0
2019-04-02,294.42,295.14,292.08,294.38,,123281.0
2019-04-03,295.85,296.42,291.59,293.99,,252409.0
2019-04-04,295.07,295.07,292.1,293.87,,124049.0
2019-04-05,294.06,297.18,293.21,293.94,,146657.0
2019-04-08,294.34,295.71,290.32,294.98,,108126.0
2019-04-09,293.68,295.7,293.35,294.99,,102553.0
2019-04-10,294.41,298.6,293.67,296.44,,161266.0
2019-04-11,297.54,297.54,293.34,296.82,,134149.0
2019-04-12,299.03,301.44,295.21,296.71,,244428.0
2019-04-15,297.74,298.88,293.91,294.39,,203944.0
2019-04-16,295.91,296.79,284.83,285.92,,251917.0
2019-04-17,286.48,286.48,269.29,270.09,,389690.0
2019-04-18,270.01,272.17,264.07,269.41,,382556.0
2019-04-22,268.45,272.46,266.16,266.97,,288874.0
2019-04-23,267.71,272.99,267.33,272.42,,327370.0
2019-04-24,270.32,272.28,267.42,271.19,,343596.0
2019-04-25,269.5,274.44,268.85,273.55,,229160.0
2019-04-26,273.39,274.91,272.03,274.26,,244620.0
2019-04-29,274.57,275.54,271.27,272.84,,252237.0
2019-04-30,272.87,278.84,272.53,278.29,,273135.0
2019-05-01,278.05,278.05,271.61,272.87,,322448.0
2019-05-02,279.57,290.74,278.24,289.81,,482708.0
2019-05-03,290.84,292.44,286.57,292.08,,399736.0
2019-05-06,288.19,292.78,286.73,290.75,,335804.0
2019-05-07,289.2,291.32,283.57,286.21,,411367.0
2019-05-08,285.7,288.74,284.25,288.17,,252266.0
2019-05-09,286.1,293.67,284.21,293.03,,227747.0
2019-05-10,291.03,295.12,286.09,294.48,,262255.0
2019-05-13,289.76,290.7,285.49,285.96,,253748.0
2019-05-14,286.59,292.18,286.19,289.64,,169910.0
2019-05-15,287.57,289.0,285.33,287.78,,198498.0
2019-05-16,288.65,297.72,287.24,293.53,,331049.0
2019-05-17,290.73,292.08,287.4,288.17,,287894.0
2019-05-20,287.28,287.28,282.48,284.01,,243556.0
2019-05-21,285.29,290.64,284.51,287.56,,168658.0
2019-05-22,286.17,290.28,285.38,289.87,,97109.0
2019-05-23,288.41,288.45,281.55,284.2,,170388.0
2019-05-24,285.05,289.96,285.05,287.79,,232701.0
2019-05-28,287.98,291.24,281.67,281.96,,141151.0
2019-05-29,281.6,283.93,278.67,281.05,,200903.0
2019-05-30,281.93,288.17,281.7,283.2,,170824.0
2019-05-31,281.85,282.82,277.43,280.67,,327619.0
2019-06-03,280.59,285.51,279.91,282.0,,374919.0
2019-06-04,284.73,285.23,276.95,285.09,,241711.0
2019-06-05,287.28,290.33,283.47,290.27,,198501.0
2019-06-06,290.61,296.07,287.36,293.77,,194420.0
2019-06-07,295.13,298.01,294.33,297.2,,140882.0
2019-06-10,297.94,304.11,297.83,302.72,,180626.0
2019-06-11,306.41,306.41,297.19,301.38,,130338.0
2019-06-12,302.07,308.75,301.27,307.43,,192684.0
2019-06-13,310.51,313.17,306.63,312.5,,313888.0
2019-06-14,312.5,314.08,310.38,311.76,,342271.0
2019-06-17,311.83,317.95,311.83,316.91,,260511.0
2019-06-18,319.19,323.12,316.87,322.82,,305222.0
2019-06-19,321.82,325.71,320.19,324.82,,209192.0
2019-06-20,326.11,329.01,320.9,325.98,,187500.0
2019-06-21,325.96,326.92,321.33,325.87,,275088.0
2019-06-24,325.07,326.83,321.58,323.99,,223678.0
2019-06-25,323.38,328.14,322.56,327.23,,242419.0
2019-06-26,327.8,327.99,318.0,318.29,,329292.0
2019-06-27,320.41,320.56,316.55,319.08,,198935.0
2019-06-28,319.26,322.63,317.43,322.39,,1163284.0
2019-07-01,325.13,327.24,318.34,326.98,,402612.0
2019-07-02,326.98,327.37,320.61,323.2,,152862.0
2019-07-03,323.84,324.87,321.33,324.48,,140447.0
2019-07-05,321.84,325.31,321.84,325.31,,105170.0
2019-07-08,323.15,324.49,320.91,323.92,,153069.0
2019-07-09,323.33,326.58,321.45,326.46,,180087.0
2019-07-10,327.29,328.9,323.08,323.12,,202986.0
2019-07-11,324.24,327.18,322.33,327.09,,160528.0
2019-07-12,327.42,328.01,322.23,325.42,,209959.0
2019-07-15,326.07,326.69,323.44,326.09,,153788.0
2019-07-16,327.72,327.72,321.87,322.75,,207397.0
2019-07-17,322.6,325.77,322.6,325.15,,191183.0
2019-07-18,325.3,331.91,323.86,331.47,,169111.0
2019-07-19,332.6,333.19,326.06,326.18,,185710.0
2019-07-22,327.97,332.14,327.13,330.2,,139487.0
2019-07-23,330.37,333.15,327.8,332.47,,121708.0
2019-07-24,332.29,337.14,330.04,336.92,,115029.0
2019-07-25,334.19,338.31,332.19,336.96,,193201.0
2019-07-26,337.23,338.34,334.9,337.97,,185016.0
2019-07-29,339.18,343.39,337.8,341.48,,327667.0
2019-07-30,338.62,341.01,335.67,337.89,,238870.0
2019-07-31,337.6,339.38,327.4,330.75,,278714.0
2019-08-01,335.75,357.08,335.75,352.0,,502412.0
2019-08-02,352.28,356.11,346.98,351.79,,427672.0
2019-08-05,351.7,351.7,336.42,341.32,,268711.0
2019-08-06,344.74,354.98,342.94,353.09,,313440.0
2019-08-07,348.68,350.11,345.05,348.34,,249454.0
2019-08-08,348.34,356.68,347.9,356.68,,221678.0
2019-08-09,359.29,363.95,357.73,361.81,,179196.0
2019-08-12,360.47,363.22,353.77,355.59,,346090.0
2019-08-13,356.17,362.1,356.17,360.8,,369280.0
2019-08-14,359.33,359.33,353.7,355.68,,331660.0
2019-08-15,355.13,363.07,355.13,359.04,,301906.0
2019-08-16,361.74,362.35,358.02,360.36,,154364.0
2019-08-19,361.51,363.99,359.67,360.39,,166155.0
2019-08-20,360.14,364.34,358.11,358.46,,217554.0
2019-08-21,360.75,362.72,357.62,358.38,,321399.0
2019-08-22,359.93,359.93,352.75,356.8,,315650.0
2019-08-23,355.67,357.9,346.65,348.79,,235383.0
2019-08-26,351.83,351.83,346.53,351.01,,224721.0
2019-08-27,352.51,354.42,348.53,350.79,,353634.0
2019-08-28,348.57,352.89,346.46,350.44,,222882.0
2019-08-29,353.87,355.83,350.67,354.06,,165844.0
2019-08-30,356.67,357.84,352.55,354.62,,213978.0
2019-09-03,353.24,353.71,348.56,351.89,,154527.0
2019-09-04,354.21,354.21,345.71,346.69,,246832.0
2019-09-05,349.23,353.89,343.6,347.37,,233737.0
2019-09-06,347.44,349.52,345.27,347.07,,169589.0
2019-09-09,348.26,348.26,330.99,332.61,,285275.0
2019-09-10,330.11,331.71,319.59,330.22,,528874.0
2019-09-11,330.92,335.42,328.49,330.11,,254640.0
2019-09-12,332.78,334.68,327.44,329.15,,267984.0
2019-09-13,330.02,331.05,321.42,322.69,,287237.0
2019-09-16,320.96,323.46,317.36,320.72,,218129.0
2019-09-17,321.56,333.97,321.39,329.98,,318920.0
2019-09-18,330.85,332.25,327.18,332.12,,278294.0
2019-09-19,331.35,335.74,330.58,332.97,,181553.0
2019-09-20,332.72,337.2,332.72,335.01,,531826.0
2019-09-23,331.31,342.06,327.42,338.87,,383566.0
2019-09-24,340.99,343.64,333.55,334.85,,337236.0
2019-09-25,333.75,334.35,329.21,333.98,,201127.0
2019-09-26,336.65,337.32,329.45,331.31,,145767.0
2019-09-27,333.07,333.07,325.01,327.04,,214855.0
2019-09-30,328.16,332.81,327.38,331.07,,288807.0
2019-10-01,331.66,331.67,322.73,323.06,,194002.0
2019-10-02,321.72,321.72,311.29,316.99,,321753.0
2019-10-03,317.17,324.08,314.91,323.89,,216491.0
2019-10-04,326.3,328.76,320.69,321.64,,230185.0
2019-10-07,320.27,323.64,319.79,320.04,,192549.0
2019-10-08,317.25,317.25,308.57,308.65,,333711.0
2019-10-09,311.54,314.04,309.77,310.1,,194217.0
2019-10-10,307.61,310.09,303.67,308.99,,355588.0
2019-10-11,311.92,316.33,311.17,313.86,,243916.0
2019-10-14,314.93,317.36,312.81,316.44,,216171.0
2019-10-15,318.71,322.31,316.48,320.15,,207751.0
2019-10-16,319.41,321.3,314.75,315.03,,200917.0
2019-10-17,314.04,321.53,314.04,319.66,,206244.0
2019-10-18,318.53,320.81,316.36,319.92,,144297.0
2019-10-21,320.93,324.41,316.77,321.94,,252359.0
2019-10-22,322.27,323.4,313.54,314.18,,203860.0
2019-10-23,315.55,317.35,311.51,313.45,,216357.0
2019-10-24,314.25,317.0,310.51,312.46,,210866.0
2019-10-25,312.12,314.72,307.93,313.65,,145634.0
2019-10-28,314.32,319.18,314.19,318.97,,170262.0
2019-10-29,317.26,324.16,316.15,320.02,,216723.0
2019-10-30,320.03,323.25,317.71,321.41,,236152.0
2019-10-31,331.31,345.18,324.98,338.53,,524237.0
2019-11-01,337.95,340.97,331.35,337.16,,489570.0
2019-11-04,339.35,341.05,334.47,339.73,,301283.0
2019-11-05,339.73,339.73,325.49,327.63,,360945.0
2019-11-06,329.02,329.6,324.6,326.39,,364742.0
2019-11-07,327.89,328.75,321.66,326.96,,430624.0
2019-11-08,327.1,328.98,322.68,322.71,,342476.0
2019-11-11,321.14,325.48,317.68,318.53,,330370.0
2019-11-12,319.57,325.68,318.59,323.46,,206090.0
2019-11-13,322.94,328.07,319.28,327.43,,306398.0
2019-11-14,330.1,334.32,326.83,333.96,,245398.0
2019-11-15,334.41,338.5,333.17,338.36,,276957.0
2019-11-18,336.99,339.04,334.11,336.2,,337967.0
2019-11-19,338.38,345.69,337.58,345.13,,405744.0
2019-11-20,344.01,347.56,342.08,344.29,,255969.0
2019-11-21,343.82,343.82,338.32,342.35,,162125.0
2019-11-22,343.08,343.93,336.53,338.23,,235039.0
2019-11-25,338.11,340.57,338.08,339.79,,282329.0
2019-11-26,340.3,341.97,338.12,341.5,,296463.0
2019-11-27,343.65,346.44,343.47,344.87,,164126.0
2019-11-29,343.09,346.26,343.09,344.65,,119277.0
2019-12-02,344.16,345.5,338.3,342.99,,158626.0
2019-12-03,341.67,344.86,340.8,343.79,,136624.0
2019-12-04,344.06,346.34,343.28,344.91,,148859.0
2019-12-05,345.15,350.73,343.35,349.45,,344302.0
2019-12-06,351.59,362.19,350.5,358.96,,559724.0
2019-12-09,357.16,357.5,347.61,348.23,,243227.0
2019-12-10,347.54,347.62,344.38,345.22,,184630.0
2019-12-11,346.27,346.86,343.29,346.05,,227215.0
2019-12-12,345.12,351.47,344.66,347.68,,224345.0
2019-12-13,347.68,351.32,346.06,351.03,,142444.0
2019-12-16,352.63,355.89,351.75,355.33,,194109.0
2019-12-17,356.28,359.26,353.21,358.2,,206922.0
2019-12-18,358.82,362.43,357.92,361.65,,226595.0
2019-12-19,361.14,365.61,359.05,364.23,,294238.0
2019-12-20,366.33,366.78,360.38,363.65,,260434.0
2019-12-23,364.79,366.36,360.49,365.1,,135501.0
2019-12-24,364.69,365.5,362.6,364.78,,43525.0
2019-12-26,365.14,365.63,362.08,363.6,,71971.0
2019-12-27,364.0,365.44,361.36,362.83,,118271.0
2019-12-30,362.85,363.78,361.22,362.26,,145653.0
2019-12-31,361.88,367.28,361.88,367.18,,167075.0
2020-01-02,367.5,370.33,364.29,369.18,,262900.0
2020-01-03,363.65,368.14,362.5,365.41,,167703.0
2020-01-06,364.16,371.01,362.92,369.67,,170012.0
2020-01-07,367.74,372.03,366.68,369.1,,127260.0
2020-01-08,370.42,372.57,369.53,370.13,,178067.0
2020-01-09,372.09,375.24,369.45,370.08,,307041.0
2020-01-10,372.66,374.43,368.35,369.39,,229518.0
2020-01-13,369.82,370.03,367.15,368.88,,148559.0
2020-01-14,368.16,374.51,366.77,373.72,,176579.0
2020-01-15,372.94,376.52,370.41,371.04,,152397.0
2020-01-16,372.94,375.81,372.33,374.93,,132150.0
2020-01-17,376.73,378.65,373.37,374.29,,164900.0
2020-01-21,373.59,376.51,372.43,374.5,,260417.0
2020-01-22,376.44,379.7,375.18,376.85,,173307.0
2020-01-23,375.82,376.75,372.53,375.36,,138172.0
2020-01-24,375.81,376.88,370.01,370.67,,97967.0
2020-01-27,366.47,371.89,365.89,369.21,,114101.0
2020-01-28,370.38,373.38,370.02,371.03,,125839.0
2020-01-29,371.0,373.7,369.88,370.05,,145369.0
2020-01-30,367.71,371.53,365.9,371.14,,167203.0
2020-01-31,369.69,370.4,361.83,362.37,,147644.0
2020-02-03,365.1,366.95,362.26,364.48,,261889.0
2020-02-04,369.17,375.49,368.89,373.84,,142252.0
2020-02-05,376.56,380.62,375.24,375.99,,103394.0
2020-02-06,375.72,377.76,371.36,372.03,,215369.0
2020-02-07,371.72,371.81,363.93,365.85,,137916.0
2020-02-10,363.27,368.23,362.86,367.53,,195262.0
2020-02-11,368.71,373.62,368.3,369.51,,218944.0
2020-02-12,369.71,370.58,365.38,368.11,,166509.0
2020-02-13,365.87,372.42,365.46,372.39,,210075.0
2020-02-14,372.66,377.4,372.4,377.14,,175216.0
2020-02-18,376.41,378.43,372.27,378.22,,169972.0
2020-02-19,379.84,388.85,376.84,385.42,,288065.0
2020-02-20,381.42,384.79,369.85,374.91,,341373.0
2020-02-21,373.41,373.41,356.76,361.29,,308692.0
2020-02-24,355.04,355.04,347.58,352.7,,228284.0
2020-02-25,352.07,353.0,338.14,339.55,,293256.0
2020-02-26,341.85,347.77,336.26,336.81,,187132.0
2020-02-27,331.49,338.68,327.85,328.81,,231759.0
2020-02-28,319.0,327.11,307.35,327.11,,406122.0
2020-03-02,327.1,345.94,326.38,345.26,,403363.0
2020-03-03,343.97,351.18,322.33,329.15,,398836.0
2020-03-04,337.58,344.1,335.77,343.09,,207935.0
2020-03-05,334.68,338.58,326.74,332.43,,265807.0
2020-03-06,324.07,341.32,320.54,338.73,,337175.0
2020-03-09,318.02,333.42,314.77,326.4,,466461.0
2020-03-10,331.99,348.29,323.09,347.96,,290707.0
2020-03-11,336.86,341.12,320.05,334.01,,427333.0
2020-03-12,313.59,313.59,290.62,290.68,,424223.0
2020-03-13,309.48,311.71,288.66,310.9,,353822.0
2020-03-16,282.15,282.15,259.72,275.99,,581629.0
2020-03-17,282.85,283.39,244.18,256.64,,575815.0
2020-03-18,243.92,250.2,228.25,239.27,,421542.0
2020-03-19,241.71,251.03,221.91,248.4,,364227.0
2020-03-20,252.68,261.14,235.23,238.08,,319837.0
2020-03-23,238.42,242.35,216.05,219.99,,367835.0
2020-03-24,228.78,251.74,228.78,249.84,,410714.0
2020-03-25,248.74,281.66,242.09,274.23,,431481.0
2020-03-26,274.5,290.56,272.4,283.15,,366605.0
2020-03-27,273.76,280.44,263.78,275.84,,295878.0
2020-03-30,278.15,286.26,271.82,281.53,,225327.0
2020-03-31,282.76,289.58,274.57,285.95,,545680.0
2020-04-01,275.08,281.56,268.52,273.2,,330525.0
2020-04-02,271.57,289.62,265.57,288.33,,385544.0
2020-04-03,289.21,291.94,279.86,287.42,,519402.0
2020-04-06,298.23,315.37,298.23,313.86,,360437.0
2020-04-07,325.95,328.98,298.81,301.11,,371882.0
2020-04-08,303.78,316.21,300.24,313.99,,269860.0
2020-04-09,314.58,321.39,312.52,317.88,,323194.0
2020-04-13,317.73,318.86,306.18,313.46,,192388.0
2020-04-14,317.84,326.18,317.84,323.12,,277956.0
2020-04-15,316.56,325.12,316.29,323.23,,279303.0
2020-04-16,326.47,329.39,319.05,322.29,,285756.0
2020-04-17,330.97,343.25,330.86,338.5,,330506.0
2020-04-20,335.46,339.01,331.12,336.71,,173474.0
2020-04-21,326.94,330.85,319.55,320.6,,216341.0
2020-04-22,325.08,327.25,320.6,326.15,,172378.0
2020-04-23,328.07,333.46,325.85,326.54,,156424.0
2020-04-24,330.59,337.88,325.24,330.4,,510835.0
2020-04-27,334.18,346.06,331.4,341.82,,299317.0
2020-04-28,345.24,346.5,331.52,332.24,,227010.0
2020-04-29,336.26,346.34,334.21,344.79,,352163.0
2020-04-30,337.83,349.28,324.76,327.48,,543293.0
2020-05-01,321.6,333.63,314.69,321.6,,539703.0
2020-05-04,321.18,324.19,314.2,318.09,,637764.0
2020-05-05,318.21,336.63,317.55,332.71,,446011.0
2020-05-06,333.53,337.49,328.5,328.76,,194746.0
2020-05-07,334.06,338.32,332.74,335.17,,173700.0
2020-05-08,335.88,340.24,331.95,332.27,,193173.0
2020-05-11,331.08,340.52,328.8,339.25,,202293.0
2020-05-12,340.04,343.11,332.2,332.2,,230864.0
2020-05-13,331.53,334.51,324.33,330.01,,271214.0
2020-05-14,326.12,328.32,321.21,326.79,,311908.0
2020-05-15,324.8,330.04,323.41,328.1,,135676.0
2020-05-18,337.46,350.72,337.46,345.1,,204811.0
2020-05-19,346.23,348.81,337.83,337.83,,153923.0
2020-05-20,341.78,345.73,338.6,344.31,,182506.0
2020-05-21,343.19,346.76,338.41,343.55,,322761.0
2020-05-22,345.81,355.51,340.78,355.03,,282423.0
2020-05-26,366.66,368.97,336.89,342.09,,438609.0
2020-05-27,342.2,346.55,327.61,339.77,,544154.0
2020-05-28,343.48,351.22,341.13,350.19,,315886.0
2020-05-29,351.86,354.9,349.49,354.66,,353028.0
2020-06-01,353.54,360.74,353.19,357.22,,294930.0
2020-06-02,360.28,362.42,353.07,356.93,,331253.0
2020-06-03,357.33,365.23,354.62,362.49,,256018.0
2020-06-04,360.66,365.12,354.43,358.31,,278956.0
2020-06-05,362.03,374.21,360.22,368.07,,290931.0
2020-06-08,363.72,368.6,362.08,366.59,,239774.0
2020-06-09,366.18,367.66,357.71,358.88,,245869.0
2020-06-10,361.15,363.05,354.93,358.44,,242737.0
2020-06-11,352.46,352.46,340.49,343.0,,409535.0
2020-06-12,353.19,356.59,338.35,344.29,,204808.0
2020-06-15,338.83,352.92,335.35,351.71,,262764.0
2020-06-16,361.03,362.2,352.6,355.94,,135599.0
2020-06-17,358.4,361.54,354.9,359.49,,159897.0
2020-06-18,358.8,360.39,354.98,357.3,,169443.0
2020-06-19,363.48,366.7,358.29,360.06,,348110.0
2020-06-22,358.51,362.83,353.2,359.78,,162225.0
2020-06-23,364.36,365.93,359.09,360.14,,141875.0
2020-06-24,356.44,358.79,339.99,347.28,,409508.0
2020-06-25,348.02,348.02,339.73,346.93,,191856.0
2020-06-26,346.95,349.27,342.54,347.82,,508269.0
2020-06-29,349.42,349.42,342.88,347.4,,256037.0
2020-06-30,347.9,357.28,347.8,355.75,,240445.0
2020-07-01,355.74,366.52,355.74,360.59,,286998.0
2020-07-02,363.64,365.27,359.19,359.83,,191503.0
2020-07-06,365.49,366.5,359.32,359.83,,219335.0
2020-07-07,356.62,359.62,351.87,352.53,,188511.0
2020-07-08,352.73,355.36,349.87,352.11,,169530.0
2020-07-09,350.46,352.44,344.19,348.89,,200869.0
2020-07-10,349.76,350.86,343.69,346.76,,117270.0
2020-07-13,349.99,354.33,341.45,342.32,,247298.0
2020-07-14,341.39,354.82,341.39,354.16,,166307.0
2020-07-15,357.31,369.13,357.31,365.94,,145014.0
2020-07-16,365.06,366.17,357.82,361.58,,100902.0
2020-07-17,364.1,375.31,363.25,373.25,,162901.0
2020-07-20,373.23,377.04,371.83,376.1,,133087.0
2020-07-21,376.29,379.11,373.74,376.67,,127379.0
2020-07-22,376.97,382.14,374.45,380.61,,157860.0
2020-07-23,381.72,386.48,378.42,380.05,,111192.0
2020-07-24,379.1,380.45,373.67,378.89,,142557.0
2020-07-27,377.61,378.82,374.39,376.29,,182677.0
2020-07-28,377.78,379.15,373.48,375.97,,221673.0
2020-07-29,378.61,395.91,378.61,391.92,,250619.0
2020-07-30,384.07,384.11,357.58,376.46,,307815.0
2020-07-31,374.62,375.64,359.68,364.66,,245624.0
2020-08-03,365.32,367.82,362.32,365.2,,180180.0
2020-08-04,364.94,366.77,356.19,359.93,,254828.0
2020-08-05,360.55,368.64,359.05,365.79,,276802.0
2020-08-06,365.79,366.06,356.41,361.21,,134728.0
2020-08-07,362.24,368.1,361.19,365.06,,136929.0
2020-08-10,364.01,369.96,363.01,367.89,,192880.0
2020-08-11,369.94,374.83,366.2,366.78,,152368.0
2020-08-12,370.21,371.9,366.94,367.51,,208963.0
2020-08-13,366.6,375.54,366.6,373.79,,115776.0
2020-08-14,372.18,372.56,368.32,370.24,,102552.0
2020-08-17,370.43,372.32,366.39,366.58,,163984.0
2020-08-18,368.66,368.66,363.84,365.86,,128637.0
2020-08-19,368.5,368.5,363.4,363.72,,110831.0
2020-08-20,361.57,365.9,359.92,362.69,,162377.0
2020-08-21,363.01,363.69,359.03,363.55,,154004.0
2020-08-24,364.62,365.61,357.35,362.79,,161692.0
2020-08-25,365.61,370.55,361.38,369.27,,247910.0
2020-08-26,367.81,369.21,360.0,367.76,,131835.0
2020-08-27,368.11,376.77,366.52,372.01,,169447.0
2020-08-28,371.75,377.66,368.17,376.65,,150571.0
2020-08-31,374.69,386.58,374.69,384.41,,221287.0
2020-09-01,382.8,390.5,381.96,389.69,,213255.0
2020-09-02,390.58,400.37,387.28,399.31,,223741.0
2020-09-03,396.98,398.47,382.4,387.96,,251078.0
2020-09-04,391.07,391.42,375.99,380.92,,144045.0
2020-09-08,376.63,381.3,373.25,373.64,,235776.0
2020-09-09,378.85,386.47,376.39,381.0,,139889.0
2020-09-10,381.8,382.62,369.15,369.85,,212130.0
2020-09-11,371.41,372.13,359.88,362.51,,268729.0
2020-09-14,367.13,368.59,363.36,363.8,,280964.0
2020-09-15,366.5,369.64,361.12,361.79,,293280.0
2020-09-16,364.57,364.57,345.47,350.12,,406730.0
2020-09-17,348.04,348.04,337.25,339.05,,377259.0
2020-09-18,338.09,342.88,329.69,330.61,,458503.0
2020-09-21,324.26,324.26,314.88,319.6,,365715.0
2020-09-22,319.59,325.65,313.37,324.62,,607327.0
2020-09-23,326.66,332.1,322.46,323.58,,256947.0
2020-09-24,319.86,324.36,317.83,322.36,,319133.0
2020-09-25,319.06,330.57,319.0,328.51,,170955.0
2020-09-28,334.5,338.43,332.76,334.46,,161373.0
2020-09-29,335.84,338.12,328.04,328.25,,188120.0
2020-09-30,329.3,337.05,329.3,333.02,,167821.0
2020-10-01,336.29,340.38,327.53,329.91,,231435.0
2020-10-02,327.34,330.52,323.24,328.6,,172879.0
2020-10-05,332.77,334.9,330.23,331.92,,136211.0
2020-10-06,331.66,335.29,328.34,329.06,,181005.0
2020-10-07,329.89,342.84,329.89,340.46,,274212.0
2020-10-08,342.39,347.51,341.21,346.64,,198681.0
2020-10-09,350.64,357.88,347.25,355.61,,219332.0
2020-10-12,359.41,362.84,352.48,359.63,,152641.0
2020-10-13,357.04,359.56,353.29,354.67,,163869.0
2020-10-14,358.01,364.52,354.21,356.58,,169962.0
2020-10-15,350.56,354.84,349.1,353.93,,134498.0
2020-10-16,355.67,361.22,353.9,357.45,,200991.0
2020-10-19,359.58,362.87,351.56,353.77,,315049.0
2020-10-20,355.29,361.12,353.44,353.93,,217489.0
2020-10-21,353.91,354.48,350.22,351.25,,165202.0
2020-10-22,351.26,361.33,349.64,360.21,,179718.0
2020-10-23,363.9,363.9,357.66,358.28,,171673.0
2020-10-26,353.52,355.17,346.92,349.59,,174822.0
2020-10-27,349.24,349.29,343.12,343.82,,228987.0
2020-10-28,333.71,338.8,327.54,327.75,,284215.0
2020-10-29,331.75,334.97,314.68,319.55,,543434.0
2020-10-30,315.0,319.03,305.54,311.31,,425100.0
2020-11-02,319.28,326.83,305.89,313.01,,343085.0
2020-11-03,319.26,328.9,317.99,324.97,,238671.0
2020-11-04,329.25,333.36,321.36,321.6,,375948.0
2020-11-05,328.45,338.49,326.85,329.94,,253346.0
2020-11-06,330.72,332.61,326.91,328.64,,185502.0
2020-11-09,350.15,372.35,350.13,356.05,,523698.0
2020-11-10,354.06,361.14,343.14,360.44,,324681.0
2020-11-11,362.64,363.41,352.19,355.08,,224412.0
2020-11-12,351.0,355.22,346.54,349.32,,105708.0
2020-11-13,350.59,358.0,348.92,356.82,,142224.0
2020-11-16,359.18,367.45,353.69,367.41,,269229.0
2020-11-17,366.53,371.39,363.52,367.69,,381201.0
2020-11-18,367.37,370.54,362.05,362.47,,294398.0
2020-11-19,360.87,364.8,355.6,364.52,,254654.0
2020-11-20,364.98,366.73,359.53,362.9,,226027.0
2020-11-23,365.0,368.2,359.39,365.38,,362874.0
2020-11-24,367.32,376.7,364.23,373.68,,294620.0
2020-11-25,371.82,373.58,365.16,365.88,,211661.0
2020-11-27,366.33,366.61,360.72,363.33,,103689.0
2020-11-30,364.21,376.7,361.31,374.79,,518566.0
2020-12-01,376.86,378.29,370.58,372.55,,295312.0
2020-12-02,371.25,376.06,369.04,372.46,,260657.0
2020-12-03,371.24,379.37,368.62,370.12,,191196.0
2020-12-04,368.12,379.35,368.12,378.92,,173609.0
2020-12-07,378.49,379.25,372.79,374.89,,141105.0
2020-12-08,372.0,378.31,372.0,374.99,,139140.0
2020-12-09,375.67,376.89,371.19,373.43,,204128.0
2020-12-10,372.46,380.63,372.46,375.37,,218058.0
2020-12-11,373.43,376.55,370.13,375.44,,241866.0
2020-12-14,378.64,386.72,372.74,372.75,,209310.0
2020-12-15,377.56,385.55,374.38,384.51,,240853.0
2020-12-16,383.84,391.4,382.65,389.06,,245459.0
2020-12-17,390.07,396.34,387.45,394.52,,196257.0
2020-12-18,394.63,402.66,390.89,400.39,,434925.0
2020-12-21,394.11,394.11,383.24,390.72,,192104.0
2020-12-22,390.81,394.38,388.18,388.58,,151459.0
2020-12-23,391.34,394.13,388.79,389.02,,113744.0
2020-12-24,391.01,398.34,387.94,396.63,,87503.0
2020-12-28,398.94,401.75,396.46,398.1,,91270.0
2020-12-29,399.38,401.93,396.67,397.59,,105507.0
2020-12-30,397.81,400.22,396.23,399.08,,107102.0
2020-12-31,398.77,404.4,395.13,403.01,,107421.0
2021-01-04,402.55,403.83,389.48,394.74,,227956.0
2021-01-05,392.45,396.32,391.12,392.1,,251831.0
2021-01-06,394.17,398.86,392.66,396.6,,321914.0
2021-01-07,397.17,399.1,392.41,395.38,,304266.0
2021-01-08,397.22,406.09,396.71,404.78,,183442.0
2021-01-11,400.06,402.07,392.73,395.46,,185775.0
2021-01-12,396.26,398.65,387.65,388.8,,287073.0
2021-01-13,386.78,391.55,384.26,389.47,,282940.0
2021-01-14,389.74,391.34,378.41,379.59,,255998.0
2021-01-15,379.05,382.31,374.95,380.29,,205546.0
2021-01-19,383.42,384.46,376.49,377.8,,184498.0
2021-01-20,377.76,387.26,375.6,385.11,,198793.0
2021-01-21,383.04,386.96,380.19,380.63,,164889.0
2021-01-22,378.69,380.46,376.66,378.4,,197766.0
2021-01-25,376.58,379.14,370.98,374.19,,223192.0
2021-01-26,376.01,377.24,369.9,374.83,,216200.0
2021-01-27,369.51,371.52,363.07,364.5,,184563.0
2021-01-28,367.4,378.77,365.01,373.56,,181633.0
2021-01-29,371.67,373.88,366.12,369.77,,174486.0
2021-02-01,372.38,376.36,366.34,371.44,,182326.0
2021-02-02,376.15,390.28,375.77,383.26,,219101.0
2021-02-03,382.85,384.91,374.08,381.17,,138443.0
2021-02-04,381.73,395.58,381.73,390.36,,175591.0
2021-02-05,392.28,395.46,390.25,390.47,,163541.0
2021-02-08,390.64,394.08,388.17,390.34,,93642.0
2021-02-09,389.02,394.17,388.48,391.95,,209445.0
2021-02-10,393.86,396.55,389.47,394.82,,155099.0
2021-02-11,395.3,398.86,392.7,398.09,,128745.0
2021-02-12,396.78,401.81,395.33,397.74,,193530.0
2021-02-16,397.35,398.59,391.99,396.08,,166618.0
2021-02-17,394.11,399.08,392.23,394.91,,143658.0
2021-02-18,392.18,398.74,392.0,395.42,,159411.0
2021-02-19,396.58,397.3,382.23,382.31,,219246.0
2021-02-22,380.68,380.84,372.0,378.5,,205774.0
2021-02-23,380.79,388.75,378.33,386.93,,245267.0
2021-02-24,384.7,395.36,384.7,392.06,,197466.0
2021-02-25,392.49,402.06,389.63,394.11,,251823.0
2021-02-26,394.76,398.45,386.75,389.84,,206453.0
2021-03-01,392.48,399.63,392.48,395.28,,182041.0
2021-03-02,394.92,398.22,388.98,395.38,,178684.0
2021-03-03,393.91,395.99,390.62,394.05,,177033.0
2021-03-04,395.71,398.72,381.93,383.17,,201451.0
2021-03-05,385.02,396.52,379.98,393.68,,206508.0
2021-03-08,394.34,398.4,389.26,392.36,,363803.0
2021-03-09,395.28,402.36,395.28,398.63,,214269.0
2021-03-10,401.79,411.62,401.08,410.27,,270168.0
2021-03-11,410.24,411.26,406.31,406.43,,236736.0
2021-03-12,407.67,416.81,403.1,415.05,,232774.0
2021-03-15,414.04,426.29,411.43,420.87,,308922.0
2021-03-16,418.2,420.47,408.1,411.43,,219897.0
2021-03-17,411.43,412.16,405.86,408.15,,184574.0
2021-03-18,405.74,405.74,396.31,398.8,,211466.0
2021-03-19,397.11,400.65,392.47,393.08,,327350.0
2021-03-22,391.55,399.05,389.93,394.62,,175420.0
2021-03-23,394.19,396.81,389.03,391.31,,218750.0
2021-03-24,390.99,400.62,390.99,395.6,,218452.0
2021-03-25,393.95,403.31,389.61,402.09,,333273.0
2021-03-26,401.82,404.88,392.27,404.78,,146516.0
2021-03-29,405.12,409.19,399.94,407.42,,125058.0
2021-03-30,404.1,408.56,403.14,406.51,,270832.0
2021-03-31,407.22,411.93,406.94,407.17,,198437.0
2021-04-01,407.31,408.99,403.01,405.88,,123451.0
2021-04-05,407.25,416.22,407.25,414.06,,220781.0
2021-04-06,414.06,418.04,410.35,414.92,,265890.0
2021-04-07,414.62,415.79,409.05,411.24,,98116.0
2021-04-08,412.55,416.7,411.44,411.77,,114698.0
2021-04-09,412.83,419.1,409.81,418.57,,111473.0
2021-04-12,417.03,419.93,415.44,417.78,,124534.0
2021-04-13,416.3,422.05,416.13,420.72,,130838.0
2021-04-14,421.3,423.38,417.62,418.39,,132332.0
2021-04-15,419.62,426.5,419.62,422.63,,189627.0
2021-04-16,424.84,425.24,418.87,423.93,,231237.0
2021-04-19,421.64,423.76,418.96,423.17,,158895.0
2021-04-20,423.03,425.3,419.6,423.24,,113327.0
2021-04-21,424.61,431.31,424.61,429.53,,108361.0
2021-04-22,428.67,434.05,428.67,430.58,,134391.0
2021-04-23,430.82,436.28,428.33,434.85,,144266.0
2021-04-26,435.72,438.85,431.07,431.23,,127516.0
2021-04-27,429.85,432.72,425.92,430.05,,136862.0
2021-04-28,429.94,440.41,428.52,434.99,,222720.0
2021-04-29,426.54,428.33,406.49,408.87,,465237.0
2021-04-30,411.97,415.36,404.18,414.05,,292024.0
2021-05-03,416.53,416.53,406.66,408.85,,254375.0
2021-05-04,408.38,409.85,401.15,404.44,,219199.0
2021-05-05,408.22,408.22,399.61,402.15,,257100.0
2021-05-06,403.04,403.04,391.47,399.41,,288824.0
2021-05-07,400.77,409.74,400.77,404.32,,164667.0
2021-05-10,404.72,405.28,399.13,399.5,,153368.0
2021-05-11,395.85,399.28,391.34,392.72,,221710.0
2021-05-12,389.37,391.72,377.1,378.26,,410990.0
2021-05-13,378.98,386.73,377.58,384.62,,257544.0
2021-05-14,385.43,388.74,382.97,385.49,,155079.0
2021-05-17,384.42,388.28,381.65,385.73,,302582.0
2021-05-18,385.5,390.79,382.15,386.0,,190932.0
2021-05-19,383.74,384.26,380.06,383.04,,117151.0
2021-05-20,382.15,392.61,382.15,390.41,,155476.0
2021-05-21,393.42,397.58,392.07,393.85,,194177.0
2021-05-24,393.98,398.78,393.73,395.76,,156181.0
2021-05-25,397.79,400.66,394.86,397.84,,156761.0
2021-05-26,395.03,398.79,388.57,392.7,,185160.0
2021-05-27,392.37,395.55,390.63,395.04,,352444.0
2021-05-28,396.69,401.38,394.39,394.51,,172411.0
2021-06-01,394.46,394.8,384.86,384.96,,210464.0
2021-06-02,385.66,389.65,380.29,382.12,,252066.0
2021-06-03,379.72,384.27,377.54,383.76,,172220.0
2021-06-04,386.74,389.0,384.89,387.68,,176642.0
2021-06-07,388.18,391.47,383.56,385.27,,218362.0
2021-06-08,386.38,386.38,375.56,382.26,,142860.0
2021-06-09,384.12,387.18,382.82,385.8,,167516.0
2021-06-10,387.44,391.06,385.85,388.83,,268851.0
2021-06-11,387.88,391.95,383.63,386.02,,187937.0
2021-06-14,385.43,389.69,380.91,388.14,,302531.0
2021-06-15,388.43,391.5,386.53,388.74,,270179.0
2021-06-16,390.16,395.66,387.78,388.4,,388106.0
2021-06-17,387.38,398.23,385.78,395.33,,267642.0
2021-06-18,394.67,395.02,386.15,389.29,,539209.0
2021-06-21,389.9,396.21,384.64,392.64,,245117.0
2021-06-22,393.85,399.96,390.21,397.07,,500689.0
2021-06-23,394.86,404.81,394.86,400.36,,528475.0
2021-06-24,404.13,404.13,392.25,393.16,,245592.0
2021-06-25,395.06,411.93,392.36,404.33,,1209230.0
2021-06-28,404.2,405.8,393.07,398.63,,299054.0
2021-06-29,399.62,401.27,396.44,400.82,,175157.0
2021-06-30,400.66,400.66,390.61,394.11,,209351.0
2021-07-01,394.66,399.43,393.53,399.07,,177544.0
2021-07-02,400.06,402.95,397.91,402.17,,142492.0
2021-07-06,399.91,404.88,399.54,404.73,,268639.0
2021-07-07,406.91,414.46,404.96,413.53,,236865.0
2021-07-08,409.63,414.67,403.68,414.44,,464680.0
2021-07-09,416.07,420.17,412.79,414.74,,696346.0
2021-07-12,413.96,416.24,411.07,412.4,,394570.0
2021-07-13,411.36,413.43,407.61,410.76,,333652.0
2021-07-14,410.24,412.75,408.69,409.28,,415634.0
2021-07-15,389.41,390.68,357.28,369.01,,1807346.0
2021-07-16,369.56,383.58,368.8,382.86,,683094.0
2021-07-19,371.16,378.09,363.79,367.93,,594806.0
2021-07-20,368.71,383.65,368.71,378.77,,454501.0
2021-07-21,382.95,384.49,379.31,383.42,,299784.0
2021-07-22,384.56,386.78,381.38,385.65,,277043.0
2021-07-23,388.47,390.74,385.51,390.31,,235387.0
2021-07-26,388.62,391.95,385.27,390.09,,256402.0
2021-07-27,390.46,397.62,389.83,394.6,,388262.0
2021-07-28,395.86,398.15,390.9,391.6,,311723.0
2021-07-29,398.21,398.21,382.87,388.43,,345026.0
2021-07-30,387.88,393.5,386.06,389.84,,254343.0
2021-08-02,391.55,391.55,382.91,383.81,,210452.0
2021-08-03,383.51,383.51,375.97,377.6,,252237.0
2021-08-04,375.12,376.4,365.69,366.28,,326460.0
2021-08-05,365.78,371.89,362.98,370.62,,285499.0
2021-08-06,371.33,375.11,368.83,373.6,,198491.0
2021-08-09,374.24,374.24,367.13,367.95,,159153.0
2021-08-10,368.01,369.82,353.0,353.42,,549808.0
2021-08-11,354.32,359.37,353.65,357.1,,240316.0
2021-08-12,357.01,359.71,353.85,354.74,,217029.0
2021-08-13,353.93,360.02,353.03,359.42,,184158.0
2021-08-16,359.64,366.54,357.92,365.57,,206678.0
2021-08-17,364.17,373.27,362.33,371.46,,255958.0
2021-08-18,372.25,372.32,364.84,365.19,,210279.0
2021-08-19,362.34,370.86,362.34,369.0,,166160.0
2021-08-20,369.23,372.73,367.99,370.21,,145943.0
2021-08-23,371.82,377.78,371.38,375.47,,446313.0
2021-08-24,374.68,383.88,374.68,379.14,,205363.0
2021-08-25,377.96,380.0,374.52,378.27,,120685.0
2021-08-26,377.25,379.57,376.32,378.94,,212916.0
2021-08-27,381.11,385.61,380.04,381.16,,138482.0
2021-08-30,381.34,386.56,381.34,385.44,,171772.0
2021-08-31,386.05,392.09,385.26,388.26,,339583.0
2021-09-01,391.05,392.72,387.6,390.33,,182586.0
2021-09-02,392.81,398.23,389.18,397.25,,259522.0
2021-09-03,395.85,398.17,390.77,391.18,,258051.0
2021-09-07,390.14,393.53,387.23,391.88,,310729.0
2021-09-08,391.91,398.51,391.08,392.83,,203744.0
2021-09-09,391.73,393.46,377.34,378.39,,406915.0
2021-09-10,379.75,381.16,365.28,365.64,,289978.0
2021-09-13,368.64,373.55,366.41,370.86,,228747.0
2021-09-14,375.19,382.77,369.75,380.29,,202901.0
2021-09-15,379.98,383.6,379.02,381.6,,125198.0
2021-09-16,381.53,382.06,376.61,378.95,,104677.0
2021-09-17,376.3,380.82,375.38,378.55,,251426.0
2021-09-20,372.36,378.44,370.42,372.21,,169214.0
2021-09-21,374.63,377.66,370.37,371.26,,140442.0
2021-09-22,373.43,378.86,370.07,376.35,,122622.0
2021-09-23,378.49,383.43,375.0,382.22,,198005.0
2021-09-24,381.35,384.27,378.65,381.03,,110400.0
2021-09-27,379.07,383.38,375.14,380.17,,225911.0
2021-09-28,377.48,382.58,374.35,380.37,,368446.0
2021-09-29,382.41,383.98,378.19,378.19,,178231.0
2021-09-30,381.01,381.9,369.53,369.7,,183844.0
2021-10-01,372.52,377.7,366.71,376.3,,133447.0
2021-10-04,374.48,376.14,364.88,367.53,,223490.0
2021-10-05,368.37,374.55,366.26,368.78,,179111.0
2021-10-06,364.98,372.02,360.97,371.85,,211523.0
2021-10-07,366.66,375.5,365.86,367.18,,250091.0
2021-10-08,367.86,368.05,352.83,356.31,,519872.0
2021-10-11,356.91,357.72,346.18,347.7,,446043.0
2021-10-12,348.68,350.17,344.42,345.06,,399300.0
2021-10-13,344.1,350.77,343.86,348.06,,227452.0
2021-10-14,351.7,359.93,350.95,357.85,,203150.0
2021-10-15,359.68,363.27,356.56,356.59,,212387.0
2021-10-18,354.61,356.25,348.42,353.32,,169048.0
2021-10-19,355.43,362.6,355.43,361.13,,260356.0
2021-10-20,363.08,367.34,361.26,365.48,,231140.0
2021-10-21,365.05,372.4,363.83,371.4,,203893.0
2021-10-22,371.51,374.29,369.14,369.66,,137654.0
2021-10-25,369.37,372.32,367.02,370.04,,227161.0
2021-10-26,371.14,375.02,366.27,366.57,,311320.0
2021-10-27,367.08,368.9,357.44,359.61,,324463.0
2021-10-28,341.67,352.36,336.91,341.04,,949320.0
2021-10-29,339.38,352.86,337.04,350.45,,516639.0
2021-11-01,350.58,354.72,348.5,352.7,,554560.0
2021-11-02,356.13,363.46,351.54,362.98,,282156.0
2021-11-03,362.5,362.5,336.54,341.7,,516612.0
2021-11-04,343.93,343.93,336.62,340.16,,502264.0
2021-11-05,342.25,350.31,340.16,346.88,,244478.0
2021-11-08,348.68,348.78,344.02,346.0,,282815.0
2021-11-09,346.28,346.88,332.52,336.09,,663872.0
2021-11-10,337.03,343.97,334.4,335.72,,311292.0
2021-11-11,334.53,335.84,322.42,332.11,,529123.0
2021-11-12,328.38,335.49,328.38,334.26,,285442.0
2021-11-15,334.14,334.14,329.49,332.32,,331306.0
2021-11-16,332.55,336.24,331.83,334.84,,320753.0
2021-11-17,332.48,336.58,332.48,333.68,,548172.0
2021-11-18,335.39,335.39,324.2,324.31,,337340.0
2021-11-19,326.32,326.32,312.71,313.34,,698394.0
2021-11-22,314.5,321.26,313.14,315.71,,448660.0
2021-11-23,314.44,314.44,307.3,309.86,,596000.0
2021-11-24,309.39,316.65,309.2,312.3,,360104.0
2021-11-26,309.2,309.2,299.33,299.9,,304458.0
2021-11-29,303.91,306.98,299.35,303.63,,396610.0
2021-11-30,300.69,303.27,292.15,292.3,,637718.0
2021-12-01,296.73,297.76,284.02,284.5,,551541.0
2021-12-02,285.07,297.34,285.07,293.16,,511398.0
2021-12-03,296.71,301.05,292.32,299.97,,565110.0
2021-12-06,304.04,319.09,303.44,314.9,,575567.0
2021-12-07,317.97,323.73,316.17,316.27,,474575.0
2021-12-08,316.31,320.05,315.96,317.71,,325334.0
2021-12-09,315.7,320.19,314.84,314.84,,293933.0
2021-12-10,315.47,316.6,311.02,315.76,,342681.0
2021-12-13,312.13,319.42,309.42,315.24,,495888.0
2021-12-14,312.98,317.55,312.29,312.31,,368323.0
2021-12-15,310.54,314.65,307.81,313.54,,395715.0
2021-12-16,315.05,319.43,311.42,312.53,,450053.0
2021-12-17,312.51,320.32,308.63,315.97,,582674.0
2021-12-20,311.32,312.41,305.83,307.02,,558550.0
2021-12-21,310.45,318.61,308.83,315.97,,260567.0
2021-12-22,317.05,322.68,315.43,322.54,,367815.0
2021-12-23,323.81,324.05,319.96,321.74,,228661.0
2021-12-27,322.41,325.71,320.08,325.46,,131547.0
2021-12-28,325.75,327.88,322.73,324.35,,233050.0
2021-12-29,325.7,330.2,325.06,327.95,,289202.0
2021-12-30,326.5,329.96,324.65,325.19,,139964.0
2021-12-31,325.35,329.57,322.71,322.83,,168281.0
2022-01-03,322.83,332.07,322.37,328.97,,403543.0
2022-01-04,325.32,330.74,325.18,328.79,,296809.0
2022-01-05,331.42,334.56,322.98,322.98,,252501.0
2022-01-06,322.28,328.44,320.76,321.23,,287827.0
2022-01-07,316.82,319.41,307.18,310.97,,423220.0
2022-01-10,310.51,318.67,304.28,317.95,,582080.0
2022-01-11,318.93,325.44,316.57,324.52,,306155.0
2022-01-12,324.26,331.97,323.75,328.9,,375225.0
2022-01-13,328.49,330.13,322.93,324.18,,286446.0
2022-01-14,320.84,325.47,310.84,320.14,,363930.0
2022-01-18,316.61,322.14,313.48,320.09,,538082.0
2022-01-19,320.28,330.88,320.28,327.13,,497948.0
2022-01-20,327.09,332.08,318.73,319.24,,398666.0
2022-01-21,321.07,321.91,313.07,317.64,,256797.0
2022-01-24,310.36,313.41,305.06,311.83,,451313.0
2022-01-25,308.32,309.16,296.76,299.18,,396725.0
2022-01-26,301.03,306.81,291.44,293.6,,467857.0
2022-01-27,297.12,298.81,289.46,290.47,,369996.0
2022-01-28,291.39,294.96,286.03,294.69,,237492.0
2022-01-31,293.61,305.44,291.48,304.85,,351988.0
2022-02-01,303.78,306.49,300.14,304.17,,230271.0
2022-02-02,303.98,304.35,297.07,303.57,,541963.0
2022-02-03,303.06,306.82,302.06,305.57,,267621.0
2022-02-04,303.9,310.64,303.01,307.9,,306056.0
2022-02-07,307.74,312.27,304.37,308.34,,253326.0
2022-02-08,309.28,318.65,308.51,317.21,,192565.0
2022-02-09,319.71,328.12,318.28,326.43,,253976.0
2022-02-10,321.34,327.07,316.87,318.83,,367887.0
2022-02-11,319.06,320.64,312.54,315.11,,286056.0
2022-02-14,315.79,317.88,310.2,311.88,,247296.0
2022-02-15,316.9,322.21,314.93,322.21,,210321.0
2022-02-16,321.37,322.31,315.92,321.37,,215887.0
2022-02-17,319.15,319.2,311.24,312.52,,224171.0
2022-02-18,313.02,316.21,309.55,310.34,,215560.0
2022-02-22,309.76,319.12,308.23,316.98,,419333.0
2022-02-23,318.89,322.45,315.79,316.8,,322734.0
2022-02-24,314.18,333.6,309.74,332.24,,381733.0
2022-02-25,332.89,338.26,327.57,337.11,,415611.0
2022-02-28,334.63,335.48,326.27,330.52,,382362.0
2022-03-01,328.37,330.71,324.32,327.5,,235514.0
2022-03-02,329.56,335.78,327.37,334.26,,273635.0
2022-03-03,338.02,339.65,333.6,337.74,,278681.0
2022-03-04,335.64,344.63,334.0,344.29,,302592.0
2022-03-07,344.14,347.13,340.5,341.6,,393014.0
2022-03-08,339.69,340.6,331.39,331.48,,646809.0
2022-03-09,336.26,342.71,336.26,337.52,,447131.0
2022-03-10,331.51,335.01,329.11,333.83,,298440.0
2022-03-11,336.87,338.88,330.39,330.53,,271932.0
2022-03-14,330.99,334.64,326.94,329.17,,240443.0
2022-03-15,332.77,333.48,327.75,330.12,,269062.0
2022-03-16,331.74,335.6,328.47,335.57,,416963.0
2022-03-17,334.82,343.74,334.82,341.41,,221394.0
2022-03-18,340.61,344.6,335.18,344.24,,421257.0
2022-03-21,342.83,347.16,341.55,343.03,,208296.0
2022-03-22,343.33,345.25,340.32,341.21,,232099.0
2022-03-23,337.17,337.17,316.96,323.62,,702477.0
2022-03-24,325.15,332.01,324.94,329.01,,256715.0
2022-03-25,330.93,334.54,328.75,333.88,,222292.0
2022-03-28,334.2,339.46,332.1,339.33,,200039.0
2022-03-29,344.03,345.54,338.59,341.34,,240279.0
2022-03-30,340.49,345.27,339.67,342.65,,213174.0
2022-03-31,342.97,350.88,341.21,349.06,,480537.0
2022-04-01,349.98,350.58,344.45,349.05,,268495.0
2022-04-04,348.66,350.92,338.38,338.95,,384079.0
2022-04-05,338.98,343.85,336.41,336.98,,316348.0
2022-04-06,334.28,336.77,329.41,335.78,,275630.0
2022-04-07,334.81,340.72,334.81,337.59,,238844.0
2022-04-08,337.02,342.62,334.68,340.84,,168577.0
2022-04-11,339.22,341.0,332.97,333.37,,199050.0
2022-04-12,334.07,335.7,330.48,334.17,,220161.0
2022-04-13,334.47,335.68,329.92,332.6,,387747.0
2022-04-14,334.47,334.61,327.72,331.15,,285422.0
2022-04-18,331.03,331.03,320.07,321.69,,185366.0
2022-04-19,322.43,339.0,322.43,333.22,,345228.0
2022-04-20,334.97,343.56,333.23,340.41,,263116.0
2022-04-21,343.68,343.71,332.77,333.01,,484464.0
2022-04-22,329.42,330.34,315.57,315.89,,519174.0
2022-04-25,314.16,321.9,313.1,321.04,,369322.0
2022-04-26,317.53,320.69,311.19,311.74,,305884.0
2022-04-27,311.01,317.14,309.85,311.04,,373265.0
2022-04-28,309.65,309.65,276.13,290.7,,989544.0
2022-04-29,287.45,289.48,279.74,280.98,,442252.0
2022-05-02,280.79,284.69,272.52,277.94,,469877.0
2022-05-03,278.53,283.74,277.49,280.22,,321596.0
2022-05-04,280.65,283.52,272.8,281.99,,422137.0
2022-05-05,280.49,283.12,268.72,273.26,,476079.0
2022-05-06,271.41,272.22,263.93,265.23,,313672.0
2022-05-09,260.64,261.09,253.61,255.48,,533348.0
2022-05-10,257.33,263.78,252.59,263.41,,685710.0
2022-05-11,261.05,270.11,261.05,263.02,,581272.0
2022-05-12,261.64,269.61,257.41,264.86,,507893.0
2022-05-13,266.11,275.14,264.16,274.27,,386539.0
2022-05-16,273.04,278.52,271.88,277.1,,375194.0
2022-05-17,281.43,289.39,281.43,288.35,,648246.0
2022-05-18,285.82,287.08,281.22,282.03,,610330.0
2022-05-19,278.61,284.93,278.61,284.34,,420452.0
2022-05-20,286.57,288.25,277.06,282.97,,390287.0
2022-05-23,287.47,288.66,281.56,285.0,,346444.0
2022-05-24,282.87,282.87,276.46,280.82,,261903.0
2022-05-25,280.08,282.95,276.34,278.75,,220673.0
2022-05-26,279.45,282.69,276.96,281.17,,301112.0
2022-05-27,285.33,286.01,281.59,285.72,,210276.0
2022-05-31,283.15,285.65,280.06,283.41,,283354.0
2022-06-01,285.52,285.52,273.1,278.6,,196495.0
2022-06-02,280.52,286.57,274.86,286.19,,169928.0
2022-06-03,284.81,284.88,277.47,277.61,,281299.0
2022-06-06,280.42,282.34,278.3,279.53,,220834.0
2022-06-07,277.64,281.08,276.36,281.03,,226033.0
2022-06-08,279.9,282.13,276.96,277.07,,161888.0
2022-06-09,276.02,276.02,267.6,267.79,,281277.0
2022-06-10,264.33,265.99,261.98,263.64,,190392.0
2022-06-13,258.9,259.49,253.9,255.6,,310839.0
2022-06-14,254.5,254.5,247.11,248.71,,334511.0
2022-06-15,251.67,256.95,249.48,253.35,,266259.0
2022-06-16,246.27,246.67,242.55,245.68,,312682.0
2022-06-17,245.26,250.47,241.12,241.24,,593014.0
2022-06-21,245.34,246.12,243.02,245.36,,338110.0
2022-06-22,243.08,250.39,243.08,244.18,,395069.0
2022-06-23,245.35,248.32,244.77,247.7,,343735.0
2022-06-24,249.71,254.24,246.6,254.16,,764346.0
2022-06-27,254.89,257.37,251.93,255.65,,256747.0
2022-06-28,256.66,257.99,249.17,249.45,,427677.0
2022-06-29,249.71,253.31,247.55,252.96,,219430.0
2022-06-30,249.8,249.8,241.23,242.15,,673797.0
2022-07-01,242.83,252.4,242.1,251.25,,369021.0
2022-07-05,247.97,248.83,242.8,248.45,,267319.0
2022-07-06,249.85,250.82,245.54,248.01,,350218.0
2022-07-07,247.97,252.5,246.31,252.07,,350584.0
2022-07-08,252.01,253.04,249.36,250.83,,406039.0
2022-07-11,247.23,247.63,242.25,244.5,,329482.0
2022-07-12,243.72,246.59,239.38,240.1,,285271.0
2022-07-13,235.9,240.94,235.57,238.86,,336322.0
2022-07-14,235.86,237.42,232.03,235.49,,408262.0
2022-07-15,240.21,243.05,237.83,240.46,,316617.0
2022-07-18,241.7,242.14,237.83,240.7,,442386.0
2022-07-19,244.61,251.33,244.61,250.72,,448996.0
2022-07-20,249.45,256.08,249.45,253.89,,463310.0
2022-07-21,255.43,263.31,253.62,263.29,,516441.0
2022-07-22,263.48,265.7,259.28,261.19,,369991.0
2022-07-25,261.48,261.48,257.95,259.11,,381607.0
2022-07-26,258.95,260.07,256.71,258.69,,264181.0
2022-07-27,260.64,263.16,258.27,262.52,,436817.0
2022-07-28,240.35,246.04,231.47,241.99,,1859079.0
2022-07-29,238.25,240.35,232.17,236.84,,1679608.0
2022-08-01,235.75,241.86,232.88,241.61,,726359.0
2022-08-02,242.06,249.08,241.41,247.07,,758618.0
2022-08-03,248.84,253.13,246.25,251.13,,704265.0
2022-08-04,251.5,253.7,245.21,246.79,,452772.0
2022-08-05,243.63,246.86,243.43,246.8,,237658.0
2022-08-08,249.55,253.44,249.2,252.06,,315337.0
2022-08-09,251.05,251.49,244.48,245.55,,396282.0
2022-08-10,249.51,250.8,248.85,250.22,,177536.0
2022-08-11,253.36,256.6,249.46,250.05,,220348.0
2022-08-12,250.9,253.61,249.44,253.42,,133123.0
2022-08-15,251.77,254.15,250.64,251.15,,464802.0
2022-08-16,249.04,250.55,245.81,249.63,,545133.0
2022-08-17,247.36,247.36,241.38,241.57,,376114.0
2022-08-18,241.8,242.14,237.62,242.07,,291043.0
2022-08-19,242.32,243.17,237.69,238.85,,238473.0
2022-08-22,236.83,236.83,230.46,232.26,,311615.0
2022-08-23,230.36,230.36,224.77,226.53,,362240.0
2022-08-24,226.07,229.11,224.18,226.82,,210942.0
2022-08-25,229.23,231.92,226.8,231.49,,236582.0
2022-08-26,232.33,232.33,220.0,221.06,,282830.0
2022-08-29,218.44,221.83,217.68,218.88,,265367.0
2022-08-30,219.47,221.22,217.59,219.93,,301892.0
2022-08-31,222.22,224.5,220.17,223.15,,402096.0
2022-09-01,222.0,226.2,220.96,223.53,,326085.0
2022-09-02,225.63,225.63,218.63,219.71,,379183.0
2022-09-06,220.83,220.83,216.52,218.65,,313744.0
2022-09-07,219.58,230.86,217.33,229.92,,455639.0
2022-09-08,227.98,234.47,227.98,234.19,,296121.0
2022-09-09,235.23,240.11,234.69,238.82,,243003.0
2022-09-12,239.46,242.91,239.46,241.78,,345984.0
2022-09-13,237.62,238.42,233.78,234.42,,398929.0
2022-09-14,234.23,238.36,233.48,235.37,,466782.0
2022-09-15,236.37,241.77,229.38,229.47,,482229.0
2022-09-16,227.45,228.36,223.49,224.22,,1078008.0
2022-09-19,221.69,223.03,215.62,219.88,,361635.0
2022-09-20,217.79,218.01,214.1,217.21,,432328.0
2022-09-21,218.68,219.99,210.81,211.24,,302283.0
2022-09-22,209.92,210.09,206.55,208.97,,379103.0
2022-09-23,205.79,206.44,200.58,204.63,,426380.0
2022-09-26,203.83,205.49,199.75,201.53,,227233.0
2022-09-27,204.44,204.44,197.17,199.19,,302578.0
2022-09-28,201.62,206.21,199.84,205.1,,316374.0
2022-09-29,202.87,204.89,200.18,201.16,,277099.0
2022-09-30,201.83,205.52,198.1,198.69,,412816.0
2022-10-03,201.8,208.48,198.11,205.63,,411392.0
2022-10-04,207.36,210.14,200.74,203.41,,972761.0
2022-10-05,201.51,203.86,199.41,202.72,,361682.0
2022-10-06,202.36,204.24,195.6,196.69,,397555.0
2022-10-07,194.58,194.58,190.15,191.55,,344693.0
2022-10-10,192.81,192.81,187.08,187.66,,304211.0
2022-10-11,187.38,190.45,183.95,188.4,,337824.0
2022-10-12,187.85,188.05,183.44,184.19,,548507.0
2022-10-13,181.19,192.83,180.14,190.64,,471402.0
2022-10-14,193.2,195.55,191.09,192.98,,399925.0
2022-10-17,196.03,201.44,196.03,199.26,,479924.0
2022-10-18,204.45,207.11,198.98,199.53,,392413.0
2022-10-19,197.35,199.12,193.34,195.18,,218059.0
2022-10-20,195.41,197.73,190.78,191.01,,441823.0
2022-10-21,190.45,196.73,187.41,194.95,,463085.0
2022-10-24,196.93,198.71,192.98,193.67,,406419.0
2022-10-25,193.27,201.8,192.21,201.58,,369342.0
2022-10-26,202.4,209.09,201.89,204.76,,574830.0
2022-10-27,207.48,211.17,201.5,208.1,,547557.0
2022-10-28,206.46,214.72,206.33,211.18,,591733.0
2022-10-31,210.61,212.55,208.49,211.61,,504863.0
2022-11-01,213.08,216.88,213.02,216.22,,451754.0
2022-11-02,215.18,215.76,205.39,205.53,,446181.0
2022-11-03,202.86,202.86,195.75,198.16,,311386.0
2022-11-04,200.99,202.33,196.38,199.61,,292663.0
2022-11-07,201.29,202.01,197.91,201.32,,209428.0
2022-11-08,200.71,203.63,197.28,198.05,,236289.0
2022-11-09,197.21,201.2,196.81,197.69,,428173.0
2022-11-10,205.11,215.41,204.99,215.2,,339767.0
2022-11-11,216.51,219.7,213.49,216.49,,514884.0
2022-11-14,216.6,218.27,207.33,207.45,,340406.0
2022-11-15,209.99,212.72,207.8,212.41,,494503.0
2022-11-16,212.03,217.46,211.33,214.65,,454236.0
2022-11-17,210.49,212.24,208.37,211.26,,230807.0
2022-11-18,214.68,215.82,211.64,214.76,,414799.0
2022-11-21,213.83,216.09,210.85,211.44,,320707.0
2022-11-22,211.85,215.0,210.64,214.36,,236463.0
2022-11-23,214.96,223.14,213.95,222.97,,456895.0
2022-11-25,222.65,223.9,221.84,222.8,,151613.0
2022-11-28,220.44,223.85,218.99,221.76,,425275.0
2022-11-29,222.11,225.44,220.58,223.4,,429975.0
2022-11-30,223.41,231.48,222.26,231.27,,644358.0
2022-12-01,232.14,244.41,232.14,241.82,,835685.0
2022-12-02,238.66,241.42,237.18,239.63,,493514.0
2022-12-05,236.1,236.83,232.06,232.91,,277567.0
2022-12-06,232.84,233.96,230.86,233.1,,474849.0
2022-12-07,233.32,237.84,229.59,237.4,,385440.0
2022-12-08,237.91,242.71,236.89,242.15,,441299.0
2022-12-09,241.1,245.82,239.79,244.33,,712159.0
2022-12-12,243.89,248.2,242.82,245.45,,502144.0
2022-12-13,251.42,256.23,248.13,250.41,,523060.0
2022-12-14,248.86,252.6,247.73,250.2,,620850.0
2022-12-15,246.4,250.72,246.4,247.03,,336681.0
2022-12-16,243.52,244.59,238.88,244.01,,655122.0
2022-12-19,243.18,244.45,239.67,240.39,,356196.0
2022-12-20,240.59,240.97,237.07,239.76,,327603.0
2022-12-21,241.2,246.94,241.2,244.7,,399172.0
2022-12-22,243.55,245.12,240.34,245.03,,224103.0
2022-12-23,244.25,246.64,242.08,245.78,,276028.0
2022-12-27,246.98,247.3,244.26,245.84,,198489.0
2022-12-28,247.35,250.01,243.99,244.54,,347965.0
2022-12-29,246.4,251.62,244.42,248.29,,210881.0
2022-12-30,246.51,247.36,244.19,246.59,,240793.0
2023-01-03,248.93,252.07,243.47,246.81,,259091.0
2023-01-04,250.15,254.49,249.02,254.37,,288024.0
2023-01-05,251.29,252.05,245.75,249.92,,395346.0
2023-01-06,252.35,255.8,247.11,254.79,,512641.0
2023-01-09,255.82,257.75,253.08,254.02,,295867.0
2023-01-10,254.11,257.91,253.6,256.33,,242989.0
2023-01-11,257.27,257.27,234.91,236.85,,1010778.0
2023-01-12,236.54,238.23,229.8,235.64,,545075.0
2023-01-13,233.79,240.03,233.79,238.05,,262843.0
2023-01-17,237.54,239.65,235.13,238.17,,338167.0
2023-01-18,238.46,240.3,232.33,233.57,,241829.0
2023-01-19,232.65,234.84,231.94,232.34,,366016.0
2023-01-20,232.77,233.59,230.14,232.82,,354133.0
2023-01-23,233.31,236.44,233.22,235.38,,276622.0
2023-01-24,234.51,236.7,232.43,232.76,,185167.0
2023-01-25,230.24,237.45,228.82,237.44,,173269.0
2023-01-26,238.66,238.91,234.99,238.08,,196181.0
2023-01-27,237.19,242.14,236.49,240.9,,197654.0
2023-01-30,238.97,240.26,236.41,238.11,,185663.0
2023-01-31,238.1,240.63,237.63,240.46,,180245.0
2023-02-01,240.54,247.71,239.5,247.14,,223679.0
2023-02-02,247.67,262.02,247.04,259.03,,475570.0
2023-02-03,256.0,261.04,255.31,255.33,,476926.0
2023-02-06,253.17,253.17,248.24,250.33,,242731.0
2023-02-07,248.52,254.51,246.83,254.37,,185408.0
2023-02-08,253.24,254.28,248.76,250.86,,179964.0
2023-02-09,251.7,252.24,245.39,245.45,,171369.0
2023-02-10,244.93,245.8,240.34,242.5,,286815.0
2023-02-13,243.43,244.24,241.56,242.91,,155086.0
2023-02-14,242.71,245.19,238.88,242.28,,193019.0
2023-02-15,240.78,244.61,240.08,244.16,,245274.0
2023-02-16,240.5,244.1,240.05,243.35,,208047.0
2023-02-17,242.69,245.22,241.91,244.46,,230107.0
2023-02-21,242.2,242.2,236.88,238.4,,250957.0
2023-02-22,239.59,241.69,236.36,237.82,,403120.0
2023-02-23,227.01,237.08,226.85,232.9,,676512.0
2023-02-24,229.73,234.55,227.76,232.32,,666583.0
2023-02-27,234.14,237.28,232.5,236.02,,402061.0
2023-02-28,236.02,237.65,235.23,235.33,,574781.0
2023-03-01,232.98,234.34,228.38,230.82,,315699.0
2023-03-02,229.04,233.18,228.29,233.14,,252579.0
2023-03-03,235.44,237.08,232.85,236.62,,347432.0
2023-03-06,236.63,237.42,230.97,231.15,,240821.0
2023-03-07,231.03,231.84,225.69,227.91,,418934.0
2023-03-08,226.85,227.91,224.52,225.14,,250883.0
2023-03-09,226.35,229.39,225.31,226.39,,464214.0
2023-03-10,226.23,226.85,219.1,220.49,,394572.0
2023-03-13,218.72,224.43,218.72,220.64,,361354.0
2023-03-14,224.24,228.61,221.62,224.62,,687746.0
2023-03-15,220.69,224.13,219.71,223.07,,464506.0
2023-03-16,221.09,232.61,219.74,229.73,,594063.0
2023-03-17,229.66,234.39,227.22,233.31,,630519.0
2023-03-20,232.34,235.21,231.58,234.77,,293624.0
2023-03-21,236.12,243.32,234.78,242.24,,556724.0
2023-03-22,242.32,244.39,238.06,238.22,,494681.0
2023-03-23,239.12,243.14,238.04,238.75,,343014.0
2023-03-24,238.42,246.48,236.71,246.26,,288088.0
2023-03-27,248.73,250.96,244.15,244.37,,338760.0
2023-03-28,243.5,246.17,242.94,243.72,,244239.0
2023-03-29,244.96,246.5,243.31,243.69,,290295.0
2023-03-30,246.25,247.85,244.85,246.28,,201498.0
2023-03-31,247.32,250.92,246.47,250.59,,211872.0
2023-04-03,249.71,250.88,247.41,249.14,,220118.0
2023-04-04,249.81,253.67,249.3,253.34,,193000.0
2023-04-05,253.43,260.24,251.41,259.36,,331133.0
2023-04-06,259.67,261.91,256.26,259.67,,312036.0
2023-04-10,257.8,259.8,256.56,258.79,,155533.0
2023-04-11,260.09,264.35,258.61,263.64,,211623.0
2023-04-12,265.77,266.48,257.97,258.74,,240147.0
2023-04-13,260.49,262.23,257.62,259.88,,257487.0
2023-04-14,259.57,261.93,257.64,261.0,,156705.0
2023-04-17,261.55,261.55,255.14,257.85,,220041.0
2023-04-18,259.15,260.26,255.35,256.9,,249932.0
2023-04-19,255.98,266.58,255.21,265.61,,473155.0
2023-04-20,264.67,265.34,261.35,264.66,,295560.0
2023-04-21,265.98,268.4,265.48,266.32,,264027.0
2023-04-24,267.38,270.3,266.04,266.43,,156701.0
2023-04-25,264.86,267.27,264.63,265.46,,163142.0
2023-04-26,260.21,263.54,258.85,262.83,,325624.0
2023-04-27,261.99,266.96,260.85,265.78,,214009.0
2023-04-28,266.36,271.08,266.36,269.59,,284093.0
2023-05-01,268.59,273.24,268.18,271.17,,262217.0
2023-05-02,270.73,272.68,265.29,265.82,,316746.0
2023-05-03,268.21,273.46,265.59,269.2,,441857.0
2023-05-04,258.2,258.2,241.85,246.23,,888023.0
2023-05-05,248.29,255.54,248.13,255.18,,437310.0
2023-05-08,254.09,256.74,246.55,256.4,,422306.0
2023-05-09,255.96,255.96,248.35,249.29,,355122.0
2023-05-10,250.28,250.28,242.07,246.83,,287387.0
2023-05-11,245.89,247.25,242.51,247.01,,213163.0
2023-05-12,247.11,248.77,245.34,247.25,,241116.0
2023-05-15,247.75,248.35,245.56,245.98,,160179.0
2023-05-16,244.44,246.04,243.41,244.39,,180420.0
2023-05-17,245.13,245.13,239.42,243.18,,206925.0
2023-05-18,243.57,244.05,240.74,242.89,,197220.0
2023-05-19,244.02,245.27,240.84,241.49,,195011.0
2023-05-22,241.32,244.73,241.12,243.04,,185772.0
2023-05-23,241.5,242.34,234.33,235.04,,195680.0
2023-05-24,233.6,233.6,230.39,230.9,,209775.0
2023-05-25,229.03,231.24,225.8,230.98,,262292.0
2023-05-26,231.62,233.13,229.74,230.17,,186477.0
2023-05-30,230.11,232.25,228.69,229.88,,181146.0
2023-05-31,229.71,234.27,228.97,232.55,,419622.0
2023-06-01,232.48,233.61,228.23,231.58,,266021.0
2023-06-02,232.64,234.37,231.23,234.25,,317630.0
2023-06-05,234.16,238.41,232.25,238.41,,317121.0
2023-06-06,238.33,240.41,231.4,233.77,,333626.0
2023-06-07,234.58,238.75,232.55,237.84,,309567.0
2023-06-08,238.28,238.99,235.49,236.32,,190301.0
2023-06-09,236.71,236.71,233.98,234.84,,197583.0
2023-06-12,234.96,236.31,232.8,233.23,,239037.0
2023-06-13,232.65,237.83,232.24,236.82,,248980.0
2023-06-14,240.5,250.11,238.0,242.23,,459681.0
2023-06-15,241.87,247.85,239.63,246.46,,314021.0
2023-06-16,248.59,250.91,246.69,250.03,,443247.0
2023-06-20,247.94,253.22,246.16,250.61,,374400.0
2023-06-21,243.06,244.4,237.76,242.59,,515011.0
2023-06-22,243.35,244.19,240.63,241.15,,380203.0
2023-06-23,239.21,240.17,232.8,235.07,,688008.0
2023-06-26,235.22,237.79,232.54,237.28,,268195.0
2023-06-27,236.94,236.94,232.59,234.4,,236997.0
2023-06-28,234.55,234.83,230.72,232.73,,300589.0
2023-06-29,231.41,234.02,230.27,232.74,,182502.0
2023-06-30,235.3,242.17,235.3,239.76,,342181.0
2023-07-03,238.7,240.39,235.14,236.49,,100426.0
2023-07-05,235.43,236.23,233.91,235.38,,139955.0
2023-07-06,233.56,233.66,231.17,232.18,,183146.0
2023-07-07,231.58,235.81,230.88,233.71,,153045.0
2023-07-10,234.45,238.24,233.82,236.88,,174267.0
2023-07-11,237.78,241.21,236.95,240.7,,180027.0
2023-07-12,242.79,245.78,240.55,244.33,,162132.0
2023-07-13,244.43,246.58,242.62,244.75,,212361.0
2023-07-14,244.8,247.55,242.94,243.55,,301295.0
2023-07-17,242.57,244.93,239.9,244.93,,199643.0
2023-07-18,244.71,250.02,244.71,249.25,,355169.0
2023-07-19,249.3,251.03,246.45,248.94,,181564.0
2023-07-20,250.21,255.84,249.32,255.36,,267927.0
2023-07-21,255.59,259.63,255.58,256.34,,313516.0
2023-07-24,256.83,260.5,254.59,254.76,,533369.0
2023-07-25,253.52,255.82,251.47,253.69,,360418.0
2023-07-26,247.6,257.52,242.32,253.67,,456919.0
2023-07-27,256.44,256.46,246.97,247.72,,318464.0
2023-07-28,250.86,251.75,247.43,249.95,,263679.0
2023-07-31,250.82,251.8,248.11,248.81,,225468.0
2023-08-01,246.51,249.57,245.36,246.94,,262112.0
2023-08-02,244.89,247.21,241.59,246.28,,428108.0
2023-08-03,242.7,242.9,235.24,237.22,,605728.0
2023-08-04,236.53,240.2,234.07,235.65,,222959.0
2023-08-07,235.72,238.6,234.78,237.92,,189085.0
2023-08-08,235.77,235.77,225.08,227.59,,593000.0
2023-08-09,228.09,230.08,226.55,226.73,,235426.0
2023-08-10,227.63,229.55,225.19,225.72,,200730.0
2023-08-11,224.86,225.84,223.57,225.1,,237091.0
2023-08-14,224.83,228.25,224.83,225.97,,275837.0
2023-08-15,225.07,226.75,222.46,222.58,,172479.0
2023-08-16,222.16,223.51,220.62,220.64,,172697.0
2023-08-17,221.93,221.93,219.29,219.49,,186681.0
2023-08-18,218.14,220.55,215.37,215.89,,250294.0
2023-08-21,216.24,218.48,214.25,216.66,,193552.0
2023-08-22,216.13,216.92,213.47,215.5,,180279.0
2023-08-23,216.48,217.78,215.53,215.83,,183264.0
2023-08-24,214.97,217.19,212.8,213.28,,177979.0
2023-08-25,213.57,216.02,213.13,214.43,,154641.0
2023-08-28,216.4,217.61,213.32,213.84,,215239.0
2023-08-29,214.16,216.13,212.79,215.96,,366406.0
2023-08-30,216.26,217.96,215.36,216.99,,427084.0
2023-08-31,217.0,217.89,210.13,211.06,,538030.0
2023-09-01,213.16,214.14,211.04,211.86,,284294.0
2023-09-05,210.59,210.59,206.68,206.69,,281068.0
2023-09-06,206.82,208.64,204.18,208.36,,290823.0
2023-09-07,208.48,208.48,203.94,205.01,,242911.0
2023-09-08,204.3,206.47,202.92,205.16,,213199.0
2023-09-11,206.35,211.85,206.35,210.12,,387524.0
2023-09-12,209.52,210.2,208.16,208.85,,222585.0
2023-09-13,208.44,213.35,208.07,211.65,,372834.0
2023-09-14,212.79,214.8,211.79,212.92,,513279.0
2023-09-15,213.12,214.68,211.61,211.76,,688057.0
2023-09-18,211.23,211.55,209.41,209.6,,278570.0
2023-09-19,209.57,209.85,207.13,208.21,,311495.0
2023-09-20,209.61,210.02,206.64,207.09,,208105.0
2023-09-21,206.05,206.14,201.79,201.85,,175927.0
2023-09-22,201.69,203.11,199.71,202.41,,395221.0
2023-09-25,199.42,202.43,199.42,201.83,,294324.0
2023-09-26,202.08,202.49,197.86,198.41,,379664.0
2023-09-27,198.91,198.91,192.59,194.96,,276051.0
2023-09-28,195.87,198.55,193.49,196.75,,257826.0
2023-09-29,198.3,198.3,194.44,194.86,,222422.0
2023-10-02,193.65,194.63,192.03,194.35,,212399.0
2023-10-03,193.95,194.31,191.28,192.03,,282448.0
2023-10-04,192.46,194.34,190.34,193.94,,299650.0
2023-10-05,194.08,195.85,193.12,194.79,,252491.0
2023-10-06,193.53,197.1,193.27,195.14,,268418.0
2023-10-09,193.71,194.97,192.21,193.41,,157395.0
2023-10-10,193.25,197.85,191.77,197.66,,269733.0
2023-10-11,196.99,196.99,189.33,190.71,,187514.0
2023-10-12,190.73,190.73,185.47,185.87,,284450.0
2023-10-13,185.42,188.39,185.42,188.08,,309416.0
2023-10-16,190.09,191.31,187.35,189.66,,331745.0
2023-10-17,186.71,194.23,185.69,192.54,,348716.0
2023-10-18,193.11,193.11,189.79,190.3,,208337.0
2023-10-19,189.91,190.59,184.38,184.55,,288363.0
2023-10-20,184.86,188.21,184.44,186.08,,229517.0
2023-10-23,185.24,187.76,184.59,186.2,,264202.0
2023-10-24,186.01,188.86,184.97,188.07,,274379.0
2023-10-25,185.65,186.48,182.3,183.9,,184996.0
2023-10-26,182.99,184.51,179.41,179.52,,219681.0
2023-10-27,181.46,181.46,177.26,177.97,,206360.0
2023-10-30,179.32,181.3,176.23,177.97,,318690.0
2023-10-31,179.34,184.77,177.42,183.29,,464077.0
2023-11-01,183.79,186.89,182.45,186.03,,842985.0
2023-11-02,190.44,207.87,188.98,207.54,,721196.0
2023-11-03,210.2,211.33,201.3,209.36,,484541.0
2023-11-06,209.33,212.75,208.11,211.35,,455840.0
2023-11-07,210.17,210.18,202.67,203.19,,460694.0
2023-11-08,205.06,205.86,198.4,198.89,,375996.0
2023-11-09,198.74,200.64,196.99,197.33,,247510.0
2023-11-10,197.71,199.1,195.02,198.47,,216313.0
2023-11-13,201.17,205.86,200.8,202.25,,293069.0
2023-11-14,206.57,211.51,205.41,208.58,,245257.0
2023-11-15,208.19,211.25,206.41,210.26,,370046.0
2023-11-16,212.14,214.6,210.45,212.29,,346663.0
2023-11-17,213.94,214.53,209.91,211.45,,223959.0
2023-11-20,211.02,214.38,208.67,213.38,,195001.0
2023-11-21,214.09,216.75,212.88,215.21,,169598.0
2023-11-22,217.13,218.08,214.97,216.85,,124419.0
2023-11-24,216.95,219.14,216.16,218.56,,76041.0
2023-11-27,217.58,219.17,215.62,217.47,,183935.0
2023-11-28,216.76,219.69,215.13,218.45,,320966.0
2023-11-29,219.39,222.94,218.25,219.86,,350488.0
2023-11-30,219.61,224.98,218.96,224.27,,718387.0
2023-12-01,223.1,226.6,222.69,226.24,,224061.0
2023-12-04,226.22,229.87,226.15,227.92,,268154.0
2023-12-05,227.55,228.72,223.73,226.13,,203816.0
2023-12-06,227.48,228.22,224.91,228.0,,255682.0
2023-12-07,229.1,231.24,227.0,231.11,,207062.0
2023-12-08,231.21,232.63,229.47,229.62,,235614.0
2023-12-11,228.91,230.67,228.1,230.1,,223096.0
2023-12-12,230.46,232.58,228.25,231.61,,150549.0
2023-12-13,231.58,241.29,230.63,241.1,,284587.0
2023-12-14,243.23,255.82,243.23,254.6,,601392.0
2023-12-15,251.46,254.66,249.4,252.98,,578604.0
2023-12-18,256.23,256.23,248.68,251.64,,297971.0
2023-12-19,250.92,253.38,247.89,252.23,,326465.0
2023-12-20,252.0,252.0,245.95,246.05,,178458.0
2023-12-21,247.57,250.41,247.57,249.85,,154380.0
2023-12-22,250.93,251.87,249.17,249.37,,162486.0
2023-12-26,249.55,252.03,248.08,250.52,,165486.0
2023-12-27,249.58,249.7,247.23,248.93,,223688.0
2023-12-28,248.03,249.9,247.21,248.2,,155521.0
2023-12-29,247.34,249.85,246.0,247.77,,117691.0
2024-01-02,245.7,250.19,245.33,248.86,,217139.0
2024-01-03,246.65,246.65,240.04,240.5,,255380.0
2024-01-04,239.47,242.06,238.58,239.54,,334885.0
2024-01-05,238.38,242.37,236.23,237.95,,227392.0
2024-01-08,238.9,247.7,238.69,247.44,,213359.0
2024-01-09,244.81,249.25,244.81,246.28,,263911.0
2024-01-10,246.98,247.65,245.0,246.93,,186302.0
2024-01-11,246.4,247.84,244.44,246.78,,250101.0
2024-01-12,250.36,252.88,246.51,247.58,,120172.0
2024-01-16,245.32,245.55,241.8,244.36,,254470.0
2024-01-17,241.6,244.11,240.99,243.4,,226606.0
2024-01-18,244.66,245.07,241.47,244.83,,147145.0
2024-01-19,245.36,248.27,242.06,245.27,,249715.0
2024-01-22,246.06,251.9,245.75,250.99,,391611.0
2024-01-23,252.52,253.39,244.45,246.34,,162307.0
2024-01-24,246.79,248.07,239.92,240.44,,156129.0
2024-01-25,244.23,244.23,241.3,243.34,,168368.0
2024-01-26,245.41,245.41,240.48,242.91,,149691.0
2024-01-29,241.8,245.83,241.8,245.46,,127316.0
2024-01-30,244.03,246.31,243.0,243.31,,130833.0
2024-01-31,245.5,247.02,241.12,241.3,,246251.0
2024-02-01,240.73,246.78,237.64,246.09,,174478.0
2024-02-02,244.02,245.47,241.26,244.19,,178810.0
2024-02-05,241.53,244.56,241.53,242.56,,140377.0
2024-02-06,243.17,251.25,242.42,250.66,,202903.0
2024-02-07,250.71,252.15,248.39,249.31,,182744.0
2024-02-08,247.76,249.88,245.16,249.74,,112229.0
2024-02-09,248.66,250.71,247.02,250.45,,148177.0
2024-02-12,251.18,251.86,250.03,251.14,,102279.0
2024-02-13,246.21,249.15,244.09,246.39,,173708.0
2024-02-14,248.01,248.5,244.29,247.5,,142041.0
2024-02-15,249.6,253.62,249.42,253.44,,167196.0
2024-02-16,252.63,255.23,248.78,249.49,,218349.0
2024-02-20,248.44,251.47,245.89,249.37,,284463.0
2024-02-21,249.78,250.97,245.43,249.37,,499574.0
2024-02-22,241.47,244.39,235.25,236.2,,785669.0
2024-02-23,237.47,240.72,233.67,236.25,,512233.0
2024-02-26,235.23,235.39,225.73,226.4,,684604.0
2024-02-27,226.41,226.98,224.44,224.62,,381698.0
2024-02-28,223.85,226.02,223.04,223.37,,302490.0
2024-02-29,224.01,224.47,220.5,221.72,,405653.0
2024-03-01,219.22,223.58,216.96,221.93,,240129.0
2024-03-04,220.57,224.34,219.49,223.92,,198518.0
2024-03-05,222.89,224.95,220.16,222.21,,296666.0
2024-03-06,222.82,224.92,221.74,223.44,,274923.0
2024-03-07,225.26,229.0,223.91,227.79,,390799.0
2024-03-08,227.3,230.26,223.05,223.33,,305175.0
2024-03-11,222.65,226.42,221.38,226.02,,239512.0
2024-03-12,224.96,226.39,223.51,225.48,,173004.0
2024-03-13,225.59,226.69,220.51,221.11,,196857.0
2024-03-14,219.04,219.6,215.64,217.17,,228305.0
2024-03-15,214.29,216.08,213.12,214.36,,508439.0
2024-03-18,216.31,217.77,212.46,215.43,,225124.0
2024-03-19,215.77,218.58,214.18,217.03,,377153.0
2024-03-20,215.89,220.1,215.49,219.43,,178826.0
2024-03-21,220.78,223.67,219.75,223.32,,312199.0
2024-03-22,223.92,223.92,218.36,219.88,,198915.0
2024-03-25,219.53,220.85,217.86,218.6,,287982.0
2024-03-26,219.48,219.58,214.89,215.35,,360930.0
2024-03-27,217.21,223.01,216.88,222.8,,306770.0
2024-03-28,222.79,226.56,221.84,225.09,,288953.0
2024-04-01,224.72,225.97,219.73,221.81,,192393.0
2024-04-02,220.34,220.34,215.47,216.35,,428203.0
2024-04-03,215.69,216.95,213.56,213.71,,327454.0
2024-04-04,215.73,215.73,210.53,210.88,,333000.0
2024-04-05,210.07,216.82,209.53,215.73,,304315.0
2024-04-08,216.39,219.18,214.92,215.86,,244330.0
2024-04-09,216.48,222.87,214.66,222.72,,227954.0
2024-04-10,218.3,219.31,215.24,217.2,,161154.0
2024-04-11,219.84,219.85,215.2,216.38,,178015.0
2024-04-12,214.24,215.15,211.77,213.41,,189485.0
2024-04-15,215.19,215.31,208.86,209.65,,288334.0
2024-04-16,209.25,212.21,206.8,209.09,,202561.0
2024-04-17,209.66,209.66,206.1,207.3,,170359.0
2024-04-18,207.74,208.93,205.76,206.39,,154319.0
2024-04-19,207.67,207.9,204.28,205.57,,416411.0
2024-04-22,207.17,208.28,204.56,206.28,,329746.0
2024-04-23,207.31,211.54,206.52,210.1,,284357.0
2024-04-24,208.74,211.48,208.74,210.16,,201415.0
2024-04-25,208.52,208.52,204.41,205.72,,345088.0
2024-04-26,205.85,207.56,205.37,205.72,,433169.0
2024-04-29,206.6,209.13,206.34,207.48,,502328.0
2024-04-30,205.69,208.52,204.47,207.75,,489548.0
2024-05-01,206.8,212.25,206.14,210.53,,620701.0
2024-05-02,207.46,212.39,197.26,197.78,,706549.0
2024-05-03,200.23,205.53,198.17,202.04,,604098.0
2024-05-06,203.95,204.05,198.34,200.0,,551439.0
2024-05-07,200.76,202.81,200.23,200.56,,462601.0
2024-05-08,199.04,200.37,197.04,199.49,,460885.0
2024-05-09,200.44,204.4,198.8,203.72,,407774.0
2024-05-10,203.59,205.7,202.31,202.95,,316507.0
2024-05-13,203.54,206.81,202.41,206.33,,457341.0
2024-05-14,208.25,213.24,207.72,211.94,,470457.0
2024-05-15,214.01,219.57,213.52,219.09,,489886.0
2024-05-16,213.32,218.86,211.63,217.87,,1238765.0
2024-05-17,218.78,218.78,214.11,216.95,,392913.0
2024-05-20,216.74,216.74,213.17,213.9,,527455.0
2024-05-21,213.17,214.34,211.98,212.31,,637044.0
2024-05-22,212.18,213.79,211.9,212.41,,283091.0
2024-05-23,211.28,211.28,205.17,205.88,,1042787.0
2024-05-24,205.88,207.47,203.98,205.69,,476857.0
2024-05-28,205.14,205.93,202.86,203.99,,1116980.0
2024-05-29,202.2,204.37,201.37,201.86,,469659.0
2024-05-30,202.76,207.74,201.98,205.98,,887539.0
2024-05-31,206.32,209.72,205.35,208.4,,1163126.0
2024-06-03,207.67,216.78,207.61,214.24,,693545.0
2024-06-04,214.31,215.08,211.48,214.36,,441707.0
2024-06-05,214.26,216.51,212.16,214.66,,385400.0
2024-06-06,214.12,219.06,214.12,215.71,,511285.0
2024-06-07,214.49,215.48,209.21,211.89,,427810.0
2024-06-10,210.41,210.52,202.48,206.43,,550392.0
2024-06-11,206.62,207.33,203.74,205.88,,340096.0
2024-06-12,207.77,214.14,207.77,210.43,,341471.0
2024-06-13,208.81,209.28,204.73,208.63,,339538.0
2024-06-14,207.88,208.04,206.05,207.63,,193248.0
2024-06-17,205.48,207.61,203.16,205.11,,505154.0
2024-06-18,205.97,207.93,200.66,201.44,,378717.0
2024-06-20,200.08,202.76,199.73,201.43,,658162.0
2024-06-21,202.1,203.2,200.49,202.75,,767181.0
2024-06-24,203.1,203.22,200.06,200.09,,344459.0
2024-06-25,200.09,200.31,196.78,197.99,,315806.0
2024-06-26,196.6,202.41,195.86,199.39,,436489.0
2024-06-27,199.39,207.02,199.09,206.57,,617328.0
2024-06-28,207.0,210.5,205.42,209.66,,1149451.0
2024-07-01,213.59,217.49,210.22,210.77,,586213.0
2024-07-02,210.71,213.68,210.22,210.58,,461773.0
2024-07-03,211.83,212.05,209.96,210.77,,228226.0
2024-07-05,211.24,213.61,209.27,213.38,,257204.0
2024-07-08,213.11,213.11,210.2,211.05,,283224.0
2024-07-09,211.87,217.38,209.98,217.37,,453240.0
2024-07-10,217.49,219.98,215.12,219.88,,364342.0
2024-07-11,221.27,226.34,220.57,223.76,,376311.0
2024-07-12,224.63,225.76,219.33,219.77,,493043.0
2024-07-15,219.03,220.67,216.88,219.14,,245250.0
2024-07-16,219.99,228.77,218.85,228.55,,356023.0
2024-07-17,229.15,235.73,228.22,229.56,,590172.0
2024-07-18,227.55,227.55,218.3,219.57,,535138.0
2024-07-19,221.54,224.23,216.48,221.08,,292416.0
2024-07-22,221.88,223.3,219.59,221.88,,374607.0
2024-07-23,222.56,224.14,220.75,222.66,,157009.0
2024-07-24,223.39,225.51,219.3,223.85,,167956.0
2024-07-25,222.91,227.63,221.53,221.78,,266777.0
2024-07-26,221.42,222.59,216.61,219.6,,500583.0
2024-07-29,219.81,223.05,217.72,221.92,,278654.0
2024-07-30,222.16,223.46,220.85,222.0,,362369.0
2024-07-31,221.28,222.79,218.76,220.21,,726841.0
2024-08-01,226.0,243.1,226.0,235.2,,771480.0
2024-08-02,236.61,241.56,232.81,236.37,,745171.0
2024-08-05,232.15,237.15,229.28,232.59,,576237.0
2024-08-06,233.39,235.64,229.27,230.09,,895322.0
2024-08-07,230.26,232.15,224.59,224.59,,796428.0
2024-08-08,224.59,230.84,224.42,229.27,,1376792.0
2024-08-09,230.52,232.5,226.8,228.86,,665727.0
2024-08-12,228.69,231.88,227.28,227.58,,303007.0
2024-08-13,227.43,231.63,227.43,231.33,,327559.0
2024-08-14,230.98,232.52,228.54,231.91,,352659.0
2024-08-15,234.34,238.89,234.34,237.28,,391374.0
2024-08-16,237.85,239.34,235.88,238.83,,291839.0
2024-08-19,238.35,238.5,236.76,237.58,,464182.0
2024-08-20,237.14,238.51,235.52,236.62,,160093.0
2024-08-21,238.29,238.46,235.63,237.85,,200815.0
2024-08-22,239.24,241.29,238.02,238.65,,253744.0
2024-08-23,239.46,242.91,238.11,241.98,,181994.0
2024-08-26,242.61,244.85,240.91,241.33,,268702.0
2024-08-27,241.67,242.25,239.05,241.38,,279525.0
2024-08-28,242.16,243.84,239.38,241.49,,219429.0
2024-08-29,243.31,244.66,240.19,243.11,,196072.0
2024-08-30,244.29,245.17,241.47,244.74,,435640.0
2024-09-03,243.66,247.56,243.04,244.41,,274028.0
2024-09-04,244.02,247.55,243.73,244.53,,212459.0
2024-09-05,244.47,244.47,240.82,242.72,,221670.0
2024-09-06,243.39,247.55,241.36,244.1,,331071.0
2024-09-09,244.55,247.7,244.1,244.61,,327882.0
2024-09-10,244.9,247.06,243.78,246.36,,275932.0
2024-09-11,245.09,245.09,239.67,244.1,,232800.0
2024-09-12,243.66,244.19,240.59,242.3,,208039.0
2024-09-13,242.25,246.41,241.6,245.62,,290593.0
2024-09-16,247.16,248.24,244.93,245.62,,289688.0
2024-09-17,245.67,246.97,240.14,241.01,,318028.0
2024-09-18,239.89,244.23,239.36,241.1,,260580.0
2024-09-19,243.23,246.2,242.31,245.25,,299580.0
2024-09-20,243.99,243.99,240.62,242.07,,629565.0
2024-09-23,243.01,244.47,241.53,244.44,,157541.0
2024-09-24,244.7,246.15,243.81,245.47,,252007.0
2024-09-25,246.15,247.72,240.67,244.59,,481397.0
2024-09-26,246.24,247.36,243.03,244.52,,418680.0
2024-09-27,245.57,249.46,244.89,246.39,,321510.0
2024-09-30,245.93,248.1,245.03,246.88,,261007.0
2024-10-01,246.67,247.01,241.67,244.7,,268482.0
2024-10-02,242.73,244.89,242.59,243.5,,213928.0
2024-10-03,243.47,243.47,238.87,239.12,,265994.0
2024-10-04,240.34,240.34,237.1,238.76,,210668.0
2024-10-07,237.46,237.76,232.04,232.55,,360789.0
2024-10-08,233.87,235.86,232.11,234.54,,348515.0
2024-10-09,234.54,235.8,233.07,234.0,,184109.0
2024-10-10,232.89,236.56,232.89,234.21,,320121.0
2024-10-11,235.54,238.86,235.1,235.61,,213855.0
2024-10-14,235.78,238.67,233.88,236.92,,255428.0
2024-10-15,237.35,239.84,234.61,234.96,,278346.0
2024-10-16,236.79,237.48,234.35,234.7,,213586.0
2024-10-17,234.99,235.9,233.29,233.73,,303800.0
2024-10-18,235.35,240.98,234.02,239.52,,432093.0
2024-10-21,238.89,239.4,235.02,236.0,,273523.0
2024-10-22,235.87,236.88,233.76,236.29,,222584.0
2024-10-23,236.26,237.53,234.43,237.4,,233199.0
2024-10-24,238.56,239.04,235.13,235.2,,241595.0
2024-10-25,234.61,235.74,232.54,233.22,,252156.0
2024-10-28,234.97,237.58,232.79,236.21,,245790.0
2024-10-29,235.72,238.7,234.88,236.02,,244151.0
2024-10-30,235.21,237.97,234.36,234.8,,439098.0
2024-10-31,206.99,214.75,195.16,200.7,,1484969.0
2024-11-01,201.58,212.39,201.58,210.84,,1057520.0
2024-11-04,209.94,211.79,205.89,206.96,,773708.0
2024-11-05,205.63,209.3,203.03,203.14,,532844.0
2024-11-06,207.9,207.9,199.82,201.56,,640750.0
2024-11-07,202.58,202.97,195.63,197.68,,608193.0
2024-11-08,197.72,199.0,194.24,195.2,,645597.0
2024-11-11,195.68,199.15,195.14,197.67,,501987.0
2024-11-12,197.9,199.8,195.02,195.23,,453263.0
2024-11-13,195.43,197.08,193.15,193.64,,365077.0
2024-11-14,193.17,193.96,190.17,190.44,,284578.0
2024-11-15,190.78,193.0,189.95,192.15,,515661.0
2024-11-18,191.47,195.47,191.47,194.43,,480573.0
2024-11-19,192.3,194.41,189.93,193.07,,567252.0
2024-11-20,192.26,192.35,185.66,187.43,,588502.0
2024-11-21,188.21,191.23,187.47,190.64,,360672.0
2024-11-22,191.42,193.49,190.46,191.71,,309439.0
2024-11-25,193.81,195.42,192.65,194.64,,873368.0
2024-11-26,195.36,195.36,188.95,191.01,,439411.0
2024-11-27,192.66,193.95,191.4,192.0,,278612.0
2024-11-29,191.06,193.42,191.05,192.85,,400527.0
2024-12-02,191.7,194.95,190.0,194.31,,514868.0
2024-12-03,193.63,195.24,185.27,188.13,,518653.0
2024-12-04,188.19,189.61,185.53,187.33,,525123.0
2024-12-05,186.79,188.78,186.08,186.47,,494744.0
2024-12-06,187.49,188.6,184.23,184.65,,270563.0
2024-12-09,184.19,188.87,184.19,187.04,,397336.0
2024-12-10,187.11,188.78,183.9,186.52,,326717.0
2024-12-11,186.82,187.35,182.8,183.62,,363682.0
2024-12-12,183.36,185.78,182.85,183.31,,382280.0
2024-12-13,183.06,184.37,179.82,180.14,,327161.0
2024-12-16,179.4,182.12,176.65,177.25,,666992.0
2024-12-17,176.88,181.13,176.88,178.28,,410938.0
2024-12-18,177.4,178.54,172.44,172.66,,383401.0
2024-12-19,172.01,176.0,171.69,174.79,,752039.0
2024-12-20,175.25,179.09,174.97,178.16,,1355914.0
2024-12-23,177.03,178.6,175.41,178.25,,343919.0
2024-12-24,178.91,178.91,176.38,177.26,,114964.0
2024-12-26,175.95,180.76,175.55,180.14,,458354.0
2024-12-27,179.39,181.19,178.15,179.51,,317457.0
2024-12-30,178.18,178.5,175.27,177.05,,335297.0
