time,open,high,low,close,Volume,volume
1999-11-01,3.04,3.11,3.04,3.09,,243500.0
1999-11-02,3.09,3.13,3.09,3.09,,244800.0
1999-11-03,3.11,3.11,3.06,3.08,,245200.0
1999-11-04,3.11,3.11,3.08,3.08,,184500.0
1999-11-05,3.09,3.13,3.08,3.11,,219300.0
1999-11-08,3.09,3.13,3.09,3.09,,130800.0
1999-11-09,3.09,3.13,3.09,3.11,,148500.0
1999-11-10,3.11,3.11,3.06,3.08,,138400.0
1999-11-11,3.09,3.09,3.06,3.06,,127500.0
1999-11-12,3.04,3.08,3.04,3.08,,113900.0
1999-11-15,3.08,3.08,3.04,3.08,,168300.0
1999-11-16,2.99,3.06,2.95,3.01,,231100.0
1999-11-17,3.01,3.06,3.01,3.06,,131700.0
1999-11-18,3.01,3.02,2.99,3.02,,218900.0
1999-11-19,3.01,3.04,2.99,3.04,,160600.0
1999-11-22,3.04,3.04,2.99,3.01,,145000.0
1999-11-23,3.04,3.04,2.99,3.02,,185300.0
1999-11-24,3.02,3.06,3.01,3.01,,144100.0
1999-11-26,3.01,3.02,2.99,2.99,,63800.0
1999-11-29,2.99,3.04,2.99,3.01,,161400.0
1999-11-30,3.01,3.02,3.01,3.02,,155000.0
1999-12-01,3.02,3.04,2.97,2.97,,222000.0
1999-12-02,2.97,3.01,2.97,2.99,,129800.0
1999-12-03,2.97,2.99,2.94,2.95,,200600.0
1999-12-06,2.94,2.95,2.87,2.88,,278500.0
1999-12-07,2.88,2.88,2.78,2.81,,490000.0
1999-12-08,2.81,2.81,2.76,2.76,,243100.0
1999-12-09,2.66,2.78,2.66,2.78,,329600.0
1999-12-10,2.76,2.83,2.73,2.76,,230600.0
1999-12-13,2.74,2.76,2.69,2.74,,189200.0
1999-12-14,2.69,2.73,2.55,2.62,,559500.0
1999-12-15,2.6,2.71,2.59,2.71,,231600.0
1999-12-16,2.67,2.69,2.66,2.67,,217500.0
1999-12-17,2.66,2.71,2.64,2.69,,328600.0
1999-12-20,2.69,2.73,2.67,2.71,,294600.0
1999-12-21,2.71,2.74,2.69,2.69,,337000.0
1999-12-22,2.71,2.74,2.64,2.66,,343800.0
1999-12-23,2.66,2.66,2.6,2.62,,291200.0
1999-12-27,2.57,2.67,2.57,2.64,,432900.0
1999-12-28,2.66,2.73,2.64,2.69,,299900.0
1999-12-29,2.69,2.78,2.69,2.78,,206900.0
1999-12-30,2.74,2.8,2.73,2.73,,252900.0
1999-12-31,2.73,2.76,2.71,2.76,,216200.0
2000-01-03,2.78,2.8,2.71,2.78,,193500.0
2000-01-04,2.74,2.76,2.64,2.66,,289000.0
2000-01-05,2.69,2.78,2.69,2.71,,258300.0
2000-01-06,2.74,2.9,2.74,2.9,,206200.0
2000-01-07,2.9,2.92,2.83,2.85,,257600.0
2000-01-10,2.87,2.88,2.83,2.85,,179900.0
2000-01-11,2.87,2.9,2.83,2.88,,254100.0
2000-01-12,2.93,2.94,2.89,2.91,,278600.0
2000-01-13,2.91,2.93,2.82,2.85,,229300.0
2000-01-14,2.87,2.89,2.82,2.85,,2696300.0
2000-01-18,2.84,2.85,2.74,2.78,,301500.0
2000-01-19,2.8,2.87,2.78,2.85,,366800.0
2000-01-20,2.85,2.89,2.85,2.85,,211100.0
2000-01-21,2.87,3.01,2.87,3.0,,607200.0
2000-01-24,3.01,3.01,2.94,2.94,,194700.0
2000-01-25,2.96,2.98,2.94,2.94,,135100.0
2000-01-26,2.94,3.01,2.89,2.91,,217500.0
2000-01-27,2.87,2.93,2.85,2.85,,166700.0
2000-01-28,2.85,2.89,2.84,2.84,,125500.0
2000-01-31,2.82,2.84,2.76,2.76,,213000.0
2000-02-01,2.76,2.85,2.74,2.85,,245700.0
2000-02-02,2.84,2.89,2.82,2.89,,158200.0
2000-02-03,2.85,2.93,2.85,2.93,,261300.0
2000-02-04,2.89,2.98,2.89,2.98,,322500.0
2000-02-07,2.94,2.96,2.91,2.91,,147600.0
2000-02-08,2.91,2.96,2.87,2.89,,165400.0
2000-02-09,2.89,2.91,2.87,2.89,,135800.0
2000-02-10,2.89,2.93,2.87,2.89,,468400.0
2000-02-11,2.89,2.93,2.87,2.87,,156400.0
2000-02-14,2.87,2.91,2.87,2.89,,158200.0
2000-02-15,2.87,2.91,2.85,2.87,,284200.0
2000-02-16,2.89,2.89,2.82,2.82,,180800.0
2000-02-17,2.82,2.85,2.82,2.85,,185500.0
2000-02-18,2.87,2.87,2.8,2.82,,183400.0
2000-02-22,2.8,2.82,2.76,2.8,,247200.0
2000-02-23,2.8,2.85,2.8,2.85,,210900.0
2000-02-24,2.84,2.85,2.82,2.82,,133300.0
2000-02-25,2.82,2.85,2.82,2.84,,98500.0
2000-02-28,2.84,2.89,2.84,2.87,,210400.0
2000-02-29,2.84,2.87,2.84,2.87,,228000.0
2000-03-01,2.87,2.87,2.8,2.8,,141500.0
2000-03-02,2.78,2.85,2.78,2.84,,218100.0
2000-03-03,2.85,2.85,2.84,2.84,,178800.0
2000-03-06,2.84,2.85,2.76,2.84,,261300.0
2000-03-07,2.82,2.84,2.74,2.74,,178600.0
2000-03-08,2.74,2.82,2.74,2.82,,155000.0
2000-03-09,2.8,2.84,2.76,2.84,,129400.0
2000-03-10,2.82,2.84,2.8,2.82,,181700.0
2000-03-13,2.8,2.84,2.76,2.76,,189700.0
2000-03-14,2.76,2.78,2.74,2.74,,178200.0
2000-03-15,2.74,2.85,2.73,2.84,,362300.0
2000-03-16,2.84,2.85,2.8,2.82,,259900.0
2000-03-17,2.8,2.87,2.8,2.85,,244800.0
2000-03-20,2.85,2.85,2.8,2.8,,132000.0
2000-03-21,2.82,2.84,2.8,2.84,,100800.0
2000-03-22,2.82,2.84,2.8,2.84,,106900.0
2000-03-23,2.8,2.84,2.8,2.82,,225100.0
2000-03-24,2.82,2.85,2.8,2.8,,213400.0
2000-03-27,2.8,2.87,2.8,2.84,,230500.0
2000-03-28,2.84,2.85,2.82,2.82,,172300.0
2000-03-29,2.85,2.85,2.82,2.82,,223100.0
2000-03-30,2.84,2.89,2.82,2.85,,197600.0
2000-03-31,2.87,2.89,2.85,2.89,,148500.0
2000-04-03,2.89,2.91,2.85,2.85,,176100.0
2000-04-04,2.89,2.89,2.84,2.87,,233400.0
2000-04-05,2.87,2.93,2.85,2.91,,234400.0
2000-04-06,2.91,2.93,2.87,2.93,,233100.0
2000-04-07,2.93,2.93,2.87,2.87,,403300.0
2000-04-10,2.91,2.94,2.89,2.89,,377400.0
2000-04-11,2.91,2.94,2.89,2.93,,276500.0
2000-04-12,2.95,2.97,2.93,2.95,,425600.0
2000-04-13,2.95,2.97,2.93,2.95,,204600.0
2000-04-14,2.93,2.95,2.89,2.93,,6002600.0
2000-04-17,2.91,2.93,2.87,2.91,,250700.0
2000-04-18,2.89,2.93,2.89,2.91,,173000.0
2000-04-19,2.89,2.91,2.87,2.91,,197500.0
2000-04-20,2.91,2.93,2.89,2.91,,194600.0
2000-04-24,2.91,2.97,2.91,2.93,,262200.0
2000-04-25,2.97,3.02,2.93,2.98,,284600.0
2000-04-26,2.95,2.98,2.95,2.97,,133500.0
2000-04-27,2.98,2.98,2.95,2.98,,89200.0
2000-04-28,2.95,2.97,2.91,2.95,,300200.0
2000-05-01,2.97,3.0,2.93,3.0,,322300.0
2000-05-02,2.97,3.06,2.97,3.06,,294300.0
2000-05-03,3.08,3.17,3.04,3.11,,356400.0
2000-05-04,3.1,3.15,3.1,3.1,,217100.0
2000-05-05,3.13,3.23,3.11,3.23,,236000.0
2000-05-08,3.19,3.26,3.17,3.17,,277800.0
2000-05-09,3.17,3.21,3.13,3.13,,170000.0
2000-05-10,3.17,3.17,3.1,3.1,,151900.0
2000-05-11,3.06,3.15,3.06,3.13,,233600.0
2000-05-12,3.1,3.11,3.06,3.1,,166400.0
2000-05-15,3.1,3.1,3.06,3.08,,133800.0
2000-05-16,3.08,3.08,3.02,3.06,,224600.0
2000-05-17,3.06,3.06,3.0,3.04,,177000.0
2000-05-18,3.02,3.06,2.98,3.02,,210200.0
2000-05-19,3.0,3.06,2.98,3.04,,179800.0
2000-05-22,3.04,3.13,3.04,3.11,,222300.0
2000-05-23,3.1,3.19,3.1,3.15,,230800.0
2000-05-24,3.15,3.21,3.13,3.17,,303000.0
2000-05-25,3.17,3.19,3.13,3.15,,201900.0
2000-05-26,3.13,3.17,3.13,3.17,,117700.0
2000-05-30,3.17,3.21,3.13,3.21,,216000.0
2000-05-31,3.17,3.21,3.15,3.17,,128700.0
2000-06-01,3.15,3.21,3.15,3.19,,144100.0
2000-06-02,3.15,3.24,3.15,3.23,,203300.0
2000-06-05,3.24,3.24,3.19,3.19,,367300.0
2000-06-06,3.21,3.23,3.19,3.21,,271500.0
2000-06-07,3.21,3.23,3.21,3.23,,167000.0
2000-06-08,3.21,3.24,3.21,3.23,,201300.0
2000-06-09,3.21,3.3,3.21,3.28,,216000.0
2000-06-12,3.28,3.3,3.28,3.28,,177700.0
2000-06-13,3.26,3.33,3.26,3.32,,383600.0
2000-06-14,3.32,3.46,3.3,3.39,,365600.0
2000-06-15,3.43,3.46,3.33,3.45,,381500.0
2000-06-16,3.41,3.41,3.35,3.37,,210400.0
2000-06-19,3.35,3.41,3.35,3.41,,203800.0
2000-06-20,3.41,3.45,3.37,3.41,,124300.0
2000-06-21,3.45,3.45,3.35,3.41,,419500.0
2000-06-22,3.39,3.41,3.35,3.35,,146500.0
2000-06-23,3.37,3.41,3.32,3.41,,279300.0
2000-06-26,3.37,3.41,3.33,3.35,,241000.0
2000-06-27,3.33,3.37,3.33,3.37,,121700.0
2000-06-28,3.39,3.39,3.33,3.39,,151500.0
2000-06-29,3.35,3.39,3.35,3.35,,74200.0
2000-06-30,3.37,3.41,3.24,3.25,,591400.0
2000-07-03,3.28,3.33,3.26,3.33,,241600.0
2000-07-05,3.32,3.39,3.3,3.35,,160100.0
2000-07-06,3.35,3.41,3.33,3.41,,384400.0
2000-07-07,3.41,3.43,3.37,3.43,,132400.0
2000-07-10,3.45,3.46,3.39,3.46,,316000.0
2000-07-11,3.46,3.46,3.37,3.43,,183500.0
2000-07-12,3.36,3.45,3.36,3.45,,278300.0
2000-07-13,3.41,3.45,3.39,3.43,,104900.0
2000-07-14,3.41,3.45,3.41,3.41,,137800.0
2000-07-17,3.43,3.43,3.39,3.41,,166200.0
2000-07-18,3.41,3.41,3.36,3.41,,150500.0
2000-07-19,3.41,3.43,3.39,3.39,,177200.0
2000-07-20,3.38,3.51,3.38,3.47,,199200.0
2000-07-21,3.49,3.53,3.47,3.49,,147200.0
2000-07-24,3.47,3.49,3.41,3.43,,145300.0
2000-07-25,3.41,3.43,3.39,3.43,,384800.0
2000-07-26,3.45,3.49,3.41,3.49,,167900.0
2000-07-27,3.49,3.53,3.43,3.47,,195700.0
2000-07-28,3.47,3.49,3.38,3.38,,172100.0
2000-07-31,3.41,3.47,3.38,3.47,,224300.0
2000-08-01,3.45,3.53,3.45,3.47,,273200.0
2000-08-02,3.45,3.47,3.43,3.45,,323700.0
2000-08-03,3.45,3.47,3.39,3.43,,199500.0
2000-08-04,3.45,3.45,3.38,3.43,,183700.0
2000-08-07,3.39,3.45,3.39,3.41,,176800.0
2000-08-08,3.39,3.47,3.34,3.34,,406900.0
2000-08-09,3.39,3.43,3.36,3.38,,161900.0
2000-08-10,3.41,3.41,3.36,3.36,,143200.0
2000-08-11,3.36,3.41,3.28,3.32,,261400.0
2000-08-14,3.26,3.34,3.26,3.32,,512000.0
2000-08-15,3.34,3.36,3.28,3.3,,218400.0
2000-08-16,3.28,3.39,3.28,3.39,,200300.0
2000-08-17,3.36,3.41,3.36,3.38,,111500.0
2000-08-18,3.34,3.38,3.32,3.34,,233100.0
2000-08-21,3.36,3.39,3.34,3.36,,199200.0
2000-08-22,3.36,3.38,3.34,3.36,,120200.0
2000-08-23,3.34,3.39,3.34,3.38,,224800.0
2000-08-24,3.36,3.39,3.34,3.39,,234000.0
2000-08-25,3.38,3.39,3.36,3.38,,134200.0
2000-08-28,3.39,3.39,3.36,3.36,,106700.0
2000-08-29,3.38,3.39,3.3,3.32,,447000.0
2000-08-30,3.3,3.32,3.28,3.32,,189000.0
2000-08-31,3.3,3.34,3.26,3.26,,188600.0
2000-09-01,3.24,3.28,3.23,3.28,,183900.0
2000-09-05,3.3,3.32,3.24,3.26,,266700.0
2000-09-06,3.23,3.26,3.23,3.23,,164300.0
2000-09-07,3.23,3.3,3.23,3.3,,100600.0
2000-09-08,3.28,3.3,3.24,3.26,,154400.0
2000-09-11,3.28,3.3,3.26,3.28,,162400.0
2000-09-12,3.28,3.3,3.26,3.3,,178800.0
2000-09-13,3.3,3.34,3.28,3.3,,225500.0
2000-09-14,3.28,3.3,3.23,3.3,,354200.0
2000-09-15,3.28,3.32,3.28,3.3,,163100.0
2000-09-18,3.28,3.3,3.26,3.26,,280700.0
2000-09-19,3.28,3.3,3.28,3.3,,364500.0
2000-09-20,3.26,3.3,3.24,3.26,,272100.0
2000-09-21,3.24,3.28,3.24,3.26,,244000.0
2000-09-22,3.23,3.28,3.23,3.26,,237000.0
2000-09-25,3.28,3.28,3.26,3.28,,168400.0
2000-09-26,3.28,3.3,3.26,3.26,,133200.0
2000-09-27,3.28,3.32,3.26,3.28,,581400.0
2000-09-28,3.28,3.34,3.28,3.32,,178600.0
2000-09-29,3.32,3.32,3.28,3.28,,161100.0
2000-10-02,3.3,3.3,3.26,3.26,,239900.0
2000-10-03,3.28,3.3,3.24,3.24,,156700.0
2000-10-04,3.24,3.26,3.13,3.15,,244600.0
2000-10-05,3.19,3.19,3.11,3.11,,212800.0
2000-10-06,3.04,3.11,3.04,3.09,,209400.0
2000-10-09,3.07,3.13,3.07,3.09,,148400.0
2000-10-10,3.05,3.13,3.05,3.11,,224200.0
2000-10-11,3.08,3.21,3.08,3.21,,237400.0
2000-10-12,3.21,3.21,3.08,3.13,,172100.0
2000-10-13,3.1,3.15,3.1,3.13,,201400.0
2000-10-16,3.15,3.15,3.11,3.13,,139200.0
2000-10-17,3.15,3.15,3.1,3.11,,231200.0
2000-10-18,3.11,3.13,3.1,3.1,,135300.0
2000-10-19,3.1,3.15,3.1,3.11,,224900.0
2000-10-20,3.1,3.13,3.1,3.13,,99000.0
2000-10-23,3.13,3.17,3.11,3.11,,195500.0
2000-10-24,3.15,3.15,3.11,3.15,,133300.0
2000-10-25,3.13,3.13,3.1,3.11,,202300.0
2000-10-26,3.13,3.21,3.11,3.19,,203900.0
2000-10-27,3.15,3.19,3.11,3.17,,229300.0
2000-10-30,3.17,3.19,3.15,3.17,,300500.0
2000-10-31,3.21,3.31,3.11,3.25,,636100.0
2000-11-01,3.21,3.21,2.94,2.98,,1998200.0
2000-11-02,2.94,3.02,2.94,3.02,,1018900.0
2000-11-03,3.02,3.02,2.98,2.98,,660600.0
2000-11-06,3.0,3.0,2.94,3.0,,960800.0
2000-11-07,2.98,3.0,2.96,2.98,,481200.0
2000-11-08,2.96,2.98,2.94,2.98,,488300.0
2000-11-09,2.96,2.98,2.96,2.98,,437200.0
2000-11-10,2.96,2.98,2.96,2.96,,384400.0
2000-11-13,2.96,2.98,2.94,2.98,,292600.0
2000-11-14,2.96,2.98,2.94,2.98,,371900.0
2000-11-15,2.94,3.0,2.92,2.94,,875900.0
2000-11-16,2.94,2.98,2.94,2.94,,380400.0
2000-11-17,2.94,2.96,2.94,2.96,,232500.0
2000-11-20,2.94,2.96,2.9,2.92,,344500.0
2000-11-21,2.9,2.98,2.9,2.98,,323000.0
2000-11-22,2.94,2.98,2.92,2.96,,301700.0
2000-11-24,2.94,3.0,2.94,3.0,,81800.0
2000-11-27,2.98,3.02,2.96,2.98,,261700.0
2000-11-28,2.98,3.0,2.94,2.96,,319900.0
2000-11-29,2.94,2.98,2.92,2.98,,218700.0
2000-11-30,2.94,2.96,2.92,2.92,,316400.0
2000-12-01,2.92,2.98,2.9,2.98,,315900.0
2000-12-04,2.96,2.98,2.94,2.96,,450600.0
2000-12-05,2.98,3.06,2.96,3.06,,539200.0
2000-12-06,3.02,3.08,3.02,3.08,,300200.0
2000-12-07,3.06,3.11,3.06,3.08,,372500.0
2000-12-08,3.08,3.15,3.08,3.15,,259800.0
2000-12-11,3.11,3.19,3.1,3.19,,423000.0
2000-12-12,3.13,3.21,3.13,3.19,,286900.0
2000-12-13,3.15,3.23,3.13,3.21,,307400.0
2000-12-14,3.17,3.23,3.15,3.21,,255400.0
2000-12-15,3.17,3.23,3.17,3.21,,316500.0
2000-12-18,3.17,3.23,3.17,3.23,,304400.0
2000-12-19,3.23,3.31,3.23,3.25,,501500.0
2000-12-20,3.25,3.29,3.25,3.27,,394500.0
2000-12-21,3.25,3.27,3.25,3.27,,271800.0
2000-12-22,3.25,3.29,3.25,3.27,,197600.0
2000-12-26,3.27,3.29,3.27,3.29,,209900.0
2000-12-27,3.27,3.39,3.27,3.39,,302600.0
2000-12-28,3.37,3.44,3.35,3.44,,349000.0
2000-12-29,3.41,3.44,3.35,3.35,,308800.0
2001-01-02,3.35,3.37,3.31,3.35,,268900.0
2001-01-03,3.35,3.48,3.35,3.46,,278500.0
2001-01-04,3.48,3.54,3.42,3.52,,452100.0
2001-01-05,3.44,3.46,3.37,3.41,,191600.0
2001-01-08,3.41,3.44,3.39,3.39,,334600.0
2001-01-09,3.41,3.44,3.39,3.41,,649700.0
2001-01-10,3.45,3.47,3.41,3.47,,326900.0
2001-01-11,3.49,3.53,3.45,3.49,,555400.0
2001-01-12,3.49,3.51,3.47,3.49,,191800.0
2001-01-16,3.47,3.49,3.41,3.47,,247200.0
2001-01-17,3.47,3.47,3.41,3.47,,406600.0
2001-01-18,3.43,3.47,3.43,3.47,,146800.0
2001-01-19,3.43,3.49,3.41,3.41,,295100.0
2001-01-22,3.37,3.47,3.35,3.47,,212200.0
2001-01-23,3.43,3.49,3.43,3.49,,187200.0
2001-01-24,3.49,3.51,3.45,3.47,,190900.0
2001-01-25,3.45,3.55,3.45,3.51,,254400.0
2001-01-26,3.51,3.57,3.51,3.53,,250500.0
2001-01-29,3.54,3.57,3.53,3.57,,232000.0
2001-01-30,3.54,3.74,3.54,3.65,,432000.0
2001-01-31,3.66,3.66,3.5,3.5,,252600.0
2001-02-01,3.58,3.66,3.55,3.62,,251000.0
2001-02-02,3.55,3.62,3.54,3.58,,183900.0
2001-02-05,3.55,3.58,3.54,3.55,,233000.0
2001-02-06,3.54,3.82,3.54,3.77,,925100.0
2001-02-07,3.76,3.77,3.7,3.73,,290700.0
2001-02-08,3.71,3.74,3.63,3.68,,192100.0
2001-02-09,3.66,3.66,3.57,3.58,,114100.0
2001-02-12,3.58,3.66,3.58,3.66,,493800.0
2001-02-13,3.65,3.66,3.63,3.63,,170400.0
2001-02-14,3.66,3.66,3.61,3.64,,618400.0
2001-02-15,3.63,3.65,3.62,3.64,,211400.0
2001-02-16,3.58,3.64,3.58,3.63,,117200.0
2001-02-20,3.62,3.63,3.6,3.6,,472900.0
2001-02-21,3.58,3.67,3.58,3.66,,310300.0
2001-02-22,3.63,3.66,3.6,3.64,,257800.0
2001-02-23,3.61,3.66,3.61,3.64,,220900.0
2001-02-26,3.67,3.74,3.64,3.73,,149800.0
2001-02-27,3.73,3.83,3.67,3.79,,709800.0
2001-02-28,3.79,3.83,3.73,3.83,,258900.0
2001-03-01,3.81,3.83,3.78,3.81,,261700.0
2001-03-02,3.81,3.9,3.81,3.85,,229900.0
2001-03-05,3.82,3.88,3.81,3.85,,179300.0
2001-03-06,3.84,3.87,3.81,3.83,,342900.0
2001-03-07,3.82,3.86,3.82,3.84,,296100.0
2001-03-08,3.84,3.87,3.84,3.86,,256600.0
2001-03-09,3.83,3.9,3.83,3.87,,163700.0
2001-03-12,3.85,3.92,3.83,3.9,,433900.0
2001-03-13,3.87,3.94,3.84,3.94,,320300.0
2001-03-14,3.89,3.9,3.83,3.85,,265000.0
2001-03-15,3.85,3.88,3.83,3.84,,157600.0
2001-03-16,3.81,3.88,3.81,3.82,,405900.0
2001-03-19,3.79,3.88,3.79,3.88,,191500.0
2001-03-20,3.85,3.91,3.85,3.85,,200400.0
2001-03-21,3.85,3.88,3.81,3.84,,186200.0
2001-03-22,3.81,3.91,3.77,3.89,,529500.0
2001-03-23,3.88,3.92,3.81,3.87,,494600.0
2001-03-26,3.86,3.89,3.86,3.88,,214300.0
2001-03-27,3.88,3.91,3.84,3.88,,220100.0
2001-03-28,3.89,3.9,3.85,3.87,,241300.0
2001-03-29,3.85,3.96,3.85,3.96,,179800.0
2001-03-30,3.96,4.03,3.92,4.03,,245000.0
2001-04-02,3.95,3.96,3.89,3.93,,166600.0
2001-04-03,3.93,3.96,3.81,3.83,,290000.0
2001-04-04,3.83,3.88,3.82,3.85,,183100.0
2001-04-05,3.85,4.01,3.85,3.97,,207800.0
2001-04-06,3.94,3.96,3.87,3.87,,160800.0
2001-04-09,3.9,3.98,3.89,3.93,,2561700.0
2001-04-10,3.96,3.97,3.93,3.96,,175500.0
2001-04-11,3.97,3.98,3.88,3.94,,134300.0
2001-04-12,3.94,3.94,3.87,3.87,,143500.0
2001-04-16,3.87,3.9,3.86,3.86,,299300.0
2001-04-17,3.89,3.96,3.87,3.96,,128500.0
2001-04-18,3.93,4.0,3.89,3.96,,313400.0
2001-04-19,3.94,3.97,3.9,3.96,,270100.0
2001-04-20,3.96,4.08,3.9,4.05,,547900.0
2001-04-23,4.02,4.08,3.98,4.04,,311500.0
2001-04-24,4.04,4.06,3.99,4.04,,276700.0
2001-04-25,4.03,4.07,4.01,4.05,,206600.0
2001-04-26,4.05,4.11,4.02,4.08,,109200.0
2001-04-27,4.08,4.13,4.07,4.13,,226300.0
2001-04-30,4.13,4.21,4.12,4.14,,468800.0
2001-05-01,4.12,4.25,4.1,4.22,,479300.0
2001-05-02,4.21,4.25,4.16,4.21,,359300.0
2001-05-03,4.2,4.24,4.17,4.19,,514000.0
2001-05-04,4.15,4.28,4.15,4.23,,229300.0
2001-05-07,4.2,4.23,4.16,4.17,,247200.0
2001-05-08,4.17,4.23,4.17,4.23,,279400.0
2001-05-09,4.23,4.25,4.22,4.22,,126100.0
2001-05-10,4.21,4.26,4.21,4.23,,138400.0
2001-05-11,4.22,4.24,4.2,4.2,,120700.0
2001-05-14,4.2,4.23,4.2,4.21,,206500.0
2001-05-15,4.21,4.38,4.21,4.29,,547900.0
2001-05-16,4.26,4.35,4.26,4.28,,410600.0
2001-05-17,4.25,4.32,4.24,4.3,,396300.0
2001-05-18,4.29,4.36,4.29,4.34,,359300.0
2001-05-21,4.32,4.37,4.31,4.36,,159700.0
2001-05-22,4.34,4.38,4.32,4.37,,146400.0
2001-05-23,4.38,4.39,4.33,4.36,,216800.0
2001-05-24,4.36,4.38,4.31,4.38,,194400.0
2001-05-25,4.35,4.37,4.31,4.32,,105500.0
2001-05-29,4.31,4.35,4.3,4.31,,158200.0
2001-05-30,4.34,4.34,4.28,4.29,,144300.0
2001-05-31,4.27,4.3,4.26,4.27,,234700.0
2001-06-01,4.3,4.3,4.28,4.29,,115700.0
2001-06-04,4.28,4.34,4.28,4.34,,98200.0
2001-06-05,4.31,4.41,4.31,4.41,,273900.0
2001-06-06,4.42,4.44,4.38,4.38,,116500.0
2001-06-07,4.37,4.43,4.36,4.43,,132000.0
2001-06-08,4.44,4.46,4.39,4.41,,160600.0
2001-06-11,4.41,4.42,4.38,4.39,,272200.0
2001-06-12,4.42,4.5,4.39,4.5,,301700.0
2001-06-13,4.47,4.55,4.47,4.51,,343300.0
2001-06-14,4.51,4.54,4.49,4.53,,405300.0
2001-06-15,4.53,4.57,4.53,4.57,,321900.0
2001-06-18,4.64,4.64,4.53,4.54,,280700.0
2001-06-19,4.54,4.55,4.53,4.53,,150500.0
2001-06-20,4.53,4.61,4.53,4.61,,230200.0
2001-06-21,4.58,4.6,4.53,4.59,,191000.0
2001-06-22,4.56,4.57,4.51,4.51,,240100.0
2001-06-25,4.5,4.54,4.46,4.46,,430200.0
2001-06-26,4.45,4.57,4.43,4.57,,739900.0
2001-06-27,4.54,4.59,4.54,4.57,,167300.0
2001-06-28,4.57,4.6,4.54,4.59,,206900.0
2001-06-29,4.6,4.66,4.58,4.65,,494800.0
2001-07-02,4.62,4.62,4.53,4.59,,382700.0
2001-07-03,4.56,4.63,4.55,4.58,,146300.0
2001-07-05,4.6,4.63,4.58,4.62,,301200.0
2001-07-06,4.62,4.63,4.58,4.63,,205500.0
2001-07-09,4.63,4.64,4.54,4.58,,313900.0
2001-07-10,4.56,4.59,4.55,4.55,,269400.0
2001-07-11,4.54,4.59,4.53,4.55,,4270200.0
2001-07-12,4.54,4.63,4.54,4.59,,408000.0
2001-07-13,4.6,4.64,4.58,4.62,,331100.0
2001-07-16,4.6,4.65,4.6,4.61,,281500.0
2001-07-17,4.63,4.66,4.61,4.65,,229800.0
2001-07-18,4.64,4.71,4.64,4.66,,264200.0
2001-07-19,4.66,4.7,4.65,4.69,,123100.0
2001-07-20,4.66,4.69,4.63,4.63,,124400.0
2001-07-23,4.64,4.69,4.64,4.66,,125000.0
2001-07-24,4.66,4.69,4.6,4.6,,355300.0
2001-07-25,4.6,4.68,4.6,4.68,,230600.0
2001-07-26,4.66,4.7,4.65,4.7,,165800.0
2001-07-27,4.67,4.69,4.63,4.63,,155700.0
2001-07-30,4.66,4.66,4.59,4.61,,260700.0
2001-07-31,4.62,4.7,4.6,4.63,,406900.0
2001-08-01,4.63,4.67,4.6,4.62,,388700.0
2001-08-02,4.62,4.62,4.6,4.61,,199700.0
2001-08-03,4.6,4.64,4.6,4.64,,311200.0
2001-08-06,4.63,4.66,4.58,4.61,,360400.0
2001-08-07,4.61,4.64,4.61,4.64,,245400.0
2001-08-08,4.62,4.66,4.61,4.65,,227000.0
2001-08-09,4.63,4.65,4.62,4.64,,141400.0
2001-08-10,4.65,4.66,4.63,4.65,,214700.0
2001-08-13,4.65,4.66,4.62,4.64,,241900.0
2001-08-14,4.64,4.71,4.63,4.7,,213300.0
2001-08-15,4.7,4.7,4.65,4.69,,206500.0
2001-08-16,4.69,4.71,4.66,4.71,,224200.0
2001-08-17,4.69,4.73,4.69,4.73,,270400.0
2001-08-20,4.71,4.74,4.68,4.74,,224100.0
2001-08-21,4.74,4.78,4.73,4.77,,226400.0
2001-08-22,4.75,4.79,4.73,4.79,,224000.0
2001-08-23,4.78,4.79,4.75,4.76,,120300.0
2001-08-24,4.76,4.77,4.71,4.75,,246000.0
2001-08-27,4.75,4.78,4.73,4.76,,264200.0
2001-08-28,4.77,4.78,4.73,4.73,,144900.0
2001-08-29,4.73,4.77,4.71,4.74,,203300.0
2001-08-30,4.72,4.8,4.7,4.75,,594200.0
2001-08-31,4.75,4.81,4.75,4.79,,175900.0
2001-09-04,4.78,4.82,4.78,4.82,,284300.0
2001-09-05,4.81,4.83,4.79,4.8,,225400.0
2001-09-06,4.78,4.82,4.72,4.73,,486900.0
2001-09-07,4.73,4.73,4.63,4.68,,597900.0
2001-09-10,4.66,4.75,4.63,4.71,,516900.0
2001-09-17,4.56,4.71,4.54,4.69,,516800.0
2001-09-18,4.69,4.74,4.64,4.73,,181500.0
2001-09-19,4.73,4.78,4.68,4.74,,273600.0
2001-09-20,4.7,4.71,4.63,4.68,,379800.0
2001-09-21,4.65,4.7,4.56,4.67,,685200.0
2001-09-24,4.64,4.69,4.54,4.61,,390600.0
2001-09-25,4.59,4.65,4.57,4.62,,445700.0
2001-09-26,4.61,4.69,4.6,4.66,,308400.0
2001-09-27,4.64,4.71,4.63,4.67,,263400.0
2001-09-28,4.69,4.75,4.67,4.72,,522100.0
2001-10-01,4.73,4.75,4.68,4.74,,207800.0
2001-10-02,4.71,4.76,4.7,4.72,,708700.0
2001-10-03,4.69,4.72,4.65,4.66,,324700.0
2001-10-04,4.66,4.73,4.65,4.69,,398200.0
2001-10-05,4.69,4.69,4.64,4.66,,284200.0
2001-10-08,4.68,4.71,4.64,4.69,,219200.0
2001-10-09,4.69,4.73,4.68,4.73,,427000.0
2001-10-10,4.72,4.78,4.7,4.78,,4600500.0
2001-10-11,4.78,4.88,4.78,4.83,,606300.0
2001-10-12,4.82,4.86,4.79,4.84,,603400.0
2001-10-15,4.81,4.88,4.75,4.85,,376100.0
2001-10-16,4.85,4.92,4.82,4.92,,518700.0
2001-10-17,4.88,4.98,4.88,4.9,,786000.0
2001-10-18,4.88,4.92,4.86,4.88,,227000.0
2001-10-19,4.91,4.94,4.8,4.8,,278400.0
2001-10-22,4.82,4.82,4.72,4.73,,250200.0
2001-10-23,4.73,4.78,4.7,4.72,,353000.0
2001-10-24,4.72,4.73,4.67,4.72,,389700.0
2001-10-25,4.73,4.86,4.72,4.78,,359600.0
2001-10-26,4.75,4.78,4.72,4.73,,135300.0
2001-10-29,4.73,4.79,4.72,4.74,,158800.0
2001-10-30,4.72,4.74,4.72,4.72,,157900.0
2001-10-31,4.74,4.84,4.72,4.81,,409300.0
2001-11-01,4.8,4.88,4.79,4.86,,216700.0
2001-11-02,4.88,4.88,4.76,4.77,,185800.0
2001-11-05,4.79,4.82,4.75,4.76,,138300.0
2001-11-06,4.77,4.79,4.75,4.78,,280400.0
2001-11-07,4.76,4.78,4.72,4.72,,154400.0
2001-11-08,4.73,4.76,4.69,4.74,,278300.0
2001-11-09,4.75,4.78,4.72,4.77,,309700.0
2001-11-12,4.77,4.81,4.73,4.81,,127800.0
2001-11-13,4.78,4.83,4.78,4.83,,517400.0
2001-11-14,4.82,4.85,4.77,4.85,,215400.0
2001-11-15,4.82,4.87,4.8,4.87,,582500.0
2001-11-16,4.84,4.88,4.79,4.82,,236600.0
2001-11-19,4.8,4.83,4.76,4.81,,185800.0
2001-11-20,4.81,4.85,4.78,4.78,,306600.0
2001-11-21,4.77,4.82,4.75,4.82,,176500.0
2001-11-23,4.79,4.87,4.79,4.85,,162900.0
2001-11-26,4.85,4.89,4.82,4.82,,296600.0
2001-11-27,4.84,4.84,4.79,4.8,,108400.0
2001-11-28,4.76,4.8,4.76,4.78,,218100.0
2001-11-29,4.78,4.88,4.78,4.88,,401900.0
2001-11-30,4.88,4.88,4.79,4.85,,265300.0
2001-12-03,4.85,4.85,4.8,4.84,,221600.0
2001-12-04,4.84,4.88,4.84,4.88,,369600.0
2001-12-05,4.87,4.92,4.87,4.92,,174600.0
2001-12-06,4.89,4.93,4.87,4.9,,140300.0
2001-12-07,4.9,4.93,4.9,4.9,,141900.0
2001-12-10,4.87,4.91,4.84,4.87,,202300.0
2001-12-11,4.83,4.96,4.83,4.96,,269500.0
2001-12-12,4.92,4.97,4.9,4.94,,196000.0
2001-12-13,4.94,4.96,4.89,4.89,,136300.0
2001-12-14,4.88,4.96,4.88,4.95,,154400.0
2001-12-17,4.95,5.0,4.81,4.81,,340300.0
2001-12-18,4.83,4.93,4.83,4.87,,269000.0
2001-12-19,4.85,4.9,4.85,4.85,,1087900.0
2001-12-20,4.85,4.86,4.85,4.85,,429000.0
2001-12-21,4.85,4.86,4.85,4.86,,616300.0
2001-12-24,4.86,4.88,4.85,4.88,,65300.0
2001-12-26,4.88,4.91,4.85,4.89,,219500.0
2001-12-27,4.89,4.93,4.86,4.87,,165900.0
2001-12-28,4.86,4.88,4.85,4.86,,218300.0
2001-12-31,4.85,4.88,4.85,4.85,,293000.0
2002-01-02,4.88,4.9,4.85,4.89,,395700.0
2002-01-03,4.89,4.92,4.86,4.89,,279300.0
2002-01-04,4.87,4.92,4.86,4.89,,260900.0
2002-01-07,4.89,4.9,4.86,4.88,,298900.0
2002-01-08,4.86,4.88,4.85,4.86,,366900.0
2002-01-09,4.85,4.87,4.85,4.85,,277500.0
2002-01-10,4.85,4.88,4.85,4.87,,283700.0
2002-01-11,4.86,4.9,4.86,4.88,,4553400.0
2002-01-14,4.89,4.93,4.85,4.89,,759700.0
2002-01-15,4.88,4.9,4.87,4.89,,257600.0
2002-01-16,4.89,4.89,4.81,4.84,,318100.0
2002-01-17,4.81,4.89,4.81,4.89,,492800.0
2002-01-18,4.87,4.89,4.83,4.86,,396300.0
2002-01-22,4.82,4.88,4.82,4.86,,402000.0
2002-01-23,4.85,4.88,4.85,4.87,,816500.0
2002-01-24,4.88,4.88,4.85,4.86,,470000.0
2002-01-25,4.86,4.87,4.85,4.86,,296600.0
2002-01-28,4.87,4.92,4.86,4.9,,732100.0
2002-01-29,4.89,4.91,4.86,4.88,,316500.0
2002-01-30,4.88,4.9,4.86,4.89,,364700.0
2002-01-31,4.87,4.94,4.86,4.92,,448000.0
2002-02-01,4.89,4.9,4.86,4.86,,277200.0
2002-02-04,4.88,4.88,4.85,4.87,,409000.0
2002-02-05,4.86,4.89,4.86,4.87,,486700.0
2002-02-06,4.86,4.9,4.86,4.86,,228900.0
2002-02-07,4.86,4.88,4.85,4.86,,217400.0
2002-02-08,4.86,4.89,4.86,4.89,,196600.0
2002-02-11,4.88,4.89,4.86,4.89,,339400.0
2002-02-12,4.89,4.91,4.87,4.88,,342600.0
2002-02-13,4.87,4.9,4.87,4.89,,469600.0
2002-02-14,4.89,4.91,4.86,4.86,,459100.0
2002-02-15,4.86,4.9,4.78,4.87,,203100.0
2002-02-19,4.84,4.88,4.81,4.81,,278400.0
2002-02-20,4.84,4.88,4.81,4.88,,459900.0
2002-02-21,4.87,4.88,4.79,4.79,,258400.0
2002-02-22,4.79,4.89,4.79,4.87,,401900.0
2002-02-25,4.89,4.89,4.84,4.87,,514000.0
2002-02-26,4.85,4.88,4.82,4.88,,417600.0
2002-02-27,4.88,4.91,4.86,4.91,,605200.0
2002-02-28,4.89,4.91,4.84,4.84,,235400.0
2002-03-01,4.86,4.93,4.84,4.93,,277100.0
2002-03-04,4.93,4.97,4.89,4.97,,467200.0
2002-03-05,4.97,5.03,4.96,5.01,,460400.0
2002-03-06,5.04,5.08,4.98,5.07,,374400.0
2002-03-07,5.1,5.13,5.05,5.07,,207900.0
2002-03-08,5.07,5.08,5.04,5.07,,147100.0
2002-03-11,5.05,5.08,5.02,5.05,,195900.0
2002-03-12,5.05,5.07,5.03,5.04,,232300.0
2002-03-13,5.04,5.12,4.98,5.12,,374000.0
2002-03-14,5.11,5.18,5.1,5.18,,216500.0
2002-03-15,5.15,5.23,5.14,5.19,,364600.0
2002-03-18,5.19,5.23,5.13,5.23,,183500.0
2002-03-19,5.2,5.28,5.19,5.28,,379300.0
2002-03-20,5.24,5.29,5.23,5.26,,288300.0
2002-03-21,5.25,5.35,5.23,5.35,,375100.0
2002-03-22,5.35,5.41,5.34,5.36,,745200.0
2002-03-25,5.35,5.36,5.29,5.35,,394100.0
2002-03-26,5.35,5.48,5.34,5.39,,408900.0
2002-03-27,5.4,5.5,5.35,5.46,,519000.0
2002-03-28,5.47,5.48,5.39,5.44,,388600.0
2002-04-01,5.37,5.46,5.37,5.46,,229900.0
2002-04-02,5.47,5.48,5.42,5.44,,905100.0
2002-04-03,5.46,5.46,5.42,5.44,,237500.0
2002-04-04,5.46,5.49,5.45,5.49,,192900.0
2002-04-05,5.49,5.53,5.48,5.53,,314700.0
2002-04-08,5.53,5.62,5.51,5.61,,340900.0
2002-04-09,5.61,5.65,5.58,5.62,,2354800.0
2002-04-10,5.58,5.72,5.58,5.72,,610100.0
2002-04-11,5.69,5.7,5.63,5.67,,336000.0
2002-04-12,5.66,5.87,5.63,5.83,,578900.0
2002-04-15,5.78,5.79,5.63,5.73,,455600.0
2002-04-16,5.76,5.77,5.62,5.62,,514100.0
2002-04-17,5.62,5.63,5.47,5.5,,401100.0
2002-04-18,5.44,5.58,5.44,5.54,,429600.0
2002-04-19,5.55,5.55,5.46,5.48,,174300.0
2002-04-22,5.51,5.53,5.39,5.39,,291400.0
2002-04-23,5.41,5.43,5.32,5.34,,468500.0
2002-04-24,5.39,5.55,5.38,5.53,,806400.0
2002-04-25,5.55,5.68,5.53,5.68,,411100.0
2002-04-26,5.66,5.67,5.59,5.6,,274600.0
2002-04-29,5.62,5.63,5.58,5.62,,210200.0
2002-04-30,5.64,5.83,5.64,5.83,,556500.0
2002-05-01,5.83,5.84,5.75,5.81,,400800.0
2002-05-02,5.81,5.85,5.77,5.78,,425100.0
2002-05-03,5.77,5.79,5.76,5.79,,475500.0
2002-05-06,5.81,5.83,5.76,5.76,,238900.0
2002-05-07,5.76,5.78,5.73,5.76,,273600.0
2002-05-08,5.76,5.81,5.64,5.67,,504200.0
2002-05-09,5.66,5.69,5.6,5.6,,217200.0
2002-05-10,5.61,5.61,5.51,5.51,,257300.0
2002-05-13,5.56,5.58,5.51,5.51,,214600.0
2002-05-14,5.49,5.56,5.48,5.53,,312500.0
2002-05-15,5.51,5.55,5.51,5.53,,359600.0
2002-05-16,5.56,5.56,5.48,5.49,,275200.0
2002-05-17,5.49,5.49,5.44,5.46,,318500.0
2002-05-20,5.44,5.45,5.41,5.43,,525600.0
2002-05-21,5.43,5.46,5.38,5.4,,1493000.0
2002-05-22,5.38,5.43,5.32,5.35,,308600.0
2002-05-23,5.36,5.5,5.35,5.47,,287700.0
2002-05-24,5.47,5.51,5.4,5.48,,379700.0
2002-05-28,5.51,5.53,5.45,5.52,,242500.0
2002-05-29,5.53,5.65,5.5,5.64,,499400.0
2002-05-30,5.6,5.65,5.58,5.65,,315700.0
2002-05-31,5.65,5.65,5.51,5.53,,486100.0
2002-06-03,5.51,5.53,5.44,5.46,,254400.0
2002-06-04,5.51,5.58,5.49,5.57,,252800.0
2002-06-05,5.58,5.6,5.55,5.58,,233700.0
2002-06-06,5.58,5.58,5.5,5.5,,184300.0
2002-06-07,5.51,5.54,5.47,5.53,,217700.0
2002-06-10,5.51,5.58,5.51,5.57,,321200.0
2002-06-11,5.58,5.59,5.48,5.48,,638400.0
2002-06-12,5.5,5.56,5.44,5.51,,227200.0
2002-06-13,5.49,5.54,5.43,5.48,,206600.0
2002-06-14,5.46,5.48,5.41,5.44,,271300.0
2002-06-17,5.48,5.51,5.44,5.51,,229300.0
2002-06-18,5.48,5.51,5.44,5.46,,256800.0
2002-06-19,5.48,5.52,5.47,5.5,,431600.0
2002-06-20,5.49,5.52,5.47,5.5,,272100.0
2002-06-21,5.54,5.58,5.51,5.57,,487700.0
2002-06-24,5.53,5.54,5.48,5.49,,558500.0
2002-06-25,5.51,5.57,5.48,5.54,,411000.0
2002-06-26,5.5,5.55,5.44,5.5,,493200.0
2002-06-27,5.5,5.55,5.46,5.5,,541200.0
2002-06-28,5.47,5.53,5.44,5.5,,1617000.0
2002-07-01,5.5,5.53,5.45,5.49,,727100.0
2002-07-02,5.53,5.55,5.48,5.49,,386300.0
2002-07-03,5.45,5.49,5.41,5.43,,397200.0
2002-07-05,5.42,5.5,5.42,5.48,,220900.0
2002-07-08,5.5,5.5,5.43,5.43,,391300.0
2002-07-09,5.43,5.48,5.41,5.43,,2575700.0
2002-07-10,5.37,5.45,5.28,5.3,,530500.0
2002-07-11,5.28,5.28,5.08,5.23,,545400.0
2002-07-12,5.25,5.37,5.24,5.26,,538200.0
2002-07-15,5.21,5.23,5.1,5.17,,375700.0
2002-07-16,5.17,5.38,5.15,5.22,,358300.0
2002-07-17,5.22,5.43,5.14,5.19,,429400.0
2002-07-18,5.21,5.21,5.07,5.07,,959400.0
2002-07-19,4.98,5.03,4.96,4.98,,544100.0
2002-07-22,4.98,5.08,4.82,5.01,,688200.0
2002-07-23,5.07,5.14,4.97,5.0,,962800.0
2002-07-24,4.94,5.15,4.69,5.03,,825200.0
2002-07-25,5.0,5.26,4.96,5.24,,936800.0
2002-07-26,5.26,5.39,5.26,5.38,,494100.0
2002-07-29,5.4,5.6,5.39,5.6,,710900.0
2002-07-30,5.58,5.71,5.53,5.69,,885200.0
2002-07-31,5.71,5.82,5.61,5.76,,657800.0
2002-08-01,5.71,5.74,5.65,5.65,,300800.0
2002-08-02,5.66,5.66,5.47,5.49,,449600.0
2002-08-05,5.5,5.51,5.38,5.41,,265900.0
2002-08-06,5.41,5.47,5.33,5.39,,531100.0
2002-08-07,5.42,5.48,5.41,5.47,,394600.0
2002-08-08,5.45,5.55,5.44,5.45,,141400.0
2002-08-09,5.45,5.51,5.4,5.48,,185700.0
2002-08-12,5.53,5.56,5.49,5.56,,203300.0
2002-08-13,5.58,5.67,5.57,5.6,,257400.0
2002-08-14,5.6,5.65,5.57,5.65,,267200.0
2002-08-15,5.69,5.69,5.6,5.64,,174900.0
2002-08-16,5.65,5.74,5.65,5.74,,209700.0
2002-08-19,5.74,5.74,5.53,5.53,,139800.0
2002-08-20,5.6,5.72,5.6,5.7,,339200.0
2002-08-21,5.69,5.78,5.69,5.78,,323800.0
2002-08-22,5.77,5.82,5.73,5.81,,309100.0
2002-08-23,5.79,5.83,5.74,5.75,,207000.0
2002-08-26,5.75,5.8,5.72,5.78,,156600.0
2002-08-27,5.81,5.85,5.77,5.81,,150800.0
2002-08-28,5.81,5.85,5.75,5.84,,183000.0
2002-08-29,5.84,5.87,5.8,5.83,,380400.0
2002-08-30,5.8,5.92,5.8,5.91,,337000.0
2002-09-03,5.91,5.91,5.84,5.84,,240000.0
2002-09-04,5.83,5.88,5.8,5.81,,270700.0
2002-09-05,5.8,5.81,5.75,5.75,,136200.0
2002-09-06,5.75,5.81,5.75,5.79,,155200.0
2002-09-09,5.79,5.79,5.71,5.76,,186900.0
2002-09-10,5.77,5.78,5.72,5.76,,133200.0
2002-09-11,5.74,5.76,5.72,5.73,,80300.0
2002-09-12,5.73,5.74,5.62,5.68,,292000.0
2002-09-13,5.65,5.72,5.65,5.71,,308500.0
2002-09-16,5.68,5.73,5.65,5.65,,334300.0
2002-09-17,5.69,5.7,5.64,5.66,,391900.0
2002-09-18,5.65,5.69,5.61,5.64,,211500.0
2002-09-19,5.62,5.66,5.6,5.62,,188800.0
2002-09-20,5.6,5.71,5.6,5.71,,248600.0
2002-09-23,5.69,5.72,5.65,5.72,,172900.0
2002-09-24,5.72,5.72,5.51,5.62,,574900.0
2002-09-25,5.6,5.62,5.49,5.54,,244100.0
2002-09-26,5.55,5.69,5.55,5.69,,471000.0
2002-09-27,5.69,5.69,5.64,5.67,,280900.0
2002-09-30,5.67,5.67,5.64,5.66,,417800.0
2002-10-01,5.67,5.7,5.63,5.64,,558100.0
2002-10-02,5.54,5.62,5.46,5.47,,782800.0
2002-10-03,5.46,5.5,5.39,5.48,,337500.0
2002-10-04,5.48,5.49,5.37,5.39,,267500.0
2002-10-07,5.44,5.45,5.23,5.23,,295600.0
2002-10-08,5.23,5.23,5.01,5.19,,2442600.0
2002-10-09,5.12,5.13,5.06,5.06,,770300.0
2002-10-10,5.06,5.15,4.95,5.11,,1158400.0
2002-10-11,5.12,5.29,5.12,5.24,,520100.0
2002-10-14,5.19,5.24,5.16,5.19,,304000.0
2002-10-15,5.27,5.3,5.23,5.28,,287900.0
2002-10-16,5.24,5.37,5.2,5.36,,354600.0
2002-10-17,5.46,5.46,5.35,5.4,,313100.0
2002-10-18,5.4,5.44,5.33,5.4,,424200.0
2002-10-21,5.4,5.41,5.35,5.35,,343500.0
2002-10-22,5.36,5.36,5.24,5.26,,187500.0
2002-10-23,5.22,5.29,5.21,5.24,,97500.0
2002-10-24,5.22,5.31,5.22,5.29,,207200.0
2002-10-25,5.33,5.41,5.3,5.4,,181500.0
2002-10-28,5.4,5.44,5.36,5.38,,156300.0
2002-10-29,5.38,5.44,5.2,5.36,,315000.0
2002-10-30,5.37,5.44,5.23,5.25,,447900.0
2002-10-31,5.31,5.33,5.22,5.23,,607800.0
2002-11-01,5.23,5.31,5.22,5.29,,328400.0
2002-11-04,5.3,5.38,5.27,5.35,,216500.0
2002-11-05,5.35,5.38,5.3,5.36,,226300.0
2002-11-06,5.37,5.44,5.33,5.44,,264400.0
2002-11-07,5.44,5.46,5.41,5.45,,272300.0
2002-11-08,5.46,5.48,5.38,5.38,,178400.0
2002-11-11,5.39,5.4,5.33,5.35,,132100.0
2002-11-12,5.36,5.49,5.36,5.46,,282800.0
2002-11-13,5.48,5.56,5.46,5.52,,349000.0
2002-11-14,5.52,5.67,5.52,5.66,,365600.0
2002-11-15,5.62,5.77,5.55,5.7,,435800.0
2002-11-18,5.71,5.76,5.66,5.68,,250700.0
2002-11-19,5.67,5.69,5.6,5.62,,231300.0
2002-11-20,5.6,5.68,5.57,5.67,,144700.0
2002-11-21,5.69,5.7,5.62,5.62,,202000.0
2002-11-22,5.61,5.67,5.59,5.67,,552800.0
2002-11-25,5.69,5.7,5.6,5.64,,453100.0
2002-11-26,5.66,5.69,5.62,5.65,,469200.0
2002-11-27,5.69,5.7,5.62,5.67,,389900.0
2002-11-29,5.69,5.7,5.44,5.63,,190800.0
2002-12-02,5.65,5.73,5.65,5.73,,273000.0
2002-12-03,5.71,5.79,5.68,5.78,,271500.0
2002-12-04,5.78,5.8,5.74,5.8,,364800.0
2002-12-05,5.78,5.83,5.75,5.81,,491900.0
2002-12-06,5.71,5.86,5.71,5.82,,514500.0
2002-12-09,5.78,5.88,5.78,5.81,,423800.0
2002-12-10,5.82,5.82,5.76,5.78,,448000.0
2002-12-11,5.76,5.82,5.75,5.81,,741200.0
2002-12-12,5.81,5.82,5.77,5.77,,145300.0
2002-12-13,5.76,5.77,5.69,5.69,,290800.0
2002-12-16,5.69,5.73,5.65,5.73,,271800.0
2002-12-17,5.7,5.73,5.66,5.67,,161800.0
2002-12-18,5.68,5.71,5.62,5.64,,433800.0
2002-12-19,5.63,5.65,5.58,5.62,,262200.0
2002-12-20,5.57,5.65,5.54,5.65,,432400.0
2002-12-23,5.66,5.72,5.65,5.72,,262300.0
2002-12-24,5.73,5.73,5.67,5.68,,93200.0
2002-12-26,5.7,5.74,5.67,5.73,,415200.0
2002-12-27,5.71,5.74,5.69,5.73,,111400.0
2002-12-30,5.72,5.83,5.72,5.83,,458700.0
2002-12-31,5.83,5.95,5.83,5.93,,1280700.0
2003-01-02,5.94,5.94,5.8,5.85,,1018200.0
2003-01-03,5.82,5.91,5.81,5.9,,357500.0
2003-01-06,5.95,5.98,5.91,5.98,,383800.0
2003-01-07,5.95,5.96,5.85,5.91,,312700.0
2003-01-08,5.87,5.89,5.83,5.84,,120900.0
2003-01-09,5.81,5.89,5.81,5.88,,251400.0
2003-01-10,5.86,5.91,5.83,5.85,,158900.0
2003-01-13,5.86,5.87,5.83,5.84,,312300.0
2003-01-14,5.86,5.88,5.84,5.88,,1770100.0
2003-01-15,5.85,5.91,5.8,5.85,,661000.0
2003-01-16,5.85,5.87,5.79,5.79,,291700.0
2003-01-17,5.79,5.81,5.68,5.71,,485600.0
2003-01-21,5.7,5.76,5.65,5.74,,303800.0
2003-01-22,5.7,5.78,5.66,5.71,,496300.0
2003-01-23,5.72,5.73,5.67,5.69,,515100.0
2003-01-24,5.9,5.9,5.74,5.77,,2090300.0
2003-01-27,5.79,5.81,5.69,5.81,,5350900.0
2003-01-28,5.81,5.81,5.74,5.79,,1216300.0
2003-01-29,5.77,5.88,5.76,5.86,,749600.0
2003-01-30,5.88,5.88,5.82,5.82,,576100.0
2003-01-31,5.85,5.9,5.79,5.9,,768400.0
2003-02-03,5.9,5.91,5.83,5.83,,325200.0
2003-02-04,5.81,5.86,5.79,5.85,,209500.0
2003-02-05,5.86,5.87,5.8,5.83,,371700.0
2003-02-06,5.79,5.86,5.79,5.85,,230200.0
2003-02-07,5.84,5.89,5.78,5.79,,227800.0
2003-02-10,5.76,5.85,5.74,5.85,,227100.0
2003-02-11,5.85,5.85,5.66,5.7,,695300.0
2003-02-12,5.7,5.7,5.63,5.66,,295600.0
2003-02-13,5.66,5.68,5.61,5.68,,179900.0
2003-02-14,5.68,5.68,5.59,5.62,,402100.0
2003-02-18,5.62,5.71,5.58,5.63,,304300.0
2003-02-19,5.63,5.7,5.6,5.7,,452900.0
2003-02-20,5.72,5.74,5.65,5.74,,381100.0
2003-02-21,5.76,5.83,5.72,5.8,,543800.0
2003-02-24,5.78,5.81,5.68,5.68,,181600.0
2003-02-25,5.69,5.77,5.67,5.77,,264300.0
2003-02-26,5.77,5.77,5.69,5.73,,216600.0
2003-02-27,5.75,5.79,5.72,5.79,,305600.0
2003-02-28,5.79,5.85,5.74,5.74,,239600.0
2003-03-03,5.75,5.8,5.74,5.8,,270600.0
2003-03-04,5.8,5.82,5.76,5.76,,380200.0
2003-03-05,5.74,5.81,5.74,5.78,,200600.0
2003-03-06,5.79,5.8,5.76,5.78,,202700.0
2003-03-07,5.78,5.84,5.78,5.81,,438000.0
2003-03-10,5.81,5.82,5.71,5.72,,258100.0
2003-03-11,5.73,5.79,5.65,5.66,,216200.0
2003-03-12,5.66,5.69,5.61,5.65,,276000.0
2003-03-13,5.67,5.72,5.67,5.71,,193400.0
2003-03-14,5.72,5.79,5.7,5.78,,253000.0
2003-03-17,5.78,5.83,5.74,5.83,,293000.0
2003-03-18,5.8,5.83,5.77,5.83,,206100.0
2003-03-19,5.83,5.94,5.79,5.94,,207800.0
2003-03-20,5.94,6.01,5.87,6.01,,310400.0
2003-03-21,6.08,6.18,6.01,6.17,,431100.0
2003-03-24,6.16,6.16,5.91,5.92,,404600.0
2003-03-25,5.87,5.96,5.87,5.94,,433300.0
2003-03-26,5.93,5.99,5.92,5.99,,403700.0
2003-03-27,5.98,6.03,5.92,5.96,,298500.0
2003-03-28,5.96,6.0,5.92,5.93,,126800.0
2003-03-31,5.91,5.92,5.88,5.9,,492200.0
2003-04-01,5.9,6.01,5.9,6.01,,321400.0
2003-04-02,6.01,6.15,6.01,6.13,,275300.0
2003-04-03,6.12,6.12,6.05,6.09,,200300.0
2003-04-04,6.08,6.11,6.03,6.03,,231200.0
2003-04-07,6.04,6.18,6.03,6.14,,336000.0
2003-04-08,6.14,6.16,6.11,6.11,,259900.0
2003-04-09,6.09,6.19,6.09,6.17,,271000.0
2003-04-10,6.17,6.17,6.11,6.13,,279600.0
2003-04-11,6.1,6.13,6.04,6.05,,218400.0
2003-04-14,6.06,6.19,6.05,6.19,,207400.0
2003-04-15,6.17,6.22,6.16,6.22,,258800.0
2003-04-16,6.27,6.29,6.24,6.29,,472200.0
2003-04-17,6.28,6.32,6.28,6.32,,355000.0
2003-04-21,6.23,6.34,6.23,6.34,,231600.0
2003-04-22,6.34,6.44,6.25,6.38,,402300.0
2003-04-23,6.38,6.39,6.31,6.37,,500400.0
2003-04-24,6.37,6.43,6.34,6.37,,1376400.0
2003-04-25,6.37,6.39,6.29,6.3,,672500.0
2003-04-28,6.31,6.32,6.23,6.29,,354000.0
2003-04-29,6.34,6.34,6.21,6.24,,427700.0
2003-04-30,6.26,6.27,6.22,6.26,,658100.0
2003-05-01,6.27,6.33,6.16,6.33,,791800.0
2003-05-02,6.34,6.37,6.31,6.37,,383800.0
2003-05-05,6.31,6.41,6.3,6.41,,311300.0
2003-05-06,6.41,6.46,6.34,6.45,,509600.0
2003-05-07,6.45,6.45,6.32,6.42,,538800.0
2003-05-08,6.39,6.47,6.38,6.47,,296100.0
2003-05-09,6.46,6.55,6.43,6.53,,460500.0
2003-05-12,6.52,6.56,6.48,6.56,,208600.0
2003-05-13,6.53,6.58,6.51,6.53,,409200.0
2003-05-14,6.53,6.56,6.48,6.52,,288800.0
2003-05-15,6.54,6.58,6.49,6.57,,347800.0
2003-05-16,6.55,6.63,6.49,6.63,,379700.0
2003-05-19,6.61,6.65,6.55,6.57,,419400.0
2003-05-20,6.55,6.64,6.52,6.58,,363300.0
2003-05-21,6.59,6.6,6.5,6.51,,494200.0
2003-05-22,6.52,6.56,6.47,6.53,,430700.0
2003-05-23,6.52,6.55,6.52,6.54,,454900.0
2003-05-27,6.53,6.57,6.49,6.57,,313200.0
2003-05-28,6.49,6.55,6.43,6.44,,607500.0
2003-05-29,6.42,6.44,6.19,6.35,,504000.0
2003-05-30,6.32,6.42,6.31,6.42,,367500.0
2003-06-02,6.39,6.49,6.39,6.45,,293500.0
2003-06-03,6.45,6.46,6.37,6.44,,358000.0
2003-06-04,6.45,6.49,6.41,6.46,,480900.0
2003-06-05,6.45,6.46,6.42,6.44,,358200.0
2003-06-06,6.45,6.5,6.45,6.49,,605700.0
2003-06-09,6.44,6.47,6.41,6.46,,594500.0
2003-06-10,6.45,6.56,6.44,6.54,,240200.0
2003-06-11,6.49,6.56,6.47,6.55,,259500.0
2003-06-12,6.57,6.57,6.44,6.44,,384400.0
2003-06-13,6.45,6.49,6.31,6.35,,355300.0
2003-06-16,6.26,6.49,6.26,6.49,,463000.0
2003-06-17,6.46,6.49,6.4,6.41,,280500.0
2003-06-18,6.36,6.4,6.32,6.4,,297800.0
2003-06-19,6.34,6.43,6.29,6.36,,304200.0
2003-06-20,6.36,6.45,6.35,6.38,,914100.0
2003-06-23,6.42,6.42,6.27,6.34,,328300.0
2003-06-24,6.31,6.4,6.27,6.4,,504600.0
2003-06-25,6.4,6.44,6.37,6.42,,451100.0
2003-06-26,6.43,6.49,6.39,6.47,,309300.0
2003-06-27,6.5,6.53,6.43,6.43,,220300.0
2003-06-30,6.44,6.46,6.38,6.46,,392900.0
2003-07-01,6.49,6.6,6.41,6.6,,451100.0
2003-07-02,6.58,6.67,6.57,6.67,,305500.0
2003-07-03,6.65,6.72,6.61,6.72,,192200.0
2003-07-07,6.72,6.76,6.67,6.76,,606500.0
2003-07-08,6.74,6.76,6.7,6.72,,218400.0
2003-07-09,6.73,6.75,6.67,6.75,,229700.0
2003-07-10,6.73,6.73,6.56,6.6,,277600.0
2003-07-11,6.61,6.69,6.61,6.69,,266000.0
2003-07-14,6.73,6.76,6.69,6.75,,285300.0
2003-07-15,6.76,6.78,6.69,6.78,,247500.0
2003-07-16,6.85,6.85,6.74,6.84,,427600.0
2003-07-17,6.82,6.82,6.62,6.65,,288600.0
2003-07-18,6.67,6.79,6.62,6.77,,400200.0
2003-07-21,6.74,6.76,6.62,6.67,,234300.0
2003-07-22,6.67,6.76,6.64,6.76,,178300.0
2003-07-23,6.76,6.76,6.65,6.69,,137300.0
2003-07-24,6.69,6.81,6.69,6.81,,379200.0
2003-07-25,6.83,6.86,6.79,6.83,,413700.0
2003-07-28,6.83,6.88,6.8,6.8,,368300.0
2003-07-29,6.83,7.03,6.81,7.03,,598800.0
2003-07-30,6.98,7.05,6.9,7.05,,592500.0
2003-07-31,7.05,7.05,6.88,6.88,,507800.0
2003-08-01,6.81,6.92,6.76,6.9,,573400.0
2003-08-04,6.86,6.91,6.81,6.91,,550800.0
2003-08-05,6.91,6.92,6.85,6.91,,567900.0
2003-08-06,6.92,6.92,6.85,6.9,,452000.0
2003-08-07,6.9,6.92,6.88,6.9,,306000.0
2003-08-08,6.93,6.94,6.88,6.88,,619300.0
2003-08-11,6.92,6.94,6.87,6.92,,631100.0
2003-08-12,6.95,6.96,6.88,6.92,,180700.0
2003-08-13,6.9,6.92,6.86,6.86,,133100.0
2003-08-14,6.86,6.86,6.81,6.82,,409600.0
2003-08-15,6.84,6.84,6.71,6.74,,292800.0
2003-08-18,6.75,6.86,6.75,6.82,,336400.0
2003-08-19,6.83,6.84,6.79,6.83,,362600.0
2003-08-20,6.81,6.86,6.8,6.85,,230900.0
2003-08-21,6.89,6.91,6.83,6.89,,290000.0
2003-08-22,6.89,6.9,6.81,6.81,,947200.0
2003-08-25,6.8,6.8,6.72,6.75,,283800.0
2003-08-26,6.75,6.84,6.68,6.84,,216100.0
2003-08-27,6.8,6.94,6.8,6.94,,328800.0
2003-08-28,6.92,6.95,6.86,6.92,,314500.0
2003-08-29,6.95,7.0,6.9,6.99,,230500.0
2003-09-02,7.1,7.15,6.98,7.15,,622000.0
2003-09-03,7.14,7.23,7.13,7.2,,296900.0
2003-09-04,7.17,7.22,7.14,7.14,,196700.0
2003-09-05,7.02,7.05,7.02,7.03,,770400.0
2003-09-08,7.05,7.05,7.02,7.02,,316200.0
2003-09-09,7.02,7.05,6.96,6.98,,747700.0
2003-09-10,6.96,6.96,6.84,6.86,,357700.0
2003-09-11,6.86,6.92,6.84,6.9,,233100.0
2003-09-12,6.86,6.96,6.84,6.95,,231700.0
2003-09-15,6.94,6.94,6.86,6.89,,443300.0
2003-09-16,6.87,6.91,6.83,6.86,,204000.0
2003-09-17,6.88,6.88,6.8,6.81,,279500.0
2003-09-18,6.84,6.88,6.82,6.85,,462900.0
2003-09-19,6.87,6.9,6.77,6.86,,909800.0
2003-09-22,6.83,6.88,6.8,6.88,,283700.0
2003-09-23,6.89,6.93,6.87,6.91,,257300.0
2003-09-24,6.91,6.94,6.86,6.86,,207100.0
2003-09-25,6.85,6.9,6.82,6.88,,434700.0
2003-09-26,6.89,6.91,6.82,6.88,,705000.0
2003-09-29,6.89,6.94,6.87,6.91,,307600.0
2003-09-30,6.91,7.0,6.86,6.98,,631500.0
2003-10-01,6.98,6.99,6.94,6.99,,311200.0
2003-10-02,7.0,7.01,6.97,6.99,,481700.0
2003-10-03,7.01,7.1,6.97,7.03,,445900.0
2003-10-06,7.03,7.13,7.02,7.13,,446200.0
2003-10-07,7.07,7.09,7.02,7.05,,289100.0
2003-10-08,7.06,7.07,7.0,7.07,,249000.0
2003-10-09,7.1,7.12,7.04,7.1,,328800.0
2003-10-10,7.09,7.11,7.04,7.07,,237400.0
2003-10-13,7.07,7.12,7.07,7.09,,120700.0
2003-10-14,7.1,7.13,7.06,7.13,,536200.0
2003-10-15,7.2,7.2,7.08,7.09,,372500.0
2003-10-16,7.08,7.11,7.04,7.08,,434900.0
2003-10-17,7.16,7.16,7.02,7.09,,600400.0
2003-10-20,7.07,7.14,7.05,7.06,,270300.0
2003-10-21,7.08,7.09,7.01,7.05,,280100.0
2003-10-22,7.03,7.03,6.89,6.89,,268500.0
2003-10-23,6.89,6.92,6.8,6.85,,281600.0
2003-10-24,6.84,6.85,6.74,6.78,,223400.0
2003-10-27,6.73,7.0,6.73,6.93,,704800.0
2003-10-28,6.91,6.97,6.82,6.82,,879400.0
2003-10-29,6.84,6.84,6.78,6.82,,463300.0
2003-10-30,6.83,6.86,6.8,6.83,,626400.0
2003-10-31,6.89,6.89,6.76,6.76,,526200.0
2003-11-03,6.78,6.97,6.78,6.95,,557600.0
2003-11-04,6.91,6.95,6.85,6.89,,278700.0
2003-11-05,6.85,6.92,6.85,6.9,,349800.0
2003-11-06,6.9,6.95,6.87,6.91,,453500.0
2003-11-07,6.94,6.98,6.93,6.96,,407000.0
2003-11-10,6.96,6.97,6.94,6.96,,407500.0
2003-11-11,6.95,6.97,6.93,6.96,,288000.0
2003-11-12,6.96,7.06,6.94,7.06,,260700.0
2003-11-13,7.06,7.06,6.98,7.06,,210300.0
2003-11-14,7.04,7.09,7.02,7.02,,285900.0
2003-11-17,7.04,7.08,6.97,7.08,,342400.0
2003-11-18,7.09,7.15,7.06,7.07,,411700.0
2003-11-19,7.09,7.16,7.06,7.08,,612300.0
2003-11-20,7.07,7.07,6.97,6.99,,411100.0
2003-11-21,7.01,7.02,6.95,7.02,,259600.0
2003-11-24,7.05,7.09,7.02,7.09,,311100.0
2003-11-25,7.1,7.14,7.04,7.13,,410300.0
2003-11-26,7.12,7.16,7.11,7.16,,207400.0
2003-11-28,7.15,7.16,7.14,7.14,,158500.0
2003-12-01,7.16,7.32,7.15,7.32,,501300.0
2003-12-02,7.28,7.3,7.26,7.28,,456000.0
2003-12-03,7.26,7.35,7.24,7.34,,597000.0
2003-12-04,7.34,7.35,7.25,7.25,,303500.0
2003-12-05,7.26,7.3,7.25,7.26,,292100.0
2003-12-08,7.26,7.33,7.26,7.33,,270900.0
2003-12-09,7.34,7.35,7.28,7.35,,272500.0
2003-12-10,7.36,7.38,7.3,7.35,,583100.0
2003-12-11,7.37,7.47,7.35,7.47,,507900.0
2003-12-12,7.45,7.52,7.43,7.47,,282800.0
2003-12-15,7.48,7.55,7.34,7.35,,336400.0
2003-12-16,7.38,7.46,7.34,7.46,,257500.0
2003-12-17,7.44,7.44,7.35,7.37,,258500.0
2003-12-18,7.39,7.45,7.33,7.34,,343000.0
2003-12-19,7.35,7.44,7.33,7.44,,313900.0
2003-12-22,7.4,7.47,7.37,7.47,,249500.0
2003-12-23,7.47,7.47,7.4,7.43,,327700.0
2003-12-24,7.45,7.47,7.43,7.44,,178400.0
2003-12-26,7.47,7.49,7.42,7.42,,90600.0
2003-12-29,7.42,7.49,7.42,7.43,,435600.0
2003-12-30,7.44,7.52,7.44,7.5,,405900.0
2003-12-31,7.51,7.56,7.4,7.44,,416200.0
2004-01-02,7.45,7.5,7.41,7.45,,270900.0
2004-01-05,7.45,7.52,7.45,7.47,,618200.0
2004-01-06,7.46,7.48,7.33,7.36,,520800.0
2004-01-07,7.38,7.41,7.31,7.32,,357700.0
2004-01-08,7.35,7.35,7.29,7.29,,253300.0
2004-01-09,7.3,7.33,7.26,7.32,,311600.0
2004-01-12,7.34,7.34,7.2,7.23,,385400.0
2004-01-13,7.27,7.29,7.14,7.17,,650700.0
2004-01-14,7.21,7.27,7.18,7.27,,585700.0
2004-01-15,7.27,7.27,7.2,7.2,,200400.0
2004-01-16,7.23,7.24,7.14,7.16,,430200.0
2004-01-20,7.18,7.24,7.11,7.15,,599100.0
2004-01-21,7.16,7.18,7.07,7.11,,262700.0
2004-01-22,7.12,7.13,7.03,7.12,,783700.0
2004-01-23,7.12,7.17,7.07,7.12,,316800.0
2004-01-26,7.13,7.13,7.02,7.1,,811400.0
2004-01-27,7.1,7.14,7.08,7.09,,919100.0
2004-01-28,7.12,7.29,7.12,7.2,,454200.0
2004-01-29,7.23,7.24,7.13,7.18,,323900.0
2004-01-30,7.18,7.29,7.14,7.27,,309000.0
2004-02-02,7.37,7.41,7.28,7.41,,543600.0
2004-02-03,7.41,7.46,7.37,7.38,,448600.0
2004-02-04,7.35,7.36,7.25,7.25,,450600.0
2004-02-05,7.25,7.31,7.22,7.31,,492400.0
2004-02-06,7.29,7.45,7.26,7.42,,385300.0
2004-02-09,7.37,7.43,7.29,7.42,,730900.0
2004-02-10,7.44,7.46,7.36,7.46,,448000.0
2004-02-11,7.45,7.54,7.42,7.54,,505700.0
2004-02-12,7.51,7.51,7.39,7.43,,320200.0
2004-02-13,7.4,7.43,7.26,7.31,,357500.0
2004-02-17,7.47,7.48,7.29,7.35,,328300.0
2004-02-18,7.35,7.37,7.28,7.31,,444700.0
2004-02-19,7.34,7.34,7.26,7.3,,373000.0
2004-02-20,7.27,7.33,7.24,7.33,,245900.0
2004-02-23,7.33,7.35,7.27,7.33,,199500.0
2004-02-24,7.34,7.35,7.27,7.34,,455700.0
2004-02-25,7.31,7.37,7.29,7.37,,312700.0
2004-02-26,7.47,7.51,7.39,7.4,,525800.0
2004-02-27,7.42,7.44,7.37,7.42,,403300.0
2004-03-01,7.42,7.55,7.42,7.53,,800100.0
2004-03-02,7.52,7.56,7.51,7.55,,390200.0
2004-03-03,7.55,7.66,7.48,7.63,,485700.0
2004-03-04,7.6,7.64,7.57,7.62,,681300.0
2004-03-05,7.61,7.73,7.6,7.73,,451600.0
2004-03-08,7.71,7.72,7.64,7.66,,459200.0
2004-03-09,7.67,7.68,7.61,7.66,,285000.0
2004-03-10,7.68,7.75,7.59,7.59,,669600.0
2004-03-11,7.62,7.62,7.48,7.48,,475100.0
2004-03-12,7.47,7.59,7.45,7.56,,806900.0
2004-03-15,7.55,7.59,7.42,7.53,,338600.0
2004-03-16,7.51,7.58,7.5,7.57,,346200.0
2004-03-17,7.55,7.68,7.55,7.68,,473300.0
2004-03-18,7.66,7.72,7.61,7.72,,825400.0
2004-03-19,7.72,7.73,7.67,7.7,,278000.0
2004-03-22,7.62,7.68,7.61,7.61,,297000.0
2004-03-23,7.61,7.68,7.57,7.68,,441000.0
2004-03-24,7.68,7.7,7.56,7.57,,596600.0
2004-03-25,7.58,7.65,7.54,7.65,,636600.0
2004-03-26,7.65,7.65,7.48,7.48,,255400.0
2004-03-29,7.48,7.57,7.48,7.57,,381600.0
2004-03-30,7.57,7.62,7.53,7.62,,411300.0
2004-03-31,7.63,7.72,7.6,7.72,,517400.0
2004-04-01,7.73,7.82,7.7,7.82,,733800.0
2004-04-02,7.86,7.86,7.73,7.74,,935200.0
2004-04-05,7.71,7.72,7.38,7.57,,1001000.0
2004-04-06,7.55,7.56,7.34,7.45,,2103900.0
2004-04-07,7.4,7.62,7.28,7.52,,1299700.0
2004-04-08,7.49,7.52,7.42,7.47,,548700.0
2004-04-12,7.47,7.47,7.03,7.18,,916800.0
2004-04-13,7.08,7.27,6.72,7.1,,1326900.0
2004-04-14,7.12,7.22,6.94,7.0,,1011300.0
2004-04-15,7.04,7.26,7.02,7.26,,1190000.0
2004-04-16,7.22,7.32,7.18,7.2,,477600.0
2004-04-19,7.2,7.31,7.06,7.28,,407900.0
2004-04-20,7.3,7.3,7.12,7.12,,985800.0
2004-04-21,7.12,7.22,7.1,7.2,,1446000.0
2004-04-22,7.2,7.42,7.15,7.32,,655200.0
2004-04-23,7.32,7.34,7.17,7.17,,537900.0
2004-04-26,7.19,7.34,7.18,7.29,,458300.0
2004-04-27,7.31,7.42,7.29,7.4,,888700.0
2004-04-28,7.4,7.4,7.3,7.32,,502900.0
2004-04-29,7.36,7.38,7.15,7.19,,581700.0
2004-04-30,7.28,7.31,7.18,7.18,,612500.0
2004-05-03,7.22,7.42,7.17,7.42,,625300.0
2004-05-04,7.4,7.59,7.4,7.53,,1025100.0
2004-05-05,7.55,7.6,7.5,7.52,,547300.0
2004-05-06,7.42,7.67,7.38,7.6,,761100.0
2004-05-07,7.52,7.62,7.37,7.37,,715600.0
2004-05-10,7.32,7.47,7.19,7.42,,714300.0
2004-05-11,7.44,7.6,7.44,7.52,,1003300.0
2004-05-12,7.42,7.47,7.35,7.44,,484200.0
2004-05-13,7.38,7.6,7.36,7.48,,606600.0
2004-05-14,7.4,7.66,7.4,7.57,,272500.0
2004-05-17,7.45,7.65,7.44,7.58,,327000.0
2004-05-18,7.66,7.76,7.6,7.76,,425500.0
2004-05-19,7.74,7.78,7.44,7.47,,757100.0
2004-05-20,7.42,7.64,7.42,7.64,,478400.0
2004-05-21,7.64,7.73,7.53,7.53,,636100.0
2004-05-24,7.6,7.68,7.46,7.54,,629400.0
2004-05-25,7.59,7.73,7.52,7.72,,423300.0
2004-05-26,7.69,7.88,7.67,7.86,,781400.0
2004-05-27,7.99,7.99,7.88,7.93,,689000.0
2004-05-28,7.89,7.99,7.89,7.97,,455400.0
2004-06-01,7.91,7.95,7.8,7.86,,435800.0
2004-06-02,7.92,7.98,7.9,7.98,,854900.0
2004-06-03,7.94,7.98,7.86,7.86,,485300.0
2004-06-04,7.92,7.95,7.84,7.94,,485200.0
2004-06-07,7.97,7.97,7.88,7.89,,470500.0
2004-06-08,7.86,7.93,7.84,7.92,,405000.0
2004-06-09,7.92,7.95,7.86,7.88,,266800.0
2004-06-10,7.92,7.92,7.79,7.81,,488100.0
2004-06-14,7.76,7.76,7.6,7.65,,662500.0
2004-06-15,7.65,7.8,7.65,7.77,,704100.0
2004-06-16,7.73,7.96,7.72,7.88,,1336100.0
2004-06-17,7.84,7.97,7.82,7.95,,553300.0
2004-06-18,7.96,7.96,7.91,7.94,,408300.0
2004-06-21,7.95,7.99,7.91,7.96,,621500.0
2004-06-22,7.97,7.99,7.92,7.93,,442100.0
2004-06-23,7.93,7.96,7.9,7.93,,479600.0
2004-06-24,7.96,7.98,7.88,7.89,,460800.0
2004-06-25,7.88,7.95,7.88,7.92,,503400.0
2004-06-28,7.97,7.97,7.9,7.93,,471100.0
2004-06-29,7.92,7.93,7.75,7.75,,1109000.0
2004-06-30,7.75,7.94,7.73,7.91,,896600.0
2004-07-01,7.91,7.95,7.8,7.89,,458000.0
2004-07-02,7.95,7.98,7.9,7.95,,481400.0
2004-07-06,7.97,7.98,7.84,7.88,,544800.0
2004-07-07,7.96,7.99,7.88,7.92,,675900.0
2004-07-08,7.94,7.95,7.88,7.92,,570900.0
2004-07-09,7.92,7.92,7.79,7.82,,378000.0
2004-07-12,7.87,7.95,7.8,7.94,,363400.0
2004-07-13,7.94,7.97,7.81,7.88,,705700.0
2004-07-14,7.83,7.93,7.8,7.91,,617500.0
2004-07-15,7.91,8.03,7.91,8.01,,819800.0
2004-07-16,8.03,8.09,7.98,8.0,,224400.0
2004-07-19,7.99,8.08,7.93,8.07,,344300.0
2004-07-20,8.1,8.13,8.04,8.12,,478800.0
2004-07-21,8.16,8.18,8.06,8.08,,712200.0
2004-07-22,8.09,8.09,7.89,7.89,,520800.0
2004-07-23,7.88,7.94,7.82,7.83,,337000.0
2004-07-26,7.86,7.87,7.73,7.75,,356600.0
2004-07-27,7.74,7.83,7.67,7.74,,361400.0
2004-07-28,7.69,7.82,7.64,7.78,,339500.0
2004-07-29,7.79,7.87,7.74,7.77,,365900.0
2004-07-30,7.78,7.87,7.75,7.87,,641600.0
2004-08-02,7.9,8.05,7.84,8.05,,713300.0
2004-08-03,8.03,8.08,7.98,8.04,,639900.0
2004-08-04,8.03,8.15,7.98,8.15,,513700.0
2004-08-05,8.15,8.17,8.01,8.01,,382400.0
2004-08-06,8.02,8.12,7.98,8.02,,599300.0
2004-08-09,8.02,8.12,8.02,8.1,,369800.0
2004-08-10,8.16,8.19,8.12,8.16,,428700.0
2004-08-11,8.12,8.19,8.1,8.18,,243000.0
2004-08-12,8.16,8.19,8.06,8.1,,220800.0
2004-08-13,8.07,8.11,8.04,8.07,,152800.0
2004-08-16,8.03,8.14,8.03,8.12,,378300.0
2004-08-17,8.16,8.21,8.14,8.21,,668000.0
2004-08-18,8.19,8.32,8.16,8.31,,759600.0
2004-08-19,8.31,8.31,8.16,8.16,,486700.0
2004-08-20,8.18,8.36,8.16,8.36,,630800.0
2004-08-23,8.32,8.42,8.27,8.37,,234400.0
2004-08-24,8.4,8.51,8.38,8.51,,335100.0
2004-08-25,8.45,8.52,8.44,8.47,,342100.0
2004-08-26,8.45,8.51,8.43,8.44,,612400.0
2004-08-27,8.44,8.54,8.44,8.53,,402600.0
2004-08-30,8.52,8.64,8.52,8.6,,367500.0
2004-08-31,8.56,8.68,8.55,8.62,,459800.0
2004-09-01,8.58,8.67,8.52,8.58,,319500.0
2004-09-02,8.52,8.57,8.48,8.56,,296000.0
2004-09-03,8.54,8.62,8.51,8.62,,303800.0
2004-09-07,8.6,8.66,8.35,8.38,,2438600.0
2004-09-08,8.32,8.41,8.27,8.32,,1045200.0
2004-09-09,8.34,8.36,8.18,8.18,,741100.0
2004-09-10,8.18,8.2,8.11,8.14,,1223100.0
2004-09-13,8.15,8.18,8.02,8.02,,494100.0
2004-09-14,8.01,8.03,7.93,7.95,,759200.0
2004-09-15,7.93,8.06,7.91,8.02,,695200.0
2004-09-16,8.01,8.11,8.01,8.1,,742700.0
2004-09-17,8.06,8.09,7.99,8.02,,619700.0
2004-09-20,8.02,8.02,7.93,7.96,,687800.0
2004-09-21,7.97,8.0,7.93,7.97,,474600.0
2004-09-22,7.93,7.94,7.82,7.83,,588900.0
2004-09-23,7.8,7.89,7.8,7.85,,408800.0
2004-09-24,7.86,7.93,7.84,7.87,,347000.0
2004-09-27,7.87,7.95,7.84,7.93,,541700.0
2004-09-28,7.93,8.01,7.91,8.01,,437200.0
2004-09-29,8.03,8.03,7.95,7.96,,370400.0
2004-09-30,7.93,8.08,7.91,8.05,,674200.0
2004-10-01,8.07,8.25,8.03,8.23,,631800.0
2004-10-04,8.23,8.26,8.12,8.15,,676100.0
2004-10-05,8.16,8.16,8.09,8.09,,558300.0
2004-10-06,8.11,8.14,8.1,8.11,,511500.0
2004-10-07,8.12,8.12,8.03,8.03,,428800.0
2004-10-08,8.03,8.13,8.03,8.11,,588100.0
2004-10-11,8.11,8.12,8.05,8.06,,287900.0
2004-10-12,8.02,8.14,7.97,8.14,,370700.0
2004-10-13,8.21,8.21,8.08,8.08,,392100.0
2004-10-14,8.06,8.18,8.04,8.18,,428200.0
2004-10-15,8.2,8.28,8.17,8.2,,397700.0
2004-10-18,8.2,8.34,8.2,8.28,,511900.0
2004-10-19,8.28,8.4,8.2,8.2,,868600.0
2004-10-20,8.2,8.26,8.08,8.22,,751100.0
2004-10-21,8.24,8.31,8.18,8.28,,602900.0
2004-10-22,8.2,8.33,8.2,8.25,,386800.0
2004-10-25,8.25,8.25,8.17,8.2,,736000.0
2004-10-26,8.2,8.36,8.13,8.33,,387700.0
2004-10-27,8.38,8.59,8.38,8.59,,1303300.0
2004-10-28,8.59,8.63,8.5,8.62,,403200.0
2004-10-29,8.62,8.77,8.62,8.68,,1566200.0
2004-11-01,8.75,8.78,8.66,8.78,,507800.0
2004-11-02,8.84,8.85,8.75,8.79,,859700.0
2004-11-03,8.88,8.96,8.88,8.91,,589000.0
2004-11-04,8.88,9.1,8.84,9.1,,573000.0
2004-11-05,9.1,9.1,8.89,9.01,,1213100.0
2004-11-08,8.9,9.08,8.9,9.06,,660000.0
2004-11-09,9.06,9.17,9.03,9.11,,654700.0
2004-11-10,9.08,9.2,9.08,9.16,,318700.0
2004-11-11,9.14,9.23,9.13,9.23,,378000.0
2004-11-12,9.17,9.55,9.16,9.54,,713500.0
2004-11-15,9.56,9.58,9.43,9.51,,610400.0
2004-11-16,9.51,9.55,9.32,9.37,,513600.0
2004-11-17,9.37,9.48,9.26,9.3,,537900.0
2004-11-18,9.34,9.4,9.17,9.3,,330800.0
2004-11-19,9.3,9.3,9.13,9.17,,330700.0
2004-11-22,9.19,9.29,9.14,9.23,,316000.0
2004-11-23,9.23,9.37,9.17,9.37,,491200.0
2004-11-24,9.43,9.51,9.39,9.39,,515600.0
2004-11-26,9.42,9.46,9.32,9.34,,113400.0
2004-11-29,9.37,9.46,9.29,9.37,,373300.0
2004-11-30,9.41,9.47,9.32,9.47,,332500.0
2004-12-01,9.47,9.71,9.38,9.65,,545300.0
2004-12-02,9.6,9.6,9.48,9.59,,566400.0
2004-12-03,9.63,9.8,9.6,9.8,,324300.0
2004-12-06,9.8,9.85,9.59,9.77,,596300.0
2004-12-07,9.74,9.78,9.65,9.68,,404700.0
2004-12-08,9.66,9.73,9.6,9.65,,290100.0
2004-12-09,9.61,9.82,9.59,9.82,,409600.0
2004-12-10,9.8,10.01,9.74,9.97,,467800.0
2004-12-13,10.01,10.01,9.93,9.98,,366100.0
2004-12-14,9.98,10.04,9.93,9.99,,428400.0
2004-12-15,9.98,10.0,9.84,9.96,,457500.0
2004-12-16,9.97,10.04,9.76,9.76,,396700.0
2004-12-17,9.76,9.97,9.64,9.9,,715600.0
2004-12-20,9.91,9.93,9.76,9.86,,291300.0
2004-12-21,9.82,10.06,9.82,10.04,,701700.0
2004-12-22,9.99,10.13,9.97,10.13,,339300.0
2004-12-23,10.13,10.14,9.99,9.99,,282600.0
2004-12-27,9.99,10.05,9.93,10.01,,333000.0
2004-12-28,9.98,10.05,9.98,10.04,,319700.0
2004-12-29,10.07,10.09,10.01,10.08,,177800.0
2004-12-30,10.08,10.16,9.99,10.14,,247900.0
2004-12-31,10.11,10.21,10.1,10.21,,461300.0
2005-01-03,10.16,10.19,9.95,10.11,,707700.0
2005-01-04,10.14,10.16,9.85,9.93,,485000.0
2005-01-05,9.9,9.9,9.51,9.59,,1155800.0
2005-01-06,9.59,9.72,9.59,9.59,,678600.0
2005-01-07,9.64,9.66,9.48,9.53,,528500.0
2005-01-10,9.54,9.55,9.35,9.45,,524600.0
2005-01-11,9.39,9.47,9.29,9.32,,450900.0
2005-01-12,9.35,9.36,9.06,9.32,,634600.0
2005-01-13,9.3,9.49,9.25,9.3,,739900.0
2005-01-14,9.3,9.44,9.3,9.39,,281900.0
2005-01-18,9.32,9.51,9.27,9.51,,636900.0
2005-01-19,9.58,9.62,9.46,9.52,,364800.0
2005-01-20,9.44,9.53,9.37,9.46,,468200.0
2005-01-21,9.44,9.61,9.38,9.55,,556200.0
2005-01-24,9.55,9.59,9.34,9.34,,406100.0
2005-01-25,9.37,9.38,9.1,9.1,,395800.0
2005-01-26,9.18,9.23,9.11,9.2,,647800.0
2005-01-27,9.16,9.21,9.0,9.06,,540800.0
2005-01-28,9.08,9.26,9.07,9.21,,583400.0
2005-01-31,9.39,9.39,9.14,9.27,,792800.0
2005-02-01,9.28,9.49,9.24,9.41,,747700.0
2005-02-02,9.4,9.52,9.4,9.49,,847000.0
2005-02-03,9.49,9.5,9.28,9.28,,650600.0
2005-02-04,9.37,9.5,9.37,9.47,,759400.0
2005-02-07,9.58,9.59,9.33,9.34,,673400.0
2005-02-08,9.35,9.47,9.29,9.36,,392900.0
2005-02-09,9.33,9.38,9.28,9.32,,796100.0
2005-02-10,9.38,9.53,9.33,9.46,,618800.0
2005-02-11,9.5,9.54,9.37,9.42,,742800.0
2005-02-14,9.43,9.51,9.34,9.39,,884500.0
2005-02-15,9.39,9.51,9.37,9.43,,816800.0
2005-02-16,9.43,9.46,9.36,9.43,,755500.0
2005-02-17,9.43,9.51,9.35,9.41,,940800.0
2005-02-18,9.41,9.41,9.33,9.39,,355000.0
2005-02-22,9.39,9.39,9.07,9.09,,375300.0
2005-02-23,9.38,9.38,9.1,9.13,,785800.0
2005-02-24,9.16,9.16,9.03,9.08,,460600.0
2005-02-25,9.05,9.2,9.05,9.18,,543300.0
2005-02-28,9.18,9.25,9.02,9.22,,874600.0
2005-03-01,9.22,9.34,9.22,9.33,,649900.0
2005-03-02,9.28,9.3,9.19,9.28,,436400.0
2005-03-03,9.31,9.42,9.3,9.39,,654700.0
2005-03-04,9.42,9.55,9.39,9.54,,647100.0
2005-03-07,9.52,9.62,9.46,9.61,,628700.0
2005-03-08,9.58,9.6,9.47,9.51,,410800.0
2005-03-09,9.47,9.48,9.2,9.2,,318000.0
2005-03-10,9.3,9.36,9.2,9.26,,332600.0
2005-03-11,9.26,9.27,9.15,9.16,,318800.0
2005-03-14,9.21,9.38,9.19,9.38,,311700.0
2005-03-15,9.4,9.51,9.29,9.34,,663200.0
2005-03-16,9.27,9.35,9.18,9.19,,283800.0
2005-03-17,9.22,9.28,9.14,9.22,,464900.0
2005-03-18,9.23,9.26,9.1,9.16,,648600.0
2005-03-21,9.19,9.19,9.01,9.06,,320000.0
2005-03-22,9.07,9.18,8.76,8.85,,593000.0
2005-03-23,8.8,8.83,8.57,8.75,,727300.0
2005-03-24,8.79,9.01,8.71,8.71,,524300.0
2005-03-28,8.76,8.78,8.63,8.68,,458000.0
2005-03-29,8.64,8.85,8.62,8.62,,640900.0
2005-03-30,8.6,8.76,8.6,8.68,,756100.0
2005-03-31,8.68,8.82,8.68,8.71,,810500.0
2005-04-01,8.92,8.96,8.66,8.7,,702300.0
2005-04-04,8.74,8.75,8.64,8.7,,629900.0
2005-04-05,8.71,8.76,8.63,8.67,,604700.0
2005-04-06,8.71,8.75,8.66,8.7,,360100.0
2005-04-07,8.67,8.85,8.66,8.85,,380000.0
2005-04-08,8.88,8.88,8.75,8.75,,266700.0
2005-04-11,8.79,8.85,8.74,8.82,,368500.0
2005-04-12,8.76,8.95,8.72,8.93,,792500.0
2005-04-13,8.97,8.99,8.92,8.93,,1324400.0
2005-04-14,8.9,8.95,8.78,8.78,,531800.0
2005-04-15,8.75,8.88,8.73,8.73,,399800.0
2005-04-18,8.74,8.86,8.7,8.82,,489100.0
2005-04-19,8.89,8.95,8.85,8.94,,683800.0
2005-04-20,8.91,8.95,8.81,8.91,,547600.0
2005-04-21,9.01,9.02,8.83,8.96,,537100.0
2005-04-22,9.0,9.15,8.95,9.15,,803800.0
2005-04-25,9.2,9.37,9.15,9.35,,886300.0
2005-04-26,9.35,9.47,9.32,9.33,,487400.0
2005-04-27,9.37,9.47,9.32,9.42,,454700.0
2005-04-28,9.46,9.47,9.32,9.37,,429800.0
2005-04-29,9.39,9.44,9.31,9.37,,593000.0
2005-05-02,9.4,9.46,9.33,9.43,,515700.0
2005-05-03,9.45,9.47,9.34,9.39,,641600.0
2005-05-04,9.39,9.47,9.37,9.47,,395900.0
2005-05-05,9.5,9.65,9.46,9.59,,1776200.0
2005-05-06,9.6,9.64,9.43,9.56,,456700.0
2005-05-09,9.56,9.73,9.54,9.73,,430500.0
2005-05-10,9.67,9.73,9.61,9.68,,426000.0
2005-05-11,9.67,9.77,9.59,9.77,,587100.0
2005-05-12,9.8,9.81,9.68,9.74,,961500.0
2005-05-13,9.81,9.82,9.65,9.72,,445700.0
2005-05-16,9.75,9.87,9.74,9.87,,945600.0
2005-05-17,9.87,9.87,9.76,9.87,,570900.0
2005-05-18,9.93,9.98,9.89,9.97,,542000.0
2005-05-19,9.97,10.14,9.97,10.14,,506300.0
2005-05-20,10.14,10.14,10.01,10.05,,710600.0
2005-05-23,10.05,10.07,10.0,10.04,,380800.0
2005-05-24,10.01,10.03,9.83,9.87,,481200.0
2005-05-25,9.82,9.84,9.72,9.72,,302900.0
2005-05-26,9.72,9.86,9.64,9.65,,361800.0
2005-05-27,9.65,9.72,9.64,9.69,,377400.0
2005-05-31,9.69,9.79,9.67,9.75,,602500.0
2005-06-01,9.8,9.86,9.73,9.8,,1833100.0
2005-06-02,9.8,9.83,9.72,9.75,,571700.0
2005-06-03,9.76,9.86,9.71,9.72,,696300.0
2005-06-06,9.78,9.87,9.74,9.86,,425000.0
2005-06-07,9.87,10.03,9.85,9.94,,629800.0
2005-06-08,10.01,10.04,9.91,9.93,,700200.0
2005-06-09,9.94,9.94,9.84,9.88,,464600.0
2005-06-10,9.88,9.96,9.86,9.88,,401100.0
2005-06-13,9.86,9.96,9.83,9.94,,456700.0
2005-06-14,9.94,9.99,9.91,9.94,,701400.0
2005-06-15,9.95,10.01,9.92,10.0,,781500.0
2005-06-16,10.0,10.05,9.89,10.03,,532400.0
2005-06-17,10.05,10.18,10.03,10.16,,1431400.0
2005-06-20,10.16,10.22,10.13,10.19,,309400.0
2005-06-21,10.21,10.21,10.03,10.1,,314900.0
2005-06-22,10.08,10.2,10.05,10.11,,252500.0
2005-06-23,10.13,10.2,10.1,10.16,,466400.0
2005-06-24,10.13,10.22,10.05,10.16,,492100.0
2005-06-27,10.15,10.15,10.01,10.01,,280700.0
2005-06-28,10.03,10.04,9.72,10.01,,591900.0
2005-06-29,10.05,10.15,10.04,10.06,,428600.0
2005-06-30,10.1,10.18,10.01,10.18,,721800.0
2005-07-01,10.16,10.27,10.12,10.27,,338000.0
2005-07-05,10.23,10.36,10.23,10.3,,659800.0
2005-07-06,10.3,10.35,10.23,10.25,,798400.0
2005-07-07,10.21,10.33,10.17,10.31,,365000.0
2005-07-08,10.32,10.47,10.24,10.38,,848900.0
2005-07-11,10.35,10.53,10.35,10.48,,969900.0
2005-07-12,10.46,10.56,10.45,10.53,,513300.0
2005-07-13,10.55,10.58,10.44,10.49,,1428400.0
2005-07-14,10.5,10.56,10.28,10.31,,465800.0
2005-07-15,10.31,10.39,10.26,10.36,,763800.0
2005-07-18,10.31,10.44,10.27,10.34,,384300.0
2005-07-19,10.37,10.49,10.34,10.44,,287800.0
2005-07-20,10.4,10.49,10.37,10.46,,478600.0
2005-07-21,10.46,10.49,10.24,10.35,,1014900.0
2005-07-22,10.37,10.48,10.34,10.47,,295400.0
2005-07-25,10.43,10.55,10.43,10.55,,359900.0
2005-07-26,10.58,10.69,10.52,10.67,,537200.0
2005-07-27,10.69,10.77,10.61,10.74,,809800.0
2005-07-28,10.64,10.97,10.63,10.85,,598500.0
2005-07-29,10.86,10.91,10.75,10.9,,741100.0
2005-08-01,10.97,10.97,10.83,10.93,,445400.0
2005-08-02,10.93,11.08,10.92,11.07,,465000.0
2005-08-03,11.12,11.12,11.02,11.07,,513100.0
2005-08-04,11.07,11.07,10.91,10.92,,564600.0
2005-08-05,10.87,10.87,10.36,10.46,,754100.0
2005-08-08,10.4,10.41,10.03,10.04,,609600.0
2005-08-09,10.01,10.27,10.01,10.12,,641600.0
2005-08-10,10.25,10.31,10.17,10.21,,625700.0
2005-08-11,10.16,10.26,10.13,10.25,,499000.0
2005-08-12,10.25,10.35,10.14,10.3,,448200.0
2005-08-15,10.58,10.6,10.33,10.46,,712500.0
2005-08-16,10.4,10.52,10.34,10.42,,878500.0
2005-08-17,10.46,10.52,10.26,10.27,,518600.0
2005-08-18,10.22,10.25,10.11,10.13,,471600.0
2005-08-19,10.14,10.16,10.02,10.04,,343100.0
2005-08-22,10.09,10.13,9.95,10.08,,459800.0
2005-08-23,10.13,10.24,10.09,10.11,,480300.0
2005-08-24,10.14,10.21,10.01,10.02,,810400.0
2005-08-25,10.07,10.13,10.01,10.1,,468200.0
2005-08-26,10.1,10.13,9.9,9.92,,520700.0
2005-08-29,9.88,9.96,9.78,9.92,,406300.0
2005-08-30,9.94,9.95,9.83,9.89,,567300.0
2005-08-31,9.87,10.16,9.87,10.14,,801700.0
2005-09-01,10.16,10.33,10.12,10.17,,750900.0
2005-09-02,10.21,10.29,10.04,10.16,,372800.0
2005-09-06,10.2,10.43,10.17,10.42,,517100.0
2005-09-07,10.43,10.43,10.21,10.28,,398700.0
2005-09-08,10.25,10.34,10.2,10.28,,514900.0
2005-09-09,10.32,10.4,10.32,10.4,,425200.0
2005-09-12,10.4,10.4,10.3,10.37,,279400.0
2005-09-13,10.34,10.34,10.18,10.28,,362400.0
2005-09-14,10.29,10.34,10.28,10.29,,432300.0
2005-09-15,10.28,10.31,10.19,10.26,,686100.0
2005-09-16,10.34,10.34,10.19,10.31,,1115900.0
2005-09-19,10.28,10.34,10.24,10.29,,686300.0
2005-09-20,10.38,10.43,10.16,10.22,,418400.0
2005-09-21,10.16,10.18,9.99,10.03,,416600.0
2005-09-22,9.97,10.03,9.8,10.01,,550000.0
2005-09-23,10.01,10.04,9.89,9.98,,241600.0
2005-09-26,10.02,10.04,9.94,9.97,,363700.0
2005-09-27,9.98,10.02,9.82,9.9,,457300.0
2005-09-28,9.9,9.96,9.77,9.83,,438400.0
2005-09-29,9.82,9.91,9.72,9.88,,752200.0
2005-09-30,9.89,10.16,9.87,10.15,,643000.0
2005-10-03,10.16,10.27,10.09,10.19,,502600.0
2005-10-04,10.19,10.19,10.02,10.04,,727000.0
2005-10-05,10.0,10.0,9.69,9.69,,693700.0
2005-10-06,9.69,9.72,9.17,9.49,,1753500.0
2005-10-07,9.49,9.49,9.24,9.38,,900400.0
2005-10-10,9.37,9.45,9.32,9.37,,701600.0
2005-10-11,9.39,9.43,9.22,9.25,,620300.0
2005-10-12,9.18,9.29,9.08,9.17,,602100.0
2005-10-13,9.1,9.3,9.07,9.28,,1086300.0
2005-10-14,9.36,9.58,9.34,9.57,,926900.0
2005-10-17,9.57,9.64,9.52,9.61,,480400.0
2005-10-18,9.64,9.76,9.55,9.56,,943700.0
2005-10-19,9.56,9.61,9.38,9.59,,949600.0
2005-10-20,9.58,9.61,9.37,9.38,,1349800.0
2005-10-21,9.41,9.52,9.34,9.45,,844500.0
2005-10-24,9.48,9.75,9.48,9.62,,650700.0
2005-10-25,9.56,9.66,9.45,9.64,,1145700.0
2005-10-26,9.6,9.62,9.35,9.38,,1672800.0
2005-10-27,9.38,9.41,9.12,9.25,,2331600.0
2005-10-28,9.34,9.59,9.31,9.58,,1370300.0
2005-10-31,9.69,9.71,9.56,9.61,,790800.0
2005-11-01,9.57,9.57,9.32,9.39,,1024200.0
2005-11-02,9.39,9.55,9.24,9.54,,709200.0
2005-11-03,9.56,9.61,9.38,9.42,,604400.0
2005-11-04,9.42,9.44,9.26,9.43,,449300.0
2005-11-07,9.45,9.52,9.38,9.47,,429400.0
2005-11-08,9.41,9.45,9.3,9.41,,546200.0
2005-11-09,9.41,9.55,9.41,9.45,,635400.0
2005-11-10,9.46,9.54,9.34,9.51,,813900.0
2005-11-11,9.51,9.56,9.46,9.55,,1103700.0
2005-11-14,9.57,9.6,9.52,9.56,,615200.0
2005-11-15,9.56,9.62,9.51,9.58,,600200.0
2005-11-16,9.6,9.62,9.53,9.57,,662300.0
2005-11-17,9.6,9.71,9.53,9.7,,513300.0
2005-11-18,9.72,9.76,9.65,9.75,,507200.0
2005-11-21,9.73,9.83,9.69,9.81,,714800.0
2005-11-22,9.79,9.88,9.71,9.87,,800200.0
2005-11-23,9.87,9.97,9.82,9.97,,1100700.0
2005-11-25,9.97,9.99,9.9,9.98,,104800.0
2005-11-28,9.96,9.97,9.83,9.86,,596900.0
2005-11-29,9.87,9.89,9.74,9.74,,531200.0
2005-11-30,9.76,9.84,9.66,9.73,,954400.0
2005-12-01,9.77,10.0,9.77,9.99,,757200.0
2005-12-02,9.99,10.08,9.91,10.08,,725100.0
2005-12-05,10.06,10.1,9.99,10.03,,802400.0
2005-12-06,10.04,10.08,9.98,10.0,,835300.0
2005-12-07,9.99,10.01,9.96,9.99,,604300.0
2005-12-08,10.01,10.14,10.0,10.06,,954000.0
2005-12-09,10.02,10.15,10.01,10.07,,439300.0
2005-12-12,10.14,10.2,10.07,10.11,,570200.0
2005-12-13,10.08,10.22,10.06,10.21,,683100.0
2005-12-14,10.21,10.26,10.15,10.21,,4541200.0
2005-12-15,10.24,10.25,10.1,10.11,,836100.0
2005-12-16,10.14,10.2,10.12,10.17,,1141400.0
2005-12-19,10.17,10.17,10.03,10.04,,805600.0
2005-12-20,9.99,10.06,9.99,10.02,,804400.0
2005-12-21,10.02,10.13,10.0,10.13,,833400.0
2005-12-22,10.13,10.21,10.01,10.19,,544800.0
2005-12-23,10.2,10.24,10.17,10.2,,408900.0
2005-12-27,10.23,10.28,10.19,10.2,,377500.0
2005-12-28,10.21,10.24,10.17,10.22,,663200.0
2005-12-29,10.22,10.25,10.18,10.21,,1002000.0
2005-12-30,10.21,10.24,10.13,10.18,,857900.0
2006-01-03,10.24,10.46,10.17,10.4,,1142500.0
2006-01-04,10.38,10.44,10.34,10.4,,1410100.0
2006-01-05,10.48,10.63,10.38,10.51,,1349500.0
2006-01-06,10.61,10.66,10.54,10.65,,853000.0
2006-01-09,10.7,10.77,10.67,10.73,,681800.0
2006-01-10,10.72,10.93,10.7,10.87,,885000.0
2006-01-11,10.95,11.01,10.87,10.93,,1482000.0
2006-01-12,10.89,11.32,10.87,10.9,,918700.0
2006-01-13,11.22,11.22,10.8,10.81,,1536300.0
2006-01-17,10.81,10.86,10.77,10.82,,774900.0
2006-01-18,10.77,10.91,10.77,10.86,,870400.0
2006-01-19,10.86,11.06,10.86,11.06,,638600.0
2006-01-20,11.05,11.07,10.91,10.93,,1128500.0
2006-01-23,10.94,11.03,10.93,11.0,,581600.0
2006-01-24,11.0,11.08,10.96,11.04,,831100.0
2006-01-25,11.04,11.11,10.98,11.04,,874200.0
2006-01-26,11.0,11.07,10.98,11.05,,706000.0
2006-01-27,11.08,11.23,11.07,11.21,,749600.0
2006-01-30,11.24,11.24,11.19,11.22,,651200.0
2006-01-31,11.07,11.22,11.07,11.17,,1283000.0
2006-02-01,11.13,11.31,11.12,11.3,,1152100.0
2006-02-02,11.26,11.29,11.2,11.24,,1452200.0
2006-02-03,11.17,11.2,11.0,11.13,,1040700.0
2006-02-06,11.12,11.19,11.09,11.18,,304600.0
2006-02-07,11.18,11.18,10.93,10.94,,1212500.0
2006-02-08,10.99,11.0,10.8,10.88,,1028800.0
2006-02-09,10.87,10.96,10.83,10.93,,773100.0
2006-02-10,10.9,11.02,10.88,10.99,,717100.0
2006-02-13,10.95,11.03,10.95,11.0,,566600.0
2006-02-14,11.02,11.07,10.92,11.07,,458600.0
2006-02-15,11.08,11.34,11.08,11.33,,821200.0
2006-02-16,11.33,11.53,11.33,11.52,,989600.0
2006-02-17,11.54,11.74,11.51,11.7,,668400.0
2006-02-21,11.67,11.77,11.64,11.65,,982700.0
2006-02-22,11.68,11.92,11.64,11.89,,688800.0
2006-02-23,11.91,11.91,11.84,11.86,,734800.0
2006-02-24,11.85,11.86,11.77,11.81,,587800.0
2006-02-27,11.83,11.96,11.77,11.85,,283000.0
2006-02-28,11.79,11.87,11.74,11.76,,598600.0
2006-03-01,11.76,11.79,11.69,11.79,,456700.0
2006-03-02,11.76,11.79,11.69,11.76,,631400.0
2006-03-03,11.72,11.78,11.67,11.71,,636500.0
2006-03-06,11.75,11.98,11.73,11.98,,1068900.0
2006-03-07,11.98,11.98,11.78,11.81,,584900.0
2006-03-08,11.8,11.88,11.72,11.88,,790900.0
2006-03-09,11.91,12.07,11.86,12.01,,713200.0
2006-03-10,12.06,12.17,11.99,12.06,,751800.0
2006-03-13,12.03,12.11,11.94,12.01,,681500.0
2006-03-14,11.99,12.18,11.99,12.14,,474600.0
2006-03-15,12.18,12.38,12.17,12.35,,745000.0
2006-03-16,12.35,12.58,12.35,12.47,,719300.0
2006-03-17,12.51,12.72,12.47,12.72,,870100.0
2006-03-20,12.74,12.75,12.53,12.58,,575600.0
2006-03-21,12.54,12.63,12.34,12.34,,596400.0
2006-03-22,12.28,12.46,12.28,12.42,,386400.0
2006-03-23,12.42,12.54,12.39,12.48,,327600.0
2006-03-24,12.43,12.45,12.29,12.34,,495900.0
2006-03-27,12.32,12.35,12.18,12.26,,539800.0
2006-03-28,12.26,12.57,12.25,12.54,,630700.0
2006-03-29,12.65,12.77,12.65,12.72,,753400.0
2006-03-30,12.68,12.74,12.42,12.47,,432000.0
2006-03-31,12.5,12.57,12.38,12.55,,530800.0
2006-04-03,12.56,12.67,12.42,12.43,,544300.0
2006-04-04,12.42,12.43,12.28,12.34,,557000.0
2006-04-05,12.34,12.48,12.34,12.47,,681900.0
2006-04-06,12.47,12.51,12.31,12.36,,755800.0
2006-04-07,12.36,12.41,12.21,12.24,,622800.0
2006-04-10,12.24,12.32,11.96,12.11,,1716000.0
2006-04-11,12.17,12.33,12.15,12.15,,1103000.0
2006-04-12,12.16,12.26,12.12,12.17,,338000.0
2006-04-13,12.11,12.12,11.97,11.97,,491600.0
2006-04-17,11.95,12.03,11.93,11.95,,468800.0
2006-04-18,12.03,12.27,11.99,12.22,,1003300.0
2006-04-19,12.22,12.5,12.22,12.43,,886600.0
2006-04-20,12.41,12.47,12.27,12.39,,670600.0
2006-04-21,12.5,12.52,12.39,12.48,,680300.0
2006-04-24,12.42,12.54,12.39,12.54,,468900.0
2006-04-25,12.54,12.54,12.25,12.28,,892600.0
2006-04-26,12.39,12.41,12.15,12.15,,1344900.0
2006-04-27,12.15,12.24,12.07,12.14,,1596800.0
2006-04-28,12.14,12.25,12.07,12.09,,1134200.0
2006-05-01,12.14,12.23,12.03,12.04,,863900.0
2006-05-02,12.04,12.04,11.75,11.87,,1088900.0
2006-05-03,11.92,11.98,11.79,11.82,,1100600.0
2006-05-04,11.86,12.09,11.86,12.05,,782100.0
2006-05-05,12.16,12.23,12.07,12.17,,638300.0
2006-05-08,12.18,12.31,12.16,12.28,,1000800.0
2006-05-09,12.28,12.42,12.27,12.39,,607700.0
2006-05-10,12.39,12.42,12.31,12.35,,692500.0
2006-05-11,12.41,12.45,12.23,12.24,,875200.0
2006-05-12,12.18,12.19,11.95,11.97,,552000.0
2006-05-15,11.95,12.1,11.87,12.07,,737200.0
2006-05-16,12.07,12.14,12.03,12.05,,371000.0
2006-05-17,11.94,11.98,11.82,11.84,,881600.0
2006-05-18,11.88,11.99,11.74,11.75,,499800.0
2006-05-19,11.82,11.88,11.55,11.81,,2557700.0
2006-05-22,11.81,11.81,11.49,11.62,,828300.0
2006-05-23,11.62,11.68,11.46,11.47,,741300.0
2006-05-24,11.43,11.6,11.34,11.49,,903700.0
2006-05-25,11.56,11.85,11.38,11.77,,1400500.0
2006-05-26,11.85,11.95,11.78,11.95,,697200.0
2006-05-30,11.95,12.07,11.9,11.95,,1141400.0
2006-05-31,11.99,12.1,11.88,12.01,,4213100.0
2006-06-01,12.01,12.28,11.98,12.28,,1242800.0
2006-06-02,12.28,12.42,12.2,12.35,,1203000.0
2006-06-05,12.36,12.53,12.3,12.32,,778400.0
2006-06-06,12.36,12.39,12.21,12.23,,457000.0
2006-06-07,12.22,12.39,12.16,12.34,,553000.0
2006-06-08,12.34,12.35,12.08,12.19,,810800.0
2006-06-09,12.23,12.35,12.17,12.33,,317100.0
2006-06-12,12.31,12.32,12.04,12.04,,1211700.0
2006-06-13,12.03,12.15,11.94,11.95,,910700.0
2006-06-14,11.93,11.95,11.81,11.9,,609600.0
2006-06-15,11.93,12.16,11.89,12.16,,689100.0
2006-06-16,12.18,12.18,12.01,12.04,,588300.0
2006-06-19,12.05,12.07,11.87,11.91,,459700.0
2006-06-20,11.89,11.94,11.82,11.84,,532900.0
2006-06-21,11.85,11.96,11.8,11.95,,406300.0
2006-06-22,11.9,11.95,11.79,11.85,,671500.0
2006-06-23,11.85,11.91,11.77,11.88,,416700.0
2006-06-26,11.93,11.95,11.84,11.95,,450800.0
2006-06-27,11.93,11.98,11.89,11.91,,598300.0
2006-06-28,11.93,12.01,11.86,12.0,,415800.0
2006-06-29,12.01,12.3,11.97,12.3,,964700.0
2006-06-30,12.31,12.46,12.25,12.46,,1047300.0
2006-07-03,12.46,12.62,12.42,12.59,,407200.0
2006-07-05,12.59,12.65,12.44,12.64,,598700.0
2006-07-06,12.67,12.67,12.56,12.62,,367700.0
2006-07-07,12.57,12.62,12.47,12.52,,427300.0
2006-07-10,12.52,12.67,12.52,12.65,,247400.0
2006-07-11,12.65,12.74,12.58,12.71,,425700.0
2006-07-12,12.69,12.75,12.56,12.59,,613900.0
2006-07-13,12.55,12.59,12.4,12.43,,812500.0
2006-07-14,12.41,12.43,12.21,12.24,,505700.0
2006-07-17,12.24,12.31,12.15,12.23,,405300.0
2006-07-18,12.19,12.33,12.19,12.32,,640800.0
2006-07-19,12.36,12.5,12.34,12.48,,548300.0
2006-07-20,12.5,12.5,12.33,12.34,,336000.0
2006-07-21,12.35,12.35,12.13,12.13,,429600.0
2006-07-24,12.21,12.38,12.13,12.35,,447100.0
2006-07-25,12.36,12.41,12.28,12.36,,411200.0
2006-07-26,12.37,12.44,12.34,12.44,,510300.0
2006-07-27,12.49,12.54,12.38,12.39,,464700.0
2006-07-28,12.49,12.69,12.46,12.64,,479400.0
2006-07-31,12.65,12.65,12.5,12.52,,421400.0
2006-08-01,12.59,12.68,12.47,12.66,,792800.0
2006-08-02,12.66,12.66,12.56,12.61,,812000.0
2006-08-03,12.59,12.6,12.5,12.56,,785800.0
2006-08-04,12.65,12.79,12.65,12.79,,1262400.0
2006-08-07,12.8,12.88,12.71,12.82,,838900.0
2006-08-08,12.82,12.82,12.54,12.59,,718600.0
2006-08-09,12.69,12.69,12.52,12.55,,1161100.0
2006-08-10,12.52,12.56,12.45,12.47,,922900.0
2006-08-11,12.47,12.47,12.29,12.33,,510200.0
2006-08-14,12.39,12.5,12.33,12.37,,498500.0
2006-08-15,12.43,12.51,12.43,12.48,,430800.0
2006-08-16,12.51,12.62,12.45,12.59,,544400.0
2006-08-17,12.6,12.64,12.54,12.6,,894200.0
2006-08-18,12.57,12.65,12.52,12.64,,582100.0
2006-08-21,12.6,12.69,12.59,12.66,,385300.0
2006-08-22,12.66,12.82,12.6,12.82,,583500.0
2006-08-23,12.85,12.93,12.8,12.91,,950200.0
2006-08-24,12.95,13.29,12.89,13.27,,1761400.0
2006-08-25,13.28,13.42,13.2,13.32,,1038000.0
2006-08-28,13.31,13.56,13.31,13.55,,726300.0
2006-08-29,13.48,13.7,13.48,13.63,,1283100.0
2006-08-30,13.63,13.85,13.63,13.81,,814000.0
2006-08-31,13.81,13.81,13.67,13.72,,761500.0
2006-09-01,13.72,13.72,13.46,13.47,,984900.0
2006-09-05,13.45,13.63,13.45,13.59,,568700.0
2006-09-06,13.5,13.65,13.5,13.53,,317600.0
2006-09-07,13.53,13.58,13.45,13.45,,409300.0
2006-09-08,13.64,13.69,13.42,13.64,,515800.0
2006-09-11,13.57,13.71,13.49,13.7,,359200.0
2006-09-12,13.7,13.79,13.58,13.79,,531800.0
2006-09-13,13.81,13.85,13.77,13.84,,430700.0
2006-09-14,13.75,13.78,13.7,13.72,,350500.0
2006-09-15,13.78,13.84,13.69,13.78,,910500.0
2006-09-18,13.69,13.71,13.58,13.64,,378900.0
2006-09-19,13.67,13.78,13.61,13.7,,521900.0
2006-09-20,13.72,13.82,13.58,13.63,,639500.0
2006-09-21,13.63,13.68,13.36,13.43,,556400.0
2006-09-22,13.43,13.49,13.33,13.49,,682500.0
2006-09-25,13.49,13.54,13.31,13.43,,593000.0
2006-09-26,13.44,13.58,13.4,13.55,,612000.0
2006-09-27,13.48,13.63,13.43,13.62,,873100.0
2006-09-28,13.65,13.66,13.55,13.63,,581400.0
2006-09-29,13.63,13.67,13.56,13.58,,452600.0
2006-10-02,13.58,13.72,13.47,13.63,,552800.0
2006-10-03,13.66,13.78,13.64,13.68,,587700.0
2006-10-04,13.96,14.1,13.9,14.04,,777300.0
2006-10-05,13.98,14.07,13.89,14.07,,1647600.0
2006-10-06,13.95,13.98,13.88,13.96,,1615200.0
2006-10-09,13.96,14.08,13.85,14.08,,520700.0
2006-10-10,14.08,14.17,13.92,14.09,,953700.0
2006-10-11,14.12,14.24,13.96,14.1,,919800.0
2006-10-12,14.12,14.26,14.07,14.26,,646100.0
2006-10-13,14.25,14.39,14.22,14.38,,1414900.0
2006-10-16,14.38,14.38,14.27,14.34,,537100.0
2006-10-17,14.25,14.3,14.21,14.21,,963100.0
2006-10-18,14.27,14.41,14.25,14.41,,552700.0
2006-10-19,14.41,14.44,14.32,14.38,,973000.0
2006-10-20,14.38,14.43,14.26,14.38,,331500.0
2006-10-23,14.34,14.5,14.27,14.5,,319000.0
2006-10-24,14.49,14.53,14.42,14.51,,1039200.0
2006-10-25,14.52,14.63,14.49,14.62,,632000.0
2006-10-26,14.69,14.75,14.65,14.75,,436300.0
2006-10-27,14.68,14.75,14.63,14.69,,529500.0
2006-10-30,14.76,14.78,14.62,14.71,,874300.0
2006-10-31,14.71,14.76,14.64,14.7,,1107100.0
2006-11-01,14.71,14.73,14.44,14.46,,759900.0
2006-11-02,14.44,14.44,14.1,14.15,,1256300.0
2006-11-03,14.14,14.23,13.81,13.9,,1639600.0
2006-11-06,13.94,14.09,13.93,14.06,,1236900.0
2006-11-07,14.06,14.08,13.88,13.88,,979900.0
2006-11-08,13.85,13.99,13.81,13.92,,865000.0
2006-11-09,13.93,14.1,13.87,14.03,,859500.0
2006-11-10,14.06,14.09,13.96,14.03,,703900.0
2006-11-13,14.03,14.11,13.98,14.05,,986000.0
2006-11-14,14.1,14.27,14.07,14.24,,1455600.0
2006-11-15,14.22,14.22,14.08,14.08,,1750600.0
2006-11-16,14.13,14.29,14.06,14.29,,1627600.0
2006-11-17,14.28,14.28,14.11,14.18,,1110100.0
2006-11-20,14.25,14.55,14.25,14.5,,1279700.0
2006-11-21,14.48,14.89,14.48,14.88,,1177000.0
2006-11-22,14.89,14.99,14.76,14.85,,1445700.0
2006-11-24,14.83,14.98,14.8,14.98,,290100.0
2006-11-27,15.0,15.03,14.69,14.72,,1419900.0
2006-11-28,14.77,14.79,14.57,14.78,,1030400.0
2006-11-29,14.83,15.07,14.82,15.05,,1218700.0
2006-11-30,15.08,15.26,15.01,15.25,,1598200.0
2006-12-01,15.26,15.27,14.98,15.17,,758200.0
2006-12-04,15.21,15.33,15.19,15.29,,1041100.0
2006-12-05,15.29,15.3,15.13,15.16,,646000.0
2006-12-06,15.14,15.18,14.76,15.09,,1941400.0
2006-12-07,15.14,15.17,14.88,14.92,,781400.0
2006-12-08,14.97,15.01,14.86,14.89,,697500.0
2006-12-11,14.86,15.01,14.82,14.97,,803400.0
2006-12-12,14.89,14.91,14.73,14.82,,940500.0
2006-12-13,14.85,14.88,14.32,14.51,,1734200.0
2006-12-14,14.49,14.62,14.47,14.48,,930300.0
2006-12-15,14.5,14.58,14.36,14.36,,842600.0
2006-12-18,14.37,14.75,14.25,14.29,,1258700.0
2006-12-19,14.28,14.28,14.06,14.22,,1154700.0
2006-12-20,14.21,14.62,14.19,14.5,,2177200.0
2006-12-21,14.53,14.55,14.31,14.33,,507600.0
2006-12-22,14.39,14.4,14.13,14.15,,581700.0
2006-12-26,14.15,14.42,14.15,14.33,,385900.0
2006-12-27,14.39,14.5,14.34,14.42,,466300.0
2006-12-28,14.37,14.48,14.3,14.44,,377600.0
2006-12-29,14.44,14.53,14.38,14.44,,528300.0
2007-01-03,14.54,14.55,14.3,14.45,,898700.0
2007-01-04,14.45,14.45,14.2,14.28,,1858100.0
2007-01-05,14.23,14.23,14.03,14.07,,874400.0
2007-01-08,14.07,14.07,13.91,13.96,,1073600.0
2007-01-09,13.88,14.14,13.87,14.12,,1023300.0
2007-01-10,14.12,14.42,14.06,14.4,,1036100.0
2007-01-11,14.4,14.67,14.32,14.56,,1185900.0
2007-01-12,14.6,14.73,14.6,14.65,,773800.0
2007-01-16,14.73,14.96,14.73,14.9,,1452900.0
2007-01-17,14.9,14.97,14.74,14.87,,615100.0
2007-01-18,14.83,14.93,14.71,14.71,,1140000.0
2007-01-19,14.67,14.83,14.56,14.8,,1290400.0
2007-01-22,14.77,14.77,14.66,14.72,,1000500.0
2007-01-23,14.75,14.8,14.68,14.72,,706200.0
2007-01-24,14.72,14.98,14.72,14.91,,891700.0
2007-01-25,14.93,15.07,14.85,14.94,,1700700.0
2007-01-26,14.99,14.99,14.8,14.86,,1169500.0
2007-01-29,14.91,15.03,14.83,14.91,,1317200.0
2007-01-30,14.91,14.95,14.75,14.87,,2147800.0
2007-01-31,14.87,15.1,14.78,15.04,,1452200.0
2007-02-01,15.05,15.09,14.86,15.06,,1234700.0
2007-02-02,15.05,15.08,14.96,15.08,,1347700.0
2007-02-05,15.08,15.12,15.01,15.09,,663200.0
2007-02-06,15.12,15.34,15.07,15.34,,1134700.0
2007-02-07,15.34,15.54,15.21,15.52,,2388400.0
2007-02-08,15.52,15.61,15.37,15.49,,1333500.0
2007-02-09,15.46,15.57,15.11,15.47,,3818000.0
2007-02-12,15.47,15.47,15.1,15.26,,1422800.0
2007-02-13,15.23,15.53,15.06,15.53,,1377700.0
2007-02-14,15.44,15.53,15.33,15.43,,1367100.0
2007-02-15,15.4,15.6,15.38,15.52,,803700.0
2007-02-16,15.52,15.52,15.22,15.41,,864400.0
2007-02-20,15.37,15.62,15.23,15.57,,977300.0
2007-02-21,15.59,15.64,15.41,15.56,,804700.0
2007-02-22,15.6,15.6,15.43,15.51,,583300.0
2007-02-23,15.48,15.48,15.23,15.26,,1145100.0
2007-02-26,15.35,15.36,14.96,15.26,,1186800.0
2007-02-27,15.18,15.25,14.74,14.9,,1588600.0
2007-02-28,14.92,15.08,14.79,14.98,,1865400.0
2007-03-01,14.84,14.98,14.56,14.78,,1516200.0
2007-03-02,14.78,14.84,14.55,14.56,,1737600.0
2007-03-05,14.55,14.56,14.0,14.0,,1635100.0
2007-03-06,14.06,14.36,14.03,14.27,,1832800.0
2007-03-07,14.27,14.34,14.01,14.02,,1368500.0
2007-03-08,14.15,14.35,14.12,14.25,,1485800.0
2007-03-09,14.34,14.39,14.23,14.36,,996200.0
2007-03-12,14.31,14.46,14.09,14.38,,756000.0
2007-03-13,14.32,14.32,13.95,13.98,,1781900.0
2007-03-14,14.01,14.13,13.77,14.09,,1242900.0
2007-03-15,14.05,14.28,14.04,14.27,,884700.0
2007-03-16,14.29,14.3,14.12,14.24,,1594800.0
2007-03-19,14.28,14.36,14.17,14.22,,2717700.0
2007-03-20,14.22,14.41,14.12,14.35,,1280600.0
2007-03-21,14.35,14.55,14.26,14.52,,1873800.0
2007-03-22,13.94,14.61,13.94,14.61,,902300.0
2007-03-23,14.61,14.71,14.57,14.58,,733900.0
2007-03-26,14.57,14.65,14.3,14.32,,1378600.0
2007-03-27,14.31,14.31,14.05,14.06,,1405100.0
2007-03-28,14.05,14.16,13.84,13.96,,1448000.0
2007-03-29,14.08,14.11,13.89,13.89,,925400.0
2007-03-30,13.93,14.05,13.88,14.05,,1875600.0
2007-04-02,14.1,14.15,13.91,14.06,,991000.0
2007-04-03,14.12,14.24,14.06,14.17,,680900.0
2007-04-04,14.16,14.2,14.01,14.11,,903800.0
2007-04-05,14.08,14.17,14.08,14.11,,1257000.0
2007-04-09,14.11,14.13,14.06,14.11,,495000.0
2007-04-10,14.12,14.25,14.1,14.13,,762400.0
2007-04-11,14.2,14.2,13.92,14.0,,896000.0
2007-04-12,14.0,14.03,13.78,13.84,,793300.0
2007-04-13,13.85,14.04,13.75,13.99,,529400.0
2007-04-16,14.06,14.13,13.88,14.03,,796900.0
2007-04-17,14.03,14.27,13.94,14.26,,1149200.0
2007-04-18,14.21,14.29,14.12,14.22,,1169400.0
2007-04-19,14.38,14.38,13.95,14.11,,2512000.0
2007-04-20,14.23,14.27,14.16,14.27,,882900.0
2007-04-23,14.27,14.45,14.27,14.41,,695700.0
2007-04-24,14.45,14.46,14.29,14.4,,919000.0
2007-04-25,14.46,14.49,14.25,14.36,,686900.0
2007-04-26,14.37,14.4,14.21,14.24,,601200.0
2007-04-27,14.21,14.28,14.13,14.13,,639000.0
2007-04-30,14.14,14.22,13.91,13.93,,1058400.0
2007-05-01,13.93,13.96,13.66,13.82,,1126800.0
2007-05-02,13.78,13.84,13.63,13.64,,1133700.0
2007-05-03,13.65,13.72,13.61,13.64,,772600.0
2007-05-04,13.69,13.69,13.3,13.43,,1568200.0
2007-05-07,13.45,13.52,13.35,13.45,,642000.0
2007-05-08,13.35,13.47,13.29,13.44,,1653000.0
2007-05-09,13.43,13.66,13.41,13.5,,1061000.0
2007-05-10,13.39,13.49,13.35,13.39,,1261800.0
2007-05-11,13.49,13.89,13.49,13.85,,1903600.0
2007-05-14,13.81,13.95,13.8,13.88,,1057000.0
2007-05-15,13.87,13.95,13.58,13.62,,1402600.0
2007-05-16,13.68,13.69,13.36,13.49,,928400.0
2007-05-17,13.39,13.5,13.23,13.25,,1612100.0
2007-05-18,13.25,13.29,13.0,13.16,,1812400.0
2007-05-21,13.15,13.48,13.09,13.28,,1474400.0
2007-05-22,13.35,13.64,13.28,13.52,,1816300.0
2007-05-23,13.58,13.64,13.33,13.36,,1706000.0
2007-05-24,13.36,13.36,12.97,13.17,,1689900.0
2007-05-25,13.21,13.51,13.11,13.24,,1572900.0
2007-05-29,13.4,13.98,13.4,13.94,,3048200.0
2007-05-30,13.89,14.22,13.8,14.22,,1430800.0
2007-05-31,14.23,14.29,14.01,14.08,,1348100.0
2007-06-01,14.1,14.14,13.88,14.04,,1251200.0
2007-06-04,13.97,14.14,13.93,14.04,,751900.0
2007-06-05,13.98,14.01,13.79,13.79,,953600.0
2007-06-06,13.7,13.83,13.6,13.68,,1417000.0
2007-06-07,13.66,13.66,13.26,13.28,,1838300.0
2007-06-08,13.25,13.33,13.12,13.3,,2255500.0
2007-06-11,13.3,13.3,13.11,13.13,,1172500.0
2007-06-12,13.1,13.19,12.96,13.03,,1567300.0
2007-06-13,13.12,13.31,13.09,13.25,,1164200.0
2007-06-14,13.09,13.21,12.92,12.92,,1748800.0
2007-06-15,13.05,13.05,12.89,13.03,,3583300.0
2007-06-18,13.03,13.03,12.81,12.81,,1033300.0
2007-06-19,12.78,12.85,12.63,12.85,,1525500.0
2007-06-20,12.85,12.85,12.47,12.47,,1554000.0
2007-06-21,12.39,12.52,12.22,12.51,,1670600.0
2007-06-22,12.44,12.63,12.36,12.54,,2353200.0
2007-06-25,12.52,12.57,12.22,12.25,,1818800.0
2007-06-26,12.35,12.35,12.04,12.1,,1472300.0
2007-06-27,12.03,12.42,11.95,12.34,,1591600.0
2007-06-28,12.34,12.43,12.2,12.22,,1204100.0
2007-06-29,12.27,12.4,12.12,12.2,,1684800.0
2007-07-02,12.28,12.44,12.15,12.44,,1369000.0
2007-07-03,12.49,12.5,12.34,12.41,,668500.0
2007-07-05,12.52,12.77,12.51,12.73,,1774200.0
2007-07-06,12.73,12.84,12.57,12.76,,1211300.0
2007-07-09,12.7,12.79,12.65,12.78,,1000400.0
2007-07-10,12.66,12.73,12.48,12.53,,1756900.0
2007-07-11,12.57,12.6,12.4,12.47,,1694300.0
2007-07-12,12.55,12.7,12.46,12.69,,1301300.0
2007-07-13,12.65,12.8,12.52,12.79,,929000.0
2007-07-16,12.7,12.94,12.7,12.75,,1431100.0
2007-07-17,12.72,12.85,12.66,12.76,,1202300.0
2007-07-18,12.72,12.72,12.51,12.69,,1389800.0
2007-07-19,12.79,12.81,12.68,12.72,,620700.0
2007-07-20,12.67,12.71,12.38,12.39,,2975600.0
2007-07-23,12.48,12.5,12.09,12.1,,1110500.0
2007-07-24,11.69,12.31,11.69,11.83,,1045300.0
2007-07-25,11.94,12.0,11.55,11.66,,1268900.0
2007-07-26,11.43,11.55,11.17,11.39,,1950300.0
2007-07-27,11.16,11.49,10.98,10.98,,1731600.0
2007-07-30,11.04,11.12,10.93,11.05,,1803700.0
2007-07-31,11.03,11.27,10.81,10.84,,1978200.0
2007-08-01,10.76,10.91,10.23,10.87,,3200100.0
2007-08-02,10.88,11.07,10.72,10.91,,2847400.0
2007-08-03,10.84,10.9,10.55,10.56,,2104800.0
2007-08-06,10.7,10.78,10.22,10.62,,2808500.0
2007-08-07,10.53,10.89,10.41,10.7,,2549700.0
2007-08-08,10.68,11.36,10.68,11.35,,2134200.0
2007-08-09,11.17,12.0,10.97,11.33,,1534400.0
2007-08-10,11.24,11.5,10.98,11.26,,1739200.0
2007-08-13,11.27,11.64,10.95,11.04,,1453900.0
2007-08-14,10.89,10.97,10.67,10.67,,1360400.0
2007-08-15,10.61,11.01,10.51,10.58,,1973300.0
2007-08-16,10.32,10.85,10.32,10.77,,2218100.0
2007-08-17,11.07,11.14,10.69,10.77,,3774100.0
2007-08-20,10.79,11.23,10.73,11.08,,1438500.0
2007-08-21,11.01,11.41,11.0,11.39,,1176700.0
2007-08-22,11.42,11.6,11.32,11.53,,1026500.0
2007-08-23,11.61,11.76,11.52,11.69,,1704100.0
2007-08-24,11.6,11.71,11.45,11.64,,1778200.0
2007-08-27,11.64,11.71,11.35,11.51,,886800.0
2007-08-28,11.46,11.47,11.23,11.23,,924500.0
2007-08-29,11.29,11.54,11.29,11.54,,1330200.0
2007-08-30,11.39,11.66,11.37,11.63,,701100.0
2007-08-31,11.75,11.87,11.65,11.79,,1499800.0
2007-09-04,11.79,11.93,11.65,11.82,,840200.0
2007-09-05,11.72,11.76,11.34,11.37,,951400.0
2007-09-06,11.46,11.49,11.3,11.44,,978000.0
2007-09-07,11.28,11.31,11.08,11.2,,1276100.0
2007-09-10,11.26,11.27,10.87,10.87,,1901900.0
2007-09-11,10.9,11.05,10.85,10.97,,1465600.0
2007-09-12,10.89,10.98,10.81,10.84,,813400.0
2007-09-13,10.88,11.08,10.81,10.96,,953800.0
2007-09-14,10.89,11.08,10.73,11.08,,980000.0
2007-09-17,11.07,11.09,10.94,11.04,,922400.0
2007-09-18,11.06,11.37,10.88,11.35,,1389400.0
2007-09-19,11.38,11.72,11.32,11.59,,959100.0
2007-09-20,11.56,11.58,11.42,11.53,,998700.0
2007-09-21,11.56,11.67,11.42,11.43,,1133300.0
2007-09-24,11.47,11.59,11.42,11.58,,1070000.0
2007-09-25,11.29,11.52,11.29,11.42,,972600.0
2007-09-26,11.41,11.5,11.34,11.45,,976600.0
2007-09-27,11.43,11.6,11.31,11.57,,659800.0
2007-09-28,11.6,11.68,11.35,11.42,,828400.0
2007-10-01,11.45,11.67,11.4,11.66,,785300.0
2007-10-02,11.7,12.05,11.67,12.03,,923200.0
2007-10-03,11.89,12.08,11.88,11.92,,691800.0
2007-10-04,11.95,12.01,11.78,11.94,,1057600.0
2007-10-05,12.05,12.24,11.93,12.24,,1569400.0
2007-10-08,12.13,12.26,11.9,12.08,,808800.0
2007-10-09,12.08,12.11,11.92,12.08,,1570700.0
2007-10-10,12.17,12.23,11.94,12.12,,862700.0
2007-10-11,12.22,12.25,11.97,12.06,,808300.0
2007-10-12,12.08,12.1,11.87,11.88,,429700.0
2007-10-15,11.84,11.89,11.55,11.61,,694800.0
2007-10-16,11.56,11.59,11.34,11.34,,724000.0
2007-10-17,11.42,11.57,11.06,11.26,,942200.0
2007-10-18,11.19,11.41,11.06,11.25,,633800.0
2007-10-19,11.22,11.24,10.77,10.77,,1362000.0
2007-10-22,10.74,10.94,10.66,10.8,,874600.0
2007-10-23,10.88,11.02,10.79,11.02,,738200.0
2007-10-24,10.94,10.97,10.66,10.87,,809200.0
2007-10-25,10.9,10.95,10.67,10.87,,931100.0
2007-10-26,10.97,11.02,10.76,10.91,,636900.0
2007-10-29,10.94,11.0,10.76,10.8,,557100.0
2007-10-30,10.75,10.99,10.75,10.93,,635100.0
2007-10-31,11.04,11.31,10.97,11.29,,2042500.0
2007-11-01,11.21,11.21,10.94,10.95,,1636300.0
2007-11-02,10.96,10.98,10.42,10.5,,1803900.0
2007-11-05,10.32,10.45,10.25,10.27,,1945600.0
2007-11-06,10.28,10.55,10.06,10.55,,2135800.0
2007-11-07,10.56,10.66,10.29,10.29,,2247600.0
2007-11-08,10.33,10.4,10.06,10.23,,2374500.0
2007-11-09,10.13,10.3,10.0,10.13,,2205900.0
2007-11-12,10.12,10.47,10.07,10.3,,1896300.0
2007-11-13,10.34,10.8,10.34,10.78,,1637000.0
2007-11-14,10.82,10.9,10.66,10.68,,1435900.0
2007-11-15,10.65,10.65,10.33,10.54,,1624700.0
2007-11-16,10.58,10.58,10.23,10.31,,2115700.0
2007-11-19,10.18,10.25,10.02,10.02,,1258900.0
2007-11-20,10.08,10.18,9.71,9.93,,1878600.0
2007-11-21,9.84,10.21,9.73,10.14,,1900100.0
2007-11-23,10.28,10.48,10.24,10.45,,635800.0
2007-11-26,10.42,10.43,9.77,9.78,,2318100.0
2007-11-27,9.82,9.91,9.64,9.89,,1981600.0
2007-11-28,9.92,10.26,9.92,10.16,,1660200.0
2007-11-29,10.09,10.27,9.94,10.24,,981200.0
2007-11-30,10.35,10.54,10.28,10.48,,1858500.0
2007-12-03,10.38,10.55,10.29,10.46,,1577000.0
2007-12-04,10.33,10.41,10.12,10.12,,1367200.0
2007-12-05,10.27,10.38,10.09,10.37,,1247700.0
2007-12-06,10.34,10.81,10.31,10.77,,1209300.0
2007-12-07,10.79,10.84,10.63,10.68,,1486200.0
2007-12-10,10.72,10.85,10.57,10.84,,1015600.0
2007-12-11,10.82,10.84,10.08,10.08,,1481800.0
2007-12-12,10.31,10.49,9.79,9.9,,1425700.0
2007-12-13,9.76,9.91,9.55,9.73,,1317500.0
2007-12-14,9.73,9.73,9.31,9.34,,1681000.0
2007-12-17,9.28,9.51,9.28,9.37,,1880900.0
2007-12-18,9.52,9.58,9.28,9.46,,1731100.0
2007-12-19,9.45,9.65,9.38,9.62,,1690900.0
2007-12-20,9.67,9.72,9.45,9.58,,919200.0
2007-12-21,9.75,9.8,9.53,9.73,,1342000.0
2007-12-24,9.69,10.19,9.69,10.18,,518900.0
2007-12-26,10.08,10.1,9.87,10.03,,1302400.0
2007-12-27,10.05,10.05,9.64,9.66,,782800.0
2007-12-28,9.84,9.84,9.43,9.48,,695200.0
2007-12-31,9.45,9.73,9.42,9.44,,1746800.0
2008-01-02,9.42,9.76,9.37,9.5,,1531300.0
2008-01-03,9.63,9.84,9.25,9.29,,2236000.0
2008-01-04,9.18,9.32,9.06,9.2,,2269900.0
2008-01-07,9.22,9.41,9.06,9.39,,2231300.0
2008-01-08,9.49,9.73,9.22,9.22,,2217800.0
2008-01-09,9.35,9.35,8.85,9.31,,2269700.0
2008-01-10,9.18,9.76,9.02,9.5,,3060800.0
2008-01-11,9.42,9.92,9.27,9.63,,2577100.0
2008-01-14,9.66,9.76,9.32,9.58,,2174600.0
2008-01-15,9.38,9.63,9.29,9.53,,2128100.0
2008-01-16,9.53,10.0,9.41,9.87,,2151900.0
2008-01-17,9.85,10.04,9.67,9.85,,2837600.0
2008-01-18,9.95,10.02,9.63,9.81,,2234800.0
2008-01-22,9.4,10.35,9.37,10.23,,2398500.0
2008-01-23,10.03,10.95,10.03,10.86,,5297800.0
2008-01-24,11.03,11.03,10.53,10.78,,1823000.0
2008-01-25,10.94,10.96,10.54,10.66,,2734700.0
2008-01-28,10.64,10.99,10.43,10.96,,2973200.0
2008-01-29,10.96,11.03,10.72,10.86,,1647200.0
2008-01-30,10.88,11.54,10.78,10.85,,5544500.0
2008-01-31,10.86,11.13,10.67,11.04,,2848500.0
2008-02-01,10.77,11.27,10.77,11.25,,2368500.0
2008-02-04,11.46,11.46,11.03,11.36,,2294200.0
2008-02-05,11.17,11.33,10.91,10.91,,2592100.0
2008-02-06,10.99,11.12,10.8,10.88,,2668500.0
2008-02-07,10.74,11.27,10.67,11.24,,2519000.0
2008-02-08,11.19,11.27,10.84,10.95,,2382000.0
2008-02-11,11.01,11.01,10.72,10.78,,1382900.0
2008-02-12,10.86,11.15,10.79,11.15,,2051900.0
2008-02-13,11.22,11.42,10.98,11.17,,1361500.0
2008-02-14,11.14,11.2,10.8,10.8,,1433200.0
2008-02-15,10.72,10.94,10.7,10.89,,1247500.0
2008-02-19,11.03,11.03,10.67,10.75,,1605300.0
2008-02-20,10.68,10.99,10.66,10.93,,2221400.0
2008-02-21,10.99,11.1,10.71,10.76,,2178500.0
2008-02-22,10.77,11.03,10.65,11.03,,1371600.0
2008-02-25,11.05,11.26,10.86,11.26,,1879500.0
2008-02-26,11.25,11.25,10.99,11.1,,2893300.0
2008-02-27,10.93,11.09,10.85,10.93,,1847800.0
2008-02-28,10.97,10.97,10.73,10.81,,2136400.0
2008-02-29,10.72,10.85,10.67,10.81,,2220400.0
2008-03-03,10.85,11.15,10.67,11.1,,2633400.0
2008-03-04,10.97,11.18,10.75,11.07,,2728400.0
2008-03-05,11.13,11.4,11.08,11.17,,2612300.0
2008-03-06,11.15,11.15,10.72,10.76,,2868700.0
2008-03-07,10.69,11.02,10.63,10.92,,2025300.0
2008-03-10,10.86,10.96,10.75,10.76,,1850500.0
2008-03-11,11.0,11.53,10.95,11.5,,2890500.0
2008-03-12,11.49,11.72,11.34,11.34,,2130300.0
2008-03-13,11.24,11.62,11.02,11.61,,2252100.0
2008-03-14,11.6,11.8,11.28,11.6,,2792200.0
2008-03-17,11.41,11.85,11.35,11.73,,3251500.0
2008-03-18,11.88,12.07,11.66,12.02,,3411600.0
2008-03-19,12.07,12.17,11.85,11.98,,2639300.0
2008-03-20,11.97,12.43,11.91,12.34,,3131500.0
2008-03-24,12.34,12.53,12.34,12.47,,1850200.0
2008-03-25,12.45,12.49,12.3,12.44,,1635100.0
2008-03-26,12.41,12.41,12.05,12.09,,1386900.0
2008-03-27,12.11,12.27,11.86,11.88,,1945900.0
2008-03-28,11.87,11.97,11.64,11.69,,1708300.0
2008-03-31,11.68,12.1,11.68,11.86,,2428800.0
2008-04-01,12.06,12.36,11.81,12.33,,2792500.0
2008-04-02,12.28,12.43,12.21,12.28,,2104000.0
2008-04-03,12.21,12.53,12.11,12.5,,2426400.0
2008-04-04,12.44,12.49,12.08,12.08,,2404800.0
2008-04-07,12.13,12.23,12.03,12.22,,1409100.0
2008-04-08,12.24,12.25,12.01,12.08,,1490400.0
2008-04-09,12.23,12.23,11.84,11.87,,1391500.0
2008-04-10,11.9,11.98,11.66,11.72,,1734300.0
2008-04-11,11.65,11.72,11.54,11.62,,1740400.0
2008-04-14,11.6,11.78,11.49,11.6,,1287100.0
2008-04-15,11.65,11.73,11.55,11.73,,705100.0
2008-04-16,11.8,12.26,11.8,12.26,,1989000.0
2008-04-17,12.17,12.48,12.11,12.45,,1109900.0
2008-04-18,12.61,12.61,12.26,12.32,,894500.0
2008-04-21,12.25,12.29,12.11,12.14,,726700.0
2008-04-22,12.08,12.14,11.97,12.09,,665400.0
2008-04-23,12.18,12.39,12.08,12.24,,731600.0
2008-04-24,12.24,12.57,12.14,12.57,,806800.0
2008-04-25,12.63,12.72,12.42,12.72,,1154500.0
2008-04-28,12.68,12.72,12.56,12.64,,1214000.0
2008-04-29,12.66,12.71,12.34,12.45,,1358500.0
2008-04-30,12.47,12.66,12.32,12.4,,1160800.0
2008-05-01,12.47,12.65,12.33,12.6,,1129000.0
2008-05-02,12.63,12.65,12.32,12.44,,2349500.0
2008-05-05,12.38,12.42,12.25,12.28,,2031500.0
2008-05-06,12.17,12.34,12.07,12.19,,1654400.0
2008-05-07,12.17,12.19,11.76,11.76,,1285000.0
2008-05-08,11.79,11.89,11.65,11.83,,1099900.0
2008-05-09,11.7,11.97,11.66,11.78,,1122000.0
2008-05-12,11.78,12.17,11.71,12.16,,1868000.0
2008-05-13,12.17,12.29,12.05,12.28,,1296200.0
2008-05-14,12.32,12.35,12.16,12.26,,1144200.0
2008-05-15,12.19,12.35,12.07,12.33,,1043500.0
2008-05-16,12.31,12.38,12.13,12.32,,938300.0
2008-05-19,12.43,12.49,12.3,12.43,,954500.0
2008-05-20,12.37,12.47,12.19,12.25,,1105800.0
2008-05-21,12.27,12.33,11.95,12.04,,2891500.0
2008-05-22,12.04,12.08,11.91,11.97,,1772700.0
2008-05-23,12.05,12.06,11.85,11.94,,1030300.0
2008-05-27,11.91,12.2,11.91,12.13,,856900.0
2008-05-28,12.13,12.17,11.96,12.0,,1195700.0
2008-05-29,12.0,12.24,12.0,12.21,,1206800.0
2008-05-30,12.18,12.26,11.98,12.13,,1607000.0
2008-06-02,12.13,12.14,11.93,11.95,,1929300.0
2008-06-03,12.01,12.21,12.01,12.16,,1883200.0
2008-06-04,12.1,12.36,12.1,12.28,,1280900.0
2008-06-05,12.36,12.6,12.3,12.58,,1428000.0
2008-06-06,12.44,12.5,12.18,12.18,,1597500.0
2008-06-09,12.23,12.34,11.9,11.9,,1271100.0
2008-06-10,11.89,12.05,11.72,11.94,,1450900.0
2008-06-11,11.91,12.06,11.76,11.88,,1254700.0
2008-06-12,12.04,12.13,11.93,12.1,,1316800.0
2008-06-13,12.08,12.3,12.02,12.3,,1208000.0
2008-06-16,12.21,12.45,12.21,12.45,,1679300.0
2008-06-17,12.45,12.48,12.13,12.14,,1173000.0
2008-06-18,12.04,12.18,11.79,11.85,,2103700.0
2008-06-19,11.88,12.11,11.76,12.1,,1041800.0
2008-06-20,11.97,12.02,11.64,11.64,,2314500.0
2008-06-23,11.64,11.74,11.21,11.23,,1713900.0
2008-06-24,11.18,11.39,11.08,11.3,,1566900.0
2008-06-25,11.31,11.54,11.27,11.38,,2147400.0
2008-06-26,11.24,11.38,10.96,11.15,,2222500.0
2008-06-27,11.13,11.25,10.95,10.97,,2711700.0
2008-06-30,10.97,11.22,10.84,10.97,,1086500.0
2008-07-01,10.85,11.1,10.76,11.0,,1743400.0
2008-07-02,11.01,11.16,10.95,11.02,,2064500.0
2008-07-03,11.13,11.18,10.94,10.97,,500600.0
2008-07-07,11.14,11.14,10.76,10.87,,1670800.0
2008-07-08,12.35,12.35,11.04,11.76,,3096200.0
2008-07-09,11.85,11.85,10.97,11.07,,2551600.0
2008-07-10,11.06,11.52,10.94,11.38,,2059100.0
2008-07-11,11.8,11.8,11.08,11.47,,2044300.0
2008-07-14,11.61,11.65,11.05,11.12,,2459800.0
2008-07-15,10.99,11.3,10.81,11.02,,2514200.0
2008-07-16,11.07,11.81,10.8,11.72,,1859300.0
2008-07-17,11.78,11.98,11.46,11.92,,2965200.0
2008-07-18,11.93,12.0,11.66,11.94,,1596500.0
2008-07-21,11.96,12.1,11.83,12.02,,1232600.0
2008-07-22,11.95,12.48,11.86,12.45,,2040200.0
2008-07-23,12.39,12.94,12.32,12.76,,2440400.0
2008-07-24,12.76,12.76,11.95,12.02,,2239200.0
2008-07-25,12.07,12.5,12.07,12.34,,1348300.0
2008-07-28,12.1,12.39,11.95,11.97,,1639100.0
2008-07-29,12.09,12.88,12.09,12.71,,2148600.0
2008-07-30,12.73,12.83,12.2,12.68,,1652000.0
2008-07-31,12.5,12.93,12.4,12.71,,1712700.0
2008-08-01,12.54,12.79,12.42,12.74,,1075500.0
2008-08-04,12.8,12.91,12.44,12.44,,1591700.0
2008-08-05,12.61,13.18,12.61,13.09,,3522900.0
2008-08-06,12.88,13.06,12.59,12.98,,2123900.0
2008-08-07,12.5,13.06,12.22,12.67,,2439200.0
2008-08-08,12.51,13.19,12.44,13.09,,2182000.0
2008-08-11,13.04,13.38,12.99,13.17,,1791500.0
2008-08-12,12.74,13.09,12.69,12.91,,1984200.0
2008-08-13,13.07,13.09,12.65,12.95,,1322600.0
2008-08-14,12.7,13.2,12.69,13.14,,1690400.0
2008-08-15,13.14,13.21,12.82,13.0,,959600.0
2008-08-18,12.96,13.16,12.57,12.68,,1783500.0
2008-08-19,12.41,12.7,12.25,12.39,,1655500.0
2008-08-20,12.39,12.47,12.16,12.34,,1739500.0
2008-08-21,12.02,12.34,12.01,12.19,,1308000.0
2008-08-22,12.67,12.67,12.19,12.61,,1452100.0
2008-08-25,12.46,12.48,12.14,12.21,,1323800.0
2008-08-26,12.26,12.29,11.97,12.22,,1103400.0
2008-08-27,12.0,12.31,12.0,12.16,,925100.0
2008-08-28,12.26,12.59,12.11,12.58,,2438300.0
2008-08-29,12.5,12.53,12.26,12.33,,1537700.0
2008-09-02,12.46,12.56,12.0,12.17,,2098400.0
2008-09-03,12.13,12.39,12.0,12.32,,1463600.0
2008-09-04,12.32,12.34,11.88,11.92,,1692500.0
2008-09-05,11.83,11.99,11.72,11.98,,1480700.0
2008-09-08,12.36,12.57,12.04,12.42,,2723500.0
2008-09-09,12.3,12.45,11.72,11.83,,2800900.0
2008-09-10,11.89,12.01,11.69,11.88,,2022400.0
2008-09-11,11.69,11.77,11.47,11.73,,2217300.0
2008-09-12,11.6,11.88,11.57,11.84,,1596100.0
2008-09-15,11.27,11.81,10.9,10.9,,3000400.0
2008-09-16,10.81,11.58,10.66,11.56,,3452600.0
2008-09-17,11.36,11.72,11.08,11.2,,3020300.0
2008-09-18,11.49,12.58,10.97,12.29,,4955000.0
2008-09-19,12.94,14.18,11.7,13.07,,3709000.0
2008-09-22,12.94,13.33,11.85,11.85,,2244400.0
2008-09-23,12.03,12.34,11.85,12.01,,1624000.0
2008-09-24,11.97,12.11,11.85,11.99,,1318100.0
2008-09-25,12.03,12.61,11.97,12.6,,1152100.0
2008-09-26,12.49,13.93,12.33,13.93,,1306100.0
2008-09-29,13.19,13.44,11.44,11.57,,1801400.0
2008-09-30,11.75,13.53,11.75,13.01,,1478100.0
2008-10-01,12.69,12.69,11.86,12.29,,1053900.0
2008-10-02,11.89,12.07,11.69,12.07,,6365300.0
2008-10-03,11.98,12.07,11.44,11.67,,2074800.0
2008-10-06,11.51,12.44,10.16,10.77,,2871800.0
2008-10-07,10.79,10.94,10.05,10.24,,2558000.0
2008-10-08,10.08,10.35,9.28,9.98,,3094700.0
2008-10-09,10.21,10.47,8.38,8.48,,3970000.0
2008-10-10,8.36,9.55,8.0,9.11,,7467600.0
2008-10-13,9.37,9.97,9.22,9.96,,3358400.0
2008-10-14,10.23,10.27,8.78,9.36,,2926000.0
2008-10-15,9.74,9.74,7.96,8.24,,4453300.0
2008-10-16,8.26,9.25,8.02,9.14,,4326900.0
2008-10-17,9.04,9.58,8.54,9.1,,2211400.0
2008-10-20,9.16,9.58,8.9,9.47,,2109100.0
2008-10-21,9.37,9.89,8.95,9.43,,2907200.0
2008-10-22,9.3,9.5,8.76,9.11,,3980100.0
2008-10-23,9.13,9.41,8.33,9.15,,4990400.0
2008-10-24,8.48,8.98,8.35,8.71,,3274600.0
2008-10-27,8.66,8.73,7.92,8.0,,4231600.0
2008-10-28,8.13,9.12,7.75,9.11,,4395200.0
2008-10-29,9.02,9.74,8.73,9.12,,4314900.0
2008-10-30,9.24,9.47,8.93,9.42,,2245200.0
2008-10-31,9.46,10.08,9.22,10.03,,2380900.0
2008-11-03,10.02,10.02,9.56,9.72,,1840900.0
2008-11-04,9.65,9.77,9.29,9.63,,3267200.0
2008-11-05,9.56,9.56,8.25,8.41,,3441500.0
2008-11-06,8.28,8.45,7.83,7.95,,3272700.0
2008-11-07,8.0,8.54,7.76,8.42,,2843100.0
2008-11-10,8.48,8.62,7.75,7.84,,2749500.0
2008-11-11,7.72,7.96,7.44,7.72,,3059600.0
2008-11-12,7.55,7.91,7.38,7.51,,3917000.0
2008-11-13,7.53,8.24,7.05,8.06,,5138900.0
2008-11-14,7.76,7.81,6.82,6.88,,3833200.0
2008-11-17,6.76,7.01,6.5,6.72,,3482600.0
2008-11-18,6.74,6.86,6.14,6.63,,4265500.0
2008-11-19,6.55,6.63,5.67,5.8,,5112800.0
2008-11-20,5.74,6.09,5.32,5.49,,7730500.0
2008-11-21,5.57,6.27,5.08,6.0,,6777800.0
2008-11-24,6.1,7.13,5.66,7.01,,5957900.0
2008-11-25,7.19,7.43,6.7,7.38,,7200000.0
2008-11-26,7.18,7.88,6.98,7.8,,5090500.0
2008-11-28,7.62,7.78,7.43,7.68,,2089800.0
2008-12-01,7.57,7.57,6.14,6.22,,5441700.0
2008-12-02,6.39,7.25,6.39,7.16,,6517500.0
2008-12-03,6.86,7.58,6.7,7.52,,4572400.0
2008-12-04,7.5,7.87,7.17,7.33,,4693300.0
2008-12-05,7.2,8.17,6.98,8.15,,5030300.0
2008-12-08,8.24,8.33,7.77,8.31,,5028700.0
2008-12-09,8.24,8.25,7.09,7.25,,6332900.0
2008-12-10,7.26,8.12,7.26,7.99,,5701900.0
2008-12-11,7.89,8.08,7.08,7.2,,7509000.0
2008-12-12,7.04,8.28,6.99,8.23,,6033000.0
2008-12-15,8.15,8.33,7.45,7.82,,3434100.0
2008-12-16,7.82,8.98,7.41,8.98,,5599400.0
2008-12-17,8.73,9.12,8.22,8.64,,5646800.0
2008-12-18,8.83,9.09,7.75,7.87,,4256600.0
2008-12-19,8.02,8.23,7.83,8.09,,3591000.0
2008-12-22,7.98,8.03,6.95,7.36,,5143200.0
2008-12-23,7.37,7.64,7.0,7.04,,2946900.0
2008-12-24,7.06,7.25,6.96,7.25,,957800.0
2008-12-26,7.27,7.45,7.15,7.39,,1061000.0
2008-12-29,7.41,7.41,6.83,6.95,,2535900.0
2008-12-30,6.99,7.36,6.96,7.31,,2119700.0
2008-12-31,7.29,7.74,7.14,7.61,,3272900.0
2009-01-02,7.87,7.88,7.24,7.35,,2370400.0
2009-01-05,7.35,7.35,6.88,6.91,,3796300.0
2009-01-06,7.14,7.59,6.97,7.49,,3694200.0
2009-01-07,7.37,7.61,7.24,7.43,,3628500.0
2009-01-08,6.87,7.29,6.87,7.17,,3667800.0
2009-01-09,7.17,7.22,6.7,6.82,,2842100.0
2009-01-12,6.64,6.67,6.13,6.23,,3376100.0
2009-01-13,6.21,6.59,6.12,6.51,,4449300.0
2009-01-14,6.33,6.43,6.05,6.16,,3268100.0
2009-01-15,6.02,6.77,5.79,6.51,,5396800.0
2009-01-16,6.77,6.91,6.23,6.86,,5851000.0
2009-01-20,6.71,6.82,6.19,6.2,,6235300.0
2009-01-21,6.35,6.96,6.08,6.85,,4473600.0
2009-01-22,6.75,6.75,6.11,6.37,,4882500.0
2009-01-23,6.21,6.66,6.02,6.54,,3945200.0
2009-01-26,6.56,6.62,6.27,6.35,,3124400.0
2009-01-27,6.48,6.58,6.34,6.56,,2051700.0
2009-01-28,6.72,7.25,6.69,7.19,,4247000.0
2009-01-29,6.89,7.14,6.71,6.75,,4446000.0
2009-01-30,6.8,6.97,6.36,6.48,,4305100.0
2009-02-02,6.21,6.53,6.09,6.5,,4047100.0
2009-02-03,6.43,6.62,6.28,6.42,,2692400.0
2009-02-04,6.44,6.62,6.16,6.21,,3575900.0
2009-02-05,6.16,6.16,5.5,5.84,,4918800.0
2009-02-06,5.8,6.22,5.72,6.16,,4921000.0
2009-02-09,6.2,6.2,5.9,6.13,,3175800.0
2009-02-10,6.07,6.07,5.39,5.45,,4923400.0
2009-02-11,5.47,5.61,5.27,5.55,,5200400.0
2009-02-12,5.85,5.85,5.05,5.39,,4642400.0
2009-02-13,5.04,5.44,4.96,5.19,,4830200.0
2009-02-17,4.91,5.02,4.77,4.89,,5644800.0
2009-02-18,4.85,5.01,4.68,4.96,,4327200.0
2009-02-19,5.03,5.05,4.65,4.71,,4012900.0
2009-02-20,4.59,5.14,4.49,5.1,,6514200.0
2009-02-23,5.15,5.2,4.62,4.64,,5168600.0
2009-02-24,4.69,5.13,4.58,5.09,,6348100.0
2009-02-25,5.02,5.14,4.72,4.87,,6566400.0
2009-02-26,4.9,4.96,4.41,4.44,,4897600.0
2009-02-27,4.36,4.54,4.28,4.37,,5335900.0
2009-03-02,4.33,4.41,3.97,4.03,,5407800.0
2009-03-03,4.15,4.22,3.89,4.15,,5244900.0
2009-03-04,4.26,4.52,4.16,4.4,,5609600.0
2009-03-05,4.23,4.3,3.97,4.04,,4878800.0
2009-03-06,4.09,4.12,3.72,3.99,,5283500.0
2009-03-09,3.97,4.14,3.91,4.08,,4620300.0
2009-03-10,4.14,4.74,4.09,4.74,,7791600.0
2009-03-11,4.78,4.81,4.48,4.6,,4603800.0
2009-03-12,4.49,5.01,4.4,4.96,,5478200.0
2009-03-13,4.92,4.92,4.49,4.69,,3609500.0
2009-03-16,4.68,4.78,4.15,4.19,,5308100.0
2009-03-17,4.28,4.6,4.02,4.6,,5831400.0
2009-03-18,4.62,4.96,4.33,4.94,,6457600.0
2009-03-19,5.02,5.02,4.44,4.48,,7129600.0
2009-03-20,4.5,4.58,3.91,3.92,,5605000.0
2009-03-23,4.12,4.7,4.06,4.6,,7644000.0
2009-03-24,4.43,4.71,4.15,4.25,,6251200.0
2009-03-25,4.32,4.52,3.94,4.34,,5975500.0
2009-03-26,4.36,4.56,4.14,4.54,,5152100.0
2009-03-27,4.3,4.49,4.3,4.35,,4066100.0
2009-03-30,4.26,4.3,4.14,4.21,,6110500.0
2009-03-31,4.41,4.84,4.27,4.75,,7953300.0
2009-04-01,4.63,4.65,4.38,4.48,,6920600.0
2009-04-02,4.64,4.8,4.5,4.73,,5771800.0
2009-04-03,4.71,5.18,4.45,5.17,,6624600.0
2009-04-06,5.08,5.1,4.78,4.94,,5465300.0
2009-04-07,4.86,4.9,4.63,4.65,,5685600.0
2009-04-08,4.67,4.86,4.63,4.79,,3670600.0
2009-04-09,4.98,5.62,4.89,5.6,,7003000.0
2009-04-13,5.48,5.89,5.35,5.76,,5728400.0
2009-04-14,5.69,5.79,5.22,5.24,,7377100.0
2009-04-15,5.22,5.67,5.05,5.65,,4836800.0
2009-04-16,5.63,5.95,5.3,5.75,,5152100.0
2009-04-17,5.72,5.93,5.5,5.76,,4914300.0
2009-04-20,5.6,5.71,4.97,4.99,,6325800.0
2009-04-21,4.94,5.73,4.82,5.67,,8140700.0
2009-04-22,5.4,5.84,5.3,5.59,,7599800.0
2009-04-23,5.6,5.74,5.41,5.71,,5359000.0
2009-04-24,5.73,6.3,5.56,6.12,,8040200.0
2009-04-27,5.97,6.04,5.43,5.6,,4964200.0
2009-04-28,5.52,5.83,5.46,5.61,,4087300.0
2009-04-29,5.65,5.85,5.59,5.75,,5197500.0
2009-04-30,5.79,5.87,5.63,5.77,,4609200.0
2009-05-01,5.73,5.8,5.56,5.61,,5371800.0
2009-05-04,5.72,6.31,5.63,6.28,,5563000.0
2009-05-05,6.19,6.27,5.82,5.84,,5036100.0
2009-05-06,6.15,6.3,5.85,6.14,,5727400.0
2009-05-07,6.21,6.25,5.54,5.64,,7449000.0
2009-05-08,5.7,6.23,5.64,6.2,,5430300.0
2009-05-11,5.71,6.01,5.45,5.84,,4860100.0
2009-05-12,5.87,5.97,5.46,5.7,,4132400.0
2009-05-13,5.6,5.6,5.12,5.17,,5331500.0
2009-05-14,5.29,5.57,5.07,5.52,,5169500.0
2009-05-15,5.54,5.63,5.19,5.32,,4618300.0
2009-05-18,5.49,6.1,5.38,6.03,,6278700.0
2009-05-19,5.87,6.05,5.72,5.83,,4148200.0
2009-05-20,5.9,6.12,5.79,5.81,,3667600.0
2009-05-21,5.7,6.0,5.69,5.95,,2911800.0
2009-05-22,5.97,6.08,5.79,5.83,,2842900.0
2009-05-26,5.63,6.37,5.44,6.3,,6374200.0
2009-05-27,6.32,6.32,6.01,6.03,,4851300.0
2009-05-28,6.11,6.19,5.89,6.07,,4879900.0
2009-05-29,6.03,6.36,5.95,6.3,,8349200.0
2009-06-01,6.43,6.83,6.32,6.48,,5171100.0
2009-06-02,6.48,6.5,6.26,6.34,,3103500.0
2009-06-03,6.28,6.39,6.2,6.37,,2273400.0
2009-06-04,6.26,6.54,6.24,6.43,,3057600.0
2009-06-05,6.46,6.56,6.31,6.36,,3067400.0
2009-06-08,6.36,6.47,6.22,6.4,,2603700.0
2009-06-09,6.41,6.52,6.22,6.43,,2435200.0
2009-06-10,6.55,6.58,6.01,6.18,,3203500.0
2009-06-11,6.2,6.34,6.03,6.05,,2141100.0
2009-06-12,6.0,6.45,5.99,6.43,,2504600.0
2009-06-15,6.32,6.35,6.02,6.07,,3856500.0
2009-06-16,6.09,6.22,5.87,6.02,,2438800.0
2009-06-17,5.96,6.14,5.83,5.93,,2790100.0
2009-06-18,5.99,6.15,5.88,6.09,,2615400.0
2009-06-19,6.11,6.19,6.01,6.18,,2745500.0
2009-06-22,6.11,6.16,5.87,5.88,,3405800.0
2009-06-23,5.88,5.98,5.68,5.7,,3924500.0
2009-06-24,5.73,5.86,5.59,5.65,,3967300.0
2009-06-25,5.64,5.76,5.52,5.71,,2700900.0
2009-06-26,5.68,5.91,5.67,5.84,,2570700.0
2009-06-29,5.89,5.91,5.69,5.75,,2472500.0
2009-06-30,5.76,5.95,5.76,5.92,,2807900.0
2009-07-01,5.94,6.13,5.92,6.08,,3200200.0
2009-07-02,6.0,6.03,5.76,5.79,,4446300.0
2009-07-06,5.78,6.0,5.72,5.98,,2753600.0
2009-07-07,5.99,5.99,5.75,5.77,,4248900.0
2009-07-08,5.87,5.87,5.42,5.5,,5613100.0
2009-07-09,5.62,5.62,5.43,5.45,,3992400.0
2009-07-10,5.42,5.94,5.29,5.42,,1957500.0
2009-07-13,5.45,5.63,5.37,5.62,,2827000.0
2009-07-14,5.66,5.72,5.46,5.68,,1597800.0
2009-07-15,5.76,5.87,5.59,5.82,,3271100.0
2009-07-16,5.74,5.86,5.63,5.8,,2685600.0
2009-07-17,5.78,5.81,5.5,5.53,,3238800.0
2009-07-20,5.56,5.67,5.54,5.65,,4142300.0
2009-07-21,5.71,5.71,5.51,5.62,,2759400.0
2009-07-22,5.55,5.71,5.53,5.62,,4586200.0
2009-07-23,5.59,5.87,5.58,5.83,,4705600.0
2009-07-24,5.81,5.91,5.69,5.88,,1613200.0
2009-07-27,5.88,5.94,5.76,5.94,,3195700.0
2009-07-28,5.9,6.1,5.87,6.08,,2312500.0
2009-07-29,5.96,6.07,5.9,6.0,,1781300.0
2009-07-30,6.1,6.37,6.07,6.23,,2521100.0
2009-07-31,6.19,6.28,6.08,6.1,,2510600.0
2009-08-03,6.19,6.28,6.05,6.15,,2739200.0
2009-08-04,6.12,6.7,6.04,6.62,,4266900.0
2009-08-05,6.92,7.64,6.85,7.47,,8811300.0
2009-08-06,7.59,7.8,7.34,7.45,,5508000.0
2009-08-07,7.61,8.17,7.48,8.0,,3996900.0
2009-08-10,7.9,7.93,7.65,7.75,,2692000.0
2009-08-11,7.74,7.75,7.45,7.63,,3184400.0
2009-08-12,7.64,7.91,7.61,7.64,,2499800.0
2009-08-13,7.67,7.86,7.55,7.74,,2467000.0
2009-08-14,7.65,7.74,7.46,7.72,,2004700.0
2009-08-17,7.36,7.48,7.26,7.33,,4215300.0
2009-08-18,7.37,7.58,7.25,7.45,,2981900.0
2009-08-19,7.35,7.47,7.23,7.33,,2180800.0
2009-08-20,7.24,7.52,7.2,7.47,,3698900.0
2009-08-21,7.6,7.99,7.59,7.77,,3639800.0
2009-08-24,7.83,7.88,7.69,7.73,,2342500.0
2009-08-25,7.74,7.9,7.64,7.67,,4426900.0
2009-08-26,7.67,7.74,7.52,7.61,,3315200.0
2009-08-27,7.61,7.62,7.4,7.55,,3211500.0
2009-08-28,7.64,7.65,7.44,7.64,,3758300.0
2009-08-31,7.52,7.55,7.43,7.47,,3017700.0
2009-09-01,7.44,7.53,7.14,7.17,,4395200.0
2009-09-02,7.12,7.21,6.97,6.97,,3305700.0
2009-09-03,7.05,7.24,6.96,7.24,,4028000.0
2009-09-04,7.24,7.29,7.05,7.27,,2457400.0
2009-09-08,7.3,7.59,7.15,7.58,,2901400.0
2009-09-09,7.48,7.88,7.44,7.81,,3795100.0
2009-09-10,7.78,7.97,7.65,7.93,,2178100.0
2009-09-11,7.92,8.06,7.8,7.93,,2195200.0
2009-09-14,7.85,8.32,7.85,8.32,,2208900.0
2009-09-15,8.31,8.68,8.14,8.41,,4209200.0
2009-09-16,8.49,8.9,8.41,8.75,,4512200.0
2009-09-17,8.69,9.09,8.58,8.62,,3940400.0
2009-09-18,8.67,8.83,8.49,8.72,,3869800.0
2009-09-21,8.77,8.93,8.57,8.66,,2147100.0
2009-09-22,8.72,8.95,8.64,8.91,,2318500.0
2009-09-23,9.12,9.16,8.75,8.77,,4448300.0
2009-09-24,8.77,8.92,8.43,8.65,,3971300.0
2009-09-25,8.55,8.9,8.52,8.77,,3246800.0
2009-09-28,8.84,9.26,8.76,9.26,,2874900.0
2009-09-29,9.28,9.35,8.97,8.97,,2625300.0
2009-09-30,9.25,9.47,8.97,9.19,,4292900.0
2009-10-01,9.13,9.17,8.75,8.75,,5741600.0
2009-10-02,8.58,8.94,8.48,8.55,,4320200.0
2009-10-05,8.64,9.0,8.64,8.83,,2852800.0
2009-10-06,8.96,9.07,8.64,8.77,,2256900.0
2009-10-07,8.75,8.9,8.59,8.81,,2212200.0
2009-10-08,8.89,9.13,8.87,9.03,,2370000.0
2009-10-09,9.02,9.13,8.93,9.09,,1458700.0
2009-10-12,9.13,9.21,9.07,9.1,,969300.0
2009-10-13,9.05,9.1,8.89,8.97,,1870200.0
2009-10-14,9.11,9.21,9.05,9.16,,1222200.0
2009-10-15,9.12,9.19,9.06,9.17,,585000.0
2009-10-16,9.04,9.11,8.89,8.98,,2325400.0
2009-10-19,8.99,9.33,8.99,9.23,,3106500.0
2009-10-20,8.92,8.92,8.51,8.6,,6526700.0
2009-10-21,8.59,8.73,8.26,8.37,,4232200.0
2009-10-22,8.37,8.86,8.24,8.84,,3595200.0
2009-10-23,8.82,8.87,8.57,8.62,,3058400.0
2009-10-26,8.65,8.79,8.52,8.59,,2538500.0
2009-10-27,8.64,8.69,8.39,8.41,,2306500.0
2009-10-28,8.63,8.78,8.23,8.23,,3524200.0
2009-10-29,8.4,8.57,8.33,8.55,,3889200.0
2009-10-30,8.55,8.66,8.29,8.49,,6016900.0
2009-11-02,8.53,8.73,8.27,8.5,,3902900.0
2009-11-03,8.4,8.6,8.3,8.55,,3151000.0
2009-11-04,8.65,8.72,8.32,8.36,,2694000.0
2009-11-05,8.48,8.59,8.33,8.49,,2871400.0
2009-11-06,8.34,8.46,8.27,8.34,,2396600.0
2009-11-09,8.41,8.78,8.41,8.72,,3853100.0
2009-11-10,8.63,8.84,8.56,8.75,,3040100.0
2009-11-11,8.86,9.04,8.79,9.01,,2111200.0
2009-11-12,8.97,9.04,8.78,8.78,,2232400.0
2009-11-13,8.81,9.04,8.78,9.04,,2651300.0
2009-11-16,9.13,9.28,9.07,9.17,,2083500.0
2009-11-17,9.11,9.27,9.04,9.07,,3234000.0
2009-11-18,9.09,9.35,8.99,9.29,,2503600.0
2009-11-19,9.21,9.21,8.91,8.93,,2487100.0
2009-11-20,8.82,8.95,8.76,8.81,,1615200.0
2009-11-23,9.0,9.06,8.79,8.86,,1563900.0
2009-11-24,8.85,8.86,8.56,8.62,,1902000.0
2009-11-25,8.57,8.78,8.57,8.69,,1047900.0
2009-11-27,8.55,8.67,8.39,8.49,,896500.0
2009-11-30,8.56,8.86,8.44,8.84,,2257500.0
2009-12-01,8.83,9.05,8.81,9.0,,1623600.0
2009-12-02,8.95,9.15,8.95,9.08,,2278700.0
2009-12-03,9.11,9.26,8.98,9.02,,2253300.0
2009-12-04,9.2,9.45,9.19,9.42,,2791700.0
2009-12-07,9.38,9.41,9.01,9.08,,2316700.0
2009-12-08,8.96,9.18,8.92,8.99,,1565100.0
2009-12-09,8.98,9.04,8.85,8.87,,1605000.0
2009-12-10,8.94,8.96,8.72,8.8,,1250100.0
2009-12-11,8.86,8.94,8.75,8.91,,1346300.0
2009-12-14,9.07,9.18,8.8,9.16,,2099100.0
2009-12-15,9.08,9.11,9.0,9.06,,1556100.0
2009-12-16,9.09,9.23,9.08,9.18,,1447600.0
2009-12-17,9.09,9.24,9.05,9.14,,1257900.0
2009-12-18,9.19,9.31,9.01,9.31,,2148400.0
2009-12-21,9.31,9.45,9.28,9.45,,1901000.0
2009-12-22,9.39,9.72,9.39,9.69,,1989400.0
2009-12-23,9.7,9.95,9.65,9.9,,2767500.0
2009-12-24,9.96,10.02,9.89,10.0,,590100.0
2009-12-28,10.01,10.19,9.96,10.03,,1758400.0
2009-12-29,10.02,10.12,9.84,9.89,,1241500.0
2009-12-30,9.88,9.92,9.77,9.85,,1229900.0
2009-12-31,9.77,9.89,9.67,9.71,,1949100.0
2010-01-04,9.78,9.87,9.53,9.57,,1835200.0
2010-01-05,9.57,9.63,9.45,9.56,,1665600.0
2010-01-06,9.58,9.7,9.43,9.5,,1889000.0
2010-01-07,9.47,9.7,9.34,9.57,,1792000.0
2010-01-08,9.47,9.56,9.31,9.38,,1099800.0
2010-01-11,9.5,9.6,9.43,9.44,,1531200.0
2010-01-12,9.55,9.59,9.17,9.21,,2410800.0
2010-01-13,9.22,9.53,9.17,9.48,,1949500.0
2010-01-14,9.39,9.46,9.32,9.4,,1234000.0
2010-01-15,9.33,9.4,9.22,9.29,,1531600.0
2010-01-19,9.32,9.54,9.26,9.51,,1855900.0
2010-01-20,9.44,9.45,9.23,9.42,,1500100.0
2010-01-21,9.41,9.51,9.16,9.17,,2653500.0
2010-01-22,9.22,9.29,8.92,8.94,,1828500.0
2010-01-25,9.13,9.24,8.87,9.13,,1979500.0
2010-01-26,9.05,9.17,8.92,9.07,,2069400.0
2010-01-27,9.05,9.2,8.91,9.2,,1789600.0
2010-01-28,9.2,9.34,9.09,9.22,,2003200.0
2010-01-29,9.27,9.38,9.18,9.29,,2573400.0
2010-02-01,9.36,9.48,9.3,9.41,,1844100.0
2010-02-02,9.22,9.61,9.22,9.59,,1547500.0
2010-02-03,9.51,9.52,9.22,9.38,,1881500.0
2010-02-04,9.28,9.39,9.14,9.16,,3858200.0
2010-02-05,9.17,9.44,9.08,9.44,,4798600.0
2010-02-08,9.39,9.53,9.25,9.27,,2499600.0
2010-02-09,9.44,9.44,8.95,9.01,,4455200.0
2010-02-10,8.95,9.05,8.65,8.78,,2427300.0
2010-02-11,8.75,8.99,8.64,8.99,,2589100.0
2010-02-12,8.9,9.11,8.82,9.05,,3174900.0
2010-02-16,9.16,9.42,9.03,9.41,,2689100.0
2010-02-17,9.42,9.59,9.38,9.54,,1880300.0
2010-02-18,9.53,9.77,9.42,9.71,,1486300.0
2010-02-19,9.67,9.79,9.6,9.74,,2532900.0
2010-02-22,9.79,9.9,9.67,9.84,,2141700.0
2010-02-23,9.83,9.89,9.73,9.85,,1853300.0
2010-02-24,9.87,9.99,9.83,9.98,,1598700.0
2010-02-25,9.85,9.97,9.78,9.96,,1633500.0
2010-02-26,9.93,10.12,9.84,10.03,,2227700.0
2010-03-01,10.06,10.14,9.96,10.02,,1512300.0
2010-03-02,10.04,10.06,9.94,10.0,,1114300.0
2010-03-03,10.0,10.02,9.89,9.89,,1133800.0
2010-03-04,9.91,9.98,9.84,9.87,,1751500.0
2010-03-05,9.93,10.14,9.87,10.12,,2811500.0
2010-03-08,10.07,10.3,10.0,10.22,,1515500.0
2010-03-09,10.18,10.37,10.12,10.19,,3724300.0
2010-03-10,10.24,10.31,10.09,10.15,,3167300.0
2010-03-11,10.08,10.33,10.06,10.31,,1495000.0
2010-03-12,10.36,10.42,10.24,10.34,,1327200.0
2010-03-15,10.33,10.4,10.09,10.28,,1231800.0
2010-03-16,10.33,10.65,10.28,10.63,,1674400.0
2010-03-17,10.58,10.77,10.21,10.65,,1793700.0
2010-03-18,10.61,10.75,10.55,10.61,,1482800.0
2010-03-19,10.61,10.65,10.49,10.61,,2503600.0
2010-03-22,10.51,10.67,10.49,10.62,,1855100.0
2010-03-23,10.6,10.64,10.43,10.59,,1585800.0
2010-03-24,10.54,10.65,10.5,10.63,,1600800.0
2010-03-25,10.67,10.91,10.67,10.73,,2194000.0
2010-03-26,10.78,10.9,10.71,10.78,,2124800.0
2010-03-29,10.82,10.83,10.67,10.71,,986600.0
2010-03-30,10.7,10.77,10.62,10.71,,2156900.0
2010-03-31,10.65,10.74,10.53,10.54,,1846600.0
2010-04-01,10.62,10.63,10.49,10.6,,1323200.0
2010-04-05,10.72,10.9,10.6,10.89,,1608900.0
2010-04-06,11.03,11.35,10.95,11.22,,3235300.0
2010-04-07,11.23,11.25,10.86,10.96,,2054300.0
2010-04-08,10.94,11.09,10.83,11.06,,1727300.0
2010-04-09,11.1,11.44,11.08,11.44,,2290000.0
2010-04-12,11.42,11.55,11.33,11.43,,2954100.0
2010-04-13,11.41,11.88,11.39,11.86,,3174700.0
2010-04-14,11.94,11.95,11.82,11.94,,3230900.0
2010-04-15,11.87,11.91,11.62,11.64,,2798700.0
2010-04-16,11.6,11.8,11.48,11.51,,3658100.0
2010-04-19,11.44,11.68,11.39,11.67,,3055100.0
2010-04-20,11.72,11.9,11.61,11.9,,1899400.0
2010-04-21,11.88,12.43,11.88,12.27,,2948600.0
2010-04-22,12.12,12.56,12.07,12.53,,1994700.0
2010-04-23,12.56,12.79,12.38,12.7,,4019300.0
2010-04-26,12.64,12.82,12.55,12.6,,3317500.0
2010-04-27,12.5,12.7,12.31,12.32,,2773300.0
2010-04-28,12.35,12.51,12.24,12.28,,2711200.0
2010-04-29,12.44,12.87,12.41,12.82,,4995500.0
2010-04-30,12.8,12.97,12.24,12.25,,2991000.0
2010-05-03,12.37,12.91,12.37,12.74,,2873600.0
2010-05-04,12.51,13.04,12.38,12.91,,3311700.0
2010-05-05,12.83,13.08,12.62,12.72,,4284900.0
2010-05-06,12.57,12.76,11.37,12.17,,4497100.0
2010-05-07,12.16,12.53,11.76,11.94,,3499300.0
2010-05-10,12.51,12.71,12.41,12.71,,3200600.0
2010-05-11,12.5,12.99,12.43,12.79,,3017000.0
2010-05-12,12.88,13.16,12.82,13.06,,2888300.0
2010-05-13,13.05,13.13,12.79,12.85,,1917700.0
2010-05-14,12.72,12.81,12.43,12.57,,2548100.0
2010-05-17,12.62,12.8,12.12,12.59,,1728400.0
2010-05-18,12.79,12.83,12.27,12.31,,2585900.0
2010-05-19,12.3,12.48,11.94,12.23,,3032800.0
2010-05-20,11.89,12.06,11.56,11.58,,3184600.0
2010-05-21,11.39,11.95,11.31,11.92,,3479400.0
2010-05-24,11.88,11.92,11.5,11.51,,1908100.0
2010-05-25,11.2,11.65,11.03,11.6,,3890600.0
2010-05-26,11.66,12.01,11.55,11.68,,2788800.0
2010-05-27,11.94,12.4,11.81,12.38,,3245600.0
2010-05-28,12.38,12.51,12.21,12.26,,3009900.0
2010-06-01,12.13,12.26,11.93,11.95,,2930500.0
2010-06-02,12.01,12.23,11.85,12.23,,2197600.0
2010-06-03,12.2,12.26,11.91,11.94,,2729200.0
2010-06-04,11.67,11.8,10.91,11.04,,6164400.0
2010-06-07,11.1,11.27,10.92,11.02,,5322800.0
2010-06-08,11.02,11.22,10.72,11.17,,3973600.0
2010-06-09,11.29,11.74,11.28,11.4,,3804500.0
2010-06-10,11.65,11.92,11.53,11.87,,3255400.0
2010-06-11,11.78,12.06,11.71,12.01,,2250100.0
2010-06-14,12.13,12.35,12.06,12.2,,2475100.0
2010-06-15,12.25,12.5,12.19,12.45,,1334800.0
2010-06-16,12.38,12.53,12.25,12.44,,1771000.0
2010-06-17,12.44,12.58,12.33,12.51,,2033500.0
2010-06-18,12.56,12.61,12.41,12.56,,2787500.0
2010-06-21,12.67,12.76,12.26,12.32,,1978500.0
2010-06-22,12.32,12.45,11.71,11.73,,3322900.0
2010-06-23,11.71,11.96,11.49,11.77,,2179600.0
2010-06-24,11.67,11.8,11.4,11.45,,3025900.0
2010-06-25,11.53,11.88,11.42,11.86,,3485100.0
2010-06-28,11.97,12.06,11.82,11.91,,2674600.0
2010-06-29,11.69,11.77,11.45,11.54,,3636600.0
2010-06-30,11.54,11.89,11.47,11.54,,3527600.0
2010-07-01,11.52,11.62,11.19,11.56,,3051500.0
2010-07-02,11.34,11.51,11.05,11.14,,3270300.0
2010-07-06,11.27,11.46,10.81,10.95,,4214700.0
2010-07-07,10.95,11.63,10.95,11.62,,3970100.0
2010-07-08,11.95,12.11,11.69,11.93,,3146000.0
2010-07-09,11.86,12.19,11.86,12.17,,2273700.0
2010-07-12,12.12,12.22,11.94,12.13,,1487000.0
2010-07-13,12.29,12.47,12.26,12.41,,1867600.0
2010-07-14,12.32,12.43,12.05,12.25,,1999600.0
2010-07-15,12.25,12.35,11.94,12.29,,1732500.0
2010-07-16,12.16,12.28,11.59,11.68,,2283800.0
2010-07-19,11.75,11.97,11.44,11.89,,1493700.0
2010-07-20,11.67,12.17,11.59,12.16,,1743300.0
2010-07-21,12.29,12.29,11.78,11.84,,1930100.0
2010-07-22,12.06,12.48,12.0,12.4,,1940700.0
2010-07-23,12.36,12.55,12.14,12.55,,2110700.0
2010-07-26,12.56,13.02,12.43,12.99,,1623600.0
2010-07-27,13.09,13.21,12.85,12.93,,2875100.0
2010-07-28,12.87,13.14,12.86,13.02,,1435700.0
2010-07-29,13.12,13.17,12.69,12.82,,2323100.0
2010-07-30,12.65,12.93,12.53,12.85,,1532500.0
2010-08-02,13.1,13.38,13.07,13.18,,2204600.0
2010-08-03,13.07,13.19,12.87,12.98,,2267500.0
2010-08-04,13.06,13.07,12.81,12.88,,2466000.0
2010-08-05,12.78,13.01,12.76,12.77,,1891000.0
2010-08-06,12.67,12.81,12.48,12.69,,2011200.0
2010-08-09,12.78,12.93,12.67,12.89,,1002900.0
2010-08-10,12.68,12.92,12.62,12.76,,1168100.0
2010-08-11,12.48,12.63,12.33,12.42,,1718000.0
2010-08-12,12.25,12.4,12.17,12.25,,1409700.0
2010-08-13,11.92,12.38,11.87,12.26,,1636600.0
2010-08-16,12.29,12.4,12.09,12.2,,1687000.0
2010-08-17,12.33,12.47,12.25,12.42,,2562400.0
2010-08-18,12.42,12.62,12.29,12.48,,1218600.0
2010-08-19,12.42,12.42,12.01,12.11,,1685800.0
2010-08-20,12.03,12.11,11.95,12.11,,1086300.0
2010-08-23,12.19,12.35,12.15,12.22,,1141800.0
2010-08-24,12.01,12.32,11.95,12.17,,1498900.0
2010-08-25,12.01,12.46,12.01,12.4,,1159700.0
2010-08-26,12.47,12.58,12.22,12.24,,1219300.0
2010-08-27,12.36,12.54,12.11,12.45,,1879000.0
2010-08-30,12.41,12.67,12.35,12.35,,1119300.0
2010-08-31,12.33,12.6,12.29,12.53,,1585200.0
2010-09-01,12.76,13.03,12.69,13.02,,2289200.0
2010-09-02,13.02,13.22,12.93,13.06,,1921100.0
2010-09-03,13.24,13.33,13.11,13.33,,1122600.0
2010-09-07,13.24,13.29,13.09,13.1,,1215800.0
2010-09-08,12.49,12.68,12.47,12.62,,13982800.0
2010-09-09,12.77,12.77,12.54,12.59,,2151000.0
2010-09-10,12.6,12.73,12.55,12.68,,1548600.0
2010-09-13,12.81,12.87,12.69,12.86,,1622000.0
2010-09-14,12.79,12.96,12.74,12.87,,1816800.0
2010-09-15,12.79,13.03,12.76,12.95,,1747300.0
2010-09-16,12.93,13.07,12.89,12.96,,1347300.0
2010-09-17,13.03,13.16,12.88,13.13,,1968200.0
2010-09-20,13.26,13.55,13.22,13.46,,2182100.0
2010-09-21,13.43,13.44,13.1,13.13,,2566600.0
2010-09-22,13.11,13.26,12.85,12.89,,1698800.0
2010-09-23,12.74,12.81,12.42,12.48,,2503200.0
2010-09-24,12.68,12.87,12.62,12.85,,2125600.0
2010-09-27,12.84,12.84,12.58,12.7,,1624900.0
2010-09-28,12.68,12.87,12.47,12.86,,2351700.0
2010-09-29,12.78,12.91,12.72,12.8,,2949000.0
2010-09-30,12.88,13.06,12.81,12.85,,3793700.0
2010-10-01,12.99,13.07,12.78,13.04,,2199400.0
2010-10-04,13.03,13.13,12.98,13.06,,2512000.0
2010-10-05,13.2,13.31,13.07,13.22,,2378200.0
2010-10-06,13.22,13.32,13.07,13.17,,1692600.0
2010-10-07,13.25,13.35,13.07,13.1,,1169800.0
2010-10-08,13.1,13.27,13.07,13.2,,1296300.0
2010-10-11,13.17,13.27,13.15,13.18,,1084900.0
2010-10-12,13.17,13.32,13.07,13.25,,1860700.0
2010-10-13,13.43,13.64,13.28,13.42,,1832100.0
2010-10-14,13.36,13.53,13.26,13.34,,1635900.0
2010-10-15,13.39,13.45,13.32,13.34,,1261400.0
2010-10-18,13.36,13.66,13.34,13.66,,1872600.0
2010-10-19,13.5,13.79,13.42,13.46,,2600300.0
2010-10-20,13.5,13.85,13.5,13.73,,1740300.0
2010-10-21,13.78,13.95,13.64,13.71,,1779400.0
2010-10-22,13.77,14.01,13.71,13.98,,2899200.0
2010-10-25,14.07,14.11,13.86,13.91,,2073500.0
2010-10-26,13.81,13.9,13.74,13.85,,2278100.0
2010-10-27,13.8,13.85,13.64,13.8,,2613800.0
2010-10-28,13.88,13.92,13.58,13.73,,2036900.0
2010-10-29,13.65,13.87,13.62,13.8,,2264500.0
2010-11-01,13.93,14.07,13.75,13.91,,1960800.0
2010-11-02,13.99,14.03,13.72,13.82,,1847300.0
2010-11-03,13.84,14.07,13.77,14.06,,2515800.0
2010-11-04,14.2,14.47,14.12,14.47,,2053900.0
2010-11-05,14.45,14.79,14.36,14.76,,2543700.0
2010-11-08,14.71,14.79,14.41,14.53,,1926700.0
2010-11-09,14.58,14.59,13.65,13.79,,4172500.0
2010-11-10,13.8,14.07,13.79,14.05,,2877600.0
2010-11-11,13.76,14.07,13.71,13.99,,2289900.0
2010-11-12,13.74,14.01,13.63,13.63,,3209200.0
2010-11-15,13.7,13.85,13.57,13.6,,1966200.0
2010-11-16,13.52,13.58,13.05,13.17,,2433400.0
2010-11-17,13.17,13.38,13.09,13.28,,1391100.0
2010-11-18,13.46,13.57,13.37,13.45,,1706900.0
2010-11-19,13.41,13.61,13.28,13.57,,1331700.0
2010-11-22,13.46,13.66,13.42,13.61,,1222300.0
2010-11-23,13.46,13.57,13.42,13.45,,1803400.0
2010-11-24,13.6,13.79,13.55,13.73,,1859200.0
2010-11-26,13.48,13.8,13.47,13.7,,753800.0
2010-11-29,13.53,13.85,13.46,13.79,,1918800.0
2010-11-30,13.66,13.87,13.64,13.69,,2556300.0
2010-12-01,13.88,13.9,13.58,13.81,,1815900.0
2010-12-02,13.84,14.03,13.82,14.0,,1673700.0
2010-12-03,13.93,14.07,13.85,13.99,,1318500.0
2010-12-06,13.98,14.01,13.7,13.94,,1005600.0
2010-12-07,14.07,14.15,13.96,13.99,,1026100.0
2010-12-08,13.99,14.02,13.63,13.77,,1301400.0
2010-12-09,13.84,13.88,13.58,13.59,,1449300.0
2010-12-10,13.59,14.06,13.58,14.03,,1682200.0
2010-12-13,14.09,14.22,13.95,14.06,,1215200.0
2010-12-14,14.1,14.26,13.87,13.91,,1378600.0
2010-12-15,13.78,13.98,13.71,13.74,,2188300.0
2010-12-16,13.77,13.84,13.6,13.7,,1265300.0
2010-12-17,13.72,13.83,13.67,13.82,,3014200.0
2010-12-20,13.84,14.07,13.78,13.99,,1117500.0
2010-12-21,14.06,14.08,13.93,14.07,,1159200.0
2010-12-22,14.12,14.32,14.03,14.23,,2047900.0
2010-12-23,14.27,14.44,14.2,14.22,,1288000.0
2010-12-27,14.17,14.46,14.16,14.44,,767600.0
2010-12-28,14.46,14.5,14.26,14.33,,1084100.0
2010-12-29,14.34,14.42,14.22,14.41,,1085600.0
2010-12-30,14.41,14.49,14.37,14.44,,831700.0
2010-12-31,14.4,14.53,14.39,14.44,,1080300.0
2011-01-03,14.59,14.67,14.5,14.65,,1815600.0
2011-01-04,14.69,14.69,14.18,14.19,,2389100.0
2011-01-05,14.14,14.35,14.05,14.07,,1767000.0
2011-01-06,14.04,14.25,13.95,13.96,,2494900.0
2011-01-07,13.95,14.09,13.74,13.85,,3042000.0
2011-01-10,13.78,13.95,13.62,13.87,,2805300.0
2011-01-11,13.95,13.99,13.71,13.95,,1822000.0
2011-01-12,14.13,14.24,13.97,14.16,,1924000.0
2011-01-13,14.11,14.26,14.05,14.1,,1780300.0
2011-01-14,14.07,14.13,13.97,14.06,,1620400.0
2011-01-18,13.98,14.31,13.9,14.3,,2440600.0
2011-01-19,14.32,14.32,14.13,14.16,,1560600.0
2011-01-20,14.08,14.34,14.05,14.15,,1294500.0
2011-01-21,14.19,14.27,14.14,14.2,,1193500.0
2011-01-24,14.24,14.53,14.21,14.4,,924300.0
2011-01-25,14.35,14.57,14.31,14.52,,3066400.0
2011-01-26,14.58,14.65,14.41,14.51,,2548600.0
2011-01-27,14.58,14.76,14.51,14.65,,1474300.0
2011-01-28,14.64,14.69,14.34,14.37,,1256200.0
2011-01-31,14.47,14.63,14.45,14.53,,2205600.0
2011-02-01,14.65,14.65,14.35,14.53,,2619200.0
2011-02-02,14.51,14.72,14.51,14.6,,1082600.0
2011-02-03,14.58,14.7,14.52,14.67,,743000.0
2011-02-04,14.71,14.71,14.37,14.45,,1502400.0
2011-02-07,14.49,14.65,14.45,14.65,,1518400.0
2011-02-08,14.6,14.6,14.38,14.45,,1304700.0
2011-02-09,14.39,14.56,14.39,14.51,,1153800.0
2011-02-10,14.46,14.66,14.45,14.59,,1468400.0
2011-02-11,14.55,14.91,14.55,14.85,,1773400.0
2011-02-14,14.89,15.02,14.81,14.99,,1379800.0
2011-02-15,14.91,14.99,14.83,14.88,,838300.0
2011-02-16,14.92,15.05,14.68,14.74,,1095200.0
2011-02-17,14.7,14.83,14.65,14.73,,1282900.0
2011-02-18,14.78,14.85,14.65,14.76,,898500.0
2011-02-22,14.63,14.82,14.6,14.68,,1736000.0
2011-02-23,14.63,14.75,14.42,14.53,,1569900.0
2011-02-24,14.53,14.6,14.27,14.47,,2556400.0
2011-02-25,14.55,14.74,14.55,14.73,,2508700.0
2011-02-28,14.79,15.09,14.75,15.05,,2291100.0
2011-03-01,15.04,15.11,14.65,14.65,,1724500.0
2011-03-02,14.66,14.84,14.49,14.6,,2267600.0
2011-03-03,14.7,14.84,14.63,14.76,,1568400.0
2011-03-04,14.71,14.75,14.52,14.6,,1576700.0
2011-03-07,14.57,14.74,14.49,14.55,,1893600.0
2011-03-08,14.58,14.8,14.55,14.72,,1219500.0
2011-03-09,14.71,14.79,14.53,14.67,,1358200.0
2011-03-10,14.52,14.53,14.39,14.4,,1258100.0
2011-03-11,14.29,14.7,14.29,14.65,,1512400.0
2011-03-14,14.57,14.65,14.45,14.5,,1103600.0
2011-03-15,14.14,14.53,14.1,14.42,,1570300.0
2011-03-16,14.4,14.53,14.22,14.32,,1952500.0
2011-03-17,14.53,14.55,14.27,14.47,,1157600.0
2011-03-18,14.6,14.6,14.46,14.53,,1697100.0
2011-03-21,14.7,14.75,14.59,14.73,,1179400.0
2011-03-22,14.71,14.76,14.47,14.53,,1359100.0
2011-03-23,14.49,14.55,14.31,14.43,,1468800.0
2011-03-24,14.48,14.61,14.35,14.53,,1855800.0
2011-03-25,14.54,14.75,14.51,14.6,,992900.0
2011-03-28,14.65,14.71,14.52,14.58,,826100.0
2011-03-29,14.58,14.71,14.39,14.68,,1108000.0
2011-03-30,14.72,14.89,14.65,14.86,,1434400.0
2011-03-31,14.81,15.1,14.81,15.08,,1624400.0
2011-04-01,15.15,15.18,15.02,15.14,,2296200.0
2011-04-04,15.16,15.28,15.08,15.14,,1280000.0
2011-04-05,15.09,15.23,15.03,15.11,,1376600.0
2011-04-06,15.26,15.26,14.97,15.05,,2011500.0
2011-04-07,15.12,15.12,14.8,14.86,,1172300.0
2011-04-08,14.89,14.98,14.7,14.78,,986400.0
2011-04-11,14.78,14.95,14.7,14.77,,986300.0
2011-04-12,14.71,14.86,14.7,14.75,,1093800.0
2011-04-13,14.81,14.85,14.7,14.72,,1655300.0
2011-04-14,14.6,14.9,14.6,14.86,,2172300.0
2011-04-15,14.9,15.06,14.81,15.06,,1778600.0
2011-04-18,14.88,14.89,14.72,14.78,,1462000.0
2011-04-19,14.83,15.04,14.83,15.01,,1008100.0
2011-04-20,15.19,15.28,14.99,15.25,,997600.0
2011-04-21,15.3,15.43,15.14,15.4,,772800.0
2011-04-25,15.35,15.58,15.3,15.55,,865900.0
2011-04-26,15.58,15.81,15.5,15.71,,1100000.0
2011-04-27,15.75,15.86,15.66,15.86,,1080500.0
2011-04-28,15.84,16.32,15.83,16.14,,1994800.0
2011-04-29,16.13,16.29,15.94,16.14,,1327500.0
2011-05-02,16.15,16.5,15.99,16.12,,1525900.0
2011-05-03,16.11,16.29,15.86,16.04,,1200300.0
2011-05-04,16.04,16.08,15.88,15.88,,2097400.0
2011-05-05,15.8,16.18,15.79,16.03,,2700100.0
2011-05-06,16.16,16.17,15.75,15.77,,2817200.0
2011-05-09,15.72,15.89,15.68,15.83,,1693400.0
2011-05-10,15.85,16.14,15.85,16.05,,1417400.0
2011-05-11,16.04,16.04,15.78,15.86,,1388500.0
2011-05-12,15.78,15.85,15.65,15.79,,1136300.0
2011-05-13,15.81,15.83,15.6,15.66,,1135100.0
2011-05-16,15.63,15.84,15.58,15.72,,1198500.0
2011-05-17,15.68,15.74,15.6,15.69,,1764400.0
2011-05-18,15.69,15.87,15.62,15.79,,1375300.0
2011-05-19,15.89,15.96,15.76,15.84,,1953900.0
2011-05-20,15.78,15.84,15.65,15.68,,1471700.0
2011-05-23,15.48,15.68,15.43,15.58,,1240800.0
2011-05-24,15.6,15.68,15.53,15.59,,1058700.0
2011-05-25,15.56,15.79,15.5,15.74,,1466600.0
2011-05-26,15.66,16.01,15.66,15.93,,1382300.0
2011-05-27,15.94,16.04,15.89,15.96,,1733900.0
2011-05-31,16.08,16.28,15.97,16.25,,2904900.0
2011-06-01,16.22,16.28,15.6,15.61,,2520800.0
2011-06-02,15.63,15.83,15.47,15.5,,2288400.0
2011-06-03,15.32,15.74,15.28,15.58,,2479600.0
2011-06-06,15.56,15.61,15.36,15.37,,1366300.0
2011-06-07,15.44,15.76,15.38,15.61,,2047500.0
2011-06-08,15.55,15.73,15.53,15.65,,2131000.0
2011-06-09,15.7,15.7,15.44,15.57,,2185100.0
2011-06-10,15.5,15.53,15.22,15.22,,1836100.0
2011-06-13,15.28,15.43,15.21,15.33,,2052200.0
2011-06-14,15.46,15.56,15.38,15.51,,1177200.0
2011-06-15,15.36,15.46,15.12,15.28,,2002300.0
2011-06-16,15.27,15.38,14.92,15.22,,1797200.0
2011-06-17,15.39,15.39,15.18,15.36,,3256700.0
2011-06-20,15.33,15.61,15.31,15.55,,1190400.0
2011-06-21,15.65,15.66,15.47,15.61,,1970700.0
2011-06-22,15.41,15.64,15.38,15.48,,3059200.0
2011-06-23,15.29,15.29,14.92,15.03,,3206800.0
2011-06-24,15.03,15.15,14.87,14.98,,2051100.0
2011-06-27,14.97,15.13,14.97,15.04,,1271500.0
2011-06-28,15.11,15.28,15.0,15.2,,1623300.0
2011-06-29,15.29,15.37,15.18,15.33,,1612400.0
2011-06-30,15.37,15.44,15.29,15.31,,1519200.0
2011-07-01,15.32,15.72,15.29,15.65,,1560200.0
2011-07-05,15.71,15.85,15.6,15.84,,2628800.0
2011-07-06,15.83,16.06,15.75,15.98,,2550300.0
2011-07-07,16.18,16.28,16.09,16.14,,3284400.0
2011-07-08,15.96,16.13,15.95,16.08,,1609200.0
2011-07-11,15.91,16.0,15.8,15.91,,2044900.0
2011-07-12,15.86,16.29,15.84,16.06,,1793500.0
2011-07-13,15.99,16.37,15.71,16.27,,19500500.0
2011-07-14,16.28,16.28,16.06,16.14,,4599500.0
2011-07-15,16.16,16.33,16.09,16.33,,2713800.0
2011-07-18,16.26,16.4,16.13,16.38,,3081700.0
2011-07-19,16.51,16.7,16.43,16.69,,3205100.0
2011-07-20,16.8,16.82,16.58,16.81,,2466200.0
2011-07-21,16.92,17.06,16.77,16.85,,2453500.0
2011-07-22,16.88,17.07,16.8,17.06,,1402800.0
2011-07-25,16.88,17.13,16.8,16.9,,1925900.0
2011-07-26,16.94,17.08,16.83,16.99,,2064900.0
2011-07-27,16.89,16.92,16.51,16.51,,2396700.0
2011-07-28,16.53,16.65,16.3,16.42,,2054500.0
2011-07-29,16.28,16.6,16.13,16.53,,3829300.0
2011-08-01,16.55,16.77,16.3,16.43,,4041100.0
2011-08-02,16.34,16.57,16.08,16.1,,3272700.0
2011-08-03,16.03,16.08,15.46,15.98,,5218100.0
2011-08-04,15.72,15.89,15.13,15.14,,4343100.0
2011-08-05,15.31,15.35,14.47,14.57,,5632100.0
2011-08-08,14.49,14.5,13.31,13.31,,7060500.0
2011-08-09,13.56,14.73,13.39,14.73,,7137800.0
2011-08-10,14.41,15.09,14.24,14.38,,5994900.0
2011-08-11,14.48,15.6,14.37,15.32,,4262000.0
2011-08-12,15.5,15.68,15.01,15.09,,2871600.0
2011-08-15,15.23,15.67,15.2,15.67,,2481500.0
2011-08-16,15.46,15.84,15.36,15.74,,3662300.0
2011-08-17,15.8,16.04,15.69,15.88,,4879300.0
2011-08-18,15.6,15.68,15.07,15.21,,3705600.0
2011-08-19,14.92,15.47,14.84,15.02,,3290400.0
2011-08-22,15.36,15.49,15.08,15.3,,3615800.0
2011-08-23,15.33,15.77,15.17,15.72,,3076500.0
2011-08-24,15.69,16.22,15.65,16.21,,3273100.0
2011-08-25,16.33,16.57,15.58,15.76,,2809600.0
2011-08-26,15.58,16.2,15.3,16.17,,2548000.0
2011-08-29,16.35,16.51,16.26,16.51,,1834200.0
2011-08-30,16.43,16.62,16.18,16.49,,1654000.0
2011-08-31,16.59,16.82,16.39,16.79,,2535300.0
2011-09-01,16.85,16.89,16.46,16.46,,2453300.0
2011-09-02,16.13,16.47,16.13,16.18,,2339700.0
2011-09-06,15.69,16.24,15.69,16.21,,2235400.0
2011-09-07,16.46,16.86,16.15,16.85,,1896900.0
2011-09-08,16.75,16.95,16.59,16.73,,1642800.0
2011-09-09,16.53,16.73,16.07,16.21,,2143200.0
2011-09-12,15.97,16.33,15.92,16.33,,2247500.0
2011-09-13,16.41,16.5,16.14,16.46,,2356100.0
2011-09-14,16.58,16.59,16.18,16.48,,2304500.0
2011-09-15,16.6,16.68,16.45,16.62,,2460900.0
2011-09-16,16.57,16.8,16.35,16.75,,4513200.0
2011-09-19,16.48,16.56,16.31,16.34,,2650600.0
2011-09-20,16.38,16.45,16.11,16.11,,2496000.0
2011-09-21,16.09,16.14,15.06,15.07,,4584900.0
2011-09-22,14.56,14.93,14.21,14.33,,5020100.0
2011-09-23,14.27,14.49,14.19,14.44,,2740400.0
2011-09-26,14.59,14.69,14.28,14.55,,2394500.0
2011-09-27,14.87,14.91,14.47,14.59,,2517100.0
2011-09-28,14.59,14.65,14.08,14.08,,2817700.0
2011-09-29,14.38,14.43,14.05,14.29,,2576500.0
2011-09-30,14.07,14.28,13.91,13.91,,3155300.0
2011-10-03,13.85,14.01,13.05,13.05,,3895400.0
2011-10-04,12.93,13.79,12.59,13.77,,4500000.0
2011-10-05,13.72,13.76,12.82,13.5,,1952700.0
2011-10-06,13.44,14.04,13.32,14.03,,2059100.0
2011-10-07,14.03,14.29,13.58,13.58,,3039000.0
2011-10-10,13.84,14.35,13.77,14.35,,2035400.0
2011-10-11,14.18,14.27,13.81,13.89,,2533100.0
2011-10-12,14.01,14.46,13.93,14.23,,2489300.0
2011-10-13,14.11,14.3,13.82,14.13,,2029800.0
2011-10-14,14.35,14.6,14.21,14.54,,1863900.0
2011-10-17,14.37,14.41,13.95,14.03,,2682800.0
2011-10-18,14.01,14.6,13.97,14.58,,2368400.0
2011-10-19,14.55,14.69,14.39,14.42,,2718300.0
2011-10-20,14.43,14.54,14.07,14.46,,1748700.0
2011-10-21,14.61,14.87,14.53,14.79,,2584500.0
2011-10-24,14.83,15.22,14.74,15.15,,2194800.0
2011-10-25,15.05,15.17,14.8,14.96,,2335400.0
2011-10-26,15.17,15.27,14.8,15.22,,1997700.0
2011-10-27,15.74,16.28,15.48,16.19,,3956900.0
2011-10-28,16.11,16.16,15.63,15.76,,2718000.0
2011-10-31,15.27,15.95,15.22,15.81,,3007400.0
2011-11-01,15.25,15.67,15.17,15.24,,3317700.0
2011-11-02,15.58,15.85,15.34,15.62,,2386200.0
2011-11-03,15.81,15.88,15.26,15.77,,2874400.0
2011-11-04,15.6,15.68,15.39,15.64,,2425200.0
2011-11-07,15.93,16.21,15.5,15.84,,1603300.0
2011-11-08,15.99,16.02,15.47,15.98,,1791900.0
2011-11-09,15.59,15.74,15.25,15.29,,2488500.0
2011-11-10,15.54,15.55,15.24,15.36,,1884000.0
2011-11-11,15.56,15.86,15.45,15.82,,1309900.0
2011-11-14,15.68,15.74,15.32,15.41,,1335500.0
2011-11-15,15.37,15.7,15.27,15.6,,1628300.0
2011-11-16,15.42,15.59,15.26,15.28,,1964500.0
2011-11-17,15.34,15.34,14.77,14.83,,1793900.0
2011-11-18,14.95,14.98,14.74,14.86,,1517400.0
2011-11-21,14.6,14.7,14.4,14.58,,1874000.0
2011-11-22,14.54,14.65,14.44,14.53,,1844100.0
2011-11-23,14.37,14.43,14.15,14.15,,1779100.0
2011-11-25,14.11,14.46,14.08,14.2,,630600.0
2011-11-28,14.65,14.66,14.29,14.4,,2818500.0
2011-11-29,14.49,14.54,14.25,14.34,,1321800.0
2011-11-30,14.89,14.94,14.66,14.9,,2554800.0
2011-12-01,14.85,14.92,14.65,14.79,,1605400.0
2011-12-02,14.97,15.13,14.84,14.91,,1970800.0
2011-12-05,15.13,15.16,14.74,14.86,,1664500.0
2011-12-06,14.84,14.85,14.65,14.7,,1621500.0
2011-12-07,14.66,15.13,14.53,15.1,,1898700.0
2011-12-08,15.04,15.04,14.68,14.73,,1765500.0
2011-12-09,14.75,15.26,14.75,15.17,,1557200.0
2011-12-12,14.96,14.98,14.66,14.84,,1995200.0
2011-12-13,14.92,15.08,14.51,14.63,,1705800.0
2011-12-14,14.49,15.05,14.47,14.91,,2155400.0
2011-12-15,15.12,15.39,14.96,15.32,,1665600.0
2011-12-16,15.4,15.71,15.38,15.59,,3195200.0
2011-12-19,15.65,15.69,15.41,15.44,,2078100.0
2011-12-20,15.78,15.89,15.68,15.86,,1628700.0
2011-12-21,15.82,15.9,15.65,15.85,,1459000.0
2011-12-22,15.86,16.1,15.81,15.91,,2175600.0
2011-12-23,16.02,16.05,15.84,15.93,,1124200.0
2011-12-27,15.89,16.08,15.82,15.98,,961900.0
2011-12-28,16.02,16.03,15.79,15.84,,1347300.0
2011-12-29,15.85,16.08,15.85,16.0,,853900.0
2011-12-30,16.03,16.15,15.91,15.91,,931100.0
2012-01-03,16.26,16.4,15.84,15.98,,1812400.0
2012-01-04,15.91,15.95,15.69,15.81,,2143000.0
2012-01-05,15.77,16.0,15.68,15.84,,2087100.0
2012-01-06,15.85,15.87,15.63,15.64,,1959300.0
2012-01-09,15.73,15.76,15.56,15.6,,1563400.0
2012-01-10,15.75,15.8,15.66,15.73,,2199800.0
2012-01-11,15.7,15.72,15.62,15.68,,1964200.0
2012-01-12,15.65,15.68,15.22,15.28,,2643200.0
2012-01-13,15.12,15.42,15.08,15.38,,4268700.0
2012-01-17,15.64,15.83,15.51,15.73,,2251100.0
2012-01-18,15.74,15.95,15.71,15.92,,1653500.0
2012-01-19,15.95,15.97,15.77,15.79,,2030200.0
2012-01-20,15.72,15.79,15.63,15.72,,2519000.0
2012-01-23,15.72,15.84,15.57,15.71,,1914700.0
2012-01-24,15.58,16.04,15.58,16.02,,1675300.0
2012-01-25,15.98,16.39,15.93,16.36,,1615300.0
2012-01-26,16.48,16.63,16.39,16.57,,2314100.0
2012-01-27,16.48,16.67,16.42,16.64,,1851000.0
2012-01-30,16.45,16.57,16.37,16.51,,1395200.0
2012-01-31,16.61,16.69,16.46,16.64,,2297200.0
2012-02-01,16.69,16.79,16.51,16.71,,1856300.0
2012-02-02,16.74,16.75,16.53,16.69,,1565600.0
2012-02-03,16.85,16.93,16.75,16.92,,1747100.0
2012-02-06,16.83,16.95,16.46,16.67,,1500300.0
2012-02-07,16.59,16.69,16.43,16.44,,3175800.0
2012-02-08,16.46,16.57,16.3,16.55,,5581800.0
2012-02-09,16.58,16.66,16.39,16.48,,1986800.0
2012-02-10,16.28,16.48,16.19,16.23,,2213300.0
2012-02-13,16.37,16.49,16.22,16.41,,2041900.0
2012-02-14,16.43,16.43,16.25,16.31,,1966200.0
2012-02-15,16.36,16.39,16.23,16.28,,2040400.0
2012-02-16,16.34,16.51,16.3,16.34,,2035000.0
2012-02-17,16.44,16.55,16.27,16.46,,1812400.0
2012-02-21,16.48,16.48,16.02,16.08,,1413700.0
2012-02-22,16.05,16.18,15.91,15.95,,1244700.0
2012-02-23,15.93,16.12,15.89,16.12,,1407000.0
2012-02-24,16.15,16.32,16.04,16.3,,1180300.0
2012-02-27,16.18,16.34,16.08,16.31,,1587600.0
2012-02-28,16.32,16.34,15.93,16.03,,1732800.0
2012-02-29,16.16,16.16,15.95,16.0,,1383300.0
2012-03-01,16.02,16.16,16.01,16.13,,1007700.0
2012-03-02,16.12,16.21,16.04,16.14,,1064600.0
2012-03-05,16.12,16.48,16.09,16.4,,1448900.0
2012-03-06,16.26,16.41,16.21,16.3,,2020500.0
2012-03-07,16.33,16.35,16.07,16.27,,1658000.0
2012-03-08,16.34,16.39,16.09,16.1,,2260300.0
2012-03-09,16.14,16.42,16.11,16.38,,1510100.0
2012-03-12,16.34,16.6,16.33,16.52,,1677900.0
2012-03-13,16.58,16.74,16.51,16.73,,1943300.0
2012-03-14,16.77,16.8,16.51,16.62,,1539100.0
2012-03-15,16.58,16.62,16.39,16.47,,2099900.0
2012-03-16,16.44,16.51,16.39,16.51,,3530500.0
2012-03-19,16.48,16.67,16.39,16.67,,2108700.0
2012-03-20,16.6,16.76,16.51,16.67,,1997700.0
2012-03-21,16.66,16.69,16.38,16.41,,2347500.0
2012-03-22,16.31,16.31,15.99,16.12,,1923100.0
2012-03-23,16.1,16.46,16.07,16.38,,1623600.0
2012-03-26,16.5,16.51,16.35,16.46,,1837200.0
2012-03-27,16.44,16.56,16.4,16.4,,2708000.0
2012-03-28,16.41,16.48,16.28,16.46,,3080300.0
2012-03-29,16.39,16.79,16.34,16.78,,2907600.0
2012-03-30,16.87,17.14,16.82,17.08,,2934500.0
2012-04-02,17.03,17.28,16.98,17.21,,2333700.0
2012-04-03,17.21,17.29,17.11,17.19,,2637200.0
2012-04-04,17.1,17.21,17.01,17.13,,1639200.0
2012-04-05,17.06,17.17,16.96,17.04,,945300.0
2012-04-09,16.74,16.88,16.66,16.85,,1363700.0
2012-04-10,16.86,16.94,16.49,16.5,,2296600.0
2012-04-11,16.69,16.81,16.63,16.67,,2317800.0
2012-04-12,16.63,16.8,16.58,16.75,,2365000.0
2012-04-13,16.74,16.95,16.65,16.79,,1740900.0
2012-04-16,16.88,17.24,16.88,17.04,,1776100.0
2012-04-17,17.12,17.16,16.95,17.07,,1357400.0
2012-04-18,16.97,17.06,16.88,16.9,,1146100.0
2012-04-19,16.92,16.99,16.8,16.9,,1690400.0
2012-04-20,16.94,17.08,16.92,17.02,,3125400.0
2012-04-23,16.9,16.95,16.72,16.79,,1882900.0
2012-04-24,16.84,17.02,16.79,16.94,,3081500.0
2012-04-25,17.08,17.17,17.03,17.08,,2176000.0
2012-04-26,17.08,17.1,16.88,16.95,,3077000.0
2012-04-27,16.99,17.16,16.86,17.08,,2332500.0
2012-04-30,16.94,17.11,16.85,16.98,,1818100.0
2012-05-01,16.23,17.13,16.23,17.05,,2427700.0
2012-05-02,16.94,17.14,16.82,17.12,,1325900.0
2012-05-03,17.12,17.18,17.02,17.02,,1614000.0
2012-05-04,16.94,17.02,16.85,17.0,,1835000.0
2012-05-07,16.98,17.21,16.92,17.19,,1640600.0
2012-05-08,17.06,17.31,17.04,17.28,,1737000.0
2012-05-09,17.12,17.5,17.09,17.37,,2125100.0
2012-05-10,17.46,17.54,17.32,17.41,,1878600.0
2012-05-11,17.27,17.5,17.26,17.45,,1897300.0
2012-05-14,17.21,17.35,17.16,17.26,,2574200.0
2012-05-15,17.24,17.28,17.12,17.16,,2355200.0
2012-05-16,17.25,17.35,16.97,17.03,,3628000.0
2012-05-17,17.03,17.08,16.54,16.55,,4273200.0
2012-05-18,16.61,16.78,16.45,16.51,,3841500.0
2012-05-21,16.57,16.85,16.53,16.82,,2772700.0
2012-05-22,16.86,17.09,16.79,16.99,,2347100.0
2012-05-23,16.86,17.01,16.67,16.97,,2530400.0
2012-05-24,17.01,17.17,16.81,16.99,,2226300.0
2012-05-25,17.05,17.07,16.76,16.86,,2208400.0
2012-05-29,16.99,17.16,16.9,17.16,,4591800.0
2012-05-30,16.52,16.67,16.44,16.67,,23238300.0
2012-05-31,16.74,16.76,16.57,16.7,,16625000.0
2012-06-01,16.59,16.65,16.34,16.35,,4586600.0
2012-06-04,16.35,16.41,16.05,16.26,,2784200.0
2012-06-05,16.25,16.62,16.17,16.58,,3167800.0
2012-06-06,16.72,16.86,16.58,16.85,,4368000.0
2012-06-07,16.99,16.99,16.55,16.59,,2745100.0
2012-06-08,16.59,16.78,16.53,16.78,,2690500.0
2012-06-11,16.88,16.89,16.33,16.34,,2653700.0
2012-06-12,16.33,16.61,16.33,16.59,,2667200.0
2012-06-13,16.57,16.63,16.29,16.39,,2926000.0
2012-06-14,16.45,16.81,16.43,16.74,,2837500.0
2012-06-15,16.8,16.84,16.67,16.84,,4657200.0
2012-06-18,16.81,17.01,16.72,16.86,,3459500.0
2012-06-19,16.97,16.97,16.74,16.82,,2940400.0
2012-06-20,16.78,16.87,16.54,16.69,,3398900.0
2012-06-21,16.67,16.74,16.35,16.39,,3103000.0
2012-06-22,16.46,16.48,16.15,16.26,,3127900.0
2012-06-25,16.13,16.2,16.03,16.14,,2836400.0
2012-06-26,16.16,16.28,16.09,16.14,,2352500.0
2012-06-27,16.2,16.2,16.01,16.07,,1581700.0
2012-06-28,15.96,16.19,15.88,16.19,,3137800.0
2012-06-29,16.43,16.67,16.36,16.66,,2535200.0
2012-07-02,16.68,16.94,16.55,16.94,,2454000.0
2012-07-03,16.93,17.05,16.83,16.92,,1407200.0
2012-07-05,16.96,17.03,16.8,16.88,,1649800.0
2012-07-06,16.77,16.95,16.62,16.93,,1371200.0
2012-07-09,17.07,17.15,16.88,17.01,,2441300.0
2012-07-10,17.06,17.11,16.71,16.79,,1425800.0
2012-07-11,16.78,16.84,16.62,16.74,,2294800.0
2012-07-12,16.6,17.07,16.53,16.97,,2375400.0
2012-07-13,16.97,17.32,16.95,17.29,,1839400.0
2012-07-16,17.28,17.36,17.18,17.31,,1460900.0
2012-07-17,17.36,17.6,17.18,17.6,,2496500.0
2012-07-18,17.51,17.6,17.4,17.48,,1443600.0
2012-07-19,17.51,17.52,17.15,17.4,,2147500.0
2012-07-20,17.27,17.54,17.25,17.49,,2850100.0
2012-07-23,17.27,17.53,17.16,17.49,,2665000.0
2012-07-24,17.48,17.55,17.33,17.45,,2515800.0
2012-07-25,17.47,17.56,17.33,17.53,,2041500.0
2012-07-26,17.66,17.71,17.27,17.38,,2376200.0
2012-07-27,17.46,17.64,17.4,17.51,,2514500.0
2012-07-30,18.05,18.05,17.42,17.48,,1524600.0
2012-07-31,17.42,17.51,17.28,17.31,,2786600.0
2012-08-01,17.33,17.51,17.01,17.03,,3143100.0
2012-08-02,17.03,17.2,16.93,17.2,,1884900.0
2012-08-03,17.35,17.4,17.08,17.16,,1862900.0
2012-08-06,17.2,17.24,16.93,16.96,,1839200.0
2012-08-07,17.05,17.05,16.61,16.61,,2093600.0
2012-08-08,16.55,16.59,16.38,16.42,,2065700.0
2012-08-09,16.43,16.56,16.32,16.42,,1392400.0
2012-08-10,16.4,16.44,16.29,16.38,,1193500.0
2012-08-13,16.39,16.43,16.23,16.38,,1426200.0
2012-08-14,16.4,16.45,16.22,16.27,,1394900.0
2012-08-15,16.29,16.36,16.25,16.34,,1109000.0
2012-08-16,16.31,16.35,16.11,16.32,,2195300.0
2012-08-17,16.34,16.37,16.25,16.29,,1754500.0
2012-08-20,16.3,16.32,16.11,16.23,,1961700.0
2012-08-21,16.27,16.32,16.22,16.27,,1487900.0
2012-08-22,16.23,16.43,16.14,16.43,,1414100.0
2012-08-23,16.34,16.64,16.28,16.54,,2247000.0
2012-08-24,16.49,16.66,16.42,16.56,,1313900.0
2012-08-27,16.6,16.66,16.42,16.55,,1126400.0
2012-08-28,16.51,16.73,16.46,16.66,,2066200.0
2012-08-29,16.63,16.71,16.52,16.52,,1092100.0
2012-08-30,16.43,16.5,16.38,16.42,,1051000.0
2012-08-31,16.49,16.51,16.27,16.42,,3843800.0
2012-09-04,16.43,16.56,16.29,16.55,,2006700.0
2012-09-05,16.57,16.6,16.43,16.56,,1663100.0
2012-09-06,16.62,16.69,16.56,16.67,,1417800.0
2012-09-07,16.68,16.86,16.65,16.82,,1916000.0
2012-09-10,16.74,16.81,16.62,16.75,,2406700.0
2012-09-11,16.7,16.82,16.65,16.82,,2174700.0
2012-09-12,16.8,16.81,16.49,16.77,,2122400.0
2012-09-13,16.77,16.96,16.73,16.96,,3087500.0
2012-09-14,16.97,17.27,16.95,17.13,,3033800.0
2012-09-17,17.08,17.22,17.03,17.17,,2111800.0
2012-09-18,17.14,17.27,16.9,16.92,,2862600.0
2012-09-19,16.92,16.98,16.84,16.86,,2619300.0
2012-09-20,16.81,16.82,16.37,16.47,,4097700.0
2012-09-21,16.45,16.52,16.34,16.42,,4819900.0
2012-09-24,16.4,16.55,16.27,16.4,,2083900.0
2012-09-25,16.4,16.49,16.15,16.15,,3235300.0
2012-09-26,16.15,16.32,16.1,16.21,,2283100.0
2012-09-27,16.25,16.45,16.16,16.31,,3396500.0
2012-09-28,16.28,16.28,16.12,16.14,,2651900.0
2012-10-01,16.16,16.2,15.73,15.95,,2487800.0
2012-10-02,15.87,16.06,15.87,16.06,,1693600.0
2012-10-03,16.06,16.08,15.87,15.91,,2476600.0
2012-10-04,16.0,16.02,15.65,15.71,,3037600.0
2012-10-05,15.67,15.93,15.65,15.86,,2026600.0
2012-10-08,15.79,15.95,15.74,15.85,,2627700.0
2012-10-09,15.84,15.99,15.82,15.91,,3306200.0
2012-10-10,15.91,16.06,15.86,16.06,,2159900.0
2012-10-11,16.11,16.14,15.86,15.86,,1846600.0
2012-10-12,15.86,15.95,15.76,15.76,,3325200.0
2012-10-15,15.79,15.94,15.65,15.94,,1329000.0
2012-10-16,16.0,16.09,15.91,16.03,,2518800.0
2012-10-17,16.03,16.08,15.9,16.01,,1738600.0
2012-10-18,16.02,16.27,15.99,16.27,,1056700.0
2012-10-19,16.24,16.36,16.2,16.22,,1709700.0
2012-10-22,16.22,16.23,15.93,16.06,,814300.0
2012-10-23,15.94,16.01,15.8,15.93,,1120100.0
2012-10-24,16.0,16.05,15.82,15.93,,844700.0
2012-10-25,15.97,16.07,15.78,15.99,,1707600.0
2012-10-26,16.03,16.03,15.77,15.9,,1297700.0
2012-10-31,15.85,15.95,15.6,15.93,,3670900.0
2012-11-01,15.91,16.24,15.8,16.06,,3236900.0
2012-11-02,16.16,16.47,16.14,16.26,,2792900.0
2012-11-05,16.26,16.26,16.04,16.17,,1118300.0
2012-11-06,16.09,16.18,15.95,16.01,,2285100.0
2012-11-07,15.9,16.01,15.84,15.9,,1821900.0
2012-11-08,15.89,15.9,15.64,15.65,,1530000.0
2012-11-09,15.62,15.63,15.37,15.38,,2005400.0
2012-11-12,15.42,15.49,15.19,15.37,,1812200.0
2012-11-13,15.26,15.43,15.26,15.31,,1170000.0
2012-11-14,15.32,15.35,14.85,14.92,,1916100.0
2012-11-15,14.9,14.94,14.67,14.77,,2117100.0
2012-11-16,14.83,14.9,14.64,14.81,,1124500.0
2012-11-19,14.88,15.02,14.73,15.0,,2031500.0
2012-11-20,14.96,14.99,14.83,14.98,,2397400.0
2012-11-21,14.96,15.0,14.83,14.9,,1190600.0
2012-11-23,14.98,15.05,14.92,15.04,,434500.0
2012-11-26,14.93,15.19,14.92,15.05,,1155400.0
2012-11-27,14.97,15.36,14.73,15.17,,3588300.0
2012-11-28,15.27,15.27,14.94,15.07,,2165300.0
2012-11-29,15.15,15.24,14.9,15.11,,4550500.0
2012-11-30,15.17,15.21,15.0,15.1,,3478400.0
2012-12-03,15.09,15.19,15.0,15.13,,1846700.0
2012-12-04,15.09,15.27,15.04,15.17,,1889400.0
2012-12-05,15.19,15.27,15.07,15.19,,2557000.0
2012-12-06,15.21,15.34,15.15,15.21,,1529300.0
2012-12-07,15.23,15.25,15.09,15.11,,1152200.0
2012-12-10,15.11,15.21,15.02,15.06,,2233900.0
2012-12-11,15.07,15.13,14.93,15.03,,2500000.0
2012-12-12,14.98,15.07,14.9,14.94,,3293700.0
2012-12-13,14.97,14.98,14.82,14.84,,1928400.0
2012-12-14,14.85,15.01,14.78,14.86,,923800.0
2012-12-17,14.88,15.04,14.79,15.04,,2041400.0
2012-12-18,15.03,15.21,15.01,15.21,,2259700.0
2012-12-19,15.29,15.29,15.13,15.19,,2418800.0
2012-12-20,15.2,15.5,15.16,15.49,,1646400.0
2012-12-21,15.38,15.69,15.32,15.63,,4087700.0
2012-12-24,15.59,15.7,15.51,15.65,,734200.0
2012-12-26,15.64,15.65,15.44,15.47,,1469300.0
2012-12-27,15.49,15.63,15.43,15.59,,1246100.0
2012-12-28,15.52,15.61,15.47,15.48,,1020800.0
2012-12-31,15.44,15.62,15.4,15.61,,1772100.0
2013-01-02,15.84,15.86,15.6,15.7,,2205600.0
2013-01-03,15.7,15.82,15.66,15.73,,1318500.0
2013-01-04,15.74,15.75,15.67,15.74,,1224500.0
2013-01-07,15.48,15.86,15.46,15.85,,2041500.0
2013-01-08,15.91,15.97,15.02,15.91,,2078100.0
2013-01-09,15.93,16.16,15.91,16.09,,3313300.0
2013-01-10,16.13,16.19,16.06,16.16,,2016400.0
2013-01-11,16.13,16.22,16.02,16.15,,2617800.0
2013-01-14,16.15,16.26,16.13,16.24,,1283500.0
2013-01-15,16.19,16.34,16.17,16.33,,1685100.0
2013-01-16,16.31,16.37,16.27,16.36,,1011900.0
2013-01-17,16.37,16.46,16.33,16.34,,2034100.0
2013-01-18,16.34,16.39,16.24,16.31,,1563100.0
2013-01-22,16.29,16.35,16.27,16.31,,2342000.0
2013-01-23,16.27,16.47,16.25,16.41,,1349500.0
2013-01-24,16.44,16.56,16.25,16.37,,1928500.0
2013-01-25,16.4,16.47,16.33,16.4,,1938400.0
2013-01-28,16.44,16.48,16.29,16.35,,1700300.0
2013-01-29,16.35,16.51,16.29,16.5,,3185400.0
2013-01-30,16.44,16.51,16.25,16.27,,2404900.0
2013-01-31,16.24,16.24,15.8,15.82,,5270600.0
2013-02-01,15.87,15.87,15.59,15.73,,3910300.0
2013-02-04,15.59,15.83,15.45,15.5,,3875900.0
2013-02-05,15.4,15.59,14.69,15.54,,5717600.0
2013-02-06,15.45,15.74,15.4,15.64,,3152900.0
2013-02-07,15.66,15.68,15.38,15.44,,1889300.0
2013-02-08,15.54,15.69,15.48,15.63,,2454600.0
2013-02-11,15.6,15.8,15.59,15.77,,1517800.0
2013-02-12,15.77,16.01,15.76,16.01,,2836300.0
2013-02-13,16.02,16.11,16.01,16.09,,1821500.0
2013-02-14,16.03,16.18,16.03,16.11,,1277400.0
2013-02-15,16.12,16.23,16.06,16.19,,1791200.0
2013-02-19,16.26,16.48,16.22,16.48,,2871100.0
2013-02-20,16.48,16.68,16.44,16.52,,2803100.0
2013-02-21,16.48,16.6,16.33,16.4,,2961800.0
2013-02-22,16.42,16.5,16.36,16.45,,2461600.0
2013-02-25,16.49,16.56,16.15,16.15,,2255400.0
2013-02-26,16.19,16.29,15.95,16.12,,2516900.0
2013-02-27,16.12,16.23,16.04,16.07,,1776900.0
2013-02-28,16.11,16.17,15.8,15.8,,4427800.0
2013-03-01,15.78,15.93,15.64,15.88,,2419700.0
2013-03-04,15.81,15.96,15.76,15.94,,2773600.0
2013-03-05,16.02,16.12,15.91,16.12,,1925000.0
2013-03-06,16.17,16.19,16.01,16.17,,1272700.0
2013-03-07,16.18,16.27,16.11,16.17,,2279500.0
2013-03-08,16.22,16.22,16.06,16.2,,3298600.0
2013-03-11,16.23,16.29,16.13,16.15,,2733400.0
2013-03-12,16.13,16.16,15.99,16.08,,2802600.0
2013-03-13,16.13,16.21,16.02,16.08,,1631900.0
2013-03-14,16.1,16.19,16.06,16.17,,1800800.0
2013-03-15,16.13,16.39,16.11,16.37,,2622000.0
2013-03-18,16.23,16.39,16.1,16.17,,1580100.0
2013-03-19,16.18,16.24,15.92,16.01,,1133700.0
2013-03-20,16.09,16.13,15.85,15.92,,1477200.0
2013-03-21,15.84,15.99,15.74,15.74,,1395500.0
2013-03-22,15.8,16.01,15.72,15.85,,1015500.0
2013-03-25,15.86,15.93,15.78,15.84,,1020700.0
2013-03-26,15.87,15.98,15.87,15.97,,1181800.0
2013-03-27,15.91,16.0,15.85,15.99,,909500.0
2013-03-28,16.02,16.07,15.89,16.02,,1460900.0
2013-04-01,15.99,16.09,15.88,16.09,,797600.0
2013-04-02,16.16,16.22,16.05,16.11,,1073700.0
2013-04-03,16.15,16.18,16.02,16.06,,998600.0
2013-04-04,16.08,16.4,16.07,16.37,,1400300.0
2013-04-05,16.21,16.59,16.16,16.57,,1169400.0
2013-04-08,16.56,16.68,16.45,16.67,,1599700.0
2013-04-09,16.68,16.71,16.55,16.59,,1958000.0
2013-04-10,16.61,16.67,16.5,16.55,,1130200.0
2013-04-11,16.56,16.74,16.53,16.61,,1660300.0
2013-04-12,16.6,16.67,16.5,16.64,,1160700.0
2013-04-15,16.55,16.67,16.37,16.39,,1640800.0
2013-04-16,16.48,16.7,16.31,16.69,,1405000.0
2013-04-17,16.56,16.59,16.26,16.34,,1348200.0
2013-04-18,16.37,16.41,16.25,16.32,,1265800.0
2013-04-19,16.37,16.47,16.29,16.42,,787000.0
2013-04-22,16.46,16.46,16.23,16.28,,851700.0
2013-04-23,16.35,16.44,16.19,16.39,,1213600.0
2013-04-24,16.41,16.54,16.36,16.44,,1066000.0
2013-04-25,16.47,16.49,16.21,16.21,,1388100.0
2013-04-26,16.22,16.32,16.11,16.15,,849700.0
2013-04-29,16.17,16.41,16.16,16.39,,1193100.0
2013-04-30,16.38,16.44,16.23,16.43,,3464500.0
2013-05-01,16.41,16.49,16.24,16.28,,1859300.0
2013-05-02,16.33,16.42,16.23,16.31,,2128300.0
2013-05-03,16.43,16.58,16.23,16.25,,2445200.0
2013-05-06,16.31,16.39,16.25,16.39,,2126800.0
2013-05-07,16.4,16.72,16.37,16.61,,2045400.0
2013-05-08,16.59,16.85,16.57,16.85,,1761000.0
2013-05-09,16.81,17.0,16.81,16.95,,2375000.0
2013-05-10,16.98,17.22,16.91,17.14,,2281500.0
2013-05-13,17.17,17.36,17.14,17.34,,2431500.0
2013-05-14,17.34,17.56,17.31,17.56,,2352800.0
2013-05-15,17.54,17.64,17.42,17.64,,1761100.0
2013-05-16,17.58,17.74,17.55,17.72,,1099000.0
2013-05-17,17.74,17.84,17.66,17.7,,1903600.0
2013-05-20,17.66,17.82,17.6,17.82,,1124200.0
2013-05-21,17.83,18.08,17.78,17.93,,1679800.0
2013-05-22,17.9,17.97,17.34,17.39,,2000300.0
2013-05-23,17.32,17.32,16.79,16.93,,3820900.0
2013-05-24,16.87,16.94,16.61,16.9,,1734100.0
2013-05-28,17.08,17.09,16.68,16.78,,2798700.0
2013-05-29,16.63,16.65,16.28,16.47,,2173800.0
2013-05-30,16.45,16.51,16.28,16.31,,3121700.0
2013-05-31,16.31,16.57,16.26,16.29,,3017800.0
2013-06-03,16.37,16.75,16.25,16.67,,3923800.0
2013-06-04,16.67,16.79,16.35,16.37,,2890800.0
2013-06-05,16.31,16.47,16.25,16.27,,1977000.0
2013-06-06,16.28,16.45,16.13,16.44,,1545600.0
2013-06-07,16.48,16.52,16.1,16.37,,1504100.0
2013-06-10,16.39,16.47,16.18,16.26,,1537400.0
2013-06-11,16.12,16.25,15.91,15.93,,1328600.0
2013-06-12,15.99,16.06,15.78,15.87,,2136000.0
2013-06-13,15.84,16.35,15.84,16.23,,2115600.0
2013-06-14,16.23,16.46,16.09,16.23,,1746500.0
2013-06-17,16.33,16.43,16.07,16.2,,1238900.0
2013-06-18,16.2,16.5,16.17,16.38,,1076400.0
2013-06-19,16.39,16.49,15.87,15.98,,1854900.0
2013-06-20,15.87,15.87,15.39,15.48,,2646700.0
2013-06-21,15.56,16.07,15.56,16.0,,3044500.0
2013-06-24,15.83,16.53,15.66,16.13,,3580000.0
2013-06-25,16.22,16.5,16.07,16.41,,2546200.0
2013-06-26,16.55,16.73,16.51,16.63,,2526700.0
2013-06-27,16.81,17.08,16.77,16.99,,2818700.0
2013-06-28,16.98,17.22,16.85,17.04,,3101000.0
2013-07-01,17.1,17.2,16.95,17.1,,1652800.0
2013-07-02,17.09,17.42,17.08,17.42,,2985400.0
2013-07-03,17.34,17.4,16.99,17.34,,1977100.0
2013-07-05,17.37,17.4,16.68,17.23,,2215500.0
2013-07-08,17.36,17.42,17.09,17.09,,2926500.0
2013-07-09,17.15,17.54,17.09,17.44,,2212700.0
2013-07-10,17.46,17.5,17.08,17.17,,3603200.0
2013-07-11,17.36,17.62,17.36,17.61,,2425000.0
2013-07-12,17.64,17.68,17.44,17.48,,1113900.0
2013-07-15,17.48,17.66,17.46,17.48,,786500.0
2013-07-16,17.46,17.66,17.36,17.42,,1390100.0
2013-07-17,17.5,17.6,17.36,17.57,,935900.0
2013-07-18,17.6,17.78,17.54,17.61,,1021900.0
2013-07-19,17.6,17.65,17.42,17.51,,727400.0
2013-07-22,17.46,17.59,17.44,17.53,,981600.0
2013-07-23,17.53,17.54,17.42,17.5,,706500.0
2013-07-24,17.5,17.51,16.98,17.11,,1335900.0
2013-07-25,17.09,17.26,17.06,17.22,,1076800.0
2013-07-26,17.14,17.38,17.12,17.36,,826900.0
2013-07-29,17.33,17.44,17.13,17.17,,1089200.0
2013-07-30,16.88,17.4,16.87,17.21,,995000.0
2013-07-31,17.33,17.36,16.75,16.9,,3043400.0
2013-08-01,16.99,17.09,16.84,16.94,,2692200.0
2013-08-02,16.95,17.09,16.73,16.79,,1721700.0
2013-08-05,16.72,16.87,16.59,16.68,,1094100.0
2013-08-06,16.65,16.86,16.54,16.61,,1109900.0
2013-08-07,16.61,16.65,16.44,16.53,,1062100.0
2013-08-08,16.6,16.63,16.26,16.36,,1816200.0
2013-08-09,16.37,16.64,16.27,16.53,,1576800.0
2013-08-12,16.51,16.51,16.19,16.34,,1284200.0
2013-08-13,16.34,16.34,15.91,15.97,,1842800.0
2013-08-14,15.99,16.05,15.83,15.94,,1598500.0
2013-08-15,15.85,15.89,15.49,15.57,,2021500.0
2013-08-16,15.54,15.54,15.13,15.16,,1601100.0
2013-08-19,15.16,15.2,15.03,15.08,,2047800.0
2013-08-20,15.11,15.46,15.1,15.36,,2600800.0
2013-08-21,15.35,15.54,14.99,15.34,,2275900.0
2013-08-22,15.39,15.45,15.16,15.36,,1243000.0
2013-08-23,15.33,15.55,15.18,15.53,,1756500.0
2013-08-26,15.57,15.7,15.48,15.61,,1426900.0
2013-08-27,15.51,15.65,15.41,15.47,,1103100.0
2013-08-28,15.49,15.52,15.27,15.32,,750600.0
2013-08-29,15.3,15.42,15.17,15.42,,1504100.0
2013-08-30,15.42,15.52,15.2,15.24,,1810200.0
2013-09-03,15.37,15.38,14.82,15.01,,2922800.0
2013-09-04,15.01,15.36,14.94,15.28,,1493200.0
2013-09-05,15.25,15.26,15.01,15.1,,894200.0
2013-09-06,15.24,15.51,15.24,15.44,,1900000.0
2013-09-09,15.45,15.87,15.35,15.86,,2243400.0
2013-09-10,15.9,16.01,15.79,15.99,,2379400.0
2013-09-11,15.94,16.15,15.9,16.14,,1675100.0
2013-09-12,16.15,16.27,16.03,16.11,,1909300.0
2013-09-13,16.08,16.24,16.06,16.17,,1078300.0
2013-09-16,16.45,16.53,16.17,16.24,,1098300.0
2013-09-17,16.22,16.4,16.11,16.17,,1007900.0
2013-09-18,16.24,16.78,15.98,16.77,,2466100.0
2013-09-19,16.77,16.92,16.66,16.69,,1636500.0
2013-09-20,16.68,16.71,16.35,16.4,,2563800.0
2013-09-23,16.36,16.51,16.17,16.18,,898400.0
2013-09-24,16.17,16.21,15.94,15.95,,1262100.0
2013-09-25,15.94,16.19,15.82,16.03,,1345200.0
2013-09-26,16.03,16.19,16.02,16.19,,1028100.0
2013-09-27,16.13,16.24,15.99,16.19,,985800.0
2013-09-30,16.1,16.29,15.9,15.99,,1722900.0
2013-10-01,15.99,16.4,15.97,16.2,,2668600.0
2013-10-02,16.12,16.3,16.02,16.24,,1423500.0
2013-10-03,16.23,16.26,15.86,15.91,,1640200.0
2013-10-04,15.93,16.1,15.81,15.94,,1013500.0
2013-10-07,15.85,16.15,15.8,16.05,,1639800.0
2013-10-08,16.11,16.15,15.87,15.9,,1329900.0
2013-10-09,15.89,16.08,15.85,15.87,,1407000.0
2013-10-10,16.06,16.29,15.88,16.24,,1761800.0
2013-10-11,16.25,16.4,16.11,16.39,,1299700.0
2013-10-14,16.31,16.41,16.18,16.39,,1095000.0
2013-10-15,16.36,16.49,16.28,16.34,,956100.0
2013-10-16,16.38,16.71,16.36,16.68,,938400.0
2013-10-17,16.66,17.03,16.66,17.01,,1737700.0
2013-10-18,17.02,17.07,16.92,17.05,,1709100.0
2013-10-21,17.01,17.03,16.86,17.01,,1505300.0
2013-10-22,17.05,17.33,16.96,17.22,,1266200.0
2013-10-23,17.16,17.23,17.06,17.16,,1109000.0
2013-10-24,17.13,17.16,16.54,16.73,,2585000.0
2013-10-25,16.8,17.15,16.68,17.1,,1289300.0
2013-10-28,17.16,17.16,16.79,17.08,,1381300.0
2013-10-29,17.01,17.17,16.77,17.12,,1772100.0
2013-10-30,17.11,17.15,16.88,17.01,,1520700.0
2013-10-31,17.03,17.05,16.71,16.91,,1877300.0
2013-11-01,16.96,17.11,16.67,16.89,,1580100.0
2013-11-04,16.96,17.01,16.8,16.87,,934600.0
2013-11-05,16.78,16.86,16.51,16.52,,1071900.0
2013-11-06,16.62,16.74,16.58,16.6,,956400.0
2013-11-07,16.65,16.69,16.31,16.34,,1363400.0
2013-11-08,16.19,16.27,15.89,16.18,,1059800.0
2013-11-11,16.18,16.3,16.14,16.22,,660400.0
2013-11-12,16.17,16.26,15.99,16.11,,1123300.0
2013-11-13,16.01,16.31,16.0,16.25,,1091500.0
2013-11-14,16.31,16.47,16.28,16.3,,869400.0
2013-11-15,16.32,16.33,16.11,16.19,,832200.0
2013-11-18,16.39,16.39,16.04,16.15,,1202200.0
2013-11-19,16.1,16.28,15.99,16.06,,1520000.0
2013-11-20,16.06,16.25,15.88,15.97,,1307000.0
2013-11-21,16.02,16.17,15.89,16.17,,1019950.0
2013-11-22,16.13,16.17,15.92,16.03,,1028875.0
2013-11-25,16.0,16.04,15.85,16.04,,1189200.0
2013-11-26,16.09,16.09,15.76,15.88,,1449900.0
2013-11-27,15.85,16.17,15.85,16.15,,1369100.0
2013-11-29,16.17,16.17,15.81,15.86,,767500.0
2013-12-02,15.82,16.15,15.78,16.0,,1719200.0
2013-12-03,15.96,16.35,15.81,16.34,,1859800.0
2013-12-04,16.21,17.03,16.18,16.43,,4007200.0
2013-12-05,16.36,16.45,16.18,16.43,,1615700.0
2013-12-06,16.6,16.63,16.24,16.5,,1482500.0
2013-12-09,16.47,16.6,16.42,16.57,,1365100.0
2013-12-10,16.49,16.67,16.49,16.63,,3029900.0
2013-12-11,16.66,16.68,16.25,16.3,,1929700.0
2013-12-12,16.51,16.51,16.13,16.15,,1494800.0
2013-12-13,16.23,16.4,15.89,16.06,,1369900.0
2013-12-16,16.1,16.13,15.89,15.96,,1200700.0
2013-12-17,15.98,16.0,15.78,15.93,,1871300.0
2013-12-18,15.94,16.13,15.57,16.06,,2437600.0
2013-12-19,16.02,16.06,15.66,15.74,,2126100.0
2013-12-20,15.71,15.8,15.63,15.69,,2172600.0
2013-12-23,15.76,15.89,15.7,15.76,,1138200.0
2013-12-24,15.8,15.91,15.74,15.89,,477600.0
2013-12-26,15.91,16.04,15.83,15.88,,685800.0
2013-12-27,15.88,15.92,15.7,15.91,,1361000.0
2013-12-30,15.95,16.02,15.89,15.95,,1105700.0
2013-12-31,15.96,16.02,15.84,15.91,,1361500.0
2014-01-02,15.89,16.06,15.74,15.86,,1427900.0
2014-01-03,15.83,16.19,15.81,16.14,,1429700.0
2014-01-06,16.19,16.28,16.06,16.26,,1665900.0
2014-01-07,16.35,16.36,16.17,16.17,,1799100.0
2014-01-08,16.14,16.22,16.01,16.06,,1570700.0
2014-01-09,16.15,16.21,15.93,16.15,,1579300.0
2014-01-10,16.0,16.25,16.0,16.22,,1520800.0
2014-01-13,16.16,16.24,16.01,16.08,,1522800.0
2014-01-14,16.13,16.34,16.07,16.25,,1209600.0
2014-01-15,16.31,16.52,16.27,16.41,,1393600.0
2014-01-16,16.42,16.57,16.41,16.5,,1804000.0
2014-01-17,16.47,16.52,16.38,16.46,,1734700.0
2014-01-21,16.51,16.64,16.51,16.64,,1335300.0
2014-01-22,16.68,16.8,16.63,16.67,,1640700.0
2014-01-23,16.59,16.63,16.47,16.5,,1409200.0
2014-01-24,16.42,16.62,16.27,16.33,,1277500.0
2014-01-27,16.31,16.41,16.1,16.11,,1631700.0
2014-01-28,16.11,16.41,16.11,16.37,,1740800.0
2014-01-29,16.3,16.43,16.23,16.34,,1396600.0
2014-01-30,16.41,16.97,16.36,16.8,,2397300.0
2014-01-31,16.62,16.87,16.56,16.76,,2608400.0
2014-02-03,16.71,16.79,16.47,16.56,,3970500.0
2014-02-04,16.55,16.96,16.35,16.67,,4794400.0
2014-02-05,16.69,17.11,16.67,17.03,,2903400.0
2014-02-06,17.1,17.45,17.02,17.39,,2737300.0
2014-02-07,17.46,17.75,17.42,17.62,,2326700.0
2014-02-10,17.62,17.87,17.58,17.78,,2179100.0
2014-02-11,17.85,18.26,17.73,17.93,,2385200.0
2014-02-12,17.97,17.99,17.78,17.8,,1504300.0
2014-02-13,17.78,17.98,17.73,17.82,,1953000.0
2014-02-14,17.8,17.86,17.73,17.84,,836500.0
2014-02-18,17.9,17.91,17.67,17.86,,1054300.0
2014-02-19,17.83,18.08,17.83,17.86,,1458400.0
2014-02-20,17.84,17.98,17.69,17.74,,1105000.0
2014-02-21,17.76,17.81,17.62,17.69,,1979400.0
2014-02-24,17.75,17.88,17.64,17.66,,1568100.0
2014-02-25,17.69,17.91,17.63,17.81,,1921700.0
2014-02-26,17.91,17.93,17.72,17.78,,1975900.0
2014-02-27,17.8,17.87,17.66,17.74,,1117200.0
2014-02-28,17.71,17.9,17.66,17.77,,3432500.0
2014-03-03,17.66,18.11,17.65,18.0,,1650100.0
2014-03-04,18.16,18.32,18.11,18.28,,1853400.0
2014-03-05,18.3,18.43,18.13,18.33,,1771000.0
2014-03-06,18.33,18.34,18.0,18.12,,1172600.0
2014-03-07,18.06,18.11,17.78,17.97,,1368700.0
2014-03-10,17.92,17.99,17.61,17.67,,1606800.0
2014-03-11,17.69,17.78,17.64,17.76,,1870100.0
2014-03-12,17.69,17.89,17.67,17.81,,1230200.0
2014-03-13,17.86,17.86,17.52,17.66,,1117300.0
2014-03-14,17.64,17.9,17.64,17.71,,1249300.0
2014-03-17,17.8,17.91,17.68,17.75,,723300.0
2014-03-18,17.76,17.85,17.66,17.78,,832600.0
2014-03-19,17.76,17.94,17.3,17.33,,1687700.0
2014-03-20,17.33,17.53,17.26,17.53,,1086300.0
2014-03-21,17.59,17.68,17.4,17.42,,3068300.0
2014-03-24,17.51,17.62,17.24,17.37,,2487300.0
2014-03-25,17.45,17.82,17.45,17.78,,1297400.0
2014-03-26,17.84,17.89,17.57,17.61,,1401800.0
2014-03-27,17.58,17.66,17.42,17.64,,1345400.0
2014-03-28,17.7,17.78,17.6,17.68,,1039900.0
2014-03-31,17.73,17.88,17.55,17.78,,1371300.0
2014-04-01,17.78,17.8,17.54,17.8,,1752300.0
2014-04-02,17.8,17.82,17.58,17.76,,1427900.0
2014-04-03,17.78,17.88,17.66,17.7,,1010200.0
2014-04-04,17.79,17.82,17.62,17.8,,1475000.0
2014-04-07,17.8,18.0,17.75,17.82,,1446200.0
2014-04-08,17.73,18.09,17.71,18.08,,1529100.0
2014-04-09,18.09,18.09,17.8,17.96,,1527500.0
2014-04-10,17.98,18.06,17.75,17.82,,1450100.0
2014-04-11,17.73,17.87,17.57,17.58,,2058400.0
2014-04-14,17.65,17.69,17.51,17.59,,1502600.0
2014-04-15,17.59,17.78,17.59,17.72,,1358200.0
2014-04-16,17.83,17.92,17.68,17.88,,1091700.0
2014-04-17,17.81,17.86,17.58,17.68,,1292800.0
2014-04-21,17.68,17.87,17.57,17.87,,825600.0
2014-04-22,17.87,17.92,17.66,17.91,,874400.0
2014-04-23,17.9,17.95,17.72,17.79,,1356100.0
2014-04-24,17.82,17.98,17.78,17.97,,793700.0
2014-04-25,17.94,18.02,17.87,17.87,,1025400.0
2014-04-28,17.93,18.0,17.83,17.96,,1900400.0
2014-04-29,18.05,18.12,17.88,17.96,,1321900.0
2014-04-30,17.96,18.03,17.77,17.98,,2209900.0
2014-05-01,18.06,18.14,17.74,18.05,,2019500.0
2014-05-02,18.05,18.27,17.96,18.24,,1977000.0
2014-05-05,18.16,18.36,18.11,18.32,,1264700.0
2014-05-06,18.28,18.37,18.12,18.34,,903900.0
2014-05-07,18.39,18.67,18.32,18.64,,1794600.0
2014-05-08,18.64,18.8,18.56,18.76,,1763400.0
2014-05-09,18.76,18.85,18.7,18.83,,1717000.0
2014-05-12,18.91,19.06,18.84,19.06,,1934600.0
2014-05-13,19.05,19.21,18.93,18.99,,2174000.0
2014-05-14,18.99,19.09,18.87,18.96,,1594100.0
2014-05-15,18.89,19.04,18.81,19.03,,1595400.0
2014-05-16,19.01,19.2,18.95,19.2,,1626100.0
2014-05-19,19.2,19.33,19.1,19.29,,1735500.0
2014-05-20,19.32,19.39,19.17,19.21,,1992500.0
2014-05-21,19.22,19.28,19.1,19.14,,1886000.0
2014-05-22,19.16,19.25,19.08,19.1,,1505500.0
2014-05-23,19.05,19.18,19.05,19.17,,1426500.0
2014-05-27,19.19,19.28,19.12,19.22,,1337400.0
2014-05-28,19.21,19.21,19.0,19.1,,1314800.0
2014-05-29,19.12,19.17,19.05,19.13,,1233300.0
2014-05-30,19.08,19.21,19.02,19.14,,2394600.0
2014-06-02,19.16,19.25,19.1,19.19,,1484600.0
2014-06-03,19.16,19.26,19.1,19.26,,843300.0
2014-06-04,19.25,19.35,19.2,19.3,,939100.0
2014-06-05,19.35,19.65,19.28,19.64,,1320000.0
2014-06-06,19.69,19.69,19.42,19.49,,1301900.0
2014-06-09,19.46,19.53,19.07,19.1,,1378900.0
2014-06-10,19.05,19.18,18.87,19.01,,1297600.0
2014-06-11,18.99,19.05,18.83,19.02,,937700.0
2014-06-12,19.05,19.11,18.87,19.09,,1136600.0
2014-06-13,19.11,19.21,18.92,19.17,,960200.0
2014-06-16,19.13,19.27,19.06,19.12,,1098100.0
2014-06-17,19.12,19.26,19.05,19.14,,1978100.0
2014-06-18,19.18,19.37,19.05,19.29,,1439800.0
2014-06-19,19.33,19.53,19.25,19.52,,1022100.0
2014-06-20,19.66,19.7,19.45,19.67,,1630700.0
2014-06-23,19.62,19.74,19.57,19.6,,1000200.0
2014-06-24,19.58,19.69,19.57,19.61,,1117500.0
2014-06-25,19.63,19.82,19.63,19.75,,1402600.0
2014-06-26,19.74,19.81,19.71,19.8,,986300.0
2014-06-27,19.79,19.97,19.77,19.92,,1353800.0
2014-06-30,19.97,19.99,19.78,19.91,,1711600.0
2014-07-01,19.96,20.08,19.84,19.99,,1786000.0
2014-07-02,19.98,19.99,19.81,19.9,,934000.0
2014-07-03,19.9,19.91,19.73,19.8,,634000.0
2014-07-07,19.78,19.9,19.72,19.81,,870500.0
2014-07-08,19.84,20.01,19.73,19.97,,1141900.0
2014-07-09,19.93,19.95,19.77,19.9,,786900.0
2014-07-10,19.86,20.07,19.82,19.96,,932500.0
2014-07-11,19.95,20.03,19.9,20.0,,662100.0
2014-07-14,20.04,20.13,19.95,20.11,,795000.0
2014-07-15,20.1,20.26,20.07,20.22,,1111400.0
2014-07-16,20.27,20.27,20.1,20.22,,1427700.0
2014-07-17,20.12,20.25,20.06,20.08,,798600.0
2014-07-18,20.15,20.3,20.1,20.21,,698400.0
2014-07-21,20.19,20.23,20.04,20.04,,1039800.0
2014-07-22,20.12,20.24,20.06,20.11,,1129200.0
2014-07-23,20.16,20.18,20.04,20.1,,929400.0
2014-07-24,20.18,20.32,20.11,20.23,,1324900.0
2014-07-25,20.2,20.27,20.07,20.08,,726700.0
2014-07-28,20.08,20.37,20.03,20.33,,1241000.0
2014-07-29,20.33,20.6,20.04,20.32,,1745800.0
2014-07-30,20.31,20.62,20.27,20.57,,1260200.0
2014-07-31,20.52,20.58,20.34,20.41,,2517700.0
2014-08-01,20.34,20.58,20.25,20.29,,2327000.0
2014-08-04,20.29,20.53,20.15,20.47,,1247100.0
2014-08-05,20.46,20.53,20.25,20.35,,1732600.0
2014-08-06,20.3,20.39,20.28,20.34,,880100.0
2014-08-07,20.39,20.53,20.33,20.45,,1675800.0
2014-08-08,20.46,20.63,20.41,20.56,,932200.0
2014-08-11,20.57,20.74,20.53,20.65,,1176000.0
2014-08-12,20.59,20.71,20.53,20.65,,1277600.0
2014-08-13,20.67,20.97,20.67,20.87,,1382700.0
2014-08-14,20.88,20.93,20.67,20.71,,812200.0
2014-08-15,20.74,20.79,20.59,20.68,,808500.0
2014-08-18,20.78,20.93,20.76,20.93,,931000.0
2014-08-19,20.94,20.98,20.82,20.92,,730000.0
2014-08-20,20.86,21.09,20.79,21.01,,1435200.0
2014-08-21,21.06,21.23,20.96,21.02,,1191300.0
2014-08-22,20.98,21.01,20.75,20.85,,708700.0
2014-08-25,20.91,20.92,20.74,20.84,,737600.0
2014-08-26,20.84,20.94,20.81,20.89,,665500.0
2014-08-27,20.91,21.0,20.81,20.89,,563100.0
2014-08-28,20.84,20.93,20.77,20.88,,584700.0
2014-08-29,20.94,21.05,20.84,21.0,,1227300.0
2014-09-02,21.02,21.09,20.93,21.04,,1640400.0
2014-09-03,21.09,21.22,21.02,21.21,,1273100.0
2014-09-04,21.17,21.28,21.02,21.09,,1094100.0
2014-09-05,21.1,21.3,21.07,21.25,,1369800.0
2014-09-08,21.24,21.32,21.19,21.26,,1124500.0
2014-09-09,21.23,21.23,21.1,21.17,,874800.0
2014-09-10,21.09,21.12,20.51,20.57,,1778900.0
2014-09-11,20.56,20.65,20.44,20.58,,1209800.0
2014-09-12,20.53,20.59,19.76,19.87,,1257500.0
2014-09-15,19.89,20.03,19.66,19.73,,1301900.0
2014-09-16,19.72,19.98,19.71,19.9,,1812900.0
2014-09-17,19.97,20.08,19.75,19.75,,1447500.0
2014-09-18,19.74,19.83,19.53,19.55,,973000.0
2014-09-19,19.64,19.7,19.53,19.54,,2400500.0
2014-09-22,19.45,19.56,19.38,19.4,,1846044.0
2014-09-23,19.37,19.54,19.22,19.23,,1697723.0
2014-09-24,19.24,19.48,19.1,19.14,,1282275.0
2014-09-25,19.13,19.19,18.98,19.07,,1200762.0
2014-09-26,19.05,19.31,18.93,19.26,,992288.0
2014-09-29,19.12,19.19,18.98,19.18,,1084720.0
2014-09-30,19.21,19.26,19.03,19.12,,1404995.0
2014-10-01,19.13,19.28,19.05,19.14,,1600187.0
2014-10-02,19.24,19.34,19.1,19.2,,1107142.0
2014-10-03,19.31,19.35,19.13,19.23,,868692.0
2014-10-06,19.28,19.47,19.23,19.32,,1093368.0
2014-10-07,19.31,19.51,19.24,19.27,,1393719.0
2014-10-08,19.34,19.7,19.25,19.69,,1514985.0
2014-10-09,19.7,19.98,19.68,19.78,,2129523.0
2014-10-10,19.85,20.04,19.74,19.76,,1482020.0
2014-10-13,19.8,20.1,19.74,19.87,,1471871.0
2014-10-14,19.92,20.58,19.88,20.43,,2754721.0
2014-10-15,20.29,20.72,20.27,20.65,,3487393.0
2014-10-16,20.48,20.63,20.25,20.41,,2608403.0
2014-10-17,20.59,20.61,20.09,20.2,,2286328.0
2014-10-20,20.18,20.64,20.18,20.63,,1224281.0
2014-10-21,20.69,20.69,20.41,20.66,,2036709.0
2014-10-22,20.68,20.8,20.58,20.75,,1198412.0
2014-10-23,20.9,21.02,20.76,20.97,,1387289.0
2014-10-24,20.97,21.01,20.62,20.78,,1481691.0
2014-10-27,20.78,20.98,20.7,20.93,,1030772.0
2014-10-28,20.94,20.95,20.75,20.95,,1372759.0
2014-10-29,20.96,20.98,20.66,20.92,,1723419.0
2014-10-30,20.87,21.05,20.79,21.01,,1326689.0
2014-10-31,21.08,21.41,21.01,21.41,,1962802.0
2014-11-03,21.47,21.77,21.44,21.75,,1500831.0
2014-11-04,21.68,21.82,21.52,21.81,,1259656.0
2014-11-05,21.88,21.94,21.46,21.6,,1121143.0
2014-11-06,21.59,21.76,21.38,21.43,,1355719.0
2014-11-07,21.43,21.55,21.33,21.38,,1361045.0
2014-11-10,21.36,21.68,21.26,21.68,,1218851.0
2014-11-11,21.68,21.7,21.41,21.63,,1039362.0
2014-11-12,21.6,21.6,21.24,21.36,,1907661.0
2014-11-13,21.43,21.57,21.29,21.43,,1239564.0
2014-11-14,21.44,21.51,21.09,21.16,,915772.0
2014-11-17,21.14,21.36,21.11,21.29,,1272709.0
2014-11-18,21.33,21.39,21.21,21.31,,1392636.0
2014-11-19,21.25,21.38,20.97,21.01,,1336671.0
2014-11-20,21.0,21.04,20.87,21.0,,1069488.0
2014-11-21,21.16,21.32,21.04,21.24,,1456336.0
2014-11-24,21.32,21.46,21.26,21.41,,1371541.0
2014-11-25,21.41,21.52,21.31,21.4,,1557175.0
2014-11-26,21.43,21.82,21.34,21.74,,1267092.0
2014-11-28,21.76,22.09,21.64,21.8,,751438.0
2014-12-01,21.8,22.02,21.64,21.75,,1608012.0
2014-12-02,21.72,21.95,21.58,21.94,,1466752.0
2014-12-03,21.94,21.97,21.69,21.77,,1373008.0
2014-12-04,21.77,21.84,21.64,21.8,,1156819.0
2014-12-05,21.72,21.72,21.5,21.66,,974198.0
2014-12-08,21.66,22.05,21.66,21.92,,1214314.0
2014-12-09,21.85,22.16,21.8,22.03,,1303636.0
2014-12-10,21.99,22.2,21.93,22.15,,1137008.0
2014-12-11,22.26,22.36,22.1,22.31,,1487664.0
2014-12-12,22.28,22.36,22.01,22.01,,1401863.0
2014-12-15,22.02,22.17,21.55,21.57,,2210351.0
2014-12-16,21.58,21.73,21.22,21.58,,2155366.0
2014-12-17,21.63,21.99,21.53,21.98,,1967629.0
2014-12-18,22.09,22.17,21.94,22.01,,1554488.0
2014-12-19,21.98,22.18,21.98,22.02,,3417082.0
2014-12-22,22.07,22.49,22.02,22.48,,1176568.0
2014-12-23,22.53,22.62,22.27,22.38,,728338.0
2014-12-24,22.35,22.51,22.24,22.28,,490410.0
2014-12-26,22.31,22.45,22.26,22.36,,467132.0
2014-12-29,22.31,22.56,22.27,22.37,,919911.0
2014-12-30,22.35,22.53,22.28,22.32,,712309.0
2014-12-31,22.39,22.55,21.8,21.83,,1238847.0
2015-01-02,21.96,22.27,21.83,22.22,,1072102.0
2015-01-05,22.14,22.53,22.08,22.45,,1784660.0
2015-01-06,22.54,22.76,22.38,22.58,,2513872.0
2015-01-07,22.65,22.77,22.42,22.74,,3551482.0
2015-01-08,22.77,22.82,22.57,22.78,,2929245.0
2015-01-09,22.81,23.03,22.72,22.86,,2095583.0
2015-01-12,22.93,23.15,22.89,23.12,,1383480.0
2015-01-13,23.15,23.15,22.84,22.92,,2107113.0
2015-01-14,22.78,23.21,22.77,23.14,,1961293.0
2015-01-15,23.28,23.42,23.17,23.39,,2023558.0
2015-01-16,23.38,23.69,23.27,23.65,,1308841.0
2015-01-20,23.79,23.87,23.33,23.43,,1610654.0
2015-01-21,23.42,23.44,23.27,23.39,,1571772.0
2015-01-22,23.44,24.02,23.4,24.02,,1501237.0
2015-01-23,24.04,24.14,23.95,24.04,,1629805.0
2015-01-26,24.03,24.35,23.95,24.32,,3210310.0
2015-01-27,24.23,24.56,24.23,24.55,,2001273.0
2015-01-28,24.64,24.91,24.44,24.46,,2855104.0
2015-01-29,24.46,24.54,24.1,24.26,,1557884.0
2015-01-30,24.19,24.3,23.75,23.75,,2192066.0
2015-02-02,23.74,23.83,23.2,23.77,,2076197.0
2015-02-03,23.77,23.84,23.12,23.84,,2366213.0
2015-02-04,23.77,23.89,23.43,23.69,,1846696.0
2015-02-05,23.8,23.91,23.65,23.91,,1597156.0
2015-02-06,23.86,23.87,23.0,23.14,,1951619.0
2015-02-09,23.14,23.29,22.95,22.96,,1746951.0
2015-02-10,22.97,23.1,22.77,23.07,,1620709.0
2015-02-11,23.05,23.25,22.84,22.98,,1474956.0
2015-02-12,23.04,23.37,22.95,23.33,,1688814.0
2015-02-13,23.34,23.34,22.96,23.17,,1294402.0
2015-02-17,23.17,23.37,23.07,23.15,,1843012.0
2015-02-18,23.17,23.37,22.99,23.33,,2233213.0
2015-02-19,23.26,23.27,22.66,22.73,,1567639.0
2015-02-20,22.69,23.02,22.63,22.99,,1382562.0
2015-02-23,23.03,23.26,23.03,23.25,,1489798.0
2015-02-24,23.21,23.21,22.46,22.58,,1787264.0
2015-02-25,22.61,23.04,22.59,22.71,,1714216.0
2015-02-26,22.72,22.74,22.43,22.49,,1445951.0
2015-02-27,22.51,22.84,22.43,22.81,,2075287.0
2015-03-02,22.79,23.23,22.72,23.09,,1657176.0
2015-03-03,23.0,23.09,22.83,23.01,,1616054.0
2015-03-04,23.02,23.09,22.9,22.99,,1726182.0
2015-03-05,22.9,23.24,22.9,23.03,,2052361.0
2015-03-06,22.57,22.59,22.42,22.57,,2832741.0
2015-03-09,22.65,22.82,22.54,22.77,,2289281.0
2015-03-10,22.72,22.83,22.61,22.68,,3910218.0
2015-03-11,22.69,22.86,22.61,22.82,,1736753.0
2015-03-12,22.93,23.43,22.89,23.39,,2967016.0
2015-03-13,23.44,23.61,23.28,23.57,,2525524.0
2015-03-16,23.82,24.15,23.69,24.06,,2074534.0
2015-03-17,24.0,24.11,23.87,24.03,,1851559.0
2015-03-18,24.02,24.6,23.93,24.52,,2102682.0
2015-03-19,24.42,24.72,24.39,24.46,,1997325.0
2015-03-20,24.64,25.14,24.54,25.11,,3960531.0
2015-03-23,25.11,25.35,25.01,25.15,,1339687.0
2015-03-24,25.1,25.18,24.81,24.82,,1593670.0
2015-03-25,24.88,24.92,24.21,24.24,,1180991.0
2015-03-26,24.22,24.36,24.03,24.12,,1121159.0
2015-03-27,24.13,24.39,24.07,24.22,,2101487.0
2015-03-30,24.34,24.59,24.14,24.57,,1646112.0
2015-03-31,24.52,24.74,24.29,24.3,,1956933.0
2015-04-01,24.3,24.38,23.94,24.09,,1449221.0
2015-04-02,24.07,24.4,24.0,24.27,,1313483.0
2015-04-06,24.35,24.54,24.31,24.4,,1874549.0
2015-04-07,24.37,24.41,24.01,24.02,,1205126.0
2015-04-08,24.04,24.24,23.99,24.19,,1159012.0
2015-04-09,24.1,24.2,23.39,23.5,,1161736.0
2015-04-10,23.64,23.83,23.51,23.56,,1178121.0
2015-04-13,23.52,23.64,23.39,23.39,,1409763.0
2015-04-14,23.49,23.82,23.46,23.56,,1285172.0
2015-04-15,23.6,23.74,23.3,23.3,,1151085.0
2015-04-16,23.26,23.58,23.18,23.47,,861764.0
2015-04-17,23.37,23.54,23.23,23.46,,1089371.0
2015-04-20,23.51,23.58,23.34,23.45,,969937.0
2015-04-21,23.56,23.76,23.52,23.57,,796573.0
2015-04-22,23.59,24.05,23.57,23.9,,1251414.0
2015-04-23,23.88,24.06,23.81,24.01,,1064293.0
2015-04-24,23.99,24.28,23.92,24.13,,1580861.0
2015-04-27,24.22,24.34,24.09,24.23,,2112002.0
2015-04-28,24.35,24.49,24.16,24.38,,2073358.0
2015-04-29,24.1,24.34,23.79,24.08,,2494875.0
2015-04-30,24.02,24.1,23.4,23.6,,3450859.0
2015-05-01,23.64,24.07,23.59,23.73,,1777135.0
2015-05-04,23.97,24.26,23.85,23.91,,1494066.0
2015-05-05,23.86,23.9,23.14,23.25,,1658468.0
2015-05-06,23.28,23.44,23.13,23.24,,1834582.0
2015-05-07,23.33,23.86,23.28,23.77,,1565056.0
2015-05-08,24.11,24.46,24.08,24.16,,1516455.0
2015-05-11,24.09,24.22,23.57,23.64,,1576054.0
2015-05-12,23.48,23.88,23.27,23.8,,867928.0
2015-05-13,23.9,24.11,23.38,23.43,,1267039.0
2015-05-14,23.54,23.86,23.52,23.83,,1201622.0
2015-05-15,23.92,24.13,23.81,24.02,,1064003.0
2015-05-18,23.92,24.0,23.77,23.83,,1022896.0
2015-05-19,23.74,23.87,23.62,23.72,,1915163.0
2015-05-20,23.62,23.97,23.62,23.77,,1277358.0
2015-05-21,23.85,23.86,23.55,23.64,,912477.0
2015-05-22,23.57,23.83,23.48,23.69,,732903.0
2015-05-26,23.68,23.68,23.4,23.48,,1049874.0
2015-05-27,23.56,23.92,23.44,23.9,,1127224.0
2015-05-28,23.9,23.94,23.72,23.85,,1502351.0
2015-05-29,23.77,23.79,23.39,23.45,,4267545.0
2015-06-01,23.5,23.91,23.37,23.85,,2151047.0
2015-06-02,23.74,23.84,23.37,23.41,,1510304.0
2015-06-03,23.39,23.55,22.82,22.88,,1674642.0
2015-06-04,22.87,23.0,22.7,22.84,,1047925.0
2015-06-05,22.56,23.0,22.36,22.84,,1852741.0
2015-06-08,22.87,22.98,22.7,22.85,,862492.0
2015-06-09,22.81,22.98,22.72,22.77,,1100330.0
2015-06-10,22.75,23.13,22.63,22.99,,1371696.0
2015-06-11,23.13,23.33,23.08,23.33,,1664008.0
2015-06-12,23.46,23.58,23.3,23.44,,2297262.0
2015-06-15,23.38,23.56,23.22,23.47,,2233976.0
2015-06-16,23.5,23.79,23.41,23.61,,2392990.0
2015-06-17,23.66,23.82,23.36,23.77,,1476404.0
2015-06-18,23.79,24.3,23.79,24.23,,1505765.0
2015-06-19,24.17,24.21,23.92,23.96,,2294866.0
2015-06-22,24.02,24.19,23.7,23.72,,2692445.0
2015-06-23,23.66,23.75,23.44,23.48,,2562910.0
2015-06-24,23.52,23.77,23.41,23.44,,2198674.0
2015-06-25,23.48,23.61,23.31,23.31,,1657207.0
2015-06-26,23.31,23.62,23.22,23.47,,2831180.0
2015-06-29,23.46,23.74,23.15,23.17,,2103017.0
2015-06-30,23.41,23.5,23.05,23.07,,2747747.0
2015-07-01,23.14,23.53,23.03,23.53,,2473042.0
2015-07-02,23.69,23.96,23.59,23.66,,1898298.0
2015-07-06,23.56,23.78,23.51,23.74,,1591928.0
2015-07-07,23.84,24.14,23.82,24.04,,3817277.0
2015-07-08,24.01,24.15,23.93,24.04,,2125074.0
2015-07-09,24.13,24.15,23.87,23.96,,1767833.0
2015-07-10,24.06,24.26,23.93,23.99,,1739509.0
2015-07-13,24.18,24.37,23.9,23.98,,1299268.0
2015-07-14,24.05,24.47,23.83,24.16,,921661.0
2015-07-15,24.26,24.27,24.02,24.2,,1393638.0
2015-07-16,24.3,24.68,24.25,24.34,,869728.0
2015-07-17,24.34,24.34,24.11,24.21,,710355.0
2015-07-20,24.13,24.38,24.11,24.38,,1377569.0
2015-07-21,24.43,24.6,24.25,24.26,,1142949.0
2015-07-22,24.26,24.5,24.26,24.44,,1112852.0
2015-07-23,24.42,24.43,24.08,24.26,,1673911.0
2015-07-24,24.36,24.42,24.21,24.31,,1163149.0
2015-07-27,24.34,24.57,24.25,24.28,,1960713.0
2015-07-28,24.31,24.55,24.02,24.24,,2400385.0
2015-07-29,24.24,24.24,23.97,24.23,,1287342.0
2015-07-30,24.17,24.28,24.07,24.27,,1171320.0
2015-07-31,24.58,24.73,24.47,24.55,,2038041.0
2015-08-03,24.61,24.85,24.52,24.85,,1589396.0
2015-08-04,24.82,25.07,24.7,24.76,,1481237.0
2015-08-05,24.78,24.81,24.43,24.65,,1404458.0
2015-08-06,24.63,24.8,24.35,24.78,,1512291.0
2015-08-07,24.74,24.99,24.52,24.95,,1398919.0
2015-08-10,25.02,25.05,24.75,24.95,,1216673.0
2015-08-11,24.9,25.26,24.7,25.26,,1731512.0
2015-08-12,25.17,25.33,25.04,25.32,,1758113.0
2015-08-13,25.24,25.37,25.0,25.29,,1341491.0
2015-08-14,25.23,25.28,24.8,25.28,,1595536.0
2015-08-17,25.29,25.74,25.14,25.74,,1767331.0
2015-08-18,25.66,25.91,25.62,25.9,,2791238.0
2015-08-19,25.45,25.66,25.38,25.48,,3240684.0
2015-08-20,25.26,25.52,24.95,25.34,,2305357.0
2015-08-21,25.14,25.25,24.6,24.6,,2139805.0
2015-08-24,23.72,24.31,23.26,23.3,,1366273.0
2015-08-25,23.58,23.69,22.59,22.61,,2690514.0
2015-08-26,22.98,23.29,22.68,23.23,,2592589.0
2015-08-27,23.38,23.91,23.17,23.8,,2005627.0
2015-08-28,23.78,23.91,23.53,23.83,,1352450.0
2015-08-31,23.78,23.96,23.46,23.46,,3637696.0
2015-09-01,23.11,23.33,22.72,22.89,,1744643.0
2015-09-02,23.08,23.22,22.81,23.06,,1315202.0
2015-09-03,23.14,23.31,23.03,23.08,,898585.0
2015-09-04,22.88,22.9,22.45,22.63,,948000.0
2015-09-08,23.06,23.06,22.69,22.96,,1195356.0
2015-09-09,23.21,23.96,22.62,22.65,,1137340.0
2015-09-10,22.61,23.06,22.55,22.78,,1089382.0
2015-09-11,22.77,23.45,22.69,23.44,,1356890.0
2015-09-14,23.51,23.53,23.25,23.36,,1032519.0
2015-09-15,23.43,23.93,23.25,23.85,,1887216.0
2015-09-16,23.81,24.21,23.26,24.15,,1254408.0
2015-09-17,24.15,24.77,23.96,24.35,,1948891.0
2015-09-18,24.02,24.95,24.01,24.47,,2649713.0
2015-09-21,24.54,24.85,24.5,24.72,,1762771.0
2015-09-22,24.59,24.71,24.42,24.48,,1593340.0
2015-09-23,24.55,24.76,24.42,24.63,,1298042.0
2015-09-24,24.59,24.76,24.17,24.42,,1693366.0
2015-09-25,24.46,24.8,24.34,24.54,,1687691.0
2015-09-28,24.48,24.53,24.02,24.31,,1596488.0
2015-09-29,24.36,24.97,24.23,24.84,,2264400.0
2015-09-30,25.11,25.16,24.8,25.04,,2655002.0
2015-10-01,25.13,25.26,24.88,25.18,,1661905.0
2015-10-02,24.96,25.46,24.95,25.44,,1828187.0
2015-10-05,25.68,25.72,25.39,25.63,,1455703.0
2015-10-06,25.58,25.77,25.31,25.4,,1332853.0
2015-10-07,25.52,25.71,25.35,25.7,,2357265.0
2015-10-08,25.7,25.93,25.05,25.79,,2258900.0
2015-10-09,25.77,25.93,25.61,25.91,,1513327.0
2015-10-12,25.95,26.26,25.89,26.23,,1549016.0
2015-10-13,26.12,26.23,25.84,25.93,,1045574.0
2015-10-14,25.98,26.0,25.53,25.58,,1162481.0
2015-10-15,25.68,26.33,25.68,26.04,,1341130.0
2015-10-16,26.09,26.28,25.99,26.19,,1538090.0
2015-10-19,26.16,26.65,26.09,26.65,,1016657.0
2015-10-20,26.62,27.08,26.25,26.34,,1691180.0
2015-10-21,26.45,26.63,26.13,26.37,,1280498.0
2015-10-22,26.48,26.58,26.09,26.18,,2771541.0
2015-10-23,26.2,27.23,25.9,26.04,,1817365.0
2015-10-26,26.09,26.15,25.82,26.1,,1815082.0
2015-10-27,26.38,26.64,25.76,25.92,,2059765.0
2015-10-28,26.04,26.69,25.34,25.82,,2099860.0
2015-10-29,25.73,25.87,25.49,25.74,,1357963.0
2015-10-30,25.79,25.88,25.11,25.22,,2186116.0
2015-11-02,25.4,25.92,25.07,25.9,,1671901.0
2015-11-03,25.83,25.83,25.38,25.57,,1436981.0
2015-11-04,25.63,25.69,25.45,25.61,,997184.0
2015-11-05,25.57,25.84,25.44,25.82,,862342.0
2015-11-06,25.59,25.98,24.74,24.94,,1376292.0
2015-11-09,24.63,24.84,24.29,24.72,,1492213.0
2015-11-10,24.62,25.09,24.57,25.03,,1495776.0
2015-11-11,25.03,25.41,24.97,25.3,,1136321.0
2015-11-12,25.24,25.44,25.08,25.24,,1590205.0
2015-11-13,25.29,25.43,24.85,25.27,,1378078.0
2015-11-16,25.29,25.69,24.95,25.66,,1270071.0
2015-11-17,25.58,26.04,25.56,25.98,,1331090.0
2015-11-18,26.04,26.1,25.66,25.98,,2062617.0
2015-11-19,26.04,26.35,25.91,26.22,,1329963.0
2015-11-20,26.34,26.72,26.28,26.69,,1718391.0
2015-11-23,26.69,26.96,26.68,26.88,,1147610.0
2015-11-24,26.66,26.83,26.42,26.71,,1566819.0
2015-11-25,26.76,27.28,26.68,27.18,,1719225.0
2015-11-27,27.1,27.73,26.8,27.61,,1218685.0
2015-11-30,27.67,27.78,26.94,27.02,,7043323.0
2015-12-01,27.13,27.37,27.07,27.31,,1745654.0
2015-12-02,27.32,27.35,26.76,26.82,,1615186.0
2015-12-03,26.8,26.94,26.31,26.38,,1644248.0
2015-12-04,26.43,27.05,26.43,26.88,,1387818.0
2015-12-07,26.89,27.01,26.58,26.66,,1190606.0
2015-12-08,26.65,26.84,26.52,26.58,,1226642.0
2015-12-09,26.44,26.66,26.17,26.28,,1084715.0
2015-12-10,26.33,26.42,25.74,26.13,,1677212.0
2015-12-11,26.04,26.36,25.97,26.28,,1852655.0
2015-12-14,26.23,26.8,26.07,26.72,,2537421.0
2015-12-15,26.86,27.04,26.77,26.8,,1602651.0
2015-12-16,26.92,27.32,26.75,27.29,,1329118.0
2015-12-17,27.1,27.23,26.39,26.77,,2308296.0
2015-12-18,26.72,26.8,26.52,26.61,,2833759.0
2015-12-21,26.8,26.93,26.49,26.7,,1188233.0
2015-12-22,26.82,27.07,26.68,26.72,,2295440.0
2015-12-23,26.79,27.05,26.75,27.05,,964528.0
2015-12-24,27.02,27.09,26.82,27.03,,442616.0
2015-12-28,26.98,27.39,26.89,27.39,,977916.0
2015-12-29,27.51,27.85,27.51,27.73,,968583.0
2015-12-30,27.74,27.87,27.61,27.64,,816743.0
2015-12-31,27.68,27.81,27.02,27.5,,1635580.0
2016-01-04,27.46,27.5,26.83,27.06,,1655720.0
2016-01-05,27.06,27.54,27.05,27.4,,1052266.0
2016-01-06,27.15,27.43,27.02,27.21,,1234500.0
2016-01-07,26.74,27.1,26.74,26.9,,1973936.0
2016-01-08,27.04,27.1,26.48,26.54,,2275089.0
2016-01-11,26.62,27.1,26.59,26.85,,1608378.0
2016-01-12,26.88,26.94,26.37,26.57,,1936550.0
2016-01-13,26.62,26.96,26.43,26.54,,2057540.0
2016-01-14,26.59,26.76,26.14,26.14,,1734837.0
2016-01-15,25.54,26.45,25.54,26.39,,1814044.0
2016-01-19,26.43,26.74,26.22,26.44,,1975987.0
2016-01-20,26.25,26.78,25.22,25.71,,2513470.0
2016-01-21,25.8,26.01,25.44,25.64,,1539430.0
2016-01-22,25.98,26.44,25.78,26.34,,1327984.0
2016-01-25,26.36,26.61,26.01,26.12,,1756427.0
2016-01-26,26.16,26.96,26.13,26.96,,1681134.0
2016-01-27,26.93,26.93,26.0,26.23,,1893236.0
2016-01-28,26.31,26.48,25.75,25.84,,1879127.0
2016-01-29,26.08,26.31,25.63,26.25,,3071807.0
2016-02-01,26.06,27.0,25.97,26.66,,2510928.0
2016-02-02,26.76,26.88,26.06,26.17,,2842398.0
2016-02-03,26.45,27.16,26.26,26.82,,2651206.0
2016-02-04,26.67,27.43,26.42,27.12,,2820939.0
2016-02-05,27.12,27.16,25.78,25.83,,2092759.0
2016-02-08,25.76,26.41,24.75,25.0,,2186880.0
2016-02-09,24.77,25.22,24.6,24.65,,2115923.0
2016-02-10,24.74,25.3,24.74,25.02,,1520916.0
2016-02-11,24.57,24.72,24.26,24.45,,1387922.0
2016-02-12,24.64,24.71,24.27,24.63,,2008594.0
2016-02-16,24.94,25.0,24.57,24.97,,2149172.0
2016-02-17,25.1,25.33,24.8,24.82,,2026112.0
2016-02-18,24.88,25.18,24.75,25.0,,1453335.0
2016-02-19,24.84,25.37,24.71,25.19,,2051790.0
2016-02-22,25.37,25.68,25.25,25.37,,927088.0
2016-02-23,25.23,25.68,24.94,25.25,,752133.0
2016-02-24,25.11,25.18,24.6,24.85,,1592493.0
2016-02-25,25.04,25.47,24.96,25.47,,1667660.0
2016-02-26,25.45,25.53,25.16,25.35,,1202692.0
2016-02-29,25.39,25.88,25.32,25.32,,1743690.0
2016-03-01,25.43,26.29,25.32,26.29,,1386429.0
2016-03-02,26.19,26.78,25.53,26.68,,1677894.0
2016-03-03,26.74,26.95,26.33,26.94,,1429082.0
2016-03-04,26.85,26.85,25.64,25.64,,53717755.0
2016-03-07,25.95,26.64,25.8,26.43,,4356572.0
2016-03-08,26.49,26.55,26.0,26.09,,3101940.0
2016-03-09,26.14,26.57,25.91,26.38,,2387776.0
2016-03-10,26.59,26.7,25.99,26.32,,1878010.0
2016-03-11,26.66,26.87,26.54,26.86,,2252312.0
2016-03-14,26.85,27.36,26.71,26.88,,1815392.0
2016-03-15,26.84,27.39,26.84,27.33,,2033053.0
2016-03-16,27.21,27.63,27.15,27.57,,1415913.0
2016-03-17,27.5,28.18,27.47,28.1,,1965419.0
2016-03-18,28.12,28.28,27.83,27.88,,5982494.0
2016-03-21,27.73,27.96,27.5,27.59,,1994241.0
2016-03-22,27.48,27.78,27.42,27.63,,1299851.0
2016-03-23,27.63,27.75,27.41,27.43,,1124555.0
2016-03-24,27.34,27.43,27.1,27.33,,1003404.0
2016-03-28,27.34,27.73,27.33,27.66,,865874.0
2016-03-29,27.61,28.14,27.58,28.1,,1608015.0
2016-03-30,28.2,28.42,28.06,28.21,,989586.0
2016-03-31,28.18,28.47,28.08,28.42,,1384786.0
2016-04-01,28.35,28.45,28.12,28.31,,1165048.0
2016-04-04,28.38,28.48,28.3,28.44,,1202191.0
2016-04-05,28.27,28.42,28.02,28.17,,1280776.0
2016-04-06,28.08,28.33,27.99,28.17,,1563583.0
2016-04-07,28.07,28.2,27.63,28.02,,2102041.0
2016-04-08,28.21,28.48,27.97,28.0,,887228.0
2016-04-11,27.73,27.81,27.29,27.29,,2307691.0
2016-04-12,27.34,27.52,27.12,27.43,,1493679.0
2016-04-13,27.62,27.62,26.77,26.84,,2062896.0
2016-04-14,26.7,26.8,26.16,26.41,,1970238.0
2016-04-15,26.41,27.05,26.28,26.97,,1734157.0
2016-04-18,26.99,27.25,26.83,27.22,,1725568.0
2016-04-19,27.23,27.35,27.15,27.35,,1624236.0
2016-04-20,27.37,27.41,26.58,26.62,,1570456.0
2016-04-21,26.62,26.91,26.3,26.36,,1408027.0
2016-04-22,26.55,26.78,26.39,26.76,,1703974.0
2016-04-25,26.59,27.12,26.57,27.12,,1584575.0
2016-04-26,27.13,27.66,26.55,26.85,,2976297.0
2016-04-27,26.69,26.82,26.01,26.25,,3213680.0
2016-04-28,26.16,26.55,26.05,26.18,,1832460.0
2016-04-29,25.99,26.15,25.44,25.96,,2588557.0
2016-05-02,25.98,26.33,25.86,26.24,,1910400.0
2016-05-03,26.11,26.45,25.96,26.39,,2526712.0
2016-05-04,26.23,27.0,26.14,26.88,,2034343.0
2016-05-05,26.84,27.28,26.74,27.14,,1502783.0
2016-05-06,27.06,27.51,26.83,27.43,,1413205.0
2016-05-09,27.5,27.7,27.38,27.67,,1005049.0
2016-05-10,27.74,27.99,27.5,27.78,,1579135.0
2016-05-11,27.72,27.72,27.0,27.25,,1494417.0
2016-05-12,27.2,27.45,26.94,27.36,,1257151.0
2016-05-13,27.31,27.31,26.92,26.97,,1775358.0
2016-05-16,26.97,27.28,26.86,27.17,,1055665.0
2016-05-17,27.09,27.09,26.7,26.84,,1516187.0
2016-05-18,26.74,26.82,26.19,26.56,,1416545.0
2016-05-19,26.29,26.35,26.03,26.24,,1222884.0
2016-05-20,26.39,26.46,26.16,26.4,,1552129.0
2016-05-23,26.45,26.55,26.36,26.48,,826860.0
2016-05-24,26.66,26.97,26.63,26.77,,1043856.0
2016-05-25,26.88,26.95,26.53,26.89,,908985.0
2016-05-26,26.74,26.75,26.29,26.7,,1330429.0
2016-05-27,26.74,27.01,26.51,26.88,,1125357.0
2016-05-31,26.87,27.03,26.49,26.78,,2061087.0
2016-06-01,26.57,26.57,25.94,26.04,,2731749.0
2016-06-02,26.04,26.14,25.77,26.12,,1808388.0
2016-06-03,26.27,26.42,25.33,25.42,,3735224.0
2016-06-06,25.22,25.31,24.64,24.84,,2796044.0
2016-06-07,24.92,25.1,24.74,24.84,,2517003.0
2016-06-08,24.75,25.03,24.51,24.94,,1694297.0
2016-06-09,24.94,25.29,24.89,25.06,,1942290.0
2016-06-10,24.83,25.1,24.58,25.08,,2080695.0
2016-06-13,25.14,25.41,25.04,25.32,,2663727.0
2016-06-14,25.29,25.41,24.92,25.32,,3036544.0
2016-06-15,25.38,25.7,25.25,25.61,,1540535.0
2016-06-16,25.54,25.96,25.54,25.94,,1919326.0
2016-06-17,25.88,25.92,25.62,25.91,,2869572.0
2016-06-20,26.08,26.35,25.85,25.93,,2337703.0
2016-06-21,25.97,26.2,25.93,26.16,,1221573.0
2016-06-22,26.15,26.41,26.02,26.26,,1873122.0
2016-06-23,26.4,26.75,26.06,26.16,,1105920.0
2016-06-24,25.43,26.31,25.43,25.83,,2642215.0
2016-06-27,25.61,26.03,25.55,25.9,,2440762.0
2016-06-28,26.12,26.65,25.88,26.65,,3044807.0
2016-06-29,26.91,27.23,26.86,27.07,,3659849.0
2016-06-30,27.06,27.45,26.83,27.44,,1916926.0
2016-07-01,27.44,27.6,27.32,27.41,,1599010.0
2016-07-05,27.41,27.87,27.41,27.83,,1319191.0
2016-07-06,27.72,27.81,27.57,27.7,,1556373.0
2016-07-07,27.6,27.67,27.24,27.43,,1088581.0
2016-07-08,27.68,27.89,27.54,27.79,,1580888.0
2016-07-11,27.83,27.93,27.45,27.85,,1398746.0
2016-07-12,27.83,28.04,27.48,28.03,,1702560.0
2016-07-13,28.14,28.21,27.94,28.14,,1298119.0
2016-07-14,28.19,28.19,27.61,27.7,,1630563.0
2016-07-15,27.67,27.67,27.15,27.31,,2683160.0
2016-07-18,27.35,27.4,27.27,27.33,,1517957.0
2016-07-19,27.34,27.6,27.24,27.57,,1362741.0
2016-07-20,27.59,27.63,27.48,27.6,,855826.0
2016-07-21,27.5,27.7,27.36,27.65,,991779.0
2016-07-22,27.6,27.96,27.6,27.84,,1546519.0
2016-07-25,27.96,28.08,27.69,27.79,,1063341.0
2016-07-26,27.57,27.58,27.36,27.44,,1857183.0
2016-07-27,27.44,27.85,26.55,27.01,,2903674.0
2016-07-28,27.02,27.66,26.85,27.39,,1839892.0
2016-07-29,27.4,28.16,27.4,27.9,,1945741.0
2016-08-01,28.01,28.33,28.01,28.2,,1462773.0
2016-08-02,28.05,28.14,27.76,27.81,,1137864.0
2016-08-03,27.78,27.82,27.53,27.72,,1702088.0
2016-08-04,27.75,27.8,27.54,27.63,,1752763.0
2016-08-05,27.59,27.78,27.45,27.63,,1175166.0
2016-08-08,27.64,28.23,27.64,28.1,,1767358.0
2016-08-09,28.12,28.23,27.8,28.14,,1656900.0
2016-08-10,28.11,28.26,27.69,27.86,,1545262.0
2016-08-11,27.85,27.85,27.33,27.58,,1433670.0
2016-08-12,27.57,27.96,27.52,27.58,,1018471.0
2016-08-15,27.59,27.91,27.59,27.63,,1324267.0
2016-08-16,27.51,27.59,27.2,27.33,,1097414.0
2016-08-17,27.42,27.47,26.91,27.24,,1916330.0
2016-08-18,27.21,27.42,27.06,27.24,,1170409.0
2016-08-19,27.17,27.25,26.83,27.02,,1669700.0
2016-08-22,27.07,27.2,26.9,27.14,,924753.0
2016-08-23,27.25,27.27,26.85,26.94,,1190483.0
2016-08-24,26.99,27.06,26.64,26.81,,1283111.0
2016-08-25,26.83,27.39,26.79,27.05,,1206881.0
2016-08-26,27.11,27.43,26.7,26.87,,1024300.0
2016-08-29,26.97,27.28,26.91,27.1,,1395734.0
2016-08-30,27.15,27.18,26.58,27.01,,1830947.0
2016-08-31,27.04,27.2,26.7,27.11,,2372954.0
2016-09-01,27.13,27.21,26.88,27.04,,1049792.0
2016-09-02,27.07,27.55,27.03,27.15,,1296920.0
2016-09-06,27.23,27.42,27.06,27.42,,1469232.0
2016-09-07,27.38,27.6,27.23,27.54,,1159155.0
2016-09-08,27.43,27.43,26.7,26.7,,4290030.0
2016-09-09,26.42,26.43,25.76,25.84,,2697778.0
2016-09-12,25.76,26.4,25.7,26.26,,2515115.0
2016-09-13,26.1,26.13,25.56,25.63,,2215114.0
2016-09-14,25.75,26.0,25.59,25.98,,2171761.0
2016-09-15,25.94,26.16,25.74,26.13,,1691153.0
2016-09-16,26.01,26.05,25.83,25.99,,2631364.0
2016-09-19,26.06,26.45,26.04,26.41,,995873.0
2016-09-20,26.61,26.67,26.47,26.55,,1530673.0
2016-09-21,26.51,26.93,26.16,26.87,,1285325.0
2016-09-22,27.12,27.42,27.12,27.39,,1646205.0
2016-09-23,27.3,27.77,27.1,27.54,,1369733.0
2016-09-26,27.45,27.72,27.44,27.66,,1057794.0
2016-09-27,27.69,27.77,27.43,27.46,,1175169.0
2016-09-28,27.46,27.73,27.33,27.71,,1188846.0
2016-09-29,27.57,27.67,27.22,27.3,,1214816.0
2016-09-30,27.51,27.6,26.95,26.97,,1961663.0
2016-10-03,26.85,26.85,26.29,26.31,,1579848.0
2016-10-04,26.2,26.34,25.75,26.0,,1887341.0
2016-10-05,26.04,26.17,25.31,25.45,,2370808.0
2016-10-06,25.38,25.8,25.05,25.49,,1921282.0
2016-10-07,25.65,25.93,25.21,25.28,,1322447.0
2016-10-10,25.29,25.56,25.28,25.5,,919706.0
2016-10-11,25.4,25.53,25.24,25.44,,1234273.0
2016-10-12,25.49,25.58,25.27,25.56,,930169.0
2016-10-13,25.39,25.86,25.37,25.83,,1286445.0
2016-10-14,25.8,25.93,25.48,25.53,,2150986.0
2016-10-17,25.62,25.75,25.51,25.55,,2268125.0
2016-10-18,25.83,25.85,25.48,25.52,,984300.0
2016-10-19,25.48,25.65,25.43,25.57,,1210751.0
2016-10-20,25.59,25.82,25.42,25.48,,852455.0
2016-10-21,25.33,25.56,25.29,25.48,,1078869.0
2016-10-24,25.62,25.85,25.31,25.4,,995348.0
2016-10-25,24.98,25.41,24.78,25.35,,2408531.0
2016-10-26,25.23,25.96,25.23,25.87,,2387325.0
2016-10-27,25.82,25.83,25.01,25.37,,2540827.0
2016-10-28,25.38,25.91,25.34,25.58,,1571209.0
2016-10-31,25.65,26.45,25.65,26.43,,2206139.0
2016-11-01,26.37,26.51,25.92,26.26,,2414236.0
2016-11-02,26.3,26.54,26.02,26.04,,2260232.0
2016-11-03,25.99,26.31,25.91,26.02,,2292414.0
2016-11-04,26.08,26.23,25.72,26.13,,2100824.0
2016-11-07,26.43,26.58,26.04,26.2,,1499816.0
2016-11-08,26.21,26.64,26.1,26.54,,1423772.0
2016-11-09,25.93,26.27,25.32,26.05,,1662486.0
2016-11-10,26.06,26.06,25.06,25.42,,3420945.0
2016-11-11,25.4,26.08,25.34,25.72,,1907512.0
2016-11-14,25.65,26.61,25.39,26.44,,2723666.0
2016-11-15,26.54,26.56,25.37,25.52,,2500838.0
2016-11-16,25.52,25.84,25.28,25.57,,2569928.0
2016-11-17,25.52,25.87,25.14,25.2,,1974831.0
2016-11-18,25.21,25.36,24.83,25.06,,1710602.0
2016-11-21,25.12,25.34,24.95,25.03,,1272233.0
2016-11-22,25.1,25.52,24.95,25.46,,1374692.0
2016-11-23,25.27,25.31,24.97,25.24,,1152742.0
2016-11-25,25.28,25.54,25.19,25.34,,601785.0
2016-11-28,25.43,25.96,25.36,25.77,,1745090.0
2016-11-29,25.78,26.07,25.73,25.84,,1441619.0
2016-11-30,25.58,25.93,25.44,25.73,,2369904.0
2016-12-01,25.65,25.71,25.18,25.23,,1853172.0
2016-12-02,25.37,25.85,25.31,25.44,,1554268.0
2016-12-05,25.46,25.58,25.31,25.45,,1965087.0
2016-12-06,25.43,25.74,25.21,25.32,,1818851.0
2016-12-07,25.37,25.67,25.27,25.62,,1819960.0
2016-12-08,25.52,26.05,25.4,25.86,,2172425.0
2016-12-09,25.84,26.25,25.79,25.88,,1071928.0
2016-12-12,25.8,26.15,25.8,26.12,,1008134.0
2016-12-13,26.05,26.22,25.74,26.12,,1892524.0
2016-12-14,26.14,26.27,25.86,25.92,,2255664.0
2016-12-15,25.87,26.37,25.77,26.11,,1955990.0
2016-12-16,26.21,26.79,26.2,26.61,,3325395.0
2016-12-19,26.74,26.98,26.63,26.86,,1206284.0
2016-12-20,26.86,27.16,26.76,27.1,,1472746.0
2016-12-21,27.1,27.23,26.64,26.64,,1443197.0
2016-12-22,26.57,26.8,26.36,26.77,,1138962.0
2016-12-23,26.86,26.95,26.75,26.88,,639764.0
2016-12-27,26.86,27.04,26.81,26.89,,641569.0
2016-12-28,26.89,26.89,26.55,26.82,,1030936.0
2016-12-29,26.84,27.16,26.79,27.07,,871354.0
2016-12-30,27.03,27.6,26.92,27.57,,1685360.0
2017-01-03,27.72,27.8,26.98,27.17,,1862978.0
2017-01-04,27.23,27.65,27.01,27.44,,1815411.0
2017-01-05,27.31,27.58,26.91,27.53,,2907433.0
2017-01-06,27.5,27.88,27.41,27.76,,1415421.0
2017-01-09,27.8,27.9,27.46,27.47,,1370327.0
2017-01-10,27.38,27.45,27.22,27.22,,889553.0
2017-01-11,27.2,27.27,27.01,27.06,,1383381.0
2017-01-12,27.09,27.4,26.84,27.38,,1296309.0
2017-01-13,27.28,27.42,27.14,27.15,,788934.0
2017-01-17,27.2,27.45,27.19,27.38,,1268550.0
2017-01-18,27.42,27.65,27.3,27.48,,813423.0
2017-01-19,27.35,27.45,27.13,27.21,,1061835.0
2017-01-20,27.4,27.58,27.26,27.48,,1513894.0
2017-01-23,27.48,27.53,27.29,27.47,,1607899.0
2017-01-24,27.49,27.67,27.19,27.29,,1647208.0
2017-01-25,27.26,27.35,26.85,26.87,,1615609.0
2017-01-26,26.97,27.03,26.66,26.68,,1951585.0
2017-01-27,26.83,26.84,26.42,26.61,,1825545.0
2017-01-30,27.13,27.13,26.35,26.4,,2128552.0
2017-01-31,26.54,27.23,26.54,26.63,,3500275.0
2017-02-01,26.54,26.68,26.24,26.27,,2430261.0
2017-02-02,26.27,26.71,26.27,26.65,,2999677.0
2017-02-03,26.82,26.84,26.29,26.41,,2388273.0
2017-02-06,26.39,26.56,26.22,26.49,,1114867.0
2017-02-07,26.58,26.7,26.4,26.61,,1403897.0
2017-02-08,26.61,27.21,26.54,27.21,,2734228.0
2017-02-09,27.17,27.21,26.94,26.97,,1062859.0
2017-02-10,26.88,27.24,26.8,27.2,,766087.0
2017-02-13,27.22,27.22,26.53,26.9,,1718899.0
2017-02-14,26.87,26.98,26.5,26.94,,1212827.0
2017-02-15,26.83,26.97,26.49,26.87,,1160198.0
2017-02-16,26.75,27.08,26.73,27.03,,1164161.0
2017-02-17,27.15,27.21,26.88,27.12,,1183450.0
2017-02-21,27.0,27.46,26.97,27.39,,920765.0
2017-02-22,27.48,27.52,27.0,27.19,,1087597.0
2017-02-23,27.29,27.64,27.25,27.58,,1367501.0
2017-02-24,27.55,27.61,27.38,27.58,,765929.0
2017-02-27,27.64,27.86,27.6,27.7,,796133.0
2017-02-28,27.72,27.88,27.54,27.81,,1577950.0
2017-03-01,27.59,27.92,27.43,27.77,,1500333.0
2017-03-02,27.76,27.86,27.58,27.72,,1286343.0
2017-03-03,27.6,27.6,27.01,27.35,,17515.0
2017-03-06,27.26,27.58,27.19,27.54,,11889.0
2017-03-07,27.51,27.61,27.29,27.61,,1080856.0
2017-03-08,27.7,27.74,27.31,27.37,,1328206.0
2017-03-09,27.39,27.51,26.79,26.8,,1601974.0
2017-03-10,27.06,27.38,26.46,26.58,,1416631.0
2017-03-13,26.68,26.88,26.61,26.78,,1203122.0
2017-03-14,26.85,26.85,26.64,26.74,,1043800.0
2017-03-15,26.81,27.61,26.65,27.48,,1347367.0
2017-03-16,27.37,27.69,27.35,27.48,,1505827.0
2017-03-17,27.48,27.68,27.39,27.56,,1996048.0
2017-03-20,27.58,27.64,27.43,27.51,,995497.0
2017-03-21,27.56,27.67,27.5,27.56,,1139361.0
2017-03-22,27.69,27.69,27.3,27.51,,1962763.0
2017-03-23,27.46,27.9,27.38,27.73,,1314107.0
2017-03-24,27.83,27.98,27.7,27.74,,981339.0
2017-03-27,27.67,27.8,27.3,27.49,,1414232.0
2017-03-28,27.45,27.67,27.15,27.63,,1265094.0
2017-03-29,27.57,27.61,27.29,27.51,,1410969.0
2017-03-30,27.45,27.58,27.19,27.54,,950197.0
2017-03-31,27.51,27.72,27.45,27.63,,1425808.0
2017-04-03,27.63,27.72,27.32,27.47,,890762.0
2017-04-04,27.43,27.88,27.35,27.58,,874854.0
2017-04-05,27.56,27.62,27.16,27.54,,1205785.0
2017-04-06,27.47,27.77,27.38,27.7,,919056.0
2017-04-07,27.74,27.87,27.65,27.78,,952315.0
2017-04-10,27.76,28.0,27.67,27.94,,808637.0
2017-04-11,27.94,28.14,27.85,28.07,,917130.0
2017-04-12,28.05,28.14,27.8,27.82,,1315570.0
2017-04-13,27.82,27.9,27.66,27.69,,1029510.0
2017-04-17,27.81,28.17,27.74,28.17,,1263560.0
2017-04-18,28.14,28.36,28.07,28.24,,824376.0
2017-04-19,28.22,28.29,28.02,28.07,,918001.0
2017-04-20,28.03,28.04,27.72,27.87,,1146939.0
2017-04-21,27.81,27.97,27.7,27.83,,891535.0
2017-04-24,28.02,28.06,27.23,27.64,,1636345.0
2017-04-25,27.73,28.53,27.58,28.48,,2315678.0
2017-04-26,28.42,28.85,28.23,28.57,,2670972.0
2017-04-27,28.63,28.76,28.3,28.46,,1543702.0
2017-04-28,28.45,28.7,28.29,28.7,,1961974.0
2017-05-01,28.68,29.05,28.59,28.9,,1601407.0
2017-05-02,28.91,29.01,28.66,28.77,,968106.0
2017-05-03,28.84,28.84,28.53,28.6,,1410455.0
2017-05-04,28.46,28.95,28.33,28.91,,1609655.0
2017-05-05,28.97,29.2,28.89,29.19,,1504152.0
2017-05-08,29.26,29.29,28.9,29.15,,2037410.0
2017-05-09,29.13,29.21,28.78,28.86,,1544001.0
2017-05-10,28.82,29.13,28.77,28.83,,1452179.0
2017-05-11,28.6,28.97,28.53,28.9,,1101857.0
2017-05-12,28.93,29.03,28.87,28.94,,887867.0
2017-05-15,28.95,29.16,28.9,29.05,,1042430.0
2017-05-16,29.09,29.1,28.87,28.93,,1082894.0
2017-05-17,28.97,29.2,28.66,28.74,,2617368.0
2017-05-18,28.77,29.2,28.61,29.1,,1586820.0
2017-05-19,29.1,29.21,28.93,29.08,,1378978.0
2017-05-22,29.14,29.34,29.03,29.28,,1121956.0
2017-05-23,29.4,29.65,29.36,29.42,,1457392.0
2017-05-24,29.47,29.58,29.3,29.5,,797604.0
2017-05-25,29.63,29.69,29.28,29.43,,800639.0
2017-05-26,29.48,29.66,29.42,29.46,,749025.0
2017-05-30,29.43,29.62,29.38,29.46,,896334.0
2017-05-31,29.53,29.72,29.52,29.67,,1714491.0
2017-06-01,29.64,29.7,29.43,29.56,,1839662.0
2017-06-02,29.7,30.3,29.7,30.24,,1409471.0
2017-06-05,30.15,30.66,30.05,30.63,,1325470.0
2017-06-06,30.62,30.66,30.28,30.29,,1240613.0
2017-06-07,30.33,30.87,30.23,30.73,,1950555.0
2017-06-08,30.79,30.82,30.26,30.69,,963423.0
2017-06-09,30.69,30.96,30.52,30.91,,1006596.0
2017-06-12,30.4,30.78,30.4,30.53,,1257975.0
2017-06-13,30.56,30.72,30.26,30.47,,1743198.0
2017-06-14,30.74,30.81,30.42,30.51,,1083420.0
2017-06-15,30.45,30.95,30.41,30.74,,969727.0
2017-06-16,30.82,30.99,30.79,30.89,,1745226.0
2017-06-19,30.94,31.29,30.89,31.12,,966740.0
2017-06-20,31.16,31.2,30.59,30.94,,984539.0
2017-06-21,30.96,30.97,30.57,30.82,,880001.0
2017-06-22,30.75,30.83,30.32,30.46,,1516160.0
2017-06-23,30.49,30.69,30.4,30.49,,1749182.0
2017-06-26,30.58,30.72,30.39,30.53,,1289290.0
2017-06-27,30.4,30.53,30.04,30.13,,1355091.0
2017-06-28,30.2,30.29,29.95,30.0,,1483047.0
2017-06-29,29.85,30.18,29.69,30.13,,1439249.0
2017-06-30,30.16,30.35,29.89,29.95,,1306260.0
2017-07-03,30.06,30.24,29.83,30.2,,512616.0
2017-07-05,30.21,30.51,30.1,30.24,,1346562.0
2017-07-06,30.15,30.21,29.44,29.5,,1506615.0
2017-07-07,29.54,29.74,29.46,29.57,,1281672.0
2017-07-10,29.63,29.74,29.31,29.31,,1169968.0
2017-07-11,29.4,29.44,28.95,29.25,,906547.0
2017-07-12,29.51,29.69,29.38,29.44,,1081647.0
2017-07-13,29.44,29.5,29.26,29.29,,715952.0
2017-07-14,29.43,29.63,29.39,29.56,,1197039.0
2017-07-17,29.55,29.92,29.53,29.87,,684851.0
2017-07-18,29.84,30.05,29.6,29.91,,1542623.0
2017-07-19,29.96,30.32,29.93,30.31,,879415.0
2017-07-20,30.32,30.54,30.28,30.42,,1265054.0
2017-07-21,30.42,30.56,30.26,30.5,,1155182.0
2017-07-24,30.5,30.55,30.25,30.32,,1562450.0
2017-07-25,30.45,30.45,29.94,29.97,,833292.0
2017-07-26,29.96,30.51,29.81,30.36,,828197.0
2017-07-27,29.75,30.11,29.44,29.97,,2008519.0
2017-07-28,30.04,30.56,29.97,30.46,,1441334.0
2017-07-31,30.47,30.51,30.17,30.29,,1364965.0
2017-08-01,30.36,30.51,30.21,30.29,,1134650.0
2017-08-02,30.18,30.36,30.07,30.24,,969755.0
2017-08-03,30.1,30.48,29.96,30.05,,1166167.0
2017-08-04,30.05,30.25,29.91,29.94,,1162886.0
2017-08-07,29.94,30.1,29.84,30.01,,700011.0
2017-08-08,29.87,30.03,29.75,29.94,,1883879.0
2017-08-09,30.05,30.21,29.83,30.08,,1114343.0
2017-08-10,30.05,30.16,29.95,30.06,,849847.0
2017-08-11,30.1,30.1,29.76,29.81,,721320.0
2017-08-14,29.94,30.26,29.87,30.22,,734485.0
2017-08-15,30.18,30.33,30.0,30.32,,1227253.0
2017-08-16,30.52,30.62,30.1,30.16,,1260028.0
2017-08-17,30.17,30.46,30.08,30.39,,1080156.0
2017-08-18,30.34,30.36,30.1,30.18,,804571.0
2017-08-21,30.28,30.59,30.18,30.48,,902761.0
2017-08-22,30.48,30.65,30.29,30.42,,1055783.0
2017-08-23,30.46,30.61,30.37,30.48,,1120739.0
2017-08-24,30.57,30.64,30.26,30.32,,2401185.0
2017-08-25,30.39,30.48,30.18,30.25,,1511384.0
2017-08-28,30.25,30.3,30.01,30.16,,1481445.0
2017-08-29,30.21,30.32,29.95,30.0,,1138760.0
2017-08-30,29.94,30.07,29.76,30.01,,1463984.0
2017-08-31,30.08,30.19,29.98,30.08,,2047289.0
2017-09-01,30.12,30.25,30.02,30.09,,992055.0
2017-09-05,30.08,30.31,29.98,30.27,,1585127.0
2017-09-06,30.32,30.46,30.2,30.26,,1039920.0
2017-09-07,30.32,30.59,30.18,30.55,,1265516.0
2017-09-08,30.56,30.76,30.51,30.64,,2084973.0
2017-09-11,30.7,30.89,30.61,30.83,,1318054.0
2017-09-12,30.8,30.8,30.18,30.36,,1970047.0
2017-09-13,30.37,30.41,29.91,29.99,,1395110.0
2017-09-14,29.98,30.21,29.87,30.18,,1257171.0
2017-09-15,30.25,30.29,29.98,30.16,,2239584.0
2017-09-18,30.17,30.25,29.98,30.15,,1000755.0
2017-09-19,30.12,30.18,29.73,29.8,,1289765.0
2017-09-20,29.82,29.99,29.67,29.77,,1242058.0
2017-09-21,29.79,29.85,29.56,29.56,,887346.0
2017-09-22,29.63,29.67,29.39,29.45,,684843.0
2017-09-25,29.48,29.63,29.42,29.53,,1180864.0
2017-09-26,29.53,29.63,29.49,29.5,,1001179.0
2017-09-27,29.49,29.49,29.17,29.32,,987568.0
2017-09-28,29.34,29.5,29.24,29.48,,1047795.0
2017-09-29,29.4,29.47,29.23,29.46,,1250675.0
2017-10-02,29.5,29.53,29.26,29.42,,1119938.0
2017-10-03,29.43,29.48,29.19,29.41,,1115711.0
2017-10-04,29.39,29.81,29.37,29.74,,787750.0
2017-10-05,30.01,30.18,29.78,29.87,,1330579.0
2017-10-06,29.76,29.83,29.33,29.81,,993737.0
2017-10-09,29.77,30.03,29.75,29.96,,1160142.0
2017-10-10,30.02,30.26,29.99,30.18,,1304981.0
2017-10-11,30.2,30.31,30.13,30.16,,1115058.0
2017-10-12,30.16,30.41,30.13,30.41,,1015165.0
2017-10-13,30.55,30.59,30.38,30.46,,1100369.0
2017-10-16,30.43,30.52,30.2,30.27,,969025.0
2017-10-17,30.2,30.33,30.11,30.28,,913623.0
2017-10-18,30.24,30.31,30.06,30.11,,735979.0
2017-10-19,30.15,30.16,29.95,30.09,,1128184.0
2017-10-20,30.09,30.13,29.84,30.01,,1368069.0
2017-10-23,30.1,30.12,29.95,30.11,,979583.0
2017-10-24,29.97,30.18,29.55,29.7,,1560437.0
2017-10-25,29.64,29.91,29.63,29.84,,1429386.0
2017-10-26,30.02,30.02,29.76,29.88,,1519855.0
2017-10-27,29.88,30.13,29.74,30.08,,1461390.0
2017-10-30,30.08,30.22,30.02,30.12,,1928334.0
2017-10-31,30.04,30.31,29.82,30.3,,1458408.0
2017-11-01,30.35,30.6,30.24,30.54,,1556236.0
2017-11-02,30.58,30.63,29.66,29.78,,2369557.0
2017-11-03,29.61,30.22,29.56,30.05,,2348819.0
2017-11-06,30.09,30.59,30.09,30.38,,1813975.0
2017-11-07,30.44,30.72,30.42,30.69,,1506533.0
2017-11-08,30.73,31.29,30.71,31.28,,2408291.0
2017-11-09,31.21,31.48,31.02,31.11,,1781397.0
2017-11-10,30.94,31.35,30.94,31.04,,1116695.0
2017-11-13,31.07,31.36,31.05,31.2,,1527822.0
2017-11-14,31.18,31.31,31.02,31.23,,1021278.0
2017-11-15,31.23,31.5,30.74,30.77,,1232410.0
2017-11-16,30.75,30.98,30.68,30.86,,1632886.0
2017-11-17,30.78,30.93,30.47,30.59,,4286648.0
2017-11-20,30.58,30.85,30.5,30.77,,1806253.0
2017-11-21,30.81,31.14,30.72,31.05,,1879281.0
2017-11-22,30.95,31.08,30.73,30.98,,1174591.0
2017-11-24,31.03,31.09,30.95,30.98,,372636.0
2017-11-27,30.95,31.03,30.83,30.85,,874917.0
2017-11-28,30.82,30.9,30.63,30.8,,1426304.0
2017-11-29,30.49,30.82,30.22,30.74,,1781341.0
2017-11-30,30.8,30.84,30.55,30.72,,1927182.0
2017-12-01,30.82,31.06,30.48,30.63,,1417857.0
2017-12-04,30.72,30.8,30.59,30.69,,1209305.0
2017-12-05,30.76,30.76,30.28,30.31,,1247525.0
2017-12-06,30.35,30.49,30.2,30.36,,912474.0
2017-12-07,30.39,30.47,30.24,30.33,,1194759.0
2017-12-08,30.36,30.56,30.2,30.48,,1207539.0
2017-12-11,30.7,30.75,30.5,30.64,,1279303.0
2017-12-12,30.56,30.79,30.48,30.75,,1496464.0
2017-12-13,30.8,30.88,30.35,30.48,,2014251.0
2017-12-14,30.41,30.59,30.33,30.54,,1216343.0
2017-12-15,30.7,30.83,30.59,30.74,,3482294.0
2017-12-18,30.76,30.95,30.67,30.75,,1527316.0
2017-12-19,30.73,30.86,29.69,29.79,,1858554.0
2017-12-20,29.74,29.97,29.64,29.7,,1632011.0
2017-12-21,29.81,29.83,29.43,29.43,,1049167.0
2017-12-22,29.53,29.87,29.46,29.81,,1244948.0
2017-12-26,29.84,29.96,29.71,29.94,,702969.0
2017-12-27,30.03,30.09,29.84,29.96,,808440.0
2017-12-28,30.04,30.2,29.88,30.16,,1040524.0
2017-12-29,30.18,30.18,29.99,30.09,,1061552.0
2018-01-02,30.13,30.18,29.73,29.73,,1275651.0
2018-01-03,29.76,30.01,29.76,29.95,,1088189.0
2018-01-04,29.85,29.93,29.26,29.34,,1197496.0
2018-01-05,29.34,29.37,29.12,29.3,,1322367.0
2018-01-08,29.38,29.6,29.3,29.38,,1366548.0
2018-01-09,29.37,29.52,28.68,29.09,,1454296.0
2018-01-10,28.91,28.97,28.43,28.68,,2357235.0
2018-01-11,28.7,28.83,28.39,28.42,,1468686.0
2018-01-12,28.39,28.5,27.98,28.12,,1587312.0
2018-01-16,28.26,28.66,28.24,28.41,,1777427.0
2018-01-17,28.56,28.59,28.2,28.42,,1036137.0
2018-01-18,28.3,28.39,28.01,28.26,,1264997.0
2018-01-19,28.39,28.41,28.2,28.33,,1484272.0
2018-01-22,28.37,28.66,28.32,28.64,,1783787.0
2018-01-23,28.76,29.17,28.76,29.17,,1567275.0
2018-01-24,29.1,29.18,28.86,29.0,,1603269.0
2018-01-25,28.99,29.08,28.71,28.93,,1359727.0
2018-01-26,29.02,29.08,28.54,28.76,,1000280.0
2018-01-29,28.67,28.77,28.38,28.39,,1432188.0
2018-01-30,28.3,28.53,28.18,28.27,,1318860.0
2018-01-31,28.32,28.79,28.16,28.77,,2177506.0
2018-02-01,28.75,28.88,27.79,27.81,,1791182.0
2018-02-02,27.57,27.88,27.3,27.72,,1772386.0
2018-02-05,27.56,27.99,26.92,26.92,,2106546.0
2018-02-06,26.56,27.14,26.24,27.02,,2278342.0
2018-02-07,26.75,27.45,26.62,26.62,,2511084.0
2018-02-08,26.54,27.02,25.92,25.93,,2901720.0
2018-02-09,26.07,26.8,25.9,26.61,,2597120.0
2018-02-12,26.69,26.76,25.91,26.57,,1862234.0
2018-02-13,26.47,26.89,26.41,26.78,,2164910.0
2018-02-14,26.57,26.63,26.22,26.61,,1297231.0
2018-02-15,26.75,27.13,26.65,27.09,,1705313.0
2018-02-16,27.16,27.44,27.08,27.26,,2656170.0
2018-02-20,27.15,27.41,26.93,26.97,,1778293.0
2018-02-21,26.96,27.03,26.12,26.16,,1993169.0
2018-02-22,26.24,26.61,26.2,26.34,,1295411.0
2018-02-23,26.49,26.9,26.36,26.89,,1016736.0
2018-02-26,26.96,27.07,26.74,26.89,,1299434.0
2018-02-27,26.86,26.94,26.25,26.45,,1799749.0
2018-02-28,26.56,26.86,26.47,26.48,,2057277.0
2018-03-01,26.39,26.93,26.28,26.54,,1753135.0
2018-03-02,26.46,26.61,26.09,26.29,,1406170.0
2018-03-05,26.2,26.67,26.02,26.52,,1475540.0
2018-03-06,26.48,26.77,26.3,26.68,,1376861.0
2018-03-07,26.56,26.91,26.55,26.9,,1609218.0
2018-03-08,26.94,27.2,26.82,27.16,,1041822.0
2018-03-09,27.41,27.76,27.17,27.76,,1676710.0
2018-03-12,27.74,27.89,27.59,27.82,,1601935.0
2018-03-13,27.98,28.09,27.81,27.89,,2043800.0
2018-03-14,27.92,28.11,27.87,27.99,,1819873.0
2018-03-15,28.05,28.21,27.92,28.09,,1224830.0
2018-03-16,28.07,28.36,28.03,28.32,,2060461.0
2018-03-19,28.12,28.19,27.76,28.08,,1500567.0
2018-03-20,28.07,28.26,27.81,27.91,,1276407.0
2018-03-21,27.87,28.1,27.65,27.79,,985631.0
2018-03-22,27.72,28.06,27.38,27.39,,1821639.0
2018-03-23,27.37,27.43,26.8,26.89,,2094362.0
2018-03-26,27.07,27.2,26.87,27.13,,1359791.0
2018-03-27,27.13,27.72,26.89,27.33,,1586323.0
2018-03-28,27.49,28.13,27.49,28.04,,1689309.0
2018-03-29,28.11,28.31,27.92,28.05,,1498022.0
2018-04-02,27.98,28.05,27.52,27.71,,1701815.0
2018-04-03,27.76,28.24,27.56,28.11,,1677751.0
2018-04-04,27.95,28.42,27.87,28.37,,1763889.0
2018-04-05,28.4,28.46,28.11,28.38,,1252232.0
2018-04-06,28.45,28.59,28.27,28.38,,1316627.0
2018-04-09,28.4,28.53,28.24,28.27,,1304770.0
2018-04-10,28.4,28.56,28.33,28.44,,2010850.0
2018-04-11,28.4,28.72,28.36,28.41,,1725264.0
2018-04-12,28.49,28.49,27.94,28.02,,1906957.0
2018-04-13,28.09,28.24,28.0,28.21,,1670901.0
2018-04-16,28.31,28.61,28.21,28.44,,1204942.0
2018-04-17,28.51,28.87,28.42,28.69,,1121242.0
2018-04-18,28.73,28.78,28.51,28.53,,1077733.0
2018-04-19,28.4,28.46,27.99,28.12,,1390813.0
2018-04-20,28.2,28.24,27.85,27.93,,1175320.0
2018-04-23,28.01,28.09,27.78,27.91,,902600.0
2018-04-24,27.88,28.12,27.81,27.96,,1039059.0
2018-04-25,27.86,28.17,27.77,28.01,,1235261.0
2018-04-26,28.12,28.61,27.79,28.44,,1147342.0
2018-04-27,28.45,28.98,28.36,28.86,,1247513.0
2018-04-30,28.95,29.01,28.73,28.73,,1393793.0
2018-05-01,28.73,28.92,28.4,28.85,,2078928.0
2018-05-02,28.75,28.82,28.49,28.66,,1353060.0
2018-05-03,28.63,28.85,28.52,28.54,,1506566.0
2018-05-04,28.52,28.93,28.48,28.86,,1117203.0
2018-05-07,28.94,29.0,28.75,28.94,,1074590.0
2018-05-08,28.92,28.92,28.67,28.78,,1459369.0
2018-05-09,28.78,28.96,28.69,28.93,,957188.0
2018-05-10,29.01,29.21,28.9,29.07,,1036614.0
2018-05-11,29.15,29.22,28.81,28.84,,851156.0
2018-05-14,28.95,28.95,28.48,28.67,,1039998.0
2018-05-15,28.48,28.59,27.98,28.04,,2048757.0
2018-05-16,28.13,28.2,27.79,27.82,,1792214.0
2018-05-17,27.82,27.95,27.51,27.6,,1131528.0
2018-05-18,27.64,27.7,27.4,27.55,,1134530.0
2018-05-21,27.65,27.92,27.46,27.8,,1359727.0
2018-05-22,27.83,27.97,27.69,27.93,,990869.0
2018-05-23,28.0,28.49,27.88,28.29,,1036811.0
2018-05-24,28.32,28.47,27.97,28.13,,1005080.0
2018-05-25,28.17,28.41,28.17,28.24,,784355.0
2018-05-29,28.2,28.43,28.11,28.24,,1256199.0
2018-05-30,28.2,29.01,28.2,28.96,,1708511.0
2018-05-31,28.86,29.06,28.76,28.98,,2124012.0
2018-06-01,29.18,29.37,28.98,29.22,,1670332.0
2018-06-04,29.31,29.66,29.22,29.65,,1263755.0
2018-06-05,29.74,29.8,29.41,29.44,,1493394.0
2018-06-06,29.37,29.58,29.33,29.57,,1257830.0
2018-06-07,29.6,29.67,29.4,29.55,,1500020.0
2018-06-08,29.63,29.91,29.59,29.78,,1618293.0
2018-06-11,29.75,29.78,29.51,29.6,,1035293.0
2018-06-12,29.58,29.82,29.45,29.64,,1565611.0
2018-06-13,29.74,29.83,29.03,29.15,,1381497.0
2018-06-14,29.21,29.69,29.16,29.48,,1326676.0
2018-06-15,29.56,29.68,29.29,29.37,,2674977.0
2018-06-18,29.27,29.35,28.84,28.98,,1504428.0
2018-06-19,28.99,29.23,28.86,28.92,,1571586.0
2018-06-20,28.92,29.09,28.61,29.05,,2491383.0
2018-06-21,29.09,29.29,28.93,29.28,,1581571.0
2018-06-22,29.31,29.61,29.11,29.59,,2420881.0
2018-06-25,29.68,29.87,29.52,29.75,,1469225.0
2018-06-26,29.75,29.87,29.58,29.62,,1911157.0
2018-06-27,29.68,29.86,29.55,29.56,,1526947.0
2018-06-28,29.52,29.91,29.52,29.84,,1825021.0
2018-06-29,29.72,30.05,29.52,29.83,,2042470.0
2018-07-02,29.83,29.91,29.26,29.59,,1277956.0
2018-07-03,29.56,29.99,29.51,29.68,,958894.0
2018-07-05,29.71,29.91,29.64,29.89,,1258838.0
2018-07-06,30.0,30.1,29.88,30.0,,1208342.0
2018-07-09,30.0,30.01,29.65,29.81,,2188753.0
2018-07-10,29.82,30.08,29.72,30.0,,1451852.0
2018-07-11,29.99,30.16,29.91,30.08,,1426540.0
2018-07-12,30.2,30.26,30.0,30.16,,913795.0
2018-07-13,30.17,30.3,29.93,29.98,,1027092.0
2018-07-16,29.96,30.0,29.69,29.86,,990418.0
2018-07-17,29.89,29.96,29.61,29.64,,1396416.0
2018-07-18,29.61,29.82,29.51,29.65,,1244796.0
2018-07-19,29.56,30.25,29.54,30.05,,1592249.0
2018-07-20,29.97,30.0,29.57,29.72,,1838011.0
2018-07-23,29.7,29.7,29.33,29.44,,1190083.0
2018-07-24,29.41,29.44,29.18,29.3,,1373148.0
2018-07-25,29.35,29.95,29.35,29.76,,2000762.0
2018-07-26,29.93,29.95,29.67,29.82,,1150050.0
2018-07-27,29.91,29.97,29.52,29.65,,1128387.0
2018-07-30,29.65,29.85,29.44,29.7,,1085037.0
2018-07-31,30.0,31.1,29.76,30.85,,2611599.0
2018-08-01,30.6,30.95,30.4,30.92,,2561018.0
2018-08-02,30.87,31.25,30.8,31.02,,2550025.0
2018-08-03,31.06,31.52,30.94,31.37,,1200878.0
2018-08-06,31.44,31.63,31.33,31.43,,1129982.0
2018-08-07,31.44,31.44,31.17,31.38,,1450629.0
2018-08-08,31.38,31.44,31.12,31.18,,734846.0
2018-08-09,31.19,31.38,31.12,31.36,,826489.0
2018-08-10,31.32,31.35,30.91,30.93,,1420951.0
2018-08-13,30.9,31.0,30.85,30.95,,1350718.0
2018-08-14,30.99,31.39,30.91,31.26,,1093577.0
2018-08-15,31.23,31.69,31.15,31.62,,1041390.0
2018-08-16,31.6,31.79,31.54,31.78,,869273.0
2018-08-17,31.74,31.94,31.69,31.93,,1167468.0
2018-08-20,32.03,32.05,31.79,31.84,,857383.0
2018-08-21,31.75,31.78,31.36,31.47,,995094.0
2018-08-22,31.44,31.5,31.3,31.49,,799079.0
2018-08-23,31.51,31.6,31.41,31.47,,658070.0
2018-08-24,31.39,31.86,31.39,31.84,,805445.0
2018-08-27,31.92,31.92,31.48,31.8,,1259760.0
2018-08-28,31.8,32.23,31.7,32.14,,1383861.0
2018-08-29,32.21,32.27,32.06,32.12,,1289337.0
2018-08-30,32.23,32.23,31.86,31.9,,919421.0
2018-08-31,31.91,32.06,31.74,32.04,,1270702.0
2018-09-04,31.94,32.08,31.65,31.74,,1384133.0
2018-09-05,31.64,32.14,31.62,32.05,,2391895.0
2018-09-06,32.14,32.29,32.05,32.17,,1213226.0
2018-09-07,32.0,32.04,31.77,31.97,,1590328.0
2018-09-10,32.13,32.32,31.98,32.29,,1321320.0
2018-09-11,32.14,32.55,32.14,32.43,,1535237.0
2018-09-12,32.44,32.57,32.28,32.43,,1935684.0
2018-09-13,32.43,32.6,32.39,32.54,,1134613.0
2018-09-14,32.47,32.5,32.02,32.23,,1237279.0
2018-09-17,32.23,32.5,32.13,32.49,,1069642.0
2018-09-18,32.45,32.54,32.19,32.32,,1167599.0
2018-09-19,32.38,32.39,31.98,32.13,,2346820.0
2018-09-20,32.15,32.48,31.98,32.47,,1236579.0
2018-09-21,32.43,32.9,32.33,32.71,,2696032.0
2018-09-24,32.61,32.71,31.87,32.05,,1842391.0
2018-09-25,32.06,32.33,32.05,32.17,,1404789.0
2018-09-26,32.2,32.29,31.74,31.74,,1345206.0
2018-09-27,31.85,32.15,31.74,31.97,,1281753.0
2018-09-28,32.01,32.43,32.01,32.41,,1806168.0
2018-10-01,32.42,32.47,32.07,32.08,,1161228.0
2018-10-02,32.1,32.31,32.07,32.16,,955907.0
2018-10-03,32.18,32.34,31.62,31.84,,1220624.0
2018-10-04,31.77,31.94,31.42,31.8,,1089449.0
2018-10-05,31.73,32.09,31.73,31.8,,927301.0
2018-10-08,31.9,32.4,31.9,32.19,,1279421.0
2018-10-09,32.25,32.57,32.03,32.57,,1451002.0
2018-10-10,32.42,32.69,32.06,32.09,,1464220.0
2018-10-11,32.2,32.2,30.88,30.94,,2235877.0
2018-10-12,31.08,31.29,30.6,30.78,,2404891.0
2018-10-15,30.75,31.28,30.7,30.93,,2735192.0
2018-10-16,31.02,31.74,30.83,31.62,,1410246.0
2018-10-17,31.59,31.76,31.33,31.55,,1097921.0
2018-10-18,31.55,31.77,31.46,31.57,,1155206.0
2018-10-19,31.6,31.92,31.55,31.83,,1045814.0
2018-10-22,31.67,31.82,31.18,31.24,,2416983.0
2018-10-23,31.05,31.51,30.87,31.32,,1989271.0
2018-10-24,31.38,32.26,31.34,31.97,,1916796.0
2018-10-25,31.94,32.44,31.71,32.22,,2032375.0
2018-10-26,32.25,32.25,31.34,31.47,,2234518.0
2018-10-29,31.63,32.12,31.63,31.95,,1566559.0
2018-10-30,32.17,33.23,31.93,32.6,,2602073.0
2018-10-31,32.49,32.51,31.5,31.67,,3403628.0
2018-11-01,31.77,31.9,31.42,31.72,,1859380.0
2018-11-02,31.72,31.8,31.08,31.45,,1639277.0
2018-11-05,31.59,32.13,31.46,31.98,,1587954.0
2018-11-06,32.07,32.56,31.97,32.3,,1250998.0
2018-11-07,32.47,32.78,32.31,32.75,,870709.0
2018-11-08,32.74,32.89,32.48,32.84,,1011390.0
2018-11-09,32.46,33.04,32.45,33.0,,1482325.0
2018-11-12,33.08,33.49,33.02,33.19,,1517487.0
2018-11-13,33.28,33.43,32.98,33.28,,1186044.0
2018-11-14,33.38,33.42,32.98,33.13,,1175834.0
2018-11-15,32.98,32.98,32.35,32.68,,1775242.0
2018-11-16,32.7,33.29,32.69,33.19,,1527832.0
2018-11-19,33.25,33.61,33.06,33.48,,1529801.0
2018-11-20,33.44,33.64,33.05,33.39,,1888161.0
2018-11-21,33.34,33.65,33.14,33.27,,1719296.0
2018-11-23,33.29,33.49,33.09,33.28,,610002.0
2018-11-26,33.44,33.44,33.11,33.37,,1397359.0
2018-11-27,33.36,33.6,33.22,33.59,,1741505.0
2018-11-28,33.57,33.82,33.44,33.76,,1516370.0
2018-11-29,33.71,33.91,33.42,33.85,,1709628.0
2018-11-30,34.15,34.45,33.94,34.44,,3910140.0
2018-12-03,34.53,34.66,34.34,34.62,,2281343.0
2018-12-04,34.22,34.34,33.71,33.76,,7277099.0
2018-12-06,33.66,34.69,33.33,34.67,,3278308.0
2018-12-07,34.58,34.73,34.15,34.28,,2483600.0
2018-12-10,34.36,34.37,33.61,34.2,,1806571.0
2018-12-11,34.35,34.59,34.27,34.29,,1358740.0
2018-12-12,34.52,34.66,33.27,33.27,,2279135.0
2018-12-13,33.34,34.04,33.34,33.86,,2796163.0
2018-12-14,33.76,34.01,33.7,33.95,,1720432.0
2018-12-17,33.98,34.23,32.8,32.9,,2931573.0
2018-12-18,33.07,33.56,33.06,33.32,,2268034.0
2018-12-19,33.53,33.81,33.11,33.29,,3005579.0
2018-12-20,33.31,33.65,32.9,33.21,,2744434.0
2018-12-21,33.3,34.16,32.81,32.82,,5552086.0
2018-12-24,32.81,32.97,31.09,31.09,,1356757.0
2018-12-26,31.17,31.93,30.82,31.93,,1913565.0
2018-12-27,31.72,31.94,30.98,31.93,,2291894.0
2018-12-28,32.22,32.42,31.55,31.81,,2152006.0
2018-12-31,31.89,32.02,31.46,32.01,,1807627.0
2019-01-02,31.71,31.71,30.85,31.02,,1543207.0
2019-01-03,31.0,31.6,31.0,31.17,,1717857.0
2019-01-04,31.23,31.55,31.02,31.13,,2207892.0
2019-01-07,31.17,31.46,31.0,31.19,,2310439.0
2019-01-08,31.28,31.94,31.2,31.9,,1625476.0
2019-01-09,32.04,32.04,31.56,31.86,,1007369.0
2019-01-10,31.81,32.62,31.72,32.6,,1701983.0
2019-01-11,32.58,32.75,32.44,32.71,,1669746.0
2019-01-14,32.63,32.89,32.47,32.69,,1081686.0
2019-01-15,32.74,33.3,32.74,33.26,,1234469.0
2019-01-16,33.22,33.74,33.08,33.63,,1560376.0
2019-01-17,33.57,33.89,33.57,33.83,,1075777.0
2019-01-18,33.86,33.99,33.65,33.96,,1161620.0
2019-01-22,33.96,34.15,33.72,34.11,,1424763.0
2019-01-23,34.12,34.22,33.96,34.18,,1168867.0
2019-01-24,34.12,34.26,33.85,34.14,,716180.0
2019-01-25,34.24,34.58,34.22,34.56,,1133686.0
2019-01-28,34.53,35.14,34.44,35.01,,1924790.0
2019-01-29,35.08,35.33,34.99,35.24,,1748789.0
2019-01-30,35.15,35.59,35.15,35.55,,1821545.0
2019-01-31,35.4,35.75,35.02,35.64,,3437386.0
2019-02-01,35.77,35.9,34.75,35.35,,1490933.0
2019-02-04,35.32,35.77,35.06,35.77,,1215770.0
2019-02-05,35.69,35.95,35.42,35.92,,1143686.0
2019-02-06,35.88,35.96,35.71,35.86,,895735.0
2019-02-07,35.81,36.31,35.67,36.23,,1210046.0
2019-02-08,36.16,36.36,36.08,36.33,,1929410.0
2019-02-11,36.31,36.53,36.22,36.28,,1362637.0
2019-02-12,36.28,36.28,35.84,36.03,,1564609.0
2019-02-13,35.83,36.45,35.67,36.38,,1679748.0
2019-02-14,36.38,36.51,36.2,36.37,,1298274.0
2019-02-15,36.64,36.64,36.24,36.33,,2011758.0
2019-02-19,36.29,36.47,36.22,36.43,,1063682.0
2019-02-20,36.42,36.42,35.72,36.12,,1477517.0
2019-02-21,35.97,36.49,35.86,36.45,,1655658.0
2019-02-22,36.52,36.71,36.33,36.56,,1596602.0
2019-02-25,36.65,36.65,36.26,36.28,,1358466.0
2019-02-26,36.4,36.43,36.18,36.34,,1519319.0
2019-02-27,36.23,36.3,35.72,36.15,,1672792.0
2019-02-28,36.13,36.67,36.01,36.19,,2466813.0
2019-03-01,36.16,36.2,35.68,36.1,,1890252.0
2019-03-04,36.25,36.56,36.04,36.46,,1929314.0
2019-03-05,36.46,36.75,36.42,36.58,,1453159.0
2019-03-06,36.63,36.8,36.38,36.39,,1402881.0
2019-03-07,36.47,36.83,36.26,36.38,,1331579.0
2019-03-08,36.4,36.67,36.24,36.57,,1284874.0
2019-03-11,36.47,36.73,36.25,36.57,,1638569.0
2019-03-12,36.67,36.74,36.49,36.64,,2142825.0
2019-03-13,36.73,36.88,36.64,36.78,,1637698.0
2019-03-14,36.87,36.97,36.68,36.93,,1348943.0
2019-03-15,36.91,36.96,36.68,36.77,,2312413.0
2019-03-18,36.66,36.91,36.17,36.34,,1587293.0
2019-03-19,36.32,36.45,36.16,36.27,,1088264.0
2019-03-20,36.33,36.52,36.01,36.25,,1158543.0
2019-03-21,36.22,36.88,36.2,36.77,,1168944.0
2019-03-22,36.86,37.3,36.61,36.64,,2223141.0
2019-03-25,36.71,36.86,36.44,36.72,,971805.0
2019-03-26,36.78,37.0,36.71,37.0,,1028013.0
2019-03-27,37.07,37.08,36.71,36.92,,1119554.0
2019-03-28,37.07,37.09,36.78,37.07,,916660.0
2019-03-29,37.06,37.23,36.78,37.04,,2173682.0
2019-04-01,36.98,37.03,36.35,36.87,,1364349.0
2019-04-02,36.95,37.29,36.58,37.23,,1299358.0
2019-04-03,37.13,37.35,36.9,37.29,,1975988.0
2019-04-04,37.32,37.32,36.77,37.01,,940625.0
2019-04-05,36.97,37.17,36.82,37.17,,1054552.0
2019-04-08,37.19,37.28,36.82,37.01,,943012.0
2019-04-09,37.04,37.14,36.89,37.05,,929814.0
2019-04-10,37.21,37.28,37.0,37.24,,1146540.0
2019-04-11,37.29,37.52,37.19,37.33,,1589824.0
2019-04-12,37.21,37.6,36.95,37.6,,1501426.0
2019-04-15,37.63,37.69,37.37,37.54,,1008671.0
2019-04-16,37.54,37.58,36.37,36.51,,1148436.0
2019-04-17,36.58,36.58,35.75,35.87,,1184846.0
2019-04-18,35.88,36.34,35.78,36.31,,1264730.0
2019-04-22,36.2,36.28,35.33,35.72,,997482.0
2019-04-23,35.89,36.34,35.78,36.2,,814633.0
2019-04-24,36.56,36.82,36.34,36.5,,1008083.0
2019-04-25,36.47,36.82,36.27,36.69,,807248.0
2019-04-26,36.92,37.06,36.71,36.96,,744797.0
2019-04-29,36.88,37.0,36.41,36.44,,744364.0
2019-04-30,36.41,37.02,36.3,36.9,,1419301.0
2019-05-01,36.88,37.36,36.18,36.53,,1756122.0
2019-05-02,36.62,37.0,36.2,36.33,,1501930.0
2019-05-03,36.41,36.67,36.23,36.5,,802786.0
2019-05-06,36.34,36.53,36.13,36.42,,1116534.0
2019-05-07,36.44,36.44,35.47,35.75,,865126.0
2019-05-08,35.81,36.14,35.77,35.79,,1169675.0
2019-05-09,35.8,35.95,35.52,35.88,,740105.0
2019-05-10,35.88,36.52,35.88,36.45,,716148.0
2019-05-13,36.22,36.5,36.14,36.43,,921086.0
2019-05-14,36.43,36.68,36.38,36.41,,792362.0
2019-05-15,36.46,36.79,36.28,36.63,,676564.0
2019-05-16,36.55,36.89,36.52,36.82,,1025527.0
2019-05-17,36.69,36.84,36.5,36.83,,1282907.0
2019-05-20,36.87,36.9,36.17,36.39,,832697.0
2019-05-21,36.47,36.8,36.47,36.62,,887171.0
2019-05-22,36.68,36.95,36.54,36.86,,1043795.0
2019-05-23,36.86,37.05,36.71,37.05,,1658658.0
2019-05-24,37.1,37.32,37.07,37.19,,1168781.0
2019-05-28,37.38,37.46,36.88,36.88,,1987384.0
2019-05-29,36.87,36.91,36.1,36.22,,1488421.0
2019-05-30,36.26,36.57,36.14,36.3,,1013077.0
2019-05-31,36.23,36.9,36.13,36.76,,1343460.0
2019-06-03,36.91,37.01,36.54,36.96,,1201772.0
2019-06-04,36.91,36.91,36.18,36.63,,1157825.0
2019-06-05,36.88,37.66,36.7,37.65,,1025739.0
2019-06-06,37.75,37.95,37.49,37.84,,1185887.0
2019-06-07,38.05,38.23,37.84,37.88,,776055.0
2019-06-10,38.03,38.03,37.52,37.83,,636596.0
2019-06-11,37.82,37.94,37.37,37.79,,968848.0
2019-06-12,37.83,38.11,37.7,37.85,,1187219.0
2019-06-13,37.84,38.06,37.82,38.05,,920758.0
2019-06-14,38.07,38.28,37.95,38.12,,793751.0
2019-06-17,38.28,38.65,38.24,38.37,,1351483.0
2019-06-18,38.67,38.67,37.82,38.02,,982199.0
2019-06-19,37.87,38.31,37.74,38.18,,1367473.0
2019-06-20,38.22,38.53,38.19,38.22,,1305049.0
2019-06-21,37.81,37.92,37.18,37.5,,4238642.0
2019-06-24,37.57,37.74,37.23,37.36,,1579870.0
2019-06-25,37.53,37.79,37.01,37.03,,1775226.0
2019-06-26,36.96,36.97,36.07,36.24,,1604226.0
2019-06-27,36.51,36.82,36.38,36.59,,1325057.0
2019-06-28,36.61,37.12,36.57,36.85,,2742114.0
2019-07-01,37.11,37.14,36.3,37.03,,1539657.0
2019-07-02,37.14,37.82,37.08,37.47,,1675678.0
2019-07-03,37.51,38.03,37.44,37.97,,817450.0
2019-07-05,37.69,37.89,37.01,37.76,,769896.0
2019-07-08,37.79,38.23,37.79,38.15,,1396494.0
2019-07-09,38.21,38.62,38.09,38.58,,1573831.0
2019-07-10,38.63,38.86,38.4,38.8,,1613896.0
2019-07-11,38.72,38.79,38.22,38.45,,1311854.0
2019-07-12,38.47,38.47,38.19,38.25,,1061655.0
2019-07-15,38.32,38.48,38.12,38.29,,1564454.0
2019-07-16,38.27,38.43,38.06,38.4,,1180690.0
2019-07-17,38.45,38.59,37.87,38.23,,1178154.0
2019-07-18,38.19,38.44,37.89,38.31,,1190110.0
2019-07-19,38.42,38.46,37.55,37.57,,1352022.0
2019-07-22,37.6,37.72,37.33,37.46,,1204353.0
2019-07-23,37.51,37.91,37.27,37.86,,1326190.0
2019-07-24,37.96,37.96,37.52,37.75,,975233.0
2019-07-25,37.79,38.02,37.5,37.96,,1005678.0
2019-07-26,38.06,38.29,37.94,38.11,,1019170.0
2019-07-29,38.23,38.85,38.23,38.5,,1128551.0
2019-07-30,38.48,38.99,38.26,38.53,,1154225.0
2019-07-31,38.49,39.19,37.86,38.09,,2148450.0
2019-08-01,38.19,38.34,37.57,38.1,,1997517.0
2019-08-02,38.12,38.48,37.96,38.25,,1072026.0
2019-08-05,38.22,38.22,36.76,37.05,,1822005.0
2019-08-06,37.14,38.32,37.1,38.31,,2303437.0
2019-08-07,38.16,38.72,37.67,38.29,,2176195.0
2019-08-08,38.29,38.76,38.0,38.64,,1662073.0
2019-08-09,38.48,38.97,38.31,38.96,,1752005.0
2019-08-12,38.96,39.47,38.88,39.26,,1665319.0
2019-08-13,38.92,38.92,38.18,38.5,,3225573.0
2019-08-14,38.68,38.7,37.87,37.92,,2368167.0
2019-08-15,37.93,38.62,37.93,38.51,,1778949.0
2019-08-16,38.57,39.03,38.51,38.85,,1713393.0
2019-08-19,39.03,39.58,38.78,39.48,,2466728.0
2019-08-20,39.63,39.63,39.22,39.26,,1341470.0
2019-08-21,39.27,39.53,39.08,39.44,,1219280.0
2019-08-22,39.57,39.89,39.5,39.84,,1705863.0
2019-08-23,39.87,40.05,39.12,39.28,,1948804.0
2019-08-26,39.51,39.61,39.11,39.48,,1753255.0
2019-08-27,39.68,39.9,39.37,39.37,,2258726.0
2019-08-28,39.34,39.63,39.26,39.48,,1243327.0
2019-08-29,39.73,39.82,39.53,39.77,,966276.0
2019-08-30,39.89,39.96,39.67,39.84,,1318694.0
2019-09-03,39.74,40.19,39.68,40.11,,1388283.0
2019-09-04,40.35,40.58,40.07,40.27,,1345884.0
2019-09-05,40.11,40.12,39.74,39.98,,1413152.0
2019-09-06,40.14,40.46,40.06,40.46,,1523030.0
2019-09-09,40.36,40.43,39.95,40.05,,1555272.0
2019-09-10,39.81,39.85,38.97,39.56,,1527388.0
2019-09-11,39.43,39.57,39.14,39.53,,1613352.0
2019-09-12,39.89,40.15,39.4,39.72,,1224309.0
2019-09-13,39.47,39.86,39.17,39.36,,1259116.0
2019-09-16,39.48,39.87,39.29,39.83,,1073295.0
2019-09-17,39.94,40.26,39.83,40.11,,1291293.0
2019-09-18,40.17,40.34,39.63,39.95,,1794165.0
2019-09-19,40.09,40.13,39.82,39.88,,1866256.0
2019-09-20,39.8,40.1,39.45,39.62,,6032696.0
2019-09-23,39.47,39.98,39.47,39.77,,1220999.0
2019-09-24,39.86,40.15,39.55,39.73,,1456860.0
2019-09-25,39.62,39.95,39.62,39.74,,2517368.0
2019-09-26,39.91,40.14,39.82,40.06,,2207204.0
2019-09-27,40.11,40.11,39.67,39.96,,1627422.0
2019-09-30,39.88,40.26,39.88,40.09,,1715520.0
2019-10-01,40.01,40.23,39.53,39.94,,1144718.0
2019-10-02,39.96,40.09,39.7,39.83,,1626722.0
2019-10-03,39.69,40.5,39.69,40.2,,1488954.0
2019-10-04,40.21,40.54,40.21,40.54,,1050677.0
2019-10-07,40.38,40.69,40.25,40.54,,1191909.0
2019-10-08,40.54,40.77,40.19,40.43,,1107747.0
2019-10-09,40.67,40.9,40.34,40.39,,1394434.0
2019-10-10,40.31,40.57,40.16,40.42,,1937127.0
2019-10-11,40.4,40.4,39.89,39.98,,1931005.0
2019-10-14,40.13,40.44,39.96,40.4,,1091690.0
2019-10-15,40.4,40.49,40.13,40.43,,3158930.0
2019-10-16,40.48,41.13,40.18,41.09,,1968823.0
2019-10-17,41.03,41.25,40.95,41.15,,1777851.0
2019-10-18,41.14,41.57,40.89,41.47,,1924648.0
2019-10-21,41.42,41.8,41.28,41.79,,1891881.0
2019-10-22,41.8,41.81,41.34,41.4,,1968861.0
2019-10-23,41.43,41.5,40.88,41.23,,1519406.0
2019-10-24,41.26,41.39,40.76,41.17,,2390242.0
2019-10-25,41.1,41.27,40.95,41.15,,1185408.0
2019-10-28,41.0,41.05,40.67,40.85,,1241154.0
2019-10-29,40.79,41.14,40.64,40.95,,2009959.0
2019-10-30,41.03,41.94,40.77,41.94,,2149140.0
2019-10-31,41.77,42.13,41.63,41.85,,2987115.0
2019-11-01,41.86,42.15,41.17,41.41,,1557966.0
2019-11-04,41.32,41.37,41.0,41.29,,1332204.0
2019-11-05,41.05,41.05,39.94,40.39,,1690129.0
2019-11-06,40.46,40.78,40.35,40.51,,1271510.0
2019-11-07,40.03,40.19,39.31,39.55,,1491537.0
2019-11-08,39.51,39.8,39.42,39.45,,941960.0
2019-11-11,39.51,39.66,39.27,39.56,,859088.0
2019-11-12,39.61,39.86,39.1,39.16,,1255395.0
2019-11-13,39.26,39.79,39.26,39.71,,1453022.0
2019-11-14,39.85,40.12,39.76,40.01,,1495414.0
2019-11-15,40.1,40.35,39.95,40.34,,1976980.0
2019-11-18,40.43,40.85,40.4,40.55,,915081.0
2019-11-19,40.6,40.9,40.46,40.7,,1103533.0
2019-11-20,40.73,40.93,40.51,40.62,,1384708.0
2019-11-21,40.47,40.55,39.85,39.85,,1249145.0
2019-11-22,39.92,40.15,39.42,39.61,,1298317.0
2019-11-25,39.76,39.93,39.44,39.59,,1196871.0
2019-11-26,39.52,40.02,39.52,39.94,,3108590.0
2019-11-27,39.92,40.01,39.74,40.0,,1412180.0
2019-11-29,40.15,40.31,39.94,40.01,,747624.0
2019-12-02,39.94,40.0,38.93,38.96,,1952367.0
2019-12-03,39.01,39.35,39.01,39.24,,1626208.0
2019-12-04,39.11,39.71,39.08,39.54,,1354155.0
2019-12-05,39.45,39.82,39.34,39.81,,1223964.0
2019-12-06,39.82,40.09,39.68,39.88,,1645967.0
2019-12-09,39.91,40.01,39.63,39.85,,1426271.0
2019-12-10,39.86,39.97,39.51,39.75,,1205589.0
2019-12-11,39.8,39.86,38.88,38.98,,1324596.0
2019-12-12,39.14,39.27,38.36,38.62,,1900601.0
2019-12-13,38.73,38.91,38.21,38.52,,2093390.0
2019-12-16,38.57,38.63,37.97,38.57,,1689048.0
2019-12-17,38.76,39.11,37.95,38.06,,2171179.0
2019-12-18,38.01,38.32,37.81,38.21,,1687421.0
2019-12-19,38.14,38.47,38.12,38.46,,1352720.0
2019-12-20,38.32,38.72,38.21,38.57,,3816832.0
2019-12-23,38.78,38.78,38.13,38.19,,952432.0
2019-12-24,38.29,38.48,38.14,38.35,,491189.0
2019-12-26,38.41,38.54,38.22,38.47,,761393.0
2019-12-27,38.55,38.6,38.36,38.59,,751208.0
2019-12-30,38.46,38.62,38.31,38.58,,1289577.0
2019-12-31,38.59,38.89,38.49,38.89,,1627024.0
2020-01-02,38.91,39.02,38.11,38.41,,1544344.0
2020-01-03,38.26,38.79,38.15,38.71,,1434480.0
2020-01-06,38.68,38.8,38.51,38.63,,1276346.0
2020-01-07,38.43,38.51,37.97,38.16,,1236221.0
2020-01-08,38.29,38.36,38.1,38.21,,1783738.0
2020-01-09,38.15,38.38,38.11,38.31,,1303941.0
2020-01-10,38.41,38.69,38.24,38.64,,1791017.0
2020-01-13,38.58,39.11,38.56,39.09,,1717004.0
2020-01-14,38.99,38.99,38.61,38.95,,1916760.0
2020-01-15,39.15,39.34,38.95,39.32,,1288836.0
2020-01-16,39.33,39.71,39.21,39.71,,1057520.0
2020-01-17,39.58,39.97,39.47,39.81,,2270224.0
2020-01-21,39.92,40.3,39.88,40.27,,1223782.0
2020-01-22,40.36,40.56,40.02,40.1,,1780717.0
2020-01-23,40.07,40.44,39.94,40.42,,987021.0
2020-01-24,40.5,40.57,40.25,40.42,,988555.0
2020-01-27,40.27,40.62,40.2,40.31,,1248908.0
2020-01-28,40.31,40.61,40.15,40.44,,1198327.0
2020-01-29,40.58,40.63,40.11,40.17,,1312468.0
2020-01-30,40.12,40.48,39.9,40.42,,937847.0
2020-01-31,40.41,40.58,40.11,40.2,,1534993.0
2020-02-03,40.38,40.71,40.29,40.32,,1724196.0
2020-02-04,40.4,40.92,40.25,40.67,,1092564.0
2020-02-05,40.67,40.94,40.46,40.65,,909035.0
2020-02-06,40.71,41.01,40.61,40.8,,800933.0
2020-02-07,40.93,41.06,40.79,40.97,,770142.0
2020-02-10,41.17,41.46,41.09,41.45,,1153557.0
2020-02-11,41.54,41.79,41.35,41.5,,1556092.0
2020-02-12,41.51,41.51,40.93,41.35,,2394387.0
2020-02-13,41.29,41.75,41.29,41.62,,2366403.0
2020-02-14,41.75,42.23,41.69,42.22,,2099585.0
2020-02-18,42.31,42.42,41.88,42.31,,1769314.0
2020-02-19,42.26,42.35,42.04,42.1,,1056873.0
2020-02-20,42.12,42.62,41.97,42.56,,1907173.0
2020-02-21,42.51,42.81,42.45,42.73,,2318310.0
2020-02-24,42.4,43.0,42.34,42.39,,1563547.0
2020-02-25,42.44,42.6,41.43,41.52,,2645022.0
2020-02-26,41.61,42.08,41.32,41.35,,2807562.0
2020-02-27,41.0,41.35,39.39,39.44,,3211623.0
2020-02-28,38.76,38.76,36.93,37.74,,3679581.0
2020-03-02,38.03,39.62,37.89,39.5,,2408867.0
2020-03-03,39.7,40.7,39.19,39.74,,2682340.0
2020-03-04,40.33,41.5,40.33,41.4,,2033211.0
2020-03-05,40.78,41.24,40.39,40.89,,1438433.0
2020-03-06,39.92,40.65,38.98,40.53,,1929404.0
2020-03-09,39.01,39.47,38.03,38.24,,3710146.0
2020-03-10,38.93,39.42,37.44,39.42,,3232195.0
2020-03-11,38.47,38.63,37.02,37.35,,3916786.0
2020-03-12,35.11,37.65,33.85,34.63,,4428183.0
2020-03-13,35.97,37.55,34.57,37.47,,3449926.0
2020-03-16,34.8,34.8,30.69,30.89,,3233785.0
2020-03-17,31.71,33.51,30.38,32.59,,3165243.0
2020-03-18,30.61,32.67,28.8,29.81,,3404624.0
2020-03-19,29.56,31.14,28.15,28.32,,2658339.0
2020-03-20,28.4,29.0,26.39,26.87,,3615245.0
2020-03-23,26.81,26.85,24.5,25.2,,2820710.0
2020-03-24,26.19,27.04,24.96,25.93,,3173257.0
2020-03-25,25.76,29.1,25.47,27.59,,2905525.0
2020-03-26,27.47,30.14,27.16,30.02,,2268529.0
2020-03-27,29.05,32.69,28.88,31.83,,2046156.0
2020-03-30,32.16,32.39,30.18,31.65,,3025839.0
2020-03-31,31.23,31.76,29.52,30.66,,4383175.0
2020-04-01,29.05,29.54,26.8,27.67,,2544027.0
2020-04-02,27.1,28.53,26.08,26.81,,2190213.0
2020-04-03,26.47,27.51,26.28,26.53,,1863181.0
2020-04-06,27.91,29.82,27.9,29.65,,2832053.0
2020-04-07,30.79,31.36,29.87,29.99,,3175129.0
2020-04-08,30.27,33.06,29.94,32.74,,2813873.0
2020-04-09,33.03,35.46,33.03,34.82,,3005049.0
2020-04-13,34.4,34.63,32.59,32.65,,1864182.0
2020-04-14,33.43,33.91,32.73,33.33,,2366473.0
2020-04-15,32.36,32.72,31.11,31.33,,2494840.0
2020-04-16,31.49,31.69,30.49,31.02,,2520692.0
2020-04-17,31.82,33.14,31.77,32.97,,2744722.0
2020-04-20,31.34,32.47,30.79,30.8,,2534348.0
2020-04-21,29.98,30.71,29.88,30.13,,2845070.0
2020-04-22,30.6,31.37,30.1,31.04,,1930999.0
2020-04-23,31.07,31.28,30.28,30.65,,1930904.0
2020-04-24,30.84,31.03,30.12,30.73,,1909086.0
2020-04-27,31.15,32.01,30.94,31.86,,1543677.0
2020-04-28,32.63,33.22,31.9,31.98,,1861601.0
2020-04-29,32.69,32.91,31.59,32.27,,1676498.0
2020-04-30,31.72,32.04,31.0,31.73,,2246773.0
2020-05-01,30.97,31.15,30.35,30.57,,1612900.0
2020-05-04,30.1,30.97,29.64,30.94,,1926322.0
2020-05-05,31.33,31.53,30.96,30.99,,1705630.0
2020-05-06,31.08,31.4,30.52,30.53,,2256524.0
2020-05-07,31.08,32.7,30.82,32.04,,2494248.0
2020-05-08,32.61,33.06,31.95,32.47,,1695864.0
2020-05-11,32.13,32.56,31.19,31.99,,2929110.0
2020-05-12,32.11,32.15,30.33,30.6,,3158649.0
2020-05-13,30.32,30.4,29.6,29.79,,2204299.0
2020-05-14,29.24,29.63,28.25,29.55,,2251335.0
2020-05-15,29.22,29.61,28.39,29.44,,5970707.0
2020-05-18,30.69,31.63,30.69,31.24,,2504202.0
2020-05-19,31.17,31.34,30.34,30.39,,2561983.0
2020-05-20,30.85,30.88,30.16,30.72,,1721744.0
2020-05-21,30.53,31.25,30.35,30.37,,1812410.0
2020-05-22,30.36,30.75,30.16,30.72,,1242247.0
2020-05-26,31.91,32.66,31.57,32.39,,1530082.0
2020-05-27,33.28,33.47,31.89,32.43,,1887615.0
2020-05-28,32.79,32.79,32.01,32.56,,2052805.0
2020-05-29,32.17,32.45,31.15,31.31,,5447486.0
2020-06-01,31.24,32.23,31.2,31.98,,1948385.0
2020-06-02,32.25,32.38,31.78,31.89,,1828517.0
2020-06-03,32.27,33.32,32.17,33.19,,1928367.0
2020-06-04,33.0,33.27,32.2,32.81,,1641368.0
2020-06-05,34.1,35.45,34.05,35.31,,2512700.0
2020-06-08,35.8,36.4,35.47,36.22,,2248453.0
2020-06-09,35.34,35.69,34.88,35.3,,1546613.0
2020-06-10,34.91,35.14,33.95,34.13,,1515245.0
2020-06-11,32.56,33.13,31.9,32.01,,2226083.0
2020-06-12,33.37,33.37,32.14,33.1,,2991409.0
2020-06-15,31.96,33.16,31.81,32.88,,1783234.0
2020-06-16,34.09,34.57,33.46,33.96,,2387350.0
2020-06-17,34.15,34.43,32.59,32.6,,1482849.0
2020-06-18,32.25,32.56,31.95,32.12,,2057000.0
2020-06-19,32.44,32.61,31.97,31.98,,7433286.0
2020-06-22,31.89,32.14,31.22,31.97,,1572326.0
2020-06-23,32.29,32.32,31.61,31.72,,1844795.0
2020-06-24,31.27,31.76,30.49,30.82,,2595946.0
2020-06-25,30.6,31.16,30.37,31.15,,1230104.0
2020-06-26,30.98,31.18,30.43,30.82,,2688664.0
2020-06-29,31.15,31.27,30.57,31.15,,1319249.0
2020-06-30,31.24,31.77,31.11,31.65,,2067789.0
2020-07-01,31.68,32.98,31.51,32.93,,1678611.0
2020-07-02,33.49,33.72,32.59,32.66,,1207646.0
2020-07-06,33.47,33.47,32.21,32.29,,1172877.0
2020-07-07,31.87,32.03,31.21,31.25,,1430293.0
2020-07-08,31.26,31.74,30.83,30.93,,1921413.0
2020-07-09,30.79,31.04,30.35,30.77,,1129023.0
2020-07-10,30.73,31.27,30.63,30.94,,887960.0
2020-07-13,31.17,31.39,30.7,30.93,,1702832.0
2020-07-14,30.91,31.43,30.63,31.29,,1353011.0
2020-07-15,31.67,32.04,31.48,31.73,,2133096.0
2020-07-16,31.53,31.8,31.15,31.44,,1365711.0
2020-07-17,31.35,31.46,31.06,31.2,,1450281.0
2020-07-20,31.0,31.12,30.34,30.58,,1756429.0
2020-07-21,30.65,30.98,30.33,30.38,,1413020.0
2020-07-22,30.18,31.23,30.11,31.19,,1474431.0
2020-07-23,31.02,31.33,30.17,30.49,,1635629.0
2020-07-24,30.6,30.68,30.15,30.35,,1529152.0
2020-07-27,29.95,30.22,29.49,30.19,,1849280.0
2020-07-28,30.12,30.97,29.93,30.69,,1530514.0
2020-07-29,30.76,30.98,29.93,30.15,,2848112.0
2020-07-30,29.74,30.94,29.67,30.88,,2204052.0
2020-07-31,30.73,31.01,30.18,30.96,,1639008.0
2020-08-03,30.56,30.59,29.88,30.04,,1530604.0
2020-08-04,29.76,30.35,29.58,30.09,,1374695.0
2020-08-05,30.28,30.47,29.93,30.38,,1215248.0
2020-08-06,30.14,30.57,29.93,30.35,,911502.0
2020-08-07,30.17,30.7,30.1,30.7,,892466.0
2020-08-10,30.74,31.01,30.48,30.76,,754351.0
2020-08-11,31.07,31.23,30.45,30.61,,1400815.0
2020-08-12,30.76,30.84,30.4,30.7,,902712.0
2020-08-13,30.52,30.8,29.58,29.69,,1816972.0
2020-08-14,29.63,30.34,29.52,29.95,,2593573.0
2020-08-17,29.94,30.09,29.64,29.98,,1666469.0
2020-08-18,30.17,30.17,29.52,30.09,,1336165.0
2020-08-19,30.09,30.28,28.97,29.23,,1857840.0
2020-08-20,29.11,29.7,29.04,29.42,,1002606.0
2020-08-21,29.52,29.61,28.76,29.15,,1362861.0
2020-08-24,29.15,29.53,28.65,29.53,,1227713.0
2020-08-25,29.53,29.76,29.21,29.61,,1255331.0
2020-08-26,29.52,29.55,28.78,28.9,,1398850.0
2020-08-27,29.08,30.01,28.87,29.87,,1763879.0
2020-08-28,29.93,30.03,29.4,30.01,,1292735.0
2020-08-31,29.88,29.88,29.46,29.77,,1944915.0
2020-09-01,29.56,29.69,29.22,29.59,,1740380.0
2020-09-02,29.55,30.11,29.28,30.08,,2377242.0
2020-09-03,30.41,30.85,29.9,30.05,,2948592.0
2020-09-04,30.17,30.57,29.61,30.2,,2098835.0
2020-09-08,30.06,30.26,29.25,29.61,,2105107.0
2020-09-09,29.7,30.07,29.21,29.46,,1896556.0
2020-09-10,29.57,29.72,28.99,29.25,,2459899.0
2020-09-11,29.15,29.27,28.61,28.79,,2490928.0
2020-09-14,28.99,30.3,28.99,30.1,,2750013.0
2020-09-15,29.93,30.27,29.64,29.76,,1779858.0
2020-09-16,29.88,30.25,29.7,29.9,,1811947.0
2020-09-17,29.74,30.04,29.48,29.73,,2004547.0
2020-09-18,29.52,29.72,28.96,28.99,,3526057.0
2020-09-21,28.51,28.62,27.38,27.5,,2959377.0
2020-09-22,27.53,28.31,27.51,28.1,,2247757.0
2020-09-23,28.12,28.38,27.33,27.37,,2137679.0
2020-09-24,27.26,27.6,27.04,27.23,,2192471.0
2020-09-25,27.17,27.74,27.04,27.72,,2399744.0
2020-09-28,28.23,28.55,27.87,28.22,,1576194.0
2020-09-29,28.1,28.27,27.48,27.64,,1434892.0
2020-09-30,27.89,28.09,27.52,27.89,,3112233.0
2020-10-01,27.89,28.92,27.85,28.91,,2846481.0
2020-10-02,28.52,29.85,28.1,29.71,,2583687.0
2020-10-05,29.91,30.05,29.25,30.03,,2060945.0
2020-10-06,30.17,30.51,29.75,29.99,,2076075.0
2020-10-07,30.08,30.37,29.62,30.11,,2699317.0
2020-10-08,30.24,30.92,30.14,30.88,,2689476.0
2020-10-09,31.07,31.07,30.44,30.64,,1325296.0
2020-10-12,30.61,30.75,30.17,30.7,,1928363.0
2020-10-13,30.27,30.66,29.58,29.74,,1715641.0
2020-10-14,29.72,29.8,29.17,29.25,,1300069.0
2020-10-15,29.01,29.58,28.96,29.21,,1182664.0
2020-10-16,29.07,29.15,28.52,28.52,,2053221.0
2020-10-19,28.62,28.7,27.76,27.77,,2180788.0
2020-10-20,28.05,28.21,27.8,27.92,,1493256.0
2020-10-21,27.92,28.2,27.71,28.01,,1517061.0
2020-10-22,28.02,28.39,27.92,28.32,,1660523.0
2020-10-23,28.55,28.73,28.21,28.33,,1222988.0
2020-10-26,28.08,28.21,27.34,27.6,,1949041.0
2020-10-27,27.52,27.89,26.85,26.86,,2081981.0
2020-10-28,26.27,26.53,25.43,25.57,,3155233.0
2020-10-29,25.57,26.36,25.35,25.85,,3451701.0
2020-10-30,25.66,27.26,25.66,26.99,,3768226.0
2020-11-02,27.3,28.36,27.08,28.33,,2944023.0
2020-11-03,28.59,30.07,28.56,29.86,,2955102.0
2020-11-04,29.74,29.95,29.02,29.57,,3472090.0
2020-11-05,29.67,29.82,29.23,29.24,,2788181.0
2020-11-06,29.19,29.8,28.85,28.96,,1673822.0
2020-11-09,31.68,35.67,31.65,32.96,,3542339.0
2020-11-10,33.09,34.85,33.04,34.49,,4248229.0
2020-11-11,34.5,34.75,33.17,33.42,,2679620.0
2020-11-12,33.16,33.42,32.36,32.93,,1752105.0
2020-11-13,33.1,33.7,33.08,33.58,,1745949.0
2020-11-16,34.8,35.11,33.95,34.79,,2107766.0
2020-11-17,34.37,34.97,34.05,34.8,,1376308.0
2020-11-18,34.82,34.94,33.35,33.36,,1942189.0
2020-11-19,33.03,33.58,32.56,33.52,,1998847.0
2020-11-20,33.74,34.02,33.38,33.89,,1812094.0
2020-11-23,34.22,34.58,33.87,34.27,,2266450.0
2020-11-24,34.88,35.07,34.5,34.68,,1895379.0
2020-11-25,34.57,34.62,33.98,34.35,,2189033.0
2020-11-27,34.35,34.35,33.36,33.88,,879261.0
2020-11-30,33.85,34.05,33.03,33.23,,7764116.0
2020-12-01,33.84,34.07,33.29,33.37,,2003388.0
2020-12-02,33.47,34.58,33.35,34.02,,2147188.0
2020-12-03,34.04,34.8,33.87,34.56,,1460645.0
2020-12-04,34.81,35.3,34.67,35.14,,1790410.0
2020-12-07,35.15,35.48,34.81,35.08,,2711404.0
2020-12-08,34.75,35.26,34.71,34.71,,1717324.0
2020-12-09,34.64,34.96,33.96,34.23,,3112767.0
2020-12-10,33.9,34.31,33.1,33.11,,2662864.0
2020-12-11,32.87,33.2,32.67,32.95,,1673228.0
2020-12-14,33.4,33.57,32.4,32.47,,1391828.0
2020-12-15,32.6,33.17,32.08,33.16,,2039050.0
2020-12-16,33.31,33.51,32.72,32.82,,2250969.0
2020-12-17,32.98,33.18,32.56,33.16,,1698166.0
2020-12-18,33.09,33.2,31.68,31.97,,5491814.0
2020-12-21,31.42,32.08,31.2,31.91,,2167318.0
2020-12-22,32.03,32.34,31.7,32.28,,1135699.0
2020-12-23,32.48,32.78,31.96,31.99,,1257649.0
2020-12-24,32.09,32.28,31.83,32.24,,326620.0
2020-12-28,32.31,32.91,32.31,32.85,,841864.0
2020-12-29,32.87,33.13,32.31,32.37,,1126520.0
2020-12-30,32.42,32.88,32.4,32.8,,904606.0
2020-12-31,32.78,33.26,32.39,33.2,,1255543.0
2021-01-04,33.2,33.41,31.83,31.83,,2152060.0
2021-01-05,31.96,32.22,31.73,31.78,,1826740.0
2021-01-06,32.15,33.11,31.85,32.97,,2765855.0
2021-01-07,32.94,32.97,32.18,32.45,,1860195.0
2021-01-08,32.47,32.66,32.25,32.6,,879061.0
2021-01-11,32.6,32.73,32.07,32.32,,1485601.0
2021-01-12,32.27,32.89,32.05,32.73,,2523247.0
2021-01-13,32.75,33.39,32.57,33.36,,1291555.0
2021-01-14,33.55,33.99,33.27,33.78,,2074931.0
2021-01-15,33.73,34.47,33.63,34.38,,1972202.0
2021-01-19,34.57,34.57,33.55,33.74,,1902876.0
2021-01-20,33.48,34.54,33.24,34.43,,2074931.0
2021-01-21,34.15,34.5,33.83,34.25,,1117249.0
2021-01-22,34.09,34.35,33.98,34.11,,1201348.0
2021-01-25,34.0,34.32,33.67,34.03,,1546702.0
2021-01-26,34.1,34.41,33.82,34.2,,1453400.0
2021-01-27,33.97,34.36,33.08,33.28,,1390404.0
2021-01-28,33.36,34.46,33.21,33.95,,1798292.0
2021-01-29,33.7,34.13,33.14,33.54,,1152399.0
2021-02-01,33.68,33.87,33.01,33.81,,1533454.0
2021-02-02,33.89,34.15,33.66,33.89,,1291503.0
2021-02-03,33.58,34.41,33.4,34.26,,1399496.0
2021-02-04,34.22,35.1,33.95,34.66,,1553735.0
2021-02-05,34.87,34.98,34.49,34.95,,1000239.0
2021-02-08,35.09,35.81,34.77,35.73,,1608535.0
2021-02-09,35.9,35.98,35.52,35.91,,1300760.0
2021-02-10,34.44,36.53,34.2,36.4,,1743065.0
2021-02-11,36.63,37.85,36.23,37.78,,2279805.0
2021-02-12,37.76,37.92,37.17,37.25,,1899312.0
2021-02-16,37.25,37.38,36.68,37.07,,1338199.0
2021-02-17,37.08,37.1,36.54,36.89,,1422953.0
2021-02-18,36.79,37.13,36.51,36.6,,1809008.0
2021-02-19,36.72,36.99,36.46,36.82,,2797236.0
2021-02-22,36.89,37.29,36.68,37.02,,1484222.0
2021-02-23,37.3,38.1,37.16,37.92,,2041971.0
2021-02-24,37.88,38.11,37.59,37.88,,2016323.0
2021-02-25,37.85,38.08,36.76,36.96,,1618578.0
2021-02-26,36.96,37.09,35.89,35.91,,2569036.0
2021-03-01,36.48,37.19,36.41,36.71,,1958753.0
2021-03-02,36.55,37.01,36.31,36.73,,1961439.0
2021-03-03,36.85,37.74,36.7,37.23,,1725638.0
2021-03-04,37.34,37.69,36.41,36.93,,2444928.0
2021-03-05,37.07,37.45,36.36,37.11,,2311149.0
2021-03-08,37.41,38.24,37.05,37.9,,2011193.0
2021-03-09,37.69,38.27,37.4,37.44,,1458520.0
2021-03-10,37.44,38.01,36.85,37.8,,2329543.0
2021-03-11,37.79,38.39,37.66,38.03,,2264648.0
2021-03-12,38.46,39.43,38.32,39.38,,2849124.0
2021-03-15,39.61,40.15,39.12,39.77,,2192102.0
2021-03-16,39.81,40.03,38.77,39.01,,1736308.0
2021-03-17,39.11,39.48,38.74,39.42,,1849536.0
2021-03-18,39.22,39.54,38.94,39.25,,1844645.0
2021-03-19,39.16,39.22,37.77,37.8,,3060840.0
2021-03-22,37.73,38.16,37.48,37.97,,1647215.0
2021-03-23,37.92,38.26,37.74,38.12,,1386402.0
2021-03-24,37.98,38.5,37.85,37.94,,2526986.0
2021-03-25,37.97,38.84,37.36,38.64,,1985306.0
2021-03-26,38.75,39.08,38.63,39.04,,1393642.0
2021-03-29,38.82,39.04,38.33,38.74,,1552536.0
2021-03-30,38.69,38.97,38.6,38.73,,1436025.0
2021-03-31,37.78,38.73,37.44,38.26,,5540080.0
2021-04-01,38.39,38.71,38.12,38.69,,2441313.0
2021-04-05,38.92,38.99,37.68,38.21,,2368610.0
2021-04-06,38.12,38.46,37.94,38.42,,2392075.0
2021-04-07,38.67,38.95,38.33,38.92,,1647915.0
2021-04-08,38.75,38.95,38.54,38.67,,1166379.0
2021-04-09,38.83,38.93,38.51,38.75,,1495524.0
2021-04-12,38.75,38.91,38.36,38.83,,1649934.0
2021-04-13,38.74,39.08,38.61,39.05,,2246143.0
2021-04-14,39.03,39.35,38.83,38.85,,1324960.0
2021-04-15,38.9,39.55,38.9,39.46,,1711097.0
2021-04-16,39.73,39.78,39.33,39.59,,1314615.0
2021-04-19,39.74,39.74,39.38,39.69,,983588.0
2021-04-20,39.66,40.56,39.66,40.29,,2332560.0
2021-04-21,40.43,41.0,40.14,40.81,,1745956.0
2021-04-22,40.9,41.15,40.58,40.58,,1791424.0
2021-04-23,40.56,41.31,40.48,41.14,,2056945.0
2021-04-26,41.31,41.46,40.98,41.17,,1822512.0
2021-04-27,41.24,41.58,40.79,41.16,,2813687.0
2021-04-28,41.32,41.46,40.25,40.28,,2218752.0
2021-04-29,40.53,40.96,40.31,40.46,,1928841.0
2021-04-30,40.38,40.95,40.22,40.85,,2039900.0
2021-05-03,41.14,41.24,40.5,40.56,,1429542.0
2021-05-04,40.58,40.84,39.81,40.07,,2408145.0
2021-05-05,39.88,40.1,39.37,39.58,,1864300.0
2021-05-06,39.68,40.4,39.49,40.35,,1976743.0
2021-05-07,40.18,40.84,40.18,40.71,,1393667.0
2021-05-10,40.88,41.54,40.77,41.03,,1040608.0
2021-05-11,40.68,40.87,40.16,40.56,,1829381.0
2021-05-12,40.64,40.77,39.29,39.43,,2081735.0
2021-05-13,39.49,40.68,39.44,40.34,,1385022.0
2021-05-14,40.3,40.95,40.27,40.8,,1623976.0
2021-05-17,40.8,40.93,40.51,40.8,,1246848.0
2021-05-18,40.66,40.96,40.35,40.65,,1286966.0
2021-05-19,40.37,40.46,39.64,40.27,,1468550.0
2021-05-20,40.24,40.98,40.12,40.86,,1312806.0
2021-05-21,40.86,41.1,40.65,40.78,,1144289.0
2021-05-24,40.94,41.51,40.8,41.31,,1352770.0
2021-05-25,41.36,41.5,40.96,41.38,,1376778.0
2021-05-26,41.43,41.77,41.21,41.38,,1277663.0
2021-05-27,41.62,41.64,41.27,41.31,,3367060.0
2021-05-28,41.68,42.04,41.44,41.89,,1484070.0
2021-06-01,42.09,42.91,41.88,42.86,,1823448.0
2021-06-02,43.04,43.56,42.79,43.49,,2464315.0
2021-06-03,43.48,43.48,43.01,43.13,,2531492.0
2021-06-04,43.36,43.53,42.81,43.12,,1605620.0
2021-06-07,43.28,43.81,43.08,43.43,,2365003.0
2021-06-08,43.58,44.08,43.51,43.6,,2849977.0
2021-06-09,43.75,44.0,43.45,43.68,,1613227.0
2021-06-10,43.76,44.49,43.67,44.14,,1331581.0
2021-06-11,44.2,44.23,43.8,44.23,,2364677.0
2021-06-14,44.08,44.12,43.79,44.08,,1437753.0
2021-06-15,43.94,44.04,43.6,43.63,,1279552.0
2021-06-16,43.74,43.93,43.26,43.28,,1244563.0
2021-06-17,43.23,43.4,42.84,43.28,,2360478.0
2021-06-18,43.25,43.64,42.4,42.41,,3362594.0
2021-06-21,42.63,43.72,42.53,43.57,,1568616.0
2021-06-22,43.61,43.73,43.35,43.5,,1940357.0
2021-06-23,43.46,43.86,43.33,43.6,,1536249.0
2021-06-24,43.68,43.84,43.33,43.63,,1844478.0
2021-06-25,43.62,43.88,43.46,43.85,,1386071.0
2021-06-28,43.98,44.01,43.25,43.78,,2017587.0
2021-06-29,43.78,43.94,43.37,43.5,,1367523.0
2021-06-30,43.5,43.89,43.02,43.07,,2102764.0
2021-07-01,43.11,43.95,42.96,43.61,,1618258.0
2021-07-02,43.61,44.01,43.53,43.72,,1827240.0
2021-07-06,43.72,44.4,43.28,44.3,,2972317.0
2021-07-07,44.15,45.07,43.92,44.83,,2288316.0
2021-07-08,44.49,45.1,44.21,44.97,,2842008.0
2021-07-09,45.5,46.02,45.09,46.01,,2629978.0
2021-07-12,45.72,46.57,45.68,46.3,,2053916.0
2021-07-13,46.09,46.34,45.59,45.96,,2279181.0
2021-07-14,45.89,46.44,45.78,46.33,,1656002.0
2021-07-15,46.43,46.8,46.23,46.73,,1637097.0
2021-07-16,46.91,47.23,46.77,47.16,,2025777.0
2021-07-19,46.7,47.02,46.12,46.68,,4088626.0
2021-07-20,46.92,48.29,46.69,47.97,,2389530.0
2021-07-21,48.03,48.75,47.97,48.13,,2025747.0
2021-07-22,48.02,48.2,47.68,48.12,,4802335.0
2021-07-23,48.28,48.76,48.06,48.64,,1972360.0
2021-07-26,48.44,48.84,48.22,48.77,,2070594.0
2021-07-27,48.71,49.08,48.39,48.89,,1707162.0
2021-07-28,48.96,49.17,48.62,48.78,,1545745.0
2021-07-29,49.01,49.53,48.64,49.23,,1734295.0
2021-07-30,49.35,49.86,48.55,48.7,,2639612.0
2021-08-02,48.76,49.47,48.38,48.7,,1454932.0
2021-08-03,48.79,48.89,48.38,48.82,,1218953.0
2021-08-04,48.73,48.9,48.34,48.58,,1023509.0
2021-08-05,48.94,49.1,48.41,48.94,,996978.0
2021-08-06,49.1,49.36,48.57,48.6,,2125723.0
2021-08-09,48.43,48.73,48.11,48.35,,1565865.0
2021-08-10,48.39,48.52,47.57,47.6,,2418928.0
2021-08-11,47.68,47.93,47.13,47.2,,2170358.0
2021-08-12,47.33,47.47,46.92,47.14,,1733458.0
2021-08-13,47.1,47.47,47.0,47.37,,1426624.0
2021-08-16,47.31,47.83,47.2,47.33,,1728037.0
2021-08-17,47.19,47.28,46.3,46.93,,2123690.0
2021-08-18,46.81,46.94,46.43,46.6,,2276383.0
2021-08-19,46.42,47.06,46.22,46.93,,1165451.0
2021-08-20,46.83,47.3,46.43,47.01,,1258216.0
2021-08-23,46.98,47.2,46.46,46.61,,1118368.0
2021-08-24,46.73,46.87,45.86,46.16,,1506478.0
2021-08-25,46.18,46.69,45.87,46.21,,1520777.0
2021-08-26,46.26,46.75,46.07,46.48,,1237183.0
2021-08-27,46.74,47.15,46.54,46.77,,1159693.0
2021-08-30,46.8,47.43,46.6,47.34,,1148737.0
2021-08-31,47.23,47.9,47.08,47.84,,2988739.0
2021-09-01,48.16,49.09,47.99,48.96,,2164234.0
2021-09-02,49.15,49.27,48.47,49.11,,1919219.0
2021-09-03,48.87,49.19,48.33,49.03,,1529082.0
2021-09-07,48.8,48.8,46.98,47.69,,2240217.0
2021-09-08,47.48,48.54,47.31,48.26,,1804605.0
2021-09-09,48.13,48.13,47.39,47.43,,1639267.0
2021-09-10,47.52,47.55,46.69,46.71,,1418352.0
2021-09-13,47.44,47.75,47.06,47.23,,1765193.0
2021-09-14,47.42,47.62,46.93,47.34,,1175809.0
2021-09-15,47.37,47.96,47.23,47.51,,1499122.0
2021-09-16,47.55,47.9,47.08,47.6,,1837604.0
2021-09-17,47.31,47.7,46.92,47.09,,7464795.0
2021-09-20,46.64,47.4,46.52,47.06,,3125262.0
2021-09-21,47.46,47.87,47.16,47.22,,1930201.0
2021-09-22,47.65,47.95,47.4,47.5,,2201324.0
2021-09-23,47.87,48.33,47.64,47.8,,2757784.0
2021-09-24,47.59,48.1,47.38,47.42,,1603972.0
2021-09-27,47.49,47.89,46.58,46.66,,1868948.0
2021-09-28,46.33,46.88,45.98,46.66,,1617939.0
2021-09-29,47.0,47.7,46.83,47.4,,1181410.0
2021-09-30,47.67,47.76,46.73,46.92,,2485562.0
2021-10-01,47.3,47.66,46.47,47.41,,1408688.0
2021-10-04,47.23,47.77,46.94,47.59,,1983871.0
2021-10-05,47.77,47.81,46.99,47.4,,1659736.0
2021-10-06,47.14,47.93,46.4,47.82,,1311470.0
2021-10-07,48.15,48.31,47.47,47.73,,2460316.0
2021-10-08,47.7,47.96,47.26,47.29,,1148343.0
2021-10-11,47.25,47.75,46.74,47.15,,948568.0
2021-10-12,47.49,47.99,47.12,47.79,,1607868.0
2021-10-13,47.62,48.6,47.44,48.46,,1740160.0
2021-10-14,48.79,49.16,48.38,49.1,,887861.0
2021-10-15,49.34,49.39,47.94,48.09,,2225600.0
2021-10-18,47.92,48.61,47.79,48.49,,1122779.0
2021-10-19,48.69,48.78,48.03,48.09,,702467.0
2021-10-20,48.03,48.85,47.97,48.78,,1279979.0
2021-10-21,48.88,48.93,48.55,48.85,,1139797.0
2021-10-22,49.08,49.17,48.75,49.03,,878505.0
2021-10-25,49.15,49.15,48.55,48.74,,1161832.0
2021-10-26,48.75,49.51,48.39,49.16,,1238000.0
2021-10-27,48.91,49.94,48.91,49.44,,1321994.0
2021-10-28,49.55,50.33,49.48,50.16,,1746059.0
2021-10-29,49.93,50.11,49.14,49.51,,2243228.0
2021-11-01,49.54,49.61,47.96,49.06,,1744865.0
2021-11-02,49.44,49.44,48.62,49.21,,1447563.0
2021-11-03,49.23,49.53,48.78,49.19,,2140412.0
2021-11-04,49.11,49.32,47.85,48.28,,1345222.0
2021-11-05,48.68,49.27,48.63,48.87,,1212633.0
2021-11-08,48.5,48.97,48.13,48.93,,2074457.0
2021-11-09,49.03,49.23,48.76,49.23,,1224036.0
2021-11-10,49.22,49.77,49.01,49.44,,1334832.0
2021-11-11,49.3,49.83,49.04,49.81,,1271821.0
2021-11-12,49.87,50.18,49.6,49.84,,934418.0
2021-11-15,50.02,50.76,49.79,50.76,,871653.0
2021-11-16,50.81,50.87,50.02,50.04,,1766687.0
2021-11-17,49.92,50.26,48.34,50.21,,1451491.0
2021-11-18,50.27,50.67,50.1,50.54,,1146494.0
2021-11-19,50.54,50.54,49.58,50.06,,1166153.0
2021-11-22,50.0,50.4,49.52,49.6,,1205633.0
2021-11-23,49.75,50.65,49.38,50.56,,1073777.0
2021-11-24,50.58,51.65,50.43,51.43,,1509732.0
2021-11-26,50.5,50.76,49.51,49.65,,892176.0
2021-11-29,50.05,51.39,49.84,51.24,,3271348.0
2021-11-30,50.85,51.87,50.58,50.58,,5260162.0
2021-12-01,51.0,51.21,48.63,48.66,,1750450.0
2021-12-02,48.91,50.87,48.88,50.51,,1943174.0
2021-12-03,50.67,50.99,49.77,50.35,,2552355.0
2021-12-06,50.67,51.87,50.67,51.24,,1789009.0
2021-12-07,51.58,52.99,51.34,52.58,,4693216.0
2021-12-08,52.36,52.73,51.87,52.68,,2292914.0
2021-12-09,52.68,52.96,51.95,51.99,,1985320.0
2021-12-10,52.21,52.21,51.62,52.05,,1378124.0
2021-12-13,52.11,53.3,51.9,52.91,,1623523.0
2021-12-14,52.91,53.12,51.81,52.24,,2806105.0
2021-12-15,52.34,53.45,52.34,53.15,,1893024.0
2021-12-16,53.11,53.3,51.79,52.32,,1788146.0
2021-12-17,52.4,52.63,51.25,51.67,,6174516.0
2021-12-20,51.13,51.73,50.93,51.43,,1288594.0
2021-12-21,51.75,52.21,51.53,51.91,,968006.0
2021-12-22,51.83,52.55,51.75,52.43,,879308.0
2021-12-23,52.58,52.8,51.97,52.32,,803427.0
2021-12-27,52.45,52.99,52.21,52.98,,1030975.0
2021-12-28,52.88,53.32,52.8,52.99,,1671480.0
2021-12-29,53.16,53.47,52.57,53.33,,1273047.0
2021-12-30,53.17,53.66,52.84,53.39,,1250115.0
2021-12-31,53.4,53.87,53.31,53.48,,912306.0
2022-01-03,53.53,53.64,52.41,53.4,,1340723.0
2022-01-04,53.49,54.44,53.48,54.2,,1530473.0
2022-01-05,54.08,54.35,52.73,52.79,,1525571.0
2022-01-06,52.95,53.3,52.57,52.81,,1277815.0
2022-01-07,52.61,52.89,52.09,52.22,,1638234.0
2022-01-10,51.88,52.48,51.72,52.04,,1384791.0
2022-01-11,52.12,52.38,51.51,52.25,,1462347.0
2022-01-12,52.11,53.07,52.11,52.85,,1274816.0
2022-01-13,53.07,53.46,52.81,52.91,,996050.0
2022-01-14,52.83,52.84,52.01,52.55,,876103.0
2022-01-18,52.43,52.76,51.75,52.41,,1676936.0
2022-01-19,52.89,52.96,51.52,51.55,,926645.0
2022-01-20,51.81,52.12,50.82,50.86,,986809.0
2022-01-21,51.01,51.46,50.46,50.53,,1329296.0
2022-01-24,50.35,50.59,48.73,50.41,,1412074.0
2022-01-25,49.76,50.65,49.14,50.24,,1309322.0
2022-01-26,50.24,51.24,49.63,49.96,,1011635.0
2022-01-27,50.46,50.76,48.96,48.99,,1500420.0
2022-01-28,49.08,50.6,48.42,50.6,,1517860.0
2022-01-31,50.37,51.05,50.04,50.99,,1626097.0
2022-02-01,50.79,51.14,50.25,50.55,,1088296.0
2022-02-02,50.5,52.08,50.43,52.0,,1759590.0
2022-02-03,51.81,52.19,51.41,51.61,,1432312.0
2022-02-04,51.17,51.7,50.47,51.13,,1063298.0
2022-02-07,51.08,51.32,50.32,50.52,,1828217.0
2022-02-08,50.6,50.73,49.78,49.97,,1320278.0
2022-02-09,51.1,51.39,50.6,51.14,,2529835.0
2022-02-10,50.34,51.32,49.15,49.43,,2970536.0
2022-02-11,49.51,50.17,48.8,49.57,,2263502.0
2022-02-14,49.69,50.17,48.82,48.99,,1955871.0
2022-02-15,49.21,49.68,48.85,49.12,,1418693.0
2022-02-16,49.18,49.49,48.69,49.4,,1376708.0
2022-02-17,49.27,49.38,48.41,48.65,,1528675.0
2022-02-18,48.65,49.31,48.58,48.66,,3814631.0
2022-02-22,48.89,49.31,48.45,48.96,,2106886.0
2022-02-23,49.21,49.63,48.27,48.31,,1256988.0
2022-02-24,47.69,48.92,47.25,48.73,,1357530.0
2022-02-25,49.08,50.29,48.83,50.27,,1624588.0
2022-02-28,49.56,50.27,48.86,49.22,,3119199.0
2022-03-01,49.35,49.64,48.3,48.72,,1960934.0
2022-03-02,49.33,50.33,49.21,50.05,,1496134.0
2022-03-03,50.25,50.67,49.95,50.49,,1049734.0
2022-03-04,50.08,52.16,49.98,52.08,,1660733.0
2022-03-07,52.08,52.83,51.65,51.67,,1364440.0
2022-03-08,51.62,51.8,50.63,50.76,,1408509.0
2022-03-09,51.41,52.11,51.26,51.38,,1346797.0
2022-03-10,50.86,51.47,50.75,51.4,,942072.0
2022-03-11,51.77,51.91,50.56,50.81,,1354506.0
2022-03-14,51.06,51.25,49.9,50.25,,1654896.0
2022-03-15,51.14,51.35,50.4,51.04,,1646215.0
2022-03-16,51.06,51.78,50.02,51.13,,2073765.0
2022-03-17,51.02,51.82,50.81,51.56,,1581502.0
2022-03-18,51.59,52.0,50.84,51.33,,5007074.0
2022-03-21,51.37,51.68,50.76,50.93,,1765303.0
2022-03-22,51.21,51.5,50.35,50.46,,1906640.0
2022-03-23,50.39,50.6,49.92,50.02,,2321505.0
2022-03-24,50.0,50.78,49.94,50.74,,1658364.0
2022-03-25,51.01,51.63,50.81,51.49,,2084256.0
2022-03-28,51.59,52.1,51.44,51.75,,1340778.0
2022-03-29,52.27,53.55,52.13,53.39,,2154503.0
2022-03-30,51.9,52.18,51.63,52.05,,4439809.0
2022-03-31,52.33,52.56,51.46,51.47,,2572710.0
2022-04-01,51.74,52.94,51.54,52.91,,2195888.0
2022-04-04,53.02,53.18,51.69,52.08,,1326441.0
2022-04-05,52.0,53.1,51.91,52.17,,1302353.0
2022-04-06,52.28,53.53,51.75,53.44,,1419417.0
2022-04-07,53.1,53.38,52.56,53.04,,2060694.0
2022-04-08,53.2,53.4,52.81,53.04,,2061109.0
2022-04-11,53.04,53.27,51.76,51.92,,2180661.0
2022-04-12,51.86,52.53,51.59,52.06,,1057687.0
2022-04-13,52.05,52.49,51.86,52.1,,1008214.0
2022-04-14,52.3,52.58,51.94,51.99,,1085666.0
2022-04-18,51.93,52.28,51.19,51.58,,1822898.0
2022-04-19,51.97,52.59,51.97,52.37,,889634.0
2022-04-20,52.48,53.6,52.45,53.32,,2383657.0
2022-04-21,53.6,54.18,53.38,53.68,,1278183.0
2022-04-22,53.58,53.6,52.54,52.59,,1117029.0
2022-04-25,52.53,52.77,51.26,52.19,,1570616.0
2022-04-26,52.09,52.41,51.3,51.3,,1684346.0
2022-04-27,51.16,51.84,50.4,50.53,,2434993.0
2022-04-28,50.57,51.04,49.92,50.72,,1252795.0
2022-04-29,50.33,50.63,47.83,48.04,,2958318.0
2022-05-02,48.3,48.58,45.67,46.73,,1768498.0
2022-05-03,46.97,47.33,46.44,46.8,,1616681.0
2022-05-04,46.78,47.06,45.47,47.0,,1100554.0
2022-05-05,46.89,47.14,45.33,45.7,,1578059.0
2022-05-06,45.31,45.53,44.56,45.19,,1599210.0
2022-05-09,44.78,44.85,42.91,43.06,,1741469.0
2022-05-10,43.56,43.7,41.81,42.02,,2173838.0
2022-05-11,42.21,43.51,42.04,42.83,,1939244.0
2022-05-12,42.9,43.4,42.8,43.28,,2244547.0
2022-05-13,43.7,44.1,43.04,44.04,,1283599.0
2022-05-16,44.13,44.39,43.47,43.54,,1635024.0
2022-05-17,44.04,44.04,43.24,43.84,,2412918.0
2022-05-18,43.78,44.03,41.94,42.2,,2260599.0
2022-05-19,41.88,42.26,41.53,41.79,,1526042.0
2022-05-20,42.15,42.3,41.51,42.06,,2081947.0
2022-05-23,42.48,43.21,41.83,43.15,,1829280.0
2022-05-24,43.11,43.23,42.1,43.16,,1644232.0
2022-05-25,42.93,43.21,42.48,43.03,,1608549.0
2022-05-26,43.41,43.72,42.94,42.97,,1509213.0
2022-05-27,43.2,44.04,42.99,43.87,,2442412.0
2022-05-31,43.43,43.56,42.82,43.16,,3582801.0
2022-06-01,43.24,43.51,42.44,43.27,,2393445.0
2022-06-02,43.34,43.73,42.55,43.34,,2803883.0
2022-06-03,43.12,43.52,42.79,43.16,,2398031.0
2022-06-06,43.41,43.41,41.84,41.9,,1687943.0
2022-06-07,41.8,42.81,41.68,42.72,,2078539.0
2022-06-08,42.44,42.58,41.7,41.85,,1941471.0
2022-06-09,41.7,41.95,40.77,40.82,,1854809.0
2022-06-10,40.38,40.77,39.84,40.41,,3138467.0
2022-06-13,39.66,39.84,38.07,38.29,,2766206.0
2022-06-14,38.41,38.78,37.93,38.21,,2104577.0
2022-06-15,38.53,39.47,38.2,38.77,,3047531.0
2022-06-16,37.98,38.87,37.92,38.62,,2373158.0
2022-06-17,38.81,39.67,38.77,39.3,,4280128.0
2022-06-21,39.55,40.61,39.46,39.82,,2764681.0
2022-06-22,39.48,40.76,39.43,40.16,,2079853.0
2022-06-23,40.68,41.41,40.43,41.26,,2449576.0
2022-06-24,41.44,41.77,41.24,41.67,,3293297.0
2022-06-27,41.48,42.71,41.38,42.15,,1472682.0
2022-06-28,42.37,42.75,41.65,41.76,,2127228.0
2022-06-29,41.5,41.88,41.32,41.79,,1425106.0
2022-06-30,41.46,42.24,41.06,41.57,,2048256.0
2022-07-01,41.51,42.11,41.19,41.95,,1605449.0
2022-07-05,41.7,41.73,40.45,41.36,,2305221.0
2022-07-06,41.59,42.01,41.21,41.37,,1538105.0
2022-07-07,41.48,41.89,41.07,41.21,,1543234.0
2022-07-08,41.15,41.19,40.71,40.8,,2038548.0
2022-07-11,40.65,40.97,40.36,40.55,,2442185.0
2022-07-12,40.2,41.21,40.2,40.82,,1285243.0
2022-07-13,40.45,40.65,39.76,40.41,,1804853.0
2022-07-14,39.7,40.29,39.65,40.08,,1765445.0
2022-07-15,40.75,41.22,40.28,40.64,,2586211.0
2022-07-18,40.83,41.02,40.33,40.61,,1522932.0
2022-07-19,40.97,41.51,40.54,41.37,,1360076.0
2022-07-20,41.32,41.83,41.13,41.36,,1100408.0
2022-07-21,41.35,41.64,41.09,41.6,,1108349.0
2022-07-22,42.07,42.61,41.79,42.04,,2287337.0
2022-07-25,41.99,42.4,41.78,41.94,,2715539.0
2022-07-26,41.99,42.28,41.86,42.02,,1604140.0
2022-07-27,41.48,42.8,41.48,42.34,,2822820.0
2022-07-28,42.6,43.96,42.58,43.94,,2304898.0
2022-07-29,44.07,44.51,43.7,44.07,,2132282.0
2022-08-01,43.83,44.1,42.92,43.01,,2684926.0
2022-08-02,42.9,43.23,42.09,42.2,,3125556.0
2022-08-03,42.6,43.18,41.95,42.04,,2145619.0
2022-08-04,42.07,42.51,41.79,42.49,,1857283.0
2022-08-05,42.32,42.63,41.97,42.58,,1473607.0
2022-08-08,43.0,43.41,42.7,42.9,,1549332.0
2022-08-09,43.09,43.72,42.91,43.7,,1373410.0
2022-08-10,44.23,44.83,44.01,44.78,,1884377.0
2022-08-11,45.0,45.52,44.67,44.79,,2260046.0
2022-08-12,45.04,45.68,45.04,45.65,,1393581.0
2022-08-15,45.65,45.76,45.24,45.55,,1010763.0
2022-08-16,45.32,46.12,45.32,45.88,,1187993.0
2022-08-17,45.48,45.98,45.28,45.8,,1130441.0
2022-08-18,45.8,45.86,44.59,44.99,,1797716.0
2022-08-19,44.74,44.97,44.24,44.46,,1842342.0
2022-08-22,44.21,44.25,43.4,43.47,,1093840.0
2022-08-23,43.38,43.52,42.21,42.48,,1356423.0
2022-08-24,42.39,43.13,42.39,42.98,,1217125.0
2022-08-25,43.23,43.48,43.01,43.41,,1526994.0
2022-08-26,43.49,43.51,42.17,42.21,,1602666.0
2022-08-29,41.98,41.98,41.41,41.43,,1882594.0
2022-08-30,41.54,41.65,40.72,40.85,,1050464.0
2022-08-31,41.27,41.36,40.75,40.86,,2735414.0
2022-09-01,40.61,41.47,40.22,41.46,,2319222.0
2022-09-02,41.76,42.09,41.17,41.27,,3004047.0
2022-09-06,41.52,42.14,41.28,41.96,,2001538.0
2022-09-07,42.05,42.71,41.81,42.7,,1897498.0
2022-09-08,42.43,43.04,42.4,42.94,,1520826.0
2022-09-09,43.03,43.92,42.84,43.69,,2049151.0
2022-09-12,43.84,44.0,43.45,43.52,,1452863.0
2022-09-13,42.8,42.97,41.83,42.04,,1752300.0
2022-09-14,41.86,41.99,41.16,41.58,,2004510.0
2022-09-15,41.75,41.77,40.81,40.87,,1384380.0
2022-09-16,40.87,40.87,40.14,40.65,,5223773.0
2022-09-19,39.95,40.17,39.14,39.84,,2686789.0
2022-09-20,39.38,39.6,38.33,38.52,,3352608.0
2022-09-21,38.8,39.11,38.22,38.24,,2650959.0
2022-09-22,38.16,38.5,37.69,38.25,,3069470.0
2022-09-23,38.04,39.13,37.92,38.58,,3170736.0
2022-09-26,38.53,38.53,36.83,37.24,,2422969.0
2022-09-27,37.48,37.83,36.8,36.92,,3750429.0
2022-09-28,37.4,38.21,36.84,37.97,,3539113.0
2022-09-29,37.59,38.02,36.98,37.41,,3333097.0
2022-09-30,37.86,38.25,37.41,37.98,,2668798.0
2022-10-03,38.63,38.83,37.92,38.39,,2291787.0
2022-10-04,38.58,39.04,38.15,38.6,,2593341.0
2022-10-05,38.02,38.21,36.8,37.41,,2399805.0
2022-10-06,37.38,37.47,36.21,36.23,,2808301.0
2022-10-07,35.93,36.22,34.84,34.98,,2542947.0
2022-10-10,35.15,35.49,34.74,34.8,,2418971.0
2022-10-11,34.77,35.52,34.47,35.46,,2506835.0
2022-10-12,35.47,35.47,34.7,35.09,,1660172.0
2022-10-13,34.48,36.0,34.23,35.9,,2797337.0
2022-10-14,36.38,36.4,34.57,34.62,,2981708.0
2022-10-17,35.24,36.36,35.13,36.23,,3072113.0
2022-10-18,36.8,37.29,36.46,36.78,,2750160.0
2022-10-19,36.22,36.4,35.43,35.74,,2464493.0
2022-10-20,35.88,36.34,35.57,35.76,,2590241.0
2022-10-21,35.86,36.26,35.35,36.05,,2383048.0
2022-10-24,36.36,36.47,35.51,35.88,,2563062.0
2022-10-25,36.08,37.33,36.05,37.31,,1686099.0
2022-10-26,37.08,37.41,35.95,36.35,,3387235.0
2022-10-27,36.8,37.39,36.05,36.11,,3173238.0
2022-10-28,35.85,36.57,35.4,36.4,,2456236.0
2022-10-31,36.2,36.87,36.17,36.57,,2526213.0
2022-11-01,36.91,37.08,36.47,36.64,,1912829.0
2022-11-02,36.49,37.14,35.72,35.72,,1703566.0
2022-11-03,35.28,35.87,34.67,35.48,,1656244.0
2022-11-04,35.75,36.05,34.62,35.35,,3006897.0
2022-11-07,35.4,35.64,34.53,34.75,,3037989.0
2022-11-08,34.94,34.96,34.37,34.59,,2163777.0
2022-11-09,34.37,34.85,34.19,34.54,,2467971.0
2022-11-10,35.84,37.46,35.75,37.42,,3709416.0
2022-11-11,37.53,37.64,36.65,36.89,,2165089.0
2022-11-14,36.69,37.09,36.16,36.18,,2507617.0
2022-11-15,36.74,36.83,36.06,36.57,,2048420.0
2022-11-16,36.64,37.02,36.32,36.46,,2643920.0
2022-11-17,36.02,36.35,35.8,36.28,,1826776.0
2022-11-18,36.82,37.11,36.51,36.97,,4630365.0
2022-11-21,36.86,37.29,36.52,37.07,,1520782.0
2022-11-22,37.21,37.37,36.91,37.17,,1515085.0
2022-11-23,37.13,37.49,36.74,36.9,,1325122.0
2022-11-25,37.02,37.48,36.98,37.46,,889400.0
2022-11-28,37.27,37.57,36.68,36.71,,2965704.0
2022-11-29,36.88,37.51,36.52,37.48,,1636478.0
2022-11-30,37.23,38.16,36.92,38.14,,3052527.0
2022-12-01,38.45,38.75,37.19,37.6,,2192221.0
2022-12-02,37.49,37.85,37.17,37.71,,2053470.0
2022-12-05,37.47,37.59,36.97,37.02,,1469732.0
2022-12-06,37.2,37.2,36.18,36.37,,1237788.0
2022-12-07,36.17,36.82,36.12,36.24,,2072434.0
2022-12-08,36.35,37.25,36.33,36.92,,1964596.0
2022-12-09,36.88,37.14,36.65,36.68,,1432442.0
2022-12-12,36.69,37.12,36.13,37.06,,2838760.0
2022-12-13,38.15,38.3,37.02,37.6,,2996686.0
2022-12-14,37.6,38.22,37.13,37.32,,3443573.0
2022-12-15,36.82,37.29,36.64,37.13,,3389992.0
2022-12-16,36.68,36.71,35.56,35.98,,6652421.0
2022-12-19,35.85,35.86,34.96,35.36,,1903595.0
2022-12-20,35.09,35.19,34.73,34.96,,1958676.0
2022-12-21,35.32,35.61,34.98,35.19,,1931814.0
2022-12-22,34.94,35.5,34.75,35.33,,2164655.0
2022-12-23,35.19,35.66,35.03,35.64,,1158015.0
2022-12-27,35.71,35.82,35.18,35.42,,1712855.0
2022-12-28,35.51,35.69,34.85,34.89,,1660112.0
2022-12-29,35.14,35.83,34.94,35.78,,1170483.0
2022-12-30,35.61,35.75,35.19,35.62,,1337403.0
2023-01-03,35.83,36.13,35.09,35.49,,1780911.0
2023-01-04,35.81,36.42,35.65,36.1,,5832869.0
2023-01-05,35.75,35.83,34.55,34.61,,2518376.0
2023-01-06,34.63,36.0,34.59,35.94,,2282113.0
2023-01-09,35.86,36.4,35.67,35.73,,3352741.0
2023-01-10,35.57,35.98,35.57,35.84,,1185149.0
2023-01-11,36.19,37.43,36.09,37.4,,1730000.0
2023-01-12,37.63,37.8,37.16,37.57,,1411944.0
2023-01-13,37.14,37.67,37.0,37.29,,1271685.0
2023-01-17,37.46,37.95,37.27,37.58,,2851732.0
2023-01-18,37.7,37.74,37.04,37.15,,2542509.0
2023-01-19,37.04,37.61,36.76,36.78,,2227197.0
2023-01-20,36.8,37.13,36.37,37.13,,2576376.0
2023-01-23,37.2,37.4,36.89,37.08,,1506965.0
2023-01-24,37.17,37.89,36.59,37.73,,1502271.0
2023-01-25,37.56,37.84,37.4,37.7,,1508419.0
2023-01-26,37.9,38.5,37.86,38.1,,1800439.0
2023-01-27,38.08,39.3,38.01,38.98,,2812119.0
2023-01-30,38.7,39.08,38.4,38.41,,2012745.0
2023-01-31,38.42,39.59,38.36,39.55,,6169010.0
2023-02-01,39.35,39.97,38.87,39.78,,2273057.0
2023-02-02,40.24,41.68,40.24,41.24,,2669189.0
2023-02-03,40.46,40.6,39.75,40.29,,1891232.0
2023-02-06,39.84,39.91,39.45,39.65,,2318502.0
2023-02-07,39.53,41.21,39.3,40.74,,3469839.0
2023-02-08,40.6,41.67,40.44,41.57,,3300932.0
2023-02-09,41.61,41.99,40.69,40.79,,3914288.0
2023-02-10,40.64,41.01,40.36,40.95,,3414567.0
2023-02-13,40.95,41.47,40.85,41.29,,2633715.0
2023-02-14,41.15,41.84,40.95,41.47,,4791507.0
2023-02-15,41.17,41.82,41.07,41.81,,2248664.0
2023-02-16,41.13,42.22,41.04,41.76,,2696951.0
2023-02-17,41.77,41.99,41.02,41.56,,2255132.0
2023-02-21,41.28,41.43,40.48,40.72,,1674282.0
2023-02-22,40.75,41.27,40.66,40.94,,2293863.0
2023-02-23,41.14,41.41,40.67,41.05,,1519659.0
2023-02-24,40.64,40.78,40.16,40.52,,1900533.0
2023-02-27,41.08,41.08,39.6,39.99,,1941682.0
2023-02-28,39.99,40.45,39.66,39.78,,2757594.0
2023-03-01,39.81,39.81,38.3,38.68,,2277294.0
2023-03-02,38.43,39.12,38.35,39.11,,6700760.0
2023-03-03,39.44,40.17,39.35,39.91,,1869202.0
2023-03-06,40.16,40.41,39.75,39.82,,1843763.0
2023-03-07,39.87,39.98,38.79,38.84,,1571959.0
2023-03-08,38.76,39.43,38.67,39.09,,1880127.0
2023-03-09,39.19,39.29,38.2,38.31,,2019383.0
2023-03-10,38.41,38.52,36.6,37.07,,3254471.0
2023-03-13,36.92,37.95,36.76,37.39,,2116593.0
2023-03-14,37.96,38.33,37.32,37.74,,2368290.0
2023-03-15,37.41,37.95,37.06,37.67,,3088545.0
2023-03-16,37.3,37.42,36.46,37.1,,2717586.0
2023-03-17,37.09,37.12,36.12,36.13,,4633306.0
2023-03-20,36.26,36.74,35.87,36.59,,1972121.0
2023-03-21,36.78,36.97,36.1,36.43,,3346571.0
2023-03-22,36.09,36.46,35.37,35.46,,3064871.0
2023-03-23,35.48,35.95,34.99,35.14,,1980745.0
2023-03-24,35.06,35.95,34.99,35.94,,2324436.0
2023-03-27,36.21,36.36,35.7,35.75,,1445912.0
2023-03-28,35.36,35.82,35.25,35.63,,1641272.0
2023-03-29,36.16,36.65,36.07,36.58,,1724485.0
2023-03-30,37.03,37.41,36.92,37.04,,2028366.0
2023-03-31,37.31,38.16,37.21,38.13,,3070305.0
2023-04-03,38.07,38.64,37.69,37.99,,1881832.0
2023-04-04,37.99,38.11,37.37,37.87,,1643688.0
2023-04-05,37.71,38.1,37.61,37.67,,1987228.0
2023-04-06,37.9,38.19,37.52,38.17,,2296694.0
2023-04-10,37.87,38.2,37.59,38.18,,1240991.0
2023-04-11,38.1,38.57,37.96,38.23,,1821015.0
2023-04-12,38.65,38.71,37.86,37.92,,1490360.0
2023-04-13,37.89,38.02,37.43,37.72,,1709130.0
2023-04-14,37.92,37.99,37.12,37.74,,3130759.0
2023-04-17,37.77,38.74,37.68,38.72,,2621472.0
2023-04-18,38.64,38.83,38.34,38.66,,2047194.0
2023-04-19,38.4,39.23,38.33,39.06,,3098295.0
2023-04-20,39.03,39.09,38.66,39.06,,3708913.0
2023-04-21,39.2,39.27,38.59,38.97,,4672298.0
2023-04-24,39.11,39.17,38.45,38.62,,2627057.0
2023-04-25,38.45,38.6,38.23,38.34,,1991473.0
2023-04-26,38.24,38.74,37.93,38.07,,2495995.0
2023-04-27,37.53,38.7,37.15,38.55,,2824275.0
2023-04-28,38.7,39.26,38.46,38.78,,2770500.0
2023-05-01,38.8,39.34,38.55,38.68,,2049230.0
2023-05-02,38.42,38.6,36.83,37.7,,3110964.0
2023-05-03,37.87,38.36,37.43,37.71,,2126745.0
2023-05-04,37.63,38.09,37.37,37.77,,1543109.0
2023-05-05,37.98,38.86,37.74,38.78,,2407087.0
2023-05-08,38.75,39.0,38.56,38.72,,1172043.0
2023-05-09,38.42,38.48,37.81,38.23,,1245525.0
2023-05-10,38.53,38.82,38.27,38.62,,1545842.0
2023-05-11,38.28,38.82,38.14,38.8,,2044871.0
2023-05-12,38.82,38.87,38.33,38.83,,1850541.0
2023-05-15,38.79,38.81,38.3,38.7,,2381273.0
2023-05-16,38.73,38.76,37.88,37.89,,1972714.0
2023-05-17,38.0,38.13,37.61,38.04,,1952090.0
2023-05-18,37.91,38.12,37.41,37.75,,2109756.0
2023-05-19,38.05,38.36,37.65,37.85,,1433359.0
2023-05-22,37.79,38.37,37.46,38.14,,1572286.0
2023-05-23,38.1,38.41,37.75,37.76,,1923789.0
2023-05-24,37.69,37.69,36.96,37.01,,1802254.0
2023-05-25,37.0,37.17,36.25,36.59,,2321304.0
2023-05-26,36.47,36.9,36.0,36.81,,1913730.0
2023-05-30,36.99,37.2,36.65,36.78,,2163422.0
2023-05-31,36.83,37.27,36.59,37.22,,5123223.0
2023-06-01,37.23,37.73,36.67,37.61,,1883894.0
2023-06-02,38.05,38.93,38.05,38.62,,2390925.0
2023-06-05,38.47,38.98,38.41,38.65,,1455169.0
2023-06-06,38.91,39.02,38.49,38.97,,1448361.0
2023-06-07,39.16,39.79,38.82,39.63,,1321760.0
2023-06-08,39.42,39.68,38.86,39.49,,1677523.0
2023-06-09,39.68,40.07,39.54,39.92,,1852706.0
2023-06-12,39.86,40.06,39.62,39.86,,2096658.0
2023-06-13,39.59,40.14,39.44,39.99,,3135996.0
2023-06-14,40.16,40.6,40.0,40.45,,3406487.0
2023-06-15,40.46,40.53,40.03,40.37,,1890481.0
2023-06-16,40.59,40.96,40.5,40.74,,3779871.0
2023-06-20,40.74,40.74,40.12,40.24,,2253969.0
2023-06-21,39.96,40.12,39.6,39.83,,1703048.0
2023-06-22,39.89,39.94,38.38,38.67,,1857992.0
2023-06-23,38.55,38.63,37.59,37.75,,3926474.0
2023-06-26,37.61,39.01,37.61,38.93,,1776679.0
2023-06-27,39.05,39.74,38.89,39.6,,1916843.0
2023-06-28,39.51,39.94,39.18,39.58,,2376937.0
2023-06-29,39.44,40.25,39.25,40.23,,1900429.0
2023-06-30,40.66,40.84,39.74,40.31,,2999304.0
2023-07-03,40.05,41.15,40.05,40.96,,899176.0
2023-07-05,40.79,41.21,40.35,40.71,,1729796.0
2023-07-06,40.14,40.8,39.4,40.67,,1639118.0
2023-07-07,40.55,40.64,40.16,40.41,,2176781.0
2023-07-10,40.27,40.53,39.99,40.47,,1679955.0
2023-07-11,40.65,41.07,40.41,41.05,,2195506.0
2023-07-12,41.3,41.71,40.92,40.92,,1915464.0
2023-07-13,40.91,41.15,40.74,41.14,,1392325.0
2023-07-14,40.96,41.17,40.77,41.09,,1195609.0
2023-07-17,41.09,41.16,40.52,40.59,,1386471.0
2023-07-18,40.59,40.62,40.0,40.18,,1872305.0
2023-07-19,40.59,40.71,40.16,40.52,,1559068.0
2023-07-20,40.54,40.82,40.07,40.82,,1804815.0
2023-07-21,40.8,41.32,40.8,41.0,,1925229.0
2023-07-24,41.12,41.38,40.88,40.96,,1530346.0
2023-07-25,40.76,40.94,39.99,40.03,,2135293.0
2023-07-26,40.04,40.51,39.81,40.28,,1997576.0
2023-07-27,39.8,40.31,38.19,38.48,,3656557.0
2023-07-28,38.86,38.9,37.96,38.13,,2359974.0
2023-07-31,38.22,38.92,38.16,38.73,,3209810.0
2023-08-01,38.5,38.88,38.28,38.37,,2198699.0
2023-08-02,38.08,38.61,38.08,38.35,,2319044.0
2023-08-03,38.23,38.27,37.34,38.14,,2631330.0
2023-08-04,38.17,38.76,37.87,37.93,,2255920.0
2023-08-07,38.08,38.33,37.77,38.27,,2112246.0
2023-08-08,38.01,38.09,37.38,37.61,,2332140.0
2023-08-09,37.43,37.59,37.09,37.34,,2040688.0
2023-08-10,37.5,38.19,37.27,37.38,,2611389.0
2023-08-11,37.31,37.69,37.24,37.61,,1969207.0
2023-08-14,37.54,37.57,36.76,36.98,,2369695.0
2023-08-15,36.61,36.77,36.23,36.36,,2142035.0
2023-08-16,36.27,36.41,35.92,36.19,,2716217.0
2023-08-17,36.21,36.87,36.21,36.43,,2143329.0
2023-08-18,36.16,36.67,36.16,36.39,,1893604.0
2023-08-21,36.27,36.33,35.76,36.09,,1753927.0
2023-08-22,36.33,36.48,36.07,36.18,,1423331.0
2023-08-23,36.39,36.82,36.2,36.8,,1350653.0
2023-08-24,36.83,37.4,36.68,36.69,,2266030.0
2023-08-25,36.85,37.43,36.82,37.11,,2683858.0
2023-08-28,37.31,37.72,37.31,37.39,,1253688.0
2023-08-29,37.46,37.69,37.23,37.67,,1493859.0
2023-08-30,38.03,38.33,37.83,38.15,,2248522.0
2023-08-31,38.22,38.22,37.77,37.81,,3154326.0
2023-09-01,37.97,38.08,37.53,37.64,,1979391.0
2023-09-05,37.63,37.89,37.33,37.35,,2026462.0
2023-09-06,37.27,37.36,36.84,37.02,,1436961.0
2023-09-07,36.92,37.36,36.73,37.07,,1859561.0
2023-09-08,37.2,37.23,36.44,36.63,,2137356.0
2023-09-11,36.66,36.73,36.23,36.51,,1305725.0
2023-09-12,36.38,36.76,36.0,36.7,,2546311.0
2023-09-13,36.82,36.88,36.06,36.21,,2011896.0
2023-09-14,36.55,36.83,36.3,36.42,,2458089.0
2023-09-15,36.24,36.55,36.02,36.22,,5794697.0
2023-09-18,36.27,36.27,35.55,35.95,,1825738.0
2023-09-19,35.86,36.06,35.74,35.84,,1644893.0
2023-09-20,36.15,36.32,35.9,35.94,,1425994.0
2023-09-21,35.74,35.74,34.77,34.77,,2443916.0
2023-09-22,34.79,34.87,34.28,34.33,,1650031.0
2023-09-25,34.12,34.36,34.01,34.11,,1528339.0
2023-09-26,33.71,34.05,33.66,33.84,,1694966.0
2023-09-27,33.97,34.2,33.39,33.53,,2087510.0
2023-09-28,33.62,34.0,33.51,33.8,,1631982.0
2023-09-29,34.28,34.44,33.51,33.8,,2829402.0
2023-10-02,33.67,33.84,33.17,33.3,,2510183.0
2023-10-03,33.19,33.43,32.83,32.98,,1740789.0
2023-10-04,33.23,33.57,32.8,33.51,,2138758.0
2023-10-05,33.53,33.86,33.25,33.84,,1884793.0
2023-10-06,33.62,34.65,33.33,34.31,,2171305.0
2023-10-09,34.01,35.04,34.01,35.01,,2241393.0
2023-10-10,34.94,35.38,34.64,34.66,,2076436.0
2023-10-11,34.9,35.34,34.83,35.29,,1585844.0
2023-10-12,35.16,35.17,34.8,34.91,,1489382.0
2023-10-13,35.03,35.16,34.52,34.65,,1715779.0
2023-10-16,34.78,35.01,34.29,34.73,,1842866.0
2023-10-17,34.52,35.13,34.52,34.91,,2168907.0
2023-10-18,34.72,34.83,34.26,34.33,,1309547.0
2023-10-19,34.16,34.52,33.71,33.73,,3649473.0
2023-10-20,34.0,34.09,33.25,33.26,,3203776.0
2023-10-23,33.14,33.39,32.69,32.73,,3356058.0
2023-10-24,32.81,33.42,32.75,33.28,,2797393.0
2023-10-25,33.05,33.24,32.53,32.58,,2212056.0
2023-10-26,32.64,32.87,32.02,32.2,,3874969.0
2023-10-27,31.22,31.78,29.93,30.25,,7980877.0
2023-10-30,30.56,30.75,29.84,30.31,,4785846.0
2023-10-31,29.93,30.79,29.92,30.49,,5111833.0
2023-11-01,30.45,30.54,29.67,30.11,,4160147.0
2023-11-02,30.7,31.34,30.44,30.93,,4029993.0
2023-11-03,31.6,32.4,31.53,31.89,,2626991.0
2023-11-06,31.72,31.78,30.92,31.17,,2272243.0
2023-11-07,31.16,31.16,30.69,30.79,,1906634.0
2023-11-08,30.97,31.43,30.89,31.39,,2163241.0
2023-11-09,31.47,31.53,30.64,30.67,,2979434.0
2023-11-10,30.93,31.4,30.55,31.4,,2657068.0
2023-11-13,31.12,31.2,30.62,30.83,,2043842.0
2023-11-14,31.83,32.81,31.66,32.29,,3510473.0
2023-11-15,32.2,32.48,31.86,31.98,,2796932.0
2023-11-16,32.1,32.19,31.61,31.63,,2348536.0
2023-11-17,32.08,32.12,31.23,31.46,,3165325.0
2023-11-20,31.4,31.88,31.03,31.87,,3790658.0
2023-11-21,31.9,32.1,31.35,31.44,,2799952.0
2023-11-22,31.85,31.89,31.59,31.76,,2312469.0
2023-11-24,31.72,31.98,31.51,31.97,,720693.0
2023-11-27,31.9,32.08,31.72,31.9,,2672119.0
2023-11-28,31.76,32.16,31.49,32.07,,2964092.0
2023-11-29,32.43,32.72,31.83,31.91,,3105651.0
2023-11-30,31.96,32.05,31.65,32.02,,4315075.0
2023-12-01,32.08,33.11,31.95,32.98,,2270536.0
2023-12-04,32.66,33.23,32.58,33.18,,2270695.0
2023-12-05,32.98,33.16,32.58,33.11,,3855810.0
2023-12-06,33.24,33.63,33.07,33.24,,2944660.0
2023-12-07,33.18,33.73,32.84,33.55,,3604558.0
2023-12-08,33.4,33.91,33.25,33.91,,4831698.0
2023-12-11,33.7,33.82,33.33,33.53,,3668436.0
2023-12-12,33.57,34.08,33.25,33.98,,2692765.0
2023-12-13,34.1,35.77,33.98,35.58,,3643054.0
2023-12-14,36.34,37.23,36.22,36.76,,3890668.0
2023-12-15,36.5,36.6,35.72,36.08,,5593813.0
2023-12-18,36.26,36.33,35.9,36.25,,3611663.0
2023-12-19,36.39,36.52,35.9,36.06,,3158873.0
2023-12-20,35.97,36.16,35.46,35.51,,2252854.0
2023-12-21,35.77,35.87,35.34,35.74,,2664888.0
2023-12-22,35.95,36.36,35.87,36.09,,2838408.0
2023-12-26,36.13,36.57,36.08,36.4,,1478658.0
2023-12-27,36.37,36.78,36.25,36.74,,1875200.0
2023-12-28,36.53,37.18,36.49,37.17,,1938995.0
2023-12-29,37.02,37.22,36.69,36.71,,2300148.0
2024-01-02,36.65,37.25,36.43,37.04,,2721122.0
2024-01-03,36.72,36.73,36.02,36.1,,2475799.0
2024-01-04,36.06,36.6,35.89,36.29,,2130339.0
2024-01-05,35.99,36.49,35.78,36.26,,2954930.0
2024-01-08,36.19,37.12,36.09,36.99,,2676038.0
2024-01-09,36.59,37.13,36.38,36.95,,3237070.0
2024-01-10,37.14,37.26,36.92,37.04,,2591856.0
2024-01-11,36.76,37.44,36.5,37.31,,3404509.0
2024-01-12,37.71,37.89,37.13,37.4,,2967621.0
2024-01-16,37.27,37.42,36.98,37.16,,3550592.0
2024-01-17,36.54,37.16,35.81,36.33,,3032895.0
2024-01-18,36.29,36.58,35.8,36.06,,5791830.0
2024-01-19,36.12,36.66,35.9,36.45,,3623786.0
2024-01-22,36.52,36.94,36.52,36.67,,3655143.0
2024-01-23,36.76,36.95,36.22,36.33,,3233959.0
2024-01-24,36.64,36.64,35.55,35.58,,3482310.0
2024-01-25,35.94,36.17,35.25,35.4,,3229708.0
2024-01-26,35.49,35.63,35.06,35.56,,3296990.0
2024-01-29,35.52,35.93,35.35,35.61,,2415437.0
2024-01-30,35.28,35.6,35.05,35.36,,4547611.0
2024-01-31,35.6,35.81,34.76,34.91,,5522893.0
2024-02-01,34.7,35.41,34.29,35.38,,3461027.0
2024-02-02,35.06,35.39,34.44,35.19,,3557347.0
2024-02-05,34.76,34.76,34.3,34.34,,2358663.0
2024-02-06,34.33,34.82,34.24,34.46,,3481893.0
2024-02-07,34.26,34.5,33.38,34.23,,5196024.0
2024-02-08,34.12,34.48,33.81,34.4,,3538544.0
2024-02-09,34.32,34.58,34.17,34.28,,3274161.0
2024-02-12,34.34,34.64,34.25,34.47,,2352248.0
2024-02-13,33.72,33.79,33.13,33.55,,2893944.0
2024-02-14,33.63,33.96,33.54,33.8,,3178173.0
2024-02-15,34.1,34.98,34.01,34.94,,2712411.0
2024-02-16,34.52,35.15,34.34,34.97,,2831213.0
2024-02-20,34.66,34.9,34.44,34.7,,2272037.0
2024-02-21,34.75,35.21,34.56,35.18,,2890146.0
2024-02-22,35.33,35.33,34.99,35.04,,2666624.0
2024-02-23,35.02,35.09,34.74,34.75,,1707980.0
2024-02-26,34.6,34.77,33.88,33.94,,1782189.0
2024-02-27,34.24,34.56,33.82,34.0,,3057982.0
2024-02-28,33.69,34.73,33.69,34.32,,2436133.0
2024-02-29,34.66,34.84,34.23,34.41,,4277409.0
2024-03-01,34.29,34.85,33.91,34.83,,3320568.0
2024-03-04,35.14,36.26,35.12,36.13,,3893796.0
2024-03-05,36.01,36.34,35.83,36.01,,2998893.0
2024-03-06,36.32,36.35,35.93,36.1,,3808348.0
2024-03-07,36.23,36.61,36.11,36.53,,2447405.0
2024-03-08,36.86,37.01,36.62,36.93,,2665141.0
2024-03-11,36.93,37.1,36.53,36.67,,2758955.0
2024-03-12,36.64,36.81,35.84,35.94,,3563926.0
2024-03-13,35.88,36.61,35.86,36.25,,2528553.0
2024-03-14,36.06,36.13,35.0,35.54,,2578468.0
2024-03-15,35.09,36.04,35.09,36.02,,3888232.0
2024-03-18,36.04,36.16,35.6,35.68,,1752442.0
2024-03-19,35.73,35.86,35.28,35.6,,1640056.0
2024-03-20,35.42,36.0,35.27,35.92,,1927790.0
2024-03-21,36.01,36.82,36.01,36.45,,2290717.0
2024-03-22,36.5,36.55,35.88,36.01,,1636998.0
2024-03-25,36.13,36.2,35.61,35.74,,1116581.0
2024-03-26,35.8,35.81,35.27,35.29,,1382004.0
2024-03-27,35.65,36.2,35.48,35.87,,4166321.0
2024-03-28,36.02,36.49,35.84,36.26,,3007630.0
2024-04-01,36.18,36.25,35.5,35.51,,1745228.0
2024-04-02,35.2,35.28,34.9,35.06,,1920632.0
2024-04-03,34.97,35.4,34.72,35.34,,1884672.0
2024-04-04,35.63,35.86,35.05,35.27,,1801253.0
2024-04-05,35.11,35.5,34.96,35.38,,1528788.0
2024-04-08,35.87,36.75,35.81,36.47,,4535337.0
2024-04-09,36.61,37.2,36.47,37.11,,3594344.0
2024-04-10,36.24,36.62,35.99,36.48,,4513640.0
2024-04-11,36.79,36.92,35.94,36.43,,4043479.0
2024-04-12,36.33,36.39,35.54,35.91,,3225310.0
2024-04-15,36.14,36.24,34.92,35.14,,1969280.0
2024-04-16,34.96,34.97,34.52,34.57,,2128890.0
2024-04-17,34.8,35.11,34.47,34.64,,2479726.0
2024-04-18,34.7,35.23,34.44,35.07,,3354625.0
2024-04-19,35.31,35.72,35.23,35.67,,3671118.0
2024-04-22,35.83,36.33,35.56,36.27,,2513031.0
2024-04-23,36.24,36.85,36.24,36.53,,2412000.0
2024-04-24,36.27,37.42,36.13,37.13,,2891907.0
2024-04-25,37.28,37.4,36.97,37.21,,2399782.0
2024-04-26,37.33,37.89,37.13,37.15,,2117561.0
2024-04-29,37.45,37.71,37.26,37.53,,2531024.0
2024-04-30,37.29,37.65,37.03,37.32,,3264666.0
2024-05-01,36.33,37.29,36.12,36.74,,5340526.0
2024-05-02,36.89,37.15,36.27,36.82,,5231261.0
2024-05-03,37.36,37.61,37.09,37.47,,2867237.0
2024-05-06,37.76,38.21,37.5,38.11,,2654721.0
2024-05-07,38.37,38.53,38.07,38.19,,2253301.0
2024-05-08,38.08,38.14,37.36,37.51,,2887325.0
2024-05-09,37.78,38.38,37.51,38.26,,3301928.0
2024-05-10,38.44,38.56,38.22,38.26,,1716519.0
2024-05-13,38.32,38.67,38.22,38.34,,1734047.0
2024-05-14,38.58,38.74,38.25,38.58,,1673685.0
2024-05-15,39.17,39.17,38.74,38.83,,1595121.0
2024-05-16,38.78,39.0,38.62,38.63,,1574615.0
2024-05-17,38.78,38.84,38.57,38.75,,2139609.0
2024-05-20,38.73,38.87,38.4,38.6,,1847214.0
2024-05-21,38.55,38.95,38.38,38.9,,2219186.0
2024-05-22,38.86,39.2,38.66,38.81,,2207921.0
2024-05-23,38.7,38.7,38.03,38.04,,1538126.0
2024-05-24,38.29,38.3,38.08,38.18,,1272610.0
2024-05-28,38.41,38.47,37.42,37.45,,1714043.0
2024-05-29,36.89,37.1,36.29,36.82,,1510163.0
2024-05-30,37.1,37.37,36.96,37.11,,1353030.0
2024-05-31,37.57,37.86,37.21,37.85,,3719213.0
2024-06-03,38.01,38.24,37.76,38.09,,2476707.0
2024-06-04,38.08,39.02,37.86,38.8,,2970372.0
2024-06-05,38.62,38.99,38.33,38.97,,1853609.0
2024-06-06,38.71,38.95,38.58,38.81,,1374529.0
2024-06-07,38.27,38.94,38.27,38.88,,2050001.0
2024-06-10,38.76,39.44,38.58,39.04,,2132562.0
2024-06-11,38.69,38.96,38.47,38.52,,2727566.0
2024-06-12,39.29,39.39,38.62,38.77,,1904895.0
2024-06-13,38.91,39.38,38.81,39.11,,1703202.0
2024-06-14,39.06,39.52,38.84,39.48,,1984895.0
2024-06-17,39.2,39.65,38.87,39.54,,1618984.0
2024-06-18,39.67,39.86,39.55,39.82,,1295694.0
2024-06-20,39.87,39.87,39.58,39.77,,1677759.0
2024-06-21,39.9,39.95,39.54,39.91,,4111912.0
2024-06-24,40.0,40.64,39.85,40.34,,1359244.0
2024-06-25,40.4,40.4,39.74,40.01,,1417546.0
2024-06-26,39.66,39.99,39.56,39.65,,1448069.0
2024-06-27,39.69,39.98,39.53,39.96,,1393405.0
2024-06-28,40.28,40.49,39.88,40.33,,3343693.0
2024-07-01,40.19,40.36,39.76,40.22,,1616489.0
2024-07-02,40.32,40.5,40.01,40.17,,2789963.0
2024-07-03,40.18,40.19,39.68,39.79,,918846.0
2024-07-05,39.87,40.07,39.61,40.05,,3267666.0
2024-07-08,40.08,40.28,39.87,40.01,,1802143.0
2024-07-09,40.02,40.23,39.66,40.0,,1471569.0
2024-07-10,40.2,40.3,39.73,40.26,,1675011.0
2024-07-11,41.02,41.19,40.01,40.22,,2135972.0
2024-07-12,40.41,40.45,39.77,39.96,,2568651.0
2024-07-15,40.29,40.96,40.03,40.17,,3724669.0
2024-07-16,40.38,40.73,40.01,40.68,,3121388.0
2024-07-17,40.65,41.33,40.65,41.27,,2672084.0
2024-07-18,41.1,42.01,41.03,41.23,,2153662.0
2024-07-19,41.46,41.46,40.91,41.12,,1044618.0
2024-07-22,41.14,41.73,40.92,41.62,,1686458.0
2024-07-23,41.57,41.77,41.41,41.6,,2712878.0
2024-07-24,41.64,41.8,41.0,41.1,,2021650.0
2024-07-25,41.16,41.67,39.96,40.28,,2018474.0
2024-07-26,40.49,41.1,40.34,40.87,,1361341.0
2024-07-29,40.93,41.09,40.46,40.76,,3155165.0
2024-07-30,40.91,40.97,39.99,40.45,,3251612.0
2024-07-31,40.33,40.51,39.08,39.68,,7241353.0
2024-08-01,40.13,40.35,39.8,40.34,,4092085.0
2024-08-02,40.4,41.1,39.66,40.2,,4218957.0
2024-08-05,40.0,40.47,39.41,39.57,,2922951.0
2024-08-06,39.64,41.27,39.57,40.82,,2104565.0
2024-08-07,40.82,41.77,40.71,40.75,,2882161.0
2024-08-08,40.72,41.13,40.52,40.96,,1311266.0
2024-08-09,41.12,41.5,40.84,41.46,,2946769.0
2024-08-12,41.31,41.39,40.94,41.16,,2148793.0
2024-08-13,41.54,41.54,41.21,41.29,,806867.0
2024-08-14,41.28,41.69,41.2,41.37,,1068166.0
2024-08-15,41.42,41.56,41.03,41.22,,2042580.0
2024-08-16,41.14,41.42,40.89,41.31,,1224718.0
2024-08-19,41.42,41.66,41.16,41.53,,1299914.0
2024-08-20,41.61,41.78,41.38,41.69,,1280912.0
2024-08-21,41.73,41.97,41.58,41.97,,1763443.0
2024-08-22,42.08,42.24,41.85,42.15,,1172618.0
2024-08-23,42.34,42.91,42.1,42.88,,1353637.0
2024-08-26,43.17,43.27,42.67,42.8,,1322351.0
2024-08-27,42.58,43.39,42.41,43.22,,1558464.0
2024-08-28,43.35,43.79,43.19,43.76,,1851475.0
2024-08-29,43.69,44.08,43.51,43.68,,2087673.0
2024-08-30,43.96,44.1,43.55,44.08,,2523292.0
2024-09-03,43.92,44.66,43.92,44.48,,2056414.0
2024-09-04,43.73,44.66,43.73,44.16,,1927617.0
2024-09-05,44.54,44.54,43.71,43.99,,1997364.0
2024-09-06,43.94,43.94,43.01,43.62,,3557497.0
2024-09-09,43.72,44.34,43.51,44.09,,3537443.0
2024-09-10,44.29,45.23,44.29,45.15,,2476327.0
2024-09-11,44.8,45.58,44.58,45.53,,3588049.0
2024-09-12,45.57,46.19,45.57,46.1,,3752036.0
2024-09-13,46.36,46.77,46.26,46.67,,2908726.0
2024-09-16,47.08,47.09,46.5,46.51,,2039141.0
2024-09-17,46.37,46.58,45.81,45.92,,1361927.0
2024-09-18,46.06,46.65,45.71,45.74,,2028042.0
2024-09-19,45.99,45.99,45.32,45.7,,2103994.0
2024-09-20,45.47,45.73,45.12,45.18,,4362848.0
2024-09-23,45.46,45.95,45.46,45.9,,2556877.0
2024-09-24,45.5,45.89,45.28,45.57,,3576364.0
2024-09-25,45.75,45.95,45.2,45.24,,2090707.0
2024-09-26,45.2,45.31,44.63,44.77,,1822580.0
2024-09-27,45.1,45.25,44.5,44.55,,1733313.0
2024-09-30,44.33,45.01,44.3,44.9,,2662383.0
2024-10-01,45.07,45.13,44.19,44.46,,2033072.0
2024-10-02,44.06,44.7,43.96,44.67,,2661306.0
2024-10-03,44.67,44.78,44.04,44.27,,1670161.0
2024-10-04,44.04,44.29,43.59,44.16,,1342414.0
2024-10-07,43.97,43.97,43.45,43.78,,1580676.0
2024-10-08,44.06,44.15,43.34,43.67,,1434053.0
2024-10-09,43.74,43.82,43.31,43.71,,1153886.0
2024-10-10,43.61,43.93,43.26,43.41,,1053895.0
2024-10-11,43.7,43.84,43.47,43.72,,2273740.0
2024-10-14,43.79,44.21,43.5,43.94,,3115086.0
2024-10-15,44.29,44.94,44.2,44.51,,1956228.0
2024-10-16,44.6,44.95,44.47,44.84,,971587.0
2024-10-17,44.82,44.93,44.25,44.32,,1434231.0
2024-10-18,44.52,44.9,44.3,44.77,,1102469.0
2024-10-21,44.52,44.53,43.74,43.79,,1727579.0
2024-10-22,43.77,44.48,43.73,44.27,,1325319.0
2024-10-23,44.27,45.07,44.22,44.71,,1612087.0
2024-10-24,44.88,45.03,44.46,44.51,,2002884.0
2024-10-25,44.65,44.77,43.81,43.87,,1104378.0
2024-10-28,44.15,44.53,44.06,44.1,,1424187.0
2024-10-29,44.01,44.28,43.6,43.61,,1657231.0
2024-10-30,43.57,43.97,43.41,43.55,,3137781.0
2024-10-31,42.55,42.98,41.87,42.19,,4061210.0
2024-11-01,42.01,42.38,41.04,41.3,,2704580.0
2024-11-04,41.54,42.17,41.38,42.07,,3316876.0
2024-11-05,41.98,43.22,41.8,43.22,,1855569.0
2024-11-06,44.14,44.14,42.83,43.27,,3321501.0
2024-11-07,43.27,43.69,43.02,43.54,,3364471.0
2024-11-08,43.78,44.68,43.56,44.48,,2318840.0
2024-11-11,44.43,45.11,44.43,44.64,,1931255.0
2024-11-12,44.53,44.89,44.21,44.27,,2063288.0
2024-11-13,44.66,45.38,44.52,45.19,,2988642.0
2024-11-14,44.88,44.98,44.52,44.55,,2199630.0
2024-11-15,44.51,44.66,43.98,44.31,,3211598.0
2024-11-18,44.2,44.62,44.16,44.44,,1598262.0
2024-11-19,44.21,44.7,43.95,44.5,,1036968.0
2024-11-20,44.29,44.45,43.89,44.34,,1174590.0
2024-11-21,44.44,45.07,44.23,44.81,,1086940.0
2024-11-22,44.9,45.26,44.83,45.09,,1536143.0
2024-11-25,45.33,45.82,45.3,45.57,,2590609.0
2024-11-26,45.63,46.12,45.4,45.94,,2758317.0
2024-11-27,46.3,46.62,46.23,46.33,,1185355.0
2024-11-29,46.28,46.44,45.8,45.86,,1142399.0
2024-12-02,45.7,45.7,45.1,45.3,,1997965.0
2024-12-03,45.38,45.43,44.7,44.79,,1613597.0
2024-12-04,44.75,45.07,44.61,44.99,,1355497.0
2024-12-05,44.74,45.03,44.46,44.73,,1181171.0
2024-12-06,44.86,45.01,44.67,44.84,,1312132.0
2024-12-09,44.86,44.96,44.47,44.89,,1476873.0
2024-12-10,45.01,45.14,44.3,44.5,,1274014.0
2024-12-11,44.7,44.76,44.27,44.31,,1565230.0
2024-12-12,44.29,45.24,44.23,44.82,,1220105.0
2024-12-13,44.57,44.9,44.35,44.47,,1283922.0
2024-12-16,44.38,45.35,44.37,44.74,,1637425.0
2024-12-17,44.46,44.8,44.27,44.41,,2078179.0
2024-12-18,44.33,44.68,42.94,42.95,,2554180.0
2024-12-19,42.98,43.66,42.33,42.42,,2489178.0
2024-12-20,42.7,43.84,42.45,43.46,,5497613.0
2024-12-23,43.09,43.53,42.92,43.46,,1022766.0
2024-12-24,43.47,43.7,43.22,43.66,,981894.0
2024-12-26,43.42,44.02,43.42,43.88,,1651240.0
2024-12-27,43.54,43.95,43.34,43.41,,929155.0
2024-12-30,43.21,43.21,42.53,43.07,,1001684.0
