time,open,high,low,close,Volume,volume
2005-07-08,7.07,7.19,6.73,6.98,,4067600.0
2005-07-11,6.98,7.05,6.89,7.0,,1382400.0
2005-07-12,7.16,7.44,7.12,7.37,,1230200.0
2005-07-13,7.41,7.41,7.25,7.25,,1233900.0
2005-07-14,7.3,7.3,7.21,7.25,,2311600.0
2005-07-15,7.21,7.23,7.07,7.16,,1099600.0
2005-07-18,7.09,7.09,6.78,6.8,,3226300.0
2005-07-19,6.82,6.84,6.8,6.82,,4084800.0
2005-07-20,6.82,6.82,6.78,6.78,,3596000.0
2005-07-21,6.62,6.89,6.48,6.88,,35754800.0
2005-07-22,6.87,6.96,6.8,6.84,,30231100.0
2005-07-25,6.84,6.84,6.38,6.41,,21772800.0
2005-07-26,6.41,6.43,6.27,6.39,,20022300.0
2005-07-27,6.36,6.53,6.33,6.39,,22497700.0
2005-07-28,6.39,6.56,6.37,6.5,,18940200.0
2005-07-29,6.5,6.53,6.38,6.51,,4637900.0
2005-08-01,6.46,6.57,6.38,6.41,,5177400.0
2005-08-02,6.35,6.4,6.16,6.38,,13416000.0
2005-08-03,6.3,6.49,6.25,6.49,,5212900.0
2005-08-04,6.35,6.5,6.34,6.46,,7530700.0
2005-08-05,6.41,6.46,6.34,6.43,,6118800.0
2005-08-08,6.34,6.48,6.32,6.41,,3862300.0
2005-08-09,6.41,6.42,6.32,6.37,,6048500.0
2005-08-10,6.36,6.47,6.36,6.44,,18739600.0
2005-08-11,6.52,6.85,6.52,6.66,,20197200.0
2005-08-12,6.69,6.74,6.62,6.7,,10717900.0
2005-08-15,6.69,6.98,6.66,6.91,,9547000.0
2005-08-16,6.98,7.19,6.85,6.93,,10397300.0
2005-08-17,6.96,7.0,6.87,6.89,,5430100.0
2005-08-18,6.86,6.9,6.83,6.85,,2128800.0
2005-08-19,6.84,7.0,6.84,6.94,,3334300.0
2005-08-22,6.92,7.14,6.92,7.07,,2465800.0
2005-08-23,7.14,7.25,7.02,7.15,,3480500.0
2005-08-24,7.08,7.32,7.08,7.22,,3172100.0
2005-08-25,7.25,7.25,7.0,7.19,,1850000.0
2005-08-26,7.2,7.25,6.91,7.11,,2740600.0
2005-08-29,7.07,7.13,6.95,7.02,,1647400.0
2005-08-30,6.89,7.07,6.84,6.99,,4993100.0
2005-08-31,7.02,7.02,6.87,6.91,,3908900.0
2005-09-01,6.87,6.92,6.84,6.92,,3671100.0
2005-09-02,6.85,6.91,6.81,6.91,,2594600.0
2005-09-06,6.87,6.96,6.87,6.94,,3185200.0
2005-09-07,6.92,6.95,6.89,6.94,,2635900.0
2005-09-08,6.98,7.05,6.88,6.89,,4694100.0
2005-09-09,6.89,6.89,6.83,6.84,,4586800.0
2005-09-12,6.82,6.89,6.81,6.83,,1582000.0
2005-09-13,6.9,6.93,6.7,6.77,,3541200.0
2005-09-14,6.7,6.84,6.7,6.81,,1935100.0
2005-09-15,6.78,6.9,6.78,6.84,,2120800.0
2005-09-16,6.83,6.88,6.81,6.84,,1846600.0
2005-09-19,6.88,6.96,6.84,6.87,,1469100.0
2005-09-20,6.87,6.99,6.83,6.86,,2708900.0
2005-09-21,6.9,6.91,6.73,6.75,,1879100.0
2005-09-22,6.73,6.78,6.68,6.71,,4361000.0
2005-09-23,6.71,6.72,6.59,6.67,,1635900.0
2005-09-26,6.68,6.7,6.64,6.65,,1940600.0
2005-09-27,6.63,6.69,6.59,6.65,,2011200.0
2005-09-28,6.68,6.69,6.55,6.57,,3413800.0
2005-09-29,6.56,6.59,6.48,6.5,,5842000.0
2005-09-30,6.48,6.68,6.46,6.58,,5600300.0
2005-10-03,6.58,6.64,6.57,6.63,,2488100.0
2005-10-04,6.62,6.64,6.37,6.4,,3947700.0
2005-10-05,6.39,6.43,6.3,6.34,,7917800.0
2005-10-06,6.32,6.39,6.27,6.3,,2722800.0
2005-10-07,6.28,6.39,6.28,6.38,,1999100.0
2005-10-10,6.35,6.46,6.34,6.37,,2586600.0
2005-10-11,6.36,6.46,6.34,6.41,,6034800.0
2005-10-12,6.37,6.42,6.36,6.4,,2211600.0
2005-10-13,6.39,6.55,6.38,6.5,,4118900.0
2005-10-14,6.48,6.67,6.48,6.61,,6107600.0
2005-10-17,6.59,6.62,6.39,6.49,,4428700.0
2005-10-18,6.48,6.53,6.43,6.46,,1647800.0
2005-10-19,6.42,6.45,6.32,6.39,,3595000.0
2005-10-20,6.38,6.4,6.31,6.33,,4582700.0
2005-10-21,6.32,6.58,6.32,6.42,,7583000.0
2005-10-24,6.41,6.52,6.41,6.5,,1481400.0
2005-10-25,6.46,6.51,6.38,6.41,,2449800.0
2005-10-26,6.35,6.4,6.35,6.38,,4059800.0
2005-10-27,6.35,6.46,6.25,6.27,,6880600.0
2005-10-28,6.3,6.51,6.25,6.47,,4094000.0
2005-10-31,6.47,6.52,6.37,6.43,,2894000.0
2005-11-01,6.39,6.6,6.39,6.49,,2646300.0
2005-11-02,6.52,6.58,6.46,6.56,,1660500.0
2005-11-03,6.56,6.64,6.4,6.48,,1930800.0
2005-11-04,6.47,6.48,6.37,6.44,,1462100.0
2005-11-07,6.44,6.53,6.38,6.46,,1046600.0
2005-11-08,6.41,6.57,6.41,6.55,,1198100.0
2005-11-09,6.5,6.56,6.29,6.54,,4621800.0
2005-11-10,6.48,6.77,6.47,6.75,,2188700.0
2005-11-11,6.75,6.98,6.67,6.96,,4716200.0
2005-11-14,7.0,7.0,6.86,6.99,,2459600.0
2005-11-15,7.03,7.04,6.93,6.99,,2704600.0
2005-11-16,7.02,7.02,6.8,6.84,,2409800.0
2005-11-17,6.84,6.88,6.69,6.79,,1340300.0
2005-11-18,6.78,7.0,6.78,6.95,,6269100.0
2005-11-21,7.03,7.18,6.91,7.12,,3017700.0
2005-11-22,7.14,7.19,7.03,7.19,,3117500.0
2005-11-23,7.15,7.25,7.07,7.21,,1682400.0
2005-11-25,7.19,7.28,7.17,7.23,,511400.0
2005-11-28,7.23,7.23,7.14,7.19,,3811500.0
2005-11-29,7.12,7.21,7.05,7.19,,3856300.0
2005-11-30,7.17,7.18,7.09,7.12,,2658000.0
2005-12-01,7.15,7.19,7.07,7.14,,1751900.0
2005-12-02,7.19,7.19,7.07,7.12,,1087300.0
2005-12-05,7.16,7.19,6.99,7.07,,2376000.0
2005-12-06,7.05,7.07,6.88,6.89,,2424900.0
2005-12-07,6.88,7.17,6.88,6.98,,1890700.0
2005-12-08,7.0,7.12,6.95,7.07,,837600.0
2005-12-09,7.07,7.12,6.98,7.06,,1036000.0
2005-12-12,7.19,7.4,7.15,7.21,,7388300.0
2005-12-13,7.25,7.3,7.22,7.29,,3618900.0
2005-12-14,7.25,7.35,7.25,7.3,,3021600.0
2005-12-15,7.29,7.32,7.04,7.09,,4391700.0
2005-12-16,7.16,7.35,7.08,7.32,,21100200.0
2005-12-19,7.28,7.28,7.05,7.13,,4158600.0
2005-12-20,7.11,7.3,7.04,7.07,,3369000.0
2005-12-21,7.07,7.19,6.98,7.0,,1557800.0
2005-12-22,6.97,7.1,6.96,6.97,,1340200.0
2005-12-23,6.96,7.12,6.93,7.04,,1257800.0
2005-12-27,7.03,7.14,6.92,6.99,,1605900.0
2005-12-28,6.95,7.0,6.93,6.94,,1186900.0
2005-12-29,6.99,7.06,6.94,6.96,,1961100.0
2005-12-30,6.93,7.02,6.9,6.91,,3111200.0
2006-01-03,6.9,6.98,6.87,6.89,,4513200.0
2006-01-04,6.89,6.99,6.87,6.98,,4394800.0
2006-01-05,7.0,7.0,6.96,6.98,,2186000.0
2006-01-06,7.05,7.07,6.94,7.0,,1792800.0
2006-01-09,6.98,7.0,6.91,6.98,,2336300.0
2006-01-10,6.93,6.99,6.93,6.99,,3887400.0
2006-01-11,6.95,6.99,6.93,6.97,,2184000.0
2006-01-12,6.95,6.99,6.94,6.96,,2153100.0
2006-01-13,6.99,6.99,6.92,6.94,,2422600.0
2006-01-17,6.93,7.06,6.93,7.05,,3049000.0
2006-01-18,7.05,7.08,6.96,7.05,,1442300.0
2006-01-19,7.04,7.09,6.95,7.08,,3354100.0
2006-01-20,7.03,7.12,6.95,6.99,,1867000.0
2006-01-23,6.98,7.05,6.93,7.03,,1275600.0
2006-01-24,7.02,7.04,7.01,7.03,,1255200.0
2006-01-25,7.01,7.02,6.94,6.99,,1783800.0
2006-01-26,7.07,7.07,6.99,7.03,,1444300.0
2006-01-27,7.02,7.11,7.02,7.08,,1253700.0
2006-01-30,7.12,7.14,6.97,7.0,,1028200.0
2006-01-31,7.03,7.03,6.88,6.92,,3007300.0
2006-02-01,6.87,6.93,6.81,6.84,,2234300.0
2006-02-02,6.83,6.86,6.62,6.65,,1970300.0
2006-02-03,6.6,6.66,6.56,6.65,,2440200.0
2006-02-06,6.62,6.65,6.57,6.64,,947800.0
2006-02-07,6.61,6.65,6.57,6.59,,1429600.0
2006-02-08,6.65,6.83,6.59,6.82,,2285800.0
2006-02-09,6.81,6.85,6.67,6.75,,2121400.0
2006-02-10,6.73,6.75,6.59,6.62,,1904600.0
2006-02-13,6.59,6.67,6.58,6.61,,1118000.0
2006-02-14,6.61,6.63,6.57,6.59,,1943300.0
2006-02-15,6.58,6.66,6.53,6.61,,1777700.0
2006-02-16,6.6,6.73,6.6,6.69,,1674000.0
2006-02-17,6.67,6.7,6.6,6.62,,1348000.0
2006-02-21,6.62,6.68,6.56,6.6,,1456200.0
2006-02-22,6.6,6.72,6.6,6.63,,2750000.0
2006-02-23,6.6,6.66,6.53,6.62,,1505100.0
2006-02-24,6.62,6.63,6.54,6.58,,2006300.0
2006-02-27,6.58,6.78,6.58,6.77,,2056200.0
2006-02-28,6.72,6.76,6.62,6.66,,2485800.0
2006-03-01,6.7,6.79,6.65,6.72,,1687100.0
2006-03-02,6.69,6.69,6.59,6.62,,1124700.0
2006-03-03,6.62,6.69,6.56,6.6,,1250300.0
2006-03-06,6.59,6.65,6.55,6.6,,1285700.0
2006-03-07,6.62,6.67,6.55,6.56,,696100.0
2006-03-08,6.55,6.58,6.42,6.49,,2395000.0
2006-03-09,6.48,6.52,6.39,6.5,,2036800.0
2006-03-10,6.48,6.7,6.46,6.55,,1679900.0
2006-03-13,6.54,6.67,6.49,6.62,,1315300.0
2006-03-14,6.62,6.79,6.62,6.73,,1319200.0
2006-03-15,6.72,6.83,6.64,6.82,,1287100.0
2006-03-16,6.81,6.83,6.66,6.7,,1049100.0
2006-03-17,6.73,6.76,6.59,6.66,,1941700.0
2006-03-20,6.64,6.66,6.57,6.61,,1273200.0
2006-03-21,6.62,6.68,6.57,6.6,,2441900.0
2006-03-22,6.58,6.61,6.47,6.56,,1455600.0
2006-03-23,6.52,6.7,6.44,6.69,,1518400.0
2006-03-24,6.41,6.68,6.33,6.6,,11071300.0
2006-03-27,6.58,6.66,6.54,6.64,,3934500.0
2006-03-28,6.65,6.66,6.61,6.64,,2888500.0
2006-03-29,6.62,6.82,6.61,6.79,,4552000.0
2006-03-30,6.77,6.86,6.74,6.82,,3010500.0
2006-03-31,6.85,6.89,6.78,6.84,,6562000.0
2006-04-03,6.92,6.92,6.8,6.83,,5485700.0
2006-04-04,6.88,6.92,6.8,6.9,,3711500.0
2006-04-05,6.88,6.91,6.82,6.86,,3850400.0
2006-04-06,6.83,6.93,6.78,6.86,,1596300.0
2006-04-07,6.88,6.92,6.75,6.84,,1712400.0
2006-04-10,6.83,6.87,6.7,6.77,,1799300.0
2006-04-11,6.82,6.84,6.66,6.72,,2190700.0
2006-04-12,6.71,6.76,6.69,6.74,,1281400.0
2006-04-13,6.75,6.75,6.62,6.65,,2239200.0
2006-04-17,6.63,6.67,6.56,6.59,,1382000.0
2006-04-18,6.59,6.67,6.59,6.65,,3268400.0
2006-04-19,6.63,6.67,6.61,6.66,,2943100.0
2006-04-20,6.63,6.74,6.62,6.7,,3265500.0
2006-04-21,6.72,6.74,6.65,6.71,,5846700.0
2006-04-24,6.72,6.73,6.65,6.67,,2073800.0
2006-04-25,6.67,6.69,6.6,6.66,,1370100.0
2006-04-26,6.65,6.69,6.57,6.63,,2363300.0
2006-04-27,6.59,6.87,6.54,6.78,,2407100.0
2006-04-28,6.83,6.86,6.76,6.8,,1163200.0
2006-05-01,6.8,6.87,6.77,6.85,,2517700.0
2006-05-02,6.85,6.87,6.68,6.72,,3990300.0
2006-05-03,6.68,6.68,6.47,6.59,,11358000.0
2006-05-04,6.59,6.72,6.58,6.61,,1777200.0
2006-05-05,6.61,6.62,6.51,6.57,,1462700.0
2006-05-08,6.55,6.6,6.51,6.58,,1783600.0
2006-05-09,6.55,6.63,6.55,6.57,,1868700.0
2006-05-10,6.55,6.59,6.49,6.51,,1601800.0
2006-05-11,6.49,6.56,6.49,6.51,,2843300.0
2006-05-12,6.5,6.58,6.38,6.39,,2942900.0
2006-05-15,6.35,6.58,6.35,6.53,,2548000.0
2006-05-16,6.49,6.59,6.46,6.57,,1894800.0
2006-05-17,6.49,6.56,6.4,6.41,,1492400.0
2006-05-18,6.41,6.46,6.29,6.31,,2306100.0
2006-05-19,6.32,6.4,6.23,6.31,,2888900.0
2006-05-22,6.26,6.32,6.21,6.24,,1377300.0
2006-05-23,6.24,6.36,6.24,6.27,,3810500.0
2006-05-24,6.23,6.35,6.23,6.31,,2569700.0
2006-05-25,6.32,6.34,6.24,6.31,,2251500.0
2006-05-26,6.32,6.38,6.26,6.33,,2769000.0
2006-05-30,6.29,6.36,6.24,6.32,,2506700.0
2006-05-31,6.29,6.41,6.26,6.33,,2599100.0
2006-06-01,6.31,6.49,6.27,6.48,,2626500.0
2006-06-02,6.52,6.58,6.39,6.56,,1847400.0
2006-06-05,6.51,6.55,6.35,6.39,,1508500.0
2006-06-06,6.37,6.42,6.33,6.39,,1147000.0
2006-06-07,6.38,6.41,6.31,6.31,,1369900.0
2006-06-08,6.28,6.39,6.21,6.3,,2587200.0
2006-06-09,6.31,6.39,6.24,6.28,,1801600.0
2006-06-12,6.32,6.39,6.26,6.29,,1959200.0
2006-06-13,6.28,6.37,6.23,6.34,,1970100.0
2006-06-14,6.31,6.38,6.24,6.33,,2417700.0
2006-06-15,6.34,6.72,6.34,6.65,,2692400.0
2006-06-16,6.62,6.62,6.46,6.51,,3060900.0
2006-06-19,6.48,6.59,6.43,6.55,,2620800.0
2006-06-20,6.54,6.67,6.47,6.58,,1312400.0
2006-06-21,6.64,6.72,6.58,6.67,,2183800.0
2006-06-22,6.61,6.66,6.49,6.52,,2051300.0
2006-06-23,6.56,6.62,6.5,6.51,,1382800.0
2006-06-26,6.5,6.62,6.5,6.56,,2307700.0
2006-06-27,6.58,6.63,6.48,6.49,,1682400.0
2006-06-28,6.48,6.63,6.47,6.56,,1576800.0
2006-06-29,6.55,6.78,6.51,6.78,,2283400.0
2006-06-30,6.78,6.82,6.62,6.67,,7574400.0
2006-07-03,6.66,6.76,6.66,6.72,,1187500.0
2006-07-05,6.68,6.71,6.6,6.63,,2126900.0
2006-07-06,6.61,6.62,6.47,6.57,,3442800.0
2006-07-07,6.52,6.56,6.46,6.51,,3018700.0
2006-07-10,6.51,6.51,6.39,6.45,,2792100.0
2006-07-11,6.43,6.5,6.41,6.44,,2157800.0
2006-07-12,6.41,6.42,6.32,6.41,,2907500.0
2006-07-13,6.39,6.5,6.36,6.4,,2111600.0
2006-07-14,6.39,6.39,6.27,6.33,,1630800.0
2006-07-17,6.35,6.35,6.25,6.27,,1758000.0
2006-07-18,6.27,6.3,6.2,6.25,,1403000.0
2006-07-19,6.23,6.31,6.2,6.24,,1961300.0
2006-07-20,6.19,6.26,6.15,6.19,,1379100.0
2006-07-21,6.14,6.26,6.13,6.16,,2364400.0
2006-07-24,6.16,6.23,6.12,6.16,,1262300.0
2006-07-25,6.17,6.29,6.14,6.22,,957200.0
2006-07-26,6.22,6.28,6.16,6.18,,1485000.0
2006-07-27,6.18,6.23,6.05,6.16,,3673900.0
2006-07-28,6.16,6.25,6.12,6.15,,1463400.0
2006-07-31,6.15,6.15,6.07,6.08,,1638800.0
2006-08-01,6.07,6.1,6.01,6.05,,1995900.0
2006-08-02,6.01,6.26,6.01,6.17,,2624700.0
2006-08-03,6.15,6.29,6.15,6.19,,1493600.0
2006-08-04,6.31,6.39,6.19,6.21,,1664200.0
2006-08-07,6.25,6.39,6.19,6.32,,1686700.0
2006-08-08,6.37,6.37,6.09,6.2,,1638800.0
2006-08-09,6.22,6.26,5.84,6.05,,3861900.0
2006-08-10,6.05,6.23,6.05,6.17,,1690700.0
2006-08-11,6.08,6.55,6.05,6.41,,2722400.0
2006-08-14,6.43,6.48,6.31,6.31,,2153100.0
2006-08-15,6.3,6.49,6.3,6.47,,1756600.0
2006-08-16,6.52,6.52,6.35,6.46,,1704400.0
2006-08-17,6.46,6.6,6.38,6.57,,2237800.0
2006-08-18,6.58,6.59,6.47,6.5,,1791000.0
2006-08-21,6.48,6.54,6.38,6.52,,1329400.0
2006-08-22,6.49,6.57,6.44,6.49,,1491000.0
2006-08-23,6.51,6.53,6.39,6.43,,836600.0
2006-08-24,6.46,6.49,6.36,6.39,,818400.0
2006-08-25,6.35,6.53,6.35,6.4,,1052500.0
2006-08-28,6.36,6.41,6.34,6.4,,1231700.0
2006-08-29,6.37,6.37,6.3,6.37,,1407300.0
2006-08-30,6.38,6.41,6.29,6.31,,934100.0
2006-08-31,6.29,6.4,6.27,6.39,,1094200.0
2006-09-01,6.39,6.44,6.36,6.4,,593200.0
2006-09-05,6.36,6.4,6.26,6.27,,1520800.0
2006-09-06,6.26,6.38,6.22,6.27,,1570500.0
2006-09-07,6.23,6.33,6.18,6.2,,1179100.0
2006-09-08,6.18,6.28,6.15,6.24,,913900.0
2006-09-11,6.2,6.32,6.12,6.26,,1628400.0
2006-09-12,6.25,6.31,6.13,6.26,,2712600.0
2006-09-13,6.18,6.31,6.18,6.29,,2515900.0
2006-09-14,6.26,6.28,6.11,6.16,,2069300.0
2006-09-15,6.2,6.43,6.14,6.34,,3921800.0
2006-09-18,6.3,6.51,6.28,6.35,,1302000.0
2006-09-19,6.38,6.39,6.31,6.34,,1208100.0
2006-09-20,6.37,6.44,6.35,6.37,,1649000.0
2006-09-21,6.35,6.45,6.33,6.39,,897300.0
2006-09-22,6.41,6.47,6.34,6.36,,1241100.0
2006-09-25,6.39,6.45,6.31,6.39,,1609600.0
2006-09-26,6.36,6.44,6.32,6.41,,969300.0
2006-09-27,6.37,6.58,6.37,6.57,,2461500.0
2006-09-28,6.59,6.64,6.55,6.59,,2377600.0
2006-09-29,6.56,6.64,6.55,6.6,,1181000.0
2006-10-02,6.57,6.76,6.56,6.59,,2874400.0
2006-10-03,6.56,6.62,6.47,6.6,,2232000.0
2006-10-04,6.58,6.69,6.57,6.68,,1280500.0
2006-10-05,6.65,6.86,6.61,6.79,,3524200.0
2006-10-06,6.73,6.81,6.71,6.72,,1052500.0
2006-10-09,6.75,6.75,6.65,6.72,,1059100.0
2006-10-10,6.72,6.78,6.69,6.76,,1787700.0
2006-10-11,6.75,6.77,6.61,6.68,,1340300.0
2006-10-12,6.72,6.72,6.59,6.71,,1488700.0
2006-10-13,6.72,6.81,6.67,6.79,,1213700.0
2006-10-16,6.77,6.82,6.75,6.79,,1556600.0
2006-10-17,6.75,6.84,6.69,6.75,,1029000.0
2006-10-18,6.78,6.81,6.62,6.67,,1474000.0
2006-10-19,6.64,6.73,6.61,6.68,,947000.0
2006-10-20,6.79,6.91,6.78,6.87,,4199900.0
2006-10-23,6.83,6.88,6.83,6.83,,993200.0
2006-10-24,6.81,6.81,6.69,6.76,,1486000.0
2006-10-25,6.73,6.83,6.67,6.74,,1762300.0
2006-10-26,6.73,6.87,6.72,6.85,,1351300.0
2006-10-27,6.83,6.84,6.71,6.77,,1640600.0
2006-10-30,6.78,6.93,6.77,6.81,,1841500.0
2006-10-31,6.78,6.84,6.72,6.77,,2603000.0
2006-11-01,6.8,6.87,6.71,6.73,,2296900.0
2006-11-02,6.69,6.81,6.69,6.81,,1566600.0
2006-11-03,6.82,6.84,6.71,6.82,,949500.0
2006-11-06,6.84,6.91,6.74,6.77,,2151500.0
2006-11-07,6.74,6.87,6.71,6.82,,1802000.0
2006-11-08,6.83,6.91,6.82,6.88,,1150900.0
2006-11-09,6.92,6.92,6.64,6.81,,1151100.0
2006-11-10,6.83,6.87,6.76,6.86,,809600.0
2006-11-13,6.83,6.89,6.81,6.88,,1939800.0
2006-11-14,6.88,7.02,6.77,6.99,,3024200.0
2006-11-15,6.98,7.08,6.96,7.05,,2151700.0
2006-11-16,7.09,7.16,7.04,7.16,,1614100.0
2006-11-17,7.15,7.24,7.14,7.17,,2792600.0
2006-11-20,7.14,7.2,7.05,7.06,,1380100.0
2006-11-21,7.04,7.06,6.97,7.02,,1410200.0
2006-11-22,6.99,7.06,6.93,7.06,,620600.0
2006-11-24,7.0,7.09,6.97,7.03,,392200.0
2006-11-27,6.99,7.02,6.86,6.95,,2045700.0
2006-11-28,6.96,7.0,6.86,6.88,,1510400.0
2006-11-29,6.88,7.0,6.86,6.91,,1846800.0
2006-11-30,6.89,7.03,6.87,7.0,,1960300.0
2006-12-01,7.0,7.0,6.86,6.91,,1815100.0
2006-12-04,6.91,6.98,6.86,6.88,,1847200.0
2006-12-05,6.88,6.97,6.85,6.92,,1795200.0
2006-12-06,6.92,6.94,6.87,6.91,,1790300.0
2006-12-07,6.98,7.14,6.91,6.96,,3545300.0
2006-12-08,6.99,7.28,6.95,7.26,,3756900.0
2006-12-11,7.25,7.54,7.23,7.46,,5267300.0
2006-12-12,7.46,7.74,7.42,7.48,,3662500.0
2006-12-13,7.52,7.55,7.34,7.45,,2730600.0
2006-12-14,7.48,7.64,7.48,7.62,,3414800.0
2006-12-15,7.71,7.71,7.4,7.41,,4963300.0
2006-12-18,7.43,7.55,7.39,7.42,,1534900.0
2006-12-19,7.37,7.43,7.32,7.35,,1916500.0
2006-12-20,7.37,7.45,7.35,7.35,,1677500.0
2006-12-21,7.36,7.42,7.31,7.35,,1269900.0
2006-12-22,7.35,7.4,7.3,7.34,,1383000.0
2006-12-26,7.31,7.4,7.3,7.35,,1352300.0
2006-12-27,7.44,7.44,7.35,7.43,,1062100.0
2006-12-28,7.39,7.41,7.33,7.35,,1337200.0
2006-12-29,7.35,7.4,7.33,7.34,,1405500.0
2007-01-03,7.38,7.56,7.34,7.52,,5871000.0
2007-01-04,7.53,7.6,7.43,7.49,,4627300.0
2007-01-05,7.5,7.55,7.36,7.44,,1795400.0
2007-01-08,7.43,7.67,7.4,7.58,,5654800.0
2007-01-09,7.61,7.65,7.52,7.53,,1606500.0
2007-01-10,7.5,7.6,7.48,7.59,,1696700.0
2007-01-11,7.62,7.69,7.62,7.65,,2713600.0
2007-01-12,7.66,7.73,7.62,7.71,,2337000.0
2007-01-16,7.71,7.93,7.65,7.91,,4352800.0
2007-01-17,7.92,7.94,7.8,7.81,,1977700.0
2007-01-18,7.9,7.96,7.77,7.84,,2268200.0
2007-01-19,7.82,7.88,7.72,7.83,,2167600.0
2007-01-22,7.83,7.91,7.66,7.76,,1946600.0
2007-01-23,7.71,7.84,7.69,7.75,,1453300.0
2007-01-24,7.75,7.87,7.71,7.8,,1107900.0
2007-01-25,7.7,7.74,7.53,7.58,,1827800.0
2007-01-26,7.61,7.62,7.45,7.5,,1912200.0
2007-01-29,7.46,7.67,7.45,7.63,,1789700.0
2007-01-30,7.56,7.63,7.51,7.53,,1489100.0
2007-01-31,7.57,7.57,7.43,7.56,,1903400.0
2007-02-01,7.56,7.68,7.56,7.62,,1609000.0
2007-02-02,7.63,7.66,7.48,7.56,,1348600.0
2007-02-05,7.53,7.57,7.44,7.5,,1592400.0
2007-02-06,7.55,7.56,7.35,7.4,,3501100.0
2007-02-07,7.41,7.42,7.35,7.36,,2936300.0
2007-02-08,7.35,7.44,7.32,7.37,,1907300.0
2007-02-09,7.36,7.41,7.25,7.32,,2026900.0
2007-02-12,7.32,7.39,7.3,7.37,,2258400.0
2007-02-13,7.35,7.47,7.35,7.45,,2505200.0
2007-02-14,7.48,7.69,7.44,7.54,,2971700.0
2007-02-15,7.51,7.59,7.51,7.58,,1197900.0
2007-02-16,7.56,7.6,7.47,7.48,,2202800.0
2007-02-20,7.45,7.57,7.44,7.56,,1425300.0
2007-02-21,7.57,7.57,7.46,7.5,,887300.0
2007-02-22,7.48,7.53,7.41,7.42,,1805700.0
2007-02-23,7.46,7.49,7.39,7.39,,1783200.0
2007-02-26,7.43,7.45,7.39,7.42,,1971100.0
2007-02-27,7.39,7.46,7.25,7.25,,3021000.0
2007-02-28,7.28,7.53,7.25,7.33,,3447300.0
2007-03-01,7.21,7.55,7.08,7.38,,3755100.0
2007-03-02,7.39,7.39,7.26,7.29,,2063700.0
2007-03-05,7.25,7.31,7.14,7.28,,2779100.0
2007-03-06,7.32,7.76,7.21,7.66,,7102300.0
2007-03-07,7.67,7.81,7.57,7.76,,3759600.0
2007-03-08,7.79,7.87,7.7,7.82,,4254500.0
2007-03-09,7.87,7.87,7.81,7.87,,4462900.0
2007-03-12,7.83,7.85,7.78,7.85,,3748000.0
2007-03-13,7.73,7.85,7.72,7.74,,3378200.0
2007-03-14,7.72,7.76,7.67,7.73,,2943100.0
2007-03-15,7.74,7.77,7.72,7.76,,2534100.0
2007-03-16,7.74,7.81,7.72,7.81,,3940800.0
2007-03-19,7.84,7.96,7.81,7.89,,3614800.0
2007-03-20,7.89,7.9,7.77,7.79,,4013400.0
2007-03-21,7.84,8.17,7.79,8.17,,6679000.0
2007-03-22,8.17,8.23,8.03,8.08,,4465300.0
2007-03-23,8.1,8.39,8.06,8.37,,7425400.0
2007-03-26,8.39,8.39,8.3,8.33,,3827300.0
2007-03-27,8.33,8.36,8.29,8.35,,3681100.0
2007-03-28,8.34,8.39,8.25,8.35,,5541400.0
2007-03-29,8.58,8.88,8.42,8.86,,9500600.0
2007-03-30,8.82,8.89,8.69,8.73,,5190000.0
2007-04-02,8.73,8.83,8.72,8.83,,6337200.0
2007-04-03,8.88,9.14,8.83,9.01,,8356400.0
2007-04-04,9.02,9.16,8.99,9.16,,6538900.0
2007-04-05,9.19,9.19,9.07,9.12,,4332800.0
2007-04-09,9.13,9.31,9.11,9.2,,6250100.0
2007-04-10,9.18,9.42,9.17,9.38,,6259500.0
2007-04-11,9.4,9.41,9.32,9.39,,5581800.0
2007-04-12,9.4,9.61,9.33,9.47,,5290600.0
2007-04-13,9.47,9.57,9.43,9.53,,3525500.0
2007-04-16,9.59,9.74,9.56,9.64,,2819600.0
2007-04-17,9.55,9.65,9.48,9.49,,4766100.0
2007-04-18,9.49,9.67,9.49,9.63,,5013600.0
2007-04-19,9.53,9.58,9.49,9.51,,4233400.0
2007-04-20,9.65,9.71,9.56,9.66,,4686600.0
2007-04-23,9.68,9.7,9.54,9.55,,3113800.0
2007-04-24,9.73,10.04,9.65,9.74,,7493200.0
2007-04-25,9.79,10.12,9.74,10.04,,4859600.0
2007-04-26,9.79,9.96,9.72,9.84,,3459600.0
2007-04-27,9.86,9.92,9.7,9.92,,3546300.0
2007-04-30,9.97,10.03,9.9,9.92,,3747100.0
2007-05-01,9.92,9.96,9.76,9.84,,2905900.0
2007-05-02,9.88,9.9,9.69,9.8,,5560000.0
2007-05-03,9.78,10.07,9.77,10.06,,5617200.0
2007-05-04,10.11,10.26,9.96,10.02,,2629800.0
2007-05-07,10.1,10.49,10.04,10.41,,7805300.0
2007-05-08,10.36,10.54,10.24,10.48,,4230600.0
2007-05-09,10.33,10.37,10.22,10.22,,8420400.0
2007-05-10,10.24,10.24,9.96,10.03,,3434500.0
2007-05-11,10.02,10.27,9.99,10.24,,4378200.0
2007-05-14,10.33,10.5,10.28,10.4,,5031800.0
2007-05-15,10.44,10.48,10.24,10.28,,3133700.0
2007-05-16,10.33,10.51,10.32,10.45,,4365500.0
2007-05-17,10.43,10.45,10.29,10.33,,3011000.0
2007-05-18,10.38,10.49,10.3,10.47,,4081300.0
2007-05-21,10.49,10.83,10.44,10.8,,6291800.0
2007-05-22,10.73,10.83,10.71,10.74,,2472900.0
2007-05-23,10.78,10.81,10.57,10.58,,4478800.0
2007-05-24,10.66,10.66,10.39,10.42,,3633400.0
2007-05-25,10.41,10.54,10.41,10.45,,2725500.0
2007-05-29,10.43,10.7,10.43,10.67,,4477400.0
2007-05-30,10.61,10.68,10.55,10.58,,4345700.0
2007-05-31,10.58,10.69,10.52,10.67,,5567300.0
2007-06-01,10.66,10.83,10.59,10.75,,4222800.0
2007-06-04,10.69,10.93,10.69,10.87,,6602500.0
2007-06-05,10.83,10.93,10.76,10.82,,3466200.0
2007-06-06,10.82,10.82,10.69,10.7,,3361000.0
2007-06-07,10.68,10.74,10.52,10.54,,2755700.0
2007-06-08,10.48,10.77,10.4,10.72,,3161500.0
2007-06-11,10.75,10.84,10.72,10.74,,2321200.0
2007-06-12,10.67,11.1,10.63,10.93,,9244100.0
2007-06-13,10.97,11.05,10.93,10.98,,4932200.0
2007-06-14,11.03,11.09,10.94,11.06,,2438200.0
2007-06-15,11.2,11.27,10.99,11.06,,5136900.0
2007-06-18,11.01,11.06,10.87,10.87,,2691700.0
2007-06-19,10.93,10.95,10.88,10.89,,3478800.0
2007-06-20,10.86,10.92,10.74,10.78,,2399500.0
2007-06-21,10.79,10.86,10.66,10.67,,2766800.0
2007-06-22,10.63,10.86,10.63,10.67,,4777000.0
2007-06-25,10.69,10.72,10.41,10.43,,4244700.0
2007-06-26,10.49,10.5,10.38,10.45,,3504400.0
2007-06-27,10.39,10.46,10.33,10.42,,2708700.0
2007-06-28,10.41,10.56,10.33,10.46,,3722600.0
2007-06-29,10.46,10.59,10.43,10.49,,2424700.0
2007-07-02,10.51,10.74,10.47,10.52,,4526000.0
2007-07-03,10.55,10.57,10.41,10.45,,2999700.0
2007-07-05,10.44,10.53,10.38,10.41,,3580300.0
2007-07-06,10.4,10.61,10.4,10.61,,3877200.0
2007-07-09,10.62,10.72,10.59,10.69,,4370000.0
2007-07-10,10.65,10.95,10.48,10.77,,7957700.0
2007-07-11,10.73,10.92,10.69,10.74,,6871800.0
2007-07-12,10.81,10.9,10.74,10.86,,4920500.0
2007-07-13,10.8,10.96,10.8,10.93,,8120600.0
2007-07-16,10.95,11.68,10.92,11.62,,10715600.0
2007-07-17,11.64,11.84,11.62,11.74,,6492900.0
2007-07-18,11.7,11.78,11.67,11.75,,3324400.0
2007-07-19,11.77,11.86,11.56,11.83,,2783800.0
2007-07-20,11.86,11.86,11.33,11.5,,4938900.0
2007-07-23,11.56,11.75,11.51,11.6,,4478000.0
2007-07-24,11.6,11.65,11.28,11.33,,2642700.0
2007-07-25,11.4,11.42,11.13,11.16,,2893400.0
2007-07-26,11.06,11.18,10.38,10.89,,5571800.0
2007-07-27,10.93,11.2,10.81,10.99,,6155500.0
2007-07-30,11.0,11.11,10.81,10.82,,3627300.0
2007-07-31,10.91,11.12,10.8,10.82,,4177200.0
2007-08-01,10.78,10.88,10.18,10.56,,8369300.0
2007-08-02,10.57,10.9,10.56,10.84,,6594500.0
2007-08-03,10.87,11.04,10.74,10.75,,3654900.0
2007-08-06,10.84,11.0,10.74,10.9,,4316200.0
2007-08-07,10.84,11.15,10.84,11.12,,6782800.0
2007-08-08,11.17,11.93,11.1,11.93,,8022700.0
2007-08-09,11.79,11.84,11.38,11.62,,7360300.0
2007-08-10,11.56,11.76,10.98,11.21,,5857300.0
2007-08-13,11.26,11.41,10.9,11.12,,2882300.0
2007-08-14,11.18,11.38,11.01,11.05,,2771700.0
2007-08-15,11.04,11.18,10.8,10.83,,2703200.0
2007-08-16,10.78,10.82,10.0,10.25,,4288400.0
2007-08-17,10.22,10.67,10.21,10.57,,5524800.0
2007-08-20,10.55,10.97,10.28,10.79,,3644100.0
2007-08-21,10.78,10.9,10.7,10.81,,2274200.0
2007-08-22,10.77,11.06,10.73,11.04,,3169000.0
2007-08-23,11.03,11.16,10.57,10.62,,2978600.0
2007-08-24,10.56,10.59,10.37,10.42,,3904200.0
2007-08-27,10.82,11.28,10.76,11.2,,5909900.0
2007-08-28,11.09,11.22,10.87,10.91,,4438700.0
2007-08-29,10.95,11.39,10.78,11.3,,2965800.0
2007-08-30,11.26,11.35,11.11,11.29,,2237400.0
2007-08-31,11.39,11.53,11.32,11.46,,2183600.0
2007-09-04,11.52,11.68,11.48,11.6,,2522600.0
2007-09-05,11.57,11.63,11.42,11.52,,2504400.0
2007-09-06,11.58,11.68,11.43,11.53,,2221400.0
2007-09-07,11.55,11.65,11.35,11.59,,2404000.0
2007-09-10,11.62,11.89,11.59,11.81,,2776400.0
2007-09-11,11.86,11.98,11.65,11.95,,2586800.0
2007-09-12,11.92,12.14,11.85,12.1,,3355100.0
2007-09-13,12.23,12.23,12.05,12.16,,3187800.0
2007-09-14,12.14,12.14,11.91,12.0,,6244800.0
2007-09-17,11.96,11.99,11.77,11.78,,3407700.0
2007-09-18,11.87,11.95,11.71,11.77,,6252000.0
2007-09-19,11.82,12.23,11.8,12.16,,6282800.0
2007-09-20,12.09,12.16,11.79,11.89,,2628300.0
2007-09-21,11.86,12.88,11.86,12.61,,8339200.0
2007-09-24,12.62,12.62,12.34,12.45,,3734500.0
2007-09-25,12.38,12.56,12.25,12.5,,7805700.0
2007-09-26,12.54,12.88,12.53,12.78,,4549600.0
2007-09-27,12.98,13.3,12.94,13.24,,5495100.0
2007-09-28,13.31,13.38,13.04,13.16,,4270000.0
2007-10-01,13.19,13.27,13.06,13.21,,3020000.0
2007-10-02,13.23,13.24,12.99,13.19,,2149400.0
2007-10-03,13.16,13.28,13.02,13.12,,2248000.0
2007-10-04,13.09,13.34,13.05,13.29,,2832000.0
2007-10-05,13.24,13.6,13.19,13.34,,4137100.0
2007-10-08,13.27,13.39,13.14,13.2,,1880300.0
2007-10-09,13.19,13.31,13.17,13.22,,2593800.0
2007-10-10,13.13,13.32,13.13,13.23,,3235300.0
2007-10-11,13.24,13.24,12.9,12.98,,3887000.0
2007-10-12,13.05,13.15,12.95,13.13,,2243100.0
2007-10-15,12.99,13.06,12.55,12.77,,4436900.0
2007-10-16,12.79,12.86,12.64,12.76,,2532700.0
2007-10-17,12.78,12.93,12.67,12.92,,3462300.0
2007-10-18,12.91,12.93,12.68,12.77,,4179800.0
2007-10-19,12.81,12.81,12.42,12.5,,2708700.0
2007-10-22,12.47,12.82,12.39,12.8,,2153300.0
2007-10-23,12.67,12.89,12.36,12.88,,2754700.0
2007-10-24,12.8,12.88,12.67,12.87,,2425500.0
2007-10-25,12.99,13.23,12.88,13.05,,3518100.0
2007-10-26,13.23,13.23,12.94,13.0,,13681800.0
2007-10-29,13.03,13.03,12.84,12.9,,2889500.0
2007-10-30,12.83,12.86,12.7,12.79,,3240000.0
2007-10-31,12.86,13.01,12.73,13.01,,2864500.0
2007-11-01,12.98,13.12,12.63,12.67,,2825300.0
2007-11-02,12.81,12.85,12.56,12.8,,3595000.0
2007-11-05,12.7,12.71,12.26,12.38,,10490300.0
2007-11-06,12.42,12.64,12.29,12.53,,3998900.0
2007-11-07,12.4,12.5,12.21,12.3,,4138500.0
2007-11-08,12.24,12.25,11.35,11.86,,15421000.0
2007-11-09,11.64,11.86,11.46,11.57,,5863800.0
2007-11-12,11.58,11.73,10.69,10.71,,5322600.0
2007-11-13,10.76,10.91,10.56,10.88,,4823400.0
2007-11-14,10.9,11.1,10.57,10.6,,3522400.0
2007-11-15,10.53,10.79,10.52,10.64,,3862100.0
2007-11-16,10.71,10.73,10.45,10.61,,3974700.0
2007-11-19,10.54,10.59,10.29,10.42,,4064900.0
2007-11-20,10.54,10.98,10.41,10.82,,6512100.0
2007-11-21,10.82,10.86,10.48,10.66,,3482900.0
2007-11-23,10.75,10.75,10.58,10.6,,1199400.0
2007-11-26,10.53,10.75,10.29,10.32,,3556300.0
2007-11-27,10.43,10.62,10.31,10.44,,3606000.0
2007-11-28,10.61,10.94,10.5,10.89,,5748500.0
2007-11-29,10.81,11.07,10.8,11.02,,5475700.0
2007-11-30,11.07,11.31,11.04,11.16,,4018700.0
2007-12-03,11.49,12.03,11.49,11.92,,4982900.0
2007-12-04,12.04,12.04,11.68,11.95,,5383900.0
2007-12-05,11.95,11.99,11.72,11.82,,3077600.0
2007-12-06,11.83,12.58,11.78,12.55,,3486600.0
2007-12-07,12.59,12.61,12.26,12.43,,4687000.0
2007-12-10,12.49,12.64,12.18,12.3,,6799000.0
2007-12-11,12.39,12.55,12.12,12.19,,4415200.0
2007-12-12,12.41,12.51,12.24,12.51,,3292800.0
2007-12-13,12.93,12.93,11.81,12.18,,8538800.0
2007-12-14,12.04,12.31,11.92,12.14,,3372700.0
2007-12-17,12.06,12.2,11.5,11.52,,4647100.0
2007-12-18,11.67,11.8,11.5,11.67,,3784600.0
2007-12-19,11.63,11.69,11.36,11.49,,2210600.0
2007-12-20,11.59,11.65,11.38,11.62,,2191300.0
2007-12-21,11.73,11.77,11.44,11.77,,3327900.0
2007-12-24,11.81,11.81,11.22,11.72,,717200.0
2007-12-26,11.83,11.83,11.6,11.73,,1011400.0
2007-12-27,11.67,11.76,11.42,11.45,,1490600.0
2007-12-28,11.41,11.53,11.29,11.43,,1687900.0
2007-12-31,11.35,11.51,11.3,11.47,,3516700.0
2008-01-02,11.4,11.64,11.21,11.31,,4189900.0
2008-01-03,11.18,11.52,11.18,11.49,,2918900.0
2008-01-04,11.46,11.55,11.06,11.15,,4118300.0
2008-01-07,11.16,11.29,11.02,11.16,,3209900.0
2008-01-08,11.21,11.23,11.0,11.04,,3459600.0
2008-01-09,11.01,11.26,10.74,10.97,,4612100.0
2008-01-10,11.01,11.03,10.75,10.95,,2377600.0
2008-01-11,10.95,11.08,10.84,10.96,,2084600.0
2008-01-14,10.99,11.29,10.96,11.27,,2435700.0
2008-01-15,11.12,11.35,11.06,11.08,,3331600.0
2008-01-16,11.22,11.62,11.1,11.41,,5477100.0
2008-01-17,11.42,11.58,11.18,11.19,,3993300.0
2008-01-18,11.61,11.61,10.56,10.66,,5200500.0
2008-01-22,10.4,10.6,10.15,10.46,,5275700.0
2008-01-23,10.52,10.71,10.2,10.63,,5267100.0
2008-01-24,10.65,10.98,10.43,10.94,,3999700.0
2008-01-25,11.06,11.24,10.83,10.86,,3605600.0
2008-01-28,10.97,11.26,10.9,11.11,,3325500.0
2008-01-29,11.19,11.36,10.89,10.93,,2998300.0
2008-01-30,10.91,10.91,10.66,10.67,,3800100.0
2008-01-31,10.59,10.64,10.49,10.59,,5093900.0
2008-02-01,10.67,11.07,10.54,10.66,,5789000.0
2008-02-04,10.68,10.72,10.62,10.66,,4924000.0
2008-02-05,10.44,10.46,10.03,10.08,,10219100.0
2008-02-06,10.17,10.22,9.73,10.15,,10877800.0
2008-02-07,10.12,10.36,9.96,10.28,,5131100.0
2008-02-08,10.15,10.41,9.97,10.07,,6580200.0
2008-02-11,10.07,10.11,9.75,9.91,,4974700.0
2008-02-12,9.96,10.11,9.81,9.96,,5329900.0
2008-02-13,10.03,10.43,9.97,10.4,,3461000.0
2008-02-14,10.4,10.45,10.24,10.31,,3096800.0
2008-02-15,10.23,10.43,10.01,10.38,,7525600.0
2008-02-19,10.57,10.76,10.36,10.4,,6013300.0
2008-02-20,10.38,10.38,10.15,10.32,,3961800.0
2008-02-21,10.34,10.35,9.95,9.98,,3445500.0
2008-02-22,10.17,10.48,10.07,10.48,,4093500.0
2008-02-25,10.5,10.72,10.45,10.65,,3240000.0
2008-02-26,10.56,10.79,10.56,10.62,,2419200.0
2008-02-27,10.56,10.77,10.56,10.74,,2971300.0
2008-02-28,10.62,10.85,10.58,10.63,,2763300.0
2008-02-29,10.46,10.46,10.17,10.3,,4529500.0
2008-03-03,10.3,10.51,10.3,10.49,,2940200.0
2008-03-04,10.35,10.4,9.96,10.11,,3585000.0
2008-03-05,10.18,10.44,10.1,10.11,,4967100.0
2008-03-06,10.16,10.26,9.73,9.75,,4707000.0
2008-03-07,9.7,9.79,9.44,9.49,,12494500.0
2008-03-10,9.54,9.54,9.12,9.12,,8227600.0
2008-03-11,9.16,9.6,8.93,9.6,,5774300.0
2008-03-12,9.98,10.0,9.59,9.6,,4655500.0
2008-03-13,9.44,9.75,9.26,9.67,,3550800.0
2008-03-14,9.51,9.81,9.22,9.43,,3283700.0
2008-03-17,9.24,9.34,9.03,9.23,,4097000.0
2008-03-18,9.36,9.42,9.12,9.42,,3714000.0
2008-03-19,9.7,9.7,9.35,9.35,,3007500.0
2008-03-20,9.62,9.62,9.29,9.43,,3163900.0
2008-03-24,9.44,9.79,9.4,9.76,,2670700.0
2008-03-25,9.75,9.98,9.69,9.97,,3392100.0
2008-03-26,9.9,10.0,9.63,9.73,,3554300.0
2008-03-27,9.57,9.81,9.48,9.56,,2461500.0
2008-03-28,9.67,9.72,9.11,9.18,,5612300.0
2008-03-31,9.59,9.69,9.37,9.68,,3906000.0
2008-04-01,9.74,10.02,9.72,9.93,,4081300.0
2008-04-02,9.97,9.97,9.74,9.83,,3794600.0
2008-04-03,9.99,9.99,9.64,9.77,,2234300.0
2008-04-04,9.82,9.96,9.73,9.91,,2027100.0
2008-04-07,9.72,10.31,9.72,10.17,,5696200.0
2008-04-08,10.11,10.19,9.97,10.04,,4076000.0
2008-04-09,10.04,10.08,9.94,10.04,,3502100.0
2008-04-10,10.28,10.28,9.93,10.13,,4287800.0
2008-04-11,10.26,10.26,9.83,9.89,,5259600.0
2008-04-14,9.82,10.01,9.81,9.84,,2440200.0
2008-04-15,9.88,9.88,9.72,9.82,,2052300.0
2008-04-16,9.85,9.97,9.84,9.9,,2741200.0
2008-04-17,9.92,10.13,9.92,9.99,,2191600.0
2008-04-18,10.18,10.55,10.11,10.39,,5963800.0
2008-04-21,10.32,10.37,10.21,10.32,,3145500.0
2008-04-22,10.34,10.34,10.08,10.14,,3371300.0
2008-04-23,10.22,10.24,10.06,10.17,,2908300.0
2008-04-24,10.2,10.5,10.04,10.38,,5827800.0
2008-04-25,10.36,10.42,10.04,10.14,,3036500.0
2008-04-28,10.44,10.49,10.11,10.15,,4621100.0
2008-04-29,10.09,10.57,10.06,10.48,,6983800.0
2008-04-30,10.48,10.71,10.48,10.57,,4140000.0
2008-05-01,10.49,11.13,10.49,11.11,,6703500.0
2008-05-02,11.15,11.18,10.83,11.11,,4691900.0
2008-05-05,11.1,11.1,10.56,10.71,,6043600.0
2008-05-06,10.68,10.92,10.68,10.89,,4233600.0
2008-05-07,10.9,10.95,10.63,10.68,,2882300.0
2008-05-08,10.85,11.84,10.85,11.75,,10107500.0
2008-05-09,11.51,12.14,11.46,12.1,,5605200.0
2008-05-12,12.1,12.1,11.52,11.73,,5863600.0
2008-05-13,11.74,11.94,11.65,11.89,,3472300.0
2008-05-14,11.93,12.04,11.79,11.83,,3507100.0
2008-05-15,11.8,12.18,11.68,12.09,,2799100.0
2008-05-16,12.15,12.15,11.72,11.87,,3634700.0
2008-05-19,11.79,11.94,11.7,11.78,,2431800.0
2008-05-20,11.7,11.91,11.55,11.63,,1895000.0
2008-05-21,11.66,11.9,11.18,11.73,,7501400.0
2008-05-22,11.73,11.88,11.57,11.87,,3315500.0
2008-05-23,11.69,11.77,11.46,11.59,,2129800.0
2008-05-27,11.65,11.81,11.49,11.8,,2633500.0
2008-05-28,11.79,11.97,11.66,11.77,,5109300.0
2008-05-29,11.74,11.77,11.47,11.63,,3840200.0
2008-05-30,11.6,11.99,11.46,11.95,,4814600.0
2008-06-02,11.97,12.04,11.62,11.84,,5253000.0
2008-06-03,11.91,11.99,11.74,11.84,,3738300.0
2008-06-04,11.78,12.24,11.73,12.06,,7015100.0
2008-06-05,12.0,12.11,11.89,12.04,,5578200.0
2008-06-06,11.92,12.04,11.7,11.7,,4995400.0
2008-06-09,11.75,11.81,11.51,11.77,,4792500.0
2008-06-10,11.6,11.73,11.32,11.38,,5571800.0
2008-06-11,11.41,11.47,11.22,11.24,,4945100.0
2008-06-12,11.31,11.66,11.25,11.4,,7125800.0
2008-06-13,11.41,11.66,11.31,11.56,,8144300.0
2008-06-16,11.47,11.77,11.44,11.75,,2997500.0
2008-06-17,11.73,11.99,11.69,11.95,,5835200.0
2008-06-18,11.94,11.94,11.53,11.62,,3844900.0
2008-06-19,11.62,11.73,11.35,11.56,,3183600.0
2008-06-20,11.42,11.52,11.11,11.17,,6503100.0
2008-06-23,11.16,11.33,10.78,10.8,,6021700.0
2008-06-24,10.77,10.81,10.38,10.69,,6506200.0
2008-06-25,10.76,11.05,10.61,10.9,,3418500.0
2008-06-26,10.66,10.73,10.33,10.36,,5631700.0
2008-06-27,10.39,10.53,10.2,10.21,,9101600.0
2008-06-30,10.18,10.27,9.99,10.02,,5933600.0
2008-07-01,10.02,10.04,9.65,9.75,,9299500.0
2008-07-02,9.89,10.0,9.57,9.57,,6345200.0
2008-07-03,9.59,9.73,9.45,9.54,,3160400.0
2008-07-07,9.56,9.64,9.19,9.3,,5760600.0
2008-07-08,9.32,9.46,9.25,9.36,,5162200.0
2008-07-09,9.32,9.44,9.21,9.37,,10122800.0
2008-07-10,9.41,9.49,9.28,9.46,,5528900.0
2008-07-11,9.4,9.54,9.27,9.42,,5391700.0
2008-07-14,9.44,9.73,9.42,9.65,,6119500.0
2008-07-15,9.5,9.79,9.44,9.66,,7079600.0
2008-07-16,9.8,9.89,9.57,9.79,,6460800.0
2008-07-17,9.84,9.92,9.57,9.68,,5869400.0
2008-07-18,9.72,9.86,9.65,9.71,,3703400.0
2008-07-21,9.77,9.77,9.63,9.69,,3086400.0
2008-07-22,9.77,9.93,9.58,9.71,,4147700.0
2008-07-23,9.7,10.02,9.59,9.9,,2711800.0
2008-07-24,9.54,9.77,9.5,9.55,,4088400.0
2008-07-25,9.65,9.73,9.57,9.65,,2117100.0
2008-07-28,9.58,9.67,9.26,9.31,,3221800.0
2008-07-29,9.35,9.69,9.35,9.61,,3129000.0
2008-07-30,9.77,9.8,9.07,9.23,,7273800.0
2008-07-31,9.09,9.33,8.85,9.07,,7418000.0
2008-08-01,9.18,9.36,8.65,8.69,,10595200.0
2008-08-04,8.67,8.72,8.1,8.44,,15380300.0
2008-08-05,8.44,8.6,8.37,8.56,,10259000.0
2008-08-06,8.59,8.71,8.39,8.57,,6666700.0
2008-08-07,8.5,8.67,8.22,8.25,,13371400.0
2008-08-08,8.31,8.41,8.24,8.39,,14418000.0
2008-08-11,8.45,8.95,8.45,8.91,,11126900.0
2008-08-12,8.95,8.95,8.71,8.86,,8765800.0
2008-08-13,8.78,9.11,8.78,9.01,,6766700.0
2008-08-14,8.95,9.33,8.95,9.27,,7171800.0
2008-08-15,9.3,9.42,9.12,9.37,,5762400.0
2008-08-18,9.26,9.37,8.92,8.97,,5854400.0
2008-08-19,9.01,9.09,8.84,9.01,,7014300.0
2008-08-20,8.97,9.09,8.86,9.01,,4160400.0
2008-08-21,8.91,8.96,8.73,8.9,,4085000.0
2008-08-22,8.93,9.18,8.9,9.17,,3663300.0
2008-08-25,9.07,9.15,8.8,8.85,,4016000.0
2008-08-26,8.86,8.98,8.8,8.9,,6419900.0
2008-08-27,8.79,8.99,8.77,8.88,,4129500.0
2008-08-28,8.96,9.3,8.92,9.26,,5168800.0
2008-08-29,9.28,9.3,9.07,9.23,,3044100.0
2008-09-02,9.38,9.63,9.06,9.09,,4992700.0
2008-09-03,9.08,9.29,9.01,9.2,,5521700.0
2008-09-04,9.11,9.26,8.86,8.86,,4536300.0
2008-09-05,8.86,8.99,8.71,8.91,,4058800.0
2008-09-08,8.84,9.47,8.62,8.99,,4396400.0
2008-09-09,8.96,9.0,8.71,8.71,,4141000.0
2008-09-10,8.84,8.84,8.36,8.51,,10622600.0
2008-09-11,8.37,8.69,8.36,8.67,,5635000.0
2008-09-12,8.62,8.91,8.42,8.87,,6096300.0
2008-09-15,8.57,8.91,8.49,8.51,,5986100.0
2008-09-16,8.48,8.98,8.36,8.84,,10090300.0
2008-09-17,8.63,8.68,8.34,8.35,,7407000.0
2008-09-18,9.37,10.78,7.08,7.08,,11177000.0
2008-09-19,8.86,8.86,8.86,8.86,,5476300.0
2008-09-22,8.45,8.76,8.13,8.59,,4948900.0
2008-09-23,8.88,8.88,8.33,8.58,,4252800.0
2008-09-24,8.75,8.83,8.33,8.5,,1641100.0
2008-09-25,8.49,8.58,7.95,8.33,,4083100.0
2008-09-26,8.04,8.39,8.03,8.3,,3082500.0
2008-09-29,8.06,8.13,6.96,7.47,,5207800.0
2008-09-30,7.53,7.64,7.15,7.3,,6460600.0
2008-10-01,7.24,7.53,7.01,7.44,,3241200.0
2008-10-02,7.3,7.44,7.08,7.17,,3665100.0
2008-10-03,7.25,7.25,6.58,6.7,,5277600.0
2008-10-06,6.46,6.6,5.96,6.52,,4498800.0
2008-10-07,6.66,6.86,6.05,6.17,,5050200.0
2008-10-08,5.94,6.19,5.69,5.99,,6828600.0
2008-10-09,5.69,6.39,5.53,5.91,,6346200.0
2008-10-10,5.68,6.37,5.44,5.7,,5802500.0
2008-10-13,5.92,6.71,5.64,6.69,,3433400.0
2008-10-14,6.55,7.09,6.55,7.02,,6367100.0
2008-10-15,6.73,7.29,6.28,6.3,,2966200.0
2008-10-16,6.2,7.08,5.24,6.41,,4324200.0
2008-10-17,6.16,6.77,5.64,6.59,,2914000.0
2008-10-20,6.61,6.97,6.46,6.97,,2129400.0
2008-10-21,6.88,7.06,6.6,6.81,,2658000.0
2008-10-22,6.79,6.83,6.3,6.46,,2897700.0
2008-10-23,6.46,6.58,5.82,6.16,,3130600.0
2008-10-24,5.74,5.88,5.13,5.26,,4686200.0
2008-10-27,5.4,5.51,5.29,5.33,,4553700.0
2008-10-28,5.34,5.77,5.22,5.77,,2408700.0
2008-10-29,5.64,6.52,5.46,6.33,,6681800.0
2008-10-30,6.51,6.73,6.31,6.73,,3307300.0
2008-10-31,6.66,7.36,6.66,6.99,,6126800.0
2008-11-03,6.76,7.11,6.71,6.92,,4050800.0
2008-11-04,7.09,7.5,6.83,7.2,,6177300.0
2008-11-05,7.14,7.3,6.94,7.03,,4583300.0
2008-11-06,7.03,7.03,6.19,6.19,,3205200.0
2008-11-07,6.41,7.53,6.41,7.22,,10184400.0
2008-11-10,7.52,7.68,7.11,7.21,,3505800.0
2008-11-11,7.11,7.13,6.46,6.97,,3398500.0
2008-11-12,6.8,6.93,5.97,6.16,,10120200.0
2008-11-13,6.31,6.94,6.05,6.94,,5972200.0
2008-11-14,6.89,7.45,6.75,7.13,,4856900.0
2008-11-17,7.37,7.37,6.84,6.87,,5391900.0
2008-11-18,6.91,6.98,6.16,6.4,,5078800.0
2008-11-19,6.54,6.79,6.29,6.33,,5050600.0
2008-11-20,6.17,6.59,5.97,6.1,,6816400.0
2008-11-21,6.21,6.59,5.79,6.58,,6704700.0
2008-11-24,7.03,7.03,6.43,6.98,,3938300.0
2008-11-25,7.12,7.12,6.49,6.79,,4300700.0
2008-11-26,6.69,7.33,6.67,7.25,,2200600.0
2008-11-28,7.15,7.83,7.02,7.68,,1602600.0
2008-12-01,7.32,7.41,6.78,6.78,,2944700.0
2008-12-02,6.75,7.18,6.67,7.02,,3695000.0
2008-12-03,6.84,7.17,6.76,7.1,,3282500.0
2008-12-04,6.92,7.16,6.37,6.57,,4670200.0
2008-12-05,6.61,7.08,6.38,7.06,,4676100.0
2008-12-08,7.3,7.76,7.23,7.66,,6369400.0
2008-12-09,7.81,7.81,6.96,7.18,,8903000.0
2008-12-10,7.17,7.48,6.9,7.04,,8295900.0
2008-12-11,6.95,7.05,6.6,6.64,,7323300.0
2008-12-12,6.53,6.93,6.53,6.7,,5269400.0
2008-12-15,6.8,6.9,6.5,6.63,,3721200.0
2008-12-16,6.7,6.89,6.55,6.73,,5754900.0
2008-12-17,6.68,6.95,6.56,6.9,,10228300.0
2008-12-18,7.04,7.2,6.85,7.12,,9071900.0
2008-12-19,7.34,7.44,6.72,7.2,,10872900.0
2008-12-22,7.24,7.41,6.85,7.0,,2650200.0
2008-12-23,6.85,7.13,6.8,6.98,,1587700.0
2008-12-24,7.01,7.1,6.96,7.01,,574600.0
2008-12-26,7.1,7.1,6.9,7.01,,1118200.0
2008-12-29,7.08,7.12,6.81,6.95,,1892000.0
2008-12-30,6.92,7.1,6.92,7.09,,2158000.0
2008-12-31,7.04,7.29,6.97,7.25,,3263300.0
2009-01-02,7.24,7.57,7.21,7.51,,2796600.0
2009-01-05,7.45,7.74,7.36,7.58,,3985200.0
2009-01-06,7.63,7.74,7.47,7.68,,3476600.0
2009-01-07,7.39,7.67,7.33,7.46,,2390300.0
2009-01-08,7.31,7.74,7.18,7.73,,3765500.0
2009-01-09,7.66,7.78,7.43,7.56,,2763700.0
2009-01-12,7.52,7.63,7.41,7.47,,3226900.0
2009-01-13,7.54,7.81,7.54,7.68,,4343400.0
2009-01-14,7.57,7.68,7.35,7.56,,3394800.0
2009-01-15,7.45,7.71,7.19,7.54,,3219900.0
2009-01-16,7.68,7.88,7.28,7.56,,4213000.0
2009-01-20,7.53,7.53,6.99,7.0,,3508100.0
2009-01-21,7.17,7.47,7.17,7.37,,3696000.0
2009-01-22,7.31,7.65,7.27,7.48,,3519900.0
2009-01-23,7.36,7.62,7.36,7.53,,3160600.0
2009-01-26,7.61,7.64,7.32,7.46,,4085200.0
2009-01-27,7.56,7.68,7.4,7.62,,1813200.0
2009-01-28,7.57,7.75,7.57,7.66,,3056600.0
2009-01-29,7.61,7.63,7.34,7.38,,1788500.0
2009-01-30,7.61,7.71,7.26,7.43,,2942000.0
2009-02-02,7.34,7.54,7.15,7.45,,2136800.0
2009-02-03,7.47,7.56,7.25,7.5,,2165200.0
2009-02-04,7.53,7.63,7.01,7.04,,6455600.0
2009-02-05,6.96,7.04,6.8,6.93,,5552600.0
2009-02-06,6.96,7.23,6.91,7.14,,3454700.0
2009-02-09,7.09,7.24,7.02,7.2,,3407900.0
2009-02-10,7.11,7.2,6.93,7.0,,2604600.0
2009-02-11,7.02,7.19,6.99,7.07,,2351500.0
2009-02-12,6.98,7.25,6.95,7.14,,3440400.0
2009-02-13,7.18,7.24,7.14,7.16,,1929800.0
2009-02-17,6.94,7.11,6.77,6.91,,3028700.0
2009-02-18,6.95,7.02,6.68,6.7,,2240200.0
2009-02-19,6.8,6.86,6.69,6.72,,3507500.0
2009-02-20,6.65,6.67,6.38,6.5,,2605700.0
2009-02-23,6.5,6.7,6.48,6.51,,3780700.0
2009-02-24,6.43,6.9,6.43,6.79,,6200600.0
2009-02-25,7.55,7.85,7.35,7.65,,12246100.0
2009-02-26,7.8,7.94,7.56,7.56,,4623600.0
2009-02-27,7.53,7.99,7.53,7.95,,6210700.0
2009-03-02,7.84,8.09,7.75,7.82,,4942800.0
2009-03-03,7.92,8.08,7.86,8.02,,5311500.0
2009-03-04,8.12,8.16,7.79,7.92,,4722000.0
2009-03-05,7.82,8.02,7.72,7.79,,4756900.0
2009-03-06,7.86,7.94,7.52,7.75,,7874800.0
2009-03-09,7.71,7.83,7.38,7.42,,3668400.0
2009-03-10,7.59,7.87,7.56,7.86,,3593400.0
2009-03-11,7.91,8.04,7.78,7.92,,2763700.0
2009-03-12,7.93,8.59,7.83,8.48,,5420500.0
2009-03-13,8.52,8.7,8.35,8.67,,4655100.0
2009-03-16,8.74,8.77,8.5,8.54,,2197500.0
2009-03-17,8.52,8.61,8.39,8.59,,2424300.0
2009-03-18,8.62,8.86,8.53,8.79,,3100300.0
2009-03-19,8.77,8.77,8.28,8.34,,3882500.0
2009-03-20,8.41,8.49,8.1,8.13,,2474800.0
2009-03-23,8.2,8.56,8.13,8.5,,5454600.0
2009-03-24,8.37,8.51,8.24,8.26,,2654900.0
2009-03-25,8.26,8.33,8.05,8.32,,3766100.0
2009-03-26,8.37,8.54,8.29,8.46,,3288200.0
2009-03-27,8.33,8.39,8.03,8.26,,2787000.0
2009-03-30,8.15,8.21,7.85,8.19,,3286000.0
2009-03-31,8.22,8.39,8.12,8.21,,3024200.0
2009-04-01,8.22,8.79,8.2,8.74,,5979600.0
2009-04-02,8.91,9.25,8.9,9.12,,4924400.0
2009-04-03,9.2,9.25,8.93,9.24,,5530100.0
2009-04-06,9.04,9.16,8.92,9.14,,3063700.0
2009-04-07,8.75,8.8,8.51,8.59,,5633400.0
2009-04-08,8.62,8.91,8.53,8.81,,3331200.0
2009-04-09,9.19,9.24,9.1,9.2,,4699100.0
2009-04-13,9.16,9.2,8.96,9.05,,3209900.0
2009-04-14,9.02,9.07,8.69,8.69,,3731600.0
2009-04-15,8.67,8.93,8.59,8.68,,2833100.0
2009-04-16,8.8,9.2,8.69,9.11,,2284800.0
2009-04-17,9.09,9.41,9.0,9.35,,5012700.0
2009-04-20,9.38,9.39,9.0,9.05,,3334500.0
2009-04-21,8.97,9.38,8.91,9.38,,2928700.0
2009-04-22,9.3,9.66,9.23,9.47,,5174300.0
2009-04-23,9.5,9.51,9.03,9.13,,4379000.0
2009-04-24,9.22,9.39,9.04,9.33,,3530400.0
2009-04-27,9.12,9.67,9.11,9.41,,4805600.0
2009-04-28,9.42,9.49,9.22,9.34,,2487000.0
2009-04-29,9.61,10.05,9.58,9.87,,5970400.0
2009-04-30,10.12,10.19,9.66,9.73,,3238100.0
2009-05-01,9.75,9.75,9.23,9.53,,4819500.0
2009-05-04,9.85,10.49,9.68,10.35,,5620500.0
2009-05-05,10.23,10.94,10.05,10.89,,5930700.0
2009-05-06,10.76,11.0,10.65,10.76,,4461400.0
2009-05-07,10.8,10.8,10.2,10.29,,3953900.0
2009-05-08,10.24,10.48,10.1,10.38,,3288200.0
2009-05-11,10.26,10.61,10.16,10.37,,2949400.0
2009-05-12,10.6,10.61,9.82,10.02,,3006500.0
2009-05-13,9.99,9.99,9.72,9.82,,2202600.0
2009-05-14,9.76,10.01,9.73,9.89,,2088500.0
2009-05-15,9.88,10.16,9.83,9.88,,1740600.0
2009-05-18,9.87,10.28,9.72,10.28,,2458200.0
2009-05-19,10.18,10.63,10.18,10.54,,3904600.0
2009-05-20,10.7,11.36,10.67,11.18,,7582200.0
2009-05-21,11.01,11.07,10.66,10.97,,6011100.0
2009-05-22,11.2,11.25,11.02,11.18,,2321000.0
2009-05-26,11.32,11.4,11.1,11.4,,4298000.0
2009-05-27,11.08,11.38,11.08,11.2,,3798700.0
2009-05-28,11.31,11.4,10.95,11.28,,3007900.0
2009-05-29,11.43,11.52,11.27,11.5,,4210700.0
2009-06-01,11.56,11.78,11.31,11.48,,5081900.0
2009-06-02,11.61,11.61,11.21,11.49,,5069800.0
2009-06-03,11.68,11.68,11.35,11.53,,3565800.0
2009-06-04,11.65,11.65,11.37,11.41,,3956900.0
2009-06-05,11.58,11.89,11.33,11.79,,4290100.0
2009-06-08,11.78,11.99,11.59,11.91,,1591600.0
2009-06-09,11.98,12.13,11.74,12.07,,3570900.0
2009-06-10,12.2,12.34,11.62,11.78,,2745500.0
2009-06-11,11.67,11.77,11.47,11.61,,2102400.0
2009-06-12,11.5,11.61,11.13,11.33,,3180900.0
2009-06-15,11.27,11.28,10.84,11.13,,3133900.0
2009-06-16,11.22,11.27,10.66,10.75,,2269500.0
2009-06-17,10.61,10.89,10.51,10.83,,2489700.0
2009-06-18,10.91,11.01,10.78,10.85,,1806300.0
2009-06-19,10.89,10.96,10.6,10.71,,3438300.0
2009-06-22,10.57,10.71,10.3,10.4,,2860400.0
2009-06-23,10.35,10.55,10.18,10.29,,2420200.0
2009-06-24,10.31,11.03,10.31,10.55,,3469400.0
2009-06-25,10.59,10.84,10.53,10.77,,3862500.0
2009-06-26,10.82,11.19,10.74,11.14,,8879100.0
2009-06-29,11.2,11.39,11.14,11.37,,2502600.0
2009-06-30,11.6,11.6,11.34,11.53,,5665300.0
2009-07-01,11.58,11.97,11.48,11.78,,2902000.0
2009-07-02,11.73,11.86,11.28,11.31,,3423200.0
2009-07-06,11.29,11.31,11.1,11.24,,3634900.0
2009-07-07,11.29,11.38,11.12,11.18,,4564300.0
2009-07-08,11.25,11.32,10.97,11.19,,3331800.0
2009-07-09,11.33,11.62,11.27,11.5,,3705800.0
2009-07-10,11.52,11.73,11.3,11.5,,3661400.0
2009-07-13,11.48,11.55,11.18,11.47,,1974600.0
2009-07-14,11.39,11.84,11.3,11.74,,3230200.0
2009-07-15,11.81,12.24,11.78,12.08,,3466000.0
2009-07-16,12.1,12.19,11.78,12.1,,2304400.0
2009-07-17,12.02,12.1,11.86,11.96,,1486500.0
2009-07-20,11.83,12.31,11.78,12.29,,2606700.0
2009-07-21,12.3,12.3,12.1,12.25,,1579300.0
2009-07-22,12.24,12.3,12.06,12.23,,2426300.0
2009-07-23,12.22,12.41,12.04,12.31,,5398800.0
2009-07-24,12.35,12.46,12.15,12.29,,1241300.0
2009-07-27,12.33,12.33,12.03,12.33,,1528600.0
2009-07-28,12.24,12.53,12.17,12.5,,2598900.0
2009-07-29,12.5,12.57,12.32,12.35,,1881900.0
2009-07-30,12.55,12.64,12.39,12.49,,3491700.0
2009-07-31,12.51,12.61,12.45,12.55,,2751000.0
2009-08-03,12.55,13.05,12.45,13.01,,5539100.0
2009-08-04,13.05,13.13,12.64,12.8,,6515800.0
2009-08-05,12.91,12.98,12.56,12.77,,2841200.0
2009-08-06,12.9,13.12,12.68,12.75,,2777800.0
2009-08-07,12.81,13.2,12.65,13.17,,2786000.0
2009-08-10,13.19,13.32,12.91,13.04,,2002200.0
2009-08-11,13.12,13.17,12.71,12.81,,2618100.0
2009-08-12,12.96,13.13,12.8,12.87,,2226100.0
2009-08-13,12.86,12.88,12.61,12.7,,3929300.0
2009-08-14,12.75,12.85,12.38,12.69,,2661300.0
2009-08-17,12.49,12.63,12.36,12.44,,1844900.0
2009-08-18,12.44,12.71,12.42,12.62,,1476000.0
2009-08-19,12.44,12.84,12.42,12.77,,3073300.0
2009-08-20,12.64,12.94,12.57,12.88,,1884400.0
2009-08-21,12.84,13.16,12.81,13.13,,2599500.0
2009-08-24,13.13,13.36,13.03,13.24,,2294400.0
2009-08-25,13.36,13.84,13.28,13.68,,5293100.0
2009-08-26,13.66,13.76,13.48,13.75,,3392700.0
2009-08-27,13.71,13.71,13.24,13.51,,3363500.0
2009-08-28,13.67,13.67,13.05,13.25,,4710300.0
2009-08-31,13.27,13.44,13.17,13.28,,4409500.0
2009-09-01,13.19,13.56,13.08,13.08,,3607500.0
2009-09-02,13.16,13.19,12.93,13.09,,1797100.0
2009-09-03,13.2,13.26,13.05,13.17,,2163900.0
2009-09-04,13.24,13.39,13.12,13.37,,2816100.0
2009-09-08,13.57,13.67,13.42,13.65,,1900400.0
2009-09-09,13.71,13.98,13.54,13.92,,2970900.0
2009-09-10,13.98,14.58,13.95,14.56,,3965900.0
2009-09-11,14.59,14.69,14.36,14.52,,2053900.0
2009-09-14,14.52,14.58,14.33,14.52,,2174000.0
2009-09-15,14.6,14.81,14.45,14.79,,2245500.0
2009-09-16,14.95,15.24,14.69,15.08,,3163900.0
2009-09-17,14.97,15.13,14.88,14.99,,3519300.0
2009-09-18,14.95,15.25,14.89,15.16,,4846900.0
2009-09-21,15.15,15.29,14.99,15.06,,4374300.0
2009-09-22,15.16,15.24,15.05,15.14,,2101400.0
2009-09-23,15.11,15.19,14.79,14.79,,2329600.0
2009-09-24,14.79,14.79,14.47,14.57,,1896700.0
2009-09-25,14.49,14.55,14.18,14.19,,2721200.0
2009-09-28,14.21,14.59,14.2,14.51,,1801400.0
2009-09-29,14.45,14.78,14.45,14.54,,1939400.0
2009-09-30,14.69,14.92,14.58,14.8,,3264100.0
2009-10-01,14.94,15.31,14.74,14.81,,7432900.0
2009-10-02,14.8,14.9,14.6,14.87,,4356300.0
2009-10-05,15.05,15.16,14.91,15.08,,3044300.0
2009-10-06,15.1,15.54,15.04,15.42,,3157000.0
2009-10-07,15.46,15.51,15.28,15.48,,2640000.0
2009-10-08,15.64,15.94,15.49,15.84,,5070800.0
2009-10-09,15.88,15.88,15.51,15.65,,1999900.0
2009-10-12,15.7,15.78,15.44,15.5,,1028200.0
2009-10-13,15.47,15.53,15.31,15.4,,1750100.0
2009-10-14,15.53,15.61,15.34,15.56,,3455900.0
2009-10-15,15.56,15.56,15.29,15.37,,3098100.0
2009-10-16,15.33,15.54,15.2,15.43,,4543400.0
2009-10-19,15.46,15.91,15.33,15.82,,4001700.0
2009-10-20,15.96,16.06,15.73,15.78,,4025700.0
2009-10-21,15.66,15.8,15.22,15.24,,2916900.0
2009-10-22,15.57,15.58,15.16,15.25,,3389100.0
2009-10-23,15.25,15.32,15.06,15.24,,3304200.0
2009-10-26,15.23,15.45,15.15,15.23,,4149800.0
2009-10-27,15.29,15.33,14.85,14.88,,1296100.0
2009-10-28,14.54,14.73,14.28,14.33,,2844500.0
2009-10-29,14.28,14.75,14.23,14.71,,3319300.0
2009-10-30,14.7,14.74,14.01,14.09,,3355500.0
2009-11-02,14.0,14.51,13.86,13.98,,6384300.0
2009-11-03,13.96,14.36,13.65,14.35,,5676300.0
2009-11-04,14.61,15.24,14.53,14.59,,8431300.0
2009-11-05,14.59,15.19,14.51,15.19,,3793600.0
2009-11-06,15.06,15.41,14.96,15.41,,3396800.0
2009-11-09,15.42,15.79,15.32,15.77,,3217700.0
2009-11-10,15.66,15.81,15.46,15.58,,2200600.0
2009-11-11,15.73,15.84,15.51,15.54,,2237200.0
2009-11-12,15.56,15.76,15.38,15.43,,2222800.0
2009-11-13,15.43,15.68,15.37,15.66,,2990700.0
2009-11-16,15.67,16.18,15.66,16.17,,2192800.0
2009-11-17,16.13,16.33,16.03,16.33,,2288100.0
2009-11-18,16.27,16.39,16.08,16.12,,1989100.0
2009-11-19,16.06,16.08,15.71,15.94,,1663300.0
2009-11-20,15.77,16.09,15.62,15.96,,2316500.0
2009-11-23,16.33,16.6,16.04,16.21,,2125900.0
2009-11-24,16.3,16.37,16.03,16.37,,2214900.0
2009-11-25,16.35,16.36,16.18,16.32,,2166600.0
2009-11-27,15.87,16.24,15.8,16.17,,675900.0
2009-11-30,16.25,16.41,16.1,16.37,,3169600.0
2009-12-01,16.55,16.71,16.49,16.59,,4317500.0
2009-12-02,16.65,16.75,16.5,16.59,,3594200.0
2009-12-03,16.7,16.72,16.17,16.18,,2805600.0
2009-12-04,16.46,16.46,15.93,16.08,,3099900.0
2009-12-07,16.08,16.34,16.04,16.12,,2273600.0
2009-12-08,16.12,16.14,15.88,15.9,,1751900.0
2009-12-09,15.86,15.93,15.71,15.73,,2132700.0
2009-12-10,15.7,16.28,15.66,16.25,,2600500.0
2009-12-11,16.29,16.42,16.19,16.36,,2207100.0
2009-12-14,16.4,16.42,16.02,16.27,,5389800.0
2009-12-15,16.41,16.41,16.11,16.23,,2453100.0
2009-12-16,16.32,16.38,16.07,16.1,,2129400.0
2009-12-17,15.92,16.33,15.88,16.15,,2551300.0
2009-12-18,16.16,16.23,15.96,16.13,,2713400.0
2009-12-21,16.26,16.36,16.17,16.24,,1679700.0
2009-12-22,16.24,16.24,16.06,16.12,,1674800.0
2009-12-23,16.11,16.14,15.81,15.83,,2319400.0
2009-12-24,15.95,15.98,15.83,15.94,,346600.0
2009-12-28,16.01,16.14,15.87,15.91,,1151500.0
2009-12-29,15.93,16.06,15.92,15.96,,747000.0
2009-12-30,15.9,15.99,15.58,15.76,,1711800.0
2009-12-31,15.86,15.88,15.69,15.71,,756800.0
2010-01-04,15.74,16.01,15.72,15.88,,2844100.0
2010-01-05,15.94,16.58,15.88,16.51,,3193000.0
2010-01-06,16.65,16.8,16.45,16.75,,3873100.0
2010-01-07,16.72,16.9,16.67,16.74,,2506500.0
2010-01-08,16.7,16.89,16.63,16.79,,2448600.0
2010-01-11,16.83,16.89,16.66,16.74,,2361500.0
2010-01-12,16.7,16.73,16.28,16.29,,2803600.0
2010-01-13,16.27,16.45,16.03,16.39,,2359200.0
2010-01-14,16.27,16.53,16.22,16.26,,1634300.0
2010-01-15,16.69,16.92,16.52,16.61,,4101500.0
2010-01-19,16.53,16.64,16.46,16.6,,1991800.0
2010-01-20,16.48,16.57,16.35,16.47,,1887700.0
2010-01-21,16.56,16.66,16.05,16.3,,2357000.0
2010-01-22,16.26,16.37,15.82,15.83,,2014900.0
2010-01-25,15.9,16.03,15.69,15.79,,1784200.0
2010-01-26,15.82,15.85,15.62,15.78,,1652300.0
2010-01-27,15.68,15.78,15.17,15.48,,2487300.0
2010-01-28,15.45,15.62,15.23,15.51,,2016100.0
2010-01-29,15.6,15.61,15.17,15.2,,2745900.0
2010-02-01,15.35,15.44,15.16,15.26,,2543900.0
2010-02-02,15.23,15.33,15.02,15.12,,3919900.0
2010-02-03,15.12,15.14,15.01,15.04,,4838300.0
2010-02-04,14.92,14.96,14.62,14.66,,3915400.0
2010-02-05,14.62,14.62,14.19,14.58,,4797800.0
2010-02-08,14.65,14.77,14.56,14.61,,3946300.0
2010-02-09,14.68,15.04,14.68,15.0,,5386400.0
2010-02-10,14.46,14.67,14.27,14.28,,8053400.0
2010-02-11,14.25,14.43,14.19,14.35,,6643200.0
2010-02-12,14.33,14.72,14.19,14.7,,5311700.0
2010-02-16,14.6,14.89,14.55,14.83,,2650800.0
2010-02-17,15.79,16.29,15.72,16.08,,19702300.0
2010-02-18,15.99,16.34,15.97,16.19,,4298000.0
2010-02-19,16.16,16.6,16.1,16.4,,5625200.0
2010-02-22,16.52,16.73,16.41,16.44,,6083700.0
2010-02-23,16.1,16.6,16.03,16.43,,11183100.0
2010-02-24,16.52,16.52,16.19,16.39,,9144700.0
2010-02-25,16.3,16.31,15.96,16.08,,14534100.0
2010-02-26,16.18,16.18,15.85,15.96,,119175800.0
2010-03-01,15.92,15.98,15.78,15.83,,15196900.0
2010-03-02,15.91,15.93,15.73,15.75,,11565100.0
2010-03-03,15.89,15.89,15.68,15.68,,6157700.0
2010-03-04,15.67,16.09,15.63,15.92,,6135800.0
2010-03-05,16.07,16.19,15.95,16.16,,5055700.0
2010-03-08,16.16,16.32,16.07,16.23,,4766500.0
2010-03-09,15.88,16.39,15.83,16.35,,3898300.0
2010-03-10,16.25,16.5,16.03,16.34,,4785600.0
2010-03-11,16.24,16.57,16.15,16.54,,3698300.0
2010-03-12,16.56,16.65,16.38,16.62,,5096800.0
2010-03-15,16.65,16.67,16.47,16.59,,3764500.0
2010-03-16,16.53,16.66,16.47,16.62,,2881300.0
2010-03-17,16.6,16.81,16.5,16.69,,2462100.0
2010-03-18,16.74,16.76,16.59,16.68,,1920200.0
2010-03-19,16.8,16.92,16.55,16.65,,4454500.0
2010-03-22,16.63,17.05,16.49,17.0,,3696600.0
2010-03-23,16.99,17.11,16.9,17.09,,4728900.0
2010-03-24,16.95,17.21,16.93,17.14,,4051200.0
2010-03-25,17.18,17.36,17.03,17.11,,3922800.0
2010-03-26,17.34,17.34,17.08,17.21,,3761200.0
2010-03-29,17.35,17.53,17.12,17.21,,3097000.0
2010-03-30,17.22,17.6,17.09,17.54,,4696800.0
2010-03-31,17.39,17.44,17.25,17.31,,4061200.0
2010-04-01,17.3,17.36,17.15,17.32,,3268200.0
2010-04-05,17.32,17.49,17.21,17.48,,3877600.0
2010-04-06,17.4,17.76,17.39,17.74,,4631800.0
2010-04-07,17.67,17.68,17.38,17.48,,5457700.0
2010-04-08,17.46,17.56,17.39,17.44,,4031600.0
2010-04-09,17.46,17.87,17.43,17.84,,3411200.0
2010-04-12,17.85,17.86,17.74,17.77,,2521600.0
2010-04-13,17.79,17.93,17.68,17.91,,3229800.0
2010-04-14,17.86,18.1,17.75,18.1,,3551600.0
2010-04-15,18.13,18.15,17.97,18.02,,3454700.0
2010-04-16,17.94,18.28,17.82,18.03,,7670900.0
2010-04-19,18.03,18.21,17.89,18.11,,3697900.0
2010-04-20,18.17,18.49,18.11,18.45,,3053900.0
2010-04-21,18.51,18.8,18.48,18.67,,6195900.0
2010-04-22,18.63,18.79,18.46,18.77,,4670600.0
2010-04-23,18.81,19.17,18.62,19.11,,5295600.0
2010-04-26,19.14,19.17,18.91,18.96,,4473700.0
2010-04-27,18.83,18.94,18.43,18.49,,5026600.0
2010-04-28,18.55,18.67,18.41,18.57,,3411200.0
2010-04-29,18.75,19.3,18.72,19.21,,8187500.0
2010-04-30,19.34,20.04,19.27,19.84,,8488500.0
2010-05-03,19.98,20.19,19.83,20.16,,6644200.0
2010-05-04,20.02,20.03,19.71,19.91,,5253600.0
2010-05-05,19.68,19.76,19.08,19.26,,4952800.0
2010-05-06,19.1,19.55,17.17,18.61,,5633600.0
2010-05-07,18.69,18.98,17.87,18.06,,6462000.0
2010-05-10,18.65,19.81,18.65,19.34,,6039500.0
2010-05-11,19.35,19.64,19.1,19.54,,4589600.0
2010-05-12,19.56,19.85,19.5,19.84,,2359200.0
2010-05-13,19.86,20.03,19.51,19.51,,2704000.0
2010-05-14,19.46,19.53,19.05,19.21,,3351400.0
2010-05-17,19.31,19.4,18.78,19.06,,4269600.0
2010-05-18,19.22,19.35,18.81,19.0,,3157800.0
2010-05-19,18.95,19.27,18.63,18.98,,5457900.0
2010-05-20,18.64,18.84,18.32,18.34,,5554200.0
2010-05-21,18.04,18.77,17.96,18.66,,6320700.0
2010-05-24,18.57,18.87,18.39,18.64,,3680300.0
2010-05-25,18.19,18.72,17.86,18.68,,5581000.0
2010-05-26,18.77,19.49,18.68,19.07,,5863400.0
2010-05-27,19.39,19.84,19.39,19.83,,3852600.0
2010-05-28,19.72,19.79,19.1,19.29,,5226200.0
2010-06-01,19.07,19.58,19.0,19.0,,3383100.0
2010-06-02,19.12,20.02,19.01,20.02,,9252500.0
2010-06-03,19.93,20.26,19.81,19.92,,5491300.0
2010-06-04,19.62,19.66,18.86,18.93,,5128500.0
2010-06-07,18.91,19.1,18.45,18.47,,3969600.0
2010-06-08,18.47,18.5,17.88,18.38,,6412500.0
2010-06-09,18.39,18.83,18.31,18.36,,4121600.0
2010-06-10,18.71,19.48,18.48,19.46,,4757100.0
2010-06-11,19.23,19.73,19.09,19.73,,4510700.0
2010-06-14,19.82,19.98,19.61,19.65,,3415400.0
2010-06-15,19.85,20.26,19.68,20.25,,4382300.0
2010-06-16,20.16,20.33,19.94,20.07,,4537900.0
2010-06-17,20.05,20.24,19.97,20.14,,3841400.0
2010-06-18,20.22,20.34,19.94,20.11,,4238300.0
2010-06-21,20.34,20.56,20.08,20.17,,5775900.0
2010-06-22,20.19,20.4,19.77,19.83,,8182000.0
2010-06-23,19.94,19.97,19.33,19.57,,5775100.0
2010-06-24,19.54,19.58,19.03,19.11,,7520400.0
2010-06-25,19.11,19.4,18.89,19.28,,40489900.0
2010-06-28,19.36,19.48,19.17,19.18,,6582600.0
2010-06-29,18.96,19.03,18.02,18.17,,5953200.0
2010-06-30,18.06,18.66,18.05,18.29,,6919400.0
2010-07-01,18.24,18.5,17.91,18.49,,5636400.0
2010-07-02,18.53,18.62,17.9,18.13,,3723200.0
2010-07-06,18.35,18.58,18.06,18.25,,3778200.0
2010-07-07,18.23,18.61,18.21,18.58,,4616400.0
2010-07-08,18.7,18.76,18.37,18.61,,3744100.0
2010-07-09,18.57,18.7,18.41,18.59,,4356900.0
2010-07-12,18.45,18.58,18.23,18.41,,3541000.0
2010-07-13,18.56,18.9,18.46,18.75,,4844400.0
2010-07-14,18.64,18.91,18.5,18.77,,3534900.0
2010-07-15,18.73,18.78,18.33,18.59,,3309700.0
2010-07-16,18.52,18.58,17.89,17.93,,4051000.0
2010-07-19,18.0,18.24,17.93,18.15,,2754500.0
2010-07-20,17.85,18.38,17.78,18.35,,3948100.0
2010-07-21,18.38,18.41,17.85,17.92,,4396000.0
2010-07-22,18.08,18.56,17.88,18.5,,3818500.0
2010-07-23,18.44,18.95,18.33,18.94,,3259800.0
2010-07-26,19.01,19.62,18.94,19.62,,3676000.0
2010-07-27,19.65,19.74,19.36,19.46,,2799100.0
2010-07-28,19.42,19.46,19.24,19.39,,2448600.0
2010-07-29,19.57,19.75,19.29,19.5,,2909100.0
2010-07-30,19.27,19.88,19.06,19.78,,4481300.0
2010-08-02,20.15,20.49,20.1,20.16,,5621900.0
2010-08-03,20.12,20.35,19.45,19.67,,8408600.0
2010-08-04,19.74,19.78,19.48,19.65,,3922600.0
2010-08-05,19.47,19.66,19.21,19.64,,4598600.0
2010-08-06,19.43,19.62,19.35,19.57,,4278600.0
2010-08-09,19.61,19.61,19.47,19.58,,2993200.0
2010-08-10,19.47,19.81,19.37,19.76,,4530500.0
2010-08-11,19.47,19.5,19.21,19.43,,4887600.0
2010-08-12,19.21,19.32,18.99,19.14,,4093800.0
2010-08-13,19.01,19.23,18.98,19.06,,3397500.0
2010-08-16,18.96,19.01,18.78,18.94,,2181500.0
2010-08-17,19.07,19.48,18.94,19.34,,2937100.0
2010-08-18,19.3,19.69,19.16,19.49,,1961500.0
2010-08-19,19.36,19.47,19.06,19.15,,2271700.0
2010-08-20,19.09,19.41,18.95,19.38,,3907200.0
2010-08-23,19.47,19.62,19.23,19.36,,2051500.0
2010-08-24,19.19,19.23,18.85,18.86,,2609100.0
2010-08-25,18.73,18.94,18.54,18.85,,2206300.0
2010-08-26,18.9,19.17,18.88,19.05,,3592100.0
2010-08-27,19.22,19.52,18.9,19.46,,2575400.0
2010-08-30,19.43,19.68,19.33,19.33,,1964400.0
2010-08-31,19.24,19.58,19.2,19.34,,2973300.0
2010-09-01,19.59,20.11,19.58,19.95,,3909500.0
2010-09-02,20.01,20.25,19.98,20.21,,2244500.0
2010-09-03,20.43,20.76,20.27,20.58,,2230800.0
2010-09-07,20.2,20.41,19.94,20.07,,2217900.0
2010-09-08,20.1,20.37,20.0,20.05,,2548000.0
2010-09-09,20.29,20.34,19.95,20.05,,2391300.0
2010-09-10,20.05,20.25,19.97,20.23,,1195700.0
2010-09-13,20.41,20.66,20.35,20.43,,1977200.0
2010-09-14,20.41,20.74,20.29,20.72,,3652700.0
2010-09-15,20.85,21.57,20.78,21.28,,5883300.0
2010-09-16,21.3,21.42,20.94,21.29,,3662500.0
2010-09-17,21.46,21.61,21.28,21.51,,4364900.0
2010-09-20,21.64,22.32,21.48,22.22,,4332800.0
2010-09-21,22.3,22.62,22.08,22.15,,3486800.0
2010-09-22,22.15,22.34,21.71,21.78,,4258000.0
2010-09-23,21.65,22.1,21.49,21.78,,2296300.0
2010-09-24,22.14,22.35,22.09,22.31,,3874100.0
2010-09-27,22.29,22.53,22.18,22.41,,2372300.0
2010-09-28,22.36,22.47,22.19,22.38,,3274500.0
2010-09-29,22.29,22.43,22.15,22.29,,1806100.0
2010-09-30,22.49,22.74,22.24,22.31,,3381100.0
2010-10-01,22.31,22.44,22.02,22.17,,2869700.0
2010-10-04,22.08,22.22,21.77,21.82,,4177000.0
2010-10-05,22.01,22.55,21.89,22.49,,4873300.0
2010-10-06,22.49,22.58,22.03,22.2,,3258800.0
2010-10-07,22.32,22.49,22.2,22.46,,2260700.0
2010-10-08,22.53,22.56,22.08,22.25,,2899900.0
2010-10-11,22.23,22.38,22.09,22.14,,1785600.0
2010-10-12,22.11,22.37,21.8,22.28,,1965200.0
2010-10-13,22.38,22.7,22.38,22.52,,2305200.0
2010-10-14,22.23,22.48,21.97,22.13,,3595400.0
2010-10-15,22.38,22.38,21.86,22.13,,2782100.0
2010-10-18,22.14,22.25,22.03,22.17,,1695000.0
2010-10-19,21.92,22.19,21.7,21.86,,2951500.0
2010-10-20,21.93,22.48,21.84,22.22,,2182400.0
2010-10-21,22.35,22.71,22.12,22.23,,1955600.0
2010-10-22,22.33,22.49,22.17,22.4,,1334700.0
2010-10-25,22.58,23.15,22.53,22.69,,3953700.0
2010-10-26,22.61,22.89,22.47,22.84,,2021400.0
2010-10-27,22.65,23.05,22.46,23.03,,3893300.0
2010-10-28,23.2,23.27,22.86,23.04,,2760500.0
2010-10-29,22.9,22.92,22.64,22.89,,3388900.0
2010-11-01,23.01,23.15,22.6,22.75,,2205900.0
2010-11-02,23.04,23.14,22.75,22.79,,3467400.0
2010-11-03,21.92,22.08,21.59,21.82,,8625900.0
2010-11-04,22.02,22.1,21.36,21.49,,5138900.0
2010-11-05,21.51,21.59,21.04,21.06,,4863300.0
2010-11-08,21.08,21.26,20.87,20.99,,4050800.0
2010-11-09,21.02,21.1,20.7,20.76,,4371500.0
2010-11-10,20.78,21.18,20.58,21.09,,5476500.0
2010-11-11,20.96,21.0,20.64,20.8,,5125800.0
2010-11-12,20.75,20.91,20.61,20.7,,3337500.0
2010-11-15,20.8,20.82,20.5,20.61,,4203400.0
2010-11-16,20.49,20.66,20.3,20.63,,4793100.0
2010-11-17,20.85,21.34,20.73,21.34,,9117500.0
2010-11-18,21.6,21.89,21.52,21.72,,4676600.0
2010-11-19,21.73,21.84,21.51,21.69,,2615500.0
2010-11-22,21.62,21.66,21.35,21.56,,2954300.0
2010-11-23,21.37,21.37,20.97,21.11,,2924500.0
2010-11-24,21.23,21.65,21.23,21.56,,2047800.0
2010-11-26,21.38,21.68,21.31,21.58,,1295100.0
2010-11-29,21.37,21.37,20.9,21.23,,3924400.0
2010-11-30,20.98,21.25,20.87,20.89,,7355000.0
2010-12-01,21.2,21.29,20.81,21.18,,4805800.0
2010-12-02,21.13,21.68,21.13,21.58,,2671300.0
2010-12-03,21.53,22.02,21.45,21.99,,2827100.0
2010-12-06,21.9,22.07,21.79,21.97,,2936100.0
2010-12-07,22.15,22.31,22.02,22.09,,5415400.0
2010-12-08,22.11,22.22,21.77,21.87,,2324700.0
2010-12-09,21.97,21.97,21.59,21.74,,2598900.0
2010-12-10,21.81,21.82,21.57,21.76,,2928500.0
2010-12-13,21.89,22.01,21.48,21.53,,3084000.0
2010-12-14,21.58,21.64,21.46,21.56,,1440400.0
2010-12-15,21.54,21.79,21.39,21.42,,2250900.0
2010-12-16,21.42,21.63,21.15,21.61,,2139600.0
2010-12-17,21.6,21.78,21.35,21.76,,4581700.0
2010-12-20,21.97,21.97,21.56,21.73,,1765800.0
2010-12-21,21.85,21.92,21.72,21.88,,1733900.0
2010-12-22,21.89,22.0,21.79,21.92,,2688500.0
2010-12-23,21.91,22.01,21.53,21.59,,2437800.0
2010-12-27,21.58,21.58,21.33,21.45,,1547400.0
2010-12-28,21.53,21.6,21.21,21.41,,1450300.0
2010-12-29,21.41,21.7,21.31,21.62,,1512800.0
2010-12-30,21.59,21.59,21.26,21.41,,2632800.0
2010-12-31,21.35,21.63,21.24,21.36,,2013900.0
2011-01-03,21.52,21.65,21.37,21.52,,2657400.0
2011-01-04,21.56,21.56,21.17,21.23,,2702200.0
2011-01-05,21.15,21.25,20.67,20.77,,6199000.0
2011-01-06,20.73,20.74,20.51,20.65,,5426400.0
2011-01-07,20.65,20.7,20.34,20.66,,5153000.0
2011-01-10,20.33,20.55,20.22,20.4,,4164300.0
2011-01-11,20.51,20.6,20.38,20.47,,3020800.0
2011-01-12,20.55,20.55,20.18,20.32,,5005000.0
2011-01-13,20.33,20.34,19.85,19.89,,5964000.0
2011-01-14,19.88,19.88,19.31,19.76,,7588700.0
2011-01-18,19.86,20.25,19.68,20.22,,5289000.0
2011-01-19,20.24,20.47,20.13,20.23,,6372400.0
2011-01-20,20.55,20.58,20.28,20.38,,4793300.0
2011-01-21,20.53,20.76,20.4,20.51,,4296000.0
2011-01-24,20.5,20.68,20.19,20.53,,3448200.0
2011-01-25,20.49,20.56,19.97,20.22,,3105400.0
2011-01-26,20.24,20.26,20.07,20.18,,3177800.0
2011-01-27,20.15,20.47,20.12,20.14,,2024900.0
2011-01-28,20.12,20.29,19.77,19.81,,3414000.0
2011-01-31,19.81,20.08,19.76,19.98,,2483400.0
2011-02-01,19.48,20.01,19.27,19.98,,4759400.0
2011-02-02,19.89,20.5,19.89,20.34,,2883100.0
2011-02-03,20.46,21.09,20.4,21.08,,4161400.0
2011-02-04,21.1,21.36,20.86,21.36,,3138800.0
2011-02-07,21.43,21.71,21.29,21.66,,5145000.0
2011-02-08,21.71,22.06,21.54,21.8,,3421200.0
2011-02-09,21.72,22.23,21.67,21.97,,2543500.0
2011-02-10,21.82,22.16,21.6,22.16,,3853500.0
2011-02-11,21.56,22.47,21.32,22.41,,6611100.0
2011-02-14,22.45,22.54,22.0,22.25,,2986200.0
2011-02-15,22.13,22.48,22.06,22.4,,2264200.0
2011-02-16,22.45,22.71,22.45,22.63,,1704500.0
2011-02-17,22.54,22.55,22.12,22.19,,2986200.0
2011-02-18,22.22,22.51,22.11,22.5,,3034300.0
2011-02-22,22.3,22.3,21.79,21.98,,2312800.0
2011-02-23,21.97,21.97,21.37,21.66,,3551400.0
2011-02-24,21.7,21.93,21.55,21.84,,2113000.0
2011-02-25,21.95,22.16,21.89,21.98,,1837800.0
2011-02-28,21.98,22.1,21.81,22.09,,2982300.0
2011-03-01,22.12,22.12,21.44,21.47,,2892300.0
2011-03-02,21.45,21.77,21.4,21.64,,2777200.0
2011-03-03,21.81,21.95,21.67,21.9,,2541600.0
2011-03-04,21.85,21.9,21.33,21.49,,3557000.0
2011-03-07,21.48,21.54,21.05,21.25,,2832000.0
2011-03-08,21.3,21.38,21.01,21.25,,2834100.0
2011-03-09,21.24,21.34,20.94,21.13,,2259700.0
2011-03-10,20.86,20.93,20.57,20.75,,2354900.0
2011-03-11,20.76,21.13,20.73,20.97,,2548000.0
2011-03-14,20.87,20.87,20.38,20.58,,2736100.0
2011-03-15,20.19,20.5,20.13,20.35,,3722600.0
2011-03-16,20.26,20.31,19.76,19.86,,3873500.0
2011-03-17,20.12,20.21,19.77,19.89,,3615800.0
2011-03-18,20.18,20.23,19.97,20.1,,3810500.0
2011-03-21,20.31,20.63,20.22,20.47,,2746500.0
2011-03-22,20.47,20.51,20.15,20.27,,1654100.0
2011-03-23,20.19,20.33,19.78,20.28,,2540600.0
2011-03-24,20.4,20.49,20.26,20.27,,1768900.0
2011-03-25,20.33,20.39,20.11,20.15,,3683100.0
2011-03-28,20.15,20.22,19.88,19.98,,2516700.0
2011-03-29,19.95,19.98,19.71,19.78,,5057100.0
2011-03-30,19.88,20.51,19.85,20.49,,4511900.0
2011-03-31,20.39,20.57,20.39,20.44,,3287400.0
2011-04-01,20.53,20.91,20.51,20.7,,2673300.0
2011-04-04,20.77,20.83,20.7,20.74,,2075000.0
2011-04-05,20.67,20.85,20.54,20.71,,2711200.0
2011-04-06,20.75,20.82,20.64,20.66,,3060900.0
2011-04-07,20.61,20.72,20.47,20.63,,3642800.0
2011-04-08,20.65,20.7,20.45,20.53,,2104400.0
2011-04-11,20.56,20.61,20.42,20.61,,1682000.0
2011-04-12,20.43,20.61,20.4,20.5,,2232200.0
2011-04-13,20.6,20.71,20.54,20.63,,2794200.0
2011-04-14,20.49,20.64,20.44,20.55,,2221000.0
2011-04-15,20.6,20.75,20.44,20.52,,3231400.0
2011-04-18,20.27,20.51,20.24,20.5,,3365500.0
2011-04-19,20.63,20.78,20.47,20.76,,3146500.0
2011-04-20,20.99,21.2,20.95,21.19,,3107500.0
2011-04-21,21.23,21.23,21.02,21.19,,1907100.0
2011-04-25,21.27,21.43,21.17,21.39,,2593000.0
2011-04-26,21.41,21.48,21.16,21.24,,2739800.0
2011-04-27,21.25,21.74,21.21,21.72,,3942800.0
2011-04-28,21.68,22.54,21.68,22.1,,5675300.0
2011-04-29,22.32,22.81,22.25,22.68,,4892500.0
2011-05-02,22.61,23.15,22.61,22.88,,3829300.0
2011-05-03,22.8,23.01,22.78,22.85,,3627900.0
2011-05-04,22.96,23.09,22.48,22.64,,3900900.0
2011-05-05,22.56,22.85,22.34,22.62,,3252700.0
2011-05-06,22.92,23.16,22.76,22.88,,2674000.0
2011-05-09,22.93,22.96,22.64,22.67,,2705400.0
2011-05-10,22.72,23.01,22.72,22.91,,2956800.0
2011-05-11,22.89,22.89,22.4,22.48,,2769500.0
2011-05-12,22.45,23.05,22.42,23.01,,3306200.0
2011-05-13,22.97,22.99,22.63,22.68,,2556400.0
2011-05-16,22.64,22.82,22.32,22.35,,3062900.0
2011-05-17,22.3,22.58,22.17,22.46,,1904400.0
2011-05-18,22.48,23.18,22.41,23.15,,2847200.0
2011-05-19,23.23,23.47,23.16,23.23,,3196800.0
2011-05-20,23.23,23.25,22.81,22.92,,2257000.0
2011-05-23,22.61,22.84,22.56,22.67,,1570500.0
2011-05-24,22.77,22.79,22.35,22.36,,2334500.0
2011-05-25,22.26,22.33,22.1,22.2,,3743000.0
2011-05-26,22.1,22.34,21.96,22.23,,3673500.0
2011-05-27,22.33,22.46,22.27,22.39,,2033500.0
2011-05-31,22.54,22.57,22.09,22.32,,3582900.0
2011-06-01,22.21,22.41,21.85,21.88,,3587400.0
2011-06-02,21.86,22.13,21.75,21.82,,2835300.0
2011-06-03,21.56,21.78,21.48,21.5,,2428200.0
2011-06-06,21.29,21.5,21.01,21.04,,3128300.0
2011-06-07,21.14,21.34,21.04,21.2,,2634700.0
2011-06-08,21.13,21.16,20.77,20.83,,2464300.0
2011-06-09,20.91,21.08,20.81,20.98,,2959000.0
2011-06-10,20.88,20.93,20.45,20.48,,3351600.0
2011-06-13,20.62,20.76,20.46,20.49,,3666200.0
2011-06-14,20.74,20.78,20.62,20.74,,3554900.0
2011-06-15,20.53,20.82,20.36,20.38,,4564100.0
2011-06-16,20.4,20.61,20.26,20.6,,5781000.0
2011-06-17,20.81,20.96,20.69,20.7,,3855700.0
2011-06-20,20.58,20.99,20.58,20.96,,3262700.0
2011-06-21,21.04,21.58,21.04,21.54,,4522400.0
2011-06-22,21.4,21.54,21.3,21.36,,2353300.0
2011-06-23,20.34,20.86,20.34,20.82,,4249400.0
2011-06-24,20.81,20.82,20.48,20.61,,6674900.0
2011-06-27,20.62,20.76,20.45,20.68,,2501400.0
2011-06-28,20.76,20.95,20.7,20.94,,1786500.0
2011-06-29,21.0,21.18,20.85,20.85,,3642800.0
2011-06-30,21.03,21.27,20.98,20.98,,4644900.0
2011-07-01,20.99,21.46,20.94,21.35,,2393600.0
2011-07-05,21.36,21.69,21.25,21.55,,2664800.0
2011-07-06,21.49,21.52,21.28,21.32,,2734500.0
2011-07-07,21.56,21.78,21.45,21.77,,4909300.0
2011-07-08,21.47,21.66,21.37,21.48,,3031800.0
2011-07-11,21.22,21.49,21.17,21.3,,3583700.0
2011-07-12,21.27,21.65,21.26,21.46,,3243100.0
2011-07-13,21.52,21.67,21.36,21.43,,2902800.0
2011-07-14,21.61,21.61,21.2,21.31,,3200500.0
2011-07-15,21.36,21.45,21.13,21.31,,3643000.0
2011-07-18,21.17,21.25,20.71,20.8,,2691900.0
2011-07-19,20.94,21.08,20.88,20.99,,2384600.0
2011-07-20,20.94,21.05,20.49,20.6,,5163000.0
2011-07-21,20.78,21.0,20.74,20.88,,4286800.0
2011-07-22,20.93,21.08,20.77,21.03,,3514000.0
2011-07-25,20.77,20.8,20.49,20.52,,4865300.0
2011-07-26,20.48,20.57,20.41,20.45,,4824000.0
2011-07-27,20.4,20.55,20.24,20.45,,5929900.0
2011-07-28,20.48,20.89,20.4,20.63,,3902600.0
2011-07-29,20.4,20.62,20.33,20.39,,3587400.0
2011-08-01,20.47,20.56,19.82,20.09,,6990600.0
2011-08-02,19.94,20.16,19.53,19.54,,4734400.0
2011-08-03,19.57,19.77,18.79,19.57,,12041000.0
2011-08-04,19.6,19.92,18.81,18.83,,9849600.0
2011-08-05,19.1,19.21,18.42,19.08,,9431600.0
2011-08-08,18.81,18.82,17.8,17.8,,11687400.0
2011-08-09,18.16,19.08,18.07,19.06,,10014200.0
2011-08-10,18.63,19.19,18.38,18.53,,8796700.0
2011-08-11,18.65,19.8,18.65,19.56,,7704100.0
2011-08-12,19.82,20.16,19.63,20.0,,6143400.0
2011-08-15,20.11,20.26,19.9,20.24,,2875600.0
2011-08-16,20.0,20.37,19.86,20.2,,3861400.0
2011-08-17,20.27,20.49,19.85,20.06,,2440400.0
2011-08-18,19.56,19.56,18.43,18.68,,7287900.0
2011-08-19,18.35,19.04,18.35,18.61,,5140100.0
2011-08-22,18.97,19.05,18.5,18.59,,4073500.0
2011-08-23,18.65,19.33,18.53,19.33,,3424800.0
2011-08-24,19.23,19.84,19.12,19.82,,3790100.0
2011-08-25,19.89,20.07,19.53,19.57,,2998300.0
2011-08-26,19.4,20.27,19.29,20.25,,4043400.0
2011-08-29,20.45,20.83,20.37,20.81,,2650000.0
2011-08-30,20.82,21.51,20.75,21.31,,3361700.0
2011-08-31,21.41,21.75,21.35,21.66,,3822000.0
2011-09-01,21.61,21.75,21.19,21.19,,3997600.0
2011-09-02,20.83,21.06,20.66,20.67,,3345500.0
2011-09-06,19.95,20.49,19.81,20.37,,4371400.0
2011-09-07,20.49,20.72,20.34,20.69,,3480900.0
2011-09-08,20.58,20.74,20.21,20.23,,3748400.0
2011-09-09,20.01,20.17,19.48,19.63,,4653400.0
2011-09-12,19.41,19.66,18.93,19.36,,4457100.0
2011-09-13,19.4,19.76,19.27,19.68,,2824100.0
2011-09-14,19.82,20.34,19.56,20.09,,2703400.0
2011-09-15,20.31,20.57,20.01,20.56,,3246100.0
2011-09-16,20.72,20.95,20.34,20.57,,4392300.0
2011-09-19,20.27,20.38,19.93,20.3,,3264300.0
2011-09-20,20.42,20.65,20.28,20.36,,2602400.0
2011-09-21,20.49,21.08,20.33,20.46,,5748300.0
2011-09-22,19.95,20.17,19.45,19.85,,6520900.0
2011-09-23,19.83,20.64,19.7,20.44,,4087800.0
2011-09-26,20.67,21.37,20.49,21.34,,5189400.0
2011-09-27,21.75,21.91,21.28,21.4,,4012400.0
2011-09-28,21.47,21.47,20.32,20.37,,5039300.0
2011-09-29,20.71,20.76,19.46,19.74,,5323200.0
2011-09-30,19.53,19.65,19.2,19.27,,4366100.0
2011-10-03,19.21,19.31,18.79,18.82,,4894100.0
2011-10-04,18.58,19.37,18.26,19.34,,4082500.0
2011-10-05,19.41,19.53,19.02,19.44,,3444900.0
2011-10-06,19.46,19.78,19.23,19.78,,1619000.0
2011-10-07,19.88,19.88,19.31,19.51,,3245100.0
2011-10-10,19.83,20.12,19.76,20.05,,2508300.0
2011-10-11,20.02,20.69,19.9,20.53,,4038500.0
2011-10-12,20.74,20.96,20.6,20.82,,2825700.0
2011-10-13,20.64,20.88,20.5,20.8,,1893000.0
2011-10-14,21.08,21.4,20.98,21.39,,2317900.0
2011-10-17,21.33,21.42,20.86,20.92,,1974800.0
2011-10-18,20.92,21.46,20.66,21.3,,1929400.0
2011-10-19,21.3,21.4,20.97,21.04,,1674400.0
2011-10-20,21.08,21.18,20.86,21.04,,3019100.0
2011-10-21,21.29,21.85,21.29,21.81,,3428300.0
2011-10-24,21.88,22.18,21.78,22.03,,2203600.0
2011-10-25,21.84,22.01,21.54,21.59,,1713900.0
2011-10-26,21.53,21.66,21.4,21.54,,3415700.0
2011-10-27,22.13,22.19,21.89,22.07,,3513600.0
2011-10-28,22.03,22.08,21.74,21.94,,2514900.0
2011-10-31,21.81,22.48,21.73,22.27,,5126400.0
2011-11-01,21.56,22.35,21.34,21.66,,6574700.0
2011-11-02,22.27,22.6,21.92,22.55,,7919200.0
2011-11-03,22.69,22.83,22.32,22.76,,3358800.0
2011-11-04,22.55,22.67,22.31,22.55,,2500300.0
2011-11-07,22.55,22.68,22.31,22.64,,1908100.0
2011-11-08,22.76,23.13,22.45,23.09,,2526300.0
2011-11-09,22.31,22.47,21.36,21.52,,5066700.0
2011-11-10,21.88,21.88,21.16,21.55,,4935600.0
2011-11-11,21.76,22.24,21.67,22.23,,2753100.0
2011-11-14,22.18,22.22,21.87,21.97,,2409700.0
2011-11-15,21.86,21.93,21.39,21.52,,4338100.0
2011-11-16,21.27,21.7,21.14,21.24,,2768800.0
2011-11-17,21.17,21.23,20.77,20.86,,2732600.0
2011-11-18,20.98,21.01,20.7,20.81,,2156800.0
2011-11-21,20.58,20.66,20.22,20.54,,2712600.0
2011-11-22,20.58,20.91,20.5,20.79,,2697300.0
2011-11-23,20.44,20.51,19.99,20.0,,3412800.0
2011-11-25,19.97,20.3,19.91,20.09,,861500.0
2011-11-28,20.59,20.84,20.43,20.61,,2472100.0
2011-11-29,20.66,20.89,20.49,20.62,,2768000.0
2011-11-30,21.16,21.53,21.07,21.51,,3421400.0
2011-12-01,21.49,21.51,21.05,21.1,,2726700.0
2011-12-02,21.26,21.43,21.16,21.26,,2917100.0
2011-12-05,21.61,21.64,21.09,21.33,,2693600.0
2011-12-06,21.36,21.5,21.3,21.44,,2131200.0
2011-12-07,21.36,21.55,21.01,21.41,,2440600.0
2011-12-08,21.24,21.29,20.96,21.03,,6153800.0
2011-12-09,21.13,21.54,21.09,21.47,,2644700.0
2011-12-12,21.36,21.37,20.92,21.27,,3574500.0
2011-12-13,21.32,21.56,21.04,21.12,,2881700.0
2011-12-14,21.19,21.25,20.57,20.58,,3183300.0
2011-12-15,20.76,20.98,20.56,20.6,,2692400.0
2011-12-16,20.76,20.8,20.33,20.58,,7172200.0
2011-12-19,20.56,20.86,20.15,20.19,,2346100.0
2011-12-20,20.52,20.95,20.41,20.77,,2360700.0
2011-12-21,20.88,20.92,20.56,20.66,,2135900.0
2011-12-22,20.73,20.8,20.52,20.68,,2288100.0
2011-12-23,20.73,20.8,20.67,20.76,,2161700.0
2011-12-27,20.7,20.86,20.49,20.71,,1964400.0
2011-12-28,20.76,20.97,20.66,20.83,,2062500.0
2011-12-29,20.87,21.03,20.82,21.01,,3153700.0
2011-12-30,21.05,21.16,20.99,20.99,,1848000.0
2012-01-03,21.5,21.58,20.91,20.94,,3130800.0
2012-01-04,20.93,21.04,20.81,20.99,,2604600.0
2012-01-05,20.84,21.04,20.61,21.03,,2822000.0
2012-01-06,20.95,21.18,20.87,21.15,,2015300.0
2012-01-09,21.11,21.33,21.08,21.29,,2228200.0
2012-01-10,21.5,21.76,21.44,21.7,,2490100.0
2012-01-11,21.59,22.1,20.92,22.01,,3487600.0
2012-01-12,22.06,22.32,21.92,22.3,,2659000.0
2012-01-13,22.15,22.37,22.1,22.2,,1854600.0
2012-01-17,22.54,22.65,22.34,22.39,,1584600.0
2012-01-18,22.35,22.55,22.19,22.54,,1451300.0
2012-01-19,22.54,22.96,22.43,22.91,,2071500.0
2012-01-20,22.93,22.93,22.39,22.44,,3421600.0
2012-01-23,22.42,22.66,22.22,22.38,,2400100.0
2012-01-24,22.26,22.49,22.21,22.39,,1487700.0
2012-01-25,22.38,22.86,22.35,22.79,,1698500.0
2012-01-26,22.9,22.94,22.62,22.72,,1986200.0
2012-01-27,22.63,22.65,22.33,22.37,,1504300.0
2012-01-30,22.21,22.24,21.88,22.04,,2717300.0
2012-01-31,22.19,22.24,21.93,21.97,,2779500.0
2012-02-01,22.2,22.38,22.06,22.27,,2334700.0
2012-02-02,22.21,22.44,21.95,22.39,,4672700.0
2012-02-03,22.57,22.92,22.55,22.88,,3878000.0
2012-02-06,22.74,22.99,22.7,22.86,,1730600.0
2012-02-07,22.78,23.27,22.72,23.2,,2799900.0
2012-02-08,23.16,23.45,23.05,23.23,,2131800.0
2012-02-09,23.27,23.28,22.99,23.06,,2404800.0
2012-02-10,22.91,23.03,22.82,22.95,,2142300.0
2012-02-13,23.19,23.22,23.02,23.14,,1800600.0
2012-02-14,23.09,23.2,22.95,23.16,,1462900.0
2012-02-15,23.26,23.46,23.19,23.44,,4105800.0
2012-02-16,23.8,23.87,22.77,23.02,,4316900.0
2012-02-17,23.1,23.31,21.92,23.17,,4309100.0
2012-02-21,23.22,23.23,22.76,22.85,,2126500.0
2012-02-22,22.79,22.91,22.55,22.67,,2300100.0
2012-02-23,22.64,22.72,22.54,22.62,,2813400.0
2012-02-24,22.76,22.84,22.57,22.81,,2269900.0
2012-02-27,22.56,22.99,22.56,22.83,,2086200.0
2012-02-28,22.97,23.45,22.87,23.43,,3718100.0
2012-02-29,23.32,24.02,23.28,23.9,,4024600.0
2012-03-01,23.88,23.99,23.58,23.83,,3068600.0
2012-03-02,23.85,24.42,23.78,24.26,,4659400.0
2012-03-05,24.17,24.46,24.09,24.35,,3058800.0
2012-03-06,24.14,24.25,23.72,23.86,,3153300.0
2012-03-07,23.88,23.98,23.68,23.85,,2347000.0
2012-03-08,23.9,24.23,23.9,24.12,,1741700.0
2012-03-09,24.21,24.28,24.08,24.17,,1715300.0
2012-03-12,23.96,24.08,23.67,23.93,,4013400.0
2012-03-13,24.04,24.75,23.95,24.67,,3708700.0
2012-03-14,24.58,24.85,24.46,24.55,,3254900.0
2012-03-15,24.57,24.66,24.26,24.52,,1870700.0
2012-03-16,24.41,24.63,24.11,24.56,,4160000.0
2012-03-19,24.48,24.71,24.45,24.64,,1351100.0
2012-03-20,24.48,24.53,24.16,24.29,,1846200.0
2012-03-21,24.37,24.82,24.34,24.76,,2329200.0
2012-03-22,24.64,24.76,24.47,24.68,,1860100.0
2012-03-23,24.67,24.83,24.41,24.8,,1670100.0
2012-03-26,24.95,25.07,24.86,25.01,,1968700.0
2012-03-27,25.07,25.38,24.98,25.36,,3657800.0
2012-03-28,25.3,25.41,25.19,25.29,,4641200.0
2012-03-29,25.22,25.33,24.99,25.31,,2813000.0
2012-03-30,25.73,26.07,25.49,25.92,,3935700.0
2012-04-02,25.86,26.18,25.84,26.12,,3005600.0
2012-04-03,26.07,26.29,25.95,26.17,,2598900.0
2012-04-04,25.78,26.16,25.52,26.09,,3289300.0
2012-04-05,26.1,26.57,25.97,26.51,,2902800.0
2012-04-09,25.91,26.15,25.87,26.04,,3987400.0
2012-04-10,26.0,26.11,25.42,25.48,,2651700.0
2012-04-11,25.8,26.12,25.8,25.98,,2385000.0
2012-04-12,26.08,26.35,25.97,26.28,,3115300.0
2012-04-13,26.31,26.68,26.23,26.49,,2991100.0
2012-04-16,26.66,26.66,26.39,26.58,,3286000.0
2012-04-17,26.76,26.9,26.58,26.85,,2934500.0
2012-04-18,26.7,26.87,26.61,26.72,,1899700.0
2012-04-19,26.77,26.88,26.51,26.58,,2642000.0
2012-04-20,26.65,26.93,26.51,26.88,,4138900.0
2012-04-23,26.64,26.66,26.23,26.4,,2329400.0
2012-04-24,26.47,26.66,26.28,26.38,,2374400.0
2012-04-25,26.6,26.76,26.47,26.75,,2793200.0
2012-04-26,26.64,27.39,26.64,27.34,,2426500.0
2012-04-27,27.55,28.18,27.43,28.12,,2603400.0
2012-04-30,28.15,28.17,27.73,27.89,,3099300.0
2012-05-01,27.98,28.28,27.67,27.73,,3782500.0
2012-05-02,27.65,27.79,27.61,27.75,,4150400.0
2012-05-03,27.79,28.36,27.72,28.24,,5924600.0
2012-05-04,28.19,28.23,27.37,27.38,,5022100.0
2012-05-07,27.38,27.83,27.22,27.71,,5039300.0
2012-05-08,27.27,27.45,25.72,26.03,,8795500.0
2012-05-09,25.82,26.04,25.11,25.86,,5657700.0
2012-05-10,26.1,26.23,25.77,26.02,,2910800.0
2012-05-11,25.89,26.37,25.83,26.33,,3373500.0
2012-05-14,26.05,26.39,25.91,25.93,,3467600.0
2012-05-15,25.9,26.49,25.9,26.04,,2125100.0
2012-05-16,26.15,26.44,26.11,26.23,,2720400.0
2012-05-17,26.23,26.29,25.14,25.14,,2559200.0
2012-05-18,25.2,25.35,24.72,24.78,,2659600.0
2012-05-21,24.86,25.57,24.71,25.55,,2138200.0
2012-05-22,25.56,25.79,25.24,25.37,,3695400.0
2012-05-23,25.28,25.59,24.86,25.5,,2631400.0
2012-05-24,25.62,25.94,25.53,25.78,,2250400.0
2012-05-25,25.84,25.96,25.67,25.9,,1335300.0
2012-05-29,26.03,26.23,25.86,26.16,,1351500.0
2012-05-30,25.93,25.97,25.66,25.72,,1948200.0
2012-05-31,25.77,25.87,25.41,25.67,,2804400.0
2012-06-01,25.47,25.58,24.88,24.92,,2755800.0
2012-06-04,25.01,25.16,24.72,24.85,,2404800.0
2012-06-05,24.84,25.18,24.59,25.11,,2062100.0
2012-06-06,25.24,25.79,25.17,25.77,,1753700.0
2012-06-07,26.06,26.13,25.81,25.88,,2320200.0
2012-06-08,25.78,26.2,25.68,26.14,,2323000.0
2012-06-11,26.42,26.64,26.29,26.33,,2883100.0
2012-06-12,26.39,26.71,26.3,26.71,,2310400.0
2012-06-13,26.56,26.64,25.66,25.78,,2904200.0
2012-06-14,25.87,26.0,25.44,25.65,,3753500.0
2012-06-15,25.84,26.02,25.65,25.93,,4713400.0
2012-06-18,25.77,26.28,25.72,26.23,,2814600.0
2012-06-19,26.43,26.67,26.31,26.56,,2469500.0
2012-06-20,26.48,27.01,26.44,26.91,,2340200.0
2012-06-21,26.96,27.21,26.68,26.89,,3612400.0
2012-06-22,26.95,27.28,26.94,27.15,,7530700.0
2012-06-25,26.87,26.98,26.55,26.87,,2379700.0
2012-06-26,27.06,27.46,26.94,27.07,,3925400.0
2012-06-27,27.18,27.65,27.12,27.38,,3206000.0
2012-06-28,27.27,27.32,26.72,27.2,,2497900.0
2012-06-29,27.66,27.82,27.48,27.67,,3429100.0
2012-07-02,27.76,28.13,27.68,28.11,,2022000.0
2012-07-03,28.14,28.23,27.84,27.95,,1249300.0
2012-07-05,27.93,28.01,27.43,27.54,,2834100.0
2012-07-06,27.33,27.6,26.88,27.06,,2675200.0
2012-07-09,26.98,27.05,26.17,26.36,,3809300.0
2012-07-10,26.58,26.63,25.61,25.74,,3907500.0
2012-07-11,25.76,25.88,25.33,25.63,,3518500.0
2012-07-12,25.5,25.82,24.89,25.74,,5023200.0
2012-07-13,25.28,25.87,25.28,25.82,,2842000.0
2012-07-16,25.68,25.8,25.27,25.3,,3056800.0
2012-07-17,25.41,26.06,25.33,25.94,,3176800.0
2012-07-18,25.93,25.99,25.74,25.87,,2532200.0
2012-07-19,25.89,26.45,25.89,26.15,,2046200.0
2012-07-20,26.11,26.12,25.61,25.68,,2570700.0
2012-07-23,25.36,25.38,25.01,25.24,,1911000.0
2012-07-24,25.22,25.41,24.95,25.15,,2454300.0
2012-07-25,25.16,25.55,25.15,25.3,,2465400.0
2012-07-26,25.77,25.98,25.5,25.87,,2003800.0
2012-07-27,26.08,26.73,26.03,26.65,,2692400.0
2012-07-30,26.56,26.64,25.93,26.09,,3916300.0
2012-07-31,25.56,26.4,25.04,25.94,,6546400.0
2012-08-01,25.49,25.84,25.08,25.26,,5190400.0
2012-08-02,25.07,25.76,24.98,25.74,,3548200.0
2012-08-03,26.21,26.88,26.03,26.8,,2828300.0
2012-08-06,26.83,27.37,26.59,27.2,,2479900.0
2012-08-07,27.22,27.83,27.22,27.6,,2970100.0
2012-08-08,27.44,27.68,27.36,27.65,,1949800.0
2012-08-09,27.61,27.95,27.46,27.62,,2784600.0
2012-08-10,27.57,27.97,27.57,27.96,,2119400.0
2012-08-13,27.86,27.92,27.6,27.73,,2053100.0
2012-08-14,27.84,27.89,27.14,27.22,,3102800.0
2012-08-15,27.14,27.51,27.14,27.26,,1899300.0
2012-08-16,27.17,27.31,27.11,27.17,,2383600.0
2012-08-17,27.2,27.24,26.8,27.02,,3089300.0
2012-08-20,27.08,27.14,26.73,26.85,,2173200.0
2012-08-21,26.96,27.08,26.85,27.03,,3167200.0
2012-08-22,27.01,27.21,26.94,27.07,,1480900.0
2012-08-23,27.02,27.02,26.77,26.91,,1533100.0
2012-08-24,26.82,27.47,26.7,27.32,,2651100.0
2012-08-27,27.36,27.64,27.33,27.5,,2243300.0
2012-08-28,27.37,27.62,27.34,27.43,,1596500.0
2012-08-29,27.53,27.61,27.41,27.59,,1616100.0
2012-08-30,27.38,28.04,27.38,27.76,,3878200.0
2012-08-31,27.88,28.23,27.84,28.1,,2726700.0
2012-09-04,27.95,28.48,27.95,28.32,,2562700.0
2012-09-05,28.29,28.47,28.16,28.31,,3867800.0
2012-09-06,28.54,28.89,28.46,28.79,,3033200.0
2012-09-07,28.9,28.95,28.68,28.91,,1614700.0
2012-09-10,28.97,28.98,28.79,28.81,,1891400.0
2012-09-11,28.89,28.91,28.66,28.7,,1960900.0
2012-09-12,28.8,29.04,28.76,29.02,,1818200.0
2012-09-13,28.96,29.94,28.96,29.79,,3754300.0
2012-09-14,29.79,30.23,29.72,30.1,,2880700.0
2012-09-17,30.13,30.23,29.79,30.01,,1612200.0
2012-09-18,30.06,30.13,29.88,29.98,,1626300.0
2012-09-19,29.89,30.62,29.85,30.45,,1944100.0
2012-09-20,30.39,30.58,30.21,30.52,,1993800.0
2012-09-21,30.72,30.99,30.61,30.69,,4292300.0
2012-09-24,30.49,30.68,30.34,30.35,,2343700.0
2012-09-25,30.53,30.6,29.92,29.95,,2998500.0
2012-09-26,30.08,30.2,29.67,29.86,,2955700.0
2012-09-27,30.05,30.55,29.86,30.48,,3453700.0
2012-09-28,30.32,30.65,30.23,30.53,,3291500.0
2012-10-01,30.84,30.97,30.63,30.71,,3062900.0
2012-10-02,30.92,30.98,30.47,30.65,,1778700.0
2012-10-03,30.71,30.94,30.7,30.83,,1531000.0
2012-10-04,31.0,31.29,30.93,31.28,,1645600.0
2012-10-05,31.51,31.54,31.27,31.38,,1546200.0
2012-10-08,31.33,31.41,30.88,31.08,,1493200.0
2012-10-09,31.11,31.11,30.52,30.58,,1993600.0
2012-10-10,30.7,30.77,30.49,30.69,,1248600.0
2012-10-11,30.76,31.31,30.66,30.98,,2357000.0
2012-10-12,31.15,31.28,30.96,31.12,,1728800.0
2012-10-15,31.13,31.54,31.06,31.52,,1488500.0
2012-10-16,31.76,31.95,31.55,31.7,,1871100.0
2012-10-17,31.91,31.93,31.36,31.37,,1780900.0
2012-10-18,31.33,31.71,31.15,31.65,,1819200.0
2012-10-19,31.54,31.7,30.81,30.96,,1927400.0
2012-10-22,30.94,31.24,30.89,31.12,,1085000.0
2012-10-23,30.87,30.88,30.44,30.48,,3173100.0
2012-10-24,30.56,30.6,30.2,30.25,,1725500.0
2012-10-25,30.51,30.7,30.0,30.1,,1566200.0
2012-10-26,29.97,30.19,29.68,29.81,,2070500.0
2012-10-31,30.12,30.28,29.81,30.24,,2206100.0
2012-11-01,30.53,31.42,30.39,31.38,,3916300.0
2012-11-02,31.46,31.56,30.66,30.68,,3005600.0
2012-11-05,30.68,30.87,30.14,30.46,,2823400.0
2012-11-06,29.83,29.84,28.82,29.44,,9227300.0
2012-11-07,29.25,29.33,28.69,29.09,,4462500.0
2012-11-08,29.03,29.17,28.44,28.49,,4121100.0
2012-11-09,28.39,29.19,28.35,28.92,,3409900.0
2012-11-12,28.95,29.02,28.55,28.73,,2232700.0
2012-11-13,28.62,29.39,28.56,29.08,,1954100.0
2012-11-14,29.12,29.23,28.23,28.29,,2344500.0
2012-11-15,28.33,28.59,28.24,28.32,,2345700.0
2012-11-16,28.31,28.56,28.12,28.27,,3127900.0
2012-11-19,28.6,29.15,28.39,29.14,,2829800.0
2012-11-20,29.07,29.57,28.99,29.46,,2279500.0
2012-11-21,29.46,29.62,29.21,29.4,,1479900.0
2012-11-23,29.51,29.83,29.42,29.82,,883800.0
2012-11-26,29.63,29.82,29.41,29.65,,2116700.0
2012-11-27,29.58,29.93,29.52,29.56,,1791000.0
2012-11-28,29.47,30.25,29.28,30.21,,2082200.0
2012-11-29,30.24,30.61,30.2,30.51,,2403600.0
2012-11-30,30.65,31.14,30.51,30.95,,3625000.0
2012-12-03,31.0,31.15,30.69,30.71,,2213600.0
2012-12-04,30.78,31.16,30.76,31.0,,3169600.0
2012-12-05,31.01,32.38,30.67,31.63,,4382500.0
2012-12-06,31.53,31.75,31.3,31.68,,2251300.0
2012-12-07,31.77,31.96,31.17,31.3,,3168400.0
2012-12-10,31.28,31.28,30.94,31.01,,2843700.0
2012-12-11,31.09,31.53,31.04,31.51,,2907300.0
2012-12-12,31.67,31.86,31.3,31.5,,2095200.0
2012-12-13,31.48,31.63,30.84,30.87,,2107500.0
2012-12-14,30.74,31.46,30.73,31.16,,3144900.0
2012-12-17,31.38,31.99,31.28,31.87,,4103000.0
2012-12-18,31.98,32.9,31.76,32.59,,3309700.0
2012-12-19,32.53,32.53,32.15,32.18,,2751700.0
2012-12-20,32.32,33.04,32.09,32.53,,3640200.0
2012-12-21,32.37,32.54,31.76,32.35,,13886900.0
2012-12-24,32.26,32.52,32.15,32.38,,759700.0
2012-12-26,32.38,32.61,32.02,32.25,,1283600.0
2012-12-27,32.28,32.37,31.49,31.96,,2414000.0
2012-12-28,31.79,32.0,31.64,31.71,,1501800.0
2012-12-31,31.76,32.6,31.66,32.52,,2092400.0
2013-01-02,33.32,34.07,33.01,33.55,,3077200.0
2013-01-03,33.6,33.72,33.33,33.57,,2030200.0
2013-01-04,33.67,33.9,33.55,33.85,,1715900.0
2013-01-07,33.81,33.92,33.59,33.77,,1926100.0
2013-01-08,33.64,34.77,33.47,34.76,,3552200.0
2013-01-09,34.69,35.06,34.42,34.71,,2528200.0
2013-01-10,34.79,34.95,34.34,34.53,,2098900.0
2013-01-11,34.68,35.01,34.5,34.92,,3667600.0
2013-01-14,34.87,35.0,34.43,34.74,,2157600.0
2013-01-15,34.58,34.73,34.27,34.37,,2718100.0
2013-01-16,34.07,34.48,34.02,34.29,,3050400.0
2013-01-17,34.33,34.63,34.11,34.5,,2107500.0
2013-01-18,34.51,34.71,34.32,34.69,,2130800.0
2013-01-22,34.76,34.84,34.48,34.72,,1240300.0
2013-01-23,34.59,34.94,34.59,34.93,,1628800.0
2013-01-24,35.0,35.47,34.89,34.98,,1737800.0
2013-01-25,35.03,35.39,34.95,35.35,,1776000.0
2013-01-28,35.52,35.52,35.14,35.26,,2020200.0
2013-01-29,35.11,35.27,34.6,35.16,,2243300.0
2013-01-30,35.23,35.43,34.99,35.27,,1549200.0
2013-01-31,35.22,35.68,34.96,35.54,,2797700.0
2013-02-01,35.77,36.05,35.64,36.02,,2062900.0
2013-02-04,35.88,35.98,35.45,35.61,,2093600.0
2013-02-05,35.98,36.04,35.67,36.02,,1489300.0
2013-02-06,35.95,36.05,35.63,35.86,,3489900.0
2013-02-07,35.6,36.21,35.52,36.18,,3282700.0
2013-02-08,36.28,36.65,36.26,36.62,,2733000.0
2013-02-11,36.61,36.94,36.17,36.35,,2769500.0
2013-02-12,36.44,36.44,36.17,36.39,,2396300.0
2013-02-13,36.55,36.91,36.31,36.64,,3798700.0
2013-02-14,35.17,36.53,34.78,36.29,,4854700.0
2013-02-15,36.46,36.52,35.66,36.02,,3551400.0
2013-02-19,36.14,36.2,35.8,36.19,,1833100.0
2013-02-20,36.25,36.46,35.66,35.69,,1950500.0
2013-02-21,35.67,35.77,35.13,35.2,,2795800.0
2013-02-22,35.8,36.13,35.26,36.1,,2414500.0
2013-02-25,36.34,36.4,35.81,35.81,,2371300.0
2013-02-26,35.88,36.38,35.75,36.35,,3128700.0
2013-02-27,36.34,37.6,36.3,37.56,,2954300.0
2013-02-28,37.51,37.75,37.42,37.57,,2686400.0
2013-03-01,37.36,38.42,37.3,38.36,,3269000.0
2013-03-04,38.35,38.77,38.19,38.73,,2747800.0
2013-03-05,38.96,39.25,38.82,39.24,,3150800.0
2013-03-06,39.32,39.6,38.4,38.6,,4984900.0
2013-03-07,38.63,39.57,38.58,39.53,,6440300.0
2013-03-08,39.65,40.17,39.59,39.91,,3033500.0
2013-03-11,39.89,40.01,39.71,39.86,,2687000.0
2013-03-12,39.86,40.0,39.54,39.91,,2140200.0
2013-03-13,40.02,40.14,39.7,40.1,,1872500.0
2013-03-14,40.14,40.51,40.14,40.33,,1842900.0
2013-03-15,40.13,40.3,39.58,39.61,,6694700.0
2013-03-18,39.25,39.79,38.77,39.66,,3323800.0
2013-03-19,39.82,40.01,39.37,39.85,,2916300.0
2013-03-20,40.18,40.69,40.16,40.45,,3187000.0
2013-03-21,40.29,40.47,39.83,40.17,,2665600.0
2013-03-22,39.59,40.55,39.59,40.54,,2521600.0
2013-03-25,40.77,41.16,40.24,40.51,,2908100.0
2013-03-26,40.59,40.77,40.26,40.74,,3249800.0
2013-03-27,40.4,40.53,39.75,40.26,,2872900.0
2013-03-28,40.24,40.66,40.2,40.34,,2688100.0
2013-04-01,40.51,40.7,39.86,39.95,,3546900.0
2013-04-02,40.27,40.55,40.09,40.31,,2431200.0
2013-04-03,40.29,40.29,39.75,39.98,,2449200.0
2013-04-04,40.04,40.04,39.42,39.8,,3667600.0
2013-04-05,39.31,40.32,39.14,40.25,,2126500.0
2013-04-08,40.3,40.54,40.02,40.41,,2345100.0
2013-04-09,40.44,40.55,40.03,40.27,,2201800.0
2013-04-10,40.49,41.25,40.35,41.21,,2256400.0
2013-04-11,41.27,41.72,41.19,41.35,,2352900.0
2013-04-12,41.27,41.56,41.08,41.51,,1468900.0
2013-04-15,41.2,41.35,40.39,40.39,,2130200.0
2013-04-16,40.66,40.8,40.42,40.67,,2596700.0
2013-04-17,40.42,40.57,39.87,40.12,,3355700.0
2013-04-18,40.18,40.23,39.11,39.26,,3620100.0
2013-04-19,39.44,39.94,39.07,39.88,,5848700.0
2013-04-22,39.95,40.21,39.63,40.07,,2369300.0
2013-04-23,40.29,40.51,39.85,40.46,,2740400.0
2013-04-24,40.59,40.7,40.36,40.55,,2375400.0
2013-04-25,40.65,40.99,40.3,40.93,,2455100.0
2013-04-26,40.84,40.92,40.56,40.58,,1393000.0
2013-04-29,40.53,40.64,40.28,40.39,,2442100.0
2013-04-30,40.54,40.87,40.33,40.38,,3536300.0
2013-05-01,40.32,40.44,40.0,40.03,,2423200.0
2013-05-02,40.14,40.95,40.05,40.72,,2828500.0
2013-05-03,41.19,41.21,40.56,40.58,,2298500.0
2013-05-06,40.47,40.67,40.23,40.48,,3604600.0
2013-05-07,39.6,40.16,38.77,39.89,,6193100.0
2013-05-08,39.96,40.06,39.18,39.42,,3477600.0
2013-05-09,39.46,39.86,39.32,39.79,,2941800.0
2013-05-10,39.89,40.33,39.73,40.31,,2572900.0
2013-05-13,40.22,40.22,39.62,39.75,,2359600.0
2013-05-14,39.77,40.28,39.77,40.12,,2503200.0
2013-05-15,40.1,40.68,40.0,40.65,,2745100.0
2013-05-16,40.47,40.82,40.25,40.37,,3687400.0
2013-05-17,40.56,40.63,40.09,40.4,,2595800.0
2013-05-20,40.36,40.99,40.1,40.39,,3852400.0
2013-05-21,40.33,41.13,40.33,40.99,,2460100.0
2013-05-22,40.85,41.04,40.34,40.55,,2643900.0
2013-05-23,40.27,40.93,39.99,40.87,,2394200.0
2013-05-24,40.49,40.83,40.35,40.74,,1506700.0
2013-05-28,41.01,41.48,41.0,41.4,,1935300.0
2013-05-29,41.07,41.23,40.42,40.63,,2210400.0
2013-05-30,40.73,41.28,40.57,40.93,,1866600.0
2013-05-31,40.7,41.01,40.35,40.41,,2924000.0
2013-06-03,40.37,40.52,40.02,40.48,,2902400.0
2013-06-04,40.5,40.81,40.09,40.31,,2331000.0
2013-06-05,40.36,40.36,38.54,38.87,,4380700.0
2013-06-06,38.77,38.87,37.99,38.43,,4559800.0
2013-06-07,38.65,39.18,38.41,39.14,,2657400.0
2013-06-10,39.11,39.11,37.97,38.09,,2930000.0
2013-06-11,37.55,38.04,37.28,37.85,,4516200.0
2013-06-12,38.04,38.08,37.45,37.69,,3443000.0
2013-06-13,37.81,39.02,37.5,38.97,,3250000.0
2013-06-14,38.85,39.37,38.73,39.13,,4470400.0
2013-06-17,39.6,39.67,39.2,39.47,,2791100.0
2013-06-18,39.65,40.07,39.57,39.88,,1772100.0
2013-06-19,39.78,40.12,39.19,39.21,,1954700.0
2013-06-20,38.75,38.84,37.96,38.2,,2946300.0
2013-06-21,38.51,38.74,38.01,38.64,,3739000.0
2013-06-24,38.36,38.73,37.98,38.5,,2061300.0
2013-06-25,38.8,38.87,38.31,38.66,,1957800.0
2013-06-26,38.96,39.04,38.63,38.79,,1483800.0
2013-06-27,38.96,39.47,38.92,39.28,,1531500.0
2013-06-28,39.03,39.9,38.95,39.57,,2490900.0
2013-07-01,39.76,40.2,39.73,39.85,,1391000.0
2013-07-02,39.77,40.32,39.64,40.22,,1617900.0
2013-07-03,39.84,41.46,39.84,41.31,,2429600.0
2013-07-05,41.64,41.74,41.34,41.56,,2081900.0
2013-07-08,41.6,42.06,41.49,42.02,,2316500.0
2013-07-09,42.43,42.6,41.81,41.96,,1924700.0
2013-07-10,41.91,42.46,41.78,42.45,,1574400.0
2013-07-11,43.03,43.34,42.87,43.29,,2384000.0
2013-07-12,42.5,43.59,42.32,43.58,,2567600.0
2013-07-15,44.22,44.22,43.14,43.26,,2251700.0
2013-07-16,43.42,43.73,43.15,43.2,,1697700.0
2013-07-17,43.73,43.86,43.1,43.38,,1236800.0
2013-07-18,43.47,43.91,43.38,43.8,,1660100.0
2013-07-19,44.03,44.03,42.93,43.19,,2669900.0
2013-07-22,43.91,43.91,43.13,43.22,,1236200.0
2013-07-23,43.29,43.77,43.21,43.55,,1296100.0
2013-07-24,45.89,45.89,43.09,43.36,,1221600.0
2013-07-25,43.35,43.83,43.2,43.59,,1388700.0
2013-07-26,43.14,43.75,42.84,43.58,,1310400.0
2013-07-29,43.42,43.78,43.13,43.24,,1489700.0
2013-07-30,42.77,42.79,41.25,41.5,,4157500.0
2013-07-31,41.87,41.87,40.52,40.84,,3822600.0
2013-08-01,41.22,42.06,40.99,41.97,,2876200.0
2013-08-02,41.58,42.14,41.55,42.11,,1957000.0
2013-08-05,42.24,42.58,42.09,42.23,,1359700.0
2013-08-06,41.96,42.53,41.96,42.31,,1821200.0
2013-08-07,42.11,42.59,42.04,42.38,,2046400.0
2013-08-08,42.55,42.77,42.28,42.49,,1641700.0
2013-08-09,42.29,42.7,42.29,42.59,,1138000.0
2013-08-12,42.18,42.69,42.14,42.44,,1155800.0
2013-08-13,42.52,42.86,42.3,42.77,,1177900.0
2013-08-14,42.65,42.71,42.33,42.44,,1924900.0
2013-08-15,42.14,42.2,41.11,41.16,,2313600.0
2013-08-16,41.23,41.71,41.14,41.16,,2114300.0
2013-08-19,41.1,41.52,40.99,41.1,,1011200.0
2013-08-20,41.09,41.41,40.97,41.0,,1282800.0
2013-08-21,40.68,41.2,40.56,40.69,,1493200.0
2013-08-22,40.71,41.37,40.55,41.14,,1306500.0
2013-08-23,41.21,41.37,40.82,41.27,,1637400.0
2013-08-26,43.4,43.4,41.2,41.24,,1586700.0
2013-08-27,40.77,40.94,40.09,40.1,,1433500.0
2013-08-28,40.22,40.43,39.72,40.06,,1354600.0
2013-08-29,39.85,40.36,39.73,39.98,,1154000.0
2013-08-30,40.01,40.23,39.44,39.71,,1631400.0
2013-09-03,40.33,40.62,39.39,39.62,,3095000.0
2013-09-04,39.11,39.68,39.11,39.41,,5123600.0
2013-09-05,39.31,39.95,39.28,39.75,,1898700.0
2013-09-06,39.79,40.17,39.24,39.73,,1979700.0
2013-09-09,39.93,40.38,39.82,40.2,,1905700.0
2013-09-10,40.3,40.49,39.84,39.93,,1961500.0
2013-09-11,39.84,40.25,39.84,40.11,,2234900.0
2013-09-12,40.17,40.29,39.85,39.98,,2160900.0
2013-09-13,40.06,40.08,39.64,39.87,,3305200.0
2013-09-16,40.49,40.63,40.18,40.29,,1700600.0
2013-09-17,40.29,40.81,40.21,40.72,,2062300.0
2013-09-18,40.58,41.33,40.19,41.21,,1726100.0
2013-09-19,41.37,42.08,41.28,41.89,,2231600.0
2013-09-20,42.06,42.33,41.58,41.91,,7322100.0
2013-09-23,41.7,41.88,41.19,41.28,,1791200.0
2013-09-24,41.26,41.35,40.83,41.16,,1843500.0
2013-09-25,41.16,41.67,41.06,41.48,,2307700.0
2013-09-26,41.46,43.04,41.42,43.03,,3446300.0
2013-09-27,42.74,43.92,42.54,43.47,,3218300.0
2013-09-30,43.05,43.39,42.95,43.25,,2605400.0
2013-10-01,43.06,43.22,42.39,42.64,,3227100.0
2013-10-02,42.46,42.46,42.09,42.28,,2128800.0
2013-10-03,42.09,42.33,41.48,41.62,,2019400.0
2013-10-04,41.66,41.79,41.27,41.64,,2040800.0
2013-10-07,41.19,41.39,40.82,40.87,,2069100.0
2013-10-08,40.9,40.96,40.06,40.08,,2325500.0
2013-10-09,40.15,40.29,39.59,39.93,,2094400.0
2013-10-10,40.32,41.06,40.01,41.06,,1824900.0
2013-10-11,40.74,41.39,40.68,41.26,,1366400.0
2013-10-14,41.13,41.14,40.77,41.07,,1335500.0
2013-10-15,40.9,41.04,40.36,40.53,,1470700.0
2013-10-16,40.93,41.69,40.71,41.39,,2439400.0
2013-10-17,41.27,41.72,41.14,41.69,,1571900.0
2013-10-18,41.9,42.27,41.68,42.25,,1288700.0
2013-10-21,42.25,42.43,42.07,42.43,,1387100.0
2013-10-22,42.61,43.72,42.44,43.55,,2736700.0
2013-10-23,43.36,43.6,42.89,43.29,,1880500.0
2013-10-24,43.6,43.96,43.34,43.52,,2520400.0
2013-10-25,44.0,44.0,43.39,43.89,,2065000.0
2013-10-28,43.94,44.09,43.63,43.75,,2457000.0
2013-10-29,43.78,44.04,43.45,43.75,,2242300.0
2013-10-30,43.91,44.21,42.78,43.22,,3269600.0
2013-10-31,43.97,45.65,43.53,45.53,,5369800.0
2013-11-01,45.63,45.75,44.95,44.98,,4058600.0
2013-11-04,45.03,45.18,44.03,44.61,,2852500.0
2013-11-05,44.52,44.76,44.07,44.52,,2532200.0
2013-11-06,44.52,44.94,43.79,43.88,,2068900.0
2013-11-07,43.92,44.12,42.97,43.13,,3326100.0
2013-11-08,43.23,43.88,42.9,43.73,,2405200.0
2013-11-11,43.64,43.97,43.29,43.34,,1069300.0
2013-11-12,43.33,43.54,43.07,43.24,,1737000.0
2013-11-13,43.13,43.83,42.83,43.83,,1390600.0
2013-11-14,43.98,44.3,43.77,43.97,,1400200.0
2013-11-15,43.99,44.19,43.75,43.77,,1684400.0
2013-11-18,44.2,44.23,43.6,43.76,,1695300.0
2013-11-19,43.6,43.98,43.43,43.66,,1618400.0
2013-11-20,43.58,44.01,43.24,43.66,,6030700.0
2013-11-21,43.82,43.85,43.47,43.67,,2440000.0
2013-11-22,43.82,44.12,43.59,43.99,,2900900.0
2013-11-25,44.3,44.31,43.73,43.91,,1380700.0
2013-11-26,43.82,44.63,43.67,44.35,,3325100.0
2013-11-27,44.57,44.82,44.28,44.53,,1315900.0
2013-11-29,44.67,45.2,44.26,44.71,,1399600.0
2013-12-02,44.23,44.61,44.02,44.17,,1935900.0
2013-12-03,44.01,44.31,43.47,43.76,,2414900.0
2013-12-04,43.43,43.74,42.86,43.13,,2764700.0
2013-12-05,43.13,43.45,42.79,43.03,,2148600.0
2013-12-06,43.59,43.62,43.12,43.58,,2273300.0
2013-12-09,43.79,43.92,42.88,43.76,,3360200.0
2013-12-10,43.69,44.18,43.42,43.63,,1744900.0
2013-12-11,44.07,44.51,43.18,43.31,,3030000.0
2013-12-12,43.17,43.27,42.46,42.49,,2005700.0
2013-12-13,41.85,42.8,41.85,42.24,,1823100.0
2013-12-16,42.64,43.31,42.43,43.06,,2306500.0
2013-12-17,42.94,42.98,42.49,42.89,,1746600.0
2013-12-18,42.87,44.29,42.87,44.21,,2812800.0
2013-12-19,43.97,44.42,43.85,44.22,,2269100.0
2013-12-20,44.4,45.34,44.07,44.96,,5159600.0
2013-12-23,45.07,45.47,45.06,45.3,,1896900.0
2013-12-24,45.2,45.67,45.16,45.53,,767900.0
2013-12-26,45.55,45.66,45.07,45.44,,1811000.0
2013-12-27,45.6,45.73,45.37,45.57,,1139400.0
2013-12-30,45.6,46.39,45.51,46.34,,1452300.0
2013-12-31,46.5,46.5,45.9,46.32,,1602400.0
2014-01-02,46.22,46.24,45.39,45.65,,1748600.0
2014-01-03,45.65,45.99,45.32,45.38,,1592600.0
2014-01-06,45.58,45.6,44.66,44.81,,2023700.0
2014-01-07,44.55,44.89,44.37,44.54,,2291300.0
2014-01-08,44.57,44.9,43.15,43.35,,4981000.0
2014-01-09,43.57,43.6,42.83,43.41,,2512600.0
2014-01-10,43.55,43.64,42.84,43.05,,2575400.0
2014-01-13,42.79,43.08,41.64,41.72,,2770900.0
2014-01-14,41.72,42.52,41.71,42.34,,3056800.0
2014-01-15,42.59,42.59,42.15,42.35,,2006700.0
2014-01-16,42.39,42.68,41.9,42.02,,2885600.0
2014-01-17,41.86,42.22,41.27,41.45,,2966600.0
2014-01-21,41.73,41.73,40.96,41.29,,3275800.0
2014-01-22,41.31,41.54,41.07,41.23,,4008100.0
2014-01-23,40.91,41.12,40.58,41.03,,4795200.0
2014-01-24,40.97,40.97,40.47,40.47,,4691900.0
2014-01-27,40.49,40.67,39.35,39.6,,4707000.0
2014-01-28,39.53,40.05,39.52,39.94,,3361700.0
2014-01-29,39.56,40.37,39.29,40.15,,5130900.0
2014-01-30,40.43,41.92,40.1,41.15,,5302900.0
2014-01-31,40.61,41.45,40.5,40.87,,3431000.0
2014-02-03,40.15,41.08,39.83,39.98,,3985800.0
2014-02-04,40.02,40.61,39.61,39.98,,2416300.0
2014-02-05,39.61,40.96,39.52,40.67,,3998700.0
2014-02-06,40.92,42.14,40.5,41.98,,4277200.0
2014-02-07,42.09,42.6,41.94,42.4,,3061300.0
2014-02-10,42.3,42.45,42.12,42.2,,3026900.0
2014-02-11,42.03,43.02,42.03,42.4,,2565800.0
2014-02-12,42.95,42.95,42.09,42.45,,3551600.0
2014-02-13,40.39,41.5,40.19,40.63,,7342900.0
2014-02-14,40.75,41.83,40.47,41.41,,3867800.0
2014-02-18,41.51,41.82,41.02,41.15,,4026500.0
2014-02-19,41.15,42.16,41.06,41.57,,2715900.0
2014-02-20,41.67,42.33,41.67,42.23,,2598500.0
2014-02-21,42.31,42.54,41.83,42.43,,2614600.0
2014-02-24,42.43,42.71,42.23,42.25,,2941600.0
2014-02-25,42.19,42.42,41.16,41.85,,2401000.0
2014-02-26,41.83,42.46,41.23,41.68,,3418900.0
2014-02-27,41.53,42.09,41.53,42.08,,2051500.0
2014-02-28,42.38,43.1,41.66,42.69,,3087400.0
2014-03-03,42.5,42.57,41.79,42.05,,1850900.0
2014-03-04,42.46,43.2,42.34,43.02,,3183500.0
2014-03-05,43.21,43.44,42.97,43.4,,2649800.0
2014-03-06,43.53,44.24,43.4,44.04,,3108900.0
2014-03-07,44.16,44.18,43.62,43.81,,1691200.0
2014-03-10,43.74,44.24,43.7,43.88,,1807100.0
2014-03-11,43.86,44.03,43.21,43.37,,1622400.0
2014-03-12,43.09,43.55,42.96,43.49,,1929200.0
2014-03-13,43.71,44.01,43.02,43.08,,2384600.0
2014-03-14,42.99,43.36,42.44,42.6,,2420400.0
2014-03-17,42.3,42.79,42.3,42.57,,3009100.0
2014-03-18,42.74,42.94,42.47,42.88,,2878400.0
2014-03-19,42.91,42.99,42.78,42.88,,2386400.0
2014-03-20,42.58,43.14,42.4,42.88,,2246800.0
2014-03-21,44.12,44.12,42.39,43.3,,4337700.0
2014-03-24,43.22,43.26,42.41,42.61,,2615300.0
2014-03-25,42.64,42.99,42.28,42.53,,3136700.0
2014-03-26,42.97,42.97,42.25,42.26,,2641000.0
2014-03-27,42.05,42.24,41.62,41.89,,2957000.0
2014-03-28,41.95,42.3,41.83,42.18,,2135900.0
2014-03-31,42.5,42.72,42.17,42.37,,2764500.0
2014-04-01,42.64,42.98,42.43,42.94,,2483000.0
2014-04-02,43.08,43.43,42.91,43.14,,2405700.0
2014-04-03,43.26,43.35,42.69,42.9,,2068500.0
2014-04-04,43.26,43.26,42.37,42.54,,2828600.0
2014-04-07,42.59,42.59,41.09,41.34,,4609100.0
2014-04-08,41.09,41.4,40.64,41.2,,3925900.0
2014-04-09,41.34,41.44,41.07,41.38,,2707900.0
2014-04-10,41.23,41.42,40.59,40.67,,4338100.0
2014-04-11,40.07,40.78,39.66,39.79,,4281300.0
2014-04-14,40.11,40.18,39.29,39.48,,2759200.0
2014-04-15,39.69,39.8,38.48,39.35,,3206500.0
2014-04-16,39.73,39.9,39.51,39.89,,1911400.0
2014-04-17,39.61,40.01,39.6,39.87,,2569700.0
2014-04-21,40.04,40.17,39.52,39.68,,2293200.0
2014-04-22,39.59,39.91,39.58,39.74,,1888300.0
2014-04-23,39.72,40.2,39.68,39.71,,2834500.0
2014-04-24,40.01,40.09,39.64,39.68,,2005100.0
2014-04-25,39.56,39.69,39.2,39.25,,1580700.0
2014-04-28,39.26,39.45,38.28,38.63,,2865000.0
2014-04-29,38.85,39.02,38.53,38.78,,3105400.0
2014-04-30,38.62,38.99,38.5,38.89,,5014200.0
2014-05-01,38.95,39.31,38.81,39.0,,2966800.0
2014-05-02,39.26,39.48,39.11,39.25,,2008500.0
2014-05-05,38.85,39.9,38.67,39.84,,3379900.0
2014-05-06,38.92,39.8,37.98,38.28,,8221600.0
2014-05-07,38.28,38.49,37.07,37.26,,4011700.0
2014-05-08,37.16,38.52,37.15,38.1,,3571300.0
2014-05-09,37.97,38.13,37.37,37.43,,3214400.0
2014-05-12,37.59,37.91,37.49,37.62,,2821400.0
2014-05-13,37.63,37.83,37.25,37.3,,3058800.0
2014-05-14,37.33,37.38,36.79,37.06,,2920000.0
2014-05-15,36.98,37.41,36.66,37.25,,3304600.0
2014-05-16,37.16,37.78,36.95,37.77,,3659200.0
2014-05-19,37.56,38.1,37.44,37.74,,3160800.0
2014-05-20,37.31,37.98,37.31,37.77,,2806100.0
2014-05-21,38.01,38.78,37.76,38.07,,5891000.0
2014-05-22,37.96,38.91,37.76,38.86,,3595600.0
2014-05-23,38.99,40.15,38.98,40.06,,4695600.0
2014-05-27,40.2,40.26,39.81,40.22,,3571100.0
2014-05-28,40.26,40.69,39.83,40.5,,3524800.0
2014-05-29,40.56,40.68,39.66,39.82,,2734500.0
2014-05-30,40.16,40.2,39.37,39.43,,2695600.0
2014-06-02,39.46,39.85,39.34,39.79,,2957400.0
2014-06-03,39.68,39.92,39.48,39.87,,3325100.0
2014-06-04,39.67,40.37,39.54,40.28,,2957600.0
2014-06-05,40.69,41.32,40.58,41.12,,4809500.0
2014-06-06,41.33,41.42,40.99,41.33,,3005600.0
2014-06-09,41.37,41.72,41.04,41.16,,1865200.0
2014-06-10,41.1,41.2,40.85,41.17,,2148200.0
2014-06-11,40.94,41.11,40.17,40.31,,3886000.0
2014-06-12,40.25,40.56,40.09,40.22,,2142100.0
2014-06-13,40.22,40.5,39.73,39.82,,2535900.0
2014-06-16,38.91,39.62,38.91,39.44,,3888800.0
2014-06-17,39.33,39.61,39.13,39.52,,3369200.0
2014-06-18,39.61,39.61,38.95,39.41,,2620800.0
2014-06-19,39.49,39.65,38.73,38.76,,3009700.0
2014-06-20,38.73,38.77,37.63,37.8,,5618200.0
2014-06-23,37.75,38.75,37.56,38.14,,5297400.0
2014-06-24,37.98,38.4,37.95,38.09,,2095600.0
2014-06-25,37.73,38.4,37.72,38.2,,2158800.0
2014-06-26,37.46,37.85,36.79,37.34,,7769300.0
2014-06-27,36.71,37.99,36.71,37.94,,5306200.0
2014-06-30,37.81,38.46,37.81,38.06,,3688000.0
2014-07-01,38.09,38.65,38.01,38.52,,2799300.0
2014-07-02,38.42,38.97,38.39,38.9,,2487500.0
2014-07-03,38.94,39.51,38.93,39.23,,1486100.0
2014-07-07,39.14,39.32,38.71,38.96,,1736400.0
2014-07-08,38.86,39.03,38.76,38.86,,3367000.0
2014-07-09,39.11,40.44,39.03,40.32,,4050200.0
2014-07-10,39.5,40.42,39.5,39.93,,2760700.0
2014-07-11,39.5,40.36,39.5,40.26,,2022200.0
2014-07-14,40.5,40.5,39.89,40.07,,1587700.0
2014-07-15,40.01,40.32,39.79,40.24,,2611200.0
2014-07-16,41.33,43.62,41.12,42.78,,11390500.0
2014-07-17,42.72,44.47,42.31,43.55,,7056400.0
2014-07-18,43.73,43.86,43.14,43.6,,4260600.0
2014-07-21,43.45,43.56,43.07,43.15,,2742700.0
2014-07-22,43.36,43.36,42.87,42.89,,2811600.0
2014-07-23,43.02,43.14,42.15,42.43,,3022600.0
2014-07-24,42.51,42.75,42.33,42.46,,2644100.0
2014-07-25,42.48,42.81,42.24,42.46,,2389100.0
2014-07-28,42.5,42.68,42.33,42.59,,1420800.0
2014-07-29,42.5,43.09,42.45,42.49,,2174800.0
2014-07-30,42.7,43.29,42.4,42.89,,3570000.0
2014-07-31,42.25,44.18,41.55,43.65,,4449600.0
2014-08-01,43.55,43.67,42.54,42.69,,5786700.0
2014-08-04,42.79,43.32,42.69,43.22,,2403200.0
2014-08-05,43.18,43.27,42.8,43.16,,3162900.0
2014-08-06,42.92,42.92,42.17,42.53,,4990400.0
2014-08-07,43.25,43.64,40.65,40.98,,3848100.0
2014-08-08,41.06,42.35,40.84,42.28,,2226300.0
2014-08-11,42.29,43.07,42.29,42.5,,2938000.0
2014-08-12,42.53,42.61,41.83,42.32,,1909000.0
2014-08-13,40.89,42.72,40.89,42.71,,2999500.0
2014-08-14,42.69,42.87,42.51,42.77,,1438100.0
2014-08-15,43.12,43.54,42.9,43.48,,2212900.0
2014-08-18,43.84,44.47,43.67,44.39,,2165400.0
2014-08-19,44.25,44.61,43.9,44.43,,1812000.0
2014-08-20,44.29,44.87,44.13,44.83,,1484200.0
2014-08-21,44.73,44.86,44.42,44.76,,1612800.0
2014-08-22,44.82,44.99,44.29,44.3,,1610600.0
2014-08-25,44.47,44.67,43.73,43.91,,1760800.0
2014-08-26,43.81,44.44,43.69,44.09,,1904200.0
2014-08-27,43.97,44.19,43.66,43.78,,1922500.0
2014-08-28,43.7,43.94,43.44,43.76,,2052000.0
2014-08-29,43.75,44.13,43.41,43.72,,1818400.0
2014-09-02,43.9,44.21,43.86,44.01,,2927800.0
2014-09-03,44.05,44.29,43.24,43.45,,2756000.0
2014-09-04,43.64,43.78,43.11,43.5,,2226600.0
2014-09-05,43.52,43.7,42.88,43.44,,2482200.0
2014-09-08,43.07,43.8,41.86,42.44,,4189700.0
2014-09-09,42.27,42.34,40.85,40.91,,4262500.0
2014-09-10,40.83,41.06,40.38,40.97,,2245100.0
2014-09-11,40.84,41.09,40.06,40.37,,3048600.0
2014-09-12,40.44,40.44,39.43,39.66,,3805300.0
2014-09-15,40.42,40.44,38.53,39.35,,5221800.0
2014-09-16,39.37,39.87,38.7,39.45,,5549400.0
2014-09-17,39.34,40.09,39.29,39.95,,3821500.0
2014-09-18,40.01,40.19,39.67,39.97,,2791300.0
2014-09-19,40.2,40.66,39.91,40.5,,15560900.0
2014-09-22,40.41,40.48,39.29,39.35,,3371000.0
2014-09-23,39.46,39.46,38.2,38.22,,3235400.0
2014-09-24,38.38,38.49,37.75,38.1,,2648554.0
2014-09-25,37.92,38.38,37.83,38.09,,3470049.0
2014-09-26,38.07,39.06,37.97,39.0,,2992077.0
2014-09-29,38.51,38.9,37.3,37.7,,4455871.0
2014-09-30,37.83,38.13,37.66,37.8,,3200298.0
2014-10-01,37.63,37.89,36.3,36.31,,5402095.0
2014-10-02,36.12,36.41,35.47,36.27,,5380880.0
2014-10-03,36.36,37.13,36.11,37.0,,2795763.0
2014-10-06,37.16,37.46,36.78,36.85,,2572244.0
2014-10-07,36.65,36.77,36.05,36.2,,4021906.0
2014-10-08,36.14,37.27,36.0,37.16,,5510188.0
2014-10-09,37.0,37.09,35.72,35.79,,4054228.0
2014-10-10,35.79,35.99,35.05,35.07,,3447690.0
2014-10-13,35.0,35.25,33.88,33.91,,3393025.0
2014-10-14,34.19,35.44,34.19,34.31,,5207588.0
2014-10-15,33.73,34.95,33.21,34.45,,4365634.0
2014-10-16,33.76,34.45,33.64,34.19,,3161482.0
2014-10-17,34.46,35.17,34.45,34.65,,1878598.0
2014-10-20,34.5,34.8,34.06,34.65,,2064471.0
2014-10-21,34.8,36.5,34.65,36.24,,2830131.0
2014-10-22,36.31,36.48,34.85,34.89,,2220219.0
2014-10-23,35.22,36.59,35.0,35.97,,3074935.0
2014-10-24,35.99,36.75,35.7,36.61,,2112648.0
2014-10-27,36.48,36.72,36.16,36.52,,1636211.0
2014-10-28,36.45,37.38,36.45,37.24,,2495855.0
2014-10-29,37.13,37.64,36.72,37.02,,1565755.0
2014-10-30,36.14,36.91,35.52,35.94,,5342001.0
2014-10-31,36.74,37.0,35.15,35.35,,5822569.0
2014-11-03,35.35,35.73,35.01,35.67,,3740344.0
2014-11-04,32.66,33.54,32.03,33.31,,11848428.0
2014-11-05,33.29,34.53,32.15,34.47,,11660084.0
2014-11-06,34.56,34.7,32.88,32.9,,4515490.0
2014-11-07,33.02,33.33,32.56,32.62,,5338461.0
2014-11-10,32.78,32.9,32.19,32.26,,4724199.0
2014-11-11,32.34,32.68,31.87,31.99,,6446441.0
2014-11-12,31.29,32.02,31.29,31.86,,4781126.0
2014-11-13,31.99,32.98,31.75,32.86,,7771117.0
2014-11-14,32.92,33.63,32.75,33.53,,6156624.0
2014-11-17,33.21,33.52,32.45,32.53,,3759018.0
2014-11-18,32.79,33.57,32.41,33.36,,4770646.0
2014-11-19,33.17,33.46,32.76,32.97,,4012637.0
2014-11-20,32.76,33.95,32.65,33.92,,4060831.0
2014-11-21,34.22,34.22,33.45,33.75,,3043041.0
2014-11-24,34.02,34.61,33.81,34.59,,2791453.0
2014-11-25,34.83,35.35,34.62,34.81,,3009837.0
2014-11-26,34.81,34.96,34.45,34.73,,1875949.0
2014-11-28,35.06,35.09,34.47,34.9,,1077721.0
2014-12-01,34.63,35.04,34.39,34.69,,2111130.0
2014-12-02,34.8,35.2,34.65,34.92,,1558161.0
2014-12-03,34.93,35.69,34.83,35.31,,2701311.0
2014-12-04,35.24,35.31,34.31,34.43,,2671621.0
2014-12-05,34.43,34.6,33.16,33.97,,7058428.0
2014-12-08,33.83,34.14,33.38,33.67,,4337483.0
2014-12-09,33.54,34.69,33.14,34.64,,3732734.0
2014-12-10,34.43,34.59,33.87,33.9,,2984382.0
2014-12-11,34.11,34.67,33.99,34.05,,2727269.0
2014-12-12,33.32,34.3,33.06,33.38,,4978208.0
2014-12-15,33.77,34.0,32.69,32.87,,2459006.0
2014-12-16,32.91,33.7,32.48,33.19,,2811492.0
2014-12-17,33.3,34.34,33.22,34.22,,1931625.0
2014-12-18,34.68,35.45,34.47,35.41,,3520897.0
2014-12-19,35.76,35.78,34.85,35.43,,5941534.0
2014-12-22,35.56,35.61,34.35,34.6,,3592532.0
2014-12-23,34.72,35.5,34.65,35.08,,2389975.0
2014-12-24,34.98,35.18,34.79,34.89,,715752.0
2014-12-26,35.04,35.13,34.61,34.87,,1377109.0
2014-12-29,34.75,35.74,34.7,35.46,,1403696.0
2014-12-30,35.42,35.42,34.64,35.22,,1779651.0
2014-12-31,35.35,35.53,34.39,34.45,,2689324.0
2015-01-02,34.63,34.64,34.12,34.48,,1987147.0
2015-01-05,34.35,34.41,32.94,33.06,,1943507.0
2015-01-06,33.08,33.13,31.93,31.98,,3874813.0
2015-01-07,32.27,32.27,31.46,32.21,,4011683.0
2015-01-08,32.64,32.75,31.93,32.47,,4341083.0
2015-01-09,32.38,32.54,31.96,32.03,,3059567.0
2015-01-12,32.2,32.29,31.57,31.64,,3348599.0
2015-01-13,31.88,32.22,31.02,31.21,,4466206.0
2015-01-14,30.57,30.76,29.57,30.0,,6142527.0
2015-01-15,30.15,30.15,29.43,29.47,,5078301.0
2015-01-16,29.25,29.72,28.94,29.41,,9682437.0
2015-01-20,29.61,29.61,28.75,29.25,,6504557.0
2015-01-21,29.12,29.83,29.05,29.45,,5661986.0
2015-01-22,29.62,30.2,29.49,30.06,,4569542.0
2015-01-23,29.25,30.15,29.25,29.84,,3029665.0
2015-01-26,29.98,30.36,29.88,30.06,,2152424.0
2015-01-27,29.59,30.2,29.55,30.05,,2156689.0
2015-01-28,30.22,30.29,29.64,29.77,,4595618.0
2015-01-29,29.9,29.9,29.3,29.74,,4583852.0
2015-01-30,29.56,29.85,28.94,28.98,,5457886.0
2015-02-02,29.16,29.28,28.71,29.28,,3332523.0
2015-02-03,29.51,30.19,29.32,29.57,,6038323.0
2015-02-04,29.61,30.44,29.6,30.1,,4554247.0
2015-02-05,30.1,30.28,29.04,29.19,,5389772.0
2015-02-06,29.15,30.43,29.15,29.91,,2719136.0
2015-02-09,29.48,30.22,29.48,30.05,,2457129.0
2015-02-10,30.23,30.88,29.87,30.84,,2686933.0
2015-02-11,30.91,31.0,30.19,30.59,,2592550.0
2015-02-12,30.67,30.95,30.07,30.34,,3758842.0
2015-02-13,30.25,31.54,30.25,31.45,,4509473.0
2015-02-17,31.5,31.74,30.78,30.8,,3753393.0
2015-02-18,30.85,31.12,30.61,30.9,,4991759.0
2015-02-19,30.65,32.37,29.7,31.1,,9924046.0
2015-02-20,31.0,31.17,29.45,30.93,,23015882.0
2015-02-23,32.0,33.82,31.9,32.34,,17369364.0
2015-02-24,32.9,33.16,32.34,33.0,,7012927.0
2015-02-25,33.06,33.77,32.77,32.94,,6331370.0
2015-02-26,32.95,33.14,32.13,32.45,,3316307.0
2015-02-27,32.53,32.73,32.21,32.3,,4123595.0
2015-03-02,32.38,32.81,32.1,32.65,,3452185.0
2015-03-03,32.56,34.05,32.46,33.99,,5858203.0
2015-03-04,33.92,33.95,33.32,33.8,,4156424.0
2015-03-05,33.82,33.93,33.36,33.56,,2602125.0
2015-03-06,33.39,33.53,32.79,33.08,,5398008.0
2015-03-09,33.08,33.27,32.65,32.8,,2998106.0
2015-03-10,32.8,32.85,32.19,32.37,,3284504.0
2015-03-11,32.34,32.63,32.17,32.4,,3057067.0
2015-03-12,32.49,32.72,31.74,32.39,,3979433.0
2015-03-13,32.25,32.45,31.59,32.03,,4304661.0
2015-03-16,32.19,32.64,31.7,32.6,,2331990.0
2015-03-17,32.35,32.49,31.8,32.11,,3820846.0
2015-03-18,31.95,32.03,31.08,31.65,,5980907.0
2015-03-19,31.52,31.84,31.19,31.82,,4706807.0
2015-03-20,32.01,32.46,31.66,32.45,,3855862.0
2015-03-23,32.45,32.8,32.38,32.55,,2269541.0
2015-03-24,32.38,32.71,32.22,32.51,,2319529.0
2015-03-25,32.52,32.55,31.15,31.55,,5454845.0
2015-03-26,31.35,31.48,30.6,30.93,,5427210.0
2015-03-27,30.83,31.67,30.64,31.27,,3424919.0
2015-03-30,31.32,31.64,31.01,31.09,,2484042.0
2015-03-31,31.06,31.21,30.67,30.76,,3194016.0
2015-04-01,30.83,31.13,30.51,30.91,,3273049.0
2015-04-02,31.17,32.19,30.71,32.15,,4459436.0
2015-04-06,31.89,32.96,31.68,32.71,,5449353.0
2015-04-07,32.64,33.21,32.39,32.92,,4396613.0
2015-04-08,32.92,33.25,32.72,32.84,,3646527.0
2015-04-09,32.88,33.25,32.72,33.21,,2352166.0
2015-04-10,33.3,33.31,32.91,33.04,,2255871.0
2015-04-13,33.1,33.5,32.8,33.03,,2797094.0
2015-04-14,32.87,33.21,32.44,32.94,,5981286.0
2015-04-15,33.0,33.68,32.87,33.38,,2540845.0
2015-04-16,33.25,33.5,32.97,33.18,,2475406.0
2015-04-17,32.89,33.08,32.18,32.8,,4823241.0
2015-04-20,33.06,34.31,33.0,33.96,,6742397.0
2015-04-21,33.96,34.05,33.37,33.48,,2671044.0
2015-04-22,33.49,33.71,33.13,33.53,,2310653.0
2015-04-23,33.38,34.08,33.22,33.64,,3190176.0
2015-04-24,33.57,33.6,32.7,32.71,,3250091.0
2015-04-27,32.81,33.03,32.15,32.24,,2328196.0
2015-04-28,31.92,32.09,31.25,31.7,,10121274.0
2015-04-29,31.61,32.35,31.53,32.19,,4865323.0
2015-04-30,32.04,32.48,31.98,32.36,,4940799.0
2015-05-01,32.58,32.9,32.34,32.74,,3337916.0
2015-05-04,32.89,33.41,32.69,33.37,,4129139.0
2015-05-05,33.57,33.93,32.57,32.59,,8660006.0
2015-05-06,32.6,32.76,31.64,32.0,,7036704.0
2015-05-07,32.06,32.06,31.21,31.5,,4257873.0
2015-05-08,31.86,31.86,31.28,31.33,,3312117.0
2015-05-11,31.35,31.64,30.73,30.77,,2770048.0
2015-05-12,30.89,32.62,30.55,32.02,,15921441.0
2015-05-13,32.0,32.14,31.21,31.44,,5184600.0
2015-05-14,31.51,31.8,31.22,31.4,,3184906.0
2015-05-15,31.36,31.76,31.23,31.75,,2872553.0
2015-05-18,31.57,33.08,31.52,32.98,,5038971.0
2015-05-19,32.78,33.58,32.59,33.33,,4240435.0
2015-05-20,33.51,33.77,33.33,33.57,,2993154.0
2015-05-21,33.49,33.72,33.2,33.3,,3036846.0
2015-05-22,33.3,33.44,32.88,33.15,,2055633.0
2015-05-26,33.1,33.2,32.67,32.85,,1991970.0
2015-05-27,32.9,33.25,32.75,33.1,,1909427.0
2015-05-28,33.09,33.24,32.97,33.05,,1667634.0
2015-05-29,33.1,34.08,33.03,33.94,,5511183.0
2015-06-01,34.07,34.28,33.8,33.93,,2863760.0
2015-06-02,33.92,34.23,33.61,33.95,,2067786.0
2015-06-03,33.88,34.15,33.58,33.97,,2199516.0
2015-06-04,33.65,34.06,33.51,33.86,,2600331.0
2015-06-05,33.77,34.79,33.54,34.45,,3724455.0
2015-06-08,34.4,34.5,33.6,33.77,,3220433.0
2015-06-09,33.93,33.93,33.15,33.44,,2025643.0
2015-06-10,33.57,33.65,33.08,33.23,,1797201.0
2015-06-11,33.38,33.48,32.61,32.96,,2196766.0
2015-06-12,32.95,33.0,32.4,32.51,,2793547.0
2015-06-15,32.41,32.92,32.08,32.73,,2528678.0
2015-06-16,32.76,33.01,32.48,32.89,,1695367.0
2015-06-17,32.85,33.45,32.84,33.34,,2289919.0
2015-06-18,33.47,34.1,33.35,33.9,,2098714.0
2015-06-19,33.88,34.07,33.55,33.91,,2286024.0
2015-06-22,33.36,34.37,33.22,33.94,,1942165.0
2015-06-23,34.03,34.1,33.57,34.04,,2585659.0
2015-06-24,34.1,34.12,33.65,33.75,,1802926.0
2015-06-25,33.92,33.92,33.5,33.6,,2324325.0
2015-06-26,33.71,34.17,33.46,33.84,,6361240.0
2015-06-29,34.25,34.49,33.13,33.22,,3132797.0
2015-06-30,33.54,33.67,33.09,33.26,,3228024.0
2015-07-01,33.44,33.57,32.99,33.29,,3907437.0
2015-07-02,33.45,33.93,32.92,33.18,,3534438.0
2015-07-06,32.99,33.54,32.86,33.09,,2403577.0
2015-07-07,33.18,33.88,32.45,33.8,,3661982.0
2015-07-08,33.73,34.26,32.71,32.78,,2876545.0
2015-07-09,32.97,33.23,32.5,32.53,,2692893.0
2015-07-10,32.94,33.54,32.77,33.38,,2098077.0
2015-07-13,33.59,34.0,33.47,33.53,,2684578.0
2015-07-14,33.73,34.17,33.58,34.01,,2230069.0
2015-07-15,34.12,34.35,33.84,33.92,,1749122.0
2015-07-16,34.2,34.94,34.0,34.8,,2146377.0
2015-07-17,34.18,34.7,33.17,33.31,,3336762.0
2015-07-20,32.88,32.88,31.86,32.64,,4054226.0
2015-07-21,32.32,32.38,31.8,31.82,,3491070.0
2015-07-22,31.77,32.45,31.61,32.43,,3078199.0
2015-07-23,32.39,32.58,31.9,32.15,,2489620.0
2015-07-24,32.21,32.25,31.7,31.8,,1569812.0
2015-07-27,31.61,32.63,31.1,31.54,,3785655.0
2015-07-28,31.61,31.79,31.0,31.31,,2967552.0
2015-07-29,31.3,31.79,30.9,31.61,,3031294.0
2015-07-30,31.45,32.3,31.28,32.23,,3387471.0
2015-07-31,32.44,33.16,32.18,33.02,,3675652.0
2015-08-03,33.0,33.3,31.5,32.71,,3335806.0
2015-08-04,32.71,33.43,32.36,32.86,,3820724.0
2015-08-05,32.41,32.61,28.47,28.87,,12132169.0
2015-08-06,29.01,29.96,28.2,29.88,,12320495.0
2015-08-07,30.35,30.35,29.0,29.44,,7099909.0
2015-08-10,29.83,29.92,29.32,29.55,,4511283.0
2015-08-11,29.42,29.43,28.68,28.74,,3121973.0
2015-08-12,28.5,28.96,28.47,28.93,,3251140.0
2015-08-13,28.88,28.88,28.39,28.48,,5030758.0
2015-08-14,28.49,28.67,28.19,28.31,,2433723.0
2015-08-17,28.18,29.4,28.17,29.32,,2870343.0
2015-08-18,29.3,29.51,28.93,29.05,,1680795.0
2015-08-19,29.05,29.19,28.51,28.78,,2090652.0
2015-08-20,28.46,28.5,27.02,27.32,,7497427.0
2015-08-21,27.02,27.32,26.69,27.1,,5561074.0
2015-08-24,25.62,26.82,25.11,26.05,,6545802.0
2015-08-25,26.79,26.79,25.82,25.82,,7841113.0
2015-08-26,26.35,26.59,25.9,26.52,,3998936.0
2015-08-27,26.64,27.29,26.36,26.91,,3195108.0
2015-08-28,26.69,27.42,26.59,27.11,,2473691.0
2015-08-31,26.95,26.96,26.39,26.6,,2738612.0
2015-09-01,26.03,26.49,26.0,26.28,,4474690.0
2015-09-02,26.69,26.75,26.02,26.75,,3374362.0
2015-09-03,26.79,27.68,26.62,27.12,,3087934.0
2015-09-04,26.8,27.07,26.59,26.73,,2076287.0
2015-09-08,27.62,27.89,27.11,27.22,,3604986.0
2015-09-09,27.42,27.68,26.75,26.82,,2669168.0
2015-09-10,26.79,27.13,26.56,26.9,,2936635.0
2015-09-11,26.8,27.06,26.42,26.94,,2367684.0
2015-09-14,26.79,26.89,26.18,26.57,,3042916.0
2015-09-15,26.71,27.08,26.49,26.99,,2071947.0
2015-09-16,27.13,28.13,27.13,27.89,,2899390.0
2015-09-17,27.9,28.68,27.83,28.29,,3011287.0
2015-09-18,27.95,28.52,27.62,28.28,,3690315.0
2015-09-21,28.32,28.85,28.14,28.81,,4520794.0
2015-09-22,28.42,28.44,27.45,27.81,,4081300.0
2015-09-23,27.8,27.95,27.5,27.67,,2515266.0
2015-09-24,27.5,27.96,27.01,27.65,,2614531.0
2015-09-25,27.66,27.92,27.39,27.84,,2580497.0
2015-09-28,27.85,28.31,27.65,27.78,,3973815.0
2015-09-29,28.1,28.23,25.57,26.4,,14228187.0
2015-09-30,26.45,26.77,25.27,26.01,,6410109.0
2015-10-01,26.15,26.17,25.27,25.36,,4624661.0
2015-10-02,25.1,26.11,25.02,26.09,,3651522.0
2015-10-05,26.35,27.1,26.23,26.88,,3597130.0
2015-10-06,27.02,27.46,26.87,27.21,,3103880.0
2015-10-07,27.37,28.5,27.37,28.01,,3978895.0
2015-10-08,27.98,28.95,27.81,28.84,,3901850.0
2015-10-09,28.93,29.29,28.5,28.9,,2284010.0
2015-10-12,29.0,29.0,28.48,28.84,,3144125.0
2015-10-13,28.72,29.1,28.5,28.83,,2973409.0
2015-10-14,28.42,28.88,27.85,28.35,,1764848.0
2015-10-15,28.46,28.87,27.95,28.86,,2154890.0
2015-10-16,28.59,28.75,28.17,28.49,,3212974.0
2015-10-19,28.46,28.77,28.17,28.7,,2165211.0
2015-10-20,28.77,29.38,28.5,29.18,,3034100.0
2015-10-21,29.29,29.54,28.71,28.81,,1698581.0
2015-10-22,28.85,29.67,28.74,29.45,,2029629.0
2015-10-23,29.69,29.91,29.4,29.77,,2451559.0
2015-10-26,29.84,29.84,29.14,29.29,,2297722.0
2015-10-27,29.05,29.32,28.32,28.78,,3149391.0
2015-10-28,28.82,29.55,28.62,29.53,,2449361.0
2015-10-29,29.32,30.13,29.09,29.37,,2802921.0
2015-10-30,29.38,29.67,28.72,29.44,,2685011.0
2015-11-02,29.53,30.24,29.42,30.06,,4489055.0
2015-11-03,31.0,31.8,30.1,31.08,,6098444.0
2015-11-04,31.13,31.52,29.26,30.3,,7195878.0
2015-11-05,30.36,30.36,29.14,29.51,,4104274.0
2015-11-06,29.29,29.46,28.8,29.01,,4429571.0
2015-11-09,29.1,29.39,28.25,29.0,,3677118.0
2015-11-10,29.1,30.09,29.02,30.06,,3571445.0
2015-11-11,30.32,31.35,30.1,30.61,,4086484.0
2015-11-12,30.48,30.76,30.1,30.16,,3086062.0
2015-11-13,30.17,30.44,29.86,29.98,,2433174.0
2015-11-16,29.89,30.62,29.87,30.59,,2321316.0
2015-11-17,30.67,30.96,29.88,30.1,,3645297.0
2015-11-18,30.28,30.8,30.21,30.78,,1981140.0
2015-11-19,30.82,30.88,30.17,30.56,,2672762.0
2015-11-20,30.7,31.0,30.5,30.77,,2189492.0
2015-11-23,30.69,31.33,30.31,30.71,,2519977.0
2015-11-24,30.57,31.16,30.41,30.95,,2904870.0
2015-11-25,30.89,31.26,30.29,31.12,,2695099.0
2015-11-27,31.12,31.33,30.65,31.08,,1460073.0
2015-11-30,31.15,31.39,30.71,31.14,,3078006.0
2015-12-01,31.22,31.38,30.88,31.08,,2498906.0
2015-12-02,31.13,31.25,30.04,30.18,,3877957.0
2015-12-03,30.18,30.6,29.67,30.12,,2888171.0
2015-12-04,30.14,30.85,29.89,30.73,,2350163.0
2015-12-07,30.73,30.84,30.12,30.7,,2305871.0
2015-12-08,30.44,30.44,29.39,29.43,,4313063.0
2015-12-09,29.26,29.47,28.32,28.45,,4535821.0
2015-12-10,28.44,28.82,28.04,28.39,,3195427.0
2015-12-11,27.92,28.12,27.15,27.37,,3029231.0
2015-12-14,27.36,27.68,25.99,26.45,,6131402.0
2015-12-15,26.58,27.48,26.31,26.52,,4982658.0
2015-12-16,26.8,27.41,26.62,27.18,,3438156.0
2015-12-17,27.21,27.36,26.3,26.48,,2920615.0
2015-12-18,26.47,26.47,25.83,26.22,,7112382.0
2015-12-21,26.6,26.63,26.16,26.28,,2870690.0
2015-12-22,26.38,27.04,26.27,26.87,,2471128.0
2015-12-23,26.86,27.23,26.71,27.14,,2653207.0
2015-12-24,27.17,27.29,26.97,27.09,,980439.0
2015-12-28,26.69,27.06,26.27,26.84,,1881859.0
2015-12-29,27.0,27.19,26.75,26.9,,1475444.0
2015-12-30,26.89,27.08,26.35,26.56,,2032605.0
2015-12-31,26.5,26.91,26.3,26.68,,1694641.0
2016-01-04,26.13,26.85,25.9,26.41,,2762967.0
2016-01-05,26.46,27.14,26.17,26.47,,1738467.0
2016-01-06,25.96,26.64,25.93,26.28,,2268542.0
2016-01-07,25.75,26.03,25.23,25.48,,2927312.0
2016-01-08,25.65,26.18,25.38,26.01,,2886474.0
2016-01-11,26.08,26.31,25.42,25.83,,2437110.0
2016-01-12,25.95,26.64,25.89,26.33,,2433407.0
2016-01-13,26.43,26.7,25.38,25.54,,2114710.0
2016-01-14,25.69,26.55,25.45,26.3,,3830658.0
2016-01-15,25.54,26.11,25.34,25.89,,2156653.0
2016-01-19,26.14,26.41,25.43,25.79,,3583808.0
2016-01-20,25.34,25.77,24.7,25.53,,3014226.0
2016-01-21,25.53,26.31,25.21,25.89,,3448687.0
2016-01-22,26.36,27.03,26.28,26.9,,3350058.0
2016-01-25,26.71,26.87,26.18,26.25,,2310490.0
2016-01-26,26.43,27.48,26.34,27.42,,3048322.0
2016-01-27,27.4,28.03,26.99,27.1,,3274670.0
2016-01-28,27.37,27.42,26.22,26.73,,2777809.0
2016-01-29,26.79,27.62,26.71,27.59,,2537446.0
2016-02-01,27.33,27.82,26.89,27.64,,2538276.0
2016-02-02,27.22,27.43,26.32,26.4,,2768630.0
2016-02-03,26.54,27.31,25.95,27.27,,2422039.0
2016-02-04,27.38,28.32,27.36,27.7,,3172421.0
2016-02-05,27.7,27.74,26.79,27.21,,3111751.0
2016-02-08,26.84,26.98,25.48,26.02,,3123896.0
2016-02-09,25.51,25.58,24.2,24.72,,5795705.0
2016-02-10,24.63,25.14,23.85,24.75,,3901971.0
2016-02-11,24.13,24.55,23.74,24.33,,3624988.0
2016-02-12,24.47,25.07,24.2,25.0,,3039402.0
2016-02-16,24.71,25.67,24.2,25.56,,4251498.0
2016-02-17,25.67,26.97,25.41,26.71,,5594513.0
2016-02-18,25.9,26.19,24.33,25.62,,7059066.0
2016-02-19,25.49,25.87,25.09,25.35,,3970521.0
2016-02-22,25.72,26.36,25.66,26.19,,3765580.0
2016-02-23,26.2,26.2,25.1,25.19,,4099636.0
2016-02-24,24.92,25.35,24.43,25.2,,4072925.0
2016-02-25,25.38,25.39,24.53,24.88,,3331116.0
2016-02-26,25.07,25.32,24.84,25.08,,4317832.0
2016-02-29,25.04,25.42,24.83,25.0,,3768365.0
2016-03-01,25.26,26.7,25.06,26.43,,5441741.0
2016-03-02,26.27,27.08,26.22,26.78,,4479878.0
2016-03-03,26.6,27.86,26.6,27.63,,4734044.0
2016-03-04,27.54,27.88,27.03,27.6,,4254819.0
2016-03-07,27.32,28.18,27.15,28.06,,2938255.0
2016-03-08,27.84,27.89,27.1,27.18,,3892184.0
2016-03-09,27.49,27.86,27.26,27.67,,2973384.0
2016-03-10,27.88,27.92,27.22,27.64,,2377433.0
2016-03-11,27.95,28.65,27.61,28.44,,2971021.0
2016-03-14,28.01,28.45,27.5,27.93,,2774209.0
2016-03-15,27.82,27.99,27.46,27.66,,2827101.0
2016-03-16,27.49,28.57,27.36,28.55,,2874825.0
2016-03-17,28.58,29.23,28.54,29.1,,2890215.0
2016-03-18,29.16,29.53,28.92,29.42,,3441042.0
2016-03-21,29.27,29.75,28.66,29.24,,2396011.0
2016-03-22,28.97,29.12,28.54,28.87,,2249780.0
2016-03-23,28.89,28.89,27.52,27.81,,3373022.0
2016-03-24,27.58,28.1,27.32,27.99,,2472209.0
2016-03-28,28.15,28.46,27.92,28.23,,1331773.0
2016-03-29,28.19,28.38,27.79,28.24,,2063039.0
2016-03-30,28.45,28.53,27.99,28.09,,1851440.0
2016-03-31,28.16,28.69,28.16,28.63,,2615977.0
2016-04-01,28.27,28.98,28.17,28.9,,2300668.0
2016-04-04,29.0,29.26,28.75,28.88,,1854969.0
2016-04-05,28.65,28.82,28.36,28.62,,2386814.0
2016-04-06,28.73,29.01,28.45,28.93,,2223577.0
2016-04-07,28.72,28.89,27.66,27.91,,3981545.0
2016-04-08,28.39,28.43,27.9,28.17,,2893902.0
2016-04-11,28.44,28.6,28.05,28.35,,3233888.0
2016-04-12,28.44,28.57,27.91,28.38,,2527650.0
2016-04-13,28.59,29.07,28.36,28.7,,2113453.0
2016-04-14,28.69,28.84,28.37,28.38,,2065753.0
2016-04-15,28.36,28.44,28.02,28.34,,2361330.0
2016-04-18,28.21,28.83,28.15,28.55,,1412585.0
2016-04-19,28.63,29.21,28.28,28.34,,3331634.0
2016-04-20,28.34,28.41,27.76,28.16,,3345115.0
2016-04-21,28.3,28.85,28.17,28.37,,2616633.0
2016-04-22,28.34,28.95,28.24,28.8,,2568312.0
2016-04-25,28.53,28.73,27.78,27.93,,4779335.0
2016-04-26,27.6,28.48,27.54,28.2,,2905471.0
2016-04-27,28.3,28.54,28.0,28.44,,1721408.0
2016-04-28,28.29,28.59,27.95,28.15,,2246926.0
2016-04-29,28.01,28.06,26.99,27.31,,4294866.0
2016-05-02,27.37,28.09,27.14,27.93,,3774775.0
2016-05-03,27.6,27.7,26.92,27.0,,3540360.0
2016-05-04,27.04,27.53,26.57,26.59,,6455460.0
2016-05-05,27.55,28.32,27.25,27.74,,8407436.0
2016-05-06,27.68,28.35,27.41,28.28,,4331635.0
2016-05-09,28.38,28.59,28.06,28.15,,2672477.0
2016-05-10,28.33,29.37,28.26,29.31,,4655506.0
2016-05-11,29.11,29.3,28.78,28.97,,3986317.0
2016-05-12,29.12,29.15,27.84,28.14,,5648031.0
2016-05-13,28.04,28.69,27.89,27.98,,3739914.0
2016-05-16,28.09,28.22,27.48,27.53,,3590600.0
2016-05-17,27.37,27.92,27.22,27.45,,4087004.0
2016-05-18,26.79,26.84,26.29,26.71,,6318548.0
2016-05-19,26.61,26.71,26.06,26.1,,3524795.0
2016-05-20,26.34,26.76,26.05,26.17,,3658477.0
2016-05-23,26.23,26.63,26.16,26.24,,2755138.0
2016-05-24,26.29,26.62,26.29,26.53,,3540107.0
2016-05-25,26.62,27.13,26.52,27.0,,2396036.0
2016-05-26,27.05,27.3,26.81,27.07,,2363647.0
2016-05-27,27.03,27.64,27.03,27.55,,2658039.0
2016-05-31,27.69,27.97,27.52,27.85,,3184489.0
2016-06-01,27.72,27.92,27.31,27.81,,1807143.0
2016-06-02,27.71,28.45,27.68,28.3,,3167252.0
2016-06-03,28.22,28.41,27.75,28.39,,3731947.0
2016-06-06,28.54,28.89,28.04,28.88,,4152339.0
2016-06-07,28.18,28.2,27.64,27.85,,5662643.0
2016-06-08,28.07,28.16,27.8,28.04,,1569787.0
2016-06-09,27.87,27.89,27.21,27.33,,2757851.0
2016-06-10,26.95,27.51,25.99,26.15,,4161062.0
2016-06-13,26.15,26.51,25.97,25.97,,1976853.0
2016-06-14,25.94,26.09,25.44,25.67,,5049260.0
2016-06-15,25.74,26.14,25.48,25.54,,4329282.0
2016-06-16,25.38,25.57,25.11,25.55,,3632311.0
2016-06-17,25.69,26.03,25.43,25.59,,3341584.0
2016-06-20,25.95,26.52,25.93,26.09,,3313204.0
2016-06-21,26.16,26.16,25.4,25.76,,3252990.0
2016-06-22,25.96,26.28,25.76,25.99,,3066510.0
2016-06-23,26.21,26.44,26.1,26.37,,2989773.0
2016-06-24,25.18,25.32,24.3,24.46,,6384138.0
2016-06-27,24.46,24.53,23.67,23.73,,5231436.0
2016-06-28,24.02,24.05,23.66,23.91,,3521735.0
2016-06-29,23.92,24.45,23.77,24.38,,3558680.0
2016-06-30,24.51,25.26,24.5,25.23,,6201589.0
2016-07-01,25.29,25.52,25.11,25.25,,2981378.0
2016-07-05,25.07,25.16,24.53,24.77,,2947820.0
2016-07-06,24.62,25.12,24.44,25.1,,3318155.0
2016-07-07,25.15,25.51,25.09,25.41,,3182677.0
2016-07-08,25.5,25.81,25.48,25.62,,3462138.0
2016-07-11,25.69,25.83,25.23,25.25,,4112024.0
2016-07-12,25.48,25.62,25.36,25.54,,3977118.0
2016-07-13,25.69,25.69,25.37,25.49,,3059971.0
2016-07-14,25.76,25.83,25.46,25.7,,3708077.0
2016-07-15,25.46,25.67,24.87,25.06,,3409769.0
2016-07-18,25.07,25.31,24.96,25.3,,3809023.0
2016-07-19,25.26,25.39,25.09,25.17,,2948825.0
2016-07-20,25.19,25.59,25.04,25.31,,2393090.0
2016-07-21,25.38,25.69,25.27,25.4,,2030959.0
2016-07-22,25.27,25.61,25.27,25.51,,1319454.0
2016-07-25,25.43,25.73,25.4,25.46,,1693628.0
2016-07-26,25.42,25.75,25.31,25.64,,2117041.0
2016-07-27,25.74,25.76,25.12,25.46,,2010511.0
2016-07-28,25.37,25.55,25.17,25.26,,1835014.0
2016-07-29,25.21,25.23,24.71,25.09,,4499884.0
2016-08-01,25.16,25.31,24.73,24.77,,5154950.0
2016-08-02,26.0,26.53,25.5,26.42,,8682352.0
2016-08-03,26.81,27.73,26.3,26.83,,7548715.0
2016-08-04,26.76,26.91,25.93,26.42,,3992184.0
2016-08-05,26.53,26.57,26.23,26.33,,2542910.0
2016-08-08,26.49,26.56,25.99,26.2,,3114825.0
2016-08-09,26.16,26.26,25.64,25.65,,3175558.0
2016-08-10,25.69,25.99,25.51,25.76,,2592170.0
2016-08-11,25.85,26.12,25.75,26.1,,2097958.0
2016-08-12,26.09,26.51,25.87,26.35,,3196757.0
2016-08-15,26.46,26.7,26.4,26.58,,1813876.0
2016-08-16,26.44,26.46,26.25,26.35,,1606917.0
2016-08-17,26.38,27.02,26.37,26.97,,4628192.0
2016-08-18,26.92,27.09,26.72,26.84,,3284514.0
2016-08-19,26.75,26.86,26.62,26.73,,2037214.0
2016-08-22,26.73,26.73,26.37,26.56,,2689079.0
2016-08-23,26.59,26.66,26.34,26.39,,2420805.0
2016-08-24,26.4,26.54,26.08,26.11,,2530804.0
2016-08-25,26.15,26.26,25.81,25.87,,1999518.0
2016-08-26,25.99,26.21,25.58,25.73,,2233563.0
2016-08-29,25.76,25.91,25.65,25.66,,1105691.0
2016-08-30,25.68,25.81,25.46,25.59,,1921418.0
2016-08-31,25.54,25.7,25.34,25.51,,2457335.0
2016-09-01,25.52,25.76,25.43,25.69,,2285636.0
2016-09-02,25.74,25.96,25.74,25.89,,1747613.0
2016-09-06,25.9,25.91,24.88,25.09,,4864391.0
2016-09-07,25.12,25.25,24.89,25.07,,2861215.0
2016-09-08,25.0,25.45,24.91,25.38,,3913876.0
2016-09-09,25.17,25.3,24.53,24.55,,3856070.0
2016-09-12,24.39,25.19,24.22,25.18,,3402070.0
2016-09-13,24.88,25.0,24.58,24.73,,3402476.0
2016-09-14,24.24,24.96,24.24,24.74,,1949921.0
2016-09-15,24.74,24.8,24.18,24.41,,4156710.0
2016-09-16,24.26,24.39,23.95,24.35,,5492893.0
2016-09-19,24.44,24.68,24.28,24.55,,2265488.0
2016-09-20,24.7,24.7,24.26,24.27,,4373838.0
2016-09-21,24.29,24.56,24.13,24.53,,3483763.0
2016-09-22,24.48,25.83,24.46,25.71,,6441935.0
2016-09-23,25.65,26.16,25.59,26.09,,4432987.0
2016-09-26,26.01,26.17,25.75,26.16,,4907396.0
2016-09-27,25.84,26.39,25.61,26.37,,4885986.0
2016-09-28,26.5,26.81,26.34,26.8,,3004571.0
2016-09-29,26.56,27.25,26.23,26.81,,3978786.0
2016-09-30,26.93,27.11,26.76,26.92,,4818007.0
2016-10-03,26.91,27.45,26.77,27.39,,4270577.0
2016-10-04,27.38,27.53,27.1,27.4,,3373486.0
2016-10-05,27.52,27.86,27.33,27.69,,3702725.0
2016-10-06,27.63,28.26,27.51,27.84,,2476920.0
2016-10-07,27.87,27.87,27.13,27.17,,3578695.0
2016-10-10,27.39,27.5,27.03,27.04,,2103305.0
2016-10-11,27.0,27.29,26.27,26.4,,3297658.0
2016-10-12,26.4,26.52,26.14,26.17,,2448288.0
2016-10-13,25.89,25.95,25.36,25.68,,2746656.0
2016-10-14,25.76,25.93,25.16,25.34,,3253515.0
2016-10-17,25.29,25.5,25.2,25.29,,2260308.0
2016-10-18,25.6,25.69,25.18,25.21,,1501187.0
2016-10-19,25.27,25.61,25.24,25.61,,2193564.0
2016-10-20,25.56,25.79,25.37,25.71,,2949970.0
2016-10-21,25.56,27.57,25.5,26.64,,10706236.0
2016-10-24,26.77,26.97,26.43,26.62,,4068311.0
2016-10-25,26.65,26.74,26.15,26.18,,2230163.0
2016-10-26,26.16,26.48,26.02,26.44,,1829922.0
2016-10-27,26.5,26.58,26.02,26.16,,2609262.0
2016-10-28,26.19,26.34,25.77,25.85,,2344705.0
2016-10-31,26.02,26.39,25.77,26.11,,5694342.0
2016-11-01,25.84,26.05,24.75,25.79,,6898290.0
2016-11-02,25.69,25.7,24.99,25.2,,3609440.0
2016-11-03,25.33,26.02,25.33,25.78,,5001620.0
2016-11-04,25.73,26.54,25.62,25.64,,5612967.0
2016-11-07,26.19,26.19,25.53,25.55,,3777884.0
2016-11-08,25.5,25.95,25.33,25.85,,3443598.0
2016-11-09,25.0,26.11,24.95,25.9,,3128242.0
2016-11-10,25.95,26.47,25.71,26.03,,4515304.0
2016-11-11,25.61,26.51,25.51,26.44,,3238742.0
2016-11-14,26.5,28.46,26.49,28.35,,7012886.0
2016-11-15,28.35,28.35,27.3,27.8,,5461485.0
2016-11-16,27.76,28.23,27.59,27.63,,2678567.0
2016-11-17,27.5,28.17,27.45,28.03,,3578180.0
2016-11-18,27.91,28.13,27.46,27.5,,2588850.0
2016-11-21,27.5,27.96,27.49,27.55,,2003366.0
2016-11-22,27.53,27.97,27.29,27.46,,3218967.0
2016-11-23,27.44,27.53,27.17,27.35,,1897265.0
2016-11-25,27.33,27.62,27.1,27.54,,647352.0
2016-11-28,27.49,27.5,26.77,27.22,,2467639.0
2016-11-29,27.25,27.66,27.16,27.65,,2647923.0
2016-11-30,27.72,28.0,27.09,27.09,,2766650.0
2016-12-01,27.22,27.51,27.07,27.15,,2909732.0
2016-12-02,27.01,27.52,26.52,26.6,,2426432.0
2016-12-05,26.76,27.59,26.72,27.39,,3065992.0
2016-12-06,27.42,27.8,27.22,27.79,,2188915.0
2016-12-07,27.83,28.86,27.73,28.8,,2616356.0
2016-12-08,28.74,29.72,28.73,29.55,,2829303.0
2016-12-09,29.55,29.63,28.61,29.1,,4909706.0
2016-12-12,28.83,28.88,27.97,28.58,,4393922.0
2016-12-13,28.61,29.0,28.61,28.77,,1859464.0
2016-12-14,28.74,29.07,28.55,28.68,,2178094.0
2016-12-15,28.7,29.0,28.53,28.85,,2779832.0
2016-12-16,28.94,29.09,28.36,28.39,,3359746.0
2016-12-19,28.49,28.66,28.08,28.17,,2093298.0
2016-12-20,28.17,28.53,28.14,28.49,,1892734.0
2016-12-21,28.39,28.6,28.3,28.44,,1233922.0
2016-12-22,28.45,28.45,27.72,28.13,,2061448.0
2016-12-23,28.17,28.27,27.92,28.0,,1114430.0
2016-12-27,28.13,28.3,27.62,28.12,,1341707.0
2016-12-28,28.12,28.24,27.8,27.89,,1197786.0
2016-12-29,27.88,28.02,27.6,27.69,,1131049.0
2016-12-30,27.68,27.75,27.25,27.41,,1573174.0
2017-01-03,27.66,28.31,27.66,27.96,,2626287.0
2017-01-04,27.98,28.45,27.92,28.29,,2017811.0
2017-01-05,27.82,28.17,27.14,27.2,,3664168.0
2017-01-06,27.23,27.81,27.13,27.48,,3337409.0
2017-01-09,27.31,27.42,26.84,26.87,,2382625.0
2017-01-10,26.39,26.78,26.16,26.34,,5619032.0
2017-01-11,26.34,26.53,26.12,26.51,,5780425.0
2017-01-12,26.36,27.28,26.34,27.2,,3818809.0
2017-01-13,27.17,27.48,27.01,27.4,,2285604.0
2017-01-17,27.39,27.84,27.21,27.81,,2651880.0
2017-01-18,27.95,28.22,27.74,28.01,,2497281.0
2017-01-19,28.1,28.2,27.76,28.0,,2148808.0
2017-01-20,28.04,28.22,27.82,27.89,,2059140.0
2017-01-23,27.89,28.33,27.81,28.27,,2241714.0
2017-01-24,28.32,28.54,28.04,28.49,,1499671.0
2017-01-25,28.62,28.98,27.41,27.58,,6362556.0
2017-01-26,27.8,28.2,27.54,27.9,,3511240.0
2017-01-27,27.96,28.34,27.68,28.06,,2106055.0
2017-01-30,28.07,28.16,27.67,27.98,,1665712.0
2017-01-31,27.95,28.68,27.5,28.35,,3789816.0
2017-02-01,28.32,28.57,27.68,28.04,,2662711.0
2017-02-02,27.96,28.02,27.61,27.79,,2294995.0
2017-02-03,27.87,28.15,27.83,28.09,,1497164.0
2017-02-06,27.98,28.25,27.86,27.97,,2060037.0
2017-02-07,27.96,28.09,27.58,27.99,,1448290.0
2017-02-08,28.01,28.01,27.34,27.53,,2140098.0
2017-02-09,27.59,28.29,27.55,27.96,,2436592.0
2017-02-10,28.0,28.57,27.92,28.48,,2915788.0
2017-02-13,28.51,29.2,28.51,29.03,,5129571.0
2017-02-14,28.75,28.93,27.66,28.53,,7141243.0
2017-02-15,28.47,28.92,28.35,28.49,,3837237.0
2017-02-16,28.57,28.86,28.48,28.57,,3025101.0
2017-02-17,28.58,28.96,28.55,28.68,,1987534.0
2017-02-21,28.62,29.89,28.61,29.62,,5847558.0
2017-02-22,29.41,29.73,29.27,29.51,,3441817.0
2017-02-23,29.6,29.91,29.3,29.5,,1850148.0
2017-02-24,29.46,29.51,29.0,29.27,,2028849.0
2017-02-27,29.19,29.38,28.84,29.05,,2091496.0
2017-02-28,29.17,29.17,28.58,28.76,,2100690.0
2017-03-01,29.01,29.02,28.48,28.52,,2360166.0
2017-03-02,28.41,28.5,27.84,28.49,,4948439.0
2017-03-03,28.48,28.52,27.86,27.89,,3517790.0
2017-03-06,27.77,27.86,27.32,27.78,,4676712.0
2017-03-07,27.67,28.12,27.5,27.75,,4586465.0
2017-03-08,27.81,28.23,27.81,27.98,,3091346.0
2017-03-09,27.85,28.17,27.65,27.86,,2115334.0
2017-03-10,27.98,28.02,27.48,27.69,,1807772.0
2017-03-13,27.7,27.72,27.3,27.5,,2155618.0
2017-03-14,27.47,27.82,27.23,27.46,,1763889.0
2017-03-15,27.46,28.1,27.31,28.0,,2610688.0
2017-03-16,27.98,28.35,27.42,28.15,,3074855.0
2017-03-17,28.25,28.25,27.83,28.01,,2310873.0
2017-03-20,27.99,28.04,27.73,27.73,,2267740.0
2017-03-21,27.9,28.0,27.36,27.44,,1466391.0
2017-03-22,27.48,27.67,27.15,27.54,,1616506.0
2017-03-23,27.5,27.8,27.35,27.67,,1361710.0
2017-03-24,27.73,27.73,27.43,27.54,,2470953.0
2017-03-27,27.48,27.66,27.31,27.63,,2530925.0
2017-03-28,27.65,27.82,27.42,27.68,,1679991.0
2017-03-29,27.61,28.13,27.49,28.06,,2732232.0
2017-03-30,28.05,28.73,28.01,28.7,,2101075.0
2017-03-31,28.72,29.18,28.52,29.09,,3415193.0
2017-04-03,29.1,29.25,28.59,28.93,,3830636.0
2017-04-04,28.88,29.29,28.88,29.27,,2385364.0
2017-04-05,29.42,29.88,29.32,29.36,,4305430.0
2017-04-06,29.34,29.5,29.02,29.3,,3256890.0
2017-04-07,29.33,29.41,29.12,29.21,,2298262.0
2017-04-10,29.23,29.44,29.14,29.19,,1616822.0
2017-04-11,29.24,29.24,28.83,29.04,,1644865.0
2017-04-12,28.99,29.03,28.63,28.69,,2869281.0
2017-04-13,28.66,28.75,28.22,28.29,,2493089.0
2017-04-17,28.41,28.59,28.25,28.5,,1435108.0
2017-04-18,28.44,28.7,28.33,28.61,,2202080.0
2017-04-19,28.68,29.15,28.68,28.92,,1809920.0
2017-04-20,30.25,30.25,29.02,29.32,,2126299.0
2017-04-21,29.31,29.47,29.11,29.16,,1440630.0
2017-04-24,29.64,29.71,29.32,29.4,,1938124.0
2017-04-25,29.41,29.57,29.26,29.29,,1926807.0
2017-04-26,29.37,29.5,29.23,29.39,,1808395.0
2017-04-27,29.48,29.48,29.24,29.39,,1713991.0
2017-04-28,29.35,29.35,28.44,28.78,,3518367.0
2017-05-01,28.94,29.0,27.96,27.98,,4334005.0
2017-05-02,28.08,28.28,27.38,27.96,,3968179.0
2017-05-03,27.82,27.87,26.39,26.78,,7569804.0
2017-05-04,26.72,26.99,26.0,26.63,,7923625.0
2017-05-05,26.78,27.12,26.74,27.09,,4071149.0
2017-05-08,27.4,27.4,26.56,27.25,,5797449.0
2017-05-09,26.47,26.9,25.79,26.66,,6142704.0
2017-05-10,26.49,26.6,26.0,26.11,,5297237.0
2017-05-11,26.1,26.39,25.89,26.33,,3123924.0
2017-05-12,26.32,26.39,26.0,26.07,,1785934.0
2017-05-15,26.04,26.19,25.89,26.01,,2512710.0
2017-05-16,26.01,26.06,25.22,25.58,,3442239.0
2017-05-17,25.43,25.57,25.07,25.11,,3577132.0
2017-05-18,25.02,25.4,24.88,25.18,,1891492.0
2017-05-19,25.13,25.93,25.08,25.87,,2308976.0
2017-05-22,25.81,26.27,25.77,26.21,,2832932.0
2017-05-23,26.16,26.2,25.47,25.63,,3198604.0
2017-05-24,25.73,25.8,25.27,25.46,,2862260.0
2017-05-25,25.52,25.86,25.45,25.6,,2515991.0
2017-05-26,25.66,25.87,25.55,25.87,,1830862.0
2017-05-30,25.9,26.24,25.76,26.2,,3550906.0
2017-05-31,26.21,26.95,25.99,26.5,,5177974.0
2017-06-01,26.5,26.78,26.16,26.74,,2657642.0
2017-06-02,26.67,26.95,26.45,26.49,,2112911.0
2017-06-05,26.39,26.47,25.89,26.21,,2461342.0
2017-06-06,26.02,26.29,25.9,26.16,,2611026.0
2017-06-07,26.2,26.43,26.05,26.41,,3631148.0
2017-06-08,26.49,26.49,25.98,26.07,,3503870.0
2017-06-09,26.07,26.28,25.53,26.1,,4029325.0
2017-06-12,26.08,27.23,26.04,26.59,,5211005.0
2017-06-13,26.57,26.6,26.13,26.44,,1981603.0
2017-06-14,26.53,26.62,26.01,26.27,,2033615.0
2017-06-15,26.09,26.5,26.09,26.41,,2042672.0
2017-06-16,26.28,26.54,26.08,26.52,,2223089.0
2017-06-19,26.57,26.65,26.4,26.43,,1918149.0
2017-06-20,26.35,26.42,25.5,25.51,,2656038.0
2017-06-21,25.56,25.69,25.09,25.58,,3442158.0
2017-06-22,25.64,25.75,25.33,25.52,,2059534.0
2017-06-23,25.51,25.82,25.39,25.79,,1865707.0
2017-06-26,25.84,26.35,25.78,26.2,,1940154.0
2017-06-27,26.11,26.34,26.05,26.13,,2476544.0
2017-06-28,26.26,26.55,26.04,26.14,,3160167.0
2017-06-29,26.11,26.36,25.75,26.0,,2330114.0
2017-06-30,26.15,26.15,25.67,25.83,,3043627.0
2017-07-03,26.03,26.69,26.03,26.2,,1333580.0
2017-07-05,26.21,26.43,26.05,26.08,,1894497.0
2017-07-06,25.97,26.0,25.65,25.78,,1534029.0
2017-07-07,25.78,25.95,25.44,25.82,,1691495.0
2017-07-10,25.83,26.31,25.76,26.25,,2540551.0
2017-07-11,26.13,26.29,26.01,26.2,,1422884.0
2017-07-12,26.44,26.45,26.09,26.17,,1209009.0
2017-07-13,26.09,26.37,26.06,26.16,,1552713.0
2017-07-14,26.25,26.44,26.2,26.22,,1633642.0
2017-07-17,26.24,26.52,26.07,26.4,,2748437.0
2017-07-18,26.27,26.38,25.85,26.05,,1868666.0
2017-07-19,27.79,27.92,26.66,27.18,,12078827.0
2017-07-20,27.18,27.59,26.58,26.6,,5745541.0
2017-07-21,26.65,26.75,26.33,26.55,,3449803.0
2017-07-24,26.49,26.6,26.29,26.49,,2246880.0
2017-07-25,26.49,26.64,25.62,25.93,,7495134.0
2017-07-26,25.9,26.78,25.9,26.58,,4448356.0
2017-07-27,25.9,26.86,25.52,26.39,,12654927.0
2017-07-28,26.34,26.87,26.12,26.8,,6779100.0
2017-07-31,26.4,26.42,24.19,24.6,,25223771.0
2017-08-01,24.77,24.95,24.14,24.38,,8039731.0
2017-08-02,24.55,25.04,24.31,25.01,,4996578.0
2017-08-03,24.93,25.04,24.69,24.74,,3901107.0
2017-08-04,24.86,24.86,23.68,23.73,,7399157.0
2017-08-07,23.79,24.31,23.77,24.25,,4747647.0
2017-08-08,24.47,24.68,24.14,24.3,,3202767.0
2017-08-09,24.0,24.17,23.04,23.6,,6877316.0
2017-08-10,23.49,23.62,22.87,23.0,,3771301.0
2017-08-11,23.03,23.15,22.82,22.91,,3270969.0
2017-08-14,23.11,23.28,22.86,22.9,,3499682.0
2017-08-15,22.85,23.0,22.72,22.76,,2217268.0
2017-08-16,22.98,23.1,22.51,22.6,,4252395.0
2017-08-17,22.47,22.59,22.12,22.24,,4097698.0
2017-08-18,22.27,22.73,22.23,22.49,,4116385.0
2017-08-21,22.49,22.61,22.19,22.34,,2562170.0
2017-08-22,22.39,22.53,22.27,22.49,,2690502.0
2017-08-23,22.43,22.66,22.41,22.49,,2341894.0
2017-08-24,22.44,22.65,22.38,22.52,,2049717.0
2017-08-25,22.57,22.78,22.5,22.66,,2417898.0
2017-08-28,22.71,23.31,22.7,22.81,,4605404.0
2017-08-29,22.56,22.66,22.12,22.45,,3895982.0
2017-08-30,22.45,22.48,22.17,22.19,,2730297.0
2017-08-31,22.13,22.26,22.11,22.21,,2567995.0
2017-09-01,22.27,22.49,22.13,22.16,,1762217.0
2017-09-05,22.17,22.36,21.49,21.62,,2546474.0
2017-09-06,21.63,21.99,21.54,21.86,,2643130.0
2017-09-07,21.94,22.0,21.14,21.34,,6640878.0
2017-09-08,21.33,21.35,20.72,21.25,,4054169.0
2017-09-11,21.4,21.57,20.78,20.8,,5074588.0
2017-09-12,20.87,21.23,20.53,21.0,,6401289.0
2017-09-13,21.02,21.28,20.95,21.2,,2717836.0
2017-09-14,21.13,21.53,21.09,21.48,,5253377.0
2017-09-15,21.6,21.99,21.29,21.94,,7072835.0
2017-09-18,21.98,21.98,21.2,21.32,,4772409.0
2017-09-19,21.32,21.32,20.14,21.29,,3741245.0
2017-09-20,21.37,21.41,21.16,21.26,,3769919.0
2017-09-21,21.37,21.42,21.2,21.35,,2195822.0
2017-09-22,21.34,21.54,21.23,21.41,,2367999.0
2017-09-25,21.35,21.56,21.26,21.35,,1946839.0
2017-09-26,21.78,21.78,21.25,21.28,,2429300.0
2017-09-27,21.34,21.54,21.07,21.47,,2226091.0
2017-09-28,21.41,21.42,21.2,21.39,,1948985.0
2017-09-29,21.36,21.57,21.27,21.29,,2469886.0
2017-10-02,21.25,21.59,21.25,21.53,,2331160.0
2017-10-03,21.51,21.55,21.34,21.53,,1824228.0
2017-10-04,21.47,21.8,21.46,21.71,,2320637.0
2017-10-05,21.74,21.88,21.4,21.52,,3142560.0
2017-10-06,21.52,21.6,21.24,21.41,,2452636.0
2017-10-09,21.31,21.35,20.73,20.83,,3341591.0
2017-10-10,20.82,20.91,20.29,20.53,,3216010.0
2017-10-11,20.56,20.6,19.95,20.0,,3942562.0
2017-10-12,19.82,19.9,19.27,19.28,,11034897.0
2017-10-13,19.3,19.39,19.01,19.24,,5113822.0
2017-10-16,19.3,19.31,18.98,19.06,,4443606.0
2017-10-17,18.97,19.21,18.61,19.16,,7841933.0
2017-10-18,19.28,19.67,19.16,19.63,,6593781.0
2017-10-19,19.55,20.11,19.5,20.09,,5204642.0
2017-10-20,20.19,20.3,20.04,20.29,,3329141.0
2017-10-23,20.27,20.27,19.59,19.62,,4111184.0
2017-10-24,19.58,19.68,19.43,19.46,,3751436.0
2017-10-25,19.37,19.39,19.07,19.26,,3057830.0
2017-10-26,19.24,19.48,19.11,19.34,,2560977.0
2017-10-27,19.2,19.32,18.75,19.08,,5002045.0
2017-10-30,19.02,19.3,18.91,18.98,,3884698.0
2017-10-31,18.99,19.11,18.6,18.88,,6095995.0
2017-11-01,18.94,19.32,18.77,19.16,,6746764.0
2017-11-02,18.51,18.6,17.0,17.31,,16157706.0
2017-11-03,17.21,17.21,16.2,16.52,,10257595.0
2017-11-06,16.47,17.27,16.42,17.1,,10451647.0
2017-11-07,17.41,18.09,17.24,17.33,,9840894.0
2017-11-08,17.22,17.48,17.01,17.1,,5397793.0
2017-11-09,17.04,17.71,16.96,17.17,,5462008.0
2017-11-10,17.23,17.34,17.05,17.19,,3376317.0
2017-11-13,17.17,17.2,16.58,16.99,,4024483.0
2017-11-14,16.89,16.97,16.22,16.28,,4646676.0
2017-11-15,16.27,16.79,15.99,16.72,,3774154.0
2017-11-16,16.68,16.79,16.14,16.76,,7184242.0
2017-11-17,17.39,17.73,16.82,17.55,,6899469.0
2017-11-20,17.55,17.57,17.09,17.36,,6615301.0
2017-11-21,17.39,17.49,16.98,17.25,,4861270.0
2017-11-22,17.32,17.98,17.15,17.79,,4442850.0
2017-11-24,17.74,17.82,17.47,17.5,,2263104.0
2017-11-27,17.52,17.56,17.2,17.47,,3652395.0
2017-11-28,17.44,17.98,17.23,17.97,,4285996.0
2017-11-29,17.97,18.89,17.87,18.87,,8082749.0
2017-11-30,19.0,19.16,18.5,19.02,,10490176.0
2017-12-01,18.9,19.6,18.79,19.46,,11036562.0
2017-12-04,19.67,20.98,19.63,20.85,,14287759.0
2017-12-05,20.78,20.91,19.79,19.86,,9459049.0
2017-12-06,20.08,20.14,19.39,19.44,,5954026.0
2017-12-07,19.35,19.69,19.03,19.53,,5713675.0
2017-12-08,19.58,19.89,19.32,19.66,,4219348.0
2017-12-11,19.65,20.05,19.45,19.77,,6434144.0
2017-12-12,19.85,19.87,19.38,19.65,,4460458.0
2017-12-13,19.6,19.92,19.11,19.79,,5510987.0
2017-12-14,19.79,20.33,19.5,20.04,,4241954.0
2017-12-15,20.77,21.74,20.47,21.04,,16559364.0
2017-12-18,21.37,21.72,20.77,21.64,,6618054.0
2017-12-19,21.64,22.16,21.41,22.01,,5828562.0
2017-12-20,22.01,22.47,21.95,22.37,,7248529.0
2017-12-21,23.18,23.89,22.95,23.36,,12778304.0
2017-12-22,23.27,23.83,23.09,23.73,,4745421.0
2017-12-26,23.63,24.1,23.46,23.57,,3728371.0
2017-12-27,23.73,23.76,23.01,23.05,,4205988.0
2017-12-28,23.05,23.1,22.33,22.55,,4644007.0
2017-12-29,22.64,22.8,22.36,22.38,,2864920.0
2018-01-02,22.96,23.37,22.43,23.11,,5013967.0
2018-01-03,23.18,23.34,22.59,22.62,,5292412.0
2018-01-04,22.68,22.71,21.88,22.13,,7875498.0
2018-01-05,22.18,22.23,21.58,22.0,,8432425.0
2018-01-08,22.05,22.41,21.79,22.37,,4099416.0
2018-01-09,22.3,22.61,21.58,21.65,,5560735.0
2018-01-10,21.53,23.12,21.13,22.83,,10056301.0
2018-01-11,22.94,24.05,22.86,24.01,,7467617.0
2018-01-12,24.07,24.37,23.73,24.33,,4000646.0
2018-01-16,24.4,24.89,24.31,24.53,,5473419.0
2018-01-17,24.48,25.14,24.29,24.7,,5087578.0
2018-01-18,24.6,25.78,24.59,25.59,,5068616.0
2018-01-19,25.58,25.74,25.16,25.71,,4135948.0
2018-01-22,25.73,26.5,25.58,26.33,,4678233.0
2018-01-23,26.23,26.23,25.36,25.7,,4523432.0
2018-01-24,25.64,26.11,25.5,26.01,,2867917.0
2018-01-25,26.07,26.13,25.57,25.73,,3876198.0
2018-01-26,25.7,26.06,25.56,26.04,,2591521.0
2018-01-29,25.9,26.11,25.62,25.91,,3452039.0
2018-01-30,25.68,26.08,24.84,24.97,,6238426.0
2018-01-31,25.12,25.51,24.77,25.07,,4542039.0
2018-02-01,24.92,25.6,24.9,25.28,,4654129.0
2018-02-02,25.07,25.25,23.57,23.81,,7815395.0
2018-02-05,23.64,23.84,22.74,22.78,,8248156.0
2018-02-06,22.38,24.16,22.15,23.84,,6482078.0
2018-02-07,23.89,24.49,22.81,23.12,,5328335.0
2018-02-08,23.12,23.88,22.86,22.87,,4815800.0
2018-02-09,22.82,22.98,21.37,22.61,,6717081.0
2018-02-12,22.69,23.52,22.54,23.09,,3800036.0
2018-02-13,22.96,23.63,22.88,23.53,,3800725.0
2018-02-14,23.26,23.87,23.26,23.83,,4331926.0
2018-02-15,24.05,24.12,23.66,24.04,,3787238.0
2018-02-16,23.99,24.13,23.7,23.86,,2948568.0
2018-02-20,23.93,24.71,23.89,24.31,,4331463.0
2018-02-21,24.21,24.54,24.07,24.09,,3758761.0
2018-02-22,24.18,24.5,23.75,23.8,,3737920.0
2018-02-23,23.89,24.1,23.57,24.01,,3063168.0
2018-02-26,24.04,25.25,23.95,25.17,,7364955.0
2018-02-27,25.21,26.67,24.3,26.04,,10332065.0
2018-02-28,25.29,25.4,24.3,24.32,,15663878.0
2018-03-01,24.49,24.71,23.83,24.06,,5713401.0
2018-03-02,23.85,24.74,23.83,24.67,,6557427.0
2018-03-05,24.42,24.85,24.31,24.54,,5975793.0
2018-03-06,24.69,24.8,24.12,24.42,,5445399.0
2018-03-07,24.22,24.23,22.96,23.94,,9295134.0
2018-03-08,24.03,24.16,23.6,23.96,,5147401.0
2018-03-09,24.18,24.5,23.91,24.19,,5037932.0
2018-03-12,24.45,24.61,24.23,24.42,,3819777.0
2018-03-13,24.44,24.83,24.17,24.25,,4507815.0
2018-03-14,24.13,24.31,23.83,24.07,,3084069.0
2018-03-15,24.03,24.03,23.27,23.4,,5125102.0
2018-03-16,23.53,23.7,23.21,23.21,,5104046.0
2018-03-19,23.15,23.23,22.62,22.95,,3852854.0
2018-03-20,22.96,23.09,21.76,21.99,,7730969.0
2018-03-21,22.0,22.48,21.93,22.16,,7383529.0
2018-03-22,22.21,22.35,21.39,21.52,,11831514.0
2018-03-23,21.54,21.72,21.03,21.08,,5014322.0
2018-03-26,21.37,21.81,20.98,21.74,,9725491.0
2018-03-27,21.72,22.2,21.55,21.68,,4137548.0
2018-03-28,21.67,21.93,21.07,21.17,,4578942.0
2018-03-29,21.21,21.61,20.98,21.43,,6121066.0
2018-04-02,21.66,22.12,21.45,21.58,,6425394.0
2018-04-03,21.73,22.04,21.42,22.03,,4369218.0
2018-04-04,21.69,22.6,21.62,22.54,,4248815.0
2018-04-05,22.65,22.75,22.42,22.63,,4301651.0
2018-04-06,22.66,23.05,22.4,22.62,,5525386.0
2018-04-09,22.79,22.91,22.48,22.53,,2543845.0
2018-04-10,22.81,22.92,22.57,22.6,,4071378.0
2018-04-11,22.41,22.62,22.23,22.55,,6434770.0
2018-04-12,22.72,23.26,22.51,23.18,,5765019.0
2018-04-13,23.12,23.35,22.71,22.83,,4972873.0
2018-04-16,22.9,23.47,22.46,23.4,,4079049.0
2018-04-17,23.67,23.9,23.4,23.77,,4227772.0
2018-04-18,23.86,24.09,23.49,23.51,,3468000.0
2018-04-19,23.62,23.73,23.26,23.38,,3914933.0
2018-04-20,23.53,23.72,22.96,23.16,,5190073.0
2018-04-23,23.19,23.89,23.07,23.77,,5198007.0
2018-04-24,24.48,24.75,23.82,23.94,,5833373.0
2018-04-25,23.91,24.23,23.65,24.1,,4580310.0
2018-04-26,24.1,24.24,23.87,24.15,,4454292.0
2018-04-27,24.2,24.25,23.77,23.95,,5760254.0
2018-04-30,24.0,24.02,23.63,23.65,,3933884.0
2018-05-01,23.88,24.19,23.68,24.01,,4864953.0
2018-05-02,23.93,24.3,23.58,23.58,,7725104.0
2018-05-03,23.74,23.74,22.61,22.87,,9229892.0
2018-05-04,22.78,23.43,22.78,23.16,,7838071.0
2018-05-07,23.28,23.41,23.08,23.39,,5459663.0
2018-05-08,23.81,24.8,22.83,23.05,,10834917.0
2018-05-09,23.04,23.21,22.26,22.28,,8226545.0
2018-05-10,22.36,23.84,22.2,23.82,,7515656.0
2018-05-11,23.84,24.22,23.59,24.03,,6370102.0
2018-05-14,24.0,24.03,23.46,23.83,,6634433.0
2018-05-15,23.7,23.83,22.83,22.96,,5618242.0
2018-05-16,23.02,23.9,22.68,23.69,,7616844.0
2018-05-17,23.69,23.69,22.8,23.02,,7260411.0
2018-05-18,22.88,23.0,22.4,22.57,,5861111.0
2018-05-21,22.7,22.89,22.53,22.63,,3717147.0
2018-05-22,22.71,23.36,22.52,23.16,,4489237.0
2018-05-23,23.11,23.18,22.3,22.57,,3726167.0
2018-05-24,22.56,22.61,22.12,22.48,,3541272.0
2018-05-25,22.44,22.54,22.24,22.34,,2153441.0
2018-05-29,22.24,22.26,21.68,21.9,,3358327.0
2018-05-30,22.04,22.04,21.39,21.4,,5103245.0
2018-05-31,21.41,21.42,20.6,21.09,,7977009.0
2018-06-01,21.18,21.26,20.74,20.95,,6303553.0
2018-06-04,21.27,21.5,20.69,21.09,,6746410.0
2018-06-05,21.52,22.25,21.45,21.74,,6744598.0
2018-06-06,21.69,22.42,21.23,22.36,,6774512.0
2018-06-07,22.27,22.87,22.19,22.77,,5757685.0
2018-06-08,22.65,23.12,22.65,23.02,,5564430.0
2018-06-11,23.01,24.37,22.96,23.89,,6169924.0
2018-06-12,23.91,24.09,23.66,24.02,,5840958.0
2018-06-13,24.88,25.29,24.39,24.41,,10595857.0
2018-06-14,24.68,25.51,24.61,25.5,,5015140.0
2018-06-15,25.78,27.25,25.52,27.17,,12567087.0
2018-06-18,26.69,27.32,26.18,27.21,,7720021.0
2018-06-19,27.01,27.61,26.79,27.55,,6021449.0
2018-06-20,27.6,28.43,27.4,28.21,,7444348.0
2018-06-21,28.29,28.29,27.59,27.94,,6058241.0
2018-06-22,28.19,28.56,27.99,28.12,,5448730.0
2018-06-25,27.98,28.44,27.68,28.1,,5863314.0
2018-06-26,28.04,28.1,27.56,27.94,,6799675.0
2018-06-27,28.1,28.61,27.9,28.19,,4710745.0
2018-06-28,28.18,28.78,28.02,28.48,,3670865.0
2018-06-29,28.56,28.56,27.49,27.5,,4087998.0
2018-07-02,27.48,27.63,27.08,27.42,,3969436.0
2018-07-03,27.6,27.68,27.19,27.36,,1896828.0
2018-07-05,27.43,27.72,27.07,27.64,,3882721.0
2018-07-06,27.61,28.16,27.41,27.87,,2739456.0
2018-07-09,27.9,28.32,27.55,28.3,,2781621.0
2018-07-10,28.21,28.47,27.7,28.4,,3141563.0
2018-07-11,28.23,28.51,27.62,27.67,,4688727.0
2018-07-12,27.77,28.03,27.51,27.56,,2346285.0
2018-07-13,27.5,27.77,27.24,27.44,,2833721.0
2018-07-16,27.51,27.72,27.11,27.35,,2569122.0
2018-07-17,27.14,27.34,25.99,26.38,,4731336.0
2018-07-18,26.44,26.86,26.36,26.58,,2971299.0
2018-07-19,27.1,27.33,26.54,26.69,,4411754.0
2018-07-20,26.6,26.67,26.28,26.58,,2595725.0
2018-07-23,26.46,26.72,26.38,26.7,,2214843.0
2018-07-24,26.92,26.92,26.03,26.07,,2822314.0
2018-07-25,26.12,26.41,25.74,25.87,,3271611.0
2018-07-26,26.0,26.78,25.99,26.25,,2703457.0
2018-07-27,26.25,26.46,25.73,26.03,,2494626.0
2018-07-30,26.03,26.5,25.96,26.15,,2085679.0
2018-07-31,26.3,26.66,26.0,26.58,,2802811.0
2018-08-01,26.39,26.55,25.91,26.22,,2404458.0
2018-08-02,26.13,26.58,25.98,26.56,,2786392.0
2018-08-03,26.37,27.16,26.37,27.06,,3729109.0
2018-08-06,27.02,27.26,26.76,26.92,,3913828.0
2018-08-07,26.09,26.1,24.72,25.55,,8078550.0
2018-08-08,25.38,26.2,25.36,25.65,,4608203.0
2018-08-09,25.78,26.56,25.51,26.1,,3708362.0
2018-08-10,26.0,26.06,25.6,25.99,,3048431.0
2018-08-13,26.01,26.33,25.67,25.89,,2913864.0
2018-08-14,26.0,26.58,26.0,26.42,,3913407.0
2018-08-15,26.3,26.34,25.89,26.06,,3556666.0
2018-08-16,26.15,26.53,26.1,26.39,,2855607.0
2018-08-17,26.43,27.01,26.29,26.95,,3073825.0
2018-08-20,26.89,27.98,26.89,27.92,,3919405.0
2018-08-21,28.59,29.72,28.26,29.55,,6962422.0
2018-08-22,29.45,29.59,29.02,29.07,,4106539.0
2018-08-23,29.06,29.09,28.61,28.79,,2703028.0
2018-08-24,28.91,29.09,28.51,28.54,,2015734.0
2018-08-27,28.54,28.95,28.4,28.77,,2476098.0
2018-08-28,28.74,28.9,28.18,28.29,,3364424.0
2018-08-29,28.37,28.59,27.72,28.34,,2576613.0
2018-08-30,28.1,28.34,28.0,28.18,,2069219.0
2018-08-31,27.89,28.28,27.66,27.83,,2147985.0
2018-09-04,27.6,27.89,27.16,27.47,,3176122.0
2018-09-05,27.54,27.93,27.41,27.46,,5589084.0
2018-09-06,27.63,28.04,27.39,27.62,,3231486.0
2018-09-07,27.52,28.24,27.32,27.95,,3111774.0
2018-09-10,28.05,28.35,27.7,28.3,,2586460.0
2018-09-11,28.29,28.82,26.04,28.51,,2678742.0
2018-09-12,28.87,31.06,28.84,30.7,,8430331.0
2018-09-13,30.89,32.17,30.82,31.84,,8329303.0
2018-09-14,31.84,32.65,31.76,32.18,,5743098.0
2018-09-17,32.25,32.37,31.79,32.02,,3445936.0
2018-09-18,31.17,31.77,30.75,31.58,,5192488.0
2018-09-19,31.76,32.2,31.55,32.05,,3537508.0
2018-09-20,32.28,32.42,31.92,32.26,,3311572.0
2018-09-21,32.42,32.52,31.76,31.8,,4985218.0
2018-09-24,31.94,32.38,31.79,31.91,,3200921.0
2018-09-25,31.87,32.22,31.49,31.55,,3469502.0
2018-09-26,31.47,31.79,31.2,31.51,,4793140.0
2018-09-27,31.62,32.08,31.41,31.91,,2538653.0
2018-09-28,31.8,32.12,31.7,32.0,,3008962.0
2018-10-01,32.16,32.65,32.0,32.42,,4763716.0
2018-10-02,32.53,32.99,32.27,32.86,,5166560.0
2018-10-03,33.17,33.65,32.71,33.32,,3950583.0
2018-10-04,33.22,33.41,32.75,33.15,,4463458.0
2018-10-05,33.05,34.06,32.9,32.93,,5772862.0
2018-10-08,32.99,33.11,32.09,33.01,,3542236.0
2018-10-09,33.02,33.02,32.32,32.36,,3269105.0
2018-10-10,33.31,33.42,32.04,32.06,,4888247.0
2018-10-11,31.94,32.09,30.59,31.02,,4277516.0
2018-10-12,31.46,32.07,31.35,31.76,,3479290.0
2018-10-15,31.78,32.51,31.7,32.3,,3056658.0
2018-10-16,32.57,33.16,32.35,33.06,,4360714.0
2018-10-17,33.15,33.49,32.81,33.05,,4962780.0
2018-10-18,33.02,33.39,32.72,33.13,,4871747.0
2018-10-19,33.34,33.74,32.36,33.4,,4619771.0
2018-10-22,33.47,33.69,33.12,33.38,,5151495.0
2018-10-23,33.03,33.09,32.12,32.78,,4710981.0
2018-10-24,32.8,32.8,29.79,29.82,,6777004.0
2018-10-25,30.41,31.51,30.18,30.94,,5258608.0
2018-10-26,30.17,30.75,29.81,30.13,,4136816.0
2018-10-29,30.78,31.44,29.83,30.36,,4507330.0
2018-10-30,30.41,31.89,30.27,31.25,,4244251.0
2018-10-31,31.65,32.78,31.26,32.39,,3772929.0
2018-11-01,32.41,33.11,32.32,33.05,,4224375.0
2018-11-02,33.13,33.78,32.07,32.31,,4540540.0
2018-11-05,32.61,33.22,32.26,33.2,,4340176.0
2018-11-06,33.24,33.47,32.89,33.29,,3341287.0
2018-11-07,33.48,33.5,32.44,33.08,,5708885.0
2018-11-08,33.69,34.89,33.25,33.8,,6324939.0
2018-11-09,33.17,34.47,32.74,32.98,,4345752.0
2018-11-12,33.15,33.29,32.31,32.41,,2849337.0
2018-11-13,32.54,32.98,31.93,32.11,,3371797.0
2018-11-14,32.38,32.66,31.7,31.92,,5140712.0
2018-11-15,31.63,32.08,31.39,31.76,,4003009.0
2018-11-16,31.5,31.77,30.85,31.44,,4051672.0
2018-11-19,31.27,31.47,30.39,30.47,,4231628.0
2018-11-20,30.08,30.22,29.12,29.51,,4520652.0
2018-11-21,29.9,30.88,29.9,30.36,,4268014.0
2018-11-23,30.34,30.6,29.78,30.43,,1457200.0
2018-11-26,30.67,30.87,29.86,30.14,,2822672.0
2018-11-27,30.06,30.39,29.93,30.13,,2829568.0
2018-11-28,30.28,31.38,30.01,31.31,,3262207.0
2018-11-29,31.23,31.88,31.01,31.63,,3442133.0
2018-11-30,31.68,31.73,30.54,30.72,,5420718.0
2018-12-03,30.59,30.72,27.71,28.2,,13947830.0
2018-12-04,28.57,29.13,27.78,27.98,,8598692.0
2018-12-06,27.61,29.17,27.56,29.15,,6958632.0
2018-12-07,29.11,29.55,28.64,28.93,,6862092.0
2018-12-10,28.87,29.07,27.66,28.37,,4953189.0
2018-12-11,28.73,29.14,27.71,27.94,,3560256.0
2018-12-12,28.42,28.84,28.25,28.38,,4334479.0
2018-12-13,28.31,28.57,27.63,27.97,,4386697.0
2018-12-14,27.78,28.43,27.59,27.97,,4358268.0
2018-12-17,27.81,28.24,27.4,27.52,,3995931.0
2018-12-18,27.63,27.84,26.72,26.9,,4519792.0
2018-12-19,27.01,27.59,26.68,26.88,,6556842.0
2018-12-20,26.7,26.89,25.51,25.86,,6556700.0
2018-12-21,25.78,26.59,24.94,25.05,,6623184.0
2018-12-24,24.81,25.05,24.38,24.47,,2378210.0
2018-12-26,24.6,25.57,24.19,25.55,,3324261.0
2018-12-27,25.0,25.08,23.79,24.78,,3505788.0
2018-12-28,24.85,25.05,24.4,24.64,,3404300.0
2018-12-31,24.92,24.93,24.09,24.74,,4096249.0
2019-01-02,24.37,25.85,24.11,25.83,,4595546.0
2019-01-03,25.47,25.95,24.97,25.68,,4947926.0
2019-01-04,25.97,26.42,25.91,26.14,,3856144.0
2019-01-07,26.09,26.83,25.8,26.53,,4023104.0
2019-01-08,26.74,27.46,26.62,27.24,,3448046.0
2019-01-09,27.38,27.7,27.2,27.28,,3766404.0
2019-01-10,27.1,27.17,26.57,26.81,,3311085.0
2019-01-11,26.63,27.28,26.5,27.12,,2842131.0
2019-01-14,26.89,27.08,26.57,27.0,,2963607.0
2019-01-15,27.11,27.39,26.98,27.1,,1844948.0
2019-01-16,27.21,27.52,27.06,27.11,,2475082.0
2019-01-17,27.05,27.48,26.95,27.3,,2344623.0
2019-01-18,27.42,27.9,27.21,27.71,,3268892.0
2019-01-22,27.6,27.73,26.44,26.6,,3788037.0
2019-01-23,26.8,27.13,26.25,26.56,,2646916.0
2019-01-24,26.66,27.51,26.42,27.32,,4545108.0
2019-01-25,27.52,27.75,27.4,27.68,,2697893.0
2019-01-28,27.4,27.84,27.23,27.79,,2422267.0
2019-01-29,27.82,27.82,27.29,27.4,,1671181.0
2019-01-30,27.0,27.25,25.08,26.74,,10363531.0
2019-01-31,27.38,28.43,27.29,28.38,,6690000.0
2019-02-01,28.5,28.78,28.02,28.56,,3805591.0
2019-02-04,28.62,28.77,28.21,28.29,,4164437.0
2019-02-05,28.37,29.59,28.3,29.04,,4842568.0
2019-02-06,29.11,29.39,28.86,29.12,,3521794.0
2019-02-07,28.98,29.21,28.21,28.64,,3221752.0
2019-02-08,28.52,29.22,28.23,29.19,,3036366.0
2019-02-11,29.35,29.35,28.44,28.64,,3980982.0
2019-02-12,28.8,29.29,28.09,28.13,,4687658.0
2019-02-13,28.1,28.45,27.97,28.32,,4935690.0
2019-02-14,28.18,29.17,27.82,28.77,,3820031.0
2019-02-15,29.09,29.41,28.87,29.3,,3199979.0
2019-02-19,29.34,29.37,28.93,29.06,,2351716.0
2019-02-20,29.02,29.29,28.8,29.09,,1924889.0
2019-02-21,29.14,29.19,28.71,29.0,,2593026.0
2019-02-22,29.01,29.47,28.95,29.21,,2158551.0
2019-02-25,29.5,29.69,29.11,29.21,,6414829.0
2019-02-26,28.11,28.69,26.86,28.39,,9522315.0
2019-02-27,28.5,29.29,28.15,28.64,,4971270.0
2019-02-28,28.63,29.0,28.46,28.9,,5948961.0
2019-03-01,29.05,29.46,28.91,29.08,,4019893.0
2019-03-04,29.11,29.42,28.48,28.78,,3007912.0
2019-03-05,28.78,29.12,28.57,28.99,,2395731.0
2019-03-06,29.29,29.63,28.7,28.81,,2531111.0
2019-03-07,28.79,28.83,28.29,28.42,,2156394.0
2019-03-08,28.28,28.95,28.26,28.92,,2809966.0
2019-03-11,28.91,28.92,27.99,28.42,,3289105.0
2019-03-12,28.49,28.54,28.22,28.37,,3347758.0
2019-03-13,28.53,28.56,26.8,26.93,,7269586.0
2019-03-14,27.1,27.53,26.75,27.43,,5023851.0
2019-03-15,27.52,27.79,27.25,27.43,,5389844.0
2019-03-18,27.3,27.93,27.13,27.23,,3481995.0
2019-03-19,27.32,27.62,27.12,27.26,,3304653.0
2019-03-20,27.07,27.14,26.1,26.69,,6072286.0
2019-03-21,26.34,26.82,26.23,26.68,,6060991.0
2019-03-22,26.56,26.87,26.08,26.67,,4861505.0
2019-03-25,26.84,27.79,26.65,27.11,,4043158.0
2019-03-26,27.21,28.1,27.1,27.64,,4641045.0
2019-03-27,27.66,27.96,27.46,27.58,,2636789.0
2019-03-28,27.6,27.87,26.87,26.91,,1963955.0
2019-03-29,27.0,27.15,26.75,27.02,,4493595.0
2019-04-01,27.47,28.07,27.4,27.75,,4004247.0
2019-04-02,27.79,27.85,27.29,27.39,,3380852.0
2019-04-03,27.58,28.15,27.35,27.87,,3377501.0
2019-04-04,27.87,28.92,27.87,28.88,,3607467.0
2019-04-05,29.0,29.91,28.99,29.48,,4464141.0
2019-04-08,29.42,29.48,28.82,28.87,,3871940.0
2019-04-09,28.89,28.97,28.58,28.84,,2337498.0
2019-04-10,28.78,31.0,28.73,30.59,,10635846.0
2019-04-11,30.78,31.34,30.06,30.19,,6015663.0
2019-04-12,30.28,30.8,29.65,30.02,,5015812.0
2019-04-15,29.95,30.22,29.86,30.05,,2287669.0
2019-04-16,30.16,30.45,29.8,29.98,,2084678.0
2019-04-17,30.1,30.59,30.0,30.41,,2886121.0
2019-04-18,30.6,30.65,30.05,30.13,,2685359.0
2019-04-22,30.13,30.13,28.85,29.12,,3813977.0
2019-04-23,29.06,29.79,29.06,29.47,,4026531.0
2019-04-24,28.85,30.52,28.85,30.38,,4505740.0
2019-04-25,30.3,30.72,29.53,30.37,,3674653.0
2019-04-26,30.4,31.53,30.38,31.51,,4524555.0
2019-04-29,31.54,32.06,31.36,31.63,,4569064.0
2019-04-30,31.65,31.85,30.72,30.9,,4050611.0
2019-05-01,30.9,31.29,30.58,30.89,,4534767.0
2019-05-02,31.73,31.85,28.84,29.26,,8866729.0
2019-05-03,29.45,29.71,29.03,29.34,,5192764.0
2019-05-06,28.99,29.45,28.7,29.14,,3645709.0
2019-05-07,28.88,29.41,28.52,28.69,,4053450.0
2019-05-08,28.55,29.11,28.45,28.92,,6335611.0
2019-05-09,28.8,28.88,27.95,28.45,,5160629.0
2019-05-10,28.4,28.5,27.74,28.46,,5222933.0
2019-05-13,28.05,28.3,27.31,27.34,,3771864.0
2019-05-14,27.38,28.02,27.38,27.74,,3333047.0
2019-05-15,27.7,28.04,27.42,27.75,,4904847.0
2019-05-16,27.93,28.01,27.5,27.88,,5071465.0
2019-05-17,27.66,27.91,27.45,27.87,,3423599.0
2019-05-20,27.65,27.71,27.15,27.31,,3492766.0
2019-05-21,27.43,28.09,27.41,28.01,,4551435.0
2019-05-22,27.94,28.08,27.39,27.42,,3044711.0
2019-05-23,27.18,27.33,26.82,27.24,,2755258.0
2019-05-24,27.42,27.47,26.98,27.14,,2556239.0
2019-05-28,27.29,28.02,27.28,27.92,,5389300.0
2019-05-29,27.74,28.1,27.23,27.47,,3593834.0
2019-05-30,27.44,27.89,27.05,27.13,,3129126.0
2019-05-31,27.17,27.7,27.03,27.26,,3633598.0
2019-06-03,27.25,27.85,27.0,27.32,,4131923.0
2019-06-04,27.56,28.69,27.56,28.62,,4954564.0
2019-06-05,28.49,28.75,27.8,28.05,,4172505.0
2019-06-06,28.07,28.42,28.0,28.38,,2844648.0
2019-06-07,28.5,28.88,28.38,28.42,,2563161.0
2019-06-10,28.52,28.68,28.18,28.25,,2317474.0
2019-06-11,28.45,29.07,28.36,28.97,,4220946.0
2019-06-12,29.0,29.54,28.87,29.23,,2551571.0
2019-06-13,29.42,29.91,29.18,29.89,,4069374.0
2019-06-14,29.35,29.41,28.89,29.02,,5004691.0
2019-06-17,29.11,29.65,28.64,29.52,,2808484.0
2019-06-18,29.65,29.97,29.42,29.65,,4151895.0
2019-06-19,29.82,30.6,29.73,30.5,,3950133.0
2019-06-20,30.62,30.98,30.43,30.93,,3931099.0
2019-06-21,30.88,31.06,30.56,30.69,,5349521.0
2019-06-24,30.63,31.04,30.52,31.01,,2859343.0
2019-06-25,31.12,31.12,29.75,29.93,,4453145.0
2019-06-26,30.02,30.23,29.49,29.52,,3711860.0
2019-06-27,29.59,29.8,29.18,29.74,,2068889.0
2019-06-28,29.98,30.73,29.86,30.7,,3747528.0
2019-07-01,31.06,31.24,30.03,30.68,,3806407.0
2019-07-02,30.73,31.18,30.56,30.88,,3813606.0
2019-07-03,31.02,31.31,30.81,30.9,,1680838.0
2019-07-05,30.71,31.31,30.61,31.26,,1967754.0
2019-07-08,31.25,31.33,30.99,31.3,,2533232.0
2019-07-09,31.15,31.93,31.14,31.63,,3252586.0
2019-07-10,31.87,31.93,31.23,31.65,,3322950.0
2019-07-11,31.8,31.82,31.43,31.62,,3289075.0
2019-07-12,31.72,32.7,31.5,32.41,,4959299.0
2019-07-15,32.53,32.71,32.18,32.38,,15071539.0
2019-07-16,32.44,32.87,32.24,32.57,,4304056.0
2019-07-17,32.52,32.53,31.78,31.8,,1861492.0
2019-07-18,31.8,31.8,31.18,31.32,,2349840.0
2019-07-19,31.38,31.65,31.26,31.46,,1993667.0
2019-07-22,31.46,31.62,30.93,30.98,,2365028.0
2019-07-23,31.03,31.13,30.33,30.89,,3757142.0
2019-07-24,30.71,31.56,30.43,31.49,,3706962.0
2019-07-25,31.28,31.58,31.13,31.46,,2631303.0
2019-07-26,31.54,31.69,31.2,31.47,,2806703.0
2019-07-29,31.5,31.55,30.93,31.08,,2508542.0
2019-07-30,30.87,31.11,30.63,31.02,,4339536.0
2019-07-31,30.94,31.05,30.03,30.31,,4103084.0
2019-08-01,30.28,30.62,29.73,29.94,,3718712.0
2019-08-02,29.79,29.94,28.73,29.43,,5964849.0
2019-08-05,28.83,29.41,28.65,29.18,,7176503.0
2019-08-06,29.97,30.23,29.2,29.54,,5895304.0
2019-08-07,29.34,29.95,28.89,29.86,,5531865.0
2019-08-08,29.99,30.29,29.48,29.67,,3685122.0
2019-08-09,29.49,29.61,29.03,29.46,,3134928.0
2019-08-12,29.23,29.62,29.2,29.25,,3522282.0
2019-08-13,29.12,30.23,29.12,29.6,,4308312.0
2019-08-14,29.17,29.2,27.36,27.49,,7318642.0
2019-08-15,27.57,27.7,26.7,27.17,,7300076.0
2019-08-16,27.39,28.12,27.27,27.95,,3128266.0
2019-08-19,28.26,28.77,28.26,28.42,,2959238.0
2019-08-20,28.49,28.62,28.18,28.21,,2205211.0
2019-08-21,27.94,28.44,27.66,28.28,,2688354.0
2019-08-22,28.33,28.6,28.03,28.03,,2636477.0
2019-08-23,27.89,28.08,26.88,27.01,,3137488.0
2019-08-26,27.13,27.48,27.05,27.2,,3269447.0
2019-08-27,27.49,27.49,26.44,26.47,,3260099.0
2019-08-28,26.33,27.03,26.21,26.94,,4322784.0
2019-08-29,27.19,28.12,27.19,27.73,,3727266.0
2019-08-30,27.84,28.12,27.4,27.6,,3163923.0
2019-09-03,27.32,27.51,26.73,26.89,,5009030.0
2019-09-04,27.08,27.36,26.57,27.04,,4598073.0
2019-09-05,27.33,27.52,27.14,27.4,,2985675.0
2019-09-06,27.51,27.93,27.32,27.34,,2166467.0
2019-09-09,27.32,27.65,27.21,27.3,,3901391.0
2019-09-10,27.34,28.46,27.34,28.43,,4404375.0
2019-09-11,28.37,28.58,27.74,28.55,,3260836.0
2019-09-12,28.49,28.54,27.6,28.11,,3530884.0
2019-09-13,28.2,28.63,27.83,27.89,,2909655.0
2019-09-16,27.88,27.97,27.56,27.97,,1925612.0
2019-09-17,27.8,27.83,26.8,27.2,,6636527.0
2019-09-18,27.05,27.25,26.49,27.21,,5588705.0
2019-09-19,27.23,27.46,26.59,26.67,,3133041.0
2019-09-20,26.83,26.83,26.22,26.23,,4477736.0
2019-09-23,26.19,26.62,25.9,26.58,,3011859.0
2019-09-24,27.12,27.12,26.12,26.42,,4326753.0
2019-09-25,26.36,26.92,26.22,26.69,,4262252.0
2019-09-26,26.76,26.76,26.08,26.46,,4334914.0
2019-09-27,26.52,26.9,26.34,26.8,,4578123.0
2019-09-30,26.86,27.1,26.59,26.63,,3010432.0
2019-10-01,26.62,27.04,26.58,26.77,,2823889.0
2019-10-02,26.6,26.64,25.95,26.43,,3332222.0
2019-10-03,26.38,27.04,26.04,27.02,,4657736.0
2019-10-04,27.05,27.24,26.83,27.01,,3456083.0
2019-10-07,27.01,27.63,26.87,27.38,,2901334.0
2019-10-08,27.13,27.23,26.81,26.83,,3642215.0
2019-10-09,26.95,27.27,26.84,27.01,,2777037.0
2019-10-10,27.01,27.47,26.96,27.35,,2402982.0
2019-10-11,27.65,28.21,27.56,27.97,,2666594.0
2019-10-14,27.85,27.93,27.53,27.75,,2121277.0
2019-10-15,27.83,28.06,27.39,27.86,,2564097.0
2019-10-16,27.78,28.17,27.45,27.8,,3013342.0
2019-10-17,28.01,28.01,27.22,27.89,,2620057.0
2019-10-18,28.13,28.43,27.68,27.71,,3135879.0
2019-10-21,27.84,28.09,27.61,27.69,,2135174.0
2019-10-22,28.24,28.25,27.65,28.17,,4617206.0
2019-10-23,28.03,28.32,27.87,28.16,,2607494.0
2019-10-24,28.25,28.25,26.93,27.54,,4278427.0
2019-10-25,27.6,28.04,27.44,27.57,,2948598.0
2019-10-28,27.66,28.28,27.6,27.79,,3583807.0
2019-10-29,27.8,27.8,27.35,27.42,,2440780.0
2019-10-30,27.3,27.42,26.64,26.91,,3987823.0
2019-10-31,26.9,26.96,26.54,26.96,,3646185.0
2019-11-01,27.05,27.46,26.94,27.26,,3402156.0
2019-11-04,27.51,27.85,27.15,27.81,,3279151.0
2019-11-05,27.96,28.35,27.77,27.95,,4070268.0
2019-11-06,28.05,28.14,27.61,27.69,,5049782.0
2019-11-07,28.72,31.09,28.33,31.03,,9685565.0
2019-11-08,30.98,31.3,30.42,30.91,,8144378.0
2019-11-11,30.85,31.02,30.61,30.96,,4580263.0
2019-11-12,30.83,31.38,30.54,30.74,,2686621.0
2019-11-13,30.54,30.76,29.68,29.88,,6239545.0
2019-11-14,29.74,30.26,29.65,29.9,,4132173.0
2019-11-15,30.0,30.24,29.61,29.72,,4881164.0
2019-11-18,30.28,30.9,29.97,30.76,,7963888.0
2019-11-19,30.9,31.64,30.74,31.57,,4688854.0
2019-11-20,31.6,32.44,31.39,32.02,,6203628.0
2019-11-21,32.07,32.58,31.53,32.14,,6268283.0
2019-11-22,32.17,32.61,32.0,32.53,,4801197.0
2019-11-25,32.6,32.67,32.16,32.33,,3510561.0
2019-11-26,32.21,33.57,32.04,33.36,,8391791.0
2019-11-27,33.47,33.66,32.9,33.12,,3675747.0
2019-11-29,33.15,33.23,32.83,32.94,,1059194.0
2019-12-02,32.88,33.4,32.7,32.74,,6240046.0
2019-12-03,32.34,32.57,31.85,32.13,,4371920.0
2019-12-04,32.27,32.58,32.1,32.2,,2805170.0
2019-12-05,32.48,32.48,32.0,32.08,,3114894.0
2019-12-06,32.29,32.4,31.99,32.04,,2181663.0
2019-12-09,31.98,32.29,31.87,32.02,,1772696.0
2019-12-10,32.08,32.63,31.85,32.24,,3972766.0
2019-12-11,32.2,32.53,32.04,32.09,,2523994.0
2019-12-12,32.09,32.5,31.98,32.36,,2068136.0
2019-12-13,32.52,32.67,32.13,32.34,,2694032.0
2019-12-16,32.37,32.58,32.04,32.35,,2287989.0
2019-12-17,32.19,32.49,32.05,32.37,,2443691.0
2019-12-18,32.33,32.86,32.32,32.35,,2635366.0
2019-12-19,32.46,32.91,32.44,32.76,,2561610.0
2019-12-20,32.93,33.11,32.39,32.95,,3227759.0
2019-12-23,32.89,33.18,32.78,32.9,,3411095.0
2019-12-24,33.0,33.25,32.88,33.03,,796264.0
2019-12-26,33.12,33.32,32.93,33.28,,1538403.0
2019-12-27,33.36,33.48,32.99,33.13,,1579349.0
2019-12-30,33.17,33.35,32.7,32.76,,1440050.0
2019-12-31,32.74,32.81,32.45,32.74,,4029843.0
2020-01-02,32.82,32.84,32.01,32.22,,3199702.0
2020-01-03,31.84,32.23,31.77,32.03,,3599624.0
2020-01-06,31.83,32.08,31.57,31.96,,2416924.0
2020-01-07,31.83,32.54,31.76,32.07,,3102311.0
2020-01-08,32.01,32.39,31.96,32.11,,3674113.0
2020-01-09,32.2,32.57,32.02,32.25,,6465128.0
2020-01-10,32.29,32.29,31.74,31.85,,4092047.0
2020-01-13,31.75,31.94,31.46,31.79,,3611903.0
2020-01-14,31.78,31.99,31.65,31.9,,3799516.0
2020-01-15,31.73,32.24,31.67,32.24,,3134480.0
2020-01-16,32.32,32.87,32.25,32.77,,4272672.0
2020-01-17,32.79,32.89,32.36,32.43,,3296405.0
2020-01-21,32.32,32.39,31.85,31.97,,3254697.0
2020-01-22,32.17,32.46,31.93,32.03,,2400327.0
2020-01-23,31.93,32.03,30.4,30.45,,7597735.0
2020-01-24,30.42,30.42,29.9,30.32,,6040932.0
2020-01-27,30.0,30.4,29.89,30.2,,3653337.0
2020-01-28,30.35,30.76,30.24,30.52,,3692971.0
2020-01-29,30.42,30.56,29.59,29.7,,5557633.0
2020-01-30,29.55,29.96,29.5,29.92,,3519266.0
2020-01-31,29.81,30.08,29.07,29.26,,3863235.0
2020-02-03,29.41,29.94,29.11,29.15,,3864963.0
2020-02-04,29.44,29.8,29.35,29.74,,4309735.0
2020-02-05,30.11,30.84,30.07,30.63,,3434564.0
2020-02-06,30.81,30.88,29.91,30.05,,3190751.0
2020-02-07,29.9,30.07,29.6,29.79,,2607701.0
2020-02-10,29.66,29.86,29.41,29.83,,4993857.0
2020-02-11,30.0,30.43,29.72,30.21,,4671183.0
2020-02-12,30.58,30.6,29.85,30.35,,3582847.0
2020-02-13,30.24,30.51,30.02,30.33,,2513829.0
2020-02-14,30.42,30.48,30.01,30.21,,3877284.0
2020-02-18,30.15,30.58,30.13,30.3,,2385212.0
2020-02-19,30.3,30.77,30.11,30.48,,3124353.0
2020-02-20,29.82,30.09,29.38,29.98,,5705087.0
2020-02-21,29.81,29.89,29.12,29.21,,4574608.0
2020-02-24,28.51,28.66,27.96,28.31,,7157157.0
2020-02-25,28.34,28.5,27.04,27.42,,8349828.0
2020-02-26,27.63,28.33,26.4,26.47,,6231164.0
2020-02-27,25.39,25.39,23.89,24.67,,17025176.0
2020-02-28,24.14,25.9,24.0,25.7,,12545601.0
2020-03-02,25.89,26.43,24.94,26.4,,8373605.0
2020-03-03,26.17,26.93,25.62,26.24,,9827073.0
2020-03-04,26.48,26.52,25.76,26.51,,6581043.0
2020-03-05,25.74,25.97,24.98,25.23,,6480703.0
2020-03-06,24.34,25.56,24.25,25.44,,6481757.0
2020-03-09,23.94,24.78,23.6,23.65,,8612216.0
2020-03-10,24.48,25.09,23.53,25.08,,6338639.0
2020-03-11,24.41,24.79,23.81,24.06,,7679540.0
2020-03-12,22.61,22.77,20.88,22.28,,6020327.0
2020-03-13,23.36,24.04,20.88,22.89,,6133466.0
2020-03-16,19.87,21.24,19.29,20.63,,6406448.0
2020-03-17,21.16,21.6,19.75,21.51,,6560979.0
2020-03-18,20.11,20.81,17.7,19.88,,7042387.0
2020-03-19,19.5,21.77,19.24,21.22,,6371604.0
2020-03-20,21.4,21.97,18.57,18.76,,6594901.0
2020-03-23,19.23,19.23,17.12,18.49,,6725740.0
2020-03-24,19.45,21.1,18.85,20.03,,7552316.0
2020-03-25,20.25,22.2,18.8,21.06,,8722088.0
2020-03-26,21.59,22.08,20.07,20.93,,6920746.0
2020-03-27,19.98,20.49,18.93,19.03,,4376884.0
2020-03-30,18.79,20.17,18.1,20.01,,4938205.0
2020-03-31,20.12,20.46,19.37,19.44,,4748987.0
2020-04-01,18.76,20.01,18.55,19.45,,7346285.0
2020-04-02,19.18,20.05,18.46,18.68,,5792528.0
2020-04-03,18.55,18.92,17.69,18.36,,4396151.0
2020-04-06,19.18,20.13,19.0,19.65,,4996369.0
2020-04-07,20.9,21.75,20.52,20.67,,6925048.0
2020-04-08,20.84,22.06,20.64,21.58,,5039511.0
2020-04-09,22.27,22.75,21.99,22.32,,4954600.0
2020-04-13,22.0,22.3,20.89,21.99,,4384667.0
2020-04-14,22.05,22.79,22.0,22.3,,3237210.0
2020-04-15,21.33,21.57,20.93,21.35,,3826181.0
2020-04-16,21.41,21.61,20.64,21.47,,3689356.0
2020-04-17,22.11,22.43,21.83,22.14,,3620065.0
2020-04-20,21.52,22.32,21.46,21.7,,3475648.0
2020-04-21,21.43,21.59,20.77,20.78,,3079756.0
2020-04-22,21.25,21.42,20.31,20.37,,3465761.0
2020-04-23,20.35,21.07,20.03,20.39,,4572967.0
2020-04-24,20.5,21.17,20.11,21.02,,4155539.0
2020-04-27,21.21,23.01,21.2,22.75,,3895358.0
2020-04-28,23.25,23.93,22.84,23.42,,5743803.0
2020-04-29,24.06,25.05,24.06,24.73,,5105711.0
2020-04-30,23.8,24.35,21.86,22.42,,8243733.0
2020-05-01,22.11,22.11,21.25,21.67,,4044514.0
2020-05-04,21.33,21.97,20.92,21.87,,5692295.0
2020-05-05,21.96,22.11,21.13,21.25,,7110676.0
2020-05-06,21.6,21.79,20.2,20.85,,11838635.0
2020-05-07,21.22,22.03,20.4,20.53,,7390038.0
2020-05-08,21.03,21.51,20.79,21.09,,6249676.0
2020-05-11,20.81,20.92,19.76,20.33,,7499030.0
2020-05-12,20.38,20.53,19.75,19.78,,6685174.0
2020-05-13,19.71,19.73,18.7,19.13,,6005020.0
2020-05-14,18.88,20.56,18.56,20.54,,12729351.0
2020-05-15,20.2,20.74,19.96,20.47,,4705850.0
2020-05-18,21.13,21.63,20.93,21.28,,5496971.0
2020-05-19,21.15,21.49,20.71,21.05,,3934534.0
2020-05-20,21.41,21.78,21.0,21.17,,3251937.0
2020-05-21,21.07,21.29,20.61,20.67,,4313777.0
2020-05-22,20.75,20.95,20.21,20.3,,4316622.0
2020-05-26,21.11,22.06,20.86,21.92,,5659694.0
2020-05-27,22.26,23.1,22.07,22.62,,6310992.0
2020-05-28,22.83,22.92,21.88,21.97,,4259248.0
2020-05-29,21.61,21.87,21.04,21.75,,5733816.0
2020-06-01,21.81,22.23,21.72,21.95,,2886883.0
2020-06-02,22.34,22.37,21.76,21.83,,4079419.0
2020-06-03,22.14,22.8,22.13,22.27,,4604111.0
2020-06-04,22.23,23.12,21.81,23.09,,4290873.0
2020-06-05,24.16,24.89,23.72,24.78,,8409973.0
2020-06-08,25.09,26.27,25.04,26.15,,8251355.0
2020-06-09,25.3,25.53,23.51,23.88,,6824463.0
2020-06-10,23.77,23.89,22.73,23.17,,4017242.0
2020-06-11,21.77,22.7,21.64,22.34,,7020607.0
2020-06-12,23.18,23.22,21.38,22.07,,6885924.0
2020-06-15,21.42,23.15,21.21,22.75,,5447675.0
2020-06-16,23.53,23.69,21.44,22.26,,7255347.0
2020-06-17,22.27,22.6,21.77,22.17,,3807608.0
2020-06-18,21.97,22.63,21.82,22.52,,2855938.0
2020-06-19,22.34,22.96,22.05,22.15,,5102845.0
2020-06-22,21.88,21.97,21.02,21.84,,6120078.0
2020-06-23,22.14,22.55,21.88,22.16,,3504152.0
2020-06-24,21.92,21.92,21.09,21.72,,4295258.0
2020-06-25,21.51,21.54,20.82,21.26,,4238803.0
2020-06-26,21.02,21.17,19.95,20.26,,5675766.0
2020-06-29,20.32,21.3,20.13,21.23,,4740894.0
2020-06-30,21.18,21.33,20.82,21.1,,3462425.0
2020-07-01,21.23,21.8,20.97,21.07,,4210810.0
2020-07-02,21.51,21.75,20.7,20.79,,3699540.0
2020-07-06,21.27,21.37,20.73,21.24,,5097397.0
2020-07-07,21.04,21.07,20.27,20.36,,3862490.0
2020-07-08,20.38,20.44,19.99,20.22,,4261885.0
2020-07-09,20.21,20.23,19.11,19.25,,6459773.0
2020-07-10,19.25,20.37,19.21,20.23,,5275815.0
2020-07-13,20.36,20.93,19.71,20.52,,6806266.0
2020-07-14,20.21,20.95,20.1,20.65,,2873477.0
2020-07-15,20.92,22.05,20.91,21.78,,6513649.0
2020-07-16,21.57,22.12,21.49,22.02,,3763196.0
2020-07-17,21.77,22.22,21.38,21.42,,2707467.0
2020-07-20,21.25,21.41,20.57,20.77,,3973526.0
2020-07-21,20.95,21.44,20.83,20.98,,2756027.0
2020-07-22,20.96,21.35,20.76,21.11,,2178544.0
2020-07-23,21.14,21.56,21.02,21.35,,2780855.0
2020-07-24,21.45,21.69,20.86,21.15,,2344248.0
2020-07-27,21.12,21.17,20.64,20.88,,1861394.0
2020-07-28,20.19,21.02,20.19,20.78,,2604180.0
2020-07-29,20.87,21.1,20.63,21.0,,1756126.0
2020-07-30,20.7,21.24,20.55,21.15,,2603934.0
2020-07-31,21.06,21.11,20.69,21.1,,2581937.0
2020-08-03,21.18,21.45,20.83,21.34,,3774523.0
2020-08-04,21.48,22.55,21.3,22.01,,6025430.0
2020-08-05,23.0,23.0,21.05,21.12,,8065396.0
2020-08-06,21.1,21.79,21.07,21.63,,6525178.0
2020-08-07,21.56,21.91,20.88,20.98,,6863765.0
2020-08-10,21.1,21.84,21.1,21.78,,4900686.0
2020-08-11,21.98,23.66,21.95,22.48,,7525199.0
2020-08-12,22.8,22.84,21.81,21.82,,3153453.0
2020-08-13,21.68,22.12,21.53,21.97,,2462484.0
2020-08-14,21.93,22.73,21.85,22.62,,2470147.0
2020-08-17,22.47,22.54,21.7,22.09,,2571734.0
2020-08-18,22.14,22.29,21.94,22.06,,2199112.0
2020-08-19,22.36,22.51,22.06,22.21,,1967427.0
2020-08-20,22.02,22.38,21.89,22.13,,2768007.0
2020-08-21,22.0,22.16,21.77,21.99,,2042783.0
2020-08-24,21.94,22.88,21.89,22.81,,3604441.0
2020-08-25,22.93,23.01,22.38,22.86,,3359622.0
2020-08-26,22.89,23.05,22.57,22.77,,2597159.0
2020-08-27,22.77,23.12,22.65,22.86,,3296509.0
2020-08-28,22.88,22.98,22.69,22.88,,3012911.0
2020-08-31,22.8,22.95,21.99,22.07,,4060388.0
2020-09-01,22.04,22.04,21.27,21.42,,4101470.0
2020-09-02,21.3,22.12,21.22,21.81,,4066088.0
2020-09-03,21.97,22.68,21.46,21.64,,5404455.0
2020-09-04,21.88,22.88,21.8,22.81,,9453242.0
2020-09-08,22.57,23.2,22.43,22.5,,5360110.0
2020-09-09,22.52,23.19,22.12,23.06,,4488498.0
2020-09-10,23.23,23.8,23.23,23.45,,5316933.0
2020-09-11,23.41,23.58,22.55,22.83,,5007601.0
2020-09-14,23.0,23.89,22.91,23.77,,5051921.0
2020-09-15,23.85,24.12,23.64,23.82,,3402038.0
2020-09-16,23.94,24.77,23.89,24.27,,3517134.0
2020-09-17,24.05,24.68,23.89,24.2,,4015534.0
2020-09-18,24.04,24.32,23.76,23.88,,5109467.0
2020-09-21,23.43,23.52,22.29,22.42,,4096507.0
2020-09-22,22.42,22.77,22.18,22.33,,2466805.0
2020-09-23,22.0,22.58,21.09,21.12,,3930726.0
2020-09-24,21.21,21.55,20.79,21.32,,3377208.0
2020-09-25,21.07,21.42,20.87,21.33,,2414577.0
2020-09-28,21.75,22.12,21.56,21.95,,3105823.0
2020-09-29,21.93,22.13,21.59,21.75,,2295769.0
2020-09-30,21.89,22.3,21.64,21.77,,2872662.0
2020-10-01,21.89,22.02,21.24,21.51,,3595584.0
2020-10-02,21.15,21.6,21.05,21.5,,2568467.0
2020-10-05,21.96,22.13,21.62,21.91,,2154699.0
2020-10-06,22.05,22.11,21.49,21.52,,2557328.0
2020-10-07,21.53,22.34,21.41,22.19,,2665899.0
2020-10-08,22.33,22.79,22.28,22.77,,3097547.0
2020-10-09,22.85,23.05,22.23,22.24,,3039819.0
2020-10-12,22.17,22.42,21.91,22.34,,1877648.0
2020-10-13,22.26,22.44,21.46,21.57,,5107445.0
2020-10-14,21.65,21.76,20.89,20.93,,6082454.0
2020-10-15,20.84,21.03,20.54,20.97,,4019328.0
2020-10-16,20.89,21.16,20.56,20.96,,2750042.0
2020-10-19,21.16,21.2,20.13,20.2,,2728009.0
2020-10-20,20.48,20.49,20.13,20.25,,2815165.0
2020-10-21,20.11,20.82,20.0,20.72,,3812420.0
2020-10-22,21.09,21.38,20.77,21.18,,2905165.0
2020-10-23,21.43,21.43,20.72,21.1,,2149116.0
2020-10-26,20.93,20.98,20.28,20.52,,2916541.0
2020-10-27,20.39,20.48,20.09,20.1,,4401366.0
2020-10-28,19.8,19.97,19.2,19.27,,5059107.0
2020-10-29,19.13,19.84,19.07,19.73,,5898025.0
2020-10-30,19.81,20.24,19.67,20.24,,4916026.0
2020-11-02,20.78,21.25,20.02,21.12,,5148504.0
2020-11-03,21.39,21.8,20.98,21.12,,5468121.0
2020-11-04,21.0,21.06,20.21,20.53,,6833860.0
2020-11-05,21.12,21.59,20.63,21.43,,7766568.0
2020-11-06,21.37,21.42,20.47,20.93,,4866360.0
2020-11-09,21.86,23.08,21.68,22.12,,6480820.0
2020-11-10,22.12,22.98,21.96,22.92,,4378553.0
2020-11-11,22.89,22.95,22.36,22.44,,4366013.0
2020-11-12,22.46,22.5,21.57,21.8,,3520875.0
2020-11-13,22.02,23.46,21.93,23.12,,5139610.0
2020-11-16,23.7,24.37,23.61,24.07,,7795981.0
2020-11-17,23.59,24.57,23.47,24.3,,4434923.0
2020-11-18,24.32,25.05,24.1,24.5,,6499284.0
2020-11-19,24.14,25.19,24.14,25.02,,5849541.0
2020-11-20,24.9,25.58,24.75,25.49,,10031253.0
2020-11-23,25.8,26.62,25.57,26.5,,8470869.0
2020-11-24,26.99,27.38,26.78,27.2,,6528301.0
2020-11-25,26.9,27.35,26.72,27.3,,5946274.0
2020-11-27,27.19,27.66,27.12,27.48,,3959859.0
2020-11-30,27.27,27.41,26.72,26.91,,7719415.0
2020-12-01,27.39,28.16,27.14,27.68,,11233472.0
2020-12-02,29.21,29.22,27.14,28.37,,10500186.0
2020-12-03,28.79,29.2,28.05,28.24,,8931994.0
2020-12-04,28.34,28.78,28.16,28.48,,7208900.0
2020-12-07,28.29,28.81,28.04,28.8,,7088349.0
2020-12-08,28.47,28.84,27.82,28.09,,11304798.0
2020-12-09,28.18,28.63,28.14,28.5,,5417404.0
2020-12-10,28.21,29.05,28.1,28.79,,6368391.0
2020-12-11,28.65,28.98,28.5,28.93,,8342300.0
2020-12-14,29.12,29.18,28.43,28.65,,7387621.0
2020-12-15,28.84,28.84,27.91,28.72,,4314656.0
2020-12-16,28.66,29.02,28.4,28.79,,5955318.0
2020-12-17,28.79,28.89,28.2,28.74,,6260299.0
2020-12-18,28.0,28.51,27.36,27.8,,8319753.0
2020-12-21,27.36,27.6,26.87,27.37,,9440237.0
2020-12-22,27.56,27.62,26.92,27.21,,5403636.0
2020-12-23,27.4,28.46,27.32,28.26,,5542197.0
2020-12-24,28.29,28.73,27.97,28.57,,3471604.0
2020-12-28,28.71,29.47,28.31,29.45,,5005538.0
2020-12-29,29.57,29.8,29.18,29.69,,4271837.0
2020-12-30,29.69,30.01,29.45,29.81,,3191154.0
2020-12-31,29.9,30.33,29.7,30.09,,5191479.0
2021-01-04,31.07,31.07,29.77,30.63,,7537147.0
2021-01-05,30.43,31.73,30.39,31.52,,10031692.0
2021-01-06,32.42,34.46,31.88,34.25,,11881367.0
2021-01-07,34.37,35.11,33.95,34.4,,16015183.0
2021-01-08,34.36,34.68,33.37,34.63,,11310585.0
2021-01-11,34.34,35.27,33.7,35.13,,7103131.0
2021-01-12,35.23,35.62,34.9,35.3,,5847695.0
2021-01-13,35.22,36.86,35.02,36.69,,12090703.0
2021-01-14,37.04,38.44,36.32,37.25,,11860896.0
2021-01-15,37.24,37.92,36.64,36.76,,7690484.0
2021-01-19,36.17,36.84,35.69,36.15,,10095887.0
2021-01-20,36.33,36.61,35.84,36.44,,6943376.0
2021-01-21,36.5,37.11,36.27,36.88,,5372458.0
2021-01-22,36.71,37.62,36.0,37.49,,5867757.0
2021-01-25,37.7,40.23,37.49,39.0,,10922715.0
2021-01-26,39.47,40.97,39.3,40.72,,12857739.0
2021-01-27,40.44,49.94,40.44,43.87,,38255052.0
2021-01-28,43.58,45.2,40.48,41.02,,23705227.0
2021-01-29,41.86,43.81,40.06,41.42,,16444280.0
2021-02-01,41.05,42.26,40.32,42.12,,10409037.0
2021-02-02,42.3,42.48,39.98,40.08,,9655131.0
2021-02-03,40.54,41.31,40.08,40.81,,7654445.0
2021-02-04,40.72,41.26,40.2,41.11,,7120943.0
2021-02-05,41.02,42.77,40.44,42.67,,4876320.0
2021-02-08,42.58,43.34,42.33,43.25,,7198268.0
2021-02-09,42.9,43.54,42.35,43.5,,5493888.0
2021-02-10,43.76,45.28,43.3,45.07,,4293077.0
2021-02-11,44.69,45.6,44.45,45.55,,5030065.0
2021-02-12,45.79,47.89,45.47,47.8,,4108051.0
2021-02-16,48.06,48.5,47.23,47.35,,6878487.0
2021-02-17,47.08,49.46,46.83,49.36,,4593581.0
2021-02-18,49.36,50.69,49.12,49.71,,8189415.0
2021-02-19,49.84,51.43,49.77,50.79,,8666165.0
2021-02-22,52.13,56.02,51.64,55.29,,11530336.0
2021-02-23,53.82,55.01,50.12,52.95,,15094595.0
2021-02-24,50.8,52.24,50.57,51.86,,10824087.0
2021-02-25,52.64,53.55,51.05,51.32,,8631715.0
2021-02-26,51.61,53.53,51.12,53.03,,8944150.0
2021-03-01,54.32,58.61,53.67,58.18,,11154951.0
2021-03-02,57.64,60.04,57.36,59.24,,7497713.0
2021-03-03,59.21,61.93,58.86,61.45,,6310485.0
2021-03-04,61.88,62.97,60.45,62.6,,9367412.0
2021-03-05,63.67,64.9,62.67,64.25,,9083462.0
2021-03-08,64.88,67.58,63.94,67.25,,9097707.0
2021-03-09,66.88,67.48,61.78,63.01,,16965778.0
2021-03-10,63.86,66.57,62.46,65.82,,12316234.0
2021-03-11,65.34,68.53,65.2,66.97,,11952591.0
2021-03-12,67.03,71.93,66.66,71.1,,15747612.0
2021-03-15,71.05,74.53,70.5,73.67,,11184661.0
2021-03-16,72.65,76.61,72.61,75.81,,11261100.0
2021-03-17,74.69,74.69,70.98,74.07,,13628468.0
2021-03-18,72.21,76.08,71.05,75.95,,12173358.0
2021-03-19,75.86,78.14,74.2,77.27,,9262154.0
2021-03-22,77.98,78.08,74.51,74.65,,10952837.0
2021-03-23,70.0,72.42,68.41,71.68,,12233838.0
2021-03-24,70.76,72.22,61.88,61.94,,16131176.0
2021-03-25,58.19,62.24,56.91,57.75,,13590892.0
2021-03-26,57.45,58.21,34.6,41.9,,106071743.0
2021-03-29,43.0,44.75,39.82,41.23,,65944247.0
2021-03-30,43.34,46.18,42.0,43.44,,45823229.0
2021-03-31,44.15,45.28,42.35,43.46,,31581797.0
2021-04-01,43.98,44.31,42.15,43.31,,16364904.0
2021-04-05,42.75,43.4,40.79,41.64,,22810790.0
2021-04-06,41.55,44.34,41.55,43.38,,23200401.0
2021-04-07,44.67,45.47,42.5,43.39,,15198399.0
2021-04-08,43.21,43.62,41.38,41.88,,14780462.0
2021-04-09,41.65,42.59,41.25,42.0,,14390398.0
2021-04-12,41.89,42.48,40.32,40.38,,10139973.0
2021-04-13,40.17,41.32,39.69,40.38,,10200453.0
2021-04-14,39.0,40.11,38.06,38.38,,35615946.0
2021-04-15,38.79,38.95,37.27,37.82,,15764027.0
2021-04-16,37.95,38.27,37.11,37.34,,15955499.0
2021-04-19,37.44,37.62,35.96,36.37,,15280240.0
2021-04-20,36.54,36.55,35.28,35.47,,11144561.0
2021-04-21,35.16,38.51,34.81,38.48,,21090622.0
2021-04-22,38.68,39.17,37.57,38.21,,18289125.0
2021-04-23,38.39,38.7,37.42,38.4,,10104026.0
2021-04-26,38.5,39.03,37.35,38.85,,10454922.0
2021-04-27,38.63,39.55,38.4,39.01,,7560211.0
2021-04-28,35.96,37.78,35.56,37.49,,16863554.0
2021-04-29,38.46,38.67,37.15,37.95,,12812474.0
2021-04-30,37.96,38.8,37.53,37.66,,5914050.0
2021-05-03,37.36,37.53,35.65,36.12,,13788768.0
2021-05-04,36.09,36.58,35.3,36.52,,7026156.0
2021-05-05,36.47,36.88,35.95,36.66,,5173529.0
2021-05-06,37.08,37.39,35.83,36.25,,6745680.0
2021-05-07,36.48,37.73,36.1,37.56,,8232037.0
2021-05-10,37.7,38.07,37.08,37.26,,6194008.0
2021-05-11,36.29,37.35,35.97,36.78,,5517137.0
2021-05-12,36.77,37.41,35.69,35.76,,5041043.0
2021-05-13,35.88,36.83,34.64,35.23,,8194573.0
2021-05-14,35.61,36.04,35.02,35.65,,4717460.0
2021-05-17,39.24,39.7,33.43,33.85,,89513247.0
2021-05-18,33.76,34.52,32.44,33.31,,31351552.0
2021-05-19,32.68,33.6,32.54,33.11,,18898394.0
2021-05-20,33.34,33.51,31.75,31.85,,19397040.0
2021-05-21,31.99,32.35,31.36,31.47,,17539925.0
2021-05-24,31.32,31.82,30.61,31.28,,12265879.0
2021-05-25,31.56,31.72,30.55,30.66,,10209207.0
2021-05-26,30.71,32.05,30.7,31.82,,11316436.0
2021-05-27,31.8,32.76,31.5,32.52,,9663929.0
2021-05-28,32.55,32.69,32.02,32.11,,8168042.0
2021-06-01,32.28,32.45,31.88,32.0,,7727303.0
2021-06-02,32.29,32.57,31.36,32.15,,8556597.0
2021-06-03,32.09,32.4,31.31,31.63,,6681627.0
2021-06-04,31.75,31.9,31.17,31.55,,5115434.0
2021-06-07,31.66,31.98,31.16,31.24,,5046410.0
2021-06-08,31.22,31.31,29.94,30.04,,12160227.0
2021-06-09,30.09,31.0,30.01,30.56,,6625695.0
2021-06-10,30.67,30.85,29.97,30.14,,7832736.0
2021-06-11,30.4,30.81,30.24,30.79,,5280078.0
2021-06-14,30.96,31.48,30.66,30.82,,5182562.0
2021-06-15,30.82,31.53,30.05,30.07,,6912577.0
2021-06-16,30.02,30.59,29.54,30.46,,7120127.0
2021-06-17,30.32,30.49,29.34,29.41,,7728995.0
2021-06-18,29.26,29.5,28.89,29.08,,10228824.0
2021-06-21,29.15,29.73,29.01,29.69,,7984605.0
2021-06-22,29.69,29.7,29.02,29.49,,6575488.0
2021-06-23,29.34,30.07,29.34,29.51,,9244431.0
2021-06-24,29.64,30.36,29.46,30.32,,6667560.0
2021-06-25,30.35,30.98,30.11,30.86,,6852219.0
2021-06-28,30.96,31.31,30.33,30.57,,5635457.0
2021-06-29,30.69,30.86,30.19,30.34,,3951475.0
2021-06-30,30.41,30.79,29.94,30.68,,5656527.0
2021-07-01,30.73,31.88,30.55,31.2,,7054056.0
2021-07-02,31.02,31.67,30.8,31.14,,4329334.0
2021-07-06,31.17,31.17,30.02,30.34,,4471712.0
2021-07-07,30.18,30.35,29.46,29.56,,5171463.0
2021-07-08,29.0,29.25,28.28,28.78,,6978661.0
2021-07-09,29.2,29.48,28.87,29.3,,4001770.0
2021-07-12,29.23,29.72,28.86,29.65,,3267342.0
2021-07-13,29.43,29.73,28.95,29.1,,6415819.0
2021-07-14,29.21,29.33,28.55,28.74,,5499985.0
2021-07-15,28.6,29.16,28.34,28.46,,5218699.0
2021-07-16,28.54,29.08,28.05,28.18,,6284277.0
2021-07-19,27.77,28.21,27.08,27.82,,7095524.0
2021-07-20,27.88,28.21,27.52,28.13,,3534355.0
2021-07-21,28.21,29.05,28.21,28.79,,4030593.0
2021-07-22,28.85,28.93,27.87,28.48,,4515387.0
2021-07-23,28.63,28.68,27.86,28.47,,3030317.0
2021-07-26,28.43,31.4,28.35,29.34,,16584178.0
2021-07-27,29.02,29.58,28.75,28.83,,6553034.0
2021-07-28,28.9,29.93,27.34,29.39,,15471841.0
2021-07-29,29.4,31.0,29.32,30.18,,9292679.0
2021-07-30,29.92,30.16,28.89,29.01,,4100922.0
2021-08-02,29.23,29.59,28.93,29.09,,4114872.0
2021-08-03,29.18,29.28,26.85,27.87,,13105333.0
2021-08-04,27.81,28.58,27.43,28.34,,6219505.0
2021-08-05,28.43,29.39,28.28,29.2,,4563351.0
2021-08-06,29.24,29.72,28.87,29.04,,6595462.0
2021-08-09,29.03,29.3,28.77,29.23,,2507406.0
2021-08-10,29.13,29.5,28.82,29.44,,4487300.0
2021-08-11,29.44,29.61,29.05,29.45,,2966390.0
2021-08-12,29.62,29.73,28.71,28.9,,3950453.0
2021-08-13,29.11,29.21,28.36,28.42,,3273817.0
2021-08-16,28.26,28.73,27.8,28.34,,5022391.0
2021-08-17,28.0,28.67,27.8,28.61,,3813003.0
2021-08-18,28.72,29.23,28.41,28.45,,4637289.0
2021-08-19,28.41,28.43,27.68,27.74,,5425030.0
2021-08-20,27.66,28.13,27.38,28.07,,4089296.0
2021-08-23,28.31,28.68,28.05,28.44,,3286695.0
2021-08-24,28.48,28.96,28.45,28.7,,3403774.0
2021-08-25,28.71,29.08,28.45,28.74,,2704122.0
2021-08-26,28.92,28.93,27.77,27.89,,4019892.0
2021-08-27,27.9,28.38,27.66,28.28,,4009473.0
2021-08-30,28.48,28.48,27.69,27.85,,3084878.0
2021-08-31,27.8,28.97,27.79,28.84,,5288949.0
2021-09-01,28.82,28.92,28.29,28.43,,3271489.0
2021-09-02,28.52,29.04,28.38,28.94,,3623166.0
2021-09-03,28.95,28.95,28.16,28.31,,3655603.0
2021-09-07,28.31,28.74,27.93,27.96,,3302478.0
2021-09-08,27.96,28.24,26.94,26.98,,5693652.0
2021-09-09,26.91,27.22,26.61,26.79,,4921616.0
2021-09-10,26.78,26.89,26.11,26.15,,6613798.0
2021-09-13,26.35,27.11,26.18,27.06,,5440004.0
2021-09-14,27.1,27.1,25.79,26.26,,9715664.0
2021-09-15,26.33,27.05,26.11,26.81,,7610271.0
2021-09-16,26.74,27.2,26.55,26.99,,4933486.0
2021-09-17,27.0,27.41,26.77,26.88,,7577025.0
2021-09-20,26.42,26.44,25.55,26.01,,8634511.0
2021-09-21,26.18,26.45,24.98,25.15,,8906631.0
2021-09-22,25.37,26.12,25.36,25.44,,6458010.0
2021-09-23,25.49,26.05,25.49,25.53,,4136803.0
2021-09-24,25.52,25.68,25.2,25.3,,5638864.0
2021-09-27,25.36,26.52,25.34,26.14,,5156033.0
2021-09-28,26.05,26.47,25.55,25.6,,3798489.0
2021-09-29,25.69,25.86,25.36,25.42,,3560422.0
2021-09-30,25.48,25.57,24.86,25.38,,5331323.0
2021-10-01,25.53,26.01,25.33,25.74,,3614637.0
2021-10-04,25.66,25.82,25.33,25.61,,6528198.0
2021-10-05,25.67,26.38,25.41,26.15,,5991710.0
2021-10-06,25.77,25.91,25.07,25.88,,7528970.0
2021-10-07,26.1,26.81,25.94,26.46,,6745969.0
2021-10-08,26.66,26.99,25.86,25.89,,3591498.0
2021-10-11,26.02,26.1,25.17,25.17,,4413009.0
2021-10-12,25.18,25.47,24.48,24.58,,7419140.0
2021-10-13,24.82,25.54,24.67,25.5,,7150222.0
2021-10-14,25.55,25.74,25.11,25.26,,4031233.0
2021-10-15,25.48,25.6,24.77,24.83,,5419825.0
2021-10-18,24.74,25.21,24.44,24.67,,5113307.0
2021-10-19,24.99,25.2,24.64,24.9,,6307013.0
2021-10-20,24.77,25.7,24.74,25.33,,5875494.0
2021-10-21,25.37,25.97,24.74,25.0,,6041002.0
2021-10-22,25.08,25.27,24.75,25.1,,3904240.0
2021-10-25,25.1,25.56,25.03,25.29,,5062451.0
2021-10-26,25.5,25.54,24.54,24.64,,5858161.0
2021-10-27,24.74,24.76,23.59,23.6,,7348564.0
2021-10-28,23.57,24.34,23.52,24.31,,4666217.0
2021-10-29,24.15,24.25,23.39,23.44,,5842686.0
2021-11-01,23.7,24.7,23.56,24.42,,6900652.0
2021-11-02,24.42,24.8,23.85,24.55,,10499094.0
2021-11-03,24.4,25.78,23.76,25.6,,11278373.0
2021-11-04,25.66,25.84,24.96,25.46,,6681269.0
2021-11-05,25.64,26.6,25.41,26.52,,6209524.0
2021-11-08,26.83,26.98,26.21,26.28,,6800716.0
2021-11-09,26.5,26.78,25.98,26.65,,4173456.0
2021-11-10,26.65,28.06,26.52,27.36,,7739638.0
2021-11-11,27.16,28.98,26.75,28.23,,12304451.0
2021-11-12,28.16,28.7,27.87,27.91,,4926512.0
2021-11-15,28.0,28.88,27.88,28.02,,4125335.0
2021-11-16,27.99,28.02,27.5,27.73,,4827688.0
2021-11-17,27.61,27.85,27.21,27.59,,4515720.0
2021-11-18,27.56,27.6,26.51,26.85,,5129426.0
2021-11-19,26.77,26.82,24.83,25.26,,11189140.0
2021-11-22,25.3,25.93,24.66,25.71,,5608126.0
2021-11-23,25.75,26.16,25.17,25.6,,6240613.0
2021-11-24,25.53,25.56,25.07,25.17,,3788908.0
2021-11-26,24.46,24.82,24.14,24.72,,3407027.0
2021-11-29,24.95,25.05,24.01,24.59,,5147636.0
2021-11-30,24.3,24.34,22.67,23.27,,11473667.0
2021-12-01,23.6,23.93,22.2,22.26,,10509989.0
2021-12-02,22.44,23.39,22.31,23.25,,8921195.0
2021-12-03,23.05,24.03,23.04,23.99,,9162743.0
2021-12-06,24.43,24.91,23.77,24.4,,6635839.0
2021-12-07,24.77,25.27,24.16,24.22,,5901104.0
2021-12-08,24.39,24.89,23.96,24.03,,4949057.0
2021-12-09,23.8,23.93,23.05,23.58,,7219090.0
2021-12-10,23.88,23.92,23.11,23.29,,4791823.0
2021-12-13,22.99,23.25,22.57,22.75,,4327789.0
2021-12-14,22.65,23.07,22.45,22.51,,8522946.0
2021-12-15,22.41,22.67,21.66,22.57,,5858860.0
2021-12-16,22.85,23.55,22.71,23.41,,6682034.0
2021-12-17,23.5,23.61,22.59,23.28,,7177807.0
2021-12-20,22.86,23.33,22.45,22.89,,6087273.0
2021-12-21,22.98,23.95,22.85,23.53,,5283359.0
2021-12-22,23.47,24.0,23.06,23.63,,5086437.0
2021-12-23,23.78,24.64,23.72,24.42,,4741943.0
2021-12-27,24.44,24.66,23.96,24.36,,3340629.0
2021-12-28,24.27,24.89,24.13,24.33,,3572638.0
2021-12-29,24.28,24.66,23.75,23.87,,4990776.0
2021-12-30,23.86,24.91,23.77,24.45,,6283588.0
2021-12-31,24.39,24.6,23.52,23.54,,6682251.0
2022-01-03,23.89,25.8,23.84,25.33,,10231647.0
2022-01-04,25.77,27.16,25.64,26.75,,12073972.0
2022-01-05,27.13,27.97,26.38,26.45,,12532199.0
2022-01-06,26.59,26.82,25.61,25.72,,7197385.0
2022-01-07,27.65,31.18,27.26,30.06,,42891858.0
2022-01-10,30.17,30.39,28.27,28.59,,12117028.0
2022-01-11,28.9,29.3,28.03,28.68,,7008006.0
2022-01-12,28.5,29.22,28.28,28.79,,5045192.0
2022-01-13,28.86,30.02,28.44,29.34,,9016051.0
2022-01-14,28.94,31.28,28.94,31.18,,12183431.0
2022-01-18,30.95,31.55,29.37,29.64,,8665885.0
2022-01-19,29.88,30.07,28.28,28.58,,7224214.0
2022-01-20,28.86,29.06,27.29,27.49,,10880837.0
2022-01-21,26.83,27.13,25.94,26.19,,10403843.0
2022-01-24,25.27,26.95,25.22,26.88,,9191995.0
2022-01-25,26.37,27.09,25.84,26.86,,6800690.0
2022-01-26,27.05,27.4,24.18,24.4,,18137149.0
2022-01-27,24.76,25.3,24.39,25.24,,10094399.0
2022-01-28,25.06,27.16,24.9,27.15,,9601614.0
2022-01-31,27.12,28.43,26.16,27.91,,7309286.0
2022-02-01,25.99,28.94,25.9,27.17,,25754454.0
2022-02-02,27.05,28.37,26.38,27.69,,11157732.0
2022-02-03,27.43,29.35,27.32,28.93,,12439056.0
2022-02-04,29.02,29.43,28.26,28.9,,6722980.0
2022-02-07,29.07,29.36,28.24,28.34,,6619476.0
2022-02-08,28.45,28.9,28.04,28.21,,5391860.0
2022-02-09,28.49,30.06,27.96,29.84,,10942047.0
2022-02-10,29.84,31.12,29.57,30.09,,7517561.0
2022-02-11,30.01,30.65,29.44,29.57,,6591422.0
2022-02-14,29.6,30.26,29.35,29.42,,4115750.0
2022-02-15,29.85,30.57,29.44,30.51,,4068377.0
2022-02-16,29.54,29.66,28.12,29.38,,13121824.0
2022-02-17,28.93,30.11,28.83,29.87,,7169213.0
2022-02-18,29.91,30.74,29.6,29.86,,6932081.0
2022-02-22,29.51,30.2,28.09,28.28,,10665473.0
2022-02-23,28.34,29.25,28.07,28.21,,8400471.0
2022-02-24,26.25,27.8,25.34,27.73,,16236876.0
2022-02-25,27.65,28.88,26.61,28.24,,9585565.0
2022-02-28,27.49,28.53,27.32,28.05,,8296436.0
2022-03-01,28.09,28.46,27.23,28.11,,7663054.0
2022-03-02,28.12,29.6,28.12,29.24,,7679566.0
2022-03-03,29.27,29.61,27.96,28.68,,6199327.0
2022-03-04,28.52,28.54,26.5,26.89,,12200651.0
2022-03-07,26.61,26.94,25.49,25.55,,10290400.0
2022-03-08,25.69,26.22,25.16,25.27,,9388143.0
2022-03-09,26.0,26.6,25.33,25.37,,5845595.0
2022-03-10,25.18,25.44,24.46,25.08,,9331947.0
2022-03-11,25.36,25.51,23.93,23.99,,11207097.0
2022-03-14,24.0,24.95,23.7,23.88,,10106407.0
2022-03-15,24.12,25.34,23.91,25.02,,7460930.0
2022-03-16,25.46,26.08,25.08,25.64,,6529376.0
2022-03-17,25.34,25.72,25.0,25.71,,4472044.0
2022-03-18,25.54,26.35,25.35,26.26,,6837266.0
2022-03-21,26.16,26.9,25.77,26.15,,4659950.0
2022-03-22,26.37,27.19,26.23,26.87,,5161018.0
2022-03-23,26.67,27.66,26.56,26.62,,4822698.0
2022-03-24,26.61,27.17,26.48,27.12,,5121414.0
2022-03-25,27.12,27.62,26.95,27.35,,3527299.0
2022-03-28,27.32,27.35,25.12,25.58,,11002915.0
2022-03-29,25.94,26.42,25.57,26.25,,5306865.0
2022-03-30,26.04,26.68,25.64,25.7,,4790474.0
2022-03-31,25.57,25.62,24.85,24.92,,8586689.0
2022-04-01,25.16,25.33,24.36,25.02,,7750906.0
2022-04-04,25.16,26.0,24.37,25.8,,8400034.0
2022-04-05,25.51,26.01,24.23,24.42,,11317760.0
2022-04-08,23.07,24.52,22.78,24.43,,22358900.0
2022-04-11,24.07,26.26,23.5,24.78,,70016221.0
2022-04-12,24.37,25.33,23.75,24.68,,40974782.0
2022-04-13,24.66,27.5,24.21,26.0,,65233873.0
2022-04-14,25.89,26.58,24.76,24.88,,37861644.0
2022-04-18,24.53,24.8,23.52,24.16,,29145522.0
2022-04-19,23.66,24.68,23.5,24.49,,32055136.0
2022-04-20,23.49,23.56,22.7,23.01,,41456304.0
2022-04-21,22.64,23.23,20.92,21.45,,50753213.0
2022-04-22,21.0,21.91,20.37,20.57,,23510050.0
2022-04-25,20.06,21.94,19.95,21.5,,35852675.0
2022-04-26,19.93,20.96,19.63,19.83,,33710627.0
2022-04-27,19.86,19.95,18.2,18.83,,33842427.0
2022-04-28,19.02,19.42,17.89,18.35,,23049807.0
2022-04-29,18.36,19.2,18.09,18.15,,22966557.0
2022-05-02,18.15,19.45,18.05,19.25,,26110504.0
2022-05-03,18.98,19.68,18.68,19.27,,19475920.0
2022-05-04,19.37,19.8,18.81,19.66,,16978667.0
2022-05-05,19.39,20.08,18.5,18.88,,21441981.0
2022-05-06,18.55,18.71,17.55,17.75,,22653555.0
2022-05-09,17.29,17.84,16.86,17.1,,20143704.0
2022-05-10,17.33,17.97,17.1,17.35,,18456538.0
2022-05-11,17.24,17.84,16.59,16.62,,17838860.0
2022-05-12,16.51,17.74,16.51,17.11,,22105748.0
2022-05-13,17.18,18.25,17.17,18.1,,15288616.0
2022-05-16,17.92,18.5,17.14,17.21,,16687004.0
2022-05-17,17.69,18.36,17.58,18.36,,20024587.0
2022-05-18,18.03,18.36,17.26,17.46,,19495863.0
2022-05-19,17.35,17.87,17.27,17.5,,16972356.0
2022-05-20,17.75,18.02,17.15,17.74,,19152601.0
2022-05-23,18.0,18.38,17.45,18.29,,17869646.0
2022-05-24,17.84,17.89,16.73,16.86,,23189552.0
2022-05-25,16.91,17.36,16.75,17.23,,18875877.0
2022-05-26,17.36,18.04,17.24,17.98,,14440176.0
2022-05-27,18.01,18.76,18.0,18.76,,16213295.0
2022-05-31,18.56,18.7,18.01,18.45,,33259622.0
2022-06-01,18.49,18.74,17.51,17.66,,15623636.0
2022-06-02,17.47,18.06,17.34,18.0,,13592698.0
2022-06-03,17.82,17.9,17.18,17.5,,14604816.0
2022-06-06,17.82,17.87,16.83,16.85,,21860690.0
2022-06-07,16.56,17.17,16.33,17.17,,19171715.0
2022-06-08,17.03,17.32,16.62,16.67,,16512061.0
2022-06-09,16.5,16.56,15.61,15.63,,22961459.0
2022-06-10,15.37,15.4,14.82,14.86,,25444596.0
2022-06-13,14.44,14.48,13.71,14.03,,28812776.0
2022-06-14,14.17,14.29,13.57,13.98,,22936552.0
2022-06-15,14.09,15.13,14.05,14.85,,23100480.0
2022-06-16,14.33,14.48,13.3,13.65,,26389795.0
2022-06-17,13.95,14.5,13.5,14.22,,36064362.0
2022-06-21,14.56,14.68,13.93,14.04,,19574316.0
2022-06-22,13.76,14.29,13.76,13.97,,14654171.0
2022-06-23,14.17,14.19,13.75,14.12,,14424982.0
2022-06-24,14.25,14.61,14.2,14.28,,49763864.0
2022-06-27,14.38,14.44,13.88,14.08,,19434588.0
2022-06-28,14.11,14.68,13.57,13.66,,24560303.0
2022-06-29,13.64,13.67,12.91,13.17,,29669011.0
2022-06-30,13.12,13.67,12.77,13.42,,25815664.0
2022-07-01,13.3,14.3,13.26,14.25,,23453587.0
2022-07-05,13.95,14.48,13.47,14.44,,20360336.0
2022-07-06,14.43,14.64,14.12,14.27,,20632535.0
2022-07-07,14.31,14.7,14.2,14.52,,15169495.0
2022-07-08,14.32,14.51,13.97,13.99,,16060108.0
2022-07-11,13.8,13.91,13.55,13.66,,15865038.0
2022-07-12,13.55,14.09,13.55,13.95,,12235747.0
2022-07-13,13.76,14.33,13.43,14.18,,18002925.0
2022-07-14,13.83,13.92,13.43,13.63,,25315522.0
2022-07-15,13.82,13.99,13.6,13.96,,17057879.0
2022-07-18,14.03,14.23,13.81,13.88,,16229534.0
2022-07-19,14.0,14.33,13.96,14.25,,18864611.0
2022-07-20,14.29,14.59,13.94,14.44,,18892277.0
2022-07-21,14.33,14.52,14.14,14.51,,11673794.0
2022-07-22,14.4,14.99,14.35,14.65,,19650795.0
2022-07-25,14.65,14.84,14.34,14.66,,17912147.0
2022-07-26,14.59,14.65,14.3,14.43,,12215507.0
2022-07-27,14.56,15.28,14.49,15.15,,18763715.0
2022-07-28,15.0,15.64,14.8,15.59,,18480392.0
2022-07-29,15.35,15.4,14.72,15.0,,25702346.0
2022-08-01,15.01,15.73,14.8,15.4,,22244192.0
2022-08-02,15.43,16.46,15.3,16.0,,22877307.0
2022-08-03,16.19,16.85,15.99,16.71,,21595782.0
2022-08-04,16.51,17.65,16.51,17.48,,34395524.0
2022-08-05,14.59,15.15,14.41,14.59,,67899746.0
2022-08-08,14.7,14.72,13.92,14.02,,40551659.0
2022-08-09,13.94,14.0,12.93,13.1,,43116053.0
2022-08-10,13.36,13.58,13.07,13.1,,31904967.0
2022-08-11,13.26,13.95,13.21,13.68,,28750269.0
2022-08-12,13.85,13.86,13.36,13.68,,22307263.0
2022-08-15,13.55,13.63,13.06,13.12,,34209839.0
2022-08-16,13.07,13.88,12.82,13.69,,33874697.0
2022-08-17,13.44,13.54,13.05,13.26,,23289492.0
2022-08-18,13.16,13.22,12.86,13.19,,25789237.0
2022-08-19,12.98,13.75,12.97,13.73,,24631687.0
2022-08-22,13.48,13.53,12.69,12.71,,33567904.0
2022-08-23,12.82,13.15,12.7,12.79,,23719254.0
2022-08-24,12.84,13.59,12.79,13.52,,27581057.0
2022-08-25,13.48,13.66,13.34,13.56,,21340957.0
2022-08-26,13.56,14.02,13.13,13.16,,29667534.0
2022-08-29,12.98,13.47,12.98,13.2,,18495055.0
2022-08-30,13.36,13.57,13.05,13.29,,23844105.0
2022-08-31,13.32,13.54,13.2,13.24,,24097586.0
2022-09-01,13.02,13.22,12.77,13.19,,25104415.0
2022-09-02,13.27,13.52,13.0,13.06,,20909579.0
2022-09-06,13.11,13.11,12.48,12.63,,25087020.0
2022-09-07,12.5,12.88,12.48,12.68,,15815986.0
2022-09-08,12.54,12.69,12.23,12.54,,22276142.0
2022-09-09,12.67,13.09,12.67,13.03,,22564952.0
2022-09-12,13.18,13.53,13.1,13.31,,15804619.0
2022-09-13,12.84,13.18,12.74,12.95,,20761353.0
2022-09-14,12.95,12.98,12.32,12.71,,23717871.0
2022-09-15,12.57,13.34,12.55,13.17,,22447835.0
2022-09-16,13.04,13.12,12.63,12.74,,37420173.0
2022-09-19,12.65,13.36,12.55,13.16,,23871624.0
2022-09-20,13.06,13.24,12.83,13.21,,27526138.0
2022-09-21,13.18,13.29,12.22,12.22,,25806136.0
2022-09-22,12.24,12.38,11.88,12.01,,23032392.0
2022-09-23,11.79,11.91,11.51,11.79,,25087531.0
2022-09-26,11.69,12.04,11.38,11.41,,24792011.0
2022-09-27,11.52,12.01,11.22,11.32,,22208249.0
2022-09-28,11.28,11.87,11.2,11.79,,19531390.0
2022-09-29,11.53,11.76,11.3,11.66,,20033721.0
2022-09-30,11.71,12.02,11.48,11.5,,23432216.0
2022-10-03,11.64,12.03,11.55,11.95,,17827200.0
2022-10-04,12.08,12.55,12.04,12.36,,18674037.0
2022-10-05,12.05,12.3,11.86,12.22,,13677314.0
2022-10-06,12.2,12.54,12.06,12.49,,17992685.0
2022-10-07,12.38,12.48,11.88,11.98,,14331224.0
2022-10-10,12.04,12.23,11.81,12.02,,16726487.0
2022-10-11,11.85,12.03,11.38,11.6,,25356064.0
2022-10-12,11.48,11.85,11.33,11.66,,28771639.0
2022-10-13,11.42,12.56,11.25,12.5,,29973161.0
2022-10-14,12.55,12.84,12.4,12.43,,20424229.0
2022-10-17,12.57,12.64,12.28,12.32,,21358094.0
2022-10-18,12.62,13.04,12.55,12.88,,18270306.0
2022-10-19,12.96,13.19,12.55,12.61,,19640276.0
2022-10-20,12.66,13.21,12.45,12.92,,23298295.0
2022-10-21,12.87,13.49,12.84,13.49,,21454512.0
2022-10-24,13.46,13.59,13.02,13.18,,20913446.0
2022-10-25,13.01,13.65,13.01,13.57,,22539751.0
2022-10-26,13.47,13.66,12.83,13.0,,24253939.0
2022-10-27,13.01,13.35,12.44,12.49,,23608534.0
2022-10-28,12.5,12.97,12.37,12.95,,19055919.0
2022-10-31,12.78,13.06,12.64,13.0,,21383706.0
2022-11-01,13.25,13.83,13.25,13.35,,22199498.0
2022-11-02,13.03,13.12,12.66,12.68,,32132481.0
2022-11-03,12.36,12.4,11.63,11.97,,34500326.0
2022-11-04,11.38,11.76,10.2,10.43,,60325063.0
2022-11-07,10.46,10.56,9.97,10.27,,44576704.0
2022-11-08,10.2,10.47,9.8,10.06,,36236035.0
2022-11-09,9.86,9.91,9.52,9.84,,43663270.0
2022-11-10,10.18,10.82,10.15,10.8,,37006999.0
2022-11-11,10.82,12.36,10.61,11.84,,48852243.0
2022-11-14,11.75,12.3,11.48,11.49,,24372301.0
2022-11-15,11.84,12.2,11.18,11.33,,29600462.0
2022-11-16,11.15,11.18,10.52,10.91,,26336944.0
2022-11-17,10.7,11.17,10.6,10.96,,18070383.0
2022-11-18,11.12,11.21,10.65,10.77,,14638780.0
2022-11-21,10.7,10.78,10.5,10.56,,18070438.0
2022-11-22,10.5,10.82,10.36,10.8,,13273793.0
2022-11-23,10.72,11.4,10.72,11.34,,16946254.0
2022-11-25,11.18,11.59,11.11,11.47,,10129364.0
2022-11-28,11.27,11.53,10.91,10.92,,16278734.0
2022-11-29,10.98,11.25,10.86,11.14,,16626091.0
2022-11-30,11.06,11.52,10.93,11.4,,26856991.0
2022-12-01,11.4,11.89,11.38,11.63,,21848611.0
2022-12-02,11.57,11.65,11.37,11.55,,17221623.0
2022-12-05,11.5,11.63,11.11,11.15,,15244389.0
2022-12-06,11.31,11.49,10.57,10.61,,25893014.0
2022-12-07,10.52,10.96,10.34,10.74,,19258178.0
2022-12-08,10.78,11.0,10.67,10.76,,20565620.0
2022-12-09,10.71,11.34,10.67,11.09,,29007295.0
2022-12-12,11.0,11.39,10.96,11.27,,50053925.0
2022-12-13,11.65,11.91,10.78,10.89,,29922774.0
2022-12-14,10.8,11.23,10.77,10.98,,35547858.0
2022-12-15,10.65,10.8,9.95,10.0,,47972787.0
2022-12-16,9.97,10.1,9.6,9.91,,158082487.0
2022-12-19,9.81,9.88,9.07,9.25,,42430472.0
2022-12-20,9.18,9.56,8.89,9.03,,42837299.0
2022-12-21,9.06,9.38,8.91,9.04,,25650715.0
2022-12-22,9.0,9.24,8.82,9.23,,28569386.0
2022-12-23,9.19,9.38,9.09,9.17,,19035141.0
2022-12-27,9.06,9.27,8.85,9.23,,22207679.0
2022-12-28,9.17,9.3,8.84,8.87,,22506060.0
2022-12-29,9.01,9.57,8.94,9.43,,29740723.0
2022-12-30,9.21,9.5,9.18,9.48,,22808748.0
2023-01-03,9.65,9.94,9.49,9.54,,25186060.0
2023-01-04,9.79,10.61,9.55,10.38,,34435937.0
2023-01-05,10.38,11.05,10.12,10.86,,33761612.0
2023-01-06,10.88,11.39,10.73,11.32,,29842641.0
2023-01-09,11.39,11.71,11.23,11.61,,25383829.0
2023-01-10,11.8,12.58,11.77,12.56,,43263534.0
2023-01-11,12.88,12.95,12.38,12.6,,30814075.0
2023-01-12,12.78,13.28,12.5,13.15,,28005774.0
2023-01-13,12.96,13.16,12.9,13.14,,16146587.0
2023-01-17,13.06,13.33,12.83,13.23,,18142563.0
2023-01-18,13.23,13.25,12.48,12.59,,21307848.0
2023-01-19,12.45,12.56,11.91,12.47,,20111349.0
2023-01-20,12.54,13.04,12.36,13.02,,18431117.0
2023-01-23,13.02,13.53,12.95,13.51,,21618201.0
2023-01-24,13.37,13.6,13.24,13.38,,11424218.0
2023-01-25,13.26,14.73,13.18,14.53,,44313505.0
2023-01-26,14.72,15.19,14.42,15.0,,30614212.0
2023-01-27,14.89,15.1,14.65,14.91,,21010478.0
2023-01-30,14.59,14.73,14.22,14.38,,20238453.0
2023-01-31,14.45,14.84,14.23,14.82,,23524576.0
2023-02-01,14.72,15.47,14.67,15.36,,26301373.0
2023-02-02,15.52,16.05,15.44,15.92,,25213353.0
2023-02-03,15.56,15.86,15.26,15.42,,20698439.0
2023-02-06,15.2,15.46,15.0,15.4,,16768964.0
2023-02-07,15.35,15.42,14.79,15.33,,12936246.0
2023-02-08,15.26,15.26,14.53,14.56,,15044739.0
2023-02-09,14.78,14.96,14.24,14.37,,17022995.0
2023-02-10,14.18,14.38,14.02,14.22,,11847870.0
2023-02-13,14.31,15.07,14.11,14.92,,19340352.0
2023-02-14,14.72,15.04,14.43,14.73,,11173172.0
2023-02-15,14.57,15.37,14.41,15.35,,16757569.0
2023-02-16,14.96,15.63,14.82,15.31,,23020809.0
2023-02-17,15.24,15.53,15.06,15.43,,15552469.0
2023-02-21,15.11,15.23,14.72,14.75,,17783478.0
2023-02-22,14.68,15.52,14.68,15.42,,20901337.0
2023-02-23,15.43,15.79,15.29,15.73,,27591370.0
2023-02-24,15.31,16.24,15.15,15.55,,38611599.0
2023-02-27,15.55,16.34,15.55,15.94,,20752387.0
2023-02-28,15.86,16.32,15.46,15.62,,22523223.0
2023-03-01,15.59,15.65,15.0,15.02,,13922767.0
2023-03-02,14.93,15.28,14.76,15.24,,13335367.0
2023-03-03,15.35,15.57,15.27,15.47,,16506176.0
2023-03-06,15.65,15.85,15.12,15.13,,11534633.0
2023-03-07,15.07,15.27,14.77,14.82,,11413176.0
2023-03-08,14.87,15.38,14.74,15.34,,12817074.0
2023-03-09,15.22,15.39,14.57,14.77,,19336986.0
2023-03-10,14.66,14.75,14.13,14.35,,16213646.0
2023-03-13,14.03,14.35,13.47,14.02,,23224817.0
2023-03-14,14.19,14.32,13.78,14.05,,20094541.0
2023-03-15,13.69,13.85,13.4,13.57,,17601488.0
2023-03-16,13.45,14.23,13.39,14.16,,13757233.0
2023-03-17,14.76,14.88,14.2,14.34,,32003231.0
2023-03-20,14.26,14.54,14.11,14.24,,16431873.0
2023-03-21,14.48,15.14,14.41,15.09,,17627862.0
2023-03-22,15.13,15.27,14.48,14.51,,13584273.0
2023-03-23,14.67,14.99,14.23,14.53,,11041958.0
2023-03-24,14.2,14.32,13.72,14.0,,12749223.0
2023-03-27,14.13,14.51,14.13,14.34,,10588685.0
2023-03-28,14.35,14.58,14.33,14.48,,11189076.0
2023-03-29,14.65,14.72,14.39,14.66,,12433689.0
2023-03-30,14.93,15.04,14.76,14.85,,12707505.0
2023-03-31,14.9,15.12,14.85,15.1,,17309359.0
2023-04-03,15.01,15.2,14.67,14.81,,16566313.0
2023-04-04,15.0,15.18,14.8,15.15,,15755029.0
2023-04-05,14.99,15.01,14.66,14.79,,14871908.0
2023-04-06,14.7,15.24,14.41,15.11,,21833891.0
2023-04-10,15.01,15.52,14.96,15.4,,15878276.0
2023-04-11,15.5,15.56,14.86,14.93,,19676851.0
2023-04-12,15.07,15.14,13.97,14.06,,26222869.0
2023-04-13,14.11,14.48,13.72,14.04,,36540474.0
2023-04-14,14.1,14.28,13.56,13.78,,16783357.0
2023-04-17,13.81,14.54,13.76,14.53,,18710066.0
2023-04-18,14.59,14.68,14.12,14.27,,13688781.0
2023-04-19,14.1,14.35,13.83,14.29,,12505904.0
2023-04-20,14.04,14.17,13.69,13.83,,15925566.0
2023-04-21,13.73,13.88,13.46,13.58,,16059152.0
2023-04-24,13.63,13.73,13.2,13.36,,16336587.0
2023-04-25,13.19,13.29,12.76,12.81,,18570554.0
2023-04-26,12.8,12.99,12.54,12.58,,14147586.0
2023-04-27,12.75,13.15,12.61,13.09,,19979550.0
2023-04-28,13.07,13.74,12.92,13.61,,16862957.0
2023-05-01,13.58,13.7,13.24,13.29,,13721728.0
2023-05-02,13.15,13.21,12.65,12.69,,15663760.0
2023-05-03,12.8,13.13,12.75,12.83,,15265737.0
2023-05-04,12.43,12.52,12.04,12.33,,32200580.0
2023-05-05,11.81,12.96,11.63,12.89,,43789084.0
2023-05-08,13.0,13.54,12.8,13.46,,20909488.0
2023-05-09,13.31,13.5,13.25,13.41,,20611211.0
2023-05-10,13.55,13.56,12.69,13.04,,21789970.0
2023-05-11,12.82,12.88,12.34,12.38,,20095167.0
2023-05-12,12.38,12.63,12.25,12.51,,18621011.0
2023-05-15,12.62,12.82,12.46,12.81,,13879675.0
2023-05-16,12.78,12.81,12.09,12.15,,20245985.0
2023-05-17,12.29,12.68,12.18,12.51,,15072154.0
2023-05-18,12.51,12.58,12.19,12.4,,16779297.0
2023-05-19,12.4,12.46,12.16,12.2,,13198851.0
2023-05-22,12.22,12.31,11.96,12.16,,15849954.0
2023-05-23,12.13,12.24,11.66,11.69,,20315273.0
2023-05-24,11.7,11.9,11.37,11.66,,17325008.0
2023-05-25,11.57,11.57,11.04,11.09,,21466780.0
2023-05-26,11.17,11.49,11.01,11.44,,21300351.0
2023-05-30,11.5,11.56,11.13,11.3,,19895224.0
2023-05-31,11.34,11.52,11.22,11.28,,35649998.0
2023-06-01,11.3,11.61,10.9,11.35,,20502993.0
2023-06-02,11.53,11.85,11.44,11.75,,19218580.0
2023-06-05,11.75,11.88,11.47,11.63,,15053800.0
2023-06-06,11.54,12.2,11.54,12.1,,18359783.0
2023-06-07,12.12,13.34,12.12,13.12,,47243074.0
2023-06-08,13.12,14.21,13.09,14.02,,43180978.0
2023-06-09,14.11,14.17,13.6,13.84,,25206138.0
2023-06-12,13.92,14.23,13.81,13.97,,16929078.0
2023-06-13,14.12,14.48,13.75,13.79,,19999549.0
2023-06-14,13.85,14.14,13.5,13.67,,26279978.0
2023-06-15,13.61,13.62,12.85,13.13,,43427088.0
2023-06-16,13.09,13.11,12.58,12.8,,46121367.0
2023-06-20,12.65,12.74,12.15,12.19,,30172592.0
2023-06-21,12.19,12.48,12.06,12.37,,27539213.0
2023-06-22,12.37,12.41,12.02,12.09,,19142263.0
2023-06-23,11.94,11.97,11.66,11.79,,57397632.0
2023-06-26,11.79,12.0,11.6,11.78,,27227345.0
2023-06-27,11.83,12.44,11.78,12.27,,31123876.0
2023-06-28,12.27,12.49,12.13,12.45,,17592492.0
2023-06-29,12.3,12.5,12.23,12.42,,13587781.0
2023-06-30,12.53,12.58,12.4,12.54,,17333561.0
2023-07-03,12.52,13.03,12.51,13.01,,11593058.0
2023-07-05,12.87,13.04,12.54,12.83,,14367612.0
2023-07-06,12.64,12.7,12.4,12.67,,14082487.0
2023-07-07,12.25,12.81,12.25,12.54,,13785206.0
2023-07-10,12.51,13.03,12.44,12.95,,15047925.0
2023-07-11,12.94,13.34,12.91,13.3,,16808516.0
2023-07-12,13.5,13.59,13.07,13.16,,14585581.0
2023-07-13,13.23,13.27,12.55,13.1,,22969566.0
2023-07-14,13.05,13.09,12.37,12.4,,18790457.0
2023-07-17,12.36,12.36,12.13,12.31,,17472131.0
2023-07-18,12.33,13.05,12.32,12.77,,20815487.0
2023-07-19,12.84,13.36,12.83,13.28,,19700891.0
2023-07-20,13.16,13.42,13.04,13.11,,15620932.0
2023-07-21,13.24,13.39,12.87,12.93,,40095361.0
2023-07-24,13.01,13.11,12.56,12.61,,16756289.0
2023-07-25,12.58,12.79,12.41,12.53,,15816529.0
2023-07-26,12.55,12.81,12.47,12.76,,12544464.0
2023-07-27,13.0,13.02,12.24,12.29,,16434577.0
2023-07-28,12.55,12.86,12.45,12.79,,16138252.0
2023-07-31,12.86,13.26,12.82,13.07,,13448492.0
2023-08-01,13.02,13.09,12.72,12.87,,12676646.0
2023-08-02,12.7,12.8,12.46,12.55,,19885501.0
2023-08-03,12.47,13.01,12.12,12.89,,34187577.0
2023-08-04,12.94,14.04,12.76,13.97,,32466443.0
2023-08-07,14.09,14.5,13.84,14.47,,29361171.0
2023-08-08,14.3,14.5,13.75,14.42,,24606813.0
2023-08-09,14.55,14.76,14.11,14.11,,16817286.0
2023-08-10,14.28,14.52,14.06,14.12,,12214348.0
2023-08-11,14.01,14.27,13.68,13.7,,11566377.0
2023-08-14,13.55,13.81,13.41,13.53,,11363525.0
2023-08-15,13.37,13.56,13.13,13.42,,8989493.0
2023-08-16,13.26,13.47,13.15,13.19,,8721016.0
2023-08-17,13.2,13.29,12.75,12.76,,14732761.0
2023-08-18,12.64,12.83,12.53,12.78,,10901983.0
2023-08-21,12.77,12.8,12.5,12.65,,10927770.0
2023-08-22,12.63,12.79,12.46,12.54,,10053210.0
2023-08-23,12.57,12.79,12.52,12.7,,8524251.0
2023-08-24,12.63,12.82,12.48,12.7,,14044801.0
2023-08-25,12.66,12.8,11.95,12.27,,18873992.0
2023-08-28,12.31,12.8,12.31,12.79,,15302707.0
2023-08-29,12.83,13.04,12.71,12.95,,11313289.0
2023-08-30,12.97,13.13,12.88,13.11,,9543396.0
2023-08-31,13.1,13.31,13.1,13.14,,13170182.0
2023-09-01,12.78,12.84,11.34,11.56,,62845901.0
2023-09-05,11.59,11.96,11.34,11.64,,25835263.0
2023-09-06,11.53,11.58,11.1,11.49,,23007728.0
2023-09-07,11.39,11.43,10.85,11.03,,28265648.0
2023-09-08,11.08,11.4,11.0,11.32,,28276494.0
2023-09-11,11.41,12.04,11.25,11.58,,37363023.0
2023-09-12,11.72,11.85,11.28,11.33,,26268834.0
2023-09-13,11.36,11.47,11.22,11.41,,12547096.0
2023-09-14,11.61,11.77,11.42,11.73,,16870589.0
2023-09-15,11.75,12.18,11.69,11.84,,30316113.0
2023-09-18,11.88,11.96,11.57,11.66,,13642730.0
2023-09-19,11.66,11.75,11.53,11.64,,10709591.0
2023-09-20,11.68,11.83,11.49,11.5,,10695016.0
2023-09-21,11.51,11.93,11.45,11.51,,17361479.0
2023-09-22,11.51,11.61,11.01,11.1,,22925676.0
2023-09-25,11.15,11.18,10.62,10.66,,22405085.0
2023-09-26,10.57,10.81,10.43,10.69,,21457864.0
2023-09-27,10.76,11.12,10.76,11.03,,20955284.0
2023-09-28,11.08,11.1,10.66,10.69,,17806298.0
2023-09-29,10.77,11.07,10.77,10.86,,19127098.0
2023-10-02,10.8,10.88,10.34,10.51,,18332010.0
2023-10-03,10.39,10.74,10.3,10.35,,20757065.0
2023-10-04,10.38,10.4,9.99,10.29,,17845199.0
2023-10-05,10.2,10.31,9.88,10.09,,22760338.0
2023-10-06,10.0,10.42,9.95,10.28,,21052683.0
2023-10-09,10.13,10.56,10.06,10.53,,15518571.0
2023-10-10,10.55,10.77,10.44,10.67,,26641842.0
2023-10-11,10.68,10.96,10.68,10.96,,18216204.0
2023-10-12,10.96,10.99,10.26,10.32,,14748393.0
2023-10-13,10.29,10.45,10.15,10.37,,15410981.0
2023-10-16,10.45,10.96,10.3,10.9,,17824325.0
2023-10-17,10.82,11.04,10.79,10.92,,13479300.0
2023-10-18,10.79,10.85,10.56,10.58,,12669659.0
2023-10-19,10.71,10.76,10.33,10.39,,14654954.0
2023-10-20,10.39,10.61,10.26,10.33,,14212214.0
2023-10-23,10.26,10.4,10.11,10.14,,14015230.0
2023-10-24,10.19,10.47,10.05,10.08,,17892676.0
2023-10-25,10.01,10.18,9.72,9.73,,32193681.0
2023-10-26,9.7,9.97,9.57,9.8,,18682712.0
2023-10-27,9.8,9.91,9.53,9.55,,15161986.0
2023-10-30,9.65,9.97,9.63,9.85,,18128400.0
2023-10-31,9.89,10.11,9.8,9.94,,23004228.0
2023-11-01,9.97,10.21,9.84,10.08,,20037548.0
2023-11-02,10.28,11.1,10.25,11.08,,29635195.0
2023-11-03,11.4,11.88,11.38,11.77,,25064608.0
2023-11-06,11.61,11.77,11.25,11.45,,20804791.0
2023-11-07,11.45,11.71,11.35,11.61,,24405125.0
2023-11-08,10.19,10.33,9.38,9.4,,80193407.0
2023-11-09,9.67,9.83,9.27,9.64,,39753878.0
2023-11-10,9.68,10.2,9.6,10.13,,34529434.0
2023-11-13,10.01,10.07,9.63,9.89,,18631307.0
2023-11-14,10.29,10.85,10.27,10.44,,27971282.0
2023-11-15,10.44,10.64,10.38,10.56,,21896945.0
2023-11-16,10.54,10.65,9.97,10.32,,21984293.0
2023-11-17,10.44,10.78,10.28,10.71,,18723214.0
2023-11-20,10.78,10.82,10.54,10.74,,18734402.0
2023-11-21,10.59,10.68,10.48,10.58,,10220088.0
2023-11-22,10.67,10.75,10.6,10.66,,12171343.0
2023-11-24,10.62,10.95,10.61,10.85,,6786104.0
2023-11-27,10.76,10.94,10.69,10.78,,17049576.0
2023-11-28,10.73,10.79,10.5,10.62,,32676736.0
2023-11-29,10.72,10.91,10.55,10.78,,24145047.0
2023-11-30,10.77,10.83,10.38,10.45,,27490105.0
2023-12-01,10.48,11.52,10.36,11.33,,32077857.0
2023-12-04,11.24,11.44,11.16,11.39,,20425180.0
2023-12-05,11.23,11.3,10.78,10.87,,19524292.0
2023-12-06,11.03,11.28,10.88,10.92,,15770820.0
2023-12-07,10.95,11.09,10.73,10.82,,17099956.0
2023-12-08,11.0,11.68,11.0,11.47,,27965577.0
2023-12-11,11.62,11.74,11.14,11.43,,21970777.0
2023-12-12,11.45,11.48,11.15,11.23,,16669431.0
2023-12-13,11.16,11.88,11.06,11.88,,23694225.0
2023-12-14,12.11,12.7,12.08,12.49,,35317286.0
2023-12-15,12.53,12.68,12.18,12.26,,43112685.0
2023-12-18,12.32,12.34,11.94,11.97,,19202840.0
2023-12-19,11.94,12.44,11.94,12.36,,17230812.0
2023-12-20,12.32,12.57,11.48,11.66,,36623043.0
2023-12-21,11.81,11.84,10.92,11.49,,46101302.0
2023-12-22,11.5,11.63,11.21,11.27,,21560812.0
2023-12-26,11.27,11.56,11.17,11.5,,17934477.0
2023-12-27,11.47,11.56,11.29,11.49,,20685627.0
2023-12-28,11.44,11.74,11.43,11.69,,16578630.0
2023-12-29,11.55,11.65,11.32,11.38,,20267524.0
2024-01-02,11.32,12.0,11.27,11.66,,26264979.0
2024-01-03,11.48,11.56,11.18,11.3,,20179621.0
2024-01-04,11.31,11.38,11.18,11.35,,19777834.0
2024-01-05,11.27,11.53,11.12,11.2,,20100015.0
2024-01-08,11.22,11.49,11.15,11.4,,17424173.0
2024-01-09,11.23,11.26,10.97,11.03,,20173657.0
2024-01-10,10.99,11.16,10.82,10.97,,16741464.0
2024-01-11,10.76,10.76,10.42,10.54,,22352748.0
2024-01-12,10.67,10.74,10.48,10.65,,16865542.0
2024-01-16,10.52,10.57,10.28,10.35,,15792575.0
2024-01-17,10.11,10.27,10.04,10.16,,15385294.0
2024-01-18,10.18,10.32,10.18,10.28,,13386588.0
2024-01-19,10.29,10.37,10.01,10.35,,18340264.0
2024-01-22,10.38,10.66,10.34,10.47,,14255209.0
2024-01-23,10.65,10.73,10.44,10.54,,15646935.0
2024-01-24,10.72,10.75,10.35,10.41,,15852510.0
2024-01-25,10.6,10.87,10.39,10.58,,21361946.0
2024-01-26,10.59,10.66,10.47,10.62,,12071894.0
2024-01-29,10.39,10.5,10.25,10.49,,24543797.0
2024-01-30,10.4,10.43,10.05,10.1,,23542231.0
2024-01-31,10.23,10.39,10.02,10.02,,26018369.0
2024-02-01,10.06,10.51,10.05,10.46,,41932271.0
2024-02-02,10.37,10.37,10.13,10.25,,16110550.0
2024-02-05,10.13,10.2,10.0,10.07,,15338405.0
2024-02-06,10.06,10.25,10.01,10.07,,14314985.0
2024-02-07,10.35,10.35,9.63,9.75,,33500247.0
2024-02-08,9.87,9.97,9.65,9.83,,19677386.0
2024-02-09,9.83,9.89,9.57,9.64,,22852521.0
2024-02-12,9.59,10.03,9.56,9.96,,23498450.0
2024-02-13,9.68,9.74,9.43,9.54,,24024678.0
2024-02-14,9.68,9.79,9.55,9.73,,27908431.0
2024-02-15,9.73,10.15,9.72,10.14,,26449461.0
2024-02-16,10.02,10.12,9.8,9.83,,19863429.0
2024-02-20,9.76,10.05,9.71,9.89,,24259548.0
2024-02-21,9.93,9.95,9.53,9.57,,26018096.0
2024-02-22,9.66,9.67,9.51,9.56,,31559696.0
2024-02-23,8.65,8.75,8.25,8.61,,98206933.0
2024-02-26,8.78,8.86,8.43,8.55,,35389799.0
2024-02-27,8.59,8.75,8.45,8.7,,31750924.0
2024-02-28,8.55,8.73,8.47,8.71,,29823494.0
2024-02-29,8.82,8.98,8.67,8.79,,40314670.0
2024-03-01,8.8,8.84,8.62,8.67,,28596256.0
2024-03-04,8.6,8.62,8.1,8.11,,52169563.0
2024-03-05,8.06,8.31,8.02,8.14,,33736427.0
2024-03-06,8.22,8.46,8.17,8.41,,33233567.0
2024-03-07,8.46,8.77,8.45,8.74,,33243196.0
2024-03-08,8.77,8.83,8.65,8.73,,19626485.0
2024-03-11,8.76,9.25,8.7,9.07,,35568199.0
2024-03-12,9.17,9.28,8.82,8.86,,26249788.0
2024-03-13,8.89,9.04,8.82,8.85,,19892407.0
2024-03-14,8.8,8.85,8.41,8.53,,26380712.0
2024-03-15,8.53,8.66,8.51,8.54,,50377884.0
2024-03-18,8.6,8.6,8.39,8.48,,29617536.0
2024-03-19,8.44,8.53,8.4,8.5,,18367257.0
2024-03-20,8.44,8.8,8.41,8.74,,23341885.0
2024-03-21,8.91,9.05,8.71,8.72,,46855560.0
2024-03-22,8.72,8.77,8.44,8.44,,28546181.0
2024-03-25,8.5,8.52,8.35,8.46,,28115565.0
2024-03-26,8.51,8.53,8.27,8.38,,26997404.0
2024-03-27,8.43,8.66,8.43,8.64,,27785030.0
2024-03-28,8.66,8.77,8.63,8.73,,17557512.0
2024-04-01,8.8,8.8,8.6,8.79,,22852243.0
2024-04-02,8.58,8.68,8.37,8.48,,24455082.0
2024-04-03,8.52,8.78,8.41,8.73,,31267437.0
2024-04-04,8.72,8.85,8.43,8.44,,28718865.0
2024-04-05,8.4,8.48,8.16,8.32,,35155253.0
2024-04-08,8.31,8.57,8.27,8.52,,29667797.0
2024-04-09,8.52,8.84,8.51,8.69,,26128107.0
2024-04-10,8.48,8.52,8.22,8.32,,36508946.0
2024-04-11,8.37,8.58,8.21,8.54,,36373410.0
2024-04-12,8.43,8.5,8.32,8.34,,23431154.0
2024-04-15,8.38,8.52,8.35,8.36,,27258898.0
2024-04-16,8.33,8.34,8.06,8.14,,33900580.0
2024-04-17,8.23,8.35,8.17,8.23,,19760845.0
2024-04-18,8.25,8.39,8.19,8.31,,22111487.0
2024-04-19,8.33,8.5,8.29,8.4,,26352808.0
2024-04-22,8.44,8.49,8.3,8.47,,16314421.0
2024-04-23,8.32,8.63,8.27,8.44,,25151137.0
2024-04-24,8.35,8.4,8.26,8.38,,20324163.0
2024-04-25,8.28,8.34,8.12,8.29,,24682142.0
2024-04-26,8.19,8.2,8.06,8.11,,19754363.0
2024-04-29,8.18,8.29,8.11,8.15,,17655387.0
2024-04-30,8.07,8.12,7.35,7.36,,83395813.0
2024-05-01,7.35,7.81,7.34,7.62,,43588109.0
2024-05-02,7.67,8.01,7.65,7.95,,36795747.0
2024-05-03,7.99,8.28,7.91,7.97,,35712311.0
2024-05-06,8.07,8.08,7.91,7.96,,29714170.0
2024-05-07,7.95,8.04,7.76,7.77,,25168883.0
2024-05-08,7.72,7.93,7.61,7.8,,30591532.0
2024-05-09,7.57,8.07,7.51,8.04,,52041434.0
2024-05-10,8.15,8.4,8.09,8.15,,35600500.0
2024-05-13,8.3,8.59,8.25,8.38,,28369385.0
2024-05-14,8.49,8.68,8.44,8.56,,30873736.0
2024-05-15,8.69,8.7,8.15,8.2,,33133107.0
2024-05-16,8.24,8.29,8.0,8.23,,25945216.0
2024-05-17,8.22,8.22,8.02,8.05,,21230745.0
2024-05-20,8.05,8.12,7.99,8.09,,18270909.0
2024-05-21,8.09,8.11,7.88,7.89,,37074630.0
2024-05-22,7.87,8.08,7.75,8.06,,36801040.0
2024-05-23,8.06,8.07,7.68,7.7,,37917218.0
2024-05-24,7.74,7.78,7.63,7.72,,23370921.0
2024-05-28,7.73,7.91,7.64,7.87,,29957459.0
2024-05-29,7.75,7.87,7.62,7.66,,21184544.0
2024-05-30,7.69,8.13,7.61,8.08,,40553599.0
2024-05-31,8.16,8.57,8.11,8.24,,60338297.0
2024-06-03,8.46,8.54,8.22,8.33,,23507776.0
2024-06-04,8.29,8.38,8.18,8.24,,21686045.0
2024-06-05,8.27,8.37,8.08,8.3,,23190407.0
2024-06-06,8.24,8.58,8.17,8.34,,29863411.0
2024-06-07,8.22,8.33,8.16,8.27,,14029031.0
2024-06-10,8.2,8.26,8.05,8.12,,15619043.0
2024-06-11,8.06,8.19,7.97,8.04,,20703131.0
2024-06-12,8.18,8.27,7.75,7.81,,28802980.0
2024-06-13,7.77,7.79,7.27,7.29,,48602099.0
2024-06-14,7.29,7.38,7.21,7.24,,22879072.0
2024-06-17,7.22,7.24,7.11,7.16,,24107356.0
2024-06-18,7.14,7.27,6.96,6.99,,24310331.0
2024-06-20,6.99,7.16,6.94,7.04,,32441762.0
2024-06-21,7.08,7.26,7.04,7.18,,56623912.0
2024-06-24,7.2,7.37,7.08,7.31,,21739623.0
2024-06-25,7.23,7.26,7.1,7.24,,16322572.0
2024-06-26,7.17,7.27,7.13,7.25,,18858904.0
2024-06-27,7.25,7.37,7.2,7.35,,16337690.0
2024-06-28,7.4,7.5,7.34,7.44,,36956362.0
2024-07-01,7.43,7.46,7.08,7.1,,35145531.0
2024-07-02,7.11,7.28,7.1,7.2,,22237598.0
2024-07-03,7.29,7.45,7.2,7.23,,15706121.0
2024-07-05,7.2,7.22,7.07,7.21,,29115472.0
2024-07-08,7.27,7.29,7.08,7.11,,18507388.0
2024-07-09,7.1,7.36,6.98,7.34,,29197778.0
2024-07-10,7.32,7.34,7.17,7.32,,20930731.0
2024-07-11,7.42,7.43,7.27,7.38,,19721226.0
2024-07-12,7.43,7.51,7.37,7.4,,18025127.0
2024-07-15,7.34,7.45,7.21,7.42,,19098347.0
2024-07-16,7.38,7.98,7.38,7.98,,38634657.0
2024-07-17,7.92,8.36,7.92,8.32,,46205647.0
2024-07-18,8.76,8.9,8.51,8.52,,59338546.0
2024-07-19,8.5,8.77,8.38,8.67,,38058857.0
2024-07-22,8.65,8.67,8.22,8.55,,26742494.0
2024-07-23,8.49,8.68,8.45,8.62,,19656043.0
2024-07-24,8.61,8.75,8.46,8.47,,23826920.0
2024-07-25,7.99,8.14,7.71,7.99,,31997904.0
2024-07-26,8.1,8.37,8.03,8.31,,22906845.0
2024-07-29,8.26,8.48,8.2,8.42,,19592891.0
2024-07-30,8.41,8.94,8.37,8.78,,39421598.0
2024-07-31,8.8,8.85,8.55,8.65,,27937723.0
2024-08-01,8.6,8.64,8.25,8.38,,28857309.0
2024-08-02,8.32,8.49,8.1,8.27,,40691681.0
2024-08-05,7.86,8.09,7.59,7.88,,38970766.0
2024-08-06,7.87,7.88,7.39,7.57,,45303884.0
2024-08-07,7.71,7.87,7.66,7.71,,46913020.0
2024-08-08,6.76,7.21,6.73,7.02,,71263380.0
2024-08-09,7.04,7.12,6.91,7.03,,40966338.0
2024-08-12,6.94,6.98,6.66,6.71,,48832647.0
2024-08-13,6.67,7.13,6.64,7.06,,37431886.0
2024-08-14,7.01,7.02,6.85,6.96,,26052063.0
2024-08-15,7.02,7.28,6.99,7.24,,41894441.0
2024-08-16,7.28,7.45,7.27,7.41,,34364385.0
2024-08-19,7.44,7.64,7.36,7.63,,24775987.0
2024-08-20,7.6,7.82,7.54,7.77,,41412860.0
2024-08-21,7.8,7.82,7.57,7.68,,26271661.0
2024-08-22,7.7,7.72,7.49,7.5,,27670336.0
2024-08-23,7.6,8.07,7.54,8.05,,30980083.0
2024-08-26,8.1,8.44,8.09,8.23,,36074453.0
2024-08-27,8.2,8.23,7.88,8.11,,38342526.0
2024-08-28,8.12,8.12,7.94,7.97,,18690309.0
2024-08-29,8.05,8.07,7.71,7.73,,25703828.0
2024-08-30,7.77,7.86,7.68,7.84,,25025142.0
2024-09-03,7.8,7.88,7.34,7.36,,33731341.0
2024-09-04,7.39,7.57,7.31,7.32,,21986206.0
2024-09-05,7.37,7.57,7.22,7.42,,26926385.0
2024-09-06,7.42,7.61,7.08,7.22,,36949360.0
2024-09-09,7.26,7.42,7.02,7.3,,44331463.0
2024-09-10,7.3,7.3,6.91,7.02,,26361050.0
2024-09-11,7.0,7.0,6.78,6.94,,29339109.0
2024-09-12,7.14,7.72,7.08,7.66,,60853855.0
2024-09-13,7.76,8.5,7.75,8.49,,57716615.0
2024-09-16,8.5,8.68,8.4,8.56,,48518694.0
2024-09-17,8.67,8.85,8.36,8.45,,30153031.0
2024-09-18,8.49,8.79,8.4,8.42,,30047844.0
2024-09-19,8.62,8.74,8.31,8.4,,24456556.0
2024-09-20,8.3,8.41,8.19,8.24,,47442204.0
2024-09-23,8.19,8.22,8.01,8.16,,21694973.0
2024-09-24,8.17,8.35,8.11,8.32,,31808469.0
2024-09-25,8.26,8.34,8.13,8.19,,29708239.0
2024-09-26,8.24,8.49,8.15,8.3,,19551952.0
2024-09-27,8.38,8.49,8.29,8.38,,22614579.0
2024-09-30,8.36,8.39,8.09,8.25,,23954570.0
2024-10-01,8.24,8.34,8.12,8.16,,25439297.0
2024-10-02,8.13,8.24,7.91,7.97,,24302228.0
2024-10-03,7.85,7.91,7.62,7.74,,30586806.0
2024-10-04,7.87,7.99,7.68,7.78,,21051965.0
2024-10-07,7.7,7.91,7.63,7.72,,20677551.0
2024-10-08,7.64,7.77,7.57,7.72,,21516451.0
2024-10-09,7.68,7.88,7.64,7.73,,15583689.0
2024-10-10,7.65,7.7,7.49,7.54,,21086726.0
2024-10-11,7.58,7.71,7.51,7.52,,19385650.0
2024-10-14,7.49,7.57,7.35,7.54,,19693549.0
2024-10-15,7.53,7.83,7.51,7.6,,25360744.0
2024-10-16,7.65,8.03,7.63,8.0,,24057981.0
2024-10-17,7.95,8.01,7.65,7.78,,27109032.0
2024-10-18,7.78,7.92,7.74,7.82,,16790728.0
2024-10-21,7.7,7.87,7.52,7.55,,28057136.0
2024-10-22,7.55,7.63,7.52,7.53,,18291181.0
2024-10-23,7.51,7.54,7.25,7.33,,23369290.0
2024-10-24,7.35,7.59,7.35,7.52,,18620696.0
2024-10-25,7.59,7.79,7.55,7.6,,19081774.0
2024-10-28,7.67,7.77,7.58,7.61,,17452814.0
2024-10-29,7.53,7.71,7.49,7.55,,16873921.0
2024-10-30,7.52,7.84,7.5,7.77,,25756196.0
2024-10-31,7.95,8.35,7.85,8.13,,47646377.0
2024-11-01,8.03,8.24,7.98,8.23,,26744978.0
2024-11-04,8.24,8.41,8.02,8.17,,28957356.0
2024-11-05,8.15,8.25,8.03,8.21,,22988066.0
2024-11-06,8.53,8.59,8.33,8.38,,44114643.0
2024-11-07,9.02,9.8,8.83,9.37,,72314840.0
2024-11-08,9.32,9.33,8.86,9.18,,52663437.0
2024-11-11,9.22,9.54,9.15,9.33,,39896816.0
2024-11-12,9.26,9.26,9.08,9.22,,35222443.0
2024-11-13,9.39,9.89,9.3,9.72,,46976900.0
2024-11-14,9.74,9.95,9.71,9.86,,33526942.0
2024-11-15,9.87,9.88,9.1,9.22,,37874617.0
2024-11-18,9.45,9.76,9.36,9.47,,32338064.0
2024-11-19,9.29,9.59,9.05,9.5,,32289275.0
2024-11-20,9.51,10.04,9.46,9.95,,43428432.0
2024-11-21,9.97,10.3,9.92,10.23,,38932167.0
2024-11-22,10.23,10.39,10.09,10.11,,27340503.0
2024-11-25,10.21,10.46,10.1,10.4,,40833574.0
2024-11-26,10.35,10.44,10.07,10.11,,27346620.0
2024-11-27,10.18,10.47,10.18,10.38,,26060091.0
2024-11-29,10.4,10.51,10.31,10.48,,11576774.0
2024-12-02,10.48,10.61,10.28,10.56,,25625776.0
2024-12-03,10.5,10.6,10.37,10.55,,21156689.0
2024-12-04,10.51,10.7,10.44,10.65,,24335346.0
2024-12-05,10.63,10.83,10.61,10.68,,24541948.0
2024-12-06,10.74,10.82,10.57,10.66,,20606952.0
2024-12-09,10.8,11.29,10.52,10.56,,46974918.0
2024-12-10,10.65,11.05,10.54,10.89,,29114996.0
2024-12-11,10.91,10.99,10.72,10.82,,24134488.0
2024-12-12,11.4,12.7,11.4,12.49,,84908786.0
2024-12-13,12.31,12.66,11.99,12.07,,36587812.0
2024-12-16,12.02,12.17,11.55,11.6,,30406341.0
2024-12-17,11.44,11.72,11.21,11.35,,33243618.0
2024-12-18,11.25,11.35,10.59,10.63,,36163227.0
2024-12-19,10.7,10.84,10.42,10.49,,30391983.0
2024-12-20,10.43,10.79,10.38,10.69,,52771187.0
2024-12-23,10.64,10.7,10.39,10.44,,17355427.0
2024-12-24,10.41,10.6,10.35,10.55,,8487132.0
2024-12-26,10.47,10.7,10.36,10.62,,13569740.0
2024-12-27,10.52,10.65,10.43,10.61,,16494391.0
2024-12-30,10.52,10.62,10.31,10.51,,17569864.0
